08-10-20_David_4K.lion_below_orange_chair.0000000001 [ 2384.992962 4382.161636 0.0 0.0 52363.765133 1309.500256 5611.50589 0.0 0.0 837.888737 5423.897552 0.0 0.0 73566.871883 514.356022 6415.646057 0.0 0.0 79349.824011 405.543022 5529.571075 0.0 0.0 78812.207942 -2546.499195 4409.191055 0.0 0.0 -1819.29781 6155.798645 0.0 0.0 90800.834764 -1687.002583 6886.240845 0.0 0.0 -0.002485 98506.989152 -1258.580036 7721.256409 0.0 0.0 2034.085635 -671.604481 6795.727844 0.0 0.0
2392.12492 4400.950165 2.255249 5.375443 53626.683276 1297.174282 5609.82605 -17.202682 -15.092926 830.403805 5456.894684 -12.361641 19.584045 75371.642322 487.295818 6443.843994 -31.936913 14.784851 80510.139938 380.734596 5593.87619 -29.685135 50.892029 84169.946471 -2543.442554 4440.47493 -1.820068 17.870789 -1812.250233 6169.795227 2.170868 0.583496 90833.836737 -1670.745869 6909.751282 11.380005 10.097351 7.822699 99018.679369 -1245.772724 7756.760864 7.930603 22.09137 2155.281798 -652.537556 6821.113892 14.190216 11.972961
2410.704575 4423.805923 9.117126 11.034775 56266.371232 1288.909149 5585.588074 -17.727661 -36.05896 824.175644 5518.16864 -15.690689 49.452972 80026.328154 470.610943 6501.320801 -26.147404 45.655823 84146.370827 368.699255 5656.557465 -21.497869 50.860291 89700.352341 -2541.969223 4463.670731 -7.989197 11.374817 -1791.748428 6202.58728 11.039276 20.971069 92023.920555 -1673.923416 6927.930603 -12.640076 6.358337 -0.133271 99341.572647 -1233.506241 7755.720825 2.803955 -12.861023 2198.97122 -643.467407 6832.814636 -0.39238 -0.120239
2410.683079 4423.808594 -0.010529 0.003281 56267.165442 1288.872852 5585.565643 -0.02533 -0.02182 824.151402 5518.130646 -0.013275 -0.037384 80022.756768 470.536728 6501.274109 -0.063248 -0.046082 84142.660201 368.679132 5656.526947 -0.009155 -0.029907 89697.048611 -2541.971951 4463.67012 0.00824 0.0 -1791.756039 6202.583313 0.003357 -0.003357 92023.729433 -1673.933468 6927.924194 0.000916 -0.005798 -0.133104 99341.277952 -1233.518124 7755.713501 -0.000916 -0.006714 2198.956883 -643.477077 6832.809753 0.001297 -0.004272
2410.660152 4423.806458 -0.012817 0.001526 56267.534843 1288.834896 5585.532532 -0.027847 -0.029449 824.132786 5518.075104 -0.008507 -0.05188 80017.800691 470.441303 6501.204529 -0.085316 -0.065918 84137.352427 368.669729 5656.474304 0.000706 -0.048981 89691.638041 -2541.964664 4463.676147 0.017395 0.009689 -1791.742954 6202.574158 0.023193 -0.005493 92023.416688 -1673.917637 6927.907715 0.02594 -0.012817 -0.128411 99340.626524 -1233.499851 7755.691223 0.028381 -0.018616 2199.401342 -643.462238 6832.792358 0.024948 -0.013733
2410.660152 4423.806458 0.0 0.0 56267.534843 1288.834896 5585.532532 0.0 0.0 824.132786 5518.075104 0.0 0.0 80017.800691 470.441303 6501.204529 0.0 0.0 84137.352427 368.669729 5656.474304 0.0 0.0 89691.638041 -2541.964664 4463.676147 0.0 0.0 -1791.742954 6202.574158 0.0 0.0 92023.416688 -1673.917637 6927.907715 0.0 0.0 -0.128411 99340.626524 -1233.499851 7755.691223 0.0 0.0 2199.401342 -643.462238 6832.792358 0.0 0.0
2382.359409 4427.966995 -3.890686 9.505692 58592.309758 1254.123249 5549.410858 -10.30159 -30.77652 788.42226 5538.78952 -11.300468 26.05957 82526.590842 428.857365 6516.450806 -17.173882 20.591431 85803.534848 338.188677 5692.062836 -6.070995 40.933685 94270.22559 -2565.858364 4459.724808 0.516357 1.393814 -1802.380428 6220.564575 13.772583 23.335571 93356.78424 -1709.48019 6932.906799 -11.152496 10.344238 -9.911115 99867.055067 -1252.935696 7741.802368 4.974213 -8.543701 2277.992585 -664.376965 6830.453186 3.495331 3.005981
2381.567097 4429.178696 0.520935 -0.283661 58522.254583 1248.557911 5554.261627 -4.25209 3.355408 787.664928 5546.112366 0.555916 5.827484 83092.908657 421.752472 6521.938782 -5.791645 3.992615 86128.493355 334.534454 5673.554077 -2.340975 -20.00412 92018.449748 -2568.008099 4462.570953 -0.836487 1.350784 -1806.521587 6224.278564 -2.827911 2.218628 93484.053328 -1710.80946 6937.010193 -0.016022 2.608032 -9.936366 100000.0 -1251.862621 7746.684875 2.386322 3.387146 2316.185525 -664.26115 6833.041992 1.429062 1.093445
2381.567097 4429.178696 0.0 0.0 58522.254583 1248.557911 5554.261627 0.0 0.0 787.664928 5546.112366 0.0 0.0 83092.908657 421.752472 6521.938782 0.0 0.0 86128.493355 334.534454 5673.554077 0.0 0.0 92018.449748 -2568.008099 4462.570953 0.0 0.0 -1806.521587 6224.278564 0.0 0.0 93484.053328 -1710.80946 6937.010193 0.0 0.0 -9.936366 100000.0 -1251.862621 7746.684875 0.0 0.0 2316.185525 -664.26115 6833.041992 0.0 0.0
2381.567097 4429.178696 0.0 0.0 58522.254583 1248.557911 5554.261627 0.0 0.0 787.664928 5546.112366 0.0 0.0 83092.908657 421.752472 6521.938782 0.0 0.0 86128.493355 334.534454 5673.554077 0.0 0.0 92018.449748 -2568.008099 4462.570953 0.0 0.0 -1806.521587 6224.278564 0.0 0.0 93484.053328 -1710.80946 6937.010193 0.0 0.0 -9.936366 100000.0 -1251.862621 7746.684875 0.0 0.0 2316.185525 -664.26115 6833.041992 0.0 0.0
2334.274282 4436.996002 1.846008 2.279282 59086.348751 1230.618811 5539.134369 31.199722 -20.665283 714.134398 5555.511475 -24.391708 3.861084 83469.197288 367.182627 6527.95929 -5.431023 0.482483 86167.804184 269.339371 5682.577209 -16.056261 3.485107 92408.794978 -2586.896982 4474.18335 30.249939 6.074371 -1816.643991 6291.000977 39.016418 61.184387 97027.987285 -1780.367899 6971.867676 -20.419617 29.319458 -68.231886 101500.649971 -1289.624796 7730.178833 11.376648 -22.044067 2502.633291 -703.425303 6845.952148 9.97467 7.372131
2324.988823 4439.760056 5.210419 3.487015 59954.577921 1220.877953 5537.686462 4.75502 -0.724945 702.782173 5545.376129 3.143654 -9.412384 82553.386836 323.626995 6512.052307 -29.059753 -15.184021 84934.969607 252.038536 5649.058838 -2.804956 -32.79541 88768.27704 -2596.788979 4470.322647 4.603882 -3.137741 -1818.07621 6291.528931 13.06366 1.250916 97101.130811 -1792.474861 6975.420837 2.388916 4.276123 -58.716378 101720.447486 -1301.297646 7733.868408 2.823029 4.412537 2550.016446 -708.997307 6851.768799 8.923874 6.539612
2324.988823 4439.760056 0.0 0.0 59954.577921 1220.877953 5537.686462 0.0 0.0 702.782173 5545.376129 0.0 0.0 82553.386836 323.626995 6512.052307 0.0 0.0 84934.969607 252.038536 5649.058838 0.0 0.0 88768.27704 -2596.788979 4470.322647 0.0 0.0 -1818.07621 6291.528931 0.0 0.0 97101.130811 -1792.474861 6975.420837 0.0 0.0 -58.716378 101720.447486 -1301.297646 7733.868408 0.0 0.0 2550.016446 -708.997307 6851.768799 0.0 0.0
2324.988823 4439.760056 0.0 0.0 59954.577921 1220.877953 5537.686462 0.0 0.0 702.782173 5545.376129 0.0 0.0 82553.386836 323.626995 6512.052307 0.0 0.0 84934.969607 252.038536 5649.058838 0.0 0.0 88768.27704 -2596.788979 4470.322647 0.0 0.0 -1818.07621 6291.528931 0.0 0.0 97101.130811 -1792.474861 6975.420837 0.0 0.0 -58.716378 101720.447486 -1301.297646 7733.868408 0.0 0.0 2550.016446 -708.997307 6851.768799 0.0 0.0
2304.285793 4449.801941 4.19693 7.669144 61886.391539 1199.06744 5542.541656 3.089447 2.482452 683.077297 5548.322449 5.195084 0.573578 82609.050534 300.459595 6512.864075 1.732559 -1.560974 84808.733146 233.030643 5655.250549 5.892067 3.81897 89188.445573 -2616.393833 4463.425674 5.295105 -9.269714 -1835.095768 6284.787292 7.880402 -9.11438 96568.825963 -1810.292912 6971.864014 7.081909 -5.929565 -34.704939 101415.724912 -1321.172276 7734.165955 5.02533 -2.075195 2635.463713 -727.522144 6854.685364 6.375122 0.543823
2246.306319 4443.167953 0.286255 7.787094 63879.257707 1155.360885 5495.742798 14.559174 -32.377777 625.934958 5533.268127 1.12339 -0.63324 82547.597941 248.119788 6494.485779 5.925922 -3.957214 84489.132661 177.497344 5637.065125 2.73243 -3.764343 88774.280128 -2677.32039 4452.160797 -2.660828 3.156204 -1867.352128 6295.185852 26.009369 24.819641 98021.793797 -1883.9572 6965.993652 -15.39856 8.55072 -94.928171 101855.2953 -1392.967362 7698.795776 -13.529358 -20.949097 2408.62736 -793.891969 6842.186584 -8.104095 1.922302
2246.263218 4443.180389 0.007172 0.02037 63884.512317 1155.306187 5495.734558 -0.004425 -0.000305 625.882854 5533.24585 -0.001831 -0.014343 82546.206267 248.045635 6494.455872 -0.02388 -0.021973 84487.359746 177.452316 5637.030945 0.005245 -0.026245 88771.395937 -2677.34045 4452.147217 0.030212 -0.005646 -1867.373257 6295.162964 0.029144 -0.014954 98020.91513 -1883.976803 6965.963745 0.03067 -0.021973 -94.778726 101854.164524 -1392.987118 7698.761902 0.030518 -0.02594 2409.12754 -793.913021 6842.159729 0.029221 -0.018921
2230.481362 4455.815353 46.48468 16.177444 68125.754169 1126.300988 5489.014282 33.261337 -3.177795 530.550942 5526.058197 -33.065376 -3.645172 82192.90908 181.259427 6492.981262 -4.519672 2.067871 84654.292285 119.317355 5629.885864 4.131575 -3.6026 88375.935079 -2728.912406 4443.748245 10.69458 -4.856491 -1949.663596 6308.485413 -20.023804 16.864929 99014.391973 -1949.378257 6975.252075 -3.134918 12.830811 -110.663048 102515.54297 -1444.484916 7707.431641 10.768738 12.212219 2588.868221 -852.352118 6841.365967 3.827438 2.748718
2223.595862 4457.277145 2.418671 0.680237 68307.077968 1114.263511 5489.720306 -2.733307 -0.075531 515.89498 5527.192841 -5.351791 0.353088 82227.097953 175.542941 6490.114441 3.587685 -3.648376 84359.881748 98.533587 5631.754608 -11.479597 1.087189 88495.183816 -2735.333276 4443.418045 2.883301 -1.111755 -1964.162316 6289.71283 -5.19455 -19.554138 97862.962653 -1952.291284 6975.803528 6.391144 -0.230103 -79.582048 102503.66323 -1447.883019 7732.047119 5.906067 23.833923 2690.191804 -849.042916 6851.889648 12.613373 9.742126
2197.26675 4465.428543 1.819916 1.533051 68716.611191 1100.545559 5502.773285 14.431076 6.434631 456.549892 5534.114532 -31.19606 0.303345 82256.47592 145.417042 6510.131531 -1.976871 13.398743 85443.627655 81.45505 5640.787659 11.07049 2.414703 88760.329129 -2761.839237 4460.712891 1.643066 10.676498 -1992.204685 6319.474487 0.106659 23.143311 99226.468899 -1981.789341 6995.110779 -1.34903 12.688904 -85.716914 103159.793947 -1468.107548 7738.326111 7.9245 -0.339355 2829.198862 -873.339863 6860.270386 3.852081 1.76239
2202.301173 4460.612869 2.090149 -10.371094 65969.985395 1113.637004 5499.67392 10.147171 -8.654785 460.774837 5538.076782 1.28067 -1.59317 82102.241071 149.301639 6516.630249 0.940323 0.943298 85520.186163 87.69937 5646.426392 3.300047 0.083313 88769.484348 -2760.238042 4465.585709 -1.343079 -0.682602 -2021.817021 6339.705505 -32.55661 14.675598 100095.980668 -1984.483342 7010.978088 -5.638275 10.31189 -113.822928 103694.553402 -1456.587224 7757.09259 8.57605 13.21106 2983.580192 -872.809377 6864.679565 -2.413788 -1.14624
2211.762023 4474.952469 8.812256 2.450256 66613.844509 1084.770446 5547.852936 -29.515152 36.289673 475.704474 5550.075531 14.281044 0.109406 82112.827994 153.890052 6527.697449 3.939819 -0.822144 85453.458712 99.711289 5656.802063 11.363325 -1.513672 88603.221391 -2905.553803 4407.485352 -145.964355 -69.9897 -2282.511048 6190.276489 -261.342621 -161.318359 90746.373913 -3205.315766 5960.76767 -1221.481018 -1062.099762 -100000.0 55877.34736 -3592.496247 5774.822388 -2136.557617 -1994.159546 -91276.026155 -1771.007905 6573.201599 -898.847122 -303.36731
2193.190737 4491.401138 5.473785 4.590454 67828.504111 1097.278948 5520.21637 36.553574 -39.494781 436.43342 5562.263794 -15.225983 0.330048 82144.770085 122.277803 6545.728455 -7.567177 6.172791 85955.095785 77.814627 5664.152069 2.148409 -4.508209 88108.959309 -2807.920408 4508.540726 121.678467 89.197159 -2027.385588 6359.997864 279.170532 157.863159 99890.922763 -2868.367186 6058.609467 360.993652 85.983582 -51041.462425 59202.861174 -3514.558592 5817.026672 101.982727 30.346069 -81276.964969 -1629.518003 6636.872253 165.534973 51.812439
2187.074537 4494.171066 -2.900696 0.341034 67919.181522 1095.513487 5521.962128 1.450043 -0.683136 438.395414 5563.029633 5.177498 -1.663055 81983.882365 122.775221 6545.756531 3.712921 -2.400818 85759.816824 80.425034 5665.368805 5.825911 -1.212158 87976.298944 -2817.722521 4503.412018 -6.586609 -7.557602 -2030.376635 6342.514038 0.224457 -19.91272 98713.247825 -2871.467333 6036.2117 0.115356 -24.82666 -51028.424333 58232.791718 -3520.996141 5783.945465 -3.222046 -35.510101 -81584.004234 -1627.822313 6619.709473 4.911194 -19.591675
2344.25491 4556.206207 79.645844 -0.166397 67874.930681 911.806179 5586.885681 -261.241837 2.722015 626.860424 5634.962006 110.930481 9.730835 82927.503533 217.011639 6595.567322 16.701889 -12.390747 84755.502598 122.550865 5732.06955 -35.408697 4.499207 88469.201663 -3053.788456 4354.694061 -313.600464 -210.919495 -1833.835453 4160.393295 119.006653 -2244.322281 10728.74283 -2134.127506 3719.109206 659.805298 -2379.304032 -3701.682026 2448.445555 -2449.127964 3218.78727 994.333649 -2627.359734 -14305.375538 -1327.28928 3538.465595 222.998505 -3143.445415
2347.665389 4564.728546 13.65097 9.52179 70430.305909 836.873077 5551.147003 -64.692612 -34.739227 612.455276 5642.852631 -4.164658 8.890076 83794.314173 220.276435 6607.088928 13.505287 12.521057 85770.410351 111.647981 5730.357819 -0.662394 -0.71228 88391.077303 -3210.117509 4355.587234 -146.088562 1.892624 -1987.492692 3919.648857 -143.416748 -239.744987 6574.290222 -2149.370133 3042.427292 -5.002136 -675.682464 -3855.51045 -24.95573 -1725.069291 2259.420166 734.299164 -958.367653 9.005838 -1236.996095 3083.526497 100.533676 -453.939648
2382.089652 4560.619659 22.269745 12.177429 73767.186881 812.808036 5466.897125 -36.219559 -67.963562 645.234947 5609.417419 20.625153 -17.148895 82126.280424 241.092586 6580.317688 8.661633 -10.484924 84920.132264 107.970085 5737.293549 -15.832415 23.222046 90955.89685 -3287.598916 4333.281555 -89.635925 -6.019363 -1892.916604 3550.494661 82.42157 -352.86788 2301.016033 -1768.057595 2543.909531 369.15802 -482.231445 915.291571 -1925.085561 -1444.93763 1695.993652 267.977142 -547.140198 2279.600426 -1121.112633 3091.926193 103.728943 24.686012
2398.584368 4595.921021 2.666168 16.725922 78476.340325 860.134127 5582.89505 33.497543 97.422485 658.331416 5622.03598 -0.732079 -5.956879 81550.792742 254.157679 6595.020752 -0.763454 -3.872375 84607.171849 101.253064 5752.005005 -20.545568 -3.863983 90526.585187 -3172.090681 3863.542519 101.679688 -488.314476 -1570.831831 2734.051514 308.256226 -835.018587 -923.501156 -1337.366407 2221.302338 416.86264 -341.182632 18099.358081 -5095.656906 -863.939893 1409.940643 567.169189 -304.628448 20290.719309 -1003.326414 1983.472748 103.957672 -1127.028885
2372.209877 4597.431717 2.260132 -10.47966 75508.765276 799.467338 5537.27829 -32.032166 -57.607117 645.28788 5623.297424 15.591087 -10.728912 80519.388099 229.672245 6590.672302 4.149189 -16.338806 83293.052116 77.933458 5751.939697 5.315018 -12.055664 89193.656054 -3308.827416 3678.04198 -108.102112 -197.490895 -1628.641106 2358.786926 -29.174652 -387.254944 -4452.77689 -1396.325432 1970.831146 -30.324402 -262.461548 16115.81221 -8564.577799 -745.682732 1332.022858 146.891785 -89.908142 27879.662754 -874.751869 1699.759979 157.209167 -295.703125
2442.600985 4563.085251 8.959351 -11.304779 72371.665569 1031.115999 5618.609467 170.216904 104.372864 703.603258 5612.74353 -3.116379 12.487793 81720.505797 256.193419 6553.834229 -34.910583 -13.796387 82191.426842 136.573973 5709.739227 -2.791243 -19.158783 87095.712966 -3250.213652 3334.111404 -2.817993 -320.888889 -1691.027861 2218.926697 -123.818512 -116.818542 -6035.949317 -1355.308409 1294.622803 -20.414734 -653.166656 14845.285629 -21085.070944 -342.649412 1182.183533 341.601562 -126.797638 50180.171858 -553.217955 1513.548126 260.102158 -163.170166
2382.182751 4621.482162 -4.107971 10.987549 75419.825583 946.173992 5618.07312 -28.631744 -47.945709 649.650555 5666.412048 2.357559 6.259155 82325.877813 196.357613 6600.671692 -3.525543 -0.571899 82145.919645 88.141279 5748.964386 7.877569 -8.184204 86207.129395 -3365.183887 3280.821381 -58.659973 -100.699387 -1682.468891 2134.928436 64.869232 -131.407623 -8104.077821 -1320.48769 1189.812469 91.130981 -152.219696 20920.167552 -24799.889323 -283.118954 1186.339722 115.840721 -43.253174 59219.834096 -600.750523 1372.050934 8.777695 -188.906555
2405.819754 4632.075272 19.810486 21.450348 81551.757081 962.571616 5610.42099 12.571106 3.205109 640.914893 5638.50708 -12.56218 -17.047729 80682.301968 174.984546 6560.115662 -25.199585 -29.698792 79800.045247 61.855979 5741.869049 -30.111818 3.761902 86615.00455 -3276.461129 2743.646774 84.89624 -526.317368 -1466.589151 1558.893738 212.053223 -565.17746 -20465.835553 -1084.063134 623.887634 232.598038 -555.067596 41137.374083 -40897.981793 -338.154016 816.062622 -58.86158 -359.419861 54533.051662 -473.70131 1137.355347 123.222694 -223.838348
2364.61951 4592.450943 -20.001831 -4.407654 80272.196625 963.392627 5564.307404 22.019424 -10.896912 612.754848 5609.790344 -6.961632 6.499939 81307.007962 128.224952 6520.508728 -25.56118 -4.390259 79456.146704 86.792676 5700.766144 46.135111 -5.88623 85977.229452 -3354.941037 2376.707458 -57.281494 -331.722641 -1591.961911 1058.070679 -104.174347 -465.606384 -34876.053461 -829.958813 405.598145 275.302734 -183.072815 73816.393344 -47085.901271 -283.673356 561.265564 75.679073 -219.580383 60594.389315 -688.185666 903.638 -193.285942 -198.500671
2355.955584 4606.832275 0.614319 2.446518 80981.181697 951.297915 5571.090698 -2.816467 -5.15152 601.945498 5615.14389 -1.531105 -6.581268 80674.500704 114.34746 6525.9552 -4.599247 -6.488342 78949.260464 74.374278 5703.863678 -3.140154 -8.83728 85024.132372 -3356.570966 2279.948425 7.648315 -108.693848 -1569.218824 975.386047 32.021332 -94.619446 -38271.25134 -804.191587 323.656006 35.045471 -93.876953 78656.974396 -50427.979902 -219.699285 428.381042 73.252316 -144.819336 66765.509779 -790.009 689.119568 -92.54509 -226.453247
2429.625614 4584.746094 13.090057 15.951843 85680.346835 1076.907489 5573.375702 65.029602 40.323029 655.964839 5573.941345 -6.560631 -3.16452 80371.24684 181.071107 6491.802368 6.143675 3.885193 79252.587041 113.519523 5660.611572 -21.434727 -5.214081 84464.287643 -3276.699002 1782.513123 19.291992 -459.397278 -1476.103756 705.487976 32.535095 -231.860046 -47257.594946 -818.862164 38.647156 -75.250549 -246.970825 68452.477266 -59767.504997 5.802233 251.62384 164.921546 -138.719177 81754.367071 -535.905125 247.705383 193.523903 -403.37616
2442.939279 4562.968674 5.973358 4.394455 86998.167555 1084.77598 5552.464447 0.528183 5.26062 662.687204 5556.210022 -0.617943 8.440552 81181.368966 188.042276 6473.329163 -0.369139 7.698669 79855.359127 88.971422 5649.255981 -31.888409 14.816284 86059.975901 -3212.960989 1559.645538 56.397705 -196.695709 -1375.712454 457.144775 93.050995 -222.171326 -56756.705049 -763.148978 -136.548462 48.372879 -149.023743 74930.815763 -65786.644064 74.661984 153.841858 61.519444 -71.610107 87733.917368 -2100.429404 589.753418 -1571.864586 368.21991
2503.076262 4523.446503 62.778931 -0.231705 86928.432173 1264.492507 5339.004517 182.358475 -174.169464 598.727355 5543.182373 -61.317902 26.262817 83728.053354 178.572574 6471.916199 -6.827755 37.877502 82854.257903 -106.133027 5781.023407 -192.462502 171.057892 105563.982606 -3206.643586 1114.873505 8.959351 -405.481567 -1377.360139 100.587158 0.994263 -317.267151 -71828.812513 -719.785752 -487.045288 46.005173 -311.20636 81363.762104 -79287.458875 191.973491 -189.670715 119.953454 -304.222107 100000.0 -1923.75464 430.009155 179.316711 -120.453796
2462.199307 4554.594879 -2.776031 24.085083 94326.840444 1222.362042 5272.339783 -4.029541 -73.728027 517.268963 5578.246002 -43.357468 28.000336 86486.54329 132.063523 6503.237915 -8.408127 24.258423 84803.92247 -122.656183 5800.162811 21.577768 12.076111 107016.115191 -3279.849185 1006.960144 -35.104675 -114.976654 -1433.970279 -251.612854 -18.509216 -359.263306 -91036.294757 -611.894893 -781.768494 145.991783 -301.786499 103531.969434 -93582.165538 248.509923 -293.412781 94.637356 -110.805359 110243.509967 -257.530536 -368.016663 1704.325027 -805.089111
2432.499928 4582.7285 -2.185974 15.120316 99125.833621 1187.082753 5265.910339 -7.765884 -19.442749 476.125112 5584.303436 -13.630447 -6.955872 85797.102875 102.216563 6514.009705 -2.333555 -2.241516 84622.819702 -142.107091 5827.945099 8.062496 14.768982 108805.545357 -3300.725627 926.51825 6.636963 -93.4552 -1463.642802 -393.177185 -2.159119 -154.577637 -100000.0 -605.084758 -896.701355 34.32354 -127.946167 109131.14185 -100000.0 238.875813 -359.360352 17.879295 -78.960876 112234.842597 -261.927466 -443.473511 23.116474 -88.470154
2426.414449 4600.333176 -1.096802 2.714539 100000.0 1185.362585 5281.034393 3.268509 0.233917 465.668447 5604.381866 -5.467987 5.188293 86311.085976 97.931964 6533.985291 0.704079 5.085449 85033.975991 -130.275853 5865.346069 16.819916 22.510834 111561.530395 -3296.803477 803.486633 8.910828 -137.921753 -1491.241801 -565.535278 -22.610321 -187.24823 -111421.854514 -649.606745 -1064.689941 -39.53331 -182.878723 102694.992044 -109542.784363 232.44293 -536.934509 -1.444206 -192.464294 112073.330291 -252.330382 -476.524048 14.585762 -47.940674
2391.805058 4641.987839 1.924744 -10.018005 96792.94119 1153.879871 5334.325562 5.051422 1.6185 398.697338 5655.212097 -30.436974 -0.842438 86227.524716 62.539778 6604.754333 1.141949 19.096375 86586.805303 -147.47447 5888.992767 19.335518 -28.02597 108135.588047 -3354.137783 798.358459 -20.800171 -56.800842 -1548.0303 -604.707642 -20.254364 -90.845032 -117185.729579 -703.061733 -1129.083557 -16.920853 -116.066284 100000.0 -115824.783158 141.352425 -522.622986 -54.55637 -37.361145 106057.213209 -274.209518 -485.967712 14.654999 -61.116333
2372.885456 4681.840057 1.320801 8.224411 99421.976353 1138.031254 5382.966309 4.391785 17.012939 378.811512 5685.87265 0.354576 -0.967255 86131.632797 47.56135 6638.330994 5.261974 1.948853 86746.067134 -166.511974 5915.435486 1.202898 -5.185089 107507.610583 -3396.087475 750.55481 -21.70929 -79.431458 -1594.881878 -666.265564 -26.611176 -93.18573 -123249.128938 -708.23431 -1142.761841 15.067825 -45.306091 102398.112294 -118324.466787 127.841244 -526.429749 6.729221 -35.43457 106790.294837 -315.587654 -489.075012 -21.137733 -34.735107
2350.664301 4705.101929 -2.087402 -2.485504 98623.739707 1114.583368 5404.393616 -3.314133 -4.320068 357.16836 5710.995483 -1.509399 -0.624542 86069.745126 21.38752 6661.040955 -6.040077 -3.037415 86497.910817 -186.637158 5936.857758 0.008569 -4.325104 106985.186754 -3441.935339 710.275879 -25.714111 -66.026306 -1643.223028 -715.301208 -28.207397 -74.78302 -128225.715807 -741.337576 -1172.7948 -12.969513 -55.780334 100332.252886 -121438.702219 116.992693 -596.295471 9.285202 -95.613098 107805.970631 -363.561926 -520.323792 -27.840519 -56.996155
2315.794792 4726.338272 -3.397369 1.477432 99097.839344 1083.369255 5424.473114 0.258026 0.320587 314.19384 5731.416473 -11.50238 0.662079 86135.353117 -15.074234 6684.524536 -4.989614 3.72467 86802.265149 -147.231776 5886.940308 70.877522 -69.676361 98744.429424 -3503.849373 687.06665 -30.441895 -42.96814 -1698.303261 -739.194336 -23.608093 -43.652039 -131176.154789 -805.141411 -1198.519287 -32.331696 -45.483398 95273.927227 -124007.996245 59.797058 -647.557068 -25.723495 -71.020508 105003.956035 -405.080509 -545.124817 -10.046444 -44.559937
2289.199791 4753.757706 -11.517792 -5.157776 97447.681304 1041.553688 5466.719971 -26.738358 9.669647 266.802216 5763.743134 -32.314415 -0.250549 86110.522262 -32.973127 6728.282471 -2.821684 11.180725 87719.087221 -87.750578 5837.458954 74.558407 -82.058563 89462.672914 -3543.357735 678.032837 -24.431152 -41.611023 -1734.575233 -747.268066 -21.194763 -40.65094 -133953.927549 -850.813026 -1193.424377 -30.594406 -27.4823 90607.875156 -125573.468423 -13.569622 -710.089722 -58.289471 -95.109863 98791.113335 -409.583473 -535.637512 10.574245 -23.089905
2286.5518 4804.588623 3.027191 5.821762 99311.27901 1025.267467 5489.261169 -10.611038 -22.467957 243.544178 5813.700714 -17.582855 4.948425 86601.602002 -30.416365 6791.187439 8.231945 17.895813 89196.572249 -53.725271 5873.213501 39.700489 -9.254608 88444.612534 -3563.519306 665.98938 -14.486389 -57.052612 -1724.740925 -725.365601 15.509491 -23.106689 -135545.834229 -961.246052 -1190.743408 -104.757843 -42.328186 75518.213218 -128003.81435 -283.773193 -850.776672 -264.528389 -185.696106 72976.801206 -397.392979 -584.13147 17.865677 -93.503113
2273.13467 4827.15889 -4.899445 18.700333 105416.83332 991.540279 5468.143005 -25.209503 -24.988098 243.057041 5853.014374 8.030548 35.443726 90159.84135 -33.255091 6818.049622 5.678959 22.992249 91112.931494 -72.90555 5879.384155 -10.662594 2.30072 88697.160924 -3616.581974 680.241699 -44.544983 10.382385 -1749.331455 -648.329163 -16.072845 73.166504 -130537.372279 -1009.64365 -1177.261047 -39.879913 9.612427 70134.734794 -127449.855999 -320.872421 -891.716919 -28.581543 -44.810181 70421.1955 -458.538437 -635.827637 -52.627773 -55.566101
2278.794308 4828.551025 5.208588 -4.57222 103907.208036 978.637218 5455.398102 -13.354111 -18.709259 243.1217 5856.620789 -0.386391 -2.357941 89920.900481 -40.622082 6822.08252 -7.818041 -1.931458 90951.164626 -73.802681 5881.916351 -1.348181 -3.432159 88320.547343 -3637.26984 669.938049 -21.138916 -16.268005 -1709.30582 -528.553162 39.574585 113.811646 -122934.023808 -1058.988438 -1115.004883 -49.795837 56.291809 63692.121195 -124229.909014 -420.333138 -901.101685 -99.911766 -15.349121 61845.541129 -486.320915 -638.112183 -28.233528 -8.248901
2304.541044 4850.729523 3.118744 0.698395 104137.094899 1003.041258 5453.942108 1.776047 -22.936096 265.306005 5887.811584 -0.443687 9.710693 90906.964992 -10.108175 6861.816406 7.885914 18.253784 92485.727753 -71.157742 5911.836548 -19.983053 8.440094 89248.123092 -3657.528505 741.916504 -42.886658 50.498352 -1741.195192 -446.420593 -54.517365 60.652466 -118975.231272 -1094.395037 -943.160095 -58.034592 150.364685 56575.17494 -115830.896134 -511.570559 -844.190369 -113.865414 35.431213 52750.840106 -510.43107 -638.722839 -46.738148 -22.090759
2305.892849 4869.033585 1.44577 5.934372 106100.729964 960.42799 5462.151947 -42.519302 -4.159851 260.401211 5913.432312 -4.810829 13.251038 92261.20596 -9.880791 6878.469849 0.32135 4.283752 92847.715074 -79.92888 5935.920868 -8.677173 11.71463 90543.604029 -3703.979893 803.348083 -46.357422 49.06189 -1675.744419 -207.078857 65.544739 226.972046 -104735.618048 -1256.340733 -780.712585 -161.85173 150.07782 38953.900693 -107741.012649 -641.717319 -694.234619 -130.052795 137.58606 43247.600093 -520.723248 -698.345642 -10.198212 -71.992493
2322.535133 4878.897552 27.46109 4.542923 107616.340353 935.557747 5436.395111 -14.051437 -31.077881 259.443016 5916.249542 9.860611 -2.503815 92004.551732 -19.316883 6884.73114 1.382713 0.940247 92927.262781 -121.436853 5949.37561 -30.689168 8.133698 91448.572495 -3754.454765 898.892212 -39.656067 90.223083 -1738.124352 -93.930664 -51.561127 107.827148 -98288.731861 -1231.190605 -576.877441 35.968933 198.514099 42586.602531 -97490.028349 -766.369438 -366.003113 -113.833313 322.910461 35703.540824 -624.121628 -304.241028 -92.579575 388.783569
2345.153685 4875.688782 13.902435 3.121185 108663.859537 943.375731 5421.530914 -0.898132 -8.534241 287.417402 5909.62677 19.25827 -0.292816 91974.559877 -12.09856 6873.243103 -1.497793 -5.158081 92491.292623 -127.378113 5944.043121 -14.657376 0.997467 91559.862074 -3841.536379 1100.568848 -95.797729 208.006592 -1820.289125 83.280029 -90.88089 183.540649 -87785.926976 -1290.959978 -319.056702 -68.485489 264.150696 35809.227673 -84644.110644 -755.765696 22.892456 1.887627 395.225525 35822.748076 -654.794588 -62.886047 -39.389076 247.684937
2346.303053 4882.272186 3.775482 -3.699493 107422.808112 927.045317 5423.428345 -13.7043 -8.385468 280.80142 5920.828857 -3.989868 0.919189 92068.724773 -20.859327 6883.204651 -6.134653 -0.32135 92464.165464 -132.742317 5949.820251 -2.73809 -4.505768 91057.681327 -3881.161089 1286.22345 -36.998596 175.371704 -1891.172838 215.224304 -68.257599 121.661377 -81151.034923 -1370.606279 -209.896851 -77.020187 98.876953 28888.54841 -80068.959335 -727.769594 97.406921 30.622215 64.231567 37784.354076 -663.927584 374.237366 -6.506882 426.840515
2368.422966 4862.757339 1.564941 -4.706802 105854.14273 944.908104 5408.055725 -2.692184 -0.564575 295.751724 5901.697998 -5.604668 -4.322815 91626.300393 -7.526636 6861.218567 -7.222281 -7.17804 91859.259547 -136.791397 5927.120361 -24.604052 -7.891846 90181.440059 -3900.757484 1438.985443 -40.151367 167.570038 -1969.051094 289.407654 -98.433228 88.991394 -76462.902687 -1565.146523 -159.318542 -215.095215 65.386353 13492.977834 -77113.27605 -747.750702 80.907288 -40.536079 -1.691589 35198.886859 -698.883095 404.492798 -55.510483 45.063477
2347.348289 4873.731537 18.715515 10.968704 109527.636747 924.971504 5421.889801 19.853592 13.828583 276.315651 5903.538055 20.354118 1.834564 91813.931214 -41.378403 6853.248291 5.938425 -7.975769 91189.455928 -189.558339 5928.022461 -12.976751 0.896606 90280.778056 -4018.860664 1804.101257 -78.312988 365.110321 -2139.509315 481.022949 -130.66803 191.609802 -66842.216092 -1861.625099 -18.827515 -256.688385 140.485535 2698.544959 -70950.864375 -827.731133 95.400085 -40.190239 14.487305 32725.929022 -826.205406 475.714417 -87.53212 71.216125
2284.957199 4895.095749 -0.878906 1.447525 110017.102886 854.01268 5465.576935 -9.44664 23.770447 218.284569 5925.210571 3.481102 1.755829 91993.689084 -157.143998 6827.68158 -54.253411 -45.483398 87416.609867 -265.619943 5944.12796 -14.54942 -3.811188 89858.901734 -4131.515732 2062.840729 -51.142883 238.822784 -2309.586411 600.85907 -108.564911 99.919434 -62081.794748 -1946.770859 91.391602 -23.633575 90.302429 2119.265028 -67125.214494 -934.39682 178.71521 -45.153503 63.398438 30055.008839 -949.027023 766.867676 -61.309433 271.236572
2268.126087 4903.080597 -6.937103 -2.369156 109216.56505 838.418522 5433.183289 -5.70015 -42.74765 180.587635 5896.443787 -27.802925 -39.120789 88030.265802 -366.35273 6698.882141 -199.314723 -139.153442 76368.793829 -281.73161 5904.368896 -6.217659 -50.113068 84403.582994 -4080.386181 2625.219116 61.02356 552.024384 -2427.265759 957.866516 -107.785339 346.653442 -46929.535173 -2394.353008 278.786316 -437.688141 177.04071 -4026.433694 -59932.581876 -1398.406048 -90.441589 -454.115219 -279.510803 9514.073177 -1725.173626 397.565002 -766.252594 -379.656677
2230.751381 4879.320526 -17.334747 -30.471802 99180.730548 832.624397 5401.634674 14.245834 -38.260345 150.513229 5864.920044 -10.034447 -38.235474 84240.865547 -366.885881 6604.785461 19.506807 -100.808411 68831.314998 -311.801095 5814.561005 -10.029526 -96.519623 74377.783081 -4102.06768 3063.49968 -1.641541 431.568832 -2669.837608 1234.294128 -222.531891 269.715881 -36604.162781 -2415.300713 483.867798 -0.907745 198.369751 -4055.303179 -52357.506838 -1893.027916 -301.359558 -474.581909 -217.6297 334.856683 -1831.87191 498.858337 -86.658325 94.581604
2166.076736 4800.384064 -2.417603 -26.602173 90814.714415 730.927734 5221.364136 -39.439621 -127.936249 -4.14753 5559.099884 -92.403717 -253.48587 61226.997082 -574.66692 6266.172333 -145.523996 -286.278839 49560.927774 -435.342216 5578.334808 -61.28408 -183.891907 57030.10298 -3969.005203 3651.587982 195.319519 640.422592 -2995.686417 1637.765961 -263.591766 455.806122 -22066.906031 -2981.077042 618.141174 -503.519287 186.607666 -35962.905541 -45698.580286 -2385.147324 -150.053406 -429.862366 203.640442 -2859.58649 -2210.932083 735.879822 -316.803131 289.355774
2116.320648 4731.755295 -32.268677 -60.24437 73231.107576 685.811005 5070.836029 -27.629318 -142.143707 -111.988735 5491.409302 -90.353794 -59.306183 56371.51555 -543.967133 6113.121796 48.187199 -144.666138 41023.966524 -448.614054 5456.869049 4.215574 -113.08136 47504.566755 -3994.461975 3736.346569 -7.96936 93.142986 -3040.881042 1847.813568 -27.707214 218.432007 -16397.237598 -3196.694946 946.801453 -198.130493 337.044678 -57217.653244 -34818.744521 -2550.30777 232.548828 -147.673035 390.986633 -6104.623948 -2627.033386 779.764404 -398.613892 52.268982
2085.307884 4595.200272 -37.457123 -86.680756 51247.819191 623.211021 4820.596237 -69.044342 -200.365524 -238.224163 4927.42897 -132.679787 -514.106064 22685.921482 -873.310852 5439.399414 -335.788078 -623.848114 13445.804589 -529.765568 5090.655212 -87.595873 -316.339569 25477.404775 -3885.735817 3898.711329 102.281799 212.239027 -3042.463417 2369.063416 -8.026733 571.124115 -5543.913884 -3236.015663 1416.460419 -45.765076 519.533234 -62825.65208 -20941.015307 -2900.597878 494.161377 -356.734467 311.486816 -18960.21778 -2657.843361 1269.437408 -37.254333 539.547272
2112.518539 4490.280762 18.392487 -120.465469 27194.32681 639.184265 4697.795334 7.155075 -138.346863 -256.701798 4591.458054 -27.295804 -351.516876 8329.072176 -845.474586 5049.991913 19.018097 -404.953461 3570.071977 -536.16045 4835.296097 -15.213051 -270.905075 12024.529502 -3752.825241 4183.818245 124.092407 269.560957 -3115.386276 2583.095016 -81.741028 198.485641 -3117.166322 -3313.488998 1678.647919 -86.291504 246.641541 -74112.802682 -15581.148851 -2780.224228 1547.985687 111.555481 1038.278351 -14177.58614 -2563.706589 1616.650238 85.318604 331.66687
2263.973274 4449.153748 125.978851 23.085938 31218.520878 684.422951 4279.643402 19.762802 -353.93898 -118.413239 3799.933367 112.812676 -727.311735 -995.09253 -1050.053215 4213.90831 -230.054512 -771.870651 -2245.107699 136.24649 3778.834071 646.931057 -992.249074 -5377.737928 -3723.512688 4110.386543 3.83667 -9.21875 -2964.990349 3068.790436 124.920044 549.908371 -17.877989 -3145.85247 2064.429626 142.160645 449.994659 -56014.838159 -7839.926276 -2499.526482 2106.878662 255.221863 623.105927 -5845.402509 -2409.134636 2077.633667 129.096069 525.196381
2428.524742 4301.146088 165.752869 -175.458832 7595.484223 773.829689 3849.900341 90.608139 -457.194233 578.665199 3286.204796 698.279839 -541.179743 -15110.546298 -454.601984 3542.533131 596.652632 -698.826351 -20844.703474 -67.747288 3930.822258 -202.792377 124.537015 -2536.742317 -3653.237038 4272.273445 71.477051 134.43573 -2849.186134 3127.556267 117.005615 31.314659 -1.663255 -3251.022072 2415.119019 -103.968201 323.23822 -69002.177066 -3904.008455 -2528.422585 2585.089264 -27.694702 450.75943 -6573.872528 -2485.900764 2640.927811 -75.564728 535.842972
2475.706768 4023.002129 33.763733 -221.383705 -666.603511 761.837063 3721.714523 -25.410919 -71.425564 510.667782 2820.123749 -81.41571 -409.320793 -36879.378898 -455.142651 3015.793228 -13.95896 -469.979649 -43935.638612 153.273792 3081.869812 207.602787 -792.192192 -38597.038985 -3697.757282 4210.51239 -57.938538 -5.000801 -2556.548481 3614.868336 279.21936 544.072323 2476.657274 -2722.535267 2625.776443 515.068512 267.417679 -17912.06003 -1674.556039 -2006.86327 2736.852417 508.141022 208.523407 14.175003 -1960.745869 2867.803726 511.736603 283.636169
2518.145828 3875.818214 -25.87738 -143.995743 -9860.252996 765.217972 3618.817353 -64.935532 -99.708998 552.489777 2699.985962 -26.494446 -116.949615 -44853.881463 -207.093997 1963.33786 179.732213 -1049.267197 -126197.239005 206.699982 2992.567596 -14.890251 -86.114044 -45089.272817 -3534.622116 4103.913422 94.818726 -103.410797 -2077.964249 3495.099888 410.267792 -116.580276 1507.469356 -2376.396866 3016.134415 277.82196 393.546143 -4139.31759 -84.48228 -1625.760269 2832.420349 312.78656 98.756104 3134.991502 -1519.964218 2873.856277 372.46521 9.240723
2483.650341 3690.579028 -62.374878 -216.632924 -44035.030424 660.143337 3253.871994 -132.954025 -396.339097 617.380733 2627.785034 37.011566 -103.594666 -52569.148541 -413.816624 2447.671204 -234.602017 452.939606 -85483.871707 8.544941 2820.774384 -226.034431 -203.186951 -62406.965135 -3455.411854 4111.968651 51.330872 -23.338509 -1824.056263 3628.989544 226.028595 102.495918 2346.855086 -2014.088612 2876.262817 334.428864 -171.265335 373.314921 -528.990986 -1411.393604 2988.688507 186.487274 124.87442 7591.428881 -1026.964893 2974.937973 465.119934 69.687958
2672.345321 3661.204553 14.749756 -47.572107 -54812.645862 713.918884 3200.473099 -120.169678 -71.596527 789.06018 2362.124329 -2.265778 -283.858337 -76845.377744 -260.788605 2383.421631 -20.917206 -82.447205 -92306.350461 150.165451 2705.749512 -32.324715 -133.222504 -75285.815477 -3246.100724 4153.270416 35.365906 23.104134 -1627.575028 3592.901726 22.536011 -54.28545 1879.240592 -1471.505692 2976.095352 368.637695 81.634903 12440.667558 -269.54864 -1094.117768 2986.70639 143.330612 -20.179749 12334.488548 -702.130997 3029.291763 150.888672 36.156158
2675.759065 3708.011875 -5.335083 38.302989 -46042.528257 690.999773 3031.066208 -31.667938 -177.911224 758.432786 2324.956818 -39.376221 -45.671844 -81180.443999 -289.919283 2428.610229 -37.879505 36.684265 -89238.399103 206.952417 2517.518082 48.038139 -196.735764 -96512.369336 -3281.874907 4140.300522 -44.52301 -21.474228 -1541.432707 3582.628918 77.393494 -18.777142 1729.575336 -1391.43225 2943.909836 71.324615 -40.68985 16739.162303 -388.034146 -1048.722517 3010.63797 36.646423 15.427246 13731.059138 -538.707983 2962.606583 154.674187 -75.189514
2715.210924 3577.768784 -28.770142 -136.610279 -80818.877492 716.684313 2959.278793 -42.53746 -78.154602 769.548769 2146.204224 -57.106018 -185.119781 -99969.709559 2.764354 2308.894653 224.461637 -126.082764 -100000.0 71.590209 2426.293793 -203.584208 -97.591476 -108018.783899 -3095.592299 4133.386612 118.060608 -13.281097 -1395.740461 3428.667259 77.470245 -160.328846 704.526549 -1120.486631 2987.118912 202.723618 36.841888 32433.179402 -279.832038 -573.561583 3500.915642 406.938934 483.910484 34271.733673 -381.680899 3004.640808 88.805084 35.667038
2715.196648 3577.588634 -0.175476 -0.256443 -80893.298845 716.582375 2959.06868 -0.263138 -0.286407 769.326591 2145.996857 -0.383377 -0.283661 -100000.0 2.456093 2308.693695 -0.46946 -0.277252 -100024.339336 71.396165 2426.110992 -0.355244 -0.259094 -108050.194365 -3095.461311 4133.511314 -0.030212 0.048409 -1395.563087 3428.583488 0.016174 -0.160065 703.729401 -1120.459862 2987.07634 -0.13443 -0.118866 32421.068164 -280.152764 -573.333206 3500.749302 0.067177 -0.242634 34275.886746 -381.55777 3004.382324 -0.038071 -0.334778
2730.994263 3487.364922 -80.927734 -98.90749 -112150.880543 725.732574 2791.619415 -87.57515 -176.133041 721.588249 2041.713257 -144.463692 -112.967377 -112427.871969 17.956848 2307.994232 -81.224594 -9.38324 -100849.818727 40.993671 2368.921204 -127.127843 -65.873566 -116184.328927 -2981.000671 4147.894783 17.735291 5.699692 -1194.45282 3389.46743 104.384918 -47.799835 485.865913 -631.677475 2989.441605 392.057037 -6.318512 77358.159529 -297.465865 -134.531994 3713.741121 342.075863 204.308043 58686.973786 -65.194836 3568.676891 219.637585 555.61079
2711.492538 3462.03476 -21.674194 -32.884483 -123671.862738 694.548492 2756.647644 -33.356552 -42.526093 661.185379 2009.356995 -62.57534 -39.910583 -116992.512794 -68.85519 2281.638489 -88.984509 -33.910065 -103861.298061 -15.761242 2340.014954 -58.927383 -36.460571 -120813.415188 -2914.029617 4143.705673 64.798584 -11.743431 -1100.794373 3346.377373 91.485977 -50.644379 298.940725 -575.03624 2983.398209 54.468765 -13.597717 85123.288197 -336.484859 48.302536 3715.714064 180.66206 -5.581379 74212.176527 67.557478 3668.710232 130.579844 92.479019
2711.481771 3462.012463 -0.012512 -0.018635 -123678.551047 694.531775 2756.616364 -0.018463 -0.027618 661.151152 2009.315186 -0.035973 -0.038147 -116996.919177 -68.902998 2281.573639 -0.049553 -0.061188 -103866.772055 -15.790796 2339.970093 -0.0313 -0.041199 -120818.696983 -2913.986673 4143.714218 0.041199 0.012207 -1100.716791 3346.335258 0.075836 -0.038452 298.815962 -575.098276 2983.274689 -0.063782 -0.119858 85113.978255 -336.839482 48.461266 3715.550137 0.156984 -0.160265 74226.45835 67.538071 3668.570795 -0.021152 -0.135775
2714.916563 3455.923615 -3.127136 -20.41502 -131114.435235 692.714491 2732.952194 -8.379211 -37.990341 634.366293 2005.143738 -33.346786 -18.49762 -119143.36745 -100.635042 2274.716492 -38.293972 -21.183319 -105770.549321 -43.462648 2324.357605 -34.23378 -29.93866 -124687.445186 -2830.406618 4154.175186 77.018127 -3.865204 -931.729021 3408.317528 162.425842 47.656097 473.425269 -664.047365 2891.004944 -95.511017 -106.595917 71743.884416 -726.170602 71.903114 3566.233692 16.879921 -163.642616 75770.145371 -183.240442 3492.987747 -257.340441 -189.90922
2714.913187 3455.914154 -0.009003 -0.006714 -131116.91637 692.706995 2732.941895 -0.013123 -0.007553 634.352198 2005.128784 -0.019722 -0.012207 -119144.790385 -100.654707 2274.697876 -0.025291 -0.015869 -105771.981986 -43.474073 2324.346008 -0.017052 -0.00885 -124688.597832 -2830.402212 4154.17942 -0.001221 0.006981 -931.728506 3408.325195 -0.005112 0.010414 473.467798 -663.986197 2891.063004 0.055542 0.060806 71751.327681 -725.906403 72.028399 3566.213894 0.119658 -0.017052 75781.144889 -183.042135 3493.054848 0.19268 0.069847
2714.913187 3455.914154 0.0 0.0 -131116.91637 692.706995 2732.941895 0.0 0.0 634.352198 2005.128784 0.0 0.0 -119144.790385 -100.654707 2274.697876 0.0 0.0 -105771.981986 -43.474073 2324.346008 0.0 0.0 -124688.597832 -2830.402212 4154.17942 0.0 0.0 -931.728506 3408.325195 0.0 0.0 473.467798 -663.986197 2891.063004 0.0 0.0 71751.327681 -725.906403 72.028399 3566.213894 0.0 0.0 75781.144889 -183.042135 3493.054848 0.0 0.0
2887.017174 3447.287827 164.092865 18.243179 -124461.713467 960.761223 2654.260941 260.043106 -51.811447 683.878632 1909.732819 41.515312 -68.526459 -127266.617073 -46.99276 2310.853729 45.650826 63.02536 -100158.560238 121.340847 2361.296844 156.803799 63.820343 -116515.077577 -2942.496376 4009.166222 -120.105286 -118.143692 -1243.419075 3444.852352 -319.701691 63.396664 767.758333 -1071.475639 3106.488342 -415.500565 242.294846 26871.419947 -54.870608 -367.269554 3268.238716 -447.309074 -271.105671 40238.948698 -378.694382 3615.908022 -203.663368 149.722681
2817.634811 3464.412479 -21.864624 22.200947 -116596.50966 1040.812225 2818.411789 127.568741 169.227142 477.711754 2079.947968 -158.649139 175.291443 -107024.484073 40.851197 2266.822052 135.361695 -38.955383 -103610.100184 452.970886 2417.674713 379.147778 61.454163 -108906.429134 -2958.332291 3964.985847 31.681824 -39.10408 -1366.768112 3547.710266 -75.831299 107.934208 1431.637714 -1305.799484 3332.352066 -186.806107 230.940018 13734.586926 125.713886 -789.163971 3293.487854 -374.376678 30.325432 19067.949284 -655.759048 3558.007145 -229.546928 -52.824583
2769.185543 3493.033123 -47.853088 9.757729 -113220.810603 1048.630428 2928.522339 8.414383 91.247635 629.959545 2066.35437 152.843971 -32.456512 -110640.288801 -46.596622 2341.664734 -86.85164 55.979767 -98668.51856 263.979149 2482.050934 -188.395557 45.513306 -103436.99776 -3086.185551 3985.528431 -127.25708 1.679668 -1568.462315 3602.027111 -201.098022 35.45393 1694.473437 -1591.984043 3395.459671 -285.588379 44.24469 2093.376684 218.432955 -1057.647724 3238.706169 -267.887573 -73.6446 8715.625139 -1062.242374 3732.465608 -405.887146 155.595548
2706.966414 3529.458961 -14.477844 27.413082 -104002.557398 992.566848 3006.445312 -8.322296 68.910217 637.966628 2105.813904 55.748367 30.446777 -107246.633196 -82.63454 2424.257507 11.703367 73.580017 -92356.932368 344.285331 2520.282288 128.047466 29.218597 -100000.0 -3132.826371 4034.97488 1.100464 40.433693 -1637.707353 3633.443089 -21.503754 22.403221 1871.972588 -1544.120011 3298.999062 95.605316 -105.473366 4853.844024 39.383385 -884.466462 3139.020081 220.922546 -108.698845 16963.756664 -1151.603227 3865.046368 -41.619568 123.568003
2692.49979 3556.946354 5.739441 3.398342 -102887.055817 948.497562 3058.381271 -23.86322 27.846909 597.279911 2155.58136 -20.480652 25.678406 -104425.560072 -45.063992 2445.829773 57.776613 -2.516785 -92569.373026 365.571918 2586.126099 41.492653 41.754761 -95189.156057 -3097.673244 4060.197906 55.359192 1.133976 -1609.756374 3645.516291 48.157043 -12.015848 1775.67277 -1535.014248 3359.866371 29.311829 36.778259 5929.311157 85.39404 -995.347576 3196.345863 -90.675049 33.236732 13249.151585 -1061.037045 3638.936272 110.772247 -250.199146
2703.844366 3565.480614 6.177673 8.881855 -100000.0 908.503866 3105.647583 -45.160599 47.613907 541.492834 2218.959198 -60.953979 63.725433 -97587.013866 -35.166798 2399.105225 4.730291 -46.376953 -96527.713476 380.96549 2609.32869 10.226669 23.550186 -92528.088307 -3159.379206 4093.502655 -66.872864 33.652344 -1616.7138 3652.523499 -12.124329 7.354803 1834.31523 -1510.751581 3178.43689 19.095764 -181.081886 6687.790441 -28.71841 -711.497431 3283.117294 278.683243 87.119026 26126.437904 -756.329203 3265.992165 299.540939 -372.596512
2669.324389 3575.806217 -19.74823 23.734112 -92486.781679 841.915712 3120.90477 -51.816406 28.665695 594.640703 2210.453949 67.919617 4.903259 -97070.426233 -143.746119 2493.891907 -93.807573 108.19519 -87421.944942 218.19005 2689.029388 -148.003693 93.109207 -82376.57861 -3203.097181 4142.338524 -28.946228 62.244377 -1574.179792 3577.561989 57.305756 -61.553001 1372.908386 -1366.907606 3193.038559 158.615723 28.010178 14751.887876 -9.613827 -647.800322 3266.851654 78.468857 -2.857132 30533.615004 -721.244612 3242.809792 49.856339 -9.773865
2762.246847 3592.66161 80.309143 49.187241 -77850.178825 895.343313 2925.137711 40.814285 -163.435211 476.156073 2324.506531 -131.097946 146.38443 -82279.370136 -348.588991 2589.307785 -217.456188 127.747726 -77251.274308 219.223814 2666.017303 -11.579552 9.319763 -81392.930291 -3192.043009 4152.51358 -1.559143 42.506905 -1386.937265 3460.719585 174.629211 -84.510555 848.109261 -1009.054575 3114.911804 345.239716 -45.794907 43189.410608 -46.142967 -13.183479 3424.367371 622.003527 189.847565 77615.028075 -725.715265 4257.773094 -17.083969 1047.295151
2785.528946 3594.154062 -25.675964 18.253927 -72738.94354 824.01619 2853.215256 -120.285187 -55.16098 497.749138 2273.205872 -27.364998 -34.539185 -85659.156767 -299.766808 2564.45076 -0.13588 -8.095551 -77877.143379 263.208542 2659.850082 -4.973335 10.594254 -80281.942019 -3047.972641 4164.694633 95.112305 28.942528 -1196.16951 3427.944717 141.809692 -16.013393 762.843416 -936.831665 3350.332756 23.264847 252.182426 45642.232277 183.318378 -749.066238 3220.995598 -784.840822 -186.610298 21770.924123 -489.668732 4321.826324 187.08847 80.814705
2693.537865 3594.321117 -83.925476 0.904055 -72490.311611 695.211105 2779.181595 -120.739479 -73.296661 493.243866 2314.710083 3.560333 42.241211 -81534.974413 -353.283272 2535.057297 -45.450859 -28.656464 -80112.870763 295.872478 2649.489288 40.729542 -9.623795 -81290.843466 -2875.366859 4220.232925 180.671387 56.275291 -949.281654 3546.847801 254.953461 119.640083 1509.06103 -497.50103 3432.919102 447.39624 83.323345 105988.411088 410.366751 -68.356686 3053.029633 688.775158 -167.228966 68934.937929 -45.67481 4038.613281 452.059526 -282.476044
2693.498392 3594.282322 -0.014343 -0.011024 -72493.340984 695.164232 2779.095383 -0.021744 -0.058441 493.132715 2314.569092 -0.086021 -0.11322 -81545.892574 -353.475637 2534.919434 -0.167236 -0.110092 -80121.520971 295.693159 2649.31282 -0.15419 -0.148697 -81306.481388 -2875.126486 4220.250015 0.265503 0.044861 -949.019156 3546.628323 0.287628 -0.191708 1507.663665 -497.166967 3432.612915 0.359192 -0.278416 106046.924305 409.457796 -68.044596 3052.457581 0.337219 -0.544281 68964.507668 -44.972095 4038.042755 0.727844 -0.542755
2642.08744 3579.065323 -79.542847 -3.635883 -73495.884206 613.019638 2678.073807 -110.276489 -89.44046 713.915253 2571.750259 192.650642 268.762283 -57686.946869 -287.733192 2594.040298 37.61055 70.701981 -74662.442875 222.828102 2693.39241 -100.996952 55.660706 -75557.930377 -2626.227379 4236.228142 220.767212 27.559242 -654.057732 3584.673967 266.829529 49.62676 1890.998766 -275.823936 3677.030387 193.211136 255.998588 139861.86616 1670.775209 268.973799 2848.475418 308.886499 -192.401047 98712.700664 156.197712 3901.836433 173.037913 -124.625206
2663.758154 3571.640568 13.36792 3.101673 -72640.210397 643.092871 2720.091782 21.770439 52.544403 639.874716 2505.915298 -82.34333 -55.308533 -62260.274296 -331.417856 2541.689911 -51.987457 -41.823959 -77868.508812 184.951978 2679.863892 -46.178918 -3.00209 -75862.605051 -2489.250574 4294.380722 128.674011 68.679008 -564.841471 3672.882409 80.913467 98.73487 2782.656069 -287.61838 3427.236977 -20.097237 -239.266982 136126.825122 465.871654 545.922461 2939.443741 268.645868 101.494751 128910.884743 180.698571 3842.137203 16.198065 -49.172802
2649.232998 3576.561174 9.070282 18.445997 -67654.923145 633.312588 2710.329208 13.815155 3.762817 503.019695 2408.737946 -113.259583 -83.651962 -69508.675868 -466.881733 2506.66954 -111.868439 -21.49498 -79542.451914 137.23886 2665.753555 -24.11768 -0.584946 -75922.04109 -2479.210758 4372.345505 33.635254 91.490173 -594.671955 3701.930082 -6.235046 42.573064 3220.101636 -197.292767 3257.718048 113.921051 -155.993538 157967.737892 81.125672 781.498089 3387.01292 259.171066 461.09457 161857.726278 207.435179 3860.09325 50.332046 31.481438
2688.05356 3574.041748 38.43338 3.75926 -66660.66777 686.739855 2744.407272 53.040085 40.35675 513.785753 2320.313568 10.378876 -82.145691 -77014.872128 -544.097548 2434.203644 -77.602997 -66.18721 -84808.646799 153.904519 2671.947861 16.278477 12.472992 -74659.709618 -2541.454496 4413.801422 -62.63092 47.734604 -689.33795 3854.06806 -95.053177 158.416664 5128.241995 -270.629988 3475.607681 -73.724403 224.16832 143647.869296 733.364128 680.213404 3445.797577 -101.671867 65.063343 148486.366443 283.368196 3764.69943 75.545835 -89.115133
2683.119364 3601.916027 16.609802 17.147961 -62218.704204 683.562288 2804.686661 18.366432 49.55307 510.798769 2279.254913 18.557014 -51.784973 -81944.551692 -317.998686 2225.136566 247.64286 -219.793396 -103507.43313 90.670051 2752.517929 -41.690469 69.84375 -67786.695817 -2619.133139 4434.892273 -56.134644 10.364532 -809.257345 3829.909267 -98.375397 -34.885111 4670.099897 -691.68189 3581.210623 -399.507904 94.876623 77880.265326 1206.18585 328.569689 3487.562408 -330.099716 31.038513 109046.887942 87.055812 3814.701405 -174.768386 39.275656
2636.913834 3611.653776 19.456787 -17.536726 -66763.147861 622.650185 2925.261765 4.750214 93.300629 409.582939 2287.893219 -35.553513 -18.636169 -83756.042855 -369.737434 2335.978851 13.923569 83.56781 -96178.646803 27.109692 2802.032242 2.101958 22.239838 -65667.82256 -2793.181076 4490.662231 -108.38562 28.495483 -984.426041 3694.486051 -109.506378 -162.697692 2816.487783 -880.094223 3652.243757 -122.750015 43.758659 61684.621567 1463.694228 144.177456 3444.30603 -118.729916 -70.530853 96346.998223 -43.499236 3864.489269 -64.89273 22.51339
2552.977424 3571.583233 -39.3396 -14.646654 -70681.409127 652.831244 2876.690826 74.77787 -23.147049 599.936996 2627.848816 234.950867 365.379486 -51852.256523 -302.462068 2557.921906 111.872177 247.366943 -76061.918572 2.087569 2751.455688 19.574688 -25.152664 -68066.703572 -3026.26452 4427.12326 -188.486633 -38.115082 -1231.762109 3870.742226 -202.739258 201.680064 5183.457343 -981.987176 3662.751932 -57.296143 35.932064 54770.509457 1693.75898 34.473453 3443.411579 -65.107193 24.529438 89716.525357 -209.865422 3980.66925 -121.769376 141.60387
2719.838457 3573.146324 102.543335 5.087261 -69307.805519 917.176638 3247.673073 200.027695 374.506416 615.795527 2398.049011 -48.459167 -226.275635 -70712.514063 -202.061472 2655.911331 36.082897 101.513596 -68488.753706 199.140863 2736.955109 132.735596 -10.97641 -69127.042349 -3020.135298 4284.472466 -58.188477 -139.126625 -1642.392378 4286.684647 -474.947968 419.466591 12400.813169 -1784.885054 4046.899796 -867.215576 387.672033 292.174589 5243.441936 -942.943373 3755.886397 -1041.734524 315.998988 15772.491823 -933.90193 4601.253815 -788.354206 624.108734
2706.117008 3664.340754 59.189758 49.083529 -56747.212486 926.978214 3399.128838 82.712784 109.344864 708.41109 2512.805099 165.526772 72.645187 -64339.277339 -110.903027 2688.54248 164.069653 -9.479752 -69179.159234 411.327159 2662.998352 285.097504 -116.067657 -80840.870296 -3208.10632 4271.219139 -115.059814 -55.364227 -1790.859311 4319.1259 -75.555725 -9.669647 12199.542603 -2258.962338 4300.969658 -401.166077 211.958961 -6932.292093 8010.419097 -2241.049435 4353.265114 -1225.194855 555.267816 -6238.220884 -1803.761837 4729.801254 -796.9487 86.436539
2566.678438 3639.6208 -137.571716 -64.362288 -73473.747593 1053.96184 3382.717628 128.850479 -56.053543 694.48514 2647.134247 -12.059097 94.686813 -56484.044114 11.71382 2823.91861 124.4837 95.733795 -62365.989259 302.798319 2882.522354 -106.661987 179.881668 -63077.182043 -3255.977507 4255.774879 -46.004333 -55.086594 -2174.489622 4629.771957 -381.763458 271.003723 18464.05503 -2418.831358 4301.363487 -158.002167 -39.248505 -15076.240109 7453.992664 -2204.908934 4735.812759 38.007355 342.905312 -5276.034156 -1773.081694 4669.637451 32.546997 -99.806137
2606.991839 3734.872055 59.202271 70.12949 -55353.745164 1026.278415 3441.970139 -8.794556 34.130745 779.196887 2991.310501 103.600616 319.054489 -33778.90471 -46.673108 3229.099007 -39.498059 380.058632 -38801.582736 446.292911 3352.437325 162.383461 444.793205 -28602.737958 -3331.881452 4292.812805 -57.015076 11.916161 -2250.282483 4609.352188 -56.903992 -45.541534 17320.900198 -2553.47569 4419.023247 -115.755463 92.537994 -23025.662605 8797.960626 -2541.994214 4688.681488 -318.196411 -72.253036 -15816.991782 -1567.235761 4694.000626 224.734802 -0.758591
2681.969924 3868.539686 82.081604 128.05789 -28875.054111 1093.071761 3677.581291 73.896866 230.001411 415.619712 3122.587814 -356.473656 125.667572 -26429.337841 -324.295144 3759.789896 -270.518516 525.081148 -15401.29418 339.343657 3596.649494 -99.845734 238.602428 -15655.175535 -3396.918626 4298.819351 -57.933655 0.396805 -2241.155839 4464.468079 16.230164 -150.493851 13803.092175 -2616.267228 4313.312492 -55.688019 -111.320496 -27447.44397 7194.798291 -2408.592362 4493.239212 140.505371 -201.052017 -10466.398358 -1612.564378 4595.995255 -38.225098 -103.615112
2635.820627 3949.007835 -62.995911 82.282724 -16368.1949 1084.079905 3882.218232 -25.83847 206.451516 203.349714 3585.140591 -229.116611 464.367352 -7083.100723 -189.699364 4105.810566 117.749166 347.835245 -5749.244169 277.613382 3711.65637 -78.576889 116.821451 -10728.103996 -3257.313833 4414.052048 122.758179 117.047272 -2090.44631 4532.179642 133.862915 69.526138 15378.700395 -2461.796103 4270.413666 137.624512 -41.084251 -17225.331219 6643.833179 -2427.661734 4272.138786 -35.915985 -219.285851 -11729.391457 -1620.291891 4658.80455 -24.574127 64.623871
2538.088064 4017.411098 -182.266235 126.402531 -4024.102441 1128.114691 4067.507629 -40.498886 243.288665 191.366415 3854.578409 -96.516972 327.437086 -833.615116 -390.009851 4366.299133 -284.84416 318.487835 -999.754627 93.122978 4074.199047 -269.024076 420.541945 -677.075815 -2783.862925 4286.492386 388.917236 -69.560394 -1709.493113 4292.92202 296.419525 -181.258354 11449.346819 -2004.815073 3958.517456 372.447357 -253.896942 -1449.775982 3725.77234 -1945.751047 4064.755726 397.377014 -149.383793 -1759.987793 -1231.757441 4170.966187 304.000778 -429.839096
2571.041403 4099.535789 -17.527161 108.531551 -64.848093 1067.976599 4301.074905 -110.618591 259.974136 149.61401 4437.972488 -92.232904 609.80094 5489.977537 34.524941 4616.409454 374.054294 276.517181 45.705895 97.573569 4222.462463 -46.029908 174.670277 38.33862 -2774.600382 4368.208046 -41.217957 108.12252 -1719.61091 4171.985092 -60.598297 -94.530067 9629.678961 -1983.76771 3513.417854 -29.433136 -418.692741 -2064.680508 744.292718 -2050.228891 3555.810928 -154.958344 -482.537937 -4600.315953 -1239.71818 3890.723667 -58.441238 -253.835659
2365.279951 4097.059441 -147.323608 78.786774 1033.723711 898.23184 4460.570755 -111.306915 240.758972 105.943813 4846.775894 14.767647 490.066528 24599.925192 -277.159643 4872.399979 -253.246741 337.253647 2869.756585 -96.468382 4584.776306 -135.604108 443.576965 7743.259477 -2847.263689 4305.701447 -14.225464 18.756523 -1603.277178 4145.541306 174.771576 54.819336 10665.760569 -1952.986345 3241.108055 89.219208 -191.046677 -534.542194 141.097937 -1848.376055 3256.497498 260.29068 -218.050308 -593.645943 -1205.261889 3575.301127 92.894135 -234.159417
2377.697968 4165.373611 -17.81311 98.936424 6829.075726 869.617982 4620.007477 -58.844986 190.058975 147.701964 5154.504395 11.527023 338.350754 45785.388387 -307.268233 5157.724762 -60.339718 315.947037 9491.110371 -10.085912 4822.940674 56.151342 268.786621 18924.163315 -2794.224029 4290.069199 22.808533 14.990005 -1473.707671 3864.120502 99.338379 -250.79855 6358.508418 -1800.443816 2910.688095 122.311401 -299.797707 55.899247 -151.115909 -1138.683257 2645.378647 679.46167 -580.496597 7936.13337 -1138.677993 3049.669342 36.352768 -495.009532
2416.192236 4276.048546 16.003418 78.663521 15074.86262 865.205221 4810.294952 -26.90361 158.276062 268.812189 5482.619019 98.619375 296.10321 69681.82326 -222.553415 5459.528809 62.223969 269.792633 18189.512008 80.393793 5156.738434 67.988855 301.786346 37334.056623 -2829.056177 4324.642868 -57.322998 2.562256 -1475.428247 3748.546982 -24.211426 -147.584934 4341.610578 -1745.292749 2789.505463 32.660217 -153.194046 244.81861 -607.341095 -1099.53187 2343.922882 16.660538 -333.467178 8439.507314 -1070.137491 2932.078629 46.049652 -149.602127
2493.396463 4368.786926 13.189392 59.59507 23467.399523 919.003687 5037.63092 -10.21637 194.192657 371.411085 5790.040894 38.584061 274.278564 96277.360458 -199.244909 5550.389099 -40.706329 57.71698 20414.520507 111.347497 5258.469391 -33.061132 68.587646 42382.080669 -2743.305197 4404.663315 21.736145 46.877136 -1465.323477 3549.471636 -53.910065 -232.218657 1944.76778 -1743.343496 2651.559677 -62.065582 -171.089096 0.014567 -1477.515337 -1308.93218 2028.224487 -273.415146 -348.841705 2135.790954 -1288.187551 2863.840714 -282.064896 -101.381226
2521.572819 4382.326126 25.76416 32.175369 28767.423875 969.449024 5202.658539 48.033142 183.663788 586.057034 6003.018036 212.233753 231.613312 122076.557187 -69.05777 5806.95282 127.774944 275.19989 32788.541949 -143.538361 5475.58075 -257.298052 235.747528 62173.120898 -2668.790951 4328.317337 72.102051 -57.709808 -1348.996181 3326.180153 113.9151 -204.655313 619.74535 -1425.435696 2333.279877 315.495605 -299.643631 6247.850112 -3918.437691 -773.87846 1698.342743 532.641525 -311.245575 18265.485512 -1054.941921 2315.57251 230.833435 -529.632034
2551.004543 4472.919312 -25.995483 61.522446 40402.667154 878.298016 5449.342651 -146.578217 217.613373 715.141621 5889.929199 73.657379 -142.159576 105878.960248 -221.17712 5997.659454 -207.546558 161.635895 41416.523935 14.10635 5613.675385 102.217503 109.023895 72604.084443 -2534.54874 4297.150536 78.815002 -60.237541 -1182.861576 2992.571487 110.707397 -362.679405 -83.523467 -1039.785709 2008.145142 330.222778 -354.205475 26130.741865 -8309.320417 -384.196835 1270.670319 334.254417 -456.743164 36465.866451 -429.030781 2017.792206 570.483932 -326.851044
2484.25642 4578.530731 -33.418121 54.502716 52357.012377 780.825939 5619.828796 -64.142075 119.377441 825.09985 5650.556793 143.288231 -290.48111 76364.81196 158.080714 6272.059784 412.587836 223.291626 54991.427541 91.548071 5782.115631 110.771723 117.331543 84733.157814 -2546.500568 4333.814354 21.378174 -14.444885 -1197.07201 2690.364532 19.119568 -353.315659 -1788.801629 -838.426304 1775.886841 234.689407 -283.367004 48557.944824 -12996.4843 -301.674404 932.783508 115.852432 -388.995514 44227.889894 -439.117222 1824.468079 23.243561 -244.432831
2483.985138 4578.909988 0.480194 0.55687 52487.137388 780.629539 5620.133972 0.555077 0.482788 824.929581 5651.428375 0.581207 1.049194 76462.756627 157.726725 6273.584137 0.397488 1.701965 55102.274605 91.243181 5783.358612 0.446587 1.420593 84885.748227 -2546.313019 4332.263756 0.939026 -1.372986 -1196.482391 2687.330551 1.341095 -2.856369 -1811.546684 -837.594681 1772.355347 1.583099 -3.353882 48732.634294 -13058.211803 -301.701851 926.681213 0.72403 -5.924683 44278.752438 -438.869858 1820.959015 0.99884 -3.331451
2500.008202 4570.214615 4.433899 11.903992 55307.397344 766.704178 5504.967041 -25.514526 -94.567566 851.059074 5589.7052 14.540329 -41.12381 72670.743213 189.120278 6304.816589 19.804388 51.831818 58531.475732 111.600862 5798.046112 8.768516 35.286865 88720.07524 -2480.409584 4291.327744 54.31427 -20.336647 -1124.398232 2592.375565 60.494995 -74.355621 -2454.1911 -812.68322 1639.536133 13.322296 -112.219849 50215.129231 -15207.90423 -295.061264 789.859314 -4.948578 -116.222534 43931.701296 -399.455338 1705.040588 27.825356 -95.319061
2454.83367 4604.895172 -9.918823 3.351517 56114.743188 693.06056 5496.266022 -38.387909 -40.03006 812.33695 5613.82843 -3.466415 -7.205811 72016.226916 164.199866 6344.47937 10.335296 8.33374 59092.496515 118.801019 5925.91507 42.455866 96.539917 99643.090508 -2461.588449 4210.644608 54.076843 -112.012177 -1078.605585 2459.525909 81.048355 -164.178696 -4218.022801 -786.771097 1498.318481 61.167831 -172.546692 57306.965865 -18832.627798 -234.912348 629.182739 95.404625 -192.005615 50863.163842 -299.929399 1426.677551 134.781647 -309.692078
2437.799816 4595.457001 -52.281189 -3.272705 55326.315094 706.344776 5507.124481 -21.96312 17.023926 797.788029 5595.70755 -49.796257 -11.955414 70936.827294 214.19976 6350.774536 14.752558 12.460632 59936.328007 400.956688 5708.092194 246.908333 -211.65741 76523.7766 -2415.731068 4094.934273 10.610046 -109.544868 -1008.720798 2363.034973 34.637451 -90.32547 -5390.854842 -690.179691 1413.61908 61.34407 -78.533936 64889.527703 -20610.585266 -114.772282 563.564758 84.892731 -59.452515 57457.617118 -251.25906 1357.523041 13.423004 -62.989044
2456.825523 4623.383484 28.128815 -8.251801 53363.135506 735.29789 5536.095276 38.056221 -7.207489 791.388626 5689.737854 2.703705 57.85202 76235.725263 202.81249 6479.077759 -2.284162 92.124939 66360.621134 378.495693 5746.526337 -13.357887 2.255859 76754.11804 -2397.905464 4087.255173 26.928711 -43.857384 -986.904564 2333.379517 30.919342 -65.83374 -6336.203499 -694.951897 1375.198822 4.330902 -74.598541 65442.656868 -22373.706109 -21.422424 611.394043 102.452965 11.651001 65951.260105 -231.556511 1320.836639 28.805656 -72.864685
2447.660923 4637.658615 -0.604401 -6.075821 51940.309913 719.839802 5557.693024 -6.897888 1.246796 741.715565 5724.818115 -41.112862 14.729309 77615.322335 192.484045 6567.359009 -1.768246 67.930298 71307.165026 370.199318 5773.574829 0.263824 6.69754 77440.030384 -2401.019192 4091.50959 5.446472 -16.096535 -970.891247 2335.094452 24.573517 -18.636017 -6617.672064 -641.344967 1384.142761 62.16713 -11.407013 73641.140637 -22649.685881 59.487829 643.929443 89.470453 12.184448 73847.34005 -236.548176 1321.029205 3.568535 -20.158386
2392.577801 4638.986969 -16.87439 7.549057 53711.031518 676.265583 5581.199493 -5.365486 29.727173 684.939137 5716.943359 -18.567696 -1.654053 77459.781523 166.054382 6514.070129 11.77907 -47.068176 67860.841224 344.055786 5767.639923 12.065201 0.285797 77469.367481 -2438.530903 4077.310219 0.697021 -7.978668 -999.880924 2329.06311 9.219055 0.189362 -6614.781287 -663.090458 1385.794983 16.463242 7.872925 75893.288842 -22459.028506 23.142338 625.501099 1.863241 -12.207642 74016.521955 -252.26511 1318.211517 22.491798 3.403015
2392.551231 4639.003754 -0.000305 0.00824 53712.980465 676.230392 5581.194 -0.008926 -0.014038 684.903374 5716.920624 -0.009499 -0.031281 77456.841525 166.02458 6514.026794 -0.003538 -0.05188 67857.089682 344.012051 5767.621307 -0.017471 -0.027161 77466.5792 -2438.504372 4077.258854 0.052795 -0.05991 -999.864998 2328.975677 0.042191 -0.095978 -6616.246396 -663.045006 1385.743866 0.071716 -0.059662 75903.173737 -22460.470298 23.092012 625.326233 -0.024061 -0.183411 74014.335969 -252.196159 1318.201294 0.095215 -0.018768
2378.124752 4651.05484 1.208801 -1.97113 53247.756754 649.398823 5602.897949 -11.196289 7.681732 683.771 5723.956299 14.502907 -6.986542 76801.587412 182.488112 6511.548767 32.098813 -16.500244 66669.183896 319.344692 5791.959686 -9.032078 10.316162 78529.234771 -2426.628056 4047.430229 27.511597 -43.850842 -971.211796 2307.254181 44.288483 -35.743713 -7173.158174 -611.220493 1376.527405 67.459793 -23.238678 85486.460598 -23025.57691 45.895243 607.521362 38.438511 -31.827087 77547.681537 -284.354305 1429.591827 -16.522865 97.368317
2375.145445 4663.505173 2.083435 4.377518 54283.676027 645.642004 5618.584747 1.305923 7.613983 682.957563 5749.717102 4.249306 17.687988 78465.906139 175.782256 6546.539001 -1.643114 26.917419 68612.457518 322.560301 5818.97171 8.278351 18.939209 80498.984354 -2432.163515 4042.369156 -0.472717 -13.133888 -969.677401 2303.91449 6.597137 -11.412506 -7355.712005 -602.377138 1377.145844 13.906097 -7.454376 87532.755276 -23208.336021 69.739635 624.190674 28.907135 8.596497 80259.157798 -256.564569 1458.359375 32.852478 20.694733
2399.625244 4681.286926 -1.029053 5.869522 55688.33303 654.286766 5625.486908 -16.86409 -5.010071 740.434647 5755.036621 31.968231 -6.592712 77843.491442 206.677952 6555.181885 5.386844 -3.269348 68374.941108 348.063755 5823.11615 -0.005398 -7.767792 79688.153221 -2379.544678 4039.136009 27.109985 -15.145378 -927.049179 2282.61673 17.11937 -33.209991 -7899.986853 -556.441956 1341.293488 20.426331 -47.764587 90582.392636 -24396.526624 105.844254 629.745789 10.595767 -6.357117 81264.705189 -234.859543 1491.507721 -3.803825 21.236115
2390.412731 4627.948837 6.170502 -19.850235 51010.166276 667.95908 5587.702179 29.055328 -4.296875 734.838619 5720.336151 9.786987 -1.212616 77729.278828 195.188313 6527.973633 3.893375 6.279602 68831.515027 331.669388 5793.349304 -1.011353 3.721008 80076.053842 -2398.74712 3995.122414 -3.819427 -10.525742 -937.857227 2263.358307 4.574966 14.229431 -7664.403965 -562.171803 1325.777435 9.653168 17.971802 92041.774149 -23945.980001 54.025517 601.740112 -36.435723 5.482178 77833.171952 -282.056026 1472.090454 -31.813469 14.070587
2395.275517 4639.786835 9.226379 7.337875 52715.597854 668.396511 5605.828247 4.801025 13.625946 720.613232 5730.061951 -9.861794 5.225677 78222.067425 196.575336 6535.311279 5.750618 2.837524 69038.322592 343.751793 5796.589203 16.445999 -1.260223 79944.574992 -2388.855648 3991.461315 14.255066 -8.161221 -934.070339 2248.896484 8.150482 -18.961945 -7979.128711 -539.040127 1319.522095 27.49527 -10.755463 96262.470343 -24215.111055 76.269138 621.644287 26.607215 15.404053 80331.761153 -274.663181 1480.509491 11.756439 3.918915
2395.142736 4639.839172 0.151215 0.108185 52740.951382 668.263464 5605.920258 0.150948 0.147858 720.504408 5730.455475 0.175171 0.449371 78264.516472 196.312389 6535.973511 0.021048 0.718079 69090.70757 343.881712 5796.820831 0.413914 0.287476 79974.557751 -2389.001093 3991.461811 0.13855 0.056343 -934.185801 2248.98407 0.168533 0.143433 -7976.72429 -539.094553 1319.654388 0.229568 0.188141 96298.108832 -24210.390332 76.294866 621.690369 0.309722 0.101929 80361.078509 -274.904184 1480.601959 0.042992 0.148315
2395.095062 4639.857559 0.029602 0.037003 52749.624474 668.223419 5605.948181 0.037231 0.046539 720.47718 5730.550079 0.050049 0.11322 78275.21343 196.2603 6536.116333 0.025187 0.161438 69102.487464 343.908787 5796.893616 0.104351 0.0914 79984.091664 -2389.037781 3991.450481 0.040588 0.007286 -934.201813 2249.009705 0.061264 0.04425 -7975.982574 -539.086533 1319.69696 0.085297 0.061188 96311.352065 -24208.855144 76.320705 621.682129 0.103116 0.010376 80370.840337 -274.944305 1480.67215 0.037155 0.088806
2394.722996 4638.972397 0.548096 1.663055 53140.167021 668.502979 5606.738892 1.199722 3.338928 720.931988 5737.123871 1.374969 9.122009 79139.455689 193.796158 6547.641296 -1.54398 14.073181 70133.246049 346.665268 5801.87973 3.676643 7.534332 80771.9489 -2390.478573 3993.436546 -0.52063 4.534283 -935.603161 2253.074188 -0.481186 6.612701 -7865.529661 -540.426159 1324.345245 -0.419464 7.196503 96246.234455 -24028.635826 75.236816 623.715515 -0.163727 4.581604 80355.340862 -278.589497 1487.22641 -2.725029 9.102478
2394.628983 4635.48111 3.734131 0.660324 53295.633306 668.303413 5604.109955 3.628578 1.522675 720.210419 5744.909973 3.106575 11.937714 80277.632807 180.520787 6574.27063 -9.447227 30.780945 72414.324692 353.990116 5794.532318 11.152992 -3.195801 80437.295803 -2402.150497 4000.738258 -7.843781 11.453323 -944.858475 2269.511261 -5.42717 20.588684 -7526.565559 -550.75882 1342.193909 -6.504517 22.000275 95239.291581 -23481.86671 65.286007 636.722412 -6.122665 17.158508 79776.801442 -296.47377 1494.72641 -14.056129 11.651611
2295.042485 4625.344696 2.096863 8.956299 55426.72666 585.156659 5548.598785 18.536606 -36.418457 618.511266 5709.267273 -0.015793 -16.549988 78701.884114 75.269154 6571.976929 -3.568273 16.799011 73674.644309 256.570996 5761.567383 4.26424 -13.872223 78992.697741 -2559.984065 4057.17701 -56.150208 75.531464 -1061.587077 2371.277771 -15.045242 120.859222 -5687.326089 -838.059245 1398.737183 -185.617065 75.635986 68736.093754 -21650.103255 -157.492725 705.637817 -121.095371 88.008118 68763.817371 -486.688968 1494.17038 -88.531837 18.536682
2336.956 4607.102814 -0.33432 0.675659 55589.190051 630.449958 5522.072449 3.045464 -7.608795 660.356917 5664.205017 -0.402184 -26.144714 76244.432938 127.604818 6539.152527 10.087829 -13.90686 72630.528974 291.496139 5736.536255 -7.322693 -6.113586 78360.208743 -2525.420251 4060.836964 -7.684021 22.577496 -1019.741387 2398.692017 -0.402145 46.331787 -5050.460485 -806.297479 1419.976959 -10.486069 40.157318 67367.528894 -20707.794385 -145.780129 726.236267 -30.53524 39.515991 66115.880736 -419.047685 1477.464447 25.393448 2.211609
2342.52233 4605.288391 7.720337 -0.141144 55555.232141 625.67636 5524.319916 -2.619591 3.920746 655.949111 5669.595642 -2.253799 7.063904 76904.55593 114.596729 6545.018311 -10.854082 7.539062 73195.630593 292.034087 5737.350464 2.691956 2.487488 78617.248244 -2538.426003 4079.60331 -10.851746 20.439625 -1033.260522 2422.271118 -11.365128 25.25238 -4719.265555 -827.8126 1443.658905 -19.361115 25.355225 64876.819913 -20123.620931 -152.262616 797.824707 -4.32848 73.261719 65744.733364 -426.020074 1485.637512 -4.818382 9.846344
2345.944452 4592.380219 2.578735 2.233124 56093.717847 631.653185 5499.173431 5.133438 -10.005188 657.566805 5656.358643 0.774307 1.904297 77082.999712 119.818897 6554.393005 4.378781 24.515991 75048.402221 290.732565 5719.316406 -2.144909 -2.892761 78318.370507 -2558.071814 4065.159683 -20.489197 0.69767 -1033.162222 2435.410309 -0.745087 28.280487 -4361.68742 -832.791967 1458.619537 -5.822754 30.101929 64136.928515 -19440.937174 -219.419966 812.492371 -68.000736 29.80896 60051.102158 -432.508993 1519.432068 -7.332306 48.935852
2339.697351 4598.334579 -0.068817 8.60939 58194.05623 633.835039 5546.982574 8.360138 50.464172 632.214289 5676.111298 -19.174232 22.407684 79198.263393 103.096366 6589.916382 -10.544248 38.178406 77979.807863 258.439112 5718.528748 -26.11517 1.867371 78511.240596 -2545.129919 4082.456398 19.120178 19.951744 -1038.836279 2455.554352 0.504227 22.799072 -4083.671317 -822.860479 1477.330933 16.109772 21.366425 66194.351173 -18963.515091 -278.882971 825.327454 -53.284721 15.490112 55769.80042 -477.16445 1590.048218 -38.477173 73.271179
2360.740118 4618.200302 15.297241 3.167114 58976.414582 660.323286 5543.178864 20.742722 -20.502319 629.878416 5732.74231 -8.081398 39.932404 83038.819486 114.922309 6654.840698 6.080418 48.225708 81762.935833 226.195993 5734.621124 -37.988644 -0.606232 78448.600371 -2508.254328 4142.35424 31.130066 43.199234 -1023.881922 2520.760422 9.208832 48.507462 -3522.621179 -792.673273 1531.712494 24.441681 37.682953 69377.887757 -18135.972945 -169.470778 890.2771 103.666668 48.251038 64244.783001 -471.588144 1704.137421 -0.16922 97.390594
2361.031547 4601.100616 7.138214 20.788803 64241.46445 687.929587 5519.594421 34.453087 14.304047 562.013946 5746.539612 -61.017685 51.685791 88144.786005 94.563856 6654.873657 -13.511667 37.921448 84800.666089 192.640138 5698.347473 -26.70907 1.614838 78615.512424 -2549.405923 4169.186707 -34.30481 64.720955 -1057.173791 2617.101593 -26.445084 134.22966 -2186.083756 -842.332788 1627.680359 -42.812729 133.856354 63850.734377 -15345.662349 -159.332223 1003.927917 16.98534 151.539307 65690.505585 -464.11715 1839.922028 14.31778 173.673096
2382.974424 4576.031723 9.758148 23.685684 70514.496648 711.889372 5425.827942 11.775055 -45.011902 568.967657 5658.874359 -5.231018 -38.910675 84286.682535 15.140979 6532.227173 -91.607606 -73.891907 78932.694457 192.984695 5619.965363 -11.840172 -29.627533 75581.392734 -2583.801699 4228.173332 -46.580505 107.741203 -1068.91408 2823.249512 -23.925018 254.902496 -521.462224 -821.47069 1956.902618 8.677368 377.976837 64952.452995 -8724.116753 -154.202738 1307.151489 -7.055244 351.978149 65088.03889 -405.456629 2701.452789 46.475792 910.285339
2383.61156 4564.988861 2.499847 0.954819 70773.501981 715.953937 5391.59668 5.927277 -22.233582 547.117496 5637.939758 -19.98745 -8.93692 83412.753377 18.700502 6490.703125 5.422235 -29.526367 76646.744597 191.766162 5530.704346 0.644178 -77.263336 67949.83089 -2655.08183 4256.42086 -69.417419 40.245209 -1111.08891 2970.78476 -40.312119 159.532928 -61.858096 -904.705014 2094.316101 -81.371613 149.411163 54991.298487 -6618.897597 -308.388333 1403.70636 -152.322884 108.552551 52757.587201 -513.507657 2650.76561 -106.188316 -38.689499
2382.913332 4562.692642 -2.840118 -2.9142 69984.479347 714.031801 5382.620697 -4.064026 -9.593964 545.085344 5613.025055 -4.174042 -25.532684 80941.040116 14.577832 6475.350647 -6.26456 -15.970459 75424.299234 192.519493 5498.55545 -1.388559 -32.766876 64835.954373 -2655.70117 4257.948685 -2.76123 0.909843 -1111.810713 2974.741287 -2.863693 3.338547 -57.028216 -905.27545 2100.677185 -2.712326 5.743103 54673.53904 -6543.769042 -309.244528 1413.405151 -2.998085 9.080811 52527.876211 -508.596525 2640.944595 2.769241 -10.438995
2422.072692 4516.620255 41.441956 -34.886169 60882.404539 781.944442 5132.318115 70.195236 -239.116364 448.745131 5399.696808 -94.057617 -202.142029 62684.676874 -51.939683 6182.945251 -64.23492 -281.219177 55508.6408 76.616807 5291.105042 -113.62009 -196.264191 47713.511706 -2774.655824 4218.853798 -116.672058 -27.908669 -1193.130021 3284.337463 -79.036713 320.782394 508.524511 -1013.762879 2732.54715 -106.204834 643.056183 42955.098027 -843.71313 -689.70427 2235.820007 -378.177147 833.601074 27571.043624 -372.435708 2922.211227 138.443413 292.45285
2413.431215 4511.887283 -3.431244 -3.381958 60033.726465 738.401232 5059.092407 -38.332977 -71.874695 328.45191 5384.413605 -115.082989 -13.93219 61512.227877 48.124218 6045.599823 105.274134 -135.994415 46970.688672 29.936941 5234.608612 -41.469634 -55.145416 43374.048107 -2807.778959 4200.196266 -27.912903 -17.306519 -1210.641127 3275.699463 -12.300873 -7.286987 478.151598 -1071.407652 2740.314026 -52.43454 9.117889 37690.099052 -801.546957 -749.361906 2307.602844 -54.447403 73.13385 24634.625273 -528.46961 2834.702911 -150.823669 -86.157303
2345.31743 4525.647736 -17.950897 -10.805588 57362.062349 735.538072 4929.449692 47.299728 -154.208755 174.666871 5255.48233 -103.62215 -153.497314 49327.562119 -75.844923 5797.232361 -73.806253 -272.933502 31985.574217 -38.544093 5108.593445 -18.318145 -150.581207 32578.210717 -2998.410597 4245.880394 -140.46875 21.118088 -1391.883498 3542.066145 -131.079483 241.800642 1985.346585 -1331.94316 2960.522003 -210.37262 195.641937 20026.13332 -157.197566 -624.140349 2677.939911 175.384445 345.771027 34684.661237 -863.488875 4056.609001 -284.856377 1197.34005
2397.394925 4535.986557 43.621063 -16.800766 53328.875588 736.045896 4886.620407 -7.948608 -69.968872 221.448041 5205.214233 38.324738 -77.407684 43692.522552 -110.069379 5731.829681 -42.680888 -92.542267 27556.200981 -214.549578 5033.273163 -184.461918 -102.459869 26114.177036 -2989.903811 4258.688049 0.050354 -14.331932 -1432.055453 3582.617664 -48.628387 13.411932 2099.087776 -1370.886172 3124.967079 -47.399445 137.305489 16810.817476 -2.153558 -611.771716 2711.728134 3.912201 6.648636 34928.397262 -859.78937 4047.263298 -4.756927 -36.485291
2315.499034 4516.986237 -11.332245 -19.508133 48830.205227 642.823405 4668.178253 -22.658844 -218.949966 -37.698894 4946.246262 -188.583288 -259.475784 27295.756567 -210.295968 5661.290894 -29.662943 -71.0466 24379.578852 -348.749166 4758.239136 -63.635941 -275.54184 12273.026774 -3264.833913 4033.296776 -204.366455 -225.899086 -1520.938649 3428.41116 -18.31955 -154.714317 979.52882 -1460.684438 2853.899078 -19.234619 -271.575813 15586.251524 -545.852113 -707.907567 2739.53125 -25.572205 27.295303 33350.652334 -1012.026677 4077.704773 -81.67366 29.933662
2392.376022 4472.314682 36.230316 -18.918381 44656.836765 710.584717 4492.802353 27.114639 -149.622726 26.16066 4584.994125 23.212881 -335.498962 11786.193418 -282.889252 5236.601715 -113.239956 -398.936005 10154.360369 -346.890068 4548.792953 -38.787575 -183.693008 5914.722347 -3213.876877 4046.9104 10.310364 39.366798 -1526.089859 3302.47982 -45.797882 -100.178165 479.466134 -1628.845444 2615.423889 -208.807678 -212.722015 5272.317801 -1641.41093 -796.099014 2707.135086 -128.83812 -6.64299 25956.266898 -1002.935562 3903.70636 -31.555557 -148.245239
2187.214966 4461.552124 -154.055176 -68.646164 31078.843968 522.917442 4375.705338 -136.561394 -174.980621 296.951599 4059.355888 321.89682 -583.521843 100.696547 -303.455715 4550.333328 30.539417 -744.151993 -6.333067 -211.403379 4306.544838 186.592569 -300.131721 464.715967 -3351.829681 4078.489876 -86.846924 -26.304131 -1731.805573 3394.871178 -154.609833 34.507751 631.764174 -1986.110077 2475.009766 -306.158752 -198.297729 -15.810677 -3192.500208 -1630.745392 2468.09082 -783.540497 -296.927872 916.97525 -1418.256989 3222.33551 -364.215546 -739.254456
2199.515238 4478.304901 35.089722 -2.264252 30672.791724 548.297358 4265.028076 48.169365 -129.69429 233.928499 4002.169342 -40.23365 -76.203575 -8.022731 -439.911566 4234.278984 -113.666401 -335.071373 -2403.270501 -322.117281 4173.44471 -87.924452 -152.117157 -42.198096 -3447.839651 4070.44117 -73.22052 -27.065735 -1782.421865 3219.636574 -27.826843 -194.251633 47.69786 -1847.384939 2517.145309 161.514587 23.118515 1326.950948 -2985.340415 -1709.57427 2067.849426 -56.039429 -419.258423 437.8425 -1396.786947 3016.775589 44.259491 -224.57695
2198.239489 4476.139984 -7.709045 -15.343323 27991.595928 540.017939 4235.896111 -14.712715 -42.310371 217.768564 3953.130856 -22.593231 -62.216892 -177.90111 -551.083212 4148.450508 -117.604942 -99.006882 -3939.436855 -382.874594 4117.25563 -67.190609 -69.367485 -372.053216 -3434.010725 4078.363342 7.39563 -5.256233 -1758.944502 3165.469627 17.044067 -67.345352 0.344196 -1819.87483 2477.391968 21.076813 -52.931747 1738.873124 -3469.908067 -1715.271254 1850.014191 -12.13028 -231.013641 357.183222 -1415.381422 2900.443726 -25.027771 -129.510269
2186.862068 4446.75415 -61.525269 -25.061493 23875.863615 454.86908 4045.855293 -135.296707 -185.716476 152.599316 3714.925642 -115.317097 -233.880873 -2790.952567 -537.538643 3765.585866 -36.603279 -378.540301 -13295.209835 -389.275665 3802.790117 -56.54892 -310.141172 -5849.889939 -3343.483238 4088.150101 40.379639 14.111099 -1644.70211 2990.396729 64.094543 -170.748558 -238.280817 -1750.557671 2291.253052 19.169312 -181.814575 2161.793147 -5411.786378 -1708.97274 1306.759338 -43.849335 -538.930511 134.044545 -1531.443748 2684.455719 -166.210175 -211.663666
2228.582687 4420.446243 23.031464 -3.225021 23369.988242 517.972183 3942.791157 44.413948 -79.981251 147.956161 3502.006779 -23.33231 -189.835978 -7205.269568 -500.135727 3544.01226 18.71376 -198.49072 -20407.435775 -401.25679 3648.996983 -30.67028 -130.710249 -10118.350679 -3310.863113 4126.775169 13.930969 61.707954 -1636.340408 2809.912338 -10.327454 -157.401505 -912.456217 -1794.384384 2161.400909 -62.515869 -106.769257 952.121176 -6752.432484 -1491.442947 1389.654083 198.840637 105.977631 2005.088569 -1557.555923 2105.565186 -44.801331 -555.807648
2223.955631 4392.283249 7.472687 -0.390167 23309.154089 553.000355 3768.716426 47.127914 -146.301904 147.832737 3417.227573 11.976318 -57.006378 -8932.057444 -471.167011 3459.458485 41.068459 -56.780949 -22721.212554 -420.546246 3617.866068 -7.189713 -3.358088 -10243.323947 -3214.818935 4077.958755 108.143921 -21.043587 -1524.398708 2847.162704 124.041443 65.023193 -581.056792 -1810.232601 2053.916779 -3.748474 -79.711304 895.132388 -7849.95326 -1383.264217 1242.111053 120.278473 -119.770203 4206.96646 -1373.958035 1698.980255 195.697632 -378.812103
2132.222738 4358.942261 -7.402496 -18.902817 20456.827574 478.672514 3644.198275 10.002556 -110.07998 61.945925 3333.132401 -1.556416 -69.657001 -11293.602601 -570.102396 3363.260994 -14.604988 -81.759319 -26271.043926 -503.45685 3559.246063 1.419792 -44.181833 -11959.01304 -3226.436014 4070.404472 72.713318 6.883888 -1474.218454 2832.21611 134.510651 -0.508423 -583.359196 -1691.744089 2082.105408 202.818909 42.626801 6505.201194 -7252.761823 -1314.561548 1205.830688 153.033066 -21.842194 8174.526621 -1710.706186 1884.794769 -252.417755 200.252686
2129.0872 4359.180527 -1.472778 -1.199417 20282.120908 475.684719 3639.769297 -1.325035 -5.866661 59.47752 3325.116119 -0.805645 -9.453964 -11635.439444 -590.710964 3342.847137 -18.945808 -21.85154 -27263.411083 -506.732845 3546.042271 -1.613235 -14.641476 -12556.869236 -3223.463459 4070.338364 4.635315 -1.503792 -1470.350819 2837.582855 5.530396 3.929062 -565.684705 -1681.704426 2102.932587 11.702423 19.389496 6985.991071 -6988.936169 -1299.887867 1241.146545 16.336441 33.878174 8675.206216 -1641.544666 1860.174255 70.82428 -26.058197
2214.922557 4296.164513 40.858002 -52.752953 13339.280872 538.138003 3588.91674 17.475929 -40.589495 136.773791 3221.897888 32.318916 -92.95517 -15267.929217 -499.80866 3150.49942 45.92495 -182.084656 -36247.970865 -477.771802 3416.500225 -16.016312 -119.278984 -17970.672137 -3080.681539 4044.536057 97.804565 -15.539246 -1348.106236 3102.513924 77.267227 275.19413 4.161866 -1485.077901 2234.966583 151.64917 142.297058 14766.615783 -5202.313363 -858.022084 1429.418488 396.888428 198.535004 25411.329512 -1072.320104 2037.3909 524.247208 187.479706
2238.520331 4274.223862 24.451752 -13.139381 11835.451036 556.54676 3533.304882 19.262733 -46.810589 131.215358 3126.260414 -4.704456 -86.836205 -19106.433777 -452.151055 3052.463799 48.511581 -89.234352 -41117.449224 -457.818856 3292.263412 20.806923 -115.435543 -24131.519368 -3049.383111 4086.873322 32.152405 51.138535 -1259.541039 3327.696114 89.419174 233.983459 575.858495 -1917.497125 2727.60849 -431.565247 501.443176 183.872866 -1004.755575 -969.945474 2496.572113 -111.069412 1075.954895 19842.676639 -1027.090173 2461.093292 46.083908 432.503662
2229.42502 4260.528183 -6.44989 -11.299133 10614.146716 543.224955 3498.90213 -10.676384 -32.006207 121.080923 3083.254013 -7.489014 -40.609856 -21049.112892 -506.588316 2953.349915 -51.79184 -96.717339 -46741.735549 -469.676733 3232.831116 -9.212456 -57.035751 -27510.103876 -3038.3002 4090.141182 13.728333 5.664406 -1244.503889 3307.919769 17.682571 -17.379799 500.243908 -1881.225004 2661.403275 38.917542 -63.80867 542.674327 -1357.369472 -913.54701 2442.679596 59.043884 -51.495972 22717.303133 -955.803175 2535.501862 73.932419 76.805115
2307.553067 4193.711624 62.143097 -77.317352 4041.197327 573.197789 3324.242744 13.987885 -185.160179 235.315747 2997.464447 98.249874 -96.290359 -26031.256886 -498.811259 2554.940033 -8.207893 -408.910675 -74503.658707 -424.171748 3099.762192 29.520035 -143.569717 -36994.163833 -3043.143191 4091.189423 -20.827942 -9.452553 -1181.503024 3438.973179 47.015915 120.552616 1134.260199 -1384.575381 2968.941803 480.664673 297.037735 20602.527641 -166.245788 -616.519351 2569.798889 281.042709 116.6185 39064.870871 -632.40993 2609.911194 307.408295 63.908539
2324.330049 4178.829346 1.492462 -24.11171 2628.239202 568.775201 3311.175423 -19.707108 -22.296753 274.503274 2956.34285 23.903008 -50.351028 -28846.976305 -421.564536 2586.985779 61.962204 22.816315 -72784.899982 -266.326461 3090.443459 142.560768 -18.548164 -38321.70416 -3071.15396 4132.385712 -43.295288 31.966858 -1205.856643 3561.702309 -39.638138 113.499699 1965.111762 -1187.812514 3187.596817 181.478348 209.425583 35695.842081 15.931602 -435.023551 2929.828949 166.211281 350.800629 50805.46518 -572.266669 2934.493484 44.858742 315.352859
2342.964849 4177.537651 28.006744 -11.786079 2047.742755 591.590948 3376.488419 32.187691 54.818611 272.591391 2986.409988 7.46006 19.572754 -27735.257264 -473.703012 2829.821472 -42.766533 232.341309 -56424.632526 -247.371302 3172.540321 28.327103 71.602478 -33326.127853 -3164.581079 4180.44323 -84.055176 37.563133 -1352.855005 3604.224205 -137.626419 32.027512 2240.606003 -1076.501322 3160.440102 120.683136 -37.6511 48014.829285 0.913547 -429.344034 2846.440201 15.05146 -93.883133 51944.710175 -808.363733 3132.948227 -226.725121 187.960358
2385.58651 4195.402489 41.615601 2.409821 2160.549208 618.06179 3516.014824 25.464783 124.071388 247.773876 2988.382263 -25.823574 -13.482742 -28498.72674 -595.03437 2924.851532 -122.337418 79.575043 -51299.527603 -298.561764 3170.032272 -52.196522 -17.963066 -34546.608803 -3188.656502 4198.509254 -25.081482 2.611008 -1439.144783 3576.392832 -87.295837 -43.28639 1872.556766 -1053.781471 3155.261421 21.713791 -20.633698 50424.798078 -0.500993 -495.298615 2853.772354 -66.96064 -8.122864 46973.363442 -774.744682 3089.513245 32.612991 -58.889999
2448.117237 4184.869728 56.184387 11.276321 2728.594021 676.394215 3651.505079 51.986084 157.299337 489.702702 3042.359543 235.582485 75.786362 -24341.896308 -545.124454 2972.641373 43.563576 69.598923 -47016.953292 -87.943308 3299.541359 204.272115 151.318169 -24951.756868 -3133.393841 4166.213913 48.916321 -10.486259 -1401.529675 3451.612415 31.268768 -102.971334 1129.647442 -1178.595867 3135.505981 -131.160736 2.053642 36765.844644 -0.294016 -667.015095 2630.595169 -178.06282 -201.368103 34969.827877 -996.521358 3148.319817 -228.123016 80.615654
2404.188595 4197.42363 -4.847412 -2.538872 2594.92181 620.539989 3671.424522 -16.772995 4.82667 324.761677 3090.880699 -125.859795 33.428383 -22612.46359 -337.764282 3054.507904 246.441402 66.773758 -43083.641079 -213.574877 3373.010864 -86.550338 58.376732 -21666.50898 -3234.247532 4152.572327 -61.772461 -28.73436 -1459.577579 3381.809845 -18.966675 -84.895344 657.597137 -1236.615772 2983.753433 -18.938675 -166.845322 34971.4766 -195.838918 -775.491886 2490.966644 -69.395561 -154.721298 30770.501187 -1061.663074 2621.604538 -26.060486 -541.808052
2372.37071 4198.954468 -8.802795 12.516251 3286.423986 553.308973 3666.469724 -44.215927 6.030614 292.208967 3062.215271 -9.537621 -17.680016 -23519.208844 -477.641649 3133.452873 -116.862278 89.930382 -38057.768851 -198.834372 3401.404457 37.755594 39.379005 -19581.313379 -3212.791491 4139.842567 44.47113 -1.744347 -1383.301058 3376.780281 99.291611 5.955849 686.573792 -1332.173281 2476.433487 -72.542419 -496.334534 28513.634948 -2917.246734 -1263.410769 1728.197021 -464.903793 -751.78421 9562.915542 -1252.72748 2807.3983 -168.049316 196.779175
2451.48243 4168.724136 6.033478 4.726944 3568.804401 687.094536 3682.261183 60.707321 50.748734 360.162735 3015.470963 -5.124474 -11.787033 -24133.626767 -250.299778 3133.322067 154.26363 34.826469 -36195.148488 -156.100712 3354.758778 -30.344582 -11.688404 -20189.229561 -2965.529594 4002.531319 174.183655 -102.353973 -1242.18502 3235.710869 68.037796 -106.112137 263.900019 -1416.762352 2284.921875 -157.667313 -156.554337 16749.179084 -4440.068429 -958.600883 1522.606049 231.731644 -170.633698 18627.454287 -1110.980873 2397.780151 68.668365 -374.660873
2346.094294 4177.98912 -37.804565 0.189667 3580.37763 635.565195 3644.818056 16.05423 -46.518445 225.227976 3060.024681 -67.351189 35.478401 -22308.22316 -334.52117 3157.474213 -16.637821 15.076828 -35403.290284 -275.851011 3372.926731 -52.166729 9.092636 -19715.517054 -3051.069403 4026.376228 -17.956238 14.769592 -1286.003942 3394.067879 23.764648 149.281693 915.279124 -1581.205969 2661.135559 -96.860046 367.138367 11064.650467 -1371.448075 -985.182257 1834.258118 41.002197 302.576752 20543.080671 -970.01708 2674.28421 208.547363 267.428741
2297.69372 4193.365135 -60.166321 1.365089 3664.226358 561.363764 3542.801313 -85.967178 -116.027668 207.746229 3080.216675 -29.247494 6.181068 -21997.541922 -381.074286 3161.257133 -58.318863 -10.228004 -35939.525422 -305.955667 3348.526573 -41.870403 -38.411083 -21754.976892 -3060.137396 4092.05349 -20.83374 51.666336 -1210.917959 3398.311901 63.320236 -9.766903 860.6628 -1651.980047 2560.573807 -82.539825 -114.572678 7147.16933 -2140.965134 -1141.563177 1758.385162 -168.146667 -89.883881 13283.276748 -1048.758841 2663.04512 -90.507507 -25.250015
2292.279043 4194.67804 -1.066284 4.271889 3932.891778 560.055456 3540.905304 3.040085 1.062975 208.37594 3079.135361 4.978104 1.87767 -21903.595338 -401.029768 3134.602699 -15.60709 -23.69545 -37197.318825 -312.608366 3341.811485 -2.304306 -3.756104 -21959.796197 -3047.784739 4087.104759 16.70105 -1.989746 -1194.231882 3393.802223 21.03447 -1.550694 852.145898 -1628.966074 2561.06041 27.362366 3.445587 8351.355669 -2115.334131 -1109.627695 1774.988708 36.283875 19.562531 14716.461413 -1024.33732 2676.532516 28.769913 16.446381
2293.525686 4186.654015 -2.881775 2.785301 4113.182026 563.690252 3523.371601 -0.493622 -6.724377 211.492872 3060.181541 -1.011486 -8.144493 -22312.548786 -425.030794 3080.157127 -28.129444 -43.636246 -39570.203099 -329.422045 3304.584198 -20.942097 -26.417961 -23427.471343 -3021.674204 4080.042038 21.982117 3.746605 -1173.545084 3400.125885 16.55838 17.132988 948.596645 -1541.499796 2591.181488 83.33786 40.930405 12596.267253 -1822.668431 -706.289186 2105.737 399.210091 341.557617 35331.81828 -915.894556 2875.42305 104.314346 209.69986
2332.820554 4188.424606 -11.848755 3.867455 4370.219052 629.390225 3330.989685 14.556351 -190.285053 237.622533 3006.639023 -25.013962 -51.445656 -24983.157698 -562.448688 2586.552811 -188.561516 -491.507454 -71364.810938 -330.375037 3191.654129 -52.096615 -110.833206 -30102.280994 -3004.603457 4071.491318 -34.072876 -6.453857 -1204.879413 3495.966053 -82.477951 97.937031 1599.175969 -1275.421557 2699.178467 214.934616 110.093842 27555.985572 -1143.544378 -301.208262 2645.326843 353.937302 541.686707 61040.901553 -905.340381 2972.819901 -40.589447 99.493713
2297.144051 4212.635345 -19.187012 4.517746 4680.339974 566.996918 3333.166885 -45.903816 -17.515793 280.229988 3023.429565 59.096947 -2.902451 -25138.325029 -457.736473 2589.335785 121.201706 -16.910019 -72624.307774 -257.868347 3144.05529 88.996181 -67.291832 -34562.51865 -2989.399223 4102.252769 31.693726 11.068459 -1158.881187 3505.079479 62.487717 -10.579567 1520.759199 -1194.678535 3015.425262 97.232513 296.553802 36222.885478 -98.138515 -525.99617 2571.010895 -208.298416 -94.008942 45064.899207 -706.635094 3189.899902 215.194778 197.387009
2338.204641 4216.622467 14.849091 7.323303 5205.629253 597.945509 3355.329628 4.737091 25.498924 380.841093 3002.8759 74.399605 -17.217484 -26068.66224 -350.136251 2745.654984 81.388721 159.65538 -61171.846403 -136.390266 3100.351257 95.266581 -40.367851 -37385.989387 -3020.628824 4172.284813 -57.441101 73.368225 -1238.996744 3582.824802 -106.327057 81.081505 2172.08137 -1109.604197 3305.572433 58.862839 293.483353 42044.64645 189.222003 -331.979856 2872.557983 167.804813 304.88327 57745.698081 -825.99946 3490.137424 -145.575867 303.573704
2399.78126 4242.276878 64.784241 24.555473 7170.796158 604.041286 3474.197731 9.303398 117.769165 334.998889 2936.810303 -42.634583 -67.164536 -29859.448396 -398.662114 2816.840286 -45.318241 70.086365 -56454.574422 -144.801965 3099.536057 -5.204077 -1.914139 -37522.623623 -3030.944295 4217.226105 -7.107849 43.842354 -1279.000401 3607.581415 -36.796036 23.657675 2383.941933 -1115.492101 3315.969963 -2.680283 9.298592 41770.132993 210.409644 -295.820317 2859.378204 39.367161 -14.278717 60948.000031 -842.980275 3560.995731 -13.773193 69.759369
2421.776271 4249.782753 8.184662 -2.228317 6979.509212 649.918056 3569.961843 32.066422 86.029921 365.702319 3062.913589 16.893082 116.369095 -23454.795384 -413.541265 2940.556335 -28.689499 113.981857 -49187.022656 -133.615041 3142.809677 -2.623425 33.539429 -35164.601026 -3003.699498 4254.709702 13.434448 27.749405 -1302.448506 3673.9569 -37.258453 56.641293 2931.23073 -1106.832433 3302.282181 -5.150681 -23.421974 41245.126421 159.191008 -451.805577 2802.132492 -169.795609 -66.979904 47753.475521 -806.811681 3551.202507 22.358246 -19.527416
2427.522452 4251.84433 1.256256 -1.16169 6880.810982 681.348975 3643.690252 26.940994 70.505142 353.057501 3207.913208 -17.134743 141.776352 -16695.278137 -442.812555 3091.828117 -33.761215 148.048515 -40494.686651 -148.205612 3251.485062 -19.080496 105.452118 -28249.173714 -2987.966897 4280.467834 11.242676 22.534866 -1332.657602 3702.37706 -34.69902 25.196894 3192.850719 -1131.983469 3313.123665 -29.640961 7.618217 38288.369809 175.067715 -597.004411 2803.397141 -149.688759 -1.958618 37454.684964 -791.341074 3513.308773 10.980682 -41.117001
2449.507997 4236.859703 30.373383 18.255119 8513.038534 737.093065 3748.046412 64.131927 137.595906 302.354181 3153.401947 -42.315483 -21.271515 -17636.363299 -284.295237 3281.990967 166.905155 223.402596 -28976.722329 -149.956172 3310.304832 6.637278 92.059517 -22830.421486 -3025.74652 4278.49205 -29.391785 31.263962 -1484.251921 3826.84103 -143.206482 157.703716 5084.29155 -1143.53575 3346.357498 -3.164444 66.473579 37979.205167 345.61753 -717.977507 2832.367325 -112.585258 62.20993 30531.883228 -790.275176 3634.295268 9.453735 154.226241
2379.433169 4279.529305 -42.769165 21.728134 10682.020767 687.489581 3812.753038 -22.297821 43.765159 261.68241 3308.531685 -13.366108 134.188271 -12131.671079 -282.042146 3702.701741 29.558754 399.769307 -13165.056032 -121.1799 3734.404101 56.081934 403.157802 -5890.174863 -3129.504209 4272.740021 -76.452026 -26.693497 -1605.201993 3782.947922 -93.644409 -64.834576 4253.667653 -1409.022794 3277.27829 -238.181381 -90.020676 18306.197086 128.43271 -819.41052 2750.197983 -74.12735 -103.110809 26359.695927 -1217.095609 3461.306019 -399.514771 -193.930717
2314.012785 4266.068726 -28.516235 5.425224 11261.946895 707.90904 3858.361397 57.323608 64.494162 131.56003 3515.95396 -93.218231 226.308079 -5174.075341 -361.97875 3824.760227 -43.032455 140.944289 -9058.577283 -206.753845 3739.626746 -48.669796 24.108448 -5227.495522 -3025.047579 4221.138 141.360779 -32.716217 -1496.175508 4043.219681 145.930634 279.157562 8356.934058 -1429.705629 3252.856178 16.221313 -5.536308 19420.716388 118.514732 -1026.53264 2594.794846 -170.217972 -136.517334 17938.683397 -977.804918 3566.323204 276.194839 123.902988
2219.540787 4303.194237 -93.423615 6.956749 12028.014832 684.32457 4064.400902 -22.536087 175.870743 52.514868 3674.956956 -77.996778 128.834233 -2517.729988 -418.594475 3983.296738 -55.567341 128.367748 -5984.509859 -299.820175 4024.43512 -92.017946 254.639611 -642.169611 -3075.423965 4374.666748 -49.328003 123.359985 -1726.544724 4261.807327 -229.320831 188.418884 11902.259943 -1928.082199 3557.769117 -497.328186 274.744177 223.482848 1091.501268 -1641.607895 3332.354202 -614.026871 707.390594 986.663528 -1630.190964 3507.399769 -651.337662 -89.092197
2212.559547 4328.124352 -19.148712 18.666992 14208.153126 678.895683 4208.103676 -17.596359 137.439651 49.523211 3875.477982 -15.15913 194.257903 -301.923234 -519.393044 4147.181129 -112.966042 157.621269 -3078.296072 -184.868517 4121.498833 102.784185 90.800591 -73.886422 -3185.056419 4332.318268 -121.799927 -48.611603 -1973.894157 4341.324768 -259.516907 73.254318 13449.425388 -2269.252129 3757.584882 -353.337402 193.552642 -5393.375044 2366.15942 -1937.24926 3630.066414 -307.808838 291.449089 -399.347969 -2203.700981 3706.638294 -585.67749 192.975403
2119.171457 4225.58609 -37.068329 -48.786125 8892.998949 726.679316 4292.416534 104.103394 138.064995 8.665743 4000.740662 15.462294 179.014816 165.155076 -514.382391 4253.780365 61.330414 160.351372 -1103.98349 -288.924751 4358.845596 -47.736473 291.0989 2032.96527 -3345.062094 4071.251488 -103.685913 -207.314644 -2388.257132 4578.645401 -358.043213 291.072769 20530.849152 -2893.970785 4041.077423 -568.398895 337.244678 -46495.06667 5750.758795 -2232.844381 4165.845032 -239.27536 589.530754 -3592.268903 -2690.715933 3744.764442 -430.69519 91.878284
2242.140312 4282.840462 78.859863 37.687416 12890.049726 801.021156 4406.231384 30.232849 94.247894 -74.347365 4267.74353 -127.122099 247.435913 2984.610337 -355.077248 4571.435089 115.196152 298.087769 66.376491 -285.532322 4540.899124 -40.716562 162.486572 5633.104442 -3267.426796 4367.084961 33.526306 276.266518 -2509.66877 4809.356613 -165.52063 211.144257 26601.498441 -3126.431618 4391.008759 -276.569824 330.36438 -81118.06654 10500.019336 -2803.175697 4509.523926 -614.440308 324.111938 -26415.591563 -3021.650734 4519.088821 -375.043793 754.757423
2251.55426 4295.226822 37.070618 33.467293 17059.6273 848.417587 4653.773422 75.053101 268.622971 -78.217087 4470.808563 23.786948 224.145966 8552.426013 -468.267899 4851.946259 -85.533981 301.592102 2500.698907 -331.509342 4731.994095 -18.320351 212.175903 13037.815883 -3323.834991 4329.076843 -28.751526 -16.927185 -2748.491364 5111.551361 -211.165924 323.275681 37417.415938 -3081.150055 4675.437088 72.938232 305.509262 -71057.70319 16154.78781 -2999.684906 4697.032318 -168.852539 208.589325 -36374.91084 -3695.319672 4940.838318 -646.012268 442.830429
2225.460367 4375.856857 -57.914276 80.0383 29397.008888 705.865488 4790.863571 -174.372482 136.498413 379.842882 4413.207245 426.239586 -58.193054 6831.559761 -387.700567 4780.07843 48.746948 -72.459564 1595.993124 -106.559324 4756.459808 193.129635 23.873978 14062.655588 -3322.338705 4308.407822 -30.324097 -21.260757 -2776.392965 5469.476166 -59.721985 357.333069 51514.437409 -3255.410604 5358.039093 -206.080933 682.010269 -101199.432416 33156.407809 -3435.164328 5119.285278 -467.299805 421.661224 -72225.05977 -3723.609457 5155.928497 -60.110168 214.498444
2212.124882 4349.676743 10.957184 2.166443 29777.327009 829.763355 4963.392334 148.190536 200.87532 245.303326 4474.078217 -110.246887 89.217529 9548.789182 -393.868885 4779.261322 18.124352 27.529449 1915.888471 -186.366792 4719.106216 -55.514798 -9.007034 13671.45585 -3337.144375 4249.117775 9.487 -30.943489 -2914.964504 5660.040894 -114.27887 218.911285 61261.465818 -3277.266445 5499.806519 2.436829 170.113983 -100811.964227 38339.426472 -3633.653469 5280.518341 -174.196472 189.57962 -88704.387697 -3679.266262 5099.973755 68.635864 -27.608185
2224.65868 4364.871216 5.198212 32.357864 35748.63747 821.92194 5132.735596 -15.177002 186.506653 126.601143 4775.099564 -126.037769 318.184738 22935.401483 -385.942211 4987.136841 0.591087 225.03891 5625.808442 -108.095716 4881.339569 70.935489 179.396744 22502.745123 -3369.101086 4179.532547 -39.292297 -52.421837 -3103.456249 5648.556671 -195.827332 5.679169 61525.562741 -3750.216503 5561.991577 -480.285645 79.34845 -191541.56446 40885.682219 -3863.17976 5600.874481 -236.861877 337.519531 -113826.40188 -4532.877026 5927.397003 -860.94635 844.586639
2178.823023 4354.020462 -10.28656 -0.738449 35606.284138 918.877878 5154.425659 132.505035 31.802368 83.700266 4896.538849 -7.35178 131.55159 30156.849963 -298.231173 5054.867249 123.260136 77.842712 7363.296958 -181.127269 5069.096985 -37.482456 197.86972 34782.274334 -3434.000158 4114.848175 -29.349976 -54.572067 -3318.919592 5907.393799 -179.914246 268.949432 74682.865631 -3925.440893 5660.019531 -139.675293 108.140259 -223346.054793 44487.65212 -3999.016027 5826.063843 -100.28717 235.301666 -125405.685236 -4569.638586 6545.549316 -1.212463 628.264618
2159.11293 4356.159744 -2.501678 20.547485 39673.281917 966.653366 5168.819885 64.983902 32.802429 118.466949 4937.539673 51.975098 59.409027 33741.529484 -275.307932 5110.908661 40.131655 74.449615 9243.471198 -99.587178 5128.915405 98.748505 78.226624 40371.471532 -3476.375504 4073.779488 -25.166931 -22.660484 -3447.027359 6003.866119 -110.899353 114.880524 80691.241347 -4039.286575 5746.909637 -96.637268 105.298309 -246779.707837 48141.058305 -4130.360489 5919.836426 -114.136047 112.180786 -139266.272753 -4304.420242 6742.131348 282.426758 214.990234
2102.164583 4383.862 -72.017212 32.156601 46479.412651 946.217699 5303.745422 -35.504532 139.379883 319.283419 5061.907349 185.747604 128.822021 42205.869931 -211.949615 5728.805847 48.289452 622.351532 33314.626097 14.131021 5254.689331 98.649335 130.228271 50599.39218 -3504.617186 4008.669205 -43.310547 -60.655937 -3489.232664 6067.679749 -57.27417 68.267975 84371.832399 -4035.201292 6181.365662 -10.983582 438.91037 -249517.096081 64922.093574 -4203.604307 6227.946777 -88.312683 312.564697 -150489.335662 -4404.886961 6843.473816 -115.535583 105.796814
2140.573215 4389.72496 13.119049 22.247543 51503.411111 1021.494312 5333.609467 49.98703 46.248627 335.295162 5100.034332 -9.27784 54.511566 46072.527205 -207.213354 5882.987061 -20.553322 170.565796 42517.12709 62.038708 5253.246002 22.618103 14.941254 51846.623305 -3503.87289 3990.792999 -24.545288 -1.491623 -3537.056179 6098.698883 -73.113098 47.403717 86975.835734 -3931.58041 6206.894836 78.331299 41.913757 -230325.063827 66655.604426 -4186.130276 6265.184021 -7.815552 53.621826 -151503.506777 -4754.656887 6790.585938 -375.059509 -36.503296
2127.021894 4399.790726 24.545135 18.347321 55840.598649 1014.896955 5335.830383 31.4991 10.502472 264.464064 5149.741058 -32.734642 57.988281 50371.796403 -322.344599 6027.055054 -77.034788 152.349548 51684.540305 49.010992 5258.938751 25.068741 13.974304 53026.880395 -3454.337511 3923.717422 87.631836 -58.794022 -3098.692675 6041.135101 476.459961 -49.282227 84269.456456 -3435.635424 5462.479401 534.041443 -736.133881 -119943.818306 39531.854189 -3848.634081 4823.337021 375.592651 -1433.565445 -106616.450543 -4013.241014 6571.917114 779.512329 -210.387268
2150.19206 4399.033356 25.02655 4.296036 56881.484456 1053.643599 5363.677521 40.603027 32.900543 268.852911 5221.673279 6.245232 76.985626 56375.797733 -277.358742 6128.152161 46.842241 106.150513 58600.605938 22.511969 5350.304871 -24.642639 96.419525 61532.396296 -3428.010912 3952.620964 28.182983 33.956947 -3051.715136 6052.205658 48.833923 16.123962 85150.210813 -3415.384264 5461.584625 22.107544 4.15863 -116143.794102 39665.29639 -3857.207079 4812.530594 -6.716614 -5.753021 -107350.079627 -4006.222887 6576.272278 8.874512 9.408569
2198.191519 4408.9991 -4.464111 -12.623672 53850.271526 1182.72521 5386.225128 76.618042 -0.041809 341.097403 5328.642273 19.780922 84.379578 63344.651719 -198.256922 6087.421417 26.63825 -63.32016 54422.83751 49.350681 5422.89917 -25.624857 50.004883 66192.529739 -3139.454813 4079.404182 236.092529 104.193802 -2681.263285 6089.132843 317.988281 14.337769 85937.242243 -3320.796061 5515.163727 42.124634 30.989685 -109072.388829 40666.774493 -3795.324869 4894.035645 9.41864 58.915634 -106322.028424 -3863.66044 6563.61908 90.098877 -35.242615
2186.574984 4432.264252 -33.642731 1.98616 54321.689282 1089.304628 5524.270935 -115.446777 116.766815 379.626703 5446.44165 16.503105 96.520386 71814.0308 -128.742328 6359.797974 47.488399 251.097565 71898.198518 112.383909 5491.961365 41.007032 47.783203 70804.534538 -3046.818571 4124.977608 70.610046 24.294434 -2509.898252 6032.351074 149.338837 -78.06076 81696.119639 -3247.081633 5530.884857 51.688232 -5.557861 -100698.993743 40486.245055 -3758.028288 4959.216766 15.270386 43.90213 -104665.76577 -3737.335539 6548.043213 104.298706 -36.854858
2177.736492 4430.110626 -17.46582 6.678162 55921.826919 1092.074032 5544.468536 -5.857925 29.029388 397.817211 5538.013916 9.563179 100.404053 81187.917301 -24.944115 6497.093201 95.170884 146.127014 83186.244088 26.358604 5605.164337 -94.652634 122.03476 83288.072648 -3012.722187 4135.908775 25.469055 19.762955 -2460.844746 6060.45517 40.426178 36.935883 83689.508634 -3161.787128 5555.63324 76.667175 33.58017 -88894.85842 41583.106932 -3711.265888 4978.497925 38.135071 28.112946 -100586.323576 -3699.787006 6528.333435 28.921204 -10.877991
2178.437505 4431.525879 0.637207 0.749359 56102.828344 1093.411794 5548.309937 1.273956 3.175507 393.871045 5552.140045 -4.009972 13.460236 82488.284568 -35.667224 6507.506714 -10.786915 9.74762 83968.50034 27.267156 5634.490662 0.844746 28.660431 86366.779877 -3009.479976 4146.568298 3.178406 9.993629 -2447.178035 6060.12146 13.602905 -0.999603 83635.244817 -3156.963191 5553.253479 4.760132 -3.045654 -88186.215395 41483.019221 -3718.947444 4972.135162 -7.745361 -7.028656 -101408.309879 -3698.15002 6529.943848 1.573181 0.944519
2195.701857 4435.412521 -0.334625 0.709457 56274.461345 1093.361921 5556.354523 -17.648849 4.867401 390.595961 5612.688599 -20.874062 57.371368 88146.683067 25.00226 6595.752563 43.070507 85.068665 90950.730306 30.062208 5706.581268 -14.803925 68.913422 93998.15911 -2975.05971 4191.634712 16.821289 41.889229 -2369.427843 6074.870453 60.151215 11.571808 84264.50181 -3114.18294 5565.36026 25.181274 8.929596 -84484.648382 41776.809309 -3688.058977 4983.203888 13.28949 7.891541 -100000.0 -3647.680254 6525.810547 32.870789 -7.310486
2183.281007 4444.158249 -19.859772 6.712646 57911.36851 1070.782685 5337.486725 -30.018158 -220.900879 379.449029 5729.482269 -18.585854 114.76059 100028.453403 197.66005 6710.152283 165.218868 112.366638 100600.894411 56.439309 5791.191406 18.938179 82.577057 103568.087751 -2865.528808 4305.820923 102.09198 112.15313 -2159.395385 6210.272217 202.593536 133.368683 91687.107467 -2884.94226 5673.705444 221.801758 106.312103 -55308.560306 45354.194883 -3531.124206 5074.434662 149.49585 89.197693 -84836.126806 -3493.896728 6503.196106 146.344604 -24.647522
2190.528016 4459.346695 -3.321991 3.860626 58863.427879 1085.242448 5348.605957 3.890762 -0.208588 392.474198 5729.287872 2.456169 -11.522217 98801.582137 214.315324 6714.029236 6.086273 -7.450867 99945.946997 72.884068 5796.967926 5.875759 -5.5513 102910.200064 -2848.352447 4330.474701 6.607361 13.325958 -2140.307555 6242.660828 8.518829 21.060791 92887.881771 -2871.456695 5692.498779 2.916565 7.465515 -54965.925105 45610.929871 -3516.356902 5085.465698 4.198303 -0.296783 -84428.26769 -3480.59854 6516.776428 2.729187 2.252502
2191.099555 4462.316895 -2.753143 1.630173 59267.771521 1090.687263 5350.211945 2.120132 0.265961 402.226646 5731.05957 6.427765 0.431671 98847.409445 225.769088 6715.315857 8.129082 -0.053406 99941.260234 80.651233 5783.39859 4.442482 -14.909363 101153.658143 -2845.766289 4337.961502 -0.738525 6.146774 -2134.237511 6250.945435 2.745361 6.94458 93285.537422 -2865.15136 5699.654694 2.980652 5.815887 -54616.860992 45811.437183 -3510.619805 5091.58432 2.412415 4.778595 -84194.349697 -3476.260979 6520.746765 1.012878 2.63031
2191.238811 4463.557281 0.00824 1.105499 59542.764097 1093.808239 5350.202179 2.98996 -0.144653 406.906612 5729.528046 4.54895 -1.666412 98670.557532 227.682121 6713.445129 1.782017 -2.005615 99765.331782 85.511873 5773.670807 4.729624 -9.862671 100000.0 -2846.652119 4339.595718 -1.016846 1.499329 -2134.158833 6252.301025 -0.052338 1.220703 93355.524237 -2865.001118 5700.675507 0.019226 0.885925 -54614.613035 45842.018752 -3510.540669 5092.19696 -0.05188 0.477753 -84199.376777 -3476.434224 6521.782532 -0.30426 0.900879
2191.238811 4463.557281 0.0 0.0 59542.764097 1093.808239 5350.202179 0.0 0.0 406.906612 5729.528046 0.0 0.0 98670.557532 227.682121 6713.445129 0.0 0.0 99765.331782 85.511873 5773.670807 0.0 0.0 100000.0 -2846.652119 4339.595718 0.0 0.0 -2134.158833 6252.301025 0.0 0.0 93355.524237 -2865.001118 5700.675507 0.0 0.0 -54614.613035 45842.018752 -3510.540669 5092.19696 0.0 0.0 -84199.376777 -3476.434224 6521.782532 0.0 0.0
2191.238811 4463.557281 0.0 0.0 59542.764097 1093.808239 5350.202179 0.0 0.0 406.906612 5729.528046 0.0 0.0 98670.557532 227.682121 6713.445129 0.0 0.0 99765.331782 85.511873 5773.670807 0.0 0.0 100000.0 -2846.652119 4339.595718 0.0 0.0 -2134.158833 6252.301025 0.0 0.0 93355.524237 -2865.001118 5700.675507 0.0 0.0 -54614.613035 45842.018752 -3510.540669 5092.19696 0.0 0.0 -84199.376777 -3476.434224 6521.782532 0.0 0.0
2240.092196 4472.351913 -11.585541 18.657913 64279.934695 1130.795169 5360.038452 -23.451996 19.699554 513.764377 5731.551208 46.418839 11.886444 99935.497798 283.526015 6683.80188 -4.595032 -19.779968 98038.574922 168.791823 5696.99707 22.841024 -66.810455 92359.255381 -2777.666745 4360.140915 8.546448 30.408478 -2044.201016 6279.516296 29.51889 37.078552 95493.861356 -2771.797299 5714.505615 32.764893 23.69339 -50850.886022 46663.684958 -3426.923337 5096.217041 23.178406 13.883362 -81968.369328 -3396.735349 6510.48645 19.259949 -1.4328
2224.398682 4467.837372 -12.484131 -0.869217 64055.217584 1135.626252 5360.036621 8.040466 3.643494 510.047905 5721.900177 -0.507088 -6.005707 99295.371154 294.526341 6676.748047 14.209709 -3.408508 97742.540689 163.712943 5692.285614 -1.869497 -1.066132 92239.78894 -2775.737579 4356.087036 5.13855 -0.408554 -2050.64801 6269.153748 -3.23761 -6.717224 95104.680044 -2781.367462 5706.3797 -6.360779 -4.480591 -51571.043406 46507.742363 -3434.519928 5090.621643 -4.387207 -1.950073 -82388.35589 -3401.311615 6506.961975 -1.366882 0.12085
2233.403459 4466.760483 1.455383 -3.98735 63029.417525 1153.764405 5373.556976 10.58876 10.609894 517.979875 5731.469574 0.382576 6.658936 100005.247116 310.551496 6689.86969 8.475761 10.211182 98630.735821 165.940232 5702.427063 -5.322104 7.230988 93051.580589 -2773.633742 4360.753555 -5.445557 1.756058 -2065.190139 6293.426208 -22.091522 21.362 96345.102556 -2770.592666 5720.842285 3.225403 11.552124 -51205.23553 46910.333811 -3418.938613 5094.909363 8.031921 1.377258 -81620.277592 -3408.931289 6511.924744 -15.169067 2.052307
2233.429403 4466.754913 0.114899 0.04509 63040.97118 1153.909063 5373.470612 0.233612 -0.035706 518.192739 5731.369781 0.301819 -0.049133 100000.0 310.418272 6690.122986 -0.04427 0.303955 98657.236196 166.007967 5702.559662 0.156689 0.183258 93072.200388 -2773.497782 4360.989609 0.224915 0.286713 -2064.82667 6293.302002 0.452423 -0.073547 96340.81811 -2770.275431 5720.644684 0.406189 -0.146942 -51159.260066 46905.201984 -3418.715067 5094.608002 0.3125 -0.250702 -81590.466473 -3408.592386 6511.802368 0.427856 -0.071716
2233.435466 4466.752777 -0.001984 -0.005188 63039.641772 1153.912303 5373.462067 -0.004807 -0.011597 518.196628 5731.353302 -0.004158 -0.019531 99997.914228 310.404651 6690.110779 -0.021667 -0.015259 98655.905771 166.010797 5702.536774 -0.005217 -0.02594 93069.281543 -2773.492177 4360.994492 -0.002441 0.001831 -2064.822285 6293.306885 -0.003662 0.001831 96340.924775 -2770.272267 5720.650024 -0.004883 0.002289 -51159.812616 46905.281917 -3418.713734 5094.613495 -0.006714 0.002441 -81591.106889 -3408.588917 6511.808167 -0.004578 0.002747
2235.307698 4465.741272 -2.870789 -4.545441 61880.270653 1149.703069 5373.710175 -8.952255 -3.285828 515.179715 5733.270111 -7.759933 -1.617126 99825.2943 311.348348 6699.093018 -3.799324 5.448303 99131.517544 157.087512 5707.606049 -13.666306 1.535339 93242.121626 -2770.158763 4361.717758 -1.409607 -2.810669 -2065.436473 6299.423218 -5.357208 2.582397 96491.417522 -2762.555308 5728.058014 2.973938 3.874054 -50823.827603 47040.673869 -3406.378551 5103.168335 7.592163 5.020905 -80868.518367 -3400.981517 6515.450134 2.86438 0.108032
2242.588885 4467.089233 1.321259 1.42334 62242.153997 1154.481661 5372.167969 -1.181335 -1.466827 524.935496 5731.48941 3.795853 -1.705322 99643.421464 321.091807 6701.121521 3.783531 2.103882 99315.482826 168.066828 5704.021912 5.019388 -3.508759 92847.360332 -2760.738447 4374.182739 3.460388 12.540359 -2049.832227 6302.156372 9.644318 2.808533 96655.221938 -2761.636579 5726.078796 -5.041199 -1.903839 -51394.016583 46974.113372 -3407.308576 5097.758484 -6.889954 -5.334473 -81524.138812 -3396.609113 6517.572021 -1.587524 2.197266
2246.726985 4464.62822 -7.208099 1.910019 62729.433127 1167.307429 5359.982605 1.479568 -7.814331 527.197642 5735.615082 -9.084053 8.496704 100551.241262 336.554122 6707.698364 4.116116 10.947876 100275.527418 203.843923 5748.883362 24.430895 49.232483 98462.939284 -2748.152623 4397.281723 1.239624 27.470016 -2024.207463 6338.918762 14.278564 41.133423 99070.197722 -2705.760045 5757.1138 44.530334 35.406036 -46467.415944 48219.661586 -3357.437901 5119.603729 38.524475 26.216278 -77892.280028 -3368.72849 6514.650574 16.534424 1.449585
2254.488401 4461.870041 0.015564 -3.18573 61917.756145 1172.200575 5362.569733 -2.852707 2.159576 532.102346 5739.481506 -2.841148 3.438873 100919.833656 336.776724 6710.140686 -7.523251 2.014771 100452.710431 203.325968 5754.561768 -8.263807 5.250854 99071.594567 -2734.883394 4397.057953 5.523376 -0.651321 -2031.743898 6349.561157 -15.282288 10.214844 99674.538113 -2703.829622 5760.931702 -5.81543 3.39035 -47096.715434 48339.785681 -3349.796724 5116.842346 -0.104675 -3.188934 -77902.036075 -3371.760836 6516.381226 -10.778198 1.303101
2254.490147 4461.868591 -0.006256 -0.001144 61917.465516 1172.190876 5362.563019 -0.0177 -0.006409 532.083378 5739.470062 -0.02697 -0.011139 100918.638653 336.763573 6710.125427 -0.021152 -0.014954 100451.394804 203.310051 5754.546204 -0.023918 -0.015259 99069.823121 -2734.865017 4397.066879 0.010376 0.009232 -2031.726589 6349.569702 0.009308 0.00885 99675.062508 -2703.818264 5760.943298 0.003357 0.011902 -47096.350953 48340.207641 -3349.79147 5116.857147 -0.002747 0.015106 -77902.292073 -3371.746426 6516.395264 0.006409 0.014343
2255.335298 4469.238663 0.238647 1.965714 62417.674642 1174.994721 5367.412567 2.197342 -0.55481 520.68007 5740.354309 -12.009811 -4.520111 100434.29702 343.82998 6718.122253 6.459904 2.592468 100679.610334 201.230321 5762.686768 -2.686234 2.736206 99387.732171 -2722.861724 4416.627579 11.39679 14.156342 -2018.451781 6371.035156 12.668304 16.061096 100629.003284 -2686.03189 5779.024963 17.179871 12.677307 -45249.506948 48790.705605 -3334.957366 5130.674286 14.2276 8.412781 -76581.837395 -3361.670623 6521.11145 9.469299 -0.688171
2254.215875 4469.967957 0.041504 0.761642 62612.028398 1175.287118 5367.265167 1.453323 -0.115051 521.805139 5738.741302 2.285995 -1.580658 100265.20036 342.057405 6715.94635 -0.611649 -2.143555 100490.894223 203.644633 5759.460449 3.575239 -3.19397 99016.687081 -2724.424262 4416.205902 -0.401611 -0.389328 -2019.539771 6370.497131 0.072937 -0.505676 100598.899627 -2686.93891 5778.345184 0.253906 -0.64743 -45222.48891 48767.648032 -3335.874457 5129.829254 0.243835 -0.812683 -76559.305555 -3362.784858 6520.535278 0.046692 -0.543823
2254.378829 4470.789642 0.400391 0.546112 62751.569693 1177.357345 5367.299957 2.307663 -0.240784 524.853988 5736.022949 3.286285 -2.993927 99945.304571 340.802417 6711.802063 -1.017551 -4.419861 100102.333562 202.21272 5747.47406 -1.194477 -12.261963 97598.654248 -2725.471635 4416.194763 -0.809937 -0.286713 -2020.926347 6372.089539 -1.149139 1.316833 100677.30208 -2687.210526 5779.969177 -0.03418 1.348419 -45226.125484 48815.676747 -3335.070634 5131.491852 1.04126 1.387024 -76463.124287 -3363.238664 6521.195679 -0.21637 0.384827
2254.378829 4470.789642 0.0 0.0 62751.569693 1177.357345 5367.299957 0.0 0.0 524.853988 5736.022949 0.0 0.0 99945.304571 340.802417 6711.802063 0.0 0.0 100102.333562 202.21272 5747.47406 0.0 0.0 97598.654248 -2725.471635 4416.194763 0.0 0.0 -2020.926347 6372.089539 0.0 0.0 100677.30208 -2687.210526 5779.969177 0.0 0.0 -45226.125484 48815.676747 -3335.070634 5131.491852 0.0 0.0 -76463.124287 -3363.238664 6521.195679 0.0 0.0
2254.378829 4470.789642 0.0 0.0 62751.569693 1177.357345 5367.299957 0.0 0.0 524.853988 5736.022949 0.0 0.0 99945.304571 340.802417 6711.802063 0.0 0.0 100102.333562 202.21272 5747.47406 0.0 0.0 97598.654248 -2725.471635 4416.194763 0.0 0.0 -2020.926347 6372.089539 0.0 0.0 100677.30208 -2687.210526 5779.969177 0.0 0.0 -45226.125484 48815.676747 -3335.070634 5131.491852 0.0 0.0 -76463.124287 -3363.238664 6521.195679 0.0 0.0
2276.172638 4471.242447 1.868134 0.148849 62789.630308 1190.395355 5372.612152 -6.887665 5.00824 547.276726 5736.96701 2.497063 0.640106 100013.655825 361.440067 6712.427673 0.711975 0.321655 100130.585661 220.01133 5746.149139 -2.127066 -1.628876 97411.052695 -2703.763123 4419.187622 1.782837 2.688904 -1996.01059 6363.125 4.990082 -9.268494 100126.117729 -2675.744934 5772.175903 -8.460083 -8.097229 -46130.739321 48527.620549 -3323.825073 5126.638794 -8.680115 -5.157013 -77266.755892 -3341.282654 6521.277771 2.030334 -0.221863
2274.63511 4471.836548 0.237885 1.268845 63114.540593 1189.443154 5372.988586 0.823212 1.051178 545.721269 5736.651459 0.219955 0.359192 100052.02097 359.059415 6711.339722 -0.60524 -0.413208 100094.292896 217.69135 5744.088898 -0.544567 -1.385498 97251.623578 -2704.956565 4418.791733 0.58197 0.278854 -1996.149192 6361.559753 1.63681 -0.890503 100073.240429 -2675.973411 5770.432129 1.546936 -1.069031 -45964.660413 48489.653838 -3324.468284 5124.639893 1.132202 -1.324158 -77161.694903 -3341.550193 6519.874268 1.507874 -0.72876
2273.494377 4471.752777 -0.113831 0.033417 63123.108879 1188.32859 5372.360229 -0.087662 -0.511169 544.51725 5735.670929 -0.177116 -0.863342 99959.820129 358.418427 6710.148621 0.385914 -1.073914 100000.0 215.751381 5741.687622 -0.913067 -2.284088 96989.078857 -2705.700264 4418.600159 0.283203 -0.074387 -1996.327705 6360.758667 0.848389 -0.683899 100032.64058 -2676.310616 5769.604797 0.689697 -0.710144 -45890.711111 48464.441229 -3325.178413 5123.740082 0.316772 -0.782623 -77132.313277 -3341.887093 6519.314575 0.690002 -0.442505
2272.908854 4472.526779 0.618896 0.5793 63271.737828 1188.692317 5372.867584 1.568146 0.312653 545.088153 5735.719299 1.775322 -0.146332 99944.196805 358.514991 6709.873657 1.300983 -0.469666 99958.775896 215.980153 5739.746094 1.433191 -2.13623 96743.850802 -2706.803975 4418.947296 0.100708 0.152435 -1996.697774 6360.403442 0.834351 -0.549927 100000.0 -2676.689229 5768.984375 0.825806 -0.815125 -45802.24659 48435.509528 -3325.712972 5122.807617 0.669861 -1.127167 -77070.200036 -3342.342305 6518.938599 0.749207 -0.570679
2272.432518 4473.104553 0.2771 0.463333 63390.739378 1188.175926 5373.027344 0.237045 0.045319 544.499931 5735.491791 0.165215 -0.341949 99907.692836 357.039757 6709.66095 -0.721798 -0.327148 99930.066013 215.274324 5739.160919 0.047607 -0.699615 96663.606091 -2707.806435 4418.655396 -0.249023 -0.406342 -1998.479347 6360.682983 -1.028137 0.1651 100009.79886 -2678.402443 5769.176483 -0.959778 0.077667 -45905.07094 48438.265845 -3327.292519 5122.933655 -0.826111 0.011597 -77146.805248 -3344.245338 6518.960266 -1.149597 -0.092773
2272.432518 4473.104553 0.0 0.0 63390.739378 1188.175926 5373.027344 0.0 0.0 544.499931 5735.491791 0.0 0.0 99907.692836 357.039757 6709.66095 0.0 0.0 99930.066013 215.274324 5739.160919 0.0 0.0 96663.606091 -2707.806435 4418.655396 0.0 0.0 -1998.479347 6360.682983 0.0 0.0 100009.79886 -2678.402443 5769.176483 0.0 0.0 -45905.07094 48438.265845 -3327.292519 5122.933655 0.0 0.0 -77146.805248 -3344.245338 6518.960266 0.0 0.0
]