08-10-20_David_4K.monkey_below_wagon.0000000001 [ 2357.955079 4246.54541 1655.595703 -4.985162 8.158085 -4e-05 1694.791169 5701.351929 -19.051514 -0.685259 6.043267 -0.828002 1037.00911 6125.435181 -577.151489 -2.538577 5.210786 -0.367255 442.854714 6934.525452 -182.364502 -1.304774 6.452453 2.201652 1222.143312 6575.746765 -720.895996 0.437136 8.022932 -3.687646 -2901.550841 3961.682281 2456.810303 0.654268 4.867178 3.016805 -3213.335814 6093.247986 1531.341553 -4.380305 15.721671 6.179312 -3727.064452 6429.44397 698.111572 -7.94461 15.401238 4.742252 -3136.719604 6000.113525 1467.070312 -0.792657 6.296531 29.82375 -2839.923949 6626.079712 774.638672 -1.075629 10.688725 4.42916
2328.449082 4314.398041 1626.578369 -5.271222 8.559955 -0.005277 1613.055711 5737.35199 -86.391602 -1.089403 5.858545 -1.142979 977.178941 6200.36499 -655.834351 -2.934944 5.410518 -0.645667 257.350907 7003.879395 -502.131958 -2.488064 6.597533 0.237445 705.249925 6239.997559 -934.257202 -0.382788 4.445267 -6.393709 -2967.824569 4045.136108 2488.094482 0.169921 5.544245 3.98031 -3276.068282 6158.585205 1464.104004 -5.079619 16.016857 5.313408 -3806.792769 6448.911133 611.30249 -8.894434 14.83178 3.624625 -3151.56877 6125.07782 1394.27124 -0.777495 7.079432 27.503746 -3364.546371 6900.540161 672.647705 -5.614957 13.705543 3.361516
2328.884587 4323.645554 1620.473633 -5.280599 8.58272 -0.008425 1598.311772 5742.200623 -95.161133 -1.203633 5.818457 -1.189858 966.760869 6221.817322 -658.456421 -3.048422 5.526425 -0.652225 254.722104 7029.364319 -478.691406 -2.516211 6.742598 0.32182 637.69875 6217.381897 -925.48645 -0.630933 4.204696 -6.241346 -2977.991786 4063.961716 2494.7229 0.102745 5.779539 4.169127 -3282.801967 6176.386414 1458.358154 -5.204706 16.228057 5.245578 -3792.53036 6470.987244 592.142334 -8.679179 15.070205 3.378634 -3147.150416 6171.40686 1395.175781 -0.764056 7.505188 27.584735 -3374.424891 6947.356262 596.663818 -5.74881 14.265079 2.584888
2331.021149 4324.412003 1619.150391 -5.284704 8.574276 -0.008471 1599.765809 5744.022522 -95.739746 -1.209919 5.826744 -1.185571 966.914628 6225.717773 -656.013794 -3.070281 5.551433 -0.634575 257.998307 7035.126038 -471.47644 -2.508014 6.782416 0.353729 631.709855 6225.726929 -916.99646 -0.665172 4.260403 -6.094903 -2976.808136 4065.48996 2494.782715 0.096909 5.789402 4.20117 -3282.604339 6178.077698 1458.330078 -5.239759 16.241462 5.264128 -3796.895111 6474.226685 595.178833 -8.785018 15.107673 3.436862 -3145.741546 6173.917236 1393.452148 -0.767284 7.521308 27.567308 -3380.611541 6948.418884 594.921265 -5.856365 14.264612 2.580202
2336.358898 4343.000793 1598.804321 -5.180984 8.498739 -0.006977 1624.117076 5770.795898 -121.934814 -1.043542 5.886652 -1.208898 971.471355 6240.262756 -672.245483 -3.039361 5.489291 -0.60523 268.885906 7057.093811 -486.821289 -2.431265 6.786161 0.381856 604.54169 6285.057983 -882.592773 -0.790961 4.556768 -5.274838 -2979.146168 4092.442932 2476.548462 0.07775 5.9134 4.305669 -3300.353444 6207.824707 1442.567749 -5.569007 16.426549 5.366225 -3795.413258 6507.889404 567.754517 -8.785914 15.320478 3.370205 -3140.220082 6224.255066 1370.90271 -0.752683 7.853015 27.565566 -3397.308095 6989.541931 567.615356 -6.091214 14.554021 2.533815
2336.394079 4343.030319 1598.780518 -5.180914 8.49898 -0.006932 1624.151952 5770.864563 -121.929932 -1.043526 5.887208 -1.208282 971.476629 6240.419312 -672.131958 -3.03964 5.490501 -0.604279 269.00522 7057.320862 -486.57959 -2.430559 6.787929 0.383195 604.407499 6285.390015 -882.27417 -0.791723 4.559255 -5.269134 -2979.113581 4092.482758 2476.516113 0.07775 5.913852 4.307143 -3300.329096 6207.852783 1442.508545 -5.56915 16.426728 5.366727 -3795.422785 6507.920227 567.714844 -8.786586 15.320666 3.370913 -3140.177424 6224.295044 1370.823975 -0.752647 7.853246 27.56607 -3397.31518 6989.548035 567.509766 -6.09173 14.553812 2.533686
2336.39535 4343.031464 1598.781738 -5.180914 8.499001 -0.006929 1624.154139 5770.86792 -121.92627 -1.04352 5.887243 -1.208236 971.478128 6240.426331 -672.124023 -3.039637 5.49056 -0.604226 269.011545 7057.329712 -486.564331 -2.430518 6.788002 0.38327 604.403009 6285.403442 -882.258301 -0.79175 4.55936 -5.268863 -2979.11231 4092.484741 2476.514893 0.07775 5.913891 4.307203 -3300.327215 6207.854004 1442.504883 -5.569139 16.426749 5.366727 -3795.421515 6507.921143 567.712402 -8.786586 15.320677 3.370929 -3140.173712 6224.29657 1370.819092 -0.752638 7.85326 27.566024 -3397.314215 6989.548035 567.504883 -6.091734 14.553808 2.533675
2336.39535 4343.031464 1598.781738 -5.180914 8.499001 -0.006929 1624.154139 5770.86792 -121.92627 -1.04352 5.887243 -1.208236 971.478128 6240.426331 -672.124023 -3.039637 5.49056 -0.604226 269.011545 7057.329712 -486.564331 -2.430518 6.788002 0.38327 604.403009 6285.403442 -882.258301 -0.79175 4.55936 -5.268863 -2979.11231 4092.484741 2476.514893 0.07775 5.913891 4.307203 -3300.327215 6207.854004 1442.504883 -5.569139 16.426749 5.366727 -3795.421515 6507.921143 567.712402 -8.786586 15.320677 3.370929 -3140.173712 6224.29657 1370.819092 -0.752638 7.85326 27.566024 -3397.314215 6989.548035 567.504883 -6.091734 14.553808 2.533675
2336.39535 4343.031464 1598.781738 -5.180914 8.499001 -0.006929 1624.154139 5770.86792 -121.92627 -1.04352 5.887243 -1.208236 971.478128 6240.426331 -672.124023 -3.039637 5.49056 -0.604226 269.011545 7057.329712 -486.564331 -2.430518 6.788002 0.38327 604.403009 6285.403442 -882.258301 -0.79175 4.55936 -5.268863 -2979.11231 4092.484741 2476.514893 0.07775 5.913891 4.307203 -3300.327215 6207.854004 1442.504883 -5.569139 16.426749 5.366727 -3795.421515 6507.921143 567.712402 -8.786586 15.320677 3.370929 -3140.173712 6224.29657 1370.819092 -0.752638 7.85326 27.566024 -3397.314215 6989.548035 567.504883 -6.091734 14.553808 2.533675
2350.702291 4394.16214 1532.515869 -4.9815 8.625782 -0.003513 1660.37621 5816.952209 -198.188477 -0.847698 5.88589 -1.233259 970.859609 6266.20575 -717.896729 -3.116869 5.31084 -0.487719 274.588113 7094.285889 -568.206177 -2.44125 6.709203 0.346861 578.893285 6414.74762 -828.64563 -0.946889 5.246443 -3.6654 -2969.408946 4138.936234 2407.017822 0.091432 5.919618 4.377524 -3299.137645 6244.766541 1361.546631 -5.668425 16.217583 5.236361 -3797.363048 6555.923157 493.64624 -8.928177 15.352367 3.347702 -3133.299327 6296.674194 1296.364746 -0.752706 8.16086 27.486665 -3391.35078 7069.759827 448.828735 -6.10383 15.063045 2.10778
2350.637312 4394.133453 1532.666016 -4.982382 8.627122 -0.003498 1660.310926 5817.013855 -197.949829 -0.847909 5.887519 -1.23248 970.750685 6266.3797 -717.495117 -3.117666 5.313062 -0.486539 274.55945 7094.508057 -567.732544 -2.441224 6.711775 0.348223 578.629942 6415.15625 -827.886353 -0.948048 5.250628 -3.657969 -2969.431047 4138.858109 2407.081299 0.091481 5.919674 4.37619 -3299.152117 6244.695435 1361.646729 -5.66812 16.217796 5.236104 -3797.396441 6555.835571 493.756104 -8.928202 15.352244 3.347604 -3133.299761 6296.616516 1296.451416 -0.752591 8.161132 27.48552 -3391.402788 7069.591064 448.786011 -6.104092 15.061713 2.106378
2350.592923 4394.143677 1532.543945 -4.983934 8.627259 -0.003562 1660.197263 5816.903076 -198.143311 -0.848717 5.886194 -1.233815 970.619397 6266.09314 -717.817383 -3.119169 5.310518 -0.487937 274.159913 7094.082336 -568.533325 -2.4446 6.708116 0.345112 578.429036 6414.738464 -828.250122 -0.949123 5.247012 -3.662348 -2969.407077 4138.871765 2407.097168 0.091532 5.919876 4.376221 -3299.123874 6244.707642 1361.658936 -5.66787 16.21796 5.236068 -3797.348971 6555.836487 493.754272 -8.927661 15.352174 3.347382 -3133.253512 6296.640015 1296.456299 -0.752473 8.161353 27.485154 -3391.333652 7069.552002 448.705444 -6.103373 15.061049 2.105543
2346.801338 4394.335785 1525.940552 -5.075695 8.632836 -0.008101 1652.183723 5808.370667 -210.053101 -0.897868 5.789147 -1.318555 962.12307 6242.156982 -741.945801 -3.203919 5.103898 -0.598215 228.830795 7049.752197 -688.372803 -2.825648 6.336937 0.038281 561.152229 6386.291199 -849.033203 -1.035715 5.006685 -3.91979 -2968.420677 4139.654388 2407.658081 0.098498 5.938436 4.363287 -3296.50631 6245.138245 1361.246948 -5.615881 16.22816 5.21363 -3789.573631 6554.891357 489.969482 -8.797195 15.335946 3.282325 -3128.398094 6298.35083 1295.863647 -0.733561 8.181947 27.422373 -3377.929039 7061.972656 431.717529 -5.925453 14.947168 1.950152
2345.403705 4396.18927 1518.268433 -5.103312 8.606901 -0.010379 1648.823352 5800.701294 -224.985962 -0.917444 5.670187 -1.387531 960.371356 6217.696838 -772.351685 -3.218411 4.872865 -0.722405 201.334052 7002.952576 -789.187012 -3.068847 5.93348 -0.01343 555.648494 6353.631287 -884.597778 -1.062735 4.714288 -4.298535 -2968.061261 4143.463058 2402.832642 0.10238 5.960346 4.359263 -3295.214276 6248.173218 1354.011841 -5.586962 16.232127 5.175118 -3788.660321 6557.891541 482.802734 -8.776681 15.338445 3.249107 -3125.239606 6302.691956 1287.426147 -0.720903 8.199572 27.281149 -3372.688031 7060.332031 414.21814 -5.853672 14.879563 1.843386
2344.823799 4397.626801 1537.329712 -4.978891 8.601813 -0.002541 1651.809273 5807.66449 -204.671021 -0.864175 5.730242 -1.291971 960.944405 6238.720398 -738.928833 -3.157753 5.036285 -0.590588 234.553566 7049.64325 -643.219604 -2.727137 6.298989 0.113959 554.459305 6340.142517 -867.715454 -1.041463 4.592457 -4.163356 -2975.541649 4140.588684 2408.168335 0.090642 5.856749 4.342428 -3305.147362 6250.304565 1367.156372 -5.669006 16.243278 5.282212 -3804.084435 6567.060852 500.906372 -8.940168 15.471419 3.41105 -3139.062157 6302.384338 1301.950073 -0.751927 8.176488 27.600011 -3379.497032 7063.711548 416.695557 -5.873899 14.905762 1.814485
2359.224179 4374.550247 1709.061279 -3.968435 8.731596 0.141042 1654.779294 5863.616943 36.71875 -0.690655 6.719327 -0.389116 1200.449688 5942.998352 -821.807251 -0.999827 3.018696 -1.450276 439.973538 6694.545288 -1051.646118 -1.097799 3.894264 -1.421798 788.717206 5916.519775 -1073.988647 -0.124183 1.972477 -8.162508 -3018.42139 4089.104767 2459.857178 0.024699 5.333882 4.048912 -3361.516483 6199.471436 1420.95459 -6.217983 15.736484 5.132823 -3872.485111 6537.23175 568.933105 -9.640963 15.440695 3.469113 -3163.612735 6386.813049 1362.893066 -0.747746 9.567346 27.494129 -3420.383365 7057.390747 362.293091 -6.069471 15.234614 0.980447
2443.880231 4323.862915 1793.430786 -1.734195 6.822989 0.313436 1819.026258 5775.259094 53.114014 -0.028366 5.378479 -0.469466 1315.287855 5820.005798 -781.56311 -0.336255 2.110818 -1.431808 505.494268 6458.078308 -1150.905762 -0.643464 2.37382 -2.67656 604.756696 5906.177979 -776.218262 -0.565386 1.779956 -4.286689 -3069.942706 4081.297607 2510.436401 -0.001266 4.594912 4.363469 -3376.013262 6212.391357 1494.937134 -5.963984 15.420027 5.68777 -3867.260821 6491.140747 608.843994 -9.085121 14.171038 3.500021 -3919.545977 7055.314941 -306.416016 -5.731051 19.577155 -0.744014 -3470.153582 7069.077148 690.244751 -6.348606 14.998296 3.485144
2470.805902 4336.700363 1862.69165 -0.747896 6.496331 0.521336 1914.628382 5737.904663 40.05188 0.107674 4.69457 -0.646696 1471.032495 5719.244537 -835.854492 0.000384 1.465351 -2.078159 648.415537 6409.503174 -1083.12439 -0.090782 2.006094 -2.272904 702.121134 5800.996399 -830.03418 -0.141485 1.181337 -5.374522 -3173.011694 4062.293549 2596.113281 -0.239878 3.7058 5.90634 -3487.472448 6190.21637 1542.393799 -7.139837 14.357636 5.994258 -3953.593054 6328.5672 603.4729 -9.7038 11.140185 3.054701 -4188.439856 6813.005066 -336.405029 -8.159961 14.937236 -1.146061 -3862.794104 7035.992737 1184.061279 -11.734066 14.103052 10.713414
2591.381702 4159.804153 1949.136353 0.003962 3.738125 0.964632 2152.980671 5517.009888 114.850464 1.606682 3.001245 -0.419171 1725.060596 5475.092773 -748.685913 0.750428 0.669318 -1.546286 922.808781 6142.081604 -1037.29187 0.256619 1.077962 -2.032259 807.241917 5880.545959 226.19812 -0.000263 1.701306 0.662078 -3236.159191 3869.022141 2635.632935 -0.527389 1.406763 6.467385 -3564.292431 5987.915955 1666.626587 -7.985742 11.077359 7.778701 -4220.490856 6227.95166 898.108521 -13.985482 10.204508 7.584903 -4595.953503 6984.246826 250.678711 -13.248569 18.465114 0.914246 -4089.230785 6925.895081 1417.162476 -15.445886 13.053761 15.328346
2839.671783 3981.754227 2013.006592 2.01897 1.175714 1.884565 2419.27597 5252.798004 153.168335 4.459938 1.151513 -0.18951 2119.060059 5345.969086 -744.790649 3.842126 0.297039 -1.271215 1469.64798 6061.116638 -1199.307251 3.537389 0.775533 -3.373301 1225.525208 5740.076599 394.088745 1.011329 1.027832 2.038195 -3289.311066 3696.474304 2600.822754 -1.808289 0.089506 6.477485 -3576.05545 5780.476074 1621.131592 -8.673442 7.333807 7.590202 -4387.917938 6115.858459 1094.110107 -18.030548 8.45901 12.97874 -5007.036591 6928.50708 1333.859863 -20.680316 17.222183 24.567554 -4338.740387 6920.149231 1668.204346 -21.548773 12.762077 22.842774
2951.867633 3942.329712 2244.99939 4.349818 0.656517 4.855888 2621.949725 5255.936584 394.060669 7.872934 1.053489 0.039357 2246.860461 5291.860962 -480.425415 5.439657 0.159338 -0.164412 1916.654925 6259.407654 -791.148071 9.27965 1.364939 -0.34049 1897.979999 5546.659393 1147.662964 7.463427 0.37194 13.262004 -3358.487592 3593.889618 2673.790894 -3.727796 -0.086402 8.128794 -3715.472455 5693.17749 1746.452026 -11.970892 5.764684 9.587572 -4504.684186 6047.454834 1196.176147 -20.81879 7.306837 15.199858 -5402.787213 6578.42041 1316.925659 -28.957204 11.393219 23.226766 -4543.723187 6825.034485 2055.806274 -26.876355 11.174037 34.636773
3155.223036 3597.168274 2405.280151 10.744222 -0.061474 5.788995 2940.122938 4876.753693 553.134155 15.112595 0.142789 0.117678 2752.819166 4981.821594 -360.848389 14.474183 9.7e-05 -0.139848 2327.616682 5899.935913 -654.515381 16.895276 0.562439 -0.243928 2261.759748 5467.347717 1140.903931 13.379545 0.431345 10.835527 -3422.991686 3340.919704 2752.321167 -6.253284 -0.991882 7.131212 -3732.080126 5276.231537 1567.677612 -12.488166 2.341321 4.627465 -3850.486498 5334.169617 565.403442 -7.900513 1.780138 1.399764 -4409.541674 5619.462128 -258.291626 -10.893619 2.562826 -1.452413 -4514.485826 6202.148132 1822.942505 -26.17875 5.447792 23.551364
3290.76602 3465.155334 2522.966309 17.847523 -0.47504 6.399589 3200.608549 4683.022766 590.070801 23.64402 -2.3e-05 0.040173 3012.90103 4780.935364 -335.24231 21.477619 -0.096478 -0.307378 2455.628386 5327.257996 -1060.193481 20.296658 -0.018916 -4.36006 2514.280119 5258.59436 1132.592773 19.064586 0.106291 9.033298 -3525.45743 3198.893795 2945.406494 -10.017681 -2.303382 10.916554 -3811.913424 5040.314941 1571.468506 -14.002734 0.923262 3.534474 -4021.327486 5216.416473 586.726074 -10.294304 1.300898 0.892035 -4371.358614 5484.24881 -362.969971 -10.059184 1.920351 -3.566144 -4467.973604 6038.53363 1843.173828 -24.334307 4.314955 21.653763
3408.395071 3245.626907 2678.052368 23.99842 -2.86105 9.793789 3426.925039 4545.992889 824.940796 31.635937 -0.121245 0.756407 3302.344656 4682.445374 -96.629028 29.909305 -0.263302 0.02119 2869.770193 5232.588043 -885.703735 31.077881 -0.094077 -2.348956 3116.04888 5319.270935 1275.571899 34.822059 0.179353 11.755582 -3598.5431 3013.67722 2899.724731 -14.56229 -5.919708 9.088499 -3866.455393 4832.056732 1529.46106 -15.676149 0.127406 2.999691 -4030.20051 5039.710999 552.60376 -10.528979 0.524512 0.652806 -4350.455637 5458.097687 -340.233765 -9.843384 1.726252 -3.305326 -4352.010202 5891.203918 1773.060913 -21.526249 3.147499 19.645888
3492.01849 3051.371984 2869.32251 27.968082 -6.467799 14.941379 3670.774899 4450.576019 1110.894775 40.958701 -0.327476 2.827968 3541.987057 4619.744873 199.455566 37.423458 -0.398047 1.022852 3208.318539 5045.785828 -700.613403 41.102925 -0.374936 -0.899213 3608.880062 5104.525757 1601.998291 50.702898 0.00055 19.372398 -3615.080204 2883.993492 2959.000244 -16.875435 -9.263398 11.144753 -3862.148991 4713.256378 1615.860596 -16.086078 0.000744 4.00082 -3957.891788 4911.187592 632.427368 -9.606596 0.19043 1.174171 -4517.45142 5431.558838 -61.655273 -12.439638 1.587058 -0.703082 -4509.481144 5814.353333 1827.052002 -26.038652 2.642447 20.986496
3603.167057 2869.144917 2948.252563 35.686741 -11.044709 17.676652 3739.340153 4365.423737 1262.658081 44.201069 -0.580719 4.579616 3726.362553 4468.845978 331.013184 44.47052 -0.823806 2.025127 3499.150028 5024.182739 -533.045654 51.559244 -0.409568 -0.146453 3847.858524 5187.78183 1562.850952 59.975167 0.035253 18.525694 -3689.055233 2713.806572 2957.665405 -22.056617 -14.634085 11.369742 -3871.136227 4571.720276 1637.238159 -16.24161 -0.125246 4.382204 -3954.775448 4866.127625 675.376587 -9.492835 0.119535 1.605026 -4448.248043 5486.793823 11.727295 -11.381738 1.916385 -0.30362 -4403.670712 5712.789307 1951.729126 -23.176622 2.065507 24.787578
3673.026996 2677.510872 2930.518188 40.176842 -18.690577 18.592953 3799.830279 4267.040405 1350.977173 46.598315 -1.163935 6.375373 3812.548785 4533.041077 458.007202 47.548747 -0.72922 3.741153 3873.550677 5369.170227 -166.934204 66.18685 -0.017656 0.901352 4037.905841 5298.030243 1625.802612 67.409917 0.106735 21.442541 -3763.191876 2570.449295 2822.940063 -29.058778 -21.830435 8.062337 -3814.803815 4469.771576 1575.585327 -14.863488 -0.544414 4.15625 -3886.113324 4880.180664 662.820435 -8.524597 0.088068 1.921049 -4478.61485 5638.399658 301.671143 -11.943183 2.639781 0.418797 -4339.481244 5677.134094 1841.670532 -21.791172 1.685046 22.869986
3652.510481 2625.535545 3045.568848 40.756976 -20.718394 22.727197 3873.735762 4310.587769 1571.153564 51.511594 -0.95273 9.996464 3808.522444 4556.398163 672.332764 48.528957 -0.655658 6.616275 3949.889326 5470.234833 178.729858 70.702221 0.001082 4.287348 4050.376692 5438.520355 1811.040039 69.135542 0.346952 26.955517 -3797.211809 2494.659691 2884.753418 -29.590463 -25.305899 10.294227 -3832.216997 4417.400665 1662.84668 -14.560792 -0.78108 5.41279 -3929.371843 4863.973541 766.904907 -8.763661 0.067764 3.130978 -4244.137468 5722.684021 292.476807 -8.43181 3.239122 0.378924 -4158.947649 5620.106659 1915.540771 -16.95976 1.409286 25.064536
3626.293917 2559.38488 3138.034668 40.632552 -23.872675 27.044118 3931.759005 4317.386169 1776.140137 55.668398 -0.966993 14.466978 3851.636324 4540.565643 874.886475 51.331971 -0.736876 10.404396 3508.36484 5347.668915 305.368042 53.574706 -0.033988 6.436395 3698.293123 5326.835175 2049.364014 55.846557 0.131066 35.580003 -3819.264555 2398.055725 2905.72998 -29.360421 -30.622284 11.803953 -3812.142668 4353.731918 1747.159424 -13.336244 -1.185353 7.077526 -3857.314787 4543.809662 762.938843 -7.290743 -0.232064 3.306726 -3297.154875 5168.13858 168.778076 -0.741777 0.393976 0.055225 -3796.063261 5213.113098 1387.774658 -9.593254 0.141423 12.005514
3574.433661 2394.040375 3239.545288 36.439215 -32.237538 32.338924 3922.300177 4292.355957 2153.713989 54.940919 -1.160702 24.567253 3590.419683 4548.549652 1335.52063 40.771408 -0.75918 21.707478 3004.726019 5208.250732 800.674438 35.899195 -0.191243 17.744199 3289.820623 5155.086975 2561.748657 41.10051 0.000188 57.458459 -3843.671503 2182.51503 2815.298462 -32.068585 -43.854619 9.169578 -3984.868097 4178.841476 1803.704224 -18.521351 -2.615665 8.512333 -3593.052912 4449.082489 935.755005 -4.005714 -0.529938 6.414709 -2925.170832 5006.60614 414.806519 -0.007971 0.068392 1.423054 -3445.215082 5041.414185 1376.723022 -4.776078 0.000175 12.230679
3492.986183 2212.557144 3232.543335 29.344267 -38.476424 33.109534 3823.64872 4362.41272 3132.671509 48.946311 -0.586153 61.662765 4344.728737 4148.502426 2425.610962 72.759823 -2.284094 63.522765 3391.267433 4304.069595 2116.167603 48.201572 -3.307705 73.150426 3803.719826 4978.238678 2327.079468 58.894094 -0.04028 48.209486 -3794.189415 1980.323105 2720.402222 -29.548651 -53.067104 6.800667 -4034.934654 4086.442337 2113.532104 -20.881733 -2.896639 16.115691 -3693.743553 4286.030655 1224.052124 -5.441944 -0.912249 13.538249 -2887.613792 4740.897675 853.28186 -0.003291 -0.026068 8.108388 -3168.118248 4641.090393 1485.282593 -2.293005 -0.415998 15.192746
3508.004866 2111.652298 3242.613525 29.152246 -43.202228 32.56911 3811.151533 4273.483734 3305.263672 47.490643 -0.87603 68.67936 4320.917158 4172.153015 2562.336426 70.68503 -2.058708 69.072447 3403.298445 4315.81543 2147.016602 47.985552 -3.139845 73.640475 3820.375166 4895.221405 2406.661377 58.841293 -0.105254 50.656871 -3790.888567 1952.524872 2737.701416 -30.90183 -53.830234 6.655258 -3880.439043 4057.778702 2066.331787 -16.552038 -3.0107 14.341709 -3407.997026 3916.772003 1223.739014 -2.598051 -3.054303 12.941603 -2466.654406 4251.752777 1265.975342 0.623748 -1.305112 18.020094 -3042.195635 4264.53186 1313.865967 -1.512627 -1.809059 10.980028
3436.684837 2074.322281 3352.116699 25.019765 -43.568212 35.288401 3745.766869 4223.714066 3570.533447 44.660287 -0.960881 79.35073 4213.9645 4193.61145 2795.366211 65.738181 -1.7835 78.392051 3409.425316 4370.704346 2199.414062 48.379206 -2.66036 73.755718 3816.114769 4779.522095 2538.388672 58.859802 -0.232868 54.221413 -3772.278786 1886.780396 2811.916504 -28.766534 -56.265927 7.406887 -3862.288551 3996.303635 2159.01123 -15.875469 -3.312506 15.414834 -3378.001747 3888.082733 1319.034424 -2.305376 -3.036094 14.1566 -2454.586983 4260.37674 1405.755615 0.680773 -1.123837 20.839212 -2970.731544 4002.458878 1349.946289 -1.059104 -3.220474 10.696769
3399.41165 2046.454239 3404.990234 24.035719 -44.648281 37.075287 3669.418669 4199.057922 3655.532227 42.13653 -1.032921 82.980563 4150.761747 4199.870682 2887.167969 63.730486 -1.705339 82.473675 3400.302153 4382.736664 2224.94873 48.797873 -2.547074 74.330764 3793.70883 4732.72644 2590.787354 58.789442 -0.305199 55.889673 -3774.885225 1889.100876 2841.297607 -27.170657 -55.440175 7.871347 -3727.568636 3968.713913 2090.389404 -11.655326 -3.499894 13.327988 -3287.217684 3960.318222 1219.140625 -1.484441 -2.430374 11.155187 -2327.117586 4222.991791 1315.787354 1.291442 -1.250569 17.545359 -2811.861238 3965.835419 1261.768799 -0.309348 -3.4136 8.751716
3395.875025 2047.070694 3409.165649 23.940013 -44.630104 37.267198 3665.554895 4199.637604 3660.988159 42.048891 -1.031613 83.257998 4148.014612 4200.664902 2893.290405 63.690816 -1.70293 82.794399 3398.71438 4383.748779 2229.769897 48.809233 -2.543384 74.589949 3791.37887 4733.335724 2596.244507 58.77246 -0.304575 56.12825 -3776.855383 1891.290131 2837.376099 -27.176867 -55.307788 7.735148 -3734.883642 3971.492081 2087.572632 -11.791513 -3.474177 13.25606 -3326.71958 3979.990692 1200.755005 -1.741412 -2.296516 10.704425 -2376.219702 4236.839676 1025.3302 1.075748 -1.18847 9.916498 -2880.574255 4011.422806 1214.849243 -0.536171 -3.095826 7.930268
3337.769461 2008.703461 3470.933228 21.396988 -44.506924 38.174946 3708.99291 4121.458054 3792.214966 44.617741 -1.220366 87.969643 4092.530508 4144.736786 2977.785034 61.734435 -1.780195 85.051677 3399.547415 4380.91507 2281.271362 49.327379 -2.350306 75.0645 3766.809378 4636.991577 2698.650513 58.33028 -0.430627 58.850565 -3746.982431 1794.917374 2891.272583 -23.534992 -59.307413 8.09784 -3811.209421 3911.531067 2307.793579 -13.433745 -3.679637 17.833112 -3374.429331 4267.324677 1518.630981 -1.994319 -0.605953 18.324325 -2863.181162 4710.463409 791.422119 0.00172 -0.000512 4.658607 -3265.488901 4507.476044 1591.897583 -2.928623 -0.51215 14.628891
3420.718708 2029.425812 3328.931274 27.681922 -45.113169 33.189669 3957.608051 4123.166351 3139.680786 57.994402 -1.378035 57.753868 3760.456867 4469.926147 2331.997681 48.34733 -0.604152 54.918891 3221.261921 4967.128296 1636.398315 43.815291 -0.387373 44.778519 3277.242451 4897.00531 2408.344116 41.47114 -0.052277 47.650122 -3777.488384 1890.62851 2842.815552 -24.100208 -54.692307 7.68807 -3949.820538 4042.166672 2431.78772 -16.708116 -2.691787 22.55346 -3539.743328 4594.035797 1747.659302 -3.21773 -0.012912 27.606842 -3201.828899 5173.537903 1014.711304 -0.385463 0.764873 9.526453 -3306.257305 4692.74231 1720.932007 -3.085568 -0.172684 18.694179
3426.737537 2054.676819 3290.537109 28.355259 -44.50244 33.015216 3873.119984 4127.089005 2856.594238 53.889126 -1.439387 47.36203 3757.047596 4584.511108 2092.142334 48.397557 -0.346308 46.248458 3293.004932 5396.481476 1715.759277 46.496256 0.003304 49.854469 3382.319813 4997.460175 1996.403809 45.182616 -0.004739 33.197133 -3776.474743 1914.823532 2785.994873 -23.637362 -54.04264 6.972609 -3997.841015 4072.798538 2476.326904 -18.035681 -2.549624 25.088629 -3690.296154 4697.996674 1805.335693 -4.781587 0.007511 31.279267 -3584.323864 5289.677734 1017.563477 -2.002811 1.176919 10.370287 -3419.929638 4683.88443 1643.599854 -4.177366 -0.213189 17.59367
3454.726992 2153.195267 3253.709717 29.276722 -40.985596 33.226081 3851.409731 4230.853195 2750.340576 52.121529 -1.087661 44.822521 3667.609377 4752.861633 2037.203369 44.287757 -0.115863 45.705694 3378.816347 5488.804779 1403.927002 49.10381 0.021816 38.2512 3303.611269 5241.703949 2098.210449 42.049342 0.10083 38.377553 -3769.627256 1991.898956 2773.762207 -24.190847 -51.315538 7.919145 -3985.003233 4155.35965 2426.064453 -18.05958 -2.162919 24.800157 -3673.871641 4839.514465 1809.788818 -4.748428 0.102999 33.193419 -3394.562254 5570.420074 1194.085693 -1.091765 2.529204 16.000675 -3461.606321 4986.765137 1817.786865 -4.793988 0.00302 23.481358
3420.345335 2154.696808 3356.879272 26.062709 -40.8484 35.604834 3906.449766 4253.547287 3064.071655 54.034701 -0.974424 55.52197 3767.55084 4698.704224 2291.187134 47.58786 -0.194615 54.191868 3455.648069 5357.575684 1587.89856 51.324191 -0.004358 43.73309 3356.446714 5122.566223 2240.239868 43.25759 0.009376 41.833654 -3736.432619 2009.455185 2845.706177 -22.862354 -50.070964 8.607246 -3880.014162 4135.338898 2291.044312 -15.413366 -2.322153 19.06522 -3505.728579 4686.082916 1583.074341 -3.13892 -0.00048 22.458622 -3227.780275 5630.855408 1436.661987 -0.53241 2.950817 21.92687 -3309.116945 5135.151215 1813.096313 -3.356621 0.119354 21.857864
3406.308813 2099.941025 3404.140015 24.455324 -41.220051 35.822185 3884.171362 4228.825607 3447.599487 52.277956 -0.868278 71.157829 3844.608068 4604.192047 2623.943481 50.222326 -0.279757 67.62799 3545.207434 5169.47876 1833.718872 54.23814 -0.087355 52.873258 3413.548193 4933.905334 2437.488403 44.76936 -0.027399 48.099646 -3730.129175 1950.107269 2919.258423 -23.383177 -50.822267 9.716974 -3820.223475 4059.81842 2267.546997 -14.087425 -2.560358 17.214868 -3420.833826 4475.877533 1480.755005 -2.488486 -0.149192 17.69775 -2862.983484 5281.932068 1286.477661 0.000108 1.195144 15.942563 -3196.797571 5000.021057 1835.176392 -2.464289 0.031068 21.280833
3357.734833 2113.96019 3421.726074 21.301247 -38.381797 35.290346 3915.160675 4207.594223 3656.403809 53.491384 -0.799614 80.191531 3848.919525 4533.547211 2815.008545 50.122364 -0.350838 75.786841 3590.901031 5020.682373 1962.431641 55.747855 -0.229127 57.681634 3444.467621 4782.078247 2564.835205 45.605545 -0.144121 52.318048 -3720.708771 1900.679092 2971.010742 -23.164901 -51.652132 10.581321 -3888.387299 4008.888702 2340.587158 -16.227153 -2.684602 18.43939 -3375.541229 4220.528717 1539.837646 -2.171591 -0.768788 18.64259 -2526.192169 4697.916107 1324.000244 0.496031 -0.001794 16.190119 -3078.010406 4634.947815 1828.900146 -1.624405 -0.213187 20.31229
3345.542593 2108.475952 3381.159058 19.761035 -37.286129 34.527716 3798.70635 4219.146271 3654.682007 47.02424 -0.649915 81.358547 3873.451529 4522.118073 2806.868286 50.464543 -0.31946 76.620501 3606.215506 4981.777039 1943.722534 55.709476 -0.250257 57.952609 3455.439444 4775.656128 2517.360229 45.420821 -0.118026 51.305191 -3695.916147 1866.207504 2956.187134 -22.485101 -52.246527 10.946783 -3861.721506 4000.919113 2435.366821 -15.921903 -2.524729 21.949018 -3421.047068 3997.852783 1568.186646 -2.689754 -1.74125 20.345903 -2461.657267 4266.911163 1557.190552 0.649153 -0.781304 24.447536 -3043.997812 4333.941498 1727.758179 -1.50761 -0.994541 18.272037
3337.965117 2147.510681 3355.9021 19.677172 -35.037395 33.825439 3778.257475 4264.264221 3599.18457 46.345247 -0.478038 79.007693 3857.104216 4551.200867 2746.322021 50.03448 -0.253518 74.015058 3585.165434 4994.055939 1876.066895 55.124035 -0.225022 55.144768 3441.717558 4806.625366 2455.776367 45.153528 -0.077939 49.096285 -3697.320528 1890.956192 2942.37915 -22.121925 -50.334025 10.799006 -3824.03348 4020.288849 2390.854492 -14.667539 -2.326223 20.900566 -3365.294771 3989.399261 1533.807373 -2.172047 -1.770731 19.547596 -2441.972475 4187.873306 1216.425781 0.73906 -1.083187 14.147903 -2952.038851 4106.717987 1587.947998 -0.940418 -2.052144 15.075034
3337.957182 2147.584305 3355.809326 19.674119 -35.029531 33.823982 3778.222075 4264.336243 3599.019775 46.341262 -0.47755 79.002367 3857.055387 4551.245728 2746.153564 50.030394 -0.253284 74.009565 3585.103483 4994.067535 1875.893555 55.119703 -0.224884 55.139364 3441.665068 4806.654358 2455.605469 45.149997 -0.077828 49.091629 -3697.231112 1890.84465 2942.537842 -22.118799 -50.336306 10.807578 -3824.012423 4020.223923 2391.273193 -14.668345 -2.326116 20.914978 -3364.953279 3989.543228 1534.398193 -2.169732 -1.769406 19.568762 -2441.284456 4188.331451 1218.24707 0.741369 -1.080873 14.198601 -2951.332369 4106.315994 1588.717041 -0.937065 -2.053953 15.094506
3393.135233 2331.699524 3032.605591 24.704185 -29.972741 25.43773 3664.163675 4277.552185 2139.771118 42.690376 -0.732923 25.432769 3211.019144 3925.40535 1451.766968 27.89081 -3.406437 26.369262 2667.232218 3564.306221 687.133789 26.182853 -8.736995 15.894632 2708.087931 3780.145111 2201.953735 24.231322 -5.527056 43.889873 -3742.793722 2038.682709 2793.826294 -23.002736 -46.09155 9.994217 -3702.490072 4122.398071 2136.477661 -10.60925 -2.167185 17.26405 -3355.859518 3991.317139 1245.829468 -1.838047 -2.289587 14.686024 -2625.667562 4212.502823 617.776489 0.297935 -1.35051 4.310111 -2798.966208 3959.130783 1260.339966 -0.226362 -3.539259 10.747951
3450.510693 2420.483208 2833.740845 29.377338 -27.81879 20.566328 3691.086864 4206.432037 1648.220825 44.732514 -1.267745 14.637029 3111.988049 3877.235184 1049.653931 25.439484 -4.074939 17.206123 2474.153271 3567.455673 337.548218 21.712385 -9.129655 9.491122 2729.407177 3853.421173 2206.659546 25.236582 -5.266133 46.932391 -3780.043507 2152.659073 2631.283569 -24.574917 -41.661631 6.821881 -3644.544544 4135.457916 1724.839478 -8.870218 -2.421497 9.196704 -3181.522388 3926.096802 905.34729 -0.701982 -3.086682 8.060746 -2518.375111 4078.499985 189.299316 0.654878 -2.341163 0.62981 -2604.371204 3956.662064 995.363159 0.007123 -3.881452 7.233184
3473.058891 2715.830803 2451.113892 30.48441 -20.089247 14.889709 3292.963066 4066.398468 765.140991 28.094369 -2.986645 3.556836 2666.679192 3930.115967 133.36792 13.857365 -4.564563 4.213694 2086.71154 4311.894073 -599.956665 13.199563 -3.957135 0.529176 2459.976616 3968.3638 -131.740723 18.634448 -5.267624 0.174859 -3793.141975 2425.541992 2356.851196 -26.151408 -32.592605 5.002537 -3451.410713 4270.122757 1216.924438 -5.242396 -2.254935 4.235133 -3000.021248 3894.307938 446.211548 -0.13263 -4.356339 3.721067 -2163.818245 4356.471939 176.887207 2.380446 -1.420633 2.264193 -2159.08268 3884.370728 917.859497 1.544928 -5.451105 9.568109
3412.913284 2924.478607 2092.092896 28.176964 -14.493549 8.240683 2851.311111 3819.223022 194.373779 14.947218 -5.961493 0.304142 2357.69722 3796.342583 -559.894409 8.345016 -6.220271 0.099357 1959.990158 4178.228912 -1408.334351 11.329699 -5.284696 -2.371659 2011.788559 3715.605011 -711.468506 10.417778 -8.236507 -1.013204 -3813.645554 2582.676964 2124.193726 -25.81578 -27.318087 2.250687 -3219.75853 4285.456772 865.097046 -1.820553 -2.599787 1.584797 -2709.982681 3920.625687 123.69751 0.232869 -4.630421 1.307942 -1971.367264 4250.521774 -454.943237 3.995283 -2.329551 -0.134706 -2464.921646 3833.469543 1624.076538 0.251487 -6.456418 30.845516
3423.084497 3251.157846 2024.764404 28.174142 -9.357657 10.366353 2591.831446 3853.255119 96.969604 8.637985 -7.456807 0.518518 2152.834864 3766.292458 -691.626587 5.101088 -8.107008 0.149551 1743.463068 3751.460533 -1623.005981 7.693666 -10.598945 -2.995627 1554.013605 3658.054504 -534.287109 4.100054 -10.690533 0.0 -3748.932104 2923.374786 1785.041504 -21.385431 -18.976711 0.169756 -2913.376684 4188.186493 174.60144 -0.068516 -5.38035 -0.247569 -2097.46314 3885.492859 -267.914429 4.428199 -6.670436 0.077271 -1533.708105 4711.469421 -254.458618 8.395058 -0.799417 0.823446 -1604.570227 4043.361969 129.540405 7.515739 -5.939417 2.28296
3360.745344 3511.860523 1600.188599 22.985087 -5.224034 3.890277 2370.350752 3763.433094 -349.796143 4.393307 -9.877104 -0.06595 2084.623671 3662.995625 -1212.153931 3.956485 -10.26137 -0.70215 1492.123976 3626.678181 -2048.544922 4.224062 -12.955024 -7.608203 1245.276747 3532.990227 -1094.726562 1.369644 -13.406026 -1.867473 -3693.716021 3147.458134 1457.348022 -19.017336 -13.673584 -0.790943 -2673.928576 4059.923058 -302.631836 0.281199 -8.486412 -2.920954 -1727.472887 3839.027786 -147.98645 9.221003 -8.281419 1.246 -1151.01964 4566.437912 -541.561279 13.337141 -1.880395 0.071972 -1642.299852 4221.576538 -703.687134 6.653763 -5.086198 -0.459585
3301.284838 3637.287502 1033.244629 20.770212 -3.888553 0.12204 2049.746141 3504.200589 -821.143188 1.127504 -15.072204 -1.365603 1891.035662 3070.177116 -1628.728638 2.18969 -19.608437 -2.603789 1074.695787 3259.802856 -2251.464844 1.033515 -18.402243 -8.478414 1149.26671 3363.553009 -1847.821045 0.949372 -16.63631 -10.071094 -3656.789503 3369.437647 1080.366211 -15.101216 -8.434667 -4.855479 -2205.06465 4038.050575 -530.917358 5.403431 -9.764105 -3.7947 -1337.071104 4182.506256 -51.940918 17.148091 -4.959806 4.161018 -745.437994 4270.373154 -885.921631 20.667924 -4.403099 -0.165741 -972.460814 4350.575943 -897.792358 19.329279 -4.449885 -0.630994
3316.540442 3569.670582 1086.969604 20.134628 -4.52454 0.085325 1931.321173 3148.172493 -600.272217 0.315624 -21.588709 -0.529813 1840.391455 2942.186737 -1495.454712 1.567882 -21.245476 -2.017373 1214.955359 3110.411873 -2303.808594 1.722256 -20.086663 -10.906241 973.42063 3118.670998 -1606.008911 0.205145 -20.031598 -7.015089 -3535.89303 3428.334851 1027.349243 -9.608833 -6.116544 -8.544678 -1939.146204 3998.656693 -453.984985 10.250975 -9.887677 -3.684182 -1154.292078 3952.720337 154.043579 20.797118 -7.134382 6.47977 -830.509501 4219.570541 -773.615723 18.580613 -4.565642 -0.062229 -864.706888 4037.705765 -952.88208 21.244684 -7.050681 -1.361374
3089.044504 3550.344181 592.481689 10.218152 -4.688594 -3.084869 1605.597696 2986.62075 -976.747437 -0.269832 -25.025935 -3.558136 1246.045847 2461.383896 -1650.083008 -0.20848 -30.244444 -3.815682 734.284983 2771.782532 -2500.270996 0.00742 -25.198688 -16.153914 766.529932 2814.738159 -2066.132812 -0.002505 -25.233857 -16.931706 -3380.63201 3569.528084 875.423584 -2.90903 -3.082322 -15.773874 -1669.757986 4002.552643 -536.378174 17.909788 -9.634728 -5.159025 -839.239264 4016.828384 16.210327 29.58082 -6.26495 3.797568 -636.509085 3933.911247 -982.041016 22.4855 -7.332474 -1.174025 -427.656641 4191.956558 -1061.071777 33.526992 -5.44997 -2.45932
3062.471895 3382.404121 383.168945 8.219542 -6.220759 -9.275013 1399.409914 2727.476387 -906.452637 -1.760445 -29.099979 -4.090169 1146.764345 2315.935822 -1683.708496 -0.691426 -31.343713 -5.771021 581.452761 2683.913803 -2457.900391 -0.150483 -25.112057 -18.168248 543.104906 2482.913742 -1963.19519 -0.487165 -29.910224 -17.294481 -3291.371183 3492.658854 889.466553 -1.435392 -2.818334 -21.024762 -1497.329893 3886.265602 -378.635254 22.656366 -10.039411 -4.575104 -545.218611 3832.122192 -131.082153 37.863156 -7.337984 0.954368 -232.451448 3847.331657 -1090.57251 30.592531 -7.258949 -3.579086 -358.635073 3869.579048 -942.128296 34.769502 -7.731362 -2.445079
2880.011058 3266.470671 256.616211 2.162295 -5.489615 -19.233385 1194.256358 2308.220139 -779.497681 -4.881637 -36.351624 -5.158361 1022.470775 1973.34404 -1611.052856 -1.81418 -35.552484 -7.95082 266.824985 2151.972885 -2279.020386 -1.807536 -31.777652 -19.126368 598.019633 2258.657532 -1935.693359 -0.475341 -31.439365 -22.278122 -3004.323964 3506.813145 969.18457 0.599213 -0.812705 -28.912331 -1317.786336 3675.052834 -474.414062 27.34959 -11.143472 -9.945591 -344.667172 3546.296539 -426.055908 42.959821 -9.08137 -0.789051 250.563693 3509.381104 -1237.180176 41.447918 -9.510286 -10.103797 -140.254388 3771.026306 -1006.403198 40.145097 -7.181411 -5.766707
2911.26395 3262.118492 258.574829 2.507274 -5.449427 -20.587583 1259.510868 2063.838501 -571.559448 -4.110641 -43.443607 -3.195338 916.453922 2002.619019 -1417.197266 -2.868489 -34.753626 -5.587417 199.324024 2154.822235 -2135.481567 -2.411577 -31.608551 -16.315704 481.078212 2210.931244 -1611.431274 -1.043807 -32.312652 -14.91243 -2933.576138 3530.366058 861.022339 1.596419 -0.578189 -39.17366 -1275.574048 3645.790405 -627.146606 28.509715 -11.574628 -14.350282 -332.793915 3478.619957 -857.454834 42.944062 -9.932013 -6.866204 273.045146 3453.801003 -1663.723755 41.723439 -10.151841 -23.513417 -170.118306 3750.355377 -1243.87085 38.748971 -7.331977 -10.501638
2929.503022 3124.625928 167.561646 2.298113 -6.928185 -29.709724 1265.639192 1947.709503 -599.064331 -4.443607 -44.898434 -5.164607 1006.735383 1827.675781 -1456.849365 -2.297369 -37.141423 -8.404679 84.899407 1926.306686 -1868.621216 -3.7209 -34.604494 -13.17535 198.227273 1973.405304 -1376.781006 -3.329096 -35.972227 -12.79423 -2882.984466 3497.12738 982.235107 2.072869 -0.34551 -40.618355 -1335.203246 3608.86013 -584.282227 25.119977 -10.96057 -16.882614 -473.342513 3541.719971 -1031.642456 37.151034 -8.138488 -14.25433 404.921571 3419.972286 -1487.789917 44.548773 -9.681963 -22.299647 -534.599227 3524.564095 -1393.865967 26.901297 -9.068168 -16.956699
3012.021194 3040.881639 176.605225 3.56927 -8.496968 -33.470957 1366.128249 2005.100479 -791.690063 -3.353026 -42.502029 -9.608952 945.053878 1547.712097 -1445.107422 -3.079696 -43.397924 -9.879759 20.141374 1688.053436 -1058.899536 -4.62341 -38.956728 -1.7171 106.868072 1820.077362 -940.55481 -4.454906 -39.034358 -6.460208 -2847.761216 3509.708519 957.668457 2.457572 -0.190645 -50.07398 -1416.822953 3621.683388 -709.519653 21.520441 -10.373973 -23.316038 -625.225663 3522.744293 -1263.282471 31.724856 -8.132959 -24.705953 310.908027 3441.940804 -1590.046387 41.407949 -9.154655 -29.418677 -525.769219 3601.196861 -1413.28125 26.598176 -7.977721 -19.891886
3022.186824 3005.602274 125.105591 3.824741 -10.144681 -34.430661 1476.16357 2092.563477 -1109.916382 -2.101131 -40.636593 -15.446585 911.921932 1551.113892 -1564.938354 -3.419336 -43.967761 -11.616534 24.669066 1649.346466 -1081.311646 -4.56186 -40.296474 -1.648067 657.184993 1360.695648 -338.356323 -0.481333 -51.185303 -0.394455 -2931.256779 3516.232147 943.215332 0.768106 -0.280345 -48.724836 -1664.106206 3675.487328 -856.525879 13.946876 -9.883871 -27.154229 -896.199101 3606.160469 -1451.939087 24.063657 -7.415422 -30.809583 -47.86919 3533.717766 -1972.484131 32.293011 -8.348793 -44.654217 -841.70554 3684.328499 -1682.8479 18.726797 -7.36396 -26.84922
3046.264953 2987.712593 139.414062 4.592859 -10.764919 -34.564852 1460.444946 2041.969528 -1029.424438 -2.185551 -42.294018 -14.043642 915.211105 1644.771118 -1636.115723 -3.305216 -41.743678 -13.475862 28.937852 1669.369354 -1135.723877 -4.433357 -39.962074 -2.297706 429.328117 1419.594574 -479.411011 -1.589018 -49.727231 -1.22462 -2973.942872 3501.220322 967.913208 0.33672 -0.383164 -48.105902 -1714.685212 3679.690552 -843.032227 12.785956 -9.879118 -27.281401 -1000.023575 3623.187447 -1506.607666 21.582103 -7.255941 -33.808181 -365.699082 3468.514652 -2264.967041 25.300309 -9.199043 -60.686804 -956.374665 3801.88797 -1747.814331 16.358991 -6.212997 -29.482442
3131.949682 3022.675476 122.918701 7.982874 -11.316809 -36.180526 1491.1164 2012.188721 -977.476807 -1.623989 -44.900736 -13.317256 1001.67388 1798.25943 -1728.114014 -2.192354 -39.341676 -15.981127 132.072172 1675.156555 -1182.749634 -3.102164 -40.965183 -2.980121 533.964987 1461.100769 -411.687622 -0.842614 -50.053012 -0.914066 -3247.873316 3502.107677 1184.665527 -2.172856 -0.755736 -33.130061 -2007.22085 3762.755127 -670.756226 6.795605 -9.374118 -22.242184 -1214.035883 3698.582268 -1262.997437 17.194354 -6.997407 -24.860529 -633.785181 3676.970367 -2096.938477 20.490363 -7.354699 -52.60991 -1011.764383 4005.76622 -1319.89624 15.794487 -4.843112 -17.569902
3151.301792 2976.138992 89.241333 9.177262 -12.433364 -36.223122 1631.881931 2082.809906 -1268.049316 -0.546776 -42.396787 -19.303707 1044.877841 1798.242035 -1921.860352 -1.717628 -39.11272 -20.034458 205.15372 1692.552032 -1323.678589 -2.345984 -40.398834 -4.312775 339.46101 1736.61499 -1334.935913 -1.903578 -42.801764 -13.313842 -3381.768887 3442.699852 1344.794312 -6.107329 -1.219661 -21.261014 -2184.23959 3847.574387 -519.877319 4.045389 -7.831143 -16.915582 -1279.043591 3590.779533 -841.759033 16.092328 -8.213336 -11.018042 -484.133847 3979.654312 -1346.409912 23.7406 -4.257304 -19.813772 -1184.630291 4056.626663 -1153.799438 12.658284 -4.338629 -12.895631
3163.510623 2983.102665 85.230103 9.157504 -12.238057 -35.755629 1625.901523 2041.244812 -1211.967163 -0.646176 -43.703967 -17.569321 1190.584903 1839.940033 -1999.645386 -0.848265 -38.146372 -21.770372 271.028476 1744.797516 -1534.598389 -1.940232 -39.329914 -7.37198 438.350253 1953.423309 -1734.487915 -1.341722 -37.683201 -23.184715 -3414.982724 3409.810371 1448.284912 -8.158748 -1.594745 -15.322014 -2249.833798 3877.293015 -418.170166 2.970846 -7.384182 -13.936308 -1310.700955 3629.352417 -624.368896 15.14718 -7.731755 -6.102532 -490.432706 4139.453354 -943.148193 23.351846 -3.002642 -8.756078 -1148.954282 3923.672943 -811.292725 13.091663 -5.488964 -6.324005
3215.253839 3039.085646 102.461548 9.304934 -10.589836 -35.580639 1768.642511 2104.966125 -1283.392334 -0.22758 -41.751801 -19.685476 1216.564341 1751.065063 -1925.355225 -0.969417 -40.264214 -20.117695 806.288309 1667.866364 -984.508057 -0.014264 -40.938137 -0.953666 555.44713 1944.901428 -1293.859863 -0.96022 -37.889254 -12.414943 -3404.041815 3367.295647 1625.234375 -10.011274 -2.148859 -8.669357 -2126.387396 3857.339249 -146.146851 4.007366 -7.696476 -8.31726 -1226.287756 3615.285072 -474.111328 15.926919 -7.914388 -3.874455 -490.529165 4070.037994 -999.862061 22.39128 -3.52652 -10.306003 -1158.136206 3974.093018 -789.671631 12.029972 -5.0429 -6.201528
3195.069695 3040.472355 94.104004 7.525044 -10.019655 -35.165802 1744.053764 2148.269272 -1279.99939 -0.447833 -39.878366 -19.161475 1168.921623 1716.800385 -1835.539551 -1.478475 -40.636208 -17.366078 593.239098 1606.577148 -1001.274414 -0.574037 -41.834451 -0.950941 551.640587 2003.841476 -1330.476685 -1.145231 -36.122864 -12.832218 -3379.392281 3284.853783 1700.645752 -10.367265 -3.120786 -5.734824 -2032.37812 3850.28595 34.0625 4.982198 -7.515641 -4.99746 -1072.854805 3764.429054 -136.367188 18.65973 -5.932241 -0.442735 -215.588589 3857.191772 -647.11853 27.500864 -5.202126 -3.560646 -1039.645958 4014.165497 -635.006714 13.676254 -4.541422 -3.885913
3221.488743 2933.089447 95.252686 6.204524 -10.097012 -36.977144 1630.61533 2179.78569 -1145.147705 -1.677923 -35.923557 -16.824037 1236.877384 1604.709015 -1705.062866 -1.483815 -40.81704 -15.182947 419.881363 1794.972 -1154.849854 -1.931767 -35.848265 -2.561116 984.636402 1657.797699 -266.21582 -0.017923 -41.745139 -0.233274 -3160.609341 3201.308413 1575.24292 -3.852323 -2.778997 -11.375041 -1621.737118 3740.22438 127.305908 12.163883 -7.599186 -4.237597 -755.411205 3588.819771 -264.033203 24.894572 -6.735329 -1.634771 172.449293 3809.792557 -514.240723 34.992575 -4.674318 -2.410227 -346.556072 3832.378769 102.655029 28.551052 -5.20396 0.018912
3004.637861 3010.630223 96.254272 1.870376 -6.656768 -40.620945 1462.340345 2119.524612 -1154.592285 -3.152578 -35.976573 -18.887609 1183.305845 2080.172806 -2013.167114 -1.667541 -28.923274 -25.356105 540.434065 1837.598724 -1267.454224 -1.00071 -33.891579 -4.878512 318.797903 1891.699982 -1083.591919 -3.138931 -34.990435 -10.125018 -3184.031572 3204.908142 1772.905273 -3.684422 -1.888107 -6.999435 -1437.556658 3750.555038 544.019775 18.223962 -6.580125 -0.87715 -677.849016 3321.212444 113.708496 27.828362 -9.398155 -0.028161 -136.033888 3519.529724 926.434326 28.377261 -6.988222 11.103183 -533.006792 3627.951584 121.739502 24.278911 -6.581031 -0.001013
3004.558401 3010.58041 96.246338 1.87059 -6.656992 -40.620822 1462.268057 2119.364014 -1154.497681 -3.15233 -35.979988 -18.884974 1183.30718 2079.792709 -2013.078003 -1.66683 -28.930201 -25.353128 540.210333 1837.334061 -1267.532959 -1.001396 -33.89587 -4.87949 318.578672 1891.496124 -1084.01123 -3.140085 -34.994055 -10.132889 -3183.680735 3205.269585 1772.463989 -3.670177 -1.882897 -7.012973 -1436.972361 3750.416489 543.721924 18.24519 -6.581534 -0.87892 -676.995401 3321.239853 113.740234 27.855249 -9.397226 -0.028109 -134.055433 3519.29718 925.767212 28.423667 -6.990336 11.087533 -531.639719 3627.450562 122.166138 24.316827 -6.585634 -0.00093
2986.958323 3004.006824 180.485229 1.373448 -6.394048 -36.775292 1402.005777 2088.007584 -970.296021 -4.140917 -36.351151 -14.674978 1141.722116 1884.799576 -1805.065918 -2.124231 -32.641351 -19.664613 166.643791 1711.893921 -1989.718018 -4.064728 -35.973447 -20.866384 212.170191 1866.306152 -1353.076172 -4.345565 -35.146819 -16.117135 -2919.123831 3326.264839 1532.49939 0.029868 -0.509758 -16.869259 -1165.777044 3635.379715 257.834473 27.158912 -8.037559 -3.594475 -359.215803 3255.088749 -115.151367 37.118664 -10.068647 -1.059793 571.47809 3342.740555 -441.578979 46.004135 -8.836314 -2.503955 -0.076437 3630.371017 -82.89978 39.585962 -6.375609 -0.445584
2987.754269 2999.988468 184.326782 1.442721 -6.59737 -35.746127 1401.786404 2070.38002 -951.708984 -4.086849 -36.999648 -13.880681 1108.443356 1874.373245 -1776.624146 -2.380796 -32.97717 -18.464254 130.265059 1685.725861 -1922.162476 -4.411818 -36.590449 -18.415649 191.277189 1840.367279 -1188.168945 -4.527409 -35.836392 -11.985835 -2878.991947 3355.272217 1437.525635 0.295164 -0.360939 -20.840401 -1119.152088 3610.466042 162.039185 29.134854 -8.518055 -4.631344 -374.090061 3248.810368 -335.246582 36.765899 -10.231021 -3.140027 508.910122 3351.830444 -769.984741 44.351766 -8.786585 -7.254401 98.138006 3559.678001 -184.9823 43.050846 -7.141583 -0.850068
3007.617464 3013.919599 243.438721 1.812702 -7.538226 -29.402998 1387.913027 2138.199539 -872.768555 -4.218472 -36.609835 -10.635875 917.228212 1738.927612 -1519.42688 -4.368738 -37.230287 -10.819379 44.377155 1740.701752 -2013.790283 -5.350251 -36.575219 -18.686977 76.918011 1889.850922 -1152.469482 -5.808963 -35.942096 -9.649841 -2737.413969 3481.021996 1138.201904 3.1212 -0.069003 -34.28674 -1216.684752 3548.426323 -422.953491 25.562894 -10.513803 -14.475403 -358.153334 3382.017097 -825.05249 37.435543 -9.126343 -10.688969 584.5189 3380.188484 -1114.151611 46.622642 -9.107707 -13.188083 7.999249 3512.26265 -515.29541 40.13996 -8.237432 -2.796137
3105.49654 3052.520537 217.43103 2.737894 -7.092768 -33.727306 1460.495014 2156.581345 -868.001709 -3.854261 -36.652216 -11.931646 948.614292 1761.25412 -1492.144775 -4.552177 -37.173436 -11.703032 172.967944 1787.589264 -2136.303101 -4.401143 -36.041053 -24.520182 136.49184 1817.967682 -1068.671875 -5.644553 -38.025586 -9.421955 -2654.870586 3536.39328 1071.109619 4.28923 -0.009003 -44.603604 -1201.876812 3592.004547 -569.630737 24.410271 -10.089658 -20.445454 -330.983372 3404.577599 -947.770386 36.810886 -9.089765 -15.862041 478.283863 3442.556152 -1519.154053 42.34887 -8.582777 -28.477122 -190.740566 3778.179474 -1216.338501 32.378423 -5.718677 -16.043978
3150.925732 3095.843159 165.328979 3.443349 -7.060076 -33.051474 1536.343212 2109.784012 -904.816284 -3.037583 -39.231741 -11.338603 1060.896358 1775.684357 -1595.215454 -3.381904 -37.810937 -12.449495 261.445856 1780.166931 -2216.712646 -3.600426 -37.019487 -24.954797 205.699573 1797.733917 -1149.324951 -4.964619 -39.470484 -9.678529 -2703.30431 3555.479317 972.504883 2.455385 -0.041136 -47.150338 -1311.67757 3696.906738 -726.948242 20.199226 -9.005603 -23.218881 -575.55109 3622.024231 -1356.692505 28.912634 -6.865951 -27.438527 300.652084 3662.667236 -1827.133179 37.325712 -6.551649 -38.423627 -533.375568 3370.229034 -1335.229492 22.623864 -10.671008 -17.325806
3158.215942 3076.064591 152.555542 4.00989 -8.187339 -33.11987 1619.041443 2109.804764 -1035.661011 -1.957294 -40.02433 -13.782948 1118.401947 1760.682068 -1699.064331 -2.623555 -38.788019 -14.466713 284.451561 1811.445465 -2269.342651 -3.211803 -36.927993 -26.311792 279.283247 1786.945953 -1013.372192 -3.978045 -40.354737 -7.106742 -2843.897095 3567.607994 1042.614136 0.285605 -0.07379 -40.75098 -1558.169556 3772.67868 -729.261475 13.343243 -8.203473 -22.936309 -855.447769 3668.501015 -1390.648193 21.809246 -6.634815 -28.318055 41.981583 3866.63765 -1770.12207 31.383482 -4.802608 -35.455369 -865.639648 3699.397774 -1683.193359 15.418355 -7.172504 -26.824489
3206.101446 3134.216118 186.600952 5.519854 -8.099431 -32.888625 1674.698095 2128.149185 -1026.323853 -1.374543 -41.11589 -14.206491 1190.940237 1803.656311 -1728.433838 -1.896415 -39.06381 -15.814979 341.337194 1892.298126 -2292.634888 -2.613903 -36.407423 -28.076818 949.101171 1389.493713 -416.380005 -0.060808 -51.792736 -0.898873 -2925.603266 3613.726845 1060.543823 -0.004092 -0.097312 -41.589851 -1732.832727 3782.921104 -810.349731 9.297493 -8.927587 -26.529038 -1198.783808 4093.707428 -46.751099 14.237163 -3.03694 -0.244347 -676.423883 4368.353882 768.262329 16.920042 -1.595446 9.133515 -752.068872 4058.439178 -1502.775879 18.087327 -4.351086 -22.295345
3210.102148 3143.539119 165.366821 5.628373 -8.200951 -33.508387 1676.913671 2132.327347 -1049.102173 -1.357933 -41.394537 -14.538727 1185.676718 1802.414703 -1745.878906 -1.940346 -39.410349 -16.048486 316.209879 1902.567596 -2280.907593 -2.831729 -36.468781 -27.41702 853.16947 1531.464233 -374.651489 -0.243574 -48.394075 -0.638266 -2946.568384 3604.874611 1048.773193 -0.057994 -0.173855 -41.909574 -1774.738245 3791.248283 -839.015503 8.37961 -9.011721 -27.246603 -1285.038385 4200.821762 -89.856567 12.535614 -2.346751 -0.390184 -852.469873 4653.628235 700.395508 14.009963 -0.487865 7.876974 -787.879038 4074.629211 -1540.396118 17.290399 -4.32821 -23.159659
3179.699802 3257.016864 120.473633 6.278544 -6.817003 -31.294728 1757.116795 2343.711929 -1346.195068 -0.501672 -36.808745 -19.349571 1266.498127 1989.921341 -2051.532593 -1.003206 -36.34542 -21.478387 474.139194 2129.901352 -2714.661255 -1.282639 -33.152836 -40.1497 820.923939 1934.829712 -667.331543 -0.194353 -39.789767 -1.95763 -3150.047207 3656.811905 1269.492798 -2.260307 -0.19011 -21.204263 -1968.981838 3978.519211 -637.910767 5.641377 -6.948905 -18.060957 -1675.956478 4503.098831 162.019043 6.916855 -0.956748 0.416976 -1421.182766 5026.349792 1005.626831 7.06643 -0.001657 17.938331 -854.199429 4336.75415 -1154.499512 16.994125 -2.820183 -11.307232
3248.593435 3402.614117 135.6604 9.221918 -4.992456 -29.112024 1841.818991 2492.801514 -1378.314209 -0.12108 -34.299504 -19.272517 1247.015753 1957.224579 -1866.412354 -0.999501 -38.490851 -15.839441 566.106558 2407.408829 -2530.021973 -0.705259 -29.170391 -31.631717 812.975607 2613.538284 -2276.400146 -0.167762 -26.548356 -37.928524 -3236.85029 3709.156036 1311.835938 -4.251978 -0.22267 -17.179841 -2112.687845 4033.760834 -652.773438 3.691505 -7.017995 -17.498808 -1615.441904 4536.851196 67.329712 8.105937 -1.075363 0.182492 -1247.342691 5289.38736 673.481445 9.400481 0.145201 10.067889 -1283.939371 4157.80365 -1381.87439 9.260343 -4.597209 -15.548155
3221.845689 3422.567415 153.098755 7.95707 -4.477544 -26.221382 1906.212296 2698.652 -1523.532715 -0.025303 -28.66784 -21.701804 1499.046006 2296.586533 -2262.294312 -0.083481 -30.784254 -25.011061 679.695725 2751.709824 -2732.484131 -0.322381 -23.278382 -37.343978 976.352601 2640.190964 -2519.761353 -0.000195 -25.905281 -45.381462 -3231.977859 3712.479477 1353.275146 -4.411353 -0.179116 -12.880289 -2165.126662 3991.617126 -641.473389 2.869962 -7.546861 -15.79628 -1670.402236 4405.679245 130.62561 7.148556 -1.732476 0.724707 -1289.013076 5198.94928 666.912842 8.753106 0.043152 11.131196 -1035.591903 4214.493027 -966.382446 13.487715 -4.081409 -6.403974
3207.430718 3618.077927 597.785645 9.098609 -2.584174 -9.37714 1976.237633 3497.476625 -1311.188965 0.059479 -13.37474 -14.614526 1904.482262 3023.80497 -2125.07019 1.076089 -18.684959 -19.046898 1549.170983 3080.030098 -3121.914062 3.335745 -19.511438 -50.737978 1373.694909 2869.419098 -2425.465698 1.273638 -23.14349 -38.668052 -3433.547676 3781.814575 1469.793701 -11.515328 -0.223575 -5.95339 -2520.350654 4243.101578 -594.107666 0.316971 -5.147661 -12.71409 -1724.530342 4379.224777 24.086304 7.049038 -2.418662 0.552236 -1313.934944 4736.532745 912.252197 9.032326 -0.843273 20.157019 -1212.730339 4443.844681 -1218.198853 11.090034 -2.990647 -9.353346
3261.694727 3739.242496 1027.542725 11.107854 -1.432263 -1.394911 2168.448725 3850.1511 -963.807983 0.81077 -8.352861 -7.204099 1779.797144 3557.929659 -1773.250732 0.446772 -11.315084 -10.105569 1351.099176 3302.074633 -2707.871094 1.705301 -16.797064 -31.685886 1161.392603 3340.923138 -1797.697754 0.336124 -15.857229 -17.453313 -3381.753149 3847.29454 1405.718994 -8.819954 -0.08666 -6.456462 -2537.726049 4224.579849 -703.791504 0.24473 -5.748944 -14.223512 -1584.233618 4415.88623 -407.213135 9.177675 -2.356527 -0.445446 -1308.257971 4615.266266 577.087402 9.088673 -1.507195 11.965065 -1337.805395 4401.807404 -1281.571655 8.984324 -3.478469 -9.657161
3049.60247 3834.318047 1251.555176 4.334369 -0.085888 -0.23278 1902.301292 4401.604843 -589.660645 -3.8e-05 -1.762649 -3.025203 1682.232323 4099.262314 -1442.213135 0.151828 -4.535203 -5.450681 1576.897087 3792.953873 -2435.396729 3.617483 -9.684304 -23.992922 1022.992516 3804.309044 -1509.266357 0.053039 -8.471068 -11.884961 -3110.972176 3840.663834 1624.801025 -0.46425 0.038631 -2.308296 -1896.003609 4240.710678 -251.394043 8.179799 -4.181226 -5.951222 -2389.535713 3517.677536 -739.678345 0.752826 -10.930217 -4.244454 -1612.799568 3586.800804 -71.618042 5.662607 -9.821254 0.942129 -1516.630745 3451.16374 689.353027 6.414106 -12.24737 7.304766
2888.891311 3961.073303 1161.987305 1.282155 0.09859 -0.495749 1779.691939 4917.478943 -546.889038 -0.17832 -0.006924 -2.308581 1612.608199 4695.020752 -1438.896484 0.036175 -0.960637 -4.953192 1450.92073 4491.782837 -2454.740601 2.48693 -3.791045 -23.549025 951.357665 4496.529083 -1587.375488 0.002519 -2.549714 -12.835564 -2996.480699 3960.032959 1810.368652 0.084491 0.663077 -0.048305 -1891.103501 3780.072441 -174.60083 8.31595 -10.868698 -4.316245 -2425.829301 3513.226852 -983.952026 0.59926 -10.827948 -8.033497 -1471.113877 3552.276325 -1370.186768 7.186446 -10.12525 -12.638535 -1737.428575 3133.869514 459.289551 3.82176 -16.768006 4.447038
2696.215526 4039.165802 1289.122314 0.039201 0.874314 -0.242072 1668.807842 5021.491699 -423.513794 -0.461634 0.097006 -1.890748 1691.932994 5137.822876 -1339.903564 0.27915 -0.000487 -4.620159 1046.09933 4920.687103 -2121.51001 0.376875 -1.299309 -16.086264 1176.717387 4972.175903 -1665.568237 0.521455 -0.348853 -16.329839 -2931.213368 3946.878891 2193.320312 1.298606 1.104131 2.616379 -2254.019459 3747.402763 52.88208 2.834469 -10.315118 -2.469088 -2680.617665 3214.62795 -671.026611 0.034306 -14.591251 -3.821905 -2521.065511 2486.772232 -1366.397705 0.301749 -27.7034 -14.470414 -2690.468434 2741.5942 700.145264 -0.212656 -22.421513 6.836002
2628.162206 4102.138824 1450.492554 -0.140022 1.672549 0.023083 1562.188848 5232.793579 -129.86084 -1.30345 0.729186 -0.272328 1629.051031 5709.648743 -913.972168 0.068902 1.200497 -0.771256 988.362097 5200.756226 -1543.817749 0.152386 -0.422625 -4.549528 1089.742635 4904.602203 -1352.357178 0.182336 -0.465441 -9.53753 -2745.777918 4049.977951 1526.411743 6.049387 2.642372 -5.42692 -2274.018122 3438.262424 -580.859375 2.273746 -16.172765 -13.301 -2841.65713 2691.695442 -261.45813 -0.104575 -24.541374 -0.19773 -3777.720362 2371.547699 -34.80957 -4.627051 -29.857662 0.932937 -2826.243311 3008.062038 -846.989746 -0.79615 -17.477956 -4.21115
2446.176667 4146.274567 1537.095337 -1.453165 2.441923 0.043822 1508.778901 5285.604401 -93.799438 -1.3892 1.038476 -0.391582 1397.701478 5968.515625 -689.581909 -0.084333 2.618818 -0.181054 745.09871 5396.255493 -1233.990479 -0.017843 -0.090774 -1.856493 952.160096 6032.397156 -51.577148 0.033505 2.118932 0.39356 -2545.075469 4174.73259 1770.748901 20.232051 5.272368 -1.708435 -2425.6109 3369.740143 -302.302856 1.227424 -17.344635 -8.813189 -2687.29135 2927.093391 -1140.202026 0.042903 -19.238046 -15.484332 -3660.0596 2692.025375 -1252.859497 -3.290672 -22.68717 -13.315089 -2886.282439 3563.240967 -221.035767 -0.879967 -9.407375 -0.143909
2355.389023 4224.292068 1608.075562 -3.125843 3.966968 0.129933 1331.360397 5367.39151 35.583496 -3.242021 1.583433 -0.120091 1294.545364 6274.523315 124.719849 -0.363498 4.994143 3.599647 632.602234 5649.705963 -343.606567 -0.190559 0.021486 2.006712 402.633896 5897.715454 288.272095 -1.533378 1.539465 2.42185 -2488.312302 4192.414551 1628.032837 24.444998 6.112315 -5.513131 -2458.569412 3326.957378 -421.638184 0.94874 -17.887107 -12.027321 -2635.848618 3032.207441 -1341.677856 0.113053 -16.857144 -22.987932 -3589.851608 2757.704086 -1177.488403 -2.801516 -21.031731 -12.223787 -2727.668381 3085.739174 -1401.786499 -0.280208 -15.666198 -16.352597
2304.989576 4271.486893 1577.357788 -4.566709 4.630868 0.124645 1301.637373 5531.507416 67.226562 -3.771663 2.625554 -0.029554 1259.807234 6443.667297 147.681274 -0.54498 6.424531 4.207464 384.881773 5935.344238 -37.171631 -1.239716 0.356991 6.264641 224.697504 5941.942444 295.947876 -2.975722 1.698511 2.77772 -2459.083605 4199.828415 1504.794312 25.940302 6.034702 -8.457986 -2377.253923 3540.944328 -630.209351 1.514386 -13.417405 -16.47101 -2617.717333 3028.331776 -1438.627319 0.125487 -17.128166 -25.448034 -3472.572985 2741.2257 -981.415405 -2.106209 -21.553456 -7.245313 -2575.519457 3097.471876 -1625.720215 -0.025156 -15.651002 -21.464781
2303.947046 4271.841812 1578.244629 -4.579153 4.641798 0.125752 1300.665033 5532.098236 68.256226 -3.777239 2.631779 -0.029021 1259.511392 6444.283447 148.794556 -0.54386 6.432583 4.215065 383.538949 5937.634888 -35.708008 -1.244303 0.361934 6.280441 223.460023 5943.905029 295.913086 -2.981778 1.709162 2.772432 -2459.486487 4199.502029 1503.579102 25.953271 6.032289 -8.516958 -2376.937506 3539.815636 -631.154785 1.52227 -13.435911 -16.509308 -2616.086524 3026.988983 -1439.829102 0.129692 -17.149022 -25.510736 -3471.898901 2738.487053 -985.288696 -2.098717 -21.601999 -7.329584 -2573.133795 3095.890684 -1627.195435 -0.022758 -15.671926 -21.519812
2218.567556 4312.664566 1596.208496 -7.784728 5.311655 0.134935 1095.233282 5632.608643 170.698853 -7.4575 3.399687 0.006867 1065.413717 6403.252258 -352.070923 -1.891613 5.982805 0.27126 24.536364 6484.564209 -407.199097 -4.472292 2.213645 1.574096 38.991758 6314.262085 -69.943237 -5.114588 3.946103 0.264352 -2412.031962 4175.641861 1516.322021 28.029055 5.344831 -8.586279 -1850.789286 3492.948494 -577.349854 9.481243 -14.551378 -15.482961 -2085.422465 3097.625303 -1469.001465 2.977173 -15.9782 -27.165115 -3039.452311 2746.650429 -1619.761963 -0.347142 -21.572774 -25.29733 -1946.006418 3051.836138 -1671.583252 2.07176 -16.462711 -23.208384
2195.173715 4262.412109 1592.346802 -8.127191 5.014436 0.096755 1073.394388 5614.554596 211.716919 -7.620229 3.5521 0.02933 1027.634729 6351.542358 -349.838867 -2.094751 5.832437 0.246555 5.483819 6548.601685 -344.091797 -4.536973 2.725452 2.031762 36.511687 6352.728577 -52.225952 -4.990516 4.512884 0.287584 -2482.781607 4054.160767 1415.626831 23.15875 3.628824 -12.88523 -1653.707511 3516.705666 -620.005493 14.833175 -13.321483 -16.884987 -1807.245413 3176.028903 -1546.325073 6.300405 -13.998601 -30.62582 -2662.708365 2670.3368 -1302.515259 0.053185 -22.36976 -15.460819 -1836.828543 2972.247105 -1592.350464 3.10415 -17.168215 -21.248846
2188.247279 4233.769073 1573.811646 -8.051634 4.724874 0.088259 1084.326152 5657.886658 265.783081 -7.243811 4.077799 0.137384 962.573451 6253.007202 -431.025391 -2.595795 5.082539 0.089902 -2.606944 6603.377075 -283.706055 -4.525165 3.109017 2.787701 17.803773 6380.060425 -113.400269 -5.100843 4.844405 0.157308 -2542.262822 3981.859436 1505.150757 19.279045 2.650637 -8.816695 -1531.790105 3546.916275 -463.03894 18.772082 -12.442962 -12.56176 -1450.895177 3145.859704 -1370.395508 12.209533 -14.276781 -23.359679 -1981.769048 2713.281059 -614.969482 2.82704 -21.270624 -2.013402 -1124.586049 2965.982227 -1474.890747 13.414968 -17.048294 -17.721103
2196.819054 4226.094513 1586.781616 -7.747641 4.728251 0.111247 1088.881508 5679.709625 314.995728 -7.150703 4.365585 0.251977 942.927223 6170.947876 -454.396362 -2.779791 4.468761 0.048092 19.313189 6615.796814 -295.841675 -4.279541 3.22738 2.618676 28.205081 6394.198303 -122.330933 -4.975156 5.026833 0.128403 -2537.560219 3973.609238 1539.30481 19.663077 2.644501 -7.777012 -1447.467293 3579.622345 -394.796753 21.567836 -11.658428 -11.104497 -1346.057075 3029.461308 -1218.069458 14.271982 -16.18059 -18.384328 -1684.294075 2745.318375 -299.084473 5.325891 -20.513442 -0.0914 -979.796776 2972.952461 -1386.688843 16.365619 -16.810995 -15.638424
2194.213588 4225.019913 1594.857788 -7.571747 4.730618 0.116098 1089.556987 5681.887207 323.498535 -6.993338 4.398948 0.258543 945.480525 6172.911682 -446.508789 -2.67829 4.494111 0.050247 25.700095 6628.348694 -295.123901 -4.126211 3.308927 2.560957 33.273461 6403.363953 -112.997437 -4.827223 5.113985 0.135167 -2536.065342 3975.47699 1521.913452 20.369557 2.69184 -8.579359 -1438.348668 3573.988228 -406.622314 22.153276 -11.742987 -11.503805 -1321.49503 3028.487225 -1231.083374 14.940698 -16.176533 -18.995835 -1666.002629 2736.12114 -316.891479 5.583377 -20.664179 -0.150846 -941.556752 2984.332962 -1400.713501 17.364726 -16.610905 -16.126493
2193.74531 4225.258713 1601.079712 -7.468762 4.717874 0.127662 1092.221262 5684.845734 329.042969 -6.879629 4.419296 0.268986 951.856043 6172.96051 -443.80249 -2.583327 4.487234 0.051162 35.845764 6646.600952 -327.519531 -3.981485 3.413253 2.216461 38.566864 6407.310181 -111.66748 -4.727134 5.139694 0.133631 -2534.443166 3978.05603 1507.869263 20.767486 2.71785 -9.147059 -1433.084371 3568.195457 -417.557373 22.461277 -11.871263 -11.794357 -1323.181722 3028.643494 -1247.205811 14.980872 -16.19009 -19.580904 -1677.741811 2715.733185 -343.40271 5.502959 -21.068147 -0.240549 -944.588201 2979.851532 -1416.499023 17.377552 -16.696451 -16.561322
2270.143737 4185.393829 1515.78186 -5.584905 4.11556 -0.005049 1197.290419 5729.80896 282.976685 -5.342373 4.952612 0.101394 1065.498275 6153.331909 -538.452759 -1.733428 4.388459 -0.01544 291.648654 6766.017456 -187.520752 -1.863137 4.224112 3.485591 114.470862 6438.52417 -273.979492 -4.065182 5.470473 -0.038283 -2500.415498 3994.175262 1601.386108 22.289696 3.094131 -6.799286 -1493.237306 3530.120354 -387.357788 19.940004 -12.47061 -11.638694 -1584.48166 3164.123583 -1319.054565 9.784712 -13.71071 -22.793346 -2235.776063 2701.008377 -669.760742 1.30494 -21.210949 -3.031613 -1082.9731 2888.485088 -1470.915527 14.182467 -18.060738 -18.526073
2269.692881 4211.006546 1504.898071 -6.017874 4.425093 -0.008392 1235.76977 5786.903992 257.998047 -4.969884 5.4755 0.069006 1027.640803 6153.495178 -580.214844 -2.161939 4.322008 -0.053592 300.108588 6725.767517 -1081.899414 -1.907289 3.901342 -1.025296 233.616927 6321.877441 -576.384888 -3.054012 4.431406 -1.19457 -2421.643331 4038.523254 1327.926636 27.652695 3.717522 -17.613394 -1547.190511 3642.420349 -749.515381 17.754735 -10.51273 -20.999962 -1760.341146 2967.267704 -1470.13916 6.839156 -17.344422 -28.175205 -2742.016866 2737.925682 -1703.994751 0.002243 -20.672239 -29.381268 -1478.499563 2941.200867 -1690.004883 7.210773 -17.338121 -24.489558
2279.149079 4215.072479 1514.536133 -5.962161 4.448937 -0.006303 1249.638886 5797.366943 263.599854 -4.873479 5.560717 0.067588 1019.242387 6147.115784 -578.153687 -2.301534 4.250215 -0.059933 303.124127 6736.019897 -1081.591797 -1.940131 3.949923 -1.066607 245.211053 6334.017029 -575.701904 -3.017779 4.505305 -1.233607 -2358.192077 4075.438004 1231.159668 32.796656 4.365648 -23.135715 -1627.753081 3570.145798 -883.121948 15.132819 -11.912653 -25.431308 -2057.856688 2928.968811 -1537.872314 3.217583 -18.122201 -31.144112 -3071.162963 2726.95507 -1626.271973 -0.436216 -20.932677 -26.685723 -1924.641356 2878.733463 -1768.728027 2.219717 -18.411383 -27.104375
2286.507427 4236.180267 1576.171875 -5.462875 4.757723 0.001231 1241.790172 5800.194092 315.41626 -4.838582 5.539498 0.099482 1012.874538 6150.574341 -526.345825 -2.268013 4.240255 -0.035264 292.519847 6752.636719 -1007.39502 -1.943423 4.027772 -0.806487 229.559318 6327.545776 -526.61499 -3.067089 4.416913 -1.125463 -2446.872243 4114.542847 1536.75293 25.695444 5.07079 -10.175255 -1867.76122 3514.191895 -599.111328 9.278481 -13.108621 -17.784284 -2190.713948 3069.563389 -1449.134521 2.14144 -15.614855 -28.887167 -3162.785939 2721.999702 -1352.103271 -0.691793 -21.117217 -18.505175 -2061.550282 2888.270378 -1634.963379 1.336066 -18.331297 -24.017153
2292.130508 4236.166153 1578.155518 -5.499458 4.734786 0.001511 1245.198287 5804.180298 324.447021 -4.892031 5.570682 0.114596 1015.02716 6161.489868 -513.995361 -2.310395 4.316481 -0.023757 284.409637 6767.580261 -973.919067 -2.054511 4.118877 -0.628692 235.467147 6318.063354 -532.401733 -3.076321 4.333598 -1.169595 -2448.707657 4110.596008 1556.799316 24.956265 4.962184 -9.467799 -1875.23903 3515.586929 -581.945801 8.958916 -13.104353 -17.339917 -2201.146622 3066.796007 -1428.581543 2.006779 -15.685135 -28.121736 -3168.458329 2702.639122 -1346.600952 -0.736576 -21.511125 -18.367649 -2048.060074 2890.191231 -1630.546875 1.376308 -18.319014 -23.916882
2307.062464 4238.039322 1600.931396 -5.458122 4.762914 0.00436 1236.246653 5795.653381 362.339478 -5.238649 5.471607 0.161637 1013.944407 6155.16571 -475.270386 -2.44168 4.263703 -0.007444 283.046541 6790.30426 -888.562622 -2.166935 4.268817 -0.322427 226.857462 6315.14801 -493.813477 -3.278438 4.307823 -1.025858 -2453.390417 4106.649628 1658.953857 23.46166 4.87099 -6.579312 -1868.40888 3495.56942 -467.406006 8.813948 -13.519603 -14.746161 -2185.681524 3080.619693 -1332.079468 2.022165 -15.447076 -25.070819 -3144.529333 2695.248337 -1386.959229 -0.699254 -21.661552 -20.132861 -2021.348181 2879.086304 -1532.473755 1.459505 -18.511208 -21.551016
2340.253558 4254.744568 1541.954956 -5.013921 4.693408 0.003135 1245.619006 5794.019775 300.999146 -5.358084 5.231641 0.150444 1012.162204 6168.433533 -527.059326 -2.61594 4.208574 -0.005253 288.834434 6847.094727 -880.300293 -2.253376 4.519448 -0.128311 208.867946 6353.293762 -501.287231 -3.611393 4.446932 -0.747874 -2484.711347 4079.967804 1589.978638 19.710509 3.939454 -6.966735 -1804.572949 3515.152969 -520.964355 9.866553 -13.535133 -14.673739 -2121.46275 3074.125204 -1372.850342 2.4006 -15.924983 -24.498377 -3054.120526 2710.852585 -1109.735107 -0.464742 -21.753213 -10.846683 -1861.180921 2899.84539 -1626.995239 2.513936 -18.504212 -22.632226
2337.755876 4245.229034 1505.775146 -5.21547 4.52903 -0.002894 1244.483781 5797.011414 290.182495 -5.455704 5.272749 0.144973 1007.164292 6184.918823 -527.733154 -2.711283 4.34399 -0.002467 276.97289 6831.163025 -917.57019 -2.3873 4.414588 -0.204218 207.595544 6363.057556 -491.56311 -3.672639 4.530578 -0.656322 -2490.290999 4045.949249 1607.335205 18.933611 3.341058 -6.18458 -1763.928695 3526.101303 -493.270264 10.706633 -13.29516 -13.780613 -2088.04811 3061.596766 -1326.633911 2.643792 -16.13599 -22.555531 -2657.505202 2747.222824 -525.166016 0.020057 -21.039009 -1.374691 -1822.296309 2907.825642 -1601.848755 2.805282 -18.3574 -21.679938
2340.897317 4225.776138 1450.535889 -5.186548 4.412037 -0.021148 1232.003503 5753.349915 237.496948 -5.69201 4.947285 0.103088 1010.134377 6226.282959 -533.799438 -2.702688 4.784967 0.000753 257.730603 6827.696838 -939.89624 -2.562483 4.481651 -0.176829 165.498815 6403.52356 -357.226562 -4.120696 4.966863 -0.094307 -2410.684714 4015.156937 1663.287354 25.006655 3.043358 -3.860434 -1521.880088 3793.39222 -416.066284 17.249649 -8.206912 -11.245609 -2109.449668 3127.169216 -881.8573 2.442192 -14.745218 -8.993857 -2769.577537 2873.623104 -136.411133 -0.009673 -18.464413 0.110676 -1331.383567 3036.456423 -1563.005371 8.778857 -16.069582 -19.732983
2333.262115 4204.733047 1426.966553 -5.334005 4.103038 -0.050782 1166.792159 5661.419373 165.375366 -6.771664 4.067141 0.014981 1000.304427 6228.894958 -559.103394 -2.776236 4.839947 -0.001437 251.043181 6833.572998 -976.588135 -2.599747 4.550548 -0.279493 163.410344 6449.669495 -163.070679 -4.11904 5.393042 0.084122 -2451.007752 3973.183746 1762.711182 21.918629 2.449521 -1.836229 -1362.284608 3785.48439 -233.016357 22.539293 -8.26932 -7.514545 -1406.25525 3422.079449 -1171.083374 11.986995 -10.035546 -16.390871 -2198.222413 2871.18866 -805.90271 1.226589 -18.436371 -4.203895 -1283.122163 3388.139229 -1344.248047 9.5852 -11.00024 -14.224581
2342.008247 4192.953415 1408.605957 -5.313755 4.007912 -0.040971 1152.355537 5654.091949 168.154297 -7.179227 4.058378 0.040086 1001.110573 6231.718445 -553.389893 -2.847031 4.917146 0.002591 265.349064 6842.637024 -989.223022 -2.546996 4.659458 -0.24136 176.767464 6456.380615 -264.93103 -4.063453 5.507406 0.003038 -2480.771904 3955.291519 1696.685791 19.056048 2.28256 -2.571095 -1233.094444 3860.806351 -214.58374 26.962349 -7.011393 -6.766808 -1314.053764 3423.777447 -1119.768066 13.608103 -9.92043 -14.223808 -1327.429161 3271.851845 -98.065186 8.534101 -11.891774 0.32281 -1077.567558 3357.686081 -1323.809814 13.079077 -11.312769 -13.226485
2306.231246 4167.090073 1396.206055 -6.202361 3.631496 -0.055856 1160.881591 5653.728485 162.129517 -6.937274 4.092551 0.037557 1001.818252 6235.38269 -549.163818 -2.793607 4.981285 0.005589 293.780227 6956.286011 -821.073608 -2.278119 5.529431 0.004338 205.622277 6411.0495 -546.578369 -3.722998 5.150705 -0.616354 -2399.646745 3977.511978 1611.654053 25.850989 2.671558 -4.349571 -1062.59459 3942.704086 -228.041992 34.058178 -5.801778 -6.932854 -939.23636 3422.415161 -1077.858276 22.192209 -9.883824 -12.986239 -832.965074 3213.314548 -76.417847 15.766779 -12.686432 0.434541 -715.058503 3469.099159 -1306.638794 21.014014 -9.853305 -12.769819
2306.219392 4167.085342 1396.206055 -6.202483 3.631586 -0.055846 1160.869508 5653.711243 162.11792 -6.937352 4.092483 0.037549 1001.806703 6235.344543 -549.191284 -2.793645 4.981047 0.005579 293.80446 6956.25946 -821.160889 -2.277867 5.529304 0.004303 205.61357 6411.020508 -546.603394 -3.723008 5.150544 -0.616449 -2399.644103 3977.513809 1611.654053 25.851873 2.671742 -4.34945 -1062.57997 3942.719345 -228.030396 34.059136 -5.801438 -6.932569 -939.196334 3422.434788 -1077.844238 22.193421 -9.883405 -12.985738 -832.944427 3213.334279 -76.402588 15.767253 -12.685991 0.434636 -714.996428 3469.127312 -1306.621704 21.0157 -9.852838 -12.769345
2306.213937 4167.086182 1396.219482 -6.20242 3.631641 -0.055785 1160.87069 5653.708496 162.122192 -6.937194 4.09248 0.037576 1001.79667 6235.308228 -549.210815 -2.793669 4.980761 0.005579 293.851247 6956.25946 -821.230469 -2.277438 5.529323 0.004282 205.609117 6411.043701 -546.557617 -3.722977 5.150761 -0.616139 -2399.651542 3977.516022 1611.655273 25.851886 2.671814 -4.348936 -1062.578635 3942.738647 -228.022461 34.059519 -5.801146 -6.932094 -939.189811 3422.464523 -1077.841187 22.193779 -9.88295 -12.985141 -832.951026 3213.376503 -76.396484 15.767269 -12.68533 0.434756 -714.993873 3469.149475 -1306.608276 21.015945 -9.852538 -12.768633
2305.982571 4167.356033 1399.161987 -6.210943 3.631673 -0.045587 1162.579784 5653.963928 163.134766 -6.907279 4.092361 0.041972 1003.169079 6231.424255 -551.522827 -2.780783 4.945734 0.005801 302.306976 6956.339111 -831.350708 -2.211698 5.52787 0.001742 207.817669 6413.345947 -543.647461 -3.701652 5.168018 -0.589303 -2400.353794 3978.003159 1611.398315 25.787396 2.675201 -4.286072 -1064.481602 3944.812546 -229.258423 33.975637 -5.77693 -6.904966 -947.879581 3429.421539 -1083.035889 21.972471 -9.788619 -13.04842 -842.539082 3221.426353 -81.239014 15.60668 -12.57048 0.425202 -724.88184 3471.93531 -1308.704224 20.776419 -9.821808 -12.753318
2326.99481 4215.428543 1453.366089 -6.399343 4.022936 -0.000108 1222.077513 5735.675354 179.926147 -6.337736 4.648648 0.060273 1031.08325 6234.697571 -596.481323 -2.774785 4.761845 -0.004293 319.018736 6974.80835 -848.998413 -2.294718 5.475185 -0.000588 232.103624 6450.913391 -562.753906 -3.731521 5.272551 -0.69498 -2205.075197 4105.245743 1359.188843 42.057228 4.482954 -12.839759 -1180.59598 4076.864853 -698.621826 28.113791 -4.435662 -17.459696 -1365.118074 3306.449566 -1332.856445 12.183697 -11.985961 -20.605419 -2016.585665 3272.644234 -523.438721 2.030544 -12.191971 -0.882574 -1211.956301 3208.719373 -1542.338867 10.257953 -13.655562 -18.36079
2325.790629 4242.774582 1493.887939 -6.410633 4.371294 0.011602 1243.035731 5769.511414 215.412598 -5.96622 4.915328 0.100737 1061.845012 6237.555542 -580.628662 -2.474953 4.719445 -0.002488 326.257453 6931.348877 -885.06897 -2.231312 5.087287 -0.030778 233.623862 6445.670471 -524.261475 -3.708217 5.159598 -0.561414 -2290.039601 4119.781418 1410.163574 33.413358 4.614693 -11.179484 -1419.943624 4085.603485 -713.616943 19.593084 -4.427002 -18.169093 -1482.525563 3276.38772 -1320.186157 10.090912 -12.585824 -20.536113 -2480.739064 3066.267385 -1512.028198 0.203347 -15.498967 -20.373057 -1495.718617 3077.184572 -1312.453003 6.038392 -15.735681 -13.12384
2325.07288 4275.88974 1513.979492 -5.544697 4.596213 0.00809 1233.886433 5804.501953 241.891479 -5.614388 5.062504 0.10422 1039.40012 6246.919861 -566.412964 -2.40199 4.623949 -0.006516 293.417206 6925.22583 -882.98645 -2.250252 4.888339 -0.061692 204.805584 6441.662903 -509.525146 -3.692398 4.949378 -0.606977 -2431.471767 4139.620743 1843.380127 23.527837 4.590506 -0.843501 -1701.927547 3943.967133 -325.982056 12.268604 -6.53991 -9.424667 -2024.8493 3532.909889 -1194.876099 3.233746 -9.109505 -17.321874 -2716.596432 3060.49695 -580.608521 0.000363 -15.940299 -1.612431 -1643.63821 3208.319639 -1421.673584 4.612668 -14.082057 -16.215113
2346.081491 4279.428787 1527.231445 -5.61313 4.766814 0.024877 1283.856149 5829.530945 244.654541 -5.190462 5.391199 0.117067 1055.436959 6241.488342 -574.065552 -2.469669 4.623936 -0.008425 309.032331 6945.921936 -838.830566 -2.311958 5.079675 -0.008571 217.473779 6429.335022 -507.883911 -3.799528 4.892235 -0.581018 -2432.589927 4134.554443 1607.828369 21.574856 4.597874 -5.258296 -1851.712852 4004.087906 -617.834473 8.217311 -5.639037 -16.126421 -2083.077292 3461.309128 -1446.205444 2.491257 -10.029687 -25.706505 -2941.688895 3148.661194 -945.740967 -0.253436 -14.426127 -6.563292 -1987.021384 3193.529631 -1518.029785 1.395206 -14.219064 -18.541007
2337.819142 4294.151001 1538.212891 -5.661142 4.901286 0.029653 1311.056523 5858.323364 244.534302 -4.675004 5.624143 0.102844 1043.771672 6243.525085 -575.270996 -2.516839 4.577408 -0.013712 299.766984 6959.497375 -813.865967 -2.333434 5.122726 -0.001252 210.755496 6420.401611 -495.122681 -3.801036 4.755276 -0.556168 -2518.667674 4113.889618 1671.219482 15.831489 4.039729 -3.842661 -2029.717937 4129.539948 -579.779663 5.004467 -4.189094 -15.325532 -2138.016124 3518.590889 -1385.396118 2.097074 -9.336933 -23.753645 -3056.436839 3129.053364 -1085.656738 -0.53414 -14.861153 -9.539117 -2413.407969 3755.89283 -1348.692017 0.005628 -7.245755 -14.566571
2347.613616 4294.015274 1526.612549 -5.597593 4.989092 0.024026 1315.723357 5859.632568 237.258301 -4.717961 5.690799 0.102779 1038.875365 6239.622192 -582.216797 -2.633883 4.583277 -0.013507 302.012973 6955.764465 -843.19458 -2.375949 5.129368 -0.011438 205.689931 6428.683777 -482.033081 -3.928515 4.860985 -0.468249 -2549.37552 4097.889786 1751.021729 13.384073 3.826567 -2.084189 -2090.886445 4211.054001 -504.484253 3.939162 -3.264139 -13.276237 -2184.534974 3789.65416 -1425.591431 1.696616 -5.933131 -24.947475 -3084.442353 3292.006168 -1257.03064 -0.648985 -12.29921 -13.510559 -2293.968263 3809.380302 -1486.743164 0.136778 -6.64983 -17.738053
2262.548231 4277.060394 1535.333252 -6.184226 4.943098 0.003164 1295.759595 5878.117676 239.785156 -4.072087 6.06957 0.0531 954.379743 6231.184082 -567.095337 -2.824496 4.633426 -0.029442 206.047357 6937.315674 -821.859741 -2.63348 5.100865 -0.021663 145.18618 6409.730225 -443.794556 -3.884823 4.825265 -0.449867 -2760.174853 4022.394943 1964.836426 5.931841 2.783599 -0.140633 -2269.817797 4722.934418 -174.60083 2.451281 -0.115341 -7.133648 -2245.205981 4444.581604 -1152.519531 1.725731 -0.865793 -16.943181 -3135.258471 3909.154587 -1233.945923 -0.60247 -4.818593 -13.792542 -2638.003832 3934.811859 -400.560913 -0.133886 -5.31887 -1.067862
2210.534556 4243.679276 1585.172729 -6.941631 5.113384 0.025182 1313.881419 5834.94751 202.714233 -3.46722 6.056193 0.002967 919.330714 6227.535095 -568.427734 -2.902059 4.951467 -0.060759 125.741532 6854.546204 -908.968506 -3.102646 4.803404 -0.256831 92.26578 6416.366882 -268.005371 -4.149494 5.232661 -0.044662 -3033.646505 3899.951935 1923.401489 0.139083 1.659813 -0.581583 -2848.845785 4983.205872 -119.490967 -0.212114 0.252731 -6.596068 -2918.155477 4265.028305 -846.11084 -0.180626 -1.536854 -9.480439 -3486.361959 4721.416931 -91.655884 -2.123039 -0.177361 0.08231 -2978.301961 4223.754425 612.793579 -1.418022 -2.763406 3.821265
2192.333932 4288.409729 1618.178101 -6.789858 5.501072 0.031408 1355.737863 5911.064453 180.785522 -2.686011 6.657468 -0.008203 894.257989 6314.673462 -564.021606 -2.92224 5.483712 -0.100818 44.030671 6929.421692 -830.509033 -3.665821 5.164337 -0.11853 67.436967 6446.466675 -239.222412 -4.168091 5.271297 -0.044056 -3112.57772 3991.664886 1973.549194 -0.009043 2.562722 -0.400679 -3028.401084 5317.645874 31.580811 -1.071699 1.858742 -4.687258 -3195.986533 4751.144257 -822.739258 -1.234349 -0.041732 -9.592335 -3696.86605 5090.834808 52.412109 -3.4267 0.085764 0.491387 -3511.037192 5145.718842 466.547852 -6.419895 0.006665 2.03823
2117.31288 4288.096237 1626.331787 -7.00228 5.660751 0.022835 1294.18025 5851.413269 122.449341 -2.611219 6.043217 -0.090997 801.890059 6308.564148 -567.865601 -3.168931 5.500508 -0.139011 -38.72963 6945.123901 -805.629272 -3.812462 5.342569 -0.097052 7.993774 6429.543152 -232.559814 -4.076264 5.195081 -0.054952 -3240.041857 3901.422348 2124.488525 -0.349462 1.469403 0.030678 -3190.796251 5351.063843 276.12793 -1.907049 2.186775 -1.988705 -3395.074205 4998.446045 -677.62146 -2.141328 0.136692 -6.857353 -4002.080736 5837.659607 -440.756836 -5.519284 3.460776 -1.245424 -3494.316759 5828.893738 142.019653 -5.335572 2.034596 0.162406
2072.374792 4294.058456 1661.539917 -7.495747 5.771554 0.073275 1243.859472 5798.276062 112.046509 -2.846774 5.434688 -0.119602 763.562155 6308.952637 -544.220581 -3.260886 5.497825 -0.100572 -67.461863 6953.193359 -779.89563 -3.803857 5.398668 -0.059547 -4.176035 6392.277222 -326.321411 -3.897618 4.877022 -0.283836 -3297.51687 3836.268539 2228.717651 -0.680357 0.811828 0.584732 -3370.444727 5417.67807 502.401123 -3.732719 2.763817 -0.466508 -3658.941431 5517.575531 -485.464478 -4.385587 2.357241 -3.729659 -4076.485987 6076.540527 -1282.400513 -5.970976 5.545734 -17.17424 -3455.72793 5699.22348 -471.672363 -4.538088 1.375374 -2.146558
2041.035194 4332.288208 1656.442871 -7.555302 6.252581 0.060372 1236.785469 5771.853333 25.547485 -2.592345 4.978789 -0.358981 726.109123 6339.792175 -560.803223 -3.345375 5.631181 -0.136961 -108.787746 6998.075867 -753.374023 -3.925083 5.621766 -0.026274 -32.703981 6407.098694 -264.185791 -3.887554 4.868046 -0.121525 -3349.283257 3844.610291 2339.925537 -1.022476 0.748651 2.008897 -3484.339409 5438.572693 620.311279 -5.02588 2.81019 -0.089849 -3873.884697 5803.145752 -268.62793 -6.725979 4.586493 -1.299073 -4469.183464 6243.09906 -1030.221558 -10.285203 7.117006 -10.539918 -3492.284355 5949.928894 -469.13147 -4.617419 2.655529 -2.135026
2044.616051 4357.019196 1660.036011 -7.383642 6.512129 0.075547 1256.938438 5774.705505 -11.054077 -2.356263 4.872007 -0.481455 728.473396 6378.002625 -550.926514 -3.302136 5.859594 -0.108539 -119.922667 7024.75708 -748.204346 -4.023512 5.728339 -0.0177 -22.290478 6399.386597 -289.592896 -3.765924 4.698522 -0.171359 -3362.830696 3875.980759 2436.470337 -1.233335 0.906025 4.051653 -3570.961494 5595.531311 836.220093 -6.521613 4.315521 0.178055 -4023.651009 5974.425964 -21.183472 -8.953135 6.236873 -0.047294 -4625.442085 6365.004578 -810.13855 -12.475134 8.374257 -5.981345 -3554.463081 6239.117432 -261.055298 -5.327867 4.695214 -0.674584
2053.207054 4373.141708 1655.712891 -7.567394 6.71257 0.068571 1291.097527 5785.187073 -41.940308 -2.150562 4.905677 -0.60852 735.613747 6375.584106 -574.309692 -3.377993 5.771249 -0.156724 -99.640756 7057.905884 -719.671631 -3.960279 5.933448 -0.001388 -13.508244 6421.834106 -221.674194 -3.820394 4.822301 -0.042215 -3343.297462 3924.934082 2522.474365 -1.136522 1.319998 6.397892 -3614.019814 5699.77951 982.224121 -7.640153 5.511486 0.818945 -4070.036964 6152.380981 159.057007 -9.956393 8.301071 0.200669 -4687.948647 6592.039795 -595.361328 -13.64063 11.223981 -2.801314 -3572.100868 6387.359314 -157.199097 -5.722462 5.959195 -0.254606
2066.81778 4404.49852 1642.476196 -7.526966 7.083329 0.084895 1307.489624 5803.05542 -75.3125 -2.110276 4.932587 -0.666867 737.821579 6404.127808 -584.555664 -3.488418 5.892374 -0.133057 -107.946205 7081.286316 -712.058105 -4.178204 5.99821 0.002974 -2.099752 6437.121277 -248.299561 -3.830136 4.822211 -0.049877 -3310.784149 3973.520126 2574.130249 -0.805356 1.70623 8.755259 -3637.377472 5796.0495 1092.65564 -8.382776 6.6218 1.78427 -4148.495941 6295.61676 327.858276 -11.559739 10.041302 1.307988 -4447.996063 7000.901794 -422.287598 -10.335567 17.367967 -0.961381 -3623.581696 6593.268738 -52.578735 -6.555779 7.907336 -0.015895
2076.810083 4400.903015 1637.91626 -7.561239 7.086831 0.076637 1313.897638 5800.92804 -77.04895 -2.156771 4.949563 -0.670931 743.117914 6402.545166 -584.378662 -3.551546 5.912269 -0.130784 -100.915959 7081.641541 -712.949829 -4.221107 6.0312 0.002968 4.793024 6437.48291 -242.282104 -3.87195 4.855948 -0.041001 -3296.312017 3973.702774 2600.501709 -0.754554 1.755067 9.738395 -3631.949835 5807.648315 1135.272217 -8.502494 6.843677 2.186361 -4155.782537 6321.097107 388.499146 -11.897687 10.462051 1.875528 -4468.216314 7037.651062 -345.499878 -10.762409 18.075927 -0.493769 -3642.906256 6628.013611 10.750732 -6.971854 8.334103 0.0046
2076.304369 4381.500168 1603.201904 -7.693304 6.99202 0.029981 1341.994066 5803.202209 -113.877563 -1.915586 5.136265 -0.811958 750.984621 6401.637878 -605.925903 -3.503502 6.045888 -0.160489 -109.24794 7069.064636 -706.881714 -4.349064 6.053467 0.010296 16.32206 6416.020508 -283.744507 -3.791182 4.80568 -0.091424 -3274.914808 4006.824112 2678.096924 -0.516608 2.414308 13.185747 -3644.639235 5905.360718 1296.784668 -8.852752 8.591119 4.148945 -4009.915724 6388.321533 439.967041 -9.400172 11.697328 2.526183 -4368.059034 6972.306213 -388.212891 -9.470481 17.203715 -0.681134 -3680.604506 6973.274841 1337.542725 -7.556911 12.877083 16.811094
2075.920677 4375.731049 1594.463501 -7.836424 6.892514 0.007412 1362.300377 5814.369812 -122.885132 -1.762836 5.272399 -0.932339 742.327538 6405.627747 -590.776367 -3.642826 6.096864 -0.156182 -115.080018 7081.394348 -680.523682 -4.455954 6.165392 0.020646 27.202301 6430.560303 -195.534058 -3.721845 4.937669 -0.005764 -3259.488258 4021.389313 2706.948853 -0.387353 2.6556 13.86334 -3670.876808 6007.579956 1460.004272 -9.524001 10.368424 6.397246 -3974.705849 6419.007263 541.795044 -8.890655 12.197132 3.664457 -4289.378395 6913.444519 -361.405029 -8.527852 16.229332 -0.603869 -3751.354408 7064.008179 1379.818726 -8.677329 14.196786 17.535609
2065.656605 4363.794937 1565.369263 -8.007401 6.921987 7.7e-05 1383.171711 5862.58606 -105.040283 -1.533105 5.959278 -0.78615 701.297092 6356.459656 -594.494629 -4.054933 5.765299 -0.142917 -129.575691 7066.097107 -612.692871 -4.559342 6.148415 0.155412 13.145094 6433.079224 -125.390015 -3.810465 5.069069 0.027189 -3207.462444 4043.221893 2665.00061 -0.020525 3.222804 12.465972 -3551.372356 6103.08197 1533.047485 -6.907861 12.41109 7.84222 -3955.790081 6388.886108 608.762817 -8.508061 11.933028 4.817828 -4433.170452 6684.255371 -307.050781 -10.314779 12.816896 -0.301079 -3678.106365 7075.18219 1316.266479 -7.502671 14.556567 16.194925
2080.478668 4295.959167 1607.639771 -8.017529 6.418583 -0.000225 1367.6297 5803.650513 -18.829956 -1.805255 5.807283 -0.603989 715.366821 6284.512939 -546.749268 -4.06736 5.528775 -0.144145 -96.026421 6997.333374 -653.310547 -4.356121 5.96192 0.011267 14.346037 6386.018677 -88.413086 -3.951428 5.057309 0.017077 -3086.858673 4029.485474 2658.43689 0.548007 3.787265 10.273039 -3379.281464 6104.465027 1574.971313 -4.210253 13.351917 7.725512 -3850.95871 6427.911682 704.736938 -7.157263 13.284737 5.616892 -4403.173065 6756.731567 -146.676025 -10.114884 14.633617 -0.021835 -3451.620941 6907.613831 560.761108 -4.761928 12.802975 2.54999
2117.398701 4247.261505 1587.611084 -7.966908 6.205999 -0.007918 1385.459309 5727.615051 -51.165771 -1.971401 5.394401 -0.75142 748.368778 6251.210327 -554.096069 -4.095982 5.580273 -0.158169 -59.633145 6959.583435 -696.038208 -4.345511 5.972522 -0.000793 56.502104 6350.08667 -79.351807 -3.882894 5.083721 0.026224 -3034.721661 4008.551331 2610.682373 0.774936 4.128259 8.580868 -3270.394573 6108.821106 1569.528809 -3.175943 14.250954 7.649621 -3797.609844 6420.21698 728.873291 -6.901284 13.803983 6.067785 -4402.541485 6662.310791 -114.036865 -10.58542 13.767487 -0.000699 -3400.134258 6810.373535 372.216797 -4.578955 12.005908 1.06364
2163.777356 4243.129959 1591.705933 -7.834574 6.210924 -0.000971 1420.448956 5715.603943 -53.034058 -2.043911 5.310798 -0.708538 790.892072 6251.455994 -554.787598 -4.094914 5.621515 -0.135701 -13.499403 6969.580383 -676.873779 -4.305308 6.088152 0.004644 94.690557 6348.783875 -89.96582 -3.926008 5.109465 0.026172 -2991.735492 4033.77449 2583.494263 0.783113 4.715854 8.012468 -3216.135821 6151.022339 1568.097534 -3.023057 15.24729 7.816413 -3764.529681 6427.671509 727.280884 -7.034237 14.002008 6.231067 -4370.181231 6616.521301 -130.227051 -10.723662 13.1364 -0.00217 -3368.071856 6837.841187 369.981079 -4.696647 12.438818 1.11613
2231.214391 4281.605988 1520.328979 -7.206879 6.050031 -0.002257 1464.639226 5742.830505 -139.646606 -2.084027 5.109937 -0.805862 837.325993 6301.677246 -627.954712 -4.116499 5.660672 -0.149002 29.162949 7029.411011 -707.407227 -4.366103 6.201702 0.034994 145.805808 6384.755859 -284.888306 -3.896897 5.026273 -0.050332 -2931.533717 4138.063583 2499.026489 0.97029 5.991217 7.443883 -3128.823146 6254.158936 1449.680786 -2.544861 16.519019 6.904561 -3692.629298 6540.220337 616.005249 -6.700524 15.146464 5.450051 -4320.88827 6692.40387 -238.937988 -10.70933 13.592094 -0.038007 -3332.173671 6880.963135 237.259521 -4.83879 12.401166 0.737368
2252.343459 4264.850769 1525.128784 -7.358889 5.883654 -0.001294 1464.457717 5725.010376 -118.880615 -2.3504 5.016328 -0.710922 862.707381 6280.117493 -638.602295 -4.122067 5.548147 -0.179123 79.063916 7026.12793 -754.672852 -4.107528 6.248558 0.000775 155.855193 6396.947021 -213.685913 -4.058873 5.205326 -0.000216 -2894.811692 4147.104874 2484.036255 1.157999 6.416055 6.907641 -3076.912217 6271.180725 1459.473267 -2.248693 17.113869 7.041876 -3631.11052 6557.990112 622.34436 -6.212526 15.618696 5.526792 -4307.389207 6649.138184 -201.286621 -10.879939 13.072606 -0.004487 -3380.874009 6988.616638 347.689209 -5.741556 14.051284 1.407838
2249.095223 4237.735062 1543.259277 -7.463126 5.785513 -0.008147 1465.100014 5704.201965 -90.848389 -2.343219 5.034168 -0.729825 862.868874 6265.130615 -600.324707 -4.119676 5.615311 -0.163413 80.507119 7008.258972 -724.44397 -4.091846 6.286545 0.000504 157.17479 6370.306396 -191.04126 -4.044811 5.170057 -0.00182 -2898.378685 4122.851639 2506.280518 1.09528 6.374011 6.61003 -3071.14846 6244.628296 1485.408936 -2.185238 17.020434 6.938467 -3621.174705 6541.157227 651.320801 -6.079354 15.719465 5.476635 -4303.581932 6625.882874 -165.351562 -10.826656 13.06118 -0.002758 -3390.160606 6981.977234 407.281494 -5.858914 14.283496 1.613372
2264.620261 4220.763779 1569.79248 -7.469171 5.678318 -0.009505 1484.690299 5708.446045 -51.84082 -2.302564 5.206384 -0.678275 876.349845 6246.394653 -581.112671 -4.146238 5.553944 -0.186148 93.802075 6994.853821 -683.927002 -4.117409 6.273992 0.003822 165.801282 6361.804199 -163.115845 -4.118376 5.198765 -0.001936 -2895.037637 4111.089478 2529.824219 0.88915 6.376784 6.463664 -3072.675881 6247.220764 1532.102051 -2.376384 17.354775 7.259241 -3620.428872 6551.381226 697.386475 -6.279676 16.115977 5.784956 -4307.07438 6627.16156 -118.627319 -11.09395 13.259409 0.000173 -3363.816323 6974.121094 426.97998 -5.724059 14.342709 1.547557
2264.828978 4220.497131 1571.467285 -7.461061 5.680398 -0.008254 1485.707273 5709.156494 -49.664917 -2.29155 5.217984 -0.667926 877.64987 6248.024902 -578.330688 -4.130263 5.571772 -0.179061 95.799432 6997.289429 -680.611572 -4.095842 6.297034 0.00527 167.530718 6364.267883 -158.858032 -4.099938 5.222886 -0.000967 -2895.516787 4110.868073 2529.844971 0.882226 6.380233 6.464548 -3072.984133 6247.209473 1532.525635 -2.379422 17.363009 7.266892 -3619.946108 6551.727295 697.418213 -6.272624 16.128832 5.785667 -4305.460939 6629.221802 -119.388428 -11.070806 13.296125 0.000109 -3363.558779 6974.946594 428.006592 -5.720308 14.360271 1.555344
2292.493119 4211.976547 1590.03479 -7.224256 5.69181 -0.003491 1498.426042 5699.05426 -29.553223 -2.37156 5.206805 -0.623402 897.975831 6244.143677 -562.766113 -4.130435 5.618203 -0.166585 115.206032 6994.584045 -664.030762 -4.10572 6.349497 0.00851 184.373422 6365.334778 -134.467163 -4.136424 5.309716 0.000118 -2888.98561 4098.775253 2542.553101 0.678317 6.308149 6.53092 -3045.47853 6241.62323 1548.59436 -2.298943 17.443886 7.365593 -3582.559218 6533.547974 701.018677 -6.044818 15.964658 5.66421 -4217.418532 6614.616699 -157.109375 -10.143932 13.212357 -0.02627 -3354.014602 7013.501892 466.378784 -5.85719 15.071047 1.772262
2292.495775 4211.970215 1590.042114 -7.22455 5.691735 -0.003494 1498.432512 5699.051514 -29.544678 -2.371617 5.206805 -0.623429 897.984819 6244.142151 -562.759399 -4.130468 5.618214 -0.166605 115.218363 6994.58313 -664.047241 -4.105715 6.349512 0.008491 184.380989 6365.333862 -134.462891 -4.136468 5.309732 0.000117 -2888.983564 4098.776703 2542.550659 0.678182 6.308249 6.530401 -3045.472212 6241.625977 1548.59314 -2.299005 17.444014 7.36531 -3582.555342 6533.554382 701.018677 -6.044923 15.964822 5.663954 -4217.417707 6614.629211 -157.106934 -10.144079 13.212587 -0.026285 -3354.008894 7013.508301 466.378174 -5.857268 15.071185 1.772139
2293.895521 4210.776596 1590.359497 -7.262465 5.673429 -0.003755 1500.430403 5698.257751 -29.015503 -2.377787 5.201704 -0.624975 900.058012 6243.692627 -561.890869 -4.13651 5.617053 -0.166603 117.982936 6994.465027 -665.558472 -4.103765 6.351182 0.00713 186.728029 6365.40863 -131.97998 -4.138907 5.313131 0.000247 -2887.754259 4099.47937 2541.713257 0.659672 6.332553 6.478776 -3043.43297 6242.15332 1547.478638 -2.305034 17.463746 7.330006 -3581.068163 6534.305115 700.385132 -6.059405 15.984068 5.637749 -4216.502428 6616.054077 -157.199097 -10.166389 13.238944 -0.02741 -3349.840746 7012.104797 462.481079 -5.837034 15.054824 1.734033
2298.541393 4219.809799 1566.956787 -7.44594 5.516593 -0.011729 1502.286053 5701.773376 -50.379639 -2.468325 5.062044 -0.670888 915.474377 6274.213257 -566.781006 -4.075939 5.742906 -0.150989 123.291655 7007.73407 -694.902954 -4.15692 6.323877 0.000706 199.275284 6373.659973 -150.927124 -4.115604 5.241719 -4.7e-05 -2878.896046 4110.388947 2513.709717 0.639989 6.19851 5.989312 -3027.181263 6254.134216 1530.279541 -2.239323 17.356907 7.22872 -3579.490833 6550.678711 696.442871 -6.175796 15.980442 5.770005 -4220.52721 6640.802917 -153.833618 -10.359548 13.362745 -0.012642 -3345.678577 7029.274902 448.261719 -5.915642 15.063805 1.712354
2315.171595 4225.0811 1565.507202 -7.320334 5.494597 -0.008564 1513.060389 5705.642395 -52.903442 -2.48978 5.035859 -0.657148 928.899469 6292.151184 -557.844238 -4.06803 5.848658 -0.119604 135.822425 7016.659851 -731.112671 -4.159322 6.345247 -0.005346 217.276344 6383.065186 -155.98877 -4.061093 5.26798 -3.2e-05 -2868.992834 4118.570557 2510.46814 0.602324 6.241979 6.053454 -3025.495214 6259.700928 1518.128052 -2.362636 17.339014 7.11072 -3582.094336 6546.51886 682.704468 -6.383065 15.792302 5.624648 -4196.49375 6633.961487 -188.33374 -10.207498 13.163411 -0.046819 -3323.878393 7032.229614 409.898071 -5.800294 15.012759 1.462051
2302.483187 4200.559464 1593.009033 -7.64598 5.30666 -0.018929 1506.127291 5678.648071 -27.941895 -2.535786 4.912971 -0.724103 923.658648 6278.959656 -516.950684 -4.097979 5.86819 -0.115577 141.459494 7019.124451 -666.710815 -4.070854 6.493087 8.9e-05 214.64632 6368.825073 -110.328979 -4.060246 5.277262 0.000216 -2887.751951 4102.963257 2546.726074 0.411752 6.235257 5.976022 -3031.433287 6240.120239 1548.182373 -2.399196 17.240339 6.956287 -3589.669676 6533.111267 716.993408 -6.449408 15.82654 5.544336 -4217.841368 6621.934204 -143.013916 -10.459372 13.213112 -0.037433 -3349.710875 7019.585266 458.741455 -6.097443 15.053165 1.535437
2309.209871 4212.118073 1592.341309 -7.567734 5.312894 -0.013757 1512.59244 5690.378723 -34.743652 -2.512673 4.917992 -0.728982 930.529985 6289.158325 -529.752197 -4.068112 5.858542 -0.130135 142.194877 7028.894043 -663.737183 -4.109031 6.48071 0.001438 217.573748 6380.551147 -114.960938 -4.074986 5.281339 0.000333 -2890.614653 4115.193024 2551.062012 0.337875 6.258381 6.274069 -3034.141569 6251.5802 1540.218506 -2.480149 17.245177 6.919024 -3584.129362 6542.009888 700.17334 -6.433129 15.784489 5.355641 -4204.324064 6648.297119 -166.161499 -10.335076 13.442239 -0.065276 -3349.953642 7031.898499 449.746704 -6.157343 15.069207 1.511698
2309.965324 4211.940765 1591.913452 -7.581741 5.308764 -0.013718 1513.362846 5689.960632 -35.430298 -2.51716 4.913338 -0.730047 931.291924 6288.266296 -531.020508 -4.073078 5.850125 -0.131851 143.08475 7027.731018 -667.318115 -4.112124 6.470779 0.000775 218.198824 6379.724426 -116.63269 -4.080766 5.274019 0.000214 -2889.637794 4115.690002 2551.699829 0.335881 6.26951 6.307067 -3033.387184 6252.427063 1541.575317 -2.485097 17.264167 6.95064 -3584.16935 6543.424072 702.233276 -6.44983 15.809288 5.398723 -4205.155983 6650.616455 -163.435669 -10.362315 13.477174 -0.059565 -3351.031837 7033.754272 452.545166 -6.186933 15.096851 1.536072
2320.396118 4228.879395 1594.075928 -7.526097 5.361696 -0.012212 1531.984253 5711.51947 -37.435303 -2.410465 4.989251 -0.742386 936.143265 6305.484314 -524.28833 -4.119131 5.876589 -0.118713 149.169421 7046.170959 -671.973267 -4.140238 6.505106 0.000125 228.027554 6391.24176 -126.192627 -4.069409 5.249907 -0.000248 -2882.583923 4131.929016 2559.382324 0.319765 6.314724 6.523442 -3022.794189 6264.533081 1532.908936 -2.463623 17.212661 6.793031 -3587.879333 6569.695435 706.507568 -6.621145 16.023473 5.463555 -4191.011658 6659.220886 -175.370483 -10.28922 13.389988 -0.083225 -3363.705444 7048.408203 453.347168 -6.470722 15.101719 1.538444
2343.005114 4258.848877 1527.011719 -7.487116 5.350197 -0.015022 1540.759783 5728.768005 -99.957886 -2.547289 4.850138 -0.735016 960.518847 6334.56604 -585.698242 -4.084013 5.863259 -0.113453 176.250248 7075.346985 -724.73999 -4.080253 6.493743 0.002267 250.662031 6421.273804 -190.241699 -4.056791 5.245607 -0.000252 -2854.168043 4160.663147 2474.682617 0.389507 6.27203 5.911201 -2990.846815 6300.107422 1477.550049 -2.34373 17.329384 6.941932 -3549.037428 6599.966736 648.197021 -6.381886 16.018733 5.56176 -4200.584974 6683.229065 -195.413818 -10.711421 13.290986 -0.017219 -3344.862928 7066.685791 414.064941 -6.505274 14.916942 1.72925
2343.061523 4258.840027 1527.095947 -7.488401 5.349806 -0.015031 1540.821838 5728.813477 -99.844971 -2.547659 4.850503 -0.734916 960.569229 6334.63501 -585.552368 -4.084551 5.863796 -0.113347 176.281948 7075.423584 -724.493408 -4.080929 6.494296 0.002314 250.719509 6421.333618 -190.073853 -4.057187 5.24603 -0.000245 -2854.176941 4160.653992 2474.716797 0.388413 6.271568 5.90951 -2990.859375 6300.109253 1477.579346 -2.344948 17.329185 6.940833 -3549.041443 6599.952087 648.206787 -6.383243 16.018282 5.560323 -4200.580444 6683.204041 -195.418701 -10.712677 13.29045 -0.017311 -3344.733276 7066.611938 413.937988 -6.504819 14.915676 1.727505
2343.061523 4258.840027 1527.095947 -7.488401 5.349806 -0.015031 1540.821838 5728.813477 -99.844971 -2.547659 4.850503 -0.734916 960.569229 6334.63501 -585.552368 -4.084551 5.863796 -0.113347 176.281948 7075.423584 -724.493408 -4.080929 6.494296 0.002314 250.719509 6421.333618 -190.073853 -4.057187 5.24603 -0.000245 -2854.176941 4160.653992 2474.716797 0.388413 6.271568 5.90951 -2990.859375 6300.109253 1477.579346 -2.344948 17.329185 6.940833 -3549.041443 6599.952087 648.206787 -6.383243 16.018282 5.560323 -4200.580444 6683.204041 -195.418701 -10.712677 13.29045 -0.017311 -3344.733276 7066.611938 413.937988 -6.504819 14.915676 1.727505
2346.888266 4258.015442 1530.684814 -7.521997 5.322301 -0.014809 1545.278006 5728.427734 -96.80542 -2.552032 4.840989 -0.7365 964.075308 6332.850342 -583.485718 -4.100536 5.842592 -0.115949 182.073135 7074.380188 -732.598267 -4.07105 6.481151 0.00012 256.579466 6424.750061 -170.598145 -4.046783 5.27075 0.001095 -2852.641001 4162.116318 2473.624268 0.354539 6.293661 5.781748 -2988.365183 6301.395874 1474.915771 -2.371567 17.346748 6.836976 -3547.567453 6600.541382 645.72876 -6.42932 16.019353 5.459722 -4200.032358 6684.284973 -197.389526 -10.772021 13.298796 -0.022691 -3335.612497 7061.344604 401.615601 -6.447604 14.828684 1.605258
2346.887522 4258.008804 1530.69458 -7.522147 5.322383 -0.014814 1545.275431 5728.425293 -96.789551 -2.552102 4.841075 -0.736494 964.069681 6332.848206 -583.465576 -4.100648 5.84267 -0.115938 182.062883 7074.374695 -732.564697 -4.071198 6.481194 0.000121 256.572714 6424.73938 -170.581055 -4.046892 5.27075 0.001095 -2852.636251 4162.106247 2473.640137 0.354548 6.293675 5.781783 -2988.36318 6301.390076 1474.942627 -2.371587 17.346861 6.837186 -3547.573385 6600.541992 645.766602 -6.429453 16.019557 5.46012 -4200.045309 6684.296265 -197.344971 -10.772253 13.299129 -0.022659 -3335.610495 7061.344604 401.644897 -6.447629 14.828844 1.60537
2346.443615 4257.865601 1531.464844 -7.522251 5.325365 -0.014834 1544.984722 5728.400879 -95.931396 -2.550455 4.843836 -0.736161 963.777447 6332.811279 -582.587891 -4.098887 5.844989 -0.115762 181.662712 7074.232788 -731.509399 -4.070771 6.482433 0.000141 256.20182 6424.492493 -170.175781 -4.04617 5.271122 0.001019 -2853.040638 4161.859512 2473.013916 0.354911 6.294707 5.741403 -2988.326893 6300.900574 1473.834229 -2.366196 17.342236 6.804595 -3546.681385 6599.63562 643.951416 -6.411268 16.008469 5.4155 -4198.337879 6682.926331 -199.813232 -10.742629 13.282781 -0.026305 -3333.91283 7059.918823 399.214478 -6.419047 14.811833 1.580812
2327.734013 4207.412796 1603.197632 -7.445572 5.315502 -0.009545 1528.949986 5690.578308 -19.94812 -2.495592 4.97083 -0.685738 944.978275 6278.894348 -526.031494 -4.072124 5.808878 -0.134828 169.948692 7034.035645 -655.825806 -3.972881 6.564289 0.001977 226.533842 6376.625366 -120.930176 -4.135679 5.289137 -0.00031 -2886.649532 4111.739197 2533.081665 0.240707 6.291058 5.584416 -3019.589291 6260.882568 1545.474243 -2.482871 17.573892 6.908059 -3568.539791 6543.95874 701.633911 -6.422179 15.905896 5.280637 -4184.481564 6639.130859 -169.639893 -10.266862 13.376352 -0.083525 -3354.658871 7013.662415 450.112915 -6.414875 14.867445 1.470952
2325.330973 4208.426285 1604.044189 -7.448712 5.337713 -0.009304 1526.344004 5691.591187 -18.972168 -2.498845 4.982351 -0.683615 942.294626 6279.042969 -525.952759 -4.076584 5.810976 -0.135818 167.516246 7032.985535 -663.885498 -3.974192 6.556147 0.000277 222.772284 6374.677734 -125.584106 -4.150902 5.273119 -0.001108 -2888.059225 4110.91156 2532.589111 0.248135 6.273374 5.555725 -3020.73287 6259.518127 1543.826904 -2.469431 17.543924 6.870485 -3567.718344 6542.498474 698.690186 -6.379561 15.881174 5.222165 -4181.766195 6638.639832 -173.800659 -10.199317 13.370127 -0.093509 -3353.41445 7013.851013 448.55835 -6.367567 14.871493 1.45571
2319.928446 4195.327988 1612.786255 -7.428446 5.356974 -0.005605 1515.406961 5674.964905 -7.965698 -2.552513 4.955196 -0.647175 938.745203 6263.622742 -520.456543 -4.047342 5.798435 -0.130985 157.897148 7004.683838 -684.478149 -4.011705 6.436944 -0.003683 220.939493 6364.555054 -106.799927 -4.107112 5.306815 0.000186 -2888.763723 4093.27034 2531.954956 0.294523 6.188544 5.447041 -3025.210257 6229.264832 1521.253052 -2.4516 17.16763 6.43265 -3585.041189 6522.539368 689.193726 -6.534154 15.775385 5.010174 -4179.4876 6615.672302 -196.033936 -10.08812 13.234982 -0.157624 -3367.465506 6983.286438 430.299072 -6.474739 14.624647 1.303049
2301.141949 4165.491333 1614.153442 -7.595509 5.240058 -0.015567 1504.326 5660.414734 10.211182 -2.524062 5.055625 -0.627985 923.670788 6244.072876 -499.940796 -4.063818 5.839626 -0.117375 147.485394 6992.316895 -637.388916 -3.977601 6.534629 0.00216 204.90881 6341.687622 -93.258057 -4.131654 5.317072 0.000149 -2899.080219 4065.638199 2542.174683 0.32588 6.104817 5.34241 -3043.349018 6202.776489 1545.767212 -2.503159 17.111582 6.608788 -3597.514362 6508.576355 716.96106 -6.517575 15.956215 5.238727 -4201.817036 6597.330017 -159.503784 -10.203981 13.3215 -0.100159 -3379.930134 6975.820007 467.961426 -6.458475 14.872601 1.471189
2297.522783 4158.162994 1638.47168 -7.590778 5.329672 -0.005628 1500.035753 5638.764954 18.612671 -2.529824 4.95122 -0.643209 921.470308 6231.152649 -485.465698 -4.045379 5.829036 -0.111809 142.581654 6973.047791 -647.540894 -3.989493 6.471828 -0.000593 206.268845 6326.854248 -81.152344 -4.0783 5.29066 0.000179 -2903.939161 4053.349533 2552.122803 0.315484 6.092533 5.294226 -3036.296644 6195.23407 1559.233398 -2.379069 17.209006 6.63851 -3588.482618 6495.794983 726.02417 -6.342857 15.937918 5.194369 -4180.090895 6579.458008 -160.709839 -9.864511 13.229049 -0.131534 -3384.568129 6964.407959 484.017334 -6.470198 14.877859 1.503211
2297.912998 4153.472824 1619.279175 -7.554406 5.277556 -0.015243 1500.26804 5640.796814 6.066284 -2.519449 4.994888 -0.66956 919.329777 6226.116028 -503.292847 -4.062171 5.802365 -0.13455 143.148789 6972.801514 -655.180054 -3.976102 6.487443 -0.000713 202.545633 6326.542664 -88.009644 -4.109561 5.306171 0.000184 -2904.724026 4050.541763 2548.683472 0.31485 6.076407 5.389535 -3039.530849 6191.782837 1555.39978 -2.407664 17.178153 6.690746 -3591.872463 6491.859741 722.272339 -6.379154 15.905278 5.247408 -4194.820766 6585.508118 -155.629272 -10.05042 13.352693 -0.102254 -3384.373379 6960.857239 478.250732 -6.457977 14.856335 1.511716
2304.070053 4158.922195 1623.43811 -7.535621 5.311012 -0.013661 1501.236038 5641.949768 9.560547 -2.570075 4.967047 -0.66483 925.946655 6224.618835 -508.778076 -4.04998 5.754188 -0.152502 148.138762 6972.354126 -644.685669 -3.982291 6.452038 -1e-06 206.207323 6331.99646 -85.424805 -4.129616 5.320447 0.000192 -2900.837784 4057.848969 2544.151001 0.299093 6.158502 5.197719 -3026.810989 6200.540466 1554.032593 -2.327033 17.292962 6.625333 -3581.136551 6493.720398 720.045776 -6.309272 15.870599 5.168358 -4189.672623 6589.555359 -153.478394 -10.05623 13.356515 -0.103034 -3383.13118 6962.29248 478.171997 -6.516251 14.820957 1.49269
2306.289244 4165.566788 1626.460571 -7.484525 5.329993 -0.009617 1505.168791 5647.929688 9.569092 -2.534092 4.969901 -0.656591 927.154264 6233.720703 -503.022461 -4.043485 5.785053 -0.135586 151.813979 6982.100525 -652.786255 -3.950888 6.485729 -0.000456 209.358616 6338.521729 -77.158813 -4.103599 5.327483 0.001947 -2896.818056 4061.497498 2543.259888 0.330698 6.110276 5.220901 -3025.841188 6202.740479 1547.816772 -2.323527 17.211744 6.549975 -3574.9928 6492.830505 708.740845 -6.235269 15.752616 5.010053 -4183.03937 6613.267517 -162.678223 -9.976701 13.631177 -0.120861 -3348.486757 6974.380493 456.806641 -6.067066 14.916676 1.351429
2305.104151 4165.619354 1631.536865 -7.432362 5.348084 -0.005393 1504.160242 5652.489014 17.716675 -2.514679 5.026866 -0.613733 923.651896 6237.315674 -493.688354 -4.051934 5.825498 -0.113579 145.067959 6980.409546 -654.811401 -3.992114 6.478605 -0.000583 204.512415 6332.324219 -98.699951 -4.125083 5.281386 -0.000306 -2899.119177 4059.122391 2543.33252 0.335384 6.074416 5.25456 -3031.968908 6200.72998 1547.542725 -2.361089 17.184645 6.564988 -3578.111792 6491.226501 706.268311 -6.239751 15.738949 4.988611 -4182.176733 6608.300781 -168.751221 -9.928308 13.567942 -0.133372 -3355.08872 6975.473633 459.016724 -6.116702 14.945713 1.375241
]