alphapose_08-08-20_Ishan_4kDepth.black_lion_in_blue_wagon.0000000006 [ 21687.297363 9759.558716 4160.5896 3835.111694 3201858.752441 0.0 0.0 15901.750488 10364.702148 -1624.957275 4440.255127 2235635.173928 0.0 0.0 22585.100098 14424.437256 5058.392334 8499.990234 9783716.698898 0.0 0.0 15370.897217 14723.911133 -2155.810547 8799.464111 8207808.776057 0.0 0.0 23431.638184 17292.160645 5904.93042 11367.713623 16409311.627972 0.0 0.0 13606.031494 17927.961426 -3920.67627 12003.514404 15945606.046463 0.0 0.0 22157.653809 17662.683105 4630.946045 11738.236084 15923184.763433 0.0 0.0 22280.063477 7060.949097 4753.355713 1136.502075 2388602.750019 0.0 0.0 25328.205566 15674.434814 7801.497803 9749.987793 15592562.992911 0.0 0.0 12232.158203 19257.105713 -5294.549561 13332.658691 20579204.283062 0.0 0.0 11622.119141 19449.573975 -5904.588623 13525.126953 21779322.590556 0.0 0.0 11318.574219 19048.477783 -6208.133545 13124.030762 21078110.554612 0.0 0.0
21765.251465 9782.355957 4225.919189 3863.967285 3278863.617655 77.954102 22.797241 15904.742432 10409.414062 -1634.589844 4491.025391 2284119.301653 2.991943 44.711914 22630.681152 14381.116943 5091.348877 8462.728271 9753960.318383 45.581055 -43.320312 15422.664795 14658.09082 -2116.66748 8739.702148 8086267.486628 51.767578 -65.820312 23631.418457 17432.875977 6092.086182 11514.487305 16969693.193435 199.780273 140.715332 13630.157471 17890.001221 -3909.174805 11971.612549 15860115.467286 24.125977 -37.960205 22159.333496 19210.046387 4620.001221 13291.657715 19801257.608786 1.679688 1547.363281 23419.626465 18035.279541 5880.294189 12116.890869 18139690.408918 1139.562988 10974.330444 25565.517578 17184.141846 8026.185303 11265.753174 19133684.508745 237.312012 1509.707031 12264.49585 19242.092285 -5274.836426 13323.703613 20534497.729331 32.337646 -15.013428 11597.403564 19418.433838 -5941.928711 13500.045166 21755773.629033 -24.715576 -31.140137 11229.703369 18966.889648 -6309.628906 13048.500977 21007479.466994 -88.87085 -81.588135
21785.29541 9773.569946 4213.723145 3808.152466 3225748.794169 20.043945 -8.786011 15939.389648 10371.551514 -1632.182617 4406.134033 2207803.72144 34.647217 -37.862549 22646.137695 14307.302246 5074.56543 8341.884766 9533825.574315 15.456543 -73.814697 15391.499023 14771.688232 -2180.073242 8806.270752 8230312.389801 -31.165771 113.597412 23895.361328 17840.848389 6323.789062 11875.430908 18101616.73625 263.942871 407.972412 13636.369629 17913.240967 -3935.202637 11947.823486 15823630.585249 6.212158 23.239746 22229.853516 19035.780029 4658.28125 13070.362549 19253396.136191 70.52002 -174.266357 24929.064941 17644.67041 7357.492676 11679.25293 19053764.746979 1509.438477 -390.609131 25927.617188 17505.909424 8356.044922 11540.491943 20300644.103114 362.099609 321.767578 12261.845703 19255.922852 -5309.726562 13290.505371 20483072.918759 -2.650146 13.830566 11525.256348 19405.107422 -6046.315918 13439.689941 21718320.190102 -72.147217 -13.326416 11269.150391 19044.13208 -6302.421875 13078.7146 21077329.706851 39.447021 77.242432
21792.91748 9789.852905 4224.953613 3883.416748 3293115.867339 7.62207 16.282959 15933.215332 10427.696533 -1634.748535 4521.260376 2311419.816057 -6.174316 56.14502 22676.84082 14374.464111 5108.876953 8468.027954 9780812.115362 30.703125 67.161865 15326.951904 14790.875244 -2241.011963 8884.439087 8395539.250691 -64.547119 19.187012 23868.88916 17900.891113 6300.925293 11994.454956 18356860.92404 -26.472168 60.042725 13642.392578 17877.835693 -3925.571289 11971.399536 15872451.679923 6.022949 -35.405273 21641.066895 19177.581787 4073.103027 13271.14563 19271347.460091 -588.786621 141.801758 22909.580078 9509.79126 5341.616211 3603.355103 4151703.173994 -2019.484863 -8134.87915 25717.770996 17148.834229 8149.807129 11242.398071 19281087.06317 -209.846191 -357.075195 12336.153564 19208.843994 -5231.810303 13302.407837 20432589.330339 74.307861 -47.078857 11524.013672 19304.681396 -6043.950195 13398.245239 21604230.945471 -1.242676 -100.426025 11197.468262 18881.359863 -6370.495605 12974.923706 20893185.943724 -71.682129 -162.772217
21803.745117 9773.955688 4167.077637 3890.706177 3250213.05843 10.827637 -15.897217 15951.833496 10378.522949 -1684.833984 4495.273438 2304614.88328 18.618164 -49.173584 22721.035156 14436.016846 5084.367676 8552.767334 9900062.37318 44.194336 61.552734 15328.070068 14810.10376 -2308.597412 8926.854248 8501834.877707 1.118164 19.228516 23924.018555 18058.070068 6287.351074 12174.820557 18775703.911688 55.129395 157.178955 13674.439697 17897.650146 -3962.227783 12014.400635 16004507.161864 32.047119 19.814453 22091.706543 19226.451416 4455.039062 13343.201904 19788841.010723 450.639648 48.869629 23269.082031 12639.072266 5632.414551 6755.822754 7736523.475405 359.501953 3129.281006 25743.598633 17395.366211 8106.931152 11512.116699 19825116.360527 25.827637 246.531982 12221.954346 19237.004395 -5414.713135 13353.754883 20764188.780204 -114.199219 28.1604 11389.885254 19240.550537 -6246.782227 13357.301025 21743977.8869 -134.128418 -64.130859 11229.708252 18952.583008 -6406.959229 13069.333496 21185660.458798 32.23999 71.223145
21849.677734 9783.480225 4186.517334 3916.685181 3286735.019219 45.932617 9.524536 15968.278809 10370.358887 -1694.881592 4503.563843 2315471.089615 16.445312 -8.164062 22746.12793 14404.552002 5082.967529 8537.756958 9872985.27779 25.092773 -31.464844 15372.572021 14714.603271 -2290.588379 8847.808228 8353050.555289 44.501953 -95.500488 23833.200684 17752.133789 6170.040283 11885.338745 17933067.418253 -90.817871 -305.936279 13690.125732 17801.685791 -3973.034668 11934.890747 15822662.161739 15.686035 -95.964355 22146.374512 19395.131836 4483.214111 13528.336792 20311510.512558 54.667969 168.68042 23348.474121 13562.502441 5685.313721 7695.707397 9154670.445015 79.39209 923.430176 25294.753418 17199.14917 7631.593018 11332.354126 18666346.202249 -448.845215 -196.217041 12258.990479 19168.980713 -5404.169922 13302.185669 20615319.611559 37.036133 -68.023682 11309.063721 19161.248779 -6354.09668 13294.453735 21711704.473622 -80.821533 -79.301758 11155.697021 18895.135498 -6507.463379 13028.340454 21208473.461579 -74.01123 -57.44751
21861.379395 9767.260132 4133.300781 3915.059814 3241186.869903 11.70166 -16.220093 15994.984131 10356.524658 -1733.094482 4504.324341 2329255.425231 26.705322 -13.834229 22774.106445 14343.71582 5046.027832 8491.515503 9756823.241813 27.978516 -60.836182 15436.131592 14645.41748 -2291.947021 8793.217163 8257368.922648 63.55957 -69.185791 23796.44043 17691.923828 6068.361816 11839.723511 17700406.794564 -36.760254 -60.209961 13635.881348 17796.335449 -4092.197266 11944.135132 15940844.250835 -54.244385 -5.350342 22215.559082 19529.261475 4487.480469 13677.061157 20719948.285593 69.18457 134.129639 22784.733887 14444.73999 5056.655273 8592.539673 9940150.058391 -563.740234 882.237549 25052.885742 17734.555664 7324.807129 11882.355347 19484316.806044 -241.867676 535.406494 12126.560059 19212.733154 -5601.518555 13360.532837 20988084.780477 -132.43042 43.752441 11269.720459 19203.127441 -6458.358154 13350.927124 21995764.512016 -39.343262 41.878662 11246.894531 19066.060791 -6481.184082 13213.860474 21661185.572181 91.19751 170.925293
21912.041016 9797.731934 4108.905029 3949.486084 3248154.086737 50.661621 30.471802 16015.48584 10361.806641 -1787.650146 4513.560791 2356792.406042 20.501709 5.281982 22825.60791 14474.858398 5022.471924 8626.612549 9964366.829324 51.501465 131.142578 15455.327148 14630.828857 -2347.808838 8782.583008 8264597.062839 19.195557 -14.588623 23737.348633 17736.196289 5934.212646 11887.950439 17653824.538459 -59.091797 44.272461 13549.831543 17756.141357 -4253.304443 11907.895508 15988857.411288 -86.049805 -40.194092 22056.369629 19461.466064 4253.233643 13613.220215 20340976.103619 -159.189453 -67.79541 21824.0625 17075.648193 4020.926514 11227.402344 14222241.341679 -960.671387 2630.908203 24655.20752 17697.584229 6852.071533 11849.338379 18735770.431395 -397.678223 -36.971436 11954.301758 19204.02832 -5848.834229 13355.782471 21258578.72374 -172.258301 -8.704834 11300.52124 19132.435303 -6502.614746 13284.189453 21875368.796263 30.800781 -70.692139 11183.999023 19007.810059 -6619.136963 13159.564209 21698710.430389 -62.895508 -58.250732
21933.696289 9812.040405 4089.768066 3955.685425 3237365.001701 21.655273 14.308472 16018.453369 10351.605225 -1825.474854 4495.250244 2353963.319826 2.967529 -10.201416 22854.897461 14511.536865 5010.969238 8655.181885 10002198.616538 29.289551 36.678467 15555.076904 14570.307617 -2288.851318 8713.952637 8117181.091253 99.749756 -60.52124 23855.349121 17894.996338 6011.420898 12038.641357 18106606.69508 118.000488 158.800049 13488.634033 17760.794678 -4355.294189 11904.439697 16068427.198252 -61.19751 4.65332 22090.537109 18964.718018 4246.608887 13108.363037 18986286.854941 34.16748 -496.748047 20624.772949 4088.077698 2780.844727 -1768.277283 1085990.194182 -1199.289551 -12987.570496 24313.449707 16842.313232 6469.521484 10985.958252 16254598.695045 -341.757812 -855.270996 11733.815918 19203.790283 -6110.112305 13347.435303 21548750.153657 -220.48584 -0.238037 10831.647949 18978.929443 -7012.280273 13122.574463 22137403.516735 -468.873291 -153.505859 10880.864258 18856.970215 -6963.063965 13000.615234 21750025.625077 -303.134766 -150.839844
21997.827148 9864.039917 4100.303955 4033.416138 3308093.826385 64.130859 51.999512 16030.761719 10353.052979 -1866.761475 4522.429199 2393716.426503 12.30835 1.447754 22894.318848 14540.252686 4996.795654 8709.628906 10082560.249539 39.421387 28.71582 15551.462402 14648.569336 -2346.060791 8817.945557 8326016.507502 -3.614502 78.261719 23706.049805 17592.033691 5808.526611 11761.409912 17206974.451517 -149.299316 -302.962646 13387.099609 17685.916748 -4510.423584 11855.292969 16089189.228186 -101.534424 -74.87793 21951.240234 19097.261963 4053.717041 13266.638184 19243631.054301 -139.296875 132.543945 19929.100342 14901.931152 2031.577148 9071.307373 8641592.316635 -695.672607 10813.853455 24346.628418 17740.300293 6449.105225 11909.676514 18343135.285839 33.178711 897.987061 11813.742676 19195.078125 -6083.780518 13364.454346 21562102.534445 79.926758 -8.712158 10872.059326 18791.726074 -7025.463867 12961.102295 21734731.524859 40.411377 -187.203369 10625.118408 18458.441162 -7272.404785 12627.817383 21234964.321283 -255.74585 -398.529053
22035.314941 9908.790283 4077.232666 4065.81665 3315469.124742 37.487793 44.750366 16083.408203 10315.646973 -1874.674072 4472.67334 2351920.968217 52.646484 -37.406006 22951.75293 14693.549805 4993.670654 8850.576172 10326944.517775 57.434082 153.297119 15581.530762 14494.47998 -2376.551514 8651.506348 8049655.918067 30.068359 -154.089355 23757.84668 17909.630127 5799.764404 12066.656494 17924146.609294 51.796875 317.596436 13448.161621 17562.98584 -4509.920654 11720.012207 15769807.044102 61.062012 -122.930908 21997.124023 19465.068359 4039.041748 13622.094727 20187532.298191 45.883789 367.806396 21099.746094 16943.741455 3141.663818 11100.767822 13309709.779144 1170.645752 2041.810303 25226.723633 17837.845459 7268.641357 11994.871826 19671009.730912 880.095215 97.545166 12291.065674 18685.3479 -5667.016602 12842.374268 19704165.399094 477.322998 -509.730225 11033.427734 18676.064453 -6924.654541 12833.09082 21263906.05148 161.368408 -115.661621 10614.779053 18369.534912 -7343.303223 12526.561279 21083883.970385 -10.339355 -88.90625
22085.195312 9927.230225 4061.761475 4127.607422 3353504.930574 49.880371 18.439941 16065.437012 10302.391357 -1957.996826 4502.768555 2410867.622838 -17.971191 -13.255615 22964.279785 14581.789551 4940.845947 8782.166748 10153841.146511 12.526855 -111.760254 15657.548828 14493.31543 -2365.88501 8693.692627 8117770.337137 76.018066 -1.164551 23746.618652 17838.908691 5723.184814 12039.285889 17769924.912956 -11.228027 -70.721436 13463.642578 17531.320801 -4559.79126 11731.697998 15842443.425001 15.480957 -31.665039 22090.957031 19385.600586 4067.523193 13585.977783 20112353.725421 93.833008 -79.467773 20715.800781 19442.113037 2692.366943 13642.490234 19336637.955271 -383.945312 2498.371582 24208.29834 18046.660156 6184.864502 12247.037354 18824247.284593 -1018.425293 208.814697 12113.891602 18725.457764 -5909.542236 12925.834961 20199989.888034 -177.174072 40.109863 11123.737793 18562.601318 -6899.696045 12762.978516 21049942.610262 90.310059 -113.463135 10732.558594 18264.112549 -7290.875244 12464.489746 20852036.64561 117.779541 -105.422363
22154.694824 9966.013794 4074.962158 4191.622925 3417501.933454 69.499512 38.783569 16116.412354 10244.614258 -1963.320312 4470.223389 2383752.37941 50.975342 -57.7771 22938.220215 14618.485107 4858.487549 8844.094238 10182290.415772 -26.05957 36.695557 15671.669922 14412.397461 -2408.062744 8638.006592 8041392.405964 14.121094 -80.917969 23776.079102 17997.512207 5696.346436 12223.121338 18185305.795456 29.460449 158.603516 13540.782471 17391.015625 -4538.950195 11616.624756 15554803.959397 77.139893 -140.305176 22071.948242 19633.486328 3992.215576 13859.095459 20801231.214787 -19.008789 247.885742 23073.76709 17115.019531 4994.034424 11340.628662 15355023.827824 2357.966309 -2327.093506 25542.46582 17387.974854 7462.733154 11613.583984 19056771.909437 1334.16748 -658.685303 12092.277832 18695.262451 -5987.454834 12920.871582 20279853.782835 -21.61377 -30.195312 11348.28125 18583.043213 -6731.451416 12808.652344 20937401.302923 224.543457 20.441895 11202.27417 18434.202881 -6877.458496 12659.812012 20757027.553755 469.715576 170.090332
22202.575684 9944.702148 4053.850098 4197.271729 3405079.057726 47.880859 -21.311646 16172.454834 10211.038818 -1976.270752 4463.608398 2382944.601963 56.04248 -33.575439 22931.311035 14637.591553 4782.585449 8890.161133 10190808.854645 -6.90918 19.106445 15606.37085 14490.145264 -2542.354736 8742.714844 8289863.044446 -65.299072 77.747803 23538.964844 17666.118164 5390.239258 11918.687744 17110979.679879 -237.114258 -331.394043 13682.017822 17463.24707 -4466.707764 11715.81665 15721183.803162 141.235352 72.231445 22095.036621 19609.415283 3946.311035 13861.984863 20772799.513603 23.088379 -24.071045 22501.040039 17383.101807 4352.314453 11635.671387 15433148.971859 -572.727051 268.082275 24834.47998 17454.205322 6685.754395 11706.774902 18174789.043814 -707.98584 66.230469 12143.273926 18997.150879 -6005.45166 13249.720459 21162054.18837 50.996094 301.888428 11647.785645 19235.218506 -6500.939941 13487.788086 22418264.757293 299.504395 652.175293 11779.578857 19028.699951 -6369.146729 13281.269531 21695815.041107 577.304688 594.49707
22235.429688 9938.520508 4010.478516 4220.86792 3389966.392172 32.854004 -6.181641 16178.275146 10158.696289 -2046.676025 4441.043701 2391175.190863 5.820312 -52.342529 22914.714355 14690.946045 4689.763184 8973.293457 10251387.418419 -16.59668 53.354492 15553.881836 14494.144287 -2671.069336 8776.491699 8416141.794384 -52.489014 3.999023 23896.791992 18027.089844 5671.84082 12309.437256 18369202.38469 357.827148 360.97168 13721.094971 17488.880615 -4503.856201 11771.228027 15884652.995256 39.077148 25.633545 22950.666504 18942.938232 4725.715332 13225.285645 19724056.577884 855.629883 -666.477051 25749.343262 17446.707764 7524.39209 11729.055176 19418721.163822 3248.303223 63.605957 26347.55127 17218.323975 8122.600098 11500.671387 19824207.469174 1513.071289 -235.881348 13102.13623 18688.009033 -5122.814941 12970.356445 19447337.924235 958.862305 -309.141846 12081.975098 19439.488525 -6142.976074 13721.835938 22602493.654409 434.189453 204.27002 11573.57666 19380.847168 -6651.374512 13663.19458 23092366.902822 -206.002197 352.147217
22237.79541 9911.224365 3966.427002 4251.622925 3380884.065655 2.365723 -27.296143 16210.874023 10111.374512 -2060.494385 4451.773071 2406392.058791 32.598877 -47.321777 22937.641602 14540.905762 4666.273193 8881.304321 10065167.196241 22.927246 -150.040283 15528.718262 14507.880859 -2742.650146 8848.279419 8581417.850174 -25.163574 13.736572 23712.331543 17842.76123 5440.963135 12183.15979 17803346.23035 -184.460449 -184.328613 13727.132568 17654.487305 -4544.23584 11994.885864 16452736.626469 6.037598 165.606689 22262.23877 19446.348877 3990.870361 13786.747437 20600145.111941 -688.427734 503.410645 24283.693848 18118.398438 6012.325439 12458.796997 19136967.98041 -1465.649414 671.690674 24829.868164 17109.575195 6558.499756 11449.973755 17411581.803511 -1517.683105 -108.748779 13256.987305 19561.724854 -5014.381104 13902.123413 21841305.324397 154.851074 873.71582 12801.960449 19964.801025 -5469.407959 14305.199585 23455315.858737 719.985352 525.3125 12398.775635 19813.520508 -5872.592773 14153.919067 23482077.084865 825.198975 432.67334
22316.047363 9935.697632 3961.347656 4300.411377 3418581.326471 78.251953 24.473267 16215.882568 10036.055908 -2138.817139 4400.769653 2394131.229426 5.008545 -75.318604 22926.943359 14459.890137 4572.243652 8824.603882 9877904.568771 -10.698242 -81.015625 15563.857422 14418.50708 -2790.842285 8783.220825 8493376.872476 35.13916 -89.373779 23505.183105 17628.865967 5150.483398 11993.579712 17037343.354362 -207.148438 -213.895264 13971.086426 17457.089844 -4383.613281 11821.803589 15897110.54933 243.953857 -197.397461 21946.018066 19586.972656 3591.318359 13951.686401 20754712.100048 -316.220703 140.623779 21858.54248 18892.824707 3503.842773 13257.538452 18803923.999116 -2425.151367 774.42627 21673.242188 17891.833496 3318.54248 12256.547241 16123567.447071 -3156.625977 782.258301 13671.14502 19701.665039 -4683.554688 14066.378784 21979869.661082 414.157715 139.940186 13335.3125 20304.041748 -5019.387207 14668.755493 24036663.565234 533.352051 339.240723 12214.572754 19886.05835 -6140.126953 14250.772095 24078566.429633 -184.202881 72.537842
22322.373047 9860.975952 3883.046875 4291.611328 3349598.082514 6.325684 -74.72168 16267.331543 9987.197266 -2171.994629 4417.832642 2423480.59172 51.448975 -48.858643 22970.195312 14398.411865 4530.869141 8829.047241 9848085.0357 43.251953 -61.478271 15524.437256 14408.421631 -2914.888916 8839.057007 8662550.616281 -39.420166 -10.085449 23732.600098 17981.588135 5293.273926 12412.223511 18208204.133398 227.416992 352.722168 13847.071533 17925.058594 -4592.254639 12355.69397 17375197.613994 -124.014893 467.96875 22578.642578 19430.743408 4139.316406 13861.378784 20927176.210956 632.624512 -156.229248 25097.358398 18175.50415 6658.032227 12606.139526 20324414.688818 3238.815918 -717.320557 23699.101562 17809.263916 5259.775391 12239.899292 17748037.183794 2025.859375 -82.56958 13736.9104 19946.583252 -4702.415771 14377.218628 22881712.956319 65.765381 244.918213 13561.140137 20714.550781 -4878.186035 15145.186157 25317336.273064 225.827637 410.509033 12445.577393 20386.636963 -5993.748779 14817.272339 25547658.399348 231.004639 500.578613
22399.53125 9885.50415 3881.97876 4358.910522 3406986.003409 77.158203 24.528198 16292.592773 9969.498291 -2224.959717 4442.904663 2468984.758664 25.26123 -17.698975 22965.219727 14492.050781 4447.667236 8965.457153 10016116.581313 -4.975586 93.638916 15499.902344 14477.503662 -3017.650146 8950.910034 8922500.284656 -24.534912 69.082031 23692.807617 17944.98291 5175.255127 12418.389282 18099965.799397 -39.79248 -36.605225 13884.394531 18152.250977 -4633.157959 12625.657349 18087337.615799 37.322998 227.192383 22612.077637 19449.855957 4094.525146 13923.262329 21062237.006017 33.435059 19.112549 24852.700195 18377.324219 6335.147705 12850.730591 20527537.3163 -244.658203 201.820068 20679.865723 18878.97583 2162.313232 13352.382202 18296170.898736 -3019.23584 1069.711914 13756.522217 20339.172363 -4761.030273 14812.578735 24207989.805558 19.611816 392.589111 13678.833008 20921.516113 -4838.719482 15394.922485 26041684.455955 117.692871 206.965332 12704.927979 20780.654297 -5812.624512 15254.060669 26647297.06061 259.350586 394.017334
22426.877441 9843.840332 3806.712646 4368.868408 3357807.23411 27.346191 -41.663818 16380.672607 9881.37146 -2239.492188 4406.399536 2443168.21299 88.079834 -88.126831 23014.821777 14501.345215 4394.656982 9026.373291 10078842.478191 49.602051 9.294434 15579.544678 14371.612549 -3040.620117 8896.640625 8839558.510745 79.642334 -105.891113 23657.028809 17701.086426 5036.864014 12226.114502 17484787.490709 -35.778809 -243.896484 14004.32373 18174.073486 -4615.841064 12699.101562 18257316.922698 119.929199 21.82251 21479.89502 19497.753906 2859.730225 14022.781982 20481647.148408 -1132.182617 47.897949 22716.564941 19347.355957 4096.400146 13872.384033 20922353.292479 -2136.135254 970.031738 22232.82959 19310.319824 3612.664795 13835.3479 20446819.844531 1552.963867 431.343994 13651.114502 20447.941895 -4969.050293 14972.969971 24888129.055763 -105.407715 108.769531 13487.880859 21397.558594 -5132.283936 15922.58667 27986910.465625 -190.952148 476.04248 12648.256836 21135.341797 -5971.907959 15660.369873 28091086.923122 -56.671143 354.6875
22424.863281 9860.198364 3791.054688 4405.180664 3377771.232665 -2.01416 16.358032 16350.621338 9905.762329 -2283.187256 4450.744629 2502207.179706 -30.05127 24.390869 23059.692383 14590.736084 4425.883789 9135.718384 10304979.770219 44.870605 89.390869 15582.8479 14375.493164 -3050.960693 8920.475464 8888324.365388 3.303223 3.880615 23576.550293 18003.148193 4942.741699 12548.130493 18188627.437867 -80.478516 302.061768 13955.969238 18498.605957 -4677.839355 13043.588257 19201737.564944 -48.354492 324.532471 21154.521484 19398.299561 2520.712891 13943.28186 20076910.251417 -325.373535 -99.454346 22920.522461 18892.999268 4286.713867 13437.981567 19895526.438446 203.95752 -454.356689 23830.439453 18955.980225 5196.630859 13500.962524 20928096.137424 1597.609863 -354.3396 13605.858154 20900.620117 -5027.950439 15445.602417 26384691.964539 -45.256348 452.678223 13608.209229 21524.934082 -5025.599365 16069.916382 28349886.149904 120.328369 127.375488 12779.187012 21351.37207 -5854.621582 15896.35437 28697067.612913 130.930176 216.030273
22460.59082 9848.837891 3741.330566 4429.746094 3362020.486222 35.727539 -11.360474 16355.537109 9898.106079 -2363.723145 4479.014282 2564875.604438 4.915771 -7.65625 23071.92627 14634.348145 4352.666016 9215.256348 10386665.09966 12.233887 43.612061 15499.334717 14468.765869 -3219.925537 9049.674072 9226452.127877 -83.513184 93.272705 23533.630371 18084.909668 4814.370117 12665.817871 18360110.196899 -42.919922 81.761475 13979.500732 18631.461182 -4739.759521 13212.369385 19703202.508099 23.531494 132.855225 21211.184082 19353.510742 2491.923828 13934.418945 20037771.570866 56.662598 -44.788818 22208.598633 19047.191162 3489.338379 13628.099365 19790057.463121 -711.923828 154.191895 23719.240723 19075.383301 4999.980469 13656.291504 21149410.232754 -111.19873 119.403076 13630.250244 21094.0625 -5089.01001 15674.970703 27160272.942332 24.39209 193.442383 13527.979736 21530.732422 -5191.280518 16111.640625 28653435.704134 -80.229492 5.79834 12759.671631 21395.998535 -5959.588623 15976.906738 29077824.547969 -19.515381 44.626465
22511.762695 9850.101929 3724.550781 4428.939209 3348778.103899 51.171875 1.264038 16379.127197 9874.145508 -2408.084717 4452.982788 2562792.771426 23.590088 -23.960571 23121.07666 14661.210938 4333.864746 9240.048218 10416087.470421 49.150391 26.862793 15531.904297 14488.382568 -3255.307617 9067.219849 9281150.346596 32.56958 19.616699 23531.247559 18013.916016 4744.035645 12592.753296 18108330.976794 -2.382812 -70.993652 14077.008057 18522.797852 -4710.203857 13101.635132 19383886.350623 97.507324 -108.66333 21314.553223 18874.393311 2527.341309 13453.230591 18737686.741991 103.369141 -479.117432 22204.672852 16578.112793 3417.460938 11156.950073 13615657.419616 -3.925781 -2469.078369 23395.136719 15857.449951 4607.924805 10436.287231 13014906.218288 -324.104004 -3217.93335 13542.148438 21029.904785 -5245.063477 15608.742065 27114351.973828 -88.101807 -64.157715 13328.278809 21443.537598 -5458.933105 16022.374878 28651644.73789 -199.700928 -87.194824 12681.350098 21279.21875 -6105.861816 15858.05603 28875948.958034 -78.321533 -116.779785
22554.602051 9906.218262 3672.122803 4483.807373 3358901.443695 42.839355 56.116333 16375.950928 9868.101196 -2506.52832 4445.690308 2604684.653177 -3.17627 -6.044312 23067.097168 14583.602295 4184.61792 9161.191406 10143845.511768 -53.979492 -77.608643 15540.380859 14455.583496 -3342.098389 9033.172607 9276782.899504 8.476562 -32.799072 23463.666992 17681.057129 4581.187744 12258.64624 17126168.879028 -67.580566 -332.858887 13973.297119 18722.817383 -4909.182129 13300.406494 20100088.208415 -103.710938 200.019531 21495.759277 17829.786377 2613.280029 12407.375488 16077219.901872 181.206055 -1044.606934 20740.119629 18682.044678 1857.640381 13259.633789 17926871.600465 -1464.553223 2103.931885 21974.255371 18220.653076 3091.776123 12798.242188 17335408.268495 -1420.881348 2363.203125 13679.747314 21335.395508 -5202.731934 15912.984619 28029149.906184 137.598877 305.490723 13019.927979 21464.729004 -5862.55127 16042.318115 29172547.789826 -308.35083 21.191406 12504.355469 21292.087402 -6378.123779 15869.676514 29252709.559262 -176.994629 12.868652
22634.614258 9938.158569 3734.915771 4530.03418 3447080.548922 80.012207 31.940308 16441.827393 9875.604248 -2457.871094 4467.479858 2599950.659869 65.876465 7.503052 23067.62207 14628.95874 4167.923584 9220.834351 10239537.312288 0.524902 45.356445 15505.673828 14417.523193 -3394.024658 9009.398804 9268867.01848 -34.707031 -38.060303 23615.617676 18064.934082 4715.919189 12656.809692 18243472.539065 151.950684 383.876953 14018.42041 18668.956299 -4881.278076 13260.831909 19967653.858043 45.123291 -53.861084 22036.628418 18582.408447 3136.929932 13174.284058 18340208.982681 540.869141 752.62207 23127.011719 18553.305664 4227.313232 13145.181274 19066596.790222 2386.89209 -128.739014 23422.346191 18137.103271 4522.647705 12728.978882 18248124.563847 1448.09082 -83.549805 13512.572021 21210.866699 -5387.126465 15802.74231 27874779.60509 -167.175293 -124.528809 12836.204834 21442.675781 -6063.493652 16034.551392 29387279.360192 -183.723145 -22.053223 12690.283203 21162.280273 -6209.415283 15754.155884 28675026.577 185.927734 -129.807129
22631.967773 9943.233643 3653.461914 4545.582886 3401010.772866 -2.646484 5.075073 16472.474365 9834.751587 -2506.031494 4437.10083 2596805.76259 30.646973 -40.852661 23080.427246 14607.821045 4101.921387 9210.170288 10165299.579836 12.805176 -21.137695 15520.32959 14477.706299 -3458.17627 9080.055542 9440639.175681 14.655762 60.183105 23638.808594 17849.007568 4660.302734 12451.356812 17675470.802389 23.190918 -215.926514 13828.4021 18534.511719 -5150.10376 13136.860962 19910068.466901 -190.018311 -134.44458 22628.679199 19509.422607 3650.17334 14111.771851 21246587.01739 592.050781 927.01416 24615.114746 18682.313232 5636.608887 13284.662476 20825361.683208 1488.103027 129.007568 24494.243164 15620.682373 5515.737305 10223.031616 13493373.344037 1071.896973 -2516.420898 13507.752686 21272.77832 -5470.753174 15875.127563 28194881.54456 -4.819336 61.911621 13040.307617 21448.293457 -5938.198242 16050.6427 29288532.945285 204.102783 5.617676 12287.039795 20467.015381 -6691.466064 15069.364624 27186146.82635 -403.243408 -695.264893
22711.206055 9977.998657 3658.200684 4575.626221 3431878.755303 79.238281 34.765015 16506.634521 9825.894165 -2546.37085 4423.521729 2605154.898639 34.160156 -8.857422 23106.159668 14587.030029 4053.154297 9184.657593 10078599.485077 25.732422 -20.791016 15501.820068 14572.813721 -3551.185303 9170.441284 9670791.040094 -18.509521 95.107422 23729.804688 18160.041504 4676.799316 12757.669067 18463057.187879 90.996094 311.033936 13528.154297 18472.528076 -5524.851074 13070.15564 20135294.783693 -300.247803 -61.983643 22505.415039 19441.186523 3452.409668 14038.814087 20900743.348242 -123.26416 -68.236084 25801.447754 18221.424561 6748.442383 12819.052124 20986957.195257 1186.333008 -460.888672 25798.190918 16876.862793 6745.185547 11474.490356 17716145.700193 1303.947754 1256.18042 13115.916748 20782.548828 -5937.088623 15380.176392 27179884.715469 -391.835938 -490.229492 12625.802002 21264.343262 -6427.203369 15861.970825 29291106.160764 -414.505615 -183.950195 11902.663574 20925.656738 -7150.341797 15523.284302 29209974.332534 -384.376221 458.641357
22658.33252 9919.447021 3590.632324 4483.856812 3299761.239397 -52.873535 -58.551636 16537.631836 9805.69519 -2530.068359 4370.10498 2549906.344343 30.997314 -20.198975 23146.794434 14633.514404 4079.094238 9197.924194 10124081.928953 40.634766 46.484375 15449.208984 14556.931152 -3618.491211 9121.340942 9629233.923082 -52.611084 -15.882568 23808.908691 18362.456055 4741.208496 12926.865845 18958291.857099 79.104004 202.414551 13231.148682 18351.462402 -5836.551514 12915.872192 20088508.806171 -297.005615 -121.065674 22661.262207 19498.205566 3593.562012 14062.615356 21067083.85954 155.847168 57.019043 26083.017578 18384.121094 7015.317383 12948.530884 21687913.003003 281.569824 162.696533 26293.522949 18041.900635 7225.822754 12606.310425 21113157.699741 495.332031 1165.037842 12024.437256 20157.075195 -7043.262939 14721.484985 26632967.300821 -1091.479492 -625.473633 12242.709961 20676.743164 -6824.990234 15241.152954 27887323.506963 -383.092041 -587.600098 11993.415527 20511.833496 -7074.284668 15076.243286 27733861.518612 90.751953 -413.823242
22688.896484 9899.067993 3585.670166 4475.429077 3288649.596404 30.563965 -20.379028 16552.495117 9807.341309 -2550.731201 4383.702393 2572307.632733 14.863281 1.646118 23155.429688 14676.193848 4052.203369 9252.554932 10203012.49079 8.635254 42.679443 15398.62793 14442.751465 -3704.598389 9019.112549 9506844.038978 -50.581055 -114.179688 23674.560547 18287.5354 4571.334229 12863.896484 18637692.938951 -134.348145 -74.920654 12855.285645 17974.798584 -6247.940674 12551.159668 19656837.167452 -375.863037 -376.663818 22154.677734 19634.656982 3051.451416 14211.018066 21126439.022803 -506.584473 136.451416 24369.892578 18622.340088 5266.66626 13198.701172 20194348.611621 -1713.125 238.218994 25473.383789 17792.178955 6370.157471 12368.540039 19355968.889945 -820.13916 -249.72168 11639.527588 19934.259033 -7463.69873 14510.620117 26626489.492453 -384.909668 -222.816162 10824.466553 20342.790527 -8278.759766 14919.151611 29111894.805873 -1418.243408 -333.952637 10866.791992 20133.748779 -8236.434326 14710.109863 28422618.259915 -1126.623535 -378.084717
22655.661621 9877.255249 3543.460693 4415.218506 3205026.813987 -33.234863 -21.812744 16503.604736 9702.112427 -2608.596191 4240.075684 2478301.589242 -48.890381 -105.228882 23143.066406 14778.026123 4030.865479 9315.98938 10303553.463198 -12.363281 101.832275 15347.207031 14390.823975 -3764.993896 8928.787231 9389842.046499 -51.420898 -51.92749 23602.558594 18209.779053 4490.357666 12747.74231 18266824.595995 -72.001953 -77.756348 12815.426025 17236.375732 -6296.774902 11774.338989 17828443.280474 -39.859619 -738.422852 22188.681641 19427.995605 3076.480713 13965.958862 20451274.052037 34.003906 -206.661377 24609.272461 18446.490479 5497.071533 12984.453735 19881383.424664 239.379883 -175.849609 25283.486328 18044.064941 6171.2854 12582.028198 19639219.707444 -189.897461 251.885986 11648.513184 19310.275879 -7463.687744 13848.239136 24748036.190274 8.985596 -623.983154 11006.737061 19741.514893 -8105.463867 14279.478149 26960204.072188 182.270508 -601.275635 10389.112549 19858.339844 -8723.088379 14396.303101 28334581.383015 -477.679443 -275.408936
22705.849609 9870.36438 3543.953857 4418.106079 3207927.026973 50.187988 -6.890869 16541.619873 9681.829834 -2620.275879 4229.571533 2475512.103606 38.015137 -20.282593 23151.516113 14740.931396 3989.620361 9288.673096 10219651.850636 8.449707 -37.094727 15313.00415 14227.458496 -3848.891602 8775.200195 9181810.502839 -34.202881 -163.365479 23695.26123 18418.588867 4533.365479 12966.330566 18867713.091912 92.702637 208.809814 12379.753418 16491.309814 -6782.142334 11039.051514 16785811.295992 -435.672607 -745.065918 22557.087402 19291.436768 3395.19165 13839.178467 20305018.697874 368.405762 -136.558838 24175.395508 17928.581543 5013.499756 12476.323242 18079382.144555 -433.876953 -517.908936 25624.934082 17617.957764 6463.03833 12165.699463 18977510.787744 341.447754 -426.107178 11227.747803 18436.644287 -7934.147949 12984.385986 23154498.312205 -420.765381 -873.631592 10038.482056 19019.985352 -9123.413696 13567.727051 26731989.479814 -968.255005 -721.529541 9962.70752 18840.727539 -9199.188232 13388.469238 26387617.267993 -426.405029 -1017.612305
22785.134277 9942.092896 3660.334473 4490.78064 3356515.920516 79.284668 71.728516 16552.878418 9574.725952 -2571.921387 4123.413696 2361732.013021 11.258545 -107.103882 23107.373047 14590.368652 3982.573242 9139.056396 9938324.144751 -44.143066 -150.562744 15168.261719 14047.989502 -3956.538086 8596.677246 8955705.329898 -144.742432 -179.468994 23549.536133 18015.345459 4424.736328 12564.033203 17743322.190266 -145.725098 -403.243408 12635.159912 15432.745361 -6489.639893 9981.433105 14174443.277429 255.406494 -1058.564453 22033.696289 19251.339111 2908.896484 13800.026855 19890241.996847 -523.391113 -40.097656 19083.171387 17591.695557 -41.628418 12140.383301 14739063.961507 -5092.224121 -336.885986 22385.158691 16862.094727 3260.358887 11410.782471 14083589.666391 -3239.775391 -755.863037 11679.376221 16991.772461 -7445.423584 11540.460205 18861655.408994 451.628418 -1444.871826 10911.99585 17490.775146 -8212.803955 12039.462891 21239881.549928 873.513794 -1529.210205 10333.790283 17224.790039 -8791.009521 11773.477783 21589662.751841 371.082764 -1615.9375
22715.825195 9931.074219 3625.249023 4480.690918 3321902.15843 -69.309082 -11.018677 16553.927002 9480.089111 -2536.64917 4029.705811 2267311.793082 1.048584 -94.636841 23112.558594 14564.09668 4021.982422 9113.713379 9923611.415473 5.185547 -26.271973 15117.504883 13615.457764 -3973.071289 8165.074463 8245373.645252 -50.756836 -432.531738 23601.711426 18016.313477 4511.135254 12565.930176 17825294.246165 52.175293 0.968018 13249.796143 14333.771973 -5840.780029 8883.388672 11302930.564623 614.63623 -1098.973389 22499.006348 19027.073975 3408.430176 13576.690674 19594392.591599 465.310059 -224.265137 25097.329102 17629.665527 6006.75293 12179.282227 18441599.631257 6014.157715 37.969971 26037.971191 17522.871094 6947.39502 12072.487793 19401125.906879 3652.8125 660.776367 12371.113281 15663.719482 -6719.462891 10213.336182 14946341.74977 691.737061 -1328.052979 11661.690674 16061.326904 -7428.885498 10610.943604 16778046.390008 749.694824 -1429.448242 10973.682861 15631.386719 -8116.893311 10181.003418 16953678.761149 639.892578 -1593.40332
22662.558594 9950.194702 3544.368896 4451.416626 3237766.085239 -53.266602 19.120483 16601.374512 9366.685181 -2516.815186 3867.907104 2129506.404718 47.44751 -113.403931 23058.203125 14703.410645 3940.013428 9204.632568 10024896.652923 -54.355469 139.313965 14860.345459 13426.721191 -4257.844238 7927.943115 8098151.959586 -257.159424 -188.736572 23449.21875 18011.585693 4331.029053 12512.807617 17532816.712037 -152.492676 -4.727783 13578.270264 13628.903809 -5539.919434 8130.125732 9678965.17557 328.474121 -704.868164 21030.415039 18882.348633 1912.225342 13383.570557 18277656.660239 -1468.591309 -144.725342 25062.578125 17964.932861 5944.388428 12466.154785 19074076.890726 -34.750977 335.267334 26508.654785 17112.578125 7390.465088 11613.800049 18949932.578949 470.683594 -410.292969 13400.19165 14697.446289 -5717.998047 9198.668213 11731099.855491 1029.078369 -966.273193 12811.201172 14672.667236 -6306.988525 9173.88916 12393834.658224 1149.510498 -1388.659668 11879.393311 14546.323242 -7238.796387 9047.545166 13425824.665947 905.710449 -1085.063477
22667.20459 9936.105347 3635.452881 4396.261597 3254363.367539 4.645996 -14.089355 16660.288086 9287.268677 -2371.463623 3747.424927 1966703.329712 58.913574 -79.416504 23105.471191 14627.481689 4073.719482 9087.637939 9918035.374005 47.268066 -75.928955 14181.748047 13534.066162 -4850.003662 7994.222412 8743012.749675 -678.597412 107.344971 23384.125977 18216.2854 4352.374268 12676.44165 17963533.468083 -65.092773 204.699707 14687.37915 12346.879883 -4344.372559 6807.036133 6520931.384128 1109.108887 -1282.023926 21138.068848 19027.380371 2106.317139 13487.536621 18635021.599401 107.653809 145.031738 21220.219727 17219.664307 2188.468018 11679.820557 14120760.049929 -3842.358398 -745.268555 23643.959961 14946.658936 4612.208252 9406.815186 10976063.689442 -2864.694824 -2165.919189 14962.756348 13817.630615 -4068.995361 8277.786865 8507847.863676 1562.564697 -879.815674 15023.309326 13461.079102 -4008.442383 7921.235352 7881357.983117 2212.108154 -1211.588135 14392.923584 13572.559814 -4638.828125 8032.716064 8604325.374541 2513.530273 -973.763428
22641.901855 9950.256958 3670.43335 4410.460205 3292424.01945 -25.302734 14.151611 16768.88916 9069.435425 -2202.579346 3529.638672 1730970.492811 108.601074 -217.833252 23102.324219 14674.916992 4130.855713 9135.120239 10051439.070642 -3.146973 47.435303 14171.40625 13168.818359 -4800.062256 7629.021606 8124256.833174 -10.341797 -365.247803 23467.277832 18381.014404 4495.809326 12841.217651 18510917.226708 83.151855 164.729004 16485.844727 10758.062744 -2485.623779 5218.265991 3340862.552723 1798.465576 -1588.817139 21195.080566 19007.069092 2223.612061 13467.272339 18631187.484503 57.011719 -20.311279 21876.35498 16639.394531 2904.886475 11099.597778 13163943.627086 656.135254 -580.269775 22303.344727 15856.052246 3331.876221 10316.255493 11752652.655032 -1340.615234 909.393311 18355.491943 9978.869019 -615.976562 4439.072266 2008478.970499 3392.735596 -3838.761597 18361.765137 9619.395142 -609.703369 4079.598389 1701486.12112 3338.455811 -3841.68396 17620.429688 10873.602295 -1351.038818 5333.805542 3027478.74485 3227.506104 -2698.95752
22602.336426 9890.695801 3682.980957 4332.192993 3233224.485987 -39.56543 -59.561157 16731.812744 8987.819824 -2187.542725 3429.317017 1654555.837234 -37.076416 -81.615601 23048.413086 14595.638428 4129.057617 9037.13562 9871893.702244 -53.911133 -79.278564 14062.895508 12880.758057 -4856.459961 7322.255249 7720062.528404 -108.510742 -288.060303 23603.227539 18288.438721 4683.87207 12729.935913 18398992.592233 135.949707 -92.575684 15909.960938 10451.384277 -3009.394531 4892.88147 3299674.452151 -575.883789 -306.678467 20809.63623 18941.610107 1890.280762 13383.1073 18268072.235621 -385.444336 -65.458984 21639.008789 15230.614014 2719.65332 9672.111206 10094624.936498 -237.346191 -1408.780518 20866.462402 12236.881104 1947.106934 6678.378296 4839196.207398 -1436.882324 -3619.171143 18530.524902 9286.456299 -388.830566 3727.953491 1404882.6442 175.032959 -692.41272 18768.132324 9690.110474 -151.223145 4131.607666 1709305.034532 406.367188 70.715332 17764.829102 10988.206787 -1154.526367 5429.703979 3081461.643744 144.399414 114.604492
22574.431152 9885.076904 3689.978027 4347.484131 3251655.611035 -27.905273 -5.618896 16841.635742 9060.784302 -2042.817383 3523.191528 1658598.140475 109.822998 72.964478 22989.052734 14533.532715 4104.599609 8995.939941 9777467.338267 -59.360352 -62.105713 14075.140381 12228.460693 -4809.312744 6690.86792 6789720.259279 12.244873 -652.297363 23360.314941 17961.828613 4475.861816 12424.23584 17439497.520362 -242.912598 -326.610107 16384.105225 9477.230225 -2500.3479 3939.637451 2177248.286966 474.144287 -974.154053 21070.964355 17694.676514 2186.51123 12157.08374 15257551.642804 261.328125 -1246.933594 22058.549805 13862.313232 3174.09668 8324.720459 7937586.045224 419.541016 -1368.300781 22131.826172 11154.143066 3247.373047 5616.550293 4209106.889902 1265.36377 -1082.738037 18758.135986 9046.090088 -126.317139 3508.497314 1232550.942505 227.611084 -240.366211 18637.984619 8064.235229 -246.468506 2526.642456 644466.882512 -130.147705 -1625.875244 18856.608887 9359.694214 -27.844238 3822.10144 1460923.472254 1091.779785 -1628.512573
22545.505371 9851.424561 3700.537109 4336.281738 3249731.421161 -28.925781 -33.652344 16862.593994 8938.203125 -1982.374268 3423.060303 1564714.957291 20.958252 -122.581177 22964.943848 14587.675781 4119.975586 9072.532959 9928505.312058 -24.108887 54.143066 14148.859863 11600.167236 -4696.108398 6085.024414 5908095.620961 73.719482 -628.293457 23391.384277 18129.476318 4546.416016 12614.333496 17979130.81378 31.069336 167.647705 16845.406494 8800.762939 -1999.561768 3285.620117 1479354.681683 461.30127 -676.467285 21091.657715 17130.993652 2246.689453 11615.85083 13997560.400541 20.693359 -563.682861 20243.734131 8624.580078 1398.765869 3109.437256 1162514.60048 -1814.815674 -5237.733154 20345.093994 8623.933716 1500.125732 3108.790894 1191495.803292 -1786.732178 -2530.209351 19096.688232 7601.672363 251.719971 2086.529541 441696.846918 338.552246 -1444.417725 19292.695312 7253.648682 447.727051 1738.505859 322286.213508 654.710693 -810.586548 19251.832275 8766.477051 406.864014 3251.334229 1073671.259114 395.223389 -593.217163
22538.059082 9900.930176 3768.845215 4362.072144 3323186.763903 -7.446289 49.505615 17081.757812 8901.398926 -1687.456055 3362.540894 1415418.919733 219.163818 -36.804199 22942.619629 14494.124756 4173.405762 8955.266724 9761411.774335 -22.324219 -93.551025 14334.298096 11060.644531 -4434.915771 5521.786499 5015860.404096 185.438232 -539.522705 23486.872559 17900.379639 4717.658691 12361.521606 17506351.995522 95.488281 -229.09668 17660.700684 7753.153687 -1108.513184 2214.295654 613190.672284 815.294189 -1047.609253 22420.812988 15602.51709 3651.599121 10063.659058 11461140.976913 1329.155273 -1528.476562 21824.836426 7193.688965 3055.622559 1654.830933 1207529.463613 1581.102295 -1430.891113 24816.503906 8807.487183 6047.290039 3268.62915 4725365.333933 4471.409912 183.553467 19687.705078 6716.968384 918.491211 1178.110352 223157.010503 591.016846 -884.703979 19641.486816 6488.790894 872.272949 949.932861 166323.253897 348.791504 -764.857788 19459.742432 7586.292114 690.528564 2047.434082 466881.601859 207.910156 -1180.184937
22534.675293 9860.212402 3888.569336 4279.470825 3343484.202409 -3.383789 -40.717773 16889.317627 8860.477295 -1756.78833 3279.735718 1384297.161514 -192.440186 -40.921631 22944.633789 14451.810303 4298.527832 8871.068726 9717320.185682 2.01416 -42.314453 14533.808594 10392.735596 -4112.297363 4811.994019 4006627.603866 199.510498 -667.908936 23462.780762 18118.815918 4816.674805 12538.074341 18040366.435005 -24.091797 218.436279 17993.265381 6988.989258 -652.840576 1408.247681 240936.234799 332.564697 -764.164429 22101.479492 15367.717285 3455.373535 9786.975708 10772449.977659 -319.333496 -234.799805 23756.513672 7792.455444 5110.407715 2211.713867 3100794.524224 1931.677246 598.766479 26333.820801 8822.44751 7687.714844 3241.705933 6960961.687238 1517.316895 14.960327 20808.505859 7769.61731 2162.399902 2188.875732 946715.030964 1120.800781 1052.648926 22469.902344 6334.051514 3823.796387 753.309937 1518889.466755 2828.415527 -154.73938 21108.352051 6111.349487 2462.246094 530.60791 634420.058051 1648.609619 -1474.942627
22520.754395 9814.318848 4055.19165 4242.488403 3444328.717371 -13.920898 -45.893555 16867.813721 8677.416382 -1597.749023 3105.585938 1219746.595709 -21.503906 -183.060913 22897.216797 14542.597656 4431.654053 8970.767212 10011422.201347 -47.416992 90.787354 14570.60791 9897.243652 -3894.954834 4325.413208 3387987.257879 36.799316 -495.491943 23502.77832 17657.583008 5037.215576 12085.752563 17143895.578641 39.997559 -461.23291 18266.959229 6606.63208 -198.603516 1034.801636 111025.778175 273.693848 -382.357178 21732.868652 16737.828369 3267.305908 11165.997925 13535479.755452 -368.61084 1370.111084 24289.301758 11828.925781 5823.739014 6257.095337 7306717.81546 532.788086 4036.470337 26519.401855 10503.848877 8053.839111 4932.018433 8918913.025083 185.581055 1681.401367 21347.658691 7084.768066 2882.095947 1512.937622 1059545.729752 539.152832 -684.849243 22696.882324 5967.571411 4231.31958 395.740967 1806067.630155 226.97998 -366.480103 21001.574707 5896.693726 2536.011963 324.863281 653689.282743 -106.777344 -214.655762
22517.104492 9817.619629 3867.63916 4159.649048 3226131.287447 -3.649902 3.300781 17002.559814 8951.635132 -1646.905518 3293.664551 1356052.39569 134.746094 274.21875 22873.669434 14409.307861 4224.204102 8751.33728 9442980.448476 -23.547363 -133.289795 14707.55127 9456.045532 -3941.914062 3798.074951 2996405.981085 136.943359 -441.19812 23493.798828 17714.229736 4844.333496 12056.259155 16882095.184049 -8.979492 56.646729 18399.024658 6240.541992 -250.440674 582.571411 40210.998018 132.06543 -366.090088 21476.740723 16643.447266 2827.275391 10985.476685 12867418.412167 -256.12793 -94.381104 22698.125 12359.036865 4048.659668 6701.066284 6129593.445201 -1591.176758 530.111084 24560.576172 13781.472168 5911.11084 8123.501587 10093250.939351 -1958.825684 3277.623291 21222.702637 6720.209351 2573.237305 1062.23877 774990.142973 -124.956055 -364.558716 22667.590332 5608.434448 4018.125 -49.536133 1614778.234408 -29.291992 -359.136963 20102.788086 6494.802246 1453.322754 836.831665 281243.426263 -898.786621 598.108521
22464.287109 9771.268311 3638.050537 4131.254272 3030267.357429 -52.817383 -46.351318 17157.177734 8997.909546 -1669.058838 3357.895508 1406121.964573 154.61792 46.274414 22895.952148 14392.912598 4069.715576 8752.89856 9317581.806506 22.282715 -16.395264 14732.020264 9047.95105 -4094.216309 3407.937012 2837664.18574 24.468994 -408.094482 23453.232422 17703.120117 4626.99585 12063.106079 16692761.886796 -40.566406 -11.109619 18858.824463 5540.056152 32.587891 -99.957886 1105.354954 459.799805 -700.48584 22940.639648 17020.678711 4114.403076 11380.664673 14644784.10691 1463.898926 377.231445 25524.892578 11966.448975 6698.656006 6326.434937 8489577.12909 2826.767578 -392.587891 26928.999023 10470.533447 8102.762451 4830.519409 8898867.710258 2368.422852 -3310.938721 21364.240723 6334.836426 2538.00415 694.822388 692424.321784 141.538086 -385.372925 22597.814941 5246.428223 3771.578369 -393.585815 1437971.318868 -69.775391 -362.006226 20687.050781 6100.042725 1860.814209 460.028687 367425.591278 584.262695 -394.759521
22469.94873 9761.889648 3642.000732 3890.45105 2839977.870589 5.661621 -9.378662 17195.535889 9097.76123 -1632.412109 3226.322632 1307392.701953 38.358154 99.851685 22912.504883 14425.499268 4084.556885 8554.060669 8985555.887288 16.552734 32.58667 14692.824707 8665.895996 -4135.123291 2794.457397 2490823.677812 -39.195557 -382.055054 23419.724121 17477.871094 4591.776123 11606.432495 15579368.32279 -33.508301 -225.249023 19033.135986 4945.725098 205.187988 -925.713501 89904.759643 174.311523 -594.331055 22000.561523 16478.452148 3172.613525 10607.01355 12257421.302723 -940.078125 -542.226562 23619.472656 12141.306152 4791.524658 6269.867554 6226994.769125 -1905.419922 174.857178 25730.344238 11258.878174 6902.39624 5387.439575 7666757.903358 -1198.654785 788.344727 21357.358398 5960.774536 2529.4104 89.335938 640589.788333 -6.882324 -374.06189 22515.102539 5182.907104 3687.154541 -688.531494 1406918.422776 -82.712402 -63.521118 20769.18457 5688.278198 1941.236572 -183.1604 380194.716177 82.133789 -411.764526
22495.551758 9766.71875 3851.23291 3655.491943 2819461.627624 25.603027 4.829102 17220.141602 8889.724731 -1424.177246 2778.497925 974833.154644 24.605713 -208.036499 22926.838379 14361.077881 4282.519531 8249.851074 8640001.628233 14.333496 -64.421387 14510.327148 8451.281128 -4133.991699 2340.054321 2256574.159579 -182.497559 -214.614868 23478.781738 17535.837402 4834.462891 11424.610596 15389375.870428 59.057617 57.966309 18341.657715 4996.525879 -302.661133 -1114.700928 133416.191961 -691.478271 50.800781 21863.337402 17138.902588 3219.018555 11027.675781 13197171.359179 -137.224121 660.450439 20854.421387 10532.76001 2210.102539 4421.533203 2443450.909951 -2765.05127 -1608.546143 23822.392578 11636.582031 5178.07373 5525.355225 5734199.791629 -1907.95166 377.703857 21346.188965 5378.487549 2701.870117 -732.739258 783700.895009 -11.169434 -582.286987 22292.48291 4942.292175 3648.164062 -1168.934631 1467550.919928 -222.619629 -240.614929 20674.985352 5455.532227 2030.666504 -655.69458 455354.183243 -94.199219 -232.745972
22482.111816 9751.482544 3872.874756 3846.807251 2979708.490074 -13.439941 -15.236206 17134.251709 8843.099976 -1474.985352 2938.424683 1080992.140274 -85.889893 -46.624756 22996.132812 14402.098389 4386.895752 8497.423096 9145105.360589 69.294434 41.020508 14400.605469 8223.00293 -4208.631592 2318.327637 2308722.290664 -109.72168 -228.278198 23380.856934 17467.973633 4771.619873 11563.29834 15647822.470909 -97.924805 -67.86377 18213.383789 4721.350098 -395.853271 -1183.325195 155695.833041 -128.273926 -275.175781 21213.618164 16762.645264 2604.381104 10857.969971 12467831.281704 -649.719238 -376.257324 22035.456543 10241.777344 3426.219482 4337.102051 3054943.414062 1181.035156 -290.982666 24400.075684 11126.374512 5790.838623 5221.699219 6079995.468927 577.683105 -510.20752 21096.557617 5402.171021 2487.320557 -502.504272 643927.409533 -249.631348 23.683472 21934.804688 4749.201355 3325.567627 -1155.473938 1239452.006281 -357.678223 -193.09082 21086.645508 5204.244995 2477.408447 -700.430298 662815.521673 411.660156 -251.287231
22453.112793 9751.831055 3785.328369 3974.264526 3012348.938776 -28.999023 0.348511 17030.52124 8726.422119 -1637.263184 2948.855591 1137638.002786 -103.730469 -116.677856 22961.828613 14398.669434 4294.044189 8621.102905 9276223.080429 -34.304199 -3.428955 14240.72998 8119.038696 -4427.054443 2341.472168 2508130.295784 -159.875488 -103.964233 23451.5625 18064.438477 4783.778076 12286.871948 17385175.495456 70.705566 596.464844 17942.124023 4486.929321 -725.6604 -1290.637207 219232.741687 -271.259766 -234.420776 21442.84668 18822.302246 2775.062256 13044.735718 17786610.047045 229.228516 2059.656982 22014.943848 9278.087769 3347.159424 3500.52124 2345712.516185 -20.512695 -963.689575 23677.768555 12980.386963 5009.984131 7202.820435 7698056.320413 -722.307129 1854.012451 21097.363281 4967.122803 2429.578857 -810.443726 655967.245677 0.805664 -435.048218 20949.299316 5023.302917 2281.514893 -754.263611 577422.379969 -985.505371 274.101562 20721.179199 4966.900635 2053.394775 -810.665894 487360.929457 -365.466309 -237.34436
22471.364746 9767.320557 3768.197021 4053.562622 3063067.872377 18.251953 15.489502 17019.838867 8712.833252 -1683.328857 2999.075317 1182804.880156 -10.682373 -13.588867 22957.006836 14396.867676 4253.839111 8683.109741 9349154.196298 -4.821777 -1.801758 13935.117188 8020.704956 -4768.050537 2306.947021 2805631.048436 -305.612793 -98.33374 23497.507324 17684.272461 4794.3396 11970.514526 16627891.022235 45.944824 -380.166016 17248.874512 4494.954529 -1454.293213 -1218.803406 360045.049096 -693.249512 8.025208 22100.449219 12985.708008 3397.281494 7271.950073 6442277.941816 657.602539 -5836.594238 22855.217285 8744.686279 4152.049561 3030.928345 2642604.21841 840.273438 -533.401489 25305.002441 14072.469482 6601.834717 8358.711548 11345228.036809 1627.233887 1092.08252 20504.221191 4217.163696 1801.053467 -1496.594238 548358.790432 -593.14209 -749.959106 20256.981201 4653.405457 1553.813477 -1060.352478 353868.369761 -692.318115 -369.897461 20408.78418 4516.90033 1705.616455 -1196.857605 434159.561843 -312.39502 -450.000305
22484.443359 9761.40625 3668.797607 4072.849731 3004818.081916 13.078613 -5.914307 16996.196289 8694.049072 -1819.449463 3005.492554 1234338.183842 -23.642578 -18.78418 23006.657715 14482.850342 4191.011963 8794.293823 9490418.512261 49.650879 85.982666 13643.105469 8003.145752 -5172.540283 2314.589233 3211249.630072 -292.011719 -17.559204 23517.280273 17898.850098 4701.634521 12210.293579 17119663.646146 19.772949 214.577637 16735.377197 4170.817261 -2080.268555 -1517.739258 663104.971433 -513.497314 -324.137268 21575.319824 19195.410156 2759.674072 13506.853638 19005089.617526 -525.129395 6209.702148 23947.573242 13803.448486 5131.92749 8114.891968 9218815.141366 1092.355957 5058.762207 23637.5 13507.410889 4821.854248 7818.85437 8438476.205051 -1667.502441 -565.058594 19187.718506 3495.056458 372.072754 -2193.500061 494988.065196 -1316.502686 -722.107239 19597.799072 4362.523499 782.15332 -1326.03302 237012.738666 -659.182129 -290.881958 18675.944824 4598.119507 -139.700928 -1090.437012 120856.922574 -1732.839355 81.219177
22540.50293 9762.828979 3690.36377 4073.594971 3021296.073681 56.05957 1.422729 16972.943115 8675.829468 -1877.196045 2986.595459 1244361.74267 -23.253174 -18.219604 22984.726562 14410.783691 4134.587402 8721.549683 9316024.185398 -21.931152 -72.06665 13209.631348 7958.504639 -5640.507812 2269.27063 3696491.757452 -433.474121 -44.641113 23386.499023 17583.729248 4536.359863 11894.495239 16205757.780592 -130.78125 -315.12085 16099.981689 4033.692017 -2750.157471 -1655.541992 1030418.540156 -635.395508 -137.125244 20961.828613 13353.374023 2111.689453 7664.140015 6319827.451057 -613.491211 -5842.036133 20797.373047 6003.914795 1947.233887 314.680786 389074.380675 -3150.200195 -7799.533691 20374.093018 3937.997131 1523.953857 -1751.236877 538926.596046 -3263.406982 -9569.413757 19165.81665 3729.688416 315.67749 -1959.545593 393947.120991 -21.901855 234.631958 19827.608643 4018.906555 977.469482 -1670.327454 374544.039136 229.80957 -343.616943 19260.786133 4099.416199 410.646973 -1589.81781 269615.160533 584.841309 -498.703308
22583.015137 9797.471924 3688.977051 4148.482056 3081845.504736 42.512207 34.642944 16937.895508 8706.314697 -1956.142578 3057.324829 1317372.889659 -35.047607 30.485229 22899.838867 14468.216553 4005.800781 8819.226685 9382519.92129 -84.887695 57.432861 12872.954102 8079.310913 -6021.083984 2430.321045 4215991.272829 -336.677246 120.806274 23483.273926 17517.563477 4589.23584 11868.573608 16192412.509168 96.774902 -66.165771 15464.318848 4062.056885 -3429.719238 -1586.932983 1428133.034723 -635.662842 28.364868 20966.413574 11525.769043 2072.375488 5876.779175 3883127.363385 4.584961 -1827.60498 22026.384277 9267.76062 3132.346191 3618.770752 2290709.441801 1229.01123 3263.845825 21050.075684 7955.661621 2156.037598 2306.671753 996923.269827 675.982666 4017.66449 18469.366455 3653.173523 -424.671631 -1995.816345 416362.887788 -696.450195 -76.514893 19464.399414 3521.203613 570.361328 -2127.786255 485278.639109 -363.209229 -497.702942 18731.633301 3490.407715 -162.404785 -2158.582153 468585.222687 -529.152832 -609.008484
22618.564453 9793.897705 3661.870117 4179.812622 3088012.631077 35.549316 -3.574219 16863.969727 8703.965454 -2092.724609 3089.880371 1392685.699835 -73.925781 -2.349243 23035.412598 14502.004395 4078.718262 8887.919312 9563105.234663 135.57373 33.787842 12565.512695 8258.734131 -6391.181641 2644.649048 4784137.134976 -307.441406 179.423218 23472.397461 17433.165283 4515.703125 11819.0802 16008223.149178 -10.876465 -84.398193 14862.128906 4109.360657 -4094.56543 -1504.724426 1902966.1657 -602.189941 47.303772 20075.137939 14297.774658 1118.443604 8683.689575 7665738.07326 -891.275635 2772.005615 20003.328857 7584.130859 1046.634521 1970.045776 497652.418255 -2023.05542 -1683.629761 17959.807129 4939.220886 -996.887207 -674.864197 144922.578763 -3090.268555 -3016.440735 17595.513916 3712.116089 -1361.18042 -1901.968994 547029.819025 -873.852539 58.942566 18502.027588 3242.70874 -454.666748 -2371.376343 583014.761085 -962.371826 -278.494873 16856.564941 3387.704468 -2100.129395 -2226.380615 936731.411767 -1875.068359 -102.703247
22637.905273 9838.244019 3648.615723 4321.890259 3199113.210063 19.34082 44.346313 16728.64502 8653.250122 -2260.644531 3136.896362 1495063.248451 -135.324707 -50.715332 22998.886719 14371.710205 4009.597168 8855.356445 9449420.722292 -36.525879 -130.294189 12311.558838 8487.399292 -6677.730713 2971.045532 5341919.902845 -253.953857 228.665161 23556.069336 17827.677002 4566.779785 12311.323242 17242415.757974 83.671875 394.511719 14212.344971 4382.08374 -4776.94458 -1134.27002 2410576.799835 -649.783936 272.723083 18191.241455 8095.241089 -798.048096 2578.887329 728754.061926 -1883.896484 -6202.533569 24200.146484 14667.5354 5210.856934 9151.181641 11089715.540209 4196.817627 7083.404541 20793.479004 10382.376709 1804.189453 4866.022949 2693327.892509 2833.671875 5443.155823 16520.876465 4353.436279 -2468.413086 -1162.91748 744544.022921 -1074.637451 641.32019 17694.418945 3295.671387 -1294.870605 -2220.682373 660812.008687 -807.608643 52.962646 15365.152588 3617.930908 -3624.136963 -1898.422852 1673837.804912 -1491.412354 230.22644
22648.95752 9841.184692 3560.506592 4360.675049 3169269.40717 11.052246 2.940674 16703.951416 8724.42627 -2384.499512 3243.916626 1620883.299767 -24.693604 71.176147 23022.570801 14349.274902 3934.119873 8868.765259 9413229.639101 23.684082 -22.435303 12172.177734 8687.994385 -6916.273193 3207.484741 5812279.325028 -139.381104 200.595093 23542.263184 17670.41626 4453.812256 12189.906616 16843026.692239 -13.806152 -157.260742 13749.654541 4805.135193 -5338.796387 -675.374451 2895887.750748 -462.69043 423.051453 17524.47998 7170.431519 -1563.970947 1689.921875 530184.106749 -666.761475 -924.80957 23737.429199 14355.151367 4648.978271 8874.641724 10037226.469158 -462.717285 -312.384033 21081.091309 11345.595703 1992.640381 5865.08606 3836985.01736 287.612305 963.218994 16317.416992 4158.720398 -2771.033936 -1321.789246 942575.588175 -203.459473 -194.715881 17158.919678 3478.014832 -1929.53125 -2002.494812 773307.631686 -535.499268 182.343445 14694.217529 4021.096497 -4394.233398 -1459.413147 2143917.38935 -670.935059 403.165588
22650.532227 9846.02356 3473.533936 4418.981934 3159283.933082 1.574707 4.838867 16694.775391 8767.141113 -2482.2229 3340.099487 1731769.511232 -9.176025 42.714844 23041.499023 14583.439941 3864.500732 9156.398315 9877399.602169 18.928223 234.165039 12072.624512 8960.621338 -7104.373779 3533.579712 6295831.237641 -99.553223 272.626953 23687.871094 18040.411377 4510.872803 12613.369751 17944506.99173 145.60791 369.995117 13492.000732 5114.519958 -5684.997559 -312.521667 3241686.703386 -257.653809 309.384766 17014.003906 7015.00061 -2162.994385 1587.958984 720015.844458 -510.476074 -155.430908 24383.740234 15366.444092 5206.741943 9939.402466 12590188.304229 646.311035 1011.292725 20680.808105 11281.463623 1503.809814 5854.421997 3653570.087783 -400.283203 -64.13208 15906.174316 4420.404663 -3270.823975 -1006.636963 1171160.744794 -411.242676 261.684265 16671.862793 3665.127563 -2505.135498 -1761.914062 938004.502721 -487.056885 187.112732 14250.783691 4170.227661 -4926.2146 -1256.813965 2584717.162363 -443.433838 149.131165
22631.713867 9815.776978 3421.446533 4415.784912 3120545.276958 -18.818359 -30.246582 16609.143066 8836.588745 -2601.124268 3436.59668 1857604.419422 -85.632324 69.447632 23021.975098 14373.50708 3811.707764 8973.515015 9505308.779376 -19.523926 -209.932861 12057.281494 9144.841919 -7152.98584 3744.849854 6518910.685038 -15.343018 184.220581 23610.849609 17802.393799 4400.582275 12402.401733 17318469.311909 -77.021484 -238.017578 13336.707764 5314.815063 -5873.55957 -85.177002 3450595.714767 -155.292969 200.295105 16042.56958 6268.359985 -3167.697754 868.36792 1078837.190445 -971.434326 -746.640625 20561.335449 10848.023682 1351.068115 5448.031616 3150643.354324 -3822.404785 -4518.42041 16035.682373 6783.29834 -3174.584961 1383.306274 1199152.592304 -4645.125732 -4498.165283 15519.842529 4795.242615 -3690.424805 -604.749451 1398495.713715 -386.331787 374.837952 16429.892578 3839.095154 -2780.374756 -1560.896912 1016688.295173 -241.970215 173.96759 14080.634766 4679.599915 -5129.632568 -720.392151 2683209.513742 -170.148926 509.372253
22624.533691 9836.009521 3437.547607 4418.62793 3134100.633431 -7.180176 20.232544 16680.980225 8917.314453 -2506.005859 3499.932861 1852959.540103 71.837158 80.725708 23043.693848 14519.86084 3856.707764 9102.479248 9772932.323549 21.71875 146.35376 12075.290527 9259.508667 -7111.695557 3842.127075 6533815.415229 18.009033 114.666748 23671.71875 18026.855469 4484.732666 12609.473877 17911165.853919 60.869141 224.46167 13147.458496 5519.596558 -6039.527588 102.214966 3648634.138413 -189.249268 204.781494 15737.960205 5953.016968 -3449.025879 535.635376 1218268.476936 -304.609375 -315.343018 21871.193848 12430.29541 2684.207764 7012.913818 5638593.154229 1309.858398 1582.271729 18353.496094 8547.659302 -833.48999 3130.27771 1049334.41053 2317.813721 1764.360962 15173.969727 4866.923828 -4013.016357 -550.457764 1640730.403452 -345.872803 71.681213 16006.153564 3987.770996 -3180.83252 -1429.610596 1216148.197265 -423.739014 148.675842 14371.159668 4682.654724 -4815.826416 -734.726868 2373200.763928 290.524902 3.05481
22608.95752 9838.553467 3431.170654 4406.923218 3119390.430626 -15.576172 2.543945 16723.117676 8919.333496 -2454.669189 3487.703247 1818947.476928 42.137451 2.019043 23048.088379 14501.221924 3870.301514 9069.591675 9723672.695442 4.394531 -18.638916 12067.43042 9325.513916 -7110.356445 3893.883667 6571949.879147 -7.860107 66.005249 23606.228027 18103.901367 4428.441162 12672.271118 18019754.641852 -65.490723 77.045898 13142.27417 5654.291992 -6035.512695 222.661743 3647699.174715 -5.184326 134.695435 16912.209473 8889.429932 -2265.577393 3457.799683 1708921.956687 1174.249268 2936.412964 19538.037109 10284.068604 360.250244 4852.438354 2367593.822255 -2333.156738 -2146.226807 15524.476318 5965.131226 -3653.310547 533.500977 1363130.12439 -2829.019775 -2582.528076 15135.723877 4890.145569 -4042.062988 -541.48468 1663147.88601 -38.24585 23.221741 15744.626465 4153.871155 -3433.1604 -1277.759094 1341925.863772 -261.5271 166.100159 14146.037598 4802.196045 -5031.749268 -629.434204 2571468.810907 -225.12207 119.541321
22553.591309 9809.712524 3420.384521 4380.627441 3088892.705521 -55.366211 -28.840942 16640.093994 8936.339111 -2493.112793 3507.254028 1851644.221763 -83.023682 17.005615 23034.384766 14387.679443 3901.177979 8958.59436 9547560.253338 -13.703613 -113.54248 12060.447998 9399.758301 -7072.758789 3970.673218 6579016.26906 -6.982422 74.244385 23628.955078 18095.612793 4495.748291 12666.52771 18065267.692338 22.727051 -8.288574 13065.761719 5717.958374 -6067.445068 288.873291 3689733.743582 -76.512451 63.666382 20082.852783 14521.617432 949.645996 9092.532349 8357597.202883 3170.643311 5632.1875 20403.082275 11562.597656 1269.875488 6133.512573 3923256.024186 865.045166 1278.529053 14677.667236 5674.713745 -4455.539551 245.628662 1991216.612823 -846.809082 -290.41748 14961.96167 5073.215942 -4171.245117 -355.869141 1752592.867291 -173.762207 183.070374 15854.038086 3982.072754 -3279.168701 -1447.012329 1284679.205132 109.411621 -171.798401 13652.158203 4809.819946 -5481.048584 -619.265137 3042538.288955 -493.879395 7.623901
22577.805176 9823.265991 3489.575195 4410.095825 3162608.023115 24.213867 13.553467 16657.348633 8919.502563 -2430.881348 3506.332397 1820355.100787 17.254639 -16.836548 23047.634277 14559.664307 3959.404297 9146.494141 9933523.74506 13.249512 171.984863 12061.5979 9385.026245 -7026.63208 3971.856079 6514919.910188 1.149902 -14.732056 23645.856934 17958.643799 4557.626953 12545.473633 17816087.211545 16.901855 -136.968994 13059.178467 5642.200928 -6029.051514 229.030762 3640191.724432 -6.583252 -75.757446 18203.659668 10769.555664 -884.570312 5356.385498 2947333.024144 -1879.193115 -3752.061768 18338.045654 8783.464355 -750.184326 3370.294189 1192165.94467 -2065.036621 -2779.133301 15115.023193 6003.657227 -3973.206787 590.487061 1613504.714181 437.355957 328.943481 14975.268555 5094.754639 -4112.961426 -318.415527 1701784.013802 13.306885 21.538696 15839.389648 3887.372742 -3248.840332 -1525.797424 1288302.128308 -14.648438 -94.700012 13649.144287 4747.890015 -5439.085693 -665.280151 3002625.085951 -3.013916 -61.929932
22556.000977 9817.015991 3491.130371 4373.193359 3131281.142645 -21.804199 -6.25 16648.480225 8932.25647 -2416.390381 3488.433838 1800811.311405 -8.868408 12.753906 23005.214844 14465.957031 3940.344238 9022.134399 9692522.183725 -42.419434 -93.707275 12055.183105 9420.904541 -7009.6875 3977.081909 6495289.935998 -6.414795 35.878296 23549.833984 17720.92041 4484.963379 12277.097778 17084202.636857 -96.022949 -237.723389 13031.19873 5710.548706 -6033.671875 266.726074 3647633.909383 -27.979736 68.347778 16632.021484 7800.531616 -2432.849121 2356.708984 1147283.208304 -1571.638184 -2969.024048 20214.829102 10953.526611 1149.958496 5509.703979 3167924.248437 1876.783447 2170.062256 14915.678711 5874.9823 -4149.191895 431.159668 1740169.203693 -199.344482 -128.674927 14974.230957 5067.325745 -4090.639648 -376.496887 1687508.263945 -1.037598 -27.428894 15869.630127 3928.848572 -3195.240479 -1514.97406 1250470.81182 30.240479 41.47583 13623.759766 4718.406982 -5441.11084 -725.415649 3013191.503588 -25.384521 -29.483032
22538.579102 9825.397949 3501.870117 4384.953003 3149090.715555 -17.421875 8.381958 16664.633789 8905.872192 -2372.075195 3465.427246 1763592.673019 16.153564 -26.384277 23031.259766 14602.943115 3994.550781 9162.498169 9990780.863991 26.044922 136.986084 12057.562256 9406.44104 -6979.146729 3965.996094 6443761.407379 2.37915 -14.463501 23661.538086 17853.299561 4624.829102 12412.854614 17546800.389336 111.704102 132.37915 13025.771484 5679.058838 -6010.9375 238.613892 3618830.621817 -5.427246 -31.489868 15375.089111 5516.118774 -3661.619873 75.673828 1341318.662295 -1256.932373 -2284.412842 18503.681641 8856.797485 -533.027344 3416.352539 1195558.282034 -1711.147461 -2096.729126 15354.971924 5812.623901 -3681.737061 372.178955 1369370.495761 439.293213 -62.358398 15059.75708 5115.241089 -3976.951904 -325.203857 1592190.399797 85.526123 47.915344 15877.926025 3880.504761 -3158.782959 -1559.940186 1241132.316445 8.295898 -48.343811 13902.557373 4851.39679 -5134.151611 -589.048157 2670649.049906 278.797607 132.989807
22550.385742 9791.600342 3536.104736 4364.085693 3154928.064527 11.806641 -33.797607 16672.438965 8924.993286 -2341.842041 3497.478638 1771658.09662 7.805176 19.121094 22979.091797 14546.5271 3964.810791 9119.012451 9887611.269318 -52.167969 -56.416016 12029.345703 9428.395996 -6984.935303 4000.881348 6479637.274141 -28.216553 21.954956 23513.210449 17771.911621 4498.929443 12344.396973 17262450.275485 -148.327637 -81.387939 13034.030762 5586.520996 -5980.250244 159.006348 3578867.600114 8.259277 -92.537842 16743.879395 7916.61499 -2270.401611 2489.100342 1135034.398825 1368.790283 2400.496216 20259.492188 11112.800293 1245.211182 5685.285645 3387302.37468 1755.810547 2256.002808 15095.898438 5737.003174 -3918.382568 309.488525 1544950.509937 -259.073486 -75.620728 15154.033203 4904.040833 -3860.247803 -523.473816 1517553.793447 94.276123 -211.200256 15613.818359 4008.528442 -3400.462646 -1418.986206 1357666.806311 -264.107666 128.023682 13778.295898 4902.695618 -5235.985107 -524.819031 2769097.506019 -124.261475 51.298828
22525.898438 9783.059692 3504.49585 4366.851196 3135088.053046 -24.487305 -8.540649 16697.564697 8908.525391 -2323.837891 3492.316895 1759649.983373 25.125732 -16.467896 22962.912598 14513.269043 3941.51001 9097.060547 9829201.175059 -16.179199 -33.258057 12039.139404 9478.515625 -6982.263184 4062.307129 6525433.837453 9.793701 50.119629 23541.804199 17743.57666 4520.401611 12327.368164 17239803.658004 28.59375 -28.334961 13025.013428 5574.91394 -5996.38916 158.705444 3598187.03781 -9.017334 -11.607056 15350.040283 5281.672974 -3671.362305 -134.535522 1349700.097908 -1393.839111 -2634.942017 16545.161133 5998.389893 -2476.241455 582.181396 647070.692226 -3714.331055 -5114.4104 14102.126465 4993.398743 -4919.276123 -422.809753 2437804.566236 -993.771973 -743.604431 15165.866699 5143.217773 -3855.535889 -272.990723 1493968.092349 11.833496 239.176941 15929.7229 3778.387146 -3091.679688 -1637.82135 1224094.206494 315.904541 -230.141296 13667.561035 4851.699829 -5353.841553 -564.508667 2898228.940689 -110.734863 -50.995789
22556.582031 9798.917847 3541.859131 4390.946045 3182517.327227 30.683594 15.858154 16683.092041 8896.589355 -2331.630859 3488.617554 1760695.490045 -14.472656 -11.936035 22941.950684 14450.822754 3927.227783 9042.850952 9719627.140393 -20.961914 -62.446289 12021.459961 9547.76123 -6993.262939 4139.789429 6604358.30544 -17.679443 69.245605 23520.275879 17891.844482 4505.552979 12483.872681 17614708.474924 -21.52832 148.267822 12945.820312 5547.315674 -6068.902588 139.343872 3685099.533599 -79.193115 -27.598267 15523.116455 5598.040161 -3491.606445 190.068359 1222744.155018 173.076172 316.367188 18917.049561 8884.623413 -97.67334 3476.651611 1209664.650787 2371.888428 2886.233521 14797.730713 5494.974976 -4216.992188 87.003174 1779059.266169 695.604248 501.576233 15193.258057 5152.96936 -3821.464844 -255.002441 1466861.979714 27.391357 9.751587 15909.952393 3729.812012 -3104.770508 -1678.15979 1245582.018709 -19.770508 -48.575134 13698.07251 4788.531799 -5316.650391 -619.440002 2865047.729276 30.511475 -63.16803
22559.304199 9801.687012 3530.148926 4412.070923 3192832.126647 2.722168 2.769165 16709.362793 8905.814209 -2319.79248 3516.19812 1774508.637236 26.270752 9.224854 22946.298828 14530.97168 3917.143555 9141.355591 9890839.566585 4.348145 80.148926 12042.075195 9580.59082 -6987.080078 4190.974731 6638355.721774 20.615234 32.82959 23422.243652 17839.866943 4393.088379 12450.250854 17430797.184466 -98.032227 -51.977539 12851.221924 5517.578125 -6177.93335 127.962036 3818323.475491 -94.598389 -29.737549 15826.604004 6320.478516 -3202.55127 930.862427 1112283.949153 303.487549 722.438354 17960.163574 7271.782837 -1068.991699 1882.166748 468529.492045 -956.885986 -1612.840576 15068.470459 5412.572021 -3960.684814 22.955933 1568755.117428 270.739746 -82.402954 15287.574463 5184.104614 -3741.580811 -205.511475 1404166.192805 94.316406 31.135254 15886.169434 3716.202393 -3142.98584 -1673.413696 1267867.338839 -23.782959 -13.609619 13709.077148 4913.147583 -5320.078125 -476.468506 2853025.349318 11.004639 124.615784
22526.364746 9784.46228 3503.183594 4411.184082 3173084.029709 -32.939453 -17.224731 16712.148438 8920.437012 -2311.032715 3547.158813 1792320.78571 2.785645 14.622803 22972.924805 14483.808594 3949.743652 9110.530396 9860223.90067 26.625977 -47.163086 12026.608887 9620.725098 -6996.572266 4247.446899 6699282.863146 -15.466309 40.134277 23492.216797 18040.128174 4469.035645 12666.849976 18042136.789609 69.973145 200.26123 12773.123779 5559.550781 -6250.057373 186.272583 3909791.464156 -78.098145 41.972656 15490.845947 5624.643555 -3532.335205 251.365356 1254057.654346 -335.758057 -695.834961 16616.730957 6179.378052 -2406.450195 806.099854 644079.951636 -1343.432617 -1092.404785 14476.300049 4879.377441 -4546.881104 -493.900757 2091806.572711 -592.17041 -533.19458 15258.374023 5177.718506 -3764.807129 -195.559692 1421201.631115 -29.200439 -6.386108 15848.35083 3795.214539 -3174.830322 -1578.06366 1256983.248914 -37.818604 79.012146 13825.52124 5092.245789 -5197.659912 -281.03241 2709464.777723 116.444092 179.098206
22513.605957 9786.867676 3472.188721 4413.192749 3153236.475221 -12.758789 2.405396 16713.808594 8911.921997 -2327.608643 3538.24707 1793695.432358 1.660156 -8.515015 22952.143555 14327.546387 3910.726318 8953.87146 9546559.445861 -20.78125 -156.262207 12050.949707 9625.163574 -6990.467529 4251.488647 6694179.199764 24.34082 4.438477 23527.03125 17860.651855 4485.614014 12486.976929 17604532.589781 34.814453 -179.476318 12666.789551 5563.641968 -6374.627686 189.967041 4067196.560601 -106.334229 4.091187 15484.309082 5479.182129 -3557.108154 105.507202 1266415.019107 -6.536865 -145.461426 17813.043213 7445.750732 -1228.374023 2072.075806 580240.088587 1196.312256 1266.372681 15294.460449 4924.944458 -3746.956787 -448.730469 1424104.419805 818.1604 45.567017 15244.541016 5102.93457 -3796.876221 -270.740356 1448956.937595 -13.833008 -74.783936 15803.491211 3825.200195 -3237.926025 -1548.474731 1288193.893983 -44.859619 29.985657 13829.666748 5163.024902 -5211.750488 -210.650024 2720671.658489 4.145508 70.779114
22552.329102 9784.401245 3504.516602 4431.958008 3192388.839364 38.723145 -2.466431 16675.441895 8941.967773 -2372.370605 3589.524536 1851282.868519 -38.366699 30.045776 22991.552734 14349.251709 3943.740234 8996.808472 9649564.971232 39.40918 21.705322 12007.650146 9616.204834 -7040.162354 4263.761597 6774354.891718 -43.299561 -8.95874 23565.993652 17753.538818 4518.181152 12401.095581 17420113.253585 38.962402 -107.113037 12527.568359 5512.663574 -6520.244141 160.220337 4253925.420972 -139.221191 -50.978394 18282.183838 10209.314575 -765.628662 4856.871338 2417538.644107 2797.874756 4730.132446 23491.411133 14557.559814 4443.598633 9205.116577 10447974.000843 5678.36792 7111.809082 19119.86084 9172.927856 72.04834 3820.484619 1460129.368836 3825.400391 4247.983398 15288.994141 5066.551208 -3758.818359 -285.892029 1421044.971091 44.453125 -36.383362 15805.81543 3867.03949 -3241.99707 -1485.403748 1271696.929718 2.324219 41.839294 13945.952148 5322.280273 -5101.860352 -30.162964 2602988.885123 116.2854 159.255371
22559.289551 9778.061523 3512.213135 4418.800659 3186144.036959 6.960449 -6.339722 16724.049072 8949.593506 -2323.027344 3590.332642 1828694.451716 48.607178 7.625732 23012.48291 14290.716553 3965.406494 8931.455688 9549534.937899 20.930176 -58.535156 12039.954834 9441.398926 -7007.121582 4082.138062 6576360.401871 32.304688 -174.805908 23592.30957 18066.638184 4545.233154 12707.377319 18213658.276289 26.315918 313.099365 12471.948242 5491.862793 -6575.128174 132.601929 4324989.377377 -55.620117 -20.800781 20733.789062 14114.063721 1686.712646 8754.802856 7949157.260703 2451.605225 3904.749146 24485.57373 15706.442871 5438.497314 10347.182007 13664142.85219 994.162598 1148.883057 21230.039062 11997.617188 2182.962646 6638.356323 4883310.059028 2110.178223 2824.689331 15539.311523 4556.133728 -3507.764893 -803.127136 1294942.773855 250.317383 -510.41748 15794.066162 3981.219482 -3253.010254 -1378.041382 1248107.376207 -11.749268 114.179993 13973.21167 5387.76001 -5073.864746 28.499146 2574491.566295 27.259521 65.479736
22581.68457 9812.229004 3544.89624 4447.36145 3234531.322271 22.39502 34.16748 16678.966064 8904.457397 -2357.822266 3539.589844 1808802.209826 -45.083008 -45.136108 23033.828125 14459.107666 3997.039795 9094.240112 9868153.034244 21.345215 168.391113 12028.66333 9297.842407 -7008.125 3932.974854 6458210.721401 -11.291504 -143.556519 23609.313965 18177.346191 4572.525635 12812.478638 18506759.952199 17.004395 110.708008 12520.217285 5327.39624 -6516.571045 -37.471313 4246710.228285 48.269043 -164.466553 21884.038086 15574.638672 2847.249756 10209.771118 11234625.745754 1150.249023 1460.574951 25527.687988 16888.865967 6490.899658 11523.998413 17493431.779767 1042.114258 1182.423096 24428.930664 15520.648193 5392.142334 10155.78064 13221507.93506 3198.891602 3523.031006 15913.288574 4124.218445 -3123.499756 -1240.649109 1129546.093623 373.977051 -431.915283 15986.968994 4039.594727 -3049.819336 -1325.272827 1105774.604824 192.902832 58.375244 14523.509521 5776.045532 -4513.278809 411.177979 2053875.293412 550.297852 388.285522
22577.416992 9818.812256 3543.271484 4473.803101 3256968.69948 -4.267578 6.583252 16615.096436 8882.225952 -2419.049072 3537.216797 1836370.108212 -63.869629 -22.231445 23034.104004 14464.030762 3999.958496 9119.021606 9915622.302929 0.275879 4.923096 11987.250977 9113.630981 -7046.894531 3768.621826 6386123.300326 -41.412354 -184.211426 23639.453125 18291.715088 4605.307617 12946.705933 18882605.275459 30.13916 114.368896 12595.863037 5280.41626 -6438.282471 -64.592896 4145565.341471 75.645752 -46.97998 20407.128906 13141.259766 1372.983398 7796.25061 6266660.699179 -1476.90918 -2433.378906 21746.975098 11902.214355 2712.82959 6557.2052 5035638.4421 -3780.712891 -4986.651611 21511.25 12137.271729 2477.104492 6792.262573 5227087.752908 -2917.680664 -3383.376465 16092.772217 4441.09375 -2941.373291 -903.915405 946873.989699 179.483643 316.875305 16322.788086 4156.199036 -2711.357422 -1188.81012 876472.856969 335.819092 116.604309 14706.635742 6266.514282 -4327.509766 921.505127 1957651.247058 183.126221 490.46875
22573.518066 9826.749268 3566.885986 4483.530884 3282472.482535 -3.898926 7.937012 16543.504639 8822.608643 -2463.127441 3479.390259 1817315.336556 -71.591797 -59.61731 23008.630371 14438.812256 4001.998291 9095.593872 9874581.820694 -25.473633 -25.218506 11954.512939 8843.387451 -7052.119141 3500.169067 6198356.787383 -32.738037 -270.24353 23666.975098 18083.065186 4660.343018 12739.846802 18402249.357375 27.521973 -208.649902 12761.386719 5213.048096 -6245.245361 -130.170288 3902003.392709 165.523682 -67.368164 23408.171387 16638.969727 4401.539307 11295.751343 14696754.666567 3001.04248 3497.709961 25853.381348 17076.641846 6846.749268 11733.423462 18455120.166968 4106.40625 5174.42749 25385.412598 16335.476074 6378.780518 10992.25769 16151857.002424 3874.162598 4198.204346 16382.709961 4364.750366 -2623.922119 -978.468018 784236.694874 289.937744 -76.343384 16493.186035 4552.710266 -2513.446045 -790.508118 694231.410484 170.397949 396.51123 15133.776855 6692.333984 -3872.855225 1349.115601 1681912.049453 427.141113 425.819702
22559.406738 9831.832886 3570.657959 4472.03186 3274866.722006 -14.111328 5.083618 16599.936523 8819.666138 -2388.812256 3459.865112 1767709.058909 56.431885 -2.942505 22990.544434 14363.64502 4001.795654 9003.843994 9708357.512957 -18.085938 -75.167236 11952.37915 8520.552368 -7036.369629 3160.751343 5950084.660544 -2.133789 -322.835083 23632.36084 18140.996094 4643.612061 12781.195068 18492208.034431 -34.614258 57.930908 13032.321777 5253.54187 -5956.427002 -106.259155 3549031.363768 270.935059 40.493774 21638.276367 16645.454102 2649.527588 11285.653076 13438596.17947 -1769.89502 6.484375 21899.519043 12219.425049 2910.770264 6859.624023 5552702.52708 -3953.862305 -4857.216797 22053.581543 12694.257812 3064.832764 7334.456787 6318745.623125 -3331.831055 -3641.218262 16852.41333 4633.109741 -2136.335449 -726.691284 509200.937409 469.703369 268.359375 16884.390869 5504.969482 -2104.35791 145.168457 444939.609495 391.204834 952.259216 15227.819824 6960.712891 -3760.928955 1600.911865 1670750.540539 94.042969 268.378906
22537.167969 9809.73938 3542.805176 4466.243286 3249879.760447 -22.23877 -22.093506 16586.376953 8737.477417 -2407.98584 3393.981323 1731750.50274 -13.55957 -82.188721 22965.361328 14245.418701 3970.998535 8901.922607 9501305.547474 -25.183105 -118.226318 11980.297852 8152.5177 -7014.064941 2809.021606 5708770.938774 27.918701 -368.034668 23647.758789 17885.013428 4653.395996 12541.517334 17894375.133509 15.397949 -255.982666 13294.09668 5251.572876 -5700.266113 -91.923218 3250148.364019 261.774902 -1.968994 17762.911377 8114.390259 -1231.451416 2770.894165 919432.706385 -3875.36499 -8531.063843 18797.884521 8271.025391 -196.478271 2927.529297 860903.149523 -3101.634521 -3948.399658 20339.67041 10320.158691 1345.307617 4976.662598 2657702.319577 -1713.911133 -2374.099121 16743.687744 5105.32135 -2250.675049 -238.174744 512226.538393 -108.725586 472.211609 17257.155762 6625.477905 -1737.207031 1281.981812 466136.56345 372.764893 1120.508423 15990.489502 7449.855957 -3003.873291 2106.359863 1346000.662212 762.669678 489.143066
22533.693848 9824.856567 3569.245605 4480.996094 3281884.018436 -3.474121 15.117188 16592.384033 8719.141846 -2372.064209 3375.281372 1701921.295219 6.00708 -18.335571 22939.296875 14381.412354 3974.848633 9037.55188 9747676.563534 -26.064453 135.993652 11963.444824 7838.894043 -7001.003418 2495.033569 5523924.137052 -16.853027 -313.623657 23519.07959 17549.263916 4554.631348 12205.403442 16971653.990438 -128.679199 -335.749512 13596.654053 5469.451294 -5367.794189 125.59082 2882898.751447 302.557373 217.878418 17667.58667 7875.081787 -1296.861572 2531.221313 808893.127542 -95.324707 -239.308472 18315.958252 7577.263184 -648.48999 2233.40271 540862.69323 -481.92627 -693.762207 18968.200684 8611.152344 3.752441 3267.29187 1067521.024535 -1371.469727 -1709.006348 16894.986572 5171.23291 -2069.46167 -172.627563 431247.187895 151.298828 65.91156 17535.498047 6830.459595 -1428.950195 1486.599121 425187.560752 278.342285 204.981689 16064.188232 7557.352905 -2900.26001 2213.492432 1331105.686918 73.69873 107.496948
22528.122559 9844.765625 3601.474609 4467.971802 3293339.138328 -5.571289 19.909058 16624.591064 8895.134277 -2302.056885 3518.340454 1767818.545166 32.207031 175.992432 22984.370117 14706.287842 4057.722168 9329.494019 10350456.783467 45.073242 324.875488 11961.716309 7488.624878 -6964.931641 2111.831055 5297010.316212 -1.728516 -350.269165 23558.999023 18228.564453 4632.351074 12851.77063 18662668.479793 39.919434 679.300537 14092.745361 5621.943359 -4833.902588 245.149536 2342671.252428 496.091309 152.492065 20096.530762 13497.727051 1169.882812 8120.933228 6731818.228113 2428.944092 5622.645264 18548.908691 8278.753052 -377.739258 2901.959229 856405.431086 232.950439 701.489868 18636.911621 8678.52356 -289.736328 3301.729736 1098536.639159 -331.289062 67.371216 17320.039062 6053.35022 -1606.608887 676.556396 303892.067251 425.05249 882.11731 17976.947021 7438.262939 -949.700928 2061.469116 515158.676923 441.448975 607.803345 16335.080566 8035.993652 -2591.567383 2659.199829 1378756.523075 270.892334 478.640747
22511.694336 9837.637939 3613.38501 4416.154175 3255896.892444 -16.428223 -7.127686 16503.953857 8583.422852 -2394.355469 3161.939087 1573079.690009 -120.637207 -311.711426 22970.310059 14635.509033 4072.000732 9214.025269 10147945.161441 -14.060059 -70.778809 11966.942139 7142.409058 -6931.367188 1720.925293 5100543.495193 5.22583 -346.21582 23538.303223 18294.407959 4639.993896 12872.924194 18724172.067253 -20.695801 65.843506 14501.436768 5899.946899 -4396.872559 478.463135 1956141.526784 408.691406 278.00354 18770.632324 10193.101807 -127.677002 4771.618042 2278464.015549 -1325.898438 -3304.625244 18886.151123 8119.968262 -12.158203 2698.484497 728196.640283 337.242432 -158.78479 19647.928467 9528.123779 749.619141 4106.640015 1742642.10659 1011.016846 849.60022 17842.220459 6675.092163 -1056.088867 1253.608398 268685.771203 522.181396 621.741943 18435.19165 7419.486694 -463.117676 1998.00293 420649.368866 458.244629 -18.776245 17019.42749 8588.791504 -1878.881836 3167.307739 1356203.526858 684.346924 552.797852
22524.008789 9865.628052 3595.578613 4469.295654 3290278.92098 12.314453 27.990112 16431.546631 8157.669678 -2496.883545 2761.33728 1385941.101233 -72.407227 -425.753174 22983.842773 14496.303711 4055.412598 9099.971313 9925584.924333 13.532715 -139.205322 12069.02832 6853.15918 -6859.401855 1456.826782 4917373.808822 102.086182 -289.249878 23505.490723 18042.214355 4577.060547 12645.881958 18086781.374563 -32.8125 -252.193604 14898.140869 5973.967285 -4030.289307 577.634888 1657689.39587 396.704102 74.020386 18724.39209 8498.361816 -204.038086 3102.029419 966421.805652 -46.240234 -1694.73999 18727.637939 7096.810913 -200.792236 1700.478516 293194.470427 -158.513184 -1023.157349 19767.261963 9172.111206 838.831787 3775.778809 1496014.437849 119.333496 -356.012573 17923.69751 6488.925171 -1004.732666 1092.592773 220324.669873 81.477051 -186.166992 18961.612549 7423.691406 33.182373 2027.359009 411128.56204 526.420898 4.204712 17154.022217 8829.666748 -1774.407959 3433.334351 1493630.836782 134.594727 240.875244
22511.682129 9847.730103 3633.746338 4457.949219 3307742.368509 -12.32666 -17.897949 16270.375977 8218.672485 -2607.559814 2828.891602 1480199.587934 -161.170654 61.002808 22946.508789 14433.388672 4068.572998 9043.607788 9834012.806516 -37.333984 -62.915039 12203.822021 6618.345947 -6674.11377 1228.565063 4605316.672384 134.793701 -234.813232 23503.764648 17781.296387 4625.828857 12391.515503 17494794.90775 -1.726074 -260.917969 15324.932861 6063.071899 -3553.00293 673.291016 1307715.061009 426.791992 89.104614 19133.450928 8999.581299 255.515137 3609.800415 1309594.702151 409.058838 501.219482 18318.370361 6393.68042 -559.56543 1003.899536 132092.774875 -409.267578 -703.130493 19962.34375 9139.488525 1084.407959 3749.707642 1523624.801899 195.081787 -32.622681 18099.329834 7120.979004 -778.605957 1731.19812 360327.416742 175.632324 632.053833 19304.80957 7631.40564 426.873779 2241.624756 520710.276953 343.197021 207.714233 17394.537354 8899.475098 -1483.398438 3509.694214 1451842.439923 240.515137 69.80835
22534.016113 9841.478271 3622.806396 4427.614746 3272849.852623 22.333984 -6.251831 16421.226807 8166.278076 -2489.98291 2752.414551 1377580.075222 150.85083 -52.394409 22966.113281 14545.976562 4054.903564 9132.113037 9983773.143956 19.604492 112.587891 12275.233154 6451.679688 -6635.976562 1037.816162 4511324.732438 71.411133 -166.66626 23544.711914 17943.22998 4633.502197 12529.366455 17845436.63777 40.947266 161.933594 15781.795654 6044.346313 -3129.414062 630.482788 1019074.092065 456.862793 -18.725586 20372.976074 9943.262939 1461.766357 4529.399414 2265221.99358 1239.525146 943.681641 18552.125244 6806.240234 -359.084473 1392.376709 206765.455822 233.754883 412.559814 21084.790039 10522.711182 2173.580322 5108.847656 3082477.579211 1122.446289 1383.222656 18759.885254 7244.089355 -151.324463 1830.22583 337262.568215 660.55542 123.110352 19460.517578 7795.588379 549.307861 2381.724854 597435.240437 155.708008 164.182739 17586.47583 8759.960938 -1324.733887 3346.097412 1295128.776195 191.938477 -139.51416
22529.645996 9864.476318 3575.174561 4511.646729 3313682.934131 -4.370117 22.998047 16397.540283 8153.175049 -2556.931152 2800.345459 1437983.160748 -23.686523 -13.103027 23009.584961 14776.508789 4055.113525 9423.679199 10524967.535359 43.47168 230.532227 12462.352295 6265.585938 -6492.119141 912.756348 4298073.508626 187.119141 -186.09375 23489.455566 18114.500732 4534.984131 12761.671143 18342633.141846 -55.256348 171.270752 16098.218994 5841.629639 -2856.252441 488.800049 839710.349677 316.42334 -202.716675 19886.368408 11477.828369 931.896973 6124.998779 3838404.201403 -486.607666 1534.56543 18820.621338 6795.266113 -133.850098 1442.436523 209853.897279 268.496094 -10.974121 19402.052002 7875.346069 447.580566 2522.516479 656341.775273 -1682.738037 -2647.365112 18146.425781 8111.282349 -808.045654 2758.452759 826199.94019 -613.459473 867.192993 19301.883545 7749.25415 347.412109 2396.424561 586354.584813 -158.634033 -46.334229 17554.61792 7879.955444 -1399.853516 2527.125854 834595.494965 -31.85791 -880.005493
22572.390137 9876.094971 3555.339355 4558.011475 3341590.653522 42.744141 11.618652 16651.148682 8354.549561 -2365.9021 3036.466064 1481761.890551 253.608398 201.374512 23002.072754 14638.757324 3985.021973 9320.673828 10275536.073285 -7.512207 -137.751465 12669.230957 6183.336182 -6347.819824 865.252686 4104347.873059 206.878662 -82.249756 23457.805176 17860.635986 4440.754395 12542.55249 17703592.256283 -31.650391 -253.864746 16429.018555 5703.977661 -2588.032227 385.894165 684682.511234 330.799561 -137.651978 21126.027832 16440.672607 2108.977051 11122.589111 12815977.274016 1239.659424 4962.844238 19248.709717 6762.738647 231.658936 1444.655151 214069.436879 428.088379 -32.527466 19667.772217 6914.472656 650.721436 1596.38916 297189.673734 265.720215 -960.873413 18439.925537 8016.917114 -577.125244 2698.833618 761677.644596 293.499756 -94.365234 19785.938721 7358.311768 768.887939 2040.228271 475372.00632 484.055176 -390.942383 18914.588623 8062.261353 -102.462158 2744.177856 754101.060167 1359.970703 182.305908
22591.774902 9875.793457 3545.279541 4594.483643 3367828.696586 19.384766 -0.301514 16668.648682 8290.331421 -2377.84668 3009.021606 1470836.586016 17.5 -64.21814 23013.381348 14608.834229 3966.885986 9327.524414 10273889.612346 11.308594 -29.923096 12802.354736 6003.845825 -6244.140625 722.536011 3951135.043159 133.123779 -179.490356 23395.34668 17632.213135 4348.851318 12350.90332 17145732.06169 -62.458496 -228.422852 16675.460205 5359.105835 -2371.035156 77.796021 562785.993298 246.44165 -344.871826 21361.064453 17202.631836 2314.569092 11921.322021 14747514.882063 235.036621 761.959229 21006.311035 12499.387207 1959.815674 7218.077393 5594151.872063 1757.601318 5736.64856 21505.959473 11112.591553 2459.464111 5831.281738 4005281.042612 1838.187256 4198.118896 18485.528564 7615.440063 -560.966797 2334.130249 576284.77666 45.603027 -401.477051 19905.330811 7344.570312 858.835449 2063.260498 499464.221164 119.39209 -13.741455 19184.951172 7297.145386 138.455811 2015.835571 408276.306195 270.362549 -765.115967
22577.912598 9872.30835 3606.624756 4767.806396 3573971.996394 -13.862305 -3.485107 16763.31665 8272.330322 -2207.971191 3167.828369 1491027.335841 94.667969 -18.001099 23030.817871 14636.195068 4059.530029 9531.693115 10733295.770177 17.436523 27.36084 12879.576416 5777.254028 -6091.711426 672.752075 3756154.344967 77.22168 -226.591797 23380.200195 17590.600586 4408.912354 12486.098633 17534116.72093 -15.146484 -41.612549 17012.523193 4943.231201 -1958.764648 -161.270752 386276.72034 337.062988 -415.874634 21472.62207 17187.619629 2501.334229 12083.117676 15225840.568952 111.557617 -15.012207 21439.084473 13832.513428 2467.796631 8728.011475 8226820.451219 432.773438 1333.126221 22254.445801 13722.243652 3283.157959 8617.741699 8504459.81781 748.486328 2609.6521 18676.635742 7400.839844 -294.6521 2296.337891 535998.756772 191.107178 -214.60022 19657.039795 7303.967285 685.751953 2199.465332 530790.348802 -248.291016 -40.603027 19082.46582 6481.876831 111.177979 1377.374878 190952.209726 -102.485352 -815.268555
22568.779297 9843.491821 3036.470947 4411.553955 2868196.411215 -9.133301 -28.816528 16775.463867 8224.014282 -2756.844482 2792.076416 1539588.221313 12.147217 -48.31604 23039.619141 14648.446045 3507.310791 9216.508179 9724525.199302 8.80127 12.250977 12983.616943 5571.887207 -6548.691406 139.949341 4290494.495229 104.040527 -205.366821 23397.675781 17629.633789 3865.367432 12197.695923 16372485.120794 17.475586 39.033203 17080.196533 4525.863647 -2452.111816 -906.074219 683382.285004 67.67334 -417.367554 21437.13623 16781.627197 1904.827881 11349.689331 13244381.716716 -35.48584 -405.992432 21620.126953 13564.337158 2087.818604 8132.399292 7049490.476558 181.04248 -268.17627 22075.722656 12016.246338 2543.414307 6584.308472 4982207.438546 -178.723145 -1705.997314 18577.751465 7046.986084 -954.556885 1615.048218 351955.959199 -98.884277 -353.85376 19982.524414 6826.948242 450.216064 1395.010376 214874.845377 325.484619 -477.019043 19974.078369 4959.866028 441.77002 -472.071838 41801.257075 891.612549 -1522.010803
22582.145996 9832.359009 3365.81665 3986.865234 2722381.612111 13.366699 -11.132812 16855.718994 8274.75769 -2360.610352 2429.263916 1147380.440556 80.255127 50.743408 23039.294434 14480.9021 3822.965088 8635.408325 8918533.900608 -0.324707 -167.543945 13071.181641 5286.71814 -6145.147705 -558.775635 3807507.052723 87.564697 -285.169067 23552.731934 17731.958008 4336.402588 11886.464233 16009241.937612 155.056152 102.324219 17189.754639 4139.657898 -2026.574707 -1705.835876 701688.108061 109.558105 -386.20575 21677.607422 17570.090332 2461.278076 11724.596558 14352405.420713 240.471191 788.463135 21739.973145 11940.037842 2523.643799 6094.544067 4351224.541263 119.846191 -1624.299316 22558.549805 12786.920166 3342.220459 6941.426392 5935383.794648 482.827148 770.673828 18936.724854 6575.771484 -279.604492 730.27771 61148.420572 358.973389 -471.2146 19108.398438 6601.37146 -107.930908 755.877686 58300.015645 -874.125977 -225.576782 19952.91748 4684.788513 736.588135 -1160.705261 188979.878373 -21.160889 -275.077515
22574.40918 9818.963013 3474.187012 3926.75354 2748936.87566 -7.736816 -13.395996 16927.105713 8239.143066 -2173.116455 2346.933594 1023053.24208 71.386719 -35.614624 23037.316895 14502.414551 3937.094727 8610.205078 8963634.63733 -1.977539 21.512451 13257.998047 5095.59021 -5842.224121 -796.619263 3476618.493079 186.816406 -191.12793 23664.98291 17780.294189 4564.760742 11888.084717 16216359.886716 112.250977 48.336182 17286.334229 3593.627014 -1813.887939 -2298.582458 857367.07754 96.57959 -546.030884 22101.816406 17193.878174 3001.594238 11301.668701 13673728.340233 424.208984 -376.212158 21308.735352 6335.006714 2208.513184 442.797241 507359.987893 -431.237793 -5605.031128 21112.949219 5829.801025 2012.727051 -62.408447 405496.499524 -1445.600586 -6957.119141 18975.731201 5898.922119 -124.490967 6.712646 1554.306044 39.006348 -676.849365 18981.45752 6192.578735 -118.764648 300.369263 10432.673569 -126.940918 -408.792725 20209.733887 4039.388733 1109.511719 -1852.82074 466396.094768 256.816406 -645.39978
22594.362793 9809.720459 3419.812012 3982.016602 2755157.041062 19.953613 -9.242554 16963.361816 8340.345459 -2211.188965 2512.641602 1120272.445615 36.256104 101.202393 22963.815918 14461.865234 3789.265137 8634.161377 8890727.295962 -73.500977 -40.549316 13465.848389 4928.536072 -5708.702393 -899.167786 3339778.571377 207.850342 -167.054138 23529.831543 17419.641113 4355.280762 11591.937256 15334147.985718 -135.151367 -360.653076 17250.828857 3062.957153 -1923.721924 -2764.746704 1134453.037806 -35.505371 -530.669861 21984.599609 13172.593994 2810.048828 7344.890137 6184378.553692 -117.216797 -4021.28418 21099.746094 5598.85376 1925.195312 -228.850098 375874.935847 -208.989258 -736.152954 21053.239746 5686.341553 1878.688965 -141.362305 354945.552781 -59.709473 -143.459473 20119.945068 4259.690552 945.394287 -1568.013306 335243.608484 1144.213867 -1639.231567 20374.885254 5269.667969 1200.334473 -558.035889 175220.689929 1393.427734 -922.910767 19433.743896 5395.860596 259.193115 -431.843262 25366.967368 -775.98999 1356.471863
22610.622559 9867.554932 3395.983887 4361.743164 3055750.99881 16.259766 57.834473 16955.638428 8262.034302 -2259.000244 2756.222534 1269984.476095 -7.723389 -78.311157 22980.385742 14463.115234 3765.74707 8957.303467 9441413.639386 16.569824 1.25 13575.576172 4759.147034 -5639.0625 -746.664734 3235653.410374 109.727783 -169.389038 23376.010742 17300.402832 4161.37207 11794.591064 15642939.588525 -153.820801 -119.238281 17285.419922 2614.726257 -1929.21875 -2891.08551 1208026.041295 34.591064 -448.230896 22016.848145 16205.395508 2802.209473 10699.58374 12233347.014293 32.248535 3032.801514 21362.404785 6971.368408 2147.766113 1465.556641 676075.554424 262.658691 1372.514648 21427.792969 6720.135498 2213.154297 1214.32373 637263.406416 374.553223 1033.793945 20434.321289 3886.927185 1219.682617 -1618.884583 410841.297819 314.376221 -372.763367 20560.615234 4827.196655 1345.976562 -678.615112 227217.137745 185.72998 -442.471313 18775.718994 4772.075806 -438.919678 -733.735962 73101.894531 -658.024902 -623.78479
22578.847656 9849.34021 3376.386719 4403.876343 3079411.411699 -31.774902 -18.214722 17031.92749 8226.176758 -2170.533447 2780.712891 1244357.962579 76.289062 -35.857544 22979.543457 14401.618652 3777.08252 8956.154785 9447906.089503 -0.842285 -61.496582 13756.359863 4626.482239 -5446.101074 -818.981628 3033074.781829 180.783691 -132.664795 23432.624512 17313.261719 4230.163574 11867.797852 15873890.97102 56.61377 12.858887 17290.010986 2227.984924 -1912.449951 -3217.478943 1400963.556356 4.591064 -386.741333 21937.072754 15990.646973 2734.611816 10545.183105 11867898.851429 -79.775391 -214.748535 21489.130859 8211.914673 2286.669922 2766.450806 1288210.939177 126.726074 1240.546265 21502.412109 6819.729614 2299.951172 1374.265747 717838.173658 74.619141 99.594116 20617.692871 3290.27771 1415.231934 -2155.186157 664770.879816 183.371582 -596.649475 20333.643799 4357.792664 1131.182861 -1087.671204 246260.331293 -226.971436 -469.403992 18166.359863 3869.750061 -1036.101074 -1575.713806 355637.94349 -609.359131 -902.325745
22571.010742 9821.539307 3390.52124 4425.078735 3107695.609454 -7.836914 -27.800903 17138.389893 8165.976562 -2042.099609 2769.515991 1184038.964018 106.462402 -60.200195 23010.263672 14628.781738 3829.77417 9232.321167 9990292.432309 30.720215 227.163086 13827.375488 4515.232544 -5353.114014 -881.228027 2943239.247955 71.015625 -111.249695 23392.587891 17178.200684 4212.098389 11781.740112 15655117.290974 -40.036621 -135.061035 17191.287842 1847.120056 -1989.20166 -3549.340515 1655474.133716 -98.723145 -380.864868 22160.395508 15690.316162 2979.906006 10293.855591 11484330.272842 223.322754 -300.330811 22260.227051 14878.494873 3079.737549 9482.034302 9939375.786937 771.096191 6666.5802 22474.777832 12585.847168 3294.28833 7189.386597 6253961.523821 972.365723 5766.117554 20461.25 3130.089417 1280.760498 -2266.371155 677678.56646 -156.442871 -160.188293 20559.20166 3504.615784 1378.712158 -1891.844788 547992.391554 225.557861 -853.17688 18218.392334 3230.544434 -962.097168 -2165.916138 561682.367614 52.032471 -639.205627
22508.566895 9890.62439 3364.013672 4528.917847 3182768.484654 -62.443848 69.085083 17189.090576 8179.666748 -1955.462646 2817.960205 1176473.38792 50.700684 13.690186 22944.04541 14537.774658 3799.492188 9176.068115 9863636.693829 -66.218262 -91.00708 13818.394775 4357.561646 -5326.158447 -1004.144897 2937627.078048 -8.980713 -157.670898 23438.198242 17274.608154 4293.64502 11912.901611 16035261.235493 45.610352 96.407471 17103.690186 1512.931366 -2040.863037 -3848.775177 1897819.229935 -87.597656 -334.18869 22245.395508 16471.252441 3100.842285 11109.545898 13303723.29469 85.0 780.936279 22100.166016 15084.549561 2955.612793 9722.843018 10326932.332643 -160.061035 206.054688 22311.916504 13673.7854 3167.363281 8312.078857 7912284.508741 -162.861328 1087.938232 20382.91626 2606.874695 1238.363037 -2754.831848 912264.152323 -78.33374 -523.214722 20380.423584 2741.039124 1235.870361 -2620.667419 839527.327329 -178.778076 -763.57666 17957.103271 2696.881409 -1187.449951 -2664.825134 851133.038281 -261.289062 -533.663025
22584.020996 9912.423096 3369.667969 4548.952026 3204762.675781 75.454102 21.798706 17194.074707 8174.106445 -2020.27832 2810.635376 1198119.570822 4.984131 -5.560303 22941.213379 14648.19458 3726.860352 9284.723511 10009557.875098 -2.832031 110.419922 13827.440186 4310.649414 -5386.912842 -1052.821655 3012726.340293 9.04541 -46.912231 23588.15918 17463.482666 4373.806152 12100.011597 16554046.089806 149.960938 188.874512 17018.812256 1333.161774 -2195.540771 -4030.309296 2106379.229789 -84.87793 -179.769592 22059.953613 16440.717773 2845.600586 11077.246704 13080283.723822 -185.441895 -30.534668 21394.18457 11891.087646 2179.831543 6527.616577 4736144.373398 -705.981445 -3193.461914 20386.307373 3862.332458 1171.954346 -1501.138611 362689.411737 -1925.609131 -9811.452942 20365.910645 2239.270477 1151.557617 -3124.200592 1108671.428501 -17.005615 -367.604218 20584.406738 2310.95932 1370.053711 -3052.511749 1119487.515027 203.983154 -430.079803 18244.034424 2481.94519 -970.318604 -2881.525879 924470.958313 286.931152 -214.936218
22593.095703 9910.888062 3388.977051 4501.181641 3174580.161262 9.074707 -1.535034 17259.266357 8169.375 -1944.852295 2759.668579 1139822.111554 65.19165 -4.731445 22968.366699 14652.050781 3764.248047 9242.34436 9959049.263372 27.15332 3.856201 13749.510498 4269.733276 -5454.608154 -1139.973145 3105228.888717 -77.929688 -40.916138 23429.665527 17425.758057 4225.546875 12016.051636 16224074.330564 -158.493652 -37.724609 16881.97876 1179.084091 -2322.139893 -4230.62233 2329049.897736 -136.833496 -154.077682 21906.279297 16703.382568 2702.160645 11293.676147 13484879.307258 -153.674316 262.664795 21659.187012 13920.916748 2455.068359 8511.210327 7846806.188216 265.002441 2029.829102 20327.282715 4767.43866 1123.164062 -642.267761 167400.538841 -59.024658 905.106201 20108.978271 1837.884827 904.859619 -3571.821594 1357668.043142 -256.932373 -401.385651 20335.422363 1884.797516 1131.303711 -3524.908905 1370483.087514 -248.984375 -426.161804 18046.794434 2056.6362 -1157.324219 -3353.070221 1258247.925391 -197.23999 -425.30899
22658.903809 9908.948364 3438.974609 4511.599731 3218107.85007 65.808105 -1.939697 17298.919678 8129.456787 -1921.009521 2732.108154 1115469.254841 39.65332 -39.918213 22997.844238 14680.640869 3777.915039 9283.292236 10045215.678744 29.477539 28.590088 13707.009277 4334.490662 -5512.919922 -1062.857971 3152195.313193 -42.501221 64.757385 23491.679688 17291.464844 4271.750488 11894.116211 15971785.267342 62.01416 -134.293213 16695.002441 1293.916168 -2524.926758 -4103.432465 2321341.312385 -186.976318 114.832077 22214.921875 16200.013428 2994.992676 10802.664795 12566754.779943 308.642578 -503.369141 22082.687988 15143.990479 2862.758789 9746.641846 10319241.515277 423.500977 1223.07373 20732.253418 6845.089722 1512.324219 1447.741089 438307.880301 404.970703 2077.651062 19673.17627 1660.918732 453.24707 -3736.429901 1416634.131275 -435.802002 -176.966095 20199.94873 1620.603333 980.019531 -3776.7453 1522424.334492 -135.473633 -264.194183 17989.901123 1996.634827 -1230.028076 -3400.713806 1307782.345953 -56.893311 -60.001373
22677.60498 9910.27771 3411.590576 4602.202148 3281921.487451 18.701172 1.329346 17287.496338 8098.045044 -1978.518066 2789.969482 1169846.345194 -11.42334 -31.411743 23021.75293 14602.679443 3755.738525 9294.603882 10049523.319134 23.908691 -77.961426 13588.398438 4482.730713 -5677.615967 -825.344849 3291651.718559 -118.61084 148.240051 23435.981445 17446.400146 4169.967041 12138.324585 16472754.885302 -55.698242 154.935303 16589.942627 1447.465057 -2676.071777 -3860.610504 2206567.362225 -105.059814 153.548889 21901.52832 16669.32373 2635.513916 11361.248169 13602389.355788 -313.393555 469.310303 21682.84668 14391.696777 2416.832275 9083.621216 8835325.263987 -399.841309 -752.293701 19340.531006 5545.34729 74.516602 237.271729 6185.059706 -1391.722412 -1299.742432 19269.519043 1585.144958 3.504639 -3722.930603 1386022.455745 -403.657227 -75.773773 19837.188721 1565.002594 571.174316 -3743.072968 1433683.533997 -362.76001 -55.600739 17785.939941 2095.775757 -1480.074463 -3212.299805 1250949.04509 -203.961182 99.14093
22682.021484 9840.924072 3404.537354 4517.639771 3199994.368756 4.416504 -69.353638 17223.4729 8111.928711 -2054.01123 2788.644409 1199549.977574 -64.023438 13.883667 23033.208008 14477.393799 3755.723877 9154.109497 9790318.252427 11.455078 -125.285645 13483.266602 4657.792358 -5794.217529 -665.491943 3401583.630349 -105.131836 175.061646 23511.953125 17327.04834 4234.468994 12003.764038 16202107.874438 75.97168 -119.351807 16476.531982 1900.380707 -2800.952148 -3422.903595 1956160.19583 -113.410645 452.915649 22157.722168 16048.295898 2880.238037 10725.011597 12332164.489933 256.193848 -621.027832 22039.677734 14518.598633 2762.193604 9195.314331 9218351.91502 356.831055 126.901855 20704.289551 8872.731934 1426.80542 3549.447632 1463435.219746 1363.758545 3327.384644 19144.709473 2058.216248 -132.774658 -3265.068054 1067829.850841 -124.80957 473.071289 19322.542725 2004.697723 45.058594 -3318.586578 1101504.7155 -514.645996 439.695129 17696.019287 2344.671326 -1581.464844 -2978.612976 1137316.631325 -89.920654 248.895569
22746.398926 9844.346924 3396.54541 4516.732178 3193739.028863 64.377441 3.422852 17251.929932 8142.913818 -2097.923584 2815.299072 1232719.223054 28.457031 30.985107 23054.223633 14469.975586 3704.370117 9142.36084 9730511.969102 21.015625 -7.418213 13298.421631 4932.458496 -6051.431885 -395.15625 3677597.631787 -184.844971 274.666138 23441.496582 17503.482666 4091.643066 12175.86792 16499330.258625 -70.456543 176.434326 16426.658936 2436.658783 -2923.19458 -2890.955963 1690269.293378 -49.873047 536.278076 21880.625 16508.204346 2530.771484 11180.5896 13141038.810102 -277.097168 459.908447 20644.274902 10713.372803 1294.421387 5385.758057 3068191.657106 -1395.402832 -3805.22583 19429.499512 5662.579346 79.645996 334.9646 11854.476769 -1274.790039 -3210.152588 18368.017578 2553.955688 -981.835938 -2773.659058 865718.637607 -776.691895 495.739441 18610.488281 2620.957031 -739.365234 -2706.657715 787265.693513 -712.054443 616.259308 17718.981934 2710.580444 -1630.871582 -2617.034302 950861.065365 22.962646 365.909119
22793.833008 9831.640015 3456.555176 4498.254395 3218206.628114 47.434082 -12.706909 17218.162842 8142.714233 -2119.11499 2809.328613 1238297.559924 -33.76709 -0.199585 23021.738281 14522.131348 3684.460449 9188.745728 9800829.684722 -32.485352 52.155762 13147.802734 5177.37793 -6189.475098 -156.00769 3833394.038398 -150.618896 244.919434 23550.45166 17677.371826 4213.173828 12343.986206 17012482.916127 108.955078 173.88916 16618.479004 2982.540894 -2718.798828 -2350.844727 1291833.799622 191.820068 545.882111 20539.956055 11800.324707 1202.678223 6466.939087 4326773.606111 -1340.668945 -4707.879639 19450.852051 4848.671265 113.574219 -484.714355 24784.710956 -1193.422852 -5864.701538 18469.01001 3637.184143 -868.267822 -1696.201477 363098.846193 -960.489502 -2025.395203 17820.516357 3481.219788 -1516.761475 -1852.165833 573108.364201 -547.501221 927.264099 18084.344482 3600.164185 -1252.93335 -1733.221436 457389.85232 -526.143799 979.207153 17643.071289 3347.161255 -1694.206543 -1986.224365 681542.303929 -75.910645 636.580811
22753.212891 9771.238403 3375.460205 4470.670166 3138062.332937 -40.620117 -60.401611 17244.91333 8052.921753 -2132.839355 2752.353516 1212445.359121 26.750488 -89.79248 23089.077148 14505.540771 3711.324463 9204.972534 9850544.862385 67.338867 -16.590576 13071.009521 5490.093994 -6306.743164 189.525757 3981092.934995 -76.793213 312.716064 23536.833496 17754.981689 4159.080811 12454.413452 17241036.762572 -13.618164 77.609863 16307.684326 3487.36969 -3070.068359 -1813.198547 1271300.87034 -310.794678 504.828796 21790.64209 15397.695312 2412.889404 10097.127075 10777401.045001 1250.686035 3597.370605 19280.155029 5589.755859 -97.597656 289.187622 9315.478326 -170.697021 741.084595 18536.990967 4570.269165 -840.761719 -730.299072 124021.700267 67.980957 933.085022 17791.048584 4063.272705 -1586.704102 -1237.295532 404853.013998 -29.467773 582.052917 18006.088867 4100.441895 -1371.663818 -1200.126343 332176.486921 -78.255615 500.27771 17293.793945 3730.801392 -2083.95874 -1569.766846 680705.198087 -349.277344 383.640137
22740.490723 9724.856567 3333.251953 4409.887085 3055767.268512 -12.722168 -46.381836 17181.665039 8108.983765 -2225.57373 2794.014282 1275969.423904 -63.248291 56.062012 23083.40332 14363.493652 3676.164551 9048.52417 9538997.545808 -5.673828 -142.047119 12861.625977 5690.093384 -6545.612793 375.123901 4298576.477685 -209.383545 199.99939 23533.242188 17829.986572 4126.003418 12515.01709 17364955.696417 -3.591309 75.004883 16244.274902 3949.458923 -3162.963867 -1365.510559 1186895.95121 -63.409424 462.089233 22866.237793 19029.523926 3458.999023 13714.554443 20005367.782401 1075.595703 3631.828613 23851.757812 13953.829346 4444.519043 8638.859863 9438364.926072 4571.602783 8364.073486 18258.707275 4876.699219 -1148.531494 -438.270264 151120.541705 -278.283691 306.430054 17871.539307 4900.288086 -1535.699463 -414.681396 253033.350091 80.490723 837.015381 17953.358154 4548.903503 -1453.880615 -766.065979 270062.592754 -52.730713 448.461609 17139.385986 3813.612976 -2267.852783 -1501.356506 739722.760543 -154.407959 82.811584
22709.248047 9715.460815 3305.930176 4390.233765 3020332.68354 -31.242676 -9.395752 17091.628418 8141.594238 -2311.689453 2816.367188 1327583.226252 -90.036621 32.610474 23116.262207 14364.100342 3712.944336 9038.873291 9548718.601281 32.858887 0.606689 12860.269775 5903.444214 -6543.048096 578.217163 4314581.347037 -1.356201 213.35083 23625.566406 17915.998535 4222.248535 12590.771484 17635490.926438 92.324219 86.011963 16240.426025 4084.143677 -3162.891846 -1241.083374 1154417.276889 -3.848877 134.684753 22593.867188 17585.5896 3190.549316 12260.362549 16049609.476913 -272.370605 -1443.934326 19565.71167 6659.28894 162.393799 1334.06189 180609.287131 -4286.046143 -7294.540405 17785.524902 3761.559753 -1617.792969 -1563.667297 506230.950658 -473.182373 -1115.139465 17828.134766 5189.816284 -1575.183105 -135.410767 249953.789147 -43.404541 289.528198 18132.124023 4510.8255 -1271.193848 -814.40155 227918.368344 178.765869 -38.078003 17626.020508 3681.963806 -1777.297363 -1643.263245 585910.000867 486.634521 -131.64917
22696.403809 9681.934204 3330.684814 4387.22229 3034118.075544 -12.844238 -33.526611 17126.405029 8229.819946 -2239.313965 2935.108032 1362938.619399 34.776611 88.225708 23127.790527 14406.186523 3762.071533 9111.474609 9717215.177822 11.52832 42.086182 12850.015869 6073.924561 -6515.703125 779.212646 4306155.956158 -10.253906 170.480347 23606.618652 18078.974609 4240.899658 12784.262695 18142260.257371 -18.947754 162.976074 16224.86084 4171.427307 -3140.858154 -1123.284607 1112675.825359 -15.565186 87.28363 22738.703613 18389.317627 3372.984619 13094.605713 18284572.401703 144.836426 803.728027 19985.047607 7395.55542 619.328613 2100.843506 479711.136734 419.335938 736.266479 17905.222168 4063.425293 -1460.496826 -1231.286621 364911.772254 119.697266 301.86554 17883.347168 5235.443115 -1482.371826 -59.268799 220093.902154 55.212402 45.626831 18092.20459 4413.545837 -1273.514404 -881.166077 239829.259261 -39.919434 -97.279663 17616.905518 3626.232605 -1748.813477 -1668.479309 584217.178064 -9.11499 -55.731201
22644.431152 9676.291504 3301.456299 4353.458862 2985221.775885 -51.972656 -5.6427 17095.55542 8263.482666 -2247.419434 2940.650024 1369831.667658 -30.849609 33.66272 23079.111328 14229.051514 3736.136475 8906.218872 9327945.035413 -48.679199 -177.13501 12800.604248 6132.329102 -6542.370605 809.49646 4345789.765799 -49.411621 58.404541 23581.247559 17868.305664 4238.272705 12545.473022 17535184.887991 -25.371094 -210.668945 16154.920654 4201.200256 -3188.054199 -1121.632385 1142174.878481 -69.940186 29.772949 22083.696289 18140.725098 2740.721436 12817.892456 17180992.100225 -655.007324 -248.592529 20176.817627 8056.361084 833.842773 2733.528442 816747.151613 191.77002 660.805664 18363.780518 4837.414246 -979.194336 -485.418396 119445.25667 458.55835 773.988953 17856.716309 5140.662842 -1486.258545 -182.1698 224215.029831 -26.630859 -94.780273 18089.523926 4318.552551 -1253.450928 -1004.28009 257971.772808 -2.680664 -94.993286 17547.839355 3692.591248 -1795.135498 -1630.241394 588019.84592 -69.066162 66.358643
22655.612793 9661.253662 3339.25293 4356.763916 3013200.194832 11.181641 -15.037842 17068.050537 8283.110962 -2248.309326 2978.621216 1392707.917349 -27.504883 19.628296 23082.155762 14246.992188 3765.795898 8942.502441 9414956.866325 3.044434 17.940674 12749.383545 6186.473389 -6566.976318 881.983643 4390307.311167 -51.220703 54.144287 23695.488281 18013.740234 4379.128418 12709.250488 18070181.367494 114.240723 145.43457 16107.978516 4178.977661 -3208.381348 -1125.512085 1156048.832538 -46.942139 -22.222595 22447.463379 17084.613037 3131.103516 11780.123291 14857511.397709 363.76709 -1056.112061 20080.107422 7402.363892 763.747559 2097.874146 498438.626365 -96.710205 -653.997192 18033.726807 4266.364136 -1282.633057 -1038.12561 272285.234086 -330.053711 -571.05011 17794.003906 5180.664062 -1522.355957 -123.825684 233290.045983 -62.712402 40.001221 18062.462158 4337.263184 -1253.897705 -967.226562 250778.667801 -27.061768 18.710632 17574.787598 3666.593628 -1741.572266 -1637.896118 571577.765029 26.948242 -25.99762
22625.59082 9682.957153 3342.08252 4374.824219 3030860.251232 -30.021973 21.703491 17044.768066 8296.075439 -2238.740234 2987.942505 1393975.824949 -23.282471 12.964478 23057.617188 14121.77124 3774.108887 8813.638306 9192411.807188 -24.538574 -125.220947 12704.854736 6215.338135 -6578.653564 907.2052 4410170.399635 -44.528809 28.864746 23547.495117 17833.745117 4263.986816 12525.612183 17507254.411981 -147.993164 -179.995117 16022.071533 4195.26825 -3261.436768 -1112.864685 1187543.759616 -85.906982 16.290588 20472.319336 11961.601562 1188.811035 6653.468628 4568191.646015 -1975.144043 -5123.011475 18369.705811 4773.797607 -913.80249 -534.335327 112054.9233 -1710.401611 -2628.566284 17694.63623 3824.625854 -1588.87207 -1483.50708 472530.771246 -339.090576 -441.738281 17725.842285 5219.244385 -1557.666016 -88.88855 243422.459052 -68.161621 38.580322 18025.404053 4238.577881 -1258.104248 -1069.555054 272677.431187 -37.058105 -98.685303 17404.504395 3695.47699 -1879.003906 -1612.655945 613131.487608 -170.283203 28.883362
22654.287109 9692.693481 3461.086426 4323.513184 3067188.549544 28.696289 9.736328 17019.958496 8359.452515 -2173.242188 2990.272217 1366470.953608 -24.80957 63.377075 23051.401367 14435.131836 3858.200684 9065.951538 9707718.980581 -6.21582 313.360596 12729.127197 6235.634766 -6464.073486 866.454468 4253498.938137 24.272461 20.296631 23504.179688 17704.79248 4310.979004 12335.612183 17075186.789205 -43.31543 -128.952637 15933.625488 4217.49939 -3259.575195 -1151.680908 1195119.936822 -88.446045 22.23114 20929.047852 16591.907959 1735.847168 11222.727661 12896278.15465 456.728516 4630.306396 18748.421631 6207.472534 -444.779053 838.292236 90056.227924 378.71582 1433.674927 18296.00708 4614.854431 -897.193604 -754.325867 137396.387536 601.37085 790.228577 17697.431641 4749.634705 -1495.769043 -619.545593 262116.177203 -28.410645 -469.60968 18139.835205 4096.387329 -1053.365479 -1272.792969 272958.077263 114.431152 -142.190552 17566.495361 3648.055115 -1626.705322 -1721.125183 560844.210141 161.990967 -47.421875
22665.74707 9708.38623 3506.463623 4346.090698 3118379.14971 11.459961 15.692749 16994.848633 8347.674561 -2164.434814 2985.379028 1359726.600875 -25.109863 -11.777954 23046.318359 14476.557617 3887.034912 9114.262085 9817881.376131 -5.083008 41.425781 12646.026611 6253.248291 -6513.256836 890.952759 4321631.142928 -83.100586 17.613525 23543.349609 17859.516602 4384.066162 12497.221069 17540057.056961 39.169922 154.724121 15861.932373 4238.289795 -3297.351074 -1124.005737 1213591.300415 -71.693115 20.790405 19919.32373 12905.408936 760.040283 7543.113403 5747622.104744 -1009.724121 -3686.499023 18229.139404 5116.862793 -930.144043 -245.432739 92540.517017 -519.282227 -1090.609741 17768.673096 3842.833862 -1390.610352 -1519.46167 424256.091623 -527.333984 -772.020569 17641.074219 4850.94574 -1518.209229 -511.349792 256643.787182 -56.357422 101.311035 18073.657227 4176.311951 -1085.626221 -1185.983582 258514.134677 -66.177979 79.924622 17408.236084 3669.95636 -1751.047363 -1692.339172 593017.874277 -158.259277 21.901245
22548.503418 9683.203735 3361.072998 4352.694092 3024275.755496 -117.243652 -25.182495 17002.689209 8358.151855 -2184.741211 3027.642212 1393971.152213 7.840576 10.477295 22998.408203 14263.212891 3810.977783 8932.703247 9431673.896429 -47.910156 -213.344727 12628.017578 6323.464355 -6559.412842 992.954712 4401185.588904 -18.009033 70.216064 23476.708984 17560.014648 4289.278564 12229.505005 16795870.326793 -66.640625 -299.501953 15911.691895 4265.576172 -3275.738525 -1064.933472 1186454.618583 49.759521 27.286377 21350.070801 14768.151855 2162.640381 9437.642212 9374610.393703 1430.74707 1862.74292 18455.162354 5178.007812 -732.268066 -152.501831 55947.332955 226.022949 61.14502 17613.757324 3990.594177 -1573.673096 -1339.915466 427182.046899 -154.915771 147.760315 17741.086426 5299.779663 -1446.343994 -30.72998 209285.528109 100.012207 448.833923 17920.76416 4367.233276 -1266.66626 -963.276367 253234.477321 -152.893066 190.921326 17062.351074 3902.553406 -2125.079346 -1427.956238 655502.124259 -345.88501 232.597046
22530.959473 9679.402466 3373.28125 4362.460327 3041008.649755 -17.543945 -3.80127 16991.036377 8358.133545 -2166.641846 3041.191406 1394318.2057 -11.652832 -0.018311 22984.150391 14265.9021 3826.472168 8948.959961 9472577.36347 -14.257812 2.689209 12605.439453 6394.458008 -6552.23877 1077.515869 4409287.33412 -22.578125 70.993652 23455.856934 17633.918457 4298.178711 12316.976318 17018224.585818 -20.852051 73.903809 15890.133057 4263.016357 -3267.545166 -1053.925781 1178761.096434 -21.558838 -2.559814 21926.413574 16501.605225 2768.735352 11184.663086 13276258.379292 576.342773 1733.453369 19411.44043 6513.635254 253.762207 1196.693115 149646.966977 956.278076 1335.627441 17647.689209 4222.104797 -1509.989014 -1094.837341 347873.562533 33.931885 231.51062 17763.612061 5255.404663 -1394.066162 -61.537476 194720.732524 22.525635 -44.375 17914.553223 4501.167908 -1243.125 -815.774231 221084.736152 -6.210938 133.934631 16907.836914 3929.423218 -2249.841309 -1387.518921 698699.466971 -154.51416 26.869812
22542.55127 9680.234375 3407.779541 4379.730225 3079499.824052 11.591797 0.831909 16974.07959 8370.544434 -2160.692139 3070.040283 1409373.785861 -16.956787 12.410889 22987.302246 14246.159668 3852.530518 8945.655518 9486674.402805 3.151855 -19.742432 12569.610596 6417.988892 -6565.161133 1117.484741 4435011.284663 -35.828857 23.530884 23472.15332 17726.138916 4337.381592 12425.634766 17320927.840157 16.296387 92.220459 15861.503906 4282.805481 -3273.267822 -1017.698669 1174999.281805 -28.62915 19.789124 20950.048828 14088.972168 1815.2771 8788.468018 8053240.104436 -976.364746 -2412.633057 18605.15625 5442.103271 -529.615479 141.599121 30054.286618 -806.28418 -1071.531982 17384.354248 3962.371521 -1750.41748 -1338.132629 485456.028978 -263.334961 -259.733276 17755.028076 4743.61969 -1379.743652 -556.88446 221381.284847 -8.583984 -511.784973 17927.371826 4368.092346 -1207.399902 -932.411804 232720.629679 12.818604 -133.075562 16827.617188 3848.662109 -2307.154541 -1451.842041 743080.738819 -80.219727 -80.761108
22514.226074 9689.49585 3408.823242 4402.300415 3100032.484073 -28.325195 9.261475 16949.782715 8393.579712 -2155.620117 3106.384277 1429632.136815 -24.296875 23.035278 22983.535156 14280.616455 3878.132324 8993.421021 9592153.197626 -3.76709 34.456787 12512.373047 6495.236816 -6593.029785 1208.041382 4492740.572819 -57.237549 77.247925 23475.183105 17702.310791 4369.780273 12415.115356 17323006.895197 3.029785 -23.828125 15716.209717 4255.024109 -3389.193115 -1032.171326 1255200.761792 -145.294189 -27.781372 19996.643066 11080.152588 891.240234 5792.957153 3435266.173557 -953.405762 -3008.81958 19024.962158 5585.134888 -80.440674 297.939453 9523.861973 419.805908 143.031616 17735.672607 4185.942383 -1369.730225 -1101.253052 308891.917221 351.318359 223.570862 17679.727783 4418.473206 -1425.675049 -868.722229 278722.765602 -75.300293 -325.146484 17867.337646 4260.895691 -1238.065186 -1026.299744 258609.656748 -60.03418 -107.196655 16729.890137 3750.889587 -2375.512695 -1536.305847 800329.622163 -97.727051 -97.772522
22576.486816 9674.578857 3507.783203 4340.189209 3114178.536991 62.260742 -14.916992 16985.325928 8464.117432 -2083.377686 3129.727783 1413565.857759 35.543213 70.53772 22984.416504 14426.679688 3915.712891 9092.290039 9800254.559624 0.881348 146.063232 12550.391846 6693.874512 -6518.311768 1359.484863 4433658.739284 38.018799 198.637695 23423.40332 17559.605713 4354.699707 12225.216064 16841931.736098 -51.779785 -142.705078 15505.722656 4196.793213 -3562.980957 -1137.596436 1398895.895034 -210.487061 -58.230896 19431.584473 10036.24939 362.880859 4701.859741 2223916.754412 -565.058594 -1043.903198 17829.506836 4722.105408 -1239.196777 -612.284241 191050.064442 -1195.455322 -863.02948 17131.832275 4013.253479 -1936.871338 -1321.136169 549687.135773 -603.840332 -172.688904 17516.569824 4606.354675 -1552.133789 -728.034973 293915.422127 -163.157959 187.88147 17819.874268 4076.231689 -1248.829346 -1258.157959 314253.618445 -47.463379 -184.664001 16670.158691 3667.885437 -2398.544922 -1666.504211 853025.402895 -59.731445 -83.00415
22580.644531 9641.451416 3511.729736 4316.480713 3096425.148577 4.157715 -33.127441 16951.860352 8423.269043 -2117.054443 3098.29834 1408137.211883 -33.465576 -40.848389 22997.839355 14398.14209 3928.924561 9073.171387 9775888.721524 13.422852 -28.537598 12518.737793 6901.923828 -6550.177002 1576.953125 4539159.991536 -31.654053 208.049316 23459.543457 17693.797607 4390.628662 12368.826904 17226549.903699 36.140137 134.191895 15361.708984 4170.395508 -3707.205811 -1154.575195 1507641.880338 -144.013672 -26.397705 19431.187744 10282.418213 362.272949 4957.44751 2470752.750182 -0.396729 246.168823 18068.581543 5231.44104 -1000.333252 -93.529663 100941.441284 239.074707 509.335632 16729.631348 3850.588684 -2339.283447 -1474.382019 764604.938473 -402.200928 -162.664795 17440.413818 4559.377441 -1628.500977 -765.593262 323814.847305 -76.156006 -46.977234 17718.31543 4078.804016 -1350.599365 -1246.166687 337705.005719 -101.558838 2.572327 16472.241211 3623.266602 -2596.673584 -1701.704102 963851.055104 -197.91748 -44.618835
22592.971191 9674.75708 3520.72876 4398.630981 3174348.551077 12.32666 33.305664 16956.558838 8426.018066 -2115.683594 3149.891968 1439793.647751 4.698486 2.749023 23005.693359 14383.040771 3933.450928 9106.914673 9840793.105949 7.854004 -15.101318 12420.704346 7155.740356 -6651.538086 1879.614258 4777590.866685 -98.033447 253.816528 23506.940918 17739.587402 4434.698486 12463.461304 17500441.833374 47.397461 45.789795 15174.643555 4249.639282 -3897.598877 -1026.486816 1624495.218988 -187.06543 79.243774 18384.881592 7800.047607 -687.36084 2523.921509 684264.470668 -1046.306152 -2482.370605 17711.791992 4716.29425 -1360.450439 -559.831848 216423.709641 -356.789551 -515.14679 16288.260498 3860.22583 -2783.981934 -1415.900269 975532.897707 -441.37085 9.637146 17321.38916 4437.184448 -1750.853271 -838.94165 376931.027103 -119.024658 -122.192993 17486.906738 3886.860657 -1585.335693 -1389.265442 444334.772868 -231.408691 -191.943359 16131.464844 3668.678589 -2940.777588 -1607.44751 1123206.031809 -340.776367 45.411987
22622.353516 9658.389282 3578.898926 4382.874146 3201810.329632 29.382324 -16.367798 16889.714355 8497.020874 -2153.740234 3221.505737 1501669.621265 -66.844482 71.002808 23012.583008 14193.496094 3969.128418 8917.980957 9528436.47483 6.889648 -189.544678 12294.085693 7521.431274 -6749.368896 2245.916138 5059811.979839 -126.618652 365.690918 23591.494141 18047.784424 4548.039551 12772.269287 18381552.649791 84.553223 308.197021 14911.958008 4272.17926 -4131.496582 -1003.335876 1807594.688834 -262.685547 22.539978 17445.299072 5009.268799 -1598.155518 -266.246338 262498.817081 -939.58252 -2790.778809 19437.988281 7050.077515 394.533691 1774.562378 330472.846682 1726.196289 2333.783264 17371.103516 4975.721436 -1672.351074 -299.793701 288663.43787 1082.843018 1115.495605 17182.188721 4207.466431 -1861.265869 -1068.048706 460503.867413 -139.200439 -229.718018 17514.226074 3601.025085 -1529.228516 -1674.490051 514245.67848 27.319336 -285.835571 16186.971436 3510.50415 -2856.483154 -1765.010986 1127475.979264 55.506592 -158.174438
22603.183594 9672.312622 3556.92627 4438.206787 3234940.397203 -19.169922 13.92334 16869.100342 8514.541626 -2177.156982 3280.435791 1550127.150508 -20.614014 17.520752 23042.163086 14306.922607 3995.905762 9072.816772 9828326.704319 29.580078 113.426514 12289.136963 7905.008545 -6757.120361 2670.90271 5279239.686355 -4.94873 383.577271 23660.10498 18212.554932 4613.847656 12978.449097 18972773.115019 68.61084 164.770508 14553.626709 4481.231384 -4492.630615 -752.874451 2075054.978343 -358.331299 209.052124 16935.483398 4628.069458 -2110.773926 -606.036377 482264.665595 -509.815674 -381.199341 18228.786621 5677.792358 -817.470703 443.686523 86511.608155 -1209.20166 -1372.285156 16578.636475 4855.968323 -2467.62085 -378.137512 623214.063557 -792.467041 -119.753113 16925.100098 4232.25647 -2121.157227 -1001.849365 550301.013042 -257.088623 24.790039 17194.237061 3479.243469 -1852.020264 -1754.862366 650952.097968 -319.989014 -121.781616 15735.264893 3654.443359 -3310.992432 -1579.662476 1345800.441916 -451.706543 143.939209
22617.126465 9680.419922 3545.672607 4452.115479 3239312.647306 13.942871 8.1073 16854.65332 8595.9729 -2216.800537 3367.668457 1625539.545781 -14.447021 81.431274 23033.737793 14272.119141 3962.283936 9043.814697 9749027.826437 -8.425293 -34.803467 12328.955078 8424.194946 -6742.498779 3195.890503 5567500.589554 39.818115 519.186401 23637.507324 18010.129395 4566.053467 12781.824951 18422389.334405 -22.597656 -202.425537 14305.418701 4765.141296 -4766.035156 -463.163147 2292961.121132 -248.208008 283.909912 17023.685303 4630.106201 -2047.768555 -598.198242 455119.719052 88.201904 2.036743 16537.767334 4498.981018 -2533.686523 -729.323425 695148.005773 -1691.019287 -1178.81134 15366.376953 4115.571289 -3705.076904 -1112.733154 1496576.993943 -1212.259521 -740.397034 16760.654297 4025.263977 -2310.799561 -1203.040466 678710.09726 -164.445801 -206.992493 16749.560547 3599.653015 -2321.893311 -1628.651428 804369.402021 -444.676514 120.409546 15065.609131 3855.1297 -4005.844727 -1373.174744 1793240.084993 -669.655762 200.68634
22592.954102 9649.813232 3455.623779 4476.8396 3198342.850467 -24.172363 -30.606689 16924.729004 8569.879761 -2212.601318 3396.906128 1643457.583597 70.075684 -26.09314 23053.28125 14245.039062 3915.950928 9072.06543 9763704.282895 19.543457 -27.080078 12505.186768 8913.609009 -6632.143555 3740.635376 5797768.114599 176.231689 489.414062 23709.995117 18024.863281 4572.664795 12851.889648 18608033.086233 72.487793 14.733887 14017.276611 5131.877441 -5120.053711 -41.096191 2621663.889983 -288.14209 366.736145 18097.817383 8473.607178 -1039.512939 3300.633545 1197476.894915 1074.13208 3843.500977 16970.697021 6547.263184 -2166.633301 1374.289551 658297.162944 432.929688 2048.282166 15351.502686 4701.912537 -3785.827637 -471.061096 1455438.945129 -14.874268 586.341248 16297.868652 3986.011047 -2839.46167 -1186.962585 947142.275421 -462.785645 -39.25293 16313.14209 3684.240723 -2824.188232 -1488.73291 1019236.484993 -436.418457 84.587708 15177.769775 3959.27948 -3959.560547 -1213.694153 1715117.322099 112.160645 104.14978
22661.689453 9699.25415 3560.977783 4524.63501 3315288.474406 68.735352 49.440918 16980.130615 8638.915405 -2120.581055 3464.296265 1649821.261876 55.401611 69.035645 23095.92041 14324.49585 3995.20874 9149.876709 9968193.666766 42.63916 79.456787 12556.893311 9405.181274 -6543.818359 4230.562134 6071921.468834 51.706543 491.572266 24134.423828 18591.109619 5033.712158 13416.490479 20534047.485174 424.428711 566.246338 13767.287598 5539.581909 -5333.424072 364.962769 2857861.015705 -249.989014 407.704468 25203.31543 21143.75 6102.60376 15969.130859 29225491.305255 7105.498047 12670.142822 25110.83252 21479.133301 6010.12085 16304.51416 30195873.462564 8140.135498 14931.870117 25364.284668 21089.775391 6263.572998 15915.15625 29252454.516378 10012.781982 16387.862854 16035.594482 4021.545105 -3065.117188 -1153.074036 1072452.310479 -262.27417 35.534058 15786.112061 3986.195984 -3314.599609 -1188.423157 1239892.016994 -527.030029 301.955261 14431.253662 4554.040222 -4669.458008 -620.578918 2218895.628076 -746.516113 594.760742
22682.470703 9668.421631 3572.446289 4499.140015 3300463.335965 20.78125 -30.83252 16933.214111 8666.860352 -2176.810303 3497.578735 1697156.010407 -46.916504 27.944946 23008.613281 14157.811279 3898.588867 8988.529663 9599266.065953 -87.307129 -166.68457 12679.053955 9920.838623 -6430.970459 4751.557007 6393467.503354 122.160645 515.657349 24641.70166 18052.553711 5531.677246 12883.272095 19657815.302171 507.277832 -538.555908 13571.448975 6098.795166 -5538.575439 929.51355 3153981.333778 -195.838623 559.213257 25102.355957 20797.568359 5992.331543 15628.286743 28015138.384742 -100.959473 -346.181641 25377.805176 21301.552734 6267.780762 16132.271118 29953524.710692 266.972656 -177.580566 25859.060059 20960.515137 6749.035645 15791.233521 29491253.823036 494.775391 -129.260254 15596.77002 4489.690247 -3513.254395 -679.59137 1280480.087037 -438.824463 468.145142 15089.953613 4715.613403 -4020.070801 -453.668213 1636678.409068 -696.158447 729.417419 14012.176514 5018.297119 -5097.8479 -150.984497 2601084.953387 -419.077148 464.256897
22688.840332 9694.073486 3559.25415 4523.193359 3312756.827337 6.369629 25.651855 16926.398926 8642.573853 -2203.187256 3471.693726 1690669.140865 -6.815186 -24.286499 23012.026367 14068.431396 3882.440186 8897.55127 9423976.038829 3.413086 -89.379883 12862.327881 10340.422363 -6267.258301 5169.542236 6600269.354189 183.273926 419.58374 24763.474121 17624.910889 5633.887939 12454.030762 18684357.552815 121.772461 -427.642822 13464.954834 6422.312012 -5664.631348 1251.431885 3365413.006706 -106.494141 323.516846 25556.560059 20118.170166 6426.973877 14947.290039 26472747.272689 454.204102 -679.398193 25898.737793 20451.68335 6769.151611 15280.803223 27932436.066669 520.932617 -849.869385 26079.123535 20237.320557 6949.537354 15066.44043 27529369.664923 220.063477 -723.19458 15352.961426 4730.403748 -3776.624756 -440.476379 1445691.398737 -243.808594 240.713501 14912.479248 4968.978882 -4217.106934 -201.901245 1782475.500214 -177.474365 253.365479 13745.834961 5468.919067 -5383.751221 298.03894 2907360.441643 -266.341553 450.621948
22662.536621 9654.816284 3552.644043 4479.206543 3268457.095062 -26.303711 -39.257202 16868.601074 8691.367798 -2241.291504 3515.758057 1738394.231832 -57.797852 48.793945 23013.615723 13956.330566 3903.723145 8780.720825 9234011.259917 1.589355 -112.10083 12986.343994 10777.041016 -6123.548584 5601.431274 6887387.95824 124.016113 436.618652 24900.864258 17090.991211 5790.97168 11915.38147 17551166.856405 137.390137 -533.919678 13364.407959 6842.144165 -5745.484619 1666.534424 3578793.049459 -100.546875 419.832153 25808.588867 19206.37207 6698.696289 14030.762329 24173482.350884 252.028809 -911.798096 26164.213867 19470.565186 7054.321289 14294.955444 25410920.000487 265.476074 -981.118164 26504.101562 19323.510742 7394.208984 14147.901001 25483742.923805 424.978027 -913.809814 15062.810059 5424.11499 -4047.08252 248.505249 1644063.177869 -290.151367 693.711243 14978.919678 4989.620361 -4130.9729 -185.98938 1709952.915319 66.44043 20.641479 13681.473389 5706.870117 -5428.419189 531.260376 2974997.248351 -64.361572 237.95105
22677.321777 9646.087036 3577.791748 4471.148682 3279176.432573 14.785156 -8.729248 16851.329346 8706.776733 -2248.200684 3531.838379 1752828.864843 -17.271729 15.408936 23037.028809 13726.61377 3937.498779 8551.675415 8863504.904115 23.413086 -229.716797 13017.756348 11141.104736 -6081.773682 5966.166382 7258311.241045 31.412354 364.063721 24742.299805 16247.038574 5642.769775 11072.10022 15443225.401373 -158.564453 -843.952637 13361.524658 7121.751709 -5738.005371 1946.813354 3671478.787593 -2.883301 279.607544 25730.019531 18107.606201 6630.489502 12932.667847 21121728.866805 -78.569336 -1098.765869 26282.927246 18644.163818 7183.397217 13469.225464 23302123.017077 118.713379 -826.401367 26556.706543 18444.417725 7457.176514 13269.47937 23168856.431003 52.60498 -879.093018 15013.737793 5616.628418 -4085.792236 441.690063 1688878.831061 -49.072266 192.513428 14886.291504 5320.209961 -4213.238525 145.271606 1777248.271147 -92.628174 330.5896 13733.685303 5925.435791 -5365.844727 750.497437 2935553.603181 52.211914 218.565674
22679.858398 9605.911255 3577.640381 4423.936157 3237072.181797 2.536621 -40.175781 16853.161621 8625.596313 -2249.056396 3443.621216 1691678.175262 1.832275 -81.18042 23161.442871 13718.182373 4059.224854 8536.207275 8934414.105983 124.414062 -8.431396 13123.123779 11361.868896 -5979.094238 6179.893799 7394065.527504 105.367432 220.76416 24531.489258 15476.851807 5429.27124 10294.876709 13546147.265323 -210.810547 -770.186768 13413.005371 7279.981079 -5689.212646 2098.005981 3676876.96351 51.480713 158.22937 25315.234375 16851.888428 6213.016357 11669.91333 17478844.938913 -414.785156 -1255.717773 25748.466797 17606.47583 6646.248779 12424.500732 19854084.128626 -534.460449 -1037.687988 25968.92334 17590.546875 6866.705322 12408.571777 20112429.553632 -587.783203 -853.87085 14953.87085 5535.240479 -4148.347168 353.265381 1733358.065531 -59.866943 -81.387939 14904.65332 5453.353271 -4197.564697 271.378174 1769319.550096 18.361816 133.143311 13822.91748 6090.200195 -5279.300537 908.225098 2869588.698914 89.232178 164.764404
22672.770996 9613.966675 3556.629639 4454.335938 3249072.303078 -7.087402 8.05542 16813.565674 8627.230225 -2302.575684 3467.599487 1732610.098303 -39.595947 1.633911 23240.424805 13704.002686 4124.283447 8544.371948 9001600.59433 78.981934 -14.179688 13200.422363 11525.174561 -5915.718994 6365.543823 7551587.938325 77.298584 163.305664 24393.173828 14836.59668 5277.032471 9676.965942 12149074.154689 -138.31543 -640.255127 13459.680176 7460.041504 -5656.461182 2300.410767 3728744.27945 46.674805 180.060425 24897.861328 16111.779785 5781.719971 10952.149048 15337785.458598 -417.373047 -740.108643 25142.712402 16467.194824 6026.571045 11307.564087 16418056.413916 -605.754395 -1139.281006 25768.24707 16709.190674 6652.105713 11549.559937 17764284.514282 -200.67627 -881.356201 14904.724121 5687.520142 -4211.417236 527.889404 1801470.236161 -49.146729 152.279663 14908.858643 5600.118408 -4207.282715 440.487671 1789525.723084 4.205322 146.765137 14092.13623 6181.867676 -5024.005127 1022.236938 2628559.587404 269.21875 91.66748
22649.030762 9577.359009 3513.100586 4376.259766 3149352.526314 -23.740234 -36.607666 16832.529297 8587.678833 -2303.400879 3386.57959 1677457.692729 18.963623 -39.551392 23388.73291 13595.311279 4252.802734 8394.212036 8854912.680506 148.308105 -108.691406 13272.371826 11619.716797 -5863.55835 6418.617554 7557996.782008 71.949463 94.542236 23953.364258 14218.848877 4817.434082 9017.749634 10452747.959242 -439.80957 -617.747803 13563.731689 7477.601929 -5572.198486 2276.502686 3623186.044834 104.051514 17.560425 23969.277344 15117.216797 4833.347168 9916.117554 12169063.218513 -928.583984 -994.562988 24388.261719 15394.395752 5252.331543 10193.296509 13149028.035336 -754.450684 -1072.799072 25057.138672 15516.049805 5921.208496 10314.950562 14145891.514089 -711.108398 -1193.140869 15029.699707 5630.314331 -4106.230469 429.215088 1704535.425416 124.975586 -57.205811 15023.049316 5616.141357 -4112.880859 415.042114 1708804.892002 114.190674 16.022949 14375.126953 6239.873657 -4760.803223 1038.774414 2374429.960817 282.990723 58.005981
22622.402344 9516.40564 3508.33252 4271.306152 3055245.331465 -26.628418 -60.953369 16911.201172 8667.355957 -2202.868652 3422.25647 1656446.964406 78.671875 79.677124 23444.584961 13561.307373 4330.515137 8316.207886 8791267.494823 55.852051 -34.003906 13274.158936 11612.929688 -5839.910889 6367.8302 7465382.064615 1.787109 -6.787109 24120.344238 14188.632812 5006.274414 8943.533325 10504957.184778 166.97998 -30.216064 13620.604248 7605.74585 -5493.465576 2360.646362 3575081.528445 56.872559 128.143921 23447.390137 14236.340332 4333.320312 8991.240845 9962007.68586 -521.887207 -880.876465 23801.298828 14346.552734 4687.229004 9101.453247 10480656.694367 -586.962891 -1047.843018 23893.195801 14740.667725 4779.125977 9495.568237 11300586.124916 -1163.942871 -775.38208 15144.558105 5665.559082 -3969.511719 420.459595 1593380.955609 114.858398 35.244751 15213.498535 5451.280518 -3900.571289 206.18103 1525696.69983 190.449219 -164.86084 14486.71875 6254.698486 -4627.351074 1009.598999 2243166.81029 111.591797 14.824829
22644.228516 9441.417236 3543.431396 4226.602783 3042007.714857 21.826172 -74.988403 16939.742432 8703.341064 -2161.054688 3488.526611 1683997.528031 28.54126 35.985107 23765.266113 14152.923584 4664.468994 8938.109131 10164706.583245 320.681152 591.616211 13210.349121 11584.680176 -5890.447998 6369.865723 7527256.694237 -63.809814 -28.249512 22928.925781 13469.023438 3828.128662 8254.208984 8278653.50114 -1191.418457 -719.609375 13700.119629 7470.407104 -5400.67749 2255.592651 3425501.556243 79.515381 -135.338745 21576.774902 12837.229004 2475.977783 7622.414551 6423166.956688 -1870.615234 -1399.111328 21969.702148 13244.847412 2868.905029 8030.032959 7271204.53895 -1831.59668 -1101.705322 22213.115234 14173.598633 3112.318115 8958.78418 8994633.802864 -1680.080566 -567.069092 15389.733887 5662.774048 -3711.063232 447.959595 1397265.811354 245.175781 -2.785034 15563.505859 5404.507446 -3537.29126 189.692993 1254841.288807 350.007324 -46.773071 14727.641602 6160.043945 -4373.155518 945.229492 2001794.797383 240.922852 -94.654541
22661.420898 9461.400146 3578.652344 4215.6604 3057854.520885 17.192383 19.98291 16943.493652 8649.283447 -2139.274902 3403.543701 1616060.683358 3.751221 -54.057617 23788.657227 14355.380859 4705.888672 9109.641113 10513094.940487 23.391113 202.457275 13221.109619 11498.95874 -5861.658936 6253.218994 7346179.326536 10.760498 -85.721436 23307.900391 13400.373535 4225.131836 8154.633789 8434979.126477 378.974609 -68.649902 13762.027588 7439.227905 -5320.740967 2193.488159 3312167.474021 61.907959 -31.179199 21072.548828 12125.360107 1989.780273 6879.620361 5128840.185256 -504.226074 -711.868896 20750.925293 12610.69458 1668.156738 7364.954834 5702530.66101 -1218.776855 -634.152832 21031.801758 13571.8396 1949.033203 8326.099854 7312266.91976 -1181.313477 -601.759033 15658.548584 5521.212158 -3424.219971 275.472412 1180116.74576 268.814697 -141.56189 15689.752197 5466.259155 -3393.016357 220.519409 1156118.881156 126.246338 61.751709 14826.658936 6103.668213 -4256.109619 857.928467 1885051.034428 99.017334 -56.375732
22565.495605 9408.793335 3469.403076 4136.623535 2914841.197656 -95.925293 -52.606812 16967.580566 8635.460815 -2128.511963 3363.291016 1584228.963195 24.086914 -13.822632 23716.137695 14459.781494 4620.045166 9187.611694 10575702.598192 -72.519531 104.400635 13200.888672 11372.230225 -5895.203857 6100.060425 7196416.570683 -20.220947 -126.728516 22801.71875 12974.273682 3705.626221 7702.103882 7305406.989415 -506.181641 -426.099854 13883.907471 7303.773193 -5212.185059 2031.603394 3129428.543373 121.879883 -135.454712 20711.816406 11508.791504 1615.723877 6236.621704 4150601.392663 -360.732422 -616.568604 20049.506836 11995.371094 953.414307 6723.201294 4611043.447901 -701.418457 -615.323486 20464.769287 13055.031738 1368.676758 7782.861938 6244621.602076 -567.032471 -516.807861 15779.606934 5511.456299 -3316.485596 239.286499 1105633.473512 121.05835 -9.755859 15924.807129 5261.279297 -3171.2854 -10.890503 1005716.969378 235.054932 -204.979858 15162.467041 6153.068237 -3933.625488 880.898438 1624939.153925 335.808105 49.400024
22570.83252 9384.797363 3457.738037 4104.492188 2880280.845052 5.336914 -23.995972 16972.225342 8653.839722 -2140.869141 3373.534546 1596405.600965 4.644775 18.378906 23640.512695 14429.122314 4527.418213 9148.817139 10419837.071127 -75.625 -30.65918 13167.227783 11323.944092 -5945.866699 6043.638916 7187890.215206 -33.660889 -48.286133 22469.001465 12629.193115 3355.906982 7348.887939 6526826.562131 -332.717285 -345.080566 14044.180908 7214.084473 -5068.913574 1933.779297 2943338.719192 160.273438 -89.688721 19894.180908 11416.934814 781.086426 6136.629639 3826831.932677 -817.635498 -91.856689 19406.916504 11764.224854 293.822021 6483.919678 4212754.576762 -642.590332 -231.14624 19898.883057 12732.880859 785.788574 7452.575684 5615834.800307 -565.88623 -322.150879 16126.853027 5450.557251 -2986.241455 170.252075 894662.379714 347.246094 -60.899048 16157.74292 5301.815796 -2955.351562 21.51062 873456.556475 232.935791 40.536499 15498.431396 6100.429077 -3614.663086 820.123901 1373839.243843 335.964355 -52.63916
22564.645996 9362.554932 3464.405518 4077.468262 2862785.301555 -6.186523 -22.242432 16960.931396 8568.129883 -2139.309082 3283.043213 1535501.608617 -11.293945 -85.709839 23541.477051 14416.560059 4441.236572 9131.473389 10310838.853885 -99.035645 -12.562256 13161.298828 11174.287109 -5938.94165 5889.200439 6995370.97428 -5.928955 -149.656982 22136.682129 12505.551758 3036.44165 7220.465088 6135509.398167 -332.319336 -123.641357 14229.741211 7007.907715 -4870.499268 1722.821045 2668987.54683 185.560303 -206.176758 19166.658936 11279.969482 66.418457 5994.882812 3594303.134704 -727.521973 -136.965332 19043.444824 11513.699951 -56.795654 6228.613281 3879884.915371 -363.47168 -250.524902 19594.974365 12638.786621 494.733887 7353.699951 5432166.459053 -303.908691 -94.094238 16337.789307 5558.043823 -2762.451172 272.957153 770564.208454 210.936279 107.486572 16469.978027 5547.015381 -2630.262451 261.928711 698688.721166 312.235107 245.199585 15583.242188 6178.260498 -3516.998291 893.173828 1316703.646625 84.810791 77.831421
22535.090332 9330.388794 3445.992432 4064.830322 2839770.938773 -29.555664 -32.166138 16921.401367 8544.619141 -2167.696533 3279.060669 1545114.713068 -39.530029 -23.510742 23412.600098 14414.041748 4323.502197 9148.483276 10238741.750773 -128.876953 -2.518311 13154.20166 11057.033691 -5934.89624 5791.47522 6876417.860305 -7.097168 -117.253418 21792.109375 12327.495117 2703.011475 7061.936646 5717722.021704 -344.572754 -178.056641 14408.048096 6969.946289 -4681.049805 1704.387817 2481716.510601 178.306885 -37.961426 18770.557861 11158.649902 -318.540039 5893.091431 3482999.436665 -396.101074 -121.31958 18668.212891 11348.834229 -420.88501 6083.275757 3718338.812515 -375.231934 -164.865723 19283.824463 12491.71875 194.726562 7226.160278 5225531.080212 -311.149902 -147.067871 16721.811523 5774.667969 -2367.286377 509.109497 586323.727052 384.022217 216.624146 16720.274658 5876.14502 -2368.823242 610.586548 598413.948514 250.296631 329.129639 15900.668945 6420.38269 -3188.428955 1154.824219 1149969.817779 317.426758 242.122192
22507.507324 9307.807007 3447.369385 4046.781616 2826079.712432 -27.583008 -22.581787 16953.839111 8509.970093 -2106.298828 3248.944702 1499213.643098 32.437744 -34.649048 23338.601074 14390.822754 4278.463135 9129.797363 10165844.669013 -73.999023 -23.218994 13079.40918 10943.842773 -5980.72876 5682.817383 6806352.990428 -74.79248 -113.190918 21535.710449 12231.300049 2475.57251 6970.274658 5471318.80619 -256.398926 -96.195068 14609.022217 6978.703613 -4451.115723 1717.678223 2276284.965307 200.974121 8.757324 18522.416992 10936.131592 -537.720947 5675.106201 3249597.421171 -248.140869 -222.518311 18294.887695 11170.053711 -765.250244 5909.02832 3550222.362641 -373.325195 -178.780518 19009.196777 12298.503418 -50.941162 7037.478027 4952869.198734 -274.627686 -193.215332 17110.74707 6081.416016 -1949.390869 820.390625 447316.553828 388.935547 306.748047 17117.436523 6196.54541 -1942.701416 935.52002 464928.649873 397.161865 320.400391 16214.180908 6689.558716 -2845.957031 1428.533325 1014017.888491 313.511963 269.176025
22487.226562 9287.393188 3432.48291 4024.356079 2797738.077992 -20.280762 -20.413818 16957.475586 8465.376587 -2097.268066 3202.339478 1465351.147177 3.636475 -44.593506 23257.700195 14329.139404 4202.956543 9066.102295 9985905.452407 -80.900879 -61.68335 13051.273193 10867.364502 -6003.470459 5604.327393 6745014.30751 -28.135986 -76.478271 21286.037598 12143.145752 2231.293945 6880.108643 5231456.760407 -249.672852 -88.154297 14813.776855 7017.294312 -4240.966797 1754.257202 2106321.770349 204.754639 38.590698 18463.156738 10714.94873 -591.586914 5451.911621 3007331.540111 -59.260254 -221.182861 17962.694092 11037.335205 -1092.049561 5774.298096 3453509.074073 -332.193604 -132.718506 18663.325195 12122.359619 -391.418457 6859.32251 4720351.370148 -345.871582 -176.143799 17459.836426 6532.996216 -1594.907227 1269.959106 415652.519338 349.089355 451.5802 17458.912354 6651.331177 -1595.831299 1388.294067 447403.795185 341.47583 454.785767 16577.943115 7036.884766 -2476.800537 1773.847656 928107.640821 363.762207 347.32605
22485.546875 9277.164307 3464.979248 4009.155273 2807940.719593 -1.679688 -10.228882 16932.788086 8504.056396 -2087.779541 3236.047363 1483082.594928 -24.6875 38.67981 23155.820312 14288.773193 4135.252686 9020.76416 9847450.080648 -101.879883 -40.366211 13042.836914 10805.708008 -5977.730713 5537.698975 6639937.440923 -8.436279 -61.656494 20956.679688 11990.645752 1936.112061 6722.636719 4894237.436328 -329.35791 -152.5 15102.891846 7155.546875 -3917.675781 1887.537842 1891098.263121 289.11499 138.252563 18053.793945 10720.559082 -966.773682 5452.550049 3066495.338649 -409.362793 5.610352 17678.375244 10980.168457 -1342.192383 5712.159424 3443024.567571 -284.318848 -57.166748 18406.281738 12001.68457 -614.285889 6733.675537 4571973.339209 -257.043457 -120.675049 17911.170654 7103.240967 -1109.396973 1835.231934 459883.789302 451.334229 570.244751 17966.560059 7177.156372 -1054.007568 1909.147339 475577.551566 507.647705 525.825195 17026.66626 7577.852173 -1993.901367 2309.84314 931101.799185 448.723145 540.967407
22437.79541 9258.718872 3438.793945 4001.445312 2783686.838725 -47.751465 -18.445435 16768.725586 8465.053711 -2230.275879 3207.780151 1526398.399554 -164.0625 -39.002686 23059.848633 14257.507324 4060.847168 9000.233765 9749468.753992 -95.97168 -31.265869 12983.212891 10770.185547 -6015.788574 5512.911987 6658191.074947 -59.624023 -35.522461 20714.267578 11962.160645 1715.266113 6704.887085 4789764.866145 -242.412109 -28.485107 15239.985352 7439.389038 -3759.016113 2182.115479 1889183.010149 137.093506 283.842163 18252.678223 10495.665283 -746.323242 5238.391724 2799774.623205 198.884277 -224.893799 17554.205322 10889.973145 -1444.796143 5632.699585 3381474.050803 -124.169922 -90.195312 18032.199707 11968.812256 -966.801758 6711.538696 4597945.731069 -374.082031 -32.872314 18233.095703 7307.838135 -765.905762 2050.564575 479142.671288 321.925049 204.597168 18261.933594 7942.506104 -737.067871 2685.232544 775374.286166 295.373535 765.349731 17276.213379 8316.550903 -1722.788086 3059.277344 1232717.665503 249.547119 738.69873
22451.022949 9282.776489 3448.118896 3977.227173 2770785.990876 13.227539 24.057617 16588.382568 8242.557373 -2414.521484 2937.008057 1445593.032328 -180.343018 -222.496338 22929.72168 14243.255615 3926.817627 8937.706299 9530249.055946 -130.126953 -14.251709 12949.362793 10743.95752 -6053.54126 5438.408203 6622164.55675 -33.850098 -26.228027 20613.945312 11990.938721 1611.04126 6685.389404 4728988.542775 -100.322266 28.778076 15553.536377 7702.514038 -3449.367676 2396.964722 1764357.72397 313.551025 263.125 18374.735107 10360.214844 -628.168945 5054.665527 2594423.981717 122.056885 -135.450439 17413.557129 10843.431396 -1589.346924 5537.88208 3319416.157713 -140.648193 -46.541748 17826.425781 11950.888672 -1176.478271 6645.339355 4554463.627262 -205.773926 -17.923584 18320.770264 7550.614014 -682.133789 2245.064697 550562.200109 87.674561 242.775879 18389.036865 8443.540039 -613.867188 3137.990723 1022381.869937 127.103271 501.033936 17466.187744 8903.519897 -1536.716309 3597.970581 1530688.931523 189.974365 586.968994
22433.671875 9296.618042 3418.03833 4039.032593 2799677.031137 -17.351074 13.841553 16886.340332 8407.594604 -2129.293213 3150.009155 1445644.726477 297.957764 165.037231 22920.517578 14286.311035 3904.884033 9028.725586 9676600.501893 -9.204102 43.05542 12958.861084 10741.889648 -6056.772461 5484.304199 6676208.519314 9.498291 -2.067871 20504.311523 11976.469727 1488.677979 6718.884277 4735956.805605 -109.633789 -14.468994 15772.983398 8075.9198 -3242.650146 2818.334351 1845778.848419 219.447021 373.405762 18367.918701 10114.902954 -647.714844 4857.317505 2401306.786206 -6.816406 -245.31189 17272.48291 10822.421875 -1743.150635 5564.836426 3400597.858119 -141.074219 -21.009521 17746.582031 11927.635498 -1269.051514 6670.050049 4610005.939822 -79.84375 -23.253174 18521.992188 8097.842407 -493.641357 2840.256958 831074.137727 201.221924 547.228394 18493.745117 8981.641235 -521.888428 3724.055786 1414095.902923 104.708252 538.101196 17585.667725 9238.277588 -1429.96582 3980.692139 1789071.215015 119.47998 334.75769
22440.34668 9269.653931 3443.858643 3988.275146 2776650.099413 6.674805 -26.964111 16845.888672 8631.251221 -2150.599365 3349.872437 1584672.297073 -40.45166 223.656616 22924.79248 14257.495117 3928.304443 8976.116333 9600224.022341 4.274902 -28.815918 12971.694336 10770.080566 -6024.793701 5488.701782 6642398.63959 12.833252 28.190918 20452.785645 11949.316406 1456.297607 6667.937622 4658219.48532 -51.525879 -27.15332 15890.484619 8414.318237 -3106.003418 3132.939453 1946256.684938 117.501221 338.398438 18258.648682 10098.873291 -737.839355 4817.494507 2375266.023787 -109.27002 -16.029663 17086.324463 10816.025391 -1910.163574 5534.646606 3428103.793851 -186.158447 -6.396484 17638.687744 11857.458496 -1357.800293 6576.079712 4508844.601303 -107.894287 -70.177002 18549.029541 9042.816162 -447.458496 3761.437378 1434863.025381 27.037354 944.973755 18339.283447 9116.746216 -657.20459 3835.367432 1514196.12086 -154.46167 135.10498 17566.766357 9365.752563 -1429.72168 4084.373779 1872621.325038 -18.901367 127.474976
22426.564941 9273.21167 3436.437988 3992.310181 2774764.662594 -13.781738 3.557739 16844.676514 8569.544067 -2145.450439 3288.642578 1541812.759481 -1.212158 -61.707153 22905.67627 14258.206787 3915.549316 8977.305298 9592353.686004 -19.116211 0.71167 12934.888916 10789.500732 -6055.238037 5508.599243 6701057.330784 -36.80542 19.420166 20407.581787 11915.268555 1417.454834 6634.367065 4602400.456524 -45.203857 -34.047852 16030.107422 8892.489624 -2960.019531 3611.588135 2180528.448056 139.622803 478.171387 18257.081299 10214.724731 -733.045654 4933.823242 2487996.771643 -1.567383 115.85144 17131.065674 10823.696289 -1859.061279 5542.7948 3417868.303292 44.741211 7.670898 17686.536865 11840.493164 -1303.590088 6559.591675 4472759.005741 47.849121 -16.965332 18846.558838 9612.790527 -143.568115 4331.889038 1878587.4442 297.529297 569.974365 18656.734619 9975.404663 -333.392334 4694.503174 2214951.049744 317.451172 858.658447 17361.223145 10208.415527 -1628.903809 4927.514038 2693372.221319 -205.543213 842.662964
22432.939453 9255.350342 3463.337402 3985.366821 2787785.46627 6.374512 -17.861328 16895.722656 8295.383911 -2073.879395 3025.400391 1345402.326666 51.046143 -274.160156 22909.182129 14300.632324 3939.580078 9030.648804 9707290.900793 3.505859 42.425537 12887.749023 10882.266846 -6081.853027 5612.283325 6848666.036848 -47.139893 92.766113 20349.614258 12054.968262 1380.012207 6784.984741 4794045.163002 -57.967529 139.699707 16183.223877 9185.210571 -2786.378174 3915.227051 2309290.618676 153.116455 292.720947 18234.936523 10489.989014 -734.665527 5220.005493 2778819.078573 -22.144775 275.264282 17066.538086 10941.633301 -1903.063965 5671.64978 3578926.368436 -64.527588 117.937012 17657.115479 12004.012451 -1312.486572 6734.028931 4706976.66414 -29.421387 163.519287 18791.722412 10074.000854 -177.879639 4804.017334 2311022.371108 -54.836426 461.210327 18787.297363 10252.755127 -182.304688 4982.771606 2486124.788108 130.562744 277.350464 17151.845703 10492.581787 -1817.756348 5222.598267 3057977.079375 -209.377441 284.16626
22452.626953 9303.053589 3462.381592 3999.73877 2798599.651171 19.6875 47.703247 16951.962891 8301.51123 -2038.282471 2998.196411 1314377.715011 56.240234 6.127319 22998.984375 14269.664307 4008.739014 8966.349487 9646541.160822 89.802246 -30.968018 12949.624023 10987.514648 -6040.621338 5684.199829 6879923.384494 61.875 105.247803 20380.737305 12285.440674 1390.491943 6982.125854 5068354.929252 31.123047 230.472412 16161.5271 9271.968994 -2828.718262 3968.654175 2375186.296338 -21.696777 86.758423 18270.222168 10700.458984 -720.023193 5397.144165 2964759.853719 35.285645 210.469971 17146.081543 11298.612061 -1844.163818 5995.297241 3934452.919942 79.543457 356.97876 17648.918457 12143.406982 -1341.326904 6840.092163 4858601.86637 -8.197021 139.394531 18790.262451 10233.33252 -199.98291 4930.0177 2434506.768859 -1.459961 159.331665 18812.668457 10583.00293 -177.576904 5279.68811 2790664.009953 25.371094 330.247803 17269.909668 10732.359619 -1720.335693 5429.0448 3243408.233613 118.063965 239.777832
22425.952148 9288.567505 3417.247314 4019.407349 2783321.464238 -26.674805 -14.486084 16914.140625 8406.362305 -2094.564209 3137.202148 1422923.654572 -37.822266 104.851074 23028.122559 14301.433105 4019.417725 9032.272949 9773767.347409 29.138184 31.768799 12959.790039 11033.793945 -6048.914795 5764.633789 6982037.291823 10.166016 46.279297 20387.650146 12373.789062 1378.945312 7104.628906 5237724.207039 6.912842 88.348389 16176.711426 9367.260132 -2831.993408 4098.099976 2481461.0074 15.184326 95.291138 18182.724609 10886.204834 -825.980225 5617.044678 3223343.424311 -87.497559 185.74585 17051.037598 11524.104004 -1957.667236 6254.943848 4295678.354553 -95.043945 225.491943 17691.447754 12296.234131 -1317.25708 7027.073975 5111493.485965 42.529297 152.827148 18699.157715 10407.819824 -309.547119 5138.659668 2650164.260218 -91.104736 174.487305 18709.035645 10734.654541 -299.669189 5465.494385 2996143.049301 -103.632812 151.651611 17348.127441 10902.678223 -1660.577393 5633.518066 3449404.308127 78.217773 170.318604
22419.455566 9283.515015 3410.731201 4027.628784 2785488.09498 -6.496582 -5.05249 16863.572998 8360.405273 -2145.151367 3104.519043 1423971.28763 -50.567627 -45.957031 23053.408203 14324.847412 4044.683838 9068.961182 9860552.42626 25.285645 23.414307 12888.345947 11015.533447 -6120.378418 5759.647217 7063256.804109 -71.444092 -18.260498 20357.918701 12362.097168 1349.194336 7106.210938 5231855.924437 -29.731445 -11.691895 16134.144287 9382.423096 -2874.580078 4126.536865 2529151.712569 -42.567139 15.162964 18168.695068 10922.72583 -840.029297 5666.8396 3281872.026731 -14.029541 36.520996 17082.473145 11572.027588 -1926.251221 6316.141357 4360408.54122 31.435547 47.923584 17676.895752 12403.000488 -1331.828613 7147.114258 5285500.966938 -14.552002 106.766357 18758.812256 10203.781738 -249.912109 4947.895508 2454412.601864 59.654541 -204.038086 18699.987793 10744.697266 -308.736572 5488.811035 3022236.485071 -9.047852 10.042725 17368.220215 10867.808838 -1640.50415 5611.922607 3418492.921914 20.092773 -34.869385
22436.14502 9291.821289 3431.448975 4022.560425 2795583.443655 16.689453 8.306274 16883.569336 8402.897339 -2121.126709 3133.636475 1431885.607057 19.996338 42.492065 23050.112305 14309.89502 4045.41626 9040.634155 9809845.864427 -3.295898 -14.952393 12851.734619 11077.750244 -6152.961426 5808.48938 7159748.318336 -36.611328 62.216797 20466.309814 12449.79126 1461.61377 7180.530396 5369633.157209 108.391113 87.694092 16042.819824 9372.106934 -2961.876221 4102.846069 2560605.661543 -91.324463 -10.316162 18136.673584 11032.462158 -868.022461 5763.201294 3396795.214722 -32.021484 109.736328 17095.321045 11594.046631 -1909.375 6324.785767 4364862.788403 12.8479 22.019043 17729.251709 12397.802734 -1275.444336 7128.54187 5244286.744809 52.355957 -5.197754 18789.731445 10269.082031 -214.9646 4999.821167 2504442.148099 30.919189 65.300293 18725.653076 10770.43457 -279.042969 5501.173706 3034077.71226 25.665283 25.737305 17457.952881 11018.555908 -1546.743164 5749.295044 3544680.791791 89.732666 150.74707
22408.48877 9343.579712 3384.813232 4123.157959 2845739.217311 -27.65625 51.758423 16740.537109 8440.911865 -2283.138428 3220.490112 1558427.764365 -143.032227 38.014526 23058.078613 14333.984375 4034.403076 9113.562622 9933343.184742 7.966309 24.089355 12888.652344 11109.866943 -6135.023193 5889.44519 7232407.423413 36.917725 32.116699 20428.842773 12485.571289 1405.167236 7265.149536 5475689.274442 -37.467041 35.780029 15887.198486 9186.885376 -3136.477051 3966.463623 2557032.196303 -155.621338 -185.221558 18056.279297 10922.869873 -967.39624 5702.44812 3345377.004825 -80.394287 -109.592285 17113.925781 11561.072998 -1909.749756 6340.651245 4385100.234221 18.604736 -32.973633 17710.925293 12448.741455 -1312.750244 7228.319702 5397191.891996 -18.326416 50.938721 18641.866455 9797.752075 -381.809082 4577.330322 2109773.105425 -147.86499 -471.329956 18466.564941 10514.976807 -557.110596 5294.555054 2834268.543262 -259.088135 -255.457764 17371.517334 10764.328613 -1652.158203 5543.90686 3346453.000441 -86.435547 -254.227295
22424.899902 9351.07666 3375.24292 4136.819458 2850553.999663 16.411133 7.496948 16855.003662 8562.299805 -2194.65332 3348.042603 1602589.246478 114.466553 121.387939 23071.975098 14314.095459 4022.318115 9099.838257 9898609.932072 13.896484 -19.888916 12872.82959 11136.999512 -6176.827393 5922.74231 7323207.310328 -15.822754 27.132568 20472.241211 12499.466553 1422.584229 7285.209351 5509802.116909 43.398438 13.895264 15730.809326 8985.50293 -3318.847656 3771.245728 2523704.410288 -156.38916 -201.382446 17886.323242 11045.308838 -1163.33374 5831.051636 3535450.856986 -169.956055 122.438965 17200.493164 11542.821045 -1849.163818 6328.563843 4347012.713919 86.567383 -18.251953 17768.533936 12463.499756 -1281.123047 7249.242554 5419279.386377 57.608643 14.758301 18736.123047 9359.543457 -313.533936 4145.286255 1728170.166366 94.256592 -438.208618 18341.343994 9961.812134 -708.312988 4747.554932 2304098.511831 -125.220947 -553.164673 17382.304688 10135.596313 -1667.352295 4921.339111 2699964.232407 10.787354 -628.7323
22400.151367 9345.250244 3366.322021 4145.297241 2851561.317032 -24.748535 -5.826416 16900.17334 8615.345459 -2133.656006 3415.392456 1621739.358022 45.169678 53.045654 23064.140625 14329.678955 4030.311279 9129.725952 9959530.496936 -7.834473 15.583496 12933.820801 11128.354492 -6100.008545 5928.401489 7235604.846595 60.991211 -8.64502 20531.113281 12556.179199 1497.283936 7356.226196 5635592.303462 58.87207 56.712646 15661.49292 8605.767212 -3372.336426 3405.814209 2297222.339477 -69.316406 -379.735718 18354.638672 11020.112305 -679.190674 5820.159302 3433555.426925 468.31543 -25.196533 17247.29126 11569.685059 -1786.538086 6369.732056 4376520.479346 46.798096 26.864014 17796.418457 12460.135498 -1237.410889 7260.182495 5424143.556981 27.884521 -3.364258 18638.80127 9150.817261 -395.028076 3950.864258 1576537.556462 -97.321777 -208.726196 18430.371094 9768.720703 -603.458252 4568.7677 2123780.01602 89.0271 -193.091431 17598.856201 9804.075928 -1434.973145 4604.122925 2325709.583224 216.551514 -331.520386
22399.416504 9336.217651 3361.323242 4123.305664 2830014.353776 -0.734863 -9.032593 16759.58252 8649.989014 -2278.510742 3437.077026 1700510.968744 -140.59082 34.643555 23069.780273 14366.356201 4031.687012 9153.444214 10004004.113684 5.639648 36.677246 12968.80249 11143.609619 -6069.290771 5930.697632 7200946.486909 34.981689 15.255127 20573.481445 12607.745361 1535.388184 7394.833374 5704097.750389 42.368164 51.566162 15505.218506 8359.505615 -3532.874756 3146.593628 2238225.549992 -156.274414 -246.261597 18425.078125 11187.027588 -613.015137 5974.115601 3606584.476701 70.439453 166.915283 17252.573242 11602.642822 -1785.52002 6389.730835 4401674.18834 5.281982 32.957764 17869.206543 12579.276123 -1168.886719 7366.364136 5562961.674162 72.788086 119.140625 18460.50293 8604.709473 -577.590332 3391.797485 1183790.077329 -178.29834 -546.107788 18303.208008 9362.402954 -734.885254 4149.490967 1775833.161994 -127.163086 -406.317749 17455.574951 9434.541016 -1582.518311 4221.629028 2032651.585597 -143.28125 -369.534912
22440.588379 9336.299438 3413.483887 4140.013428 2879158.342671 41.171875 0.081787 16706.993408 8736.218872 -2320.111084 3539.932861 1791404.010474 -52.589111 86.229858 23084.069824 14378.911133 4056.965332 9182.625122 10077957.183778 14.289551 12.554932 12973.034668 11153.260498 -6054.069824 5956.974487 7213730.647891 4.232178 9.650879 20500.908203 12584.855957 1473.803711 7388.569946 5676306.322958 -72.573242 -22.889404 15302.374268 8283.918457 -3724.730225 3087.632446 2340708.93695 -202.844238 -75.587158 18054.257812 11309.576416 -972.84668 6113.290405 3831875.024139 -370.820312 122.548828 17386.419678 11609.272461 -1640.684814 6412.98645 4381824.187077 133.846436 6.629639 17908.106689 12714.160156 -1118.997803 7517.874146 5777058.775022 38.900146 134.884033 18331.351318 8351.246338 -695.753174 3154.960327 1043784.714477 -129.151611 -253.463135 18196.99707 8922.860107 -830.107422 3726.574097 1457643.28299 -106.210938 -439.542847 17296.094971 9069.450073 -1731.009521 3873.164062 1799779.381851 -159.47998 -365.090942
22440.551758 9355.609741 3388.598633 4150.838013 2871205.690194 -0.036621 19.310303 16705.552979 8820.726929 -2346.400146 3615.9552 1858072.565724 -1.44043 84.508057 23067.177734 14381.535645 4015.224609 9176.763916 10033502.463402 -16.89209 2.624512 12971.643066 11176.590576 -6080.310059 5971.818848 7263279.075786 -1.391602 23.330078 20491.569824 12594.876709 1439.616699 7390.10498 5668614.786302 -9.338379 10.020752 15257.840576 8205.316162 -3794.112549 3000.544434 2339855.693115 -44.533691 -78.602295 17966.236572 11346.394043 -1085.716553 6141.622314 3889830.508627 -88.02124 36.817627 17401.298828 11629.837646 -1650.654297 6425.065918 4400613.165804 14.87915 20.565186 17871.568604 12686.091309 -1180.384521 7481.31958 5736345.027782 -36.538086 -28.068848 18224.75708 8059.984741 -827.196045 2855.213013 883649.46446 -106.594238 -291.261597 18127.808838 8552.175293 -924.144287 3347.403564 1205915.328671 -69.188232 -370.684814 17165.805664 8803.902588 -1886.147461 3599.130859 1651129.518731 -130.289307 -265.547485
22433.730469 9323.253174 3424.847412 4113.356323 2864928.003819 -6.821289 -32.356567 16661.647949 8702.607422 -2347.235107 3492.710571 1770853.978431 -43.905029 -118.119507 23056.650391 14380.88501 4047.767334 9170.988159 10049144.420588 -10.527344 -0.650635 12997.567139 11201.588135 -6011.315918 5991.691284 7203628.351054 25.924072 24.997559 20522.331543 12620.384521 1513.448486 7410.487671 5720585.384131 30.761719 25.507812 15235.462646 8106.324463 -3773.42041 2896.427612 2262799.45051 -22.37793 -98.991699 17912.474365 11350.706787 -1096.408691 6140.809937 3891165.86951 -53.762207 4.312744 17423.363037 11603.452148 -1585.52002 6393.555298 4339142.307902 22.064209 -26.385498 17838.746338 12667.121582 -1170.136719 7457.224731 5697942.063585 -32.822266 -18.969727 18085.567627 7692.843018 -923.31543 2482.946167 701753.305088 -139.189453 -367.141724 18098.275146 8278.131714 -910.60791 3068.234863 1024327.194229 -29.533691 -274.043579 17181.004639 8713.892212 -1827.878418 3503.995361 1561912.300308 15.198975 -90.010376
22433.45459 9329.215088 3404.523926 4144.68689 2876921.257444 -0.275879 5.961914 16679.189453 8789.227295 -2349.741211 3604.699097 1851513.933598 17.541504 86.619873 23021.586914 14423.114014 3992.65625 9238.585815 10129277.179972 -35.063477 42.229004 12997.96875 11215.306396 -6030.961914 6030.778198 7274278.728527 0.401611 13.718262 20465.510254 12552.797852 1436.57959 7368.269653 5635515.8602 -56.821289 -67.58667 15218.662109 8079.077759 -3810.268555 2894.549561 2289656.36173 -16.800537 -27.246704 17714.123535 11262.729492 -1314.807129 6078.201294 3867324.875594 -198.35083 -87.977295 17369.227295 11516.702881 -1659.703369 6332.174683 4285105.148471 -54.135742 -86.749268 17823.093262 12542.633057 -1205.837402 7358.104858 5559575.094808 -15.653076 -124.488525 18016.899414 7647.483521 -1012.03125 2462.955322 709035.617045 -68.668213 -45.359497 18066.451416 8201.04187 -962.479248 3016.513672 1002572.103553 -31.82373 -77.089844 17120.958252 8608.347778 -1907.972412 3423.81958 1536289.92423 -60.046387 -105.544434
22415.158691 9371.997681 3384.815674 4190.386353 2901631.492934 -18.295898 42.782593 16769.602051 8599.60083 -2260.740967 3417.989502 1679360.195442 90.412598 -189.626465 23042.79541 14424.180908 4012.452393 9242.56958 10152486.664529 21.208496 1.066895 13010.605469 11179.368896 -6019.737549 5997.757568 7221033.600558 12.636719 -35.9375 20445.653076 12513.327637 1415.310059 7331.716309 5575716.659166 -19.857178 -39.470215 15215.168457 8238.417358 -3815.174561 3056.80603 2389962.003416 -3.493652 159.3396 17967.598877 11140.97168 -1062.744141 5959.360352 3664340.090821 253.475342 -121.757812 17395.975342 11362.103271 -1634.367676 6180.491943 4086963.836157 26.748047 -154.599609 17778.723145 12371.30127 -1251.619873 7189.689941 5325819.376016 -44.370117 -171.331787 18122.034912 7878.276367 -908.308105 2696.665039 809702.594736 105.135498 230.792847 18179.941406 8497.313843 -850.401611 3315.702515 1171706.60662 113.48999 296.271973 17277.973633 8910.749512 -1752.369385 3729.138184 1697727.0053 157.015381 302.401733
22401.591797 9357.053223 3372.495117 4124.0979 2838190.680746 -13.566895 -14.944458 16792.817383 8514.663696 -2236.279297 3281.708374 1577055.494577 23.215332 -84.937134 22977.167969 14439.385986 3948.071289 9206.430664 10034563.247571 -65.627441 15.205078 12988.770752 11187.86377 -6040.325928 5954.908447 7194647.192858 -21.834717 8.494873 20528.171387 12526.842041 1499.074707 7293.886719 5544800.844322 82.518311 13.514404 15456.357422 8306.514282 -3572.739258 3073.55896 2221123.048467 241.188965 68.096924 18248.116455 10918.342285 -780.980225 5685.386963 3293355.502904 280.517578 -222.629395 17291.75293 11248.781738 -1737.34375 6015.826416 3920853.07733 -104.222412 -113.321533 17810.944824 12257.280273 -1218.151855 7024.324951 5082503.496264 32.22168 -114.020996 18294.191895 8222.177124 -734.904785 2989.221802 947553.202335 172.156982 343.900757 18190.974121 9252.518311 -838.122559 4019.562988 1685933.603998 11.032715 755.204468 17318.883057 9334.293823 -1710.213623 4101.338501 1974580.813605 40.909424 423.544312
22387.685547 9322.836914 3375.52002 4082.854614 2806383.720342 -13.90625 -34.216309 16871.37207 8603.886719 -2140.793457 3363.904419 1589884.956547 78.554688 89.223022 22921.728516 14442.188721 3909.562988 9202.206421 9996528.577216 -55.439453 2.802734 13016.500244 11183.234863 -5995.665283 5943.252563 7127025.322148 27.729492 -4.628906 20412.536621 12369.9646 1400.371094 7129.9823 5279768.679574 -115.634766 -156.877441 15629.633789 8512.84668 -3382.531738 3272.86438 2215316.220959 173.276367 206.332397 18220.614014 10334.239502 -791.551514 5094.257202 2657801.024044 -27.502441 -584.102783 17321.311035 10936.383057 -1690.854492 5696.400757 3530797.049623 29.558105 -312.398682 17712.773438 12006.678467 -1299.39209 6766.696167 4747659.681954 -98.171387 -250.601807 18373.166504 9332.827148 -638.999023 4092.844849 1715969.870693 78.974609 1110.650024 18239.160156 9615.874634 -773.005371 4375.892334 1974597.102236 48.186035 363.356323 17309.613037 9525.132446 -1702.55249 4285.150146 2126119.675992 -9.27002 190.838623
22381.203613 9333.05481 3376.359863 4103.531494 2823877.664978 -6.481934 10.217896 16810.075684 8724.250488 -2194.768066 3494.727173 1703012.487798 -61.296387 120.36377 22871.582031 14445.358887 3866.738281 9215.835571 9988329.021272 -50.146484 3.170166 13008.175049 11211.115723 -5996.668701 5981.592407 7173948.32378 -8.325195 27.880859 20367.706299 12255.581055 1362.862549 7026.057739 5122288.168238 -44.830322 -114.383545 15807.775879 8844.740601 -3197.067871 3615.217285 2329103.899127 178.14209 331.893921 18049.099121 10260.113525 -955.744629 5030.59021 2622028.565624 -171.514893 -74.125977 17309.989014 10795.130615 -1694.854736 5565.6073 3384851.719289 -11.322021 -141.252441 17695.651855 11908.063965 -1309.191895 6678.540649 4631688.862258 -17.121582 -98.614502 18307.757568 9172.857666 -697.086182 3943.334351 1603581.494515 -65.408936 -159.969482 18112.171631 9327.269287 -892.672119 4097.745972 1758838.556071 -126.988525 -288.605347 17368.081055 9582.23877 -1636.762695 4352.715454 2162512.394514 58.468018 57.106323
22397.277832 9356.87439 3371.499023 4093.760986 2812588.467822 16.074219 23.81958 16741.142578 8582.959595 -2284.63623 3319.846191 1624094.144017 -68.933105 -141.290894 22835.500488 14450.78125 3809.72168 9187.667847 9892721.973759 -36.081543 5.422363 12984.630127 11207.188721 -6041.148682 5944.075317 7182750.877241 -23.544922 -3.927002 20318.193359 12114.942627 1292.414551 6851.829224 4861789.90809 -49.512939 -140.638428 15916.166992 9212.133179 -3109.611816 3949.019775 2526444.283516 108.391113 367.392578 18264.705811 10188.54126 -761.072998 4925.427856 2483907.16774 215.606689 -71.572266 17233.476562 10744.125977 -1792.302246 5481.012573 3325384.616939 -76.512451 -51.004639 17709.414062 11751.224365 -1316.364746 6488.110962 4382839.999887 13.762207 -156.8396 18402.154541 9905.950928 -623.624268 4642.837524 2194484.750522 94.396973 733.093262 18093.549805 10085.166626 -932.229004 4822.053223 2412124.819785 -18.621826 757.897339 16940.90332 10282.701416 -2084.875488 5019.588013 2954296.961883 -427.177734 700.462646
22383.984375 9330.872192 3380.965576 4057.182007 2789165.406385 -13.293457 -26.002197 16853.007812 8434.590454 -2150.010986 3160.900269 1461383.774908 111.865234 -148.369141 22858.469238 14412.980957 3855.450439 9139.290771 9839113.389682 22.96875 -37.800293 12973.80127 11210.189209 -6029.217529 5936.499023 7159348.467086 -10.828857 3.000488 20292.342529 12072.595215 1289.32373 6798.905029 4788746.527935 -25.85083 -42.347412 15952.646484 9484.195557 -3050.372314 4210.505371 2703312.673679 36.479492 272.062378 18230.556641 10208.339844 -772.462158 4934.649658 2494746.503506 -34.14917 19.798584 17069.94751 10881.516113 -1933.071289 5607.825928 3518447.624437 -163.529053 137.390137 17678.383789 11830.675049 -1324.63501 6556.984863 4474870.84064 -31.030273 79.450684 18512.852783 10095.593262 -490.166016 4821.903076 2349101.199887 110.698242 189.642334 17713.756104 10630.911865 -1289.262695 5357.22168 3036202.242284 -379.793701 545.745239 16734.616699 10459.619141 -2268.4021 5185.928955 3203950.721263 -206.286621 176.917725
22392.893066 9359.61731 3363.474121 4064.984131 2783705.414741 8.908691 28.745117 16879.260254 8414.049683 -2150.158691 3119.416504 1435394.172307 26.252441 -20.540771 22861.14502 14416.397705 3831.726074 9121.764526 9788871.278234 2.675781 3.416748 13010.192871 11276.68457 -6019.226074 5982.051392 7201602.138432 36.391602 66.495361 20215.794678 12120.830078 1186.375732 6826.196899 4800445.148805 -76.547852 48.234863 16104.871826 9746.414185 -2924.547119 4451.781006 2837132.99762 152.225342 262.218628 18023.97583 10316.994629 -1005.443115 5022.36145 2623503.039438 -206.580811 108.654785 16941.02417 11057.849121 -2088.394775 5763.215942 3757605.073641 -128.92334 176.333008 17617.026367 11993.87085 -1412.392578 6699.237671 4687463.816593 -61.357422 163.195801 18406.516113 10350.882568 -622.902832 5056.24939 2595366.582847 -106.33667 255.289307 17789.138184 10782.874756 -1240.280762 5488.241577 3165909.197703 75.38208 151.962891 16871.340332 10810.560303 -2158.078613 5515.927124 3508275.533864 136.723633 350.941162
22394.328613 9326.037598 3391.689453 4045.569458 2787018.9586 1.435547 -33.579712 16917.735596 8456.015625 -2084.903564 3175.547485 1443092.470479 38.475342 41.965942 22982.46582 14342.116699 3979.82666 9061.64856 9795249.486205 121.320801 -74.281006 12994.663086 11288.192139 -6007.976074 6007.723999 7218852.415683 -15.529785 11.507568 20231.503906 12313.557129 1228.864746 7033.088989 5097444.929501 15.709229 192.727051 16116.569824 9836.102295 -2886.069336 4555.634155 2908319.876853 11.697998 89.68811 18010.772705 10589.702148 -991.866455 5309.234009 2917176.482479 -13.203125 272.70752 16972.828369 11249.429932 -2029.810791 5968.961792 3974863.672159 31.804199 191.580811 17709.84375 12156.103516 -1292.79541 6875.635376 4894568.17959 92.817383 162.232666 18489.051514 10469.440918 -513.587646 5188.972778 2718921.076477 82.5354 118.55835 18314.814453 10743.590088 -687.824707 5463.121948 3031880.424897 525.67627 -39.284668 16906.23291 10923.565674 -2096.40625 5643.097534 3623946.89453 34.892578 113.005371
22387.314453 9362.424927 3372.852783 4035.168457 2765872.037378 -7.01416 36.387329 16852.322998 8489.044189 -2162.138672 3161.78772 1467174.522103 -65.412598 33.028564 22983.669434 14400.057373 3969.207764 9072.800903 9807032.650248 1.203613 57.940674 12992.607422 11271.047363 -6021.854248 5943.790894 7159137.877102 -2.055664 -17.144775 20220.524902 12382.415771 1206.063232 7055.159302 5122986.129378 -10.979004 68.858643 16078.291016 9874.664307 -2936.170654 4547.407837 2930001.614638 -38.278809 38.562012 18072.093506 10701.361084 -942.368164 5374.104614 2976905.816163 61.320801 111.658936 17023.920898 11395.373535 -1990.540771 6068.117065 4078429.72827 51.092529 145.943604 17622.337646 12176.221924 -1392.124023 6848.965454 4884633.708811 -87.506104 20.118408 18384.654541 10541.501465 -629.807129 5214.244995 2758500.788873 -104.396973 72.060547 18234.943848 10824.434814 -779.517822 5497.178345 3082661.778896 -79.870605 80.844727 16896.053467 10958.026123 -2118.408203 5630.769653 3619322.020382 -10.179443 34.460449
22406.462402 9306.590576 3410.097656 4002.594604 2764952.959307 19.147949 -55.834351 16900.375977 8478.54248 -2095.98877 3174.546509 1447091.445847 48.052979 -10.501709 22968.73291 14405.24292 3972.368164 9101.246948 9861240.484374 -14.936523 5.185547 12977.679443 11282.318115 -6018.685303 5978.322144 7196490.842547 -14.927979 11.270752 20192.104492 12383.227539 1195.739746 7079.231567 5154531.312502 -28.42041 0.811768 16106.893311 9906.18103 -2889.471436 4602.185059 2952915.249038 28.602295 31.516724 18281.341553 10657.745361 -715.023193 5353.74939 2917389.06942 209.248047 -43.615723 17057.382812 11453.377686 -1938.981934 6149.381714 4157454.640165 33.461914 58.00415 17705.274658 12258.165283 -1291.090088 6954.169312 5002738.442838 82.937012 81.943359 18507.106934 10470.949707 -489.257812 5166.953735 2693678.411036 122.452393 -70.551758 18597.960205 10742.022705 -398.404541 5438.026733 2973086.093146 363.016357 -82.412109 16976.806641 11138.929443 -2019.558105 5834.933472 3812506.356029 80.753174 180.90332
22390.507812 9358.553467 3371.134033 4030.541382 2760980.850051 -15.95459 51.962891 16850.413818 8496.112671 -2168.959961 3168.100586 1474124.863477 -49.962158 17.57019 22976.992188 14452.475586 3957.618408 9124.463501 9891857.76456 8.259277 47.232666 12968.829346 11270.595703 -6050.544434 5942.583618 7192338.800176 -8.850098 -11.722412 20278.38623 12451.918945 1259.012451 7123.90686 5233516.130717 86.281738 68.691406 16068.525391 9945.527344 -2950.848389 4617.515259 3002895.337808 -38.36792 39.346313 18261.18042 10643.022461 -758.193359 5315.010376 2882419.246694 -20.161133 -14.7229 17078.759766 11475.358887 -1940.614014 6147.346802 4155585.545114 21.376953 21.981201 17645.977783 12258.988037 -1373.395996 6930.975952 4992464.421135 -59.296875 0.822754 18438.134766 10450.20752 -581.239014 5122.195435 2657472.486095 -68.972168 -20.742188 18572.27417 10758.582764 -447.099609 5430.570679 2969099.595718 -25.686035 16.560059 17025.950928 11097.397461 -1993.422852 5769.385376 3725954.228166 49.144287 -41.531982
22420.019531 9334.343872 3397.230225 4028.92334 2777339.647734 29.511719 -24.209595 16888.4729 8497.963867 -2134.316406 3192.543335 1474763.946759 38.059082 1.851196 22934.538574 14411.964111 3911.749268 9106.543579 9823091.829047 -42.453613 -40.511475 13001.379395 11302.967529 -6021.409912 5997.546997 7222794.731172 32.550049 32.371826 20147.050781 12415.223389 1124.261475 7109.802856 5181326.052081 -131.335449 -36.695557 16090.794678 9967.352295 -2931.994629 4661.931763 3033020.026396 22.269287 21.824951 18291.068115 10715.076904 -731.721191 5409.656372 2979979.796583 29.887695 72.054443 17043.129883 11508.995361 -1979.659424 6203.574829 4240339.209461 -35.629883 33.636475 17691.175537 12280.800781 -1331.61377 6975.380249 5042912.484967 45.197754 21.812744 18506.708984 10550.651855 -516.080322 5245.231323 2777879.053335 68.574219 100.444336 18569.240723 10793.525391 -453.548584 5488.104858 3032500.125481 -3.033447 34.942627 16970.064697 11244.285889 -2052.724609 5938.865356 3948380.004392 -55.88623 146.888428
22434.267578 9388.997192 3390.715332 4070.716553 2806768.371558 14.248047 54.65332 16883.4021 8479.47937 -2160.150146 3161.19873 1465942.606887 -5.070801 -18.484497 22916.645508 14434.80835 3873.093262 9116.52771 9811192.890046 -17.893066 22.844238 12989.805908 11334.584961 -6053.746338 6016.304321 7284376.240989 -11.573486 31.617432 20142.182617 12445.562744 1098.630371 7127.282104 5200513.88893 -4.868164 30.339355 16103.521729 9988.372803 -2940.030518 4670.092163 3045354.025601 12.727051 21.020508 18238.647461 10765.631104 -804.904785 5447.350464 3032149.878936 -52.420654 50.554199 17067.747803 11531.5271 -1975.804443 6213.24646 4250823.477062 24.61792 22.531738 17629.036865 12296.987305 -1414.515381 6978.706665 5070320.047935 -62.138672 16.186523 18515.98999 10565.192871 -527.562256 5246.912231 2780840.98983 9.281006 14.541016 18535.949707 10805.163574 -507.602539 5486.882935 3036354.467534 -33.291016 11.638184 17009.398193 11256.531982 -2034.154053 5938.251343 3940061.172021 39.333496 12.246094
22444.772949 9424.763184 3395.29541 4124.379883 2853854.033998 10.505371 35.765991 16773.47168 8511.772461 -2276.005859 3211.38916 1549322.300988 -109.93042 32.293091 22919.152832 14506.113281 3869.675293 9205.72998 9971985.134631 2.507324 71.304932 12972.598877 11356.104736 -6076.878662 6055.721436 7360021.637894 -17.207031 21.519775 20212.385254 12517.88208 1162.907715 7217.498779 5344464.298239 70.202637 72.319336 16057.854004 10017.980347 -2991.623535 4717.597046 3120553.326357 -45.667725 29.607544 18118.909912 10828.284912 -930.567627 5527.901611 3142365.233286 -119.737549 62.653809 16994.094238 11614.639893 -2055.383301 6314.256592 4409443.682018 -73.653564 83.112793 17566.566162 12370.679932 -1482.911377 7070.296631 5218812.060024 -62.470703 73.692627 18396.678467 10649.260254 -652.799072 5348.876953 2903663.128842 -119.311523 84.067383 18471.394043 10856.750488 -578.083496 5556.367188 3120739.685078 -64.555664 51.586914 17025.229492 11212.905273 -2024.248047 5912.521973 3905549.623242 15.831299 -43.626709
22431.687012 9426.035767 3369.333496 4122.762451 2834957.843669 -13.085938 1.272583 16813.148193 8523.603516 -2249.205322 3220.3302 1542945.118 39.676514 11.831055 22957.597656 14486.520996 3895.244141 9183.247681 9950496.48795 38.444824 -19.592285 12973.607178 11422.077637 -6088.746338 6118.804321 7451259.82894 1.008301 65.9729 20154.683838 12548.415527 1092.330322 7245.142212 5368527.12038 -57.701416 30.533447 16070.405273 10058.587646 -2991.948242 4755.314331 3156476.867106 12.55127 40.6073 17966.610107 11046.810303 -1095.743408 5743.536987 3418887.074116 -152.299805 218.525391 16981.405029 11686.71875 -2080.948486 6383.445435 4507872.221889 -12.689209 72.078857 17576.439209 12457.312012 -1485.914307 7154.038696 5338821.099468 9.873047 86.63208 18324.151611 10856.933594 -738.201904 5553.660278 3138808.45385 -72.526855 207.67334 18219.069824 11018.687744 -843.283691 5715.414429 3337708.947611 -252.324219 161.937256 16862.459717 11253.322754 -2199.893799 5950.049438 4024262.104644 -162.769775 40.41748
22444.030762 9414.40918 3382.020264 4144.252319 2861288.835021 12.34375 -11.626587 16920.430908 8524.226074 -2141.57959 3254.069214 1517532.958827 107.282715 0.622559 23022.158203 14439.580078 3960.147705 9169.423218 9976109.199268 64.560547 -46.940918 13035.822754 11414.847412 -6026.187744 6144.690552 7407216.070449 62.215576 -7.230225 20267.652588 12658.990479 1205.64209 7388.833618 5604843.508571 112.96875 110.574951 16031.936035 10200.845337 -3030.074463 4930.688477 3349304.010357 -38.469238 142.25769 18233.969727 11069.741211 -828.040771 5799.584351 3432083.01588 267.359619 22.930908 17052.711182 11760.268555 -2009.299316 6490.111694 4615883.354787 71.306152 73.549805 17767.862549 12731.707764 -1294.147949 7461.550903 5734956.079731 191.42334 274.395752 18295.327148 11233.518066 -766.68335 5963.361206 3614948.023245 -28.824463 376.584473 17705.447998 11655.310059 -1356.5625 6385.153198 4261044.318143 -513.621826 636.622314 16847.044678 11540.969238 -2214.96582 6270.812378 4422916.146435 -15.415039 287.646484
22462.746582 9431.224976 3382.957764 4154.078979 2870077.539865 18.71582 16.815796 16937.857666 8547.36084 -2141.931152 3270.214844 1528217.418566 17.426758 23.134766 23056.960449 14466.656494 3977.171631 9189.510498 10026499.737503 34.802246 27.076416 13057.119141 11533.109131 -6022.669678 6255.963135 7540962.479065 21.296387 118.261719 20291.313477 12759.720459 1211.524658 7482.574463 5745671.259014 23.660889 100.72998 16036.231689 10318.916016 -3043.557129 5041.77002 3468268.492676 4.295654 118.070679 18179.642334 11330.731201 -900.146484 6053.585205 3745615.752847 -54.327393 260.98999 17082.175293 12121.157227 -1997.613525 6844.01123 5083094.951961 29.464111 360.888672 17789.104004 13067.877197 -1290.684814 7790.731201 6236135.993917 21.241455 336.169434 18376.715088 11440.206299 -703.07373 6163.060303 3847762.496562 81.387939 206.688232 17699.848633 12037.384033 -1379.940186 6760.238037 4760505.323407 -5.599365 382.073975 16776.378174 11754.801025 -2303.410645 6477.655029 4726571.527591 -70.666504 213.831787
22470.061035 9468.230591 3373.824463 4159.486084 2868401.598926 7.314453 37.005615 16954.753418 8630.917969 -2141.483154 3322.173462 1562278.661118 16.895752 83.557129 23140.439453 14528.344727 4044.202881 9219.60022 10135660.515313 83.479004 61.688232 13077.797852 11690.274658 -6018.438721 6381.530151 7694553.170767 20.678711 157.165527 20344.569092 12978.673096 1248.33252 7669.928589 6038613.863764 53.255615 218.952637 16007.452393 10535.386963 -3088.78418 5226.642456 3685837.907212 -28.779297 216.470947 18112.484131 11733.520508 -983.752441 6424.776001 4224551.55287 -67.158203 402.789307 17002.962646 12752.623291 -2093.273926 7443.878784 5979312.708192 -79.212646 631.466064 17704.709473 13556.625977 -1391.5271 8247.88147 6996389.640761 -84.394531 488.748779 18426.756592 11677.587891 -669.47998 6368.843384 4101036.949148 50.041504 237.381592 18151.203613 12099.688721 -945.032959 6790.944214 4701001.060942 451.35498 62.304688 16948.614502 12122.927246 -2147.62207 6814.182739 5104536.696089 172.236328 368.126221
22473.317871 9477.76062 3376.25 4157.086182 2868042.958409 3.256836 9.530029 16865.610352 8658.903198 -2231.45752 3338.22876 1612317.3914 -89.143066 27.985229 23110.473633 14479.443359 4013.405762 9158.768921 9999047.395461 -29.96582 -48.901367 13223.673096 11789.0979 -5873.394775 6468.423462 7633726.827023 145.875244 98.823242 20320.72876 13177.236328 1223.660889 7856.56189 6322291.069634 -23.840332 198.563232 15924.433594 10812.728271 -3172.634277 5492.053833 4022826.356243 -83.018799 277.341309 17409.311523 12924.708252 -1687.756348 7604.033813 6066985.172555 -703.172607 1191.187744 16996.038818 13602.386475 -2101.029053 8281.712036 7300107.732986 -6.923828 849.763184 17844.934082 14257.020264 -1252.133789 8936.345825 8142611.57332 140.224609 700.394287 18371.387939 12129.642334 -725.679932 6808.967896 4688865.516524 -55.368652 452.054443 18203.17627 12459.365234 -893.891602 7138.690796 5175994.847479 51.972656 359.676514 16868.863525 12621.955566 -2228.204346 7301.281128 5827360.071527 -79.750977 499.02832
22493.469238 9485.791626 3418.277588 4208.847046 2939901.512364 20.151367 8.031006 16882.86377 8640.128174 -2192.327881 3363.183594 1611730.542246 17.253418 -18.775024 23193.908691 14454.730225 4118.717041 9177.785645 10119557.940092 83.435059 -24.713135 13263.806152 12039.069824 -5811.385498 6762.125244 7949853.922435 40.133057 249.971924 20361.328125 13627.384033 1286.136475 8350.439453 7138398.609163 40.599365 450.147705 15832.873535 10989.849854 -3242.318115 5712.905273 4314991.342365 -91.560059 177.121582 17658.321533 13470.847168 -1416.870117 8193.902588 6914756.054882 249.01001 546.138916 17239.472656 14235.184326 -1835.718994 8958.239746 8361992.357394 243.433838 632.797852 18055.910645 14833.31543 -1019.281006 9556.37085 9236315.758417 210.976562 576.295166 18499.27124 12475.45166 -575.92041 7198.50708 5215018.850077 127.883301 345.809326 18243.674316 13067.774658 -831.517334 7790.830078 6138845.438293 40.498047 608.409424 16839.990234 13096.008301 -2235.201416 7819.063721 6613388.283857 -28.873291 474.052734
22505.354004 9492.080078 3398.730469 4217.265015 2933669.300299 11.884766 6.288452 16890.065918 8656.428223 -2216.557617 3381.613159 1634843.522865 7.202148 16.300049 23188.388672 14426.89209 4081.765137 9152.077026 10042132.052789 -5.52002 -27.838135 13444.771729 12284.150391 -5661.851807 7009.335327 8118734.760877 180.965576 245.080566 20483.640137 14032.716064 1377.016602 8757.901001 7859700.466389 122.312012 405.332031 15614.47998 11388.395996 -3492.143555 6113.580933 4957093.842621 -218.393555 398.546143 17660.533447 13965.408936 -1446.090088 8690.593872 7761759.839156 2.211914 494.561768 17330.194092 14758.199463 -1776.429443 9483.384399 9309028.123428 90.721436 523.015137 18350.926514 15508.50708 -755.697021 10233.692017 10529953.027893 295.015869 675.19165 18303.308105 13107.852783 -803.31543 7833.03772 6200179.559823 -195.963135 632.401123 18294.299316 13481.356201 -812.324219 8206.541138 6800718.808105 50.625 413.581543 16825.128174 13517.86377 -2281.495361 8243.048706 7315307.305415 -14.862061 421.855469
22516.137695 9514.014282 3354.189453 4244.16626 2926353.412799 10.783691 21.934204 16854.500732 8711.070557 -2307.44751 3441.222534 1716632.654007 -35.565186 54.642334 23190.212402 14360.57373 4028.26416 9090.725708 9886820.604223 1.82373 -66.318359 13590.531006 12544.133301 -5571.417236 7274.285278 8395591.633164 145.759277 259.98291 20756.411133 14493.90625 1594.462891 9224.058228 8762556.209461 272.770996 461.190186 15553.769531 11630.592041 -3608.178711 6360.744019 5347801.807964 -60.710449 242.196045 17771.392822 14581.156006 -1390.55542 9311.307983 8863410.073757 110.859375 615.74707 17562.37793 15247.480469 -1599.570312 9977.632446 10211177.441787 232.183838 489.281006 18693.857422 16191.520996 -468.09082 10921.672974 11950204.955904 342.930908 683.013916 18230.009766 13293.092041 -931.938477 8023.244019 6524095.390537 -73.29834 185.239258 18213.380127 13774.776611 -948.568115 8504.928589 7323359.177097 -80.919189 293.42041 16960.671387 14001.599121 -2201.276855 8731.751099 8108909.70429 135.543213 483.735352
22577.746582 9586.759033 3469.014893 4313.813477 3064305.10355 61.608887 72.744751 16928.619385 8735.422363 -2180.112305 3462.476807 1674163.529757 74.118652 24.351807 23245.739746 14353.630371 4137.008057 9080.684814 9957367.236015 55.527344 -6.943359 13815.340576 12678.922119 -5293.391113 7405.976562 8286847.832246 224.80957 134.788818 20731.323242 14985.701904 1622.591553 9712.756348 9697043.921594 -25.087891 491.795654 15626.724854 11971.888428 -3482.006836 6698.942871 5700020.719569 72.955322 341.296387 18004.11377 15684.577637 -1104.61792 10411.63208 10962226.331992 232.720947 1103.421631 17961.116943 15944.473877 -1147.614746 10671.52832 11519853.629668 398.739014 696.993408 18870.227051 16863.013916 -238.504639 11590.068359 13438656.903765 176.369629 671.49292 18324.805908 13534.77417 -783.925781 8261.828613 6887235.166574 94.796143 241.682129 18132.385254 14076.333008 -976.346436 8803.387451 7845288.297766 -80.994873 301.556396 16910.55542 14234.978027 -2198.17627 8962.032471 8515000.491787 -50.115967 233.378906
22587.329102 9611.647949 3482.080078 4344.682007 3100114.3411 9.58252 24.888916 16857.658691 8833.502808 -2247.590332 3566.536865 1777184.751172 -70.960693 98.080444 23245.849609 14429.931641 4140.600586 9162.965698 10110451.359943 0.109863 76.30127 14041.491699 13007.536621 -5063.757324 7740.570679 8555807.26707 226.151123 328.614502 20861.54541 15412.923584 1756.296387 10145.957642 10602503.346317 130.222168 427.22168 15517.138672 12299.213867 -3588.110352 7032.247925 6232704.677091 -109.586182 327.325439 18141.782227 16191.44165 -963.466797 10924.475708 12027243.776353 137.668457 506.864014 18265.587158 16845.585938 -839.661865 11578.619995 13476947.303926 304.470215 901.112061 19359.299316 17537.949219 254.050293 12270.983276 15064157.212024 489.072266 674.935303 18266.385498 13432.270508 -838.863525 8165.304565 6737589.066046 -58.42041 -102.503662 18063.138428 14192.978516 -1042.110596 8926.012573 8075969.495135 -69.246826 116.645508 16819.669189 14453.128662 -2285.579834 9186.16272 8960946.069081 -90.88623 218.150635
22564.191895 9642.385864 3411.420898 4386.082153 3087550.920197 -23.137207 30.737915 16844.87915 8938.903198 -2307.891846 3682.599487 1888790.375536 -12.779541 105.400391 23196.743164 14312.662354 4043.972168 9056.358643 9837134.275831 -49.106445 -117.269287 14327.580566 13140.584717 -4825.19043 7884.281006 8544434.96621 286.088867 133.048096 21179.509277 15657.332764 2026.738281 10401.029053 11228907.341651 317.963867 244.40918 15527.706299 12552.613525 -3625.064697 7296.309814 6637723.096785 10.567627 253.399658 18218.122559 16709.908447 -934.648438 11453.604736 13205862.915776 76.340332 518.466797 18296.817627 17168.790283 -855.953369 11912.486572 14263999.250455 31.230469 323.204346 19660.064697 18133.330078 507.293701 12877.026367 16607515.496049 300.765381 595.380859 18206.342773 13432.562256 -946.428223 8176.258545 6774693.017405 -60.042725 0.291748 18060.682373 14206.361084 -1092.088623 8950.057373 8129618.454142 -2.456055 13.382568 16928.509521 14605.095215 -2224.261475 9348.791504 9234724.169094 108.840332 151.966553
22618.781738 9689.613647 3468.066406 4473.457031 3203930.24086 54.589844 47.227783 16821.990967 8997.401733 -2328.724365 3781.245117 1972077.180549 -22.888184 58.498535 23211.364746 14366.741943 4060.649414 9150.585327 10022208.549335 14.621582 54.07959 14607.169189 12900.114746 -4543.546143 7683.95813 7968702.409153 279.588623 -240.469971 21051.442871 15757.636719 1900.727539 10541.480103 11473556.792998 -128.066406 100.303955 15595.085449 13008.475342 -3555.629883 7792.318726 7336273.498467 67.37915 455.861816 18345.693359 17466.153564 -805.021973 12249.996948 15071048.56084 127.570801 756.245117 18305.994873 18199.667969 -844.720459 12983.511353 16928511.969534 9.177246 1030.877686 19868.370361 18587.076416 717.655029 13370.9198 17929652.503388 208.305664 453.746338 18338.071289 13563.894043 -812.644043 8347.737427 7034511.048667 131.728516 131.331787 18190.853271 14216.085205 -959.862061 8999.928589 8192004.977999 130.170898 9.724121 17025.185547 14818.782959 -2125.529785 9602.626343 9672830.954651 96.676025 213.687744
22614.360352 9698.745728 3457.390137 4482.095337 3204272.516667 -4.421387 9.13208 16836.903076 9003.334961 -2320.067139 3786.68457 1972169.156299 14.912109 5.933228 23217.792969 14421.280518 4060.822754 9204.630127 10121549.721266 6.428223 54.538574 14805.231934 12981.658936 -4351.738281 7765.008545 7923298.377121 198.062744 81.544189 21088.249512 15769.940186 1931.279297 10553.289795 11510176.521814 36.806641 12.303467 15711.496582 13340.794678 -3445.473633 8124.144287 7787300.895218 116.411133 332.319336 18323.978271 17614.073486 -832.991943 12397.423096 15438997.499157 -21.715088 147.919922 18153.977051 18441.204834 -1002.993164 13224.554443 17589483.551253 -152.017822 241.536865 19896.325684 18745.969238 739.355469 13529.318848 18358911.499072 27.955322 158.892822 18361.879883 13777.851562 -795.090332 8561.201172 7392633.41414 23.808594 213.95752 18250.614014 14338.051758 -906.356201 9121.401367 8402144.446473 59.760742 121.966553 17167.406006 15053.708496 -1989.564209 9837.058105 10072607.791204 142.220459 234.925537
22594.345703 9685.999756 3461.859131 4462.359619 3189712.201245 -20.014648 -12.745972 16778.717041 9077.714233 -2353.769531 3854.074097 2039411.814894 -58.186035 74.379272 23208.251953 14429.017334 4075.765381 9205.377197 10135083.278375 -9.541016 7.736816 15028.580322 13003.295898 -4103.90625 7779.655762 7736509.027963 223.348389 21.636963 20958.02002 15903.724365 1825.533447 10680.084229 11739677.149527 -130.229492 133.78418 15756.260986 13589.173584 -3376.225586 8365.533447 8138104.906446 44.764404 248.378906 18239.552002 17729.665527 -892.93457 12506.025391 15719800.321782 -84.42627 115.592041 18147.340088 18568.521729 -985.146484 13344.881592 17905637.829476 -6.636963 127.316895 19834.707031 18934.696045 702.220459 13711.055908 18848616.769089 -61.618652 188.726807 18414.975586 14201.894531 -717.510986 8978.254395 8112387.398842 53.095703 424.042969 18337.019043 14747.592773 -795.467529 9523.952637 9133844.241663 86.405029 409.541016 17023.039551 15400.157471 -2109.447021 10176.517334 10801127.178533 -144.366455 346.448975
22596.530762 9681.721191 3453.115234 4469.694824 3190217.664352 2.185059 -4.278564 16813.348389 9037.422485 -2330.067139 3825.396118 2006286.833158 34.631348 -40.291748 23143.942871 14389.842529 4000.527344 9177.816162 10023652.853357 -64.309082 -39.174805 15085.649414 13149.071045 -4057.766113 7937.044678 7946214.404645 57.069092 145.775146 20924.47998 15986.108398 1781.064453 10774.082031 11925303.420229 -33.540039 82.384033 15839.268799 13783.71582 -3304.146729 8571.689453 8439124.568437 83.007812 194.542236 18281.130371 17899.005127 -862.285156 12686.97876 16170296.574143 41.578369 169.3396 18309.057617 18737.44873 -834.35791 13525.422363 18363320.322739 161.717529 168.927002 20025.665283 19052.966309 882.249756 13840.939941 19234998.309333 190.958252 118.270264 18615.64209 14465.535889 -527.773438 9253.509521 8590598.326553 200.666504 263.641357 18514.788818 15071.761475 -628.626709 9859.735107 9760954.792778 177.769775 324.168701 17146.524658 15851.651611 -1996.890869 10639.625244 11718919.847901 123.485107 451.494141
22589.07959 9680.685425 3471.68457 4460.345459 3194727.536923 -7.451172 -1.035767 16794.870605 9134.760742 -2322.524414 3914.420776 2071680.966837 -18.477783 97.338257 23174.616699 14437.122803 4057.22168 9216.782837 10141013.362096 30.673828 47.280273 15212.601318 13160.092773 -3904.793701 7939.752808 7828708.849478 126.951904 11.021729 20936.416016 15922.896729 1819.020996 10702.556763 11785355.864295 11.936035 -63.21167 16058.470459 13985.412598 -3058.924561 8765.072632 8618351.770848 219.20166 201.696777 18402.76123 18244.277344 -714.633789 13023.937378 17013364.62767 121.630859 345.272217 18543.087158 19073.966064 -574.307861 13853.626099 19225278.56003 234.029541 336.517334 20206.800537 19037.67334 1089.405518 13817.333374 19210550.595063 181.135254 -15.292969 18729.637451 14441.851807 -387.757568 9221.511841 8518663.656221 113.995361 -23.684082 18679.056396 15305.181885 -438.338623 10084.841919 10189617.727857 164.267578 233.42041 17369.25415 16028.321533 -1748.140869 10807.981567 11986846.205925 222.729492 176.669922
22592.841797 9685.826416 3479.221191 4430.474243 3173408.211807 3.762207 5.140991 16798.14209 9126.49231 -2315.478516 3871.140137 2034716.671444 3.271484 -8.268433 23175.070801 14379.718018 4061.450195 9124.365845 9974942.975742 0.454102 -57.404785 15201.296387 13223.946533 -3912.324219 7968.59436 7880477.687244 -11.304932 63.85376 20917.91748 15952.13623 1804.296875 10696.784058 11767667.638843 -18.498535 29.239502 16099.366455 14083.779297 -3014.25415 8828.427124 8702685.356734 40.895996 98.366699 18471.141357 18560.457764 -642.479248 13305.105591 17743861.436705 68.380127 316.18042 18607.668457 19333.809814 -505.952148 14078.457642 19845895.714288 64.581299 259.84375 20280.83252 19217.462158 1167.211914 13962.109985 19630289.889538 74.031982 179.788818 18822.811279 14549.812012 -290.809326 9294.459839 8647155.37605 93.173828 107.960205 18775.371094 15499.195557 -338.249512 10243.843384 10505074.000378 96.314697 194.013672 17478.188477 16213.806152 -1635.432129 10958.453979 12276235.186891 108.934326 185.484619
22595.634766 9682.193604 3486.343994 4427.77832 3175981.529931 2.792969 -3.632812 16803.134766 9107.414551 -2306.156006 3852.999268 2016395.887932 4.992676 -19.077759 23151.628418 14426.138916 4042.337646 9171.723633 10046100.804488 -23.442383 46.420898 15186.821289 13209.573975 -3922.469482 7955.158691 7867031.664599 -14.475098 -14.372559 20893.085938 15968.226318 1783.795166 10713.811035 11796767.209134 -24.831543 16.090088 16187.856445 14131.936035 -2921.434326 8877.520752 8734515.322349 88.48999 48.156738 18648.824463 18547.60498 -460.466309 13293.189697 17692092.154884 177.683105 -12.852783 18685.806885 19382.059326 -423.483887 14127.644043 19976966.480714 78.138428 48.249512 20375.725098 19276.156006 1266.434326 14021.740723 19821306.87959 94.892578 58.693848 18978.505859 14647.838135 -130.784912 9393.422852 8825349.756149 155.69458 98.026123 18861.52832 15583.817139 -247.762451 10329.401855 10675792.892397 86.157227 84.621582 17613.226318 16246.029053 -1496.064453 10991.61377 12305378.210645 135.037842 32.2229
22584.477539 9693.504639 3492.43042 4427.496338 3179979.406003 -11.157227 11.311035 16773.405762 9136.342163 -2318.641357 3870.333862 2035558.195005 -29.729004 28.927612 23169.353027 14407.155762 4077.305908 9141.147461 10018500.037167 17.724609 -18.983154 15165.344238 13212.738037 -3926.702881 7946.729736 7856950.901679 -21.477051 3.164062 21016.85791 15860.769043 1924.810791 10594.760742 11595385.176541 123.771973 -107.457275 16237.612305 14156.955566 -2854.434814 8890.947266 8719674.139009 49.755859 25.019531 18715.153809 18442.062988 -376.893311 13176.054688 17375046.569553 66.329346 -105.541992 18718.612061 19332.937012 -373.435059 14066.928711 19801793.710158 32.805176 -49.122314 20392.126465 19230.12207 1300.079346 13964.11377 19668667.967354 16.401367 -46.033936 19010.263672 14555.563965 -81.783447 9289.555664 8630253.296796 31.757812 -92.27417 18957.37915 15554.094238 -134.667969 10288.085938 10586284.771919 95.85083 -29.7229 17662.680664 16156.936035 -1429.366455 10890.927734 12065539.537828 49.454346 -89.093018
22617.507324 9710.530396 3519.282227 4463.822632 3231105.987869 33.029785 17.025757 16775.148926 9112.48291 -2323.076172 3865.775146 2034090.038351 1.743164 -23.859253 23159.80957 14422.44751 4061.584473 9175.739746 10069066.831657 -9.543457 15.291748 15124.858398 13202.850342 -3973.366699 7956.142578 7908784.764991 -40.48584 -9.887695 20918.603516 15949.501953 1820.378418 10702.794189 11786358.10464 -98.254395 88.73291 16278.458252 14057.598877 -2819.766846 8810.891113 8558288.727423 40.845947 -99.356689 18703.116455 18436.717529 -395.108643 13190.009766 17413246.845672 -12.037354 -5.345459 18655.531006 19362.509766 -442.694092 14115.802002 19945184.421726 -63.081055 29.572754 20323.123779 19240.894775 1224.898682 13994.187012 19733764.689924 -69.002686 10.772705 19083.742676 14518.339844 -14.482422 9271.63208 8596337.116888 73.479004 -37.224121 18983.743896 15575.092773 -114.481201 10328.38501 10668864.285537 26.364746 20.998535 17769.726562 16122.631836 -1328.498535 10875.924072 12005063.27836 107.045898 -34.304199
22617.687988 9710.855103 3499.688721 4450.404053 3205391.737441 0.180664 0.324707 16763.391113 9114.395752 -2354.608154 3853.944702 2039706.93275 -11.757812 1.912842 23155.847168 14448.106689 4037.8479 9187.65564 10071723.181945 -3.962402 25.65918 14974.174805 13239.01001 -4143.824463 7978.55896 8082868.425682 -150.683594 36.159668 20949.616699 15983.336182 1831.617432 10722.885132 11833508.796644 31.013184 33.834229 16182.774658 13905.147705 -2935.224609 8644.696655 8334632.376918 -95.683594 -152.451172 18567.74292 18410.895996 -550.256348 13150.444946 17323698.433352 -135.373535 -25.821533 18539.996338 19266.92749 -578.00293 14006.47644 19651546.966304 -115.534668 -95.582275 20253.149414 19200.812988 1135.150146 13940.361938 19562225.683079 -69.974365 -40.081787 19097.581787 14731.77002 -20.41748 9471.31897 8970629.989981 13.839111 213.430176 18837.398682 15587.762451 -280.600586 10327.311401 10673209.746964 -146.345215 12.669678 17547.70752 16007.028809 -1570.291748 10746.577759 11795474.969968 -222.019043 -115.603027
22610.449219 9730.81604 3483.834229 4455.009155 3198420.750535 -7.23877 19.960938 16784.681396 9139.658813 -2341.933594 3863.851929 2041400.468454 21.290283 25.263062 23138.605957 14487.144775 4011.990967 9211.337891 10094481.725292 -17.241211 39.038086 14862.895508 13410.269775 -4263.719482 8134.462891 8434879.034374 -111.279297 171.259766 20884.226074 16009.821777 1757.611084 10734.014893 11830827.243663 -65.390625 26.485596 16112.039795 13658.132324 -3014.575195 8382.325439 7935104.33811 -70.734863 -247.015381 18376.346436 18322.921143 -750.268555 13047.114258 17079009.336057 -191.396484 -87.974854 18399.542236 19108.560791 -727.072754 13832.753906 19187371.542035 -140.454102 -158.366699 20290.197754 19130.461426 1163.582764 13854.654541 19330537.72988 37.04834 -70.351562 18982.689209 14912.368164 -143.925781 9636.561279 9288402.792015 -114.892578 180.598145 18813.946533 15187.838135 -312.668457 9912.03125 9834612.5065 -23.452148 -399.924316 17345.969238 15446.730957 -1780.645752 10170.924072 10661839.577774 -201.738281 -560.297852
22623.195801 9721.38855 3506.231689 4446.948242 3206900.932882 12.746582 -9.42749 16733.288574 9177.497559 -2383.675537 3903.057251 2091576.497061 -51.392822 37.838745 23168.571777 14472.503662 4051.607666 9198.063354 10101989.415257 29.96582 -14.641113 14597.67334 13704.261475 -4519.290771 8429.821167 9148587.398469 -265.222168 293.991699 20982.155762 15930.827637 1865.19165 10656.387329 11703753.080052 97.929688 -78.994141 16341.691895 13434.434814 -2775.272217 8159.994507 7428764.622892 229.6521 -223.69751 18328.212891 18376.971436 -788.751221 13102.531128 17229845.044653 -48.133545 54.050293 18372.658691 19101.881104 -744.30542 13827.440796 19175210.95222 -26.883545 -6.679688 20243.52417 19113.499756 1126.560059 13839.059448 19278870.39776 -46.673584 -16.96167 18501.381836 14282.373047 -615.582275 9007.932739 8152179.377277 -481.307373 -629.995117 18505.836182 14194.768066 -611.12793 8920.327759 7994572.467067 -308.110352 -993.070068 17808.602295 14129.951172 -1308.361816 8855.510864 8013188.330962 462.633057 -1316.779785
22631.154785 9708.409424 3519.134521 4424.487915 3196040.109063 7.958984 -12.979126 16707.037354 9137.977905 -2404.98291 3854.056396 2063769.350543 -26.251221 -39.519653 23142.041016 14481.802979 4030.020752 9197.88147 10084209.079231 -26.530762 9.299316 14412.915039 13616.68457 -4699.105225 8332.763062 9151653.015144 -184.758301 -87.576904 20959.257812 15960.534668 1847.237549 10676.613159 11740235.511257 -22.897949 29.707031 16138.057861 13048.082275 -2973.962402 7764.160767 6912664.478019 -203.634033 -386.352539 18353.737793 18384.769287 -758.282471 13100.847778 17220720.48161 25.524902 7.797852 18425.007324 19108.671875 -687.012939 13824.750366 19159570.946703 52.348633 6.790771 20280.777588 19096.938477 1168.757324 13813.016968 19216543.143491 37.253418 -16.561279 18440.852051 13249.163818 -671.168213 7965.24231 6389555.182016 -60.529785 -1033.209229 18445.856934 12011.339111 -666.16333 6727.417603 4570192.118129 -59.979248 -2183.428955 16735.333252 11890.117188 -2376.687012 6606.195679 4929046.249709 -1073.269043 -2239.833984
22671.765137 9721.817017 3565.52124 4413.259277 3218979.916362 40.610352 13.407593 16730.057373 9123.890991 -2376.186523 3815.333252 2020303.021763 23.02002 -14.086914 23112.126465 14421.279297 4005.882568 9112.721558 9908878.933815 -29.914551 -60.523682 14189.904785 13674.398193 -4916.339111 8365.840454 9415767.676106 -223.010254 57.713623 21035.793457 15977.867432 1929.549561 10669.309692 11755733.081858 76.535645 17.332764 15956.046143 12345.823975 -3150.197754 7037.266235 5944686.195594 -182.011719 -702.258301 18332.935791 18448.372803 -773.308105 13139.815063 17325274.532835 -20.802002 63.603516 18486.243896 19179.152832 -620.0 13870.595093 19277780.822767 61.236572 70.480957 20249.188232 19116.181641 1142.944336 13807.623901 19195679.955666 -31.589355 19.243164 18227.813721 12382.412109 -878.430176 7073.85437 5081105.522335 -213.03833 -866.751709 18242.075195 10441.982422 -864.168701 5133.424683 2709883.651619 -203.781738 -1569.356689 16338.242188 10281.829834 -2768.001709 4973.272095 3239526.878913 -397.091064 -1608.287354
22641.547852 9750.509644 3582.952881 4454.552002 3268058.488456 -30.217285 28.692627 16807.055664 9163.011475 -2251.539307 3867.053833 2002353.459673 76.998291 39.120483 23109.992676 14524.013672 4051.397705 9228.05603 10157084.146258 -2.133789 102.734375 13876.35498 13593.282471 -5182.23999 8297.324829 9570121.063601 -313.549805 -81.115723 20979.282227 15976.201172 1920.687256 10680.24353 11775664.140077 -56.51123 -1.66626 15695.449219 11741.166992 -3363.145752 6445.209351 5285147.292176 -260.596924 -604.656982 18444.993896 18413.092041 -613.601074 13117.134399 17243572.113057 112.058105 -35.280762 18432.016602 19256.453857 -626.578369 13960.496216 19528805.504461 -54.227295 77.301025 20231.988525 19197.744141 1173.393555 13901.786499 19463652.029861 -17.199707 81.5625 18035.635986 11042.301025 -1022.958984 5746.343384 3406690.736813 -192.177734 -1340.111084 18121.020508 8992.756958 -937.574463 3696.799316 1454537.105925 -121.054688 -1449.225464 16425.778809 9029.490967 -2632.816162 3733.533325 2087099.203381 87.536621 -1252.338867
22641.340332 9729.054565 3596.14502 4464.418945 3286329.552076 -0.20752 -21.455078 16749.084473 9160.357666 -2296.11084 3895.722046 2044877.524775 -57.971191 -2.653809 23099.890137 14496.048584 4054.694824 9231.412964 10165953.5427 -10.102539 -27.965088 13617.871094 13422.607422 -5427.324219 8157.971802 9600835.209371 -258.483887 -170.675049 20900.065918 16029.365234 1854.870605 10764.729614 11931994.863111 -79.216309 53.164062 15563.718262 11155.639648 -3481.477051 5891.004028 4682461.09168 -131.730957 -585.527344 18448.496094 18498.62915 -596.699219 13233.99353 17549463.471698 3.502197 85.537109 18494.405518 19246.416016 -550.789795 13981.780396 19579355.24264 62.388916 -10.037842 20255.900879 19217.930908 1210.705566 13953.295288 19616025.736505 23.912354 20.186768 17865.776367 9760.048828 -1179.418945 4495.413208 2159976.895929 -169.859619 -1282.252197 17897.735596 8054.299927 -1147.459717 2789.664307 909889.074542 -223.284912 -938.457031 16307.167969 8761.814575 -2738.027344 3497.178955 1972705.437896 -118.61084 -267.676392
22633.415527 9729.893799 3613.662109 4456.965332 3292309.381166 -7.924805 0.839233 16656.164551 9235.349731 -2363.588867 3962.421265 2128733.461163 -92.919922 74.992065 23116.003418 14518.09082 4096.25 9245.162354 10225229.100536 16.113281 22.042236 13402.684326 13173.786621 -5617.069092 7900.858154 9397502.475634 -215.186768 -248.820801 20937.487793 16026.003418 1917.734375 10753.074951 11930632.603858 37.421875 -3.361816 15490.76416 10819.001465 -3528.989258 5546.072998 4321269.088142 -72.954102 -336.638184 18460.678711 18438.114014 -559.074707 13165.185547 17363467.501169 12.182617 -60.515137 18429.609375 19316.262207 -590.144043 14043.33374 19756349.253106 -64.796143 69.846191 20274.597168 19225.050049 1254.84375 13952.121582 19623632.94767 18.696289 7.119141 17732.70752 8267.525635 -1287.045898 2994.597168 1062409.934309 -133.068848 -1492.523193 17726.081543 7305.15686 -1293.671875 2032.228394 580353.916374 -171.654053 -749.143066 15979.993896 7354.356079 -3039.759521 2081.427612 1357247.885372 -327.174072 -1407.458496
22637.407227 9750.541992 3617.359619 4432.086182 3272867.853568 3.991699 20.648193 16678.22998 9022.225952 -2341.817627 3703.770142 1920202.305973 22.06543 -213.123779 23100.136719 14520.118408 4080.089111 9201.662598 10131772.171748 -15.866699 2.027588 13204.481201 12934.345703 -5815.566406 7615.889893 9182259.148138 -198.203125 -239.440918 20892.055664 16069.354248 1872.008057 10750.898438 11908623.137757 -45.432129 43.35083 15336.727295 10125.143433 -3683.320312 4806.687622 3667109.442064 -154.036865 -693.858032 18428.743896 18499.289551 -591.303711 13180.83374 17408401.816627 -31.934814 61.175537 18457.210693 19364.753418 -562.836914 14046.297607 19761526.18681 27.601318 48.491211 20268.820801 19298.139648 1248.773193 13979.683838 19699099.469583 -5.776367 73.0896 17240.318604 8075.874634 -1779.729004 2757.418823 1077079.389412 -492.388916 -191.651001 17669.069824 6609.398804 -1350.977783 1290.942993 349167.478231 -57.011719 -695.758057 15954.919434 6663.735962 -3065.128174 1345.280151 1120478.940766 -25.074463 -690.620117
22632.404785 9729.511108 3607.337646 4440.19043 3272817.594763 -5.002441 -21.030884 16754.411621 9340.870972 -2270.655518 4051.550293 2157093.625596 76.181641 318.64502 23089.174805 14576.495361 4064.107666 9287.174683 10276858.470641 -10.961914 56.376953 13070.625 12674.493408 -5954.442139 7385.172729 8999615.742723 -133.856201 -259.852295 20874.370117 16072.817383 1849.302979 10783.496704 11970372.267372 -17.685547 3.463135 15153.305664 9508.564453 -3871.761475 4219.243774 3279255.49442 -183.421631 -616.578979 18416.308594 18424.523926 -608.758545 13135.203247 17290415.130786 -12.435303 -74.765625 18468.717041 19265.488281 -556.350098 13976.167603 19564278.628542 11.506348 -99.265137 20280.894775 19224.464111 1255.827637 13935.143433 19576532.554076 12.073975 -73.675537 17006.400146 7372.009277 -2018.666992 2082.688599 841260.822422 -233.918457 -703.865356 17564.328613 5903.35022 -1460.738525 614.029541 251078.93168 -104.741211 -706.048584 15921.983643 5970.853271 -3103.083496 681.532593 1009361.385874 -32.935791 -692.88269
22620.986328 9723.803711 3573.227539 4414.736328 3225785.189278 -11.418457 -5.707397 16777.208252 9281.098633 -2270.550537 3972.03125 2093243.199254 22.796631 -59.772339 23133.820801 14562.701416 4086.062012 9253.634033 10232564.558407 44.645996 -13.793945 12994.522705 12388.391113 -6053.236084 7079.32373 8675849.156923 -76.102295 -286.102295 20908.491211 15979.09668 1860.732422 10670.029297 11731185.034199 34.121094 -93.720703 15200.241699 8979.58313 -3847.51709 3670.515747 2827607.360613 46.936035 -528.981323 18450.986328 18385.725098 -596.772461 13076.657715 17135511.436132 34.677734 -38.798828 18433.601074 19314.384766 -614.157715 14005.317383 19652610.469201 -35.115967 48.896484 20327.84668 19242.347412 1280.087891 13933.280029 19577491.738253 46.951904 17.883301 17267.789307 6568.934326 -1779.969482 1259.866943 475555.607332 261.38916 -803.074951 17486.483154 5558.604736 -1561.275635 249.537354 249985.049851 -77.845459 -344.745483 15853.001709 5599.431152 -3194.75708 290.36377 1029078.391937 -68.981934 -371.422119
22613.730469 9709.368286 3611.112061 4392.195435 3233151.104929 -7.255859 -14.435425 16707.832031 9154.631958 -2294.786377 3837.459106 1999213.690949 -69.376221 -126.466675 23128.461914 14566.68335 4125.843506 9249.510498 10257602.908832 -5.358887 3.981934 12865.118408 12304.918213 -6137.5 6987.745361 8649749.148476 -129.404297 -83.4729 20905.388184 15961.055908 1902.769775 10643.883057 11691277.934158 -3.103027 -18.040771 15160.952148 8586.097412 -3841.66626 3268.924561 2544426.743397 -39.289551 -393.485718 18437.172852 18307.524414 -565.445557 12990.351562 16906896.239487 -13.813477 -78.200684 18431.142578 19254.626465 -571.47583 13937.453613 19457919.784673 -2.458496 -59.758301 20275.010986 19222.406006 1272.392578 13905.233154 19497449.194822 -52.835693 -19.941406 17244.145508 6444.93103 -1758.4729 1127.758179 436406.545106 -23.643799 -124.003296 17553.114014 5110.505676 -1449.504395 -206.667175 214377.431111 66.630859 -448.09906 15993.914795 5121.881104 -3008.703613 -195.291748 909043.629943 140.913086 -477.550049
22601.472168 9711.509399 3587.393799 4353.034668 3181830.508841 -12.258301 2.141113 16755.244141 9014.208984 -2258.834229 3655.734253 1846672.499996 47.412109 -140.422974 23105.976562 14559.616699 4091.898193 9201.141968 10140464.433594 -22.485352 -7.06665 12823.063965 12148.668213 -6191.014404 6790.193481 8443538.686967 -42.054443 -156.25 20901.867676 15993.223877 1887.789307 10634.749146 11666163.785415 -3.520508 32.167969 15189.534912 8235.860596 -3824.543457 2877.385864 2290648.206655 28.582764 -350.236816 18394.008789 18360.922852 -620.06958 13002.44812 16944814.340048 -43.164062 53.398438 18359.390869 19250.471191 -654.6875 13891.99646 19341618.136622 -71.751709 -4.155273 20286.508789 19200.643311 1272.43042 13842.168579 19322471.014581 11.497803 -21.762695 17225.733643 6338.035889 -1788.344727 979.561157 415771.692177 -18.411865 -106.895142 17542.470703 5000.215454 -1471.607666 -358.259277 229397.883248 -10.643311 -110.290222 16023.331299 4981.47522 -2990.74707 -376.999512 908669.667042 29.416504 -140.405884
22618.041992 9716.559448 3636.763916 4365.348511 3228231.940107 16.569824 5.050049 16687.116699 8945.373535 -2294.161377 3594.162598 1818118.120189 -68.127441 -68.835449 23081.186523 14552.944336 4099.908447 9201.733398 10148114.681188 -24.790039 -6.672363 12845.168457 12106.334229 -6136.109619 6755.123291 8328353.193493 22.104492 -42.333984 20911.037598 15985.098877 1929.759521 10633.887939 11680354.451961 9.169922 -8.125 15084.946289 8147.526245 -3896.331787 2796.315308 2300078.069485 -104.588623 -88.334351 18392.543945 18392.075195 -588.734131 13040.864258 17041074.846753 -1.464844 31.152344 18392.348633 19277.161865 -588.929443 13925.950928 19427894.713092 32.957764 26.690674 20295.916748 19143.952637 1314.638672 13792.741699 19196799.841896 9.407959 -56.690674 17216.192627 6033.009644 -1765.085449 681.798706 358037.611862 -9.541016 -305.026245 17510.570068 4935.708618 -1470.708008 -415.502319 233562.422162 -31.900635 -64.506836 16174.316406 4824.63562 -2806.96167 -526.575317 815631.538129 150.985107 -156.8396
22637.15332 9749.53125 3717.497559 4333.233032 3259669.660973 19.111328 32.971802 16636.955566 8898.009033 -2282.700195 3481.710815 1733303.038396 -50.161133 -47.364502 23031.59668 14550.419922 4111.940918 9134.121704 10034023.74182 -49.589844 -2.524414 12929.01123 12136.513672 -5990.644531 6720.215454 8104911.764934 83.842773 30.179443 20893.918457 16013.248291 1974.262695 10596.950073 11619306.404489 -17.119141 28.149414 15091.445312 8130.318604 -3828.210449 2714.020386 2202110.189773 6.499023 -17.207642 18433.659668 18377.767334 -485.996094 12961.469116 16823587.385363 41.115723 -14.307861 18499.127197 19218.117676 -420.528564 13801.819458 19066706.462496 106.778564 -59.044189 20236.859131 19214.519043 1317.203369 13798.220825 19212592.265653 -59.057617 70.566406 17015.306396 6083.375244 -1904.349365 667.077026 407153.826398 -200.88623 50.365601 17183.288574 4718.55957 -1736.367188 -697.738647 350181.022999 -327.281494 -217.149048 16145.128174 4770.805359 -2774.527588 -645.492859 811466.436684 -29.188232 -53.830261
22643.796387 9750.125122 3733.056641 4341.44043 3278381.688664 6.643066 0.593872 16543.880615 8954.568481 -2366.859131 3545.883789 1817531.399087 -93.074951 56.559448 23029.375 14553.535156 4118.635254 9144.850464 10059144.636121 -2.22168 3.115234 13006.035156 12229.840088 -5904.70459 6821.155396 8139369.722299 77.023926 93.326416 20942.86377 15948.729248 2032.124023 10540.044556 11522206.728202 48.945312 -64.519043 14985.981445 8100.462036 -3924.758301 2691.777344 2264939.298788 -105.463867 -29.856567 18423.551025 18407.20459 -487.188721 12998.519897 16919887.237427 -10.108643 29.437256 18465.789795 19279.804688 -444.949951 13871.119995 19260595.037799 -33.337402 61.687012 20231.558838 19230.12207 1320.819092 13821.437378 19277669.426529 -5.300293 15.603027 16809.79126 6070.726929 -2100.948486 662.042236 485228.446489 -205.515137 -12.648315 16790.6604 4425.614014 -2120.079346 -983.070679 546116.439142 -392.628174 -292.945557 16187.386475 5522.710571 -2723.353271 114.025879 742965.494236 42.258301 751.905212
22666.254883 9763.961792 3758.607178 4360.917969 3314473.344668 22.458496 13.83667 16675.015869 9127.978516 -2232.631836 3724.934692 1885978.337736 131.135254 173.410034 23021.643066 14564.350586 4113.995361 9161.306763 10085449.943324 -7.731934 10.81543 13172.086182 12306.16333 -5735.561523 6903.119507 8054972.49148 166.051025 76.323242 20915.170898 15978.916016 2007.523193 10575.872192 11587922.200149 -27.692871 30.186768 14810.137939 7963.476562 -4097.509766 2560.432739 2334540.209166 -175.843506 -136.985474 18381.351318 18467.398682 -526.296387 13064.354858 17095435.575283 -42.199707 60.194092 18440.422363 19283.138428 -467.225342 13880.094604 19287532.574967 -25.367432 3.33374 20210.476074 19231.801758 1302.828369 13828.757935 19293190.777238 -21.082764 1.679688 16478.736572 5974.085693 -2428.911133 571.04187 622569.810853 -331.054688 -96.641235 15961.223145 4258.523254 -2946.424561 -1144.520569 999134.502351 -829.437256 -167.090759 15554.359131 4715.36499 -3353.288574 -687.678833 1171744.643935 -633.027344 -807.345581
22638.632812 9745.877686 3687.11792 4312.219238 3219007.331441 -27.62207 -18.084106 16732.946777 9033.642578 -2218.568115 3599.984131 1788193.022437 57.930908 -94.335938 23099.082031 14541.932373 4147.567139 9108.273926 10016296.707686 77.438965 -22.418213 13340.095215 12324.689941 -5611.419678 6891.031494 7897434.58529 168.009033 18.526611 20935.97168 15924.312744 1984.456787 10490.654297 11399189.631645 20.800781 -54.603271 14720.489502 7685.326538 -4231.025391 2251.668091 2297158.504733 -89.648438 -278.150024 18399.893799 18316.512451 -551.621094 12882.854004 16627221.311703 18.54248 -150.88623 18388.730469 19233.426514 -562.784424 13799.768066 19075032.499431 -51.691895 -49.711914 20196.879883 19182.352295 1245.36499 13748.693848 19057751.647548 -13.596191 -49.449463 15622.8125 5164.448853 -3328.702393 -269.209595 1115273.342425 -855.924072 -809.636841 15168.549805 3605.512085 -3782.965088 -1828.146362 1765294.397821 -792.67334 -653.011169 15712.797852 5352.313232 -3238.717041 -81.345215 1049590.511574 158.438721 636.948242
22671.691895 9764.34082 3687.480469 4343.106689 3246008.792339 33.059082 18.463135 16688.596191 9054.639893 -2295.615234 3633.405762 1847148.673359 -44.350586 20.997314 23048.134766 14553.206787 4063.92334 9131.972656 9990839.750662 -50.947266 11.274414 13469.276123 12442.69165 -5514.935303 7021.45752 7971537.709193 129.180908 118.001709 20900.698242 16020.678711 1916.486816 10599.44458 11602114.712361 -35.273438 96.365967 14415.941162 7624.619141 -4568.270264 2203.38501 2572399.870321 -304.54834 -60.707397 18409.978027 18421.456299 -574.233398 13000.222168 16933552.041243 10.084229 104.943848 18376.524658 19214.621582 -607.686768 13793.387451 19062682.058564 -12.205811 -18.804932 20141.595459 19142.398682 1157.384033 13721.164551 18960989.442993 -55.284424 -39.953613 14997.392578 4323.06488 -3986.818848 -1098.16925 1710070.022675 -625.419922 -841.383972 15221.19751 3845.341492 -3763.013916 -1575.892639 1664371.134229 52.647705 239.829407 15383.013916 5801.905518 -3601.19751 380.671387 1311353.420901 -329.783936 449.592285
22697.023926 9760.2948 3686.920166 4324.088135 3229111.850779 25.332031 -4.046021 16658.388672 9085.41687 -2351.715088 3649.210205 1884729.897546 -30.20752 30.776978 23050.783691 14546.295166 4040.679932 9110.088501 9932080.680559 2.648926 -6.911621 13578.737793 12536.479492 -5431.365967 7100.272827 7991361.048522 109.46167 93.787842 20911.796875 16011.655273 1901.693115 10575.448608 11545654.997341 11.098633 -9.023438 14145.255127 7592.41333 -4864.848633 2156.206665 2831597.940254 -270.686035 -32.205811 18415.6604 18380.036621 -594.443359 12943.829956 16789609.683876 5.682373 -41.419678 18423.54248 19162.608643 -586.561279 13726.401978 18875816.538336 47.017822 -52.012939 20086.131592 19147.086182 1076.027832 13710.879517 18914605.301407 -55.463867 4.6875 13265.01709 5100.472412 -5745.08667 -335.734253 3311873.83335 -1732.375488 777.407532 13258.719482 3609.124146 -5751.384277 -1827.08252 3641665.163885 -1962.478027 -236.217346 14792.11792 4325.487671 -4217.98584 -1110.718994 1902510.122907 -590.895996 -1476.417847
22683.408203 9759.108276 3662.312012 4347.852783 3231635.309559 -13.615723 -1.186523 16742.269287 9087.88208 -2278.826904 3676.626587 1871063.511935 83.880615 2.46521 23084.411621 14518.061523 4063.31543 9106.80603 9944444.835416 33.62793 -28.233643 13615.098877 12624.924316 -5405.997314 7213.668823 8126182.485529 36.361084 88.444824 20946.311035 16010.158691 1925.214844 10598.903198 11604320.12003 34.51416 -1.496582 13937.706299 7675.788574 -5083.389893 2264.533081 3096896.287516 -207.548828 83.375244 18390.020752 18412.010498 -631.075439 13000.755005 16941788.690727 -25.639648 31.973877 18327.247314 19193.731689 -693.848877 13782.476196 19043807.636532 -96.295166 31.123047 20252.141113 19130.06958 1231.044922 13718.814087 18972133.155099 166.009521 -17.016602 13070.695801 5274.504395 -5950.400391 -136.751099 3542596.567173 -194.321289 174.031982 12885.761719 3799.090271 -6135.334473 -1612.165222 4024140.579493 -372.957764 189.966125 14437.667236 4201.871033 -4583.428955 -1209.38446 2247043.175942 -354.450684 -123.616638
22670.888672 9756.539307 3633.603516 4333.24585 3198009.410192 -12.519531 -2.56897 16740.716553 9102.735596 -2296.568604 3679.442139 1881252.180249 -1.552734 14.853516 23096.984863 14556.326904 4059.699707 9133.033447 9989346.166014 12.573242 38.265381 13638.834229 12713.287354 -5398.450928 7289.993896 8228728.342994 23.735352 88.363037 20883.261719 16049.084473 1845.976562 10625.791016 11631506.417704 -63.049316 38.925781 13931.555176 7683.304443 -5105.72998 2260.010986 3117612.829178 -6.151123 7.515869 18492.529297 18397.106934 -544.755859 12973.813477 16861659.507096 102.508545 -14.903564 18456.873779 19196.445312 -580.411377 13773.151855 19003658.94003 129.626465 2.713623 20287.628174 19114.372559 1250.343018 13691.079102 18900900.462685 35.487061 -15.697021 13066.765137 5386.990967 -5970.52002 -36.30249 3564842.717442 -3.930664 112.486572 12843.61084 3961.747131 -6193.674316 -1461.546326 4049771.919983 -42.150879 162.65686 14438.843994 4316.775513 -4598.441162 -1106.517944 2237004.308252 1.176758 114.90448
22676.796875 9765.598755 3675.108643 4329.112549 3224763.899517 5.908203 9.059448 16701.455078 9083.197021 -2300.233154 3646.710815 1858957.23355 -39.261475 -19.538574 23113.937988 14585.479736 4112.249756 9148.99353 10061468.067155 16.953125 29.152832 13640.952148 12733.416748 -5360.736084 7296.930542 8198268.669679 2.11792 20.129395 20953.979492 15981.519775 1952.29126 10545.033569 11500917.414138 70.717773 -67.564697 14010.211182 7847.584229 -4991.477051 2411.098022 3072823.682239 78.656006 164.279785 18443.149414 18442.386475 -558.538818 13005.900269 16946540.740721 -49.379883 45.279541 18492.678223 19236.173096 -509.01001 13799.68689 19069044.944238 35.804443 39.727783 20279.594727 19189.101562 1277.906494 13752.615356 19076747.41501 -8.033447 74.729004 13187.20459 5217.895508 -5814.483643 -218.590698 3385600.192317 120.439453 -169.095459 13052.808838 3985.242615 -5948.879395 -1451.243591 3749527.401199 209.197998 23.495483 14547.46582 4500.783386 -4454.222412 -935.70282 2071563.706356 108.621826 184.007874
22686.459961 9782.10022 3680.834961 4348.920898 3246165.899053 9.663086 16.501465 16656.938477 9094.204102 -2348.686523 3661.02478 1891943.082715 -44.516602 11.00708 23095.847168 14506.37085 4090.222168 9073.191528 9905272.189293 -18.09082 -79.108887 13648.771973 12746.70166 -5356.853027 7313.522339 8218348.335767 7.819824 13.284912 21001.520996 15947.987061 1995.895996 10514.807739 11454478.262078 47.541504 -33.532715 14140.788574 7958.136597 -4864.836426 2524.957275 3004204.269216 130.577393 110.552368 18509.040527 18420.318604 -496.584473 12987.139282 16891238.287444 65.891113 -22.067871 18494.482422 19240.803223 -511.142578 13807.623901 19091174.453678 1.804199 4.630127 20263.277588 19147.023926 1257.652588 13713.844604 18965122.386799 -16.317139 -42.077637 13303.192139 5501.85791 -5702.432861 68.678589 3252245.728652 115.987549 283.962402 13474.500732 4118.252258 -5531.124268 -1314.927063 3232236.884437 421.691895 133.009644 14931.398926 4710.282898 -4074.226074 -722.896423 1712189.734272 383.933105 209.499512
22674.929199 9772.675781 3676.086426 4334.353027 3230022.757546 -11.530762 -9.424438 16659.302979 9110.473022 -2339.539795 3672.150269 1895813.404687 2.364502 16.268921 23105.893555 14547.049561 4107.050781 9108.726807 9983677.015778 10.046387 40.678711 13599.758301 12756.929932 -5399.084473 7318.607178 8271212.416486 -49.013672 10.228271 20995.678711 15959.160156 1996.835938 10520.837402 11467537.340785 -5.842285 11.173096 14276.542969 7995.075684 -4722.299805 2556.75293 2883710.098882 135.754395 36.939087 18509.797363 18387.285156 -489.04541 12948.962402 16791479.271051 0.756836 -33.033447 18617.669678 19236.38916 -381.173096 13798.066406 19053192.948017 123.187256 -4.414062 20221.14624 19208.388672 1222.303467 13770.065918 19110874.115015 -42.131348 61.364746 13604.611816 5285.43396 -5394.230957 -152.888794 2912110.260111 301.419678 -216.42395 13803.050537 4045.482178 -5195.792236 -1392.840576 2893626.183372 328.549805 -72.770081 15289.300537 5114.61792 -3709.542236 -323.704834 1386548.842265 357.901611 404.335022
22667.060547 9751.223145 3667.348633 4334.182129 3223458.072112 -7.868652 -21.452637 16643.416748 9147.749023 -2356.295166 3730.708008 1947030.914894 -15.88623 37.276001 23085.29541 14531.317139 4085.583496 9114.276123 9976202.17507 -20.598145 -15.732422 13533.930664 12741.231689 -5465.78125 7324.190674 8351853.369944 -65.827637 -15.698242 20990.036621 15928.620605 1990.324707 10511.57959 11445469.791304 -5.64209 -30.539551 14395.400391 8048.435059 -4604.311523 2631.394043 2812391.921423 118.857422 53.359375 18502.866211 18354.572754 -496.845703 12937.531738 16762658.313175 -6.931152 -32.712402 18497.724609 19259.229736 -501.987305 13842.188721 19185817.983363 -119.945068 22.840576 20264.586182 19141.000977 1264.874268 13723.959961 18994698.39222 43.439941 -67.387695 14044.910889 4749.72168 -4954.801025 -667.319336 2499536.829733 440.299072 -535.71228 14648.179932 3970.509033 -4351.531982 -1446.531982 2102828.537021 845.129395 -74.973145 15464.976807 5251.695557 -3534.735107 -165.345459 1252169.140045 175.67627 137.077637
22663.73291 9762.942505 3680.716553 4339.338989 3237753.720527 -3.327637 11.71936 16663.823242 9143.319092 -2319.193115 3719.715576 1921494.067337 20.406494 -4.429932 23064.51416 14546.932373 4081.497803 9123.328857 9989375.375439 -20.78125 15.615234 13524.512939 12733.369141 -5458.503418 7309.765625 8322793.305641 -9.417725 -7.862549 20959.099121 15960.765381 1976.082764 10537.161865 11493668.326303 -30.9375 32.144775 14433.200684 8075.427246 -4549.815674 2651.82373 2773299.176329 37.800293 26.992188 18435.002441 18394.278564 -548.013916 12970.675049 16853873.047444 -67.86377 39.705811 18477.972412 19295.546875 -505.043945 13871.943359 19268588.19524 -19.752197 36.317139 20214.227295 19234.890137 1231.210938 13811.286621 19226751.850262 -50.358887 93.88916 14021.348877 5497.979126 -4961.66748 74.37561 2462367.591816 -23.562012 748.257446 14412.678223 4022.749329 -4570.338135 -1400.854187 2285038.311936 -235.501709 52.240295 15638.579102 5048.699036 -3344.437256 -374.90448 1132581.392749 173.602295 -202.996521
22681.967773 9750.137939 3699.437256 4311.532593 3227514.930859 18.234863 -12.804565 16694.709473 9182.177734 -2287.821045 3743.572388 1924845.93555 30.88623 38.858643 23074.890137 14531.687012 4092.359619 9093.081665 9943154.141944 10.375977 -15.245361 13513.157959 12720.275879 -5469.372559 7281.670532 8293676.19246 -11.35498 -13.093262 20934.592285 15988.917236 1952.061768 10550.31189 11511962.61133 -24.506836 28.151855 14499.602051 7976.702881 -4482.928467 2538.097534 2653858.673143 66.401367 -98.724365 18395.799561 18387.033691 -586.730957 12948.428345 16800604.981446 -39.202881 -7.244873 18417.29248 19253.69873 -565.238037 13815.093384 19117629.924141 -60.679932 -41.848145 20206.103516 19203.990479 1223.572998 13765.385132 19098295.870932 -8.123779 -30.899658 14305.020752 5359.233398 -4677.509766 -79.371948 2188539.751369 283.671875 -138.745728 14667.541504 3998.956909 -4314.989014 -1439.648438 2069171.781171 254.863281 -23.792419 15704.852295 4950.994568 -3277.678223 -487.610779 1098093.880289 66.273193 -97.704468
22658.955078 9754.729004 3672.30835 4309.673462 3205913.396294 -23.012695 4.591064 16693.168945 9139.197998 -2293.477783 3694.142456 1890672.882767 -1.540527 -42.979736 23063.876953 14541.903076 4077.230225 9096.847534 9937644.136458 -11.013184 10.216064 13510.831299 12701.789551 -5475.81543 7256.734009 8264474.309432 -2.32666 -18.486328 20872.744141 16020.622559 1886.097412 10575.567017 11539998.11706 -61.848145 31.705322 14447.259521 7999.96521 -4539.387207 2554.909668 2713359.962684 -52.342529 23.262329 18450.917969 18357.664795 -535.72876 12912.609253 16702248.302289 55.118408 -29.368896 18408.682861 19191.906738 -577.963867 13746.851196 18930996.004469 -8.609619 -61.791992 20222.354736 19121.204834 1235.708008 13676.149292 18856403.373743 16.251221 -82.785645 15592.059326 5903.987427 -3394.587402 458.931885 1173384.210701 1287.038574 544.754028 15168.104248 4324.954224 -3818.54248 -1120.101318 1583589.363853 500.562744 325.997314 15174.057617 4948.675842 -3812.589111 -496.3797 1478222.85381 -530.794678 -2.318726
22647.626953 9736.260376 3685.822754 4298.486328 3206227.408629 -11.328125 -18.468628 16796.976318 9139.240112 -2164.827881 3701.466064 1838733.078004 103.807373 0.042114 23065.83252 14511.253662 4104.02832 9073.479614 9917108.076428 1.955566 -30.649414 13496.713867 12665.0354 -5465.090332 7227.261353 8210051.899517 -14.117432 -36.75415 20938.344727 16024.995117 1976.540527 10587.221069 11599596.242722 65.600586 4.372559 14443.347168 8038.015747 -4518.457031 2600.241699 2717771.083761 -3.912354 38.050537 18502.74292 18297.702637 -459.061279 12859.928589 16558850.056891 51.824951 -59.962158 18470.412598 19265.202637 -491.391602 13827.428589 19143924.708631 61.729736 73.295898 20188.914795 19141.251221 1227.110596 13703.477173 18929108.704095 -33.439941 20.046387 15420.422363 5797.827759 -3541.381836 360.053711 1267102.398267 -171.636963 -106.159668 15100.712891 4207.339478 -3861.091309 -1230.43457 1642199.532512 -67.391357 -117.614746 14734.761963 4992.39563 -4227.042236 -445.378418 1806624.800289 -439.295654 43.719788
22662.331543 9761.16272 3705.666504 4327.8125 3246192.527333 14.70459 24.902344 16676.513672 9157.696533 -2280.151367 3724.346313 1906984.571999 -120.462646 18.456421 23049.07959 14559.533691 4092.414551 9126.183472 10003508.161421 -16.75293 48.280029 13455.900879 12676.452637 -5500.76416 7243.102417 8272093.89687 -40.812988 11.417236 20872.976074 16038.188477 1916.311035 10604.838257 11613484.243711 -65.368652 13.193359 14471.131592 8106.903687 -4485.533447 2673.553467 2726789.844636 27.784424 68.887939 18415.147705 18353.544922 -541.517334 12920.194702 16722467.216443 -87.595215 55.842285 18417.827148 19221.580811 -538.837891 13788.230591 19040564.909801 -52.585449 -43.621826 20203.793945 19130.233154 1247.128906 13696.882935 18915993.263213 14.87915 -11.018066 14990.427246 5766.470947 -3966.237793 333.120728 1584201.164949 -429.995117 -31.356812 15325.319824 4236.364136 -3631.345215 -1196.986084 1461944.375462 224.606934 29.024658 13679.019775 4678.104858 -5277.645264 -755.245361 2842393.508497 -1055.742188 -314.290771
22632.856445 9731.938477 3679.801025 4294.61792 3198467.866458 -29.475098 -29.224243 16763.909912 9108.943481 -2189.145508 3671.622925 1827317.295633 87.39624 -48.753052 23045.241699 14554.089355 4092.186279 9116.768799 9986146.187575 -3.837891 -5.444336 13460.562744 12662.280273 -5492.492676 7224.959717 8236751.870285 4.661865 -14.172363 20889.411621 16035.458984 1936.356201 10598.138428 11607001.347124 16.435547 -2.729492 14445.189209 8114.780273 -4507.866211 2677.459717 2748964.831078 -25.942383 7.876587 18391.724854 18477.609863 -561.330566 13040.289307 17036423.720567 -23.422852 124.064941 18445.570068 19233.782959 -507.485352 13796.462402 19059991.620134 27.74292 12.202148 20195.321045 19177.468262 1242.265625 13740.147705 19033488.284042 -8.4729 47.235107 14765.759277 5675.994873 -4187.296143 238.674316 1759041.441496 -224.667969 -90.476074 15147.037354 4224.607849 -3806.018066 -1212.712708 1595644.563279 -178.282471 -11.756287 13759.013672 4820.293579 -5194.041748 -617.026978 2735879.197146 79.993896 142.188721
22640.378418 9775.773315 3673.308105 4330.047607 3224250.472024 7.521973 43.834839 16748.199463 9160.88501 -2218.87085 3715.159302 1872579.648468 -15.710449 51.941528 23050.612793 14581.209717 4083.54248 9135.484009 10013238.726463 5.371094 27.120361 13417.355957 12659.924316 -5549.714355 7214.198608 8284399.098871 -43.206787 -2.355957 20904.21875 16014.815674 1937.148438 10569.089966 11545820.677451 14.807129 -20.643311 14434.981689 8132.034912 -4532.088623 2686.309204 2775608.442719 -10.20752 17.254639 18405.836182 18416.169434 -561.234131 12970.443726 16854739.418823 14.111328 -61.44043 18421.35376 19165.60791 -545.716553 13719.882202 18853297.419676 -24.216309 -68.175049 20245.424805 19128.258057 1278.354492 13682.532349 18884588.167908 50.10376 -49.210205 14728.115234 5633.004761 -4238.955078 187.279053 1800381.359795 -37.644043 -42.990112 14866.588135 4428.19519 -4100.482178 -1017.530518 1784932.244412 -280.449219 203.587341 13546.733398 4789.63501 -5420.336914 -656.090698 2981050.726627 -212.280273 -30.658569
22646.210938 9766.934814 3678.105469 4289.570923 3192887.854142 5.83252 -8.838501 16698.027344 9128.898926 -2270.078125 3651.535034 1848696.279945 -50.172119 -31.986084 23039.943848 14588.438721 4071.838379 9111.074829 9959155.232542 -10.668945 7.229004 13424.854736 12651.697998 -5543.250732 7174.334106 8219869.85534 7.498779 -8.226318 20884.65332 16029.833984 1916.547852 10552.470093 11502778.072621 -19.56543 15.018311 14389.637451 8138.48999 -4578.468018 2661.126099 2804396.150081 -45.344238 6.455078 18366.745605 18473.813477 -601.359863 12996.449585 16926933.54996 -39.090576 57.644043 18426.906738 19270.136719 -541.19873 13792.772827 19053347.832719 5.552979 104.528809 20198.363037 19214.973145 1230.257568 13737.609253 19023544.167068 -47.061768 86.715088 14707.268066 5773.729248 -4260.837402 296.365356 1824256.779371 -20.847168 140.724487 14848.529053 4264.745178 -4119.576416 -1212.618713 1844135.399143 -18.059082 -163.450012 13522.087402 4806.228027 -5446.018066 -671.135864 3010953.612792 -24.645996 16.593018
22650.209961 9761.706543 3672.728271 4325.948486 3220276.326253 3.999023 -5.228271 16794.924316 9114.834595 -2182.557373 3679.076538 1829916.085974 96.896973 -14.064331 23069.938965 14583.275146 4092.457275 9147.51709 10042527.545988 29.995117 -5.163574 13413.863525 12694.693604 -5563.618164 7258.935547 8364599.234917 -10.991211 42.995605 20942.077637 15955.330811 1964.595947 10519.572754 11452104.816074 57.424316 -74.503174 14393.951416 8185.441895 -4583.530273 2749.683838 2856951.097587 4.313965 46.951904 18522.786865 18317.255859 -454.694824 12881.497803 16613973.302502 156.04126 -156.557617 18513.707275 19276.80542 -463.774414 13841.047363 19178967.881973 86.800537 6.668701 20223.936768 19204.443359 1246.455078 13768.685303 19113034.522752 25.57373 -10.529785 14743.29834 5729.591064 -4234.18335 293.833008 1801464.647459 36.030273 -44.138184 14876.345215 4397.662964 -4101.136475 -1038.095093 1789696.180501 27.816162 132.917786 13493.809814 4889.142151 -5483.671875 -546.615906 3036944.61811 -28.277588 82.914124
22638.884277 9775.36377 3658.773193 4327.387695 3211290.554599 -11.325684 13.657227 16780.288086 9152.410278 -2199.822998 3704.434204 1856205.399525 -14.63623 37.575684 23068.786621 14567.259521 4088.675537 9119.283447 9987859.823933 -1.152344 -16.015625 13470.961914 12721.604004 -5509.14917 7273.62793 8325638.783598 57.098389 26.9104 20915.395508 16000.235596 1935.284424 10552.259521 11509550.680987 -26.682129 44.904785 14419.865723 8257.15332 -4560.245361 2809.177246 2868731.455549 25.914307 71.711426 18493.17749 18378.562012 -486.933594 12930.585938 16743715.70118 -29.609375 61.306152 18461.923828 19245.687256 -518.187256 13797.711182 19064535.188411 -51.783447 -31.118164 20186.162109 19199.42627 1206.051025 13751.450195 19055694.155001 -37.774658 -5.01709 14953.592529 5816.156006 -4026.518555 368.179932 1634840.813331 210.294189 86.564941 15251.948242 4276.003113 -3728.162842 -1171.972961 1527271.879727 375.603027 -121.659851 13643.861084 4782.695923 -5336.25 -665.280151 2891816.17423 150.05127 -106.446228
22652.043457 9758.33374 3670.133057 4299.412231 3195482.218935 13.15918 -17.030029 16736.712646 9065.701904 -2245.197754 3606.780396 1804977.777557 -43.575439 -86.708374 23059.975586 14519.25293 4078.065186 9060.331421 9872022.111409 -8.811035 -48.006592 13495.644531 12751.113281 -5486.265869 7292.191772 8327517.403324 24.682617 29.509277 20920.368652 16029.056396 1938.458252 10570.134888 11548537.193864 4.973145 28.820801 14565.701904 8277.067261 -4416.208496 2818.145752 2744484.296022 145.836182 19.91394 18477.702637 18288.244629 -504.207764 12829.32312 16484575.718932 -15.474854 -90.317383 18477.924805 19254.284668 -503.985596 13795.363159 19056604.617433 16.000977 8.597412 20166.088867 19156.766357 1184.178467 13697.844849 18903323.213844 -20.073242 -42.659912 15429.459229 6065.911255 -3552.451172 606.989746 1298834.588042 475.866699 249.755249 15061.687012 4299.966431 -3920.223389 -1158.955078 1671132.82902 -190.26123 23.963318 14986.141357 5891.507568 -3995.769043 432.58606 1615330.094368 1342.280273 1108.811646
22636.171875 9758.450928 3652.952881 4288.924561 3173893.863584 -15.871582 0.117188 16595.41626 9101.173096 -2387.802734 3631.646729 1889045.985903 -141.296387 35.471191 23037.526855 14543.781738 4054.307861 9074.255371 9877952.277425 -22.44873 24.528809 13525.753174 12821.59668 -5457.46582 7352.070312 8383687.105982 30.108643 70.483398 20921.542969 16002.034912 1938.323975 10532.508545 11469083.60794 1.174316 -27.021484 14651.77124 8246.216431 -4331.447754 2776.690063 2647144.735343 86.069336 -30.85083 18375.733643 18436.708984 -607.485352 12967.182617 16851686.347985 -101.968994 148.464355 18458.526611 19226.773682 -524.692383 13757.247314 18953715.576761 -19.398193 -27.510986 20209.615479 19139.730225 1226.396484 13670.203857 18837852.184036 43.526611 -17.036133 15791.64917 6179.324951 -3191.569824 709.798584 1068993.197269 362.189941 113.413696 15201.412354 4245.158386 -3781.806641 -1224.367981 1580113.841987 139.725342 -54.808044 15726.755371 6568.399048 -3256.463623 1098.872681 1181207.649654 740.614014 676.891479
22659.284668 9794.016724 3665.445557 4310.014038 3201171.213719 23.112793 35.565796 16558.065186 9127.746582 -2435.773926 3643.743896 1920986.420068 -37.351074 26.573486 23041.713867 14512.020264 4047.874756 9028.017578 9789039.143006 4.187012 -31.761475 13567.263184 12816.182861 -5426.575928 7332.180176 8320859.242959 41.51001 -5.413818 20943.10791 15973.978271 1949.268799 10489.975586 11383923.664365 21.564941 -28.056641 14825.750732 8170.332642 -4168.088379 2686.329956 2458932.936717 173.979492 -75.883789 18490.404053 18384.742432 -503.435059 12900.739746 16668253.285466 114.67041 -51.966553 18533.833008 19150.893555 -460.006104 13666.890869 18699551.164427 75.306396 -75.880127 20182.270508 19110.986328 1188.431396 13626.983643 18710705.237924 -27.344971 -28.743896 15972.263184 6157.634888 -3021.575928 673.632202 958370.143084 180.614014 -21.690063 15840.373535 4390.387268 -3153.465576 -1093.615417 1114033.982145 638.961182 145.228882 16044.160156 6467.865601 -2949.678955 983.862915 966859.217362 317.404785 -100.533447
22637.380371 9747.677612 3655.560303 4267.548828 3157509.412736 -21.904297 -46.339111 16568.115234 9147.876587 -2413.704834 3667.747803 1927834.497006 10.050049 20.130005 23039.35791 14537.989502 4057.537842 9057.860718 9850845.41202 -2.355957 25.969238 13602.563477 12787.055664 -5379.256592 7306.92688 8232758.190834 35.300293 -29.127197 20850.454102 16051.604004 1868.634033 10571.47522 11524788.147134 -92.653809 77.625732 14874.587402 8187.819214 -4107.232666 2707.69043 2420094.763581 48.83667 17.486572 18452.30835 18415.665283 -529.511719 12935.536499 16760848.717786 -38.095703 30.922852 18443.110352 19243.563232 -538.709717 13763.434448 18972233.597003 -90.722656 92.669678 20137.745361 19218.111572 1155.925293 13737.982788 19006833.436867 -44.525146 107.125244 15882.171631 5549.755859 -3099.648438 69.627075 961266.83657 -90.091553 -607.879028 15921.759033 4476.794739 -3060.061035 -1003.334045 1037065.274556 81.385498 86.407471 16131.218262 6210.870361 -2850.601807 730.741577 865991.39126 87.058105 -256.995239
22638.33252 9766.28418 3662.089844 4262.8302 3158262.333939 0.952148 18.606567 16707.659912 9220.813599 -2268.582764 3717.359619 1896523.029365 139.544678 72.937012 23088.100586 14539.901123 4111.85791 9036.447144 9856475.245157 48.742676 1.911621 13623.709717 12737.023926 -5352.532959 7233.569946 8097414.324487 21.14624 -50.031738 20910.471191 16028.157959 1934.228516 10524.703979 11451063.38066 60.01709 -23.446045 14995.689697 8233.121338 -3980.552979 2729.667358 2329588.590228 121.102295 45.302124 18406.619873 18321.52832 -569.622803 12818.074341 16462749.994419 -45.688477 -94.136963 18488.997803 19312.385254 -487.244873 13808.931274 19092399.05078 45.887451 68.822021 20237.921143 19189.656982 1261.678467 13686.203003 18890398.519098 100.175781 -28.45459 15489.282227 5257.76062 -3486.960449 -245.693359 1221925.840126 -392.889404 -291.995239 16013.034668 4386.77002 -2963.208008 -1116.68396 1002758.4764 91.275635 -90.024719 16716.166992 5565.27832 -2260.075684 61.824341 511176.434469 584.94873 -645.592041
22649.611816 9778.604736 3701.081543 4258.757935 3183502.373297 11.279297 12.320557 16615.313721 9162.150879 -2333.216553 3642.304077 1871027.847237 -92.346191 -58.66272 23065.996094 14517.471924 4117.46582 8997.625122 9791078.261875 -22.104492 -22.429199 13642.144775 12785.789795 -5306.385498 7265.942993 8095165.463379 18.435059 48.765869 20972.34375 15914.356689 2023.813477 10394.509888 11214165.679331 61.872559 -113.80127 15082.712402 8268.450317 -3865.817871 2748.603516 2249936.909857 87.022705 35.328979 18435.319824 18378.382568 -513.210449 12858.535767 16560532.702616 28.699951 56.854248 18477.182617 19272.37915 -471.347656 13752.532349 18935431.461324 -11.815186 -40.006104 20181.931152 19223.581543 1233.400879 13703.734741 18931362.358556 -55.98999 33.924561 15449.046631 5396.831055 -3499.483643 -123.015747 1226151.86387 -40.235596 139.070435 16186.287842 4465.780029 -2762.242432 -1054.066772 874104.001196 173.253174 79.01001 16818.87085 5379.93103 -2129.659424 -139.915771 455502.568461 102.703857 -185.34729
22643.908691 9766.31958 3685.599365 4242.584229 3158316.361707 -5.703125 -12.285156 16593.343506 9131.212158 -2364.96582 3607.476807 1860695.22417 -21.970215 -30.938721 23065.439453 14541.400146 4107.130127 9017.664795 9818679.62333 -0.556641 23.928223 13662.380371 12804.552002 -5295.928955 7280.81665 8105715.459384 20.235596 18.762207 20900.03418 16031.164551 1941.724854 10507.429199 11417636.378336 -72.30957 116.807861 15156.502686 8174.745483 -3801.806641 2651.010132 2148158.84518 73.790283 -93.704834 18416.844482 18497.388916 -541.464844 12973.653564 16860887.098746 -18.475342 119.006348 18418.334961 19207.960205 -539.974365 13684.224854 18754958.215668 -58.847656 -64.418945 20163.823242 19194.975586 1205.513916 13671.240234 18835607.33477 -18.10791 -28.605957 15402.106934 5489.595947 -3556.202393 -34.139404 1264774.09559 -46.939697 92.764893 16150.223389 4475.352478 -2808.085938 -1048.382874 898445.328191 -36.064453 9.572449 16766.508789 5286.94519 -2191.800537 -236.790161 486005.917488 -52.362061 -92.98584
22652.053223 9780.125732 3705.695801 4225.212402 3158460.121285 8.144531 13.806152 16622.324219 9111.70166 -2324.033203 3556.78833 1805187.355421 28.980713 -19.510498 23054.990234 14528.494873 4108.632812 8973.581543 9740602.929626 -10.449219 -12.905273 13677.216797 12813.343506 -5269.140625 7258.430176 8044865.154272 14.836426 8.791504 20922.619629 15993.824463 1976.262207 10438.911133 11287647.79497 22.585449 -37.340088 15144.029541 8275.26001 -3802.327881 2720.34668 2185798.337125 -12.473145 100.514526 18496.37085 18366.988525 -449.986572 12812.075195 16435175.872556 79.526367 -130.400391 18487.416992 19174.715576 -458.94043 13619.802246 18570963.95407 69.082031 -33.244629 20179.901123 19140.115967 1233.543701 13585.202637 18607936.074341 16.077881 -54.859619 15497.76001 5427.032471 -3448.597412 -127.880859 1190917.7625 95.653076 -62.563477 16358.143311 4497.876587 -2588.214111 -1057.036743 781617.896248 207.919922 22.524109 16815.943604 5300.646362 -2130.413818 -254.266968 460331.472836 49.434814 13.701172
22657.160645 9756.598511 3734.890137 4191.902466 3152145.061631 5.107422 -23.527222 16593.299561 9159.868164 -2328.970947 3595.172119 1834936.823945 -29.024658 48.166504 23072.714844 14530.317383 4150.444336 8965.621338 9760855.416016 17.724609 1.82251 13676.5625 12813.811035 -5245.708008 7249.11499 8006712.064487 -0.654297 0.467529 20935.927734 15976.359863 2013.657227 10411.663818 11245755.889262 13.308105 -17.4646 15111.403809 8234.790039 -3810.866699 2670.093994 2165210.693676 -32.625732 -40.469971 18494.976807 18332.409668 -427.293701 12767.713623 16319709.10672 -1.394043 -34.578857 18454.188232 19194.361572 -468.082275 13629.665527 18598688.34038 -33.22876 19.645996 20233.939209 19147.957764 1311.668701 13583.261719 18622547.370169 54.038086 7.841797 15551.057129 5427.700195 -3371.213379 -136.99585 1138384.750893 53.297119 0.667725 16420.836182 4464.811096 -2501.434326 -1099.884949 746692.058859 62.692871 -33.065491 16921.068115 5449.203491 -2001.202393 -115.492554 401814.954602 105.124512 148.557129
22647.785645 9728.28064 3744.169922 4137.280884 3113590.151524 -9.375 -28.317871 16673.041992 9138.548584 -2230.57373 3547.548828 1756056.185499 79.742432 -21.31958 23119.104004 14491.254883 4215.488281 8900.255127 9698488.277421 46.38916 -39.0625 13632.891846 12745.159912 -5270.723877 7154.160156 7896253.772836 -43.670654 -68.651123 20929.56543 16006.330566 2025.949707 10415.330811 11258358.810855 -6.362305 29.970703 15041.716309 8202.924194 -3861.899414 2611.924438 2173641.635665 -69.6875 -31.865845 18370.45166 18313.189697 -533.164062 12722.189941 16213838.082276 -124.525146 -19.219971 18522.8479 19275.92041 -380.767822 13684.920654 18742203.744887 68.659668 81.558838 20245.152588 19189.906006 1341.536865 13598.90625 18672997.235707 11.213379 41.948242 16606.065674 6466.225586 -2297.550049 875.22583 604475.648051 1055.008545 1038.525391 16582.945557 4620.397339 -2320.670166 -970.602417 632757.907131 162.109375 155.586243 16486.738281 5765.227661 -2416.877441 174.227905 587165.192975 -434.329834 316.02417
22650.285645 9757.44812 3739.614258 4219.431152 3178831.40466 2.5 29.16748 16575.772705 9090.858765 -2334.898682 3552.841797 1807443.668715 -97.269287 -47.689819 23055.446777 14498.034668 4144.775391 8960.0177 9746108.022654 -63.657227 6.779785 13571.461182 12785.931396 -5339.210205 7247.914429 8103942.917993 -61.430664 40.771484 20931.335449 16032.783203 2020.664062 10494.766235 11422320.158815 1.77002 26.452637 14851.246338 8433.024292 -4059.425049 2895.007324 2485999.913433 -190.469971 230.100098 18446.147461 18425.987549 -464.523926 12887.970581 16631556.817575 75.695801 112.797852 18414.418945 19255.119629 -496.252441 13717.102661 18840517.190166 -108.428955 -20.800781 20164.96582 19158.740234 1254.294434 13620.723267 18709735.683149 -80.186768 -31.165771 16367.248535 6364.191895 -2543.422852 826.174927 715156.481145 -238.817139 -102.033691 15915.426025 4622.875977 -2995.245361 -915.140991 980897.780835 -667.519531 2.478638 16158.29834 6926.555176 -2752.373047 1388.538208 950359.574426 -328.439941 1161.327515
22661.860352 9747.96936 3737.216797 4200.487671 3161088.606021 11.574707 -9.47876 16743.748779 9098.119507 -2180.894775 3550.637817 1736333.093156 167.976074 7.260742 23060.415039 14543.988037 4135.771484 8996.506348 9804173.223439 4.968262 45.953369 13517.119141 12750.483398 -5407.524414 7203.001709 8112455.390831 -54.342041 -35.447998 20911.982422 15994.384766 1987.338867 10446.903076 11308729.965596 -19.353027 -38.398438 14878.134766 8252.947388 -4046.508789 2705.465698 2369377.802433 26.888428 -180.076904 18431.9104 18443.121338 -492.733154 12895.639648 16654030.79037 -14.237061 17.133789 18488.128662 19262.198486 -436.514893 13714.716797 18828400.206993 73.709717 7.078857 20199.088135 19201.085205 1274.44458 13653.603516 18804509.794958 34.122314 42.344971 15669.729004 6190.407715 -3254.914551 642.926025 1100782.260701 -697.519531 -173.78418 15754.980469 4784.445496 -3169.663086 -763.036194 1062898.831148 -160.445557 161.569519 14589.829102 4834.128723 -4334.814453 -713.352966 1929948.879756 -1568.469238 -2092.426453
22672.758789 9777.791138 3765.220947 4253.71582 3227098.70617 10.898438 29.821777 16731.92749 9062.261963 -2175.610352 3538.186646 1725204.514028 -11.821289 -35.857544 23069.489746 14528.950195 4161.951904 9004.874878 9840961.522085 9.074707 -15.037842 13507.25708 12734.633789 -5400.280762 7210.558472 8115518.57789 -9.862061 -15.849609 20953.337402 16006.856689 2045.799561 10482.781372 11407400.113656 41.35498 12.471924 14700.968018 8263.666992 -4206.569824 2739.591675 2520059.223069 -177.166748 10.719604 18470.413818 18359.941406 -437.124023 12835.866089 16495053.56632 38.503418 -83.179932 18431.751709 19220.621338 -475.786133 13696.546021 18782174.533607 -56.376953 -41.577148 20212.860107 19148.55835 1305.322266 13624.483032 18733040.411257 13.771973 -52.526855 15338.792725 5545.267334 -3568.745117 21.192017 1273639.081302 -330.936279 -645.140381 15114.676514 4213.957214 -3792.861328 -1310.118103 1610220.649827 -640.303955 -570.488281 15524.893799 6515.864258 -3382.644043 991.78894 1242592.602379 935.064697 1681.735535
22672.612305 9789.782715 3760.319824 4272.893066 3239762.033736 -0.146484 11.991577 16768.051758 9161.414185 -2144.240723 3644.524536 1788032.737117 36.124268 99.152222 23062.102051 14543.725586 4149.80957 9026.835938 9870468.65124 -7.387695 14.775391 13490.628662 12770.311279 -5421.663818 7253.421631 8200656.391433 -16.628418 35.67749 20938.068848 16025.544434 2025.776367 10508.654785 11453559.528344 -15.268555 18.687744 14558.948975 8226.670532 -4353.343506 2709.780884 2629451.211816 -142.019043 -36.99646 18502.37793 18287.746582 -409.914551 12770.856934 16326281.675726 31.964111 -72.194824 18473.796387 19209.804688 -438.496094 13692.915039 18768820.109122 42.044678 -10.81665 20224.510498 19196.225586 1312.218018 13679.335938 18884614.781664 11.650391 47.667236 14540.810547 5427.736816 -4371.481934 -89.152832 1911780.25232 -797.982178 -117.530518 14608.493652 4275.586548 -4303.798828 -1241.303101 2006351.774049 -506.182861 61.629333 14814.367676 6098.395996 -4097.924805 581.506348 1713113.733724 -710.526123 -417.468262
22669.641113 9795.011597 3728.436279 4279.138794 3221226.590662 -2.971191 5.228882 16735.19165 9197.631836 -2206.013184 3681.759033 1842184.374476 -32.860107 36.217651 23068.898926 14556.68457 4127.694092 9040.811768 9877413.593223 6.796875 12.958984 13456.28418 12749.868164 -5484.920654 7233.995361 8241504.347165 -34.344482 -20.443115 20933.45459 15981.804199 1992.249756 10465.931396 11350477.908564 -4.614258 -43.740234 14335.200195 8191.184082 -4606.004639 2675.311279 2837256.91726 -223.748779 -35.48645 18478.155518 18383.83667 -463.049316 12867.963867 16579890.875667 -24.222412 96.090088 18451.741943 19211.737061 -489.462891 13695.864258 18781627.168972 -22.054443 1.932373 20258.389893 19126.436768 1317.185059 13610.563965 18698242.791969 33.879395 -69.788818 14598.730469 5904.138794 -4342.474365 388.265991 1900783.409265 57.919922 476.401978 14693.92334 4218.673096 -4247.281494 -1297.199707 1972212.717039 85.429688 -56.913452 13553.204346 4901.738586 -5388.000488 -614.134216 2940771.009736 -1261.16333 -1196.65741
22667.402344 9791.942139 3735.657959 4307.81311 3251239.418024 -2.23877 -3.069458 16719.398193 9184.926758 -2212.346191 3700.797729 1859037.950524 -15.793457 -12.705078 23091.357422 14553.363037 4159.613037 9069.234009 9955338.612467 22.458496 -3.321533 13483.156738 12746.593018 -5448.587646 7262.463989 8243049.053669 26.872559 -3.275146 20905.332031 16016.651611 1973.587646 10532.522583 11482908.015993 -28.122559 34.847412 14252.590332 8165.717773 -4679.154053 2681.588745 2908540.084716 -82.609863 -25.466309 18442.901611 18459.924316 -488.842773 12975.795288 16861023.061546 -35.253906 76.087646 18529.747314 19236.226807 -401.99707 13752.097778 18928179.494902 78.005371 24.489746 20232.625732 19180.858154 1300.881348 13696.729126 18929268.103105 -25.76416 54.421387 14467.89917 5940.83374 -4463.845215 456.704712 2013449.329597 -130.831299 36.694946 14642.271729 4242.443542 -4289.472656 -1241.685486 1994135.851446 -51.651611 23.770447 13381.428223 4839.500732 -5550.316162 -644.628296 3122155.513925 -171.776123 -62.237854
22657.329102 9777.710571 3693.620605 4274.541016 3191453.40714 -10.073242 -14.231567 16686.098633 9145.493164 -2277.609863 3642.323608 1845402.795761 -33.299561 -39.433594 23052.578125 14543.299561 4088.869629 9040.130005 9844280.534737 -38.779297 -10.063477 13449.489746 12744.697266 -5514.21875 7241.52771 8284633.199698 -33.666992 -1.895752 20931.745605 16010.339355 1968.037109 10507.1698 11427378.72658 26.413574 -6.312256 14233.851318 8184.485474 -4729.857178 2681.315918 2956100.397372 -18.739014 18.7677 18424.835205 18421.572266 -538.873291 12918.40271 16717551.30005 -18.066406 -38.352051 18454.289551 19187.207031 -509.418945 13684.037476 18751238.929508 -75.457764 -49.019775 20198.759766 19168.930664 1235.05127 13665.761108 18827837.831019 -33.865967 -11.92749 14370.499268 5894.265137 -4593.209229 391.095581 2125052.677044 -97.399902 -46.568604 14607.578125 4265.753479 -4356.130371 -1237.416077 2050707.035674 -34.693604 23.309937 13228.518066 4914.230042 -5735.19043 -588.939514 3323925.901612 -152.910156 74.729309
22651.643066 9791.427002 3697.033691 4300.76416 3216463.047668 -5.686035 13.716431 16697.213135 9175.997925 -2257.39624 3685.335083 1867753.245947 11.114502 30.504761 23050.341797 14508.497314 4095.732422 9017.834473 9809636.264783 -2.236328 -34.802246 13437.001953 12784.669189 -5517.607422 7294.006348 8364652.026158 -12.487793 39.971924 20959.25293 15973.579102 2004.643555 10482.91626 11391012.909061 27.507324 -36.760254 14229.163818 8231.154175 -4725.445557 2740.491333 2984012.845507 -4.6875 46.668701 18428.775635 18360.628662 -525.83374 12869.96582 16591252.133838 3.94043 -60.943604 18395.08667 19176.365967 -559.522705 13685.703125 18761153.568313 -59.202881 -10.841064 20249.083252 19116.577148 1294.473877 13625.914307 18734120.331003 50.323486 -52.353516 14438.50708 5930.827026 -4516.102295 440.164185 2058892.444758 68.007812 36.56189 14675.466309 4285.836487 -4279.143066 -1204.826355 1976267.192843 67.888184 20.083008 13309.638672 4901.694946 -5644.970703 -588.967896 3221257.742108 81.120605 -12.535095
22650.9375 9786.771851 3710.606689 4269.01001 3199304.846729 -0.705566 -4.655151 16721.038818 9222.546387 -2219.291992 3704.784546 1865068.547812 23.825684 46.548462 23087.614746 14587.028809 4147.283936 9069.266968 9945156.737479 37.272949 78.531494 13445.466309 12786.524658 -5494.864502 7268.762817 8302844.879019 8.464355 1.855469 20925.751953 15984.689941 1985.421143 10466.928101 11349848.097623 -33.500977 11.11084 14260.809326 8244.408569 -4679.521484 2726.646729 2933252.370485 31.645508 13.254395 18495.102539 18394.991455 -445.228271 12877.229614 16602127.075205 66.326904 34.362793 18501.23291 19233.944092 -439.0979 13716.182251 18832646.250813 106.14624 57.578125 20176.334229 19196.533203 1236.003418 13678.771362 18863649.043144 -72.749023 79.956055 14424.86084 6007.312012 -4515.469971 489.550171 2062912.842615 -13.64624 76.484985 14756.872559 4438.476257 -4183.458252 -1079.285583 1866618.031658 81.40625 152.639771 13455.291748 4816.542053 -5485.039062 -701.219788 3057736.270767 145.653076 -85.152893
22643.352051 9774.779663 3695.214844 4274.818726 3192868.787809 -7.585449 -11.992188 16707.880859 9198.81958 -2240.256348 3698.858643 1870030.376099 -13.157959 -23.726807 23042.978516 14563.200684 4094.841309 9063.239746 9891004.003774 -44.63623 -23.828125 13442.536621 12804.500732 -5505.600586 7304.539795 8366793.942747 -2.929688 17.976074 20931.599121 16014.379883 1983.461914 10514.418945 11448712.692208 5.847168 29.689941 14262.932129 8294.451904 -4685.205078 2794.490967 2976032.63876 2.122803 50.043335 18458.444824 18378.370361 -489.692383 12878.409424 16609322.791753 -36.657715 -16.621094 18430.211182 19182.330322 -517.926025 13682.369385 18747547.934895 -71.021729 -51.61377 20222.341309 19124.730225 1274.204102 13624.769287 18725793.42194 46.00708 -71.802979 14606.148682 5983.901367 -4341.988525 483.94043 1908706.269411 181.287842 -23.410645 14816.745605 4479.988708 -4131.391602 -1019.972229 1810873.99134 59.873047 41.512451 13434.866943 4995.193481 -5513.270264 -504.767456 3065093.918498 -20.424805 178.651428
22645.466309 9785.432129 3718.027344 4280.27832 3214450.982821 2.114258 10.652466 16712.359619 9217.302856 -2215.079346 3712.149048 1868662.706123 4.47876 18.483276 23060.786133 14554.433594 4133.347168 9049.279785 9897402.344099 17.807617 -8.76709 13432.138672 12789.311523 -5495.300293 7284.157715 8325727.892462 -10.397949 -15.189209 20937.041016 15976.445312 2009.602051 10471.291504 11368644.616228 5.441895 -37.93457 14253.277588 8338.389282 -4674.161377 2833.235474 2987500.782685 -9.654541 43.937378 18421.646729 18509.35791 -505.792236 13004.204102 16936515.010142 -36.798096 130.987549 18521.530762 19338.498535 -405.908203 13833.344727 19152618.779328 91.31958 156.168213 20218.220215 19277.957764 1290.78125 13772.803955 19135624.502037 -4.121094 153.227539 14618.000488 5992.242432 -4309.438477 487.088623 1880851.530998 11.851807 8.341064 14804.300537 4491.908875 -4123.138428 -1013.244934 1802693.57907 -12.445068 11.920166 13357.211914 5020.901794 -5570.227051 -484.252014 3126192.941047 -77.655029 25.708313
22630.668945 9765.985718 3712.436523 4268.362427 3200110.274671 -14.797363 -19.446411 16813.800049 9123.676147 -2104.432373 3626.052856 1757689.493046 101.44043 -93.626709 23040.603027 14529.251709 4122.370605 9031.628418 9856425.128909 -20.183105 -25.181885 13450.788574 12802.602539 -5467.443848 7304.979248 8325566.404167 18.649902 13.291016 20899.157715 16027.37915 1980.925293 10529.755859 11479982.347437 -37.883301 50.933838 14235.648193 8450.430298 -4682.584229 2952.807007 3064566.427676 -17.629395 112.041016 18516.795654 18300.12207 -401.436768 12802.498779 16406512.647226 95.148926 -209.23584 18423.52417 19257.385254 -494.708252 13759.761963 18957578.552996 -98.006592 -81.113281 20195.288086 19187.607422 1277.055664 13689.984131 18904653.66723 -22.932129 -90.350342 14578.365479 5971.155396 -4339.866943 473.532104 1905867.774005 -39.63501 -21.087036 14867.683105 4470.822449 -4050.549316 -1026.800842 1746126.973436 63.382568 -21.086426 13314.493408 5008.659973 -5603.739014 -488.963318 3164097.605957 -42.718506 -12.241821
22653.369141 9772.711792 3741.010742 4267.267456 3220473.291467 22.700195 6.726074 16762.095947 9145.087891 -2150.262451 3639.643555 1787063.38141 -51.704102 21.411743 23067.700195 14570.085449 4155.341797 9064.641113 9943458.396145 27.097168 40.83374 13550.499268 12868.978271 -5361.859131 7363.533936 8297116.535913 99.710693 66.375732 20873.996582 16023.656006 1961.638184 10518.21167 11448080.109661 -25.161133 -3.723145 14178.442383 8571.049805 -4733.916016 3065.605469 3180789.773302 -57.205811 120.619507 18465.567627 18431.326904 -446.790771 12925.882568 16727806.21645 -51.228027 131.204834 18493.302002 19306.248779 -419.056396 13800.804443 19063781.154728 69.777832 48.863525 20156.855469 19260.800781 1244.49707 13755.356445 19075860.389562 -38.432617 73.193359 14878.232422 6213.098755 -4034.125977 707.654419 1677494.717143 299.866943 241.943359 14873.769531 4590.007629 -4038.588867 -915.436707 1714822.440186 6.086426 119.185181 13397.258301 5066.048889 -5515.100098 -439.395447 3060939.744582 82.764893 57.388916
22652.368164 9774.281006 3747.666016 4284.01123 3239775.278745 -1.000977 1.569214 16703.26416 9158.692627 -2201.437988 3668.422852 1830365.543411 -58.831787 13.604736 23071.40625 14560.704346 4166.704102 9070.43457 9963420.63643 3.706055 -9.381104 13596.225586 12965.908203 -5308.476562 7475.638428 8406509.331683 45.726318 96.929932 20914.11377 15967.077637 2009.411621 10476.807861 11380123.802617 40.117188 -56.578369 14261.018066 8807.540894 -4643.684082 3317.271118 3256808.952512 82.575684 236.491089 18420.126953 18351.834717 -484.575195 12861.564941 16565466.586192 -45.440674 -79.492188 18468.129883 19198.275146 -436.572266 13708.005371 18810000.659705 -25.172119 -107.973633 20265.460205 19147.575684 1360.758057 13657.305908 18837366.715895 108.604736 -113.225098 15228.851318 6443.458252 -3675.85083 953.188477 1442044.759684 350.618896 230.359497 15002.843018 5095.003052 -3901.859131 -395.266724 1538074.045988 129.073486 504.995422 13678.099365 5529.475708 -5226.602783 39.205933 2731891.375854 280.841064 463.426819
22634.367676 9765.360718 3739.241943 4297.454224 3245004.31152 -18.000488 -8.920288 16643.410645 9183.353882 -2251.715088 3715.447388 1887477.012777 -59.853516 24.661255 23029.51416 14572.093506 4134.388428 9104.187012 9997938.881573 -41.89209 11.38916 13687.194824 13055.013428 -5207.930908 7587.106934 8468673.59664 90.969238 89.105225 20881.247559 16043.988037 1986.121826 10576.081543 11579818.071192 -32.866211 76.9104 14360.507812 9052.169189 -4534.61792 3584.262695 3340969.874869 99.489746 244.628296 18479.622803 18381.901855 -415.50293 12913.995361 16694391.887698 59.49585 30.067139 18436.759033 19251.610107 -458.366699 13783.703613 19020058.532974 -31.37085 53.334961 20200.592041 19163.341064 1305.466309 13695.43457 18926917.035258 -64.868164 15.765381 15636.259766 6325.999756 -3258.865967 858.093262 1135653.143535 407.408447 -117.458496 15192.076416 6569.334717 -3703.049316 1101.428223 1492571.83694 189.233398 1474.331665 14462.646484 7275.259399 -4432.479248 1807.352905 2291339.680857 784.547119 1745.783691
22625.324707 9764.407959 3672.902832 4292.766113 3191805.611688 -9.042969 -0.952759 16551.5271 9105.145874 -2400.894775 3633.504028 1896664.724632 -91.883545 -78.208008 23051.105957 14539.259033 4098.684082 9067.617188 9902089.266334 21.591797 -32.834473 13952.34375 13209.686279 -5000.078125 7738.044434 8487811.291237 265.148926 154.672852 20886.860352 16008.40332 1934.438477 10536.761475 11476539.459242 5.612793 -35.584717 14397.746582 9500.494385 -4554.675293 4028.852539 3697671.980589 37.23877 448.325195 18452.104492 18419.530029 -500.317383 12947.888184 16789812.589839 -27.518311 37.628174 18408.842773 19269.017334 -543.579102 13797.375488 19066304.860428 -27.91626 17.407227 20147.652588 19173.880615 1195.230713 13702.23877 18917992.375428 -52.939453 10.539551 15660.43457 6309.884644 -3291.987305 838.242798 1153983.140237 24.174805 -16.115112 15438.292236 7369.025879 -3514.129639 1897.384033 1594917.328685 246.21582 799.691162 15217.164307 8622.589722 -3735.257568 3150.947876 2388062.161911 754.517822 1347.330322
22619.406738 9787.667236 3660.45166 4335.69519 3219715.914066 -5.917969 23.259277 16751.580811 9242.179565 -2207.374268 3790.20752 1923817.419828 200.053711 137.033691 23031.003418 14525.314941 4072.04834 9073.342896 9890712.898149 -20.102539 -13.944092 14135.657959 13410.71167 -4823.297119 7958.739624 8660573.150251 183.314209 201.025391 20872.333984 16078.820801 1913.378906 10626.848755 11659093.329804 -14.526367 70.41748 14682.883301 10056.403809 -4276.071777 4604.431763 3948558.170231 285.136719 555.909424 18432.901611 18410.6604 -526.053467 12958.688354 16820433.611878 -19.202881 -8.869629 18416.446533 19321.763916 -542.508545 13869.79187 19266544.204168 7.60376 52.746582 20181.195068 19149.830322 1222.23999 13697.858276 18912519.195317 33.54248 -24.050293 15481.749268 6736.710205 -3477.205811 1284.738159 1374151.238655 -178.685303 426.825562 15633.310547 7514.389038 -3325.644531 2062.416992 1531347.53979 195.018311 145.363159 15572.751465 9604.266357 -3386.203613 4152.294312 2870792.296011 355.587158 981.676636
22624.746094 9804.315796 3641.945801 4364.997559 3231697.290236 5.339355 16.64856 16587.86377 9276.168213 -2394.936523 3836.849976 2045713.868645 -163.717041 33.988647 23009.736328 14533.720703 4026.936035 9094.402466 9892437.004156 -21.26709 8.405762 14314.437256 13587.487793 -4668.363037 8148.169556 8818628.05541 178.779297 176.776123 20935.939941 16009.970703 1953.139648 10570.652466 11555344.803945 63.605957 -68.850098 15181.015625 10488.846436 -3801.784668 5049.528198 3995130.168645 498.132324 432.442627 18394.404297 18352.763672 -588.395996 12913.445435 16710328.283984 -38.497314 -57.896729 18435.218506 19192.344971 -547.581787 13753.026733 18944559.014315 18.771973 -129.418945 20152.578125 19111.221924 1169.777832 13671.903687 18828933.058988 -28.616943 -38.608398 15275.372314 7678.302612 -3707.427979 2238.984375 1875807.324737 -206.376953 941.592407 15311.2854 7617.053833 -3671.514893 2177.735596 1822255.393122 -322.025146 102.664795 16131.645508 9892.57019 -2851.154785 4453.251953 2796053.656693 558.894043 288.303833
22622.243652 9808.244019 3658.813477 4345.632324 3227143.635357 -2.502441 3.928223 16325.004883 9501.705322 -2638.425293 4039.093628 2327556.536176 -262.858887 225.537109 23006.071777 14466.915283 4042.641602 9004.303589 9742043.423917 -3.664551 -66.80542 14441.837158 13775.577393 -4521.593018 8312.965698 8955020.211676 127.399902 188.0896 20840.566406 16117.667236 1877.13623 10655.055542 11705384.903068 -95.373535 107.696533 15599.676514 11082.659912 -3363.753662 5620.048218 4289978.066945 418.660889 593.813477 18254.104004 18475.183105 -709.326172 13012.571411 16983015.834794 -140.300293 122.419434 18368.841553 19234.691162 -594.588623 13772.079468 19002370.849732 -66.376953 42.346191 20202.429199 19200.428467 1238.999023 13737.816772 19026272.825379 49.851074 89.206543 16107.687988 9169.301147 -2855.742188 3706.689453 2189481.014338 832.315674 1490.998535 16417.512207 9411.773682 -2545.917969 3949.161987 2207757.870558 1106.226807 1794.719849 16546.378174 10998.448486 -2417.052002 5535.836792 3648762.936772 414.732666 1105.878296
22619.379883 9785.466309 3649.851074 4349.711304 3224140.128961 -2.86377 -22.77771 16556.660156 9242.943726 -2412.868652 3807.188721 2031662.108851 231.655273 -258.761597 23010.366211 14465.023193 4040.837402 9029.268188 9785605.093162 4.294434 -1.89209 14643.548584 13851.119385 -4325.980225 8415.36438 8953246.254991 201.711426 75.541992 20864.765625 16143.978271 1895.236816 10708.223267 11825796.811765 24.199219 26.311035 15879.765625 11603.704834 -3089.763184 6167.949829 4759024.162501 280.089111 521.044922 18325.19043 18495.830078 -644.338379 13060.075073 17098073.286525 71.086426 20.646973 18447.386475 19281.25 -522.142334 13845.494995 19197036.427675 78.544922 46.558838 20270.299072 19172.607422 1300.770264 13736.852417 19039311.760508 67.869873 -27.821045 16947.532959 10162.807007 -2021.99585 4727.052002 2643348.784501 839.844971 993.505859 16730.847168 10088.587646 -2238.681641 4652.832642 2666054.707882 313.334961 676.813965 16160.222168 10707.006836 -2809.306641 5271.251831 3567829.966746 -386.156006 -291.44165
22601.57959 9765.118408 3607.476807 4338.793945 3183902.181033 -17.800293 -20.3479 16619.11377 9229.085083 -2374.989014 3802.76062 2010156.114898 62.453613 -13.858643 23023.317871 14473.105469 4029.215088 9046.781006 9807882.079246 12.95166 8.082275 14860.946045 13949.589844 -4133.156738 8523.265381 8972903.737576 217.397461 98.470459 20897.583008 16180.413818 1903.480225 10754.089355 11927367.483089 32.817383 36.435547 16210.888672 12712.171631 -2783.214111 7285.847168 6082984.974449 331.123047 1108.466797 18380.86792 18328.535156 -613.234863 12902.210693 16684309.777338 55.67749 -167.294922 18498.253174 19300.864258 -495.849609 13874.539795 19274872.135599 50.866699 19.614258 20287.653809 19167.23999 1293.551025 13740.915527 19048603.378489 17.354736 -5.367432 17170.534668 11165.744629 -1823.568115 5739.420166 3626634.451297 223.001709 1002.937622 17399.910889 11746.489258 -1594.191895 6320.164795 4248593.083156 669.063721 1657.901611 16586.063232 11936.276855 -2408.039551 6509.952393 4817813.463176 425.841064 1229.27002
22618.864746 9772.016602 3635.559082 4352.398682 3216066.412289 17.285156 6.898193 16616.888428 9263.690186 -2366.417236 3844.072266 2037682.211974 -2.225342 34.605103 23049.677734 14480.256348 4066.37207 9060.638428 9863055.053235 26.359863 7.150879 15022.481689 13883.395996 -3960.823975 8463.778076 8732366.588053 161.535645 -66.193848 20924.594727 16132.686768 1941.289062 10713.068848 11853844.73588 27.011719 -47.727051 16629.276123 13424.929199 -2354.029541 8005.311279 6962646.375841 418.387451 712.757568 18299.959717 18559.095459 -683.345947 13139.477539 17311283.168317 -80.908203 230.560303 18494.627686 19305.152588 -488.677979 13885.534668 19304687.918205 -3.625488 4.28833 20319.082031 19183.171387 1335.776367 13763.553467 19121970.253651 31.428223 15.931396 17527.458496 11707.250977 -1455.847168 6287.633057 4165382.043144 356.923828 541.506348 17344.924316 11832.653809 -1638.381348 6413.035889 4381132.274974 -54.986572 86.164551 17331.821289 13260.369873 -1651.484375 7840.751953 6420479.18313 745.758057 1324.093018
22611.40625 9737.727661 3661.35376 4293.114014 3183633.928854 -7.458496 -34.28894 16690.776367 9251.890869 -2259.276123 3807.277222 1959968.844289 73.887939 -11.799316 23106.132812 14489.516602 4156.080322 9044.902954 9908327.309424 56.455078 9.260254 15037.855225 13812.15332 -3912.197266 8367.539673 8532100.762191 15.373535 -71.242676 20874.052734 16027.739258 1924.000244 10583.12561 11570432.462393 -50.541992 -104.94751 17075.325928 13860.478516 -1874.726562 8415.864868 7434138.116334 446.049805 435.549316 18311.588135 18473.830566 -638.464355 13029.216919 17016813.025413 11.628418 -85.264893 18430.838623 19209.226074 -519.213867 13764.612427 18973413.829874 -63.789062 -95.926514 20231.452637 19170.693359 1281.400146 13726.079712 19004725.059323 -87.629395 -12.478027 17878.691406 12475.721436 -1071.361084 7031.107788 5058429.129996 351.23291 768.470459 18016.046143 13013.635254 -934.006348 7569.021606 5816245.59363 671.121826 1180.981445 18549.241943 14478.901367 -400.810547 9034.28772 8177900.369729 1217.420654 1218.531494
22603.027344 9739.594116 3646.558838 4291.008911 3171014.883362 -8.378906 1.866455 16711.016846 9268.274536 -2245.45166 3819.689331 1963207.974387 20.240479 16.383667 23125.361328 14485.9729 4168.892822 9037.387695 9905404.371892 19.228516 -3.543701 15102.250977 13766.717529 -3854.217529 8318.132324 8404631.812635 64.395752 -45.435791 20997.260742 16055.141602 2040.792236 10606.556396 11666387.154366 123.208008 27.402344 17213.421631 14125.955811 -1743.046875 8677.370605 7833497.30331 138.095703 265.477295 18398.685303 18432.96875 -557.783203 12984.383545 16890533.814333 87.097168 -40.861816 18482.791748 19172.012939 -473.676758 13723.427734 18855683.84515 51.953125 -37.213135 20233.186035 19129.638672 1276.717529 13681.053467 18880123.161097 1.733398 -41.054688 18473.293457 13081.014404 -483.175049 7632.429199 5848743.36089 594.602051 605.292969 18598.293457 13633.857422 -358.175049 8185.272217 6712697.062867 582.247314 620.222168 19183.852539 14836.923828 227.384033 9388.338623 8819260.559955 634.610596 358.022461
22626.872559 9744.822998 3700.593262 4303.105469 3221110.716386 23.845215 5.228882 16698.339844 9307.001343 -2227.939453 3865.283813 1990413.316551 -12.677002 38.726807 23135.705566 14507.458496 4209.42627 9065.740967 9990692.879568 10.344238 21.485596 15172.880859 13864.91333 -3753.398438 8423.195801 8503822.732893 70.629883 98.195801 20991.298828 16069.650879 2065.019531 10627.93335 11721727.294818 -5.961914 14.509277 17404.195557 14435.097656 -1522.08374 8993.380127 8319762.502016 190.773926 309.141846 18450.665283 18390.06958 -475.614014 12948.352051 16788602.952097 51.97998 -42.89917 18530.897217 19161.05835 -395.38208 13719.34082 18837663.953314 48.105469 -10.95459 20213.043213 19142.469482 1286.763916 13700.751953 18936636.545662 -20.142822 12.830811 18771.799316 13540.253906 -154.47998 8098.536377 6561015.55132 298.505859 459.239502 19518.626709 14150.721436 592.347412 8709.003906 7619762.449571 920.333252 516.864014 19520.400391 14987.458496 594.121094 9545.740967 9147415.047922 336.547852 150.534668
22612.810059 9765.880737 3685.767822 4313.572998 3219179.644913 -14.0625 21.057739 16696.529541 9291.322021 -2230.512695 3839.014282 1971321.754309 -1.810303 -15.679321 23142.280273 14432.930908 4215.238037 8980.623169 9841982.421209 6.574707 -74.527588 15194.672852 13789.053955 -3732.369385 8336.746216 8343191.869133 21.791992 -75.859375 20992.355957 16141.755371 2065.313721 10689.447632 11852981.143869 1.057129 72.104492 17395.452881 14591.607666 -1531.589355 9139.299927 8587256.910502 -8.742676 156.51001 18445.256348 18491.42334 -481.785889 13039.115601 17025065.328797 -5.408936 101.35376 18519.482422 19147.720947 -407.559814 13695.413208 18773044.794043 -11.414795 -13.337402 20205.164795 19139.293213 1278.122559 13686.985474 18896716.863022 -7.878418 -3.17627 18964.798584 13729.434814 37.756348 8277.127075 6851225.816072 192.999268 189.180908 19663.095703 14216.921387 736.053467 8764.613647 7736022.709524 144.468994 66.199951 19793.168945 15063.563232 866.126709 9611.255493 9312640.763089 272.768555 76.104736
22569.428711 9738.894043 3639.731445 4275.813599 3153022.692425 -43.381348 -26.986694 16692.8125 9260.421143 -2236.884766 3797.340698 1942344.983321 -3.717041 -30.900879 23126.135254 14489.904785 4196.437988 9026.824341 9909364.946952 -16.14502 56.973877 15213.032227 13805.754395 -3716.665039 8342.67395 8341380.765186 18.359375 16.700439 20902.036133 16238.979492 1972.338867 10775.899048 12001012.089651 -90.319824 97.224121 17489.876709 14661.804199 -1439.820557 9198.723755 8668960.195397 94.423828 70.196533 18430.783691 18520.839844 -498.913574 13057.759399 17075399.528753 -14.472656 29.416504 18565.822754 19174.729004 -363.874512 13711.64856 18814171.088145 46.340332 27.008057 20222.501221 19150.192871 1292.803955 13687.112427 18900838.864897 17.336426 10.899658 19064.396973 13890.997314 134.699707 8427.91687 7104792.678068 99.598389 161.5625 19664.989014 14225.529785 735.291748 8762.449341 7732117.240519 1.893311 8.608398 19893.608398 15047.857666 963.911133 9584.777222 9279707.906119 100.439453 -15.705566
22594.597168 9737.995605 3689.730225 4269.689941 3184436.132614 25.168457 -0.898438 16697.276611 9268.914795 -2207.590332 3800.609131 1931808.483965 4.464111 8.493652 23137.509766 14459.321289 4232.642822 8991.015625 9875362.722987 11.374512 -30.583496 15202.874756 13807.785645 -3701.992188 8339.47998 8325167.250095 -10.157471 2.03125 21010.844727 16133.505859 2105.977783 10665.200195 11818163.762944 108.808594 -105.473633 17426.453857 14624.143066 -1478.413086 9155.837402 8601506.379083 -63.422852 -37.661133 18427.642822 18542.155762 -477.224121 13073.850098 17115329.923774 -3.140869 21.315918 18556.795654 19177.363281 -348.071289 13709.057617 18805941.437364 -9.0271 2.634277 20224.581299 19167.564697 1319.714355 13699.259033 18941134.403883 2.080078 17.371826 18962.564697 13923.771973 57.697754 8455.466309 7149823.952657 -101.832275 32.774658 19543.798828 14212.062988 638.931885 8743.757324 7686152.60982 -121.190186 -13.466797 19809.274902 15068.411865 904.407959 9600.106201 9297999.283005 -84.333496 20.554199
22606.430664 9762.91748 3695.354004 4268.775024 3187808.142325 11.833496 24.921875 16701.590576 9295.911865 -2209.486084 3801.769409 1933527.93959 4.313965 26.99707 23129.311523 14505.351562 4218.234863 9011.209106 9899539.492188 -8.198242 46.030273 15220.847168 13815.028076 -3690.229492 8320.88562 8285493.120808 17.972412 7.242432 20971.44043 16079.28833 2060.36377 10585.145874 11629041.203715 -39.404297 -54.217529 17351.080322 14499.364014 -1559.996338 9005.221558 8352760.387601 -75.373535 -124.779053 18434.084473 18476.020508 -476.992188 12981.878052 16875667.929765 6.44165 -66.135254 18479.573975 19147.44751 -431.502686 13653.305054 18659893.345732 -77.22168 -29.915771 20274.984131 19125.307617 1363.907471 13631.165161 18766890.723872 50.402832 -42.25708 18597.833252 13817.943115 -313.243408 8323.800659 6938377.884654 -364.731445 -105.828857 19135.394287 14107.633057 224.317627 8613.490601 7424253.872414 -408.404541 -104.429932 19554.138184 14954.147949 643.061523 9460.005493 8990523.205362 -255.136719 -114.263916
22580.490723 9744.733276 3681.171875 4250.769043 3162006.382995 -25.939941 -18.184204 16709.715576 9287.492065 -2189.603271 3793.527832 1918521.589889 8.125 -8.4198 23124.733887 14482.001953 4225.415039 8988.03772 9863895.430356 -4.577637 -23.349609 15280.689697 13909.093018 -3618.62915 8415.128784 8390886.938239 59.842529 94.064941 20982.668457 16007.022705 2083.349609 10513.058472 11486474.402384 11.228027 -72.265625 17528.835449 14472.507324 -1370.483398 8978.543091 8249246.077911 177.755127 -26.856689 18407.70874 18445.19043 -491.610107 12951.226196 16797594.048516 -26.375732 -30.830078 18493.571777 19238.397217 -405.74707 13744.432983 18907406.87202 13.997803 90.949707 20273.901367 19161.298828 1374.58252 13667.334595 18868551.202721 -1.082764 35.991211 18001.849365 13511.461182 -897.469482 8017.496948 6508570.878695 -595.983887 -306.481934 18544.770508 13906.135254 -354.54834 8412.171021 7089032.580356 -590.623779 -201.497803 19395.303955 14901.958008 495.985107 9407.993774 8875634.80862 -158.834229 -52.189941
22603.039551 9755.799561 3693.900146 4258.203125 3177719.214596 22.548828 11.066284 16701.796875 9301.411743 -2207.342529 3803.815308 1934137.193611 -7.918701 13.919678 23105.603027 14502.963867 4196.463623 9005.367432 9870694.951841 -19.130859 20.961914 15234.802246 13963.212891 -3674.337158 8465.616455 8516741.551664 -45.887451 54.119873 20965.522461 16006.464844 2056.383057 10508.868408 11466502.649657 -17.145996 -0.557861 17448.187256 14279.101562 -1460.952148 8781.505127 7924921.347473 -80.648193 -193.405762 18336.658936 18534.447021 -572.480469 13036.850586 17028720.708716 -71.049805 89.256592 18464.746094 19240.888672 -444.393311 13743.292236 18907556.690758 -28.825684 2.491455 20254.873047 19164.699707 1345.733643 13667.103271 18860071.087019 -19.02832 3.400879 16908.612061 13363.900146 -2000.527344 7866.303711 6588084.37258 -1093.237305 -147.561035 17080.410156 13639.16748 -1828.729248 8141.571045 6962942.974217 -1464.360352 -266.967773 17474.124756 14435.618896 -1435.014648 8938.022461 8194751.255345 -1921.179199 -466.339111
22588.925781 9753.008423 3664.771729 4275.336304 3170905.233196 -14.11377 -2.791138 16689.63501 9259.127808 -2234.519043 3781.455688 1929248.24773 -12.161865 -42.283936 23076.835938 14470.195312 4152.681885 8992.523193 9811024.021917 -28.76709 -32.768555 15349.572754 13911.977539 -3574.581299 8434.30542 8391513.937846 114.770508 -51.235352 20935.646973 15940.50293 2011.49292 10462.830811 11351693.233702 -29.875488 -65.961914 17396.78833 13895.825195 -1527.365723 8418.153076 7319814.726461 -51.398926 -383.276367 18384.659424 18485.601807 -539.494629 13007.929688 16949728.920956 48.000488 -48.845215 18507.442627 19253.778076 -416.711426 13776.105957 18995474.375173 42.696533 12.889404 20307.180176 19139.346924 1383.026123 13661.674805 18855411.972606 52.307129 -25.352783 16855.6604 13319.295654 -2068.493652 7841.623535 6576972.56569 -52.95166 -44.604492 16752.176514 13566.367188 -2171.977539 8088.695068 7014447.433909 -328.233643 -72.800293 17193.22998 14766.258545 -1730.924072 9288.586426 8927393.593316 -280.894775 330.639648
22622.5 9773.535767 3694.206543 4284.308472 3200246.106262 33.574219 20.527344 16668.101807 9289.974365 -2260.19165 3800.74707 1955414.458898 -21.533203 30.846558 23078.725586 14488.100586 4150.432129 8998.873291 9820580.736441 1.889648 17.905273 15488.970947 14189.42627 -3439.32251 8700.198975 8752240.152397 139.398193 277.44873 20954.387207 15990.021973 2026.09375 10500.794678 11437174.474772 18.740234 49.519043 15223.325195 13208.934326 -3704.968262 7719.707031 7332066.646867 -2173.463135 -686.890869 18404.110107 18535.368652 -524.18335 13046.141357 17047657.250184 19.450684 49.766846 18502.724609 19268.392334 -425.568848 13779.165039 19004649.801782 -4.718018 14.614258 20275.223389 19160.52124 1346.929932 13671.293945 18871849.837989 -31.956787 21.174316 12766.330566 12418.458252 -6161.962891 6929.230957 8598402.832132 -4089.329834 -900.837402 13699.659424 12747.69165 -5228.634033 7258.464355 8002391.865278 -3052.51709 -818.675537 16244.355469 13864.487305 -2683.937988 8375.26001 7734850.335612 -948.874512 -901.77124
22624.765625 9758.014526 3678.740234 4260.523682 3168519.175383 2.265625 -15.52124 16660.338135 9334.866333 -2285.687256 3837.375488 1994981.686966 -7.763672 44.891968 23107.094727 14556.143799 4161.069336 9058.652954 9937369.136133 28.369141 68.043213 15883.057861 14199.328613 -3062.967529 8701.837769 8510375.063577 394.086914 9.902344 20992.473145 16035.664062 2046.447754 10538.173218 11524104.317727 38.085938 45.64209 14400.853271 13097.459717 -4545.172119 7599.968872 7841811.644905 -822.471924 -111.474609 18450.239258 18281.937256 -495.786133 12784.446411 16368787.392862 46.12915 -253.431396 18636.326904 19172.220459 -309.698486 13674.729614 18709414.317549 133.602295 -96.171875 20386.015625 19276.774902 1439.990234 13779.284058 19194224.10156 110.792236 116.253662 11306.439209 11911.99707 -7639.586182 6414.506226 9950916.71448 -1459.891357 -506.461182 11163.87085 11950.223389 -7782.154541 6452.732544 10219968.658394 -2535.788574 -797.468262 11871.513672 12401.429443 -7074.511719 6903.938599 9771308.423242 -4372.841797 -1463.057861
22606.14502 9792.399292 3644.73999 4316.767578 3191861.191996 -18.620605 34.384766 16573.283691 9274.916992 -2388.121338 3799.285278 2013769.215055 -87.054443 -59.949341 23051.982422 14652.351074 4090.577393 9176.71936 10094500.162332 -55.112305 96.207275 15865.910645 14018.31543 -3095.494385 8542.683716 8255953.055466 -17.147217 -181.013184 20942.800293 16092.176514 1981.395264 10616.5448 11663695.067716 -49.672852 56.512451 13322.463379 12789.638672 -5638.94165 7314.006958 8529236.07183 -1078.389893 -307.821045 18560.141602 18119.904785 -401.263428 12644.273071 16003865.383976 109.902344 -162.032471 18441.654053 19194.116211 -519.750977 13718.484497 18846695.7974 -194.672852 21.895752 20278.178711 19213.178711 1316.773682 13737.546997 19045409.042538 -107.836914 -63.596191 10645.788574 11658.325195 -8315.616455 6182.693481 10737517.571347 -660.650635 -253.671875 10175.179443 11620.60791 -8786.225586 6144.976196 11495849.249994 -988.691406 -329.615479 10926.577148 12479.84375 -8034.827881 7004.212036 11361744.532214 -944.936523 78.414307
22624.553223 9842.444458 3628.052979 4405.151367 3256812.698275 18.408203 50.045166 16674.890137 9450.254517 -2321.610107 4012.961426 2149373.289569 101.606445 175.337524 23117.810059 14652.097168 4121.309814 9214.804077 10189780.876694 65.827637 -0.253906 15984.70459 14037.833252 -3011.795654 8600.540161 8304020.41265 118.793945 19.517822 20902.717285 16142.827148 1906.217041 10705.534058 11824212.286626 -40.083008 50.650635 12473.254395 12533.326416 -6523.24585 7096.033325 9290642.536673 -849.208984 -256.312256 18522.867432 18097.911377 -473.632812 12660.618286 16051558.342824 -37.27417 -21.993408 18483.051758 19339.902344 -513.448486 13902.609253 19354617.338776 41.397705 145.786133 20148.006592 19187.514648 1151.506348 13750.221558 19039455.975225 -130.172119 -25.664062 9731.932983 11429.429932 -9264.567261 5992.136841 12173791.044793 -913.855591 -228.895264 9514.992065 11489.418945 -9481.508179 6052.125854 12652722.470158 -660.187378 -131.188965 10098.205566 12207.738037 -8898.294678 6770.444946 12501857.294253 -828.371582 -272.105713
22637.844238 9851.541138 3603.018799 4415.52124 3247857.228767 13.291016 9.09668 16676.503906 9349.871826 -2358.321533 3913.851929 2087991.737384 1.61377 -100.38269 23122.76123 14696.77002 4087.935791 9260.750122 10247271.185489 4.951172 44.672852 15863.045654 14016.237793 -3171.779785 8580.217896 8368032.613992 -121.658936 -21.595459 20912.587891 16141.696777 1877.762451 10705.67688 11813750.927949 9.870605 -1.130371 11920.079346 12320.428467 -7114.746094 6884.408569 9801469.332808 -553.175049 -212.897949 18557.698975 18179.781494 -477.126465 12743.761597 16263110.929646 34.831543 81.870117 18636.456299 19092.424316 -398.369141 13656.404419 18665607.962599 153.404541 -247.478027 20176.496582 19197.141113 1141.671143 13761.121216 19067187.01143 28.48999 9.626465 9286.463623 11265.670166 -9748.361816 5829.650269 12901538.035723 -445.46936 -163.759766 9343.640137 11327.648926 -9691.185303 5891.629028 12863036.517928 -171.351929 -161.77002 10092.845459 12012.875977 -8941.97998 6576.856079 12321404.185632 -5.360107 -194.862061
22605.981445 9845.901489 3557.593994 4412.670898 3212813.948506 -31.862793 -5.639648 16674.133301 9353.563843 -2374.25415 3920.333252 2100609.557702 -2.370605 3.692017 23115.822754 14752.288818 4067.435303 9319.058228 10338887.619019 -6.938477 55.518799 15753.188477 13967.941895 -3295.198975 8534.711304 8369963.331996 -109.857178 -48.295898 20979.538574 16072.994385 1931.151123 10639.763794 11693391.825099 66.950684 -68.702393 11709.824219 12310.577393 -7338.563232 6877.346802 10115240.93479 -210.255127 -9.851074 18626.940918 18141.313477 -421.446533 12708.082886 16167298.781124 69.241943 -38.468018 18689.122314 19063.509521 -359.265137 13630.278931 18591357.516617 52.666016 -28.914795 20221.89209 19172.108154 1173.504639 13738.877563 19013386.984118 45.395508 -25.032959 9107.713623 11054.794922 -9940.673828 5621.564331 13041898.168536 -178.75 -210.875244 9332.006226 11196.467285 -9716.381226 5763.236694 12762296.131586 -11.633911 -131.181641 10196.834717 11342.359619 -8851.552734 5909.129028 11326779.168276 103.989258 -670.516357
22598.676758 9858.783569 3590.449219 4434.151611 3255302.610467 -7.304688 12.88208 16659.649658 9360.912476 -2348.577881 3936.280518 2101012.237553 -14.483643 7.348633 23171.618652 14683.641357 4163.391113 9259.009399 10306308.062059 55.795898 -68.647461 15593.723145 13957.209473 -3414.504395 8532.577515 8446371.930376 -159.465332 -10.732422 20925.644531 16081.876221 1917.416992 10657.244263 11725334.319668 -53.894043 8.881836 11656.046143 12284.353027 -7352.181396 6859.721069 10111034.44359 -53.778076 -26.224365 18620.352783 18086.324463 -387.874756 12661.692505 16046890.391444 -6.588135 -54.989014 18717.155762 19030.08667 -291.071777 13605.454712 18519312.069751 28.033447 -33.422852 20300.994873 19087.962646 1292.767334 13663.330688 18835785.288248 79.102783 -84.145508 9021.82251 10956.968994 -9986.405029 5532.337036 13033503.849053 -85.891113 -97.825928 9202.43042 10928.856201 -9805.797119 5504.224243 12645014.166078 -129.575806 -267.611084 10302.357178 11054.017334 -8705.870361 5629.385376 10748215.845951 105.522461 -288.342285
22574.912109 9828.943481 3554.79248 4397.316895 3197294.545013 -23.764648 -29.840088 16630.426025 9368.4021 -2389.693604 3936.775513 2120883.695604 -29.223633 7.489624 23083.703613 14656.5271 4063.583984 9224.900513 10161150.42672 -87.915039 -27.114258 15531.567383 13902.740479 -3488.552246 8471.113892 8392976.733821 -62.155762 -54.468994 20947.597656 16093.349609 1927.478027 10661.723022 11738750.935357 21.953125 11.473389 11726.141357 12256.522217 -7293.978271 6824.89563 9978131.938368 70.095215 -27.830811 18567.132568 18133.175049 -452.987061 12701.548462 16153453.060737 -53.220215 46.850586 18664.356689 19049.207764 -355.762939 13617.581177 18556508.437468 -52.799072 19.121094 20292.329102 19148.460693 1272.209473 13716.834106 18977005.484606 -8.665771 60.498047 8991.845093 11027.492676 -10028.274536 5595.866089 13188000.745658 -29.977417 70.523682 9159.23584 11217.475586 -9860.883789 5785.848999 13071307.77409 -43.19458 288.619385 9986.811523 11672.027588 -9033.308105 6240.401001 12054325.998132 -315.545654 618.010254
22617.001953 9846.856689 3606.589355 4468.947144 3297897.535087 42.089844 17.913208 16596.834717 9414.104004 -2413.577881 4036.194458 2211622.388983 -33.591309 45.701904 23134.614258 14711.318359 4124.20166 9333.408813 10412155.941312 50.910645 54.79126 15544.179688 13861.690674 -3466.23291 8483.781128 8398931.281407 12.612305 -41.049805 20924.79248 16101.2146 1914.379883 10723.305054 11865412.161066 -22.805176 7.86499 11986.514893 12379.996338 -7023.897705 7002.086792 9836435.841399 260.373535 123.474121 18473.52417 18113.023682 -536.888428 12735.114136 16247138.123422 -93.608398 -20.151367 18618.100586 19136.243896 -392.312012 13758.334351 18944567.281705 -46.256104 87.036133 20166.843262 19270.449219 1156.430664 13892.539673 19433999.044254 -125.48584 121.988525 9279.202881 11149.105225 -9731.209717 5771.195679 12800314.211425 287.357788 121.612549 9221.143188 11223.577881 -9789.269409 5845.668335 13000163.384787 61.907349 6.102295 10007.253418 12090.26001 -9003.15918 6712.350464 12611252.396457 20.441895 418.232422
22581.855469 9807.476807 3617.061768 4353.826294 3203893.922832 -35.146484 -39.379883 16634.178467 9421.669312 -2330.615234 3968.018799 2117694.055855 37.34375 7.565308 23046.015625 14691.740723 4081.221924 9238.09021 10199868.311891 -88.598633 -19.577637 15499.993896 13811.31958 -3464.799805 8357.669067 8185546.992645 -44.185791 -50.371094 20944.943848 16087.13501 1980.150146 10633.484497 11699198.715206 20.151367 -14.07959 12534.051514 12633.581543 -6430.742188 7179.93103 9290585.468158 547.536621 253.585205 18490.003662 18188.300781 -474.790039 12734.650269 16239674.304359 16.479492 75.2771 18408.687744 19345.982666 -556.105957 13892.332153 19330614.649362 -209.412842 209.73877 20189.500732 19305.491943 1224.707031 13851.841431 19337341.833265 22.657471 35.042725 9658.500977 11383.441162 -9306.292725 5929.790649 12176950.1422 379.298096 234.335938 9543.353271 11435.791016 -9421.44043 5982.140503 12454954.476694 322.210083 212.213135 10500.386963 12289.498291 -8464.406738 6835.847778 11837499.627943 493.133545 199.238281
22642.39502 9840.036011 3633.312988 4383.14209 3241289.785057 60.539551 32.559204 16658.830566 9294.0448 -2350.251465 3837.150879 2024740.881549 24.6521 -127.624512 23020.59082 14713.652344 4011.508789 9256.758423 10177977.926376 -25.424805 21.911621 15428.1604 13873.342285 -3580.921631 8416.448364 8365960.279457 -71.833496 62.022705 20914.729004 16017.902832 1905.646973 10561.008911 11516639.960542 -30.214844 -69.232178 13119.990234 12923.809814 -5889.091797 7466.915894 9043623.515344 585.938721 290.228271 18526.057129 18190.161133 -483.024902 12733.267212 16236940.694629 36.053467 1.860352 18394.611816 19252.669678 -614.470215 13795.775757 19070100.237783 -14.075928 -93.312988 20210.087891 19275.150146 1201.005859 13818.256226 19238662.01902 20.587158 -30.341797 10336.176758 11555.898438 -8672.905273 6099.004517 11241714.197555 677.675781 172.457275 9963.734741 11644.940186 -9045.34729 6188.046265 12011022.417085 420.38147 209.14917 10988.708496 12465.084229 -8020.373535 7008.190308 11344112.303121 488.321533 175.585938
22604.379883 9764.524536 3696.375732 4289.713135 3206483.233382 -38.015137 -75.511475 16636.37207 9214.6521 -2271.63208 3739.840698 1914672.075547 -22.458496 -79.3927 23072.058105 14621.920166 4164.053955 9147.108765 10100894.409311 51.467285 -91.732178 15459.127197 13890.22583 -3448.876953 8415.414429 8271395.224475 30.966797 16.883545 20877.307129 16108.858643 1969.302979 10634.047241 11696111.49495 -37.421875 90.955811 13953.739014 13173.759766 -4954.265137 7698.948364 8381854.896041 833.748779 249.949951 18487.647705 18083.626709 -420.356445 12608.815308 15915892.300272 -38.409424 -106.534424 18512.340088 19158.342285 -395.664062 13683.530884 18739556.749796 117.728271 -94.327393 20210.224609 19257.203369 1302.220459 13782.391968 19165010.647714 0.136719 -17.946777 10985.743408 11947.746582 -7922.260742 6472.935181 10466110.512028 649.56665 391.848145 10588.820801 11910.108643 -8319.18335 6435.297241 11062186.218715 625.08606 265.168457 11923.02124 12684.696045 -6984.98291 7209.884644 10077242.282854 934.312744 219.611816
22607.053223 9739.330444 3626.032715 4285.637817 3151480.47509 2.67334 -25.194092 16722.226562 9285.88501 -2258.793945 3832.192383 1978784.854627 85.854492 71.23291 23087.160645 14537.590332 4106.140137 9083.897705 9937758.43387 15.102539 -84.329834 15433.253174 13751.893311 -3547.767334 8298.200684 8144678.764128 -25.874023 -138.33252 20868.425293 16039.036865 1887.404785 10585.344238 11561180.946594 -8.881836 -69.821777 13755.98999 12841.108398 -5225.030518 7387.415771 8187485.56904 -197.749023 -332.651367 18347.664795 18409.326172 -633.355713 12955.633545 16824958.000936 -139.98291 325.699463 18563.370361 19330.743408 -417.650146 13877.050781 19274697.003025 51.030273 172.401123 20296.717529 19155.469971 1315.697021 13701.777344 18946976.103004 86.49292 -101.733398 11738.05542 12359.165039 -7242.965088 6905.472412 10014609.249881 752.312012 411.418457 13088.666992 12968.681641 -5892.353516 7514.989014 9119488.982871 2499.846191 1058.572998 13954.260254 13539.484863 -5026.760254 8085.792236 9064835.473932 2031.239014 854.788818
22616.506348 9738.167725 3679.433594 4290.12146 3194337.371203 9.453125 -1.16272 16668.4021 9274.390869 -2268.670654 3826.344604 1978777.956999 -53.824463 -11.494141 23079.213867 14499.439697 4142.141113 9051.393433 9908505.607436 -7.946777 -38.150635 15495.300293 13964.350586 -3441.772461 8516.304321 8437323.696567 62.047119 212.457275 20882.177734 16007.923584 1945.10498 10559.877319 11529444.238447 13.752441 -31.113281 14826.149902 13184.001465 -4110.922852 7735.9552 7674468.955093 1070.159912 342.893066 18365.196533 18383.372803 -571.876221 12935.326538 16764971.505872 17.531738 -25.953369 18431.005859 19244.466553 -506.066895 13796.420288 19059731.646725 -132.364502 -86.276855 20199.901123 19180.455322 1262.828369 13732.409058 19017379.401563 -96.816406 24.985352 13088.875732 12815.371094 -5848.197021 7367.324829 8847888.35396 1350.820312 456.206055 13638.493652 12930.576172 -5298.579102 7482.529907 8406319.430805 549.82666 -38.105469 15304.277344 13447.700195 -3632.79541 7999.653931 7719166.550244 1350.01709 -91.784668
22610.029297 9760.390625 3701.170654 4279.868164 3201593.571398 -6.477051 22.2229 16681.583252 9279.406128 -2227.275391 3798.883667 1939227.278102 13.181152 5.015259 23053.823242 14514.605713 4144.9646 9034.083252 9879539.173523 -25.390625 15.166016 15095.539551 13708.497314 -3813.319092 8227.974854 8224097.268595 -399.760742 -255.853271 20862.573242 15970.964355 1953.7146 10490.441895 11386637.187926 -19.604492 -36.959229 17429.182129 14279.440918 -1479.676514 8798.918457 7961040.85986 2603.032227 1095.439453 18351.474609 18450.042725 -557.384033 12969.520264 16851913.283027 -13.721924 66.669922 18421.89209 19242.633057 -486.966553 13762.110596 18963282.447185 -9.11377 -1.833496 20221.463623 19162.695312 1312.60498 13682.172852 18892478.577479 21.5625 -17.76001 18079.912109 16265.637207 -828.946533 10785.114746 11700585.244132 4991.036377 3450.266113 17107.956543 14920.767822 -1800.9021 9440.245361 9236148.085445 3469.462891 1990.19165 18031.158447 16991.368408 -877.700195 11510.845947 13326993.205453 2726.881104 3543.668213
22594.32373 9801.630249 3707.661133 4368.670044 3283202.902863 -15.705566 41.239624 16653.66333 9255.510864 -2232.999268 3822.550659 1959817.9271 -27.919922 -23.895264 23022.854004 14474.121094 4136.191406 9041.160889 9885066.956399 -30.969238 -40.484619 15196.033936 13826.029053 -3690.628662 8393.068848 8406434.460308 100.494385 117.531738 20918.845215 16049.16748 2032.182617 10616.207275 11683362.310366 56.271973 78.203125 17133.92334 14097.380371 -1752.739258 8664.420166 7814427.171914 -295.258789 -182.060547 18382.697754 18454.73999 -503.964844 13021.779785 16982072.933684 31.223145 4.697266 18460.904541 19225.800781 -425.758057 13792.840576 19042372.108249 39.012451 -16.832275 20236.710205 19142.303467 1350.047607 13709.343262 18976872.120994 15.246582 -20.391846 18226.123047 14121.956787 -660.539551 8688.996582 7593497.41007 146.210938 -2143.68042 18153.955078 14427.554932 -732.70752 8994.594727 8143959.460428 1045.998535 -493.212891 17672.91626 14930.152588 -1213.746338 9497.192383 9166984.332889 -358.242188 -2061.21582
22589.943848 9760.151978 3704.483643 4290.513306 3213170.348421 -4.379883 -41.478271 16697.625732 9326.117554 -2187.834473 3856.478882 1965904.904579 43.962402 70.606689 23069.462891 14481.571045 4184.002686 9011.932373 9872080.356903 46.608887 7.449951 15160.74707 13735.533447 -3724.713135 8265.894775 8219850.437413 -35.286865 -90.495605 20876.765137 16094.659424 1991.304932 10625.020752 11685636.131021 -42.080078 45.491943 17017.670898 14302.919922 -1867.789307 8833.28125 8151549.45356 -116.252441 205.539551 18392.764893 18453.127441 -492.695312 12983.48877 16881372.92995 10.067139 -1.612549 18522.131348 19222.93335 -363.328857 13753.294678 18928512.235123 61.226807 -2.867432 20272.952881 19137.076416 1387.492676 13667.437744 18872399.041531 36.242676 -5.227051 18439.705811 13984.483643 -445.754395 8514.844971 7270128.185535 213.582764 -137.473145 18537.237549 14328.741455 -348.222656 8859.102783 7860496.114168 383.282471 -98.813477 18530.579834 14993.253174 -354.880371 9523.614502 9082517.32596 857.663574 63.100586
22580.715332 9769.700317 3700.957031 4304.099731 3222235.744539 -9.228516 9.54834 16684.11499 9315.028076 -2195.643311 3849.42749 1963894.154972 -13.510742 -11.089478 23099.07959 14510.92041 4219.321289 9045.319824 9962048.286274 29.616699 29.349365 15180.112305 13780.01709 -3699.645996 8314.416504 8281690.229684 19.365234 44.483643 21010.786133 15980.610352 2131.027832 10515.009766 11510670.999208 134.020996 -114.049072 17255.881348 14436.911621 -1623.876953 8971.311035 8312139.804841 238.210449 133.991699 18413.126221 18381.453857 -466.63208 12915.853271 16703701.122867 20.361328 -71.673584 18552.302246 19172.932129 -327.456055 13707.331543 18799816.549662 30.170898 -50.001221 20282.901611 19151.895752 1403.143311 13686.295166 18928348.652124 9.94873 14.819336 17962.692871 13782.050781 -917.06543 8316.450195 7000435.285344 -477.012939 -202.432861 18518.847656 14005.400391 -360.910645 8539.799805 7305843.719748 -18.389893 -323.341064 19312.268066 14863.54126 432.509766 9397.940674 8850835.360615 781.688232 -129.711914
22608.342285 9756.953735 3743.156738 4257.990723 3214170.736157 27.626953 -12.746582 16715.093994 9310.357056 -2150.091553 3811.394043 1914961.823592 30.979004 -4.671021 23088.371582 14501.086426 4223.186035 9002.123413 9887352.623197 -10.708008 -9.833984 15170.821533 13779.432373 -3694.364014 8280.46936 8221449.829323 -9.290771 -0.584717 20981.30127 16039.567871 2116.115723 10540.604858 11558229.653257 -29.484863 58.95752 17416.906738 14407.272949 -1448.278809 8908.309937 8145549.743258 161.025391 -29.638672 18446.903076 18530.708008 -418.282471 13031.744995 17000133.784306 33.776855 149.25415 18593.369141 19225.656738 -271.816406 13726.693726 18849600.479475 41.066895 52.724609 20248.111572 19163.231201 1382.926025 13664.268188 18862470.951832 -34.790039 11.335449 18331.507568 13703.02002 -533.677979 8204.057007 6759136.355617 368.814697 -79.030762 18545.484619 13784.874268 -319.700928 8285.911255 6875853.400699 26.636963 -220.526123 19336.306152 14693.831787 471.120605 9194.868774 8476756.640359 24.038086 -169.709473
22588.603516 9755.806274 3714.632568 4272.401123 3205190.647413 -19.73877 -1.147461 16703.739014 9356.503296 -2170.231934 3873.098145 1971079.588276 -11.35498 46.14624 23104.616699 14461.207275 4230.645752 8977.802124 9849929.445664 16.245117 -39.87915 15216.73584 13865.789795 -3657.235107 8382.384644 8363974.094346 45.914307 86.357422 21025.576172 15943.317871 2151.605225 10459.91272 11403917.914686 44.274902 -96.25 17316.373291 14343.232422 -1557.597656 8859.827271 8092264.972199 -100.533447 -64.040527 18431.760254 18429.394531 -442.210693 12945.98938 16779419.132136 -15.142822 -101.313477 18604.693604 19200.67749 -269.277344 13717.272339 18823607.070651 11.324463 -24.979248 20314.487305 19130.860596 1440.516357 13647.455444 18832812.748113 66.375732 -32.370605 18111.308594 13579.351807 -762.662354 8095.946655 6612600.61105 -220.198975 -123.668213 18527.796631 13830.789795 -346.174316 8347.384644 6979866.704479 -17.687988 45.915527 19423.55957 14739.493408 549.588623 9256.088257 8597721.747292 87.253418 45.661621
22594.963379 9749.634399 3698.590088 4243.963623 3169079.587199 6.359863 -6.171875 16739.356689 9298.421021 -2157.016602 3792.750244 1903767.503385 35.617676 -58.082275 23111.911621 14455.814209 4215.53833 8950.143433 9787583.087678 7.294922 -5.393066 15296.875 13877.133789 -3599.498291 8371.463013 8303778.091995 80.13916 11.343994 20913.608398 16058.956299 2017.235107 10553.285522 11544107.27972 -111.967773 115.638428 17633.770752 14265.50293 -1262.602539 8759.832153 7832882.452599 317.397461 -77.729492 18378.740234 18423.310547 -517.633057 12917.639771 16713336.122193 -53.02002 -6.083984 18566.293945 19236.343994 -330.079346 13730.673218 18864033.938774 -38.399658 35.666504 20358.737793 19167.574463 1462.364502 13661.903687 18878612.227642 44.250488 36.713867 17841.207275 13501.309814 -1055.166016 7995.639038 6504361.894789 -270.101318 -78.041992 18351.633301 14009.019775 -544.73999 8503.348999 7260368.585615 -176.16333 178.22998 18637.895508 14718.961182 -258.477783 9213.290405 8495153.085631 -785.664062 -20.532227
22631.210938 9745.345459 3779.213867 4262.003174 3244712.850766 36.247559 -4.28894 16714.384766 9341.845703 -2137.612305 3858.503418 1945743.499163 -24.971924 43.424683 23091.772461 14487.017822 4239.775391 9003.675537 9904186.854049 -20.13916 31.203613 15359.79126 13833.583984 -3492.205811 8350.241699 8192203.785859 62.91626 -43.549805 20952.473145 15996.635742 2100.476074 10513.293457 11494133.905202 38.864746 -62.320557 18028.416748 14125.712891 -823.580322 8642.370605 7536885.422949 394.645996 -139.790039 18367.088623 18364.211426 -484.908447 12880.869141 16615192.602013 -11.651611 -59.099121 18461.159668 19308.447266 -390.837402 13825.10498 19128628.159605 -105.134277 72.103271 20273.048096 19178.989258 1421.051025 13695.646973 18959013.201639 -85.689697 11.414795 17462.277832 13737.093506 -1389.719238 8253.751221 7005572.877451 -378.929443 235.783691 17305.949707 14175.084229 -1546.047363 8691.741943 7793664.045946 -1045.683594 166.064453 17811.99585 15713.575439 -1040.001221 10230.233154 10573927.293034 -825.899658 994.614258
22631.469727 9744.312134 3746.567383 4252.581787 3212121.901001 0.258789 -1.033325 16674.356689 9372.145996 -2210.545654 3880.415649 1994413.770195 -40.028076 30.300293 23111.147461 14452.597656 4226.245117 8960.86731 9815829.073028 19.375 -34.420166 15604.445801 14246.396484 -3280.456543 8754.666138 8740557.431282 244.654541 412.8125 20947.983398 15988.95752 2063.081055 10497.227173 11444808.175666 -4.489746 -7.678223 15226.624756 13207.772217 -3658.277588 7716.04187 7292029.705146 -2801.791992 -917.940674 18395.550537 18482.694092 -489.351807 12990.963745 16900460.421761 28.461914 118.482666 18497.408447 19326.247559 -387.493896 13834.517212 19154401.800656 36.248779 17.800293 20294.221191 19154.117432 1409.318848 13662.387085 18864700.047367 21.173096 -24.871826 13019.477539 12757.730713 -5865.424805 7266.000366 8719796.946122 -4442.800293 -979.362793 13281.385498 12786.062012 -5603.516846 7294.331665 8460667.547967 -4024.564209 -1389.022217 16047.877197 13648.046875 -2837.025146 8156.316528 7457421.099194 -1764.118652 -2065.528564
22636.518555 9724.42688 3754.77417 4194.495239 3169211.937927 5.048828 -19.885254 16693.94043 9400.435181 -2187.803955 3870.50354 1976728.379931 19.58374 28.289185 23143.093262 14536.383057 4261.348877 9006.451416 9927526.136016 31.945801 83.7854 15903.469238 14069.711914 -2978.275146 8539.780273 8179796.996676 299.023438 -176.68457 20978.806152 16043.966064 2097.061768 10514.034424 11494258.792248 30.822754 55.008545 14434.118652 13032.91748 -4447.625732 7502.98584 7607617.11686 -792.506104 -174.854736 18538.654785 18270.870361 -343.0896 12740.938721 16244922.995807 143.104248 -211.82373 18696.740723 19145.532227 -185.003662 13615.600586 18541880.567078 199.332275 -180.715332 20402.454834 19251.64917 1520.710449 13721.717529 19059809.222418 108.233643 97.531738 11716.325684 12210.443115 -7165.418701 6680.511475 9597245.872549 -1303.151855 -547.287598 11043.847656 12193.195801 -7837.896729 6663.26416 10583171.43949 -2237.537842 -592.866211 11454.223633 12418.226318 -7427.520752 6888.294678 10261666.8088 -4593.653564 -1229.820557
22641.374512 9812.818604 3734.017334 4351.234741 3287612.922362 4.855957 88.391724 16670.089111 9355.188599 -2237.268066 3893.604736 2016552.624372 -23.851318 -45.246582 23095.817871 14629.794922 4188.460693 9168.21106 10159929.701264 -47.275391 93.411865 15870.825195 14072.03125 -3036.531982 8610.447388 8336033.069654 -32.644043 2.319336 21038.825684 16049.428711 2131.468506 10587.844849 11664561.653019 60.019531 5.462646 13284.813232 12623.809814 -5622.543945 7162.225952 8291048.10066 -1149.30542 -409.107666 18666.087646 18108.638916 -241.269531 12647.055054 16000621.25183 127.432861 -162.231445 18529.814453 19212.808838 -377.542725 13751.224976 18923872.683808 -166.92627 67.276611 20226.704102 19141.561279 1319.346924 13679.977417 18888245.843483 -175.750732 -110.087891 10599.029541 11782.227783 -8308.327637 6320.643921 10897884.769385 -1117.296143 -428.215332 9977.125244 11908.425293 -8930.231934 6446.841431 12131080.68199 -1066.722412 -284.770508 10587.523193 12190.993652 -8319.833984 6729.40979 11450459.364983 -866.700439 -227.232666
22626.843262 9807.894897 3653.284912 4292.685547 3177363.98534 -14.53125 -4.923706 16715.378418 9454.812622 -2258.179932 3939.603271 2061985.054035 45.289307 99.624023 23067.268066 14668.901367 4093.709717 9153.692017 10054853.678019 -28.549805 39.106445 15969.342041 14052.034912 -3004.216309 8536.825562 8190270.62967 98.516846 -19.996338 20930.783691 16129.909668 1957.225342 10614.700317 11650259.386642 -108.041992 80.480957 12478.50708 12432.097168 -6495.05127 6916.887817 9002902.80721 -806.306152 -191.712646 18565.566406 18127.74292 -407.991943 12612.533569 15924246.046347 -100.52124 19.104004 18469.124756 19307.489014 -504.433594 13792.279663 19048143.155528 -60.689697 94.680176 20243.21167 19244.227295 1269.65332 13729.017944 19009795.326968 16.507568 102.666016 9749.491577 11660.778809 -9224.066772 6145.569458 12285143.178602 -849.537964 -121.448975 9438.230591 11783.201904 -9535.327759 6267.992554 13021020.612091 -538.894653 -125.223389 10060.906982 12089.364014 -8912.651367 6574.154663 12265486.39272 -526.616211 -101.629639
22603.845215 9835.734863 3638.907471 4372.8302 3236329.154008 -22.998047 27.839966 16717.249756 9455.496216 -2247.687988 3992.591553 2099288.859963 1.871338 0.683594 23096.933594 14639.293213 4131.99585 9176.38855 10127949.651818 29.665527 -29.608154 15811.019287 13989.711914 -3153.918457 8526.807251 8265364.352891 -158.322754 -62.322998 20987.072754 16116.586914 2022.13501 10653.682251 11758997.550249 56.289062 -13.322754 11910.280762 12327.353516 -7054.656982 6864.448853 9688884.318876 -568.226318 -104.743652 18596.376953 18170.859375 -368.560791 12707.954712 16162795.001673 30.810547 43.116455 18667.927246 19097.722168 -297.010498 13634.817505 18599646.362741 198.80249 -209.766846 20269.306641 19302.906494 1304.368896 13840.001831 19324702.890171 26.094971 58.679199 9104.966431 11494.678955 -9859.971313 6031.774292 13360133.541212 -644.525146 -166.099854 9265.021973 11704.425049 -9699.915771 6241.520386 13304494.269953 -173.208618 -78.776855 10436.70166 11854.281006 -8528.236084 6391.376343 11358050.225914 375.794678 -235.083008
22656.816406 9774.14856 3684.940186 4274.56543 3185069.378374 52.971191 -61.586304 16696.577148 9418.268433 -2275.299072 3918.685303 2053308.037012 -20.672607 -37.227783 23097.241211 14558.399658 4125.36499 9058.816528 9908079.319642 0.307617 -80.893555 15709.615479 13977.341309 -3262.260742 8477.758179 8251472.888672 -101.403809 -12.370605 21056.962891 16041.768799 2085.08667 10542.185669 11548526.50996 69.890137 -74.818115 11840.203857 12371.551514 -7131.672363 6871.968384 9808470.016499 -70.076904 44.197998 18609.143066 18232.801514 -362.733154 12733.218384 16226642.575049 12.766113 61.942139 18642.01416 19134.761963 -329.862061 13635.178833 18602691.078709 -25.913086 37.039795 20224.432373 19281.71875 1252.556152 13782.13562 19151615.916608 -44.874268 -21.187744 9345.487061 11368.411865 -9626.38916 5868.828735 12711051.898766 240.52063 -126.26709 9358.651733 11392.137451 -9613.224487 5892.554321 12713628.147266 93.629761 -312.287598 10474.554443 11413.597412 -8497.321777 5914.014282 10718004.23181 37.852783 -440.683594
22609.211426 9834.753418 3592.43042 4376.203613 3205671.438688 -47.60498 60.604858 16688.139648 9422.706299 -2328.641357 3964.156494 2113710.728153 -8.4375 4.437866 23078.825684 14614.30542 4062.044678 9155.755615 10032806.784981 -18.415527 55.905762 15618.411865 13997.844238 -3398.369141 8539.294434 8446846.223956 -91.203613 20.50293 21025.778809 16053.387451 2008.997803 10594.837646 11628665.692675 -31.184082 11.618652 11737.957764 12364.337158 -7278.823242 6905.787354 10067116.676299 -102.246094 -7.214355 18607.672119 17908.36792 -409.108887 12449.818115 15516534.118361 -1.470947 -324.433594 18674.849854 18947.149658 -341.931152 13488.599854 18205924.29212 32.835693 -187.612305 20325.74707 19101.403809 1308.966064 13642.854004 18784085.752979 101.314697 -180.314941 9238.397827 11191.920166 -9778.383179 5733.370361 12848831.328985 -107.089233 -176.491699 9171.593018 11140.799561 -9845.187988 5682.249756 12921568.881256 -187.058716 -251.337891 10318.026123 11213.431396 -8698.754883 5754.881592 10878699.864686 -156.52832 -200.166016
22602.094727 9839.304199 3575.335693 4412.23877 3225087.627956 -7.116699 4.550781 16695.787354 9409.993286 -2330.97168 3982.927856 2129714.328115 7.647705 -12.713013 23094.362793 14668.62793 4067.60376 9241.5625 10195187.778787 15.537109 54.32251 15535.39917 13951.474609 -3491.359863 8524.40918 8485514.555767 -83.012695 -46.369629 20998.92334 16090.244141 1972.164307 10663.178711 11759281.227378 -26.855469 36.856689 11725.716553 12330.605469 -7301.04248 6903.540039 10096408.637255 -12.241211 -33.731689 18628.48999 18087.521973 -398.269043 12660.456543 16044577.810699 20.817871 179.154053 18711.690674 19105.552979 -315.068359 13678.487549 18720028.969453 36.84082 158.40332 20284.893799 19235.908203 1258.134766 13808.842773 19226704.182999 -40.853271 134.504395 9569.472656 11205.675049 -9457.286377 5778.609619 12283259.474613 331.074829 13.754883 9348.078003 11245.57251 -9678.68103 5818.50708 12753189.112669 176.484985 104.772949 10320.311279 11255.706787 -8706.447754 5828.641357 10977529.256495 2.285156 42.275391
22584.133301 9858.604126 3596.958008 4390.727539 3221659.523225 -17.961426 19.299927 16639.226074 9454.509888 -2347.949219 3986.633301 2140611.060873 -56.561279 44.516602 23079.760742 14686.237793 4092.585449 9218.361206 10172743.898445 -14.602051 17.609863 15548.857422 13961.842041 -3438.317871 8493.965454 8396947.891815 13.458252 10.367432 21004.865723 16056.036377 2017.69043 10588.15979 11618020.240945 5.942383 -34.207764 11718.952637 12379.40918 -7268.222656 6911.532593 10059634.33618 -6.763916 48.803711 18562.06543 18143.635254 -425.109863 12675.758667 16085557.617969 -66.424561 56.113281 18609.868164 19111.636963 -377.307129 13643.760376 18629455.786659 -101.82251 6.083984 20230.2771 19222.452393 1243.101807 13754.575806 19073365.769543 -54.616699 -13.455811 9497.623291 11318.686523 -9489.552002 5850.809937 12428357.411109 -71.849365 113.011475 9371.984863 11285.015869 -9615.19043 5817.139282 12629099.642798 23.90686 39.443359 10331.187744 11383.620605 -8655.987549 5915.744019 10992214.773853 10.876465 127.913818
22620.59082 9894.242554 3605.163574 4454.344482 3283838.916496 36.45752 35.638428 16681.448975 9420.877075 -2333.978271 3980.979004 2129564.84013 42.2229 -33.632812 23136.418457 14712.126465 4120.991211 9272.228394 10295678.794287 56.657715 25.888672 15626.451416 14038.936768 -3388.97583 8599.038696 8542862.367713 77.593994 77.094727 20962.849121 16141.391602 1947.421875 10701.49353 11831441.573771 -42.016602 85.355225 11760.991211 12421.937256 -7254.436035 6982.039185 10137571.336305 42.038574 42.528076 18513.865967 18249.255371 -501.561279 12809.3573 16433119.815095 -48.199463 105.620117 18597.965088 19176.12915 -417.462158 13736.231079 18885831.891201 -11.903076 64.492188 20229.007568 19213.341064 1213.580322 13773.442993 19118050.908453 -1.269531 -9.111328 9317.629395 11295.838623 -9697.797852 5855.940552 12833932.291549 -179.993896 -22.8479 9370.640259 11332.161865 -9644.786987 5892.263794 12774068.864792 -1.344604 47.145996 10362.824707 11296.063232 -8652.602539 5856.165161 10916220.109346 31.636963 -87.557373
22570.986328 9862.610474 3590.637207 4402.913818 3227832.564442 -49.604492 -31.63208 16684.829102 9420.632935 -2295.52002 3960.936279 2095842.836872 3.380127 -0.244141 23060.654297 14684.748535 4080.305176 9225.05188 10175047.251404 -75.76416 -27.37793 15671.379395 13988.001709 -3308.969727 8528.305054 8368126.774046 44.927979 -50.935059 20903.830566 16114.324951 1923.481445 10654.628296 11722088.499422 -59.018555 -27.06665 11921.790771 12581.135254 -7058.55835 7121.438599 10053813.368894 160.799561 159.197998 18561.89209 18173.140869 -418.457031 12713.444214 16180677.006612 48.026123 -76.114502 18569.610596 19161.411133 -410.738525 13701.714478 18790568.576024 -28.354492 -14.718018 20224.79248 19229.768066 1244.443359 13770.071411 19116350.594239 -4.215088 16.427002 9278.629761 11421.760254 -9701.71936 5962.063599 12966956.090116 -38.999634 125.921631 9421.504517 11465.394287 -9558.844604 6005.697632 12743991.421787 50.864258 133.232422 10393.116455 11451.19751 -8587.232666 5991.500854 10963864.734967 30.291748 155.134277
22583.708496 9827.012329 3610.717773 4301.519165 3154034.996662 12.722168 -35.598145 16674.605713 9417.416992 -2298.38501 3891.923828 2042964.473704 -10.223389 -3.215942 23058.657227 14682.460938 4085.666504 9156.967773 10054272.958491 -1.99707 -2.287598 15673.143311 13967.86499 -3299.847412 8442.371826 8216263.499455 1.763916 -20.136719 20913.76709 16100.865479 1940.776367 10575.372314 11560511.249674 9.936523 -13.459473 11958.572998 12634.118652 -7014.417725 7108.625488 9973461.234796 36.782227 52.983398 18481.152344 18134.940186 -491.838379 12609.447021 15924005.917859 -80.739746 -38.200684 18468.328857 19181.907959 -504.661865 13656.414795 18675234.864918 -101.281738 20.496826 20204.93042 19269.927979 1231.939697 13744.434814 19042716.378645 -19.862061 40.159912 9305.9552 11523.096924 -9667.035522 5997.60376 12942282.665168 27.325439 101.33667 9353.688965 11505.427246 -9619.301758 5979.934082 12829057.793329 -67.815552 40.032959 10437.587891 11543.87207 -8535.402832 6018.378906 10907398.616424 44.471436 92.674561
22597.839355 9848.668213 3638.604736 4323.31665 3193051.128677 14.130859 21.655884 16666.173096 9446.82251 -2293.061523 3921.470947 2063606.554052 -8.432617 29.405518 23080.20752 14695.856934 4120.9729 9170.505371 10108058.640701 21.550293 13.395996 15660.205078 14011.506348 -3299.029541 8486.154785 8289841.895012 -12.938232 43.641357 20886.750488 16118.713379 1927.515869 10593.361816 11593463.199908 -27.016602 17.8479 11876.362305 12638.382568 -7082.872314 7113.031006 10076229.031316 -82.210693 4.263916 18461.501465 18283.125 -497.733154 12757.773438 16300852.137547 -19.650879 148.184814 18526.175537 19241.469727 -433.059082 13716.118164 18831943.765906 57.84668 59.561768 20250.57251 19332.167969 1291.337891 13806.816406 19229573.282366 45.64209 62.23999 9263.344727 11540.605469 -9695.889893 6015.253906 13019356.036565 -42.610474 17.508545 9350.86731 11524.301758 -9608.36731 5998.950195 12830812.580146 -2.821655 18.874512 10484.019775 11547.770996 -8475.214844 6022.419434 10809880.248185 46.431885 3.898926
22588.769531 9846.361084 3632.875977 4314.647827 3181397.37334 -9.069824 -2.307129 16671.685791 9457.675781 -2284.207764 3925.962524 2063078.685072 5.512695 10.853271 23074.21875 14671.790771 4118.325195 9140.077515 10050161.938813 -5.98877 -24.066162 15690.301514 14018.449707 -3265.592041 8486.73645 8268878.695342 30.096436 6.943359 20883.552246 16149.194336 1927.658691 10617.481079 11644677.249563 -3.198242 30.480957 11896.124268 12692.969971 -7059.769287 7161.256714 10112394.010912 19.761963 54.587402 18506.665039 18195.9021 -449.228516 12664.188843 16058348.530468 45.163574 -87.2229 18537.469482 19163.771973 -418.424072 13632.058716 18600810.353582 11.293945 -77.697754 20206.047363 19304.543457 1250.153809 13772.8302 19125373.626855 -44.525146 -27.624512 9342.828979 11617.723389 -9613.064575 6086.010132 12945052.985168 79.484253 77.11792 9399.447632 11663.094482 -9556.445923 6131.381226 12891949.440985 48.580322 138.792725 10438.858643 11647.368164 -8517.034912 6115.654907 10994111.863837 -45.161133 99.597168
22583.449707 9845.85144 3635.195312 4299.597168 3170118.076683 -5.319824 -0.509644 16687.148438 9435.039673 -2261.105957 3888.7854 2023525.203921 15.462646 -22.636108 23039.96582 14562.047119 4091.711426 9015.792847 9802662.304611 -34.25293 -109.743652 15704.331055 13973.305664 -3243.92334 8427.051392 8153823.379148 14.029541 -45.144043 20899.604492 16137.279053 1951.350098 10591.02478 11597757.309999 16.052246 -11.915283 11948.990479 12750.820312 -6999.263916 7204.56604 10089546.719132 52.866211 57.850342 18437.097168 18170.944824 -511.157227 12624.690552 15964409.323791 -69.567871 -24.957275 18503.876953 19185.01709 -444.377441 13638.762817 18621332.249925 -33.592529 21.245117 20158.500977 19303.187256 1210.246582 13756.932983 19071790.189903 -47.546387 -1.356201 9310.266113 11684.223633 -9637.988281 6137.96936 13056548.597813 -32.562866 66.500244 9405.177002 11757.957764 -9543.077393 6211.703491 12965558.638346 5.72937 94.863281 10494.80957 11758.594971 -8453.444824 6212.340698 11005390.634715 55.950928 111.226807
22586.193848 9823.293457 3642.989502 4286.951294 3164932.3908 2.744141 -22.557983 16666.722412 9461.420288 -2276.481934 3925.078125 2058860.828133 -20.426025 26.380615 23062.229004 14671.826172 4119.024658 9135.484009 10042343.220973 22.263184 109.779053 15692.756348 13995.725098 -3250.447998 8459.382935 8212657.182171 -11.574707 22.419434 20909.40918 16107.481689 1966.204834 10571.139526 11561495.233511 9.804688 -29.797363 12002.719727 12790.544434 -6940.484619 7254.202271 10079377.732997 53.729248 39.724121 18476.721191 18143.685303 -466.483154 12607.34314 15916270.757408 39.624023 -27.259521 18510.618896 19161.02417 -432.585449 13624.682007 18581908.995827 6.741943 -23.99292 20212.894287 19255.672607 1269.689941 13719.330444 18983214.038819 54.393311 -47.514648 9325.523071 11694.741211 -9617.681274 6158.399048 13042567.192879 15.256958 10.517578 9397.163696 11738.173828 -9546.040649 6201.831665 12958960.808175 -8.013306 -19.783936 10475.19165 11734.0979 -8468.012695 6197.755737 11011941.518727 -19.61792 -24.49707
22588.901367 9838.557129 3643.082275 4315.966797 3189961.785699 2.70752 15.263672 16666.906738 9441.410522 -2278.912354 3918.82019 2055059.319993 0.184326 -20.009766 23061.821289 14601.195068 4116.002197 9078.604736 9936253.804637 -0.407715 -70.631104 15711.45752 13987.988281 -3234.361572 8465.397949 8212405.721879 18.701172 -7.736816 20965.615234 16124.594727 2019.796143 10602.004395 11648207.363923 56.206055 17.113037 11942.435303 12814.20166 -7003.383789 7291.611328 10221498.025734 -60.284424 23.657227 18516.235352 18148.243408 -429.58374 12625.653076 15959165.778972 39.51416 4.558105 18553.656006 19137.346191 -392.163086 13614.755859 18551536.899636 43.037109 -23.677979 20219.064941 19235.9375 1273.24585 13713.347168 18967704.554278 6.170654 -19.735107 9344.330444 11702.011719 -9601.488647 6179.421387 13037383.292196 18.807373 7.270508 9396.143799 11777.423096 -9549.675293 6254.832764 13031923.110264 -1.019897 39.249268 10540.131836 11807.064209 -8405.687256 6284.473877 11015019.015342 64.940186 72.966309
22567.646484 9814.991455 3623.625488 4264.82605 3131940.291441 -21.254883 -23.565674 16667.25708 9453.010254 -2276.763916 3902.844849 2041585.184177 0.350342 11.599731 23069.34082 14643.536377 4125.319824 9093.370972 9970765.928068 7.519531 42.341309 15702.159424 13997.255859 -3241.861572 8447.090454 8186300.359351 -9.298096 9.267578 20958.964844 16094.747314 2014.943848 10544.581909 11524820.634861 -6.650391 -29.847412 11923.22876 12813.22876 -7020.792236 7263.063354 10204361.291705 -19.206543 -0.9729 18547.821045 18191.643066 -396.199951 12641.477661 15996393.185823 31.585693 43.399658 18444.699707 19254.511719 -499.321289 13704.346313 18805842.962941 -108.956299 117.165527 20255.457764 19258.729248 1311.436768 13708.563843 18964458.902675 36.392822 22.791748 9369.835815 11683.387451 -9574.185181 6133.222046 12928143.453794 25.505371 -18.624268 9451.529541 11777.532959 -9492.491455 6227.367554 12888750.067374 55.385742 0.109863 10560.67749 11789.661865 -8383.343506 6239.49646 10921176.44111 20.545654 -17.402344
22619.597168 9829.664917 3701.44165 4256.726685 3182039.235838 51.950684 14.673462 16676.552734 9440.85022 -2241.602783 3867.911987 1998552.61792 9.295654 -12.160034 23035.866699 14662.687988 4117.711182 9089.749756 9957909.599955 -33.474121 19.151611 15707.510986 13970.012207 -3210.644531 8397.073975 8081908.964111 5.351562 -27.243652 20938.459473 16104.996338 2020.303955 10532.058105 11500587.600787 -20.505371 10.249023 11913.000488 12850.316162 -7005.155029 7277.37793 10203242.651599 -10.228271 37.087402 18504.338379 18250.27832 -413.817139 12677.340088 16088619.63283 -43.482666 58.635254 18402.104492 19313.824463 -516.051025 13740.88623 18907826.305949 -42.595215 59.312744 20235.74585 19244.96582 1317.590332 13672.027588 18866038.26471 -19.711914 -13.763428 9549.827881 11808.535156 -9368.327637 6235.596924 12664823.170536 179.992065 125.147705 9437.786255 11889.993896 -9480.369263 6317.055664 12978259.361992 -13.743286 112.460938 10506.131592 12021.275635 -8412.023926 6448.337402 11234320.178238 -54.545898 231.61377
22576.779785 9836.511841 3645.247803 4292.672119 3171486.546579 -42.817383 6.846924 16674.693604 9430.00061 -2256.838379 3886.160889 2019556.592115 -1.859131 -10.849609 23038.242188 14644.018555 4106.710205 9100.178833 9967832.350122 2.375488 -18.669434 15697.98584 13949.121094 -3233.546143 8405.281372 8110457.559985 -9.525146 -20.891113 20916.252441 16127.744141 1984.720459 10583.904419 11595814.804968 -22.207031 22.747803 11918.64502 12853.851318 -7012.886963 7310.011597 10261685.309787 5.644531 3.535156 18558.922119 18148.869629 -372.609863 12605.029907 15902561.707229 54.58374 -101.408691 18430.493164 19248.709717 -501.038818 13704.869995 18807450.148057 28.388672 -65.114746 20245.335693 19253.554688 1313.803711 13709.714966 18968236.463491 9.589844 8.588867 9554.130249 11859.515381 -9377.401733 6315.675659 12782342.23015 4.302368 50.980225 9450.307617 11891.745605 -9481.224365 6347.905884 13018952.457336 12.521362 1.751709 10598.182373 12055.86792 -8333.349609 6512.028198 11185122.696677 92.050781 34.592285
22613.422852 9834.348145 3682.897949 4317.043457 3220060.151426 36.643066 -2.163696 16688.493652 9442.807007 -2242.03125 3925.502319 2043627.258509 13.800049 12.806396 23081.975098 14666.485596 4151.450195 9149.180908 10094205.001519 43.73291 22.467041 15703.613281 13910.499268 -3226.911621 8393.19458 8085867.38694 5.627441 -38.621826 20957.780762 16120.964355 2027.255859 10603.659668 11654736.467348 41.52832 -6.779785 11911.922607 12854.228516 -7018.602295 7336.923828 10309122.943399 -6.722412 0.377197 18509.803467 18202.030029 -420.721436 12684.725342 16107926.352315 -49.118652 53.1604 18558.614502 19246.525879 -371.9104 13729.221191 18862983.186848 128.121338 -2.183838 20247.918701 19279.743652 1317.393799 13762.438965 19114025.268224 2.583008 26.188965 9529.492188 11900.019531 -9401.032715 6382.714844 12911846.488219 -24.638062 40.50415 9442.962036 11982.218018 -9487.562866 6464.91333 13180895.350573 -7.345581 90.472412 10453.027344 12214.493408 -8477.497559 6697.188721 11672030.161668 -145.155029 158.625488
22581.723633 9843.349609 3662.199707 4297.879639 3188347.608269 -31.699219 9.001465 16652.988281 9471.287231 -2266.535645 3925.817261 2054922.499267 -35.505371 28.480225 23048.764648 14640.488281 4129.240723 9095.018311 9976998.701483 -33.210449 -25.997314 15707.020264 14008.618164 -3212.503662 8463.148193 8194505.712183 3.406982 98.118896 20892.854004 16115.343018 1973.330078 10569.873047 11561624.782429 -64.926758 -5.621338 11918.760986 12876.508789 -7000.762939 7331.038818 10275481.189071 6.838379 22.280273 18522.341309 18263.417969 -397.182617 12717.947998 16190395.531242 12.537842 61.387939 18417.355957 19356.115723 -502.167969 13810.645752 19098610.875478 -141.258545 109.589844 20216.933594 19261.124268 1297.409668 13715.654297 18980244.463792 -30.985107 -18.619385 9620.97229 11872.86377 -9298.551636 6327.393799 12649897.480801 91.480103 -27.155762 9540.219727 11964.973145 -9379.304199 6419.503174 12918136.826027 97.25769 -17.244873 10620.499268 11992.644043 -8299.024658 6447.174072 11043986.379556 167.471924 -221.849365
22598.000488 9865.961304 3679.138184 4313.707886 3214413.349749 16.276855 22.611694 16668.452148 9478.665771 -2250.410156 3926.412354 2048105.984119 15.463867 7.37854 23061.367188 14671.78833 4142.504883 9119.534912 10032626.371731 12.602539 31.300049 15724.493408 13936.646729 -3194.368896 8384.393311 8050204.383277 17.473145 -71.971436 20900.976562 16122.364502 1982.114258 10570.111084 11565602.525879 8.122559 7.021484 11942.713623 12909.824219 -6976.148682 7357.570801 10280049.851687 23.952637 33.31543 18446.314697 18089.665527 -472.547607 12537.412109 15741000.364158 -76.026611 -173.752441 18412.349854 19270.689697 -506.512451 13718.436279 18845204.881232 -5.006104 -85.426025 20219.368896 19247.723389 1300.506592 13695.469971 18925721.511374 2.435303 -13.400879 9852.286377 11932.871094 -9066.575928 6380.617676 12291508.097786 231.314087 60.007324 9460.750122 11962.681885 -9458.112183 6410.428467 13054947.918689 -79.469604 -2.29126 10539.598389 12182.70874 -8379.263916 6630.455322 11417500.15548 -80.900879 190.064697
22590.231934 9818.381958 3697.218018 4241.118164 3165650.435105 -7.768555 -47.579346 16652.457275 9487.092896 -2240.556641 3909.829102 2030685.766327 -15.994873 8.427124 23002.770996 14660.688477 4109.75708 9083.424683 9939870.722203 -58.596191 -11.099854 15726.112061 13972.545166 -3166.901855 8395.281372 8051001.66784 1.618652 35.898438 20848.010254 16148.922119 1954.996338 10571.658325 11558197.042584 -52.966309 26.557617 11975.228271 12920.187988 -6917.785645 7342.924194 10177429.394745 32.514648 10.36377 18477.84668 18213.704834 -415.167236 12636.44104 15985200.59925 31.531982 124.039307 18376.485596 19293.455811 -516.52832 13716.192017 18840072.494197 -35.864258 22.766113 20204.107666 19250.072021 1311.09375 13672.808228 18866465.164835 -15.26123 2.348633 9632.346191 11867.319336 -9260.667725 6290.055542 12532476.542697 -219.940186 -65.551758 9426.14563 11931.564941 -9466.868286 6354.301147 12999873.821961 -34.604492 -31.116943 10592.441406 12092.341309 -8300.57251 6515.077515 11134573.901175 52.843018 -90.367432
22585.717773 9840.588989 3694.825439 4277.285156 3194690.333591 -4.51416 22.207031 16671.772461 9450.708618 -2219.119873 3887.404785 2003640.897461 19.315186 -36.384277 23016.604004 14635.335693 4125.71167 9072.03186 9932325.885856 13.833008 -25.352783 15692.001953 13973.685303 -3198.890381 8410.38147 8096741.613507 -34.110107 1.140137 20896.938477 16153.345947 2006.046143 10590.042114 11617321.310791 48.928223 4.423828 11989.848633 12910.244141 -6901.043701 7346.940308 10160193.604917 14.620361 -9.943848 18475.251465 18151.662598 -415.640869 12588.358765 15863953.37196 -2.595215 -62.042236 18378.205566 19322.437744 -512.686768 13759.133911 18957661.370613 1.719971 28.981934 20178.947754 19218.199463 1288.05542 13654.89563 18811526.142778 -25.159912 -31.872559 9669.922485 11877.419434 -9220.969849 6314.115601 12489434.076696 37.576294 10.100098 9600.421143 11982.167969 -9290.471191 6418.864136 12751467.175147 174.275513 50.603027 10612.001953 12166.486816 -8278.890381 6603.182983 11214205.145053 19.560547 74.145508
22588.125 9845.943604 3714.215088 4267.290649 3200516.320569 2.407227 5.354614 16639.047852 9517.466431 -2234.862061 3938.813477 2050886.003282 -32.724609 66.757812 23005.769043 14708.300781 4131.859131 9129.647827 10042272.932502 -10.834961 72.965088 15762.025146 13939.020996 -3111.884766 8360.368042 7957958.059209 70.023193 -34.664307 20811.689453 16136.547852 1937.779541 10557.894897 11522413.421541 -85.249023 -16.798096 11966.812744 12917.750244 -6907.097168 7339.09729 10157034.032042 -23.035889 7.506104 18446.942139 18224.812012 -426.967773 12646.159058 16010764.039011 -28.309326 73.149414 18343.388672 19349.638672 -530.52124 13770.985718 18992150.042546 -34.816895 27.200928 20132.181396 19309.862061 1258.271484 13731.209106 19012935.065332 -46.766357 91.662598 9660.014038 11941.751709 -9213.895874 6363.098755 12538490.294174 -9.908447 64.332275 9621.032104 12023.579102 -9252.877808 6444.926147 12715282.076892 20.610962 41.411133 10633.575439 12210.249023 -8240.334473 6631.596069 11188117.864808 21.573486 43.762207
22596.081543 9847.456055 3743.175049 4276.898804 3230322.282335 7.956543 1.512451 16660.061035 9468.449097 -2192.845459 3897.891846 2000213.204779 21.013184 -49.017334 22999.772949 14674.708252 4146.866455 9104.151001 10008206.684483 -5.996094 -33.592529 15725.772705 13907.30957 -3127.133789 8336.752319 7928040.496865 -36.252441 -31.711426 20853.632812 16133.986816 2000.726318 10563.429565 11558894.998477 41.943359 -2.561035 12041.798096 12982.55249 -6811.108398 7411.995239 10132887.104205 74.985352 64.802246 18430.877686 18277.076416 -422.028809 12706.519165 16163373.760679 -16.064453 52.264404 18352.459717 19381.434326 -500.446777 13810.877075 19099077.256311 9.071045 31.795654 20191.162109 19264.816895 1338.255615 13694.259644 18932367.52768 58.980713 -45.045166 9753.130493 11912.58667 -9099.776001 6342.029419 12302726.041872 93.116455 -29.165039 9578.839111 11989.58374 -9274.067383 6419.026489 12721222.689074 -42.192993 -33.995361 10676.898193 12180.803223 -8176.008301 6610.245972 11054246.354055 43.322754 -29.445801
22596.108398 9822.76001 3742.481689 4260.34729 3215672.822764 0.026855 -24.696045 16668.978271 9447.415771 -2184.648438 3885.003052 1986593.750764 8.917236 -21.033325 23007.258301 14573.132324 4153.631592 9010.719604 9844572.319115 7.485352 -101.575928 15685.52002 13862.574463 -3168.106689 8300.161743 7892958.495844 -40.252686 -44.735107 20847.744141 16128.843994 1994.117432 10566.431274 11562597.420809 -5.888672 -5.142822 12054.307861 13044.168701 -6799.318848 7481.755981 10220740.935799 12.509766 61.616211 18445.585938 18216.722412 -408.040771 12654.309692 16029805.106193 14.708252 -60.354004 18289.527588 19323.288574 -564.099121 13760.875854 18967991.210116 -62.932129 -58.145752 20138.352051 19292.226562 1284.725342 13729.813843 19015830.736107 -52.810059 27.409668 9757.697144 11959.904785 -9095.929565 6397.492065 12366383.938649 4.56665 47.318115 9642.503052 12007.698975 -9211.123657 6445.286255 12638651.39361 63.66394 18.115234 10667.700195 12279.664307 -8185.926514 6717.251587 11213086.176914 -9.197998 98.861084
22600.842285 9848.702393 3725.899658 4285.576782 3224849.661936 4.733887 25.942383 16669.212646 9446.875 -2205.72998 3883.74939 1994875.406833 0.234375 -0.540771 22975.080566 14696.896973 4100.137939 9133.771362 10023691.04214 -32.177734 123.764648 15610.703125 13878.852539 -3264.239502 8315.726929 7980657.3879 -74.816895 16.278076 20828.735352 16097.801514 1953.792725 10534.675903 11479670.239873 -19.008789 -31.04248 12108.800049 13157.780762 -6766.142578 7594.655151 10345947.22557 54.492188 113.612061 18393.852539 18259.692383 -481.090088 12696.566772 16143425.548023 -51.733398 42.969971 18317.766113 19366.064453 -557.176514 13802.938843 19083156.636473 28.238525 42.775879 20123.99292 19367.042236 1249.050293 13803.916626 19210824.085128 -14.359131 74.815674 9641.501465 11994.804688 -9233.441162 6431.679077 12662293.144556 -116.195679 34.899902 9618.413696 11981.968994 -9256.528931 6418.843384 12688487.822983 -24.089355 -25.72998 10773.156738 12393.695068 -8101.785889 6830.569458 11229561.370655 105.456543 114.030762
22573.730469 9805.354004 3722.290039 4234.730225 3178838.321012 -27.111816 -43.348389 16698.770752 9439.962769 -2152.669678 3869.338989 1960577.095523 29.558105 -6.912231 22981.306152 14687.770996 4129.865723 9117.147217 10017816.425992 6.225586 -9.125977 15552.716064 13806.859131 -3298.724365 8236.235352 7871715.520412 -57.987061 -71.993408 20871.68457 16119.858398 2020.244141 10549.234619 11536773.74374 42.949219 22.056885 12165.465088 13294.741211 -6685.975342 7724.117432 10436425.636889 56.665039 136.960449 18435.483398 18133.411865 -415.957031 12562.788086 15799666.474402 41.630859 -126.280518 18382.268066 19314.468994 -469.172363 13743.845215 18911340.399605 64.501953 -51.595459 20180.784912 19291.02417 1329.344482 13720.400391 19001654.363201 56.791992 -76.018066 9425.359497 11961.66626 -9426.080933 6391.04248 12969642.573541 -216.141968 -33.138428 9611.790161 12008.05542 -9239.650269 6437.431641 12681166.321292 -6.623535 26.086426 10806.44043 12807.155762 -8045.0 7236.531982 11708942.013261 33.283691 413.460693
22627.011719 9855.969849 3745.737305 4315.917969 3265769.586871 53.28125 50.615845 16712.672119 9404.65271 -2168.602295 3864.60083 1963797.548938 13.901367 -35.310059 23003.217773 14657.167969 4121.943359 9117.116089 10011222.283578 21.911621 -30.603027 15549.985352 13657.205811 -3331.289062 8117.153931 7698567.475203 -2.730713 -149.65332 20859.648438 16117.174072 1978.374023 10577.122192 11578947.764921 -12.036133 -2.684326 12226.258545 13559.82666 -6655.015869 8019.77478 10860602.374482 60.793457 265.085449 18429.091797 18197.409668 -452.182617 12657.357788 16041317.529491 -6.391602 63.997803 18393.925781 19309.262695 -487.348633 13769.210815 18982867.516965 11.657715 -5.206299 20165.883789 19336.864014 1284.609375 13796.812134 19200224.630141 -14.901123 45.839844 9422.021484 12009.696045 -9459.25293 6469.644165 13133376.161003 -3.338013 48.029785 9641.787109 12194.40918 -9239.487305 6654.3573 12964859.672695 29.996948 186.35376 10878.983154 13172.037354 -8002.29126 7631.985474 12228386.767586 72.542725 364.881592
22601.560059 9855.073853 3723.518066 4318.977051 3251814.955603 -25.45166 -0.895996 16765.716553 9403.861084 -2112.325439 3867.764282 1942151.930503 53.044434 -0.791626 22992.561035 14667.821045 4114.519043 9131.724243 10031765.460814 -10.656738 10.653076 15439.80835 13634.404297 -3438.233643 8098.307495 7740403.486643 -110.177002 -22.801514 20829.648438 16158.936768 1951.606445 10622.839966 11665349.665681 -30.0 41.762695 12315.268555 13750.866699 -6562.773438 8214.769897 11055243.966019 89.01001 191.040039 18477.363281 18099.96582 -400.678711 12563.869019 15801134.81448 48.271484 -97.443848 18379.0625 19359.440918 -498.979492 13823.344116 19133382.308881 -14.863281 50.178223 20165.869141 19246.357422 1287.827148 13710.26062 18962974.503579 -0.014648 -90.506592 9491.239014 12155.322266 -9386.802979 6619.225464 13192621.589898 69.217529 145.626221 9971.021729 12588.747559 -8907.020264 7052.650757 12907489.267536 329.234619 394.338379 10929.998779 13723.891602 -7948.043213 8187.7948 13021137.459769 51.015625 551.854248
22594.609375 9829.348145 3705.135498 4289.226685 3212549.461052 -6.950684 -25.725708 16744.80835 9452.785034 -2144.665527 3912.663574 1990852.646919 -20.908203 48.92395 22997.473145 14708.144531 4107.999268 9168.023071 10092830.501811 4.912109 40.323486 15247.080078 13404.523926 -3642.393799 7864.402466 7511585.873014 -192.728271 -229.880371 20811.577148 16154.79248 1922.103271 10614.671021 11636572.185986 -18.071289 -4.144287 12335.06958 14079.969482 -6554.404297 8539.848022 11588921.993362 19.801025 329.102783 18554.04541 18174.678955 -335.428467 12634.557495 15974455.535376 76.682129 74.713135 18365.333252 19311.846924 -524.140625 13771.725464 18993514.56469 -13.729248 -47.593994 20174.09668 19321.019287 1284.622803 13780.897827 19156340.066761 8.227539 74.661865 9710.560303 12506.470947 -9178.913574 6966.349487 13278247.958225 219.321289 351.148682 10406.147461 13155.98877 -8483.326416 7615.86731 12996826.195765 435.125732 567.241211 10966.695557 14616.246338 -7922.77832 9076.124878 14514645.911259 36.696777 892.354736
22602.700195 9826.28418 3753.757324 4288.010864 3247773.122112 8.09082 -3.063965 16723.601074 9448.204956 -2125.341797 3909.931641 1980464.31879 -21.207275 -4.580078 23087.385254 14640.966797 4238.442383 9102.693481 10082342.244957 89.912109 -67.177734 15220.214844 13241.347656 -3628.728027 7703.074341 7250502.139663 -26.865234 -163.17627 20950.314941 16056.947021 2101.37207 10518.673706 11505826.111234 138.737793 -97.845459 12509.471436 14409.771729 -6339.471436 8871.498413 11889238.21755 174.401855 329.802246 18621.367188 18068.45459 -227.575684 12530.181274 15705723.346144 67.321777 -106.224365 18445.125732 19262.590332 -403.817139 13724.317017 18851994.585366 79.79248 -49.256592 20146.265869 19185.839844 1297.322998 13647.566528 18793911.910619 -27.830811 -135.179443 10197.723389 13355.257568 -8651.219482 7816.984253 13594884.134359 487.163086 848.786621 10604.881592 14026.779785 -8244.061279 8488.50647 14001928.846339 198.734131 870.791016 10737.515869 15086.52832 -8111.427002 9548.255005 15696442.164628 -229.179688 470.281982
22580.957031 9788.913574 3715.378418 4273.69873 3206853.762752 -21.743164 -37.370605 16625.505371 9394.179688 -2240.073242 3878.964844 2006429.638941 -98.095703 -54.025269 23060.402832 14662.669678 4194.824219 9147.454834 10127248.0166 -26.982422 21.702881 15199.448242 13059.724121 -3666.130371 7544.509277 7036013.213378 -20.766602 -181.623535 20935.349121 16104.343262 2069.770508 10589.128418 11641359.060724 -14.96582 47.39624 12698.671875 14679.191895 -6166.906738 9163.977051 12200921.41059 189.200439 269.420166 18584.876709 18033.681641 -280.701904 12518.466797 15679080.450354 -36.490479 -34.772949 18380.466309 19164.420166 -485.112305 13649.205322 18653613.987752 -64.659424 -98.170166 20190.606689 19081.329346 1325.028076 13566.114502 18579516.208275 44.34082 -104.510498 10718.955078 14289.453125 -8146.623535 8774.238281 14335473.243971 521.231689 934.195557 10935.456543 14783.52417 -7930.12207 9268.309326 14878839.381566 330.574951 756.744385 10679.523926 15717.474365 -8186.054688 10202.259521 17109759.069046 -57.991943 630.946045
22610.615234 9793.830566 3746.75293 4276.038208 3232266.027246 29.658203 4.916992 16657.910156 9395.050659 -2205.952148 3877.258301 1989935.681217 32.404785 0.870972 23114.73877 14663.293457 4250.876465 9145.501099 10171014.106446 54.335938 0.623779 15243.981934 12929.912109 -3619.880371 7412.119751 6804305.310385 44.533691 -129.812012 20942.160645 16090.996094 2078.29834 10573.203735 11611196.121865 6.811523 -13.347168 12848.723145 15010.324707 -6015.13916 9492.532349 12629006.950589 150.05127 331.132812 18551.447754 18093.666992 -312.414551 12575.874634 15825022.565632 -33.428955 59.985352 18483.829346 19209.58374 -380.032959 13691.791382 18760957.629363 103.363037 45.163574 20213.549805 19074.123535 1349.6875 13556.331177 18559577.132159 22.943115 -7.205811 11158.493652 15577.216797 -7705.368652 10059.424438 16056472.610194 439.538574 1287.763672 10967.462158 16024.7229 -7896.400146 10506.930542 17274872.468765 32.005615 1241.19873 10753.435059 16124.660645 -8110.427246 10606.868286 17828468.495355 73.911133 407.186279
22613.393555 9818.829346 3758.466797 4295.352783 3257612.819538 2.77832 24.998779 16667.738037 9347.451172 -2187.188721 3823.974609 1940657.631312 9.827881 -47.599487 23110.119629 14658.217773 4255.192871 9134.741211 10155016.336101 -4.619141 -5.075684 15244.619141 12865.41748 -3610.307617 7341.940918 6693841.753367 0.637207 -64.494629 20974.267578 16077.199707 2119.34082 10553.723145 11587267.772406 32.106934 -13.796387 12876.763916 15283.260498 -5978.162842 9759.783936 13099181.34316 28.040771 272.935791 18422.908936 18171.711426 -432.017822 12648.234863 16016448.455548 -128.538818 78.044434 18492.995605 19192.440186 -361.931152 13668.963623 18697156.068722 9.16626 -17.143555 20242.165527 19138.446045 1387.23877 13614.969482 18729182.541097 28.615723 64.32251 11646.403809 16029.858398 -7208.522949 10506.381836 16234686.239193 487.910156 452.641602 10931.030273 16399.378662 -7923.896484 10875.9021 18107338.197538 -36.431885 374.655762 10773.421631 16355.46875 -8081.505127 10831.992188 18264277.986703 19.986572 230.808105
22623.127441 9754.384155 3759.848633 4222.666016 3196737.002118 9.733887 -64.44519 16662.515869 9431.727295 -2200.762939 3900.009155 2005342.892689 -5.222168 84.276123 23118.02002 14588.80127 4254.741211 9057.08313 10013357.759366 7.900391 -69.416504 15161.140137 13007.51709 -3702.138672 7475.79895 6959340.068953 -83.479004 142.099609 20856.381836 16093.651123 1993.103027 10561.932983 11552688.802341 -117.885742 16.451416 13038.443604 15717.611084 -5824.835205 10185.892944 13768112.023979 161.679688 434.350586 18464.550781 18359.415283 -398.728027 12827.697144 16470879.804655 41.641846 187.703857 18686.894531 19291.77002 -176.384277 13760.05188 18937013.915036 193.898926 99.329834 20303.946533 19269.27124 1440.667725 13737.553101 19079588.868415 61.781006 130.825195 11968.537598 16607.062988 -6894.741211 11075.344849 17020071.988194 322.133789 577.20459 10871.298828 16873.110352 -7991.97998 11341.392212 19249892.131268 -59.731445 473.731689 11005.860596 16763.673096 -7857.418213 11231.954956 18789583.310711 232.438965 408.204346
22612.526855 9783.903809 3766.075439 4226.337891 3204525.618138 -10.600586 29.519653 16666.846924 9396.589355 -2179.604492 3839.023438 1948877.669604 4.331055 -35.137939 23122.141113 14575.678711 4275.689697 9018.112793 9960788.073401 4.121094 -13.122559 15155.57251 13028.399658 -3690.878906 7470.83374 6943594.387483 -5.567627 20.882568 20848.925781 16097.589111 2002.474365 10540.023193 11510199.249997 -7.456055 3.937988 13241.295166 15833.013916 -5605.15625 10275.447998 13700260.814748 202.851562 115.402832 18490.311279 18302.172852 -356.140137 12744.606934 16255184.168879 25.760498 -57.242432 18669.238281 19216.623535 -177.213135 13659.057617 18660125.948478 -17.65625 -75.146484 20342.79541 19259.631348 1496.343994 13702.06543 18998564.238824 38.848877 -9.639893 12429.345703 17001.049805 -6417.105713 11443.483887 17213256.919601 460.808105 393.986816 10897.719727 17151.794434 -7948.731689 11594.228516 19760847.034345 26.420898 278.684082 10988.706055 17023.436279 -7857.745361 11465.870361 19321034.530626 -17.154541 259.763184
22606.394043 9777.052612 3791.337891 4211.950684 3211477.156191 -6.132812 -6.851196 16650.554199 9407.686157 -2164.501953 3842.584229 1945052.225832 -16.292725 11.096802 23100.26123 14580.899658 4285.205078 9015.797729 9964759.12607 -21.879883 5.220947 15196.090088 13040.720215 -3618.966064 7475.618286 6898178.413563 40.517578 12.320557 20862.253418 16089.318848 2047.197266 10524.216919 11495015.84014 13.327637 -8.270264 13377.924805 16008.051758 -5437.131348 10442.949829 13861759.84248 136.629639 175.037842 18461.682129 18289.473877 -353.374023 12724.371948 16203451.467765 -28.62915 -12.698975 18530.611572 19299.832764 -284.44458 13734.730835 18872373.982796 -138.626709 83.209229 20312.679443 19171.062012 1497.623291 13605.960083 18736502.530219 -30.115967 -88.569336 12827.497559 17156.505127 -5987.558594 11591.403198 17021148.601781 398.151855 155.455322 11000.240479 17206.854248 -7814.815674 11641.752319 19660174.108067 102.520752 55.059814 11001.531982 17220.720215 -7813.52417 11655.618286 19690459.758599 12.825928 197.283936
22563.969727 9765.680542 3739.206543 4202.913818 3164615.013554 -42.424316 -11.37207 16638.707275 9433.705444 -2186.055908 3870.938721 1976300.701323 -11.846924 26.019287 23136.000977 14573.00415 4311.237793 9010.237427 9977114.979407 35.739746 -7.895508 15257.094727 13035.281982 -3567.668457 7472.515259 6856674.251213 61.004639 -5.438232 20929.943848 16008.537598 2105.180664 10445.770874 11354591.478094 67.69043 -80.78125 13498.312988 16091.59668 -5326.450195 10528.829956 13922733.192666 120.388184 83.544922 18555.010986 18194.921875 -269.752197 12632.155151 15964411.001614 93.328857 -94.552002 18681.135254 19196.734619 -143.62793 13633.967896 18590570.955792 150.523682 -103.098145 20336.989746 19252.514648 1512.226562 13689.747925 18969602.742102 24.310303 81.452637 13086.662598 17522.133789 -5738.100586 11959.367065 17595225.894002 259.165039 365.628662 11155.458984 17355.518799 -7669.304199 11792.752075 19788722.840718 155.218506 148.664551 11152.633057 17379.16748 -7672.130127 11816.400757 19848890.753105 151.101074 158.447266
22560.98877 9744.783936 3785.892334 4175.164795 3176498.182928 -2.980957 -20.896606 16614.42627 9409.264526 -2160.670166 3839.645386 1941137.225456 -24.281006 -24.440918 23066.494141 14545.095215 4291.397705 8975.476074 9897526.502202 -69.506836 -27.908936 15292.210693 13074.643555 -3482.885742 7505.024414 6845588.454881 35.115967 39.361572 20900.788574 16053.326416 2125.692139 10483.707275 11442668.530449 -29.155273 44.788818 13491.077881 16280.390625 -5284.018555 10710.771484 14264147.787678 -7.235107 188.793945 18533.348389 18293.389893 -241.748047 12723.770752 16195278.426643 -21.662598 98.468018 18522.583008 19281.508789 -252.513428 13711.889648 18807968.076211 -158.552246 84.77417 20391.617432 19191.159668 1616.520996 13621.540527 18815950.646888 54.627686 -61.35498 13105.233154 17692.15332 -5669.863281 12122.53418 17910318.456576 18.570557 170.019531 11098.64624 17518.308105 -7676.450195 11948.688965 20169905.557969 -56.812744 162.789307 11337.89917 17548.94165 -7437.197266 11979.32251 19881607.09608 185.266113 169.77417
22493.210449 9753.413696 3727.29126 4176.677246 3133733.295316 -67.77832 8.629761 16618.045654 9496.751709 -2147.873535 3920.015259 1997988.035216 3.619385 87.487183 23097.39502 14605.994873 4331.47583 9029.258423 10028919.053319 30.900879 60.899658 15383.294678 13157.558594 -3382.624512 7580.822144 6891101.295949 91.083984 82.915039 20935.546875 16020.423584 2169.627686 10443.687134 11377788.524236 34.758301 -32.902832 13655.672607 16323.717041 -5110.246582 10746.980591 14161221.194863 164.594727 43.326416 18481.722412 18272.351074 -284.196777 12695.614624 16125939.848997 -51.625977 -21.038818 18631.85791 19203.032227 -134.061279 13626.295776 18569390.901165 109.274902 -78.476562 20334.056396 19295.361328 1568.137207 13718.624878 19065972.284143 -57.561035 104.20166 12970.167236 17822.473145 -5795.751953 12245.736694 18354880.788916 -135.065918 130.319824 11136.59668 17660.095215 -7629.32251 12083.358765 20421412.099322 37.950439 141.787109 11356.695557 17621.942139 -7409.223633 12045.205688 19998357.491874 18.796387 73.000488
22508.891602 9755.428467 3788.597412 4181.459961 3183807.775597 15.681152 2.014771 16605.163574 9442.125854 -2115.130615 3868.157349 1943641.879328 -12.88208 -54.625854 23102.729492 14612.397461 4382.435303 9038.428955 10089893.715865 5.334473 6.402588 15397.171631 13177.5354 -3323.122559 7603.566895 6885737.305905 13.876953 19.976807 20808.034668 16116.699219 2087.740479 10542.730713 11550783.119016 -127.512207 96.275635 13675.86792 16340.588379 -5044.42627 10766.619873 14136633.987942 20.195312 16.871338 18485.877686 18297.718506 -234.416504 12723.75 16194876.51598 4.155273 25.367432 18638.83667 19263.424072 -81.45752 13689.455566 18740782.90321 6.97876 60.391846 20301.533203 19299.178467 1581.239014 13725.209961 19088170.529018 -32.523193 3.817139 13041.339111 17861.136475 -5678.955078 12287.167969 18322502.747164 71.171875 38.66333 11173.190918 17709.240723 -7547.103271 12135.272217 20422359.956621 36.594238 49.145508 11426.464844 17781.433105 -7293.829346 12207.4646 20222213.847496 69.769287 159.490967
22496.679688 9740.185547 3829.661865 4168.502808 3204272.565914 -12.211914 -15.24292 16614.398193 9471.92627 -2052.619629 3900.24353 1942514.693641 9.234619 29.800415 23078.012695 14577.913818 4410.994873 9006.231079 10056907.402022 -24.716797 -34.483643 15423.630371 13268.913574 -3243.387451 7697.230835 6976692.468509 26.45874 91.378174 20939.841309 16013.753662 2272.823486 10442.070923 11420257.175787 131.806641 -102.945557 13699.257812 16500.620117 -4967.76001 10928.937378 14412031.172534 23.389893 160.031738 18519.309082 18271.496582 -147.70874 12699.813843 16130708.951304 33.431396 -26.221924 18598.395996 19298.115234 -68.621826 13726.432495 18841965.799804 -40.440674 34.691162 20339.01123 19282.564697 1671.993408 13710.881958 19078384.60235 37.478027 -16.61377 12754.468994 17897.547607 -5912.548828 12325.864868 18688517.83932 -286.870117 36.411133 11299.544678 17801.043701 -7367.473145 12229.360962 20383693.007218 126.35376 91.802979 11572.095947 17935.05127 -7094.921875 12363.36853 20319079.782771 145.631104 153.618164
22422.695312 9739.606934 3801.888428 4134.371338 3154738.197651 -73.984375 -0.578613 16616.848145 9468.265991 -2003.95874 3863.030396 1893885.446918 2.449951 -3.660278 23035.429688 14571.380615 4414.622803 8966.14502 9988065.100169 -42.583008 -6.533203 15439.376221 13363.522949 -3181.430664 7758.287354 7031252.372996 15.74585 94.609375 20857.885742 16162.55249 2237.078857 10557.316895 11646146.182588 -81.955566 148.798828 13809.455566 16587.022705 -4811.351318 10981.787109 14374874.962431 110.197754 86.402588 18490.981445 18283.288574 -129.825439 12678.052979 16074988.197078 -28.327637 11.791992 18664.838867 19202.476807 44.031982 13597.241211 18488690.736389 66.442871 -95.638428 20308.421631 19326.152344 1687.614746 13720.916748 19111159.993807 -30.5896 43.587646 12863.016357 18042.116699 -5757.790527 12436.881104 18782816.333975 108.547363 144.569092 11413.323975 17886.66626 -7207.48291 12281.430664 20278134.905637 113.779297 85.622559 11640.897217 17890.109863 -6979.909668 12284.874268 19963727.474321 68.80127 -44.941406
22416.831055 9739.053955 3858.966064 4119.224243 3185962.745207 -5.864258 -0.552979 16601.810303 9481.47522 -1956.054688 3861.645508 1873845.59685 -15.037842 13.209229 23040.581055 14564.525146 4482.716064 8944.695435 10010231.973173 5.151367 -6.855469 15435.218506 13422.205811 -3122.646484 7802.376099 7062799.38509 -4.157715 58.682861 20824.506836 16112.84668 2266.641846 10493.016968 11524107.034267 -33.378906 -49.705811 13852.188721 16711.254883 -4705.67627 11091.425171 14516310.147527 42.733154 124.232178 18402.163086 18420.083008 -155.701904 12800.253296 16387072.752216 -88.818359 136.794434 18518.968506 19441.333008 -38.896484 13821.503296 19103546.629503 -145.870361 238.856201 20302.391357 19266.951904 1744.526367 13647.122192 18928731.637964 -6.030273 -59.200439 12876.5271 18089.882812 -5681.337891 12470.053101 18777982.455888 13.510742 47.766113 11489.335938 17929.160156 -7068.529053 12309.330444 20148371.895721 76.011963 42.493896 11673.839111 17929.937744 -6884.025879 12310.108032 19892857.206654 32.941895 39.827881
22353.415527 9707.520752 3798.045654 4088.272095 3113911.951264 -63.415527 -31.533203 16571.876221 9534.381104 -1983.493652 3915.132446 1926250.914087 -29.934082 52.905884 23012.287598 14566.113281 4456.917725 8946.864624 9991050.220454 -28.293457 1.588135 15468.898926 13465.491943 -3086.470947 7846.243286 7108983.66135 33.68042 43.286133 20814.763184 16135.445557 2259.393311 10516.196899 11569525.535899 -9.743652 22.598877 13819.283447 16847.773438 -4736.086426 11228.52478 14851028.337368 -32.905273 136.518555 18399.475098 18371.099854 -155.894775 12751.851196 16263401.211329 -2.687988 -48.983154 18550.444336 19397.406006 -4.925537 13778.157349 18983764.41846 31.47583 -43.927002 20337.875977 19309.281006 1782.506104 13690.032349 19059431.371568 35.484619 42.329102 12892.779541 18075.758057 -5662.590332 12456.509399 18722955.56861 16.252441 -14.124756 11450.062256 18043.487549 -7105.307617 12424.238892 20484710.837045 -39.273682 114.327393 11657.049561 18086.190186 -6898.320312 12466.941528 20301145.420441 -16.789551 156.252441
22340.59082 9721.334229 3824.284668 4098.240967 3142073.224359 -12.824707 13.813477 16542.681885 9564.451904 -1973.624268 3941.358643 1942950.0699 -29.194336 30.070801 22973.842773 14549.191895 4457.536621 8926.098633 9954486.953109 -38.444824 -16.921387 15462.823486 13546.343994 -3053.482666 7923.250732 7210165.856048 -6.075439 80.852051 20772.797852 16141.92627 2256.491699 10518.833008 11573760.263489 -41.965332 6.480713 13778.741455 16950.239258 -4737.564697 11327.145996 15074875.56776 -40.541992 102.46582 18371.818848 18399.886475 -144.487305 12776.793213 16326732.138618 -27.65625 28.786621 18493.64502 19374.443359 -22.661133 13751.350098 18910014.303525 -56.799316 -22.962646 20320.296631 19326.640625 1803.990479 13703.547363 19104159.198427 -17.579346 17.359619 12623.250732 18204.609375 -5893.05542 12581.516113 19302264.989103 -269.528809 128.851318 11618.31665 18161.325684 -6897.989502 12538.232422 20478953.143401 168.254395 117.838135 11815.252686 18206.027832 -6701.053467 12582.93457 20323435.996564 158.203125 119.837646
22322.443848 9732.612915 3849.404297 4118.139648 3177698.760483 -18.146973 11.278687 16523.366699 9598.548584 -1949.672852 3984.075317 1967408.03627 -19.315186 34.09668 22962.314453 14589.747314 4489.274902 8975.274048 10070913.338285 -11.52832 40.55542 15439.611816 13532.781982 -3033.427734 7918.308716 7190129.673871 -23.21167 -13.562012 20847.39502 16094.873047 2374.355469 10480.39978 11547634.344634 74.597168 -47.053223 13844.978027 17079.641113 -4628.061523 11465.167847 15286902.721726 66.236572 129.401855 18464.117432 18281.184082 -8.922119 12666.710815 16044564.248593 92.298584 -118.702393 18556.82251 19307.431641 83.782959 13692.958374 18750412.861695 63.17749 -67.011719 20314.625244 19443.453369 1841.585693 13828.980103 19463212.854241 -5.671387 116.812744 12512.788086 18354.14917 -5960.251465 12739.675903 19782393.964581 -110.462646 149.539795 11644.326172 18346.862793 -6828.713379 12732.389526 20874506.94624 26.009521 185.537109 11784.241943 18360.52002 -6688.797607 12746.046753 20720172.126092 -31.010742 154.492188
22289.567871 9712.62146 3870.545654 4107.771606 3185491.123271 -32.875977 -19.991455 16476.593018 9602.205811 -1942.429199 3997.355957 1975188.584119 -46.773682 3.657227 22920.041504 14555.380859 4501.019287 8950.531006 10037117.990978 -42.272949 -34.366455 15468.740234 13617.327881 -2950.281982 8012.478027 7290396.791447 29.128418 84.545898 20809.538574 16135.777588 2390.516357 10530.927734 11661500.740173 -37.856445 40.904541 13876.225586 17109.731445 -4542.796631 11504.881592 15299930.167061 31.247559 30.090332 18408.178711 18484.570312 -10.843506 12879.720459 16588731.66832 -55.938721 203.38623 18582.359619 19400.167236 163.337402 13795.317383 19033746.079953 25.537109 92.735596 20299.571533 19417.098389 1880.549316 13812.248535 19431467.532836 -15.053711 -26.35498 12622.1875 18344.005127 -5796.834717 12739.155273 19588936.981461 109.399414 -10.144043 11734.311523 18440.689697 -6684.710693 12835.839844 20944414.154831 89.985352 93.826904 11760.351562 18331.64917 -6658.670654 12726.799316 20630931.572247 -23.890381 -28.87085
22255.146484 9701.495361 3877.349854 4074.272461 3163353.797251 -34.421387 -11.126099 16475.057373 9612.090454 -1902.739258 3984.867554 1949958.610384 -1.535645 9.884644 22939.665527 14562.871094 4561.868896 8935.648193 10065645.64642 19.624023 7.490234 15444.359131 13690.604248 -2933.4375 8063.381348 7362317.432414 -24.381104 73.276367 20757.873535 16171.5979 2380.076904 10544.375 11684861.021099 -51.665039 35.820312 13749.060059 17332.850342 -4628.736572 11705.627441 15844691.605243 -127.165527 223.118896 18473.980713 18397.381592 96.184082 12770.158691 16308620.438133 65.802002 -87.188721 18496.348877 19434.949951 118.552246 13807.727051 19066738.094393 -86.010742 34.782715 20246.577148 19373.120117 1868.780518 13745.897217 19244203.091762 -52.994385 -43.978271 12052.969971 18463.671875 -6324.82666 12836.448975 20477785.455877 -569.217529 119.666748 11587.053223 18430.571289 -6790.743408 12803.348389 21003992.599776 -147.258301 -10.118408 11865.187988 18535.150146 -6512.608643 12907.927246 20902865.712183 104.836426 203.500977
22246.38916 9693.501587 3913.295898 4077.76123 3194202.144144 -8.757324 -7.993774 16443.327637 9669.185181 -1889.765625 4053.444824 2000162.906042 -31.729736 57.094727 22901.359863 14523.275146 4568.266602 8907.53479 10021323.577871 -38.305664 -39.595947 15458.809814 13713.937988 -2874.283447 8098.197632 7384231.02195 14.450684 23.33374 20771.262207 16205.155029 2438.168945 10589.414673 11808037.091949 13.388672 33.557129 13663.032227 17418.345947 -4670.061035 11802.605591 16111096.880455 -86.027832 85.495605 18465.137939 18485.638428 132.044678 12869.898071 16565171.216229 -8.842773 88.256836 18514.001465 19555.335693 180.908203 13939.595337 19434504.593487 17.652588 120.385742 20357.510986 19386.827393 2024.417725 13771.087036 19374110.528046 110.933838 13.707275 12216.087646 18491.221924 -6117.005615 12875.481567 20319578.328882 163.117676 27.550049 11656.905518 18492.67334 -6676.187744 12876.932983 21038688.585395 69.852295 62.102051 11781.085205 18764.675293 -6552.008057 13148.934937 21582329.953921 -84.102783 229.525146
22188.962402 9700.588989 3890.996094 4097.884521 3193250.8153 -57.426758 7.087402 16400.964355 9696.312256 -1897.001953 4093.607788 2035624.113284 -42.363281 27.127075 22917.861328 14526.958008 4619.89502 8924.25354 10098573.123839 16.501465 3.682861 15478.135986 13766.934814 -2819.830322 8164.230347 7460610.020001 19.326172 52.996826 20837.475586 16086.82373 2539.509277 10484.119263 11636586.408413 66.213379 -118.331299 13615.904541 17457.531738 -4682.061768 11854.827271 16245863.200899 -47.127686 39.185791 18504.301758 18387.102051 206.335449 12784.397583 16348339.587802 39.163818 -98.536377 18628.17749 19427.62085 330.211182 13824.916382 19123735.238924 114.176025 -127.714844 20313.006592 19456.207275 2015.040283 13853.502808 19597992.738359 -44.504395 69.379883 11927.102051 18661.071777 -6370.864258 13058.36731 21110886.818313 -288.985596 169.849854 11519.94873 18751.019287 -6778.017578 13148.314819 21881970.487774 -136.956787 258.345947 11853.664551 18842.650146 -6444.301758 13239.945679 21682518.672096 72.579346 77.974854
22209.72168 9688.219604 3936.629639 4081.607056 3215656.906892 20.759277 -12.369385 16388.841553 9727.753296 -1884.250488 4121.140747 2053420.095975 -12.122803 31.44104 22864.526367 14480.324707 4591.434326 8873.712158 9982403.663819 -53.334961 -46.633301 15471.503906 13772.116699 -2801.588135 8165.50415 7452435.410691 -6.63208 5.181885 20743.120117 16245.969238 2470.028076 10639.356689 11929694.946249 -94.355469 159.145508 13679.116211 17374.741211 -4593.97583 11768.128662 15959346.61353 63.21167 -82.790527 18494.256592 18540.991211 221.164551 12934.378662 16734706.513335 -10.045166 153.88916 18596.529541 19551.347656 323.4375 13944.735107 19456024.903257 -31.647949 123.726807 20323.950195 19401.817627 2050.858154 13795.205078 19451370.231657 10.943604 -54.389648 12208.161621 18562.954102 -6064.93042 12956.341553 20465016.742961 281.05957 -98.117676 11650.091553 18589.0271 -6623.000488 12982.414551 21240722.303611 130.142822 -161.992188 11985.60791 18777.521973 -6287.484131 13170.909424 21300531.174649 131.943359 -65.128174
22126.728516 9654.356689 3872.122803 4040.241089 3131688.305563 -82.993164 -33.862915 16376.672363 9698.672485 -1877.93335 4084.556885 2021023.861046 -12.169189 -29.080811 22846.630859 14495.286865 4592.025146 8881.171265 9996189.797796 -17.895508 14.962158 15461.043701 13818.624268 -2793.562012 8204.508667 7511795.118007 -10.460205 46.507568 20725.068359 16299.212646 2470.462646 10685.097046 12027448.456794 -18.051758 53.243408 13657.808838 17473.883057 -4596.796875 11859.767456 16178462.56217 -21.307373 99.141846 18517.041016 18462.376709 262.435303 12848.261108 16514668.579771 22.784424 -78.614502 18568.693848 19565.358887 314.088135 13951.243286 19473584.058527 -27.835693 14.01123 20341.436768 19420.13916 2086.831055 13806.02356 19496115.037822 17.486572 18.321533 12199.172363 18698.182373 -6055.43335 13084.066772 20786107.635778 -8.989258 135.228271 11539.858398 18698.985596 -6714.747314 13084.869995 21630165.428607 -110.233154 109.958496 11911.976318 18911.015625 -6342.629395 13296.900024 21703649.789563 -73.631592 133.493652
22091.35498 9625.881958 3896.713867 4021.774902 3135905.232785 -35.373535 -28.474731 16385.625 9665.446777 -1809.016113 4061.339722 1976701.9633 8.952637 -33.225708 22837.312012 14484.544678 4642.670898 8880.437622 10041656.543068 -9.318848 -10.742188 15547.769775 13843.405762 -2646.871338 8239.298706 7489197.104694 86.726074 24.781494 20761.401367 16262.857666 2566.760254 10658.75061 12019722.27747 36.333008 -36.35498 13596.025391 17606.131592 -4598.615723 12002.024536 16519585.95306 -61.783447 132.248535 18506.334229 18407.949219 311.693115 12803.842163 16403552.67353 -10.706787 -54.42749 18603.170166 19498.990479 408.529053 13894.883423 19323468.132156 34.476318 -66.368408 20327.028809 19414.233398 2132.387695 13810.126343 19526666.688648 -14.407959 -5.905762 11970.725098 18827.463379 -6223.916016 13223.356323 21359428.302098 -228.447266 129.281006 11467.814941 19017.175293 -6726.826172 13413.068237 22516058.988521 -72.043457 318.189697 11899.796143 19087.803955 -6294.844971 13483.696899 22143515.528045 -12.180176 176.78833
22031.259766 9625.703735 3914.326172 3991.032104 3125028.663891 -60.095215 -0.178223 16341.403809 9795.827637 -1775.529785 4161.156006 2046772.532308 -44.221191 130.380859 22911.05957 14534.753418 4794.125977 8900.081787 10219509.969639 73.747559 50.20874 15491.746826 13936.45752 -2625.186768 8301.785889 7581125.450602 -56.022949 93.051758 20896.70166 16090.749512 2779.768066 10456.077881 11705667.515361 135.300293 -172.108154 13669.841309 17610.581055 -4447.092285 11975.909424 16319903.632043 73.815918 4.449463 18523.232422 18401.774902 406.298828 12767.103271 16316400.468248 16.898193 -6.174316 18604.287109 19447.563477 487.353516 13812.891846 19103349.459028 1.116943 -51.427002 20204.086914 19353.547363 2087.15332 13718.875732 19256376.034413 -122.941895 -60.686035 11993.598633 18803.442383 -6123.334961 13168.770752 21091175.416134 22.873535 -24.020996 11597.841797 19113.039551 -6519.091797 13478.36792 22416495.964086 130.026855 95.864258 12231.52832 18944.724121 -5885.405273 13310.05249 21179549.25254 331.732178 -143.079834
22016.186523 9632.459717 3929.685059 4011.237793 3153245.329148 -15.073242 6.755981 16287.408447 9810.908813 -1799.093018 4189.68689 2079021.191919 -53.995361 15.081177 22885.834961 14492.199707 4799.333496 8870.977783 10172784.883681 -25.224609 -42.553711 15508.527832 14080.853271 -2577.973633 8459.631348 7821131.058972 16.781006 144.395752 20880.869141 16112.362061 2794.367676 10491.140137 11787251.207572 -15.83252 21.612549 13776.433105 17652.4646 -4310.068359 12031.242676 16332748.958603 106.591797 41.883545 18550.332031 18498.518066 463.830566 12877.296143 16603989.473799 27.099609 96.743164 18619.053955 19476.501465 532.55249 13855.279541 19225238.331454 14.766846 28.937988 20157.993164 19388.479004 2071.491699 13767.25708 19382844.536889 -46.09375 34.931641 12138.997803 18951.616211 -5947.503662 13330.394287 21307221.16606 145.39917 148.173828 11536.257324 19201.203613 -6550.244141 13579.981689 22732160.098767 -61.584473 88.164062 11978.970947 19286.672363 -6107.530518 13665.450439 22404646.47363 -252.557373 341.948242
22026.367188 9630.83252 4033.345947 3983.494263 3213610.607125 10.180664 -1.627197 16285.827637 9806.504517 -1707.193604 4159.16626 2021317.397626 -1.580811 -4.404297 22856.357422 14484.644775 4863.336182 8837.306519 10175002.531854 -29.477539 -7.554932 15526.114502 13977.233887 -2466.906738 8329.89563 7547279.006012 17.58667 -103.619385 20844.128418 16172.60498 2851.107178 10525.266724 11891005.174254 -36.740723 60.24292 13753.658447 17652.445068 -4239.362793 12005.106812 16209478.644649 -22.774658 -0.019531 18526.837158 18580.822754 533.815918 12933.484497 16755998.067023 -23.494873 82.304688 18614.057617 19478.504639 621.036377 13831.166382 19168684.966353 -4.996338 2.003174 20156.916504 19448.898926 2163.895264 13801.560669 19516551.961072 -1.07666 60.419922 12213.618164 18979.208984 -5779.403076 13331.870728 21114027.701268 74.620361 27.592773 11522.050781 19274.80957 -6470.970459 13627.471313 22758143.308068 -14.206543 73.605957 12179.759521 19373.935547 -5813.261719 13726.59729 22221348.497359 200.788574 87.263184
21965.566406 9629.938965 4022.457275 3958.983154 3185371.014835 -60.800781 -0.893555 16321.281738 9853.319092 -1621.827393 4182.363281 2012248.670767 35.454102 46.814575 22866.467285 14447.880859 4923.358154 8776.925049 10127386.882823 10.109863 -36.763916 15546.077881 14027.451172 -2397.03125 8356.495361 7557677.353738 19.963379 50.217285 20865.17334 16112.791748 2922.064209 10441.835938 11757039.698709 21.044922 -59.813232 13845.135498 17622.258301 -4097.973633 11951.30249 15962701.910831 91.477051 -30.186768 18523.808594 18509.091797 580.699463 12838.135986 16515494.746965 -3.028564 -71.730957 18640.029297 19495.394287 696.920166 13824.438477 19160079.691006 25.97168 16.889648 20224.04541 19384.875488 2280.936279 13713.919678 19327426.323756 67.128906 -64.023438 12166.358643 19068.50708 -5776.750488 13397.55127 21286522.622358 -47.259521 89.298096 11505.43335 19261.693115 -6437.675781 13590.737305 22615180.994952 -16.617432 -13.116455 12168.791504 19402.523193 -5774.317627 13731.567383 22189868.684566 -10.968018 28.587646
21960.969238 9627.833862 4083.604736 3903.922729 3191644.032041 -4.597168 -2.105103 16292.490234 9877.060547 -1584.874268 4153.149414 1976047.649956 -28.791504 23.741455 22821.774902 14496.746826 4944.4104 8772.835693 10140984.031017 -44.692383 48.865967 15540.379639 14055.98877 -2336.984863 8332.077637 7488501.599551 -5.698242 28.537598 20811.118164 16239.364014 2933.753662 10515.452881 11918165.983951 -54.055176 126.572266 13700.566406 17661.644287 -4176.798096 11937.733154 15995511.519547 -144.569092 39.385986 18473.875732 18490.177002 596.51123 12766.265869 16333336.988966 -49.932861 -18.914795 18545.404053 19533.480225 668.039551 13809.569092 19115047.534252 -94.625244 38.085938 20191.384277 19363.911133 2314.019775 13640.0 19140428.75209 -32.661133 -20.964355 12202.746582 18919.589844 -5674.61792 13195.678711 20632722.517939 36.387939 -148.917236 11526.290283 19226.124268 -6351.074219 13502.213135 22264590.326871 20.856934 -35.568848 12478.201904 19306.647949 -5399.162598 13582.736816 21364169.617969 309.4104 -95.875244
21938.210449 9650.540161 4112.246094 3892.930298 3206547.423949 -22.758789 22.706299 16263.132324 9929.926147 -1562.832031 4172.316284 1985066.713313 -29.35791 52.865601 22823.64502 14420.587158 4997.680664 8662.977295 10002398.763228 1.870117 -76.159668 15571.707764 14035.332031 -2254.256592 8277.722168 7360235.707174 31.328125 -20.656738 20892.717285 16112.680664 3066.75293 10355.070801 11663246.482094 81.599121 -126.68335 13724.412842 17786.520996 -4101.551514 12028.911133 16151742.78604 23.846436 124.876709 18496.569824 18495.554199 670.605469 12737.944336 16270493.760016 22.694092 5.377197 18601.621094 19476.070557 775.656738 13718.460693 18879780.717089 56.217041 -57.409668 20198.175049 19346.610107 2372.210693 13589.000244 19028831.120894 6.790771 -17.301025 12123.935547 18986.308594 -5702.028809 13228.69873 20751160.263554 -78.811035 66.71875 11418.929443 19248.544922 -6407.034912 13490.935059 22305542.512018 -107.36084 22.420654 12254.509277 19648.431396 -5571.455078 13890.821533 22399603.455486 -223.692627 341.783447
21881.23291 9632.592163 4068.17749 3901.365967 3177072.449893 -56.977539 -17.947998 16261.741943 9945.911255 -1551.313477 4214.685059 2017014.36457 -1.390381 15.985107 22829.501953 14502.70752 5016.446533 8771.481323 10210362.042447 5.856934 82.120361 15556.469727 14038.354492 -2256.585693 8307.128296 7410055.951599 -15.238037 3.022461 20802.399902 16203.831787 2989.344482 10472.605591 11861164.829547 -90.317383 91.151123 13826.062012 17610.209961 -3986.993408 11878.983765 15700637.171784 101.64917 -176.311035 18499.483643 18432.926025 686.428223 12701.699829 16180436.225346 2.913818 -62.628174 18622.011719 19492.269287 808.956299 13761.043091 19002071.724083 20.390625 16.19873 20158.050537 19434.60083 2344.995117 13703.374634 19328147.845361 -40.124512 87.990723 12240.239258 18835.789795 -5572.816162 13104.563599 20278586.708728 116.303711 -150.518799 11530.100098 18976.125488 -6282.955322 13244.899292 21490288.48366 111.170654 -272.419434 12483.234863 19136.031494 -5329.820557 13404.805298 20809579.22393 228.725586 -512.399902
21861.906738 9630.200806 4106.048584 3853.798828 3171140.03817 -19.326172 -2.391357 16226.719971 9951.600952 -1529.138184 4175.198975 1977055.00621 -35.021973 5.689697 22804.755859 14482.30957 5048.897705 8705.907593 10128419.505025 -24.746094 -20.397949 15576.546631 14043.365479 -2179.311523 8266.963501 7309208.424267 20.076904 5.010986 20828.884277 16174.984131 3073.026123 10398.582153 11757400.035228 26.484375 -28.847656 13750.141602 17792.241211 -4005.716553 12015.839233 16042615.758373 -75.92041 182.03125 18505.255127 18586.851807 749.396973 12810.449829 16466922.064655 5.771484 153.925781 18585.10498 19477.945557 829.246826 13701.543579 18841994.674874 -36.906738 -14.32373 20203.604736 19371.451416 2447.746582 13595.049438 19081683.256447 45.554199 -63.149414 12092.508545 18917.756348 -5663.349609 13141.35437 20476872.347901 -147.730713 81.966553 11371.381836 19039.963379 -6384.476318 13263.561401 21668359.890753 -158.718262 63.837891 12556.082764 19189.615479 -5199.775391 13413.213501 20695196.053573 72.8479 53.583984
21845.88623 9641.265259 4142.233887 3818.449707 3173865.973741 -16.020508 11.064453 16177.735596 9977.709961 -1525.916748 4154.894409 1959156.94734 -48.984375 26.109009 22769.599609 14473.103027 5065.947266 8650.287476 10049129.510837 -35.15625 -9.206543 15578.464355 14053.624268 -2125.187988 8230.808716 7226263.610196 1.917725 10.258789 20749.648438 16233.38623 3045.996094 10410.570679 11765807.405958 -79.23584 58.4021 13766.286621 17703.109131 -3937.365723 11880.293579 15664422.435959 16.14502 -89.13208 18482.124023 18550.441895 778.47168 12727.626343 16259849.047734 -23.131104 -36.409912 18626.173096 19497.188721 922.520752 13674.373169 18783952.610136 41.068115 19.243164 20162.355957 19430.266113 2458.703613 13607.450562 19120793.424227 -41.248779 58.814697 12082.299805 19116.993408 -5621.352539 13294.177856 20833476.924723 -10.20874 199.237061 11285.871582 18973.157959 -6417.780762 13150.342407 21411941.533279 -85.510254 -66.80542 12060.235596 19375.345459 -5643.416748 13552.529907 21551921.947841 -495.847168 185.72998
21810.322266 9624.335938 4146.945801 3788.046875 3154645.860181 -35.563965 -16.929321 16165.157471 9976.124878 -1498.218994 4139.835815 1938290.073312 -12.578125 -1.585083 22746.813965 14472.479248 5083.4375 8636.190186 10042511.773734 -22.785645 -0.623779 15573.413086 14091.293945 -2089.963379 8255.004883 7251305.254043 -5.05127 37.669678 20766.184082 16237.077637 3102.807617 10400.788574 11780381.807488 16.535645 3.691406 13892.834473 17788.011475 -3770.541992 11951.722412 15706065.553097 126.547852 84.902344 18538.686523 18675.170898 875.310059 12838.881836 16560305.449584 56.5625 124.729004 18634.160156 19554.515381 970.783691 13718.226318 18913215.429723 7.987061 57.32666 20255.070801 19432.147217 2591.694336 13595.858154 19156423.848269 92.714844 1.881104 12356.494141 19216.80542 -5306.882324 13380.516357 20720121.799434 274.194336 99.812012 11317.591553 18956.14502 -6345.784912 13119.855957 21239960.6484 31.719971 -17.012939 11646.826172 19207.861328 -6016.550293 13371.572266 21499782.228265 -413.409424 -167.484131
21761.630859 9611.608276 4136.600342 3814.819336 3166430.89536 -48.691406 -12.727661 16177.723389 9990.153809 -1447.307129 4193.364868 1967900.684294 12.565918 14.028931 22739.511719 14450.108643 5114.481201 8653.319702 10103785.982473 -7.302246 -22.370605 15541.710205 14099.726562 -2083.320312 8302.937622 7327899.668047 -31.702881 8.432617 20803.044434 16210.183105 3178.013916 10413.394165 11853855.048686 36.860352 -26.894531 13859.80835 17777.055664 -3765.222168 11980.266724 15770368.874355 -33.026123 -10.955811 18515.733643 18686.116943 890.703125 12889.328003 16692812.842399 -22.952881 10.946045 18616.470947 19535.163574 991.44043 13738.374634 18972589.170396 -17.689209 -19.351807 20220.992432 19373.300781 2595.961914 13576.511841 19106069.20232 -34.078369 -58.846436 12256.931152 19199.25415 -5368.099365 13402.46521 20844256.449924 -99.562988 -17.55127 11216.624756 18959.455566 -6408.405762 13162.666626 21432345.711343 -100.966797 3.310547 11895.921631 19225.826416 -5729.108887 13429.037476 21316173.615657 249.095459 17.965088
21744.733887 9582.085571 4141.184082 3783.500366 3146428.062239 -16.896973 -29.522705 16165.463867 10005.93689 -1438.085938 4207.351685 1976989.936129 -12.259521 15.783081 22754.27002 14449.58374 5150.720215 8650.998535 10136969.438688 14.758301 -0.524902 15513.100586 14180.357666 -2090.449219 8381.772461 7462408.75231 -28.609619 80.631104 20706.179199 16291.265869 3102.629395 10492.680664 11972265.66778 -96.865234 81.082764 13734.226074 17841.223145 -3869.32373 12042.637939 15999679.467192 -125.582275 64.16748 18520.948486 18717.631836 917.398682 12919.046631 16774338.619139 5.214844 31.514893 18595.963135 19522.017822 992.41333 13723.432617 18931748.70162 -20.507812 -13.145752 20287.77832 19402.703857 2684.228516 13604.118652 19227712.703114 66.785889 29.403076 12081.086426 19362.06665 -5522.463379 13563.481445 21446563.06887 -175.844727 162.8125 11023.166504 19401.380615 -6580.383301 13602.79541 22833748.735577 -193.458252 441.925049 11805.83252 19443.046875 -5797.717285 13644.46167 21978485.998057 -90.089111 217.220459
21704.626465 9593.610229 4143.62793 3768.770752 3137328.540046 -40.107422 11.524658 16188.426514 10052.86499 -1372.572021 4228.025513 1976015.369016 22.962646 46.928101 22735.039062 14450.435791 5174.040527 8625.596313 10117160.714166 -19.230957 0.852051 15510.026855 14235.351562 -2050.97168 8410.512085 7494319.836215 -3.07373 54.993896 20799.53125 16252.966309 3238.532715 10428.126831 11923392.334968 93.352051 -38.299561 13692.687988 17848.577881 -3868.310547 12023.738403 15953411.167854 -41.538086 7.354736 18519.555664 18804.666748 958.557129 12979.827271 16939474.77416 -1.392822 87.034912 18645.733643 19531.027832 1084.735107 13706.188354 18903624.946209 49.770508 9.01001 20237.906494 19449.001465 2676.907959 13624.161987 19278362.607719 -49.871826 46.297607 12225.917969 19375.834961 -5335.080566 13550.995483 21209256.324113 144.831543 13.768311 11181.400146 19365.407715 -6379.598389 13540.568237 22404626.378985 158.233643 -35.9729 11481.851807 19262.944336 -6079.146729 13438.104858 21753868.713213 -323.980713 -180.102539
21746.452637 9607.963257 4184.805908 3800.67688 3195774.523461 41.826172 14.353027 16174.355469 10021.772461 -1387.29126 4214.486084 1968646.999152 -14.071045 -31.092529 22711.269531 14450.827637 5149.622803 8643.54126 10122942.051971 -23.769531 0.391846 15497.965088 14289.202881 -2063.681641 8481.916504 7620168.949309 -12.061768 53.851318 20792.375488 16207.327881 3230.72876 10400.041504 11859847.160215 -7.155762 -45.638428 13631.804199 17869.770508 -3929.842529 12062.484131 16094718.57123 -60.883789 21.192627 18529.274902 18708.201904 967.628174 12900.915527 16736992.572645 9.719238 -96.464844 18695.869141 19535.313721 1134.222412 13728.027344 18974519.523088 50.135498 4.285889 20285.650635 19475.333252 2724.003906 13668.046875 19423570.265846 47.744141 26.331787 12148.881836 19331.936035 -5412.764893 13524.649658 21221417.215946 -77.036133 -43.898926 11140.418701 19369.133301 -6421.228027 13561.846924 22515586.136449 -40.981445 3.725586 11894.572754 19303.204346 -5667.073975 13495.917969 21425552.925292 412.720947 40.26001
21683.305664 9591.661377 4145.422363 3747.318115 3122691.962676 -63.146973 -16.30188 16120.368652 10013.115234 -1417.514648 4168.771973 1938800.753854 -53.986816 -8.657227 22708.613281 14446.149902 5170.72998 8601.806641 10072752.601362 -2.65625 -4.677734 15536.330566 14288.083496 -2001.552734 8443.740234 7530296.249409 38.365479 -1.119385 20737.094727 16292.126465 3199.211426 10447.783203 11939112.760635 -55.280762 84.798584 13668.011475 17917.911377 -3869.871826 12073.568115 16074695.49842 36.207275 48.140869 18518.642578 18687.474365 980.759277 12843.131104 16590790.530219 -10.632324 -20.727539 18646.848145 19566.483154 1108.964844 13722.139893 18952692.625616 -49.020996 31.169434 20249.943848 19440.683594 2712.060547 13596.340332 19221574.283434 -35.706787 -34.649658 12166.295166 19300.411377 -5371.588135 13456.068115 20991972.821138 17.41333 -31.524658 11268.851318 19400.9729 -6269.031982 13556.629639 22308296.915675 128.432617 31.8396 11853.590088 19333.643799 -5684.293213 13489.300537 21427241.831057 -40.982666 30.439453
21678.625488 9592.765503 4158.03833 3757.770996 3141012.561348 -4.680176 1.104126 16081.669922 10037.063599 -1438.917236 4202.069092 1972786.746524 -38.69873 23.948364 22723.920898 14416.951904 5203.33374 8581.957397 10072467.47841 15.307617 -29.197998 15527.138672 14272.5 -1993.448486 8437.505493 7516533.581482 -9.191895 -15.583496 20745.910645 16261.263428 3225.323486 10426.268921 11910979.520235 8.815918 -30.863037 13683.668213 17923.798828 -3836.918945 12088.804321 16086113.691132 15.656738 5.887451 18547.471924 18731.231689 1026.884766 12896.237183 16736742.579219 28.829346 43.757324 18679.931641 19555.401611 1159.344482 13720.407104 18959365.074192 33.083496 -11.081543 20260.435791 19432.2229 2739.848633 13597.228394 19239139.051721 10.491943 -8.460693 12091.478271 19359.974365 -5429.108887 13524.979858 21240030.347393 -74.816895 59.562988 11270.568848 19398.586426 -6250.018311 13563.591919 22303375.462585 1.717529 -2.386475 11866.291504 19358.843994 -5654.295654 13523.849487 21486556.430147 12.701416 25.200195
21669.626465 9569.158936 4181.136475 3718.449707 3130877.044303 -8.999023 -23.606567 16076.048584 10017.316284 -1412.441406 4166.607056 1935560.50824 -5.621338 -19.747314 22680.927734 14399.462891 5192.437744 8548.753662 10004259.89022 -42.993164 -17.489014 15519.816895 14317.485352 -1968.673096 8466.776123 7556197.167554 -7.321777 44.985352 20745.483398 16319.703369 3256.993408 10468.994141 12020784.437752 -0.427246 58.439941 13639.714355 17900.888672 -3848.775635 12050.179443 16001989.850393 -43.953857 -22.910156 18504.036865 18600.407715 1015.546875 12749.698486 16358614.69476 -43.435059 -130.823975 18651.749268 19499.996338 1163.259277 13649.287109 18765621.074048 -28.182373 -55.405273 20252.391357 19428.620605 2763.901367 13577.911377 19199882.812793 -8.044434 -3.602295 12131.577148 19336.61377 -5356.912842 13485.904541 21056613.648399 40.098877 -23.360596 11266.860352 19357.147217 -6221.629639 13506.437988 22113254.249209 -3.708496 -41.439209 11905.531006 19339.637451 -5582.958984 13488.928223 21312061.561719 39.239502 -19.206543
21683.010254 9585.362549 4185.211182 3765.259399 3169317.097981 13.383789 16.203613 16089.150391 10048.009033 -1408.648682 4227.905884 1985947.927047 13.101807 30.692749 22671.401367 14471.535645 5173.602295 8651.432495 10161344.492359 -9.526367 72.072754 15507.158203 14244.445801 -1990.640869 8424.342651 7493220.017754 -12.658691 -73.039551 20746.472168 16264.991455 3248.673096 10444.888306 11964956.860054 0.98877 -54.711914 13735.81543 17967.06543 -3761.983643 12146.96228 16170121.356541 96.101074 66.176758 18558.023682 18817.336426 1060.224609 12997.233276 17005214.906263 53.986816 216.928711 18659.488525 19571.118164 1161.689453 13751.015015 19043993.631859 7.739258 71.121826 20296.38916 19527.537842 2798.590088 13707.434692 19572587.232598 43.997803 98.917236 12118.444824 19340.316162 -5379.354248 13520.213013 21173361.203464 -13.132324 3.702393 11310.599365 19401.002197 -6187.199707 13580.899048 22272225.916262 43.739014 43.85498 11926.917725 19334.294434 -5570.881348 13514.191284 21366808.505506 21.386719 -5.343018
21661.193848 9603.221436 4119.993896 3768.161011 3117338.710995 -21.816406 17.858887 16090.710449 10030.609131 -1450.489502 4195.548706 1970654.874015 1.560059 -17.399902 22662.595215 14445.102539 5121.395264 8610.042114 10036151.465605 -8.806152 -26.433105 15430.091553 14408.033447 -2111.108398 8572.973022 7795264.51138 -77.06665 163.587646 20724.963379 16263.282471 3183.763428 10428.222046 11888416.460234 -21.508789 -1.708984 13711.358643 17943.540039 -3829.841309 12108.479614 16128296.301791 -24.456787 -23.525391 18564.910889 18849.481201 1023.710938 13014.420776 17042313.22279 6.887207 32.144775 18653.972168 19593.907471 1112.772217 13758.847046 19054413.40389 -5.516357 22.789307 20306.654053 19535.98999 2765.454102 13700.929565 19536320.734471 10.264893 8.452148 12229.49707 19355.047607 -5311.702881 13519.987183 21100424.091266 111.052246 14.731445 11352.307129 19417.180176 -6188.892822 13582.119751 22277637.129536 41.707764 16.177979 11479.954834 19475.689697 -6061.245117 13640.629272 22280545.931935 -446.962891 141.395264
21663.88916 9611.486206 4137.000732 3763.4375 3127823.687647 2.695312 8.264771 16117.669678 9993.641357 -1409.21875 4145.592651 1917183.591642 26.959229 -36.967773 22700.559082 14400.559082 5173.670654 8552.510376 9991230.177032 37.963867 -44.543457 15435.438232 14398.328857 -2091.450195 8550.280151 7748145.458634 5.34668 -9.70459 20765.546875 16252.121582 3238.658447 10404.072876 11873364.094668 40.583496 -11.160889 13734.066162 17884.975586 -3792.822266 12036.92688 15927310.945027 22.70752 -58.564453 18501.893311 18648.054199 975.004883 12800.005493 16479077.514654 -63.017578 -201.427002 18713.216553 19630.024414 1186.328125 13781.975708 19135022.883628 59.244385 36.116943 20202.042236 19536.359863 2675.153809 13688.311157 19452631.023669 -104.611816 0.369873 12190.230713 19379.541016 -5336.657715 13531.49231 21158119.968936 -39.266357 24.493408 11449.56543 19369.136963 -6077.322998 13521.088257 21975368.247174 97.258301 -48.043213 11444.686279 19313.842773 -6082.202148 13465.794067 21832079.283962 -35.268555 -161.846924
21673.195801 9598.346558 4136.346436 3760.707397 3125228.196418 9.306641 -13.139648 16070.560303 10024.862671 -1466.289062 4187.223511 1968284.434372 -47.109375 31.221313 22683.037109 14477.186279 5146.187744 8639.547119 10112502.272179 -17.521973 76.627197 15412.059326 14457.44751 -2124.790039 8619.80835 7881582.869409 -23.378906 59.118652 20720.830078 16268.050537 3183.980713 10430.411377 11893121.467253 -44.716797 15.928955 13723.92334 17979.887695 -3812.926025 12142.248535 16197260.436461 -10.142822 94.912109 18584.075928 18777.458496 1047.226562 12939.819336 16853560.791991 82.182617 129.404297 18712.593994 19562.493896 1175.744629 13724.854736 18975401.296571 -0.622559 -67.530518 20366.019287 19488.487549 2829.169922 13650.848389 19434986.417735 163.977051 -47.872314 12081.008301 19291.005859 -5455.841064 13453.366699 21075927.726422 -109.222412 -88.535156 11370.297852 19359.122314 -6166.551514 13521.483154 22085686.42627 -79.267578 -10.014648 11743.431396 19360.039062 -5793.417969 13522.399902 21641899.087954 298.745117 46.196289
21656.555176 9606.239624 4114.453125 3763.109131 3108971.484858 -16.640625 7.893066 16103.529053 10000.532837 -1438.572998 4157.402344 1935348.651853 32.96875 -24.329834 22690.732422 14393.209229 5148.630371 8550.078735 9961224.107886 7.695312 -83.977051 15459.398193 14318.87207 -2082.703857 8475.741577 7617585.064032 47.338867 -138.575439 20794.272461 16225.535889 3252.17041 10382.405396 11837095.417337 73.442383 -42.514648 13789.561768 17883.572998 -3752.540283 12040.442505 15905381.429045 65.638428 -96.314697 18571.477051 18707.186279 1029.375 12864.055786 16654354.415936 -12.598877 -70.272217 18749.692383 19594.802246 1207.590332 13751.671753 19056675.041034 37.098389 32.30835 20282.792969 19543.00293 2740.690918 13699.872437 19519789.148485 -83.226318 54.515381 12216.239014 19338.903809 -5325.863037 13495.773315 21050071.447151 135.230713 47.897949 11443.398438 19355.435791 -6098.703613 13512.305298 21977658.0225 73.100586 -3.686523 11721.719971 19309.326172 -5820.38208 13466.195679 21521527.361543 -21.711426 -50.712891
21670.134277 9613.657837 4115.444336 3771.924438 3116429.605178 13.579102 7.418213 16104.464111 9996.68335 -1450.22583 4154.949951 1936676.405497 0.935059 -3.849487 22675.627441 14444.083252 5120.9375 8602.349854 10022442.388119 -15.10498 50.874023 15454.769287 14354.614258 -2099.920654 8512.880859 7687880.728026 -4.628906 35.742188 20733.356934 16300.621338 3178.666992 10458.887939 11949226.077726 -60.915527 75.085449 13749.199219 17901.604004 -3805.490723 12059.870605 15992223.866087 -40.362549 18.031006 18581.983643 18762.579346 1027.293701 12920.845947 16800359.234144 10.506592 55.393066 18748.935547 19549.520264 1194.245605 13707.786865 18932964.330887 -0.756836 -45.281982 20303.770752 19556.206055 2749.080811 13714.472656 19564420.554195 20.977783 13.203125 12312.420654 19338.238525 -5242.269287 13496.505127 20963703.792044 96.181641 -0.665283 11453.922119 19371.695557 -6100.767822 13529.962158 22027924.40236 10.523682 16.259766 11455.155029 19290.111084 -6099.534912 13448.377686 21806318.851716 -266.564941 -19.215088
21667.341309 9621.399536 4126.965332 3786.876221 3137227.436271 -2.792969 7.741699 16090.079346 9970.76355 -1450.296631 4136.240234 1921184.359394 -14.384766 -25.9198 22699.033203 14402.88208 5158.657227 8568.358765 10002851.630089 23.405762 -41.201172 15506.23291 14256.500244 -2034.143066 8421.976929 7506743.340235 51.463623 -98.114014 20760.524902 16269.80957 3220.148926 10435.286255 11926455.832556 27.167969 -30.811768 13761.162109 17888.492432 -3779.213867 12053.969116 15958062.890851 11.962891 -13.111572 18552.559814 18758.928223 1012.183838 12924.404907 16806475.832763 -29.423828 -3.651123 18708.984375 19639.530029 1168.608398 13805.006714 19194385.595882 -39.951172 90.009766 20283.416748 19541.549072 2743.040771 13707.025757 19540682.777259 -20.354004 -14.656982 12137.270508 19381.577148 -5403.105469 13547.053833 21271621.626085 -175.150146 43.338623 11424.14917 19387.473145 -6116.226807 13552.949829 22109067.942041 -29.772949 15.777588 11545.668945 19350.281982 -5994.707031 13515.758667 21861224.473489 90.513916 60.170898
21648.017578 9583.777466 4123.808594 3769.986572 3121859.607295 -19.32373 -37.62207 16074.455566 10015.109863 -1449.753418 4201.31897 1975286.60583 -15.623779 44.346313 22710.778809 14409.98291 5186.569824 8596.192017 10079502.372778 11.745605 7.10083 15502.958984 14253.566895 -2021.25 8439.776001 7531527.050916 -3.273926 -2.93335 20799.291992 16236.228027 3275.083008 10422.437134 11935336.451585 38.76709 -33.581543 13745.922852 17913.57666 -3778.286133 12099.785767 16068026.169906 -15.239258 25.084229 18589.32373 18663.381348 1065.114746 12849.590454 16624644.426048 36.763916 -95.546875 18730.744629 19514.743652 1206.535645 13700.952759 18917183.476009 21.760254 -124.786377 20303.69751 19408.278809 2779.488525 13594.487915 19253565.813492 20.280762 -133.270264 12014.979248 19277.043457 -5509.229736 13463.252563 21161078.18756 -122.29126 -104.533691 11356.44165 19482.258301 -6167.767334 13668.467407 22486835.514858 -67.70752 94.785156 12418.466797 19490.710449 -5105.742188 13676.919556 21312673.181732 872.797852 140.428467
21662.744141 9596.234131 4118.521729 3789.642334 3132361.024778 14.726562 12.456665 16085.810547 10008.882446 -1458.411865 4202.290649 1978621.187081 11.35498 -6.227417 22676.071777 14452.042236 5131.849365 8645.450439 10107969.12085 -34.707031 42.059326 15492.271729 14333.978271 -2051.950684 8527.386475 7692682.169525 -10.687256 80.411377 20738.059082 16312.911377 3193.83667 10506.31958 12058334.379287 -61.23291 76.68335 13782.775879 17930.914307 -3761.446533 12124.32251 16114767.634296 36.853027 17.337646 18578.167725 18735.632324 1033.945312 12929.040527 16822913.186694 -11.156006 72.250977 18727.41333 19561.401367 1183.190918 13754.80957 19059472.706392 -3.331299 46.657715 20301.719971 19468.959961 2757.497559 13662.368164 19426409.663604 -1.977539 60.681152 12109.431152 19347.23999 -5434.79126 13540.648193 21288610.953355 94.451904 70.196533 11378.521729 19443.807373 -6165.700684 13637.215576 22398951.359065 22.080078 -38.450928 12066.838379 19400.803223 -5477.384033 13594.211426 21480432.013603 -351.628418 -89.907227
21655.12207 9585.9198 4098.293457 3787.175293 3113870.595962 -7.62207 -10.314331 16088.096924 10048.154297 -1468.731689 4249.40979 2021465.633928 2.286377 39.271851 22729.841309 14390.262451 5173.012695 8591.517944 10057424.093371 53.769531 -61.779785 15453.725586 14452.226562 -2103.103027 8653.482056 7930579.403132 -38.546143 118.248291 20790.673828 16259.951172 3233.845215 10461.206665 11989459.976223 52.614746 -52.960205 13669.750977 17932.004395 -3887.077637 12133.259888 16232536.805624 -113.024902 1.090088 18621.231689 18705.935059 1064.403076 12907.190552 16772852.184795 43.063965 -29.697266 18757.614746 19554.549561 1200.786133 13755.805054 19066406.001245 30.201416 -6.851807 20323.099365 19391.884766 2766.270752 13593.140259 19242571.596822 21.379395 -77.075195 12013.87085 19385.881348 -5542.957764 13587.136841 21533466.830103 -95.560303 38.641357 11299.086914 19456.040039 -6257.741699 13657.295532 22568105.242872 -79.434814 12.232666 12092.644043 19425.074463 -5464.18457 13626.329956 21553418.108971 25.805664 24.27124
21654.25293 9579.700928 4112.366943 3789.138184 3126913.00512 -0.869141 -6.218872 16086.553955 10014.274902 -1455.332031 4223.712158 1995773.571654 -1.542969 -33.879395 22711.481934 14437.174072 5169.595947 8646.611328 10148860.971764 -18.359375 46.911621 15474.071045 14361.159668 -2067.814941 8570.596924 7773099.026264 20.345459 -91.066895 20778.012695 16296.988525 3236.126709 10506.425781 12085749.877352 -12.661133 37.037354 13670.893555 17915.693359 -3870.992432 12125.130615 16200337.484231 1.142578 -16.311035 18582.01416 18673.015137 1040.128174 12882.452393 16703944.626503 -39.217529 -32.919922 18727.385254 19553.516846 1185.499268 13762.954102 19082431.411514 -30.229492 -1.032715 20314.256592 19473.465576 2772.370605 13682.902832 19490786.868488 -8.842773 81.580811 12068.151855 19397.875977 -5473.734131 13607.313232 21512073.874058 54.281006 11.994629 11347.999268 19420.797119 -6193.886719 13630.234375 22414752.180214 48.912354 -35.24292 11899.63501 19382.268066 -5642.250977 13591.705322 21656944.964982 -193.009033 -42.806396
21660.195312 9583.352661 4089.002686 3791.008301 3109168.6899 5.942383 3.651733 16096.789551 10035.164795 -1474.403076 4242.820435 2017538.967103 10.235596 20.889893 22711.508789 14424.526367 5140.316162 8632.182007 10093741.644558 0.026855 -12.647705 15432.943115 14399.206543 -2138.249512 8606.862183 7865018.760493 -41.12793 38.046875 20746.987305 16286.525879 3175.794678 10494.181519 12021351.75795 -31.025391 -10.462646 13633.215332 17910.736084 -3937.977295 12118.391724 16236308.314273 -37.678223 -4.957275 18611.984863 18737.364502 1040.792236 12945.020142 16865679.494567 29.970703 64.349365 18785.302734 19535.115967 1214.110107 13742.771606 19033783.477986 57.91748 -18.400879 20331.741943 19436.298828 2760.549316 13643.954468 19377812.604699 17.485352 -37.166748 11972.901611 19380.118408 -5598.291016 13587.774048 21596846.58711 -95.250244 -17.757568 11343.099365 19449.676514 -6228.093262 13657.332153 22531186.722278 -4.899902 28.879395 11982.672119 19425.112305 -5588.520508 13632.767944 21708392.329035 83.037109 42.844238
21686.757812 9610.960693 4090.19043 3801.785889 3118323.369441 26.5625 27.608032 16103.469238 10022.902832 -1493.098145 4213.728027 1998484.595762 6.679688 -12.261963 22680.065918 14461.021729 5083.498535 8651.846924 10069641.255029 -31.442871 36.495361 15475.413818 14366.166992 -2121.153564 8556.992188 7772140.774093 42.470703 -33.039551 20746.357422 16305.79834 3149.790039 10496.623535 12010028.292897 -0.629883 19.272461 13749.802246 17965.751953 -3846.765137 12156.577148 16257996.998299 116.586914 55.015869 18542.734375 18679.916992 946.166992 12870.742188 16655123.64342 -69.250488 -57.44751 18733.085938 19544.73999 1136.518555 13735.565186 18995742.539156 -52.216797 9.624023 20373.07373 19538.410645 2776.506348 13729.23584 19620090.424463 41.331787 102.111816 12075.246582 19393.486328 -5521.320801 13584.311523 21501850.295094 102.344971 13.36792 11432.833252 19404.293213 -6163.734131 13595.118408 22281886.296898 89.733887 -45.383301 11650.963135 19295.054932 -5945.604248 13485.880127 21721917.267294 -331.708984 -130.057373
21697.280273 9626.641846 4109.508057 3812.440796 3142276.128982 10.522461 15.681152 16099.318848 9989.237671 -1488.453369 4175.036621 1964642.421958 -4.150391 -33.665161 22715.378418 14446.557617 5127.606201 8632.356567 10080992.526073 35.3125 -14.464111 15448.100586 14315.78125 -2139.671631 8501.5802 7685506.058826 -27.313232 -50.385742 20752.067871 16256.171875 3164.295654 10441.970825 11904752.170203 5.710449 -49.626465 13783.930664 17894.525146 -3803.841553 12080.324097 16040344.083913 34.128418 -71.226807 18598.781738 18759.09668 1011.009521 12944.89563 16859246.312109 56.047363 79.179688 18716.676025 19591.829834 1128.903809 13777.628784 19109747.872371 -16.409912 47.089844 20236.756592 19545.595703 2648.984375 13731.394653 19556831.734423 -136.317139 7.185059 12019.073486 19385.384521 -5568.69873 13571.183472 21518742.637272 -56.173096 -8.101807 11373.450928 19401.206055 -6214.321289 13587.005005 22322449.408641 -59.382324 -3.087158 12040.671387 19331.033936 -5547.10083 13516.832886 21347509.888013 389.708252 35.979004
21712.028809 9589.719849 4148.017578 3813.405151 3174810.867691 14.748535 -36.921997 16089.067383 10011.222534 -1474.943848 4234.907837 2010990.37409 -10.251465 21.984863 22679.958496 14486.699219 5115.947266 8710.384521 10204371.493677 -35.419922 40.141602 15443.010254 14413.85498 -2121.000977 8637.540283 7910574.728654 -5.090332 98.07373 20720.783691 16305.053711 3156.772461 10528.739014 12081955.758815 -31.28418 48.881836 13778.248291 17986.64917 -3785.762939 12210.334473 16342426.896787 -5.682373 92.124023 18531.988525 18617.108154 967.977295 12840.793457 16582295.664962 -66.793213 -141.988525 18717.427979 19490.895996 1153.416748 13714.581299 18942011.039684 0.751953 -100.933838 20301.367188 19455.692139 2737.355957 13679.377441 19461848.481995 64.610596 -89.903564 12035.743408 19332.608643 -5528.267822 13556.293945 21433485.064641 16.669922 -52.775879 11286.029053 19550.2771 -6277.982178 13773.962402 22913510.048513 -87.421875 149.071045 12527.1521 19502.928467 -5036.859131 13726.61377 21378987.548201 486.480713 171.894531
21676.345215 9605.457153 4070.313721 3844.175415 3134513.840653 -35.683594 15.737305 16104.853516 10033.540649 -1501.177979 4272.258911 2050573.152693 15.786133 22.318115 22706.835938 14426.237793 5100.804443 8664.956055 10109966.939906 26.877441 -60.461426 15393.54248 14473.028564 -2212.489014 8711.746826 8078964.039893 -49.467773 59.173584 20746.135254 16359.304199 3140.10376 10598.022461 12217833.170463 25.351562 54.250488 13749.078369 17993.582764 -3856.953125 12232.301025 16450527.578422 -29.169922 6.933594 18541.352539 18699.182129 935.321045 12937.900391 16826409.197481 9.364014 82.073975 18687.392578 19556.936035 1081.361084 13795.654297 19148941.927284 -30.0354 66.040039 20303.094482 19413.171387 2697.062988 13651.889648 19364823.973587 1.727295 -42.520752 12080.596924 19399.780273 -5525.43457 13638.498535 21653906.948426 44.853516 67.171631 11369.498291 19451.5979 -6236.533203 13690.316162 22631910.301219 83.469238 -98.679199 12160.786133 19426.994629 -5445.245361 13665.712891 21640240.585406 -366.365967 -75.933838
21688.73291 9583.4021 4093.804932 3798.329468 3118654.556408 12.387695 -22.055054 16086.020508 10014.084473 -1508.907471 4229.011841 2016134.290494 -18.833008 -19.456177 22673.28125 14448.232422 5078.353271 8663.15979 10084000.949775 -33.554688 21.994629 15451.583252 14394.138184 -2143.344727 8609.065552 7870993.629135 58.040771 -78.890381 20720.805664 16409.196777 3125.877686 10624.124146 12264312.516416 -25.32959 49.892578 13783.258057 17927.188721 -3811.669922 12142.116089 16195981.070885 34.179688 -66.394043 18555.944824 18737.943115 961.016846 12952.870483 16870040.713742 14.592285 38.760986 18689.990234 19539.365234 1095.062256 13754.292603 19037972.634047 2.597656 -17.570801 20322.387695 19441.30127 2727.459717 13656.228638 19393161.711176 19.293213 28.129883 12082.486572 19354.523926 -5512.441406 13569.451294 21451701.867609 1.889648 -45.256348 11352.075195 19460.474854 -6242.852783 13675.402222 22598983.679747 -17.423096 8.876953 12039.924316 19398.747559 -5555.003662 13613.674927 21619021.069748 -120.861816 -28.24707
21684.348145 9588.971558 4086.474609 3829.520264 3136450.018294 -4.384766 5.569458 16110.384521 10009.578857 -1487.489014 4250.127563 2027620.787162 24.364014 -4.505615 22671.442871 14453.044434 5073.569336 8693.59314 10131966.748431 -1.838379 4.812012 15407.479248 14457.017822 -2190.394287 8697.566528 8044549.064756 -44.104004 62.879639 20727.17041 16320.015869 3129.296875 10560.564575 12131802.307875 6.364746 -89.180908 13731.204834 18014.532471 -3866.668701 12255.081177 16513814.149355 -52.053223 87.34375 18545.476074 18629.287109 947.602539 12869.835815 16653062.448815 -10.46875 -108.656006 18732.962646 19545.0 1135.089111 13785.548706 19132978.041766 42.972412 5.634766 20340.766602 19491.516113 2742.893066 13732.064819 19609306.657618 18.378906 50.214844 12130.24292 19395.904541 -5467.630615 13636.453247 21584784.170418 47.756348 41.380615 11393.034668 19421.019287 -6204.838867 13661.567993 22513846.539961 40.959473 -39.455566 11512.984619 19317.901611 -6084.888916 13558.450317 22085744.812919 -526.939697 -80.845947
21690.490723 9602.145386 4082.806396 3868.102417 3163152.437951 6.142578 13.173828 16088.006592 10039.257812 -1519.677734 4305.214844 2084429.52672 -22.37793 29.678955 22709.382324 14446.358643 5101.697998 8712.315674 10193176.686371 37.939453 -6.685791 15452.724609 14400.184326 -2154.959717 8666.141357 7974585.740784 45.245361 -56.833496 20767.084961 16268.157959 3159.400635 10534.11499 12094939.099844 39.914551 -51.85791 13826.350098 17969.650879 -3781.334229 12235.60791 16400858.947882 95.145264 -44.881592 18552.689209 18722.199707 945.004883 12988.156738 16958524.96867 7.213135 92.912598 18683.09082 19497.105713 1075.406494 13763.062744 19057839.522679 -49.871826 -47.894287 20345.893555 19492.8125 2738.209229 13758.769531 19680152.879318 5.126953 1.296387 12195.119629 19365.646973 -5412.564697 13631.604004 21511648.43214 64.876709 -30.257568 11484.691162 19371.481934 -6122.993164 13637.438965 22347078.680699 91.656494 -49.537354 11620.74707 19247.689209 -5986.937256 13513.64624 21846205.24118 107.762451 -70.212402
21688.07373 9593.07312 4092.225342 3831.052246 3142326.956034 -2.416992 -9.072266 16095.601807 10003.932495 -1500.246582 4241.911621 2024455.400807 7.595215 -35.325317 22691.650391 14441.765137 5095.802002 8679.744263 10130515.85089 -17.731934 -4.593506 15446.778564 14376.856689 -2149.069824 8614.835815 7883389.723618 -5.946045 -23.327637 20774.951172 16344.442139 3179.102783 10582.421265 12209433.432865 7.866211 76.28418 13818.173828 17950.158691 -3777.674561 12188.137817 16282152.854092 -8.17627 -19.492188 18564.752197 18719.544678 968.903809 12957.523804 16883619.771404 12.062988 -2.655029 18661.474609 19529.006348 1065.626221 13766.985474 19066544.827347 -21.616211 31.900635 20336.177979 19413.378906 2740.32959 13651.358032 19386898.238501 -9.715576 -79.433594 12077.867432 19321.968994 -5517.980957 13559.94812 21432030.686243 -117.252197 -43.677979 11373.720703 19446.851807 -6222.127686 13684.830933 22598947.058957 -110.970459 75.369873 12021.704102 19393.873291 -5574.144287 13631.852417 21689848.485217 400.957031 146.184082
]