alphapose_01-19-21_Elli_4KDepth.lion_above_orange_bed.0000000008 [ 22285.478516 9861.079102 2338.112793 3533.043213 1794916.57768 0.0 0.0 0.712606 0.182988 29.790783 5.462243 17118.382568 9921.699219 -2828.983154 3593.66333 2091756.181724 0.0 0.0 1.21297 0.121528 39.0892 0.812325 23306.894531 13589.609375 3359.528809 7261.573486 6401688.331311 0.0 0.0 0.004798 0.031522 0.042966 7.980692 16095.12085 13842.358398 -3852.244873 7514.32251 7130483.334269 0.0 0.0 0.112377 0.040508 8.169272 1.467437 25718.979492 16665.623779 5771.61377 10337.587891 14017724.890104 0.0 0.0 0.06326 0.029407 19.421979 18.614808 16822.185059 15695.384521 -3125.180664 9367.348633 9751397.459168 0.0 0.0 -0.314328 0.03323 9.959621 5.147917 26658.996582 18342.752686 6711.630859 12014.716797 18939940.850163 0.0 0.0 0.044067 0.02581 18.50698 20.022737 27711.159668 18202.658691 7763.793945 11874.622803 20128316.313249 0.0 0.0 0.037108 0.025198 18.562423 19.752571 26945.961914 18114.544678 6998.596191 11786.508789 18790213.808501 0.0 0.0 0.039437 0.025841 17.2417 20.081278 18333.71582 16834.803467 -1613.649902 10506.767578 11299603.094807 0.0 0.0 -0.1429 0.026286 12.80309 4.967751 17843.334961 17063.195801 -2104.030762 10735.159912 11967060.378482 0.0 0.0 -0.102514 0.024093 13.765513 4.318446 16347.568359 17478.817139 -3599.797363 11150.78125 13729846.354204 0.0 0.0 -0.072235 0.025149 11.431822 4.879278
22295.905762 9856.481323 2376.490479 3523.601685 1806347.582598 10.427246 -4.597778 0.73038 0.180169 31.29542 5.295271 17090.72998 9974.049072 -2828.685303 3641.169434 2125957.538604 -27.652588 52.349854 1.108887 0.216705 32.668665 2.58297 23335.773926 13595.296631 3416.358643 7262.416992 6441420.694313 28.879395 5.687256 0.006345 0.031593 0.075147 8.016588 16108.366699 13856.176758 -3811.048584 7523.297119 7112409.085236 13.24585 13.818359 0.114425 0.042053 8.46969 1.581523 25718.759766 16681.072998 5799.344482 10348.193359 14071750.222881 -0.219727 15.449219 0.063255 0.029478 19.419199 18.705781 16810.109863 15679.359131 -3109.30542 9346.479492 9702445.909224 -12.075195 -16.025391 -0.326307 0.032886 10.733201 5.041964 26666.889648 18359.827881 6747.474365 12026.948242 19017589.432975 7.893066 17.075195 0.04415 0.025867 18.57661 20.110977 27692.060547 18167.299805 7772.645264 11834.420166 20046751.506068 -19.099121 -35.358887 0.036966 0.025084 18.420948 19.574781 26974.299316 18145.307617 7054.884033 11812.427979 18930484.346956 28.337402 30.762939 0.039692 0.025943 17.465932 20.240583 18352.382812 16817.731934 -1567.032471 10484.852295 11238771.841057 18.666992 -17.071533 -0.139923 0.026049 12.275146 4.878406 17896.373291 17049.980469 -2023.041992 10717.10083 11894894.910422 53.03833 -13.215332 -0.098464 0.023916 12.69956 4.255001 16386.5625 17464.029541 -3532.852783 11131.149902 13638354.693623 38.994141 -14.787598 -0.070455 0.024957 10.875417 4.805183
22280.073242 9864.123535 2352.089844 3545.490723 1810283.109751 -15.83252 7.642212 0.703392 0.184854 29.025397 5.57423 17128.745117 9931.231079 -2799.238281 3612.598267 2088660.119107 38.015137 -42.817993 1.251974 0.138858 41.643511 1.060521 23303.747559 13596.64917 3375.76416 7278.016357 6436530.57639 -32.026367 1.352539 0.004629 0.03161 0.039999 8.025136 16117.850342 13851.827393 -3810.133057 7533.19458 7126613.449062 9.483643 -4.349365 0.115891 0.041567 8.688113 1.545153 25737.365723 16691.312256 5809.382324 10372.679443 14134140.182364 18.605957 10.239258 0.063639 0.029526 19.655297 18.766197 16797.322998 15695.843506 -3130.6604 9377.210693 9773311.493023 -12.786865 16.484375 -0.338992 0.03324 11.58391 5.150968 26675.402832 18370.803223 6747.419434 12052.17041 19078248.060828 8.513184 10.975342 0.044239 0.025904 18.651857 20.167798 27690.959473 18162.353516 7762.976074 11843.720703 20053751.762252 -1.101074 -4.946289 0.036958 0.025068 18.412809 19.549975 26952.189941 18192.456055 7024.206543 11873.823242 19032715.5945 -22.109375 47.148438 0.039493 0.0261 17.290858 20.485962 18334.188232 16820.441895 -1593.795166 10501.809082 11282817.702665 -18.19458 2.709961 -0.142825 0.026087 12.789592 4.892535 17908.564453 17041.806641 -2019.418945 10723.173828 11906450.982487 12.191162 -8.173828 -0.097534 0.023806 12.460615 4.215995 16394.852295 17476.865234 -3533.131104 11158.232422 13698916.617521 8.289795 12.835693 -0.070076 0.025123 10.758919 4.869465
22302.744141 9869.232178 2349.926758 3539.065552 1804714.074672 22.670898 5.108643 0.742037 0.187986 32.302314 5.764701 17122.139893 9946.752319 -2830.67749 3616.585693 2109242.713113 -6.605225 15.52124 1.227112 0.167077 40.006018 1.535369 23323.828125 13625.889893 3371.010742 7295.723267 6459129.140677 20.080566 29.240723 0.005705 0.031974 0.060752 8.21106 16119.940186 13829.440918 -3832.877197 7499.274292 7093006.251585 2.089844 -22.386475 0.116214 0.039063 8.73662 1.364651 25784.980469 16742.824707 5832.163086 10412.658081 14243757.457393 47.614746 51.512451 0.06462 0.029765 20.265997 19.071622 16823.081055 15691.531982 -3129.736328 9361.365356 9743041.082044 25.758057 -4.311523 -0.313439 0.033147 9.903373 5.122345 26648.222656 18332.877197 6695.405273 12002.710571 18889351.283371 -27.180176 -37.926025 0.043954 0.025778 18.412147 19.971791 27657.277832 18147.409668 7704.460449 11817.243042 19900594.392709 -33.681641 -14.943848 0.036708 0.02502 18.164689 19.475124 26918.198242 18193.275146 6965.380859 11863.108521 18924987.428549 -33.991699 0.819092 0.039186 0.026103 17.023413 20.490238 18350.007324 16786.557617 -1602.810059 10456.390991 11190511.264501 15.819092 -33.884277 -0.140302 0.025615 12.341712 4.717346 17830.079346 17044.204102 -2122.738037 10714.037476 11929661.580245 -78.485107 2.397461 -0.103526 0.023838 14.038631 4.227417 16379.163818 17475.797119 -3573.653564 11145.630493 13699607.888888 -15.688477 -1.068115 -0.070793 0.02511 10.979921 4.8641
22315.949707 9850.185547 2365.838623 3532.133789 1807316.149414 13.205566 -19.046631 0.764546 0.17631 34.291842 5.07084 17153.54126 9937.876587 -2796.569824 3619.824829 2092393.457511 31.401367 -8.875732 1.345305 0.15094 48.083761 1.253106 23325.571289 13635.179443 3375.460205 7317.127686 6493408.916266 1.743164 9.289551 0.005799 0.03209 0.062757 8.270572 16117.504883 13850.078125 -3832.606201 7532.026367 7142029.148927 -2.435303 20.637207 0.115838 0.041371 8.680108 1.530645 25765.878906 16706.868896 5815.767822 10388.817139 14175067.690326 -19.101562 -35.955811 0.064226 0.029598 20.019881 18.858175 16841.838379 15680.030518 -3108.272705 9361.97876 9730800.550744 18.757324 -11.501465 -0.294832 0.0329 8.762419 5.046381 26700.65918 18424.483643 6750.548096 12106.431885 19213559.257287 52.436523 91.606445 0.044504 0.026082 18.875989 20.446861 27618.886719 18234.282227 7668.775635 11916.230469 20080666.832074 -38.391113 86.872559 0.036423 0.025299 17.883929 19.91226 26969.143066 18230.2771 7019.031982 11912.225342 19116792.256401 50.944824 37.001953 0.039646 0.026226 17.425023 20.683865 18369.6521 16811.512451 -1580.458984 10493.460693 11261056.792437 19.644775 24.954834 -0.137168 0.025962 11.796629 4.846058 17870.701904 17065.223389 -2079.40918 10747.171631 11982564.059972 40.622559 21.019287 -0.100424 0.02412 13.210135 4.328222 16318.394775 17522.65625 -3631.716309 11204.604492 13873252.517245 -60.769043 46.859131 -0.073566 0.025717 11.857175 5.102268
22290.429688 9865.9198 2338.780518 3537.039185 1798054.050259 -25.52002 15.734253 0.721046 0.185955 30.500608 5.640837 17127.005615 9917.121582 -2824.643555 3588.240967 2085408.444684 -26.535645 -20.755005 1.245427 0.113205 41.209087 0.704873 23325.876465 13635.443115 3374.227295 7306.5625 6477126.54042 0.305176 0.263672 0.005815 0.032093 0.063111 8.272265 16144.630127 13833.104248 -3807.019043 7504.223633 7080676.632479 27.125244 -16.973877 0.120031 0.039473 9.319907 1.393421 25778.850098 16736.234131 5827.200928 10407.353516 14226927.785138 12.971191 29.365234 0.064493 0.029735 20.186846 19.032408 16823.85376 15676.456299 -3127.79541 9347.575684 9716027.528831 -17.984619 -3.574219 -0.312673 0.032824 9.854993 5.02289 26642.993164 18283.828125 6691.343994 11954.94751 18769485.440917 -57.666016 -140.655518 0.043899 0.025614 18.366204 19.719718 27639.033203 18154.859619 7687.384033 11825.979004 19894965.267478 20.146484 -79.422607 0.036573 0.025044 18.030991 19.512422 27001.005859 18114.530029 7049.356689 11785.649414 18859496.184633 31.862793 -115.74707 0.039933 0.025841 17.678584 20.081203 18348.907471 16808.266602 -1602.741699 10479.385986 11238631.160486 -20.744629 -3.24585 -0.140477 0.025917 12.372594 4.829218 17785.532227 17063.961182 -2166.116943 10735.080566 11993401.737954 -85.169678 -1.262207 -0.106926 0.024103 14.976133 4.322135 16383.155518 17530.415039 -3568.493652 11201.534424 13820852.039502 64.760742 7.758789 -0.07061 0.025818 10.923477 5.142253
22317.070312 9880.950928 2338.417969 3549.09668 1806428.583834 26.640625 15.031128 0.766457 0.19517 34.463407 6.213711 17167.144775 9910.370483 -2811.507568 3578.516235 2071035.325362 40.13916 -6.751099 1.396508 0.100931 51.813592 0.560308 23323.005371 13625.799561 3344.353027 7293.945312 6438633.539324 -2.871094 -9.643555 0.005661 0.031973 0.059816 8.210482 16127.930908 13837.89917 -3850.721436 7506.044922 7116876.594339 -16.699219 4.794922 0.117449 0.040009 8.923334 1.431532 25802.072754 16743.925781 5823.42041 10412.071533 14232345.888596 23.222656 7.69165 0.064972 0.02977 20.487499 19.078177 16837.630615 15665.725098 -3141.021729 9333.87085 9698716.253619 13.776855 -10.731201 -0.299006 0.032593 9.012292 4.952689 26680.083008 18425.018311 6701.430664 12093.164062 19115378.998778 37.089844 141.190186 0.044288 0.026084 18.693289 20.449651 27700.180664 18265.12207 7721.52832 11933.267822 20202488.051931 61.147461 110.262451 0.037026 0.025398 18.481031 20.06861 26988.422852 18233.19458 7009.770508 11901.340332 19077878.427103 -12.583008 118.664551 0.03982 0.026236 17.578231 20.699171 18369.934082 16872.666016 -1608.718262 10540.811768 11369668.71651 21.026611 64.399414 -0.137123 0.026813 11.788895 5.168799 17948.17627 17067.041016 -2030.476074 10735.186768 11936706.802276 162.644043 3.079834 -0.09451 0.024145 11.699897 4.336995 16399.847412 17535.744629 -3578.804932 11203.890381 13833500.440505 16.691895 5.32959 -0.069848 0.025887 10.689025 5.169809
22291.901855 9895.004272 2306.704102 3572.015991 1808018.205363 -25.168457 14.053345 0.723555 0.203785 30.713278 6.774376 17131.113281 9936.730347 -2854.084473 3613.742065 2120492.989251 -36.031494 26.359863 1.260888 0.148856 42.238597 1.218742 23332.038574 13662.104492 3346.84082 7339.116211 6506397.023416 9.033203 36.304932 0.006145 0.032425 0.070481 8.444278 16122.038574 13863.92334 -3863.15918 7540.935059 7178970.040553 -5.892334 26.02417 0.116538 0.042919 8.78546 1.647347 25762.219238 16702.11792 5777.021484 10379.129639 14110030.928729 -39.853516 -41.807861 0.064151 0.029576 19.972899 18.830061 16830.467529 15667.247314 -3154.730225 9344.259033 9726749.966966 -7.163086 1.522217 -0.306112 0.032626 9.445743 4.962617 26660.231934 18374.599609 6675.03418 12051.611328 18979741.690419 -19.851074 -50.418701 0.04408 0.025916 18.517869 20.187471 27706.445312 18232.386475 7721.247559 11909.398193 20145142.918908 6.264648 -32.735596 0.037073 0.025293 18.527452 19.902669 27048.54248 18165.495605 7063.344727 11842.507324 19013581.845043 60.119629 -67.698975 0.040362 0.026011 18.060282 20.345468 18331.605225 16833.763428 -1653.592529 10510.775146 11321076.24329 -38.328857 -38.902588 -0.143237 0.026272 12.863482 4.962285 17772.003174 17082.720947 -2213.19458 10759.732666 12067007.729341 -176.173096 15.679932 -0.107959 0.024356 15.266853 4.413044 16412.529297 17568.312988 -3572.668457 11245.324707 13922128.767043 12.681885 32.568359 -0.06927 0.026309 10.512597 5.339801
22312.546387 9897.69104 2355.821533 3585.157471 1840324.918604 20.644531 2.686768 0.758745 0.205432 33.773417 6.884323 17158.69873 9924.541626 -2798.026123 3612.008057 2087555.238649 27.585449 -12.188721 1.364718 0.126695 49.481448 0.88288 23319.799805 13642.93335 3363.074951 7330.39978 6504503.406583 -12.23877 -19.171143 0.005489 0.032186 0.056242 8.320411 16141.503906 13822.591553 -3815.220947 7510.057983 7095688.179046 19.465332 -41.331787 0.119547 0.038298 9.245009 1.311663 25831.35498 16734.451904 5874.630127 10421.918335 14312766.09091 69.135742 32.333984 0.065575 0.029726 20.869771 19.02181 16808.574219 15669.124756 -3148.150635 9356.591187 9745665.10509 -21.893311 1.877441 -0.327831 0.032666 10.833653 4.974875 26736.640625 18373.840332 6779.915771 12061.306763 19144237.869226 76.408691 -0.759277 0.044882 0.025914 19.197612 20.183535 27715.351562 18203.289795 7758.626709 11890.756226 20158637.202568 8.90625 -29.09668 0.037139 0.0252 18.593546 19.755752 27032.106934 18156.911621 7075.38208 11844.378052 19035032.301205 -16.435547 -8.583984 0.040214 0.025982 17.927851 20.300838 18367.930908 16812.084961 -1588.793945 10499.551392 11276484.562554 36.325684 -21.678467 -0.137443 0.02597 11.843895 4.849031 17855.366211 17063.90625 -2101.358643 10751.372681 12000772.266327 83.363037 -18.814697 -0.101595 0.024103 13.519945 4.32187 16370.921631 17566.065674 -3585.803223 11253.532104 13949996.957845 -41.607666 -2.247314 -0.071169 0.02628 11.096928 5.327982
22282.114258 9901.928101 2320.771484 3585.975952 1824520.381208 -30.432129 4.237061 0.706871 0.208029 29.313234 7.059509 17111.278076 9972.879028 -2850.064697 3656.92688 2149598.298341 -47.420654 48.337402 1.186229 0.214578 37.384691 2.532507 23343.26416 13649.79126 3381.921387 7333.839111 6522258.837679 23.464355 6.85791 0.006747 0.032272 0.084953 8.364616 16125.810547 13881.134033 -3835.532227 7565.181885 7194328.441059 -15.693359 58.54248 0.117121 0.044844 8.873596 1.798394 25859.401855 16734.874268 5898.059082 10418.922119 14334103.905985 28.046875 0.422363 0.066153 0.029728 21.239228 19.024322 16814.354248 15689.844971 -3146.988525 9373.892822 9777340.342226 5.780029 20.720215 -0.322097 0.033111 10.457993 5.111167 26725.739746 18325.90332 6764.396973 12009.951172 18999599.35545 -10.900879 -47.937012 0.044767 0.025754 19.099887 19.935853 27684.87793 18194.433594 7723.535156 11878.481445 20075131.675646 -30.473633 -8.856201 0.036913 0.025171 18.367884 19.711142 26975.812988 18168.721924 7014.470215 11852.769775 18969094.374334 -56.293945 11.810303 0.039706 0.026021 17.47795 20.362256 18367.32666 16851.671143 -1594.016113 10535.718994 11354226.20929 -0.604248 39.586182 -0.137539 0.026521 11.860511 5.056825 17963.276367 17051.906738 -1998.066406 10735.95459 11925299.031897 107.910156 -11.999512 -0.093357 0.023941 11.416217 4.26422 16356.195068 17566.70166 -3605.147705 11250.749512 13957645.455087 -14.726562 0.635986 -0.071841 0.026288 11.307532 5.331326
22258.791504 9898.110352 2320.12085 3587.944336 1825630.531458 -23.322754 -3.817749 0.667116 0.205689 26.108717 6.901562 17097.889404 9948.322754 -2840.78125 3638.156738 2130622.256265 -13.388672 -24.556274 1.135835 0.169932 34.275756 1.588294 23340.068359 13612.069092 3401.397705 7301.903076 6488729.488192 -3.195801 -37.722168 0.006575 0.031802 0.080696 8.122917 16125.281982 13865.378418 -3813.388672 7555.212402 7162316.760731 -0.528564 -15.755615 0.11704 0.043082 8.861219 1.659861 25874.912109 16678.175049 5936.241455 10368.009033 14273457.392557 15.510254 -56.699219 0.066473 0.029465 21.444934 18.688699 16818.258057 15701.131592 -3120.412598 9390.965576 9792720.923246 3.903809 11.286621 -0.318224 0.033353 10.208024 5.186182 26671.838379 18381.318359 6733.167725 12071.152344 19104826.651374 -53.901367 55.415039 0.044202 0.025939 18.620332 20.222311 27707.358398 18226.070557 7768.687744 11915.904541 20234129.029656 22.480469 31.636963 0.03708 0.025273 18.534222 19.870732 27111.384277 18171.899414 7172.713623 11861.733398 19214853.993385 135.571289 3.17749 0.040929 0.026032 18.571129 20.378795 18379.207764 16826.470947 -1559.462891 10516.304932 11302459.392249 11.881104 -25.200195 -0.135644 0.026171 11.535939 4.924041 17872.302246 17064.475098 -2066.368408 10754.309082 11992504.223028 -90.974121 12.568359 -0.100302 0.02411 13.178012 4.324613 16377.618408 17589.545898 -3561.052246 11279.379883 13990550.36402 21.42334 22.844238 -0.070863 0.026584 11.001813 5.452107
22228.295898 9871.202393 2293.555908 3576.14624 1804922.06356 -30.495605 -26.907959 0.615134 0.189194 22.19842 5.839013 17069.669189 9988.533936 -2865.070801 3693.477783 2185040.88285 -28.220215 40.211182 1.029615 0.24304 28.16481 3.248905 23376.12793 13581.965332 3441.387939 7286.90918 6494219.634283 36.05957 -30.10376 0.008508 0.031427 0.135084 7.932573 16093.151855 13959.591064 -3841.588135 7664.534912 7350289.481612 -32.130127 94.212646 0.112073 0.053617 8.125077 2.570888 25915.698242 16626.047363 5980.958252 10330.991211 14250124.101207 40.786133 -52.127686 0.067313 0.029223 21.990596 18.382773 16860.783691 15717.714844 -3073.956299 9422.658691 9823570.414184 42.525635 16.583252 -0.276037 0.033709 7.68089 5.297392 26620.974121 18385.075684 6686.234131 12090.019531 19087429.911868 -50.864258 3.757324 0.043668 0.025951 18.17339 20.241808 27713.024902 18222.901611 7778.284912 11927.845459 20277521.346736 5.666504 -3.168945 0.037122 0.025263 18.576269 19.854717 27068.461914 18112.983398 7133.721924 11817.927246 19055339.288047 -42.922363 -58.916016 0.040542 0.025836 18.221438 20.07321 18355.371094 16845.969238 -1579.368896 10550.913086 11381617.305819 -23.83667 19.498291 -0.139446 0.026442 12.191662 5.026626 17793.105469 17083.421631 -2141.634521 10788.365479 12097542.812164 -79.196777 18.946533 -0.106348 0.024365 14.814615 4.416457 16396.827393 17595.639648 -3537.912598 11300.583496 14022001.290084 19.208984 6.09375 -0.069986 0.026663 10.731256 5.484555
22176.181641 9877.659302 2260.228271 3607.337036 1812151.233147 -52.114258 6.456909 0.526301 0.193152 16.249918 6.08589 17064.328613 9981.745605 -2851.624756 3711.42334 2190642.695577 -5.340576 -6.78833 1.009514 0.230698 27.075797 2.927315 23353.679199 13571.636963 3437.72583 7301.314697 6512715.519129 -22.44873 -10.328369 0.007305 0.031299 0.099588 7.867788 16111.644287 13909.753418 -3804.309082 7639.431152 7283367.592303 18.492432 -49.837646 0.114932 0.048044 8.544864 2.064233 25919.682617 16565.373535 6003.729248 10295.05127 14203284.552613 3.984375 -60.673828 0.067395 0.028941 22.044269 18.029871 16826.929932 15701.080322 -3089.023438 9430.758057 9848126.332032 -33.85376 -16.634521 -0.309621 0.033352 9.663565 5.185841 26537.06543 18361.728516 6621.112061 12091.40625 19004123.002086 -83.908691 -23.347168 0.042788 0.025874 17.447954 20.120811 27701.745605 18232.935791 7785.792236 11962.613525 20372268.310513 -11.279297 10.03418 0.037038 0.025295 18.492622 19.905448 26753.544922 18171.912842 6837.591553 11901.590576 18840051.648485 -314.916992 58.929443 0.037701 0.026032 15.757435 20.378865 18296.373291 16867.104492 -1619.580078 10596.782227 11491483.318665 -58.997803 21.135254 -0.148856 0.026736 13.89258 5.139018 17797.904053 17116.693115 -2118.049316 10846.37085 12212989.351398 4.798584 33.271484 -0.105982 0.024812 14.712727 4.580078 16370.187988 17622.126465 -3545.765381 11351.804199 14143591.07135 -26.639404 26.486816 -0.071202 0.027006 11.107373 5.626708
22159.882812 9840.368042 2272.470703 3571.582642 1792032.566235 -16.298828 -37.29126 0.498518 0.170292 14.579583 4.730563 17002.764893 10028.137817 -2884.647217 3759.352417 2245392.016052 -61.563721 46.392212 0.777791 0.315045 16.072482 5.459138 23405.092773 13561.765137 3517.680664 7292.979736 6556163.068881 51.413574 -9.871826 0.010059 0.031176 0.188863 7.806115 16110.715332 14000.007324 -3776.696777 7731.221924 7403523.098348 -0.928955 90.253906 0.114788 0.058136 8.523524 3.022553 25984.819336 16552.198486 6097.407227 10283.413086 14292695.958257 65.136719 -13.175049 0.068737 0.02888 22.930992 17.953691 16859.547119 15771.878662 -3027.86499 9503.093262 9947674.794001 32.617188 70.79834 -0.277264 0.03487 7.74931 5.668843 26534.987793 18292.492676 6647.575684 12023.707275 18875979.911339 -2.077637 -69.23584 0.042766 0.025643 17.430179 19.76413 27720.942383 18210.594482 7833.530273 11941.809082 20397100.069655 19.196777 -22.341309 0.03718 0.025223 18.635097 19.792584 26846.791992 18053.513184 6959.379883 11784.727783 18731277.727749 93.24707 -118.399658 0.038542 0.025638 16.468382 19.767092 18353.226318 16862.346191 -1534.185791 10593.560791 11457725.62743 56.853027 -4.758301 -0.139788 0.02667 12.251552 5.113606 17815.946045 17083.282471 -2071.466064 10814.49707 12124431.853998 18.041992 -33.410645 -0.104604 0.024363 14.332787 4.415779 16382.412109 17640.756836 -3505.0 11371.971436 14160675.933089 12.224121 18.630371 -0.070644 0.027248 10.933978 5.727785
22121.599121 9860.682983 2270.996094 3629.619141 1833155.836382 -38.283691 20.314941 0.433261 0.182745 11.012389 5.447755 16965.515137 10041.201172 -2885.087891 3810.137329 2284087.860324 -37.249756 13.063354 0.637585 0.338795 10.800238 6.313272 23389.223633 13582.17041 3538.620605 7351.106567 6656060.355447 -15.869141 20.405273 0.009209 0.03143 0.158286 7.933862 16074.671631 13995.045166 -3775.931396 7763.981323 7453706.389861 -36.043701 -4.962158 0.109216 0.057581 7.716131 2.965132 25994.641113 16519.023438 6144.038086 10287.959595 14359131.662418 9.821777 -33.175049 0.06894 0.028726 23.066216 17.762585 16851.105957 15716.818848 -2999.49707 9485.755005 9897653.068747 -8.441162 -55.059814 -0.285638 0.033689 8.224465 5.291354 26629.870605 18158.875732 6779.267578 11927.81189 18823116.537066 94.882812 -133.616943 0.043761 0.025199 18.251171 19.084797 27655.258789 18218.028564 7804.655762 11986.964722 20459997.479772 -65.683594 7.434082 0.036693 0.025247 18.149869 19.830104 26893.898926 18015.822754 7043.295898 11784.758911 18848855.970647 47.106934 -37.69043 0.038967 0.025513 16.833505 19.574301 18363.392334 16879.75708 -1487.210693 10648.693237 11560646.330866 10.166016 17.410889 -0.138167 0.026912 11.968983 5.206896 17789.306641 17118.704834 -2061.296387 10887.640991 12278966.91474 -26.639404 35.422363 -0.106638 0.024839 14.895525 4.590066 16392.866211 17617.412109 -3457.736816 11386.348267 14160487.073987 10.454102 -23.344727 -0.070167 0.026945 10.786773 5.601273
22094.926758 9844.714966 2240.614014 3630.83374 1820330.480749 -26.672363 -15.968018 0.387796 0.172956 8.822439 4.87977 16940.993652 10035.986328 -2913.319092 3822.105103 2309591.554548 -24.521484 -5.214844 0.545288 0.329314 7.899658 5.964863 23352.70752 13509.107666 3498.394775 7295.22644 6545909.482162 -36.516113 -73.062744 0.007253 0.03052 0.098173 7.481241 16051.756592 14032.669678 -3802.556152 7818.788452 7559288.615118 -22.915039 37.624512 0.105674 0.061789 7.22371 3.414255 26087.805176 16490.866699 6233.492432 10276.985474 14447285.832058 93.164062 -28.156738 0.070859 0.028595 24.368641 17.601189 16842.796631 15774.637451 -3011.516113 9560.756226 10047728.890563 -8.309326 57.818604 -0.293881 0.03493 8.706006 5.688099 26920.986328 18150.634766 7066.673584 11936.75354 19242396.061822 291.115723 -8.240967 0.046816 0.025171 20.888015 19.043287 27775.710449 18214.6521 7921.397705 12000.770874 20676704.317283 120.45166 -3.376465 0.037587 0.025236 19.044582 19.813058 26819.02832 18052.181396 6964.715576 11838.300171 18865261.399327 -74.870605 36.358643 0.038292 0.025634 16.255063 19.760263 18342.484131 16846.409912 -1511.828613 10632.528687 11533629.202568 -20.908203 -33.347168 -0.141501 0.026448 12.553718 5.028957 17861.195068 17070.845947 -1993.117676 10856.964722 12184620.103731 71.888428 -47.858887 -0.10115 0.024196 13.401768 4.355388 16408.453369 17672.130127 -3445.859375 11458.248901 14316541.471796 15.587158 54.718018 -0.069456 0.027654 10.569141 5.900031
22049.125977 9811.456299 2264.429932 3589.577026 1801270.614353 -45.800781 -33.258667 0.309725 0.152568 5.627742 3.797119 16938.068848 10007.896729 -2846.627197 3786.017456 2243721.457776 -2.924805 -28.0896 0.534279 0.278244 7.583906 4.258257 23319.697266 13492.866211 3535.001221 7270.986938 6536348.468987 -33.010254 -16.241455 0.005484 0.030318 0.056129 7.382432 16038.238525 14010.061035 -3746.45752 7788.181763 7469171.911443 -13.518066 -22.608643 0.103584 0.059261 6.940834 3.14058 26056.52832 16400.513916 6271.832275 10178.634644 14294048.32976 -31.276855 -90.352783 0.070215 0.028175 23.927405 17.088256 16822.827148 15757.46582 -2961.868896 9535.586548 9970007.817153 -19.969482 -17.171631 -0.313691 0.034561 9.919297 5.568772 27232.60498 17875.744629 7447.908936 11653.865356 19128392.525836 311.618652 -274.890137 0.050086 0.024257 23.907647 17.684563 27777.109375 18075.318604 7992.41333 11853.439331 20438269.48138 1.398926 -139.333496 0.037597 0.024788 19.0551 19.116051 27013.293457 17929.680176 7228.597412 11707.800903 18932522.253814 194.265137 -122.501221 0.040044 0.025226 17.776857 19.137219 18358.601074 16871.280518 -1426.094971 10649.401245 11544349.374497 16.116943 24.870605 -0.138931 0.026794 12.101747 5.161372 17832.595215 17072.192383 -1952.10083 10850.31311 12153999.224346 -28.599854 1.346436 -0.103333 0.024214 13.986588 4.361906 16377.385254 17643.405762 -3407.310791 11421.526489 14206103.417139 -31.068115 -28.724365 -0.070874 0.027282 11.005117 5.742229
22024.038086 9800.996704 2255.563965 3593.982544 1800427.932569 -25.087891 -10.459595 0.26696 0.146156 4.180962 3.484665 16896.046143 10033.530273 -2872.427979 3826.516113 2289306.805696 -42.022705 25.633545 0.376108 0.324849 3.758214 5.804198 23292.497559 13477.8479 3524.023438 7270.83374 6528376.446618 -27.199707 -15.018311 0.004027 0.030131 0.030261 7.291649 16028.529053 14011.940918 -3739.945068 7804.926758 7490407.080916 -9.709473 1.879883 0.102083 0.059471 6.741142 3.1629 26118.024902 16437.003174 6349.550781 10229.989014 14496947.034352 61.496582 36.489258 0.071482 0.028345 24.798793 17.294493 16788.134766 15773.845215 -2980.339355 9566.831055 10040667.910269 -34.692383 16.379395 -0.348107 0.034913 12.215233 5.682566 27475.454102 17813.238525 7706.97998 11606.224365 19410198.443551 242.849121 -62.506104 0.052634 0.024049 26.402179 17.382625 27897.363281 17983.425293 8128.88916 11776.411133 20476269.814714 120.253906 -91.893311 0.038489 0.024493 19.970066 18.663191 27181.347656 17994.73999 7412.873535 11787.72583 19390117.429331 168.054199 65.059814 0.04156 0.025443 19.14825 19.466872 18341.23291 16847.543945 -1427.241211 10640.529785 11525789.1583 -17.368164 -23.736572 -0.141701 0.026464 12.589153 5.034957 17783.950195 17064.432373 -1984.523926 10857.418213 12182186.546161 -48.64502 -7.76001 -0.107047 0.02411 15.009985 4.324407 16403.035889 17674.666748 -3365.438232 11467.652588 14283323.03728 25.650635 31.260986 -0.069703 0.027687 10.64453 5.914069
22005.380859 9755.579224 2267.351074 3592.520752 1804708.624697 -18.657227 -45.41748 0.235158 0.118315 3.244149 2.283505 16874.139404 10014.884033 -2863.890381 3851.825562 2303842.826998 -21.906738 -18.64624 0.293652 0.290948 2.290988 4.655969 23198.635254 13384.029541 3460.605469 7220.971069 6411821.339453 -93.862305 -93.818359 -0.001002 0.028963 0.001876 6.737244 16012.944336 13989.194336 -3725.085449 7826.135864 7512466.41698 -15.584717 -22.746582 0.099674 0.056927 6.42671 2.898135 26096.84082 16325.744629 6358.811035 10162.686157 14371466.771111 -21.184082 -111.258545 0.071046 0.027828 24.496861 16.669526 16781.16333 15794.320068 -2956.866455 9631.261597 10150425.917684 -6.971436 20.474854 -0.355023 0.035352 12.705416 5.826432 27466.157227 17572.629395 7728.127441 11409.570923 18990226.23942 -9.296875 -240.609131 0.052536 0.023248 26.304404 16.24462 28043.747559 17758.647461 8305.717773 11595.588989 20344263.173979 146.384277 -224.777832 0.039575 0.02377 21.112803 17.578341 27341.899414 17727.365723 7603.869629 11564.307251 19155203.552839 160.551758 -267.374268 0.043008 0.024554 20.50601 18.130094 18335.53833 16854.743652 -1402.491455 10691.685181 11627911.4284 -5.69458 7.199707 -0.142609 0.026564 12.751056 5.073135 17809.067383 17065.993652 -1928.962402 10902.935181 12259489.150342 25.117188 1.561279 -0.10513 0.024131 14.477056 4.331939 16412.818604 17706.955566 -3325.211182 11543.897095 14431858.953614 9.782715 32.288818 -0.069256 0.028106 10.50859 6.094219
21991.347656 9747.979126 2302.960205 3643.945923 1858196.759484 -14.033203 -7.600098 0.211237 0.113656 2.617715 2.107206 16791.556396 10072.737427 -2896.831055 3968.704224 2414224.337408 -82.583008 57.853394 -0.017186 0.396132 0.007847 8.630955 23191.062012 13378.846436 3502.674561 7274.813232 6519163.664372 -7.573242 -5.183105 -0.001408 0.028898 0.003701 6.707254 16004.829102 13978.369141 -3683.55835 7874.335938 7557376.857158 -8.115234 -10.825195 0.098419 0.055717 6.265953 2.776195 26156.376953 16265.957031 6467.989502 10161.923828 14509958.408599 59.536133 -59.787598 0.072272 0.02755 25.35012 16.338435 16722.902832 15767.030029 -2965.484619 9662.996826 10216760.668897 -58.260498 -27.290039 -0.412819 0.034766 17.178902 5.635079 27488.669434 17455.938721 7800.281982 11351.905518 18971015.788532 22.512207 -116.690674 0.052772 0.02286 26.541477 15.706582 28181.26709 17642.026367 8492.879639 11537.993164 20525429.081092 137.519531 -116.621094 0.040595 0.023395 22.2153 17.028287 27555.742188 17640.927734 7867.354736 11536.894531 19499520.597241 213.842773 -86.437988 0.044937 0.024266 22.386661 17.708104 18357.290039 16867.172852 -1331.097412 10763.139648 11761699.541229 21.751709 12.429199 -0.13914 0.026737 12.138203 5.139383 17970.853271 17045.999756 -1717.53418 10941.966553 12267655.569955 161.785889 -19.993896 -0.092778 0.023862 11.275184 4.235982 16425.881348 17666.5625 -3262.506104 11562.529297 14433602.981657 13.062744 -40.393066 -0.06866 0.027582 10.328433 5.869277
21981.738281 9749.628296 2351.269531 3680.153809 1907200.046349 -9.609375 1.64917 0.194857 0.114666 2.227484 2.14486 16787.091064 10057.330322 -2843.377686 3987.855835 2398779.08231 -4.465332 -15.407104 -0.033993 0.36812 0.0307 7.453466 23123.791504 13332.415771 3493.322754 7262.941284 6495361.99604 -67.270508 -46.430664 -0.005013 0.02832 0.046895 6.441586 15996.789551 13969.481201 -3633.679199 7900.006714 7561373.060198 -8.039551 -8.887939 0.097176 0.054723 6.108703 2.678037 26080.57373 16095.181885 6450.10498 10025.707397 14211866.307857 -75.803223 -170.775146 0.07071 0.026757 24.266266 15.41101 16727.421875 15775.146484 -2903.046875 9705.671997 10262775.007316 4.519043 8.116455 -0.408336 0.034941 16.807819 5.691656 27298.903809 17281.617432 7668.435059 11212.142944 18451704.565209 -189.765625 -174.321289 0.050781 0.02228 24.576383 14.919699 28221.07666 17617.042236 8590.60791 11547.567749 20714486.518433 39.80957 -24.984131 0.040891 0.023315 22.539691 16.911585 27802.946777 17534.417725 8172.478027 11464.943237 19823432.054203 247.20459 -106.51001 0.047167 0.023912 24.663522 17.194956 18340.695801 16840.794678 -1289.772949 10771.32019 11768485.290529 -16.594238 -26.378174 -0.141787 0.02637 12.60438 4.999298 17893.342285 17046.964111 -1737.126465 10977.489624 12352288.68004 -77.510986 0.964355 -0.098696 0.023875 12.759319 4.240586 16402.054443 17653.10791 -3228.414307 11583.633423 14460322.221033 -23.826904 -13.45459 -0.069748 0.027408 10.658216 5.79529
21944.343262 9738.278198 2351.230469 3694.949341 1918093.534841 -37.39502 -11.350098 0.131114 0.107709 1.008515 1.892462 16755.429688 10036.94458 -2837.683105 3993.615723 2400141.194731 -31.661377 -20.385742 -0.153165 0.331056 0.623268 6.028144 23115.664062 13293.588867 3522.55127 7250.26001 6497463.765568 -8.127441 -38.826904 -0.005448 0.027837 0.055397 6.223547 15953.862305 14024.519043 -3639.250488 7981.190186 7694354.089433 -42.927246 55.037842 0.09054 0.060877 5.302885 3.314275 26051.755371 15916.025391 6458.642578 9872.696533 13918420.078869 -28.818359 -179.156494 0.070117 0.025924 23.860426 14.467193 16735.744629 15775.422363 -2857.368164 9732.093506 10287819.683179 8.322754 0.275879 -0.40008 0.034946 16.134994 5.693584 27324.953613 17187.160645 7731.84082 11143.831787 18396634.937004 26.049805 -94.456787 0.051055 0.021966 24.841664 14.501769 28160.625 17535.107422 8567.512207 11491.778564 20546323.999205 -60.45166 -81.934814 0.040442 0.023052 22.048023 16.531678 27853.02002 17454.611816 8259.907227 11411.282959 19844344.616143 50.073242 -79.805908 0.047619 0.023647 25.138146 16.815409 18295.786133 16871.047363 -1297.32666 10827.718506 11892254.450528 -44.909668 30.252686 -0.14895 0.026791 13.910066 5.160123 17832.105713 17078.360596 -1761.00708 11035.031738 12487307.140096 -61.236572 31.396484 -0.103371 0.024297 13.996706 4.391829 16403.444824 17642.280273 -3189.667969 11598.951416 14470965.570196 1.390381 -10.827637 -0.069684 0.027268 10.63883 5.73609
21933.400879 9727.693481 2409.180908 3703.893433 1952297.920864 -10.942383 -10.584717 0.112462 0.10122 0.741984 1.671317 16719.908447 10065.101318 -2804.311523 4041.30127 2419627.90716 -35.52124 28.156738 -0.286865 0.382248 2.186307 8.036576 23128.898926 13197.039795 3604.678955 7173.239746 6444907.882412 13.234863 -96.549072 -0.004739 0.026635 0.041914 5.697633 15975.400391 14018.028564 -3548.81958 7994.228516 7650180.997198 21.538086 -6.490479 0.09387 0.060151 5.70007 3.235722 25967.478027 15611.066895 6443.258057 9587.266846 13343125.995518 -84.277344 -304.958496 0.06838 0.024508 22.693213 12.929221 16718.730469 15807.554932 -2805.489502 9783.754883 10359263.095253 -17.01416 32.132568 -0.416958 0.035636 17.525116 5.920383 27298.117676 17187.991943 7773.897705 11164.191895 18507266.618694 -26.835938 0.831299 0.050773 0.021968 24.568399 14.505422 27976.352539 17510.778809 8452.132568 11486.97876 20338922.598043 -184.272461 -24.328613 0.039075 0.022974 20.58274 16.419704 27707.307129 17352.172852 8183.087158 11328.372803 19529494.579648 -145.712891 -102.438965 0.046304 0.023306 23.769564 16.334429 18318.029785 16795.269775 -1206.190186 10771.469727 11747945.483396 22.243652 -75.777588 -0.145402 0.025737 13.255321 4.762085 17834.422607 17041.820068 -1689.797363 11018.02002 12425218.027974 2.316895 -36.540527 -0.103194 0.023806 13.948847 4.216059 16412.480469 17672.193604 -3111.739502 11648.393555 14536799.51329 9.035645 29.91333 -0.069272 0.027655 10.513274 5.900382
21917.414551 9747.926636 2447.390137 3711.189575 1976264.654435 -15.986328 20.233154 0.085212 0.113623 0.425976 2.106013 16722.976074 10066.105957 -2747.04834 4029.368896 2378208.828539 3.067627 1.004639 -0.275318 0.384075 2.01385 8.113564 23146.779785 13039.615479 3676.755371 7002.878418 6255883.619572 17.880859 -157.424316 -0.003781 0.024674 0.02668 4.889906 15968.972168 13967.67334 -3501.052246 7930.936279 7515711.709615 -6.428223 -50.355225 0.092876 0.054521 5.580026 2.658288 25740.910645 15174.736328 6270.88623 9137.999268 12282704.472974 -226.567383 -436.330566 0.063712 0.022481 19.700442 10.878968 16689.80835 15795.959473 -2780.216064 9759.222412 10297202.345406 -28.922119 -11.595459 -0.44565 0.035387 20.019961 5.838029 26623.010254 17046.728516 7152.98584 11009.991455 17238511.82659 -675.107422 -141.263428 0.043689 0.021498 18.191177 13.891394 27834.509277 17328.964844 8364.484863 11292.227783 19747901.533581 -141.843262 -181.813965 0.038023 0.022389 19.489158 15.594945 27616.640625 17109.923096 8146.616211 11073.186035 18898280.465749 -90.666504 -242.249756 0.045487 0.022501 22.937328 15.224766 18335.644531 16818.317871 -1134.379883 10781.580811 11752930.249288 17.614746 23.048096 -0.142592 0.026057 12.748027 4.881459 17826.951904 17038.338623 -1643.07251 11001.601562 12373492.421235 -7.470703 -3.481445 -0.103764 0.023759 14.103459 4.199499 16423.425293 17684.938965 -3046.599121 11648.201904 14496237.380791 10.944824 12.745361 -0.068772 0.02782 10.362187 5.971088
21890.766602 9721.008911 2454.864502 3670.046997 1949560.468365 -26.647949 -26.917725 0.039789 0.097122 0.092875 1.538734 16678.491211 10087.768555 -2757.410889 4036.806641 2389912.266276 -44.484863 21.662598 -0.442757 0.42346 5.208199 9.862894 23230.390625 12817.961426 3794.488525 6766.999512 6019042.556092 83.61084 -221.654053 0.000699 0.021915 0.000912 3.857238 15991.669922 13984.359131 -3444.232178 7933.397217 7480152.669362 22.697754 16.685791 0.096385 0.056387 6.009606 2.843345 25664.243164 14597.967529 6228.341064 8547.005615 11184353.7402 -76.66748 -576.768799 0.062132 0.019801 18.735629 8.440266 16732.58667 15809.024658 -2703.31543 9758.062744 10252770.283097 42.77832 13.065186 -0.403212 0.035667 16.388671 5.930862 26329.013672 16720.869141 6893.111572 10669.907227 16136190.737115 -293.996582 -325.859375 0.040604 0.020414 15.712969 12.52563 27527.705078 16904.379883 8091.802979 10853.417969 18327395.70475 -306.804199 -424.584961 0.035747 0.021024 17.225868 13.751667 27042.626953 16515.2771 7606.724854 10464.315186 16736415.529956 -574.013672 -594.645996 0.040309 0.020523 18.012561 12.666383 18310.79834 16764.310303 -1125.10376 10713.348389 11604169.21673 -24.846191 -54.007568 -0.146555 0.025306 13.466448 4.60406 17896.053467 17020.19043 -1539.848633 10969.228516 12269510.803998 69.101562 -18.148193 -0.098489 0.023515 12.705859 4.113705 16526.71875 17681.151123 -2909.18335 11630.189209 14372464.879842 103.293457 -3.787842 -0.064058 0.027771 8.990141 5.950031
21837.490234 9684.523315 2449.553223 3546.781006 1857996.649415 -53.276367 -36.485596 -0.051025 0.074756 0.15274 0.911626 16633.796387 10081.546021 -2754.140625 3943.803711 2313887.829268 -44.694824 -6.222534 -0.610986 0.412146 9.917883 9.342935 23384.27002 12642.69043 3996.333008 6504.94812 5828502.755475 153.879395 -175.270996 0.008944 0.019732 0.149293 3.127284 16011.151123 13972.475586 -3376.785889 7834.733276 7278572.844975 19.481201 -11.883545 0.099397 0.055058 6.391012 2.71091 25302.563477 13889.359131 5914.626465 7751.616821 9507036.956272 -361.679688 -708.608398 0.05468 0.01651 14.510781 5.867246 16771.719971 15792.878418 -2616.217041 9655.136108 10006624.48774 39.133301 -16.14624 -0.364391 0.035321 13.384785 5.816243 25723.005371 15799.290771 6335.068359 9661.548462 13347860.979987 -606.008301 -921.578369 0.034246 0.017348 11.176983 9.045538 27162.038574 16270.958252 7774.101562 10133.215942 16311872.043903 -365.666504 -633.421631 0.033034 0.018988 14.710766 11.217167 27003.293457 16040.587158 7615.356445 9902.844849 15605998.988526 -39.333496 -474.689941 0.039954 0.018945 17.696859 10.792889 18343.397217 16756.895752 -1044.539795 10619.153442 11385748.321605 32.598877 -7.414551 -0.141356 0.025203 12.527891 4.56661 17855.407715 17061.125488 -1532.529297 10923.383179 12166894.611473 -40.645752 40.935059 -0.101592 0.024065 13.519102 4.308476 16553.742676 17736.070557 -2834.194336 11598.328247 14255387.566065 27.023926 54.919434 -0.062824 0.028483 8.647256 6.258978
21807.075195 9683.417358 2435.554199 3516.126099 1829506.699882 -30.415039 -1.105957 -0.10287 0.074078 0.620813 0.895166 16654.775391 10047.634277 -2716.745605 3880.343018 2243776.86189 20.979004 -33.911743 -0.532022 0.350491 7.519967 6.756697 23812.30957 12470.983887 4440.788574 6303.692627 5945714.389601 428.039551 -171.706543 0.031878 0.017595 1.896629 2.486354 16004.726562 13917.132568 -3366.794434 7749.841309 7139534.506646 -6.424561 -55.343018 0.098403 0.048869 6.263935 2.135747 24973.220215 13058.459473 5601.699219 6891.168213 7886723.34757 -329.343262 -830.899658 0.047894 0.01265 11.132587 3.444419 16846.954346 15743.308105 -2524.56665 9576.016846 9807353.540145 75.234375 -49.570312 -0.289756 0.034258 8.463346 5.47134 25238.393555 14765.205078 5866.872559 8597.913818 10834431.564672 -484.611816 -1034.085693 0.029161 0.013908 8.104222 5.813441 26635.488281 15273.546143 7263.967285 9106.254883 13568909.871057 -526.550293 -997.412109 0.029128 0.015782 11.437586 7.749089 26469.243164 14825.467529 7097.722168 8658.17627 12534167.628795 -534.050293 -1215.119629 0.035137 0.014904 13.686645 6.679883 18400.229492 16856.968994 -971.291504 10689.677734 11521261.725035 56.832275 100.073242 -0.132291 0.026595 10.972692 5.084965 18138.114014 17047.906494 -1233.406982 10880.615234 11990908.06628 282.706299 -13.218994 -0.080009 0.023888 8.385127 4.245087 16729.67041 17707.788086 -2641.850586 11540.496826 14016244.15133 175.927734 -28.282471 -0.054794 0.028117 6.578021 6.0989
21878.78418 9620.717163 2532.989502 3389.625244 1790559.511272 71.708984 -62.700195 0.019364 0.035641 0.021997 0.207223 16622.059326 10064.472046 -2723.735352 3833.380127 2211353.746307 -32.716064 16.837769 -0.655163 0.381104 11.40397 7.988541 23964.650879 11904.117432 4618.856201 5673.025513 5351705.10748 152.341309 -566.866455 0.04004 0.010537 2.992246 0.891688 15980.804443 13965.784912 -3364.990234 7734.692993 7114863.497594 -23.922119 48.652344 0.094705 0.05431 5.801977 2.637736 25328.071289 13060.415039 5982.276611 6829.32312 8242728.773341 354.851074 1.955566 0.055205 0.012659 14.791074 3.449369 16825.672607 15765.013428 -2520.12207 9533.921509 9724667.458503 -21.281738 21.705322 -0.310869 0.034723 9.741581 5.621065 24487.290039 13536.083984 5141.495361 7304.992065 7979788.362655 -751.103516 -1229.121094 0.02128 0.009818 4.315613 2.897271 25794.343262 14363.907471 6448.548584 8132.815552 10772646.763892 -841.14502 -909.638672 0.022889 0.012858 7.06221 5.143809 25855.253906 13760.002441 6509.459229 7528.910522 9905755.310293 -613.989258 -1065.465088 0.029598 0.011361 9.711994 3.881451 18542.573242 16828.300781 -803.221436 10597.208862 11294600.034583 142.34375 -28.668213 -0.109588 0.026196 7.529691 4.933623 18301.627197 17041.855469 -1044.16748 10810.76355 11796289.425705 163.513184 -6.051025 -0.067526 0.023806 5.972731 4.216227 16851.960449 17769.685059 -2493.834229 11538.59314 13935834.080166 122.290039 61.896973 -0.049213 0.028919 5.30612 6.451933
21965.202637 9596.517944 2631.030273 3300.945435 1781856.106176 86.418457 -24.199219 0.166671 0.020807 1.629675 0.070622 16615.494385 10110.890503 -2718.677979 3815.317993 2194786.133983 -6.564941 46.418457 -0.679874 0.465498 12.280414 11.918337 25033.955078 12177.567139 5699.782715 5881.994629 6708538.381091 1069.304199 273.449707 0.097334 0.013941 17.681712 1.561038 15987.698975 13987.176514 -3346.473389 7691.604004 7035965.6294 6.894531 21.391602 0.095771 0.056702 5.933302 2.875206 24617.329102 10911.246338 5283.156738 4615.673828 4921619.000888 -710.742188 -2149.168701 0.040561 0.002675 7.984563 0.15399 16945.825195 15785.92041 -2388.347168 9490.3479 9577090.546519 120.152588 20.906982 -0.191674 0.035172 3.703405 5.767194 24139.208984 12099.899902 4805.036621 5804.327393 5677859.341028 -348.081055 -1436.184082 0.017627 0.00504 2.96133 0.763404 25139.602051 12669.104004 5805.429688 6373.531494 7432491.756331 -654.741211 -1694.803467 0.018032 0.007411 4.382998 1.708572 25605.288086 12362.176514 6271.115723 6066.604004 7613057.654716 -249.96582 -1397.825928 0.027343 0.006713 8.288647 1.35507 18639.187012 16823.308105 -694.985352 10527.735596 11131622.141192 96.61377 -4.992676 -0.094179 0.026127 5.561025 4.9075 18381.556396 17084.553223 -952.615967 10788.980713 11730958.200332 79.929199 42.697754 -0.061424 0.02438 4.942043 4.421973 16911.394043 17760.134277 -2422.77832 11464.561768 13730603.131199 59.433594 -9.550781 -0.0465 0.028795 4.737267 6.396811
22056.994629 9614.73877 2723.345947 3261.364136 1805310.917439 91.791992 18.220825 0.323137 0.031977 6.125719 0.166798 16640.546875 10146.582642 -2693.101807 3793.208008 2164122.433146 25.05249 35.692139 -0.585577 0.53039 9.110145 15.472875 25520.993652 11237.977295 6187.344971 4884.602661 6214258.094363 487.038574 -939.589844 0.123429 0.002243 28.433702 0.040399 15954.307861 14030.311279 -3379.34082 7676.936646 7035530.063897 -33.391113 43.134766 0.090609 0.061525 5.310957 3.385173 26341.538086 11975.904541 7007.889404 5622.529907 8072335.646051 1724.208984 1064.658203 0.076087 0.007621 28.097165 1.250072 16984.128418 15806.784668 -2349.520264 9453.410034 9488720.674373 38.303223 20.864258 -0.153676 0.035619 2.380604 5.914894 28481.916504 14661.275635 9148.267822 8307.901001 15271202.318993 4342.70752 2561.375732 0.063194 0.013562 38.059844 5.527954 28539.272461 15511.80542 9205.623779 9158.430786 16862036.363034 3399.67041 2842.701416 0.043251 0.016548 25.217036 8.519395 28528.330078 15495.845947 9194.681396 9142.471313 16812694.77006 2923.041992 3133.669434 0.05371 0.017133 31.981 8.827583 18744.251709 16862.062988 -589.396973 10508.688354 11077991.972322 105.064697 38.754883 -0.077421 0.026666 3.758117 5.112096 18448.399658 17114.644775 -885.249023 10761.270142 11658860.089402 66.843262 30.091553 -0.056321 0.024785 4.154997 4.569919 17004.702148 17737.493896 -2328.946533 11384.119263 13502216.334179 93.308105 -22.640381 -0.042241 0.028502 3.909243 6.267089
21999.111328 9500.477295 2644.885254 3057.878418 1634603.842541 -57.883301 -114.261475 0.224471 -0.038068 2.955984 0.236398 16649.875488 10150.528564 -2704.350586 3707.929688 2106225.46591 9.328613 3.945923 -0.550465 0.537564 8.050375 15.894281 25561.943359 10372.043457 6207.717285 3929.44458 5397628.860033 40.949707 -865.933838 0.125623 -0.008539 29.453563 0.585592 15977.454834 14049.454346 -3376.77124 7606.855469 6926683.413133 23.146973 19.143066 0.094188 0.063665 5.738706 3.624826 23309.406738 8021.398926 3955.180664 1578.800049 1813606.367955 -3032.131348 -3954.505615 0.013612 -0.01075 0.899211 2.487712 17063.69873 15786.342773 -2290.527344 9343.743896 9255206.551556 79.570312 -20.441895 -0.07474 0.035181 0.563093 5.770166 21552.583008 8898.435059 2198.356934 2455.836182 1086390.455853 -6929.333496 -5762.840576 -0.009513 -0.005612 0.862551 0.946555 21379.086914 8104.587402 2024.86084 1661.988525 686226.727926 -7160.185547 -7407.218018 -0.009865 -0.007261 1.311771 1.640297 21731.069336 8388.484497 2376.843262 1945.88562 943585.473736 -6797.260742 -7107.36145 -0.007603 -0.006501 0.640892 1.270985 18812.487793 16824.737549 -541.738281 10382.138672 10808228.376741 68.236084 -37.325439 -0.066538 0.026146 2.775798 4.914972 18434.82666 17149.320068 -919.399414 10706.721191 11547917.395309 -13.572998 34.675293 -0.057357 0.025251 4.309293 4.743419 17048.518066 17710.662842 -2305.708008 11268.063965 13228555.49331 43.815918 -26.831055 -0.040241 0.028154 3.54784 6.115076
21922.663574 9385.578003 2550.303955 2823.563843 1447656.30375 -76.447754 -114.899292 0.094159 -0.108503 0.520129 1.92049 16684.212646 10176.325684 -2688.146973 3614.311523 2028938.193505 34.337158 25.797119 -0.421222 0.584466 4.713879 18.788797 25286.081543 9518.411255 5913.721924 2956.397095 4371239.077407 -275.861816 -853.632202 0.110842 -0.019167 22.930381 2.950654 15928.469238 14029.907227 -3443.890381 7467.893066 6762980.780665 -48.985596 -19.547119 0.086615 0.06148 4.853033 3.380203 23395.50293 7296.554565 4023.143311 734.540405 1672523.170418 86.096191 -724.84436 0.015386 -0.014117 1.148868 4.290235 17113.531494 15807.193604 -2258.828125 9245.179443 9057564.743821 49.832764 20.85083 -0.025304 0.035628 0.064545 5.917808 21557.104492 7574.470825 2184.744873 1012.456665 579817.865889 4.521484 -1323.964233 -0.009466 -0.010017 0.85397 3.015737 21321.450195 7392.81311 1949.090576 830.79895 448918.096977 -57.636719 -711.774292 -0.010292 -0.009549 1.427948 2.83681 21700.566406 7551.195068 2328.206787 989.180908 639902.57127 -30.50293 -837.289429 -0.007878 -0.009285 0.688116 2.592769 18852.824707 16835.9375 -519.534912 10273.92334 10582341.731789 40.336914 11.199951 -0.060104 0.026302 2.264963 4.973715 18553.95752 17130.100098 -818.4021 10568.085938 11235422.237903 119.130859 -19.219971 -0.048262 0.024993 3.051037 4.646851 17080.253906 17753.012695 -2292.105713 11190.998535 13049219.681294 31.73584 42.349854 -0.038793 0.028703 3.29702 6.355864
21815.610352 9263.954468 2414.694824 2682.622681 1302721.554092 -107.053223 -121.623535 -0.088321 -0.183061 0.457628 5.466597 16696.889648 10150.27832 -2704.025879 3568.946533 2004913.531066 12.677002 -26.047363 -0.373506 0.537109 3.706402 15.867388 25193.813477 8815.519409 5792.897949 2234.187622 3854926.098067 -92.268066 -702.891846 0.105899 -0.027919 20.930552 6.260271 15956.303711 14061.469727 -3444.611816 7480.137939 6781781.415897 27.834473 31.5625 0.090918 0.065009 5.347187 3.779433 22859.926758 6390.825806 3459.01123 -190.505981 1200105.122148 -535.576172 -905.72876 0.00435 -0.018325 0.091852 7.228653 17121.452637 15825.471191 -2279.462891 9244.139404 9065006.439581 7.921143 18.277588 -0.017446 0.03602 0.030682 6.048763 20479.510498 7188.909912 1078.594971 607.578125 153251.82888 -1077.593994 -385.560913 -0.020773 -0.0113 4.112495 3.837617 20306.564941 6835.563965 905.649414 254.232178 88483.486139 -1014.885254 -557.249146 -0.017821 -0.01134 4.281076 4.000868 20647.666016 6798.151855 1246.750488 216.820068 160139.772207 -1052.900391 -753.043213 -0.017376 -0.011789 3.347163 4.179796 18911.047363 16846.883545 -489.868164 10265.551758 10562152.371049 58.222656 10.946045 -0.050818 0.026454 1.619144 5.031462 18570.128174 17203.155518 -830.787354 10621.82373 11351334.698791 16.170654 73.05542 -0.047028 0.025975 2.896947 5.019193 17089.388428 17751.861572 -2311.5271 11170.529785 13012389.321329 9.134521 -1.151123 -0.038376 0.028688 3.226531 6.349257
21689.458008 9174.683838 2268.791504 2499.380493 1139431.773781 -126.152344 -89.27063 -0.303358 -0.237786 5.398749 9.22352 16730.892334 10142.258911 -2689.77417 3466.955566 1925466.598461 34.002686 -8.019409 -0.245522 0.522529 1.601539 15.017621 24896.369629 8000.79895 5475.703125 1325.495605 3174026.331325 -297.443848 -814.720459 0.089962 -0.038062 15.1048 11.635887 15975.837402 14135.543213 -3444.829102 7460.239868 6752202.642952 19.533691 74.073486 0.093938 0.073292 5.708278 4.803877 22203.857422 5649.42688 2783.190918 -1025.876465 879857.420698 -656.069336 -741.398926 -0.009168 -0.021769 0.407899 10.201244 17131.882324 15765.097656 -2288.78418 9089.794312 8786289.364699 10.429688 -60.373535 -0.0071 0.034725 0.005081 5.62165 20454.725342 6439.346924 1034.058838 -235.956421 112495.311278 -24.785156 -749.562988 -0.021033 -0.013794 4.216112 5.718507 19975.899658 6235.05188 555.233154 -440.251465 50210.520793 -330.665283 -600.512085 -0.020274 -0.013271 5.540724 5.478777 20375.725098 6490.728149 955.058594 -184.575195 94620.492022 -271.940918 -307.423706 -0.019829 -0.012812 4.358919 4.936097 18937.60376 16823.928223 -483.062744 10148.624878 10322793.652771 26.556396 -22.955322 -0.046582 0.026135 1.360484 4.910741 18591.694336 17164.481201 -828.972168 10489.177856 11071004.695941 21.566162 -38.674316 -0.045381 0.025455 2.697655 4.820294 17091.136475 17750.626221 -2329.530029 11075.322876 12808948.696453 1.748047 -1.235352 -0.038296 0.028672 3.213128 6.342171
21667.094727 9138.157349 2238.69873 2491.868896 1122118.260307 -22.363281 -36.526489 -0.341478 -0.260177 6.840813 11.042402 16773.404541 10127.323608 -2654.991455 3481.035156 1916658.538559 42.512207 -14.935303 -0.085508 0.495375 0.194256 13.49735 24704.82666 7460.441284 5276.430664 814.152832 2850356.538656 -191.542969 -540.357666 0.079699 -0.04479 11.855068 16.112902 15975.144043 14144.875488 -3453.251953 7498.587036 6815375.659022 -0.693359 9.332275 0.09383 0.074336 5.695259 4.941647 21980.556641 5091.218567 2552.160645 -1555.069885 893176.630352 -223.300781 -558.208313 -0.013769 -0.024362 0.920068 12.776354 17122.950439 15808.931885 -2305.445557 9162.643433 8926911.388792 -8.931885 43.834229 -0.01596 0.035665 0.025678 5.9302 20099.406738 5612.810669 671.010742 -1033.477783 151833.174451 -355.318604 -826.536255 -0.024761 -0.016543 5.843266 8.22597 19403.751221 5260.38147 -24.644775 -1385.906982 192134.552888 -572.148438 -974.67041 -0.024518 -0.016403 8.103467 8.371015 19724.637451 5331.028442 296.241455 -1315.26001 181766.7893 -651.087646 -1159.699707 -0.025702 -0.016668 7.32339 8.35488 18906.571045 16815.877686 -521.824951 10169.589233 10369284.645572 -31.032715 -8.050537 -0.051532 0.026023 1.664959 4.868751 18614.315186 17180.671387 -814.080811 10534.382935 11163595.137827 22.62085 16.190186 -0.043654 0.025672 2.496249 4.90307 17136.103516 17754.486084 -2292.29248 11108.197632 12864665.944394 44.967041 3.859863 -0.036243 0.028722 2.877947 6.364324
21730.43457 8976.734009 2171.877441 2240.718384 973787.049594 63.339844 -161.42334 -0.23351 -0.359133 3.19885 21.039503 16688.449707 10125.388794 -2870.107422 3389.373169 1972536.709147 -84.954834 -1.934814 -0.405274 0.491857 4.363687 13.306339 24617.246094 7039.453735 5058.688965 303.43811 2568240.872985 -87.580566 -420.987549 0.075006 -0.050032 10.50015 20.104802 15958.765869 14198.907471 -3599.79126 7462.891846 6865325.181455 -16.378174 54.031982 0.091299 0.080377 5.392051 5.777592 21877.150879 4814.379272 2318.59375 -1921.636353 906856.324894 -103.405762 -276.839294 -0.015899 -0.025648 1.226852 14.160853 17159.802246 15831.580811 -2398.754883 9095.565186 8848333.103235 36.851807 22.648926 0.020598 0.036151 0.042767 6.092857 20293.604736 5962.381592 735.047607 -773.634033 113880.460251 194.197998 349.570923 -0.022724 -0.01538 4.92112 7.110003 19169.80835 5201.586304 -388.748779 -1534.429321 250559.895544 -233.942871 -58.795166 -0.026253 -0.016592 9.291225 8.565015 19286.78833 4832.328186 -271.768799 -1903.687439 369788.414529 -437.849121 -498.700256 -0.029652 -0.018326 9.747044 10.100063 18851.82251 16802.272949 -706.734619 10066.257324 10182901.033928 -54.748535 -13.604736 -0.060264 0.025834 2.277026 4.7982 18657.844238 17042.451172 -900.712891 10306.435547 10703389.739323 43.529053 -138.220215 -0.040331 0.023814 2.130666 4.219064 17180.671387 17759.315186 -2377.885742 11023.299561 12716747.380445 44.567871 4.829102 -0.034209 0.028785 2.563955 6.392095
21657.60498 8936.016846 2152.312012 2201.05896 947710.754101 -72.82959 -40.717163 -0.357654 -0.384093 7.504271 24.065706 16646.800537 10150.527954 -2858.492432 3415.570068 1983709.787362 -41.64917 25.13916 -0.562039 0.537563 8.392464 15.894216 24400.466309 6694.822388 4895.17334 -40.135498 2396433.288532 -216.779785 -344.631348 0.063391 -0.054323 7.499965 23.701195 15940.908203 14177.286377 -3564.384766 7442.328491 6809309.212851 -17.857666 -21.621094 0.088538 0.07796 5.070905 5.435249 21249.331055 4532.839661 1744.038086 -2202.118225 789099.352251 -627.819824 -281.539612 -0.028835 -0.026956 4.035375 15.641889 17118.552246 15805.661621 -2386.740723 9070.703735 8797419.753171 -41.25 -25.919189 -0.020324 0.035595 0.041637 5.906896 20277.265625 5975.521851 771.972656 -759.436035 117268.487349 -16.339111 13.140259 -0.022895 -0.015337 4.995657 7.06964 19514.821777 5511.768188 9.528809 -1223.189697 149628.383369 345.013428 310.181885 -0.023694 -0.015595 7.567974 7.566606 19687.352295 5158.905029 182.059326 -1576.052856 251708.820456 400.563965 326.576843 -0.026038 -0.017241 7.516305 8.938527 18880.876465 16751.516113 -624.416504 10016.558228 10072133.469603 29.053955 -50.756836 -0.05563 0.025128 1.940307 4.539534 18651.92749 16991.685791 -853.365479 10256.727905 10592869.996274 -5.916748 -50.765381 -0.040783 0.023132 2.17866 3.980739 17145.649414 17712.524414 -2359.643555 10977.566528 12607488.458888 -35.021973 -46.790771 -0.035808 0.028178 2.809168 6.125563
21609.118652 8883.962402 2152.457275 2119.041748 912341.025235 -48.486328 -52.054443 -0.440302 -0.416003 11.373268 28.230563 16645.635986 10082.74292 -2811.025391 3317.822266 1890980.833302 -1.164551 -67.785034 -0.566422 0.414323 8.523879 9.441855 24173.688965 6344.413452 4717.027588 -420.507202 2242717.557198 -226.777344 -350.408936 0.051241 -0.058686 4.90037 27.661115 15868.382568 14137.730713 -3588.278809 7372.810059 6723407.29683 -72.525635 -39.555664 0.077326 0.073537 3.867964 4.835996 20902.653809 4319.09729 1445.992432 -2445.823364 807294.604151 -346.677246 -213.742371 -0.035978 -0.027949 6.282315 16.815457 17083.193359 15782.105713 -2373.468018 9017.185059 8694297.681139 -35.358887 -23.555908 -0.055401 0.03509 0.309389 5.740392 19694.737549 5464.537354 238.076172 -1300.383301 174767.699257 -582.528076 -510.984497 -0.029007 -0.017037 8.019115 8.723877 19263.085938 5543.125 -193.575439 -1221.795654 153025.607162 -251.73584 31.356812 -0.025561 -0.015495 8.80791 7.469117 19516.976318 5129.02832 60.314941 -1635.892334 267978.162055 -170.375977 -29.876709 -0.027575 -0.01734 8.429751 9.041842 18871.170654 16676.92749 -585.490723 9912.006836 9859067.890199 -9.705811 -74.588623 -0.057178 0.024091 2.049797 4.17242 18695.919189 16937.460938 -760.742188 10172.540283 10405930.448923 43.991699 -54.224854 -0.037425 0.022403 1.834611 3.733826 17116.781006 17707.664795 -2339.880371 10942.744141 12521868.947821 -28.868408 -4.859619 -0.037125 0.028115 3.019714 6.098206
21567.226562 8833.738403 2159.626465 2125.67749 918249.126014 -41.89209 -50.223999 -0.511711 -0.446792 15.36145 32.563864 16612.043457 10062.831421 -2795.556641 3354.770508 1906962.209103 -33.592529 -19.911499 -0.692863 0.378121 12.754136 7.86398 24070.002441 6006.19812 4662.402344 -701.862793 2223060.699516 -103.686523 -338.215332 0.045685 -0.062897 3.895379 31.773219 15785.406494 14105.740967 -3622.193604 7397.680054 6784595.667842 -82.976074 -31.989746 0.064499 0.069959 2.691149 4.376956 20803.186035 4036.279297 1395.585938 -2671.781616 908607.711367 -99.467773 -282.817993 -0.038028 -0.029263 7.018438 18.43353 17042.208252 15784.504395 -2365.391846 9076.443481 8797690.485559 -40.985107 2.398682 -0.096059 0.035141 0.930148 5.757238 19055.008545 4867.461243 -352.591553 -1840.59967 351212.794977 -639.729004 -597.076111 -0.03572 -0.019023 12.159901 10.876943 18892.738037 5258.150635 -514.862061 -1449.910278 236732.275657 -370.3479 -284.974365 -0.028309 -0.016411 10.802979 8.378336 19213.591309 4984.269714 -194.008789 -1723.791199 300909.550705 -303.38501 -144.758606 -0.030312 -0.017821 10.185958 9.550829 18858.063965 16690.070801 -549.536133 9982.009888 9994251.135931 -13.106689 13.143311 -0.059269 0.024273 2.20242 4.235986 18667.188721 16967.305908 -740.411377 10259.244995 10580031.687696 -28.730469 29.844971 -0.039618 0.022804 2.055958 3.868747 17068.044434 17714.705811 -2339.555664 11006.644897 12661975.260405 -48.736572 7.041016 -0.03935 0.028206 3.392428 6.137862
21506.437988 8787.544556 2152.509766 2093.303223 901521.667309 -60.788574 -46.193848 -0.61533 -0.475109 22.212569 36.822479 16632.226562 10008.357544 -2721.70166 3314.116211 1839102.61865 20.183105 -54.473877 -0.616895 0.279082 10.110639 4.28394 23897.268066 5638.465576 4543.339844 -1055.775757 2175659.938453 -172.734375 -367.732544 0.03643 -0.067475 2.476965 36.567422 15717.44873 14067.698975 -3636.479492 7373.457642 6759186.068959 -67.957764 -38.041992 0.053994 0.065706 1.885894 3.860859 20958.146973 3774.690247 1604.21875 -2919.551086 1109729.63441 154.960938 -261.58905 -0.034835 -0.030478 5.889349 19.996305 17033.900146 15791.685791 -2320.028076 9097.444458 8814602.594076 -8.308105 7.181396 -0.104301 0.035295 1.096609 5.807821 19210.281982 4447.859802 -143.64624 -2246.381531 506686.422408 155.273438 -419.60144 -0.034091 -0.020419 11.07593 12.531968 19193.548584 4795.307007 -160.379639 -1898.934326 363167.320361 300.810547 -462.843628 -0.026077 -0.017898 9.166991 9.966307 19994.667969 4670.800171 640.739746 -2023.441162 450486.155874 781.07666 -313.469543 -0.023266 -0.018864 6.001096 10.700787 18775.026855 16717.08252 -578.901367 10022.841187 10079247.22432 -83.037109 27.011719 -0.072513 0.024649 3.296694 4.368133 18655.133057 16957.099609 -698.795166 10262.858276 10581457.468485 -12.055664 -10.206299 -0.040538 0.022667 2.152591 3.822338 17027.719727 17724.078369 -2326.208496 11029.837036 12706855.101095 -40.324707 9.372559 -0.04119 0.028328 3.717204 6.190849
21402.182617 8740.230713 2094.20166 2035.778809 853007.595092 -104.255371 -47.313843 -0.793041 -0.504114 36.895592 41.455559 16577.709961 10044.516602 -2730.270996 3340.064697 1861041.189403 -54.516602 36.159058 -0.822092 0.344823 17.955505 6.539921 23610.537109 5416.785278 4302.556152 -1287.666626 2017007.478372 -286.730957 -221.680298 0.021067 -0.070235 0.828341 39.620194 15619.445801 14093.439941 -3688.535156 7388.988037 6820243.581144 -98.00293 25.740967 0.038844 0.068584 0.976055 4.206533 21029.128418 3435.733032 1721.147461 -3268.718872 1364687.164692 70.981445 -338.957214 -0.033372 -0.032053 5.405204 22.115853 16931.898193 15741.629639 -2376.082764 9037.177734 8731635.07025 -102.001953 -50.056152 -0.20549 0.034222 4.256534 5.459846 19234.180908 4099.277039 -73.800049 -2605.174866 679238.25282 23.898926 -348.582764 -0.03384 -0.021579 10.913584 13.995966 18530.20874 4379.716797 -777.772217 -2324.735107 600932.29409 -663.339844 -415.59021 -0.030998 -0.019234 12.953022 11.509503 19481.049805 4120.9375 173.068848 -2583.514404 670449.950324 -513.618164 -549.862671 -0.027899 -0.020692 8.629052 12.875807 18730.268555 16652.176514 -577.712402 9947.724609 9929097.652379 -44.758301 -64.906006 -0.079651 0.023746 3.977755 4.054019 18552.347412 16965.892334 -755.633545 10261.44043 10586814.174624 -102.785645 8.792725 -0.048385 0.022785 3.066599 3.862303 17018.679199 17688.232422 -2289.301758 10983.780518 12588433.699665 -9.040527 -35.845947 -0.041603 0.027863 3.792054 5.989427
21323.557129 8702.219238 2048.088379 2053.709106 841238.710171 -78.625488 -38.011475 -0.927064 -0.527415 50.420007 45.376553 16607.922363 9983.012695 -2667.546387 3334.502563 1823471.107113 30.212402 -61.503906 -0.708374 0.233002 13.331599 2.98607 23337.241211 5185.866089 4061.772461 -1462.644043 1863732.312086 -273.295898 -230.919189 0.006424 -0.07311 0.077021 42.930324 15509.324951 14018.438721 -3766.143799 7369.928589 6849968.651845 -110.12085 -75.001221 0.021821 0.060197 0.30801 3.240658 20824.316406 3076.36322 1548.847656 -3572.146912 1515916.262048 -204.812012 -359.369812 -0.037592 -0.033722 6.85865 24.479626 16843.496094 15709.14917 -2431.972656 9060.639038 8800967.077923 -88.4021 -32.480469 -0.293187 0.033525 8.664943 5.239802 19135.05127 3754.754639 -140.41748 -2893.755493 839353.792304 -99.129639 -344.5224 -0.03488 -0.022725 11.594801 15.52236 18685.205078 3943.739319 -590.263672 -2704.770813 766419.635313 154.996338 -435.977478 -0.029848 -0.020636 12.009927 13.247739 19841.760254 3655.515137 566.291504 -2992.994995 927870.510819 360.710449 -465.422363 -0.024646 -0.02224 6.733704 14.873951 18691.833496 16621.896973 -583.635254 9973.386841 9980907.518625 -38.435059 -30.279541 -0.085782 0.023325 4.613598 3.911489 18420.548096 17027.696533 -854.920654 10379.186401 10845839.967947 -131.799316 61.804199 -0.058447 0.023616 4.474645 4.149082 16951.549072 17713.289795 -2323.919678 11064.779663 12782995.16612 -67.130127 25.057373 -0.044667 0.028188 4.371186 6.129877
21353.535156 8875.939941 2104.200439 2208.491821 930509.56141 29.978027 173.720703 -0.875965 -0.420921 45.014881 28.901982 16519.979248 10063.932495 -2729.355469 3396.484375 1898548.738441 -87.943115 80.9198 -1.039387 0.380123 28.701958 7.947469 23146.591797 5091.500854 3897.25708 -1575.947266 1767222.253225 -190.649414 -94.365234 -0.003791 -0.074285 0.026823 44.321228 15421.060791 14061.361084 -3828.273926 7393.912964 6932563.016806 -88.26416 42.922363 0.008176 0.064997 0.043245 3.778021 20675.341797 2821.640015 1426.00708 -3845.808105 1682373.617652 -148.974609 -254.723206 -0.040662 -0.034906 8.024443 26.227748 16901.507568 15740.408936 -2347.827148 9072.960815 8783091.027726 58.011475 31.259766 -0.235638 0.034195 5.597149 5.451495 18899.020996 3489.675293 -350.313721 -3177.772827 1022095.984388 -236.030273 -265.079346 -0.037357 -0.023607 13.299803 16.750549 18227.115479 3328.905945 -1022.219238 -3338.542175 1219079.602732 -458.0896 -614.833374 -0.033246 -0.022612 14.900227 15.906742 19779.351807 3277.021484 530.01709 -3390.426636 1177591.088788 -62.408447 -378.493652 -0.025209 -0.023498 7.044836 16.605111 18656.260986 16729.758301 -593.07373 10062.310181 10160182.262167 -35.57251 107.861328 -0.091455 0.024825 5.244074 4.430846 18490.163574 17001.672363 -759.171143 10334.224243 10737253.153172 69.615479 -26.02417 -0.053133 0.023266 3.697876 4.027075 16883.24585 17699.708252 -2366.088867 11032.260132 12730914.014393 -68.303223 -13.581543 -0.047785 0.028012 5.002661 6.053549
21316.433105 8865.852661 2108.106689 2221.511841 937922.867302 -37.102051 -10.08728 -0.939208 -0.427105 51.749543 29.75741 16558.134766 10023.479004 -2650.19165 3379.138184 1844209.064762 38.155518 -40.453491 -0.895772 0.306574 21.318257 5.169537 23047.421875 4966.319885 3839.095459 -1678.020935 1755440.820169 -99.169922 -125.180969 -0.009104 -0.075844 0.154707 46.200562 15379.080811 14037.06665 -3829.245605 7392.72583 6931551.710571 -41.97998 -24.294434 0.001687 0.06228 0.00184 3.468808 20612.866211 2763.28949 1404.539795 -3881.051331 1703529.146601 -62.475586 -58.350525 -0.041949 -0.035177 8.540562 26.636685 16823.597412 15717.905273 -2384.729004 9073.564453 8801650.430709 -77.910156 -22.503662 -0.312927 0.033713 9.87103 5.298676 18409.768066 3286.732483 -798.55835 -3357.608337 1191122.918512 -489.25293 -202.94281 -0.04249 -0.024283 17.206331 17.722442 17839.731445 3087.607727 -1368.594971 -3556.733093 1452340.249054 -387.384033 -241.298218 -0.03612 -0.023388 17.587376 17.0167 19774.868164 3163.509216 566.541748 -3480.831604 1243715.820771 -4.483643 -113.512268 -0.025249 -0.023876 7.067459 17.142867 18650.805664 16799.594727 -557.520752 10155.253906 10344001.128926 -5.455322 69.836426 -0.092325 0.025797 5.344333 4.784372 18479.443359 17040.59082 -728.883057 10396.25 10861328.457276 -10.720215 38.918457 -0.053951 0.023789 3.812672 4.210208 16773.292236 17727.667236 -2435.03418 11083.326416 12876951.59002 -109.953613 27.958984 -0.052803 0.028374 6.108661 6.211199
21337.524414 8868.867798 2118.66333 2210.861816 937664.427746 21.091309 3.015137 -0.903256 -0.425257 47.863546 29.500411 16526.784668 10015.606079 -2692.076416 3357.600098 1852075.384545 -31.350098 -7.872925 -1.013772 0.29226 27.304697 4.698079 22978.161621 4934.572449 3759.300537 -1723.433533 1710256.367 -69.260254 -31.747437 -0.012815 -0.076239 0.306525 46.683387 15325.389404 13977.53418 -3893.47168 7319.528198 6873461.476539 -53.691406 -59.532471 -0.006613 0.055623 0.028292 2.766899 20573.200684 2779.975281 1354.3396 -3878.030701 1687335.786651 -39.665527 16.685791 -0.042767 -0.035099 8.876593 26.519423 16817.867432 15696.672363 -2400.993652 9038.666382 8746226.048073 -5.72998 -21.23291 -0.318612 0.033257 10.232901 5.156479 18444.605713 2991.620789 -774.255371 -3666.385193 1404185.176217 34.837646 -295.111694 -0.042125 -0.025264 16.911553 19.184635 17970.651855 2776.023865 -1248.209229 -3881.982117 1662781.143252 130.92041 -311.583862 -0.035149 -0.024389 16.654319 18.505342 19789.498291 3051.554871 570.637207 -3606.451111 1333211.643693 14.630127 -111.954346 -0.025117 -0.024248 6.993773 17.681635 18629.882812 16807.293701 -588.978271 10149.28772 10335493.662207 -20.922852 7.698975 -0.095663 0.025904 5.737657 4.824177 18467.254639 17049.329834 -751.606445 10391.323853 10854452.365698 -12.188721 8.739014 -0.054882 0.023907 3.945325 4.25189 16733.029785 17756.320801 -2485.831299 11098.314819 12935194.907533 -40.262451 28.653564 -0.054641 0.028746 6.541258 6.374868
21315.932617 8911.908569 2116.691895 2258.45459 958100.171076 -21.591797 43.040771 -0.940061 -0.398872 51.843599 25.953299 16586.297607 10038.81958 -2612.943115 3385.365601 1828817.197308 59.512939 23.213501 -0.789769 0.334465 16.571296 6.152929 22923.969727 4950.529785 3724.729004 -1702.924194 1677355.69642 -54.191895 15.957336 -0.015719 -0.076041 0.461158 46.440389 15292.866211 13968.668213 -3906.374512 7315.214233 6877212.110632 -32.523193 -8.865967 -0.011641 0.054632 0.087661 2.669147 20578.847656 2989.013367 1379.606934 -3664.440613 1533144.029591 5.646973 209.038086 -0.04265 -0.034128 8.828358 25.072302 16763.604736 15630.982666 -2435.635986 8977.528687 8652834.397525 -54.262695 -65.689697 -0.372442 0.031848 13.982742 4.728803 18603.291016 3091.010132 -595.949707 -3562.443848 1304616.222101 158.685303 99.389343 -0.04046 -0.024934 15.601062 18.685717 18160.653076 2418.369293 -1038.587646 -4235.084686 1901460.659939 190.001221 -357.654572 -0.033739 -0.025539 15.345432 20.291032 19782.814941 2944.243469 583.574219 -3709.21051 1409880.147817 -6.68335 -107.311401 -0.025177 -0.024605 7.027387 18.205885 18607.489014 16807.055664 -591.751709 10153.601685 10344579.7254 -22.393799 -0.238037 -0.099234 0.025901 6.174105 4.822943 18443.673096 17016.77124 -755.567627 10363.317261 10796922.70857 -23.581543 -32.558594 -0.056682 0.023469 4.208409 4.09764 16676.12915 17751.064453 -2523.111572 11097.610474 12952305.023059 -56.900635 -5.256348 -0.057238 0.028678 7.177857 6.344684
21332.53418 8943.740845 2166.906738 2240.626221 971589.067331 16.601562 31.832275 -0.911762 -0.379358 48.769282 23.476017 16586.607666 9988.416138 -2579.019775 3285.301514 1744454.903759 0.310059 -50.403442 -0.788602 0.242826 16.522357 3.243182 22967.155762 4963.051453 3801.52832 -1740.063171 1747943.741055 43.186035 12.521667 -0.013405 -0.075885 0.335383 46.250153 15289.033203 13937.237549 -3876.594238 7234.122925 6736051.737946 -3.833008 -31.430664 -0.012234 0.051117 0.096813 2.33677 20602.351074 3291.567078 1436.723633 -3411.547546 1370283.145834 23.503418 302.553711 -0.042166 -0.032723 8.629011 23.049699 16814.927979 15580.366211 -2350.699463 8877.251587 8433138.37022 51.323242 -50.616455 -0.321528 0.030763 10.421067 4.411889 18520.067139 3183.052368 -645.560303 -3520.062256 1280758.638959 -83.223877 92.042236 -0.041333 -0.024628 16.28177 18.229543 18124.179688 2549.553375 -1041.447754 -4153.561249 1833668.447148 -36.473389 131.184082 -0.03401 -0.025117 15.592537 19.626509 19762.611084 3050.395813 596.983643 -3652.718811 1369874.4182 -20.203857 106.152344 -0.02536 -0.024252 7.12949 17.687257 18602.714844 16834.32251 -562.912598 10131.207886 10295824.381672 -4.77417 27.266846 -0.099996 0.02628 6.269221 4.965223 18416.602783 17031.04248 -749.024658 10327.927856 10722713.174654 -27.070312 14.27124 -0.058748 0.023661 4.520882 4.164901 16638.24707 17723.99292 -2527.380371 11020.878296 12784740.99532 -37.88208 -27.071533 -0.058967 0.028327 7.618066 6.190365
21354.848633 8943.953857 2222.401123 2244.54895 997706.674154 22.314453 0.213013 -0.873726 -0.379227 44.785063 23.459858 16538.192139 10017.680664 -2594.255371 3318.275757 1774111.492885 -48.415527 29.264526 -0.970835 0.296032 25.040762 4.820126 23069.472656 5039.983521 3937.025146 -1659.421387 1825384.634275 102.316895 76.932068 -0.007923 -0.074927 0.11716 45.08993 15295.858154 13948.687744 -3836.589355 7249.282837 6727151.953207 6.824951 11.450195 -0.011179 0.052398 0.080834 2.455297 20737.856445 3673.872986 1605.408936 -3025.531921 1173118.125766 135.505371 382.305908 -0.039374 -0.030947 7.524101 20.615576 16811.236572 15415.975342 -2321.210938 8716.570435 8136662.035719 -3.691406 -164.390869 -0.32519 0.027236 10.659796 3.458438 18580.167236 3370.201416 -552.280273 -3329.203491 1138860.938632 60.100098 187.149048 -0.040702 -0.024005 15.788738 17.319391 18232.879639 2838.877258 -899.567871 -3860.527649 1571289.608282 108.699951 289.323883 -0.033204 -0.024187 14.861924 18.200025 19799.692383 3233.232727 667.244873 -3466.17218 1245956.530323 37.081299 182.836914 -0.025025 -0.023644 6.942658 16.811542 18644.82666 16817.581787 -487.62085 10118.17688 10261527.746557 42.111816 -16.740723 -0.093279 0.026047 5.455306 4.877624 18463.803711 17008.631592 -668.643799 10309.226685 10672723.936357 47.200928 -22.410889 -0.055145 0.02336 3.983294 4.059523 16694.272461 17622.987061 -2438.175049 10923.582153 12526934.462907 56.025391 -101.005859 -0.05641 0.027017 6.971661 5.631357
21306.665039 8727.773438 2205.546875 2058.908081 910353.950405 -48.183594 -216.18042 -0.955858 -0.51175 53.600657 42.721048 16598.476562 9988.458862 -2502.641602 3319.593506 1728291.603002 60.284424 -29.221802 -0.743928 0.242904 14.703414 3.245257 23228.044434 5178.268433 4126.92627 -1490.596924 1925339.962347 158.571777 138.284912 0.000573 -0.073205 0.000613 43.041489 15245.38208 13887.808838 -3855.736084 7218.943481 6697984.573764 -50.476074 -60.878906 -0.018981 0.04559 0.23307 1.858757 20832.426758 4126.726074 1731.308594 -2542.139282 945990.157703 94.570312 452.853088 -0.037425 -0.028843 6.797808 17.907979 16835.52002 15367.456055 -2265.598145 8698.590698 8079841.508805 24.283447 -48.519287 -0.3011 0.026196 9.13895 3.199189 19009.824219 3684.80835 -91.293945 -2984.057007 891293.08045 429.656982 314.606934 -0.036194 -0.022958 12.484839 15.8419 18499.650879 3417.217407 -601.467285 -3251.647949 1093497.728077 266.77124 578.340149 -0.031225 -0.022328 13.143161 15.50987 19802.736816 3427.2995 701.618652 -3241.565857 1100001.793815 3.044434 194.066772 -0.024998 -0.022999 6.927429 15.906363 18651.594238 16669.810791 -449.523926 10000.945435 10022098.13451 6.767578 -147.770996 -0.0922 0.023992 5.329781 4.138201 18377.29126 17008.294678 -723.826904 10339.429321 10742772.407732 -86.512451 -0.336914 -0.06175 0.023355 4.994578 4.057949 16753.128662 17551.500244 -2347.989502 10882.634888 12394479.680017 58.856201 -71.486816 -0.053724 0.026091 6.323457 5.251703
21314.001465 8753.371582 2211.350098 2065.192261 915508.832823 7.336426 25.598145 -0.943353 -0.496058 52.207315 40.141246 16571.322021 10026.616211 -2531.329346 3338.43689 1755278.912258 -27.154541 38.157349 -0.846136 0.312278 19.021159 5.363684 23358.435059 5307.325439 4255.783691 -1380.853882 2001845.227102 130.390625 129.057007 0.00756 -0.071598 0.106657 41.172702 15221.791992 13896.223145 -3880.859375 7208.043823 6701696.524631 -23.590088 8.414307 -0.022628 0.046531 0.331227 1.93627 21098.28125 4511.500854 1995.629883 -2176.678467 872046.777699 265.854492 384.77478 -0.031948 -0.027056 4.953497 15.757144 16801.293945 15223.365479 -2301.357422 8535.186157 7814564.872173 -34.226074 -144.090576 -0.335053 0.023105 11.316251 2.488812 19202.15332 4203.358765 99.501953 -2484.820557 618423.383738 192.329102 518.550415 -0.034176 -0.021233 11.131422 13.550371 18728.773193 3808.137512 -373.878174 -2880.041809 843442.571093 229.122314 390.920105 -0.029525 -0.021071 11.751249 13.813295 19866.430664 3770.349121 763.779297 -2917.8302 909709.189151 63.693848 343.049622 -0.024423 -0.021858 6.61265 14.36756 18684.146729 16694.772949 -418.504639 10006.593628 10030706.216711 32.55249 24.962158 -0.087008 0.024339 4.746417 4.258844 18352.169189 17013.457031 -750.482178 10325.27771 10717458.328691 -25.12207 5.162354 -0.063668 0.023425 5.309652 4.082099 16828.826904 17496.572266 -2273.824463 10808.392944 12199163.572721 75.698242 -54.927979 -0.050268 0.025379 5.536255 4.96899
21359.611816 8859.750977 2302.028809 2114.420166 977010.927405 45.610352 106.379395 -0.865606 -0.430845 43.956588 30.280904 16573.220215 9974.266357 -2484.362793 3228.935547 1659808.325296 1.898193 -52.349854 -0.838991 0.2171 18.701289 2.592395 23465.285645 5282.903442 4407.702637 -1462.427368 2156653.634089 106.850586 -24.421997 0.013285 -0.071902 0.329378 41.523159 15150.533447 13907.418213 -3907.049561 7162.087402 6656053.222738 -71.258545 11.195068 -0.033644 0.047783 0.732213 2.041856 21236.003418 4822.055054 2178.42041 -1923.275757 844450.512022 137.722168 310.554199 -0.02911 -0.025613 4.112602 14.121506 16813.912354 15080.462646 -2243.670654 8335.131836 7450848.072741 12.618408 -142.902832 -0.322535 0.02004 10.486479 1.87226 19876.796875 4215.631714 819.213867 -2529.699097 707048.887993 674.643555 12.272949 -0.027097 -0.021192 6.997682 13.498303 19312.288818 3945.166626 254.705811 -2800.164185 790579.451048 583.515625 137.029114 -0.025196 -0.020631 8.558166 13.241849 19593.540039 3937.76825 535.957031 -2807.562561 816965.747347 -272.890625 167.419128 -0.026885 -0.021301 8.012787 13.644994 18715.916748 16612.843018 -341.66626 9867.512207 9748453.298897 31.77002 -81.929932 -0.08194 0.023199 4.209668 3.869366 18290.319824 17037.816162 -767.263184 10292.485352 10652394.750503 -61.849365 24.359131 -0.068389 0.023752 6.126415 4.197017 16740.214844 17380.678711 -2317.368164 10635.3479 11848082.017015 -88.612061 -115.893555 -0.054313 0.023877 6.462974 4.398151
21387.092285 8864.790039 2365.600586 2093.573608 997911.658597 27.480469 5.039062 -0.818764 -0.427756 39.327859 29.848249 16589.544678 9946.326904 -2431.947021 3175.110474 1599569.283508 16.324463 -27.939453 -0.777547 0.166303 16.062378 1.521186 23619.926758 5459.660034 4598.435059 -1311.556396 2286578.516926 154.641113 176.756592 0.02157 -0.069702 0.868376 39.020218 15095.532227 13934.846191 -3925.959473 7163.629761 6673074.912993 -55.001221 27.427979 -0.042146 0.05085 1.149068 2.312386 21304.467773 5015.131836 2282.976074 -1756.084595 829581.285929 68.464355 193.076782 -0.027699 -0.024716 3.723662 13.149775 16834.748535 14868.116455 -2186.743164 8096.900024 7034163.567093 20.836182 -212.346191 -0.301865 0.015485 9.185468 1.117904 20106.00708 4380.929565 1084.515381 -2390.286865 688964.490943 229.210205 165.297852 -0.024692 -0.020642 5.810625 12.806793 19735.369873 4299.784241 713.878174 -2471.43219 661759.911655 423.081055 354.617615 -0.022058 -0.019491 6.558924 11.819045 19849.741211 4270.029602 828.249512 -2501.186829 694193.280529 256.201172 332.261353 -0.024574 -0.020196 6.694423 12.266193 18836.987305 16381.445312 -184.504395 9610.228882 9239054.103287 121.070557 -231.397705 -0.06263 0.019981 2.459342 2.870197 18411.929932 16906.207275 -609.561768 10134.990845 10308960.497118 121.610107 -131.608887 -0.059105 0.021983 4.575953 3.595103 16805.712891 17236.306152 -2215.778809 10465.089722 11442777.861142 65.498047 -144.372559 -0.051323 0.022005 5.771075 3.735743
21382.8125 8926.062012 2357.88208 2183.43689 1032700.455463 -4.279785 61.271973 -0.826059 -0.390195 40.031808 24.836497 16555.455322 9950.840454 -2469.475098 3208.215332 1639095.287462 -34.089355 4.51355 -0.905857 0.17451 21.800994 1.675014 23687.480469 5535.5896 4662.550049 -1207.035522 2319630.771031 67.553711 75.929565 0.02519 -0.068756 1.184257 37.968915 15044.036865 13945.52002 -3980.893555 7202.894897 6772920.839762 -51.495361 10.673828 -0.050107 0.052044 1.624129 2.422212 21116.674805 5149.118042 2091.744385 -1593.50708 691465.938546 -187.792969 133.986206 -0.031569 -0.024093 4.836669 12.495797 16814.332275 14662.949219 -2210.598145 7920.324097 6761827.795305 -20.41626 -205.167236 -0.322118 0.011084 10.459409 0.572788 20109.23584 4947.532654 1084.30542 -1795.092468 439807.521328 3.22876 566.603088 -0.024658 -0.018757 5.794691 10.574431 19641.309814 4596.104736 616.379395 -2146.520386 498747.332441 -94.060059 296.320496 -0.022756 -0.018539 6.980442 10.692142 19882.330322 4550.25238 857.399902 -2192.372742 554163.283108 32.589111 280.222778 -0.02428 -0.019264 6.535215 11.160412 18927.895508 16124.710693 -97.034912 9382.085571 8803294.544116 90.908203 -256.734619 -0.048131 0.01641 1.452434 1.935936 18401.455078 16867.988281 -623.475342 10125.363159 10291170.06071 -10.474854 -38.218994 -0.059905 0.021469 4.700615 3.429033 16893.670654 17162.198486 -2131.259766 10419.573364 11310977.728172 87.957764 -74.107666 -0.047309 0.021045 4.903528 3.41671
21442.932129 8874.911499 2443.349609 2129.750977 1050579.65358 60.119629 -51.150513 -0.72358 -0.421552 30.715433 28.988626 16577.979736 9971.860962 -2421.602783 3226.700439 1627575.576558 22.524414 21.020508 -0.821077 0.212727 17.911176 2.489005 23739.680176 5625.373535 4740.097656 -1119.786987 2372244.868772 52.199707 89.783936 0.027987 -0.067638 1.461836 36.744313 14994.18457 13875.325928 -4005.397949 7130.165405 6688247.143816 -49.852295 -70.194092 -0.057813 0.044194 2.162136 1.746679 21115.842285 5115.314026 2116.259766 -1629.846497 713495.499802 -0.83252 -33.804016 -0.031586 -0.024251 4.841926 12.659219 16819.290771 14512.919922 -2180.291748 7767.759399 6509175.819379 4.958496 -150.029297 -0.3172 0.007866 10.142403 0.288476 20212.84668 4881.569519 1213.26416 -1863.591003 494498.135034 103.61084 -65.963135 -0.023571 -0.018976 5.294986 10.823332 19769.191895 4603.422852 769.609375 -2141.737671 517933.884103 127.88208 7.318115 -0.021807 -0.018515 6.410564 10.665026 20019.603271 4499.890137 1020.020752 -2245.270386 608168.143951 137.272949 -50.362244 -0.023041 -0.019432 5.885626 11.355296 18944.742432 15914.47876 -54.840088 9169.318237 8407940.437221 16.846924 -210.231934 -0.045444 0.013485 1.294789 1.307448 18421.588135 16855.371094 -577.994385 10110.210571 10255043.530463 20.133057 -12.617188 -0.058368 0.0213 4.462495 3.375071 17008.343506 17074.224854 -1991.239014 10329.064331 11065460.276464 114.672852 -87.973633 -0.042075 0.019904 3.878541 3.056467
21481.970215 8881.577759 2448.459473 2187.197266 1077878.5668 39.038086 6.66626 -0.657037 -0.417465 25.325767 28.429315 16592.485352 9947.153931 -2441.025391 3252.773438 1653913.999338 14.505615 -24.707031 -0.766478 0.167807 15.60833 1.548818 23778.395996 5700.595703 4744.885254 -993.78479 2350154.428165 38.71582 75.222168 0.030061 -0.066702 1.686572 35.733778 14890.045166 13891.253662 -4143.465576 7196.873169 6896329.039081 -104.139404 15.927734 -0.073912 0.045975 3.533916 1.890299 21294.030762 5031.249695 2260.52002 -1663.130798 787595.481109 178.188477 -84.064331 -0.027914 -0.024641 3.781706 13.070222 16810.539551 14315.998535 -2222.971191 7621.618042 6303066.249584 -8.751221 -196.921387 -0.325881 0.003642 10.705177 0.061849 20132.192383 4642.199402 1098.681641 -2052.181091 541854.857897 -80.654297 -239.370117 -0.024417 -0.019773 5.682031 11.750873 20028.643799 4624.329529 995.133057 -2070.050964 527540.079545 259.451904 20.906677 -0.019882 -0.018448 5.328925 10.587748 20288.463135 4526.208496 1254.952393 -2168.171997 627587.531652 268.859863 26.318359 -0.020616 -0.019344 4.711851 11.253243 18928.068848 15791.219482 -105.441895 9096.838989 8276359.75896 -16.673584 -123.259277 -0.048103 0.011771 1.450766 0.996139 18583.929443 16764.755859 -449.581299 10070.375366 10161458.336064 162.341309 -90.615234 -0.045974 0.020082 2.768592 3.000094 17102.406006 16774.705811 -1931.104736 10080.325317 10534212.400694 94.0625 -299.519043 -0.037781 0.016022 3.127393 1.980406
21435.754395 8883.271484 2369.118652 2230.098877 1058606.418987 -46.21582 1.693726 -0.735815 -0.416427 31.762948 28.288077 16584.897461 9984.138794 -2481.738281 3330.966187 1725436.063238 -7.587891 36.984863 -0.795039 0.23505 16.793192 3.038778 23829.73877 5720.594482 4763.103027 -932.578125 2355685.240832 51.342773 19.998779 0.032812 -0.066453 2.009379 35.467486 14787.414551 13871.776123 -4279.221191 7218.603516 7041997.072077 -102.630615 -19.477539 -0.089777 0.043797 5.213869 1.715444 21250.703125 4856.358337 2184.067383 -1796.81427 799869.185361 -43.327637 -174.891357 -0.028807 -0.025453 4.027466 13.946331 16857.548828 14124.661865 -2209.086914 7471.489258 6070321.672349 47.009277 -191.33667 -0.279246 -0.000462 7.860517 0.000994 19977.199707 4638.17627 910.563965 -2014.996338 488933.697578 -154.992676 -4.023132 -0.026044 -0.019786 6.464136 11.766788 19904.528809 4593.931885 837.893066 -2059.240723 494253.714458 -124.11499 -30.397644 -0.020803 -0.018546 5.833892 10.7002 20360.98877 4403.639221 1294.353027 -2249.533386 673575.021516 72.525635 -122.569275 -0.019962 -0.019752 4.417556 11.732445 18973.189697 15713.077393 -93.446045 9059.904785 8209060.687941 45.12085 -78.14209 -0.040907 0.010684 1.049146 0.820671 18818.659668 16503.21167 -247.976074 9850.039062 9708476.166616 234.730225 -261.544189 -0.028054 0.016566 1.030921 2.041599 17288.045654 16450.656738 -1778.590088 9797.484131 9915407.799518 185.639648 -324.049072 -0.029308 0.011822 1.88194 1.07814
21472.524414 8862.680054 2404.20166 2247.357788 1083080.265037 36.77002 -20.591431 -0.673138 -0.42905 26.582224 30.029034 16667.22168 10005.41748 -2401.101074 3390.095215 1725803.193432 82.324219 21.278687 -0.485175 0.273737 6.253934 4.121408 23916.71875 5710.351562 4848.395996 -904.970703 2432591.570845 86.97998 -10.24292 0.037472 -0.06658 2.620711 35.60375 14653.105469 13860.712891 -4415.217285 7245.390625 7198982.898398 -134.309082 -11.063232 -0.11054 0.04256 7.904311 1.619904 21267.521973 4678.577881 2199.199219 -1936.744385 858745.601567 16.818848 -177.780457 -0.02846 -0.026279 3.931149 14.86604 16813.743896 13858.237305 -2254.578857 7242.915039 5754294.408741 -43.804932 -266.424561 -0.322702 -0.006177 10.497349 0.177856 19827.949219 4506.240845 759.626465 -2109.081421 502525.680607 -149.250488 -131.935425 -0.02761 -0.020225 7.264911 12.29468 19738.143311 4418.267517 669.820557 -2197.054749 527570.914616 -166.385498 -175.664368 -0.022037 -0.01911 6.546695 11.361682 20399.631348 4298.397522 1331.308594 -2316.924744 714052.283954 38.642578 -105.241699 -0.019613 -0.020102 4.264627 12.151875 19245.909424 15654.571533 177.58667 9039.249268 8173956.434675 272.719727 -58.505859 0.002591 0.00987 0.004209 0.700416 19102.750244 16142.01416 34.42749 9526.691895 9075904.370541 284.090576 -361.19751 -0.006366 0.011711 0.053081 1.020252 17471.97876 16142.548828 -1596.343994 9527.226562 9331636.012083 183.933105 -308.10791 -0.020913 0.007828 0.958204 0.472726
21536.315918 8898.366089 2465.786133 2302.763062 1138281.897029 63.791504 35.686035 -0.5644 -0.407174 18.68778 27.044884 16668.7146 9995.518799 -2401.815186 3399.915771 1732814.343871 1.49292 -9.898682 -0.479556 0.25574 6.109908 3.597296 23953.737793 5769.944458 4883.208008 -825.658569 2452743.252068 37.019043 59.592896 0.039456 -0.065838 2.905491 34.81463 14531.149902 13711.175537 -4539.379883 7115.57251 7123734.186222 -121.955566 -149.537354 -0.129393 0.025839 10.830419 0.597078 21420.305176 4556.752319 2349.775391 -2038.850708 967835.659593 152.783203 -121.825562 -0.025312 -0.026845 3.10959 15.513235 16813.874512 13578.460693 -2256.655273 6982.857666 5385279.420697 0.130615 -279.776611 -0.322573 -0.012178 10.48892 0.691363 19842.719727 4454.486389 772.189941 -2141.116638 518065.776392 14.770508 -51.754456 -0.027455 -0.020397 7.183579 12.50492 19847.442627 4428.038025 776.912842 -2167.565002 530193.160356 109.299316 9.770508 -0.021227 -0.019079 6.073823 11.324369 20493.491211 4249.500427 1422.961426 -2346.1026 752901.662945 93.859863 -48.897095 -0.018767 -0.020265 3.904392 12.349256 19329.165039 14821.490479 258.635254 8225.887451 6773211.655391 83.255615 -833.081055 0.01587 -0.001717 0.157909 0.021201 19364.302979 15592.27417 293.773193 8996.671143 8102639.433683 261.552734 -549.73999 0.013602 0.004321 0.242343 0.138913 17896.77124 15665.263672 -1173.758545 9069.660645 8363645.332874 424.79248 -477.285156 -0.001524 0.001641 0.00509 0.020781
21561.381836 8900.681763 2517.174072 2352.902222 1187231.417487 25.065918 2.315674 -0.521674 -0.405754 15.965435 26.856637 16680.054932 10038.006592 -2364.152832 3490.227051 1777090.347921 11.340332 42.487793 -0.436871 0.332987 5.070649 6.098666 24015.610352 5928.305054 4971.402588 -619.474487 2509859.233131 61.872559 158.360596 0.042771 -0.063867 3.414248 32.760617 14317.802734 13607.543945 -4726.405029 7059.764404 7217917.794514 -213.347168 -103.631592 -0.162373 0.014251 17.055161 0.18162 21560.537109 4578.844604 2516.329346 -1968.934937 1020861.816031 140.231934 22.092285 -0.022423 -0.026743 2.440188 15.394847 16737.843018 13193.07373 -2306.364746 6645.294189 4947925.32064 -76.031494 -385.386963 -0.397998 -0.020444 15.967527 1.948561 20008.857422 4316.040649 964.649658 -2231.738892 591120.744336 166.137695 -138.44574 -0.025711 -0.020858 6.300292 13.076083 20103.664551 4313.06366 1059.456787 -2234.715881 611640.37541 256.221924 -114.974365 -0.019326 -0.019448 5.034782 11.767335 20507.788086 4139.225159 1463.580322 -2408.554382 794320.157234 14.296875 -110.275269 -0.018638 -0.020631 3.850916 12.800236 19156.400146 14067.001953 112.192383 7519.222412 5655129.281353 -172.764893 -754.488525 -0.011685 -0.012212 0.08561 1.072119 19679.688721 14651.697998 635.480957 8103.918457 6607733.040496 315.385742 -940.576172 0.037679 -0.008322 1.859685 0.515219 18261.721191 14976.107178 -782.486572 8428.327637 7164899.198765 364.949951 -689.156494 0.015133 -0.007292 0.501755 0.410187
21576.052246 9008.224487 2518.21167 2491.033936 1254664.008258 14.67041 107.542725 -0.496667 -0.339828 14.471488 18.838441 16733.841553 9968.29834 -2323.999023 3451.107788 1731111.642593 53.786621 -69.708252 -0.234421 0.20625 1.459994 2.339739 24120.800781 6140.290527 5062.960205 -376.900024 2577561.966661 105.19043 211.985474 0.048407 -0.061227 4.373351 30.108812 14144.769287 13393.422852 -4913.071289 6876.2323 7142084.013229 -173.033447 -214.121094 -0.189122 -0.009692 23.137206 0.084009 21691.386719 4593.540955 2633.546143 -1923.649597 1063599.305777 130.849609 14.69635 -0.019727 -0.026674 1.888659 15.316343 16880.944824 12818.666992 -2176.895752 6301.47644 4444748.044416 143.101807 -374.406738 -0.256037 -0.028475 6.608168 3.780122 20328.659668 4099.978333 1270.819092 -2417.212219 745789.607691 319.802246 -216.062317 -0.022356 -0.021577 4.763095 13.99294 20524.880371 4138.771973 1467.039795 -2378.418579 780908.06973 421.21582 -174.291687 -0.016201 -0.020009 3.538326 12.455041 20728.344727 4128.94104 1670.50415 -2388.249512 849431.98467 220.556641 -10.284119 -0.016648 -0.020665 3.072659 12.842706 19245.29541 13376.356201 187.454834 6859.165649 4708329.272089 88.895264 -690.645752 0.002493 -0.021818 0.003897 3.422361 20092.462158 13998.277588 1034.621582 7481.087036 5703710.50602 412.773438 -653.42041 0.069192 -0.017105 6.27105 2.176684 18741.201172 14202.520752 -316.639404 7685.3302 5916456.079839 479.47998 -773.586426 0.037018 -0.017319 3.002318 2.314037
21533.347168 9122.592163 2508.702393 2573.978271 1291895.18366 -42.705078 114.367676 -0.569461 -0.269719 19.024395 11.867194 16704.94751 9900.079346 -2319.697266 3351.465454 1661331.609418 -28.894043 -68.218994 -0.343177 0.08222 3.128908 0.371825 24222.270508 6447.105103 5197.625732 -101.508789 2702561.728859 101.469727 306.814575 0.053844 -0.057407 5.410886 26.468939 14024.779053 13224.569092 -4999.865723 6675.9552 6956703.507961 -119.990234 -168.85376 -0.207671 -0.028573 27.898335 0.730139 21653.02002 4509.075317 2628.375244 -2039.538574 1106807.401974 -38.366699 -84.465637 -0.020517 -0.027067 2.043063 15.770272 16970.411377 12372.191162 -2054.233398 5823.577271 3813392.708083 89.466553 -446.47583 -0.167284 -0.038052 2.820866 6.750378 20934.567871 3926.272278 1909.923096 -2622.341614 1052448.177081 605.908203 -173.706055 -0.015998 -0.022155 2.439203 14.752585 21036.489258 3994.432678 2011.844482 -2554.181213 1057135.989223 511.608887 -144.339294 -0.012406 -0.020473 2.074755 13.039347 20921.884766 4107.2052 1897.23999 -2441.408691 955999.597902 193.540039 -21.73584 -0.014902 -0.020738 2.462027 12.9327 19137.098389 11604.075928 112.453613 5055.462036 2557034.221392 -108.197021 -1772.280273 -0.014764 -0.046469 0.136662 15.524753 20391.918945 12981.826172 1367.27417 6433.21228 4325565.88988 299.456787 -1016.451416 0.092053 -0.030768 11.099647 7.042792 19103.220215 13436.687012 78.575439 6888.07312 4745172.540777 362.019043 -765.83374 0.053542 -0.027246 6.280769 5.726962
21495.061035 9248.991089 2494.649658 2728.406372 1366747.824833 -38.286133 126.398926 -0.634723 -0.192234 23.634748 6.028165 16661.99585 9913.877563 -2338.415527 3393.292847 1698262.352185 -42.95166 13.798218 -0.504845 0.107307 6.771302 0.633339 24257.402344 6720.202637 5256.990967 199.61792 2767580.133894 35.131836 273.097534 0.055726 -0.054007 5.795824 23.426252 13825.496826 12945.131836 -5174.914551 6424.547119 6805454.629395 -199.282227 -279.437256 -0.238477 -0.05982 36.789281 3.200189 21817.734375 4680.080872 2817.322998 -1840.503845 1132476.327957 164.714355 171.005554 -0.017124 -0.026272 1.423062 14.858142 17027.330322 11828.343506 -1973.081055 5307.758789 3206535.221124 56.918945 -543.847656 -0.110818 -0.049717 1.237939 11.523664 21292.939453 3604.056702 2292.528076 -2916.528015 1376182.064311 358.371582 -322.215576 -0.012238 -0.023227 1.427308 16.214852 21231.367188 3860.412292 2230.955811 -2660.172424 1205368.115571 194.87793 -134.020386 -0.01096 -0.020903 1.619396 13.593872 21248.486328 3878.312988 2248.074951 -2642.271729 1203544.08734 326.601562 -228.892212 -0.011956 -0.021499 1.584812 13.899463 19140.718994 11379.229736 140.307617 4858.64502 2362611.765326 3.620605 -224.846191 -0.014186 -0.049597 0.12618 17.684754 20617.124023 12502.109375 1616.712646 5981.524658 3839239.701799 225.205078 -479.716797 0.109246 -0.037217 15.633015 10.304141 19349.851074 12783.602295 349.439697 6263.017578 3934749.728593 246.630859 -653.084717 0.064799 -0.035711 9.199421 9.838588
21538.320312 9263.776855 2495.841064 2747.840576 1377985.045107 43.259277 14.785767 -0.560984 -0.18317 18.462208 5.473102 16772.075195 9843.483887 -2270.404053 3327.547607 1622730.764233 110.079346 -70.393677 -0.090512 -0.020676 0.217655 0.023514 24282.907715 7121.156616 5240.428467 605.220337 2782838.217183 25.505371 400.953979 0.057093 -0.049015 6.083573 19.295563 13779.27124 12657.714844 -5263.208008 6141.778564 6542280.246828 -46.225586 -287.416992 -0.245623 -0.091959 39.027065 7.562592 21732.893066 4720.572205 2690.413818 -1795.364075 1046165.867477 -84.841309 40.491333 -0.018872 -0.026084 1.72845 14.646143 17185.423584 11434.802246 -1857.055664 4918.865967 2764389.813874 158.093262 -393.54126 0.046015 -0.058158 0.213437 15.76901 21066.601562 3300.108032 2024.122314 -3215.828247 1443862.245852 -226.337891 -303.948669 -0.014613 -0.024238 2.035037 17.657543 21182.69043 3500.59967 2140.211182 -3015.336609 1367275.876691 -48.676758 -359.812622 -0.011321 -0.02206 1.727857 15.139753 21155.410156 3521.614685 2112.930908 -2994.321594 1343043.883256 -93.076172 -356.698303 -0.012796 -0.022685 1.815198 15.475496 19715.629883 11345.402832 673.150635 4829.466553 2377687.896107 574.910889 -33.826904 0.07751 -0.050067 3.766702 18.021885 20875.029297 11778.192139 1832.550049 5262.255859 3104957.641099 257.905273 -723.917236 0.128935 -0.046947 21.775847 16.396922 20264.438477 11803.175049 1221.959229 5287.23877 2944807.816219 914.587402 -980.427246 0.106544 -0.04842 24.870192 18.086998
21584.914551 9323.138428 2551.796875 2825.391235 1449450.292406 46.594238 59.361572 -0.48156 -0.14678 13.604554 3.514468 16748.78418 9772.011719 -2284.333496 3274.264526 1593898.771 -23.291016 -71.472168 -0.178178 -0.150621 0.843462 1.247811 24316.115723 7535.262451 5282.998047 1037.515259 2898650.627551 33.208008 414.105835 0.058872 -0.043859 6.468668 15.44962 13703.508301 12270.819092 -5329.609375 5773.071899 6173309.524589 -75.762939 -386.895752 -0.257335 -0.135222 42.837628 16.352146 21605.270996 4861.843872 2572.15332 -1635.90332 929215.23766 -127.62207 141.271667 -0.021501 -0.025428 2.243698 13.91842 17167.70874 11064.102783 -1865.408936 4566.355591 2433135.387863 -17.714844 -370.699463 0.028441 -0.06611 0.081539 20.375625 20705.79834 3060.081177 1672.680664 -3437.666016 1461540.823891 -360.803223 -240.026855 -0.018399 -0.025037 3.226093 18.840271 20749.492188 3122.841187 1716.374512 -3374.906006 1433593.201286 -433.198242 -377.758484 -0.014535 -0.023274 2.847954 16.852295 20597.150879 3089.672241 1564.033203 -3408.074951 1406117.473328 -558.259277 -431.942444 -0.017832 -0.024121 3.525015 17.497264 20172.592773 11077.618408 1139.475098 4579.871216 2227362.385168 456.962891 -267.784424 0.150393 -0.053792 14.181014 20.803062 21183.322754 11432.276611 2150.205078 4934.529419 2897296.246443 308.293457 -345.915527 0.152472 -0.051597 30.451443 19.805735 20340.673828 11315.247803 1307.556152 4817.50061 2491801.522227 76.235352 -487.927246 0.110023 -0.054744 26.521196 23.120638
21594.157715 9389.157104 2551.652832 2891.5271 1487186.114299 9.243164 66.018677 -0.465805 -0.106309 12.728889 1.843607 16642.420654 9660.113525 -2400.084229 3162.483521 1576170.632145 -106.363525 -111.898193 -0.578525 -0.354064 8.892018 6.895137 24334.729004 7837.229004 5292.224121 1339.598999 2980216.162607 18.613281 301.966553 0.059869 -0.040099 6.689684 12.914375 13696.730957 11917.819824 -5345.773926 5420.189819 5795575.65432 -6.777344 -352.999268 -0.258383 -0.174695 43.187148 27.292185 21310.74707 5001.135864 2268.242188 -1496.494141 738441.733408 -294.523926 139.291992 -0.02757 -0.024781 3.688957 13.21905 17458.80127 10730.65918 -1583.703613 4233.029175 2042665.312947 291.092529 -333.443604 0.317213 -0.073262 10.143275 25.02289 19707.181396 3402.826538 664.676514 -3094.803467 1001960.336592 -998.616943 342.745361 -0.028877 -0.023896 7.947085 17.163113 19873.397217 3036.986694 830.892334 -3460.643311 1266643.419351 -876.094971 -85.854492 -0.021034 -0.02355 5.964138 17.254304 19923.243408 3338.204651 880.738525 -3159.425354 1075766.891763 -673.907471 248.53241 -0.023911 -0.023295 6.338054 16.318815 20502.038574 10476.92627 1459.533691 3979.296265 1796503.735819 329.445801 -600.692139 0.202938 -0.062147 25.821377 27.767409 21140.168457 10747.913818 2097.663574 4250.283813 2246510.496571 -43.154297 -684.362793 0.149177 -0.060796 29.149699 27.497535 20614.211426 10740.524902 1571.706543 4242.894897 2047241.856811 273.537598 -574.7229 0.122508 -0.062194 32.881807 29.841329
21696.713867 9326.14624 2597.907715 2826.002808 1473541.63635 102.556152 -63.010864 -0.29099 -0.144936 4.967499 3.426726 16673.988037 9625.880737 -2424.818115 3125.737305 1564997.658988 31.567383 -34.232788 -0.459707 -0.416303 5.614594 9.532316 24352.167969 8047.634277 5253.361816 1547.490845 2999253.828859 17.438965 210.405273 0.060804 -0.037479 6.900125 11.282084 13738.186035 11714.685059 -5360.620117 5214.541626 5592769.240984 41.455078 -203.134766 -0.251975 -0.197409 41.071456 34.850909 20952.03125 5196.337891 1853.225098 -1303.805542 513435.215391 -358.71582 195.202026 -0.034961 -0.023874 5.932035 12.269294 17505.913086 10451.051025 -1592.893066 3950.907593 1814697.912764 47.111816 -279.608154 0.363949 -0.07926 13.352356 29.287518 19347.905273 3825.935059 249.099121 -2674.208374 721344.079983 -359.276123 423.108521 -0.032647 -0.022489 10.157471 15.200525 19157.425537 3549.145813 58.619385 -2950.99762 871182.318333 -715.97168 512.159119 -0.026345 -0.021904 9.356357 14.926324 19007.353516 3892.637024 -91.452637 -2607.506409 680745.325613 -915.889893 554.432373 -0.032172 -0.021451 11.474615 13.837941 20892.521973 10354.185791 1793.71582 3854.042358 1807105.894437 390.483398 -122.740479 0.265219 -0.063854 44.102145 29.313952 21362.76123 10439.875488 2263.955078 3939.732056 2064698.126619 222.592773 -308.03833 0.16617 -0.064937 36.169107 31.370606 20896.162109 10378.52417 1797.355957 3878.380737 1827232.557977 281.950684 -362.000732 0.135377 -0.066886 40.152913 34.514028
21813.395996 9398.922729 2755.281982 2949.902344 1629350.264032 116.682129 72.776489 -0.092096 -0.100323 0.497579 1.641817 16850.285645 9611.810303 -2207.828369 3162.789917 1487774.616661 176.297607 -14.070435 0.203868 -0.441884 1.104216 10.739822 24410.656738 8275.333252 5352.542725 1826.312866 3198513.230406 58.48877 227.698975 0.063937 -0.034644 7.629719 9.639835 13816.05957 11379.145508 -5242.054443 4930.125122 5178526.850641 77.873535 -335.539551 -0.239936 -0.234929 37.240772 49.35758 20899.96582 5816.832886 1841.851807 -632.1875 379207.911278 -52.06543 620.494995 -0.036034 -0.020992 6.301672 9.485401 17734.788818 10220.189819 -1323.325195 3771.169434 1597290.846942 228.875732 -230.861206 0.591001 -0.084211 35.208846 33.061428 20090.537109 6983.716431 1032.423096 534.696045 135179.7309 742.631836 3157.781372 -0.024854 -0.011982 5.887273 4.315348 18943.520508 4869.388733 -114.593506 -1579.631653 250836.783021 -213.905029 1320.24292 -0.027932 -0.01766 10.517374 9.702883 19213.658447 5143.582153 155.544434 -1305.438232 172836.304949 206.304932 1250.945129 -0.030311 -0.017291 10.185551 8.99144 21198.095703 10226.618652 2139.981689 3777.598267 1884977.029503 305.57373 -127.567139 0.313957 -0.065629 61.800229 30.965726 21410.88623 10185.759888 2352.772217 3736.739502 1949875.920959 48.125 -254.115601 0.169844 -0.068353 37.786179 34.757708 21078.977051 10144.261475 2020.863037 3695.241089 1773869.411961 182.814941 -234.262695 0.143722 -0.069923 45.255261 37.718945
21895.708008 9327.345581 2813.276367 2893.140259 1628478.44752 82.312012 -71.577148 0.048212 -0.144201 0.136359 3.392048 16966.25 9680.268555 -2116.181641 3246.063232 1501515.1245 115.964355 68.458252 0.640351 -0.31742 10.894149 5.54176 24609.621582 8511.242676 5527.189941 2077.037354 3486391.281628 198.964844 235.909424 0.074598 -0.031707 10.386084 8.074543 13862.095947 11130.74707 -5220.335693 4696.541748 4930940.914251 46.036377 -248.398438 -0.23282 -0.262705 35.064375 61.71875 21232.619629 6554.926147 2150.187988 120.720825 463788.190258 332.653809 738.093262 -0.02918 -0.017563 4.132326 6.639732 17678.933105 10075.085449 -1403.498535 3640.880127 1522581.623703 -55.855713 -145.10437 0.53559 -0.087324 28.916192 35.550481 19861.062012 7323.190918 778.630371 888.985596 139656.064416 -229.475098 339.474487 -0.027262 -0.010853 7.083216 3.540151 19650.023193 7086.642456 567.591553 652.437134 74783.438428 706.502686 2217.253723 -0.022691 -0.010533 6.940842 3.451671 19977.55249 6624.456177 895.12085 190.250854 83743.672304 763.894043 1480.874023 -0.023421 -0.012367 6.081003 4.599385 21089.416504 10004.73938 2006.984863 3570.534058 1677670.169804 -108.679199 -221.879272 0.296623 -0.068715 55.1645 33.946524 21443.828125 10104.602051 2361.396484 3670.396729 1904800.550112 32.941895 -81.157837 0.172359 -0.069444 38.913464 35.876035 20946.623535 9961.477661 1864.191895 3527.272339 1591686.157217 -132.353516 -182.783813 0.137681 -0.072292 41.530803 40.318396
21976.196289 9369.30481 2966.235352 2988.545532 1772995.655905 80.488281 41.959229 0.18541 -0.118479 2.01674 2.289863 16977.164307 9621.796875 -2032.796631 3241.037598 1463658.685185 10.914307 -58.47168 0.681432 -0.423728 12.336784 9.875372 25022.463379 8713.422241 6012.502441 2332.662964 4159150.211091 412.841797 202.179565 0.096718 -0.02919 17.458714 6.843332 13902.913818 10996.645508 -5107.047119 4615.88623 4738833.596975 40.817871 -134.101562 -0.22651 -0.277701 33.189489 68.96568 21415.493164 7062.177124 2405.532227 681.417847 625091.55748 182.873535 507.250977 -0.025412 -0.015206 3.133999 4.977519 17659.022217 9921.973267 -1350.938721 3541.213989 1436523.194481 -19.910889 -153.112183 0.515838 -0.090608 26.822705 38.274836 19801.151123 7696.530762 791.190186 1315.771484 235723.65088 -59.910889 373.339844 -0.027891 -0.009611 7.413642 2.776163 19141.594238 7119.907227 131.633301 739.147949 56366.701671 -508.428955 33.264771 -0.026463 -0.010426 9.439959 3.38195 19819.251709 6486.589355 809.290771 105.830078 66615.155825 -158.300781 -137.866821 -0.024849 -0.012826 6.845109 4.946707 20829.328613 9942.67334 1819.367676 3561.914062 1599733.052831 -260.087891 -62.06604 0.25514 -0.069578 40.813823 34.804852 21483.806152 9994.518433 2473.845215 3613.759155 1917916.537933 39.978027 -110.083618 0.175411 -0.070923 40.303783 37.421248 21006.887207 9877.451172 1996.92627 3496.691895 1621456.873122 60.263672 -84.026489 0.140431 -0.073381 43.206807 41.542434
22022.832031 9397.081299 3012.572021 3022.081909 1820856.925042 46.635742 27.776489 0.264904 -0.101452 4.116816 1.678973 16954.311523 9594.636841 -2055.948486 3219.637451 1459298.949542 -22.852783 -27.160034 0.595416 -0.473107 9.418832 12.311179 25322.163086 8985.056763 6311.903076 2610.057373 4665251.993358 299.699707 271.634521 0.112776 -0.025808 23.73723 5.349408 13875.587158 10898.387451 -5134.672852 4523.388062 4682590.484771 -27.32666 -98.258057 -0.230734 -0.288688 34.438984 74.530904 21692.861328 7483.4021 2682.601318 1108.40271 842490.640071 277.368164 421.224976 -0.019696 -0.013249 1.882845 3.778889 17658.968506 9787.382202 -1351.291504 3412.382812 1347034.518757 -0.053711 -134.591064 0.515785 -0.093495 26.817164 40.7527 19598.515625 7701.842041 588.255615 1326.842651 210655.609034 -202.635498 5.311279 -0.030017 -0.009593 8.587058 2.765964 18828.188477 7667.8302 -182.071533 1292.830811 170456.15479 -313.405762 547.922974 -0.028788 -0.008665 11.171532 2.335889 19521.662598 7591.916504 511.402588 1216.917114 174241.986987 -297.589111 1105.327148 -0.027533 -0.00915 8.403926 2.517698 20588.991699 9701.734619 1578.731689 3326.735229 1355956.103443 -240.336914 -240.938721 0.216807 -0.072929 29.471196 38.238405 21103.193359 9778.980713 2092.93335 3403.981323 1596745.885489 -380.612793 -215.53772 0.146354 -0.073821 28.056969 40.541031 20641.396484 9829.013062 1631.136475 3454.013672 1459081.66443 -365.490723 -48.43811 0.123749 -0.074009 33.551259 42.256363
22100.541992 9298.569946 3125.924072 2904.962158 1821020.644616 77.709961 -98.511353 0.397367 -0.161841 9.263326 4.272703 16869.262695 9688.096924 -2105.355225 3294.489136 1528617.928731 -85.048828 93.460083 0.275296 -0.303187 2.013529 5.055926 25755.88623 9136.229858 6781.268311 2742.62207 5350757.572019 433.723145 151.173096 0.136015 -0.023926 34.527839 4.597574 13832.264404 10832.004395 -5142.353516 4438.396606 4614316.411577 -43.322754 -66.383057 -0.237431 -0.296111 36.467206 78.412978 22191.542969 7628.173828 3216.925049 1234.56604 1187276.0077 498.681641 144.771729 -0.009421 -0.012577 0.43079 3.404995 17530.961914 9674.580688 -1443.656006 3280.9729 1284892.583635 -128.006592 -112.801514 0.388799 -0.095915 15.237901 42.889269 20108.33374 8114.481201 1133.71582 1720.873413 424671.686509 509.818115 412.63916 -0.024668 -0.00822 5.799141 2.030921 19623.201904 7930.943604 648.583984 1537.335815 278406.259419 795.013428 263.113403 -0.02289 -0.007819 7.063096 1.902161 20437.492676 8305.459595 1462.874756 1911.851807 579517.988189 915.830078 713.543091 -0.019272 -0.006777 4.117403 1.381228 19995.057373 9610.789795 1020.439453 3217.182007 1139155.67426 -593.934326 -90.944824 0.122077 -0.074194 9.343701 39.576417 20785.910645 9719.653931 1811.292725 3326.046143 1434336.427678 -317.282715 -59.326782 0.122132 -0.074618 19.538368 41.421671 20392.409668 9801.358032 1417.791748 3407.750244 1362289.516727 -248.986816 -27.655029 0.112385 -0.074367 27.671842 42.666698
22196.433105 9321.270752 3221.323242 2950.282593 1908109.080788 95.891113 22.700806 0.560821 -0.147925 18.451499 3.56951 16805.168457 9757.062378 -2169.941406 3386.074219 1617414.432144 -64.094238 68.965454 0.034049 -0.1778 0.030801 1.738778 26009.248047 9247.44873 7034.138184 2876.460571 5775312.540407 253.361816 111.218872 0.14959 -0.022541 41.763956 4.080781 13758.80249 10857.685547 -5216.307373 4486.697388 4734031.605886 -73.461914 25.681152 -0.248788 -0.293239 40.039062 76.899459 22691.394043 7602.495728 3716.28418 1231.507568 1532737.899512 499.851074 -25.678101 0.000878 -0.012696 0.00374 3.469892 17477.399902 9664.60144 -1497.709961 3293.613281 1309102.357352 -53.562012 -9.979248 0.335664 -0.096129 11.357536 43.080913 20184.102783 8331.031494 1208.99292 1960.043335 530343.375535 75.769043 216.550293 -0.023873 -0.0075 5.431357 1.690507 19769.544678 7995.321045 794.434814 1624.332886 326958.399812 146.342773 64.377441 -0.021804 -0.007612 6.409026 1.802816 20297.186279 8136.083374 1322.076416 1765.095215 486344.716725 -140.306396 -169.376221 -0.020537 -0.00734 4.675953 1.620347 19683.443604 9386.502075 708.33374 3015.513916 959506.086524 -311.61377 -224.28772 0.072376 -0.077314 3.284276 42.97456 20194.414062 9403.769531 1219.304199 3032.781372 1068446.558101 -591.496582 -315.884399 0.076975 -0.078864 7.761251 46.269942 19928.945312 9786.644287 953.835449 3415.656128 1257650.884845 -463.464355 -14.713745 0.091231 -0.074558 18.235003 42.885823
22131.472168 9284.11377 3136.702881 2963.679199 1862229.935867 -64.960938 -37.156982 0.45009 -0.170703 11.884526 4.753434 16776.241455 9767.608643 -2218.527832 3447.174072 1680487.4826 -28.927002 10.546265 -0.07483 -0.158626 0.148769 1.383974 26079.411621 9290.819092 7084.642334 2970.384521 5901534.120596 70.163574 43.370361 0.153349 -0.022001 43.889481 3.887603 13701.724854 10883.651123 -5293.044434 4563.216553 4883926.468315 -57.077637 25.965576 -0.257611 -0.290336 42.929466 75.384172 23098.4375 7340.154419 4103.668213 1019.719849 1787992.137118 407.043457 -262.341309 0.009265 -0.013915 0.416588 4.168014 17410.435791 9771.368408 -1584.333496 3450.933838 1441905.698034 -66.964111 106.766968 0.269233 -0.093839 7.306899 41.052692 20312.225342 8164.802856 1317.456055 1844.368286 513738.483093 128.122559 -166.228638 -0.022528 -0.008053 4.836859 1.949033 20088.852539 8129.360352 1094.083252 1808.925781 446923.064428 319.307861 134.039307 -0.019436 -0.007182 5.092195 1.604518 20434.559326 8132.727051 1439.790039 1812.29248 535739.939135 137.373047 -3.356323 -0.019298 -0.007352 4.128717 1.625278 19814.46167 9575.123291 819.692383 3254.688721 1126489.427111 131.018066 188.621216 0.093273 -0.07469 5.454575 40.107437 20287.607422 9501.141357 1292.838135 3180.706787 1178832.610827 93.193359 97.371826 0.08409 -0.077555 9.26227 44.746855 19867.637939 9845.220947 872.868652 3524.786377 1318601.86874 -61.307373 58.57666 0.088432 -0.073799 17.133537 42.016798
22106.057129 9230.759888 3081.339111 2924.607544 1804798.00051 -25.415039 -53.353882 0.406768 -0.20341 9.706817 6.749471 16767.69165 9836.955566 -2257.026367 3530.803223 1756073.94193 -8.549805 69.346924 -0.107011 -0.032546 0.30424 0.058259 25964.060059 9217.98645 6939.342041 2911.834106 5663324.582567 -115.351562 -72.832642 0.147168 -0.022908 40.422967 4.214682 13683.80127 10961.862793 -5340.916748 4655.710449 5020103.149653 -17.923584 78.21167 -0.260382 -0.28159 43.857894 70.911045 23243.671875 7135.996094 4218.953857 829.84375 1848821.230047 145.234375 -204.158325 0.012257 -0.014863 0.729162 4.755547 17344.581299 9929.295654 -1680.136719 3623.143311 1595002.684245 -65.854492 157.927246 0.203904 -0.090451 4.19108 38.142258 20618.430176 7700.718994 1593.712158 1394.56665 448473.458559 306.204834 -464.083862 -0.019315 -0.009597 3.555592 2.768119 20440.462646 7681.363525 1415.744629 1375.211182 389553.864839 351.610107 -447.996826 -0.016827 -0.008622 3.817146 2.312494 21079.121094 7612.354736 2054.403076 1306.202393 592673.668976 644.561768 -520.372314 -0.013484 -0.009082 2.015686 2.480435 19570.187988 10975.488281 545.469971 4669.335938 2210023.558617 -244.273682 1400.36499 0.054312 -0.055212 1.849462 21.916322 20717.04834 9718.008423 1692.330322 3411.856079 1450474.382416 429.440918 216.867065 0.116875 -0.07464 17.892513 41.446232 19911.804199 9847.286377 887.086182 3541.134033 1332655.213477 44.16626 2.06543 0.090448 -0.073772 17.923585 41.986318
22107.91748 9332.633667 2989.024658 2984.404297 1784093.741455 1.860352 101.873779 0.409939 -0.140959 9.858754 3.241253 16781.02417 9810.354614 -2337.868652 3462.125244 1745194.104173 13.33252 -26.600952 -0.056829 -0.080909 0.0858 0.360059 25724.589844 9073.52417 6605.697021 2725.2948 5106246.488549 -239.470215 -144.46228 0.134338 -0.024706 33.681734 4.902523 13733.942871 10934.207764 -5384.949951 4585.978394 5002888.380278 50.141602 -27.655029 -0.252631 -0.284682 41.285569 72.477073 23122.802734 6878.718872 4003.909912 530.489502 1631271.369597 -120.869141 -257.277222 0.009767 -0.016059 0.462959 5.551098 17518.743896 9952.786255 -1600.148926 3604.556885 1555330.692019 174.162598 23.490601 0.376678 -0.089947 14.302641 37.718492 20265.505371 7122.028198 1146.612549 773.798828 191348.496354 -352.924805 -578.690796 -0.023018 -0.011522 5.049652 3.990253 20199.27124 6926.559448 1080.378418 578.330078 150168.320528 -241.191406 -754.804077 -0.018617 -0.011048 4.672026 3.797147 20695.270996 6212.285156 1576.378174 -135.944214 250344.897621 -383.850098 -1400.06958 -0.016947 -0.013738 3.18377 5.675347 21068.45459 10075.724487 1949.561768 3727.495117 1769501.093426 1498.266602 -899.763794 0.293279 -0.067727 53.927953 32.977989 21145.183105 9977.902832 2026.290283 3629.673462 1728038.175193 428.134766 259.894409 0.14956 -0.071147 29.299505 37.657306 20776.525879 9971.886597 1657.633057 3623.657227 1587863.904609 864.72168 124.60022 0.129917 -0.072157 36.979032 40.16804
21993.908691 9368.519287 2828.931885 3056.311035 1734389.275226 -114.008789 35.88562 0.215602 -0.118961 2.72703 2.308515 16789.332275 9876.881104 -2375.644531 3564.672852 1835057.947752 8.308105 66.526489 -0.025557 0.040043 0.017353 0.088195 25447.092285 8925.606689 6282.115479 2613.398438 4629482.627853 -277.497559 -147.91748 0.119469 -0.026548 26.63865 5.660663 13793.059082 10950.721436 -5371.917725 4638.513184 5037330.459435 59.116211 16.513672 -0.243492 -0.282836 38.352681 71.539892 22852.702637 6560.236816 3687.72583 248.028564 1366083.996661 -270.100098 -318.482056 0.004202 -0.017538 0.085674 6.621091 17554.501953 10063.944092 -1610.474854 3751.73584 1666915.106577 35.758057 111.157837 0.412151 -0.087563 17.12334 35.745329 20075.332031 7012.410889 910.355225 700.202637 131903.036744 -190.17334 -109.61731 -0.025014 -0.011887 5.963098 4.246856 19913.596191 6231.830444 748.619385 -80.377808 56689.15752 -285.675049 -694.729004 -0.020736 -0.013281 5.796227 5.487331 20736.450195 5882.216797 1571.473389 -429.991455 265442.126274 41.179199 -330.068359 -0.016575 -0.014835 3.04573 6.618449 21137.980957 10156.104736 1973.00415 3843.896484 1866828.556005 69.526367 80.380249 0.304369 -0.066609 58.083182 31.898187 21456.496582 10148.206787 2291.519775 3835.998535 1996594.764273 311.313477 170.303955 0.173327 -0.068858 39.351394 35.272976 21040.852051 10094.28833 1875.875244 3782.080078 1782303.764893 264.326172 122.401733 0.141982 -0.07057 44.166017 38.421033
21919.54834 9391.80603 2744.351807 2999.40918 1652792.226581 -74.360352 23.286743 0.088849 -0.104685 0.463117 1.787716 16805.39917 9813.366089 -2369.797363 3420.969238 1731897.007228 16.066895 -63.515015 0.034918 -0.075434 0.032393 0.312977 25154.0625 8802.368164 5978.865967 2409.971313 4155479.99807 -293.029785 -123.238525 0.103769 -0.028082 20.097102 6.333919 13891.26709 10994.554443 -5283.929443 4602.157593 4909976.487112 98.208008 43.833008 -0.22831 -0.277934 33.719206 69.081867 22219.819336 6422.858887 3044.622803 30.462036 927065.594658 -632.883301 -137.37793 -0.008839 -0.018176 0.379157 7.111728 17806.837158 10085.81604 -1368.359375 3693.419189 1551375.268817 252.335205 21.871948 0.662475 -0.087094 44.239928 35.363321 19735.01709 6840.577393 559.820557 448.180542 51426.485386 -340.314941 -171.833496 -0.028585 -0.012459 7.787137 4.665193 19365.552979 6166.395874 190.356445 -226.000977 8731.201768 -548.043213 -65.43457 -0.024801 -0.013491 8.291858 5.662513 19794.302979 5799.081421 619.106445 -593.31543 73531.598973 -942.147217 -83.135376 -0.025074 -0.015112 6.969658 6.867415 20976.313477 10213.546753 1801.116943 3821.149902 1784520.881984 -161.66748 57.442017 0.278583 -0.06581 48.658746 31.137542 21443.522949 10210.619507 2268.326416 3818.222656 1972412.89823 -12.973633 62.41272 0.172336 -0.068019 38.902944 34.418694 20878.708496 10138.651733 1703.511963 3746.254883 1693637.865471 -162.143555 44.363403 0.134581 -0.069995 39.681738 37.797436
21876.074219 9449.379272 2641.781006 2888.183594 1532061.135413 -43.474121 57.573242 0.014744 -0.069392 0.012753 0.785496 16990.401611 9689.452515 -2243.891602 3128.256836 1482104.035115 185.002441 -123.913574 0.731257 -0.300722 14.206803 4.974061 24802.746582 8680.216675 5568.453369 2119.020996 3549792.290618 -351.315918 -122.151489 0.084945 -0.029603 13.467265 7.038557 13919.345703 11024.697266 -5314.94751 4463.501587 4817151.344795 28.078613 30.142822 -0.22397 -0.274564 32.449267 67.416481 21605.297852 6339.750366 2371.004639 -221.445312 567070.102303 -614.521484 -83.108521 -0.021501 -0.018562 2.243582 7.417057 18005.124512 10099.362183 -1229.168701 3538.166504 1402947.79053 198.287354 13.546143 0.859181 -0.086803 74.412444 35.127757 19670.92041 7067.890625 436.627197 506.694946 44738.307799 -64.09668 227.313232 -0.029257 -0.011702 8.157884 4.115984 18594.023438 6277.408447 -640.269775 -283.787231 49048.057801 -771.529541 111.012573 -0.030525 -0.013134 12.560417 5.366935 18572.987061 6020.913086 -661.306152 -540.282593 72923.110718 -1221.315918 221.831665 -0.03609 -0.014374 14.43971 6.213327 20829.240723 10302.910156 1594.94751 3741.714478 1654428.479033 -147.072754 89.363403 0.255126 -0.064567 40.809339 29.972442 21441.674805 10293.446045 2207.381592 3732.250366 1880222.628789 -1.848145 82.826538 0.172195 -0.066905 38.83927 33.301165 20978.803711 10190.534668 1744.510498 3629.338989 1621541.837674 100.095215 51.882935 0.139149 -0.069323 42.421647 37.074612
21920.01709 9434.035034 2586.318359 3093.754272 1626035.815441 43.942871 -15.344238 0.089648 -0.078798 0.471484 1.012882 17045.083008 9735.111694 -2288.615723 3394.830933 1676263.898704 54.681396 45.65918 0.937074 -0.217709 23.32947 2.606947 24618.874512 8667.554932 5285.175781 2327.27417 3334928.81007 -183.87207 -12.661743 0.075094 -0.029761 10.524592 7.113723 13919.708252 11070.113525 -5413.990479 4729.832764 5168261.087376 0.362549 45.41626 -0.223914 -0.269485 32.433029 64.945612 21243.242188 6447.523193 1909.543457 107.242432 365785.715344 -362.055664 107.772827 -0.028961 -0.018062 4.070566 7.022349 17953.579102 10122.531128 -1380.119629 3782.250366 1621014.80228 -51.54541 23.168945 0.808047 -0.086306 65.818648 34.726681 19176.729736 7267.803345 -156.968994 927.522583 88493.740711 -494.190674 199.91272 -0.034443 -0.011037 11.305875 3.661394 17761.274414 6211.914673 -1572.424316 -128.366089 248899.60836 -832.749023 -65.493774 -0.036702 -0.013345 18.158717 5.540358 17908.103027 6196.618042 -1425.595703 -143.66272 205296.208581 -664.884033 175.704956 -0.042088 -0.01379 19.63765 5.718475 21000.009766 10428.262939 1666.311035 4087.982178 1948819.075136 170.769043 125.352783 0.282363 -0.062824 49.98798 28.375558 21275.268555 10251.812744 1941.569824 3911.531982 1906977.583183 -166.40625 -41.633301 0.159491 -0.067465 33.319808 33.860593 20944.02832 10231.717529 1610.32959 3891.436768 1773644.150399 -34.775391 41.182861 0.137562 -0.068789 41.459371 36.505828
21901.281738 9355.950928 2540.355225 3076.282959 1591692.151094 -18.735352 -78.084106 0.057712 -0.126665 0.195399 2.617226 17034.764404 9816.11145 -2326.162109 3536.443481 1791746.265655 -10.318604 80.999756 0.898236 -0.070442 21.435686 0.272929 24563.303223 8678.748169 5202.376709 2399.0802 3282030.922915 -55.571289 11.193237 0.072116 -0.029622 9.706528 7.047255 13907.576904 11100.955811 -5453.349609 4821.287842 5298383.841553 -12.131348 30.842285 -0.225789 -0.266037 32.978579 63.293939 20977.224121 6601.954346 1616.297607 322.286377 271628.646453 -266.018066 154.431152 -0.034442 -0.017344 5.757189 6.475571 18075.869141 10072.872925 -1285.057373 3793.204956 1603977.629066 122.290039 -49.658203 0.929362 -0.087371 87.065429 35.589133 18861.96167 7630.559692 -498.964844 1350.891724 207387.436428 -314.768066 362.756348 -0.037745 -0.00983 13.578126 2.904417 17556.448975 6748.190308 -1804.477539 468.522339 347565.2371 -204.825439 536.275635 -0.038222 -0.011621 19.693344 4.20149 17724.194336 6784.553833 -1636.732178 504.885864 293380.195756 -183.908691 587.935791 -0.043747 -0.011835 21.216222 4.21192 20757.961426 10276.322021 1397.034912 3996.654053 1792495.016289 -242.04834 -151.940918 0.243757 -0.064937 37.253336 30.31677 21349.18457 10277.880859 1988.258057 3998.212891 1993887.641856 73.916016 26.068115 0.165134 -0.067115 35.719306 33.50977 20598.02002 10181.516113 1237.093506 3901.848145 1675481.928522 -346.008301 -50.201416 0.121769 -0.06944 32.486287 37.199756
21938.447266 9337.985229 2725.742188 3069.98291 1685446.554137 37.165527 -17.965698 0.121064 -0.137679 0.859831 3.092138 17098.647461 9779.729614 -2114.057617 3511.727295 1680146.820269 63.883057 -36.381836 1.138688 -0.136589 34.448178 1.026146 24631.906738 8789.943237 5419.20166 2521.940918 3572793.262717 68.603516 111.195068 0.075792 -0.028237 10.72123 6.403896 13907.96875 11161.196289 -5304.736328 4893.19397 5208357.47363 0.391846 60.240479 -0.225728 -0.259301 32.960886 60.129283 21184.768066 6959.232178 1972.062988 691.229858 436683.114689 207.543945 357.277832 -0.030166 -0.015685 4.416301 5.295524 17982.178955 10069.423218 -1230.526123 3801.420898 1596499.538658 -93.690186 -3.449707 0.836419 -0.087445 70.521795 35.649439 19543.026123 7707.434082 330.321045 1439.431763 218107.579217 681.064453 76.87439 -0.030599 -0.009574 8.923414 2.755245 18129.185791 7029.487305 -1083.519287 761.484985 175387.342845 572.736816 281.296997 -0.033973 -0.010717 15.558504 3.573127 18325.004883 7063.483276 -887.700195 795.480957 142080.158976 600.810547 278.929443 -0.038327 -0.010907 16.285133 3.577583 21157.766113 10254.476318 1945.061035 3986.473999 1967523.737537 399.804688 -21.845703 0.307524 -0.065241 59.293822 30.601154 21466.943359 10344.290771 2254.238281 4076.288452 2169771.777377 117.758789 66.409912 0.174124 -0.066222 39.714368 32.624284 21197.29248 10204.619141 1984.587402 3936.616821 1943553.91552 599.272461 23.103027 0.149122 -0.06914 48.720053 36.879594
21850.839844 9352.541504 2643.112793 3077.644653 1645794.184847 -87.607422 14.556274 -0.02827 -0.128755 0.046884 2.70431 17025.844727 9831.888428 -2181.882324 3556.991577 1741279.955664 -72.802734 52.158813 0.864663 -0.041758 19.863238 0.09591 24789.389648 8987.346191 5581.662598 2712.449341 3851233.878059 157.48291 197.402954 0.08423 -0.025779 13.241298 5.337598 13905.323486 11227.558594 -5302.403564 4952.661743 5264434.190253 -2.645264 66.362305 -0.226137 -0.25188 33.080416 56.736972 21087.104492 7070.313721 1879.377441 795.41687 416474.756453 -97.663574 111.081543 -0.032178 -0.015169 5.025169 4.952804 17781.063232 10032.080078 -1426.663818 3757.183228 1615179.545592 -201.115723 -37.34314 0.636906 -0.088246 40.890913 36.305527 19557.495117 7797.982178 349.768066 1523.085327 244212.661405 14.468994 90.548096 -0.030447 -0.009273 8.835086 2.584583 18613.724365 7289.614868 -594.002686 1014.718018 138249.184563 484.538574 260.127563 -0.030378 -0.009881 12.440432 3.037323 18809.87915 7272.350464 -397.8479 997.453613 115319.666249 484.874268 208.867188 -0.033953 -0.010213 12.780428 3.13646 21023.962402 10205.748291 1816.235352 3930.85144 1875030.389899 -133.803711 -48.728027 0.286183 -0.065919 51.349797 31.24027 21403.071289 10181.202393 2195.344238 3906.305542 2007875.931195 -63.87207 -163.088379 0.169248 -0.068414 37.521181 34.820039 20786.469727 10087.739868 1578.742676 3812.843018 1703020.031303 -410.822754 -116.879272 0.130371 -0.070655 37.237858 38.513514
21858.15918 9366.233521 2670.272217 3008.466797 1618122.61797 7.319336 13.692017 -0.015793 -0.120362 0.014633 2.363218 16963.182373 9691.795044 -2224.70459 3334.02832 1606505.535272 -62.662354 -140.093384 0.628805 -0.296463 10.504819 4.834169 25069.631348 9176.193237 5881.744385 2818.426514 4253844.502069 280.241699 188.847046 0.099245 -0.023428 18.383031 4.408334 13856.218262 11338.164062 -5331.668701 4980.397339 5323104.879205 -49.105225 110.605469 -0.233728 -0.239512 35.338597 51.301909 21550.703125 7264.474487 2362.816162 906.707764 640501.918463 463.598633 194.160767 -0.022626 -0.014267 2.484489 4.381291 17493.005371 10034.553833 -1694.881592 3676.787109 1639138.705788 -288.057861 2.473755 0.351145 -0.088193 12.429333 36.26188 19793.155518 7960.317993 605.268555 1602.55127 293452.059477 235.6604 162.335815 -0.027975 -0.008733 7.45831 2.292277 18419.902344 7670.552979 -767.984619 1312.786255 231320.812625 -193.822021 380.93811 -0.031816 -0.008656 13.645904 2.331173 18882.545166 7458.214111 -305.341797 1100.447388 130421.8066 72.666016 185.863647 -0.033298 -0.009595 12.291738 2.768317 20739.138184 10093.049316 1551.251221 3735.282593 1635871.639761 -284.824219 -112.698975 0.240755 -0.067486 36.341328 32.743733 20869.34082 9977.473145 1681.453857 3619.706421 1592956.164813 -533.730469 -203.729248 0.128501 -0.071153 21.629404 37.66342 20038.775635 9783.052368 850.888672 3425.285645 1245659.327856 -747.694092 -304.6875 0.096244 -0.074605 20.294039 42.939401
21898.286133 9397.149658 2729.914551 3091.008301 1700676.577007 40.126953 30.916138 0.052606 -0.10141 0.162352 1.677586 16828.297119 9799.616699 -2340.074463 3493.475342 1768031.845562 -134.885254 107.821655 0.121104 -0.100432 0.389651 0.554781 25329.577637 9412.233276 6161.206055 3106.091919 4760826.705726 259.946289 236.040039 0.113173 -0.020489 23.904761 3.371715 13803.293457 11476.091309 -5365.078125 5169.949951 5551244.578498 -52.924805 137.927246 -0.24191 -0.224089 37.855902 44.907591 21886.508789 7253.612671 2718.137207 947.471313 828597.176611 335.805664 -10.861816 -0.015706 -0.014317 1.197276 4.412338 17376.431885 10048.123779 -1791.939697 3741.982422 1721348.032426 -116.573486 13.569946 0.2355 -0.087902 5.590608 36.02292 19992.178955 8013.225098 823.807373 1707.08374 359279.348406 199.023438 52.907104 -0.025886 -0.008557 6.386349 2.2008 18795.737305 7761.33728 -372.634277 1455.195923 225645.147854 375.834961 90.784302 -0.029028 -0.008365 11.359152 2.17665 19394.171143 7715.436401 225.799561 1409.295044 203709.796243 511.625977 257.22229 -0.028683 -0.008739 9.120631 2.296731 20232.4646 9922.924194 1064.093018 3616.782837 1421341.203945 -506.673584 -170.125122 0.159943 -0.069853 16.039051 35.080216 20575.412598 9943.310547 1407.041016 3637.169189 1520876.413236 -293.928223 -34.162598 0.106062 -0.071612 14.734935 38.151141 20112.346191 9960.144653 943.974609 3654.003296 1424282.814958 73.570557 177.092285 0.099602 -0.072309 21.734883 40.337671
21938.80127 9408.339844 2804.650879 3112.283325 1755237.404884 40.515137 11.190186 0.121667 -0.09455 0.868423 1.458304 16819.698486 9792.606201 -2314.451904 3496.549683 1758254.730031 -8.598633 -7.010498 0.088739 -0.113178 0.209214 0.704532 25476.943359 9552.493286 6342.792969 3256.436768 5083540.306566 147.365723 140.26001 0.121069 -0.018743 27.356682 2.821449 13821.428223 11641.057129 -5312.722168 5345.00061 5679404.835869 18.134766 164.96582 -0.239106 -0.205642 36.983591 37.818494 22143.652344 7200.03479 3009.501953 903.978271 987427.872118 257.143555 -53.577881 -0.010408 -0.014566 0.525755 4.567086 17354.276123 10062.279663 -1779.874268 3766.223145 1735238.918279 -22.155762 14.155884 0.213521 -0.087599 4.595766 35.774483 20157.502441 7799.140625 1023.352051 1503.084106 330651.125089 165.323486 -214.084473 -0.024152 -0.009269 5.559103 2.582435 19806.380615 7574.926147 672.230225 1278.869629 208740.100262 1010.643311 -186.411133 -0.021531 -0.008964 6.249395 2.499667 20153.880615 7586.092529 1019.730225 1290.036011 270404.263999 759.709473 -129.343872 -0.02183 -0.009169 5.283104 2.528367 20058.098145 10008.538818 923.947754 3712.4823 1463620.427831 -174.366455 85.614624 0.132132 -0.068662 10.946254 33.894329 20682.563477 9974.522705 1548.413086 3678.466187 1592869.65701 107.150879 31.212158 0.114242 -0.071192 17.09551 37.705418 20023.07251 10032.809448 888.922119 3736.75293 1475350.499143 -89.273682 72.664795 0.095527 -0.071367 19.992899 39.293649
21982.866211 9371.744995 2834.549561 3072.089233 1747240.346916 44.064941 -36.594849 0.19678 -0.116983 2.271658 2.232406 16763.157959 9732.699585 -2385.158691 3433.043823 1747477.187549 -56.540527 -59.906616 -0.124076 -0.222094 0.409008 2.713033 25496.845703 9656.899414 6348.529053 3357.243652 5157490.607461 19.902344 104.406128 0.122135 -0.017443 27.840715 2.443649 13844.179688 11853.92334 -5304.136963 5554.267578 5898375.725051 22.751465 212.866211 -0.235589 -0.18184 35.903588 29.570314 22388.117676 7092.634277 3239.801025 792.978516 1112512.561036 244.465332 -107.400513 -0.005371 -0.015065 0.140009 4.885321 17058.887939 10111.28479 -2089.428711 3811.629028 1889422.818762 -295.388184 49.005127 -0.079512 -0.086547 0.637301 34.921078 19907.37793 7594.465942 759.061279 1294.810181 225270.742968 -250.124512 -204.674683 -0.026776 -0.00995 6.832932 2.975813 19509.25293 7311.326904 360.936279 1011.671143 115375.349844 -297.127686 -263.599243 -0.023735 -0.009811 7.594387 2.994568 20152.347412 7086.312256 1004.030762 786.656494 162690.621025 -1.533203 -499.780273 -0.021844 -0.010831 5.2898 3.527956 18836.932373 10611.762695 -311.384277 4312.106934 1869122.637492 -1221.165771 603.223877 -0.062639 -0.060271 2.46003 26.116763 20180.444336 9972.850952 1032.127686 3673.19519 1455765.046627 -502.119141 -1.671753 0.075909 -0.071215 7.547676 37.729225 19433.05542 10143.919678 284.73877 3844.263916 1485944.122285 -590.01709 111.110229 0.068597 -0.069927 10.30933 37.723725
21925.922852 9303.739014 2722.755127 3035.369263 1662686.204227 -56.943359 -68.005981 0.099715 -0.158672 0.583318 4.107028 16749.185791 9792.119751 -2453.981934 3523.75 1843884.13929 -13.972168 59.420166 -0.176666 -0.114062 0.829211 0.715586 25410.466309 9739.738159 6207.298584 3471.368408 5058095.433621 -86.379395 82.838745 0.117507 -0.016411 25.770701 2.163205 13892.937012 12125.651855 -5310.230713 5857.282104 6250630.387573 48.757324 271.728516 -0.228052 -0.151455 33.642997 20.513756 22436.779785 7083.684692 3233.612061 815.314941 1112098.541179 48.662109 -8.949585 -0.004368 -0.015106 0.092614 4.912323 17118.183594 10164.882812 -2084.984131 3896.513062 1952997.286456 59.295654 53.598022 -0.020689 -0.085398 0.043149 33.999486 20083.056641 7596.818848 879.888916 1328.449097 253898.1507 175.678711 2.352905 -0.024933 -0.009942 5.924516 2.971132 19267.979736 7117.817993 64.812012 849.448242 72576.291302 -241.273193 -193.508911 -0.025525 -0.010433 8.782909 3.386308 20054.775391 6617.088013 851.607666 348.718262 84684.004287 -97.572021 -469.224243 -0.022724 -0.012392 5.724659 4.617628 19313.740234 10365.496826 110.57251 4097.127075 1679867.655021 476.807861 -246.265869 0.01341 -0.063697 0.112745 29.169679 20239.187012 10019.921875 1036.019287 3751.552124 1514747.930253 58.742676 47.070923 0.080393 -0.070582 8.465836 37.061775 19618.609619 10190.964966 415.441895 3922.595215 1555934.518725 185.554199 47.045288 0.077066 -0.069317 13.012161 37.068647
21854.21875 9312.069092 2569.383545 3057.76001 1595162.807824 -71.704102 8.330078 -0.02251 -0.153566 0.029726 3.846931 16726.107178 9773.505249 -2558.728027 3519.196167 1893183.077969 -23.078613 -18.614502 -0.263533 -0.147905 1.84513 1.203225 25213.591309 9817.620239 5928.756104 3563.311157 4784733.533819 -196.875 77.88208 0.106958 -0.015442 21.351537 1.915126 13971.966553 12273.510742 -5312.868652 6019.20166 6445736.194268 79.029541 147.858887 -0.215835 -0.134921 30.134977 16.279433 22276.245117 7052.70874 2991.409912 798.399658 958597.527649 -160.534668 -30.975952 -0.007676 -0.01525 0.285971 5.006356 17187.011719 10204.971313 -2097.823486 3950.662231 2000859.544676 68.828125 40.088501 0.04759 -0.084538 0.228302 33.31824 20004.335938 7465.543823 719.500732 1211.234741 198477.090227 -78.720703 -131.275024 -0.025759 -0.010379 6.323564 3.237906 19330.38208 6832.665405 45.546875 578.356323 33657.055446 62.402344 -285.152588 -0.025062 -0.01135 8.467232 4.007445 19967.487793 6394.977417 682.652588 140.668335 48580.213621 -87.287598 -222.110596 -0.023511 -0.01313 6.128238 5.184493 19789.350586 10166.590576 504.515381 3912.281494 1556048.225892 475.610352 -198.90625 0.089268 -0.066463 4.996196 31.758649 20710.866699 10149.328613 1426.031494 3895.019531 1720474.29711 471.679688 129.406738 0.116403 -0.068843 17.748309 35.257528 19877.526855 10185.765381 592.69165 3931.456299 1580763.202204 258.917236 -5.199585 0.088884 -0.069385 17.308883 37.140766
21773.352051 9338.309326 2507.049561 3191.762695 1647264.660223 -80.866699 26.240234 -0.160354 -0.13748 1.508486 3.083221 16726.02417 9746.417847 -2540.27832 3599.871216 1941208.671514 -0.083008 -27.087402 -0.263846 -0.197153 1.849508 2.137898 25073.720703 9900.701904 5807.418213 3754.155273 4781978.811649 -139.870605 83.081665 0.099464 -0.014407 18.464291 1.667135 14059.39209 12398.389893 -5206.9104 6251.843262 6619746.008679 87.425537 124.87915 -0.20232 -0.120957 26.479231 13.084046 22094.946289 7049.036255 2828.643799 902.489624 881571.326212 -181.298828 -3.672485 -0.011412 -0.015267 0.632031 5.017564 17284.458008 10307.382812 -1981.844482 4160.836182 2124026.528296 97.446289 102.411499 0.14426 -0.082341 2.097808 31.609206 19905.935059 7436.929321 639.632568 1290.38269 207421.731027 -98.400879 -28.614502 -0.026791 -0.010474 6.840662 3.297577 19173.104248 6617.231445 -93.198242 470.684814 23023.01069 -157.277832 -215.43396 -0.026229 -0.012042 9.273928 4.511381 19954.261475 6107.318115 687.958984 -39.228516 47482.644062 -13.226318 -287.659302 -0.023631 -0.014087 6.19059 5.967412 20350.252686 10367.850342 1083.950195 4221.303711 1899435.304589 560.9021 201.259766 0.178729 -0.063664 20.0282 29.139704 20800.358887 10368.54248 1534.056396 4221.99585 2017857.798171 89.492188 219.213867 0.123235 -0.065896 19.89288 32.303876 20235.058594 10285.236816 968.756104 4138.690186 1806724.484004 357.531738 99.471436 0.105203 -0.068095 24.248084 35.773234
21725.039062 9412.034302 2403.178711 3314.399414 1676051.139264 -48.312988 73.724976 -0.242707 -0.092285 3.455793 1.389278 16709.597168 9726.572266 -2612.263184 3628.937378 1999310.543329 -16.427002 -19.845581 -0.325676 -0.233234 2.817915 2.992027 24835.861816 10069.344482 5514.001465 3971.709595 4617868.925914 -237.858887 168.642578 0.08672 -0.012308 14.035738 1.216608 14061.380615 12482.70752 -5260.479736 6385.072632 6844179.957014 1.988525 84.317627 -0.202013 -0.111529 26.398828 11.123781 21819.699707 7068.36792 2497.839355 970.733032 718152.406558 -275.246582 19.331665 -0.017083 -0.015178 1.41634 4.958709 17291.195068 10468.549805 -2030.665283 4370.914917 2322849.870399 6.737061 161.166992 0.150943 -0.078884 2.296687 29.010785 19458.371582 7162.27356 136.51123 1064.638672 115209.08177 -447.563477 -274.655762 -0.031487 -0.011388 9.449006 3.898049 19021.287842 6520.033569 -300.57251 422.398682 26876.447988 -151.816406 -97.197876 -0.027355 -0.012355 10.087421 4.74851 19655.612793 6043.378296 333.752441 -54.256592 11433.44699 -298.648682 -63.939819 -0.026325 -0.014299 7.682502 6.148912 19878.400879 10542.772217 556.540527 4445.137329 2006898.323315 -471.851807 174.921875 0.103471 -0.061231 6.712538 26.955014 20822.905273 10607.220459 1501.044922 4509.585571 2258949.788227 22.546387 238.677979 0.124956 -0.062688 20.452461 29.234872 20078.69873 10537.669678 756.838379 4440.03479 2028671.326854 -156.359863 252.432861 0.098066 -0.064823 21.069782 32.417935
21648.562012 9341.506958 2213.945312 3239.912109 1539858.432322 -76.477051 -70.527344 -0.373068 -0.13552 8.165061 2.995925 16784.772949 9773.522339 -2649.84375 3671.92749 2050472.339295 75.175781 46.950073 -0.042718 -0.147874 0.048483 1.20272 24640.493164 10289.997559 5205.876465 4188.40271 4464386.702802 -195.368652 220.653076 0.076252 -0.00956 10.851781 0.734087 14077.702637 12678.771973 -5356.914062 6577.177124 7195578.719379 16.322021 196.064453 -0.19949 -0.089605 25.743495 7.18027 21483.57666 7199.694824 2048.959961 1098.099976 540406.047791 -336.123047 131.326904 -0.024009 -0.014567 2.797528 4.568077 17308.253174 10582.67334 -2126.363525 4481.078491 2460148.62865 17.058105 114.123535 0.167865 -0.076436 2.840514 27.238213 19415.605469 7074.815674 -19.01123 973.220825 94752.020148 -42.766113 -87.457886 -0.031936 -0.011679 9.720245 4.099793 18787.246094 5962.945557 -647.370605 -138.649292 43831.232699 -234.041748 -557.088013 -0.029091 -0.014145 11.408502 6.224776 19082.047119 5719.321289 -352.56958 -382.27356 27043.838314 -573.565674 -324.057007 -0.031498 -0.015377 10.999037 7.110592 20122.76123 10580.471191 688.144531 4478.876343 2053387.618974 244.360352 37.698975 0.142445 -0.060707 12.721754 26.495322 20870.861816 10929.827881 1436.245117 4828.233032 2537463.425013 47.956543 322.607422 0.128617 -0.058351 21.668512 25.330075 20512.553711 10743.861084 1077.937012 4642.266235 2271258.400112 433.85498 206.191406 0.117868 -0.062151 30.438193 29.799845
21594.804688 9321.156006 2165.058594 3347.58667 1589381.522701 -53.757324 -20.350952 -0.464702 -0.147995 12.668687 3.572905 16812.629395 9748.092651 -2617.116699 3774.523315 2109632.607605 27.856445 -25.429688 0.062132 -0.194108 0.102561 2.07237 24359.736328 10558.652344 4929.990234 4585.083008 4532778.989956 -280.756836 268.654785 0.061209 -0.006215 6.992468 0.310267 14222.407227 12813.374023 -5207.338867 6839.804688 7389930.624087 144.70459 134.602051 -0.17712 -0.074553 20.293777 4.970668 21231.416016 7312.349243 1801.669922 1338.779907 503834.614738 -252.160645 112.654419 -0.029204 -0.014044 4.139353 4.245754 17309.782715 10731.008301 -2119.963379 4757.438965 2712747.023212 1.529541 148.334961 0.169382 -0.073255 2.892097 25.017774 19660.549316 7371.687622 230.803223 1398.118286 200800.486961 244.943848 296.871948 -0.029366 -0.010692 8.218683 3.435668 19019.906006 6534.125977 -409.840088 560.556641 48219.264499 232.659912 571.18042 -0.027365 -0.012309 10.094983 4.713753 19503.741455 6037.334595 73.995361 63.765259 954.132173 421.694336 318.013306 -0.027695 -0.014319 8.5029 6.166208 20260.074463 10915.369873 830.328369 4941.800537 2511083.774917 137.313232 334.898682 0.164346 -0.056049 16.934407 22.585205 20890.517578 11318.967285 1460.771484 5345.397949 3070713.256508 19.655762 389.139404 0.130118 -0.05312 22.177076 20.992283 20367.506104 11002.929688 937.76001 5029.360352 2617385.938178 -145.047607 259.068604 0.111248 -0.058792 27.114917 26.666592
21603.312988 9366.856689 2143.729248 3409.395142 1621955.032051 8.508301 45.700684 -0.450199 -0.11998 11.890263 2.348241 16835.354004 9762.900391 -2624.229736 3805.438843 2136794.649512 22.724609 14.807739 0.147666 -0.167186 0.579319 1.537375 23999.609375 10820.799561 4540.025635 4863.338013 4426388.939006 -360.126953 262.147217 0.041914 -0.002951 3.278745 0.069963 14236.173096 12966.61499 -5223.410645 7009.153442 7641225.074027 13.765869 153.240967 -0.174992 -0.057418 19.809064 2.948324 21033.476562 7474.428711 1573.892822 1516.967163 477832.798986 -197.939453 162.079468 -0.033283 -0.013291 5.376221 3.802705 17388.967285 10905.789795 -2070.616455 4948.328247 2877340.494479 79.18457 174.781494 0.247936 -0.069506 6.196614 22.522592 19183.218994 7164.381714 -276.364746 1206.920166 153303.376002 -477.330322 -207.305908 -0.034375 -0.011381 11.261217 3.893249 18910.961914 5931.18103 -548.621826 -26.280518 30167.657376 -108.944092 -602.944946 -0.028174 -0.014247 10.700046 6.314964 19083.016357 6066.362915 -376.567383 108.901367 15366.250157 -420.725098 29.02832 -0.03149 -0.014223 10.992932 6.083354 19945.493164 10937.977295 485.909424 4980.515747 2504164.507498 -314.581299 22.607422 0.114172 -0.055734 8.172753 22.332493 20711.508789 11654.960938 1251.925049 5697.49939 3402881.562293 -179.008789 335.993652 0.116452 -0.048604 17.763261 17.574413 19886.397705 11688.443604 426.813965 5730.982056 3302632.548293 -481.108398 685.513916 0.089289 -0.049907 17.466937 19.215111
21631.350098 9401.985474 2187.055664 3471.409302 1683389.501804 28.037109 35.128784 -0.402407 -0.098445 9.499802 1.58094 16815.760498 9759.031372 -2628.533936 3828.4552 2156625.987022 -19.593506 -3.869019 0.073917 -0.17422 0.14516 1.669466 23606.68457 11018.027344 4162.390137 5087.451172 4320765.107647 -392.924805 197.227783 0.020861 -0.000496 0.812189 0.001974 14350.080566 13104.20166 -5094.213867 7173.625488 7741191.757076 113.907471 137.58667 -0.157384 -0.042033 16.023055 1.580011 20831.594238 7647.91748 1387.299805 1717.341309 487386.191829 -201.882324 173.48877 -0.037443 -0.012485 6.804041 3.355513 17469.743652 11049.421387 -1974.550781 5118.845215 3010142.712126 80.776367 143.631592 0.328068 -0.066425 10.849367 20.570204 18925.849609 7162.750854 -518.444824 1232.174683 178703.948424 -257.369385 -1.630859 -0.037075 -0.011387 13.100113 3.896962 18958.538818 5905.238647 -485.755615 -25.337524 23660.050788 47.576904 -25.942383 -0.027821 -0.014331 10.433643 6.389102 18889.785156 6661.164551 -554.509277 730.588379 84123.991805 -193.231201 594.801636 -0.033233 -0.012245 12.24357 4.509038 19716.772461 11327.578125 272.478027 5397.001953 2920187.435742 -228.720703 389.60083 0.077692 -0.050315 3.784435 18.200813 20674.162598 11991.934814 1229.868164 6061.358643 3825264.429493 -37.346191 336.973877 0.113601 -0.044074 16.904102 14.451398 19713.883057 12151.297607 269.588623 6220.721436 3877005.320435 -172.514648 462.854004 0.081415 -0.043907 14.522058 14.872895
21540.922852 9387.059326 2087.148438 3368.80127 1570501.059375 -90.427246 -14.926147 -0.556548 -0.107595 18.171366 1.888479 16884.234619 9810.547485 -2569.539795 3792.289429 2098399.38688 68.474121 51.516113 0.33165 -0.080558 2.922244 0.356945 23085.073242 11179.455566 3631.298828 5161.19751 3982429.091395 -521.611328 161.428223 -0.007087 0.001514 0.093743 0.018413 14471.573486 13288.597412 -4982.200928 7270.339355 7768016.0428 121.49292 184.395752 -0.138602 -0.021414 12.427037 0.410079 20688.110352 7705.151367 1234.335938 1686.893311 436919.424777 -143.483887 57.233887 -0.040399 -0.012219 7.92094 3.214119 17455.856934 11197.937012 -1997.91748 5179.678955 3082074.833644 -13.886719 148.515625 0.314292 -0.063239 9.957339 18.644494 18831.583252 6488.010254 -622.191162 469.752197 60778.896904 -94.266357 -674.740601 -0.038064 -0.013632 13.808424 5.585047 18861.398926 5695.567017 -592.375488 -322.69104 45503.822644 -97.139893 -209.671631 -0.028541 -0.015005 10.981141 7.00418 18906.119385 6544.220581 -547.655029 525.962524 57656.26082 16.334229 -116.94397 -0.033085 -0.012634 12.135245 4.799982 19653.370361 11424.061279 199.595947 5405.803223 2926254.702425 -63.4021 96.483154 0.067579 -0.048973 2.863385 17.242851 20584.799805 12076.640625 1131.025391 6058.382568 3798321.777884 -89.362793 84.705811 0.106778 -0.042936 14.934732 13.714372 19666.251221 12532.675781 212.476807 6514.417725 4248278.468406 -47.631836 381.378174 0.07924 -0.038964 13.756829 11.71238
21806.347656 9419.251099 2268.173828 3533.967285 1763353.728715 265.424805 32.191772 -0.10411 -0.087861 0.635871 1.25927 16854.063721 9849.225464 -2684.110107 3963.94165 2291728.047647 -30.170898 38.677979 0.218088 -0.010238 1.263635 0.005765 22614.40918 11198.081055 3076.235352 5312.797241 3768903.846442 -470.664062 18.625488 -0.032305 0.001746 1.947799 0.024485 14628.865967 13433.012695 -4909.307861 7547.728882 8106951.4951 157.29248 144.415283 -0.114287 -0.005265 8.449279 0.024792 20427.609863 7645.809937 889.436035 1760.526123 389054.869056 -260.500488 -59.341431 -0.045766 -0.012495 10.165552 3.360778 17443.198242 11343.001709 -2094.975586 5457.717896 3417560.733262 -12.658691 145.064697 0.301735 -0.060127 9.177529 16.854881 18767.454834 6257.696533 -770.718994 372.41272 73269.900174 -64.128418 -230.313721 -0.038737 -0.014398 14.300938 6.230605 18856.549072 5558.775024 -681.624756 -326.508789 57122.029714 -4.849854 -136.791992 -0.028577 -0.015444 11.008843 7.420697 18705.05127 6677.128296 -833.122559 791.844482 132111.088198 -201.068115 132.907715 -0.034899 -0.012192 13.502195 4.470028 19884.968262 10946.602783 346.794434 5061.31897 2573721.609249 231.5979 -477.458496 0.104518 -0.055614 6.849133 22.23645 20642.709961 12009.212646 1104.536133 6123.928833 3872250.442043 57.910156 -67.427979 0.1112 -0.043842 16.197046 14.299498 19774.814453 12722.926025 236.640625 6837.642212 4680934.980355 108.563232 190.250244 0.084196 -0.036498 15.531144 10.276725
21903.527832 9341.33728 2306.470947 3522.755127 1772961.191505 97.180176 -77.913818 0.061541 -0.135624 0.222184 3.000526 16898.112793 9841.726685 -2698.944092 4023.144531 2346999.112997 44.049072 -7.498779 0.383887 -0.023871 3.915278 0.031342 22162.746582 11202.443848 2565.689697 5383.861694 3556873.036639 -451.662598 4.362793 -0.056505 0.0018 5.959034 0.026032 14875.760498 13588.709717 -4721.296387 7770.127563 8266552.192394 246.894531 155.697021 -0.07612 0.012145 3.748232 0.131906 20326.958008 7992.225342 729.901123 2173.643188 525748.036024 -100.651855 346.415405 -0.04784 -0.010886 11.107722 2.550832 17475.137939 11477.883301 -2121.918945 5659.301147 3653022.948813 31.939697 134.881592 0.33342 -0.057234 11.206192 15.271885 19305.098877 6747.315674 -291.958008 928.733521 94778.543044 537.644043 489.619141 -0.033096 -0.012769 10.43889 4.900468 19413.763428 6473.820801 -183.293457 655.238647 46293.417652 557.214355 915.045776 -0.024444 -0.012503 8.054446 4.863384 19274.812012 6880.456543 -322.244873 1061.87439 123141.89776 569.760742 203.328247 -0.02976 -0.011516 9.818196 3.987983 19727.485352 11105.599365 130.428467 5287.017212 2796956.258403 -157.48291 158.996582 0.0794 -0.053403 3.952726 20.503122 20556.311035 11963.448486 959.25415 6144.866333 3867955.077557 -86.398926 -45.76416 0.104604 -0.044457 14.332531 14.703592 19667.781982 12835.969238 70.725098 7017.387085 4924872.353962 -107.032471 113.043213 0.07931 -0.035032 13.781099 9.468126
21988.962402 9359.202271 2297.064209 3430.843506 1704719.114189 85.43457 17.86499 0.207171 -0.124672 2.517914 2.535508 16845.827637 9859.055786 -2846.070557 3930.697021 2355049.668808 -52.285156 17.329102 0.187088 0.007635 0.929928 0.003206 21826.115723 11236.069336 2134.217529 5307.710571 3272667.597093 -336.630859 33.625488 -0.074542 0.002219 10.370482 0.039547 15092.557373 13940.057373 -4599.34082 8011.698608 8534125.057321 216.796875 351.347656 -0.042606 0.051433 1.174281 2.365687 20195.251465 8017.254639 503.353271 2088.895874 461685.048843 -131.706543 25.029297 -0.050554 -0.010769 12.403641 2.496631 17470.950928 11635.975342 -2220.947266 5707.616577 3750949.374843 -4.187012 158.092041 0.329266 -0.053843 10.928725 13.515836 19374.724121 6737.384033 -317.174072 809.025269 75512.127728 69.625244 -9.931641 -0.032365 -0.012802 9.983117 4.925864 19403.686523 6524.993896 -288.21167 596.635132 43903.944722 -10.076904 51.173096 -0.024518 -0.012339 8.103784 4.736262 19256.130371 6881.235352 -435.767822 952.876587 109786.738481 -18.681641 0.778809 -0.029928 -0.011513 9.929703 3.986189 20158.123779 11463.466797 466.225586 5535.108032 3085478.72254 430.638428 357.867432 0.148085 -0.048425 13.749145 16.85905 20650.151367 11977.998047 958.253174 6049.639282 3751638.459021 93.840332 14.549561 0.111768 -0.044262 16.362965 14.57451 19716.810303 12861.268311 24.912109 6932.909546 4806585.53848 49.02832 25.299072 0.081548 -0.034704 14.569761 9.291698
21975.822754 9309.577026 2258.449707 3291.033936 1593149.944411 -13.139648 -49.625244 0.184773 -0.155093 2.002913 3.923851 16862.618408 9826.05835 -2854.754639 3807.515259 2264679.649293 16.790771 -32.997437 0.250288 -0.052358 1.664316 0.15078 21531.679688 11374.276123 1814.306641 5355.733032 3197558.48987 -294.436035 138.206787 -0.090318 0.00394 15.22454 0.124666 15413.85376 14075.296631 -4303.519287 8056.75354 8343155.585945 321.296387 135.239258 0.007062 0.066555 0.032262 3.961346 20049.454346 8240.697021 332.081299 2222.153931 504824.60806 -145.797119 223.442383 -0.053558 -0.009731 13.921567 2.038553 17588.364258 11791.638184 -2129.008789 5773.095093 3786130.537411 117.41333 155.662842 0.445743 -0.050504 20.028367 11.89153 19378.013916 6818.861084 -339.359131 800.317993 75567.350988 3.289795 81.477051 -0.032331 -0.012531 9.961834 4.71946 19271.223145 6664.350586 -446.149902 645.807495 61611.705611 -132.463379 139.356689 -0.025501 -0.011891 8.766359 4.398612 19149.631348 6983.108521 -567.741699 964.56543 125271.710518 -106.499023 101.873169 -0.030889 -0.011174 10.577397 3.755063 20381.965332 11312.285156 664.592285 5293.742065 2846538.796079 223.841553 -151.181641 0.183787 -0.050528 21.177836 18.355031 20647.77832 12007.225342 930.405273 5988.682251 3672996.9076 -2.373047 29.227295 0.111586 -0.043869 16.309962 14.316928 19767.049561 12884.116211 49.676514 6865.57312 4713856.202369 50.239258 22.8479 0.083841 -0.034408 15.400665 9.13379
22003.088379 9321.577759 2261.230469 3310.994873 1607585.028215 27.265625 12.000732 0.23125 -0.147737 3.137226 3.560433 16841.529541 9865.131836 -2900.328369 3854.54895 2326945.225829 -21.088867 39.073486 0.17091 0.018682 0.776057 0.019197 21450.407715 11436.864014 1708.549805 5426.281128 3236366.931442 -81.271973 62.587891 -0.094672 0.004719 16.727989 0.178859 15605.86792 14145.810547 -4135.98999 8135.227661 8328834.229778 192.01416 70.513916 0.036745 0.07444 0.873421 4.955559 20012.702637 8241.152344 270.844727 2230.569458 504879.69729 -36.751709 0.455322 -0.054315 -0.009729 14.318021 2.037667 17650.708008 12045.53833 -2091.149902 6034.955444 4079359.512919 62.34375 253.900146 0.50759 -0.045058 25.971806 9.465191 19543.436279 6805.845337 -198.421631 795.262451 67181.350984 165.422363 -13.015747 -0.030595 -0.012574 8.920904 4.752136 19433.404541 6678.522949 -308.453369 667.940063 54128.740933 162.181396 14.172363 -0.024298 -0.011845 7.958712 4.364973 19252.043457 7005.410156 -489.814453 994.827271 122959.949664 102.412109 22.301636 -0.029965 -0.0111 9.954181 3.705387 20446.431885 11454.317627 704.573975 5443.734741 3013067.241836 64.466553 142.032471 0.194069 -0.048552 23.613748 16.947776 20717.124023 12075.216064 975.266113 6064.633179 3773091.958404 69.345703 67.990723 0.116881 -0.042955 17.894282 13.726608 19749.143066 12970.026855 7.285156 6959.44397 4843391.344126 -17.906494 85.910645 0.083024 -0.033295 15.101868 8.552149
21961.716309 9293.696289 2285.01709 3167.186279 1525237.202864 -41.37207 -27.88147 0.160728 -0.164829 1.515533 4.431911 16844.350586 9886.646729 -2832.348633 3760.136719 2216082.692149 2.821045 21.514893 0.181529 0.057798 0.875481 0.183743 21408.422852 11412.1521 1731.723633 5285.64209 3093687.904237 -41.984863 -24.711914 -0.096922 0.004411 17.532393 0.156296 15730.183105 14237.683105 -3946.516113 8111.173096 8136611.842085 124.315186 91.872559 0.055963 0.084713 2.025917 6.417741 20079.493408 8333.377686 402.794189 2206.867676 503250.809747 66.790771 92.225342 -0.052939 -0.009301 13.601659 1.862159 17693.638916 12244.696045 -1983.060303 6118.186035 4136472.852506 42.930908 199.157715 0.550179 -0.040786 30.512904 7.755527 19625.460205 6897.56897 -51.239014 771.05896 59715.735626 82.023926 91.723633 -0.029734 -0.012269 8.426061 4.524267 19588.347168 6568.969727 -88.352051 442.459717 20357.668587 154.942627 -109.553223 -0.023149 -0.012197 7.223563 4.628364 19602.897949 6903.272705 -73.80127 776.762695 60880.691221 350.854492 -102.137451 -0.0268 -0.01144 7.962549 3.935607 20491.657715 11655.570068 814.958496 5529.060059 3123466.248189 45.22583 201.252441 0.201283 -0.045753 25.401761 15.049864 20782.438965 12217.414551 1105.739746 6090.904541 3832177.851386 65.314941 142.198486 0.121867 -0.041043 19.453659 12.532165 19917.316895 13176.270752 240.617676 7049.760742 4975702.338799 168.173828 206.243896 0.0907 -0.030621 18.023447 7.233918
21965.671387 9297.557373 2228.310547 3266.117554 1563289.176797 3.955078 3.861084 0.16747 -0.162462 1.645338 4.305541 16856.235352 9868.944092 -2881.125488 3837.504272 2302732.312038 11.884766 -17.702637 0.226262 0.025613 1.360131 0.036083 21414.545898 11451.490479 1677.185059 5420.050659 3218989.886884 6.123047 39.338379 -0.096594 0.004901 17.413903 0.19293 15810.369873 14235.073242 -3926.990967 8203.633423 8272085.938983 80.186768 -2.609863 0.068358 0.084421 3.022807 6.373599 20082.669678 8192.317505 345.308838 2160.877686 478863.056542 3.17627 -141.060181 -0.052874 -0.009956 13.56805 2.133801 17779.155273 12291.281738 -1958.205566 6259.841919 4302018.989049 85.516357 46.585693 0.635013 -0.039787 40.648236 7.380169 19520.576172 6774.866943 -216.784668 743.427124 59967.9481 -104.884033 -122.702026 -0.030835 -0.012677 9.061333 4.830361 19571.287842 6518.741455 -166.072998 487.301636 26504.312488 -17.059326 -50.228271 -0.023275 -0.012359 7.302758 4.751704 19346.66626 6843.43811 -390.69458 811.998291 81198.347951 -256.231689 -59.834595 -0.029111 -0.011639 9.395183 4.073698 20554.160156 11873.918457 816.799316 5842.478638 3480171.775521 62.502441 218.348389 0.211252 -0.042716 27.980202 13.118165 20851.05957 12349.034424 1113.69873 6317.594604 4115232.644896 68.620605 131.619873 0.127106 -0.039274 21.162123 11.475024 19916.075439 13308.065186 178.7146 7276.625366 5298121.56283 -1.241455 131.794434 0.090643 -0.028913 18.000934 6.449288
21982.895508 9335.928345 2313.879395 3407.08252 1696224.914733 17.224121 38.370972 0.196829 -0.13894 2.272811 3.149036 16829.493408 9861.63269 -2839.522705 3932.786865 2352970.172001 -26.741943 -7.311401 0.125607 0.01232 0.419164 0.008349 21391.655273 11489.885254 1722.63916 5561.039429 3389264.520378 -22.890625 38.394775 -0.09782 0.005379 17.858928 0.232401 15721.264648 14237.398682 -3947.751465 8308.552856 8461679.219652 -89.105225 2.325439 0.054584 0.084681 1.927327 6.412923 20029.334717 7960.947266 360.318604 2032.10144 425926.576024 -53.334961 -231.370239 -0.053973 -0.011031 14.137915 2.619384 17745.135498 12407.435303 -1923.880615 6478.589478 4567343.824015 -34.019775 116.153564 0.601265 -0.037296 36.442445 6.484823 19165.826416 6586.807861 -503.189697 657.962036 68611.391243 -354.749756 -188.059082 -0.034557 -0.013303 11.381107 5.31894 19159.512939 6354.290771 -509.503174 425.444946 44059.688646 -411.774902 -164.450684 -0.02633 -0.012887 9.345362 5.166875 18976.30249 6802.034912 -692.713623 873.189087 124231.134506 -370.36377 -41.403198 -0.032452 -0.011777 11.675281 4.170645 20622.39502 11991.977539 953.378906 6063.131714 3767049.751858 68.234863 118.059082 0.222135 -0.041074 30.937408 12.128954 20912.138672 12494.465332 1243.122559 6565.619507 4465271.320423 61.079102 145.430908 0.131769 -0.037319 22.743303 10.361117 19857.521973 13449.682617 188.505859 7520.836792 5659852.05108 -58.553467 141.617432 0.087971 -0.027077 16.955088 5.656366
21942.019043 9319.143066 2226.987305 3326.154175 1602277.404981 -40.876465 -16.785278 0.127152 -0.149229 0.948488 3.632735 16855.405273 9808.294678 -2859.626465 3815.305786 2273402.176013 25.911865 -53.338013 0.223138 -0.084654 1.322827 0.394164 21329.182129 11442.637939 1614.150391 5449.649048 3230415.62283 -62.473145 -47.247314 -0.101167 0.004791 19.102066 0.18435 15651.977539 14212.576904 -4063.054199 8219.588013 8407003.652423 -69.287109 -24.821777 0.043873 0.081906 1.245148 5.999424 20034.700928 8145.679321 319.669189 2152.69043 473626.447675 5.366211 184.732056 -0.053862 -0.010173 14.080049 2.227679 17756.936035 12393.900146 -1958.095703 6400.911255 4480580.367548 11.800537 -13.535156 0.612971 -0.037586 37.875309 6.586176 19189.033203 6639.274292 -525.998535 646.2854 69435.927774 23.206787 52.466431 -0.034314 -0.013128 11.221281 5.180265 19129.84375 6363.451538 -585.187988 370.462646 47968.755407 -29.669189 9.160767 -0.02655 -0.012858 9.502251 5.14329 18867.446289 6890.108032 -847.585449 897.119141 152322.38462 -108.856201 88.07312 -0.033434 -0.011484 12.392496 3.965785 20585.256348 12036.015625 870.224609 6043.026733 3727546.297133 -37.138672 44.038086 0.216211 -0.040461 29.309449 11.76989 20849.338379 12749.768066 1134.306641 6756.779175 4694071.637204 -62.800293 255.302734 0.126974 -0.033888 21.118391 8.543184 19864.666748 13555.933838 149.63501 7562.944946 5722052.689675 7.144775 106.251221 0.088297 -0.0257 17.081027 5.095599
21937.766113 9310.465698 2261.263428 3152.155762 1504939.823575 -4.25293 -8.677368 0.119903 -0.154549 0.843417 3.896334 16862.381592 9792.769165 -2814.121094 3634.459229 2112857.141403 6.976318 -15.525513 0.249396 -0.112881 1.652482 0.700848 21308.974609 11527.642822 1632.471924 5369.332886 3149470.022 -20.20752 85.004883 -0.10225 0.005849 19.513122 0.274797 15619.400635 14163.614502 -4057.102051 8005.304565 8054497.823574 -32.576904 -48.962402 0.038837 0.076431 0.975704 5.224169 20041.757812 8187.311401 365.255127 2029.001465 425025.82521 7.056885 41.63208 -0.053717 -0.009979 14.004132 2.143781 17721.248779 12405.438232 -1955.253906 6247.128296 4284962.978332 -35.687256 11.538086 0.577569 -0.037339 33.626599 6.499728 19377.495117 6887.956543 -299.007568 729.646606 62178.969623 188.461914 248.682251 -0.032336 -0.012301 9.965189 4.547884 19385.064697 6599.287109 -291.437988 440.977173 27939.696799 255.220947 235.835571 -0.024657 -0.0121 8.195357 4.554702 19091.208496 7111.290894 -585.294189 952.980957 125074.199267 223.762207 221.182861 -0.031416 -0.010748 10.941399 3.474054 20556.047363 12052.496338 879.544678 5894.186401 3551503.217419 -29.208984 16.480713 0.211553 -0.040232 28.059993 11.636902 20847.392578 12722.34375 1170.889893 6564.033813 4445752.304501 -1.945801 -27.424316 0.126826 -0.034256 21.069007 8.730064 19826.884766 13574.643555 150.38208 7416.333618 5502461.910592 -37.781982 18.709717 0.086572 -0.025458 16.420337 4.999884
21934.528809 9296.760254 2246.184082 3150.229492 1496928.878382 -3.237305 -13.705444 0.114385 -0.16295 0.767571 4.33148 16849.790039 9814.283447 -2838.554688 3667.752686 2150980.247626 -12.591553 21.514282 0.202002 -0.073766 1.084101 0.29929 21397.302246 11539.925537 1708.95752 5393.394775 3200924.300677 88.327637 12.282715 -0.097518 0.006002 17.748621 0.289354 15598.544922 14143.041992 -4089.799805 7996.51123 8067065.430143 -20.855713 -20.57251 0.035613 0.07413 0.820433 4.914426 20071.612549 8341.939087 383.267822 2195.408325 496671.193792 29.854736 154.627686 -0.053102 -0.009261 13.685228 1.846268 17716.506348 12370.072021 -1971.838379 6223.54126 4262061.240453 -4.742432 -35.366211 0.572864 -0.038097 33.081014 6.766515 19412.698975 6954.14917 -275.645752 807.618408 72822.807384 35.203857 66.192627 -0.031967 -0.012081 9.738818 4.386496 19311.925049 6717.518921 -376.419678 570.988159 46771.925171 -73.139648 118.231812 -0.025199 -0.01172 8.56 4.27308 19059.228516 7240.432129 -629.116211 1093.901367 159240.7408 -31.97998 129.141235 -0.031704 -0.010319 11.143256 3.201993 20478.101807 12075.206299 789.75708 5928.675537 3577290.986985 -77.945557 22.709961 0.199121 -0.039916 24.858978 11.454886 20772.329102 12809.815674 1083.984375 6663.284912 4557438.794519 -75.063477 87.471924 0.121095 -0.03308 19.208028 8.141057 19714.832764 13632.001953 26.488037 7485.471191 5603298.057348 -112.052002 57.358398 0.081458 -0.024714 14.537526 4.712107
21918.498535 9277.687988 2229.932861 3140.334473 1483430.116618 -16.030273 -19.072266 0.08706 -0.174642 0.44465 4.975345 16857.04834 9774.09729 -2831.517334 3636.743774 2124339.569339 7.258301 -40.186157 0.229322 -0.146829 1.39717 1.185776 21476.376953 11610.643311 1787.811279 5473.289795 3315317.034958 79.074707 70.717773 -0.093281 0.006883 16.239889 0.380473 15592.194824 14127.851562 -4096.37085 7990.498047 8062831.317464 -6.350098 -15.19043 0.034631 0.072432 0.775828 4.691791 20050.52124 8331.966553 361.955566 2194.613037 494733.82147 -21.091309 -9.972534 -0.053536 -0.009307 13.910141 1.864785 17751.70166 12309.008789 -1936.864014 6171.655273 4184077.102161 35.195312 -61.063232 0.607779 -0.039407 37.236323 7.239781 19486.811523 6951.930542 -201.75415 814.577026 70424.046909 74.112549 -2.218628 -0.031189 -0.012088 9.270755 4.391858 19367.702637 6770.05127 -320.863037 632.697754 50325.953638 55.777588 52.532349 -0.024785 -0.011551 8.281198 4.150834 19178.188477 7235.947266 -510.377197 1098.59375 146739.311103 118.959961 -4.484863 -0.030631 -0.010334 10.401714 3.211255 20483.737793 12050.047607 795.172119 5912.694092 3559225.012223 5.635986 -25.158691 0.20002 -0.040266 25.083933 11.656614 20751.42334 12797.835693 1062.857666 6660.482178 4549168.925813 -20.905762 -11.97998 0.119499 -0.033241 18.705048 8.220511 19657.967529 13545.036621 -30.598145 7407.683105 5487470.52375 -56.865234 -86.965332 0.078862 -0.025841 13.625862 5.151764
21917.902832 9287.280884 2205.97168 3150.92041 1479461.048272 -0.595703 9.592896 0.086044 -0.168761 0.434338 4.645922 16814.058838 9777.169189 -2897.872314 3640.808716 2165315.205607 -42.989502 3.071899 0.067512 -0.141244 0.121093 1.097283 21557.915039 11779.624023 1845.983887 5643.26355 3525408.000258 81.538086 168.980713 -0.088912 0.008987 14.754324 0.648635 15574.736328 14133.684082 -4137.194824 7997.323608 8107356.591099 -17.458496 5.83252 0.031932 0.073084 0.659617 4.776664 20069.619141 8157.377319 357.687988 2021.016846 421244.978758 19.0979 -174.589233 -0.053143 -0.010119 13.706407 2.203942 17728.64502 12305.323486 -1983.286133 6168.963013 4198952.853661 -23.056641 -3.685303 0.584906 -0.039486 34.486393 7.268855 19378.775635 6839.726562 -333.155518 703.366089 60571.645386 -108.035889 -112.203979 -0.032323 -0.012461 9.956909 4.667313 19524.313965 6580.693359 -187.617188 444.332886 23263.19224 156.611328 -189.35791 -0.023624 -0.01216 7.52306 4.599809 19374.858398 7056.328125 -337.072754 919.967651 95995.852099 196.669922 -179.619141 -0.028857 -0.010931 9.231757 3.593208 20525.063477 12064.013672 813.132324 5927.653198 3579825.661532 41.325684 13.966064 0.206611 -0.040072 26.764361 11.544413 20772.636719 12637.20459 1060.705566 6500.844116 4338607.052188 21.213379 -160.631104 0.121119 -0.035401 19.215479 9.323117 19636.318359 13498.587646 -75.612793 7362.227173 5420810.623913 -21.64917 -46.448975 0.077874 -0.026443 13.28654 5.394622
21952.48291 9366.40625 2238.206787 3294.450073 1586297.090695 34.580078 79.125366 0.144989 -0.120256 1.233253 2.359062 16796.903076 9795.016479 -2917.373047 3723.060303 2237224.351243 -17.155762 17.84729 0.002939 -0.108795 0.000229 0.651031 21675.866699 11966.971436 1961.590576 5895.015259 3859904.248988 117.95166 187.347412 -0.082592 0.011319 12.731405 1.029061 15577.924805 14145.388184 -4136.351318 8073.432007 8228970.65979 3.188477 11.704102 0.032425 0.074393 0.680138 4.949272 20142.373047 8165.103149 428.096924 2093.146973 456453.122533 72.753906 7.72583 -0.051644 -0.010083 12.944046 2.188335 17667.062988 12348.381348 -2047.213135 6276.425171 4358459.454504 -61.582031 43.057861 0.523815 -0.038562 27.658666 6.932795 19309.3396 6871.164551 -404.936523 799.208374 80270.761312 -69.436035 31.437988 -0.033051 -0.012357 10.410839 4.589289 19786.490479 6502.593384 72.214355 430.637207 19066.331722 262.176514 -78.099976 -0.021679 -0.012411 6.33534 4.791701 19352.681885 7074.838257 -361.594238 1002.88208 113652.28597 -22.176514 18.510132 -0.029057 -0.010869 9.36019 3.552856 20461.00708 12130.618896 746.730957 6058.66272 3726500.107359 -64.056396 66.605225 0.196394 -0.039145 24.182856 11.016787 20709.660645 12632.015381 995.384521 6560.059204 4402516.710693 -62.976074 -5.189209 0.116311 -0.03547 17.720243 9.359893 19621.962891 13430.687256 -92.313232 7358.731079 5415944.482742 -14.355469 -67.900391 0.077219 -0.027324 13.063897 5.759703
21991.474609 9428.070679 2235.411377 3363.564453 1631062.985454 38.991699 61.664429 0.211453 -0.082455 2.623081 1.109059 16794.049072 9787.929688 -2962.01416 3723.423462 2263741.01617 -2.854004 -7.086792 -0.007804 -0.12168 0.001618 0.814364 21899.833984 12128.269043 2143.770752 6063.762817 4136497.25424 223.967285 161.297607 -0.070592 0.013328 9.300581 1.426608 15610.023193 14098.369141 -4146.040039 8033.862915 8173260.134315 32.098389 -47.019043 0.037387 0.069135 0.904225 4.274418 20400.450439 8539.022827 644.387207 2474.516602 653846.728399 258.077393 373.919678 -0.046326 -0.008346 10.41567 1.499268 17658.717041 12448.963623 -2097.346191 6384.457397 4516015.73066 -8.345947 100.582275 0.515535 -0.036405 26.79123 6.178756 19886.00708 6977.8125 129.943848 913.306274 85101.375443 576.66748 106.647949 -0.027 -0.012002 6.947857 4.329508 19790.184326 6643.129883 34.121094 578.623657 33596.958574 3.693848 140.536499 -0.021651 -0.011959 6.319335 4.449222 19441.226807 7236.715088 -314.836426 1172.208862 147319.559186 88.544922 161.876831 -0.028259 -0.010331 8.852689 3.209668 20435.339355 12200.987549 679.276123 6136.481323 3811781.908184 -25.667725 70.368652 0.1923 -0.038167 23.185166 10.472754 20679.135742 12627.548828 923.07251 6563.042603 4392559.106103 -30.524902 -4.466553 0.11398 -0.03553 17.017281 9.391606 19585.300293 13459.179688 -170.762939 7394.673462 5471035.558983 -36.662598 28.492432 0.075546 -0.026954 12.503822 5.605052
22021.896973 9463.903809 2297.803955 3454.752197 1721521.576048 30.422363 35.83313 0.263311 -0.060488 4.067425 0.596851 16779.143066 9798.649902 -2944.949951 3789.498291 2303302.751252 -14.906006 10.720215 -0.063909 -0.102189 0.108512 0.574371 22158.71582 12354.351807 2434.622803 6345.200195 4618895.371019 258.881836 226.082764 -0.056721 0.016142 6.004673 2.092873 15643.97583 14103.116455 -4080.117188 8093.964844 8215962.315559 33.952637 4.747314 0.042636 0.069666 1.175926 4.340311 20684.897461 8475.259399 960.804443 2466.107788 700483.280084 284.447021 -63.763428 -0.040465 -0.008642 7.946921 1.607585 17564.94873 12634.542236 -2159.144287 6625.390625 4855770.498639 -93.768311 185.578613 0.422514 -0.032424 17.995296 4.90143 19668.354492 6983.612061 -55.738525 974.460449 95267.99503 -217.652588 5.799561 -0.029284 -0.011983 8.172906 4.315598 20276.887207 6521.678467 552.794189 512.526855 56826.519347 486.702881 -121.451416 -0.018041 -0.012349 4.387505 4.744447 19895.308838 7103.565063 171.21582 1094.413452 122705.566137 454.082031 -133.150024 -0.024163 -0.010774 6.472344 3.490681 20259.18457 12551.727295 535.091553 6542.575684 4309161.954536 -176.154785 350.739746 0.164204 -0.033288 16.90517 7.966561 20522.39502 12968.435059 798.302002 6959.283447 4906891.218571 -156.740723 340.88623 0.102014 -0.030948 13.631765 7.125437 19569.744873 13612.783203 -154.348145 7603.631592 5783903.673349 -15.55542 153.603516 0.074836 -0.024963 12.269898 4.80758
22079.11377 9533.735962 2334.700928 3517.634888 1782458.362509 57.216797 69.832153 0.360841 -0.01768 7.63862 0.050989 16786.376953 9766.369019 -2958.035889 3750.267944 2281448.597298 7.233887 -32.280884 -0.036681 -0.16088 0.035747 1.423581 22229.707031 12531.553955 2485.294189 6515.452881 4862781.345083 70.991211 177.202148 -0.052917 0.018349 5.226335 2.704063 15630.496826 14139.997559 -4113.916016 8123.896484 8292199.907246 -13.479004 36.881104 0.040552 0.07379 1.063796 4.869393 20897.456055 8488.751221 1153.043213 2472.650146 744350.73977 212.558594 13.491821 -0.036085 -0.008579 6.319772 1.584351 17528.80127 12895.184326 -2215.611572 6879.083252 5223072.102646 -36.147461 260.64209 0.386655 -0.026834 15.070353 3.356915 20774.423828 7007.557373 1030.010986 991.456299 204390.822444 1106.069336 23.945312 -0.017678 -0.011903 2.978513 4.258403 21022.868652 6571.893311 1278.455811 555.792236 194335.426948 745.981445 50.214844 -0.012507 -0.012188 2.108688 4.621235 20503.271484 7080.050659 758.858643 1063.949585 170785.515875 607.962646 -23.514404 -0.018678 -0.010852 3.86777 3.541534 20329.197998 12933.796387 584.785156 6917.695312 4819648.211555 70.013428 382.069092 0.175371 -0.027974 19.282653 5.625942 20414.698486 13399.194336 670.285645 7383.093262 5495934.89565 -107.696533 430.759277 0.093792 -0.025158 11.522995 4.708605 19439.331055 13948.02002 -305.081787 7931.918945 6300841.305183 -130.413818 335.236816 0.068883 -0.020618 10.395608 3.279533
22076.782227 9669.714355 2286.737061 3685.859985 1881473.021569 -2.331543 135.978394 0.356867 0.065678 7.471284 0.703658 16779.594727 9791.340942 -3010.450439 3807.486572 2355976.584639 -6.782227 24.971924 -0.062209 -0.115478 0.102816 0.733463 22099.399414 12701.92749 2309.354248 6718.07312 5046562.349021 -130.307617 170.373535 -0.059899 0.02047 6.696424 3.365431 15632.911377 14078.155518 -4157.133789 8094.301147 8279947.240595 2.414551 -61.842041 0.040926 0.066875 1.083469 3.999492 21011.38916 8580.007935 1221.343994 2596.153564 823169.448225 113.933105 91.256714 -0.033738 -0.008155 5.524252 1.431639 17446.472168 13263.143311 -2343.572998 7279.28894 5848038.187544 -82.329102 367.958984 0.304982 -0.018941 9.376164 1.672591 21327.990723 6872.556763 1537.945557 888.702393 315506.847776 553.566895 -135.00061 -0.01187 -0.012352 1.342807 4.585849 21257.609863 6597.547607 1467.564697 613.693237 253036.553017 234.741211 25.654297 -0.010766 -0.012105 1.562381 4.558912 20810.239258 7037.774048 1020.194092 1053.919678 215154.267205 306.967773 -42.276611 -0.01591 -0.010993 2.806029 3.633886 20149.661865 13532.427979 359.616699 7548.573608 5711028.769177 -179.536133 598.631592 0.146736 -0.019647 13.49967 2.775207 20051.019287 14063.435059 260.974121 8079.580688 6534773.159348 -363.679199 664.240723 0.066028 -0.016229 5.71066 1.959484 18935.970459 14245.994873 -854.074707 8262.140503 6899240.929534 -503.360596 297.974854 0.045908 -0.016755 4.617469 2.165901
22081.12793 9845.089722 2209.759521 3858.369751 1977005.427804 4.345703 175.375366 0.364274 0.173186 7.78467 4.892742 16817.598877 9753.426514 -3053.769531 3766.706543 2351358.653083 38.00415 -37.914429 0.080837 -0.184411 0.173609 1.870473 21991.088867 12785.592041 2119.720459 6798.87207 5071787.625271 -108.310547 83.664551 -0.065703 0.021512 8.056826 3.716669 15630.53833 14000.809326 -4240.830078 8014.089355 8221026.794897 -2.373047 -77.346191 0.040559 0.058226 1.064133 3.031885 21124.780273 8744.481201 1253.411865 2757.76123 917628.830819 113.391113 164.473267 -0.031402 -0.007391 4.785629 1.175944 17511.699219 13556.204834 -2359.669189 7569.484863 6286513.97791 65.227051 293.061523 0.369689 -0.012655 13.776849 0.74663 21586.337891 6978.258667 1714.969482 991.538696 392426.931188 258.347168 105.701904 -0.009159 -0.012 0.799522 4.328437 22022.922363 6633.256226 2151.553955 646.536255 504719.355049 765.3125 35.708618 -0.005088 -0.011991 0.349042 4.472869 21135.869141 7218.874512 1264.500732 1232.154541 311716.691524 325.629883 181.100464 -0.012972 -0.01039 1.865551 3.246637 19828.339844 14453.477783 -43.028564 8466.757812 7168783.931289 -321.322021 921.049805 0.095486 -0.006836 5.716538 0.335973 19624.106445 15109.238281 -247.261963 9122.518311 8328147.880456 -426.912842 1045.803223 0.033436 -0.002172 1.464408 0.035088 18352.180176 15079.87915 -1519.188232 9093.15918 8499347.675266 -583.790283 833.884277 0.019262 -0.005947 0.812892 0.27281
22113.110352 9968.491211 2141.878662 3967.962646 2033237.176709 31.982422 123.401489 0.418791 0.248834 10.289103 10.10053 16843.243408 9685.906372 -3127.988281 3685.377808 2336632.027251 25.644531 -67.520142 0.177361 -0.307169 0.835746 5.189628 21916.513672 12846.861572 1945.281982 6846.333008 5065639.7645 -74.575195 61.269531 -0.069698 0.022275 9.066581 3.984945 15766.431885 13796.206055 -4204.799805 7795.67749 7845292.892925 135.893555 -204.603271 0.061566 0.035347 2.451944 1.117348 21149.714355 8954.397583 1178.482666 2953.869019 1011416.357288 24.934082 209.916382 -0.030888 -0.006416 4.630316 0.886111 17413.978271 13859.16748 -2557.253418 7858.638916 6829775.065603 -97.720947 302.962646 0.272747 -0.006157 7.498895 0.176709 21712.111816 7393.744507 1740.880127 1393.215942 497171.427853 125.773926 415.48584 -0.00784 -0.010618 0.585721 3.388665 22718.684082 6914.221191 2747.452393 913.692627 838332.886603 695.761719 280.964966 7.3e-05 -0.011087 7.1e-05 3.824458 22385.285645 7074.196167 2414.053955 1073.667603 698041.861877 1249.416504 -144.678345 -0.001702 -0.010872 0.032117 3.554252 19290.9375 15521.657715 -680.294189 9521.12915 9111470.048262 -537.402344 1068.179932 0.009773 0.008022 0.059882 0.462609 19068.739014 15765.712891 -902.492676 9765.184326 9617331.795395 -555.367432 656.474609 -0.008962 0.006653 0.105214 0.32924 17668.231201 15611.401367 -2303.000488 9610.872803 9767268.727936 -683.948975 531.522217 -0.011955 0.000943 0.313153 0.006861
22154.494629 10004.207153 2086.604004 3996.583252 2032659.395891 41.384277 35.715942 0.489334 0.270728 14.04731 11.956194 16885.544434 9659.990845 -3182.346191 3652.366943 2346711.15709 42.301025 -25.915527 0.33658 -0.354287 3.00977 6.903827 21796.806641 12911.903076 1728.916016 6904.279175 5065822.151273 -119.707031 65.041504 -0.076112 0.023084 10.812035 4.279966 15778.604736 13752.427979 -4289.285889 7744.804077 7837996.362817 12.172852 -43.778076 0.063448 0.030452 2.604122 0.829292 21162.160645 9115.353394 1094.27002 3107.729492 1085540.947226 12.446289 160.955811 -0.030631 -0.005668 4.553747 0.691609 17291.593018 14220.137939 -2776.297607 8212.514038 7515321.523074 -122.385254 360.970459 0.151338 0.001586 2.308717 0.011729 21730.283203 7478.917847 1662.392578 1471.293945 492825.495732 18.171387 85.17334 -0.007649 -0.010335 0.557577 3.210203 22763.728027 7366.964111 2695.837402 1359.34021 911534.510629 45.043945 452.74292 0.000407 -0.009632 0.002232 2.886391 22718.842773 7248.448486 2650.952148 1240.824585 856719.294395 333.557129 174.252319 0.001307 -0.010292 0.01893 3.18547 19310.743408 15738.742676 -757.147217 9731.118774 9526794.450966 19.805908 217.084961 0.012932 0.011041 0.104851 0.876429 18860.888672 16274.295654 -1207.001953 10266.671753 10686140.259725 -207.850342 508.582764 -0.02483 0.013489 0.807595 1.353596 17342.536621 15960.356445 -2725.354004 9952.732544 10648443.953792 -325.69458 348.955078 -0.026821 0.005466 1.576086 0.230517
22110.612793 10050.153198 1835.494385 4065.419312 1989667.381501 -43.881836 45.946045 0.414534 0.298894 10.080975 14.573383 16878.212891 9641.829224 -3396.905518 3657.095337 2491331.339863 -7.331543 -18.161621 0.308984 -0.387307 2.536472 8.250681 21683.974609 13005.019531 1408.856201 7020.285645 5126928.632639 -112.832031 93.116455 -0.082158 0.024244 12.597827 4.720668 15737.44873 13696.82373 -4537.669678 7712.089844 8006677.58623 -41.156006 -55.604248 0.057086 0.024234 2.108054 0.525214 21131.59668 9213.964844 856.478271 3229.230957 1116148.760337 -30.563965 98.61145 -0.031261 -0.00521 4.742915 0.584336 17232.664795 14499.055176 -3042.453613 8514.321289 8175019.100235 -58.928223 278.917236 0.092879 0.007569 0.869589 0.267075 22160.192871 7532.019653 1885.074463 1547.285767 594759.897417 429.909668 53.101807 -0.003138 -0.010158 0.093842 3.101382 22730.668945 7579.404907 2455.550537 1594.671021 857270.410395 -33.059082 212.440796 0.000162 -0.008949 0.000353 2.491645 22712.214355 7510.006104 2437.095947 1525.272217 826589.199151 -6.628418 261.557617 0.001247 -0.009422 0.017237 2.669825 19187.277832 15822.55249 -1087.840576 9837.818604 9796607.199484 -123.465576 83.809814 -0.00676 0.012207 0.028654 1.071269 18687.894287 16524.049072 -1587.224121 10539.315186 11359644.499088 -172.994385 249.753418 -0.038037 0.016846 1.895168 2.111221 17305.646973 16346.108398 -2969.471436 10361.374512 11617584.237862 -36.889648 385.751953 -0.028505 0.010466 1.780182 0.845123
22104.86084 10128.449097 1562.424316 4180.2948 1991603.435777 -5.751953 78.295898 0.404729 0.346891 9.609739 19.629614 16873.310547 9585.883789 -3669.125977 3637.729492 2669556.129022 -4.902344 -55.945435 0.290532 -0.489021 2.242568 13.153336 21471.411133 12997.532959 928.974609 7049.378662 5055673.334667 -212.563477 -7.486572 -0.093547 0.024151 16.332664 4.684438 15706.37085 13637.960205 -4836.065674 7689.805908 8252064.610741 -31.077881 -58.863525 0.052281 0.017652 1.768164 0.278657 21057.844238 9202.826538 515.407715 3254.672241 1085853.651023 -73.752441 -11.138306 -0.032781 -0.005262 5.215239 0.596 17212.401123 14709.70459 -3330.0354 8761.550293 8785389.930408 -20.263672 210.649414 0.072777 0.012087 0.533908 0.681127 22160.812988 7656.550293 1618.376465 1708.395996 553775.926143 0.620117 124.53064 -0.003131 -0.009744 0.093453 2.853543 22637.058105 7722.522583 2094.621582 1774.368286 753582.238674 -93.61084 143.117676 -0.000533 -0.008489 0.003825 2.242068 22626.171875 7664.738159 2083.735352 1716.583862 728861.317168 -86.04248 154.732056 0.000471 -0.008908 0.002457 2.386199 19351.386719 15888.875732 -1191.049805 9940.721436 10023654.229639 164.108887 66.323242 0.019414 0.013129 0.236317 1.239306 18679.743652 16750.86792 -1862.692871 10802.713623 12016824.635359 -8.150635 226.818848 -0.038659 0.019895 1.957681 2.944575 17234.226074 16632.938232 -3308.210449 10684.783936 12510886.412564 -71.420898 286.829834 -0.031765 0.014184 2.210633 1.552179
22065.292969 10114.040527 1302.319336 4077.057495 1831843.347125 -39.567871 -14.408569 0.337282 0.338058 6.673758 18.6427 16840.144043 9558.058472 -3922.82959 3521.075439 2778656.424127 -33.166504 -27.825317 0.165695 -0.539611 0.72942 16.015538 21344.660645 12989.971924 581.687012 6952.988892 4868241.430634 -126.750488 -7.561035 -0.100338 0.024056 18.790165 4.647988 15716.876221 13564.614258 -5046.097412 7527.631226 8212833.096091 10.505371 -73.345947 0.053905 0.00945 1.879717 0.079871 20958.024902 9143.188477 195.05127 3106.205444 968655.726017 -99.819336 -59.638062 -0.034837 -0.005539 5.8902 0.660413 17276.566162 14896.661377 -3486.407471 8859.678345 9064893.742379 64.165039 186.956787 0.136431 0.016097 1.876291 1.208055 22228.508301 7736.409912 1465.534668 1699.42688 503584.358309 67.695312 79.859619 -0.002421 -0.009478 0.055865 2.700039 22645.539551 7775.917358 1882.565918 1738.934326 656794.702624 8.481445 53.394775 -0.00047 -0.008318 0.002975 2.152327 22538.505859 7759.834595 1775.532227 1722.851562 612073.219397 -87.666016 95.096436 -0.00032 -0.008592 0.001135 2.219786 19384.381104 16102.203369 -1378.592529 10065.220337 10320917.779246 32.994385 213.327637 0.024677 0.016097 0.381792 1.862774 18545.987549 16946.762695 -2216.986084 10909.779663 12393831.959366 -133.756104 195.894775 -0.048871 0.022528 3.128452 3.77562 17134.831543 16894.335938 -3628.14209 10857.352905 13104552.713375 -99.394531 261.397705 -0.036301 0.017573 2.887175 2.382298
22035.229492 10218.973389 1026.04248 4063.114624 1756166.361968 -30.063477 104.932861 0.286037 0.402384 4.799843 26.412373 16862.839355 9456.112671 -4146.347656 3300.253906 2808387.473221 22.695312 -101.945801 0.251119 -0.724959 1.675394 28.907302 21177.521973 13009.324951 168.334961 6853.466187 4699833.542889 -167.138672 19.353027 -0.109293 0.024297 22.293918 4.741567 15689.172363 13480.115967 -5320.014648 7324.257202 8194729.942281 -27.703857 -84.498291 0.049623 2e-06 1.592904 0.0 20837.246094 9119.457397 -171.940918 2963.598633 881248.053568 -120.778809 -23.731079 -0.037326 -0.005649 6.761782 0.686964 17222.020264 15035.913086 -3787.166748 8880.054321 9319799.672656 -54.545898 139.251709 0.08232 0.019084 0.683097 1.697965 21998.684082 7733.535156 989.49707 1577.676392 346816.724877 -229.824219 -2.874756 -0.004833 -0.009488 0.222573 2.705491 22560.52002 7828.910522 1551.333008 1673.051758 520573.628545 -85.019531 52.993164 -0.0011 -0.008147 0.016326 2.065074 22267.79541 7807.618408 1258.608398 1651.759644 431240.502069 -270.710449 47.783813 -0.002762 -0.008433 0.084564 2.138438 19183.056641 16257.572021 -1826.130371 10101.713257 10537936.285557 -201.324463 155.368652 -0.007434 0.018258 0.034646 2.396529 18482.030029 17093.074951 -2527.156982 10937.216187 12600922.032455 -63.95752 146.312256 -0.053754 0.024495 3.784812 4.463623 17035.015869 17121.873779 -3974.171143 10966.015015 13604752.1572 -99.815674 227.537842 -0.040857 0.020522 3.657341 3.249094
22014.697266 10205.623779 810.087891 3972.88269 1644003.926245 -20.532227 -13.349609 0.251038 0.3942 3.697109 25.348963 16847.86377 9390.553589 -4356.745605 3157.8125 2895301.205593 -14.975586 -65.559082 0.194752 -0.844153 1.007676 39.194259 21042.124023 13007.637939 -162.485352 6774.896851 4592562.882555 -135.397949 -1.687012 -0.116548 0.024276 25.351763 4.733373 15667.666016 13461.699219 -5536.943359 7228.95813 8291557.740853 -21.506348 -18.416748 0.046298 -0.002058 1.386613 0.003786 20779.013672 9175.556641 -425.595703 2942.815552 884129.507419 -58.232422 56.099243 -0.038526 -0.005389 7.203487 0.625043 17250.163574 15251.303711 -3954.445801 9018.562622 9697211.335952 28.143311 215.390625 0.110239 0.023704 1.22502 2.619589 22124.733887 7930.250244 920.124512 1697.509155 372816.64493 126.049805 196.715088 -0.00351 -0.008833 0.117415 2.345095 22498.618164 7970.849609 1294.008789 1738.108521 469547.997523 -61.901855 141.939087 -0.00156 -0.007691 0.032792 1.840266 21826.386719 7733.050537 621.777344 1500.309448 263753.550569 -441.408691 -74.567871 -0.006744 -0.008681 0.504142 2.266048 19186.378174 16358.961182 -2018.231201 10126.220093 10661359.054867 3.321533 101.38916 -0.006904 0.019668 0.029884 2.781051 18526.364746 17135.88623 -2678.244629 10903.145142 12605156.827109 44.334717 42.811279 -0.050369 0.02507 3.323188 4.675818 17055.528564 17115.631104 -4149.080811 10882.890015 13565216.664338 20.512695 -6.242676 -0.039921 0.020441 3.491643 3.223522
21924.692383 10285.53833 587.341309 3909.331055 1562783.910792 -90.004883 79.914551 0.097618 0.44319 0.559036 32.040929 16821.02417 9343.718262 -4516.326904 2967.510986 2920333.016045 -26.8396 -46.835327 0.093729 -0.929305 0.233403 47.500306 20885.031738 13010.932617 -452.319336 6634.725342 4422417.314274 -157.092285 3.294678 -0.124965 0.024317 29.145744 4.749383 15610.631104 13434.719238 -5726.719971 7058.511963 8261791.275312 -57.034912 -26.97998 0.037481 -0.005074 0.908777 0.023028 20748.881836 9196.266479 -588.469238 2820.059204 829902.995904 -30.131836 20.709839 -0.039147 -0.005292 7.437529 0.602923 17172.774658 15383.964844 -4164.576416 9007.757568 9848339.313517 -77.388916 132.661133 0.033467 0.02655 0.112901 3.286266 22243.671875 8070.087891 906.320801 1693.880615 369064.89326 118.937988 139.837646 -0.002262 -0.008368 0.048764 2.104561 22531.547852 8085.206299 1194.196777 1708.999023 434678.360513 32.929688 114.356689 -0.001315 -0.007323 0.023325 1.668564 21734.707031 7811.159668 397.355957 1434.952393 221698.012555 -91.679688 78.109131 -0.007571 -0.008421 0.635373 2.132469 19076.004639 16510.026855 -2261.346436 10133.81958 10780798.698314 -110.373535 151.065674 -0.024508 0.021769 0.376587 3.407021 18514.681396 17113.448486 -2822.669678 10737.241211 12325581.293146 -11.68335 -22.437744 -0.051261 0.024769 3.441926 4.563991 17055.026855 17118.538818 -4282.324219 10742.331543 13373598.769355 -0.501709 2.907715 -0.039944 0.020479 3.495649 3.23542
21899.406738 10318.736572 417.250977 3811.516724 1470175.811197 -25.285645 33.198242 0.054516 0.463541 0.174356 35.051114 16784.221191 9277.451782 -4697.93457 2770.231934 2974477.419284 -36.802979 -66.266479 -0.044795 -1.049784 0.053311 60.615034 20740.192871 12970.413818 -741.962891 6463.19397 4232338.522137 -144.838867 -40.518799 -0.132725 0.023813 32.878101 4.554365 15536.860352 13360.739746 -5945.29541 6853.519897 8231727.249892 -73.770752 -73.979492 0.026077 -0.013347 0.439899 0.159307 20674.255371 9240.808105 -807.900391 2733.588257 812520.779908 -74.626465 44.541626 -0.040684 -0.005085 8.033281 0.556699 17001.264648 15360.477295 -4480.891113 8853.257446 9845855.257936 -171.51001 -23.487549 -0.136676 0.026046 1.88305 3.162731 22246.464844 8164.204102 764.309082 1656.984253 332976.518733 2.792969 94.116211 -0.002233 -0.008055 0.047509 1.949997 22512.258301 8116.777954 1030.102539 1609.558105 365178.853586 -19.289551 31.571655 -0.001458 -0.007222 0.028676 1.622641 21719.121094 7833.894653 236.965332 1326.674805 181621.860598 -15.585938 22.734985 -0.007711 -0.008345 0.65919 2.094351 18941.481934 16500.604248 -2540.673828 9993.384399 10632275.525537 -134.522705 -9.422607 -0.045964 0.021638 1.324593 3.36612 18491.287842 17042.723389 -2990.86792 10535.50354 11994212.575659 -23.393555 -70.725098 -0.053047 0.023818 3.685939 4.220361 17136.502686 17090.916748 -4345.653076 10583.696899 13089934.071711 81.47583 -27.62207 -0.036225 0.020121 2.875055 3.123276
21847.44873 10356.418457 220.068359 3724.244385 1391842.632026 -51.958008 37.681885 -0.03405 0.486641 0.068018 38.631576 16796.824951 9238.02002 -4830.55542 2605.845947 3012469.876582 12.60376 -39.431763 0.002645 -1.121476 0.000186 69.176695 20597.98584 13035.484619 -1029.394531 6403.310547 4206203.906069 -142.207031 65.070801 -0.140345 0.024623 36.761351 4.869541 15548.995361 13268.939209 -6078.38501 6636.765137 8099341.580691 12.13501 -91.800537 0.027953 -0.023612 0.505465 0.498591 20523.735352 9424.230957 -1103.64502 2792.056885 901361.39769 -150.52002 183.422852 -0.043786 -0.004233 9.304727 0.385772 16967.818604 15405.102539 -4659.561768 8772.928467 9867578.974941 -33.446045 44.625244 -0.169856 0.027003 2.908278 3.399465 22109.624023 8395.549927 482.243652 1763.375854 334205.334443 -136.84082 231.345825 -0.003669 -0.007285 0.128262 1.595119 22400.048828 8199.085693 772.668457 1566.911621 305222.857281 -112.209473 82.307739 -0.002291 -0.006957 0.070747 1.505934 21332.609863 7946.650391 -294.770508 1314.476318 181473.76438 -386.51123 112.755737 -0.011198 -0.00797 1.390033 1.910383 18963.417969 16505.961914 -2663.962402 9873.787842 10458838.202592 21.936035 5.357666 -0.042465 0.021713 1.130615 3.389346 18502.989502 17123.187256 -3124.390869 10491.013184 11982317.592151 11.70166 80.463867 -0.052153 0.0249 3.562837 4.612361 17190.222168 17062.662354 -4437.158203 10430.488281 12848345.870485 53.719482 -28.254395 -0.033773 0.019754 2.499026 3.010611
21808.999023 10395.229492 111.376953 3620.357666 1311939.445557 -38.449707 38.811035 -0.099591 0.510432 0.581863 42.50132 16802.354736 9221.420288 -4895.267334 2446.548462 2994924.164767 5.529785 -16.599731 0.023459 -1.151656 0.01462 72.950032 20570.969238 13135.494385 -1126.652832 6360.622559 4172686.593682 -27.016602 100.009766 -0.141792 0.025868 37.523589 5.374503 15521.931152 13259.588623 -6175.690918 6484.716797 8019071.024995 -27.064209 -9.350586 0.023769 -0.024658 0.365482 0.543726 20502.536621 9395.379639 -1195.085449 2620.507812 829529.042631 -21.19873 -28.851318 -0.044223 -0.004367 9.491294 0.410586 16952.683105 15428.243408 -4744.938965 8653.371582 9739528.55168 -15.135498 23.140869 -0.184871 0.0275 3.445174 3.525589 22066.538086 8468.284912 368.916016 1693.413086 300374.690621 -43.085938 72.734985 -0.004121 -0.007043 0.161822 1.490904 22313.781738 8265.609741 616.159668 1490.737915 260195.226777 -86.26709 66.524048 -0.002931 -0.006744 0.115793 1.414789 21376.123047 7941.665039 -321.499023 1166.793213 146476.802372 43.513184 -4.985352 -0.010805 -0.007987 1.294292 1.918338 19097.315674 16464.752197 -2600.306396 9689.880371 10065537.496171 133.897705 -41.209717 -0.021109 0.021139 0.279373 3.212754 18477.052002 17120.758057 -3220.570068 10345.88623 11740943.345902 -25.9375 -2.429199 -0.054134 0.024867 3.838519 4.600272 17213.358154 17027.470703 -4484.263916 10252.598877 12522440.660018 23.135986 -35.19165 -0.032717 0.019298 2.345194 2.873178
21782.86377 10422.548828 33.244629 3591.123657 1289727.432684 -26.135254 27.319336 -0.14414 0.52718 1.21886 45.336007 16783.741455 9205.549316 -4965.877686 2374.124146 3029640.66461 -18.613281 -15.870972 -0.046601 -1.180511 0.057696 76.651407 20481.320801 13131.151123 -1268.29834 6299.725952 4129512.775102 -89.648438 -4.343262 -0.146596 0.025814 40.108943 5.352056 15497.573242 13298.405762 -6252.045898 6466.980591 8090991.587822 -24.35791 38.817139 0.020004 -0.020317 0.258859 0.369147 20430.568848 9444.01062 -1319.050293 2612.585449 856549.640485 -71.967773 48.630981 -0.045705 -0.004141 10.138486 0.369207 16909.633789 15440.982666 -4839.985352 8609.557495 9754993.846507 -43.049316 12.739258 -0.227577 0.027773 5.220731 3.596002 22067.255859 8499.231567 317.636719 1667.806396 288247.126125 0.717773 30.946655 -0.004113 -0.00694 0.161231 1.447631 22215.180664 8334.432983 465.561523 1503.007812 247578.001654 -98.601074 68.823242 -0.003662 -0.006522 0.180802 1.323488 21279.934082 7963.226318 -469.685059 1131.801147 150157.789166 -96.188965 21.561279 -0.011673 -0.007915 1.510504 1.884051 18817.510986 16493.481445 -2932.108154 9662.056274 10195258.967844 -279.804688 28.729248 -0.065737 0.021539 2.709354 3.335366 18442.287598 17081.777344 -3307.331543 10250.352173 11600816.16026 -34.764404 -38.980713 -0.056788 0.024343 4.22413 4.408448 17218.931885 17046.813965 -4530.687256 10215.388794 12488129.522187 5.57373 19.343262 -0.032463 0.019549 2.308864 2.948321
21766.975098 10409.674072 8.457031 3491.818848 1219287.038622 -15.888672 -12.874756 -0.171224 0.519287 1.719932 43.988706 16799.161377 9192.059326 -4959.356689 2274.204102 2976722.306879 15.419922 -13.48999 0.011439 -1.205037 0.003476 79.869509 20467.410889 13192.720947 -1291.107178 6274.865723 4104089.758176 -13.909912 61.569824 -0.147341 0.026581 40.517806 5.674651 15484.342041 13261.046143 -6274.176025 6343.190918 7960135.581939 -13.231201 -37.359619 0.017959 -0.024495 0.20863 0.536562 20420.533447 9408.026733 -1337.984619 2490.171509 799115.698424 -10.0354 -35.983887 -0.045912 -0.004309 10.230428 0.399613 16919.866943 15471.383057 -4838.651123 8553.527832 9657538.30639 10.233154 30.400391 -0.217425 0.028425 4.765354 3.766845 22054.750977 8549.976807 296.23291 1632.121582 275157.479559 -12.504883 50.745239 -0.004244 -0.006771 0.171682 1.378053 22188.188477 8374.025879 429.67041 1456.170654 230504.96358 -26.992188 39.592896 -0.003863 -0.006395 0.201113 1.272343 21246.977539 8002.452393 -511.540527 1084.597168 143802.472788 -32.956543 39.226074 -0.01197 -0.007785 1.588422 1.822466 18924.285889 16410.581055 -2834.232178 9492.72583 9814471.572234 106.774902 -82.900391 -0.048706 0.020386 1.487388 2.987808 18529.40918 17088.955078 -3229.108887 10171.099854 11387841.643247 87.121582 7.177734 -0.050136 0.024439 3.29259 4.443463 17170.874023 17089.047852 -4587.644043 10171.192627 12449963.731957 -48.057861 42.233887 -0.034656 0.020096 2.631425 3.11576
21780.688477 10402.288818 61.296387 3459.039307 1196871.017191 13.713379 -7.385254 -0.147848 0.51476 1.282376 43.225036 16782.183838 9186.359253 -4937.208252 2243.109741 2940756.663427 -16.977539 -5.700073 -0.052464 -1.215401 0.073126 81.249177 20447.235107 13254.602051 -1272.156982 6311.352539 4145155.426026 -20.175781 61.881104 -0.148422 0.027351 41.114531 6.008387 15420.275879 13288.470459 -6299.116211 6345.220947 7994069.390851 -64.066162 27.424316 0.008055 -0.021428 0.041971 0.410622 20387.41333 9473.511353 -1331.97876 2530.261841 817639.239958 -33.120117 65.484619 -0.046595 -0.004004 10.536812 0.345176 16921.038818 15518.162842 -4798.353271 8574.91333 9655333.273632 1.171875 46.779785 -0.216263 0.029428 4.714531 4.037481 21990.13916 8607.508545 270.74707 1664.259033 284306.210568 -64.611816 57.531738 -0.004922 -0.00658 0.230909 1.301242 22153.461914 8445.969849 434.069824 1502.720337 244658.502327 -34.726562 71.94397 -0.00412 -0.006164 0.228834 1.181989 21322.01416 8101.032715 -397.37793 1157.783203 149837.116444 75.036621 98.580322 -0.011293 -0.007457 1.413863 1.672213 18911.357422 16420.028076 -2808.034668 9476.778564 9769439.065619 -12.928467 9.447021 -0.050769 0.020517 1.615994 3.026449 18435.241699 17104.376221 -3284.150391 10161.126709 11403413.978428 -94.16748 15.421143 -0.057326 0.024647 4.304533 4.51916 17097.338867 17046.047363 -4622.053223 10102.797852 12342990.04226 -73.535156 -43.000488 -0.038013 0.019539 3.165799 2.945325
21768.161621 10375.904541 38.942871 3433.168945 1178816.555427 -12.526855 -26.384277 -0.169201 0.498586 1.679539 40.551397 16783.538818 9200.015259 -4945.679932 2257.279663 2955506.146361 1.35498 13.656006 -0.047364 -1.190572 0.0596 77.963579 20441.550293 13219.693604 -1287.668457 6276.958008 4105829.188707 -5.684814 -34.908447 -0.148727 0.026917 41.283455 5.818947 15419.937744 13307.923584 -6309.281006 6365.187988 8032264.493706 -0.338135 19.453125 0.008003 -0.019253 0.041428 0.331486 20385.22583 9398.189697 -1343.99292 2455.454102 783557.181368 -2.1875 -75.321655 -0.04664 -0.004354 10.557207 0.408135 16920.968018 15548.513184 -4808.250732 8605.777588 9717868.299808 -0.070801 30.350342 -0.216333 0.030079 4.717594 4.218089 21999.49707 8552.565308 270.27832 1609.829712 266460.207179 9.35791 -54.943237 -0.004824 -0.006763 0.221788 1.37455 22231.750488 8433.916626 502.531738 1491.18103 247615.901303 78.288574 -12.053223 -0.003539 -0.006203 0.168869 1.196895 21248.745117 8006.942139 -480.473633 1064.206543 136339.047793 -73.269043 -94.090576 -0.011954 -0.00777 1.584193 1.815483 18964.526367 16362.229004 -2764.692383 9419.493408 9637038.003876 53.168945 -57.799072 -0.042288 0.019713 1.121221 2.79392 18501.055908 17086.877441 -3228.162842 10144.141846 11332464.91189 65.814209 -17.498779 -0.052301 0.024412 3.583034 4.433314 17133.138428 17078.781738 -4596.080322 10136.046143 12386338.573319 35.799561 32.734375 -0.036379 0.019963 2.89948 3.074634
21769.418945 10345.181885 128.554688 3348.544922 1122927.940149 1.257324 -30.722656 -0.167058 0.479752 1.637261 37.545682 16737.836914 9210.484009 -4903.027344 2213.847046 2894079.587619 -45.701904 10.46875 -0.219383 -1.171539 1.278682 75.490743 20447.036133 13242.116699 -1193.828125 6245.479736 4043124.272893 5.48584 22.423096 -0.148433 0.027196 41.120438 5.940284 15481.907959 13294.519043 -6158.956299 6297.88208 7759606.138544 61.970215 -13.404541 0.017582 -0.020752 0.199979 0.38511 20303.719482 9424.969482 -1337.144775 2428.33252 768475.497577 -81.506348 26.779785 -0.048319 -0.00423 11.331182 0.385147 16919.390869 15511.380615 -4721.473389 8514.743652 9479317.042506 -1.577148 -37.132568 -0.217897 0.029283 4.786078 3.997662 22003.044434 8471.903687 362.180176 1475.266724 230758.638559 3.547363 -80.661621 -0.004787 -0.007031 0.218379 1.485811 22222.770996 8381.471558 581.906738 1384.834595 225638.230681 -8.979492 -52.445068 -0.003606 -0.006371 0.175285 1.262838 21467.458496 8044.332275 -173.405762 1047.695312 112773.502603 218.713379 37.390137 -0.009981 -0.007646 1.10444 1.757844 19006.669922 16311.8396 -2634.194336 9315.202637 9371197.996262 42.143555 -50.389404 -0.035567 0.019012 0.793113 2.598784 18508.36792 17089.93042 -3132.496338 10093.293457 11168710.611665 7.312012 3.052979 -0.051743 0.024453 3.506957 4.448232 17227.056885 17071.599121 -4413.807373 10074.962158 12098655.801559 93.918457 -7.182617 -0.032092 0.01987 2.256413 3.046023
21729.919434 10309.406738 166.794434 3324.840698 1108238.605177 -39.499512 -35.775146 -0.234388 0.457821 3.222953 34.191499 16713.671875 9224.682617 -4849.453125 2240.116577 2853531.789079 -24.165039 14.198608 -0.310339 -1.145725 2.558757 72.200551 20502.785645 13228.865967 -1060.339355 6244.299927 4011560.112406 55.749512 -13.250732 -0.145446 0.027031 39.482081 5.868429 15491.298828 13293.634033 -6071.826172 6309.067993 7667141.200383 9.390869 -0.88501 0.019034 -0.020851 0.234365 0.388792 20247.774658 9480.130615 -1315.350342 2495.564575 795798.907063 -55.944824 55.161133 -0.049472 -0.003974 11.878272 0.339895 16932.320557 15526.387939 -4630.804443 8541.821899 9440707.115395 12.929688 15.007324 -0.205071 0.029605 4.239194 4.086037 21987.661133 8442.150269 424.536133 1457.584229 230478.271128 -15.383301 -29.753418 -0.004948 -0.00713 0.233355 1.527945 22177.060547 8342.703857 613.935547 1358.137817 222145.518672 -45.710449 -38.7677 -0.003945 -0.006496 0.209801 1.31272 21442.346191 8051.257324 -120.778809 1066.691284 115241.781635 -25.112305 6.925049 -0.010208 -0.007622 1.155139 1.747271 19064.27002 16383.049316 -2498.85498 9398.483276 9457576.410957 57.600098 71.209717 -0.02638 0.020003 0.436302 2.876611 18520.958252 17071.838379 -3042.166748 10087.272339 11100784.17614 12.590332 -18.092041 -0.050782 0.024209 3.377875 4.360192 17286.776123 17065.831299 -4276.348877 10081.265259 11991906.893549 59.719238 -5.767822 -0.029366 0.019796 1.889389 3.023144
21736.726074 10231.932373 249.440918 3316.749878 1106305.05243 6.806641 -77.474365 -0.222786 0.410328 2.911772 27.465565 16660.29541 9273.095703 -4826.989746 2357.913208 2885958.470539 -53.376465 48.413086 -0.511245 -1.057704 6.944081 61.533072 20538.093262 13218.190918 -949.191895 6303.008423 4062888.043118 35.307617 -10.675049 -0.143554 0.026898 38.461693 5.81086 15517.259521 13314.379883 -5970.025635 6399.197388 7659093.328645 25.960693 20.74585 0.023047 -0.018531 0.343611 0.307091 20141.940918 9458.710327 -1345.344238 2543.527832 827948.495179 -105.83374 -21.420288 -0.051653 -0.004073 12.94851 0.357131 16946.311035 15570.579834 -4540.974121 8655.397339 9553634.906211 13.990479 44.191895 -0.191192 0.030553 3.684803 4.351884 21878.640137 8441.793823 391.35498 1526.611328 248370.08679 -109.020996 -0.356445 -0.006092 -0.007131 0.353719 1.528453 22148.920898 8329.918823 661.635742 1414.736328 243924.073346 -28.139648 -12.785034 -0.004154 -0.006537 0.232591 1.329383 21461.174316 7983.227539 -26.11084 1068.045044 114140.199185 18.828125 -68.029785 -0.010038 -0.007849 1.11702 1.852522 18958.703613 16349.904785 -2528.581543 9434.72229 9540770.93096 -105.566406 -33.144531 -0.043217 0.019542 1.171009 2.745542 18540.894775 17102.727051 -2946.390381 10187.544556 11246728.035006 19.936523 30.888672 -0.04926 0.024625 3.178428 4.511034 17303.886719 17082.706299 -4183.398438 10167.523804 12087936.278591 17.110596 16.875 -0.028585 0.020014 1.790231 3.090323
21702.995605 10225.716553 343.361816 3402.215576 1169296.816371 -33.730469 -6.21582 -0.280282 0.406518 4.608642 26.957828 16588.942871 9310.15625 -4770.690918 2486.655273 2894294.62837 -71.352539 37.060547 -0.779812 -0.990324 16.156101 53.942967 20567.385254 13130.961914 -792.248535 6307.460938 4041172.121955 29.291992 -87.229004 -0.141984 0.025812 37.625295 5.351079 15523.532715 13329.291992 -5836.101074 6505.791016 7638539.248748 6.273193 14.912109 0.024017 -0.016863 0.373135 0.254311 20166.033936 9304.465332 -1193.599854 2480.964355 757986.474342 24.093018 -154.244995 -0.051156 -0.00479 12.700813 0.493837 16973.771973 15588.867188 -4385.861816 8765.366211 9606742.868446 27.460938 18.287354 -0.16395 0.030945 2.709551 4.464346 21852.197266 8360.527344 492.563477 1537.026367 260506.883187 -26.442871 -81.266479 -0.00637 -0.007402 0.386671 1.646555 21940.703125 8195.839233 581.069336 1372.338257 222095.386434 -208.217773 -134.07959 -0.005698 -0.006968 0.437731 1.510454 21235.654297 7842.678223 -123.979492 1019.177246 105409.317344 -225.52002 -140.549316 -0.012072 -0.008316 1.615645 2.079717 19006.346436 16426.295166 -2353.287354 9602.794189 9775161.761321 47.642822 76.390381 -0.035618 0.020604 0.795416 3.05222 18593.186035 17095.644531 -2766.447754 10272.143555 11317016.63832 52.29126 -7.08252 -0.045268 0.024529 2.684133 4.476221 17286.629639 17088.061523 -4073.00415 10264.560547 12195056.602956 -17.25708 5.355225 -0.029373 0.020084 1.89025 3.111797
21673.334961 10169.772339 476.936035 3426.394043 1196764.411932 -29.660645 -55.944214 -0.330841 0.372223 6.421271 22.601225 16563.885498 9332.982788 -4632.513428 2589.604492 2816623.20841 -25.057373 22.826538 -0.874127 -0.948823 20.300436 49.516566 20604.370117 13067.613525 -592.028809 6324.235229 4034644.934816 36.984863 -63.348389 -0.140003 0.025023 36.582369 5.029049 15506.470947 13457.563477 -5689.927979 6714.185181 7745556.304094 -17.061768 128.271484 0.02138 -0.00252 0.295681 0.005679 20108.162842 9325.361938 -1088.236084 2581.983643 785089.730503 -57.871094 20.896606 -0.052349 -0.004693 13.299805 0.474022 16972.226562 15605.452881 -4224.172363 8862.074585 9637999.810412 -1.54541 16.585693 -0.165483 0.031301 2.760462 4.567585 21760.703125 8320.128174 564.304199 1576.749878 280457.940681 -91.494141 -40.39917 -0.00733 -0.007536 0.512012 1.706901 21950.961914 8174.32251 754.562988 1430.944214 261696.664648 10.258789 -21.516724 -0.005622 -0.007037 0.426117 1.540588 21201.047363 7796.580811 4.648438 1053.202515 110925.714483 -34.606934 -46.097412 -0.012384 -0.008469 1.700282 2.157093 19054.146729 16353.702393 -2142.252197 9610.324097 9694757.371991 47.800293 -72.592773 -0.027994 0.019595 0.491346 2.760404 18616.063232 16991.960449 -2580.335693 10248.582153 11169156.844378 22.877197 -103.684082 -0.043521 0.023136 2.48101 3.98201 17323.352051 17114.291992 -3873.046875 10370.913696 12255634.299182 36.722412 26.230469 -0.027697 0.020424 1.680676 3.218049
21643.649902 10092.058716 548.198242 3438.694458 1212514.088827 -29.685059 -77.713623 -0.381441 0.324583 8.535684 17.186095 16523.707275 9356.327515 -4571.744385 2702.963257 2820685.708744 -40.178223 23.344727 -1.025355 -0.90638 27.932216 45.185645 20598.469238 13058.051758 -496.982422 6404.6875 4126701.350031 -5.900879 -9.561768 -0.140319 0.024904 36.747784 4.98131 15539.671631 13539.713135 -5555.780029 6886.348877 7828849.258905 33.200684 82.149658 0.026512 0.006666 0.454684 0.039739 20067.178955 9260.883789 -1028.272705 2607.519531 785650.286186 -40.983887 -64.478149 -0.053193 -0.004992 13.732355 0.536467 16958.204346 15581.022949 -4137.247314 8927.658691 9681990.505119 -14.022217 -24.429932 -0.179393 0.030777 3.244055 4.415931 21701.625977 8168.699341 606.174316 1515.335083 266368.771566 -59.077148 -151.428833 -0.00795 -0.00804 0.602278 1.942763 21892.976074 8057.879028 797.524414 1404.514771 260870.69316 -57.98584 -116.443481 -0.006052 -0.007411 0.493814 1.70883 21191.115723 7745.9552 95.664062 1092.590942 120290.658023 -9.931641 -50.62561 -0.012474 -0.008638 1.72497 2.243699 19053.205566 16404.805908 -2042.246094 9751.44165 9926138.336841 -0.941162 51.103516 -0.028144 0.020306 0.49663 2.964308 18502.762451 17081.318359 -2592.689209 10427.954102 11546426.407868 -113.300781 89.35791 -0.052171 0.024337 3.565206 4.406214 17279.279785 17127.694092 -3816.171875 10474.329834 12427475.325064 -44.072266 13.4021 -0.029708 0.020597 1.933674 3.273026
21663.73291 10050.06897 733.24707 3468.115234 1256547.454503 20.083008 -41.989746 -0.347208 0.298842 7.072337 14.568348 16484.359131 9438.394775 -4446.126709 2856.44104 2792729.812756 -39.348145 82.067261 -1.173459 -0.757173 36.584144 31.533328 20712.692871 13096.05835 -217.792969 6514.104614 4248099.270273 114.223633 38.006592 -0.134199 0.025377 33.612143 5.172412 15522.79541 13624.090576 -5407.69043 7042.136841 7883480.706817 -16.876221 84.377441 0.023903 0.016101 0.369602 0.231843 20140.008545 9126.498413 -790.477295 2544.544678 709956.197077 72.82959 -134.385376 -0.051692 -0.005616 12.96848 0.679032 16906.217041 15566.555176 -4024.268799 8984.60144 9691780.240859 -51.987305 -14.467773 -0.230966 0.030466 5.377403 4.327326 21706.933594 7994.989014 776.447754 1413.035278 259953.981232 5.307617 -173.710327 -0.007894 -0.008618 0.593869 2.23212 21932.087402 7907.683716 1001.601562 1325.72998 276076.567112 39.111328 -150.195312 -0.005762 -0.007894 0.447605 1.938711 21426.308594 7613.566284 495.822754 1031.612549 131006.465419 235.192871 -132.388916 -0.010352 -0.009078 1.188112 2.478235 19029.250488 16472.436523 -1901.235352 9890.482788 10143634.564346 -23.955078 67.630615 -0.031965 0.021246 0.640622 3.245325 18544.875488 17060.550537 -2385.610352 10478.596802 11549212.768329 42.113037 -20.767822 -0.048956 0.024058 3.139331 4.305709 17217.03125 17143.793945 -3713.45459 10561.84021 12534221.361158 -62.248535 16.099854 -0.03255 0.020806 2.321221 3.339685
21658.652344 9982.711182 957.944336 3567.63855 1364570.217281 -5.080566 -67.357788 -0.355868 0.257551 7.429539 10.820607 16447.623291 9548.031616 -4253.084717 3132.958984 2790416.160603 -36.73584 109.636841 -1.311731 -0.557841 45.7137 17.115937 20982.189941 13068.297119 281.481934 6653.224487 4434462.815741 269.49707 -27.76123 -0.119759 0.025032 26.768048 5.032471 15501.378174 13685.554199 -5199.329834 7270.481567 7989293.294421 -21.417236 61.463623 0.020592 0.022974 0.274305 0.472013 20097.467041 9155.152588 -603.240967 2740.079956 787193.782959 -42.541504 28.654175 -0.052569 -0.005483 13.412023 0.647226 16914.876709 15594.473877 -3785.831299 9179.401245 9859392.584205 8.659668 27.918701 -0.222376 0.031065 4.984824 4.499114 21615.788574 7863.717651 915.080566 1448.64502 293594.483563 -91.14502 -131.271362 -0.00885 -0.009054 0.746483 2.464106 21833.686523 7736.367188 1132.978516 1321.294556 302945.96197 -98.400879 -171.316528 -0.006492 -0.008445 0.568191 2.218623 20985.964355 7639.619141 285.256348 1224.546509 158088.533607 -440.344238 26.052856 -0.014324 -0.008991 2.274742 2.43116 18889.945068 16593.625488 -1810.762939 10178.552856 10688180.067435 -139.30542 121.188965 -0.054184 0.022932 1.840722 3.780714 18608.044434 17058.415527 -2092.663574 10643.342896 11765998.882622 63.168945 -2.13501 -0.044133 0.024029 2.551298 4.295443 17231.256104 17150.906982 -3469.451904 10735.834351 12729523.571945 14.224854 7.113037 -0.0319 0.020898 2.229542 3.36935
21650.32959 9931.487427 1111.474609 3631.575928 1442371.952619 -8.322754 -51.223755 -0.370055 0.22615 8.033708 8.342912 16416.165771 9584.011841 -4122.689209 3284.100342 2778188.136887 -31.45752 35.980225 -1.430135 -0.492425 54.338932 13.337057 21217.44873 13091.392822 678.59375 6791.481323 4658470.804149 235.258789 23.095703 -0.107154 0.025319 21.429713 5.148759 15465.83374 13715.217285 -5073.02124 7415.305786 8072230.440572 -35.544434 29.663086 0.015098 0.026291 0.147448 0.618148 20140.142822 9206.690063 -398.712158 2906.778564 860833.300786 42.675781 51.537476 -0.05169 -0.005244 12.967091 0.591941 16906.018066 15652.438965 -3632.836914 9352.527466 10066727.40431 -8.858643 57.965088 -0.231164 0.032309 5.386599 4.86646 21558.959961 7652.699585 1020.10498 1352.788086 287064.977663 -56.828613 -211.018066 -0.009447 -0.009757 0.850461 2.861052 21596.430664 7529.643555 1057.575684 1229.732056 263070.725526 -237.255859 -206.723633 -0.008252 -0.009109 0.918014 2.581507 20308.95752 7741.660767 -229.897461 1441.749268 213149.379311 -677.006836 102.041626 -0.020431 -0.008652 4.627727 2.251124 18932.885742 16618.017578 -1605.969238 10318.106079 10904245.02539 42.940674 24.39209 -0.047335 0.023271 1.404794 3.893413 18662.906494 17024.455566 -1875.948486 10724.544067 11853502.817659 54.862061 -33.959961 -0.039945 0.023572 2.090028 4.133788 17159.068604 17178.07373 -3379.786377 10878.162231 12975736.948748 -72.1875 27.166748 -0.035195 0.02125 2.713888 3.483854
21658.063965 9807.346802 1308.286133 3557.603149 1436815.277403 7.734375 -124.140625 -0.356871 0.150049 7.471475 3.672758 16421.036377 9623.325806 -3928.741455 3373.582153 2681606.596605 4.870605 39.313965 -1.411803 -0.420948 52.954736 9.746227 21745.939941 13077.521973 1396.162109 6827.77832 4856782.542698 528.491211 -13.87085 -0.078838 0.025146 11.600214 5.078759 15479.353027 13750.406494 -4870.424805 7500.662842 7998098.084443 13.519287 35.189209 0.017187 0.030226 0.191095 0.817026 20163.391113 9337.858276 -186.386719 3088.114624 957119.194003 23.248291 131.168213 -0.051211 -0.004635 12.727866 0.462366 16882.944336 15697.515869 -3466.833496 9447.772217 10127933.435012 -23.07373 45.076904 -0.254053 0.033275 6.506175 5.162092 21203.891602 7809.373169 854.11377 1559.629517 316195.456036 -355.068359 156.673584 -0.013172 -0.009235 1.653578 2.5635 21434.538574 7514.876709 1084.760742 1265.133057 277726.75188 -161.89209 -14.766846 -0.009453 -0.009157 1.204651 2.60848 20248.865967 7994.204102 -100.911865 1744.460449 305332.546343 -60.091553 252.543335 -0.020973 -0.007812 4.876534 1.835331 18795.893555 16783.638916 -1553.884277 10533.895264 11337750.577338 -136.992188 165.621338 -0.069185 0.025575 3.001019 4.702405 18664.178467 17043.625488 -1685.599365 10793.881836 11934913.030826 1.271973 19.169922 -0.039848 0.02383 2.079879 4.224659 17144.217529 17202.640381 -3205.560303 10952.896729 13024156.359999 -14.851074 24.56665 -0.035873 0.021569 2.819432 3.589047
21659.675293 9691.281128 1522.955322 3453.486938 1424596.494785 1.611328 -116.065674 -0.354125 0.078899 7.356911 1.015463 16398.879395 9739.523926 -3737.840576 3501.729736 2623356.331916 -22.156982 116.19812 -1.4952 -0.209687 59.395778 2.418371 22370.273438 13243.544922 2233.553467 7005.750732 5406930.441387 624.333496 166.022949 -0.045386 0.027214 3.844519 5.948054 15507.248535 13729.694824 -4629.471436 7491.900635 7756058.089375 27.895508 -20.71167 0.0215 0.02791 0.299015 0.696617 20293.325195 9616.170044 156.605225 3378.375854 1143794.861059 129.934082 278.311768 -0.048533 -0.003342 11.431854 0.240378 16850.593262 15672.268066 -3286.126709 9434.473877 9980792.608241 -32.351074 -25.247803 -0.286147 0.032734 8.25378 4.995433 20496.44043 8343.734131 359.720459 2105.939941 456438.184542 -707.451172 534.360962 -0.020595 -0.007457 4.042459 1.671508 21155.12207 7488.901367 1018.4021 1251.107178 260241.200667 -279.416504 -25.975342 -0.011526 -0.00924 1.790844 2.656266 20014.274902 8650.056763 -122.445068 2412.262573 583400.351703 -234.591064 655.852661 -0.023089 -0.005631 5.910206 0.953635 18804.732666 16798.619385 -1331.987305 10560.825195 11330521.89858 8.839111 14.980469 -0.067775 0.025783 2.879959 4.779342 18634.001465 17090.540771 -1502.718506 10852.746582 12004027.128164 -30.177002 46.915283 -0.042152 0.024461 2.327328 4.451217 17101.920166 17228.922119 -3034.799805 10991.12793 13001490.302129 -42.297363 26.281738 -0.037804 0.02191 3.131065 3.703316
21734.892578 9684.099121 1722.563477 3428.901367 1472458.951669 75.217285 -7.182007 -0.225911 0.074496 2.99404 0.905295 16508.756104 9716.489868 -3503.572998 3461.292114 2425556.685287 109.876709 -23.034058 -1.081631 -0.251565 31.082407 3.480822 22890.952148 13402.969971 2878.623047 7147.772217 5937711.830921 520.678711 159.425049 -0.017488 0.029198 0.5708 6.847403 15572.39624 13783.970947 -4439.932861 7528.773193 7639542.961015 65.147705 54.276123 0.031571 0.033979 0.644757 1.032526 20502.819824 10040.028076 490.490723 3784.830322 1456552.171735 209.494629 423.858032 -0.044217 -0.001373 9.488789 0.040558 16854.794922 15703.900146 -3157.53418 9448.702393 9924799.899941 4.20166 31.63208 -0.281978 0.033412 8.015073 5.204667 20485.512695 8526.748047 473.183594 2271.550293 538384.344688 -10.927734 183.013916 -0.02071 -0.006849 4.087597 1.40969 21113.979492 7403.983765 1101.650391 1148.786011 253334.288164 -41.142578 -84.917603 -0.011831 -0.009513 1.886941 2.815516 20084.02832 8682.763062 71.699219 2427.565308 589821.410072 69.753418 32.706299 -0.02246 -0.005523 5.592482 0.917155 18709.903564 16825.441895 -1302.425537 10570.244141 11342637.347213 -94.829102 26.82251 -0.0829 0.026156 4.30879 4.918656 18588.690186 17067.276611 -1423.638916 10812.078857 11892779.69823 -45.311279 -23.26416 -0.045611 0.024148 2.724991 4.338133 17123.768311 17238.222656 -2888.560791 10983.024902 12897061.94489 21.848145 9.300537 -0.036806 0.02203 2.968056 3.744182
21770.839844 9682.060547 1911.671143 3457.019653 1560547.144081 35.947266 -2.038574 -0.164636 0.073246 1.59013 0.875176 16542.106934 9722.225342 -3317.061768 3497.184448 2323319.783496 33.35083 5.735474 -0.9561 -0.241138 24.286406 3.198233 23269.09668 13535.872803 3409.927979 7310.831909 6507587.202294 378.144531 132.902832 0.002773 0.030853 0.01435 7.645508 15632.260742 13885.65918 -4226.907959 7660.618286 7655182.341956 59.864502 101.688232 0.040825 0.04535 1.07815 1.839208 20664.956055 10512.961426 805.787354 4287.920532 1903555.574978 162.13623 472.93335 -0.040876 0.000824 8.109127 0.01463 16825.605469 15654.7229 -3033.563232 9429.682007 9812140.863515 -29.189453 -49.177246 -0.310935 0.032357 9.745755 4.881229 20134.67041 8804.123535 275.501709 2579.082642 672756.846386 -350.842285 277.375488 -0.024391 -0.005926 5.669936 1.055367 20684.992676 7827.39563 825.823975 1602.354736 324952.593807 -428.986816 423.411865 -0.015013 -0.008152 3.03854 2.067543 20204.813232 8348.688965 345.644531 2123.648071 462935.127267 120.784912 -334.074097 -0.021371 -0.006633 5.063071 1.323255 18810.958252 16841.96167 -1048.210449 10616.920776 11381775.191751 101.054688 16.519775 -0.066782 0.026386 2.796189 5.005455 18579.505615 17147.792969 -1279.663086 10922.752075 12094405.050969 -9.18457 80.516357 -0.046312 0.02523 2.809418 4.73571 17173.093262 17275.493164 -2686.075439 11050.452271 12932749.66492 49.324951 37.270508 -0.034555 0.022513 2.616065 3.910197
21775.43457 9614.619141 1947.352295 3325.169678 1484893.434626 4.594727 -67.441406 -0.156804 0.031903 1.442437 0.166034 16570.599365 9812.10144 -3257.48291 3522.651978 2302027.186482 28.492432 89.876099 -0.848856 -0.077733 19.143648 0.332347 23601.340332 13585.865479 3773.258057 7296.416016 6747516.303507 332.243652 49.992676 0.020574 0.031476 0.790045 7.957106 15704.918213 13912.392578 -4123.164062 7622.943115 7510974.362439 72.657471 26.733398 0.052057 0.048339 1.753007 2.08967 21212.646484 11307.720947 1384.564209 5018.271484 2710006.673969 547.69043 794.759521 -0.029591 0.004516 4.249709 0.439099 16869.591064 15645.649414 -2958.491211 9356.199951 9629114.77715 43.985596 -9.073486 -0.2673 0.032163 7.202353 4.822686 20114.398193 9585.535889 286.315918 3296.086426 1094616.25311 -20.272217 781.412354 -0.024604 -0.003326 5.76926 0.332448 20454.124756 8907.268066 626.04248 2617.818604 724490.342826 -230.86792 1079.872437 -0.016726 -0.004681 3.771305 0.681713 20171.778564 9556.720581 343.696289 3267.271118 1079318.76987 -33.034668 1208.031616 -0.021669 -0.002616 5.20525 0.205852 18801.484375 16885.483398 -1026.5979 10596.033936 11332983.841235 -9.473877 43.521729 -0.068293 0.026991 2.924157 5.237762 18582.182617 17165.830078 -1245.899658 10876.380615 11984792.124576 2.677002 18.037109 -0.046108 0.025473 2.784677 4.827164 17173.061523 17251.802979 -2655.020752 10962.353516 12722232.979484 -0.031738 -23.690186 -0.034557 0.022206 2.616285 3.804256
21874.819336 9660.577393 2157.166748 3344.703979 1584041.308931 99.384766 45.958252 0.012605 0.060077 0.009321 0.588757 16605.356445 9836.524048 -3112.296143 3520.650635 2208136.817118 34.75708 24.422607 -0.718032 -0.03333 13.697603 0.061102 23751.855469 13498.101807 4034.202881 7182.228394 6785919.758112 150.515137 -87.763672 0.028639 0.030383 1.530779 7.414212 15735.795898 13947.01416 -3981.856689 7631.140747 7408949.179694 30.877686 34.621582 0.05683 0.052211 2.089225 2.437789 21746.057129 12195.708008 2028.404541 5879.834595 3868687.984336 533.410645 887.987061 -0.0186 0.008642 1.679122 1.60752 16947.653809 15703.337402 -2769.998779 9387.463989 9579737.338692 78.062744 57.687988 -0.18986 0.0334 3.633637 5.200907 20739.104004 10149.235229 1021.451416 3833.361816 1573802.581076 624.705811 563.699341 -0.018049 -0.00145 3.104702 0.06322 20566.071777 9616.200562 848.419189 3300.327148 1161197.440775 111.947021 708.932495 -0.015896 -0.002402 3.406114 0.179545 20260.559082 10586.800537 542.906494 4270.927124 1853556.59601 88.780518 1030.079956 -0.020868 0.000809 4.827609 0.019682 18774.937744 16891.098633 -942.714844 10575.22522 11272409.972457 -26.546631 5.615234 -0.072527 0.027069 3.297986 5.268119 18621.699219 17144.937744 -1095.953369 10829.064331 11846974.807345 39.516602 -20.892334 -0.043091 0.025192 2.432196 4.721313 17187.736816 17226.072998 -2529.915771 10910.199585 12543292.879449 14.675293 -25.72998 -0.033887 0.021873 2.515842 3.690842
21854.84375 9648.566284 2210.195312 3291.148682 1571662.296406 -19.975586 -12.011108 -0.021445 0.052714 0.026979 0.453284 16636.459961 9890.056152 -3008.188477 3532.63855 2152873.303409 31.103516 53.532104 -0.60096 0.063997 9.595073 0.225268 23654.27002 13567.047119 4009.621582 7209.629517 6805582.299774 -97.585449 68.945312 0.02341 0.031241 1.022854 7.839083 15779.018555 13963.35083 -3865.629883 7605.933228 7279331.465268 43.222656 16.33667 0.063512 0.054037 2.609376 2.611363 21841.726074 12338.15918 2197.077637 5980.741577 4059641.99544 95.668945 142.451172 -0.016629 0.009303 1.342084 1.863149 16985.85083 15666.368408 -2658.797607 9308.950806 9372576.981951 38.197021 -36.968994 -0.151967 0.032607 2.32796 4.956884 21192.045898 10521.472168 1547.397461 4164.054565 1973378.932599 452.941895 372.236938 -0.013296 -0.000212 1.684932 0.001349 21272.678223 10910.487061 1628.029785 4553.069458 2338092.24708 706.606445 1294.286499 -0.010654 0.001758 1.530106 0.096144 20808.796387 11696.048584 1164.147949 5338.630981 2985622.120372 548.237305 1109.248047 -0.015923 0.004498 2.810622 0.608319 18824.206543 16937.227783 -820.441895 10579.810181 11260550.836118 49.268799 46.12915 -0.064669 0.027711 2.62204 5.520817 18634.471436 17182.401123 -1010.177002 10824.983521 11820072.579454 12.772217 37.463379 -0.042116 0.025696 2.323368 4.911955 17202.877197 17234.467773 -2441.77124 10877.050171 12427246.720988 15.140381 8.394775 -0.033196 0.021981 2.414277 3.727656
21933.92334 9710.133667 2331.141357 3337.651978 1657414.075145 79.07959 61.567383 0.113353 0.090456 0.753782 1.334738 16696.668701 9968.497314 -2906.113281 3596.015625 2137682.27787 60.20874 78.441162 -0.374338 0.206612 3.722925 2.347954 23941.264648 14118.630371 4338.482666 7746.148682 7882525.12414 286.994629 551.583252 0.038787 0.038109 2.807897 11.664332 15854.760742 13973.165283 -3748.02124 7600.683594 7181805.430955 75.742188 9.814453 0.075221 0.055135 3.660167 2.71851 22512.355957 12954.67041 2909.573975 6582.188721 5179082.906868 670.629883 616.51123 -0.002811 0.012167 0.038354 3.186847 17031.088867 15674.475098 -2571.693115 9301.993408 9314068.68452 45.238037 8.106689 -0.10709 0.032781 1.156037 5.009892 22054.672852 11809.141846 2451.890869 5436.660156 3556904.248873 862.626953 1287.669678 -0.004245 0.004072 0.171748 0.498461 22142.521973 12100.449219 2539.73999 5727.967529 3925989.123468 869.84375 1189.962158 -0.004201 0.005583 0.237937 0.96968 21489.6875 12438.652344 1886.905518 6066.170654 4035883.883932 680.891113 742.60376 -0.009781 0.006967 1.060511 1.459687 18917.568359 16902.102051 -685.213623 10529.620361 11134242.26629 93.361816 -35.125732 -0.049778 0.027223 1.553545 5.327859 18714.344482 17185.500488 -888.4375 10813.018799 11771069.673522 79.873047 3.099365 -0.036018 0.025737 1.699291 4.927896 17278.713379 17236.937256 -2324.068604 10864.455566 12343768.962826 75.836182 2.469482 -0.029734 0.022013 1.937041 3.738521
21961.425781 9669.013062 2386.539307 3301.661987 1659654.174055 27.502441 -41.120605 0.160233 0.065248 1.506209 0.694477 16726.240234 9974.970703 -2848.64624 3607.619629 2112970.478887 29.571533 6.473389 -0.263032 0.218381 1.838124 2.623068 23511.07666 12834.975586 3936.190186 6467.624512 5732376.000138 -430.187988 -1283.654785 0.015738 0.022127 0.462276 3.93217 15878.448486 14091.577148 -3696.437988 7724.226074 7332732.224685 23.687744 118.411865 0.078882 0.068376 4.025202 4.18102 24284.431152 14589.80957 4709.544678 8222.458496 8978863.479156 1772.075195 1635.13916 0.033702 0.019763 5.512379 8.407989 17100.928955 15750.009766 -2473.95752 9382.658691 9415474.992787 69.840088 75.534668 -0.037806 0.034401 0.144081 5.517353 25029.899902 15568.95874 5455.013428 9201.607666 11442675.513604 2975.227051 3759.816895 0.026973 0.016582 6.933863 8.264026 25626.04248 16034.18457 6051.156006 9666.833496 13006415.884845 3483.520508 3933.735352 0.02164 0.018227 6.312789 10.335997 24917.966309 15823.127441 5343.079834 9455.776367 11796020.881859 3428.278809 3384.475098 0.021144 0.018221 4.956027 9.984676 18900.992432 16963.288574 -673.894043 10595.9375 11272802.468506 -16.575928 61.186523 -0.052422 0.028074 1.722951 5.666196 18664.018555 17173.187256 -910.86792 10805.836182 11759577.5952 -50.325928 -12.313232 -0.03986 0.025572 2.081154 4.864718 17265.032959 17180.41626 -2309.853516 10813.065186 12225780.197053 -13.68042 -56.520996 -0.030359 0.021281 2.01925 3.493817
21964.890137 9662.975464 2434.014893 3307.697754 1686529.292849 3.464355 -6.037598 0.166138 0.061547 1.619275 0.617923 16794.326172 9979.188232 -2736.549072 3623.910522 2062142.829972 68.085938 4.217529 -0.006761 0.226049 0.001214 2.810508 23463.701172 12849.420166 3932.825928 6494.142456 5764100.601739 -47.375488 14.44458 0.0132 0.022306 0.325182 3.996352 15862.06543 14013.300781 -3668.809814 7658.023071 7210548.281502 -16.383057 -78.276367 0.07635 0.059623 3.770884 3.179095 24463.518066 15193.946533 4932.642822 8838.668823 10245303.1779 179.086914 604.136963 0.037392 0.02257 6.785567 10.965512 17146.04248 15710.161133 -2384.832764 9354.883423 9320127.116583 45.113525 -39.848633 0.006948 0.033547 0.004866 5.24659 25308.068848 16491.655273 5777.193604 10136.377563 13612211.604185 278.168945 922.696533 0.029892 0.019652 8.515674 11.607265 26263.010254 16741.30127 6732.13501 10386.02356 15319112.716966 636.967773 707.116699 0.026365 0.0205 9.370573 13.074488 25622.717285 16639.0271 6091.842041 10283.74939 14286604.096178 704.750977 815.899658 0.027501 0.020935 8.384236 13.179423 18873.97583 16897.335205 -656.899414 10542.057495 11156649.307055 -27.016602 -65.953369 -0.056731 0.027156 2.017844 5.301937 18801.657715 17185.59082 -729.217529 10830.31311 11782744.027329 137.63916 12.403564 -0.029352 0.025738 1.128523 4.928361 17247.254639 17187.679443 -2283.620605 10832.401733 12255585.038345 -17.77832 7.263184 -0.03117 0.021375 2.128638 3.524799
21982.121582 9613.062134 2446.405029 3228.258667 1640655.158838 17.231445 -49.91333 0.19551 0.030949 2.242447 0.156248 16769.93042 10022.67334 -2765.786133 3637.869873 2088367.014568 -24.395752 43.485107 -0.098585 0.30511 0.258212 5.120256 23454.616699 12831.497803 3918.900146 6446.694336 5691764.621912 -9.084473 -17.922363 0.012713 0.022083 0.301641 3.916795 15915.446777 14049.959717 -3620.269775 7665.15625 7186097.358352 53.381348 36.658936 0.084602 0.063722 4.630066 3.631264 24928.14209 15827.137451 5392.425537 9442.333984 11823592.424575 464.624023 633.190918 0.046965 0.025512 10.704981 14.00999 17195.786133 15694.886475 -2339.93042 9310.083008 9215291.998243 49.743652 -15.274658 0.056295 0.033219 0.319455 5.144608 26150.456543 17465.178223 6614.73999 11080.374756 16652948.986869 842.387695 973.522949 0.038731 0.022891 14.29638 15.748854 26994.746094 17710.797119 7459.029541 11325.993652 18391525.390667 731.73584 969.49585 0.031793 0.023617 13.626246 17.351593 26280.03418 17529.038086 6744.317627 11144.234619 16967978.549968 657.316895 890.010986 0.03343 0.023894 12.389305 17.169238 18900.27832 16855.047607 -635.438232 10470.244141 11002979.411152 26.30249 -42.287598 -0.052536 0.026568 1.730446 5.07475 18791.036377 17149.395752 -744.680176 10764.592285 11643099.562985 -10.621338 -36.195068 -0.030163 0.025252 1.191736 4.743801 17262.021484 17225.930176 -2273.695068 10841.126709 12269971.758414 14.766846 38.250732 -0.030496 0.021871 2.037577 3.690217
21998.305664 9638.660889 2485.667725 3235.290527 1664564.883348 16.184082 25.598755 0.223097 0.046641 2.919925 0.354869 16822.08252 10028.47229 -2690.55542 3625.101929 2038045.246121 52.1521 5.79895 0.097713 0.315653 0.253665 5.480233 23450.019531 12830.396729 3937.381592 6427.026367 5680964.172394 -4.597168 -1.101074 0.012467 0.02207 0.290066 3.911934 15969.499512 13983.739014 -3543.138428 7580.368652 7001581.882352 54.052734 -66.220703 0.092958 0.056317 5.589825 2.836356 24938.693848 15874.052734 5426.055908 9470.682373 11913590.733009 10.551758 46.915283 0.047182 0.025729 10.804323 14.250388 17096.505127 15663.200684 -2416.132812 9259.830322 9158215.536479 -99.281006 -31.685791 -0.042195 0.032539 0.179472 4.936247 26024.243164 17554.661865 6511.605225 11151.291504 16675230.480625 -126.213379 89.483643 0.037407 0.023188 13.335423 16.161185 27054.916992 17759.558105 7542.279053 11356.187744 18584897.338949 60.170898 48.760986 0.03224 0.023773 14.011539 17.58267 26723.48877 17554.259033 7210.85083 11150.888672 17633868.786619 443.45459 25.220947 0.03743 0.023978 15.53162 17.289976 18961.330566 16905.97168 -551.307373 10502.601318 11060857.427198 61.052246 50.924072 -0.042798 0.027276 1.148413 5.348948 18766.103516 17149.348145 -746.534424 10745.977783 11603335.216306 -24.932861 -0.047607 -0.032066 0.025251 1.346893 4.743561 17273.389893 17233.487549 -2239.248047 10830.117188 12230567.011042 11.368408 7.557373 -0.029977 0.021969 1.968828 3.723348
21975.9375 9662.312622 2494.986572 3235.900269 1669600.854382 -22.368164 23.651733 0.184969 0.06114 2.007155 0.609791 16856.010742 10003.231812 -2624.940186 3576.819458 1968394.841288 33.928223 -25.240479 0.225417 0.269763 1.349986 4.002617 23370.244141 12928.231201 3889.293213 6501.818848 5740025.002358 -79.775391 97.834473 0.008192 0.023288 0.125259 4.355683 16003.730469 14009.084473 -3477.220459 7582.672119 6958797.858677 34.230957 25.345459 0.098249 0.059151 6.244346 3.129016 25024.775391 16147.423096 5543.824463 9721.010742 12523203.952507 86.081543 273.370361 0.048956 0.026999 11.631899 15.691839 17093.845215 15638.988037 -2387.105713 9212.575684 9056982.441046 -2.659912 -24.212646 -0.044834 0.03202 0.202621 4.779932 26267.390137 17929.191895 6786.439209 11502.779541 17836969.430645 243.146973 374.530029 0.039958 0.024434 15.216516 17.944804 27273.078613 18093.227539 7792.127686 11666.815186 19683183.044157 218.161621 333.669434 0.033858 0.024846 15.45354 19.204941 26613.591309 17678.270264 7132.640381 11251.85791 17747886.523301 -109.897461 124.01123 0.036439 0.02439 14.719822 17.8898 18928.438721 16986.142578 -552.512207 10559.730225 11181317.215545 -32.891846 80.170898 -0.048044 0.028391 1.447209 5.795242 18757.253418 17196.986084 -723.69751 10770.57373 11652899.65691 -8.850098 47.637939 -0.032742 0.025892 1.404249 4.987195 17265.27832 17185.622559 -2215.672607 10759.210205 12066980.934034 -8.111572 -47.86499 -0.030347 0.021348 2.017761 3.516011
21990.866699 9642.633057 2501.906738 3229.971924 1669225.595578 14.929199 -19.679565 0.210417 0.049076 2.597435 0.392889 16838.076172 10047.203369 -2650.883789 3634.542236 2023708.213077 -17.93457 43.971558 0.157912 0.349708 0.662502 6.726525 23348.212891 13012.30835 3859.25293 6599.647217 5844917.656148 -22.03125 84.077148 0.007012 0.024334 0.091762 4.756076 16031.591797 13999.562988 -3457.368164 7586.901855 6951447.438639 27.861328 -9.521484 0.102556 0.058087 6.803818 3.017388 25166.420898 16354.754639 5677.460938 9942.093506 13107878.597609 141.645508 207.331543 0.051875 0.027963 13.060121 16.831374 17166.444092 15671.804199 -2322.515869 9259.143066 9112581.028659 72.598877 32.816162 0.027186 0.032724 0.074504 4.992396 26185.41748 17999.0271 6696.45752 11586.365967 17908641.962744 -81.972656 69.835205 0.039098 0.024667 14.568476 18.287704 27267.175293 17965.183105 7778.215332 11552.521973 19396139.768015 -5.90332 -128.044434 0.033814 0.024434 15.413591 18.573937 27021.787109 17526.185303 7532.827148 11113.52417 18025390.432367 408.195801 -152.084961 0.040121 0.023885 17.844947 17.155608 18867.580566 16983.182373 -621.379395 10570.52124 11212203.164219 -60.858154 -2.960205 -0.057751 0.02835 2.091057 5.778445 18767.889404 17112.181396 -721.070557 10699.520264 11499967.662038 10.635986 -84.804688 -0.03193 0.024752 1.335463 4.557716 17234.398193 17120.275879 -2254.561768 10707.614746 11973606.231459 -30.880127 -65.34668 -0.031757 0.020501 2.20954 3.242538
21997.277832 9679.608154 2548.99292 3252.801514 1707808.259316 6.411133 36.975098 0.221345 0.071743 2.874244 0.839619 16861.75415 10044.624023 -2586.530762 3617.817383 1977874.39967 23.677979 -2.579346 0.247035 0.345018 1.621334 6.547331 23311.657715 13092.628174 3863.372803 6665.821533 5935882.612542 -36.555176 80.319824 0.005053 0.025335 0.047658 5.155017 16023.986816 14020.380859 -3424.298096 7593.574219 6938818.68639 -7.60498 20.817871 0.101381 0.060414 6.648724 3.264082 25173.088379 16414.667969 5724.803467 9987.861328 13253074.86433 6.66748 59.91333 0.052012 0.028241 13.129387 17.168108 17147.158203 15660.532227 -2301.126709 9233.725586 9055687.23272 -19.285889 -11.271973 0.008054 0.032482 0.006539 4.918896 26148.278809 18033.974609 6699.993896 11607.167969 17961626.64677 -37.138672 34.94751 0.038708 0.024783 14.279515 18.460519 27369.838867 17764.957275 7921.553955 11338.150635 19130467.687985 102.663574 -200.22583 0.034576 0.023791 16.115709 17.608351 27090.175781 17469.873047 7641.890869 11043.066406 18034781.17087 68.388672 -56.312256 0.040738 0.023697 18.397927 16.887662 18836.140137 16970.571289 -612.144775 10543.764648 11154569.418768 -31.44043 -12.611084 -0.062765 0.028175 2.469965 5.70716 18767.453613 17107.60498 -680.831299 10680.79834 11454298.443387 -0.435791 -4.576416 -0.031963 0.02469 1.338248 4.535089 17216.831055 17122.084961 -2231.453857 10695.27832 11936836.466675 -17.567139 1.809082 -0.032559 0.020525 2.322524 3.24996
21948.637695 9663.936157 2498.35083 3242.996216 1675878.132598 -48.640137 -15.671997 0.138434 0.062136 1.124271 0.629805 16866.459961 10038.747559 -2583.826904 3617.807617 1976469.342635 4.705811 -5.876465 0.264747 0.334334 1.862169 6.148112 23256.125488 13146.30127 3805.838623 6725.361328 5971489.261851 -55.532227 53.673096 0.002078 0.026003 0.008058 5.43056 16023.216553 14032.10083 -3427.070312 7611.160889 6967458.100007 -0.770264 11.719971 0.101262 0.061725 6.633115 3.407229 25219.382324 16449.805908 5769.095459 10028.865967 13386061.499485 46.293945 35.137939 0.052966 0.028404 13.615372 17.367147 17148.421631 15660.072021 -2301.865234 9239.13208 9066014.515035 1.263428 -0.460205 0.009308 0.032472 0.008733 4.915907 26271.643066 17897.087402 6821.356201 11476.147461 17823286.096845 123.364258 -136.887207 0.040002 0.024328 15.250522 17.788256 27387.976074 17736.191406 7937.689209 11315.251465 19104182.569108 18.137207 -28.765869 0.03471 0.023698 16.241374 17.471745 27315.761719 17453.914795 7865.474854 11032.974854 18359222.878959 225.585938 -15.958252 0.042773 0.023644 20.281799 16.812112 18845.976562 16967.539062 -604.310303 10546.599121 11159594.396305 9.836426 -3.032227 -0.061196 0.028133 2.348031 5.690087 18770.753174 17137.010498 -679.533691 10716.070557 11529593.421266 3.299561 29.405518 -0.031712 0.025085 1.317238 4.681457 17208.1604 17130.803223 -2242.126465 10709.863281 11972830.258742 -8.670654 8.718262 -0.032955 0.020638 2.379329 3.285847
21989.086914 9704.081421 2561.765137 3256.616211 1716818.976105 40.449219 40.145264 0.207383 0.086745 2.523076 1.227492 16923.731689 9979.232788 -2503.590088 3531.767578 1874134.555408 57.271729 -59.514771 0.480315 0.22613 6.129267 2.812523 23181.90918 13156.938477 3754.587402 6709.473267 5911395.807708 -74.216309 10.637207 -0.001899 0.026135 0.006728 5.48602 16025.283203 13989.671631 -3402.038574 7542.206421 6845874.415591 2.06665 -42.429199 0.101581 0.056981 6.675036 2.903571 25107.497559 16370.369873 5680.175781 9922.904663 13072843.385859 -111.884766 -79.436035 0.050661 0.028035 12.455949 16.918816 17102.045898 15623.470459 -2325.275879 9176.005249 8960598.024313 -46.375732 -36.601562 -0.036698 0.031687 0.135759 4.681074 26104.667969 17823.636475 6677.346191 11376.171265 17400422.48025 -166.975098 -73.450928 0.03825 0.024083 13.943893 17.432673 27343.579102 17598.243408 7916.257324 11150.778198 18700698.444964 -44.396973 -137.947998 0.034381 0.023255 15.934629 16.824039 27254.482422 17319.094238 7827.160645 10871.629028 17945676.148472 -61.279297 -134.820557 0.04222 0.023196 19.760972 16.180607 18848.813477 16995.565186 -578.508301 10548.099976 11159708.494903 2.836914 28.026123 -0.060744 0.028523 2.313438 5.848869 18723.621826 17167.675781 -703.699951 10720.210571 11541810.831406 -47.131348 30.665283 -0.03531 0.025498 1.633118 4.836571 17213.430176 17156.733398 -2213.891602 10709.268188 11958974.115619 5.269775 25.930176 -0.032714 0.020974 2.344723 3.393746
21973.625488 9694.543457 2579.760742 3256.40625 1725934.715197 -15.461426 -9.537964 0.181028 0.080898 1.922537 1.067594 16886.102295 10024.065552 -2507.762451 3585.928345 1914775.460502 -37.629395 44.832764 0.33868 0.307641 3.04744 5.205564 23128.933105 13151.555176 3735.068359 6713.417969 5902071.647234 -52.976074 -5.383301 -0.004737 0.026068 0.041882 5.457917 16009.705811 13985.986328 -3384.158936 7547.849121 6842255.805584 -15.577393 -3.685303 0.099173 0.056568 6.362313 2.861725 25101.306152 16366.264648 5707.441406 9928.127441 13114260.189858 -6.191406 -4.105225 0.050533 0.028016 12.393296 16.895805 17133.197021 15640.611572 -2260.667725 9202.474365 8979615.300389 31.151123 17.141113 -0.005796 0.032055 0.003386 4.790335 26195.217285 17710.367432 6801.352539 11272.230225 17332157.059721 90.549316 -113.269043 0.039201 0.023706 14.645207 16.891363 27305.632324 17612.529297 7911.767578 11174.39209 18746310.478783 -37.946777 14.285889 0.0341 0.023301 15.674767 16.890547 27201.945801 17314.215088 7808.081055 10876.077881 17925519.982709 -52.536621 -4.87915 0.041746 0.02318 19.319845 16.157979 18850.06958 16989.395752 -543.795166 10551.258545 11162477.006437 1.256104 -6.169434 -0.060544 0.028437 2.298203 5.813729 18713.17627 17125.108643 -680.688477 10686.971436 11467469.526632 -10.445557 -42.567139 -0.036107 0.024925 1.707717 4.621935 17192.709961 17165.128174 -2201.154785 10726.990967 11991341.758996 -20.720215 8.394775 -0.03366 0.021083 2.48225 3.429052
22010.395508 9741.174927 2607.13623 3266.431885 1746673.658204 36.77002 46.63147 0.243705 0.109484 3.484282 1.955377 16888.474121 10009.501953 -2514.785156 3534.758911 1881866.494193 2.371826 -14.563599 0.347607 0.281163 3.210215 4.348055 23165.253906 13232.004395 3761.994629 6757.261353 5981318.457444 36.320801 80.449219 -0.002791 0.02707 0.014539 5.885409 15984.770508 14017.490234 -3418.48877 7542.747192 6857910.067561 -24.935303 31.503906 0.095318 0.060091 5.877342 3.229249 25062.055664 16420.305176 5658.796387 9945.562134 13093618.27034 -39.250488 54.040527 0.049724 0.028267 11.999782 17.199962 17166.383057 15681.384277 -2236.876221 9206.641235 8976585.806322 33.186035 40.772705 0.027126 0.032929 0.074173 5.055293 26097.98584 17841.617432 6694.726562 11366.87439 17402519.713669 -97.231445 131.25 0.03818 0.024143 13.892821 17.519388 27329.047852 17654.257812 7925.788574 11179.514771 18779967.502722 23.415527 41.728516 0.034273 0.023435 15.834866 17.085568 26910.952148 17410.898438 7507.692871 10936.155396 17596494.708137 -290.993652 96.68335 0.039121 0.023501 16.966671 16.609308 18908.874512 16954.581299 -494.384766 10479.838257 11007142.618592 58.804932 -34.814453 -0.051165 0.027952 1.641303 5.617413 18712.824707 17141.218262 -690.43457 10666.47522 11425039.350892 -0.351562 16.109619 -0.036134 0.025142 1.710256 4.702591 17164.945068 17157.723389 -2238.314209 10682.980347 11913611.958569 -27.764893 -7.404785 -0.034927 0.020987 2.672681 3.3979
22000.515137 9750.222168 2587.70874 3297.971191 1757285.050363 -9.880371 9.047241 0.226864 0.115031 3.019343 2.158501 16858.717041 10065.560913 -2554.089355 3613.309937 1957938.11331 -29.75708 56.05896 0.235603 0.383084 1.474752 8.071751 23164.816895 13281.035156 3752.010498 6828.78418 6070987.61502 -0.437012 49.030762 -0.002814 0.02768 0.014784 6.153853 15989.360352 14066.80542 -3423.446045 7614.554443 6970142.219338 4.589844 49.315186 0.096028 0.065606 5.965167 3.849125 25093.659668 16486.417236 5680.853271 10034.16626 13295658.642075 31.604004 66.112061 0.050375 0.028574 12.316137 17.575752 17120.054932 15636.741943 -2292.751465 9184.490967 8961158.359872 -46.328125 -44.642334 -0.018833 0.031972 0.035753 4.765559 26085.390625 18000.380859 6672.584229 11548.129883 17788268.407694 -12.595215 158.763428 0.038048 0.024671 13.796809 18.294383 27312.473145 17732.106934 7899.666748 11279.855957 18963988.514157 -16.574707 77.849121 0.03415 0.023685 15.721456 17.452391 26925.068359 17540.894775 7512.261963 11088.643799 17939210.109638 14.116211 129.996338 0.039248 0.023934 17.077299 17.225946 18877.507324 16873.614502 -535.299072 10421.363525 10889136.282511 -31.367188 -80.966797 -0.056167 0.026826 1.977974 5.173887 18709.661865 17053.570557 -703.144531 10601.31958 11288238.907077 -3.162842 -87.647705 -0.036375 0.023964 1.73319 4.27219 17179.16748 17150.386963 -2233.638916 10698.135986 11943925.638911 14.222412 -7.336426 -0.034278 0.020892 2.574255 3.367177
21945.593262 9747.393188 2545.089111 3268.947754 1716349.800237 -54.921875 -2.828979 0.133245 0.113296 1.04156 2.093908 16875.892334 10019.937134 -2524.611816 3541.491699 1891582.827917 17.175293 -45.623779 0.30025 0.300135 2.395095 4.954649 23059.794922 13254.931641 3659.290771 6776.486206 5931117.425112 -105.021973 -26.103516 -0.008442 0.027355 0.132997 6.01019 16012.645264 13990.13916 -3387.858887 7511.693726 6790313.046333 23.284912 -76.66626 0.099628 0.057033 6.420749 2.908902 25038.662109 16475.700684 5638.157959 9997.255249 13173393.768459 -54.997559 -10.716553 0.049242 0.028524 11.768264 17.514562 17114.18457 15605.742188 -2286.31958 9127.296753 8853480.323829 -5.870361 -30.999756 -0.024656 0.031307 0.061283 4.569396 26018.686523 18186.567383 6618.182373 11708.121948 18088045.747782 -66.704102 186.186523 0.037348 0.025291 13.293884 19.224611 27280.305176 17865.633545 7879.801025 11387.18811 19175931.726028 -32.167969 133.526611 0.033912 0.024114 15.502514 18.090639 26597.76123 17799.375 7197.25708 11320.929565 17996395.570215 -327.307129 258.480225 0.036296 0.024793 14.604682 18.485437 18874.313965 16919.887695 -526.190186 10441.442261 10930059.259578 -3.193359 46.273193 -0.056677 0.02747 2.014009 5.425133 18712.462158 17111.791992 -688.041992 10633.346558 11354146.07974 2.800293 58.221436 -0.036162 0.024746 1.712877 4.555788 17196.099854 17158.430176 -2204.404297 10679.984741 11892147.237658 16.932373 8.043213 -0.033505 0.020996 2.459482 3.400868
21957.060547 9782.658691 2554.79126 3303.413696 1743950.04298 11.467285 35.265503 0.152792 0.134915 1.369566 2.969237 16904.107666 10010.408325 -2498.161621 3531.16333 1870992.594879 28.215332 -9.528809 0.406451 0.28281 4.389075 4.399171 23033.237305 13285.65918 3630.968018 6806.414185 5951120.27966 -26.557617 30.727539 -0.009864 0.027738 0.181613 6.179478 16000.654297 14011.484375 -3401.61499 7532.23938 6830561.461764 -11.990967 21.345215 0.097774 0.05942 6.184046 3.157472 25067.468262 16558.873291 5665.198975 10079.628296 13369338.600539 28.806152 83.172607 0.049836 0.028911 12.05367 17.992265 17155.410156 15641.755371 -2246.859131 9162.510376 8899997.23438 41.225586 36.013184 0.016241 0.032079 0.026587 4.79767 25995.471191 18218.748779 6593.201904 11739.503784 18128626.044959 -23.215332 32.181396 0.037105 0.025398 13.121039 19.387734 27214.213867 17843.314209 7811.94458 11364.069214 19016854.721978 -66.091309 -22.319336 0.033421 0.024043 15.057501 17.983157 26673.69873 17752.845459 7271.429443 11273.600464 17996775.356866 75.9375 -46.529541 0.036981 0.024638 15.161128 18.255434 18864.656982 16930.649414 -537.612305 10451.404419 10952088.13185 -9.656982 10.761719 -0.058217 0.02762 2.124962 5.484418 18685.655518 17095.537109 -716.61377 10616.292114 11321919.354993 -26.806641 -16.254883 -0.038208 0.024528 1.912238 4.475694 17179.539795 17166.303711 -2222.729492 10687.058716 11915375.039083 -16.560059 7.873535 -0.034261 0.021098 2.571703 3.43401
21979.63623 9784.412231 2564.293213 3306.757812 1751024.691221 22.575684 1.75354 0.191274 0.13599 2.146318 3.016741 16876.019287 10037.364502 -2539.32373 3559.710083 1911970.088319 -28.088379 26.956177 0.300728 0.33182 2.402725 6.055979 23047.792969 13321.593018 3632.449951 6843.938599 6003418.818962 14.555664 35.933838 -0.009085 0.028185 0.154032 6.380432 16009.178467 13994.165039 -3406.164551 7516.51062 6809988.884933 8.52417 -17.319336 0.099092 0.057483 6.351858 2.955004 25055.12207 16609.476318 5639.779053 10131.821899 13446092.276511 -12.346191 50.603027 0.049581 0.029146 11.930927 18.28605 17048.69873 15590.643311 -2366.644287 9112.988892 8864757.172016 -106.711426 -51.112061 -0.08962 0.030983 0.809633 4.475346 26112.86377 18158.500977 6697.520752 11680.846558 18129896.052544 117.392578 -60.247803 0.038336 0.025197 14.006662 19.082908 27193.215332 17710.723877 7777.872314 11233.069458 18667714.718836 -20.998535 -132.590332 0.033266 0.023616 14.917468 17.351247 26790.0 17647.01416 7374.656982 11169.359741 17914016.263697 116.30127 -105.831299 0.03803 0.024287 16.033514 17.737655 18866.999512 16921.221924 -548.343506 10443.567505 10936878.282946 2.342529 -9.42749 -0.057843 0.027488 2.097774 5.432465 18685.081787 17111.42334 -730.26123 10633.768921 11361032.292779 -0.57373 15.88623 -0.038252 0.024741 1.916625 4.553964 17194.680176 17170.50293 -2220.662842 10692.848511 11926835.273062 15.140381 4.199219 -0.03357 0.021152 2.469005 3.451752
22004.609375 9772.200317 2588.491211 3291.808472 1753628.976332 24.973145 -12.211914 0.233842 0.128504 3.207967 2.693744 16890.793457 10022.421265 -2525.324707 3542.029419 1892323.728062 14.77417 -14.943237 0.356337 0.304651 3.373484 5.104886 23045.158691 13326.679688 3629.040527 6846.287842 6004159.236184 -2.634277 5.08667 -0.009226 0.028249 0.158855 6.409138 15974.003906 14074.360352 -3442.114258 7593.968506 6951650.823182 -35.174561 80.195312 0.093654 0.06645 5.673883 3.948893 25059.599609 16629.351807 5643.481445 10148.959961 13485027.11123 4.477539 19.875488 0.049674 0.029238 11.975369 18.402091 17139.525146 15632.911377 -2276.593018 9152.519531 8895148.95376 90.826416 42.268066 0.000482 0.03189 2.3e-05 4.741096 26071.164551 18168.712158 6655.046387 11688.320312 18090647.413698 -41.699219 10.211182 0.037899 0.025231 13.688766 19.134402 27229.123535 17768.951416 7813.005371 11288.55957 18847463.010123 35.908203 58.227539 0.033532 0.023803 15.157326 17.62736 26876.582031 17659.594727 7460.463867 11179.202881 18063309.816502 86.582031 12.580566 0.038811 0.024328 16.698818 17.798815 18846.756592 16899.833984 -569.361572 10419.442139 10888894.70811 -20.24292 -21.387939 -0.061072 0.027191 2.338494 5.315517 18698.10791 17076.5271 -718.010254 10596.135254 11279362.104379 13.026123 -34.89624 -0.037257 0.024272 1.818265 4.382924 17201.107178 17141.861572 -2215.010986 10661.469727 11857321.039996 6.427002 -28.641357 -0.033276 0.020781 2.426043 3.331649
21970.720215 9797.824707 2557.744141 3299.524536 1742891.725344 -33.88916 25.62439 0.176076 0.144212 1.818788 3.39256 16893.444824 10022.631226 -2519.53125 3524.331055 1876894.710276 2.651367 0.209961 0.366317 0.305033 3.565086 5.117687 23050.258789 13354.841309 3637.282715 6856.541138 6024198.192061 5.100098 28.161621 -0.008952 0.028599 0.149584 6.56923 15988.499756 14037.022705 -3424.476318 7538.722534 6855937.550235 14.49585 -37.337646 0.095895 0.062275 5.94865 3.468261 25085.942383 16702.850342 5672.966309 10204.550171 13631539.092882 26.342773 73.498535 0.050216 0.02958 12.238507 18.834394 17156.439209 15639.528809 -2256.536865 9141.228638 8865401.963078 16.914062 6.617432 0.017261 0.032032 0.030035 4.783396 26151.713867 18225.473633 6738.737793 11727.173462 18293718.444821 80.549316 56.761475 0.038744 0.02542 14.306121 19.421908 27280.178223 17845.186768 7867.202148 11346.886597 19064470.508229 51.054688 76.235352 0.033911 0.024049 15.501653 17.992162 26808.203125 17779.671631 7395.227051 11281.37146 18195872.515023 -68.378906 120.076904 0.038194 0.024728 16.172265 18.387864 18885.749512 16894.6875 -527.226562 10396.387329 10836283.734491 38.99292 -5.146484 -0.054853 0.027119 1.886469 5.287567 18692.125244 17073.085938 -720.85083 10574.785767 11234571.992874 -5.982666 -3.441162 -0.037714 0.024226 1.863118 4.366235 17181.081543 17164.302979 -2231.894531 10666.002808 11874496.909072 -20.025635 22.441406 -0.03419 0.021072 2.561149 3.425573
21970.876465 9820.088501 2538.669434 3317.122803 1744814.618148 0.15625 22.263794 0.176342 0.15786 1.824295 4.065087 16911.365967 10014.185181 -2520.841064 3511.219482 1868330.192597 17.921143 -8.446045 0.433771 0.289677 4.998934 4.615392 23013.581543 13339.327393 3581.374512 6836.361694 5956208.460897 -36.677246 -15.513916 -0.010918 0.028406 0.222462 6.480793 15992.867432 14046.668701 -3439.3396 7543.703003 6873651.187785 4.367676 9.645996 0.09657 0.063354 6.032713 3.589443 25090.935059 16612.132568 5658.728027 10109.16687 13421645.769532 4.992676 -90.717773 0.050319 0.029158 12.288701 18.301537 17143.363037 15647.303467 -2288.843994 9144.337769 8885772.005493 -13.076172 7.774658 0.004289 0.032198 0.001855 4.833332 26228.156738 18213.684082 6795.949707 11710.718384 18332585.748491 76.442871 -11.789551 0.039546 0.025381 14.904594 19.362016 27262.058105 17674.171143 7829.851074 11171.205444 18610239.892401 -18.120117 -171.015625 0.033776 0.023499 15.379003 17.179028 26816.887207 17666.73584 7384.680176 11163.770142 17916326.507309 8.684082 -112.935791 0.038272 0.024352 16.23867 17.833578 18868.911133 16953.529053 -563.295898 10450.563354 10953157.669545 -16.838379 58.841553 -0.057539 0.027938 2.075717 5.611532 18677.976074 17142.531738 -754.230957 10639.56604 11376922.98569 -14.14917 69.445801 -0.038794 0.02516 1.971372 4.709198 17231.289062 17134.705811 -2200.917969 10631.740112 11787793.772076 50.20752 -29.597168 -0.031899 0.020688 2.229331 3.301975
21953.320312 9798.121948 2516.293945 3296.815796 1720072.96113 -17.556152 -21.966553 0.146416 0.144394 1.257655 3.401139 16897.487793 10031.925659 -2539.538574 3530.619507 1891453.0272 -13.878174 17.740479 0.381534 0.321931 3.867439 5.700414 23059.768066 13363.564453 3622.741699 6862.258301 6021484.64059 46.186523 24.237061 -0.008443 0.028708 0.133042 6.61922 16032.513428 14021.635742 -3404.512939 7520.32959 6814606.549478 39.645996 -25.032959 0.102699 0.060555 6.822735 3.279263 25125.727539 16544.781494 5688.701172 10043.475342 13323271.796417 34.79248 -67.351074 0.051036 0.028845 12.641342 17.910877 17138.828125 15627.677002 -2298.198242 9126.37085 8857236.004499 -4.534912 -19.626465 -0.000209 0.031777 4e-06 4.70777 26298.312988 18173.83667 6861.286621 11672.530518 18332522.278059 70.15625 -39.847412 0.040282 0.025248 15.464641 19.16027 27318.964844 17757.355957 7881.938477 11256.049805 18882361.135392 56.906738 83.184814 0.034198 0.023766 15.765826 17.572201 26893.33252 17607.126465 7456.306152 11105.820312 17893574.625102 76.445312 -59.609375 0.038962 0.024154 16.829092 17.544437 18836.195068 17048.365479 -600.831299 10547.059326 11160145.867944 -32.716064 94.836426 -0.062757 0.029257 2.469276 6.153947 18709.318848 17157.912598 -727.70752 10656.606445 11409281.916426 31.342773 15.380859 -0.036402 0.025366 1.735686 4.786912 17231.403809 17136.66748 -2205.622559 10635.361328 11797568.145075 0.114746 1.96167 -0.031894 0.020714 2.228599 3.310096
21953.815918 9769.226685 2504.031982 3286.473389 1707108.350344 0.495605 -28.895264 0.147261 0.126681 1.27221 2.617861 16869.44458 10045.34729 -2580.339355 3562.593994 1935022.715647 -28.043213 13.421631 0.275981 0.346333 2.023556 6.597334 23135.79834 13366.385498 3686.014404 6883.632202 6097109.448314 76.030273 2.821045 -0.004369 0.028743 0.03563 6.635427 16024.899902 14049.229736 -3424.884033 7566.47644 6898139.636447 -7.613525 27.593994 0.101522 0.06364 6.667251 3.621967 25234.086914 16596.420898 5784.302979 10113.667603 13574443.332191 108.359375 51.639404 0.053269 0.029085 13.771586 18.210027 17127.442627 15631.248779 -2322.341309 9148.495483 8908823.876336 -11.385498 3.571777 -0.011504 0.031854 0.013341 4.730498 26310.212402 18261.983643 6860.428467 11779.230347 18581574.630818 11.899414 88.146973 0.040407 0.025542 15.560657 19.60797 27381.308594 17754.676514 7931.524658 11271.923218 18996533.643106 62.34375 -2.679443 0.034661 0.023758 16.195121 17.559468 26849.533691 17665.039062 7399.749756 11182.285767 17979981.141528 -43.798828 57.912598 0.038567 0.024346 16.489523 17.825315 18810.284424 16964.554443 -639.499512 10481.801147 11027711.49204 -25.910645 -83.811035 -0.066889 0.028091 2.805197 5.673306 18755.512695 17107.805176 -694.27124 10625.05188 11337374.000522 46.193848 -50.107422 -0.032875 0.024693 1.415671 4.536078 17180.939941 17132.27417 -2268.843994 10649.520874 11855994.791601 -50.463867 -4.393311 -0.034197 0.020657 2.562118 3.291921
21995.734863 9772.878418 2571.019287 3277.426147 1735166.232675 41.918945 3.651733 0.218715 0.128919 2.806344 2.7112 16886.412354 10048.136597 -2538.303223 3552.684326 1906454.917157 16.967773 2.789307 0.339847 0.351405 3.068478 6.791955 23148.796387 13329.594727 3724.080811 6834.142456 6057428.099313 12.998047 -36.790771 -0.003673 0.028285 0.025177 6.425617 16037.734375 14059.963379 -3386.981201 7564.511108 6869346.996618 12.834473 10.733643 0.103506 0.064841 6.930394 3.759873 25269.208984 16583.635254 5844.493408 10088.182983 13592953.910506 35.12207 -12.785645 0.053993 0.029026 14.14831 18.135728 17115.292969 15622.48291 -2309.422607 9127.03064 8863612.107675 -12.149658 -8.765869 -0.023557 0.031666 0.055939 4.674817 26368.979492 18292.171631 6944.263916 11796.71936 18738538.900217 58.76709 30.187988 0.041024 0.025642 16.039203 19.762484 27414.25293 17982.384033 7989.537354 11486.931763 19578230.844404 32.944336 227.70752 0.034905 0.02449 16.424303 18.658091 26889.003906 17782.182617 7464.28833 11286.730347 18310588.21932 39.470215 117.143555 0.038923 0.024736 16.795378 18.400285 18806.446533 16976.993408 -618.269043 10481.541138 11024496.123069 -3.837891 12.438965 -0.067501 0.028264 2.856774 5.743406 18723.863525 17123.748779 -700.852051 10628.296509 11345188.027582 -31.64917 15.943604 -0.035291 0.024907 1.631411 4.615158 17237.496338 17131.82373 -2187.219238 10636.37146 11791632.583058 56.556396 -0.450439 -0.031616 0.020651 2.189906 3.29006
21980.583496 9777.990723 2531.768799 3296.380615 1727597.841121 -15.151367 5.112305 0.192888 0.132053 2.182708 2.844617 16911.966553 10035.093994 -2536.848145 3553.483887 1906284.624158 25.554199 -13.042603 0.436031 0.327692 5.051173 5.906237 23128.793945 13303.865967 3679.979248 6822.255859 6008542.227683 -20.002441 -25.72876 -0.004745 0.027965 0.042014 6.280894 16043.68042 14028.044434 -3405.134277 7546.434326 6854361.048597 5.946045 -31.918945 0.104425 0.061271 7.05403 3.357337 25305.275879 16564.995117 5856.461182 10083.38501 13597279.082723 36.066895 -18.640137 0.054736 0.028939 14.540459 18.02768 17125.118408 15617.532959 -2323.696289 9135.922852 8886465.07935 9.825439 -4.949951 -0.01381 0.03156 0.019224 4.643521 26441.184082 18330.787354 6992.369385 11849.177246 18929623.102235 72.20459 38.615723 0.041781 0.025771 16.637095 19.961018 27448.012695 17867.644043 7999.197998 11386.033936 19362893.739338 33.759766 -114.73999 0.035156 0.024121 16.660828 18.100337 26792.788086 17837.211914 7343.973389 11355.601807 18288363.75245 -96.21582 55.029297 0.038055 0.024919 16.054727 18.673532 18818.000488 16987.897949 -630.814209 10506.287842 11078001.078095 11.553955 10.904541 -0.065659 0.028416 2.702922 5.805213 18747.03125 17106.665039 -701.783447 10625.054932 11338429.230724 23.167725 -17.08374 -0.033523 0.024678 1.471986 4.530449 17222.600098 17123.602295 -2226.2146 10641.992188 11820802.916232 -14.89624 -8.221436 -0.032295 0.020544 2.28511 3.256192
21975.788574 9760.266724 2549.354248 3289.515381 1732011.852295 -4.794922 -17.723999 0.184715 0.121188 2.00165 2.395772 16908.406982 10083.259888 -2518.027344 3612.508545 1939067.969101 -3.55957 48.165894 0.422633 0.415262 4.745525 9.484742 23158.840332 13271.14624 3732.406006 6800.394897 6017622.535399 30.046387 -32.719727 -0.003135 0.027557 0.01834 6.099229 16052.983398 14081.929932 -3373.450928 7611.178589 6931021.067346 9.302979 53.885498 0.105863 0.067297 7.249661 4.050134 25380.79834 16556.605225 5954.364014 10085.853882 13717889.933306 75.522461 -8.389893 0.056292 0.0289 15.378966 17.979154 17102.630615 15644.888916 -2323.803711 9174.137573 8956486.389974 -22.487793 27.355957 -0.036118 0.032147 0.131501 4.817796 26463.374023 18275.41748 7036.939697 11804.666138 18886866.29254 22.189941 -55.369873 0.042014 0.025586 16.823038 19.676655 27425.532227 18026.943359 7999.0979 11556.192017 19753114.11446 -22.480469 159.299316 0.034989 0.024633 16.503139 18.876976 26942.053223 17718.833008 7515.618896 11248.081665 18300386.854058 149.265137 -118.378906 0.039402 0.024525 17.210884 18.088216 18800.41748 16970.098877 -626.016846 10499.347534 11062819.573459 -17.583008 -17.799072 -0.068463 0.028168 2.938748 5.704499 18737.375488 17062.230225 -689.058838 10591.478882 11265422.698645 -9.655762 -44.434814 -0.03426 0.02408 1.537435 4.313795 17171.712646 17118.830566 -2254.72168 10648.079224 11846536.100561 -50.887451 -4.771729 -0.034618 0.020483 2.625616 3.236615
21966.911621 9772.666626 2533.475342 3305.328369 1734369.293534 -8.876953 12.399902 0.169584 0.128789 1.68714 2.705742 16919.139404 10049.825439 -2514.296875 3582.487183 1915590.318925 10.732422 -33.434448 0.46303 0.354475 5.696056 6.911167 23186.989746 13303.591309 3753.553467 6836.253052 6082351.941577 28.149414 32.445068 -0.001626 0.027961 0.004937 6.279358 16041.706543 14060.024414 -3391.729736 7592.686157 6915271.368643 -11.276855 -21.905518 0.10412 0.064847 7.012866 3.760665 25398.266602 16600.158691 5964.830322 10132.820435 13825325.073267 17.468262 43.553467 0.056652 0.029103 15.576259 18.231776 17085.600586 15607.022705 -2347.835693 9139.684448 8904616.425645 -17.030029 -37.866211 -0.053013 0.031334 0.283292 4.577418 26486.44043 18270.400391 7053.00415 11803.062134 18905714.327951 23.066406 -5.01709 0.042256 0.02557 17.01742 19.650989 27460.317383 18019.659424 8026.881104 11552.321167 19788694.459531 34.785156 -7.283936 0.035247 0.024609 16.747456 18.841108 26930.102539 17790.170898 7496.66626 11322.832642 18440654.404003 -11.950684 71.337891 0.039294 0.024763 17.116838 18.439825 18843.221436 16958.314209 -590.214844 10490.975952 11040892.999034 42.803955 -11.784668 -0.061636 0.028004 2.381873 5.638301 18755.970459 17124.406738 -677.46582 10657.068481 11403206.855591 18.594971 62.176514 -0.03284 0.024916 1.412663 4.618436 17223.591309 17110.718994 -2209.844971 10643.380737 11816496.831377 51.878662 -8.111572 -0.03225 0.020377 2.278712 3.203471
21968.823242 9784.746094 2522.978516 3339.235229 1751591.250819 1.911621 12.079468 0.172842 0.136194 1.752599 3.025828 16920.958252 10043.519897 -2524.886475 3598.009033 1932072.071268 1.818848 -6.305542 0.469876 0.343011 5.865737 6.471364 23170.498047 13287.1521 3724.65332 6841.641235 6068109.714978 -16.491699 -16.439209 -0.00251 0.027756 0.011759 6.187763 16073.239746 14027.841797 -3372.60498 7582.330933 6886620.672601 31.533203 -32.182617 0.108995 0.061249 7.684885 3.354854 25401.765137 16575.262451 5955.92041 10129.751587 13808485.51447 3.498535 -24.89624 0.056724 0.028987 15.615924 18.087155 17155.9375 15642.263184 -2289.907227 9196.752319 8982392.832947 70.336914 35.240479 0.016764 0.03209 0.028328 4.800929 26519.101562 18317.23999 7073.256836 11871.729126 19096891.47077 32.661133 46.8396 0.042599 0.025726 17.294567 19.891254 27515.563965 17946.151123 8069.719238 11500.640259 19738509.494677 55.246582 -73.508301 0.035657 0.024373 17.139176 18.481047 26986.203613 17708.236084 7540.358887 11262.72522 18370599.151558 56.101074 -81.934814 0.0398 0.02449 17.560561 18.036275 18750.476074 16973.577881 -695.368652 10528.067017 11132373.266872 -92.745361 15.263672 -0.076428 0.028217 3.662356 5.724115 18699.813232 17093.527832 -746.031494 10648.016968 11393682.833624 -56.157227 -30.878906 -0.037127 0.024501 1.80558 4.465842 17204.017334 17100.644531 -2241.827393 10655.133667 11855766.351958 -19.573975 -10.074463 -0.033144 0.020247 2.406713 3.162545
21975.583496 9783.656616 2519.110107 3312.093506 1731587.912487 6.760254 -1.089478 0.184366 0.135526 1.994081 2.996225 16933.76709 10031.340942 -2522.706299 3559.777832 1903606.528357 12.808838 -12.178955 0.518087 0.320868 7.131203 5.662829 23181.257324 13301.812744 3724.783936 6830.249634 6052632.542638 10.759277 14.660645 -0.001934 0.027939 0.006978 6.269416 16062.918701 14032.315674 -3393.554688 7560.752563 6868119.274317 -10.321045 4.473877 0.107399 0.061749 7.461544 3.409882 25430.178223 16603.758545 5973.704834 10132.195435 13834653.37679 28.413086 28.496094 0.057309 0.029119 15.939927 18.252735 17109.978027 15602.414551 -2346.495361 9130.85144 8887848.850793 -45.959473 -39.848633 -0.028829 0.031235 0.083782 4.548584 26598.703613 18318.118896 7142.230225 11846.555786 19135233.657528 79.602051 0.878906 0.043434 0.025728 17.979409 19.895777 27514.245605 17936.239014 8057.772217 11464.675903 19636648.666596 -1.318359 -9.912109 0.035647 0.024341 17.129776 18.432761 26838.71582 17838.97583 7382.242432 11367.41272 18371557.526012 -147.487793 130.739746 0.038469 0.024925 16.406186 18.682324 18767.844238 16988.614502 -688.62915 10517.051392 11108258.008036 17.368164 15.036621 -0.073658 0.028426 3.401683 5.809286 18710.023193 17105.064697 -746.450195 10633.501587 11362854.389299 10.209961 11.536865 -0.036348 0.024656 1.730562 4.522554 17192.733154 17105.836182 -2263.740234 10634.273071 11821228.360347 -11.28418 5.19165 -0.033659 0.020314 2.482094 3.183602
21992.165527 9769.902344 2555.43335 3314.414062 1751558.018199 16.582031 -13.754272 0.212631 0.127095 2.652382 2.635008 16938.122559 10027.797852 -2498.609619 3572.30957 1900444.569501 4.355469 -3.543091 0.534481 0.314426 7.589646 5.437738 23199.570312 13302.059326 3762.838135 6846.571045 6103448.590161 18.312988 0.246582 -0.000952 0.027942 0.001693 6.270794 16052.86377 14010.72998 -3383.868408 7555.241699 6853224.253765 -10.054932 -21.585693 0.105845 0.059335 7.247129 3.148513 25452.602539 16655.311279 6015.870361 10199.822998 14022708.539579 22.424316 51.552734 0.057771 0.029359 16.197987 18.554206 17080.272217 15590.316162 -2356.459961 9134.827881 8899798.396043 -29.705811 -12.098389 -0.058298 0.030976 0.342602 4.473319 26645.761719 18359.055176 7209.029541 11903.566895 19366501.173582 47.058105 40.936279 0.043928 0.025865 18.39052 20.10698 27468.012695 18058.647461 8031.280518 11603.15918 19913476.97012 -46.23291 122.408447 0.035304 0.024735 16.801747 19.033491 26862.46582 17932.697754 7425.733643 11477.209473 18686785.740975 23.75 93.721924 0.038684 0.025237 16.589425 19.152446 18750.985107 16960.935059 -685.74707 10505.446777 11083466.103604 -16.859131 -27.679443 -0.076347 0.028041 3.654579 5.65299 18710.506592 17089.534912 -726.225586 10634.046631 11361035.134896 0.483398 -15.529785 -0.036311 0.024447 1.72705 4.446298 17198.271484 17133.768311 -2238.460693 10678.280029 11903637.06598 5.53833 27.932129 -0.033406 0.020676 2.444952 3.298097
22003.874512 9798.050537 2566.875 3347.472534 1779441.963271 11.708984 28.148193 0.23259 0.14435 3.17369 3.399077 16917.076416 10055.941772 -2519.923096 3605.36377 1934866.031891 -21.046143 28.143921 0.455265 0.365595 5.506613 7.351586 23204.365234 13320.046387 3767.365723 6869.468384 6138264.036412 4.794922 17.987061 -0.000695 0.028166 0.000903 6.371716 16057.108154 13993.828125 -3379.891357 7543.250122 6832428.799209 4.244385 -16.901855 0.106501 0.057445 7.337256 2.951132 25425.791016 16623.907471 5988.791504 10173.329468 13936225.613713 -26.811523 -31.403809 0.057219 0.029213 15.889681 18.370268 17114.165039 15608.590088 -2322.834473 9158.012085 8926474.533565 33.892822 18.273926 -0.024676 0.031368 0.061379 4.587245 26572.370605 18347.453613 7135.371094 11896.87561 19244916.99337 -73.391113 -11.601562 0.043158 0.025826 17.751386 20.047011 27515.134277 18040.113525 8078.134766 11589.535522 19957359.491798 47.121582 -18.533936 0.035654 0.024675 17.136112 18.941915 26929.401855 17842.583008 7492.402344 11392.005005 18591387.091191 66.936035 -90.114746 0.039287 0.024937 17.111332 18.70031 18797.852783 17001.5979 -639.146729 10551.019897 11173252.941719 46.867676 40.662842 -0.068872 0.028606 2.97397 5.883334 18725.274658 17109.663086 -711.724854 10659.085083 11412264.707391 14.768066 20.128174 -0.035183 0.024718 1.621467 4.545258 17227.432861 17119.838867 -2209.56665 10669.260864 11871531.21721 29.161377 -13.929443 -0.032075 0.020496 2.254001 3.240747
22035.410156 9798.064575 2595.39917 3363.005981 1804590.608247 31.535645 0.014038 0.286345 0.144359 4.810184 3.399482 16919.750977 10057.896729 -2520.26001 3622.838135 1947666.666754 2.674561 1.954956 0.465332 0.36915 5.752832 7.495225 23221.298828 13357.720947 3781.287842 6922.662354 6222139.18033 16.933594 37.674561 0.000212 0.028635 8.4e-05 6.585712 16061.505127 14046.932373 -3378.505859 7611.873779 6935492.427378 4.396973 53.104248 0.107181 0.063383 7.431212 3.592785 25417.287598 16596.450195 5977.276611 10161.391602 13898171.496864 -8.503418 -27.457275 0.057044 0.029085 15.792519 18.210197 17112.13501 15606.717529 -2327.875977 9171.658936 8953833.419225 -2.030029 -1.872559 -0.02669 0.031328 0.071806 4.575505 26699.082031 18357.297363 7259.071045 11922.23877 19483388.971294 126.711426 9.84375 0.044488 0.025859 18.861954 20.097888 27447.121582 18149.191895 8007.110596 11714.133301 20133473.908029 -68.012695 109.078369 0.035149 0.025026 16.654563 19.484043 27028.291016 17825.865479 7588.280029 11390.806885 18733247.528905 98.88916 -16.717529 0.040179 0.024881 17.897173 18.617027 18814.278564 16979.318848 -625.732422 10544.260254 11157296.536589 16.425781 -22.279053 -0.066252 0.028297 2.752018 5.756559 18716.691895 17091.907959 -723.319092 10656.849365 11409162.890185 -8.582764 -17.755127 -0.035839 0.024479 1.682423 4.457908 17203.57666 17119.887695 -2236.434326 10684.829102 11916721.142488 -23.856201 0.048828 -0.033164 0.020496 2.409635 3.240947
22017.185059 9795.889893 2579.682617 3330.331421 1774586.977844 -18.225098 -2.174683 0.255279 0.143026 3.82307 3.336985 16912.575684 10053.40332 -2524.926758 3587.844849 1924788.579018 -7.175293 -4.493408 0.438324 0.36098 5.104432 7.167148 23211.21582 13360.385742 3773.713379 6894.827271 6177955.575627 -10.083008 2.664795 -0.000328 0.028668 0.000201 6.600982 16080.906982 14057.554932 -3356.595459 7591.99646 6890514.332333 19.401855 10.622559 0.11018 0.064571 7.852932 3.728705 25428.618164 16576.94458 5991.115723 10111.386108 13813359.663537 11.330566 -19.505615 0.057277 0.028995 15.922051 18.096908 17161.945801 15641.669922 -2275.556641 9176.11145 8937917.93711 49.810791 34.952393 0.022724 0.032078 0.052053 4.797122 26617.116699 18346.728516 7179.614258 11881.170044 19270906.250413 -81.965332 -10.568848 0.043627 0.025824 18.139717 20.043265 27515.222168 18145.447998 8077.719727 11679.889526 20166937.532904 68.100586 -3.743896 0.035654 0.025014 17.136739 19.465309 27040.109863 17827.557373 7602.607422 11361.998901 18689465.864582 11.818848 1.691895 0.040286 0.024887 17.992274 18.625447 18790.090332 16982.519531 -647.412109 10516.96106 11102561.236788 -24.188232 3.200684 -0.07011 0.028341 3.081854 5.774687 18717.315674 17096.47583 -720.186768 10630.917358 11353507.286129 0.623779 4.567871 -0.035791 0.024541 1.677955 4.4803 17229.299316 17116.463623 -2208.203125 10650.905151 11831794.158468 25.722656 -3.424072 -0.03199 0.020452 2.242044 3.226926
22042.868652 9773.165283 2596.109619 3320.325928 1776434.942098 25.683594 -22.724609 0.299058 0.129095 5.246807 2.718601 16941.818848 10060.216064 -2504.940186 3607.376709 1928789.205369 29.243164 6.812744 0.548394 0.373366 7.989908 7.667439 23210.578613 13308.918457 3763.81958 6856.079102 6117215.847826 -0.637207 -51.467285 -0.000363 0.028027 0.000245 6.309184 16046.217041 14046.624756 -3400.541992 7593.7854 6922926.254782 -34.689941 -10.930176 0.104817 0.063349 7.107107 3.588886 25499.990234 16582.471924 6053.231201 10129.632568 13925106.394481 71.37207 5.527344 0.058748 0.02902 16.750144 18.128975 17084.197998 15601.282959 -2362.561035 9148.443604 8927571.501154 -77.747803 -40.386963 -0.054404 0.031211 0.298358 4.541518 26689.099121 18347.983398 7242.340088 11895.144043 19394594.175164 71.982422 1.254883 0.044383 0.025828 18.773235 20.049747 27532.363281 18041.708984 8085.604248 11588.869629 19967889.533182 17.141113 -103.739014 0.035782 0.02468 17.259188 18.94979 27006.430664 17798.831787 7559.671631 11345.992432 18588017.942527 -33.679199 -28.725586 0.039982 0.024791 17.721937 18.482743 18766.586914 16974.58374 -680.172119 10521.744385 11116973.901 -23.503418 -7.935791 -0.073859 0.028231 3.420231 5.729793 18702.259521 17096.624756 -744.499512 10643.7854 11384444.717252 -15.056152 0.148926 -0.036941 0.024543 1.787461 4.481031 17194.309082 17132.138672 -2252.449951 10679.299316 11912096.467193 -34.990234 15.675049 -0.033587 0.020655 2.471497 3.291361
22025.695801 9799.396362 2583.114014 3366.762085 1800756.494436 -17.172852 26.231079 0.269786 0.145175 4.269939 3.438042 16933.172607 10069.503784 -2509.40918 3636.869507 1952395.424085 -8.64624 9.28772 0.51585 0.390252 7.069737 8.376667 23232.072754 13328.862305 3789.490967 6896.228027 6191820.279256 21.494141 19.943848 0.000789 0.028276 0.001162 6.421475 16068.100586 14059.471436 -3374.481201 7626.837158 6955576.841481 21.883545 12.84668 0.1082 0.064786 7.573265 3.753497 25533.041992 16598.852539 6090.460205 10166.218262 14044569.925454 33.051758 16.380615 0.059429 0.029097 17.140738 18.224174 17152.071533 15642.989502 -2290.510254 9210.355225 9007708.058674 67.873535 41.706543 0.012928 0.032106 0.016849 4.805592 26675.686035 18389.434814 7233.104248 11956.800537 19528287.614733 -13.413086 41.451416 0.044242 0.025966 18.654362 20.264439 27500.942383 18133.195801 8058.360596 11700.561523 20184031.545413 -31.420898 91.486816 0.035548 0.024974 17.035063 19.404063 27102.348633 17746.472168 7659.766846 11313.837891 18667495.594587 95.917969 -52.359619 0.040847 0.024617 18.497239 18.224042 18780.92041 16978.977051 -661.661377 10546.342773 11166314.167259 14.333496 4.393311 -0.071573 0.028292 3.211776 5.754625 18724.93042 17102.192383 -717.651367 10669.558105 11435449.36508 22.670898 5.567627 -0.03521 0.024617 1.62389 4.508401 17237.294922 17126.361084 -2205.286865 10693.726807 11921908.317304 42.98584 -5.777588 -0.031625 0.02058 2.19118 3.267537
22025.01709 9787.62085 2580.501709 3315.653687 1765254.843903 -0.678711 -11.775513 0.268629 0.137957 4.233396 3.10464 16932.442627 10058.512573 -2512.072754 3586.54541 1917381.750003 -0.72998 -10.991211 0.513102 0.370269 6.994626 7.540762 23228.395996 13292.080078 3783.880615 6820.112915 6083169.268423 -3.676758 -36.782227 0.000592 0.027818 0.000654 6.21515 16072.733154 14071.713867 -3371.782227 7599.746704 6912506.534987 4.632568 12.242432 0.108916 0.066155 7.673846 3.913799 25548.505859 16618.287354 6103.990479 10146.32019 14020651.316853 15.463867 19.434814 0.059747 0.029187 17.32503 18.337447 17126.04248 15616.873779 -2318.4729 9144.906616 8900463.360906 -26.029053 -26.115723 -0.012893 0.031546 0.016757 4.639361 26629.01123 18350.26001 7184.49585 11878.292847 19271082.156454 -46.674805 -39.174805 0.043752 0.025835 18.243651 20.061509 27532.314453 18184.747314 8087.799072 11712.780151 20260171.27076 31.37207 51.551514 0.035781 0.02514 17.258838 19.66241 27160.20752 17724.754639 7715.692139 11252.787476 18615713.114947 57.858887 -21.717529 0.041369 0.024545 18.972936 18.117274 18817.576904 16964.946289 -626.938477 10492.979126 11049566.279157 36.656494 -14.030762 -0.065726 0.028097 2.708487 5.675508 18746.499023 17106.080322 -698.016357 10634.113159 11357158.951747 21.568604 3.887939 -0.033563 0.02467 1.475556 4.527564 17206.817627 17119.830322 -2237.697754 10647.863159 11838428.109445 -30.477295 -6.530762 -0.033016 0.020495 2.388187 3.240712
]