alphapose_11-08-20_Colby_4KDepth.alligator_in_orange_flowers.0000000004 [ 21337.006836 9868.719482 3132.888184 3219.572144 2018063.315845 0.0 0.0 16169.400635 9991.358643 -2034.718018 3342.211304 1531045.380971 0.0 0.0 23030.81543 14065.013428 4826.696777 7415.866089 7829207.162843 0.0 0.0 14883.197021 14306.171875 -3320.921631 7657.024536 6965854.522525 0.0 0.0 23936.318359 18208.010254 5732.199707 11558.862915 16646542.536995 0.0 0.0 12761.900635 17563.768311 -5442.218018 10914.620972 14874668.790628 0.0 0.0 22765.57373 21375.966797 4561.455078 14726.819458 23768608.377851 0.0 0.0 25137.258301 21797.060547 6933.139648 15147.913208 27752769.994207 0.0 0.0 26670.0 20878.930664 8465.881348 14229.783325 27415788.04746 0.0 0.0 11145.159912 18622.453613 -7058.95874 11973.306274 19318896.163725 0.0 0.0 10453.753662 18670.969238 -7750.36499 12021.821899 20459235.926308 0.0 0.0 10132.763062 18172.745361 -8071.355591 11523.598022 19794009.245673 0.0 0.0
21377.539062 9892.021484 3124.711914 3291.885986 2060033.789287 40.532227 23.302002 16202.194824 10012.185059 -2050.632324 3412.049561 1584717.513276 32.794189 20.826416 23043.461914 14080.913086 4790.634766 7480.777588 7891221.47771 12.646484 15.899658 14937.094727 14196.835938 -3315.732422 7596.700439 6870393.906026 53.897705 -109.335938 23987.724609 18243.009033 5734.897461 11642.873535 16844555.304311 51.40625 34.998779 12777.750244 17542.391357 -5475.076904 10942.255859 14970943.039999 15.849609 -21.376953 22878.979492 21430.668945 4626.152344 14830.533447 24134600.783805 113.405762 54.702148 25265.007324 21789.375 7012.180176 15189.239502 27988366.746531 127.749023 -7.685547 26765.380859 20838.417969 8512.553711 14238.282471 27519225.839713 95.380859 -40.512695 11156.713867 18669.840088 -7096.113281 12069.70459 19603259.258643 11.553955 47.386475 10497.412109 18710.004883 -7755.415039 12109.869385 20679539.89442 43.658447 39.035645 10041.968384 18204.49585 -8210.858765 11604.360352 20207938.082192 -90.794678 31.750488
21397.226562 9908.652344 3113.125 3339.205933 2084184.352605 19.6875 16.630859 16212.145996 10036.149292 -2071.955566 3466.702881 1631102.873332 9.951172 23.964233 23056.447754 14095.290527 4772.346191 7525.844116 7941361.783214 12.98584 14.377441 14866.573486 14302.426758 -3417.528076 7732.980347 7147848.319356 -70.52124 105.59082 24038.659668 18272.520752 5754.558105 11703.074341 17007688.801598 50.935059 29.511719 12840.5896 17426.516113 -5443.511963 10857.069702 14750778.500744 62.839355 -115.875244 23059.494629 21501.04248 4775.393066 14931.596069 24575694.011649 180.515137 70.373535 25127.426758 21757.902832 6843.325195 15188.456421 27752030.817833 -137.580566 -31.472168 26806.782227 20966.599121 8522.680664 14397.15271 27991409.185552 41.401367 128.181152 11132.258301 18706.68457 -7151.843262 12137.238159 19846141.217284 -24.455566 36.844482 10454.039307 18673.614502 -7830.062256 12104.168091 20782076.010147 -43.372803 -36.390381 10046.878662 18249.492188 -8237.2229 11680.045776 20427531.044875 4.910278 44.996338
21410.805664 9932.936401 3049.859619 3333.892212 2041648.097713 13.579102 24.284058 16238.029785 10021.887817 -2122.91626 3422.843628 1622263.194724 25.883789 -14.261475 23075.610352 14117.698975 4714.664307 7518.654785 7875822.930266 19.162598 22.408447 14945.32959 14185.703125 -3415.616455 7586.658936 6922382.957251 78.756104 -116.723633 24045.849609 18282.779541 5684.903564 11683.735352 16882780.030248 7.189941 10.258789 12819.414062 17539.128418 -5541.531982 10940.084229 15039401.963922 -21.175537 112.612305 22914.162598 21495.532227 4553.216553 14896.488037 24263713.681584 -145.332031 -5.510254 25035.705566 21860.795898 6674.759521 15261.751709 27747347.989633 -91.721191 102.893066 26823.69873 21027.692871 8462.752686 14428.648682 27980408.579494 16.916504 61.09375 11117.454834 18717.032471 -7243.491211 12117.988281 19931380.490744 -14.803467 10.3479 10426.682129 18703.712158 -7934.263916 12104.667969 20947553.052267 -27.357178 30.097656 10025.996094 18265.432129 -8334.949951 11666.387939 20557599.824236 -20.882568 15.939941
21441.088867 9936.30127 3048.417969 3368.953247 2064269.809314 30.283203 3.364868 16229.985352 10010.192871 -2162.685547 3442.844849 1653038.942642 -8.044434 -11.694946 23112.963867 14177.185059 4720.292969 7609.837036 8019078.542733 37.353516 59.486084 14922.385254 14142.907715 -3470.285645 7575.559692 6943198.710749 -22.944336 -42.79541 24070.356445 18299.700928 5677.685547 11732.352905 16988421.786307 24.506836 16.921387 12816.108398 17497.441406 -5576.5625 10930.093384 15056499.069476 -3.305664 -41.687012 22996.35498 21582.700195 4603.684082 15015.352173 24665470.800191 82.192383 87.167969 24870.869141 21801.711426 6478.198242 15234.363403 27405288.076951 -164.836426 -59.084473 26832.944336 21024.418945 8440.273438 14457.070923 28024511.536813 9.245605 -3.273926 11157.528076 18709.466553 -7235.142822 12142.11853 19977833.406179 40.073242 -7.565918 10505.144043 18687.960205 -7887.526855 12120.612183 20912231.957715 78.461914 -15.751953 10047.84729 18311.278076 -8344.823608 11743.930054 20755597.416174 21.851196 45.845947
21473.500977 9930.789185 3033.330078 3379.562378 2062253.322918 32.412109 -5.512085 16293.481445 10038.471069 -2146.689453 3487.244263 1676914.815586 63.496094 28.278198 23105.646973 14127.198486 4665.476074 7575.97168 7916201.389053 -7.316895 -49.986572 14940.533447 14220.477295 -3499.637451 7669.250488 7106486.534165 18.148193 77.56958 24011.989746 18256.776123 5571.818848 11705.549316 16806505.006992 -58.366699 -42.924805 12827.921143 17492.420654 -5612.249756 10941.193848 15120707.013413 11.812744 -5.020752 23090.002441 21588.068848 4649.831543 15036.842041 24772755.194444 93.647461 5.368652 25089.411621 21813.28125 6649.240723 15262.054443 27714270.80199 218.54248 11.569824 26821.040039 20998.200684 8380.869141 14446.973877 27895402.175365 -11.904297 -26.218262 11228.352051 18706.445312 -7211.818848 12155.218506 19975966.80166 70.823975 -3.02124 10529.519043 18748.570557 -7910.651855 12197.34375 21135360.73341 24.375 60.610352 10064.632568 18270.986328 -8375.53833 11719.759521 20750240.556003 16.785278 -40.291748
21457.587891 9865.489502 2973.549805 3314.976196 1983106.562292 -15.913086 -65.299683 16239.67041 10051.317749 -2244.367676 3500.804443 1729281.801474 -53.811035 12.84668 23079.584961 14077.947998 4595.546875 7527.434692 7778132.412841 -26.062012 -49.250488 14920.020752 14316.00708 -3564.017334 7765.493774 7300511.31174 -20.512695 95.529785 24054.51416 18298.046875 5570.476074 11747.533569 16903474.865612 42.524414 41.270752 12760.646973 17542.141113 -5723.391113 10991.627808 15357308.769677 -67.27417 49.720459 22899.331055 21537.832031 4415.292969 14987.318726 24411453.458219 -190.671387 -50.236816 24886.123047 21854.204102 6402.084961 15303.690796 27518964.382353 -203.288574 40.922852 26761.328125 20905.085449 8277.290039 14354.572144 27456727.181528 -59.711914 -93.115234 11112.125244 18630.302734 -7371.912842 12079.789429 20026641.158905 -116.226807 -76.142578 10244.061279 18588.875732 -8239.976807 12038.362427 21281938.769195 -285.457764 -159.694824 9936.075439 18089.104004 -8547.962646 11538.590698 20620674.070725 -128.557129 -181.882324
21513.566895 9918.812256 3003.48877 3365.039673 2034443.678857 55.979004 53.322754 16284.700928 10023.087158 -2225.377197 3469.314575 1698844.729177 45.030518 -28.230591 23121.525879 14042.672119 4611.447754 7488.899536 7734906.66493 41.940918 -35.275879 15008.917236 14372.110596 -3501.160889 7818.338013 7338453.684912 88.896484 56.103516 23980.263672 18119.000244 5470.185547 11565.227661 16367742.077107 -74.250488 -179.046631 12750.246582 17443.365479 -5759.831543 10889.592896 15175889.283327 -10.400391 -98.775635 22935.820312 21509.345703 4425.742188 14955.57312 24325636.126139 36.489258 -28.486328 24992.414551 21798.000488 6482.336426 15244.227905 27440716.996493 106.291504 -56.203613 26744.401855 20910.898438 8234.32373 14357.125854 27393115.009989 -16.92627 5.812988 11012.385254 18682.773438 -7497.692871 12129.000854 20332806.011752 -99.73999 52.470703 10104.318848 18343.376465 -8405.759277 11789.603882 20965154.871925 -139.742432 -245.499268 9901.97998 18156.934814 -8608.098145 11603.162231 20873272.743512 -34.095459 67.830811
21540.097656 9892.416382 2970.540771 3344.797974 2001178.595947 26.530762 -26.395874 16213.740234 9986.42334 -2355.81665 3438.804932 1737525.144813 -70.960693 -36.663818 23138.886719 14060.112305 4569.329834 7512.493896 7731633.967645 17.36084 17.440186 15108.099365 14329.440918 -3461.45752 7781.82251 7253844.973301 99.182129 -42.669678 23898.432617 18167.224121 5328.875732 11619.605713 16341215.349464 -81.831055 48.223877 12791.975098 17265.134277 -5777.581787 10717.515869 14824559.771202 41.728516 -178.231201 23300.917969 21302.990723 4731.361084 14755.372314 24010678.984517 365.097656 -206.35498 24757.324219 21721.938477 6187.767334 15174.320068 26854845.411654 -235.090332 -76.062012 26521.540527 21007.294922 7951.983643 14459.676514 27231628.873186 -222.861328 96.396484 10946.433105 18430.147705 -7623.123779 11882.529297 19930651.864557 -65.952148 -252.625732 10081.799316 18131.411133 -8487.757568 11583.792725 20622628.242595 -22.519531 -211.965332 10062.953491 17978.612061 -8506.603394 11430.993652 20302991.717516 160.973511 -178.322754
21547.241211 9795.614624 3002.980957 3283.569336 1979972.22122 7.143555 -96.801758 16274.916992 9851.49353 -2269.343262 3339.448242 1630183.340176 61.176758 -134.92981 23072.700195 13882.320557 4528.439941 7370.275269 7482772.583719 -66.186523 -177.791748 15354.226074 14147.839355 -3190.03418 7635.794067 6848166.910705 246.126709 -181.601562 23703.066406 17560.317383 5158.806152 11048.272095 14867759.719657 -195.366211 -606.906738 12856.071777 16894.63501 -5688.188477 10382.589722 14015365.747363 64.09668 -370.499268 22890.070801 20204.914551 4345.810547 13692.869263 20638073.79546 -410.847168 -1098.076172 23706.171875 20652.456055 5161.911621 14140.410767 22659654.82322 -1051.152344 -1069.482422 25812.258301 20280.780029 7267.998047 13768.734741 24240185.198321 -709.282227 -726.514893 11586.872559 17614.344482 -6957.387695 11102.299194 17166629.094344 640.439453 -815.803223 10349.533691 17407.857666 -8194.726562 10895.812378 18587227.080919 267.734375 -723.553467 10384.821777 17609.990234 -8159.438477 11097.944946 18974081.828367 321.868286 -368.621826
21551.201172 9768.843384 2977.406006 3261.481934 1950221.092689 3.959961 -26.77124 16258.009033 9833.485718 -2315.786133 3326.124268 1642596.80563 -16.907959 -18.007812 23075.734863 13877.105713 4501.939697 7369.744263 7458059.153535 3.034668 -5.214844 15473.935547 13959.907227 -3099.859619 7452.545776 6514956.820723 119.709473 -187.932129 23263.608398 16852.199707 4689.813232 10344.838257 12901002.67151 -439.458008 -708.117676 13142.965088 16189.705811 -5430.830078 9682.34436 12324170.76499 286.893311 -704.929199 20853.339844 17889.204102 2279.544678 11381.842651 13474266.607827 -2036.730957 -2315.710449 21266.206055 18746.733398 2692.410889 12239.371948 15705130.208086 -2439.96582 -1905.722656 23451.237793 18640.717773 4877.442627 12133.356323 17100778.224598 -2361.020508 -1640.062256 11918.38623 16973.392334 -6655.408936 10466.030884 15383227.055978 331.513672 -640.952148 10615.927734 16863.858643 -7957.867432 10356.497192 17058468.81554 266.394043 -543.999023 10679.237061 16911.420898 -7894.558105 10404.059448 17056850.068318 294.415283 -698.569336
21611.315918 9810.290527 3004.189453 3355.021362 2028132.261179 60.114746 41.447144 16269.121094 9805.929565 -2338.005371 3350.6604 1669319.423401 11.112061 -27.556152 23016.264648 13886.522217 4409.138184 7431.253052 7466402.144128 -59.470215 9.416504 15652.939453 13826.479492 -2954.187012 7371.210327 6306196.258727 179.003906 -133.427734 22674.614258 16136.630859 4067.487793 9681.361694 11027322.12025 -588.994141 -715.568848 13496.929932 15507.631836 -5110.196533 9052.362671 10805937.853344 353.964844 -682.073975 20815.043945 16782.490234 2207.91748 10327.221069 11152639.46155 -38.295898 -1106.713867 20283.890381 17765.908203 1676.763916 11310.639038 13074209.267993 -982.315674 -980.825195 20976.113281 18141.732178 2368.986816 11686.463013 14218551.62834 -2475.124512 -498.985596 11939.689941 16111.048584 -6667.436523 9655.779419 13768878.59814 21.303711 -862.34375 11092.210693 16151.499023 -7514.915771 9696.229858 15049083.25194 476.282959 -712.359619 11065.19043 16188.087158 -7541.936035 9732.817993 15160854.524645 385.953369 -723.33374
21611.245117 9886.273804 3009.616699 3440.119629 2089221.57374 -0.070801 75.983276 16246.066895 9865.751343 -2355.561523 3419.597168 1724231.488188 -23.054199 59.821777 22932.871094 14181.044922 4331.242676 7734.890747 7858819.798562 -83.393555 294.522705 15565.634766 13881.071777 -3035.993652 7434.917603 6449525.721362 -87.304688 54.592285 21783.669434 15947.739258 3182.041016 9501.585083 10040550.411476 -890.944824 -188.891602 13915.074463 14574.232178 -4686.553955 8128.078003 8802943.999557 418.144531 -933.399658 21104.606934 14634.383545 2502.978516 8188.22937 7331200.166733 289.562988 -2148.106689 19775.317383 16674.069824 1173.688965 10227.915649 10598780.431773 -508.572998 -1091.838379 19826.231689 17142.471924 1224.603271 10696.317749 11591086.65606 -1149.881592 -999.260254 12678.443604 14677.254639 -5923.184814 8231.100464 10283513.319244 738.753662 -1433.793945 11532.441406 15180.98877 -7069.187012 8734.834595 12627074.040389 440.230713 -970.510254 11680.539551 15320.697021 -6921.088867 8874.542847 12665898.184506 615.349121 -867.390137
21602.900391 9898.170776 2980.917969 3383.630981 2033483.055501 -8.344727 11.896973 16179.331055 9848.54187 -2442.651367 3334.002075 1708211.553903 -66.73584 -17.209473 22580.827637 14529.58252 3958.845215 8015.042725 7991336.53124 -352.043457 348.537598 15336.739502 14171.123047 -3285.24292 7656.583252 6941608.813699 -228.895264 290.05127 21041.308594 15134.084473 2419.326172 8619.544678 8014968.957738 -742.36084 -813.654785 13993.383789 13752.988281 -4628.598633 7238.448486 7381906.17929 78.309326 -821.243896 20845.400391 13024.47876 2223.417969 6509.938965 4732289.278975 -259.206543 -1609.904785 19022.392578 14048.88916 400.410156 7534.349365 5692674.865064 -752.924805 -2625.180664 18592.177734 14822.886963 -29.804688 8308.347168 6902952.098289 -1234.053955 -2319.584961 12975.08667 13313.948975 -5646.895752 6799.40918 7811939.682624 296.643066 -1363.305664 12396.340332 13902.658691 -6225.64209 7388.118896 9334292.025942 863.898926 -1278.330078 12482.581787 14239.56665 -6139.400635 7725.026855 9736828.007187 802.042236 -1081.130371
21573.012695 9881.361694 2924.735107 3347.614136 1976059.585041 -29.887695 -16.809082 16230.078125 9798.643188 -2418.199463 3264.89563 1650723.211635 50.74707 -49.898682 22286.047363 14520.758057 3637.769775 7987.010498 7702570.563466 -294.780273 -8.824463 15100.535889 14237.109375 -3547.741699 7703.361816 7192825.443884 -236.203613 65.986328 20644.885254 14568.389893 1996.607666 8034.642334 6854191.960705 -396.42334 -565.69458 14578.321533 13025.463867 -4069.956055 6491.716309 5870692.291835 584.937744 -727.524414 20599.377441 12532.230225 1951.099854 5998.482666 3978858.493288 -246.022949 -492.248535 19146.879883 13109.847412 498.602295 6576.099854 4349369.353191 124.487305 -939.041748 18405.644531 13268.592529 -242.633057 6734.844971 4541700.757958 -186.533203 -1554.294434 13791.572266 11249.0625 -4856.705322 4715.314941 4582178.158397 816.485596 -2064.886475 13720.721436 11640.869141 -4927.556152 5107.121582 5036350.048815 1324.381104 -2261.789551 15579.041748 11892.947998 -3069.23584 5359.200439 3814123.799082 3096.459961 -2346.618652
21571.308594 9913.312378 2873.200684 3316.901245 1925711.603806 -1.704102 31.950684 16199.70459 9796.575928 -2498.40332 3200.164795 1648307.386561 -30.373535 -2.067261 21864.631348 14459.766846 3166.523438 7863.355713 7185923.374769 -421.416016 -60.991211 15116.918945 14072.910156 -3581.188965 7476.499023 6872295.204938 16.383057 -164.199219 20126.043701 13925.970459 1427.935791 7329.559326 5576144.053914 -518.841553 -642.419434 14918.625488 12537.684326 -3779.482422 5941.273193 4958321.453539 340.303955 -487.779541 20730.97168 12384.603271 2032.86377 5788.192139 3763570.333966 131.594238 -147.626953 18871.558838 12796.243896 173.450928 6199.832764 3846801.152183 -275.321045 -313.603516 18072.830811 13020.581055 -625.2771 6424.169922 4166093.063642 -332.813721 -248.011475 14172.723389 10067.335205 -4525.384521 3470.924072 3252641.898272 381.151123 -1181.727295 14659.605713 9822.251587 -4038.502197 3225.840454 2671554.663264 938.884277 -1818.617554 16199.681396 10908.148193 -2498.426514 4311.737061 2483321.152351 620.639648 -984.799805
21601.23291 9906.544189 2859.219971 3273.067627 1888811.053148 29.924316 -6.768188 16297.235107 9471.92688 -2444.777832 2838.450317 1403373.885224 97.530518 -324.649048 21443.496094 14304.42749 2701.483154 7670.950928 6614149.936866 -421.135254 -155.339355 15129.864502 13901.397705 -3612.148438 7267.921143 6587029.406927 12.945557 -171.512451 19803.493652 13420.695801 1061.480713 6787.219238 4719308.629233 -322.550049 -505.274658 15426.218262 11610.426025 -3315.794678 4976.949463 3576452.030106 507.592773 -927.258301 20632.519531 12152.43042 1890.506592 5518.953857 3403286.685398 -98.452148 -232.172852 18220.031738 12680.769043 -521.981201 6047.29248 3684221.071871 -651.5271 -115.474854 17680.231934 12871.84082 -1061.781006 6238.364258 4004456.751756 -392.598877 -148.740234 15745.028076 9048.013916 -2996.984863 2414.537354 1481190.890226 1572.304688 -1019.321289 15516.518555 8487.140503 -3225.494385 1853.66394 1383988.40302 856.912842 -1335.111084 16753.61084 9674.909668 -1988.4021 3041.433105 1320405.824477 553.929443 -1233.238525
21525.180664 9865.890503 2774.949951 3187.371216 1785968.249895 -76.052246 -40.653687 16732.353516 9560.549927 -2017.877197 2882.03064 1237792.899112 435.118408 88.623047 21173.476562 14248.016357 2423.24585 7569.49707 6316940.634512 -270.019531 -56.411133 15104.246826 13404.499512 -3645.983887 6725.980225 5853200.848405 -25.617676 -496.898193 19535.201416 13098.809814 784.970703 6420.290527 4183630.946026 -268.292236 -321.885986 15846.693115 11192.198486 -2903.537598 4513.679199 2880383.049446 420.474854 -418.227539 20035.239258 12199.036865 1285.008545 5520.517578 3212736.129091 -597.280273 46.606445 17891.988525 12701.842041 -858.242188 6023.322754 3701699.665013 -328.043213 21.072998 18382.939453 12710.958252 -367.29126 6032.438965 3652522.273407 702.70752 -160.882568 16352.113037 8713.721924 -2398.117676 2035.202637 989301.81594 607.084961 -334.291992 15810.784912 7560.761719 -2939.445801 882.242432 941869.332392 294.266357 -926.378784 17330.224609 9426.091919 -1420.006104 2747.572632 956557.270124 576.61377 -248.817749
21434.709473 9812.295532 2662.302246 3098.563843 1668895.11373 -90.471191 -53.594971 16557.8479 9384.012451 -2214.559326 2670.280762 1203467.235554 -174.505615 -176.537476 21011.298828 14155.802002 2238.891602 7442.070312 6039704.613974 -162.177734 -92.214355 15143.504639 13162.259521 -3628.902588 6448.527832 5475244.519288 39.257812 -242.23999 19302.462158 12938.065186 530.054932 6224.333496 3902328.570115 -232.739258 -160.744629 16279.865723 10573.748779 -2492.541504 3860.01709 2111249.508258 433.172607 -618.449707 17454.537354 12793.153076 -1317.869873 6079.421387 3869614.539958 -2580.701904 594.116211 17534.438477 12880.05127 -1237.96875 6166.31958 3955606.378963 -357.550049 178.209229 18840.871582 13059.434814 68.464355 6345.703125 4027263.55186 457.932129 348.476562 16804.592285 7799.282837 -1967.814941 1085.551147 505071.693738 452.479248 -914.439087 16410.703125 7047.42981 -2361.704102 333.69812 568900.069871 599.918213 -513.331909 17916.965332 9272.133179 -855.441895 2558.401489 727719.901516 586.740723 -153.95874
21403.964844 9837.879028 2643.62915 3102.334595 1661325.502243 -30.744629 25.583496 16496.689453 9353.184204 -2263.64624 2617.639771 1197613.226907 -61.158447 -30.828247 20803.884277 14116.187744 2043.548584 7380.643311 5864998.649262 -207.414551 -39.614258 15222.141113 13054.041748 -3538.19458 6318.497314 5244222.919925 78.636475 -108.217773 19189.844971 12798.479004 429.509277 6062.93457 3694365.382321 -112.617188 -139.586182 16923.652344 10527.441406 -1836.68335 3791.896973 1775188.837797 643.786621 -46.307373 17583.618164 12686.422119 -1176.717529 5950.877686 3679760.937209 129.080811 -106.730957 17417.999268 12952.947998 -1342.336426 6217.403564 4045797.416325 -116.439209 72.896729 18057.397461 13179.975586 -702.938232 6444.431152 4202481.50359 -783.474121 120.540771 18119.147949 8011.247559 -641.187744 1275.703125 203854.018637 1314.555664 211.964722 16305.161133 6621.94519 -2455.174561 -113.599243 604078.69108 -105.541992 -425.484619 15905.41626 8026.165161 -2854.919434 1290.620728 981626.683466 -2011.549072 -1245.968018
21400.78125 9843.205566 2670.583496 3081.801147 1662951.45221 -3.183594 5.326538 16495.354004 9492.271729 -2234.84375 2730.86731 1245216.284939 -1.335449 139.087524 20697.050781 14021.274414 1966.853027 7259.869995 5657422.317717 -106.833496 -94.91333 15536.085205 12547.293701 -3194.112549 5785.889282 4367886.976077 313.944092 -506.748047 18531.590576 12417.990723 -198.607178 5656.586304 3203641.342238 -658.254395 -380.488281 17252.150879 10488.781738 -1478.046875 3727.377319 1607796.42454 328.498535 -38.659668 20076.05957 11577.312012 1345.861816 4815.907593 2500430.997099 2492.441406 -1109.110107 16934.283447 6964.379272 -1795.914307 202.974854 326650.698796 -483.71582 -5988.568726 16886.569824 11164.586182 -1843.62793 4403.181763 2278697.357846 -1170.827637 -2015.389404 18736.49292 9161.237183 6.295166 2399.832764 575923.692271 617.344971 1149.989624 16898.013916 7016.869507 -1832.183838 255.465088 342216.002696 592.852783 394.924316 16126.711426 8288.374634 -2603.486328 1526.970215 910977.909775 221.295166 262.209473
21435.939941 9839.499512 2683.690186 3173.297729 1727201.1492 35.158691 -3.706055 16549.210205 9177.23877 -2203.039551 2511.036987 1115869.001392 53.856201 -315.032959 20577.683105 14088.203125 1825.43335 7422.001343 5841831.0846 -119.367676 66.928711 15501.230469 12554.968262 -3251.019287 5888.766479 4524669.705515 -34.854736 7.674561 18718.284912 12345.19165 -33.964844 5678.989868 3225207.953332 186.694336 -72.799072 16950.948486 11178.907471 -1801.30127 4512.705688 2360919.889442 -301.202393 690.125732 19889.796143 11453.251953 1137.546387 4787.050171 2420986.112064 -186.263428 -124.060059 18106.279297 11014.348145 -645.970459 4348.146362 1932365.46219 1171.99585 4049.968872 17072.054443 10761.508789 -1680.195312 4095.307007 1959459.576839 185.484619 -403.077393 19081.641846 10242.509766 329.39209 3576.307983 1289847.794097 345.148926 1081.272583 18469.0625 9455.698853 -283.187256 2789.49707 786148.892716 1571.048584 2438.829346 16863.306885 9627.748413 -1888.942871 2961.546631 1233886.361701 736.595459 1339.373779
21420.356445 9804.464111 2654.587402 3125.789795 1681739.611872 -15.583496 -35.0354 16438.62915 9303.00354 -2327.139893 2624.329224 1230268.395364 -110.581055 125.764771 20508.276367 14032.788086 1742.507324 7354.11377 5711932.111017 -69.406738 -55.415039 15696.727295 12689.699707 -3069.041748 6011.025391 4555144.349799 195.496826 134.731445 18567.078857 12138.317871 -198.690186 5459.643555 2984718.553407 -151.206055 -206.873779 17248.586426 11307.775879 -1517.182617 4629.101562 2373042.436984 297.637939 128.868408 19664.671631 11453.909912 898.902588 4775.235596 2361090.085699 -225.124512 0.657959 17693.61084 11619.715576 -1072.158203 4941.04126 2556341.194323 -412.668457 605.367432 17184.484863 11696.029053 -1581.28418 5017.354736 2767430.820708 112.43042 934.520264 19953.947754 11956.204834 1188.178711 5277.530518 2926409.701309 872.305908 1713.695068 19431.5625 12207.96875 665.793457 5529.294434 3101637.78608 962.5 2752.269897 17705.164795 12048.334961 -1060.604248 5369.660645 2995813.68084 841.85791 2420.586548
21467.731934 9817.822266 2680.319824 3134.732056 1701065.942091 47.375488 13.358154 16373.391113 9281.96167 -2414.020996 2598.87146 1258163.023498 -65.238037 -21.04187 20572.290039 14079.486084 1784.87793 7396.395874 5789246.114916 64.013672 46.697998 15795.865479 12724.75708 -2991.546631 6041.66687 4545108.981408 99.138184 35.057373 18506.026611 12336.828613 -281.385498 5653.738403 3204393.573169 -61.052246 198.510742 17135.146484 11549.239502 -1652.265625 4866.149292 2640939.062751 -113.439941 241.463623 17803.105469 11761.663818 -984.306641 5078.573608 2676076.94587 -1861.566162 307.753906 17186.138916 11748.348389 -1601.273193 5065.258179 2822091.625677 -507.471924 128.632812 18008.448486 11992.580566 -778.963623 5309.490356 2879747.217122 823.963623 296.551514 19086.555176 11995.157471 299.143066 5312.067261 2830754.515683 -867.392578 38.952637 19512.666016 11617.55249 725.253906 4934.46228 2487491.122397 81.103516 -590.41626 17810.482178 11511.512451 -976.929932 4828.422241 2426805.343076 105.317383 -536.82251
21510.480957 9843.101196 2726.325684 3192.08374 1762225.033769 42.749023 25.278931 16414.602051 9231.829224 -2369.553223 2580.811768 1227537.185467 41.210938 -50.132446 20622.185059 14056.37085 1838.029785 7405.353394 5821761.237455 49.89502 -23.115234 15742.536621 12840.187988 -3041.618652 6189.170532 4755727.590327 -53.328857 115.430908 18392.425537 12321.571045 -391.729736 5670.553589 3230863.019054 -113.601074 -15.257568 17232.617188 11694.473877 -1551.538086 5043.456421 2784372.310162 97.470703 145.234375 19561.610107 11427.635498 777.454834 4776.618042 2342051.593797 1758.504639 -334.02832 17889.871826 11582.255859 -894.283447 4931.238403 2511685.507443 703.73291 -166.092529 17436.914062 11859.742432 -1347.241211 5208.724976 2894587.475174 -571.534424 -132.838135 19786.896973 11518.131104 1002.741699 4867.113647 2469428.617265 700.341797 -477.026367 19356.104736 11524.887695 571.949463 4873.870239 2408173.729722 -156.561279 -92.664795 17845.714111 12022.310791 -938.441162 5371.293335 2973146.390494 35.231934 510.79834
21545.131836 9883.908691 2742.036133 3256.311035 1812232.371133 34.650879 40.807495 16570.059814 9163.417969 -2233.035889 2535.820312 1141683.393738 155.457764 -68.411255 20672.976074 14186.602783 1869.880371 7559.005127 6063501.111151 50.791016 130.231934 15843.739014 12800.078125 -2959.356689 6172.480469 4685730.715251 101.202393 -40.109863 18758.327637 12399.21875 -44.768066 5771.621094 3331361.422959 365.9021 77.647705 17412.558594 11754.263916 -1390.537109 5126.66626 2821630.039157 179.941406 59.790039 19921.621094 11477.537842 1118.525391 4849.940186 2477301.885286 360.010986 49.902344 18508.40332 12105.545654 -294.692383 5477.947998 3009475.786979 618.531494 523.289795 17542.855225 12056.893311 -1260.240479 5429.295654 3106545.736546 105.941162 197.150879 19134.16626 10250.303955 331.070557 3622.706299 1323360.864104 -652.730713 -1267.827148 18243.856201 9747.137451 -559.239502 3119.539795 1004427.735265 -1112.248535 -1777.750244 17224.061279 10945.830078 -1579.034424 4318.232422 2114048.096097 -621.652832 -1076.480713
21524.294434 9893.763428 2759.509277 3284.539795 1840309.311617 -20.837402 9.854736 16555.336914 9248.68042 -2209.448242 2639.456787 1184839.366592 -14.7229 85.262451 20798.911133 14178.530273 2034.125977 7569.306641 6143207.150834 125.935059 -8.07251 15924.245605 12956.237793 -2840.539551 6347.01416 4835325.368878 80.506592 156.159668 18813.735352 12339.454346 48.950195 5730.230713 3283794.014458 55.407715 -59.764404 17293.306885 11720.410156 -1471.478271 5111.186523 2828947.598082 -119.251709 -33.85376 19890.740967 11555.618896 1125.955811 4946.395264 2573460.259178 -30.880127 78.081055 18108.662109 11430.610352 -656.123047 4821.386719 2367626.734438 -399.741211 -674.935303 17401.356201 11476.936035 -1363.428955 4867.712402 2555356.254748 -141.499023 -579.957275 19200.560303 10799.244385 435.775146 4190.020752 1774617.388009 66.394043 548.94043 18046.711426 9576.640015 -718.07373 2967.416382 932118.986558 -197.144775 -170.497437 17095.894775 10653.127441 -1668.890381 4043.903809 1913835.311648 -128.166504 -292.702637
21520.715332 9866.70166 2718.166504 3220.384521 1775930.560917 -3.579102 -27.061768 16442.242432 9357.172241 -2360.306396 2710.855103 1291978.167225 -113.094482 108.491821 20851.569824 14165.118408 2049.020996 7518.80127 6073085.957314 52.658691 -13.411865 15861.263428 13189.660645 -2941.2854 6543.343506 5146650.404222 -62.982178 233.422852 18593.188477 12470.627441 -209.360352 5824.310303 3396642.225934 -220.546875 131.173096 17355.369873 11736.954346 -1447.178955 5090.637207 2800891.410163 62.062988 16.544189 19051.175537 11554.793701 248.626709 4908.476562 2415495.740503 -839.56543 -0.825195 17671.086426 11898.55957 -1131.462402 5252.242432 2886625.772864 -437.575684 467.949219 17688.95874 12009.967041 -1113.590088 5363.649902 3000882.315876 287.602539 533.031006 19752.850342 12160.847168 950.301514 5514.530029 3131311.44109 552.290039 1361.602783 19738.223877 12095.031738 935.675049 5448.7146 3056397.8585 1691.512451 2518.391724 17950.393066 12139.61792 -852.155762 5493.300781 3090252.291551 854.498291 1486.490479
21535.900879 9855.095215 2714.702148 3229.464722 1779905.01433 15.185547 -11.606445 16464.094238 9436.506958 -2357.104492 2810.876465 1345696.80877 21.851807 79.334717 20925.053711 14242.626953 2103.85498 7616.99646 6244484.08499 73.483887 77.508545 15791.848145 13122.928467 -3029.350586 6497.297974 5139184.593069 -69.415283 -66.732178 18740.133057 12537.701416 -81.065674 5912.070923 3495915.42403 146.94458 67.073975 17465.574951 11729.129639 -1355.623779 5103.499146 2788341.935919 110.205078 -7.824707 18647.844238 11694.954834 -173.354492 5069.324341 2572810.105239 -403.331299 140.161133 17473.657227 11953.17627 -1347.541504 5327.545776 3019861.210404 -197.429199 54.616699 17783.95752 12030.974121 -1037.241211 5405.343628 3029360.906567 94.998779 21.00708 19498.596191 11895.664062 677.397461 5270.033569 2823212.114201 -254.25415 -265.183105 19595.537109 12007.895508 774.338379 5382.265015 2956837.661296 -142.686768 -87.13623 18155.410156 12023.724365 -665.788574 5398.093872 2958269.187724 205.01709 -115.893555
21538.017578 9848.771362 2730.090332 3212.408447 1777296.125311 2.116699 -6.323853 16490.703125 9404.077148 -2317.224121 2767.714233 1302976.970514 26.608887 -32.42981 21022.941895 14326.375732 2215.014648 7690.012817 6404258.70243 97.888184 83.748779 15662.115479 13133.182373 -3145.811768 6496.819458 5210479.474698 -129.732666 10.253906 18698.581543 12731.19751 -109.345703 6094.834595 3715896.521987 -41.551514 193.496094 17241.923828 11702.906494 -1566.003418 5066.543579 2812223.054403 -223.651123 -26.223145 19305.893555 11535.821533 497.966309 4899.458618 2425266.51956 658.049316 -159.133301 18217.873535 11818.206787 -590.053711 5181.843872 2719966.92963 744.216309 -134.969482 17395.683594 12008.051758 -1412.243652 5371.688843 3084947.315716 -388.273926 -22.922363 19473.618164 11673.703613 665.690918 5037.340698 2581794.570843 -24.978027 -221.960449 19440.507812 11971.386719 632.580566 5335.023804 2886263.715916 -155.029297 -36.508789 17647.365723 12264.118652 -1160.561523 5627.755737 3301853.768845 -508.044434 240.394287
21541.008301 9841.647339 2741.955566 3202.459717 1777406.856585 2.990723 -7.124023 16474.700928 9371.678467 -2324.351807 2732.490845 1286911.753755 -16.002197 -32.398682 21103.945312 14332.102051 2304.892578 7692.914429 6449346.220416 81.003418 5.726318 15570.892334 12984.681396 -3228.1604 6345.493774 5068631.081178 -91.223145 -148.500977 18849.827881 12831.94458 50.775146 6192.756958 3835281.685645 151.246338 100.74707 17352.996826 11620.040283 -1446.055908 4980.852661 2689997.092156 111.072998 -82.866211 19026.518555 11547.650146 227.46582 4908.462524 2414474.505299 -279.375 11.828613 17710.643311 11752.528076 -1088.409424 5113.340454 2733088.567343 -507.230225 -65.678711 17518.601074 11981.719971 -1280.45166 5342.532349 3018220.835018 122.91748 -26.331787 19503.415527 11787.713623 704.362793 5148.526001 2700344.692685 29.797363 114.01001 19586.151123 11982.558594 787.098389 5343.370972 2917113.721444 145.643311 11.171875 18006.433105 12176.741943 -792.619629 5537.554321 3129275.373735 359.067383 -87.376709
21555.913086 9852.622681 2752.503662 3220.653687 1794888.657844 14.904785 10.975342 16488.10791 9358.125 -2315.301514 2726.156006 1279254.766749 13.406982 -13.553467 21209.790039 14452.268066 2406.380615 7820.299072 6694774.524505 105.844727 120.166016 15420.656738 12854.345703 -3382.752686 6222.376709 5016098.764009 -150.235596 -130.335693 19035.55542 12996.14624 232.145996 6364.177246 4055664.37832 185.727539 164.20166 17252.5354 11563.17749 -1550.874023 4931.208496 2672202.746852 -100.461426 -56.862793 19211.45874 11378.553467 408.049316 4746.584473 2269656.840068 184.940186 -169.09668 18206.484375 11461.573486 -596.925049 4829.604492 2368139.906488 495.841064 -290.95459 17541.303711 12019.644775 -1262.105713 5387.675781 3061996.115438 22.702637 37.924805 19825.797119 11540.562744 1022.387695 4908.59375 2513956.920207 322.381592 -247.150879 19696.904297 12009.476318 893.494873 5377.507324 2971591.811019 110.753174 26.917725 17996.479492 12297.741699 -806.929932 5665.772705 3275211.626019 -9.953613 120.999756
21535.200195 9864.9823 2769.445801 3237.851562 1815351.278425 -20.712891 12.359619 16451.459961 9319.541626 -2314.294434 2692.410889 1260503.51188 -36.647949 -38.583374 21386.520996 14561.262207 2620.766602 7934.13147 6981885.975877 176.730957 108.994141 15331.394043 12871.645508 -3434.360352 6244.514771 5078879.574347 -89.262695 17.299805 19171.043701 13052.154541 405.289307 6425.023804 4144519.030033 135.488281 56.008301 16990.98877 11360.887451 -1774.765625 4733.756714 2555824.564976 -261.546631 -202.290039 19472.307129 11259.158936 706.552734 4632.028198 2195490.199576 260.848389 -119.394531 18506.352539 11302.105713 -259.401855 4674.974976 2192268.034498 299.868164 -159.467773 17471.096191 11969.713135 -1294.658203 5342.582397 3021932.653658 -70.20752 -49.931641 19786.025391 11199.609375 1020.270996 4572.478638 2194851.379765 -39.771729 -340.953369 19555.578613 11586.269531 789.824219 4959.138794 2521687.987414 -141.325684 -423.206787 17735.201416 12094.921875 -1030.552979 5467.791138 3095877.936699 -261.278076 -202.819824
21545.029297 9856.833496 2767.808838 3247.441406 1820664.145013 9.829102 -8.148804 16473.277588 9248.237305 -2303.942871 2638.845215 1227165.682117 21.817627 -71.304321 21685.678711 14603.132324 2908.458252 7993.740234 7235901.233802 299.157715 41.870117 15077.398682 12907.288818 -3699.821777 6297.896729 5335218.438715 -253.995361 35.643311 19368.897705 13172.252197 591.677246 6562.860107 4342121.475313 197.854004 120.097656 16788.133545 10965.128174 -1989.086914 4355.736084 2292890.358502 -202.855225 -395.759277 19182.235107 11118.001709 405.014648 4508.609619 2049159.756326 -290.072021 -141.157227 18381.333008 11163.292236 -395.887451 4553.900146 2089473.341815 -125.019531 -138.813477 17352.854004 12184.222412 -1424.366455 5574.830322 3310755.29204 -118.242188 214.509277 19582.619629 11027.382812 805.39917 4417.990723 2016730.984839 -203.405762 -172.226562 19038.033447 11097.415771 260.812988 4488.023682 2021037.998182 -517.545166 -488.85376 17354.438477 11724.372559 -1422.781982 5114.980469 2818733.37652 -380.762939 -370.549316
21605.749512 9835.222168 2832.443848 3263.774414 1867496.157601 60.720215 -21.611328 16486.601562 9192.95166 -2286.704102 2621.503906 1210129.837859 13.323975 -55.285645 21952.832031 14549.415283 3179.526367 7977.967529 7375735.381816 267.15332 -53.717041 14856.304932 13001.419678 -3917.000732 6429.971924 5668743.367901 -221.09375 94.130859 19600.137939 13259.842529 826.832275 6688.394775 4541827.62831 231.240234 87.590332 16597.177734 10620.394287 -2176.12793 4048.946533 2112950.07951 -190.955811 -344.733887 18945.820312 11209.266357 172.514648 4637.818604 2153912.270304 -236.414795 91.264648 17534.284668 11446.893311 -1239.020996 4875.445557 2530514.240453 -847.04834 283.601074 17103.529053 12217.923584 -1669.776611 5646.47583 3467084.323139 -249.324951 33.701172 18971.591797 10856.787109 198.286133 4285.339355 1840345.0782 -611.027832 -170.595703 18975.968018 10948.216553 202.662354 4376.768799 1919717.714793 -62.06543 -149.199219 18262.119141 11027.15332 -511.186523 4455.705566 2011462.375625 907.680664 -697.219238
21540.57373 9840.018921 2789.448242 3288.545532 1859555.321337 -65.175781 4.796753 16563.532715 9235.578003 -2187.592773 2684.104614 1198997.972268 76.931152 42.626343 22331.723633 14538.728027 3580.598145 7987.254639 7661691.973561 378.891602 -10.687256 14691.566162 12919.783936 -4059.559326 6368.310547 5703540.114415 -164.73877 -81.635742 19851.049805 13481.213379 1099.924316 6929.73999 4923112.983408 250.911865 221.37085 16380.178223 10076.638184 -2370.947266 3525.164795 1804817.776773 -216.999512 -543.756104 18801.407471 11584.451904 50.281982 5032.978516 2533340.10165 -144.412842 375.185547 17138.242188 12376.072998 -1612.883301 5824.599609 3652735.315147 -396.04248 929.179688 17288.54248 13382.722168 -1462.583008 6831.248779 4880510.893939 185.013428 1164.798584 18623.725586 10325.556641 -127.399902 3774.083252 1425993.512779 -347.866211 -531.230469 18494.821777 10098.208618 -256.303711 3546.735229 1264502.238036 -481.14624 -850.007935 17590.717773 9962.132568 -1160.407715 3410.65918 1297914.210466 -671.401367 -1065.020752
21595.925293 9870.153198 2850.241699 3279.44519 1887863.8501 55.351562 30.134277 16576.82251 9533.0896 -2168.861084 2942.381592 1336156.783337 13.289795 297.511597 22574.450684 14566.081543 3828.76709 7975.373535 7826604.045354 242.727051 27.353516 14623.858643 12755.557861 -4121.824951 6164.849854 5499481.464449 -67.70752 -164.226074 20375.244141 13761.412354 1629.560547 7170.704346 5407446.838942 524.194336 280.198975 16264.436035 9662.501221 -2481.247559 3071.793213 1559250.298979 -115.742188 -414.136963 17881.990967 12902.584229 -863.692627 6311.876221 4058574.637933 -919.416504 1318.132324 17072.967529 13477.233887 -1672.716064 6886.525879 5022221.771313 -65.274658 1101.160889 17878.07251 14688.439941 -867.611084 8097.731934 6632601.14614 589.530029 1305.717773 18587.79541 9939.613647 -157.888184 3348.90564 1124009.766179 -35.930176 -385.942993 18435.153809 9424.958496 -310.529785 2834.250488 812940.457779 -59.667969 -673.250122 17537.17041 9411.224976 -1208.513184 2820.516968 941582.008042 -53.547363 -550.907593
21532.521973 9797.564697 2796.608887 3238.959351 1831187.894002 -63.40332 -72.588501 16761.436768 9266.221924 -1974.476318 2707.616577 1122974.426061 184.614258 -266.867676 22677.297363 14444.412842 3941.384277 7885.807495 7772046.987174 102.84668 -121.668701 14755.124512 12552.463379 -3980.788574 5993.858032 5177301.178312 131.265869 -203.094482 20775.234375 13887.310791 2039.321289 7328.705444 5786875.480986 399.990234 125.898438 16042.053223 9499.921875 -2693.859863 2941.316528 1590822.388277 -222.382812 -162.579346 17944.702148 13212.480469 -791.210938 6653.875122 4490006.888773 62.711182 309.89624 17412.012939 13811.363525 -1323.900146 7252.758179 5435521.279672 339.04541 334.129639 18484.393311 15183.841553 -251.519775 8625.236206 7445796.180765 606.320801 495.401611 18057.008057 9137.024536 -678.905029 2578.419189 710915.755534 -530.787354 -802.589111 18119.185791 8330.960693 -616.727295 1772.355347 352159.603121 -315.968018 -1093.997803 17313.863525 8721.080322 -1422.049561 2162.474976 669852.297269 -223.306885 -690.144653
21605.336914 9885.776978 2908.688965 3317.657471 1946732.258712 72.814941 88.21228 16638.585205 9547.735596 -2058.062744 2979.616089 1311373.429586 -122.851562 281.513672 22750.734863 14392.414551 4054.086914 7824.295044 7765521.364148 73.4375 -51.998291 14519.802246 12524.055176 -4176.845703 5955.935669 5291920.972033 -235.322266 -28.408203 20707.854004 13781.563721 2011.206055 7213.444214 5607872.722099 -67.380371 -105.74707 16062.762451 9138.578491 -2633.885498 2570.458984 1354461.220718 20.709229 -361.343384 17835.831299 13577.431641 -860.81665 7009.312134 4987146.189447 -108.87085 364.951172 17432.167969 14234.958496 -1264.47998 7666.838989 6037932.970821 20.155029 423.594971 18626.61377 15422.86377 -70.03418 8854.744263 7841140.074406 142.220459 239.022217 18124.396973 8876.520996 -572.250977 2308.401489 565618.861578 67.388916 -260.50354 18212.781982 8367.883301 -483.865967 1799.763794 347327.598782 93.596191 36.922607 17369.118652 8192.229614 -1327.529297 1624.110107 440006.767509 55.255127 -528.850708
21472.06543 9824.707642 2730.015869 3260.107422 1808128.704792 -133.271484 -61.069336 16523.417969 9261.26709 -2218.631592 2696.66687 1219433.834851 -115.167236 -286.468506 22830.827637 14411.887207 4088.778076 7847.286987 7829801.921731 80.092773 19.472656 14453.029785 12407.316895 -4289.019775 5842.716675 5253302.877573 -66.772461 -116.738281 20912.307129 13821.237793 2170.257568 7256.637573 5736880.678241 204.453125 39.674072 15940.396729 8937.470703 -2801.652832 2372.870483 1347977.292221 -122.365723 -201.107788 18096.268311 13534.222412 -645.78125 6969.622192 4899266.692741 260.437012 -43.209229 17531.898193 14280.430908 -1210.151367 7715.830688 6099850.954474 99.730225 45.472412 18688.310547 15334.855957 -53.739014 8770.255737 7692027.357932 61.696777 -88.007812 17867.236328 8538.164062 -874.813232 1973.563843 466025.243312 -257.160645 -338.356934 18195.063477 7965.418701 -546.986084 1400.818481 226148.619403 -17.718506 -402.4646 17299.127197 8179.393921 -1442.922363 1614.793701 468958.36438 -69.991455 -12.835693
21572.04834 9890.475464 2908.326416 3283.977661 1924287.182091 99.98291 65.767822 16551.064453 9165.502319 -2112.657471 2559.004517 1101182.57045 27.646484 -95.764771 22819.787598 14431.638184 4156.065674 7825.140381 7850570.386533 -11.040039 19.750977 14377.434082 12423.262939 -4286.287842 5816.765137 5220702.011848 -75.595703 15.946045 20848.068848 13729.925537 2184.346924 7123.427734 5551459.41705 -64.238281 -91.312256 15894.870605 8784.943237 -2768.851318 2178.445435 1241216.213458 -45.526123 -152.527466 17884.54834 13349.017334 -779.173584 6742.519531 4606868.110327 -211.719971 -185.205078 17499.587402 14075.275879 -1164.134521 7468.778076 5713785.513522 -32.310791 -205.155029 18648.974609 15217.65625 -14.747314 8611.158447 7415226.72872 -39.335938 -117.199707 17993.94043 8195.731812 -669.781494 1589.234009 297427.198459 126.704102 -342.432251 18247.510986 7475.146484 -416.210938 868.648682 92778.207661 52.44751 -490.272217 17627.37915 8281.484985 -1036.342773 1674.987183 387958.840599 328.251953 102.091064
21575.942383 9836.821289 2868.48877 3219.480591 1859328.30956 3.894043 -53.654175 16663.02002 9263.7323 -2044.433594 2646.391602 1118309.722807 111.955566 98.22998 22830.60791 14475.068359 4123.154297 7857.727661 7874428.535237 10.820312 43.430176 14378.039551 12331.096191 -4329.414062 5713.755493 5139082.796024 0.605469 -92.166748 20903.491211 13586.014404 2196.037598 6968.673706 5338499.435178 55.422363 -143.911133 15984.597168 8692.188721 -2722.856445 2074.848022 1171894.153809 89.726562 -92.754517 18091.138916 13072.802734 -616.314697 6455.462036 4205283.390602 206.590576 -276.2146 17454.915771 13746.700439 -1252.537842 7129.359741 5239662.136473 -44.671631 -328.575439 18451.379395 14970.198975 -256.074219 8352.858276 6983581.539058 -197.595215 -247.457275 18085.494385 7876.925049 -621.959229 1259.584351 197338.601818 91.553955 -318.806763 18277.698975 7960.26062 -429.754639 1342.919922 198812.296603 30.187988 485.114136 17325.240479 8577.993164 -1382.213135 1960.652466 575467.124165 -302.138672 296.508179
21501.437988 9794.619751 2767.890625 3212.979126 1798445.337592 -74.504395 -42.201538 16640.170898 9310.971069 -2093.376465 2729.330444 1183146.969794 -22.849121 47.23877 22862.351074 14436.612549 4128.803711 7854.971924 7874760.400758 31.743164 -38.455811 14607.648926 12329.110107 -4125.898438 5747.469482 5005644.336794 229.609375 -1.986084 20901.555176 13394.438477 2168.007812 6812.797852 5111447.244132 -1.936035 -191.575928 15899.063721 8750.167236 -2834.483643 2168.526611 1273680.518408 -85.533447 57.978516 17779.729004 13007.618408 -953.818359 6425.977783 4220295.99329 -311.409912 -65.184326 17371.616211 13501.395264 -1361.931152 6919.754639 4973786.072315 -83.299561 -245.305176 18618.553467 14565.114746 -114.993896 7983.474121 6374908.26384 167.174072 -405.084229 17951.036377 9177.822266 -782.510986 2596.181641 735248.255484 -134.458008 1300.897217 18014.204102 8967.96814 -719.343262 2386.327515 621201.373535 -263.494873 1007.70752 16908.223877 9154.876099 -1825.323486 2573.235474 995334.66325 -417.016602 576.882935
21596.208496 9868.459473 2908.55957 3330.117798 1954940.332162 94.770508 73.839722 16804.648438 9126.5625 -1883.000488 2588.220825 1024457.787884 164.477539 -184.408569 22782.253418 14529.65332 4094.604492 7991.311646 8062684.776307 -80.097656 93.040771 14577.401123 12350.004883 -4110.247803 5811.663208 5066956.624319 -30.247803 20.894775 20885.249023 13283.00415 2197.600098 6744.662476 5031991.80988 -16.306152 -111.434326 15921.175537 8920.747681 -2766.473389 2382.406006 1332923.338698 22.111816 170.580444 17875.274658 12532.711182 -812.374268 5994.369507 3659241.773511 95.545654 -474.907227 17350.655518 12959.187012 -1336.993408 6420.845337 4301480.621415 -20.960693 -542.208252 18354.268799 14025.159912 -333.380127 7486.818237 5616358.962749 -264.284668 -539.954834 17823.392334 9456.209717 -864.256592 2917.868042 926089.336694 -127.644043 278.387451 17799.445801 9602.201538 -888.203125 3063.859863 1017614.205309 -214.758301 634.233398 16446.031494 9313.823853 -2241.617432 2775.482178 1272815.002876 -462.192383 158.947754
21499.956055 9764.833374 2738.80249 3197.423096 1772455.353345 -96.252441 -103.626099 17056.091309 8755.745239 -1705.062256 2188.334961 769604.719762 251.442871 -370.817261 22774.223633 14361.416016 4013.070068 7794.005737 7685125.68067 -8.029785 -168.237305 14616.348877 12394.476318 -4144.804688 5827.06604 5113410.45325 38.947754 44.471436 20582.741699 12996.160889 1821.588135 6428.75061 4464701.774281 -302.507324 -286.843262 16152.696533 8930.046997 -2608.457031 2362.636719 1238610.034866 231.520996 9.299316 18003.874512 11889.980469 -757.279053 5322.57019 2890322.499576 128.599854 -642.730713 17142.403564 12730.317383 -1618.75 6162.907104 4060177.55411 -208.251953 -228.869629 18087.316895 13381.5625 -673.83667 6814.152222 4688672.635795 -266.951904 -643.597412 18059.226074 10336.63208 -701.92749 3769.221802 1469973.519239 235.83374 880.422363 17819.874268 10338.786621 -941.279297 3771.376343 1510928.623356 20.428467 736.585083 16783.71582 10184.943848 -1977.437744 3617.533569 1699680.915722 337.684326 871.119995
21532.854004 9731.265869 2833.165283 3162.815552 1803022.773639 32.897949 -33.567505 17108.200684 8998.553467 -1591.488037 2430.103149 843823.548905 52.109375 242.808228 22678.398438 14375.002441 3978.709717 7806.552124 7677238.707563 -95.825195 13.586426 14721.259766 12374.770508 -3978.428955 5806.32019 4954125.11044 104.910889 -19.705811 20331.777344 12661.234131 1632.088623 6092.783813 3978572.787124 -250.964355 -334.926758 16251.004639 9379.237061 -2448.684082 2810.786743 1389657.584914 98.308105 449.190063 17588.553467 11533.220215 -1111.135254 4964.769897 2588356.168721 -415.321045 -356.760254 16881.051025 12051.191406 -1818.637695 5482.741089 3336789.291436 -261.352539 -679.125977 17729.822998 12683.571777 -969.865723 6115.12146 3833534.999006 -357.493896 -697.990723 18280.651855 10156.054077 -419.036865 3587.60376 1304649.263151 221.425781 -180.578003 17987.479248 10444.472656 -712.209473 3876.022339 1553079.150434 167.60498 105.686035 16979.456787 10458.69751 -1720.231934 3890.247192 1809322.11232 195.740967 273.753662
21554.663086 9774.124146 2834.508057 3193.478394 1823274.017326 21.809082 42.858276 16771.381836 9441.946411 -1948.773193 2861.300659 1198475.842138 -336.818848 443.392944 22535.737305 14354.349365 3815.582275 7773.703613 7498913.596742 -142.661133 -20.653076 14740.505371 12551.395264 -3979.649658 5970.749512 5148746.113373 19.245605 176.624756 19969.353027 12413.222656 1249.197998 5832.576904 3557944.898286 -362.424316 -248.011475 16453.375244 9925.926514 -2266.779785 3345.280762 1632919.396912 202.370605 546.689453 18104.362793 10623.953857 -615.792236 4043.308105 1672754.051407 515.809326 -909.266357 16914.539795 11044.830322 -1805.615234 4464.18457 2318919.025242 33.48877 -1006.361084 17261.260986 12260.983887 -1458.894043 5680.338135 3439461.315388 -468.562012 -422.587891 18125.682373 10090.921631 -594.472656 3510.275879 1267543.448506 -154.969482 -65.132446 18111.647949 10322.515869 -608.50708 3741.870117 1437187.284041 124.168701 -121.956787 17974.492188 11163.358154 -745.662842 4582.712402 2155726.603623 995.0354 704.660645
21572.412109 9745.52063 2854.396973 3152.659912 1808684.659893 17.749023 -28.603516 16668.044434 9385.802002 -2049.970703 2792.941284 1200290.090055 -103.337402 -56.144409 22526.621094 14323.887939 3808.605957 7731.027222 7427426.123829 -9.116211 -30.461426 14880.898438 12650.546875 -3837.116699 6057.686157 5141902.614288 140.393066 99.151611 20118.824463 12430.639648 1400.809326 5837.778931 3604192.96116 149.471436 17.416992 16403.050537 10398.684082 -2314.9646 3805.823364 1984335.257738 -50.324707 472.757568 18323.450928 10724.703369 -394.564209 4131.842651 1722780.461067 219.088135 100.749512 17035.987549 11115.766602 -1682.027588 4522.905884 2328589.444004 121.447754 70.936279 17501.884766 12432.602539 -1216.130371 5839.741821 3558155.761881 240.623779 171.618652 18263.024902 10326.655273 -454.990234 3733.794556 1414823.789728 137.342529 235.733643 18443.312988 10664.468994 -274.702148 4071.608276 1665345.522654 331.665039 341.953125 18449.290771 11606.108398 -268.724365 5013.247681 2520486.509215 474.798584 442.750244
21528.015137 9729.851074 2820.795898 3134.300537 1778072.935757 -44.396973 -15.669556 16605.372314 9365.315552 -2101.846924 2769.765015 1208935.872758 -62.672119 -20.48645 22555.405273 14314.91333 3848.186035 7719.362793 7439709.769064 28.78418 -8.974609 14859.022217 12780.028076 -3848.197021 6184.477539 5305638.274733 -21.876221 129.481201 20118.69751 12523.69873 1411.478271 5928.148193 3713521.19133 -0.126953 93.059082 16362.17041 10436.824951 -2345.048828 3841.274414 2025464.313042 -40.880127 38.140869 18339.400635 10800.839844 -367.818604 4205.289307 1781974.867764 15.949707 76.136475 17037.44873 11274.908447 -1669.770508 4679.35791 2468452.40001 1.461182 159.141846 17638.59375 12516.604004 -1068.625488 5921.053467 3620083.459087 136.708984 84.001465 18226.738281 10409.903564 -480.480957 3814.353027 1478015.096728 -36.286621 83.248291 18349.881592 10706.519775 -357.337646 4110.969238 1702775.827169 -93.431396 42.050781 18398.349609 11525.919189 -308.869629 4930.368652 2440393.549567 -50.941162 -80.189209
21546.38916 9765.454712 2831.020508 3200.518799 1825799.769731 18.374023 35.603638 16519.456787 9322.304688 -2195.911865 2757.368774 1242511.147799 -85.915527 -43.010864 22597.312012 14361.19873 3881.943359 7796.262817 7585119.81631 41.906738 46.2854 14938.342285 13022.039795 -3777.026367 6457.103882 5596011.871925 79.320068 242.011719 20274.47876 12634.488525 1559.110107 6069.552612 3927029.32406 155.78125 110.789795 16460.330811 10623.4375 -2255.037842 4058.501587 2155663.079892 98.1604 186.612549 18303.168945 10878.24585 -412.199707 4313.309937 1877455.120699 -36.231689 77.406006 17017.434082 11360.495605 -1697.93457 4795.559692 2588037.456827 -20.014648 85.587158 17759.606934 12687.521973 -955.761719 6122.58606 3839954.051987 121.013184 170.917969 18374.916992 10639.099121 -340.45166 4074.163208 1671471.317839 148.178711 229.195557 18502.496338 10649.160156 -212.872314 4084.224243 1672620.229071 152.614746 -57.359619 18256.866455 11308.339844 -458.502197 4743.403931 2271010.511434 -141.483154 -217.579346
21547.39502 9750.087891 2837.797852 3172.399292 1811721.391417 1.005859 -15.366821 16473.341064 9404.103394 -2236.256104 2826.414795 1298946.195346 -46.115723 81.798706 22601.433105 14338.829346 3891.835938 7761.140747 7538169.266025 4.121094 -22.369385 14981.61377 12847.724609 -3727.983398 6270.036011 5321121.179503 43.271484 -174.315186 20201.425781 12659.193115 1491.828613 6081.504517 3921024.979685 -73.052979 24.70459 16286.590576 10759.91333 -2423.006592 4182.224731 2336196.46482 -173.740234 136.47583 18415.681152 10897.651367 -293.916016 4319.962769 1874846.494594 112.512207 19.405518 17049.276123 11522.648926 -1660.321045 4944.960327 2720929.860928 31.842041 162.15332 17616.278076 12662.443848 -1093.319092 6084.755249 3821959.307701 -143.328857 -25.078125 18250.773926 10602.315674 -458.823242 4024.627075 1640814.186197 -124.143066 -36.783447 18354.406738 10914.951172 -355.19043 4337.262573 1893800.687059 -148.0896 265.791016 18411.208496 11759.736328 -298.388672 5182.047729 2694265.447024 154.342041 451.396484
21535.812988 9717.18811 2833.562012 3146.901855 1793206.496221 -11.582031 -32.89978 16422.762451 9320.254517 -2279.488525 2749.968262 1275839.337785 -50.578613 -83.848877 22639.990234 14322.827148 3937.739258 7752.540894 7560768.076876 38.557129 -16.002197 14859.624023 13103.084717 -3842.626953 6532.798462 5744323.764487 -121.989746 255.360107 20213.624268 12684.772949 1511.373291 6114.486694 3967119.676001 12.198486 25.579834 16253.120117 10814.119873 -2449.130859 4243.833618 2400836.5745 -33.470459 54.206543 18319.165039 10952.834473 -383.085938 4382.548218 1935348.371662 -96.516113 55.183105 17113.305664 11751.45752 -1588.945312 5181.171265 2936928.287973 64.029541 228.808594 17724.0625 12734.128418 -978.188477 6163.842163 3894980.290712 107.784424 71.68457 18139.205322 10569.906006 -563.045654 3999.619751 1631397.856122 -111.568604 -32.409668 18401.889648 10962.056885 -300.361328 4391.77063 1937786.619293 47.48291 47.105713 18181.977539 11924.471436 -520.273438 5354.185181 2893798.339861 -229.230957 164.735107
21524.299316 9725.107422 2846.524658 3166.226196 1812769.095583 -11.513672 7.919312 16409.30542 9337.241821 -2268.469238 2778.360596 1286524.028478 -13.457031 16.987305 22601.616211 14434.328613 3923.841553 7875.447388 7741920.408732 -38.374023 111.501465 14898.986816 13073.530273 -3778.787842 6514.649048 5671988.976999 39.362793 -29.554443 20224.213867 12728.078613 1546.439209 6169.197388 4045047.063543 10.5896 43.305664 16241.134033 10794.772949 -2436.640625 4235.891724 2387999.622974 -11.986084 -19.346924 18279.79248 10953.474121 -397.982178 4394.592896 1947083.653104 -39.372559 0.639648 17104.345703 11796.097412 -1573.428955 5237.216187 2990411.206106 -8.959961 44.639893 17676.901855 12762.764893 -1000.872803 6203.883667 3948991.892083 -47.160645 28.636475 18159.493408 10622.265625 -518.28125 4063.384399 1677970.82315 20.288086 52.359619 18471.78833 11024.031982 -205.986328 4465.150757 1998000.164865 69.898682 61.975098 18093.95752 12054.602051 -583.817139 5495.720825 3054378.983989 -88.02002 130.130615
21509.194336 9704.815063 2827.43042 3168.485718 1803366.452323 -15.10498 -20.292358 16419.007568 9331.110229 -2262.756348 2794.780884 1293086.647725 9.702148 -6.131592 22640.20752 14433.369141 3958.443604 7897.039795 7803251.328479 38.591309 -0.959473 14774.838867 13092.701416 -3906.925049 6556.37207 5825007.806153 -124.147949 19.171143 20199.613037 12820.184326 1517.849121 6283.85498 4179069.936997 -24.60083 92.105713 16283.793945 10840.777588 -2397.969971 4304.448242 2427853.465007 42.659912 46.004639 18193.325195 11016.108398 -488.438721 4479.779053 2030699.27452 -86.467285 62.634277 17068.895264 11845.166016 -1612.868652 5308.83667 3078509.207762 -35.450439 49.068604 17613.657227 12805.908203 -1068.106689 6269.578857 4044847.094949 -63.244629 43.143311 18103.259277 10689.729004 -578.504639 4153.399658 1758539.633773 -56.234131 67.463379 18240.722656 11038.424072 -441.04126 4502.094727 2046337.431976 -231.065674 14.39209 17990.238037 12066.204834 -691.525879 5529.875488 3105773.095709 -103.719482 11.602783
21523.586426 9750.963135 2858.834229 3182.121582 1829883.090896 14.39209 46.148071 16322.247314 9380.74646 -2342.504883 2811.904907 1339413.833329 -96.760254 49.63623 22672.802734 14441.530762 4008.050537 7872.689209 7804370.448928 32.595215 8.161621 14763.094482 13086.19873 -3901.657715 6517.357178 5769887.750597 -11.744385 -6.502686 20308.548584 12862.696533 1643.796387 6293.85498 4231467.707616 108.935547 42.512207 16279.971924 11030.887451 -2384.780273 4462.045898 2559703.055234 -3.822021 190.109863 18269.438477 11146.143799 -395.313721 4577.302246 2110796.878987 76.113281 130.0354 17106.558838 11945.36377 -1558.193359 5376.522217 3133495.769291 37.663574 100.197754 17788.17749 13016.346436 -876.574707 6447.504883 4233870.24309 174.520264 210.438232 18191.740723 10834.353027 -473.011475 4265.511475 1841832.799514 88.481445 144.624023 18310.495605 11142.930908 -354.256592 4574.089355 2104779.116464 69.772949 104.506836 18080.217285 12158.046875 -584.534912 5589.205322 3158089.719792 89.979248 91.842041
21518.969727 9765.267334 2857.830811 3211.013184 1847780.260692 -4.616699 14.304199 16321.412354 9382.844849 -2339.726562 2828.590698 1347524.572545 -0.834961 2.098389 22745.158691 14507.635498 4084.019775 7953.381348 7993549.238703 72.355957 66.104736 14722.82959 13132.62207 -3938.309326 6578.36792 5878520.483847 -40.264893 46.42334 20392.37915 12961.78833 1731.240234 6407.53418 4405368.701298 83.830566 99.091797 16223.452148 11077.655029 -2437.686768 4523.400879 2640347.228812 -56.519775 46.767578 18078.851318 11311.132812 -582.287598 4756.878662 2296695.345242 -190.587158 164.989014 16983.647461 12026.328125 -1677.491455 5472.073975 3275757.116546 -122.911377 80.964355 17756.988525 13124.238281 -904.150391 6569.984131 4398217.940861 -31.188965 107.891846 17865.994873 10723.790283 -795.144043 4169.536133 1801728.56119 -325.74585 -110.562744 17990.648193 11212.180176 -670.490723 4657.926025 2214583.266718 -319.847412 69.249268 17286.842041 12239.902344 -1374.296875 5685.648193 3421528.727929 -793.375244 81.855469
21501.777344 9767.15271 2834.263916 3186.472168 1818665.682287 -17.192383 1.885376 16225.574951 9410.716553 -2441.938477 2830.036011 1397216.734541 -95.837402 27.871704 22865.539551 14601.364746 4198.026123 8020.684204 8195479.843171 120.380859 93.729248 14423.1604 13140.394287 -4244.353027 6559.713745 6104437.70386 -299.669189 7.772217 20385.566406 13145.638428 1718.052979 6564.957886 4605037.807855 -6.812744 183.850098 16201.945801 11121.375732 -2465.567627 4540.69519 2669693.653547 -21.506348 43.720703 18044.250488 11489.0979 -623.262939 4908.417358 2448101.765592 -34.60083 177.965088 16922.629395 12263.103027 -1744.884033 5682.422485 3533454.559136 -61.018066 236.774902 17655.146484 13451.223145 -1012.366943 6870.542603 4822924.248131 -101.842041 326.984863 18241.072998 11369.602051 -426.44043 4788.921509 2311562.065741 375.078125 645.811768 18692.331543 11818.140869 24.818115 5237.460327 2743160.66173 701.68335 605.960693 17720.487061 12527.294922 -947.026367 5946.61438 3625908.152318 433.64502 287.392578
21460.195312 9742.600098 2787.930908 3175.264893 1785486.588695 -41.582031 -24.552612 16218.265381 9460.697632 -2453.999023 2893.362427 1439365.733961 -7.30957 49.981079 22949.63623 14556.329346 4277.371826 7988.994141 8211993.711827 84.09668 -45.0354 14392.568359 13208.001709 -4279.696045 6640.666504 6241424.985302 -30.592041 67.607422 20438.364258 13363.186035 1766.099854 6795.85083 4930269.719726 52.797852 217.547607 16076.094971 11021.2854 -2596.169434 4453.950195 2657776.807025 -125.85083 -100.090332 17818.170166 11863.218994 -854.094238 5295.883789 2877586.207512 -226.080322 374.121094 16975.960693 12605.258789 -1696.303711 6037.923584 3933396.748578 53.331299 342.155762 17712.508545 13832.698975 -959.755859 7265.36377 5370664.201322 57.362061 381.47583 18026.550293 11433.775635 -645.714111 4866.44043 2409918.916927 -214.522705 64.173584 18147.178955 11872.88208 -525.085449 5305.546875 2842454.23718 -545.152588 54.741211 17490.377197 12450.213623 -1181.887207 5882.878418 3600511.585075 -230.109863 -77.081299
21439.123535 9721.598511 2778.980713 3173.269653 1779237.40953 -21.071777 -21.001587 16238.795166 9415.554199 -2421.347656 2867.225342 1408390.563307 20.529785 -45.143433 23024.135742 14474.910889 4363.99292 7926.582031 8187513.690326 74.499512 -81.418457 14272.991943 13252.96875 -4387.150879 6704.639893 6419928.892344 -119.576416 44.967041 20329.797363 13559.608154 1669.654541 7011.279297 5194578.366512 -108.566895 196.422119 16032.156982 10787.575684 -2627.98584 4239.246826 2487752.322763 -43.937988 -233.709717 18472.912598 12639.193115 -187.230225 6090.864258 3713368.256411 654.742432 775.974121 17166.580811 13756.209717 -1493.562012 7207.880859 5418427.396579 190.620117 1150.950928 18164.924316 14264.904785 -495.218506 7716.575928 5979078.541704 452.415771 432.205811 18168.919678 11878.743896 -491.223145 5330.415039 2865462.466639 142.369385 444.968262 18189.73877 12553.707275 -470.404053 6005.378418 3628584.991583 42.559814 680.825195 16985.460205 12913.905029 -1674.682617 6365.576172 4332512.186825 -504.916992 463.691406
21509.707031 9852.333374 2895.233154 3357.406616 1965455.420432 70.583496 130.734863 16222.120361 9376.265869 -2392.353516 2881.339111 1402547.041819 -16.674805 -39.28833 23140.280762 14512.670898 4525.806885 8017.744141 8476714.906272 116.14502 37.76001 14279.141846 13294.63501 -4335.332031 6799.708252 6503113.613286 6.149902 41.66626 20561.68457 13908.200684 1947.210693 7413.273926 5874825.9783 231.887207 348.592529 15646.791992 10437.286377 -2967.681885 3942.359619 2434933.51358 -385.36499 -350.289307 17625.34668 14003.413086 -989.127197 7508.486328 5735573.955201 -847.565918 1364.219971 17440.561523 14249.287109 -1173.912354 7754.360352 6150817.467562 273.980713 493.077393 18517.644043 15254.766846 -96.829834 8759.840088 7674417.438217 352.719727 989.862061 18321.827393 11083.259277 -292.646484 4588.33252 2113843.727461 152.907715 -795.484619 18307.692871 12657.491455 -306.781006 6162.564697 3807131.823354 117.954102 103.78418 16868.596191 12803.64624 -1745.877686 6308.719482 4284803.040078 -116.864014 -110.258789
21503.339844 9843.391113 2887.663574 3346.07605 1953482.584895 -6.367188 -8.942261 16259.147949 9449.922485 -2356.52832 2952.607422 1427111.631215 37.027588 73.656616 23141.70166 14427.315674 4526.025391 7930.00061 8336981.551676 1.420898 -85.355225 14296.356201 13198.470459 -4319.320068 6701.155396 6356200.948768 17.214355 -96.164551 20882.446289 14585.349121 2266.77002 8088.034058 7055454.123862 320.761719 677.148438 15540.946045 10027.557373 -3074.730225 3530.24231 2191657.671841 -105.845947 -409.729004 17821.848145 14836.252441 -793.828125 8338.937378 7016803.968507 196.501465 832.839355 17744.359131 15604.32251 -871.317139 9107.007446 8369677.818291 303.797607 1355.0354 19051.013184 16456.118164 435.336914 9958.803101 9936727.742499 533.369141 1201.351318 18277.15332 11178.046875 -338.522949 4680.731812 2202384.807856 -44.674072 94.787598 18119.287109 11878.015137 -496.38916 5380.700073 2919833.547651 -188.405762 -779.476318 16681.933594 11932.767334 -1933.742676 5435.452271 3328350.212111 -186.662598 -870.878906
21298.835449 9788.379517 2666.030273 3286.115723 1790627.396157 -204.504395 -55.011597 16174.440918 9462.25647 -2458.364258 2959.992676 1480511.146477 -84.707031 12.333984 23201.242676 14388.504639 4568.4375 7886.240845 8306341.585244 59.541016 -38.811035 14514.881592 13026.456299 -4117.923584 6524.192505 5952238.24843 218.525391 -172.01416 21029.929199 15278.045654 2397.124023 8775.78186 8276055.084422 147.48291 692.696533 15257.20459 9839.666748 -3375.600586 3337.402954 2253293.779383 -283.741455 -187.890625 18101.236572 16134.394531 -531.568604 9632.130737 9306050.772077 279.388428 1298.14209 18174.151611 17037.384033 -458.653564 10535.120239 11119912.154781 429.79248 1433.061523 19662.788086 17438.397217 1029.98291 10936.133423 12065987.903762 611.774902 982.279053 18006.634521 10832.55127 -626.170654 4330.287476 1914347.930952 -270.518799 -345.495605 17932.821045 10936.120605 -699.984131 4433.856812 2014906.400855 -186.466064 -941.894531 16591.120605 11227.036133 -2041.68457 4724.772339 2649194.953878 -90.812988 -705.731201
21507.077637 9848.441772 2904.556885 3374.176636 1982151.866603 208.242188 60.062256 16300.427246 9274.064941 -2302.093506 2799.799805 1313851.345605 125.986328 -188.191528 23138.14209 14310.146484 4535.621338 7835.881348 8197289.741528 -63.100586 -78.358154 14115.495605 13057.056885 -4487.025146 6582.791748 6346654.186334 -399.385986 30.600586 21188.444824 15807.269287 2585.924072 9333.00415 9379196.977873 158.515625 529.223633 15255.998535 9733.573608 -3346.522217 3259.308472 2182230.266108 -1.206055 -106.09314 18284.825439 16721.064453 -317.695312 10246.799316 10509782.654229 183.588867 586.669922 18403.718262 18259.605713 -198.80249 11785.340576 13893377.492649 229.56665 1222.22168 19772.440186 18476.884766 1169.919434 12002.619629 14543158.943731 109.6521 1038.487549 17949.748535 10006.229248 -652.772217 3531.964111 1290088.205073 -56.885986 -826.322021 17868.616943 10159.008789 -733.903809 3684.743652 1411595.058376 -64.204102 -777.111816 16441.782227 10246.44043 -2160.738525 3772.175293 1889809.741599 -149.338379 -980.595703
21527.875977 9890.628052 2911.611328 3403.467407 2006107.091812 20.79834 42.186279 16357.530518 9488.236084 -2258.734131 3001.075439 1410833.36672 57.103271 214.171143 23079.724121 14304.003906 4463.459473 7816.843262 8102550.904232 -58.417969 -6.142578 14161.821289 12838.198242 -4454.443359 6351.037598 6017774.420872 46.325684 -218.858643 21462.285156 15995.168457 2846.020508 9508.007812 9850204.529345 273.840332 187.89917 15127.949219 9224.963379 -3488.31543 2737.802734 1966390.834935 -128.049316 -508.610229 18660.371094 17387.507324 44.106445 10900.34668 11881950.311589 375.545654 666.442871 18481.75415 18585.334473 -134.510498 12098.173828 14638390.304961 78.035889 325.72876 19924.370117 18866.103516 1308.105469 12378.942871 15494936.652318 151.929932 389.21875 17728.453369 8803.956299 -887.811279 2316.795654 615575.097142 -221.295166 -1202.272949 17698.90625 9048.314209 -917.358398 2561.153564 740105.401189 -169.710693 -1110.69458 16276.602783 9455.391235 -2339.661865 2968.230591 1428441.048391 -165.179443 -791.049194
21480.026855 9927.822266 2933.104248 3358.905029 1988534.352575 -47.849121 37.194214 16260.554199 9665.162964 -2286.368408 3096.245728 1481421.810333 -96.976318 176.92688 23056.821289 14336.05957 4509.898682 7767.142334 8066768.615504 -22.902832 32.055664 14084.111328 12705.894775 -4462.811279 6136.977539 5757917.782958 -77.709961 -132.303467 21396.408691 16200.776367 2849.486084 9631.859131 10089228.125954 -65.876465 205.60791 14966.488037 9128.297119 -3580.43457 2559.379883 1936993.709683 -161.461182 -96.66626 18783.986816 17498.363037 237.064209 10929.445801 11950898.49514 123.615723 110.855713 18475.339355 18678.757324 -71.583252 12109.840088 14665335.111624 -6.414795 93.422852 19911.04248 19059.663086 1364.119873 12490.74585 15787955.490758 -13.327637 193.55957 17470.856934 8208.97583 -1076.065674 1640.058594 384770.952532 -257.596436 -594.980469 17498.259277 8160.167847 -1048.66333 1591.25061 363177.328479 -200.646973 -888.146362 16187.362061 8971.589355 -2359.560547 2402.672119 1134035.928646 -89.240723 -483.80188
21535.568848 9942.807617 2916.239014 3399.89624 2006374.442922 55.541992 14.985352 16308.87207 9573.344727 -2310.457764 3030.43335 1452174.136414 48.317871 -91.818237 23056.882324 14351.259766 4437.55249 7808.348389 8066217.666246 0.061035 15.200195 13892.658691 12658.258057 -4726.671143 6115.34668 5973888.510285 -191.452637 -47.636719 21329.477539 16234.517822 2710.147705 9691.606445 10127213.607416 -66.931152 33.741455 14984.122314 9004.535522 -3635.20752 2461.624146 1927432.71438 17.634277 -123.761597 18634.406738 17478.972168 15.076904 10936.060791 11959765.293783 -149.580078 -19.390869 18481.973877 18635.264893 -137.355957 12092.353516 14624388.020578 6.634521 -43.492432 19851.158447 18972.250977 1231.828613 12429.3396 15600588.461492 -59.884033 -87.412109 17311.104736 7426.330566 -1308.225098 883.419189 249188.237043 -159.752197 -782.645264 17269.516602 7305.536499 -1349.813232 762.625122 240359.283923 -228.742676 -854.631348 16032.486572 8559.442749 -2586.843262 2016.531372 1075815.683524 -154.875488 -412.146606
21535.495605 9977.041626 2913.143311 3440.12146 2032083.960707 -0.073242 34.234009 16209.70459 9467.823486 -2412.647705 2930.90332 1441106.322184 -99.16748 -105.52124 23020.34668 14334.530029 4397.994385 7797.609863 8014507.418837 -36.535645 -16.729736 13819.138184 12511.998291 -4803.214111 5975.078125 5877242.439912 -73.520508 -146.259766 21368.586426 16081.90918 2746.234131 9544.989014 9864861.717261 39.108887 -152.608643 15005.52124 8752.655029 -3616.831055 2215.734863 1799094.786251 21.398926 -251.880493 18568.353271 17240.534668 -53.999023 10703.614502 11457027.930095 -66.053467 -238.4375 18401.907959 18509.523926 -220.444336 11972.60376 14339183.64936 -80.065918 -125.740967 19739.545898 18864.945068 1117.193604 12328.024902 15322831.954054 -111.612549 -107.305908 17178.677979 7140.526733 -1443.674316 603.606567 244853.642004 -132.426758 -285.803833 17102.791748 6667.612305 -1519.560547 130.692139 232614.469073 -166.724854 -637.924194 16215.452881 7983.629761 -2406.899414 1446.709595 788613.344089 182.966309 -575.812988
21549.206543 9965.522461 2958.800049 3430.638428 2052377.775079 13.710938 -11.519165 16230.395508 9423.955078 -2360.010986 2889.071045 1391638.33582 20.690918 -43.868408 23011.931152 14362.161865 4421.524658 7827.277832 8081615.856291 -8.415527 27.631836 13811.962891 12432.747803 -4778.443604 5897.86377 5761832.031593 -7.175293 -79.250488 21262.873535 16003.348389 2672.467041 9468.464355 9679389.73361 -105.712891 -78.560791 15003.308105 8634.576416 -3587.098389 2099.692383 1727598.295245 -2.213135 -118.078613 18537.015381 16996.795654 -53.391113 10461.911621 10945444.537855 -31.337891 -243.739014 18272.779541 18182.607422 -317.626953 11647.723389 13577034.702037 -129.128418 -326.916504 19577.5354 18529.79248 987.128906 11994.908447 14485225.213584 -162.010498 -335.152588 16994.840088 6939.259033 -1595.566406 404.375 270935.129738 -183.837891 -201.2677 16810.581055 6128.930054 -1779.825439 -405.953979 333257.722839 -292.210693 -538.682251 16092.385254 7713.234253 -2498.02124 1178.35022 762861.935699 -123.067627 -270.395508
21528.449707 9982.594604 2932.91626 3455.118408 2053984.10015 -20.756836 17.072144 16258.83667 9395.302124 -2336.696777 2867.825928 1368457.738103 28.441162 -28.652954 23000.656738 14392.27417 4405.123291 7864.797974 8126015.837511 -11.274414 30.112305 13798.538818 12501.704102 -4796.994629 5974.227905 5870255.65339 -13.424072 68.956299 21255.888672 15887.86499 2660.355225 9360.388794 9469436.829492 -6.984863 -115.483398 15043.503418 8593.262939 -3552.030029 2065.786743 1688439.219726 40.195312 -41.313477 18501.972656 16689.675293 -93.560791 10162.199097 10327904.410217 -35.042725 -307.120361 18195.478516 17831.578369 -400.054932 11304.102173 12794276.98826 -77.301025 -351.029053 19509.669189 18285.79834 914.135742 11758.322144 13909378.378675 -67.866211 -243.994141 16958.757324 6865.578003 -1636.776123 338.101807 279334.890863 -36.082764 -73.68103 16860.837402 6014.61792 -1734.696045 -512.858276 327219.397991 50.256348 -114.312134 16235.279541 7634.526978 -2360.253906 1107.050781 679635.993423 142.894287 -78.707275
21564.384766 9956.568604 3000.372314 3414.907837 2066382.955995 35.935059 -26.026001 16284.378662 9444.200439 -2279.633789 2902.539673 1362146.676471 25.541992 48.898315 22980.3125 14309.49585 4416.300049 7767.835083 7984296.799809 -20.344238 -82.77832 13799.931641 12535.960693 -4764.080811 5994.299927 5862809.758135 1.392822 34.256592 21272.409668 15793.312988 2708.397217 9251.652222 9292848.431486 16.520996 -94.552002 15141.156006 8618.322754 -3422.856445 2076.661987 1602847.125473 97.652588 25.059814 18410.213623 16373.770752 -153.798828 9832.109985 9669404.084358 -91.759033 -315.904541 18146.801758 17578.679199 -417.210693 11037.018433 12198984.064458 -48.676758 -252.89917 19424.035645 18199.176025 860.023193 11657.515259 13663730.190202 -85.633545 -86.622314 16912.227783 6566.659546 -1651.784668 24.998779 272901.75283 -46.529541 -298.918457 16817.275391 5516.702271 -1746.737061 -1024.958496 410163.02774 -43.562012 -497.915649 16114.373779 6438.651123 -2449.638672 -103.009644 601134.060941 -120.905762 -1195.875854
21517.629395 9979.852905 2957.469482 3458.778076 2070977.151966 -46.755371 23.284302 16273.280029 9417.473755 -2286.879883 2896.398926 1361894.633568 -11.098633 -26.726685 22964.421387 14336.315918 4404.261475 7815.241089 8047551.241385 -15.891113 26.820068 13894.503174 12668.71582 -4665.656738 6147.640991 5956184.255629 94.571533 132.755127 21151.254883 15808.078613 2591.094971 9287.003784 9296221.243457 -121.154785 14.765625 15223.190918 8694.432373 -3336.968994 2173.357544 1585884.508168 82.034912 76.109619 18403.55957 16356.791992 -156.600342 9835.717163 9676585.577927 -6.654053 -16.97876 18027.4646 17566.350098 -532.695312 11045.275269 12228187.005411 -119.337158 -12.329102 19261.61499 18161.112061 701.455078 11640.037231 13598250.597606 -162.420654 -38.063965 16979.820557 6624.785156 -1580.339355 103.710327 250822.83104 67.592773 58.12561 16697.785645 5234.240112 -1862.374268 -1286.834717 512438.150089 -119.489746 -282.462158 16117.133789 6245.321655 -2443.026123 -275.753174 604441.645077 2.76001 -193.329468
21501.481934 9908.696289 2978.674316 3382.476196 2031364.590168 -16.147461 -71.156616 16331.641846 9460.776367 -2191.165771 2934.556274 1341282.796583 58.361816 43.302612 22970.385742 14288.824463 4447.578125 7762.60437 8003897.778494 5.964355 -47.491455 14072.648926 12694.260254 -4450.158691 6168.040161 5784863.180805 178.145752 25.544434 21212.495117 15846.12793 2689.6875 9319.907837 9409510.093623 61.240234 38.049316 15537.293701 8757.576294 -2985.513916 2231.356201 1389224.383923 314.102783 63.143921 18383.737793 16386.542969 -139.069824 9860.322876 9724530.763451 -19.821777 29.750977 18046.734619 17676.380615 -476.072998 11150.160522 12455272.517612 19.27002 110.030518 19320.184326 18174.604492 797.376709 11648.384399 13632066.873254 58.569336 13.492432 17129.70459 6432.233887 -1393.103027 -93.986206 194956.945172 149.884033 -192.55127 16931.105957 5403.187256 -1591.70166 -1123.032837 379471.692773 233.320312 168.947144 16554.941406 6213.026123 -1967.866211 -313.19397 397058.788682 437.807617 -32.295532
21479.501953 9895.928345 2990.167236 3336.834717 2007556.602843 -21.97998 -12.767944 16531.260986 9409.451904 -1958.07373 2850.358276 1195859.503761 199.619141 -51.324463 22939.694824 14290.351562 4450.360107 7731.257935 7957805.433659 -30.690918 1.5271 14162.235107 12759.676514 -4327.099609 6200.582886 5717101.915241 89.586182 65.41626 21221.945801 15941.964111 2732.611084 9382.870483 9550542.184454 9.450684 95.836182 15859.929199 8733.162842 -2629.405518 2174.069214 1164035.032256 322.635498 -24.413452 18459.404297 16620.098877 -29.93042 10061.005249 10122472.245091 75.666504 233.555908 18191.169434 17937.69165 -298.165283 11378.598022 12956139.549286 144.434814 261.311035 19534.060059 18432.572021 1044.725342 11873.478394 14207094.0202 213.875732 257.967529 17269.93042 6545.946045 -1219.404297 -13.147583 148711.969818 140.22583 113.712158 17045.849609 5650.111084 -1443.485107 -908.982544 290989.852055 114.743652 246.923828 17253.623047 7663.570557 -1235.71167 1104.476929 274685.261724 698.681641 1450.544434
21425.17334 9859.660034 3017.93457 3318.205566 2011841.725162 -54.328613 -36.268311 16518.225098 9394.607544 -1889.013672 2853.153076 1170885.51286 -13.035889 -14.84436 22927.756348 14277.336426 4520.517578 7735.881958 8027894.884237 -11.938477 -13.015137 14376.219482 12717.364502 -4031.019287 6175.910034 5439098.124333 213.984375 -42.312012 21248.830566 16184.036865 2841.591797 9642.582397 10105403.923189 26.884766 242.072754 16264.904785 8663.748779 -2142.333984 2122.294312 909372.804533 404.975586 -69.414062 18512.805176 17098.812256 105.566406 10557.357788 11146894.773179 53.400879 478.713379 18372.254639 18780.964355 -34.984131 12239.509888 14980682.61804 181.085205 843.272705 19895.228271 18962.177734 1487.989502 12420.723267 15648847.922342 361.168213 529.605713 17828.222656 6922.720947 -579.016113 381.266479 48062.378782 558.292236 376.774902 17398.681641 6010.83252 -1008.557129 -530.621948 129874.713422 352.832031 360.721436 17587.572021 7298.720703 -819.666748 757.266235 124530.572906 333.948975 -364.849854
21378.076172 9800.435791 2995.97168 3255.170898 1957198.388352 -47.097168 -59.224243 16638.265381 9437.592773 -1743.839111 2892.327881 1140653.541659 120.040283 42.985229 22911.796875 14311.801758 4529.692383 7766.536865 8083720.796195 -15.959473 34.465332 14491.25 12719.639893 -3890.854492 6174.375 5326165.532 115.030518 2.275391 21135.20752 16639.42749 2753.103027 10094.162598 10947169.482709 -113.623047 455.390625 16540.699463 8817.221069 -1841.405029 2271.956177 855255.735103 275.794678 153.47229 18551.251221 17739.300537 169.146729 11194.035645 12533504.46268 38.446045 640.488281 18658.465576 19191.147461 276.361084 12645.882568 15999472.138148 286.210938 410.183105 20317.476807 19248.693848 1935.372314 12703.428955 16512277.321227 422.248535 286.516113 18196.119385 7600.116577 -185.985107 1054.851685 114730.253662 367.896729 677.39563 18137.293701 7046.54541 -244.810791 501.280518 31121.44807 738.612061 1035.712891 17731.445312 7978.50647 -650.65918 1433.241577 247753.878658 143.873291 679.785767
21354.291992 9835.81543 3096.462402 3247.512817 2013441.890819 -23.78418 35.379639 16575.826416 9462.709351 -1682.003174 2874.406738 1109134.877384 -62.438965 25.116577 22874.868164 14304.122314 4617.038574 7715.819702 8085091.887189 -36.928711 -7.679443 14628.840332 12699.6521 -3628.989258 6111.349487 5051815.55893 137.590332 -19.987793 21262.519531 16883.120117 3004.689941 10294.817505 11501142.910283 127.312012 243.692627 16834.510498 8898.676758 -1423.319092 2310.374146 736366.59293 293.811035 81.455688 18632.886963 18543.458252 375.057373 11955.15564 14306641.440129 81.635742 804.157715 19058.114014 20051.04248 800.284424 13462.739868 18188581.991688 399.648438 859.89502 20482.297363 19825.290527 2224.467773 13236.987915 18016610.593795 164.820557 576.59668 18165.775146 7455.841675 -92.054443 867.539062 76109.804551 -30.344238 -144.274902 18116.914062 6978.189697 -140.915527 389.887085 17186.912487 -20.379639 -68.355713 17958.487549 8324.303589 -299.342041 1736.000977 310330.504815 227.042236 345.797119
21366.403809 9856.721191 3199.396973 3230.697632 2067354.817699 12.111816 20.905762 16402.038574 9477.418823 -1764.968262 2851.395264 1124556.791456 -173.787842 14.709473 22834.467773 14253.601074 4667.460938 7627.577515 7996513.034506 -40.400391 -50.52124 14703.69873 12706.66748 -3463.308105 6080.643921 4896873.352616 74.858398 7.015381 21412.504883 17041.147461 3245.498047 10415.123901 11900806.34531 149.985352 158.027344 17121.51001 8903.768311 -1045.496826 2277.744751 628118.476414 286.999512 5.091553 18766.287842 18944.411621 599.281006 12318.388062 15210182.215827 133.400879 400.953369 19349.068604 20514.233398 1182.061768 13888.209839 19427964.255078 290.95459 463.190918 20784.082031 20219.230957 2617.075195 13593.207397 19162436.992831 301.784668 393.94043 18333.579102 7608.980713 166.572266 982.957153 99395.108494 167.803955 153.139038 18425.12085 7401.899414 258.114014 775.875854 66860.618564 308.206787 423.709717 18099.321289 8319.777832 -67.685547 1693.754272 287338.486874 140.83374 -4.525757
21366.992188 9884.436646 3127.821045 3314.468994 2076896.920218 0.588379 27.715454 16366.761475 9440.292969 -1872.409668 2870.325317 1174468.539231 -35.2771 -37.125854 22792.983398 14334.494629 4553.812256 7764.526978 8102508.524655 -41.484375 80.893555 14729.820557 12705.45166 -3509.350586 6135.484009 4995970.555713 26.121826 -1.21582 21458.92334 17408.492432 3219.752197 10838.52478 12784042.36244 46.418457 367.344971 17209.140625 8878.512573 -1030.030518 2308.544922 639034.252346 87.630615 -25.255737 19153.54126 19341.19751 914.370117 12771.229858 16394038.480725 387.253418 396.785889 19539.614258 20976.020508 1300.443115 14406.052856 20922551.119866 190.545654 461.787109 21005.805664 20631.552734 2766.634521 14061.585083 20538244.162214 221.723633 412.321777 18654.578857 7757.821655 415.407715 1187.854004 158356.070415 320.999756 148.840942 18660.375977 7439.898071 421.204834 869.93042 93419.244768 235.255127 37.998657 18275.872803 8389.73938 36.70166 1819.771729 331291.615576 176.551514 69.961548
21356.459961 9835.647583 3134.316406 3254.561157 2041610.766062 -10.532227 -48.789062 16296.70166 9476.669312 -1925.441895 2895.582886 1209172.673742 -70.059814 36.376343 22765.834961 14308.81958 4543.691406 7727.733154 8036299.129925 -27.148438 -25.675049 14742.728271 12727.320557 -3479.415283 6146.234131 4988252.470433 12.907715 21.868896 21623.933105 17714.075928 3401.789551 11132.989502 13551562.73984 165.009766 305.583496 17272.723389 8891.317139 -949.420166 2310.230713 623856.459842 63.582764 12.804565 19404.047852 19615.482178 1181.904297 13034.395752 17129237.038551 250.506592 274.284668 19566.810303 21217.321777 1344.666748 14636.235352 21602751.392963 27.196045 241.30127 21061.616211 20852.412109 2839.472656 14271.325684 21173334.173279 55.810547 220.859375 18506.357422 7632.022705 284.213867 1050.936279 118524.458544 -148.221436 -125.79895 18648.122559 7374.677124 425.979004 793.590698 81124.430811 -12.253418 -65.220947 18542.929688 8242.696533 320.786133 1661.610107 286385.189209 267.056885 -147.042847
21387.001953 9889.196777 3177.705078 3155.765381 2005666.470257 30.541992 53.549194 16289.177246 9419.013062 -1920.119629 2685.581665 1089920.826891 -7.524414 -57.65625 22759.680176 14394.536133 4550.383301 7661.104736 7939851.396502 -6.154785 85.716553 14715.552979 12783.995361 -3493.743896 6050.563965 4881557.070689 -27.175293 56.674805 21704.958496 17901.782227 3495.661621 11168.35083 13695171.043289 81.025391 187.706299 17252.004395 8972.928467 -957.29248 2239.49707 593175.60211 -20.718994 81.611328 19636.574707 20080.267334 1427.277832 13346.835938 18017515.155235 232.526855 464.785156 19780.5896 21273.347168 1571.292725 14539.915771 21387811.146827 213.779297 56.025391 21127.507324 21090.942383 2918.210449 14357.510986 21465407.394846 65.891113 238.530273 18650.145264 7732.102661 440.848389 998.671265 119169.159663 143.787842 100.079956 18676.470947 7476.529541 467.174072 743.098145 77044.64662 28.348389 101.852417 18385.95459 8314.37439 176.657715 1580.942993 253058.869585 -156.975098 71.677856
21346.108398 9854.394531 3087.330322 3116.535034 1924439.913805 -40.893555 -34.802246 16277.773438 9408.568726 -1981.004639 2670.709229 1105706.716172 -11.403809 -10.444336 22760.300293 14423.786621 4501.522217 7685.927124 7933717.802412 0.620117 29.250488 14782.958984 12702.484131 -3475.819092 5964.624634 4765806.53809 67.406006 -81.51123 21682.783203 18025.820312 3424.005127 11287.960815 13914187.048008 -22.175293 124.038086 17198.121338 8793.083496 -1060.656738 2055.223999 534893.840262 -53.883057 -179.844971 19709.211426 20335.166016 1450.43335 13597.306519 18699050.146119 72.636719 254.898682 19927.572021 21376.14502 1668.793945 14638.285522 21706427.6269 146.982422 102.797852 21197.48291 21156.633301 2938.704834 14418.773804 21653702.410386 69.975586 65.690918 18446.19751 7422.160034 187.419434 684.300537 50339.326918 -203.947754 -309.942627 18658.631592 7312.148438 399.853516 574.28894 48969.062106 -17.839355 -164.381104 18454.885254 8187.275391 196.107178 1449.415894 213926.445765 68.930664 -127.098999
21385.17334 9902.288818 3185.388184 3246.140137 2068412.36674 39.064941 47.894287 16322.772217 9480.853271 -1877.012939 2824.70459 1150213.359476 44.998779 72.284546 22771.765137 14437.272949 4571.97998 7781.124268 8144889.58093 11.464844 13.486328 14784.492188 12699.522705 -3415.292969 6043.374023 4818659.564955 1.533203 -2.961426 21560.876465 17914.272461 3361.091309 11258.123779 13804228.581467 -121.906738 -111.547852 17272.119141 8847.460938 -927.666016 2191.312256 566241.363923 73.997803 54.377441 19645.032959 20282.139893 1445.247803 13625.991211 18775637.769185 -64.178467 -53.026123 19877.431641 21475.439453 1677.646484 14819.290771 22242587.669634 -50.140381 99.294434 21339.946289 21169.128418 3140.161133 14512.979736 22048719.27671 142.463379 12.495117 18220.114746 7362.194214 20.32959 706.045532 49891.35858 -226.082764 -59.96582 18361.247559 7277.711792 161.462402 621.56311 41241.080752 -297.384033 -34.436646 18163.195801 8129.019775 -36.589355 1472.871094 217068.803974 -291.689453 -58.255615
21384.697266 9856.930542 3106.812744 3275.986328 2038437.184922 -0.476074 -45.358276 16233.823242 9422.799072 -2044.061279 2841.854858 1225432.554972 -88.948975 -58.054199 22742.84668 14431.164551 4464.962158 7850.220337 8156184.641229 -28.918457 -6.108398 14857.147217 12705.461426 -3420.737305 6124.517212 4921115.478671 72.655029 5.938721 21462.233887 17929.577637 3184.349365 11348.633423 13893156.144613 -98.642578 15.305176 17269.698486 8903.483887 -1008.186035 2322.539673 641062.961345 -2.420654 56.022949 19593.359375 20070.762939 1315.474854 13489.818726 18370568.33394 -51.673584 -211.376953 19808.978271 21362.163086 1531.09375 14781.218872 22082867.941534 -68.453369 -113.276367 21210.98877 21273.686523 2933.104248 14692.74231 22447977.710535 -128.95752 104.558105 18273.309326 7488.751831 -4.575195 907.807617 82413.560224 53.19458 126.557617 18263.093262 7157.142334 -14.79126 576.19812 33222.305499 -98.154297 -120.569458 18197.973633 8143.521118 -79.910889 1562.576904 244803.233197 34.777832 14.501343
21384.248047 9868.804932 3125.362549 3264.703979 2042618.313533 -0.449219 11.87439 16312.558594 9466.866455 -1946.326904 2862.765503 1198361.474315 78.735352 44.067383 22746.821289 14509.6875 4487.935791 7905.586548 8263986.632985 3.974609 78.522949 14775.338135 12759.813232 -3483.547363 6155.71228 5002789.590973 -81.809082 54.351807 21386.320801 17992.004395 3127.435303 11387.903442 13946519.638582 -75.913086 62.426758 17236.497803 8847.579956 -1022.387695 2243.479004 607847.464049 -33.200684 -55.903931 19459.302979 20134.012451 1200.41748 13529.911499 18449950.729882 -134.056396 63.249512 19628.895264 21431.137695 1370.009766 14827.036743 22171794.534105 -180.083008 68.974609 21064.494629 21215.681152 2805.609131 14611.5802 22136971.85419 -146.494141 -58.005371 18369.367676 7600.122681 110.482178 996.021729 100426.559527 96.05835 111.37085 18492.320557 7438.388672 233.435059 834.28772 75052.792587 229.227295 281.246338 18162.402344 8331.929321 -96.483154 1727.828369 299469.987227 -35.571289 188.408203
21367.675781 9869.078979 3060.958252 3275.280151 2009692.549014 -16.572266 0.274048 16127.60498 9437.219849 -2179.112549 2843.421021 1283357.460033 -184.953613 -29.646606 22664.575195 14430.727539 4357.857666 7836.928711 8040837.505757 -82.246094 -78.959961 14699.042969 12750.05127 -3607.674561 6156.252441 5091475.985714 -76.295166 -9.761963 21382.258301 18121.854248 3075.540771 11528.05542 14235501.280185 -4.0625 129.849854 17276.724854 8974.815674 -1029.992676 2381.016846 673012.613169 40.227051 127.235718 19356.45874 20119.976807 1049.741211 13526.177979 18405944.731642 -102.844238 -14.035645 19389.489746 21456.5625 1082.772217 14862.763672 22207413.963947 -239.405518 25.424805 20879.433594 21313.835449 2572.716064 14720.036621 22329834.607464 -185.061035 98.154297 18466.431885 7677.017822 159.714355 1083.218994 119887.206461 97.064209 76.895142 18643.669434 7362.98645 336.951904 769.187622 70518.618376 151.348877 -75.402222 18469.361572 8182.128296 162.644043 1588.329468 254924.358291 306.959229 -149.801025
21408.459473 9871.49231 3082.362061 3299.277954 2038619.089072 40.783691 2.41333 16195.623779 9372.722778 -2130.473633 2800.508423 1238176.532657 68.018799 -64.49707 22660.41748 14452.731934 4334.320068 7880.517578 8088888.775412 -4.157715 22.004395 14675.318604 12904.926758 -3650.778809 6332.712402 5343143.228008 -23.724365 154.875488 21413.544922 18143.455811 3087.44751 11571.241455 14342596.093728 31.286621 21.601562 17459.866943 9079.250488 -866.230469 2507.036133 703558.539622 183.14209 104.434814 19445.384521 20156.036377 1119.287109 13583.822021 18577302.434458 88.925781 36.05957 19538.95752 21519.367676 1212.860107 14947.15332 22488842.20211 149.467773 62.805176 21008.820801 21262.148438 2682.723389 14689.934082 22299116.811455 129.387207 -51.687012 18618.848877 7642.426147 292.751465 1070.211792 123105.669989 152.416992 -34.591675 18752.592773 7421.348267 426.495361 849.133911 90292.669227 108.92334 58.361816 18666.046143 8419.777222 339.94873 1847.562866 352905.368395 196.68457 237.648926
21395.64209 9841.878052 3007.29248 3266.999512 1971709.387265 -12.817383 -29.614258 16186.014404 9385.742798 -2202.335205 2810.864258 1275123.823137 -9.609375 13.02002 22662.766113 14460.938721 4274.416504 7886.060181 8046058.162192 2.348633 8.206787 14683.634033 12976.325684 -3704.715576 6401.447144 5470344.303205 8.31543 71.398926 21468.208008 18093.869629 3079.858398 11518.991089 14217268.345983 54.663086 -49.586182 17485.185547 9165.518188 -903.164062 2590.639648 752711.911185 25.318604 86.2677 19536.287842 20319.312744 1147.938232 13744.434204 19022723.377633 90.90332 163.276367 19668.138428 21617.626953 1279.788818 15042.748413 22792213.9239 129.180908 98.259277 21049.523926 21322.009277 2661.174316 14747.130737 22455971.372546 40.703125 59.86084 18558.378906 7644.465332 170.029297 1069.586792 117292.58674 -60.469971 2.039185 18825.780029 7413.966064 437.43042 839.087524 89541.32459 73.187256 -7.382202 18662.856445 8540.130005 274.506836 1965.251465 393756.732305 -3.189697 120.352783
21385.146484 9843.908081 3001.123047 3277.869263 1975116.644581 -10.495605 2.030029 16252.028809 9378.621216 -2131.994629 2812.582397 1245602.084019 66.014404 -7.121582 22646.938477 14488.074951 4262.915039 7922.036133 8093110.111985 -15.827637 27.13623 14665.797119 12976.245117 -3718.226318 6410.206299 5491595.174808 -17.836914 -0.080566 21428.14209 18155.892334 3044.118652 11589.853516 14359136.288319 -40.065918 62.022705 17391.688232 9281.680908 -992.335205 2715.64209 835944.111937 -93.497314 116.16272 19649.523926 20531.943359 1265.500488 13965.904541 19664798.11346 113.236084 212.630615 19782.062988 21654.992676 1398.039551 15088.953857 22963104.309696 113.924561 37.365723 21147.807617 21342.258301 2763.78418 14776.219482 22597516.518459 98.283691 20.249023 18886.986084 7960.551147 502.962646 1394.512329 219763.605977 328.607178 316.085815 18883.990479 7555.140381 499.967041 989.101562 122828.894304 58.210449 141.174316 18554.870605 8514.719849 170.847168 1948.68103 382654.651255 -107.98584 -25.410156
21420.209961 9871.930542 3019.376221 3295.515747 1997705.680134 35.063477 28.022461 16229.962158 9343.33313 -2170.871582 2766.918335 1236852.049801 -22.06665 -35.288086 22616.474609 14476.94458 4215.640869 7900.529785 8018999.882371 -30.463867 -11.130371 14567.839355 12962.122803 -3832.994385 6385.708008 5546911.271469 -97.957764 -14.122314 21434.060059 18103.961182 3033.226318 11527.546387 14208478.759634 5.917969 -51.931152 17175.101318 9195.557251 -1225.732422 2619.142456 836232.717514 -216.586914 -86.123657 19734.694824 20608.859863 1333.861084 14032.445068 19868869.998789 85.170898 76.916504 19866.063232 21684.106445 1465.229492 15107.69165 23038924.446806 84.000244 29.11377 21318.747559 21396.525879 2917.913818 14820.111084 22814991.359301 170.939941 54.267578 18912.783203 8100.420532 511.949463 1524.005737 258468.573989 25.797119 139.869385 18877.979736 7617.224731 477.145996 1040.809937 131095.362555 -6.010742 62.084351 18460.944824 8559.465332 60.111084 1983.050537 393610.277515 -93.925781 44.745483
21423.078613 9874.871826 2971.182861 3343.867798 2000937.944496 2.868652 2.941284 16376.380615 9309.365845 -2075.515137 2778.361816 1202705.746561 146.418457 -33.967285 22609.128418 14474.998779 4157.232666 7943.994751 8038963.604293 -7.346191 -1.945801 14400.325928 12914.250488 -4051.569824 6383.24646 5716105.340912 -167.513428 -47.872314 21366.206055 18156.456299 2914.310303 11625.452271 14364434.503448 -67.854004 52.495117 16920.432129 9193.141479 -1531.463623 2662.137451 943235.663765 -254.669189 -2.415771 19769.613037 20781.269531 1317.717285 14250.265503 20480644.574759 34.918213 172.409668 19892.696533 21665.957031 1440.800781 15134.953003 23114270.929214 26.633301 -18.149414 21494.501953 21515.922852 3042.606201 14984.918823 23380524.463457 175.754395 119.396973 18723.487549 8047.788086 271.591797 1516.784058 237439.598157 -189.295654 -52.632446 18716.986084 7801.138306 265.090332 1270.134277 168351.396662 -160.993652 183.913574 18101.621094 8638.82019 -350.274658 2107.816162 456558.130943 -359.32373 79.354858
21457.919922 9850.806885 2998.516846 3325.136108 2004763.341334 34.841309 -24.064941 16612.210693 9370.753784 -1847.192383 2845.083008 1150661.702046 235.830078 61.387939 22598.520508 14516.722412 4139.117432 7991.051636 8098919.935801 -10.60791 41.723633 14289.525146 12732.570801 -4169.87793 6206.900024 5591348.986157 -110.800781 -181.679688 21372.77832 18130.738525 2913.375244 11605.067749 14316535.27726 6.572266 -25.717773 16591.517334 9168.851929 -1867.885742 2643.181152 1047540.374997 -328.914795 -24.289551 19771.417236 20790.419922 1312.01416 14264.749146 20520444.934072 1.804199 9.150391 19956.506348 21671.611328 1497.103271 15145.940552 23164083.340287 63.809814 5.654297 21358.835449 21352.937012 2899.432373 14827.266235 22825453.209987 -135.666504 -162.98584 18338.369141 7710.632935 -121.033936 1184.962158 141878.452993 -385.118408 -337.155151 18318.555908 7575.67627 -140.847168 1050.005493 112234.94604 -398.430176 -225.462036 17532.143555 8232.906494 -927.259521 1707.235718 377446.401622 -569.477539 -405.913696
21444.614258 9839.902344 2980.428467 3250.939941 1945156.434832 -13.305664 -10.904541 16487.137451 9285.130005 -1977.04834 2696.167603 1117803.987906 -125.073242 -85.623779 22634.902344 14495.457764 4170.716553 7906.495361 7990754.546196 36.381836 -21.264648 14093.936768 12651.768799 -4370.249023 6062.806396 5585669.792811 -195.588379 -80.802002 21372.719727 18133.997803 2908.533936 11545.0354 14174741.20505 -0.058594 3.259277 16233.02002 8754.906616 -2231.165771 2165.944214 966941.503743 -358.497314 -413.945312 19698.820801 20751.723633 1234.63501 14162.76123 20210812.927861 -72.596436 -38.696289 19904.399414 21692.001953 1440.213623 15103.039551 23017601.895247 -52.106934 20.390625 21337.404785 21388.391113 2873.218994 14799.428711 22727847.755841 -21.430664 35.454102 17970.928955 7109.254761 -493.256836 520.292358 51400.644441 -367.440186 -601.378174 17775.189209 6690.529175 -688.996582 101.566772 48503.209932 -543.366699 -885.147095 17158.234863 7819.702148 -1305.950928 1230.739746 322022.814827 -373.908691 -413.204346
21479.558105 9919.32251 2949.748535 3300.285034 1959289.772749 34.943848 79.420166 16472.811279 9296.358032 -2056.998291 2677.320557 1139928.733225 -14.326172 11.228027 22646.760254 14496.47583 4116.950684 7877.438354 7900331.795997 11.85791 1.018066 13989.442139 12506.539307 -4540.367432 5887.501831 5527761.422498 -104.494629 -145.229492 21373.288574 18075.091553 2843.479004 11456.054077 13932654.786421 0.568848 -58.90625 15893.094482 8434.476318 -2636.715088 1815.438843 1024808.464656 -339.925537 -320.430298 19674.746094 20493.469238 1144.936523 13874.431763 19381073.638039 -24.074707 -258.254395 19888.132324 21684.01123 1358.322754 15064.973755 22879847.493909 -16.26709 -7.990723 21212.1875 21374.179688 2682.37793 14755.142212 22490937.305148 -125.217285 -14.211426 17108.149414 6229.01062 -1421.660156 -390.026855 217323.854786 -862.779541 -880.244141 17423.210449 6659.187622 -1106.599121 40.150146 122617.364907 -351.97876 -31.341553 16614.857178 7645.298462 -1914.952393 1026.260986 472025.42779 -543.377686 -174.403687
21463.259277 9891.602783 2987.160645 3266.00769 1958993.495018 -16.298828 -27.719727 16456.566162 9351.066284 -2019.532471 2725.471191 1150670.461541 -16.245117 54.708252 22636.538086 14526.477051 4160.439453 7900.881958 7973319.215749 -10.222168 30.001221 13860.444336 12336.804199 -4615.654297 5711.209106 5392217.40458 -128.997803 -169.735107 21368.603516 18042.775879 2892.504883 11417.180786 13871860.160033 -4.685059 -32.315674 15496.182861 7994.584961 -2979.915771 1368.989868 1075403.126428 -396.911621 -439.891357 19559.94751 20266.519775 1083.848877 13640.924683 18724955.458491 -114.798584 -226.949463 19836.617432 21626.447754 1360.518799 15000.852661 22687659.196298 -51.514893 -57.563477 21307.922363 21387.629395 2831.82373 14762.034302 22593688.236672 95.734863 13.449707 16390.750732 5056.459656 -2085.3479 -1569.135437 681086.188535 -717.398682 -1172.550964 16889.550781 6185.163574 -1586.547852 -440.431519 271111.400783 -533.659668 -474.024048 16168.054199 7364.372559 -2308.044434 738.777466 587286.125145 -446.802979 -280.925903
21479.116211 9913.787842 3028.498535 3302.904663 2008098.259088 15.856934 22.185059 16214.281006 9454.852295 -2236.33667 2843.969116 1308936.20352 -242.285156 103.786011 22627.097168 14577.584229 4176.479492 7966.70105 8091130.656562 -9.440918 51.107178 13643.87085 12056.561279 -4806.746826 5445.678101 5276022.502611 -216.573486 -280.24292 21361.352539 18074.543457 2910.734863 11463.660278 13988788.442106 -7.250977 31.767578 15123.73291 7844.070435 -3326.884766 1233.187256 1258891.305176 -372.449951 -150.514526 19577.845459 20557.922363 1127.227783 13947.039185 19579054.449116 17.897949 291.402588 19757.423096 21654.294434 1306.80542 15043.411255 22801196.258907 -79.194336 27.84668 21226.618652 21326.657715 2776.000977 14715.774536 22426020.162017 -81.303711 -60.97168 15609.421387 4681.149292 -2841.196289 -1929.733887 1179626.922653 -781.329346 -375.310364 16010.527344 5707.501221 -2440.090332 -903.381958 677013.979053 -879.023438 -477.662354 15621.63208 7099.006348 -2828.985596 488.123169 824142.372876 -546.422119 -265.366211
21482.822266 9914.831543 2987.141113 3310.356445 1988147.182568 3.706055 1.043701 16279.91333 9554.68811 -2215.767822 2950.213013 1361338.386246 65.632324 99.835815 22638.662109 14610.158691 4142.980957 8005.683594 8125526.101356 11.564941 32.574463 13565.449219 11882.192383 -4930.231934 5277.717285 5216148.666106 -78.421631 -174.368896 21323.493652 18076.473389 2827.8125 11471.998291 13960326.832422 -37.858887 1.929932 14939.592285 7627.728271 -3556.088867 1023.253174 1369281.508908 -184.140625 -216.342163 19608.901367 20435.79834 1113.220215 13831.323242 19254476.187661 31.055908 -122.124023 19813.460693 21662.785645 1317.779541 15058.310547 22848925.944485 56.037598 8.491211 21236.071777 21226.25 2740.390625 14621.774902 22130604.20724 9.453125 -100.407715 15205.372314 4249.151001 -3290.308838 -2355.324097 1637368.38491 -404.049072 -431.998291 15601.817627 5450.935669 -2893.863525 -1153.539429 970509.931718 -408.709717 -256.565552 15274.873047 6656.947632 -3220.808105 52.472534 1037635.82191 -346.759033 -442.058716
21473.269043 9878.856812 2967.889404 3260.884399 1944173.458248 -9.553223 -35.974731 16339.460449 9543.685303 -2165.919189 2925.712891 1325100.185361 59.547119 -11.002808 22640.727539 14517.435303 4135.3479 7899.462891 7950261.621763 2.06543 -92.723389 13466.12793 11770.592041 -5039.251709 5152.619629 5194354.682669 -99.321289 -111.600342 21314.665527 18076.405029 2809.285889 11458.432617 13918776.524692 -8.828125 -0.068359 14833.193359 7430.206299 -3672.186279 812.233887 1414467.595659 -106.398926 -197.521973 19566.887207 20607.01416 1061.507568 13989.041748 19682008.734628 -42.01416 171.21582 19798.914795 21675.874023 1293.535156 15057.901611 22841363.413689 -14.545898 13.088379 21172.548828 21378.95752 2667.169189 14760.985107 22500047.28267 -63.522949 152.70752 15375.570068 4635.907593 -3129.80957 -1982.064819 1372428.889447 170.197754 386.756592 14908.798828 3872.915649 -3596.580811 -2745.056763 2047073.015721 -693.018799 -1578.02002 14819.291992 5853.817749 -3686.087646 -764.154663 1417117.448668 -455.581055 -803.129883
21472.93457 9894.399414 2975.668945 3255.151978 1945062.006897 -0.334473 15.542603 16295.350342 9579.692383 -2201.915283 2940.444946 1349464.739656 -44.110107 36.00708 22618.105469 14554.926758 4120.839844 7915.679321 7963930.013532 -22.62207 37.491455 13442.976074 11556.960449 -5054.289551 4917.713013 4972974.413837 -23.151855 -213.631592 21310.439453 18092.01416 2813.173828 11452.766724 13907981.26132 -4.226074 15.609131 14716.320801 7216.361694 -3780.944824 577.114258 1462860.463036 -116.872559 -213.844604 19594.797363 20701.113281 1097.531738 14061.865845 19894064.695162 27.910156 94.099121 19805.957031 21683.139648 1308.691406 15043.892212 22803136.608048 7.042236 7.265625 21201.520996 21345.354004 2704.255371 14706.106567 22358256.748331 28.972168 -33.603516 15372.121582 4696.547852 -3125.144043 -1942.699585 1354060.696671 -3.448486 60.640259 15027.514648 3767.987061 -3469.750977 -2871.260376 2028330.798601 118.71582 -104.928589 14756.524658 5750.234375 -3740.740967 -889.013062 1478348.720423 -62.767334 -103.583374
21449.501953 9911.837158 2961.341553 3272.74292 1948039.001185 -23.432617 17.437744 16360.08667 9524.675293 -2128.07373 2885.581055 1285527.582548 64.736328 -55.01709 22587.338867 14530.463867 4099.178467 7891.369629 7907697.872268 -30.766602 -24.462891 13393.962402 11524.594727 -5094.197998 4885.500488 4981896.82643 -49.013672 -32.365723 21297.871094 18088.031006 2809.710693 11448.936768 13897262.728838 -12.568359 -3.983154 14713.067627 7211.741333 -3775.092773 572.647095 1457925.014316 -3.253174 -4.620361 19552.056885 20581.755371 1063.896484 13942.661133 19552967.519391 -42.740479 -119.35791 19808.378906 21654.550781 1320.218506 15015.456543 22720691.2097 2.421875 -28.588867 21177.817383 21360.439453 2689.656982 14721.345215 22395225.961769 -23.703613 15.085449 15578.692627 4070.243225 -2909.467773 -2568.851013 1506399.825261 206.571045 -626.304626 15193.112793 4020.371094 -3295.047607 -2618.723145 1771504.964288 165.598145 252.384033 14992.858887 5996.846313 -3495.301514 -642.247925 1262961.506839 236.334229 246.611938
21407.453613 9933.97583 2954.921875 3273.236084 1944563.774885 -42.04834 22.138672 16260.269775 9500.528564 -2192.261963 2839.788818 1287041.304682 -99.816895 -24.146729 22589.243164 14576.750488 4136.711426 7916.010742 7977560.749062 1.904297 46.286621 13402.301025 11545.960693 -5050.230713 4885.220947 4937021.395703 8.338623 21.365967 21309.609375 18014.082031 2857.077637 11353.342285 13706127.366616 11.738281 -73.948975 14922.436523 7454.126587 -3530.095215 793.386841 1309103.490505 209.368896 242.385254 19558.21167 20516.855469 1105.679932 13856.115723 19321447.103087 6.154785 -64.899902 19831.533203 21623.874512 1379.001465 14963.134766 22579704.70543 23.154297 -30.67627 21225.424805 21247.971191 2772.893066 14587.231445 22047625.719684 47.607422 -112.468262 15775.64209 4236.135864 -2676.889648 -2424.603882 1304444.217373 196.949463 165.892639 15395.339355 4067.830811 -3057.192383 -2592.908936 1606960.201357 202.226562 47.459717 15150.939941 5956.96167 -3301.591797 -703.778076 1139581.197369 158.081055 -39.884644
21444.504395 9939.428101 2947.03125 3291.18103 1951686.576251 37.050781 5.452271 16201.706543 9533.284912 -2295.766602 2885.037842 1359398.763745 -58.563232 32.756348 22589.086914 14585.766602 4091.61377 7937.519531 7974551.954799 -0.15625 9.016113 13368.128662 11636.773682 -5129.344482 4988.526611 5119557.257128 -34.172363 90.812988 21263.713379 18070.52002 2766.240234 11422.272949 13812040.436073 -45.895996 56.437988 15103.273926 7597.393188 -3394.199219 949.146118 1242146.669019 180.837402 143.266602 19576.384277 20619.277344 1078.911133 13971.030273 19635373.613381 18.172607 102.421875 19795.200195 21671.860352 1297.727051 15023.613281 22739305.152288 -36.333008 47.98584 21180.78125 21280.444336 2683.308105 14632.197266 22130133.920904 -44.643555 32.473145 16229.106445 4374.981995 -2268.366699 -2273.265076 1031322.158645 453.464355 138.84613 16075.806885 4834.928284 -2421.66626 -1813.318787 915259.24956 680.467529 767.097473 15563.436279 6701.713257 -2934.036865 53.466187 861143.095966 412.496338 744.751587
21439.348145 9970.886841 2950.087891 3315.00061 1969224.760904 -5.15625 31.45874 16240.755615 9487.776489 -2248.504639 2831.890259 1307537.554795 39.049072 -45.508423 22623.054199 14485.384521 4133.793945 7829.498291 7838929.587132 33.967285 -100.38208 13388.736572 11778.898926 -5100.523682 5123.012695 5226060.090331 20.60791 142.125244 21220.847168 18098.961182 2731.586914 11443.074951 13840553.140721 -42.866211 28.441162 15217.462158 7882.892456 -3271.798096 1227.006226 1221020.705667 114.188232 285.499268 19541.339111 20770.334473 1052.078857 14114.448242 20032451.910362 -35.045166 151.057129 19787.56958 21717.724609 1298.309326 15061.838379 22854458.245872 -7.630615 45.864258 21228.686523 21497.268066 2739.42627 14841.381836 22777107.108629 47.905273 216.82373 16554.453125 4892.338867 -1934.807129 -1763.547363 685357.79286 325.34668 517.356873 16313.979492 4874.438782 -2175.280762 -1781.447449 790540.140489 238.172607 39.510498 15748.319092 6983.485107 -2740.941162 327.598877 762007.947833 184.882812 281.771851
21430.585938 9930.916748 3013.295898 3250.006104 1964249.184443 -8.762207 -39.970093 16216.756592 9453.825684 -2200.533447 2772.915039 1253140.526639 -23.999023 -33.950806 22541.552734 14553.75 4124.262695 7872.839355 7899114.229696 -81.501465 68.365479 13347.374268 12031.445312 -5069.915771 5350.534668 5433226.716308 -41.362305 252.546387 21199.714355 18095.701904 2782.424316 11414.79126 13803934.458055 -21.132812 -3.259277 15231.099854 8206.90979 -3186.190186 1525.999146 1248048.129057 13.637695 324.017334 19560.146484 20689.423828 1142.856445 14008.513184 19754456.246951 18.807373 -80.910645 19825.74585 21706.640625 1408.455811 15025.72998 22775630.921622 38.17627 -11.083984 21295.720215 21441.73584 2878.430176 14760.825195 22616732.072342 67.033691 -55.532227 16910.620117 6034.675293 -1506.669922 -646.235352 268767.438309 356.166992 1142.336426 16423.474121 4828.119812 -1993.815918 -1852.790833 740813.578381 109.494629 -46.31897 15773.494873 7330.159302 -2643.795166 649.248657 741117.669876 25.175781 346.674194
21477.026367 9977.163696 2992.270508 3307.521973 1989338.439153 46.44043 46.246948 16198.928223 9443.374634 -2285.827637 2773.73291 1291860.224167 -17.828369 -10.45105 22552.807617 14604.018555 4068.051758 7934.376831 7950338.080142 11.254883 50.268555 13419.643555 12275.390625 -5065.112305 5605.748901 5707978.340428 72.269287 243.945312 21208.581543 18128.687744 2723.825684 11459.046021 13872896.205472 8.867188 32.98584 15247.646484 8340.608521 -3237.109375 1670.966797 1327100.714197 16.546631 133.69873 19581.357422 20783.242188 1096.601562 14113.600464 20039625.304055 21.210938 93.818359 19851.868896 21702.668457 1367.113037 15033.026733 22786089.082331 26.123047 -3.972168 21224.868164 21363.398438 2740.112305 14693.756714 22341470.180862 -70.852051 -78.337402 16864.40918 6362.304688 -1620.34668 -307.337036 271997.941615 -46.210938 327.629395 16513.011475 5569.805298 -1971.744385 -1099.836426 509741.608233 89.537354 741.685486 15762.999268 7361.720581 -2721.756592 692.078857 788693.208988 -10.495605 31.561279
21446.499023 9914.79248 3020.559082 3273.865967 1984197.553659 -30.527344 -62.371216 16174.13208 9355.620728 -2251.807861 2714.694214 1244020.331914 -24.796143 -87.753906 22566.357422 14567.110596 4140.41748 7926.184082 7996745.101482 13.549805 -36.907959 13682.520752 12603.118896 -4743.419189 5962.192383 5804776.361654 262.877197 327.728271 21237.700195 18104.7229 2811.760254 11463.796387 13932462.332159 29.118652 -23.964844 15096.224365 8670.079346 -3329.715576 2029.152832 1520446.703394 -151.422119 329.470825 19584.979248 20812.207031 1159.039307 14171.280518 20216856.362223 3.621826 28.964844 19830.723877 21673.173828 1404.783936 15032.247314 22794187.722845 -21.14502 -29.494629 21242.207031 21300.458984 2816.26709 14659.532471 22283325.258094 17.338867 -62.939453 16553.990479 6481.450195 -1871.949463 -159.476318 352962.748773 -310.418701 119.145508 16209.233398 5895.588989 -2216.706543 -745.337524 546931.592294 -303.778076 325.783691 15781.760254 7485.360107 -2644.179688 844.433594 770475.431404 18.760986 123.639526
21471.713867 9919.226685 2987.834473 3268.38623 1960950.338751 25.214844 4.434204 16254.436035 9561.513672 -2229.443359 2910.673218 1344243.627332 80.303955 205.892944 22537.514648 14573.640137 4053.635254 7922.799683 7920271.358259 -28.842773 6.529541 13991.253662 12898.952637 -4492.625732 6248.112183 5922259.181819 308.73291 295.83374 21234.504395 18120.584717 2750.625 11469.744263 13912097.134226 -3.195801 15.861816 14878.348389 9032.637939 -3605.531006 2381.797485 1867281.309544 -217.875977 362.558594 19565.080566 20392.927246 1081.201172 13742.086792 19001394.537271 -19.898682 -419.279785 19824.604492 21672.370605 1340.725098 15021.530151 22744391.187592 -6.119385 -0.803223 21283.095703 21341.037598 2799.216309 14690.197144 22363750.40588 40.888672 40.578613 15956.815186 6396.244507 -2527.064209 -254.595947 645087.261269 -597.175293 -85.205688 15489.249268 5981.547241 -2994.630127 -669.293213 941576.300208 -719.984131 85.958252 15453.662109 7890.771484 -3030.217285 1239.93103 1071964.575509 -328.098145 405.411377
21443.076172 9938.496094 3006.418457 3252.164917 1961512.858609 -28.637695 19.269409 16391.732178 9597.873535 -2044.925537 2911.542358 1265879.935707 137.296143 36.359863 22585.415039 14623.303223 4148.757324 7936.972046 8020771.259263 47.900391 49.663086 14152.441406 13204.049072 -4284.216309 6517.717896 6083515.594424 161.187744 305.096436 21254.34082 18177.712402 2817.683105 11491.381226 13999118.055459 19.836426 57.127686 15063.996582 9346.985474 -3372.661133 2660.654297 1845392.440426 185.648193 314.347534 19531.452637 20669.831543 1094.794922 13983.500366 19673685.841278 -33.62793 276.904297 19846.323242 21646.416016 1409.665527 14960.084839 22579129.528509 21.71875 -25.95459 21329.943848 21429.755859 2893.286133 14743.424683 22573967.601833 46.848145 88.718262 15682.216797 6863.217163 -2754.440918 176.885986 761823.342274 -274.598389 466.972656 15272.547607 6472.443237 -3164.110107 -213.887939 1005734.082253 -216.70166 490.895996 14961.292725 7375.792236 -3475.36499 689.46106 1255351.836801 -492.369385 -514.979248
21488.222656 9945.928955 3029.206543 3257.480469 1978727.128425 45.146484 7.432861 16341.488037 9653.064575 -2117.528076 2964.616089 1327287.370775 -50.244141 55.19104 22592.651367 14593.225098 4133.635254 7904.776611 7957243.368734 7.236328 -30.078125 14227.781982 13503.009033 -4231.234131 6814.560547 6434157.771717 75.340576 298.959961 21311.594238 17961.459961 2852.578125 11273.011475 13521798.96659 57.253418 -216.252441 15143.342285 10257.357178 -3315.673828 3568.908691 2373080.218211 79.345703 910.371704 19549.27002 20401.586914 1090.253906 13713.138428 18923881.91183 17.817383 -268.244629 19854.544678 21727.192383 1395.528564 15038.743896 22811131.795825 8.221436 80.776367 21342.763672 21293.29834 2883.747559 14604.849854 22161763.922543 12.819824 -136.45752 15884.713135 7498.492432 -2574.302979 810.043945 728320.701853 202.496338 635.275269 15149.586182 6728.372803 -3309.429932 39.924316 1095392.042348 -122.961426 255.929565 14938.027344 8224.053955 -3520.98877 1535.605469 1475544.607082 -23.265381 848.261719
21473.942871 9987.662354 3087.501221 3239.889526 2002954.793091 -14.279785 41.733398 16255.811768 9888.935547 -2130.629883 3141.16272 1440648.692933 -85.67627 235.870972 22642.954102 14622.431641 4256.512451 7874.658813 8012814.967565 50.302734 29.206543 14242.375488 13678.342285 -4144.066162 6930.569458 6520607.736821 14.593506 175.333252 21250.102539 18090.622559 2863.660889 11342.849731 13686079.371546 -61.491699 129.162598 15329.570312 10792.143555 -3056.871338 4044.370728 2570139.695819 186.228027 534.786377 19529.871826 20311.38916 1143.430176 13563.616333 18527912.059592 -19.398193 -90.197754 19820.771484 21693.425293 1434.329834 14945.652466 22542982.970174 -33.773193 -33.76709 21287.663574 21347.34375 2901.221924 14599.570923 22156455.978267 -55.100098 54.04541 14968.398438 8934.241943 -3418.043213 2186.469116 1646366.660133 -916.314697 1435.749512 15328.29834 7648.076782 -3058.143311 900.303955 1016278.771937 178.712158 919.703979 15424.692383 8195.236816 -2961.749268 1447.463989 1086711.07242 486.665039 -28.817139
21480.52002 9922.849121 3080.9729 3174.593506 1957043.794039 6.577148 -64.813232 16226.452637 9568.745728 -2173.094482 2820.490112 1267750.410314 -29.359131 -320.189819 22706.623535 14636.082764 4307.076416 7887.827148 8076872.437703 63.669434 13.651123 14238.300781 13994.455566 -4161.246338 7246.199951 6982338.481697 -4.074707 316.113281 21251.120605 18115.252686 2851.573486 11366.99707 13734009.374442 1.018066 24.630127 15440.324707 11264.519043 -2959.222412 4516.263428 2915363.263302 110.754395 472.375488 19483.139648 20276.846924 1083.592529 13528.591309 18419695.556451 -46.732178 -34.542236 19826.501465 21686.760254 1426.954346 14938.504639 22519511.954434 5.72998 -6.665039 21328.295898 21381.04248 2928.748779 14632.786865 22269602.085561 40.632324 33.69873 16806.674805 9548.12439 -1592.872314 2799.868774 1037650.736409 1838.276367 613.882446 16811.002197 10155.964966 -1588.544922 3407.709351 1413595.798689 1482.703857 2507.888184 15964.364014 10727.302246 -2435.183105 3979.046631 2176292.884771 539.671631 2532.06543
21487.63916 9939.188232 3111.040039 3185.72998 1982744.563311 7.119141 16.339111 16264.450684 9779.389038 -2112.148438 3025.930786 1361742.81445 37.998047 210.643311 22756.706543 14622.536621 4380.107422 7869.078369 8110773.540684 50.083008 -13.546143 14543.706055 14104.443359 -3832.893066 7350.985107 6872805.130804 305.405273 109.987793 21324.306641 18110.043945 2947.70752 11356.585693 13766101.823132 73.186035 -5.20874 15529.237061 11852.357178 -2847.362061 5098.898926 3410624.095917 88.912354 587.838135 19631.70166 20555.732422 1255.102539 13802.27417 19207805.464525 148.562012 278.885498 19863.408203 21697.243652 1486.809082 14943.7854 22552732.333934 36.906738 10.483398 21372.839355 21450.773926 2996.240234 14697.315674 22498854.355824 44.543457 69.731445 16678.310547 9649.376221 -1698.288574 2895.917969 1127052.496305 -128.364258 101.251831 16742.515869 9411.657104 -1634.083252 2658.198853 973624.921395 -68.486328 -744.307861 16217.977295 10115.988159 -2158.621826 3362.529907 1596625.556542 253.613281 -611.314087
21535.88623 9963.921509 3134.884033 3191.218872 2001137.579109 48.24707 24.733276 16255.633545 9813.303223 -2145.368652 3040.600586 1384785.857766 -8.817139 33.914185 22823.696289 14652.63916 4422.694092 7879.936523 8165362.264302 66.989746 30.102539 14770.435791 14198.616943 -3630.566406 7425.914307 6832521.571976 226.729736 94.173584 21439.851074 18116.256104 3038.848877 11343.553467 13791080.775104 115.544434 6.212158 15187.896729 12568.137207 -3213.105469 5795.43457 4391110.861208 -341.340332 715.780029 19755.789795 20601.916504 1354.787598 13829.213867 19308260.561917 124.088135 46.184082 19875.715332 21674.655762 1474.713135 14901.953125 22424298.576955 12.307129 -22.587891 21407.775879 21489.790039 3006.773682 14717.087402 22563334.958083 34.936523 39.016113 16068.422852 10450.013428 -2332.579346 3677.310791 1896354.105772 -609.887695 800.637207 16238.703613 10312.982178 -2162.298584 3540.279541 1720911.439483 -503.812256 901.325073 16529.370117 11779.193115 -1871.63208 5006.490479 2856795.355465 311.392822 1663.204956
21555.185547 10085.213013 3162.888184 3309.458618 2095637.800726 19.299316 121.291504 16194.160156 9848.733521 -2198.137207 3072.979126 1427500.788962 -61.473389 35.430298 22907.563477 14593.602295 4515.266113 7817.8479 8150637.386739 83.867188 -59.036865 14901.242676 14124.289551 -3491.054688 7348.535156 6618843.177376 130.806885 -74.327393 21700.195312 18043.781738 3307.897949 11268.027344 13791062.906194 260.344238 -72.474365 15033.764648 12559.299316 -3358.532715 5783.544922 4472913.386002 -154.13208 -8.837891 19852.786865 20591.608887 1460.489502 13815.854492 19301086.493461 96.99707 -10.307617 20198.718262 21497.641602 1806.420898 14721.887207 21999711.939886 323.00293 -177.01416 21606.303711 21448.242188 3214.006348 14672.487793 22561173.483759 198.527832 -41.547852 15598.588867 11311.091309 -2793.708496 4535.336914 2837408.80852 -469.833984 861.077881 15722.445068 11438.496094 -2669.852295 4662.741699 2886927.143033 -516.258545 1125.513916 16051.849365 12473.188477 -2340.447998 5697.434082 3793845.195065 -477.520752 693.995361
21555.131836 10065.917969 3178.380127 3312.340088 2107369.708926 -0.053711 -19.295044 16213.081055 9834.302368 -2163.670654 3080.724487 1417233.406694 18.920898 -14.431152 22977.407227 14644.202881 4600.655518 7890.625 8342799.408205 69.84375 50.600586 15045.627441 13678.699951 -3331.124268 6925.12207 5905370.457478 144.384766 -445.5896 21822.944336 18204.641113 3446.192627 11451.063232 14300309.277499 122.749023 160.859375 14090.548096 13335.152588 -4286.203613 6581.574707 6168866.703874 -943.216553 775.853271 19952.700195 20711.062012 1575.948486 13957.484131 19729497.689475 99.91333 119.453125 20536.738281 21592.172852 2159.986572 14838.594971 22484944.269694 338.02002 94.53125 22173.010254 21292.717285 3796.258545 14539.139404 22579815.355747 566.706543 -155.524902 13615.302734 13904.862061 -4761.448975 7151.28418 7381226.175646 -1983.286133 2593.770752 13155.030518 13876.671143 -5221.721191 7123.093262 7800482.981592 -2567.414551 2438.175049 12705.545654 13926.096191 -5671.206055 7172.518311 8360759.702985 -3346.303711 1452.907715
21561.11084 10090.907593 3216.658936 3338.867188 2149492.88034 5.979004 24.989624 16225.292969 9835.511475 -2119.158936 3083.471069 1399862.842954 12.211914 1.209106 23090.236816 14696.777344 4745.784912 7944.736938 8564131.94536 112.82959 52.574463 15319.515381 13372.456055 -3024.936523 6620.415649 5298014.434183 273.887939 -306.243896 22021.818848 18132.180176 3677.366943 11380.139771 14303060.883241 198.874512 -72.460938 13503.825684 14667.972412 -4840.626221 7915.932007 8609364.174541 -586.722412 1332.819824 20455.12085 20769.431152 2110.668945 14017.390747 20094216.675276 502.420654 58.369141 21057.539062 21424.794922 2713.087158 14672.754517 22265056.703246 520.800781 -167.37793 22552.507324 20869.72168 4208.05542 14117.681274 21701665.498308 379.49707 -422.995605 12794.525146 15655.97168 -5549.926758 8903.931274 11008167.915657 -820.777588 1751.109619 12195.98877 15708.812256 -6148.463135 8956.771851 11802736.090302 -959.041748 1832.141113 11373.457031 15669.884033 -6970.994873 8917.843628 12812270.449225 -1332.088623 1743.787842
21536.357422 10062.325439 3149.63623 3277.379761 2066142.64804 -24.753418 -28.582153 16165.554199 9748.461304 -2221.166992 2963.515625 1371600.76668 -59.73877 -87.050171 23180.620117 14751.140137 4793.898926 7966.194458 8644172.10534 90.383301 54.362793 15242.181396 13445.057373 -3144.539795 6660.111694 5424521.830288 -77.333984 72.601318 22294.880371 18133.077393 3908.15918 11348.131714 14405380.156905 273.061523 0.897217 13280.246582 15202.589111 -5106.474609 8417.643433 9693280.389487 -223.579102 534.616699 20368.310547 20189.544678 1981.589355 13404.598999 18360997.069833 -86.810303 -579.886475 21396.860352 21365.048828 3010.13916 14580.103149 22164034.561106 339.321289 -59.746094 23159.223633 20668.933105 4772.502441 13883.987427 21554188.64196 606.716309 -200.788574 12027.011719 16716.33667 -6359.709473 9931.390991 13907843.15969 -767.513428 1060.36499 11003.603516 16949.361572 -7383.117676 10164.415894 15782577.707158 -1192.385254 1240.549316 10840.718994 16750.760498 -7546.002197 9965.814819 15625961.417443 -532.738037 1080.876465
21582.043457 10108.843384 3231.600342 3324.3573 2149459.222587 45.686035 46.517944 16155.178223 9768.895264 -2195.264893 2984.40918 1372588.610039 -10.375977 20.43396 23246.474609 14659.227295 4896.031494 7874.741211 8598267.353085 65.854492 -91.912842 15091.757812 13581.281738 -3258.685303 6796.795654 5681546.106853 -150.423584 136.224365 22862.041016 18056.921387 4511.5979 11272.435303 14742231.326914 567.160645 -76.156006 12855.980225 15893.930664 -5494.462891 9109.44458 11317110.301397 -424.266357 691.341553 21882.617188 20912.714844 3532.174072 14128.22876 21208310.156505 1514.306641 723.170166 22459.94873 21487.431641 4109.505615 14702.945557 23306464.444318 1063.088379 122.382812 23612.316895 20536.459961 5261.873779 13751.973877 21680410.118165 453.093262 -132.473145 11135.90332 17730.15625 -7214.539795 10945.670166 17185727.983572 -891.108398 1013.81958 10142.749023 17928.729248 -8207.694092 11144.243164 19156039.800427 -860.854492 979.367676 10619.384766 17695.29541 -7731.05835 10910.809326 17881502.335714 -221.334229 944.534912
21602.919922 10170.640869 3297.849121 3394.902344 2240117.07491 20.876465 61.797485 16184.786377 9802.314453 -2120.284424 3026.575928 1365576.788427 29.608154 33.419189 23355.161133 14625.306396 5050.090332 7849.567871 8711912.812458 108.686523 -33.920898 14969.697266 13662.89917 -3335.373535 6887.160645 5855769.83626 -122.060547 81.617432 23145.231934 18312.219238 4840.161133 11536.480713 15651754.703049 283.190918 255.297852 12614.541016 16286.123047 -5690.529785 9510.384521 12282954.298224 -241.439209 392.192383 22178.862305 21119.003906 3873.791504 14343.265381 22073552.24015 296.245117 206.289062 23685.212402 21461.611328 5380.141602 14685.872803 24462078.363096 1225.263672 -25.820312 24518.615723 20722.272949 6213.544922 13946.534424 23311396.293118 906.298828 185.812988 10853.572998 18246.942139 -7451.497803 11471.203613 18711333.184151 -282.330322 516.785889 9929.570312 18277.906494 -8375.500488 11502.167969 20244887.641054 -213.178711 349.177246 10203.410034 18006.75415 -8101.660767 11231.015625 19177261.914609 -415.974731 311.45874
21529.916992 10135.510254 3220.324707 3309.371338 2132242.987077 -73.00293 -35.130615 16176.274414 9796.984863 -2133.317871 2970.845947 1337697.078151 -8.511963 -5.32959 23331.994629 14500.491943 5022.402344 7674.353027 8412021.969081 -23.166504 -124.814453 14963.02124 13715.742188 -3346.571045 6889.603271 5866617.099716 -6.676025 52.843018 23627.731934 18288.07251 5318.139648 11461.933594 15965853.102782 482.5 -24.146729 12534.849854 16474.451904 -5774.742432 9648.312988 12643759.367163 -79.691162 188.328857 22834.580078 21286.359863 4524.987793 14460.220947 22957350.437026 655.717773 167.355957 25230.336914 21643.981934 6920.744629 14817.843018 26746517.791212 1545.124512 182.370605 26286.091309 21006.606445 7976.499023 14180.467529 26471019.602034 1767.475586 284.333496 11077.929688 18355.681152 -7231.662598 11529.542236 18522728.810561 224.356689 108.739014 10012.116699 18361.005859 -8297.475586 11534.866943 20190125.650023 82.546387 83.099365 9971.516113 17919.79248 -8338.076172 11093.653564 19259266.365609 -231.893921 -86.96167
21471.335449 10169.851685 3203.781738 3350.570068 2149053.720953 -58.581543 34.341431 16154.188232 9882.791138 -2113.365479 3063.509521 1385140.423401 -22.086182 85.806274 23361.896973 14426.352539 5094.343262 7607.070923 8381986.129351 29.902344 -74.139404 14933.878174 13730.567627 -3333.675537 6911.286011 5887926.6909 -29.143066 14.825439 23921.303711 18458.654785 5653.75 11639.373169 16743989.682846 293.571777 170.582275 12552.418213 16566.838379 -5715.135498 9747.556763 12767763.6603 17.568359 92.386475 24006.206055 21533.972168 5738.652344 14714.690552 24945424.875642 1171.625977 247.612305 25700.256348 21845.939941 7432.702637 15026.658325 28104552.890805 469.919434 201.958008 26572.258301 21193.90625 8304.70459 14374.624634 27559795.168691 286.166992 187.299805 11220.936279 18371.287842 -7046.617432 11552.006226 18310366.506388 143.006592 15.606689 10080.19043 18405.632324 -8187.363281 11586.350708 20127644.022811 68.07373 44.626465 10157.887573 18113.673096 -8109.666138 11294.391479 19332996.375691 186.37146 193.880615
21449.301758 10185.762329 3236.899414 3388.908691 2196221.993545 -22.033691 15.910645 16110.769043 9857.752075 -2101.633301 3060.898438 1378596.177564 -43.419189 -25.039062 23434.321289 14459.143066 5221.918945 7662.289429 8597911.676075 72.424316 32.790527 14933.525391 13768.515625 -3278.876953 6971.661987 5935510.493896 -0.352783 37.947998 24257.524414 18800.054932 6045.12207 12003.201294 18062034.214795 336.220703 341.400146 12513.57666 16682.160645 -5698.825684 9885.307007 13019590.879139 -38.841553 115.322266 24492.348633 21626.362305 6279.946289 14829.508667 25935205.269791 486.142578 92.390137 26181.918945 21881.103516 7969.516602 15084.249878 29104778.92424 481.662598 35.163574 26710.783691 21212.583008 8498.381348 14415.72937 28003573.880265 138.525391 18.676758 11041.470947 18530.390625 -7170.931396 11733.536987 18909814.732553 -179.465332 159.102783 10165.545044 18528.150635 -8046.8573 11731.296997 20237524.163689 85.354614 122.518311 10107.440186 18158.007812 -8104.962158 11361.154175 19476623.576959 -50.447388 44.334717
21491.730957 10208.453369 3280.546875 3373.511963 2214257.076284 42.429199 22.69104 16080.476074 9904.689941 -2130.708008 3069.748535 1396327.268365 -30.292969 46.937866 23528.823242 14536.325684 5317.63916 7701.384277 8758860.602494 94.501953 77.182617 14910.97168 13767.143555 -3300.212402 6932.202148 5894682.852738 -22.553711 -1.37207 24618.603516 19008.310547 6407.419434 12173.369141 18924594.003192 361.079102 208.255615 12587.763672 16550.499268 -5623.42041 9715.557861 12601492.166618 74.187012 -131.661377 24928.515625 21402.893066 6717.331543 14567.95166 25734775.863081 436.166992 -223.469238 26681.640625 21509.287109 8470.456543 14674.345703 28708505.586115 499.72168 -371.816406 26961.589355 21085.966797 8750.405273 14251.025391 27966131.713364 250.805664 -126.616211 10920.805664 18566.704102 -7290.378418 11731.762695 19078387.341631 -120.665283 36.313477 10243.145752 18534.824219 -7968.03833 11699.882812 20037689.265583 77.600708 6.673584 10607.564697 18372.523193 -7603.619385 11537.581787 19093082.124262 500.124512 214.515381
21454.125977 10195.817261 3283.31665 3371.098022 2214447.010377 -37.60498 -12.636108 16015.372314 9881.133423 -2155.437012 3056.414185 1398757.637913 -65.10376 -23.556519 23481.376953 14517.398682 5310.567627 7692.679443 8737944.553873 -47.446289 -18.927002 14864.763184 13830.910645 -3306.046143 7006.191406 6001665.911787 -46.208496 63.76709 25094.624023 19586.274414 6923.814697 12761.555176 21079650.046658 476.020508 577.963867 12485.565186 16737.525635 -5685.244141 9912.806396 13058573.159269 -102.198486 187.026367 24499.32373 21345.380859 6328.514404 14520.661621 25089970.84797 -429.191895 -57.512207 26428.75 21540.354004 8257.940674 14715.634766 28474349.072774 -252.890625 31.066895 26827.145996 21301.5625 8656.33667 14476.843262 28451115.536741 -134.443359 215.595703 10961.002197 18626.09375 -7209.807129 11801.374512 19125375.920187 40.196533 59.389648 10287.62085 18677.219238 -7883.188477 11852.5 20262641.680701 44.475098 142.39502 10329.32251 18334.403076 -7841.486816 11509.683838 19396173.754007 -278.242188 -38.120117
21434.074707 10248.040771 3302.421875 3434.447021 2270141.658386 -20.05127 52.223511 16027.329102 9794.180908 -2104.32373 2980.587158 1331207.817026 11.956787 -86.952515 23471.850586 14563.249512 5340.197754 7749.655762 8857487.647597 -9.526367 45.85083 14930.444336 13750.269775 -3201.208496 6936.676025 5836521.011669 65.681152 -80.640869 25427.297363 20017.647705 7295.644531 13204.053955 22757346.997497 332.67334 431.373291 12642.910156 16642.872314 -5488.742676 9829.278564 12674101.325856 157.344971 -94.65332 24388.337402 21237.492676 6256.68457 14423.898926 24719496.203354 -110.986328 -107.888184 25930.688477 21429.331055 7799.035645 14615.737305 27444473.39443 -498.061523 -111.022949 26711.384277 21239.18457 8579.731445 14425.59082 28170946.218877 -115.761719 -62.37793 11074.058838 18524.665527 -7057.593994 11711.071777 18695883.516023 113.056641 -101.428223 10363.088379 18597.489014 -7768.564453 11783.895264 19921078.124755 75.467529 -79.730225 10533.249512 18334.351807 -7598.40332 11520.758057 19046359.921779 203.927002 -0.05127
21398.171387 10221.053467 3302.46582 3408.4021 2252348.536695 -35.90332 -26.987305 15963.703613 9818.330688 -2132.001953 3005.679321 1357954.051055 -63.625488 24.14978 23429.587402 14580.689697 5333.881836 7768.03833 8879271.493731 -42.263184 17.440186 14886.89209 13752.415771 -3208.813477 6939.764404 5845681.391452 -43.552246 2.145996 25620.915527 20408.638916 7525.209961 13595.987549 24147966.238408 193.618164 390.991211 12636.923828 16639.346924 -5458.781738 9826.695557 12636224.362909 -5.986328 -3.525391 24673.217773 21233.659668 6577.512207 14421.008301 25122914.724485 284.880371 -3.833008 26408.381348 21596.921387 8312.675781 14784.27002 28767521.865459 477.692871 167.590332 26975.708008 21295.930176 8880.002441 14483.278809 28861980.840684 264.32373 56.745605 11096.484375 18518.364258 -6999.221191 11705.712891 18601281.156397 22.425537 -6.30127 10370.117188 18619.024658 -7725.588379 11806.373291 19907516.60871 7.028809 21.535645 10435.490723 18368.962402 -7660.214844 11556.311035 19222721.619368 -97.758789 34.610596
21374.562988 10230.499878 3321.256104 3453.521729 2295755.443447 -23.608398 9.446411 15893.336182 9789.716187 -2159.970703 3012.738037 1374206.39186 -70.367432 -28.614502 23419.250488 14688.328857 5365.943604 7911.350708 9138282.078121 -10.336914 107.63916 14813.968506 13823.148193 -3239.338379 7046.170044 6014182.542125 -72.923584 70.732422 25784.924316 20514.875488 7731.617432 13737.897339 24850773.14025 164.008789 106.236572 12594.892578 16702.637939 -5458.414307 9925.65979 12831300.901054 -42.03125 63.291016 24762.548828 21433.303223 6709.241943 14656.325073 25982179.210708 89.331055 199.643555 25237.456055 21429.316406 7184.14917 14652.338257 26630301.568843 -1170.925293 -167.60498 27069.34082 21380.239258 9016.033936 14603.261108 29454410.2927 93.632812 84.309082 11300.388184 18520.753174 -6752.918701 11743.775024 18351816.280869 203.903809 2.388916 10344.866943 18672.823486 -7708.439941 11895.845337 20093118.261005 -25.250244 53.798828 10310.690918 18494.022217 -7742.615967 11717.044067 19723722.368629 -124.799805 125.059814
21287.434082 10252.894287 3224.433594 3466.784058 2241556.370265 -87.128906 22.394409 15909.786377 9798.642578 -2153.214111 3012.532349 1371168.216078 16.450195 8.926392 23414.763184 14745.615234 5351.762695 7959.505005 9199508.386969 -4.487305 57.286377 15033.944092 13499.432373 -3029.056396 6713.322144 5424387.685622 219.975586 -323.71582 25917.277832 20687.805176 7854.277344 13901.694946 25494679.497222 132.353516 172.929688 12642.440186 16707.666016 -5420.560303 9921.555786 12781974.321293 47.547607 5.028076 24961.455078 21693.208008 6898.45459 14907.097778 26981023.990054 198.90625 259.904785 23889.838867 21127.038574 5826.838379 14340.928345 23961427.128248 -1347.617188 -302.277832 26832.631836 21154.162598 8769.631348 14368.052368 28334736.28281 -236.708984 -226.07666 11717.687988 18392.144775 -6345.3125 11606.034546 17496302.860324 417.299805 -128.608398 10522.366943 18557.077637 -7540.633545 11770.967407 19541682.796079 177.5 -115.74585 10269.996338 18319.561768 -7793.00415 11533.451538 19375141.806938 -40.69458 -174.460449
]