alphapose_08-06-20_Linda_4KDepth.snake_below_blue_flowers.0000000000 [ 19999.453125 10456.832275 2382.524414 2602.437134 1244910.161893 0.0 0.0 -0.726881 -0.08878 2.979068 0.0626 15553.956299 10764.959717 -2062.972412 2910.564575 1272724.131951 0.0 0.0 -1.414523 0.691636 18.784384 11.262789 20650.297852 13917.213135 3033.369141 6062.817993 4595909.036153 0.0 0.0 -0.107599 0.104179 1.766397 1.072667 14892.869873 14419.906006 -2724.058838 6565.510864 5052642.946098 0.0 0.0 -0.009587 0.386739 0.033293 21.69493 19833.048096 16168.585205 2216.119385 8314.190063 7403694.153915 0.0 0.0 0.410182 0.026959 5.64494 1.16241 13691.182861 17774.128418 -3925.74585 9919.733276 11381258.874999 0.0 0.0 -0.074636 0.045167 12.170629 18.391034 18513.684082 17342.687988 896.755371 9488.292847 9083187.133994 0.0 0.0 0.281508 0.024714 10.500235 1.587499 18387.806396 17411.713867 770.877686 9557.318726 9193659.362851 0.0 0.0 0.104336 0.022093 4.1477 1.280113 20148.114014 17248.438721 2531.185303 9394.043579 9465495.380284 0.0 0.0 0.074566 0.030579 5.377605 1.970549 13170.628662 19263.879395 -4446.300049 11409.484253 14994591.504206 0.0 0.0 -0.06108 0.028385 14.648499 15.676724 12319.632568 19254.399414 -5297.296143 11400.004272 15802144.38343 0.0 0.0 -0.042158 0.024513 12.69352 13.715426 12431.25 19048.45459 -5185.678711 11194.059448 15219823.062385 0.0 0.0 -0.045749 0.027187 13.490274 14.076268
20009.665527 10458.729248 2365.368652 2580.482178 1225385.71311 10.212402 1.896973 -0.545758 -0.064895 1.679399 0.033448 15539.56665 10781.639404 -2104.730225 2903.392334 1285957.636342 -14.389648 16.679688 -1.567798 0.762479 23.075839 13.688208 20664.699707 13910.294189 3020.402832 6032.047119 4550842.571528 14.401855 -6.918945 -0.098159 0.097178 1.470067 0.933349 14875.595703 14374.569092 -2768.701172 6496.322021 4986790.598596 -17.27417 -45.336914 -0.014356 0.355483 0.074654 18.329927 19801.18042 16239.500732 2156.883545 8361.253662 7456270.942849 -31.867676 70.915527 0.315199 0.031393 3.33332 1.576216 13696.732178 17653.444824 -3947.564697 9775.197754 11113775.816707 5.549316 -120.683594 -0.074382 0.043828 12.087933 17.317009 18423.459473 17411.072998 779.162598 9532.825928 9148186.452207 -90.224609 68.38501 0.213414 0.027345 6.034822 1.943505 18377.834473 17404.273682 733.537598 9526.026611 9128326.040691 -9.971924 -7.440186 0.101719 0.021809 3.942223 1.247449 20056.390381 17218.024902 2412.093506 9339.777832 9304964.503271 -91.723633 -30.413818 0.065083 0.029136 4.096694 1.788931 13246.948242 19211.26709 -4397.348633 11333.02002 14777401.776159 76.31958 -52.612305 -0.059136 0.028115 13.731015 15.379464 12324.154053 19164.86084 -5320.142822 11286.61377 15569157.003188 4.521484 -89.538574 -0.042095 0.02412 12.655425 13.279972 12232.13501 18911.413574 -5412.161865 11033.166504 15102225.915842 -199.11499 -137.041016 -0.048838 0.026467 15.373643 13.340983
20018.087158 10463.560791 2375.186768 2606.682129 1243630.390204 8.421631 4.831543 -0.396395 -0.004062 0.885952 0.000131 15540.744629 10773.702393 -2102.155762 2916.82373 1292691.952115 1.177979 -7.937012 -1.555251 0.728769 22.707951 12.504603 20669.521484 13895.201416 3026.621094 6038.322754 4562177.692547 4.821777 -15.092773 -0.094999 0.081907 1.37693 0.663059 14898.651123 14368.883057 -2744.249268 6512.004395 4993710.5277 23.05542 -5.686035 -0.007991 0.351563 0.023131 17.927898 19819.925537 16181.446533 2177.025146 8324.567871 7403786.872887 18.745117 -58.054199 0.371069 0.027763 4.619738 1.23279 13683.077393 17686.287842 -3959.822998 9829.40918 11229748.299759 -13.654785 32.843018 -0.075007 0.044193 12.291922 17.606096 18410.129395 17363.890381 767.229004 9507.011719 9097191.216488 -13.330078 -47.182617 0.203354 0.02553 5.479268 1.694027 18338.270264 17445.606689 695.369873 9588.728027 9242724.444271 -39.564209 41.333008 0.091335 0.023385 3.178419 1.434249 20116.430664 17228.831787 2473.530273 9371.953125 9395185.739081 60.040283 10.806885 0.07129 0.029649 4.915482 1.85246 13153.671875 19262.689209 -4489.228516 11405.810547 15024568.689671 -93.276367 51.422119 -0.061512 0.028379 14.856375 15.669968 12347.4646 19201.234131 -5295.435791 11344.355469 15673604.121813 23.310547 36.373291 -0.041769 0.02428 12.459934 13.456019 12298.621826 18964.036865 -5344.278564 11107.158203 15193027.672372 66.486816 52.623291 -0.047807 0.026744 14.731083 13.620998
20032.362061 10489.116211 2367.496338 2642.051392 1258547.446579 14.274902 25.55542 -0.143221 0.317705 0.115656 0.80166 15537.037354 10802.645264 -2127.828369 2955.580444 1326310.933146 -3.707275 28.942871 -1.59474 0.851697 23.875739 17.078924 20635.471191 13969.959717 2970.605469 6122.894897 4631433.877632 -34.050293 74.758301 -0.117317 0.157548 2.099871 2.453188 14880.667725 14406.733398 -2784.197998 6559.668579 5078101.035998 -17.983398 37.850342 -0.012956 0.377657 0.060801 20.688022 19813.297119 16231.774902 2148.431396 8384.710083 7491912.064149 -6.628418 50.328369 0.351313 0.03091 4.140913 1.528082 13714.019775 17658.232422 -3950.845947 9811.167603 11186819.342414 30.942383 -28.05542 -0.073591 0.043881 11.832122 17.359 18453.231201 17394.975586 788.365479 9547.910767 9178412.01347 43.101807 31.085205 0.235883 0.026726 7.372458 1.856465 18433.64624 17390.131836 768.780518 9543.067017 9166115.156756 95.375977 -55.474854 0.116368 0.02127 5.159404 1.186528 20069.643555 17208.497314 2404.777832 9361.432495 9341937.478206 -46.787109 -20.334473 0.066453 0.028684 4.271021 1.733842 13158.54126 19206.088867 -4506.324463 11359.024048 14933438.748452 4.869385 -56.600342 -0.061388 0.028088 14.796531 15.350361 12237.507324 19175.771484 -5427.358398 11328.706665 15779581.388759 -109.957275 -25.462646 -0.043308 0.024168 13.395416 13.332658 12319.594727 18920.440674 -5345.270996 11073.375854 15119157.483653 20.9729 -43.596191 -0.047481 0.026515 14.531237 13.388811
20030.280762 10485.05127 2400.462646 2658.433228 1282948.814245 -2.081299 -4.064941 -0.180134 0.266524 0.182955 0.564174 15527.491455 10777.08252 -2102.32666 2950.464478 1312501.801922 -9.545898 -25.562744 -1.696421 0.743125 27.017448 13.002122 20653.615723 13943.206787 3023.797607 6116.588745 4655600.984754 18.144531 -26.75293 -0.105424 0.130479 1.695718 1.68263 14884.143066 14393.150635 -2745.675049 6566.532593 5065808.176571 3.475342 -13.582764 -0.011997 0.368293 0.052129 19.674815 19801.05957 16214.379883 2171.241455 8387.761841 7506883.815457 -12.237549 -17.39502 0.314839 0.029822 3.325706 1.422438 13711.865234 17632.783203 -3917.952881 9806.165161 11151122.994405 -2.154541 -25.449219 -0.07369 0.043599 11.863855 17.13637 18434.499512 17424.576416 804.681396 9597.958374 9276831.709933 -18.731689 29.60083 0.221746 0.027865 6.515241 2.018057 18348.214111 17429.018555 718.395996 9602.400513 9272218.841341 -85.432129 38.886719 0.093945 0.022752 3.362659 1.357716 20085.754395 17223.233643 2455.936279 9396.615601 9432800.775314 16.11084 14.736328 0.068119 0.029383 4.487827 1.819413 13256.019287 19198.234863 -4373.798828 11371.616821 14844378.531913 97.478027 -7.854004 -0.058905 0.028048 13.623939 15.306272 12340.078125 19145.936279 -5289.73999 11319.318237 15610831.452166 102.570801 -29.835205 -0.041872 0.024037 12.521715 13.188836 12100.340576 18818.105469 -5529.477539 10991.487427 15138791.770757 -219.25415 -102.335205 -0.050883 0.025977 16.68791 12.851631
20000.777588 10451.519775 2359.864502 2574.389038 1219643.9387 -29.503174 -33.531494 -0.703391 -0.15567 2.789634 0.192464 15543.282471 10782.438965 -2097.630615 2905.308228 1284087.009497 15.791016 5.356445 -1.528218 0.765875 21.925415 13.81041 20658.112793 13922.907715 3017.199707 6045.776978 4565491.333425 4.49707 -20.299072 -0.102477 0.109941 1.602224 1.194599 14922.159424 14381.112061 -2718.753662 6503.981323 4969339.452832 38.016357 -12.038574 -0.001501 0.359994 0.000816 18.798061 19803.460693 16214.069824 2162.547607 8336.939087 7418116.549328 2.401123 -0.310059 0.321996 0.029803 3.478618 1.420589 13728.814697 17626.090088 -3912.098389 9748.959351 11034672.222203 16.949463 -6.693115 -0.072914 0.043525 11.615369 17.078057 18428.436279 17438.465576 787.523193 9561.334839 9203931.668101 -6.063232 13.88916 0.21717 0.028399 6.249116 2.096203 18388.514404 17418.797607 747.601318 9541.66687 9160231.43915 40.300293 -10.220947 0.104522 0.022363 4.162488 1.311604 20037.095947 17256.312256 2396.182861 9379.181519 9371073.826292 -48.658447 33.078613 0.063088 0.030953 3.849397 2.018997 13310.379639 19210.789795 -4330.533447 11333.659058 14720534.757219 54.360352 12.554932 -0.057521 0.028112 12.991045 15.37678 12361.546631 19126.51001 -5279.366455 11249.379272 15442024.418268 21.468506 -19.42627 -0.041571 0.023952 12.342574 13.095609 12211.479492 18871.182861 -5429.433594 10994.052124 15034793.125469 111.138916 53.077393 -0.049159 0.026256 15.576061 13.128873
20036.955566 10471.998291 2396.435547 2652.67334 1277957.917824 36.177979 20.478516 -0.061752 0.102174 0.021501 0.082914 15545.839844 10766.929932 -2094.680176 2947.60498 1307606.01597 2.557373 -15.509033 -1.500978 0.700004 21.150737 11.536972 20667.570801 13928.962402 3027.050781 6109.637451 4649070.621703 9.458008 6.054688 -0.096278 0.116067 1.414242 1.33144 14920.804443 14346.060791 -2719.715576 6526.73584 4999513.353837 -1.35498 -35.05127 -0.001875 0.335829 0.001273 16.359114 19802.34375 16193.225098 2161.82373 8373.900146 7479568.550491 -1.116943 -20.844727 0.318666 0.0285 3.407059 1.29906 13720.983887 17611.196289 -3919.536133 9791.871338 11124350.779423 -7.830811 -14.893799 -0.073272 0.04336 11.729845 16.948653 18469.58374 17315.556641 829.063721 9496.231689 9086576.295276 41.147461 -122.908936 0.248225 0.02367 8.164097 1.456226 18384.957275 17380.852051 744.437256 9561.5271 9197698.730448 -3.557129 -37.945557 0.103589 0.020916 4.08846 1.147381 20105.938721 17235.98999 2465.418701 9416.665039 9475186.982999 68.842773 -20.322266 0.070206 0.029989 4.767025 1.89515 13270.426025 19239.376221 -4370.093994 11420.05127 14951529.251635 -39.953613 28.586426 -0.058538 0.028259 13.454742 15.537927 12293.725586 19173.991699 -5346.794434 11354.666748 15751666.767431 -67.821045 47.481689 -0.042521 0.02416 12.912898 13.324057 12331.518555 18926.463623 -5309.001465 11107.138672 15155402.602997 120.039062 55.280762 -0.047296 0.026546 14.418226 13.42077
20047.698975 10484.760742 2400.594482 2646.07666 1276457.556046 10.743408 12.762451 0.128789 0.262866 0.093521 0.548794 15561.341553 10777.255859 -2085.762939 2938.571777 1298561.11302 15.501709 10.325928 -1.335856 0.743861 16.753159 13.027897 20662.841797 13941.335449 3015.737305 6102.651367 4633702.520032 -4.729004 12.373047 -0.099377 0.128586 1.506767 1.63415 14867.727051 14388.514404 -2779.377441 6549.830322 5062521.621227 -53.077393 42.453613 -0.016529 0.365097 0.098956 19.334798 19819.093018 16210.284424 2171.988525 8371.600342 7480122.64372 16.749268 17.059326 0.368588 0.029566 4.55816 1.398116 13735.860596 17642.253418 -3911.243896 9803.569336 11140780.054232 14.876709 31.057129 -0.072591 0.043704 11.512848 17.219048 18479.890137 17358.42041 832.785645 9519.736328 9131891.168676 10.306396 42.86377 0.256003 0.025319 8.683774 1.666213 18427.132568 17385.760498 780.028076 9547.076416 9175511.189286 42.175293 4.908447 0.114658 0.021103 5.008922 1.168006 20045.911865 17229.534912 2398.807373 9390.85083 9394235.612576 -60.026855 -6.455078 0.063999 0.029682 3.961436 1.856631 13280.249023 19259.138184 -4366.855469 11420.454102 14949619.857085 9.822998 19.761963 -0.058288 0.028361 13.339984 15.649819 12183.049316 19157.932129 -5464.055176 11319.248047 15798127.531067 -110.67627 -16.05957 -0.044071 0.02409 13.871265 13.246569 12308.056641 18922.255859 -5339.047852 11083.571777 15135099.530481 -23.461914 -4.207764 -0.04766 0.026524 14.641012 13.398439
20024.79248 10486.392822 2376.665039 2622.254639 1252475.609794 -22.906494 1.63208 -0.277472 0.283415 0.434103 0.637951 15545.480957 10786.378174 -2102.646484 2922.23999 1296060.879878 -15.860596 9.122314 -1.5048 0.782606 21.25861 14.420389 20665.341797 13943.707275 3017.214355 6079.569092 4606474.280878 2.5 2.371826 -0.097738 0.130986 1.457489 1.695716 14892.501221 14369.512939 -2755.626221 6505.374756 4991337.65824 24.77417 -19.001465 -0.009689 0.351997 0.034004 17.972214 19842.670898 16190.380859 2194.543457 8326.242676 7414233.80808 23.577881 -19.903564 0.438863 0.028322 6.461958 1.282898 13733.448486 17638.45459 -3914.678955 9774.316406 11086197.253082 -2.412109 -3.798828 -0.072702 0.043662 11.547894 17.185859 18462.813721 17344.958496 814.686279 9480.820312 9054966.753159 -17.076416 -13.461914 0.243115 0.024801 7.831459 1.598741 18414.431152 17405.175781 766.303711 9541.037598 9161861.981729 -12.701416 19.415283 0.111324 0.021843 4.721892 1.251387 20053.806152 17221.699219 2405.678711 9357.561035 9335123.858693 7.894287 -7.835693 0.064815 0.029311 4.063126 1.810406 13338.221436 19255.098877 -4309.906006 11390.960693 14832927.5297 57.972412 -4.039307 -0.056812 0.02834 12.672723 15.626916 12159.266357 19240.064697 -5488.861084 11375.926514 15953930.004374 -23.782959 82.132568 -0.044404 0.02445 14.081684 13.645239 12339.302979 19023.349609 -5308.824463 11159.211426 15271161.682307 31.246338 101.09375 -0.047175 0.027055 14.344686 13.940094
20033.166504 10481.342773 2368.353271 2658.638916 1267745.81043 8.374023 -5.050049 -0.128954 0.21983 0.093761 0.38381 15536.403809 10781.011963 -2128.409424 2958.308105 1328171.352232 -9.077148 -5.366211 -1.601488 0.759814 24.078234 13.592693 20661.560059 13917.757568 2996.746826 6095.053711 4613017.127938 -3.781738 -25.949707 -0.100217 0.10473 1.53235 1.084041 14910.809326 14360.112305 -2754.003906 6537.408447 5032224.672202 18.308105 -9.400635 -0.004635 0.345516 0.00778 17.316507 19832.041016 16158.258057 2167.227783 8335.554199 7417834.00724 -10.629883 -32.122803 0.40718 0.026313 5.562625 1.107395 13753.520508 17565.062256 -3911.292725 9742.358398 11021175.794119 20.072021 -73.392334 -0.071783 0.042848 11.257883 16.550943 18436.59668 17290.567627 771.783447 9467.86377 9023609.404788 -26.217041 -54.390869 0.223329 0.022709 6.608581 1.340329 18378.980713 17380.568848 714.16748 9557.86499 9186281.836171 -35.450439 -24.606934 0.10202 0.020905 3.965577 1.146197 20123.188477 17237.191162 2458.375244 9414.487305 9467618.005113 69.382324 15.491943 0.071989 0.030046 5.012307 1.902361 13313.554688 19211.724854 -4351.258545 11389.020996 14864325.017422 -24.666748 -43.374023 -0.05744 0.028117 12.954544 15.382038 12276.622314 19220.535889 -5388.190918 11397.832031 15894317.638107 117.355957 -19.528809 -0.042761 0.024364 13.058758 13.549911 12053.741455 18889.212646 -5611.071777 11066.508789 15395174.32689 -285.561523 -134.136963 -0.051606 0.026351 17.165498 13.223722
20041.119385 10477.995605 2372.971191 2655.883179 1268470.77342 7.952881 -3.347168 0.012096 0.177686 0.000825 0.250755 15585.97168 10772.79541 -2082.176514 2950.682983 1304198.91026 49.567871 -8.216553 -1.073501 0.724917 10.81888 12.372756 20614.316406 13973.005371 2946.168213 6150.892944 4651339.115133 -47.243652 55.247803 -0.131182 0.16063 2.625564 2.550094 14860.693359 14374.576416 -2807.454834 6552.463989 5081658.697538 -50.115967 14.464111 -0.018471 0.355488 0.123574 18.330448 19792.016602 16245.910645 2123.868408 8423.798218 7547119.342913 -40.024414 87.652588 0.287886 0.031794 2.780663 1.616718 13756.695557 17600.759277 -3911.452637 9778.646851 11092139.595777 3.175049 35.697021 -0.071638 0.043244 11.212346 16.858265 18435.002441 17419.997559 766.854248 9597.885132 9270746.444166 -1.594238 129.429932 0.222126 0.027688 6.537565 1.99262 18428.361816 17427.41333 760.213623 9605.300903 9283973.019599 49.381104 46.844482 0.114981 0.022691 5.03715 1.350421 20005.400391 17193.416748 2337.252197 9371.304321 9328409.251583 -117.788086 -43.774414 0.059811 0.027968 3.459864 1.648407 13275.648193 19298.709717 -4392.5 11476.59729 15100634.160773 -37.906494 86.984863 -0.058405 0.028564 13.393672 15.875081 12241.046143 19145.50415 -5427.102051 11323.391724 15767263.679643 -35.576172 -75.031738 -0.043259 0.024036 13.364782 13.186758 12127.370605 18867.734375 -5540.777588 11045.621948 15270598.050196 73.62915 -21.478271 -0.050463 0.026238 16.413971 13.11077
20043.500977 10481.331787 2360.286865 2658.22998 1263714.071526 2.381592 3.336182 0.054335 0.219692 0.016646 0.383327 15581.44043 10786.606445 -2101.773682 2963.504639 1319981.235227 -4.53125 13.811035 -1.121767 0.783576 11.813611 14.45614 20658.164062 13911.206055 2974.949951 6088.104248 4591534.054706 43.847656 -61.799316 -0.102443 0.098101 1.601173 0.951156 14928.878174 14357.835693 -2754.335938 6534.733887 5028911.342683 68.184814 -16.740723 0.000354 0.343947 4.5e-05 17.159543 19826.234131 16197.523193 2143.02002 8374.421387 7472346.836644 34.217529 -48.387451 0.389872 0.028768 5.099786 1.323674 13790.096436 17576.484375 -3893.117676 9753.382568 11028483.676226 33.400879 -24.274902 -0.070109 0.042975 10.738899 16.648971 18438.620605 17347.95166 755.406494 9524.849854 9129340.370341 3.618164 -72.045898 0.224856 0.024917 6.69929 1.613622 18380.557861 17407.282715 697.34375 9584.180908 9234281.198683 -47.803955 -20.130615 0.102434 0.021924 3.997822 1.260609 20030.722656 17215.699463 2347.508545 9392.597656 9373168.710067 25.322266 22.282715 0.062429 0.029026 3.769402 1.775406 13222.487793 19255.615234 -4460.726318 11432.513428 15060044.256263 -53.1604 -43.094482 -0.059759 0.028343 14.021838 15.629843 12186.594238 19143.02002 -5496.619873 11319.918213 15835337.837531 -54.451904 -2.484131 -0.044021 0.024025 13.840037 13.174819 12158.602295 18894.691162 -5524.611816 11071.589355 15310142.65781 31.231689 26.956787 -0.049979 0.02638 16.100272 13.252611
20036.876221 10466.33667 2375.749512 2636.738892 1259657.772492 -6.624756 -14.995117 -0.06316 0.030889 0.022492 0.007578 15573.713379 10778.739014 -2087.41333 2949.141235 1305472.843664 -7.727051 -7.867432 -1.204074 0.750161 13.610801 13.249484 20651.616211 13877.779541 2990.489502 6048.181763 4552353.009589 -6.547852 -33.426514 -0.106735 0.06428 1.73814 0.408373 14903.237305 14345.924072 -2757.889404 6516.326294 5006846.23355 -25.640869 -11.911621 -0.006725 0.335735 0.016381 16.349933 19851.606445 16138.36792 2190.479736 8308.770142 7383386.274123 25.372314 -59.155273 0.465495 0.02507 7.270051 1.005194 13732.640381 17580.335693 -3928.486328 9750.737915 11050989.471805 -57.456055 3.851318 -0.072739 0.043017 11.559647 16.682089 18436.481934 17388.426514 775.355225 9558.828735 9197238.251611 -2.138672 40.474854 0.223242 0.026474 6.603456 1.821624 18421.210938 17398.848877 760.084229 9569.251099 9214829.462312 40.653076 -8.433838 0.113104 0.021602 4.874049 1.2239 20056.408691 17230.164795 2395.281982 9400.567017 9410803.600893 25.686035 14.465332 0.065084 0.029712 4.096933 1.860373 13336.456299 19246.040039 -4324.67041 11416.442261 14903792.804934 113.968506 -9.575195 -0.056857 0.028294 12.692787 15.575613 12216.8396 19125.471191 -5444.287109 11295.873413 15723701.829377 30.245361 -17.548828 -0.043598 0.023948 13.575031 13.090633 12125.656738 18881.647949 -5535.469971 11052.050171 15278924.077661 -32.945557 -13.043213 -0.05049 0.026311 16.431273 13.183885
20041.799316 10481.743164 2348.078613 2646.59668 1251794.715908 4.923096 15.406494 0.024155 0.224871 0.00329 0.401615 15571.065674 10783.901367 -2122.655029 2948.754883 1320081.973231 -2.647705 5.162354 -1.232277 0.772087 14.255875 14.035321 20651.003418 13948.734131 2957.282715 6113.587646 4612147.496676 -0.612793 70.95459 -0.107136 0.136072 1.751246 1.829962 14888.94043 14352.738037 -2804.780273 6517.591553 5034579.203054 -14.296875 6.813965 -0.010672 0.340432 0.041254 16.810671 19861.123047 16158.7146 2167.402344 8323.568115 7397941.908864 9.516602 20.34668 0.49386 0.026342 8.183031 1.109799 13733.359375 17562.398682 -3960.361328 9727.252197 11030389.715852 0.718994 -17.937012 -0.072706 0.042818 11.54919 16.528125 18457.825928 17302.817383 764.105225 9467.670898 9022064.90354 21.343994 -85.609131 0.239351 0.02318 7.590815 1.396542 18410.079346 17393.369141 716.358643 9558.222656 9187279.005125 -11.131592 -5.479736 0.110182 0.021393 4.625497 1.20034 20029.963379 17265.863037 2336.242676 9430.716553 9439644.453816 -26.445312 35.698242 0.06235 0.031406 3.759928 2.078555 13212.39502 19287.563477 -4481.325684 11452.416992 15124013.484538 -124.061279 41.523438 -0.060016 0.028507 14.142725 15.811468 12157.684326 19162.800293 -5536.036377 11327.653809 15896343.95743 -59.155273 37.329102 -0.044426 0.024111 14.095737 13.270034 12178.193359 18939.082031 -5515.527344 11103.935547 15371842.650881 52.536621 57.434082 -0.049675 0.026613 15.905039 13.487848
20042.259521 10460.266113 2356.767578 2604.807129 1233937.35961 0.460205 -21.477051 0.032317 -0.045545 0.005889 0.016475 15575.977783 10773.581543 -2109.51416 2918.122559 1296548.925887 4.912109 -10.319824 -1.179954 0.728256 13.07096 12.486995 20668.222656 13892.596436 2982.730713 6037.137451 4534371.110996 17.219238 -56.137695 -0.09585 0.079272 1.401718 0.621072 14916.246338 14350.358887 -2769.245605 6494.899902 4985244.596487 27.305908 -2.37915 -0.003133 0.338792 0.003556 16.649073 19857.139893 16151.342773 2171.647949 8295.883789 7353774.265698 -3.983154 -7.371826 0.481988 0.025881 7.794336 1.071302 13751.616211 17532.7771 -3933.875732 9677.318115 10912586.418158 18.256836 -29.621582 -0.07187 0.04249 11.285239 16.27543 18446.054688 17320.168457 760.562744 9464.709473 9015918.108956 -11.77124 17.351074 0.230467 0.023848 7.037781 1.47814 18412.248535 17396.778564 726.756592 9541.31958 9156495.44729 2.169189 3.409424 0.110752 0.021523 4.673421 1.214972 20046.502686 17237.730713 2361.010742 9382.271729 9360139.451243 16.539307 -28.132324 0.06406 0.030071 3.969002 1.905604 13225.377197 19266.783447 -4460.114746 11411.324463 15011094.954569 12.982178 -20.780029 -0.059686 0.0284 13.987326 15.693215 12182.141113 19131.679688 -5503.35083 11276.220703 15744002.370451 24.456787 -31.120605 -0.044083 0.023975 13.879271 13.120386 12124.042969 18905.125732 -5561.448975 11049.666748 15302484.994008 -54.150391 -33.956299 -0.050515 0.026434 16.447573 13.30772
20039.967041 10471.226807 2372.438965 2641.072388 1260372.999896 -2.29248 10.960693 -0.008342 0.092461 0.000392 0.067898 15565.843506 10755.733643 -2101.68457 2925.579224 1297609.182684 -10.134277 -17.8479 -1.287903 0.652451 15.571955 10.022724 20649.978027 13949.230957 2982.449951 6119.076538 4633810.53902 -18.244629 56.634521 -0.107808 0.136575 1.773286 1.843508 14923.879395 14287.087402 -2743.648682 6456.932983 4921959.164037 7.633057 -63.271484 -0.001026 0.295172 0.000381 12.637885 19808.708496 16224.719238 2141.18042 8394.564819 7505337.209669 -48.431396 73.376465 0.337637 0.030469 3.82478 1.484775 13765.617676 17526.011963 -3901.9104 9695.857544 10923455.828516 14.001465 -6.765137 -0.071229 0.042415 11.084878 16.217991 18424.431152 17380.339355 756.903076 9550.184937 9177893.458852 -21.623535 60.170898 0.214147 0.026163 6.076368 1.779056 18368.884277 17431.657715 701.356201 9601.503296 9268076.606207 -43.364258 34.87915 0.09937 0.022853 3.762244 1.369752 19990.500488 17216.768799 2322.972412 9386.61438 9350473.034404 -56.002197 -20.961914 0.05827 0.029077 3.283926 1.781619 13122.333984 19058.822021 -4545.194092 11228.667603 14674176.546042 -103.043213 -207.961426 -0.06231 0.027331 15.244406 14.534215 12125.57373 19069.199219 -5541.954346 11239.0448 15702938.598187 -56.567383 -62.480469 -0.044876 0.023701 14.382489 12.822502 12162.137451 18859.171143 -5505.390625 11029.016724 15194853.582401 38.094482 -45.95459 -0.049924 0.026193 16.064955 13.065872
20055.34668 10489.49707 2361.955566 2639.006348 1254318.860065 15.379639 18.270264 0.264425 0.3225 0.394239 0.826043 15566.369629 10757.550049 -2127.021484 2907.059326 1297521.432088 0.526123 1.816406 -1.282298 0.660165 15.436731 10.261149 20644.882812 13896.778564 2951.491699 6046.287842 4526889.991642 -5.095215 -52.452393 -0.111148 0.083503 1.884849 0.689147 14922.386475 14286.483154 -2771.004639 6435.992432 4910046.528768 -1.49292 -0.604248 -0.001438 0.294756 0.000749 12.602239 19831.931152 16159.970703 2138.540039 8309.47998 7362081.104448 23.222656 -64.748535 0.406853 0.02642 5.553682 1.116427 13775.625 17427.172852 -3917.766113 9576.682129 10706173.191649 10.007324 -98.839111 -0.070771 0.041318 10.942773 15.390382 18469.100342 17339.241943 775.709229 9488.751221 9063812.45356 44.669189 -41.097412 0.24786 0.024581 8.140116 1.570511 18364.825439 17448.919678 671.434326 9598.428955 9258066.246004 -4.058838 17.261963 0.098305 0.023511 3.682011 1.449785 20058.395996 17235.999756 2365.004883 9385.509033 9368102.790806 67.895508 19.230957 0.06529 0.029989 4.122842 1.895208 12890.235596 18717.69165 -4803.155518 10867.200928 14116635.892979 -232.098389 -341.130371 -0.068221 0.025578 18.27401 12.729316 12032.44751 18840.272217 -5660.943604 10989.781494 15282157.977114 -93.126221 -228.927002 -0.046179 0.022698 15.23045 11.760288 12200.344238 18682.268066 -5493.046875 10831.777344 14750096.439552 38.206787 -176.903076 -0.049331 0.025264 15.685732 12.155578
20065.040283 10487.290039 2377.445068 2674.786987 1280673.048052 9.693604 -2.207031 0.436347 0.294712 1.073541 0.689822 15574.669189 10758.914795 -2112.926025 2946.411743 1314579.854903 8.299561 1.364746 -1.193893 0.665962 13.381601 10.442131 20647.067871 13913.560791 2959.472656 6101.057739 4598138.394085 2.185059 16.782227 -0.109716 0.100484 1.836589 0.997917 14950.227051 14188.236084 -2737.368164 6375.733032 4814315.616385 27.840576 -98.24707 0.006248 0.227023 0.01414 7.475913 19815.86792 16184.248047 2128.272705 8371.744995 7461565.897045 -16.063232 24.277344 0.358976 0.027938 4.323514 1.248395 13862.662354 17265.319824 -3824.932861 9452.816772 10398585.632739 87.037354 -161.853027 -0.066788 0.039523 9.745495 14.081943 18476.636963 17399.727783 789.041748 9587.224731 9253746.49314 7.536621 60.48584 0.253548 0.026909 8.518008 1.881953 18430.43457 17440.776367 742.839355 9628.273315 9325545.734465 65.609131 -8.143311 0.115525 0.023201 5.084928 1.411746 20026.157227 17224.625244 2338.562012 9412.122192 9405691.6447 -32.23877 -11.374512 0.061957 0.029449 3.712615 1.8276 13046.160889 18610.993652 -4641.434326 10798.490601 13815031.185511 155.925293 -106.697998 -0.06425 0.02503 16.208452 12.189342 12058.121338 18775.9375 -5629.473877 10963.434448 15188787.10322 25.673828 -64.334717 -0.04582 0.022417 14.994252 11.470043 12404.481201 18573.905029 -5283.114014 10761.401978 14371906.620364 204.136963 -108.363037 -0.046164 0.024695 13.736314 11.614204
20050.0354 10484.42627 2315.134277 2662.330322 1244784.946699 -15.004883 -2.86377 0.170227 0.258654 0.163384 0.531351 15544.30542 10727.165527 -2190.595703 2905.06958 1323813.879965 -30.36377 -31.749268 -1.517322 0.531114 21.613872 6.641502 20660.908203 13942.271729 2926.00708 6120.175781 4601806.902607 13.840332 28.710938 -0.100644 0.129533 1.545443 1.658317 15002.158203 14084.639893 -2732.74292 6262.543945 4668734.053335 51.931152 -103.596191 0.020585 0.155603 0.153488 3.512048 19813.190918 16198.273926 2078.289795 8376.177979 7447964.599945 -2.677002 14.025879 0.350997 0.028815 4.133454 1.327997 13898.55835 17131.405029 -3836.342773 9309.309082 10138076.14601 35.895996 -133.914795 -0.065145 0.038037 9.271911 13.043295 18441.872559 17303.421631 706.971436 9481.325684 9039534.532905 -34.764404 -96.306152 0.227311 0.023203 6.846333 1.399345 18372.565918 17416.096191 637.664795 9594.000244 9245145.707525 -57.868652 -24.680176 0.100336 0.02226 3.835769 1.299549 20107.60376 17247.60376 2372.702637 9425.507812 9446991.532579 81.446533 22.978516 0.070378 0.03054 4.790433 1.965446 13401.119385 18532.241211 -4333.781738 10710.145264 13348887.572401 354.958496 -78.752441 -0.05521 0.024625 11.968133 11.7983 12244.796143 18631.447754 -5490.10498 10809.351807 14698333.917629 186.674805 -144.489746 -0.043206 0.021784 13.332357 10.831398 12443.664551 18384.857178 -5291.236572 10562.76123 13956910.927557 39.18335 -189.047852 -0.045556 0.023702 13.376922 10.699256
20070.357666 10494.748535 2341.674805 2693.484497 1273829.962687 20.322266 10.322266 0.530654 0.388621 1.587732 1.199486 15593.126221 10705.543213 -2135.556641 2904.279175 1299543.969052 48.820801 -21.622314 -0.997293 0.439279 9.337322 4.543288 20622.617188 13984.94751 2893.934326 6183.683472 4661279.716212 -38.291016 42.675781 -0.125741 0.172713 2.412298 2.948176 14998.591309 14150.112305 -2730.091553 6348.848267 4776127.419864 -3.566895 65.472412 0.019601 0.20074 0.139154 5.845116 19811.251221 16156.044922 2082.568359 8354.780884 7413945.45876 -1.939697 -42.229004 0.345215 0.026175 3.99841 1.095779 14005.081787 17029.881592 -3723.601074 9228.617554 9903258.691258 106.523438 -101.523438 -0.060269 0.036911 7.935961 12.28239 18427.163086 17289.748535 698.480225 9488.484497 9051921.267531 -14.709473 -13.673096 0.216209 0.022677 6.193938 1.336612 18380.893555 17346.254883 652.210693 9544.990845 9153222.901445 8.327637 -69.841309 0.102522 0.019597 4.004702 1.007219 20106.751709 17254.562988 2378.068848 9453.29895 9502007.248596 -0.852051 6.959229 0.07029 0.03087 4.778447 2.008183 13466.75293 18391.124268 -4261.929932 10589.860229 13030918.642239 65.633545 -141.116943 -0.053538 0.0239 11.254383 11.113537 12284.362793 18629.991455 -5444.320068 10828.727417 14690195.847826 39.56665 -1.456299 -0.042652 0.021777 12.992644 10.825054 12657.504883 18372.89917 -5071.177979 10571.635132 13747631.545045 213.840332 -11.958008 -0.042239 0.02364 11.499512 10.642644
20088.62793 10515.007324 2349.835205 2736.05896 1300774.412341 18.270264 20.258789 0.854689 0.643699 4.118791 3.290841 15603.863525 10668.300781 -2134.929199 2889.352417 1290628.007526 10.737305 -37.242432 -0.882921 0.2811 7.318479 1.860424 20637.443848 13998.616943 2898.651123 6219.668579 4708645.5567 14.82666 13.669434 -0.116024 0.186543 2.053841 3.439259 14996.552734 14058.277588 -2742.23999 6279.329224 4694985.566281 -2.038574 -91.834717 0.019038 0.137429 0.131278 2.739548 19825.543213 16149.284668 2086.750488 8370.336304 7441705.743756 14.291992 -6.760254 0.387813 0.025752 5.046054 1.060675 14112.272949 16880.748291 -3626.519775 9101.799927 9599440.758803 107.191162 -149.133301 -0.055363 0.035257 6.69649 11.206121 18439.140625 17322.255859 700.3479 9543.307495 9156520.512794 11.977539 32.507324 0.225249 0.023928 6.722696 1.488113 18375.230713 17371.160889 636.437988 9592.212524 9241559.442645 -5.662842 24.906006 0.101036 0.020546 3.889431 1.107199 20067.773438 17274.110107 2328.980713 9495.161743 9558224.768986 -38.978271 19.547119 0.06626 0.031798 4.246202 2.13068 13712.911377 18307.421875 -4025.881348 10528.473511 12705647.509181 246.158447 -83.702393 -0.047269 0.023469 8.772938 10.717047 12504.173584 18602.661133 -5234.619141 10823.712769 14455399.564357 219.810791 -27.330322 -0.039574 0.021657 11.185215 10.706346 12797.185059 18393.293457 -4941.607666 10614.345093 13708380.807331 139.680176 20.394287 -0.040072 0.023747 10.349801 10.739286
20106.497803 10500.733643 2371.462402 2723.938599 1304367.541485 17.869873 -14.273682 1.171622 0.46398 7.739782 1.709777 15624.786377 10695.152588 -2110.249023 2918.357544 1296996.169522 20.922852 26.851807 -0.660055 0.395147 4.090133 3.676268 20649.331055 13997.720947 2914.295654 6220.925903 4719303.825526 11.887207 -0.895996 -0.108232 0.185637 1.787263 3.405911 15012.006836 14091.802979 -2723.028564 6315.007935 4729420.977651 15.454102 33.525391 0.023304 0.160542 0.196714 3.738505 19834.605713 16148.048096 2099.570312 8371.253052 7448607.31537 9.0625 -1.236572 0.414824 0.025675 5.773444 1.054316 14126.38916 16917.480469 -3608.64624 9140.685425 9657445.772239 14.116211 36.732178 -0.054717 0.035664 6.5411 11.466631 18450.435791 17291.263428 715.400391 9514.468384 9103690.634503 11.295166 -30.992432 0.233773 0.022735 7.24117 1.343491 18397.508545 17348.33374 662.473145 9571.538696 9205322.368178 22.277832 -22.827148 0.106883 0.019676 4.352628 1.015383 20071.838379 17253.937988 2336.802979 9477.142944 9527688.654778 4.064941 -20.172119 0.06668 0.03084 4.300241 2.004326 13760.682373 18394.541016 -3974.353027 10617.745972 12853201.150508 47.770996 87.119141 -0.046052 0.023917 8.327134 11.129875 12532.254639 18593.444824 -5202.780762 10816.64978 14406884.01236 28.081055 -9.216309 -0.039181 0.021617 10.96406 10.666463 12676.622314 18426.004639 -5058.413086 10649.209595 13899320.79404 -120.562744 32.711182 -0.041942 0.023919 11.33858 10.895205
20118.336182 10502.342529 2370.083008 2728.963623 1306453.591983 11.838379 1.608887 1.381583 0.484237 10.762362 1.862334 15651.992188 10684.338379 -2096.260986 2910.959473 1286799.517425 27.205811 -10.814209 -0.370264 0.349216 1.287066 2.871299 20643.393555 14020.076904 2895.140381 6246.697998 4740307.370369 -5.9375 22.355957 -0.112124 0.208257 1.9181 4.286498 15030.355225 14143.994141 -2717.897949 6370.615234 4797170.772682 18.348389 52.191162 0.02837 0.196523 0.291528 5.602064 19816.435547 16174.389648 2068.182373 8401.010742 7485435.981853 -18.170166 26.341553 0.360667 0.027322 4.364363 1.193917 14065.838623 17069.664307 -3682.414551 9296.2854 9998109.916932 -60.550537 152.183838 -0.057488 0.037353 7.220506 12.577832 18444.874268 17330.046387 696.621094 9556.66748 9181517.428051 -5.561523 38.782959 0.229576 0.024228 6.983477 1.525628 18395.753174 17372.059326 647.5 9598.68042 9255392.205379 -1.755371 23.725586 0.106422 0.020581 4.315185 1.110894 20103.182373 17266.375732 2354.929199 9492.996826 9566268.027504 31.343994 12.437744 0.069921 0.031431 4.728401 2.081777 13728.551025 18494.403076 -4019.702148 10721.02417 13109836.46142 -32.131348 99.862061 -0.04687 0.02443 8.625707 11.612684 12622.60376 18623.205566 -5125.649414 10849.82666 14399102.047132 90.349121 29.760742 -0.037916 0.021747 10.267492 10.795519 13049.838867 18531.928711 -4698.414307 10758.549805 13782149.089679 373.216553 105.924072 -0.036152 0.024475 8.423989 11.407806
20111.325684 10500.905762 2358.249512 2732.779541 1302942.477932 -7.010498 -1.436768 1.257247 0.466147 8.91241 1.725786 15639.306641 10687.679443 -2113.769531 2919.553223 1299181.265116 -12.685547 3.341064 -0.505388 0.363406 2.397879 3.109391 20693.999023 13928.05542 2940.922852 6159.929199 4659375.495823 50.605469 -92.021484 -0.078956 0.115149 0.951132 1.310469 15036.434326 14147.512207 -2716.641846 6379.385986 4807670.848038 6.079102 3.518066 0.030048 0.198948 0.327041 5.741193 19858.859863 16137.253418 2105.783691 8369.127197 7447661.4999 42.424316 -37.13623 0.487114 0.025 7.961019 0.999614 14038.687744 17165.731201 -3714.388428 9397.60498 10211166.076102 -27.150879 96.066895 -0.058731 0.038418 7.53605 13.305738 18425.958252 17299.368896 672.88208 9531.242676 9129735.723832 -18.916016 -30.67749 0.2153 0.023047 6.141949 1.380601 18341.350098 17380.01709 588.273926 9611.890869 9273451.229202 -54.403076 7.957764 0.092143 0.020884 3.234927 1.143891 20096.750488 17278.311768 2343.674316 9510.185547 9593643.843737 -6.431885 11.936035 0.069256 0.031997 4.638885 2.157485 13643.864746 18667.46582 -4109.211426 10899.3396 13568122.224938 -84.686279 173.062744 -0.049027 0.02532 9.437829 12.473677 12433.031006 18834.205322 -5320.045166 11066.079102 15076098.725048 -189.572754 210.999756 -0.040571 0.022672 11.755387 11.732763 12677.005615 18657.200928 -5076.070557 10889.074707 14433844.02713 -372.833252 125.272217 -0.041936 0.025133 11.335365 12.029248
20092.53418 10488.536377 2293.917236 2722.685547 1267507.287429 -18.791504 -12.369385 0.923968 0.310404 4.813578 0.76524 15635.689697 10692.032471 -2162.927246 2926.181641 1324079.326583 -3.616943 4.353027 -0.543915 0.381895 2.777406 3.433822 20688.017578 13934.243164 2889.400635 6168.392334 4639770.001414 -5.981445 6.187744 -0.082876 0.12141 1.047931 1.456846 15023.149414 14161.585693 -2775.467529 6395.734863 4860864.444757 -13.284912 14.073486 0.026381 0.20865 0.252075 6.314826 19850.422363 16174.577637 2051.80542 8408.726807 7491659.198994 -8.4375 37.324219 0.461966 0.027334 7.160232 1.194945 14055.258789 17207.880859 -3743.358154 9442.030029 10316466.134548 16.571045 42.149658 -0.057972 0.038886 7.342661 13.631571 18399.516602 17327.454834 600.899658 9561.604004 9178535.152674 -26.44165 28.085938 0.195344 0.024128 5.056138 1.513097 18359.207764 17381.44165 560.59082 9615.59082 9277384.88915 17.857666 1.424561 0.09683 0.020938 3.572391 1.149849 20122.773438 17275.914307 2324.156494 9510.063477 9584301.07375 26.022949 -2.397461 0.071946 0.031883 5.006334 2.142169 13477.55127 18723.204346 -4321.065674 10957.353516 13873520.462392 -166.313477 55.738525 -0.053263 0.025606 11.139056 12.757533 12381.14502 18959.790039 -5417.471924 11193.939209 15465327.70599 -51.885986 125.584717 -0.041297 0.023222 12.180165 12.309118 12558.095703 18694.047852 -5240.52124 10928.197021 14688855.300973 -118.909912 36.846924 -0.043781 0.025326 12.354626 12.215172
20107.416992 10492.678223 2312.938232 2735.275269 1283141.406177 14.882812 4.141846 1.187924 0.362554 7.956668 1.043969 15638.564453 10705.484619 -2155.914307 2948.081665 1333915.200132 2.874756 13.452148 -0.513294 0.43903 2.473484 4.538142 20702.727051 13948.109131 2908.248291 6190.706177 4678275.108914 14.709473 13.865967 -0.073235 0.13544 0.8183 1.812993 15039.185791 14211.225586 -2755.292969 6453.822632 4924346.590684 16.036377 49.639893 0.030808 0.242872 0.343785 8.55618 19844.429932 16194.000244 2049.951172 8436.59729 7537847.364137 -5.992432 19.422607 0.444105 0.028548 6.617275 1.303482 13978.552246 17321.662598 -3815.926514 9564.259644 10603635.768707 -76.706543 113.781738 -0.061483 0.040148 8.258964 14.53083 18472.423096 17377.943115 677.944336 9620.540161 9301440.15146 72.906494 50.488281 0.250368 0.02607 8.305665 1.76654 18390.516357 17425.145264 596.037598 9667.74231 9382050.218208 31.308594 43.703613 0.105048 0.022605 4.204443 1.340148 20122.506104 17252.484131 2328.027344 9495.081177 9557627.786647 -0.267334 -23.430176 0.071919 0.030771 5.002488 1.995368 13662.490234 18797.587891 -4131.988525 11040.184937 13895901.26066 184.938965 74.383545 -0.048553 0.025989 9.256082 13.141315 12369.919434 18951.888428 -5424.559326 11194.485474 15474234.890253 -11.225586 -7.901611 -0.041454 0.023187 12.273058 12.272448 12363.398438 18684.074707 -5431.080322 10926.671753 14888878.906317 -194.697266 -9.973145 -0.046802 0.025274 14.118244 12.164708
20109.460449 10507.089844 2287.55127 2769.751587 1290441.466395 2.043457 14.411621 1.224166 0.54401 8.449569 2.350475 15649.876709 10679.477539 -2172.032471 2942.139282 1337390.860981 11.312256 -26.00708 -0.392798 0.328571 1.44849 2.541838 20687.172852 13926.159668 2865.263672 6188.821411 4651124.636826 -15.554199 -21.949463 -0.08343 0.113231 1.061979 1.267174 15032.296143 14109.351807 -2789.613037 6372.01355 4838449.757571 -6.889648 -101.873779 0.028906 0.17264 0.302644 4.323199 19854.324951 16181.461182 2032.415771 8444.122925 7543392.583739 9.89502 -12.539062 0.473598 0.027764 7.525345 1.232872 13999.692383 17217.436523 -3822.216797 9480.098267 10448160.438674 21.140137 -104.226074 -0.060516 0.038992 8.001057 13.705988 18456.394043 17366.31958 634.484863 9628.981323 9311985.236508 -16.029053 -11.623535 0.23827 0.025623 7.522425 1.706453 18427.662354 17408.579102 605.753174 9671.240845 9389983.638431 37.145996 -16.566162 0.114797 0.021973 5.021078 1.266299 20063.226318 17255.13916 2241.317139 9517.800903 9561203.655135 -59.279785 2.655029 0.065789 0.030897 4.186158 2.011742 13579.088135 18774.396973 -4242.821045 11037.058716 13981819.55157 -83.4021 -23.190918 -0.050677 0.025869 10.08368 13.021051 12273.09082 18950.324707 -5548.818359 11212.98645 15652045.03176 -96.828613 -1.563721 -0.04281 0.023181 13.088977 12.265197 12371.112061 18656.339111 -5450.797119 10919.000854 14893576.889443 7.713623 -27.735596 -0.046682 0.025128 14.046134 12.024916
20108.218994 10515.002441 2244.171143 2778.391113 1275576.129554 -1.241455 7.912598 1.202148 0.643637 8.148353 3.290213 15655.668945 10664.60083 -2208.378906 2927.989502 1345005.991712 5.792236 -14.876709 -0.3311 0.265385 1.029191 1.658227 20687.070312 13936.619873 2823.022461 6200.008545 4640956.177206 -0.102539 10.460205 -0.083497 0.123815 1.063691 1.515129 14993.901367 14199.321289 -2870.146484 6462.709961 5000436.088097 -38.394775 89.969482 0.018306 0.234666 0.121377 7.987705 19856.66748 16181.5625 1992.619629 8444.951172 7528773.328086 2.342529 0.101318 0.48058 0.02777 7.748863 1.233434 13913.363037 17297.498779 -3950.684814 9560.887451 10701847.935713 -86.329346 80.062256 -0.064467 0.03988 9.080025 14.337452 18459.660645 17375.545654 595.612793 9638.934326 9326380.95434 3.266602 9.226074 0.240736 0.025978 7.678897 1.754061 18447.106934 17399.272461 583.059082 9662.661133 9370697.80607 19.44458 -9.306641 0.1199 0.021618 5.477437 1.225731 20060.513916 17253.726807 2196.466064 9517.115479 9539995.02037 -2.712402 -1.412354 0.065509 0.03083 4.150544 2.003023 13558.527832 18787.39624 -4305.52002 11050.784912 14065734.981229 -20.560303 12.999268 -0.051201 0.025936 10.293144 13.088395 12353.80249 18912.897949 -5510.245361 11176.286621 15527218.657888 80.71167 -37.426758 -0.04168 0.023017 12.407045 12.092296 12337.359619 18618.221436 -5526.688232 10881.610107 14895372.134834 -33.752441 -38.117676 -0.047206 0.024928 14.363027 11.834115
20115.662842 10502.583008 2237.399902 2777.330322 1271952.204198 7.443848 -12.419434 1.334169 0.487265 10.036349 1.885696 15640.487061 10669.611816 -2237.775879 2944.359131 1367689.157569 -15.181885 5.010986 -0.492815 0.286668 2.280049 1.93486 20695.229492 13941.37085 2816.966553 6216.118164 4657542.558881 8.15918 4.750977 -0.078149 0.128622 0.931801 1.635061 14978.186035 14128.951416 -2900.076904 6403.69873 4941780.348144 -15.715332 -70.369873 0.013967 0.186152 0.070659 5.026417 19846.280518 16193.511963 1968.017578 8468.259277 7558450.837613 -10.386963 11.949463 0.449621 0.028517 6.782667 1.300695 13959.246826 17140.360107 -3919.016113 9415.107422 10400293.50616 45.883789 -157.138672 -0.062367 0.038137 8.498062 13.111509 18441.716309 17292.346191 563.453369 9567.093506 9184675.784905 -17.944336 -83.199463 0.227193 0.022777 6.839231 1.348419 18442.384033 17357.363281 564.121094 9632.110596 9309578.713627 -4.7229 -41.90918 0.118661 0.02002 5.364767 1.051227 20180.2771 17260.909424 2302.01416 9535.656738 9622801.862389 119.763184 7.182617 0.077892 0.031171 5.867957 2.047557 13625.479736 18610.76416 -4252.783203 10885.511475 13658052.503663 66.951904 -176.63208 -0.049496 0.025028 9.618964 12.188193 12303.779297 18914.27124 -5574.483643 11189.018555 15626900.409851 -50.023193 1.373291 -0.04238 0.023023 12.827541 12.098619 12558.718262 18687.722168 -5319.544678 10962.469482 14847329.273144 221.358643 69.500732 -0.043771 0.025293 12.349175 12.183152
20124.378662 10502.905273 2191.276855 2776.099243 1250842.126521 8.71582 0.322266 1.48875 0.491322 12.496754 1.917233 15662.921143 10652.302246 -2270.180664 2925.496216 1371224.835626 22.434082 -17.30957 -0.253851 0.21315 0.604973 1.069696 20695.302734 13996.585693 2762.200928 6269.779663 4693989.098882 0.073242 55.214844 -0.078101 0.184488 0.930656 3.363893 15022.930908 14050.20874 -2910.170898 6323.40271 4845451.649045 44.744873 -78.742676 0.02632 0.131866 0.250924 2.522258 19849.844971 16176.864014 1916.743164 8450.057983 7507738.427978 3.564453 -16.647949 0.460245 0.027477 7.106985 1.207477 14073.726807 16896.181641 -3859.375 9169.37561 9897222.447434 114.47998 -244.178467 -0.057127 0.035428 7.130095 11.315212 18429.370117 17309.075928 496.268311 9582.269897 9206617.862384 -12.346191 16.729736 0.217875 0.023421 6.289742 1.425707 18382.431641 17361.181641 449.329834 9634.37561 9302309.070105 -59.952393 3.818359 0.102926 0.020166 4.036302 1.066572 20100.714111 17285.146484 2167.612305 9558.340454 9606041.533995 -79.562988 24.237061 0.069665 0.032321 4.693948 2.201444 13804.998779 18409.116211 -4128.103027 10682.310181 13115298.540028 179.519043 -201.647949 -0.044923 0.023992 7.923963 11.199704 12374.226074 18771.123047 -5558.875732 11044.317017 15287803.77717 70.446777 -143.148193 -0.041394 0.022395 12.237378 11.448468 12649.924316 18571.719971 -5283.17749 10844.91394 14552412.276865 91.206055 -116.002197 -0.042356 0.024684 11.563639 11.603414
20133.369141 10500.380859 2149.432373 2801.003418 1246567.967377 8.990479 -2.524414 1.648201 0.459538 15.317023 1.677196 15655.013428 10646.895752 -2328.92334 2947.518311 1411174.811388 -7.907715 -5.406494 -0.338083 0.190187 1.073057 0.851633 20659.025879 14029.466553 2675.089111 6330.089111 4722612.99109 -36.276855 32.880859 -0.101878 0.217757 1.583565 4.68651 14995.653076 13966.560059 -2988.283691 6267.182617 4820741.73775 -27.277832 -83.648682 0.018789 0.074198 0.127875 0.798559 19839.554443 16180.458984 1855.617676 8481.081543 7537206.109716 -10.290527 3.594971 0.429574 0.027701 6.191314 1.227313 14170.140381 16399.885254 -3813.796387 8700.507812 9024387.907472 96.413574 -496.296387 -0.052714 0.029923 6.071077 8.071859 18486.474609 17243.289795 502.537842 9543.912354 9133880.729403 57.104492 -65.786133 0.260972 0.02089 9.024175 1.134205 18407.867432 17295.695801 423.930664 9596.318359 9226904.326241 25.435791 -65.48584 0.109602 0.017669 4.576882 0.818807 20109.818115 17282.946777 2125.881348 9583.569336 9636417.272103 9.104004 -2.199707 0.070607 0.032217 4.821652 2.187248 13902.351074 18179.024658 -4081.585693 10479.647217 12648234.756075 97.352295 -230.091553 -0.042444 0.02281 7.073421 10.122839 12700.164795 18484.770508 -5283.771973 10785.393066 14424294.985591 325.938721 -286.352539 -0.03683 0.021141 9.687751 10.201794 12714.249268 18151.112061 -5269.6875 10451.734619 13700836.28966 64.324951 -420.60791 -0.041358 0.022475 11.025146 9.619877
20118.995361 10499.072266 2157.929688 2790.421753 1244311.409542 -14.373779 -1.308594 1.393274 0.443061 10.945275 1.559083 15659.387207 10634.914551 -2301.678467 2926.264038 1386074.498511 4.373779 -11.981201 -0.291494 0.1393 0.797694 0.456868 20680.859375 13971.759033 2719.793701 6263.108521 4662380.611659 21.833496 -57.70752 -0.087568 0.159369 1.169938 2.510211 15003.814697 13716.696777 -2957.250977 6008.046265 4484195.325654 8.161621 -249.863281 0.021043 -0.09806 0.160384 1.394783 19812.871094 16192.017822 1851.80542 8483.36731 7539670.422234 -26.68335 11.558838 0.350044 0.028424 4.111033 1.292187 14261.463623 16065.661621 -3699.602051 8357.011108 8352669.000004 91.323242 -334.223633 -0.048534 0.026216 5.146444 6.195578 18446.728516 17324.432373 485.662842 9615.78186 9269912.918177 -39.746094 81.142578 0.230975 0.024012 7.068874 1.498547 18421.577148 17387.495117 460.511475 9678.844604 9389210.369615 13.709717 91.799316 0.1132 0.021169 4.882337 1.175338 20022.420654 17244.182129 2061.35498 9535.531616 9517554.755926 -87.397461 -38.764648 0.06157 0.030377 3.666458 1.944603 14000.070801 17593.317871 -3960.994873 9884.667358 11339612.917049 97.719727 -585.706787 -0.039955 0.019799 6.268218 7.627217 13093.519287 17947.636719 -4867.546387 10238.986206 12852984.635464 393.354492 -537.133789 -0.031323 0.018788 7.006934 8.057089 13200.339355 17720.220947 -4760.726318 10011.570435 12289605.764468 486.090088 -430.891113 -0.033817 0.020213 7.370959 7.780504
20128.560791 10503.581543 2145.511475 2780.340576 1233351.320719 9.56543 4.509277 1.562922 0.499837 13.773003 1.984262 15605.258789 10584.761963 -2377.790527 2861.520996 1384219.020301 -54.128418 -50.152588 -0.868059 -0.073712 7.074172 0.127928 20699.946289 13950.356445 2716.896973 6227.115479 4615849.63428 19.086914 -21.402588 -0.075058 0.137713 0.859536 1.874379 14911.66626 13609.329834 -3071.383057 5886.088867 4407943.603305 -92.148438 -107.366943 -0.004398 -0.17208 0.007006 4.295189 19751.89209 16307.020264 1768.842773 8583.779297 7681007.17746 -60.979004 115.002441 0.168294 0.035614 0.950263 2.028646 14401.813965 15518.226318 -3581.235352 7794.985352 7358704.327435 140.350342 -547.435303 -0.04211 0.020143 3.874245 3.657749 18352.727051 17333.029785 369.677734 9609.788818 9248470.276076 -94.001465 8.597412 0.160031 0.024342 3.393352 1.540119 18388.942871 17391.594238 405.893555 9668.353271 9364180.455996 -32.634277 4.099121 0.104635 0.021325 4.171449 1.192757 20018.305664 17245.689697 2035.256348 9522.44873 9481929.822508 -4.11499 1.507568 0.061145 0.030449 3.615961 1.953773 14735.061035 16710.235596 -3247.988281 8986.994629 9131550.033513 734.990234 -883.082275 -0.021236 0.015261 1.77071 4.531155 13579.32251 17318.083496 -4403.726807 9594.842529 11145381.294953 485.803223 -629.553223 -0.02452 0.01603 4.294068 5.865146 14017.492676 17084.558105 -3965.556641 9361.317139 10335989.80408 817.15332 -635.662842 -0.021139 0.016875 2.880229 5.423002
20143.447266 10554.008789 2162.318115 2850.550537 1280125.799609 14.886475 50.427246 1.826943 1.134764 18.819317 10.227106 15598.775635 10604.517822 -2382.353516 2901.05957 1409175.490391 -6.483154 19.755859 -0.937116 0.010197 8.244494 0.002448 20695.998535 13975.400391 2714.869385 6271.942139 4670777.396719 -3.947754 25.043945 -0.077645 0.163053 0.91982 2.627616 14742.806396 13496.992188 -3238.322754 5793.533936 4405176.97208 -168.859863 -112.337646 -0.051017 -0.249526 0.942746 9.03141 19716.468506 16258.637695 1735.339355 8555.179443 7620249.798672 -35.423584 -48.382568 0.062713 0.032589 0.131954 1.698658 14580.560303 15052.161865 -3400.568848 7348.703613 6556731.32835 178.746338 -466.064453 -0.033929 0.014973 2.515073 2.02111 18381.763916 17343.006592 400.634766 9639.54834 9308140.041161 29.036865 9.976807 0.181946 0.024726 4.386347 1.589074 18375.185547 17388.300781 394.056396 9684.842529 9395145.526089 -13.757324 -3.293457 0.101024 0.0212 3.888518 1.178752 19977.232666 17201.151123 1996.103516 9497.692871 9419059.911872 -41.072998 -44.538574 0.056898 0.028335 3.131123 1.691955 14395.108643 15664.56543 -3586.020508 7961.107178 7623877.057783 -339.952393 -1045.670166 -0.029894 0.009886 3.508899 1.90164 14438.327637 16084.315186 -3542.801514 8380.856934 8279020.550664 859.005127 -1233.768311 -0.012493 0.010625 1.114625 2.576627 14878.773193 16527.078857 -3102.355957 8823.620605 8748089.307338 861.280518 -557.479248 -0.007777 0.013947 0.389792 3.704728
20167.774658 10537.177734 2196.005859 2852.090454 1295686.169279 24.327393 -16.831055 2.258404 0.922845 28.757902 6.763933 15616.535645 10585.362549 -2355.233154 2900.275269 1395871.984449 17.76001 -19.155273 -0.74794 -0.071161 5.251833 0.119227 20715.358887 13995.922852 2743.590088 6310.835571 4735393.217822 19.360352 20.522461 -0.064956 0.183818 0.643739 3.33948 14521.772461 13591.455078 -3449.996338 5906.367798 4678765.529496 -221.033936 94.462891 -0.112041 -0.184403 4.546881 4.932393 19721.568604 16253.582764 1749.799805 8568.495483 7648091.42055 5.100098 -5.054932 0.077914 0.032273 0.203675 1.665871 15135.843506 14195.447998 -2835.925293 6510.360718 5042726.894283 555.283203 -856.713867 -0.008513 0.00547 0.158339 0.269727 18375.581055 17374.73999 403.812256 9689.65271 9405243.397764 -6.182861 31.733398 0.17728 0.025947 4.164243 1.749878 18377.169189 17375.45166 405.400391 9690.36438 9406751.129162 1.983643 -12.849121 0.101545 0.02071 3.9287 1.124901 19893.538818 17196.97876 1921.77002 9511.891479 9416927.952561 -83.693848 -4.172363 0.048245 0.028137 2.251142 1.668392 15922.016602 14411.862793 -2049.752197 6726.775513 4945099.286839 1526.907959 -1252.702637 0.008994 0.003448 0.317606 0.231288 15729.366455 14857.886963 -2242.402344 7172.799683 5647742.355821 1291.038818 -1226.428223 0.005584 0.005252 0.222709 0.629526 15475.463867 15092.541504 -2496.304932 7407.454224 6110191.638695 596.690674 -1434.537354 0.001481 0.006415 0.014135 0.783678
20130.537109 10515.211182 2153.305664 2820.338135 1259103.24773 -37.237549 -21.966553 1.597974 0.646265 14.397697 3.317138 15610.014648 10541.403809 -2367.216797 2846.530762 1370645.274082 -6.520996 -43.95874 -0.817401 -0.257865 6.272591 1.565585 20699.782715 14023.370361 2722.55127 6328.497314 4746216.367427 -15.576172 27.44751 -0.075165 0.211589 0.861994 4.424773 14289.455566 14012.808838 -3687.775879 6317.935791 5351600.359244 -232.316895 421.35376 -0.176179 0.106082 11.242725 1.632333 19715.424805 16269.60083 1738.193359 8574.727783 7654727.271061 -6.143799 16.018066 0.059602 0.033275 0.119188 1.770866 15537.486572 13441.706543 -2439.744873 5746.833496 3897845.027738 401.643066 -753.741455 0.00987 -0.002891 0.212854 0.07535 18378.42041 17396.586914 401.188965 9701.713867 9428420.454629 2.839355 21.846924 0.179423 0.026788 4.265523 1.865088 18375.499268 17400.032959 398.267822 9705.159912 9434874.617787 -1.669922 24.581299 0.101106 0.021647 3.894859 1.229021 19907.438965 17176.137695 1930.20752 9481.264648 9362008.040217 13.900146 -20.841064 0.049682 0.027148 2.387261 1.55317 16606.156006 13804.139404 -1371.075439 6109.266357 3920298.32866 684.139404 -607.723389 0.026418 0.000324 2.740261 0.002047 16654.908447 13916.385498 -1322.322998 6221.512451 4045575.529125 925.541992 -941.501465 0.018543 0.001127 2.455828 0.028987 15846.595459 14281.871338 -2130.635986 6586.998291 4792815.619208 371.131592 -810.670166 0.007239 0.002158 0.337752 0.088696
20151.357422 10514.372559 2189.233398 2774.674683 1249156.246719 20.820312 -0.838623 1.967235 0.635706 21.820571 3.209629 15578.154297 10496.602783 -2383.969727 2756.904907 1328383.632466 -31.860352 -44.801025 -1.156771 -0.448147 12.562369 4.728595 20760.356445 14002.504883 2798.232422 6262.807007 4705285.629171 60.57373 -20.865479 -0.035463 0.190477 0.191879 3.585842 14254.916992 13975.804443 -3707.207031 6236.106567 5263240.90923 -34.538574 -37.004395 -0.185715 0.080571 12.492657 0.941634 19749.821777 16209.488525 1787.697754 8469.790649 7493321.690422 34.396973 -60.112305 0.162123 0.029516 0.881856 1.393414 15839.099121 12839.278564 -2123.024902 5099.580688 3051295.793425 301.612549 -602.427979 0.023675 -0.009574 1.22464 0.826258 18371.104736 17310.274658 408.980713 9570.576782 9176320.516801 -7.315674 -86.312256 0.173901 0.023467 4.007043 1.431328 18334.16748 17365.422363 372.043457 9625.724487 9279298.823942 -41.331787 -34.610596 0.090258 0.020328 3.103915 1.083744 19804.998779 17203.321533 1842.874756 9463.623657 9295636.00914 -102.440186 27.183838 0.03909 0.028438 1.477879 1.704277 17727.785645 11369.714355 -234.338379 3630.016479 1323193.411721 1121.629639 -2434.425049 0.054984 -0.012188 11.870549 2.890078 17391.16333 11986.663818 -570.960693 4246.965942 1836271.582912 736.254883 -1929.72168 0.028852 -0.007327 5.945375 1.225464 17004.32373 12793.201904 -957.800293 5053.504028 2645528.436546 1157.728271 -1488.669434 0.025201 -0.005659 4.093352 0.609833
20133.939209 10510.88623 2247.390137 2799.896851 1289018.480054 -17.418213 -3.486328 1.658312 0.59181 15.505517 2.781676 15614.348145 10433.720703 -2272.200928 2722.731323 1257616.291456 36.193848 -62.88208 -0.771241 -0.715224 5.584153 12.04412 20729.67041 14060.463867 2843.121338 6349.474487 4839916.52069 -30.686035 57.958984 -0.055576 0.24912 0.47124 6.133705 14347.608643 13732.15332 -3538.94043 6021.16394 4877851.456241 92.69165 -243.651123 -0.160124 -0.087404 9.287015 1.10812 19715.064697 16274.049072 1828.515625 8563.059692 7666946.068618 -34.75708 64.560547 0.058529 0.033553 0.114934 1.800593 16525.294189 11884.395752 -1361.254883 4173.406372 1927033.560242 686.195068 -954.882812 0.055083 -0.020166 6.629019 3.66602 18403.54248 17295.841064 516.993408 9584.851685 9213666.399934 32.437744 -14.433594 0.198382 0.022912 5.214648 1.364387 18348.469238 17342.843018 461.920166 9631.853638 9298597.473776 14.301758 -22.579346 0.094012 0.019467 3.367454 0.993891 19795.230713 17195.319824 1908.681641 9484.330444 9359558.958262 -9.768066 -8.001709 0.03808 0.028059 1.402498 1.65907 17724.846191 10835.775146 -161.702881 3124.785767 979043.390883 -2.939453 -533.939209 0.054909 -0.014932 11.838246 4.338095 18044.672852 10982.070312 158.123779 3271.080933 1072497.359731 653.509521 -1004.593506 0.038003 -0.011728 10.314424 3.139761 17591.668701 11769.606934 -294.880371 4058.617554 1655933.088055 587.344971 -1023.594971 0.034313 -0.011034 7.588849 2.318454
20113.275146 10498.500977 2249.055176 2703.710938 1236830.201727 -20.664062 -12.385254 1.291822 0.435868 9.409342 1.508871 15675.341797 10436.907959 -2188.878174 2642.11792 1177197.476263 60.993652 3.187256 -0.121549 -0.701687 0.138701 11.592513 20723.69873 14040.17334 2859.47876 6245.383301 4718143.135123 -5.97168 -20.290527 -0.05949 0.22859 0.539954 5.164405 14486.916504 13509.874268 -3377.303467 5715.084229 4406836.644587 139.307861 -222.279053 -0.121664 -0.240645 5.361482 8.399967 19742.279053 16219.868164 1878.059082 8425.078125 7450904.732795 27.214355 -54.180908 0.139642 0.030165 0.654243 1.455361 17079.527588 11273.282471 -784.692383 3478.492432 1271565.173263 554.233398 -611.113281 0.080451 -0.026945 14.140771 6.545 18373.474121 17302.44873 509.25415 9507.658691 9065491.358196 -30.068359 6.607666 0.175689 0.023166 4.089875 1.394833 18341.638184 17354.477539 477.418213 9559.6875 9161555.324766 -6.831055 11.634521 0.092219 0.01991 3.240239 1.039704 19817.946777 17198.266602 1953.726807 9403.476562 9224241.989647 22.716064 2.946777 0.040429 0.028199 1.58084 1.675647 18630.625 10211.456299 766.405029 2416.66626 642765.248002 905.778809 -624.318848 0.077978 -0.018141 23.874899 6.402873 18819.299316 9824.171143 955.079346 2029.381104 503056.42199 774.626465 -1157.89917 0.048849 -0.016801 17.042186 6.443165 18519.111328 10201.451416 654.891357 2406.661377 622090.167334 927.442627 -1568.155518 0.048702 -0.019268 15.288003 7.070184
20109.25415 10475.673828 2322.000732 2699.746094 1268031.637209 -4.020996 -22.827148 1.220507 0.148453 8.399135 0.175032 15683.858643 10332.973633 -2103.394775 2557.045898 1096275.330786 8.516846 -103.934326 -0.030829 -1.143124 0.008923 30.766438 20660.319824 13984.477539 2873.066406 6208.549805 4680060.125201 -63.378906 -55.695801 -0.10103 0.172237 1.55731 2.931964 14705.562744 13121.436768 -3081.690674 5345.509033 3807128.423322 218.64624 -388.4375 -0.0613 -0.508437 1.361054 37.497142 19743.049316 16229.79248 1955.795898 8453.864746 7529296.674159 0.770264 9.924316 0.141938 0.030786 0.675932 1.515851 17513.654785 10765.958252 -273.598633 2990.030518 901513.870793 434.127197 -507.324219 0.100321 -0.032572 21.988582 9.564434 18370.229492 17367.679443 582.976074 9591.751709 9234156.194992 -3.244629 65.230713 0.173241 0.025676 3.97666 1.713429 18366.270752 17433.527832 579.017334 9657.600098 9360450.07193 24.632568 79.050293 0.098684 0.022924 3.710482 1.378312 19864.696045 17168.555908 2077.442627 9392.628174 9253723.188007 46.749268 -29.710693 0.045263 0.026789 1.981441 1.512276 18813.983154 9610.179443 1026.729736 1834.251709 441865.328337 183.358154 -601.276855 0.082648 -0.021231 26.820108 8.770194 19024.974365 9370.074463 1237.720947 1594.146729 407325.693534 205.675049 -454.09668 0.051729 -0.01879 19.110819 8.059359 18834.01001 9869.330444 1046.756592 2093.40271 547803.426854 314.898682 -332.120972 0.053587 -0.021012 18.50908 8.407954
20118.187256 10439.060059 2312.93457 2641.976318 1232970.519332 8.933105 -36.61377 1.378941 -0.312549 10.72125 0.775851 15715.272217 10272.06665 -2089.980469 2474.98291 1049355.876532 31.413574 -60.906982 0.303782 -1.401812 0.866364 46.266879 20595.141602 13976.38916 2789.888916 6179.30542 4596729.563638 -65.178223 -8.088379 -0.14375 0.164053 3.15274 2.65996 14891.314697 12877.875977 -2913.937988 5080.792236 3430548.434828 185.751953 -243.560791 -0.010017 -0.67635 0.036342 66.353923 19679.482422 16276.381836 1874.229736 8479.298096 7541123.330033 -63.566895 46.589355 -0.047525 0.033699 0.07578 1.816281 17616.628418 10602.268066 -188.624268 2805.184326 790463.821812 102.973633 -163.690186 0.105034 -0.034388 24.103205 10.660507 18398.212891 17397.919922 592.960205 9600.836182 9252765.719151 27.983398 30.240479 0.19436 0.026839 5.005332 1.872236 18415.6604 17434.718018 610.407715 9637.634277 9325659.204217 49.389648 1.190186 0.111647 0.02297 4.749301 1.383775 19862.694092 17152.514648 2057.441406 9355.430908 9175715.261831 -2.001953 -16.04126 0.045056 0.026027 1.96336 1.427552 19230.673828 10014.417114 1425.421143 2217.333374 694839.272527 416.690674 404.237671 0.09326 -0.019153 34.150047 7.13771 19689.415283 9045.682983 1884.162598 1248.599243 510906.876444 664.440918 -324.391479 0.061032 -0.020212 26.603118 9.324549 19066.945801 9505.562744 1261.693115 1708.479004 451077.002382 232.935791 -363.7677 0.057201 -0.022922 21.089746 10.006117
20162.230225 10510.67627 2388.1604 2735.666504 1318718.131859 44.042969 71.616211 2.16007 0.589167 26.308108 2.756881 15725.05249 10262.807617 -2049.017334 2487.797852 1038761.018521 9.780273 -9.259033 0.407959 -1.441138 1.562466 48.899176 20582.844238 13987.727051 2808.774414 6212.717285 4648706.977437 -12.297363 11.337891 -0.15181 0.175525 3.516201 3.04497 15054.223633 12781.052246 -2719.846191 5006.04248 3245802.462116 162.908936 -96.82373 0.03496 -0.743101 0.442685 80.097584 19707.89917 16231.855469 1933.829346 8456.845703 7525793.518477 28.416748 -44.526367 0.037172 0.030915 0.046359 1.52858 17781.629639 10352.663574 7.559814 2577.653809 664435.630775 165.001221 -249.604492 0.112587 -0.037157 27.69398 12.446295 18394.783936 17418.826904 620.714111 9643.817139 9338849.501214 -3.428955 20.906982 0.191772 0.027643 4.872929 1.986143 18394.345703 17395.124512 620.275879 9620.114746 9293134.989396 -21.314697 -39.593506 0.106053 0.02146 4.28528 1.207862 19977.459717 17166.610107 2203.389893 9391.600342 9305708.399875 114.765625 14.095459 0.056922 0.026696 3.133707 1.501869 19509.309082 9894.307251 1735.239258 2119.297485 750247.711327 278.635254 -120.109863 0.100357 -0.019771 39.544907 7.605225 20004.986572 8990.67749 2230.916748 1215.667725 645483.755337 315.571289 -55.005493 0.065451 -0.020453 30.594556 9.548224 19388.898926 9350.466309 1614.829102 1575.456543 508973.634604 321.953125 -155.096436 0.062196 -0.023736 24.933791 10.729768
20090.209961 10542.923584 2269.857178 2749.994507 1271472.139494 -72.020264 32.247314 0.882747 0.995191 4.393658 7.866008 15750.772705 10229.406128 -2069.580078 2436.477051 1021958.211876 25.720215 -33.401489 0.681926 -1.583003 4.365674 59.000258 20556.92627 13898.071289 2736.573486 6105.142212 4476159.587377 -25.917969 -89.655762 -0.168797 0.084811 4.347149 0.710905 15140.404053 12708.769531 -2679.94873 4915.840454 3134761.256812 86.18042 -72.282715 0.058753 -0.792934 1.250301 91.200462 19732.248535 16200.36499 1911.895752 8407.435913 7434032.399898 24.349365 -31.490479 0.109746 0.028946 0.404094 1.340075 17772.869873 10205.093384 -47.48291 2412.164307 582079.126899 -8.759766 -147.57019 0.112186 -0.038794 27.497085 13.567096 18412.271729 17414.437256 591.918945 9621.508179 9292378.767082 17.487793 -4.389648 0.204971 0.027475 5.566744 1.961948 18404.664307 17436.612549 584.311523 9643.683472 9334205.085837 10.318604 41.488037 0.108761 0.023042 4.506938 1.392492 19979.447021 17169.512939 2159.094238 9376.583862 9258201.285661 1.987305 2.902832 0.057127 0.026834 3.156372 1.517408 19517.574463 9801.361694 1697.22168 2008.432617 691436.300778 8.265381 -92.945557 0.100567 -0.020248 39.710979 7.977184 19695.117188 8585.512085 1874.764404 792.583008 414292.939589 -309.869385 -405.165405 0.061112 -0.022228 26.672763 11.277473 19219.559326 9545.835571 1399.206543 1752.906494 503046.012709 -169.3396 195.369263 0.059569 -0.02271 22.871821 9.822343
20117.5 10541.682129 2325.262451 2746.113892 1294798.697248 27.290039 -1.241455 1.366752 0.97956 10.532551 7.620851 15788.17749 10167.452393 -2004.060059 2371.884155 964209.116449 37.404785 -61.953735 1.080354 -1.846137 10.957443 80.245063 20562.133789 13953.083496 2769.89624 6157.515259 4558731.934388 5.20752 55.012207 -0.165384 0.140473 4.173123 1.950241 15183.612061 12810.220947 -2608.625488 5014.65271 3195166.873963 43.208008 101.451416 0.070682 -0.722992 1.80956 75.821179 19695.258789 16249.173584 1903.02124 8453.605347 7508493.319819 -36.989746 48.808594 -0.000503 0.031998 8e-06 1.637533 17523.077393 10040.39917 -269.160156 2244.830933 511171.310575 -249.79248 -164.694214 0.100753 -0.040621 22.178046 14.875003 18435.576172 17405.422363 643.338623 9609.854126 9276318.090645 23.304443 -9.014893 0.222559 0.027128 6.563078 1.912724 18442.501221 17390.930176 650.263672 9595.361938 9249381.357333 37.836914 -45.682373 0.118692 0.0213 5.367548 1.189927 20003.153076 17180.626221 2210.915527 9385.057983 9296746.08208 23.706055 11.113281 0.059578 0.027361 3.433034 1.577637 19245.311279 9139.837646 1453.07373 1344.269409 391848.351063 -272.263184 -661.524048 0.093633 -0.023648 34.423611 10.881054 19345.3479 8245.357666 1553.110352 449.789429 261446.229431 -349.769287 -340.154419 0.056215 -0.023718 22.569039 12.840324 18980.686035 9331.061401 1188.448486 1535.493164 377014.906154 -238.873291 -214.77417 0.055863 -0.023838 20.114456 10.822086
20182.93457 10553.814697 2469.822998 2883.165283 1441266.769195 65.43457 12.132568 2.527275 1.13232 36.012949 10.183104 15810.231934 10176.566162 -1902.879639 2505.916748 990056.966741 22.054443 9.11377 1.315273 -1.807429 16.240866 76.915288 20588.525391 13983.321533 2875.413818 6312.672119 4811783.391059 26.391602 30.238037 -0.148086 0.171068 3.345825 2.892278 15262.945557 12919.01001 -2450.166016 5248.360596 3354860.244665 79.333496 108.789062 0.092584 -0.647992 3.104803 60.906369 19756.351318 16200.789795 2043.239746 8530.140381 7693812.357718 61.092529 -48.383789 0.181585 0.028973 1.106282 1.342536 17189.047852 9931.906738 -524.063721 2261.257324 538792.746969 -334.029541 -108.492432 0.085464 -0.041824 15.957872 15.769465 18418.366699 17409.428711 705.255127 9738.779297 9534120.698733 -17.209473 4.006348 0.20957 0.027282 5.819406 1.934523 18444.765625 17369.621582 731.654053 9698.972168 9460537.876792 2.264404 -21.308594 0.119286 0.020488 5.421436 1.100883 19940.960693 17162.185059 2227.849121 9491.535645 9505256.059777 -62.192383 -18.441162 0.053148 0.026486 2.731964 1.478335 18452.279053 9389.549561 739.16748 1718.900146 350098.627777 -793.032227 249.711914 0.073436 -0.022365 21.174492 9.732049 18659.622803 8431.904297 946.51123 761.254883 147539.250601 -685.725098 186.546631 0.046613 -0.022901 15.51788 11.970676 18494.764404 9469.192505 781.652832 1798.543091 384573.839936 -485.921631 138.131104 0.048324 -0.023113 15.051774 10.173546
20171.564941 10528.652344 2348.287354 2829.752808 1352195.44469 -11.369629 -25.162354 2.325627 0.815502 30.49538 5.281924 15733.800049 10205.684814 -2089.477539 2506.785278 1064988.881785 -76.431885 29.118652 0.501136 -1.683754 2.357703 66.749435 20602.302246 13948.66333 2779.024658 6249.763794 4678252.553101 13.776855 -34.658203 -0.139056 0.136 2.950233 1.828036 15154.177246 13159.468994 -2669.100342 5460.569458 3694191.544031 -108.768311 240.458984 0.062555 -0.482218 1.41738 33.729461 19758.111572 16211.538086 1934.833984 8512.63855 7620859.762671 1.760254 10.748291 0.186831 0.029645 1.171133 1.405539 16732.48291 10003.258057 -1090.794678 2304.358521 649990.122001 -456.564941 71.351318 0.064566 -0.041033 9.108023 15.178272 18475.684814 17380.362549 652.407227 9681.463013 9415636.125546 57.318115 -29.066162 0.252829 0.026164 8.469794 1.779178 18472.896729 17350.377197 649.619141 9651.477661 9357302.607121 28.131104 -19.244385 0.126669 0.019754 6.113336 1.02344 19995.749512 17192.027588 2172.471924 9493.128052 9483911.446689 54.788818 29.842529 0.058813 0.027903 3.345383 1.640646 17681.153564 9030.669556 -142.124023 1331.77002 179381.062296 -771.125488 -358.880005 0.053796 -0.024209 11.363282 11.403507 18064.32251 8495.799561 241.044922 796.900024 69315.230327 -595.300293 63.895264 0.038278 -0.022621 10.464312 11.679817 17824.979248 9535.222778 1.70166 1836.323242 337208.594545 -669.785156 66.030273 0.037933 -0.022766 9.274417 9.870606
20175.441895 10539.163818 2325.809326 2773.74939 1310307.469828 3.876953 10.511475 2.394387 0.947852 32.325307 7.135469 15653.786621 10238.416748 -2195.845947 2473.002319 1093747.989556 -80.013428 32.731934 -0.35115 -1.544733 1.157613 56.181974 20617.324219 14029.674072 2767.69165 6264.259644 4690106.595351 15.021973 81.010742 -0.129211 0.217967 2.547243 4.695552 15058.388672 13284.87793 -2791.243896 5519.463501 3825551.982827 -95.788574 125.408936 0.03611 -0.39576 0.472286 22.718842 19762.294922 16249.981689 1912.662354 8484.567261 7564615.888061 4.18335 38.443604 0.1993 0.032048 1.332665 1.642708 16461.522217 10235.276489 -1388.110352 2469.862061 802706.894624 -270.960693 232.018433 0.052164 -0.038459 5.945081 13.333924 18468.536377 17341.757812 618.903809 9576.343384 9208939.452853 -7.148438 -38.604736 0.247434 0.024678 8.112184 1.582904 18461.876221 17347.443848 612.243652 9582.029419 9219013.007537 -11.020508 -2.93335 0.123777 0.019642 5.837331 1.011884 20007.714844 17203.19458 2158.082275 9437.780151 9372901.32929 11.965332 11.166992 0.06005 0.028432 3.487606 1.703555 17543.006592 8779.72229 -306.625977 1014.307861 112283.992705 -138.146973 -250.947266 0.050278 -0.025499 9.925524 12.65093 17465.965576 8206.758423 -383.666992 441.343994 34198.488206 -598.356934 -289.041138 0.0299 -0.023887 6.384854 13.024074 17530.279541 8981.633301 -319.353027 1216.218872 158117.470085 -294.699707 -553.589478 0.033361 -0.025673 7.173407 12.552144
20216.931152 10542.402344 2403.867188 2722.844849 1319246.152487 41.489258 3.238525 3.130225 0.988628 55.246513 7.762603 15755.664062 10254.343262 -2057.399902 2434.785767 1016107.608741 101.877441 15.926514 0.734027 -1.477088 5.058267 51.369267 20631.193848 14039.720459 2818.129883 6220.162964 4663228.333347 13.869629 10.046387 -0.12012 0.228132 2.201431 5.143721 14897.648926 13397.476807 -2915.415039 5577.919312 3961282.869586 -160.739746 112.598877 -0.008268 -0.318133 0.02476 14.680492 19723.220215 16293.244629 1910.15625 8473.687134 7545207.054076 -39.074707 43.262939 0.082837 0.034753 0.230225 1.931711 16397.817383 10599.536133 -1415.246582 2779.978638 973120.411399 -63.704834 364.259644 0.049248 -0.034418 5.299033 10.679304 18474.719238 17399.44458 661.655273 9579.887085 9221202.426147 6.182861 57.686768 0.2521 0.026898 8.421039 1.880429 18482.593994 17389.473877 669.530029 9569.916382 9203157.001546 20.717773 42.030029 0.129214 0.021245 6.361473 1.183731 20014.294434 17167.160645 2201.230469 9347.603149 9222310.021549 6.57959 -36.033936 0.06073 0.026723 3.567074 1.50481 17229.833984 9224.142456 -583.22998 1404.584961 231301.612261 -313.172607 444.420166 0.042302 -0.023215 7.026169 10.485973 16801.525879 8379.660034 -1011.538086 560.102539 133692.415357 -664.439697 172.901611 0.020596 -0.023129 3.029687 12.211155 17007.706299 9905.493164 -805.357666 2085.935669 499972.858519 -522.573242 923.859863 0.025253 -0.020822 4.110418 8.256672
20237.950439 10523.708496 2402.001953 2738.403931 1326846.947029 21.019287 -18.693848 3.503015 0.753255 69.189109 4.506354 15740.162354 10323.862305 -2095.786133 2538.557739 1083659.491003 -15.501709 69.519043 0.568906 -1.181822 3.038497 32.884773 20707.36084 13942.244873 2871.412354 6156.940308 4615292.285548 76.166992 -97.475586 -0.070198 0.129506 0.751836 1.657622 14654.707031 13588.7854 -3181.241455 5803.480835 4380068.699727 -242.941895 191.308594 -0.07534 -0.186243 2.055944 5.031343 19824.104004 16180.386963 1988.155518 8395.082397 7443017.082223 100.883789 -112.857666 0.383524 0.027697 4.935042 1.226914 16448.173828 11026.943359 -1387.774658 3241.638794 1243414.057236 50.356445 427.407227 0.051553 -0.029677 5.806635 7.939818 18428.303223 17270.098877 592.354736 9484.794312 9031220.726556 -46.416016 -129.345703 0.21707 0.021921 6.243338 1.248978 18407.27417 17350.970459 571.325684 9565.665894 9182837.702385 -75.319824 -38.503418 0.109446 0.019777 4.563887 1.025786 19986.279297 17185.996094 2150.330811 9400.691528 9299692.380542 -28.015137 18.835449 0.057834 0.027616 3.234916 1.60716 17550.317383 9964.325562 -285.631104 2179.020996 482971.762871 320.483398 740.183105 0.050464 -0.019411 9.999175 7.330884 17598.138428 9947.46521 -237.810059 2162.160645 473149.227673 796.612549 1567.805176 0.03175 -0.016261 7.199703 6.035532 17351.069336 10703.708496 -484.87915 2918.403931 875218.9293 343.363037 798.215332 0.03058 -0.016631 6.027524 5.267165
20213.544922 10531.196289 2395.534668 2711.820068 1309255.44286 -24.405518 7.487793 3.070168 0.847533 53.146917 5.704991 15786.014404 10442.664795 -2031.99585 2623.288574 1101065.007646 45.852051 118.80249 1.057313 -0.677236 10.495047 10.79869 20770.395508 14015.469971 2952.385254 6196.09375 4710815.644627 63.034668 73.225098 -0.028883 0.203595 0.127281 4.096761 14531.323242 13675.999756 -3286.687012 5856.623535 4510235.074555 -123.383789 87.214355 -0.109404 -0.126117 4.335384 2.307116 19799.035645 16225.458984 1981.025391 8406.082764 7458668.9028 -25.068359 45.072021 0.308807 0.030515 3.199484 1.489286 16563.525391 11456.813965 -1254.484863 3637.437744 1480468.56147 115.351562 429.870605 0.056833 -0.024909 7.056889 5.593327 18440.681152 17286.116943 622.670898 9466.740723 9000689.895776 12.37793 16.018066 0.226411 0.022537 6.792276 1.320192 18392.811279 17380.64209 574.801025 9561.265869 9174820.123918 -14.462891 29.671631 0.10565 0.020908 4.252796 1.146503 20000.288086 17207.941895 2182.277832 9388.565674 9290750.194796 14.008789 21.945801 0.059282 0.028658 3.398981 1.730658 18271.466064 10867.351074 453.455811 3047.974854 949577.287978 721.148682 903.025513 0.068831 -0.01477 18.602125 4.24431 18282.139893 10528.980713 464.129639 2709.604492 755737.282558 684.001465 581.515503 0.041328 -0.013713 12.198261 4.29249 17552.602539 11208.424072 -265.407715 3389.047852 1155608.659528 201.533203 504.715576 0.033707 -0.01398 7.323122 3.72219
20191.451416 10539.851074 2420.932617 2706.081543 1318379.205416 -22.093506 8.654785 2.678326 0.956505 40.446479 7.266347 15742.390137 10516.147461 -2028.128662 2682.37793 1130845.722774 -43.624268 73.482666 0.592636 -0.365136 3.297263 3.139059 20771.379395 13996.697998 3000.860596 6162.928467 4698685.16017 0.983887 -18.771973 -0.028238 0.184602 0.121661 3.368038 14484.781494 13813.259277 -3285.737305 5979.489746 4655036.725906 -46.541748 137.259521 -0.122253 -0.031489 5.413558 0.143827 19792.695312 16228.502197 2022.176514 8394.732666 7456073.438632 -6.340332 3.043213 0.289909 0.030705 2.819879 1.507917 16540.935059 11570.264893 -1229.58374 3736.495361 1547327.375948 -22.590332 113.450928 0.055799 -0.02365 6.802449 5.042419 18451.169434 17238.234863 680.650635 9404.465332 8890725.346798 10.488281 -47.88208 0.234327 0.020695 7.275511 1.113185 18382.596436 17345.321045 612.077637 9511.551514 9084425.12306 -10.214844 -35.321045 0.102969 0.019561 4.039695 1.003562 19893.574219 17204.189453 2123.05542 9370.419922 9231213.382833 -106.713867 -3.752441 0.048248 0.02848 2.251483 1.709217 18241.125488 10926.555176 470.606689 3092.785645 978679.369918 -30.340576 59.204102 0.068058 -0.014465 18.186796 4.071227 18408.292236 10107.808838 637.773438 2274.039307 557800.972573 126.152344 -421.171875 0.043094 -0.015558 13.263262 5.52533 17632.888184 11165.861816 -137.630615 3332.092285 1112178.118305 80.285645 -42.562256 0.034952 -0.014204 7.874358 3.842148
20215.162354 10581.682129 2416.027832 2702.443848 1314039.323488 23.710938 41.831055 3.098854 1.483197 54.144714 17.47188 15709.289551 10455.299072 -2089.844971 2576.060791 1100354.120058 -33.100586 -60.848389 0.240056 -0.623575 0.541004 9.155208 20776.276855 14064.501953 2977.142334 6185.263672 4712086.316742 4.897461 67.803955 -0.025028 0.253206 0.095574 6.336549 14544.854736 13883.398438 -3254.279785 6004.160156 4664027.610198 60.073242 70.13916 -0.105668 0.016866 4.044359 0.04126 19746.550293 16245.345459 1947.415771 8366.107178 7378417.749636 -46.14502 16.843262 0.152373 0.031758 0.77897 1.613126 15946.131592 11781.619873 -1853.00293 3902.381592 1866220.194543 -594.803467 211.35498 0.028574 -0.021306 1.783883 4.092248 18412.490234 17335.958252 613.355713 9456.719971 8980575.783483 -38.679199 97.723389 0.205135 0.024455 5.575706 1.554409 18391.800537 17409.428711 592.666016 9530.19043 9117578.263218 9.204102 64.107666 0.105385 0.022005 4.231466 1.270036 19913.175049 17157.692871 2114.040527 9278.45459 9055888.692704 19.60083 -46.496582 0.050275 0.026273 2.444597 1.454635 17410.842285 10583.389893 -388.292236 2704.151611 746320.679784 -830.283203 -343.165283 0.046912 -0.016229 8.641018 5.12455 17526.473389 10438.726807 -272.661133 2559.488525 662532.560495 -881.818848 330.917969 0.030747 -0.014109 6.751815 4.543594 17318.481445 11422.004395 -480.653076 3542.766113 1278221.911305 -314.406738 256.142578 0.030075 -0.012859 5.829863 3.148959
20210.958252 10562.23877 2404.482422 2689.266968 1301369.254106 -4.204102 -19.443359 3.024292 1.238387 51.570481 12.180205 15723.554688 10604.379883 -2082.921143 2731.408081 1179915.059145 14.265137 149.080811 0.392005 0.009611 1.442647 0.002175 20776.193848 14058.139648 2969.718018 6185.167847 4707552.639553 -0.083008 -6.362305 -0.025083 0.246769 0.09599 6.018449 14602.132568 14029.141846 -3204.343262 6156.170044 4816624.534889 57.277832 145.743408 -0.089855 0.117342 2.924446 1.997253 19749.775391 16283.33374 1943.299561 8410.361938 7451060.11182 3.225098 37.988281 0.161985 0.034134 0.880353 1.863438 15308.026123 12170.855713 -2498.449707 4297.883911 2471405.705214 -638.105469 389.23584 -0.000632 -0.016988 0.000873 2.601708 18394.698486 17361.296387 588.222656 9488.324585 9037430.93229 -17.791748 25.338135 0.191708 0.02543 4.869652 1.680808 18377.419434 17403.062744 570.943604 9530.090942 9114860.996848 -14.381104 -6.365967 0.10161 0.021763 3.933784 1.242173 19852.144775 17224.320068 2045.668945 9351.348267 9163247.583709 -61.030273 66.627197 0.043965 0.029435 1.869449 1.825803 16131.578369 10296.44165 -1674.897461 2423.469849 867848.761189 -1279.263916 -286.948242 0.014331 -0.017704 0.806407 6.098248 16616.422119 10271.418457 -1190.053711 2398.446655 716877.419311 -910.05127 -167.30835 0.018005 -0.014842 2.315168 5.027956 16666.496582 11275.003662 -1139.979248 3402.03186 1287337.346482 -651.984863 -147.000732 0.019959 -0.013631 2.56773 3.538357
20206.263428 10548.041992 2396.968994 2656.578979 1280287.223315 -4.694824 -14.196777 2.941026 1.059636 48.76987 8.917752 15648.476562 10517.390137 -2160.817871 2625.927124 1156462.713272 -75.078125 -86.989746 -0.407712 -0.359858 1.560573 3.048966 20758.786621 14030.074463 2949.492188 6138.61145 4638205.470059 -17.407227 -28.065186 -0.036492 0.218372 0.203174 4.713023 14547.23999 14090.718994 -3262.054443 6199.255981 4907177.391493 -54.892578 61.577148 -0.10501 0.159794 3.994107 3.703781 19758.116455 16264.073486 1948.822021 8372.610474 7389851.341461 8.341064 -19.260254 0.186846 0.032929 1.171315 1.734273 15044.139404 12534.27124 -2765.155029 4642.808228 2920175.057375 -263.886719 363.415527 -0.01271 -0.012957 0.352969 1.513456 18390.3125 17330.058594 581.018066 9438.595581 8942466.85362 -4.385986 -31.237793 0.188398 0.024228 4.702938 1.525688 18353.686523 17386.574707 544.39209 9495.111694 9045350.88354 -23.73291 -16.488037 0.095381 0.021134 3.466266 1.171445 19865.594482 17190.395508 2056.300049 9298.932495 9069851.543956 13.449707 -33.924561 0.045355 0.027825 1.989582 1.631551 15968.216553 11037.880859 -1841.077881 3146.417847 1328951.302929 -163.361816 741.439209 0.01017 -0.013893 0.406145 3.755525 15827.512207 10515.362549 -1981.782227 2623.899536 1081230.956924 -788.909912 243.944092 0.006958 -0.013773 0.345809 4.329921 15688.747559 11085.72876 -2120.546875 3194.265747 1470005.271198 -977.749023 -189.274902 0.00479 -0.014625 0.14788 4.073158
20159.858398 10559.228516 2396.748047 2708.036499 1307786.288024 -46.405029 11.186523 2.118005 1.200485 25.293423 11.446043 15701.37085 10585.534668 -2061.739502 2734.342651 1172739.9509 52.894287 68.144531 0.155707 -0.07043 0.227612 0.11679 20740.927734 13991.534424 2977.817383 6140.342407 4657120.124337 -17.858887 -38.540039 -0.048197 0.179377 0.35442 3.180094 14335.356445 14081.170654 -3427.753906 6229.978638 5056213.066795 -211.883545 -9.54834 -0.163507 0.153211 9.683534 3.404913 19715.5896 16221.274414 1952.479248 8370.082397 7387045.455434 -42.526855 -42.799072 0.060093 0.030253 0.12116 1.463857 14934.342041 12887.965088 -2828.768311 5036.773071 3337101.312642 -109.797363 353.693848 -0.017736 -0.009034 0.687263 0.735666 18390.300293 17323.436279 627.189941 9472.244263 9011677.859477 -0.012207 -6.622314 0.188388 0.023973 4.702478 1.493767 18360.445557 17368.759766 597.335205 9517.567749 9094090.520448 6.759033 -17.814941 0.097155 0.020455 3.596402 1.097354 19896.866455 17185.054932 2133.756104 9333.862915 9167391.202603 31.271973 -5.340576 0.048589 0.027572 2.283364 1.601966 16342.370605 12095.325928 -1420.739746 4244.133911 2003117.408176 374.154053 1057.445068 0.0197 -0.008458 1.523748 1.391986 16130.925293 12019.753418 -1632.185059 4168.561401 2004093.222247 303.413086 1504.390869 0.011207 -0.007182 0.896965 1.177453 15379.448242 13033.695068 -2383.662109 5182.503052 3254018.293315 -309.299316 1947.966309 -9e-06 -0.004396 0.0 0.368023
20120.55542 10547.999268 2328.884277 2685.9729 1263815.239889 -39.302979 -11.229248 1.420942 1.059098 11.384309 8.9087 15616.114502 10578.583984 -2175.556641 2716.557617 1211273.198407 -85.256348 -6.950684 -0.752426 -0.099951 5.315019 0.235216 20787.30957 13948.186035 2995.638428 6086.159668 4601518.909373 46.381836 -43.348389 -0.017797 0.135517 0.048326 1.815076 14243.914795 13911.586914 -3547.756348 6049.560547 4918375.791264 -91.44165 -169.58374 -0.188752 0.036299 12.904653 0.191123 19789.162598 16098.21167 1997.491455 8236.185303 7182472.045409 73.572998 -123.062744 0.27938 0.022559 2.618765 0.813936 14859.202881 12984.973145 -2932.468262 5122.946777 3484395.378948 -75.13916 97.008057 -0.021175 -0.007957 0.979639 0.57084 18386.989746 17307.983398 595.318604 9445.957031 8958050.847591 -3.310547 -15.452881 0.18589 0.023379 4.578572 1.420594 18360.732422 17363.963623 569.061279 9501.937256 9061064.235388 0.286865 -4.796143 0.097231 0.020272 3.601978 1.077821 19910.927734 17210.819092 2119.256592 9348.792725 9189117.390958 14.061279 25.76416 0.050043 0.028794 2.422053 1.747188 16940.106201 12772.924805 -851.564941 4910.898438 2484208.631287 597.735596 677.598877 0.034923 -0.004976 4.788744 0.481701 16658.863525 12903.648682 -1132.807617 5041.622314 2670120.865915 527.938232 883.895264 0.018599 -0.00331 2.470518 0.250064 15526.065674 13428.808594 -2265.605469 5566.782227 3612203.2498 146.617432 395.113525 0.002266 -0.002321 0.033095 0.102616
20107.808838 10531.394043 2326.326904 2653.214722 1245134.522499 -12.746582 -16.605225 1.194874 0.850023 8.050037 5.738561 15642.554932 10615.028076 -2138.927002 2736.848755 1206534.982679 26.44043 36.444092 -0.470788 0.054837 2.080789 0.070799 20839.58252 13852.973633 3058.100586 5974.794312 4505014.625872 52.272949 -95.212402 0.016464 0.039181 0.041357 0.151727 14118.778076 13776.002197 -3662.703857 5897.822876 4819971.422357 -125.136719 -135.584717 -0.223301 -0.057174 18.060949 0.47416 19808.637695 15987.679443 2027.155762 8109.500122 6987335.271213 19.475098 -110.532227 0.337426 0.015648 3.82 0.391626 15039.34082 13074.694824 -2742.141113 5196.515503 3452311.125734 180.137939 89.72168 -0.01293 -0.006962 0.365273 0.436978 18321.055908 17175.609131 539.573975 9297.42981 8673334.113796 -65.933838 -132.374268 0.136129 0.018286 2.455379 0.869063 18313.587646 17330.437012 532.105713 9452.25769 8962831.193598 -47.144775 -33.526611 0.084857 0.018994 2.743531 0.946177 19833.300781 17187.786865 2051.818848 9309.607544 9087875.320588 -77.626953 -23.032227 0.042016 0.027701 1.707426 1.617066 17084.118652 13462.44751 -697.363281 5584.268188 3167036.674687 144.012451 689.522705 0.038591 -0.001432 5.847436 0.039889 16992.039795 13665.246582 -789.442139 5787.067261 3411336.637066 333.17627 761.5979 0.023264 2.7e-05 3.865288 1.6e-05 15875.770264 13937.711182 -1905.71167 6059.53186 4034966.333549 349.70459 508.902588 0.007691 0.000351 0.381311 0.002345
20104.415283 10536.373291 2366.025391 2666.015625 1270571.546183 -3.393555 4.979248 1.134687 0.912716 7.259488 6.616273 15644.047852 10601.35498 -2094.342041 2730.997314 1184461.491632 1.49292 -13.673096 -0.454886 -0.003237 1.942593 0.000247 20935.581055 13735.496826 3197.191162 5865.13916 4462188.869507 95.998535 -117.476807 0.079384 -0.079682 0.961486 0.627514 14012.745361 13691.635742 -3725.644531 5821.278076 4776770.561335 -106.032715 -84.366455 -0.252574 -0.115337 23.106779 1.929578 19892.385254 15727.280273 2153.995361 7856.922607 6637092.887564 83.747559 -260.39917 0.587038 -0.000633 11.562155 0.000641 15036.080322 13191.878662 -2702.30957 5321.520996 3562106.272567 -3.260498 117.183838 -0.013079 -0.005662 0.373753 0.289039 18288.087158 16920.946045 549.697266 9050.588379 8221531.708823 -32.96875 -254.663086 0.111247 0.008488 1.639812 0.187243 18299.285889 17184.318848 560.895996 9313.961182 8706447.721154 -14.301758 -146.118164 0.081103 0.013422 2.506179 0.472519 19804.72168 17042.51709 2066.331787 9172.159424 8839823.555054 -28.579102 -145.269775 0.039062 0.020808 1.475713 0.912377 17074.077148 13571.889648 -664.312744 5701.531982 3294877.836861 -10.041504 109.442139 0.038335 -0.000869 5.770191 0.014704 17027.114258 13868.991699 -711.275635 5998.634033 3648952.329291 35.074463 203.745117 0.023755 0.000919 4.030205 0.01929 15931.900635 14365.797119 -1806.489258 6495.439453 4545413.71278 56.130371 428.085938 0.008562 0.002599 0.472544 0.128619
20115.889893 10547.299805 2373.745117 2678.825684 1281077.292445 11.474609 10.926514 1.338196 1.050292 10.097025 8.761156 15627.796631 10620.113525 -2114.348145 2751.639404 1204198.748756 -16.251221 18.758545 -0.62799 0.076436 3.702399 0.137557 21101.101074 13612.298584 3358.956299 5743.824463 4427410.687794 165.52002 -123.198242 0.187871 -0.204334 5.385095 4.126539 13845.087891 13435.936279 -3897.056885 5567.462158 4618368.724612 -167.657471 -255.699463 -0.298862 -0.291619 32.352014 12.335419 19966.136475 15340.601807 2223.991699 7472.127686 6077883.122731 73.751221 -386.678467 0.806855 -0.02481 21.842285 0.984471 14915.939941 13298.33252 -2826.204834 5429.858398 3747079.599072 -120.140381 106.453857 -0.018578 -0.004481 0.754089 0.181054 18299.423828 16789.924316 557.279053 8921.450195 7990283.353006 11.33667 -131.021729 0.119803 0.003447 1.901746 0.030877 18469.21875 17055.876465 727.073975 9187.402344 8493699.83905 169.932861 -128.442383 0.125704 0.008525 6.020513 0.190618 19867.297363 16839.851074 2125.152588 8971.376953 8500187.795688 62.575684 -202.666016 0.045531 0.01119 2.005059 0.263886 16836.871338 13785.847168 -905.273438 5917.373047 3583482.377253 -237.205811 213.95752 0.032294 0.00023 4.094831 0.001032 16908.035889 14160.605469 -834.108887 6292.131348 4028665.453106 -119.078369 291.61377 0.022088 0.002197 3.484316 0.11016 15808.289795 14536.253662 -1933.85498 6667.779541 4819907.909307 -123.61084 170.456543 0.006645 0.003494 0.28457 0.232471
20099.592285 10491.014404 2375.655518 2629.419556 1255758.633791 -16.297607 -56.2854 1.049148 0.341605 6.206225 0.92681 15614.031982 10619.801025 -2109.904785 2758.206177 1205939.951593 -13.764648 -0.3125 -0.774609 0.075108 5.633027 0.132822 21193.94043 13546.223145 3470.003662 5684.628296 4435592.427758 92.839355 -66.075439 0.248721 -0.271189 9.438383 7.268579 13721.268311 13322.2229 -4002.668457 5460.628052 4583981.349656 -123.81958 -113.713379 -0.333046 -0.370014 40.176267 19.859064 20041.99707 14932.23999 2318.060303 7070.645142 5536742.628557 75.860596 -408.361816 1.03296 -0.050342 35.799231 4.053401 14842.615967 13356.027832 -2881.320801 5494.432983 3849080.336607 -73.323975 57.695312 -0.021934 -0.003841 1.051144 0.133034 18292.833252 15925.953369 568.896484 8064.358521 6535752.155722 -6.590576 -863.970947 0.114829 -0.029794 1.74711 2.307227 18289.293213 16309.313965 565.356445 8447.719116 7168358.617665 -179.925537 -746.5625 0.078481 -0.01994 2.346712 1.042785 19731.395264 16312.43042 2007.458496 8450.835571 7544651.14665 -135.9021 -527.420654 0.03148 -0.013838 0.958458 0.403519 16825.109863 14055.466309 -898.826904 6193.87146 3917193.346641 -11.761475 269.619141 0.031994 0.001616 4.019218 0.050814 16835.854492 14439.72168 -888.082275 6578.126831 4406044.27333 -72.181396 279.116211 0.021077 0.00342 3.172746 0.266925 15758.221436 14731.248779 -1965.715332 6869.653931 5105618.189367 -50.068359 194.995117 0.005868 0.004518 0.221923 0.388692
20081.994629 10465.877686 2326.94458 2567.803955 1200828.823047 -17.597656 -25.136719 0.737043 0.02511 3.062947 0.005008 15637.62085 10588.146973 -2117.429199 2690.073242 1172000.046204 23.588867 -31.654053 -0.523345 -0.059335 2.571302 0.082891 21418.745117 13395.734863 3663.695068 5497.661133 4364693.948516 224.804688 -150.488281 0.396064 -0.423453 23.933447 17.722137 13616.612549 13278.222656 -4138.4375 5380.148926 4607266.740499 -104.655762 -44.000244 -0.36194 -0.400348 47.449693 23.248673 20338.87085 14357.700195 2583.820801 6459.626465 4840290.399586 296.873779 -574.539795 1.9178 -0.086265 123.399555 11.902029 14805.334473 13306.168213 -2949.715576 5408.094482 3794830.791111 -37.281494 -49.859619 -0.023641 -0.004395 1.221055 0.174099 19526.968994 15128.059082 1771.918945 7229.985352 5541238.493257 1234.135742 -797.894287 1.046246 -0.060493 145.039563 9.511182 19714.233398 15397.058105 1959.18335 7498.984375 6007316.605388 1424.940186 -912.255859 0.452472 -0.054722 78.004212 7.853867 19384.122314 15572.437744 1629.072266 7674.364014 6154973.946097 -347.272949 -739.992676 -0.004426 -0.048953 0.018947 5.050027 16668.066406 14055.385742 -1086.983643 6157.312012 3909402.464889 -157.043457 -0.080566 0.027995 0.001616 3.077131 0.050788 16887.1521 14443.464355 -867.897949 6545.390625 4359538.52841 51.297607 3.742676 0.021795 0.003436 3.392671 0.269491 15654.556885 14934.814453 -2100.493164 7036.740723 5392779.153016 -103.664551 203.565674 0.004259 0.005587 0.11694 0.594383
20066.096191 10439.014893 2305.830078 2564.241333 1189218.596309 -15.898438 -26.862793 0.455074 -0.313118 1.167667 0.778677 15592.823486 10591.817627 -2167.442627 2717.044067 1208013.600523 -44.797363 3.670654 -1.000517 -0.043744 9.397803 0.045054 21598.374023 13490.992432 3838.10791 5616.218872 4627298.6749 179.628906 95.257568 0.513798 -0.327072 40.277207 10.572817 13506.376953 13363.046875 -4253.88916 5488.273315 4821671.697175 -110.235596 84.824219 -0.392374 -0.341869 55.764911 16.952875 20014.599609 13875.194092 2254.333496 6000.420532 4108706.607518 -324.27124 -482.506104 0.951301 -0.116433 30.36286 21.682331 14879.525146 13303.792725 -2880.740967 5429.019165 3777291.761214 74.190674 -2.375488 -0.020245 -0.004421 0.895464 0.176193 17887.016602 13716.806641 126.750488 5842.033081 3414541.620642 -1639.952393 -1411.252441 -0.191446 -0.11479 4.856366 34.248044 18177.028809 14490.878906 416.762695 6616.105347 4394654.110257 -1537.20459 -906.179199 0.049016 -0.089273 0.915384 20.902419 19462.08252 14847.261963 1701.816406 6972.488403 5151177.361502 77.960205 -725.175781 0.003635 -0.083366 0.012777 14.645505 16834.472656 13968.756104 -925.793457 6093.982544 3799371.677099 166.40625 -86.629639 0.032233 0.00117 4.079353 0.026653 17150.880127 14475.072021 -609.385986 6600.298462 4393529.106668 263.728027 31.607666 0.025488 0.003575 4.639666 0.291649 15993.933105 14901.265869 -1766.333008 7026.49231 5249152.647094 339.376221 -33.548584 0.009525 0.00541 0.584742 0.557489
20051.616211 10373.812256 2296.982422 2472.883911 1139128.308434 -14.47998 -65.202637 0.198263 -1.134081 0.221635 10.214792 15595.895996 10588.80127 -2158.737793 2687.872925 1188480.971869 3.07251 -3.016357 -0.96779 -0.056556 8.793039 0.075309 21761.447754 13447.575684 4006.813965 5546.647339 4681985.485063 163.07373 -43.416748 0.620682 -0.371001 58.777592 13.603621 13492.570801 13344.768066 -4262.062988 5443.839722 4780057.183141 -13.806152 -18.278809 -0.396185 -0.354471 56.853608 18.225702 19948.499756 13314.219971 2193.865967 5413.291626 3411677.410814 -66.099854 -560.974121 0.754288 -0.151507 19.08894 36.713104 15229.543457 13354.489746 -2525.090332 5453.561401 3611741.31434 350.018311 50.697021 -0.004224 -0.003859 0.038989 0.134219 17639.51416 12849.180908 -115.119629 4948.252563 2449845.596091 -247.502441 -867.625732 -0.378239 -0.148172 18.956218 57.063294 17468.538818 13477.65625 -286.094971 5576.727905 3118174.446172 -708.48999 -1013.222656 -0.136935 -0.127905 7.14441 42.907408 18573.059082 13978.588867 818.425293 6077.660522 3760777.738645 -889.023438 -868.673096 -0.088285 -0.124588 7.538418 32.709892 17240.993652 13756.325684 -513.640137 5855.397339 3454950.418606 406.520996 -212.43042 0.042586 7.9e-05 7.120902 0.00012 17596.569824 14495.606689 -158.063965 6594.678345 4351476.668739 445.689697 20.534668 0.031728 0.003664 7.189746 0.306514 16533.55957 14778.631592 -1221.074219 6877.703247 4879382.420246 539.626465 -122.634277 0.017897 0.004767 2.064482 0.432684
20064.381104 10279.133301 2299.970703 2384.069214 1097365.125174 12.764893 -94.678955 0.424656 -2.326178 1.016785 42.976161 15655.216064 10566.738281 -2109.194336 2671.674194 1158654.374743 59.320068 -22.062988 -0.335924 -0.150263 1.059399 0.531613 21810.673828 13364.206543 4046.263428 5469.142456 4628376.693124 49.226074 -83.369141 0.652946 -0.455354 65.04716 20.492869 13617.437744 13417.194824 -4146.972656 5522.130737 4769131.009157 124.866943 72.426758 -0.361712 -0.304539 47.389977 13.452706 19726.605225 12886.850586 1962.194824 4991.786499 2876814.098002 -221.894531 -427.369385 0.092926 -0.178228 0.28972 50.805004 15642.076416 13328.637695 -2122.333984 5433.573608 3402802.369912 412.532959 -25.852051 0.014658 -0.004145 0.469392 0.15491 17771.97876 12379.698486 7.568359 4484.634399 2011200.297647 132.4646 -469.482422 -0.278267 -0.166235 10.25984 71.824128 17048.969727 12567.716064 -715.440674 4672.651978 2234553.186097 -419.569092 -909.940186 -0.247056 -0.162599 23.255489 69.341587 17099.005127 12958.804932 -665.405273 5063.740845 2608423.552047 -1474.053955 -1019.783936 -0.240694 -0.172981 56.031722 63.055458 17604.371338 13087.218018 -160.039062 5192.153931 2698407.494124 363.377686 -669.107666 0.051841 -0.00336 10.552175 0.219705 18297.747803 14077.995605 533.337402 6182.931519 3851309.094788 701.177979 -417.611084 0.041546 0.001835 12.32761 0.076854 17417.519531 14368.951416 -346.890869 6473.887329 4203155.042499 883.959961 -409.680176 0.031611 0.002615 6.440786 0.130263
20072.353516 10273.151855 2330.129395 2378.007812 1108442.415157 7.972412 -5.981445 0.566052 -2.40149 1.806618 45.80399 15621.729736 10534.835205 -2120.494385 2639.691162 1146446.586714 -33.486328 -31.903076 -0.692614 -0.285764 4.503596 1.922674 21831.252441 13245.805664 4089.02832 5350.661621 4534973.238776 20.578613 -118.400879 0.666434 -0.575152 67.762259 32.694149 13756.610107 13536.478271 -3985.614014 5641.334229 4770977.09438 139.172363 119.283447 -0.323289 -0.222304 37.856662 7.168337 19596.987305 12569.066162 1854.763184 4673.922119 2528569.444301 -129.61792 -317.784424 -0.293404 -0.198098 2.888278 62.764053 15973.338623 13272.004395 -1768.885498 5376.860352 3203958.314541 331.262207 -56.633301 0.02982 -0.004774 1.942757 0.20542 17717.825928 12280.876465 -24.398193 4385.732422 1923524.414812 -54.152832 -98.822021 -0.319136 -0.170037 13.494946 75.147234 16666.776123 12346.499023 -1075.447998 4451.35498 2097114.955865 -382.193604 -221.217041 -0.347367 -0.171034 45.973932 76.722125 16761.297607 12443.492432 -980.926514 4548.348389 2164968.988996 -337.70752 -515.3125 -0.275611 -0.197434 73.467723 82.143406 17652.349854 12830.408936 -89.874268 4935.264893 2436491.694389 47.978516 -256.809082 0.053063 -0.00468 11.055488 0.426195 18635.063477 13830.002441 892.839355 5934.858398 3601970.632418 337.315674 -247.993164 0.046269 0.000748 15.289767 0.012787 17768.046875 13931.78833 25.822754 6036.644287 3644174.106371 350.527344 -437.163086 0.037049 0.00032 8.847526 0.001948
19973.503418 10237.445679 2194.781494 2339.568481 1029064.648639 -98.850098 -35.706177 -1.187115 -2.851065 7.945832 64.558855 15650.163574 10554.177246 -2128.55835 2656.300049 1158669.05971 28.433838 19.342041 -0.389742 -0.203613 1.426042 0.976118 21842.321777 13107.955322 4063.599854 5210.078125 4365775.78381 11.069336 -137.850342 0.673689 -0.714629 69.245686 50.473828 13981.419678 13609.859619 -3797.302246 5711.982422 4704624.7536 224.80957 73.381348 -0.261223 -0.171714 24.716283 4.276976 19328.946533 12275.043945 1550.224609 4377.166748 2156278.507972 -268.040771 -294.022217 -1.092307 -0.216481 40.030978 74.953581 16318.153076 13212.974854 -1460.568848 5315.097656 3038352.445422 344.814453 -59.029541 0.045602 -0.005428 4.543412 0.265642 17427.958984 12135.50415 -350.762939 4237.626953 1808051.683355 -289.866943 -145.372314 -0.537903 -0.17563 38.337674 80.172277 16241.260986 12107.579346 -1537.460938 4209.702148 2008537.83129 -425.515137 -238.919678 -0.459048 -0.180143 80.288079 85.112445 16502.840576 12350.738525 -1275.881348 4452.861328 2145584.722081 -258.457031 -92.753906 -0.302334 -0.201836 88.405112 85.846793 18099.639893 12844.973145 320.917969 4947.095947 2457674.665412 447.290039 14.564209 0.064455 -0.004605 16.311931 0.412671 19066.429443 13597.036133 1287.70752 5699.158936 3413860.322848 431.365967 -232.966309 0.052309 -0.000272 19.542109 0.001691 18381.330566 13796.871338 602.608643 5898.994141 3516126.904724 613.283691 -134.916992 0.046564 -0.000389 13.975418 0.002876
20009.001465 10221.141357 2245.985107 2322.333374 1043768.140286 35.498047 -16.304321 -0.557535 -3.056352 1.752664 74.190496 15652.703857 10577.399902 -2110.3125 2678.591919 1162827.35159 2.540283 23.222656 -0.362684 -0.10498 1.234904 0.259482 21800.517578 12978.187256 4037.501221 5079.379272 4210150.990069 -41.804199 -129.768066 0.646289 -0.845929 63.727624 70.724886 14163.791504 13710.704346 -3599.224854 5811.896362 4673255.887234 182.371826 100.844727 -0.210873 -0.102191 16.106585 1.514782 19239.490967 12155.266113 1476.474609 4256.45813 2029741.308357 -89.455566 -119.777832 -1.358932 -0.22397 61.95867 80.229207 16449.095459 13217.976074 -1313.920898 5319.168091 3001993.730575 130.942383 5.001221 0.051596 -0.005373 5.816141 0.26024 17518.62793 12197.401123 -244.388428 4298.59314 1853762.868384 90.668945 61.896973 -0.469474 -0.173249 29.2039 78.012823 16103.045654 12099.744873 -1659.970703 4200.93689 2040337.348604 -138.215332 -7.834473 -0.495324 -0.180442 93.478956 85.394945 16599.28833 12453.75 -1163.728027 4554.942017 2210175.969623 96.447754 103.011475 -0.292362 -0.196948 82.669407 81.738866 18076.867676 12854.486084 313.851318 4955.678101 2465724.808666 -22.772217 9.512939 0.063875 -0.004557 16.019696 0.403956 19116.583252 13473.881836 1353.566895 5575.073853 3291359.179924 50.153809 -123.154297 0.053011 -0.000812 20.070333 0.015039 18394.365234 13643.55957 631.348877 5744.751587 3340077.219978 13.034668 -153.311768 0.046767 -0.001194 14.097072 0.027133
20039.506836 10238.540039 2263.17749 2383.083496 1080105.930166 30.505371 17.398682 -0.016504 -2.837286 0.001536 63.936345 15624.570312 10577.128906 -2151.759033 2721.672363 1203756.739002 -28.133545 -0.270996 -0.662357 -0.106131 4.118706 0.265203 21872.966309 12919.038086 4096.636963 5063.581543 4242229.244802 72.44873 -59.14917 0.693774 -0.905776 73.436212 81.086074 14166.866455 13773.012695 -3609.462891 5917.556152 4804569.317494 3.074951 62.30835 -0.210024 -0.059235 15.977161 0.50896 19237.956543 12049.488525 1461.627197 4194.031982 1972625.833336 -1.534424 -105.777588 -1.363505 -0.230584 62.376407 85.037365 16321.549072 13230.646973 -1454.780273 5375.19043 3100905.779939 -127.546387 12.670898 0.045758 -0.005232 4.574438 0.246802 17274.564209 12180.241699 -501.765137 4324.785156 1895553.490015 -244.063721 -17.159424 -0.653672 -0.173909 56.615799 78.608525 16028.946533 12114.355469 -1747.382812 4258.898926 2119156.675344 -74.099121 14.610596 -0.514772 -0.179885 100.963676 84.868485 16436.590576 12309.572754 -1339.73877 4454.116211 2163405.119112 -162.697754 -144.177246 -0.309184 -0.203789 92.456416 87.51658 17612.224121 12770.092773 -164.105225 4914.63623 2418057.980258 -464.643555 -84.393311 0.052041 -0.00499 10.633751 0.484524 18984.940186 13518.736572 1208.61084 5663.280029 3353348.085242 -131.643066 44.854736 0.051168 -0.000615 18.698879 0.008638 18087.485352 13625.257568 311.156006 5769.801025 3338742.193258 -306.879883 -18.302002 0.042005 -0.00129 11.372841 0.031678
20057.445068 10217.237549 2250.471191 2405.663452 1085183.722835 17.938232 -21.30249 0.301642 -3.105504 0.513022 76.595967 15643.944092 10563.997803 -2163.029785 2752.423706 1225453.410912 19.373779 -13.131104 -0.455991 -0.161903 1.952044 0.617161 21932.666016 12860.797119 4125.692139 5049.223022 4251598.875365 59.699707 -58.240967 0.732903 -0.964704 81.953432 91.979931 14084.001465 13717.415771 -3722.972412 5905.841675 4873948.946919 -82.86499 -55.596924 -0.232902 -0.097564 19.647466 1.380718 19336.660156 11979.078369 1529.686279 4167.504272 1970803.197405 98.703613 -70.410156 -1.069316 -0.234986 38.363584 88.315447 15869.318848 13210.124512 -1937.655029 5398.550415 3289885.359628 -452.230225 -20.522461 0.025059 -0.00546 1.371913 0.268745 17473.02124 12076.331787 -333.952637 4264.75769 1829968.252165 198.457031 -103.909912 -0.503894 -0.177907 33.643105 82.264238 16226.124268 11981.711426 -1580.849609 4170.137329 1988913.083103 197.177734 -132.644043 -0.46302 -0.184943 81.683788 89.707708 16685.12085 12163.843994 -1121.853027 4352.269897 2020080.74753 248.530273 -145.72876 -0.283487 -0.210705 77.726751 93.556951 17458.734131 13025.142822 -348.239746 5213.568726 2730256.977717 -153.48999 255.050049 0.048132 -0.003679 9.0962 0.263404 18421.651611 13676.088867 614.677734 5864.514771 3477036.221064 -563.288574 157.352295 0.043281 7.4e-05 13.378654 0.000126 17974.672852 13620.861816 167.698975 5809.28772 3377594.675665 -112.8125 -4.395752 0.040255 -0.001313 10.444839 0.032822
20073.996582 10228.631592 2226.096191 2423.832397 1083046.774437 16.551514 11.394043 0.595193 -2.962042 1.997419 69.682578 15633.812256 10597.099609 -2214.088135 2792.300415 1269912.787634 -10.131836 33.101807 -0.563913 -0.02131 2.985394 0.010692 21964.72168 12803.299561 4116.821289 4998.500366 4193322.343709 32.055664 -57.497559 0.753913 -1.02288 86.719521 103.408057 13837.652588 13646.212158 -4010.247803 5841.412964 5020419.285377 -246.348877 -71.203613 -0.300914 -0.146653 32.797965 3.11963 19411.135254 11904.904785 1563.234863 4100.105591 1925456.909365 74.475098 -74.173584 -0.847341 -0.239624 24.08926 91.835796 15471.079102 13201.152344 -2376.821289 5396.353149 3476990.675333 -398.239746 -8.972168 0.006831 -0.005559 0.101945 0.278632 16989.32251 11964.498291 -858.577881 4159.699097 1804025.255242 -483.69873 -111.833496 -0.868947 -0.182209 100.047231 86.291543 16353.695068 11909.050293 -1494.205322 4104.251099 1907752.662572 127.570801 -72.661133 -0.429538 -0.187713 70.297347 92.415465 16576.18042 12010.72998 -1271.719971 4205.930786 1930712.546162 -108.94043 -153.114014 -0.294751 -0.217971 84.026101 100.120571 16503.826904 14122.548828 -1344.073486 6317.749634 4172049.397189 -954.907227 1097.406006 0.023812 0.001961 2.226267 0.074809 17352.454834 13901.436768 -495.445557 6096.637573 3741445.599906 -1069.196777 225.3479 0.02831 0.001061 5.724106 0.025716 17222.471924 13790.809326 -625.428467 5986.010132 3622347.806552 -752.200928 169.94751 0.028585 -0.00042 5.266675 0.003366
20066.561279 10255.476074 2204.345703 2424.522705 1073745.032632 -7.435303 26.844482 0.463323 -2.624045 1.21038 54.687016 15639.822998 10602.567139 -2222.392578 2771.61377 1262087.165876 6.010742 5.467529 -0.499888 0.001912 2.345971 8.6e-05 22016.628418 12798.031006 4154.412842 4967.077637 4193100.630928 51.906738 -5.268555 0.787934 -1.028211 94.722749 104.488685 13669.523926 13566.531982 -4192.69165 5735.578613 5047552.530438 -168.128662 -79.680176 -0.347332 -0.201585 43.69684 5.894393 19508.416748 11907.402344 1646.201172 4076.448975 1932741.454088 97.281494 2.497559 -0.557391 -0.239467 10.423816 91.71614 15120.927734 13052.729492 -2741.287842 5221.776123 3478160.491081 -350.151367 -148.422852 -0.009196 -0.007206 0.184754 0.468099 16730.67627 11847.712402 -1131.539307 4016.759033 1741473.433329 -258.64624 -116.785889 -1.064151 -0.186703 150.046075 90.599918 16391.243896 11864.934082 -1470.97168 4033.980713 1843675.807442 37.548828 -44.116211 -0.419683 -0.189395 67.108621 94.079123 16852.384033 12031.365967 -1009.831543 4200.412598 1866322.573572 276.203613 20.635986 -0.266193 -0.216991 68.532624 99.222984 17056.223145 14080.5896 -805.992432 6249.63623 3970757.681305 552.39624 -41.959229 0.03788 0.001745 5.634116 0.059259 16128.649902 14887.22168 -1733.565674 7056.268311 5279617.24159 -1223.804932 985.784912 0.011175 0.00538 0.891872 0.660714 15211.766357 14456.103516 -2650.449219 6625.150146 5091749.552463 -2010.705566 665.294189 -0.00261 0.003073 0.043917 0.179838
20072.297363 10234.293823 2182.929688 2453.532715 1078500.480338 5.736084 -21.182251 0.565056 -2.89075 1.800267 66.368592 15643.256836 10605.068359 -2246.11084 2824.307251 1302172.535278 3.433838 2.501221 -0.463311 0.012535 2.015224 0.003699 22011.098633 12805.942383 4121.730957 5025.181274 4224111.292287 -5.529785 7.911377 0.78431 -1.020206 93.853332 102.868105 13652.434082 13524.473877 -4236.933594 5743.712769 5094184.264551 -17.089844 -42.058105 -0.35205 -0.23058 44.892072 7.711997 19555.396729 11923.339844 1666.029053 4142.578735 1993661.138314 46.97998 15.9375 -0.417366 -0.238471 5.844411 90.954426 15178.198242 13042.299805 -2711.169434 5261.538696 3503422.91502 57.270508 -10.429688 -0.006575 -0.007322 0.094436 0.48325 16911.713867 11913.204346 -977.653809 4132.443237 1803289.4079 181.037598 65.491943 -0.927519 -0.184183 113.989362 88.170915 16465.440674 11960.410156 -1423.927002 4179.649048 1949703.42701 74.196777 95.476074 -0.400209 -0.185755 61.025284 90.49734 17083.880615 12095.97168 -805.487061 4315.210571 1926985.167927 231.496582 64.605713 -0.242258 -0.213926 56.762162 96.439015 16681.160889 14559.991455 -1208.206787 6779.230347 4741772.773376 -375.062256 479.401855 0.028328 0.004209 3.150883 0.344709 16117.358398 15211.600342 -1772.009277 7430.839233 5835738.859161 -11.291504 324.378662 0.011017 0.006801 0.866814 1.055851 15120.184326 14839.880371 -2769.18335 7059.119263 5749954.118871 -91.582031 383.776855 -0.004031 0.005088 0.104741 0.493043
20029.202881 10253.041992 2165.062256 2423.660278 1056162.371645 -43.094482 18.748169 -0.199251 -2.654692 0.223849 55.971904 15636.738281 10521.647949 -2227.402344 2692.266235 1220961.868296 -6.518555 -83.42041 -0.532746 -0.341774 2.664509 2.750224 21904.567871 12815.300293 4040.427246 4985.918579 4118443.640841 -106.530762 9.35791 0.714487 -1.010738 77.886536 100.967566 13857.470703 13492.785645 -4006.669922 5663.403931 4812754.794472 205.036621 -31.688232 -0.295443 -0.252426 31.616097 9.242559 19376.861572 12012.830811 1512.720947 4183.449097 1978957.100881 -178.535156 89.490967 -0.949495 -0.232876 30.247678 86.7363 15799.902344 13129.822998 -2064.238281 5300.441284 3235575.748881 621.704102 87.523193 0.021881 -0.006351 1.046072 0.363586 17367.429199 12024.858398 -496.711426 4195.476685 1784874.685127 455.715332 111.654053 -0.583585 -0.179887 45.126015 84.105924 16394.853516 12023.040771 -1469.287109 4193.659058 1974558.090131 -70.587158 62.630615 -0.418736 -0.183367 66.805984 88.185509 16533.820801 12238.760986 -1330.319824 4409.379272 2121237.640312 -550.059814 142.789307 -0.299131 -0.20715 86.541761 90.426511 17445.817871 14646.416016 -418.322754 6817.034302 4664695.059778 764.656982 86.424561 0.047803 0.004653 8.972289 0.421302 17318.624268 15011.717529 -545.516357 7182.335815 5188353.586182 1201.265869 -199.882812 0.027837 0.005926 5.534157 0.801465 16300.32959 15036.26709 -1563.811035 7206.885376 5438470.177614 1180.145264 196.386719 0.014278 0.006119 1.31406 0.713143
19983.691406 10205.181274 2164.14917 2379.690552 1034646.87518 -45.511475 -47.860718 -1.006425 -3.257304 5.711056 84.267143 15669.959717 10538.546143 -2149.58252 2713.05542 1198137.471984 33.221436 16.898193 -0.178878 -0.270003 0.300393 1.716432 21738.308105 12856.693115 3918.765869 5031.202393 4066972.345223 -166.259766 41.392822 0.605515 -0.968857 55.940216 92.773465 14186.036377 13577.623291 -3633.505859 5752.132568 4628939.391409 328.565674 84.837646 -0.204732 -0.193938 15.182077 5.455706 19206.894531 12098.447266 1387.352295 4272.956543 2018290.400832 -169.967041 85.616455 -1.456086 -0.227523 71.134625 82.794535 16312.147217 13229.918213 -1507.39502 5404.42749 3148007.624211 512.244873 100.095215 0.045327 -0.00524 4.488801 0.247565 17474.564209 12052.836914 -344.978027 4227.346191 1798946.566135 107.13501 27.978516 -0.502729 -0.178811 33.487786 83.102341 16154.11499 12190.299072 -1665.427246 4364.80835 2182519.984085 -240.738525 167.258301 -0.48192 -0.17699 88.488236 82.158251 16240.600586 12475.299072 -1578.94165 4649.80835 2411377.442344 -293.220215 236.538086 -0.329448 -0.195925 104.972958 80.892262 17955.466309 14551.381836 135.924072 6725.891113 4525608.662114 509.648438 -95.03418 0.060783 0.004165 14.506337 0.337499 18662.22168 15031.551514 842.679443 7206.060791 5263742.076807 1343.597412 19.833984 0.04665 0.006012 15.542118 0.825143 17520.98877 15029.182129 -298.553467 7203.691406 5198230.404902 1220.65918 -7.084961 0.033216 0.006082 7.111552 0.704498
19978.477783 10191.461792 2155.826416 2335.241089 1010093.847912 -5.213623 -13.719482 -1.098892 -3.430045 6.808689 93.44184 15686.253662 10577.631836 -2136.397705 2721.411133 1197027.370806 16.293945 39.085693 -0.005318 -0.103995 0.000266 0.254635 21657.69043 12913.525391 3835.039062 5057.304688 4028385.531311 -80.617676 56.832275 0.552676 -0.911354 46.603149 82.087802 14424.046631 13753.381348 -3398.604736 5897.160645 4632701.78212 238.010254 175.758057 -0.139021 -0.072769 7.000406 0.768103 18951.816406 12177.98584 1129.165039 4321.765137 1995266.75824 -255.078125 79.538574 -2.216353 -0.222549 164.810526 79.214727 17005.408936 13299.620361 -817.242432 5443.399658 3029848.5031 693.261719 69.702148 0.077058 -0.004467 12.973333 0.179901 17192.060547 12402.739258 -630.59082 4546.518555 2106847.575078 -282.503662 349.902344 -0.715938 -0.165348 67.91558 71.060135 15840.228271 12201.165771 -1982.423096 4344.945068 2280854.897744 -313.886719 10.866699 -0.564303 -0.176575 121.32779 81.774042 16119.681396 12571.062012 -1702.969971 4714.841309 2512983.528634 -120.919189 95.762939 -0.34195 -0.191381 113.091451 77.18331 18752.121582 14278.387451 929.470215 6422.166748 4210814.062 796.655273 -272.994385 0.081072 0.002762 25.807308 0.148406 19258.421631 14715.532227 1435.770264 6859.311523 4911159.082561 596.199951 -316.019287 0.054997 0.004628 21.602314 0.488886 18257.929688 14809.586182 435.27832 6953.365479 4853875.869395 736.940918 -219.595947 0.04465 0.004929 12.849829 0.462696
20002.753906 10218.762207 2197.762451 2322.608032 1022466.786314 24.276123 27.300415 -0.66834 -3.086307 2.518537 75.651927 15709.367676 10591.746826 -2095.623779 2695.592651 1165785.876646 23.114014 14.11499 0.240888 -0.044045 0.544762 0.045676 21570.126953 12918.028564 3765.135498 5021.87439 3939546.770406 -87.563477 4.503174 0.495284 -0.906797 37.426844 81.269057 14674.351807 13886.982422 -3130.639648 5990.828247 4569092.769426 250.305176 133.601074 -0.069916 0.019336 1.770591 0.054235 18836.090088 12177.403564 1031.098633 4281.24939 1939226.072695 -115.726318 -0.582275 -2.561279 -0.222586 220.100307 79.240646 17443.444824 13357.923584 -361.546631 5461.769409 2996164.104534 438.035889 58.303223 0.097108 -0.00382 20.602434 0.131582 16997.337646 12123.237305 -807.653809 4227.08313 1852053.646148 -194.7229 -279.501953 -0.862898 -0.176102 98.659134 80.603741 15751.853027 12281.376953 -2053.138428 4385.222778 2344555.621894 -88.375244 80.211182 -0.587498 -0.173517 131.506861 78.965912 16011.918945 12598.010254 -1793.07251 4701.856079 2532255.961386 -107.762451 26.948242 -0.353092 -0.190102 120.5814 76.155282 19075.533447 13826.802979 1270.541992 5930.648804 3678687.218687 323.411865 -451.584473 0.089309 0.000441 31.317654 0.003781 19720.123291 14451.164551 1915.131836 6555.010376 4663589.097818 461.70166 -264.367676 0.061462 0.00347 26.979273 0.274808 18650.546875 14561.77002 845.55542 6665.615845 4514539.855763 392.617188 -247.816162 0.050741 0.003628 16.595037 0.250643
20028.398438 10189.903564 2211.647949 2306.461182 1021114.98337 25.644531 -28.858643 -0.213518 -3.449665 0.257054 94.513856 15684.361572 10577.789307 -2132.388916 2694.346924 1180658.783509 -25.006104 -13.95752 -0.025472 -0.103327 0.006091 0.25137 21632.827148 12922.380371 3816.07666 5038.937988 3995333.712593 62.700195 4.351807 0.53638 -0.902394 43.895399 80.481731 14817.722168 14019.49707 -2999.02832 6136.054688 4664533.799403 143.370361 132.514648 -0.030334 0.110693 0.333295 1.777318 18879.144287 12214.489746 1062.393799 4331.047363 1988665.184677 43.054199 37.086182 -2.432955 -0.220267 198.598034 77.598274 17491.075439 13308.596191 -325.675049 5425.153809 2953835.808433 47.630615 -49.327393 0.099288 -0.004368 21.537878 0.171971 16857.703857 12282.429199 -959.046631 4398.986816 2027085.545108 -139.633789 159.191895 -0.968281 -0.169977 124.228583 75.094439 15712.357178 12320.933838 -2104.393311 4437.491455 2411980.161937 -39.49585 39.556885 -0.597864 -0.172009 136.18855 77.59912 15972.520752 12595.152588 -1844.229736 4711.710205 2560139.637699 -39.398193 -2.857666 -0.357166 -0.190237 123.379689 76.26397 19014.377441 13462.756348 1197.626953 5579.313965 3256305.463715 -61.156006 -364.046631 0.087752 -0.00143 30.23482 0.0398 19618.797607 14158.618164 1802.047119 6275.175781 4262520.490519 -101.325684 -292.546387 0.060043 0.002188 25.74811 0.109288 18698.311768 14384.084473 881.561279 6500.64209 4303549.78694 47.764893 -177.685547 0.051482 0.002695 17.083304 0.138299
20019.177246 10192.858887 2207.23877 2345.614014 1037380.808686 -9.221191 2.955322 -0.377062 -3.412455 0.801639 92.485878 15682.698975 10620.274658 -2129.239502 2773.029785 1222335.504604 -1.662598 42.485352 -0.043182 0.07712 0.017506 0.140032 21650.043945 12953.668213 3838.105469 5106.42334 4080661.291495 17.216797 31.287842 0.547664 -0.870737 45.761775 74.933986 14800.426025 13960.594482 -3011.512451 6113.349609 4644225.069001 -17.296143 -58.902588 -0.035109 0.070085 0.446487 0.712486 18972.156982 12215.423584 1160.218506 4368.178711 2042709.223203 93.012695 0.933838 -2.155728 -0.220209 155.917461 77.55714 17207.724609 13202.072754 -604.213867 5354.827881 2903925.603093 -283.35083 -106.523438 0.086319 -0.005549 16.278706 0.277609 16988.936768 12597.241211 -823.001709 4749.996338 2323979.702297 131.23291 314.812012 -0.869238 -0.157865 100.11428 64.773573 15883.325195 12348.92334 -1928.613281 4501.678467 2398465.820704 170.968018 27.989502 -0.552992 -0.170942 116.512593 76.63922 16084.599609 12566.962891 -1727.338867 4719.718018 2525943.772755 112.078857 -28.189697 -0.345578 -0.191575 115.503421 77.340288 18792.850342 13710.898438 980.911865 5863.653564 3534462.121128 -221.5271 248.14209 0.08211 -0.000155 26.471929 0.000467 19429.145508 14110.604248 1617.207031 6263.359375 4184502.924232 -189.6521 -48.013916 0.057388 0.001978 23.521001 0.089286 18698.924561 14231.23291 886.986084 6383.988037 4154204.757114 0.612793 -152.851562 0.051492 0.001892 17.089615 0.068186
20000.571289 10205.814819 2200.830078 2345.769043 1034628.543573 -18.605957 12.955933 -0.70705 -3.249327 2.818732 83.854919 15662.359619 10653.048096 -2137.381592 2793.002319 1236926.202477 -20.339355 32.773438 -0.259833 0.216318 0.633817 1.101728 21742.988281 12970.264893 3943.24707 5110.219116 4166353.687322 92.944336 16.59668 0.608583 -0.853945 56.508435 72.071587 14574.683838 13952.929688 -3225.057373 6092.883911 4752422.941399 -225.742188 -7.664795 -0.097433 0.064801 3.438527 0.609098 19152.028809 12288.791504 1352.287598 4428.745728 2144247.046597 179.871826 73.36792 -1.619615 -0.215621 88.009681 74.359546 16770.489502 13094.73999 -1029.251709 5234.694214 2846138.259314 -437.235107 -107.332764 0.066306 -0.00674 9.605425 0.409512 16935.578613 12618.973389 -864.162598 4758.927612 2339416.901434 -53.358154 21.732178 -0.909508 -0.157029 109.605343 64.08924 16209.099121 12444.847412 -1590.64209 4584.801636 2355054.829709 325.773926 95.924072 -0.467489 -0.167284 83.267994 73.394822 16442.13623 12684.556885 -1357.60498 4824.511108 2511899.871805 357.536621 117.593994 -0.30861 -0.185995 92.113809 72.900292 18481.099854 13439.18457 681.358643 5579.138794 3159103.928192 -311.750488 -271.713867 0.07417 -0.001551 21.599904 0.046828 18727.55249 14040.413818 927.811279 6180.368042 3905778.290447 -701.593018 -70.19043 0.047564 0.00167 16.157625 0.06368 17953.538818 14146.154785 153.797607 6286.109009 3953882.017443 -745.385742 -85.078125 0.039927 0.001445 10.275381 0.03979
19989.061279 10260.889893 2211.113281 2436.661377 1082634.060846 -11.51001 55.075073 -0.911187 -2.55588 4.681323 51.882699 15566.914062 10631.345215 -2211.033936 2807.116699 1276857.522717 -95.445557 -21.702881 -1.276499 0.12414 15.297421 0.362837 21800.637207 12982.109375 4022.689209 5157.880859 4278576.343159 57.648926 11.844482 0.646367 -0.84196 63.743088 70.062876 14354.556885 13962.097168 -3423.391113 6137.868652 4939303.830792 -220.126953 9.16748 -0.158206 0.071121 9.065831 0.733705 19392.376709 12550.859375 1614.428711 4726.630859 2494741.93435 240.3479 262.067871 -0.903251 -0.199236 27.373117 63.487469 15823.781738 12448.311768 -1954.16626 4624.083252 2520091.16918 -946.707764 -646.428223 0.022974 -0.01391 1.153184 1.744407 17193.657227 13092.22168 -584.290771 5267.993164 2809314.768225 258.078613 473.248291 -0.714733 -0.138821 67.687148 50.088205 17151.542969 13880.471191 -626.405029 6056.242676 3707045.860868 942.443848 1435.623779 -0.220134 -0.112547 18.463369 33.221649 17912.727051 13364.324951 134.779053 5540.096436 3071083.390822 1470.59082 679.768066 -0.15656 -0.153737 23.70632 49.806395 17518.891602 12780.161133 -259.056396 4955.932617 2462837.832266 -962.208252 -659.023438 0.049664 -0.004939 9.684514 0.474527 18088.771973 13978.562012 310.823975 6154.333496 3797243.232433 -638.780518 -61.851807 0.03862 0.001399 10.652324 0.044694 17169.371338 13934.084473 -608.57666 6109.855957 3770070.536696 -784.16748 -212.070312 0.027761 0.000332 4.967473 0.002098
19997.955322 10262.943115 2236.234131 2464.973145 1107683.569128 8.894043 2.053223 -0.753445 -2.530028 3.200792 50.838449 15574.658203 10579.711914 -2187.062988 2781.741943 1252133.275415 7.744141 -51.633301 -1.19401 -0.095161 13.384224 0.213209 21836.682129 13143.087158 4074.960938 5345.117188 4517558.439026 36.044922 160.977783 0.669992 -0.679083 68.487897 45.577462 14294.165039 14001.826172 -3467.556152 6203.856201 5051177.743448 -60.391846 39.729004 -0.174879 0.098511 11.077395 1.407636 19698.057861 12855.270996 1936.33667 5057.301025 2932569.33607 305.681152 304.411621 0.00784 -0.180203 0.002062 51.936915 15540.927734 12010.76416 -2220.793457 4212.794189 2267955.846148 -282.854004 -437.547607 0.010028 -0.018764 0.219701 3.17407 17498.394775 12992.298584 -263.326416 5194.328613 2705039.054412 304.737549 -99.923096 -0.484744 -0.142665 31.134583 52.900902 17324.943848 13591.737061 -436.777344 5793.76709 3375851.153937 173.400879 -288.734131 -0.174623 -0.123556 11.618236 40.038724 17926.168213 13455.023193 164.447021 5657.053223 3202929.398684 13.441162 90.698242 -0.15517 -0.149433 23.287319 47.056694 17372.912598 12396.103516 -388.808594 4598.133545 2129400.421951 -145.979004 -384.057617 0.045946 -0.006912 8.28881 0.92967 17676.778564 13266.860352 -84.942627 5468.890381 2991597.724773 -411.993408 -711.70166 0.032852 -0.001719 7.707734 0.067422 16996.417236 13560.548096 -765.303955 5762.578125 3379299.679039 -172.954102 -373.536377 0.025078 -0.00163 4.053599 0.050569
20019.6521 10304.462891 2246.621094 2511.211548 1135348.977695 21.696777 41.519775 -0.36864 -2.007255 0.766229 31.999753 15576.175537 10653.236084 -2196.855469 2859.984741 1300568.667054 1.517334 73.52417 -1.177848 0.217116 13.024334 1.109876 21778.994141 13264.257812 4005.963135 5471.00647 4597965.242889 -57.687988 121.170654 0.632182 -0.556482 60.975915 30.606041 14265.614014 13978.173828 -3507.416992 6184.922485 5055524.010689 -28.551025 -23.652344 -0.182762 0.082205 12.098496 0.980202 19808.529053 13313.614502 2035.498047 5520.363159 3461766.170806 110.471191 458.343506 0.337102 -0.151545 3.812672 36.731453 15241.61377 11779.777832 -2531.417236 3986.526489 2230046.667393 -299.313965 -230.986328 -0.003672 -0.021326 0.029458 4.100101 17539.836426 13295.072021 -233.19458 5501.820679 3032441.049287 41.44165 302.773438 -0.453467 -0.131016 27.246481 44.614551 16952.443848 13528.167725 -820.587158 5734.916382 3356262.919086 -372.5 -63.569336 -0.27239 -0.125979 28.269485 41.625 17486.236572 13690.288086 -286.794434 5897.036743 3485729.339737 -439.931641 235.264893 -0.200656 -0.138269 38.94125 40.288074 17024.832764 11434.421387 -748.198242 3641.170044 1381791.989854 -348.079834 -961.682129 0.037081 -0.011855 5.398809 2.734505 17518.461914 12528.808594 -254.569092 4735.557251 2249030.789977 -158.31665 -738.051758 0.030635 -0.004952 6.702639 0.559753 16809.455566 12879.761963 -963.575439 5086.51062 2680106.791608 -186.96167 -680.786133 0.022177 -0.005204 3.170109 0.515802
20036.425781 10358.885498 2271.318359 2600.896606 1192355.024705 16.773682 54.422607 -0.071148 -1.322023 0.028542 13.880958 15582.139893 10742.512207 -2182.967529 2984.523315 1367272.665431 5.964355 89.276123 -1.114317 0.596296 11.657206 8.371702 21714.255371 13361.782227 3949.147949 5603.793335 4699826.926577 -64.73877 97.524414 0.58975 -0.457807 53.065276 20.714248 14263.204346 13955.778809 -3501.903076 6197.789917 5067592.501007 -2.409668 -22.39502 -0.183427 0.066765 12.186736 0.646583 19915.610352 13771.340332 2150.50293 6013.35144 4078505.839671 107.081299 457.72583 0.656261 -0.122926 14.449728 24.16817 15047.824707 11695.100098 -2717.282715 3937.111206 2288447.000123 -193.789062 -84.677734 -0.012542 -0.022266 0.343662 4.469227 18143.922119 14223.011475 378.814697 6465.022583 4194001.757367 604.085693 927.939453 0.002444 -0.095314 0.000791 23.61246 17375.771484 14200.616455 -389.335938 6442.627563 4165903.23939 423.327637 672.44873 -0.161283 -0.10034 9.910903 26.406178 18390.625 14368.319092 625.517578 6610.3302 4408773.759616 904.388428 678.031006 -0.107148 -0.106094 11.103785 23.719535 17052.733154 11310.83374 -712.374268 3552.844849 1313018.361556 27.900391 -123.587646 0.037792 -0.01249 5.607706 3.035383 17237.728271 10946.52832 -527.37915 3188.539429 1044491.245671 -280.733643 -1582.280273 0.026704 -0.011884 5.092944 3.223684 17086.968994 11904.796143 -678.138428 4146.807251 1765588.210392 277.513428 -974.96582 0.026483 -0.010324 4.52049 2.029726
20009.844971 10392.471924 2271.430664 2618.314819 1201496.97548 -26.580811 33.586426 -0.542575 -0.899138 1.659869 6.420874 15826.889648 10613.277588 -1911.524658 2839.120483 1171453.163817 244.749756 -129.234619 1.492708 0.047402 20.918321 0.052903 21532.819824 13392.446289 3794.405518 5618.289185 4596268.659329 -181.435547 30.664062 0.470832 -0.426781 33.822541 18.001743 14313.258057 13899.75708 -3425.15625 6125.599976 4925467.039781 50.053711 -56.021729 -0.169608 0.028143 10.419665 0.114889 20030.205078 14261.452637 2291.790771 6487.295532 4733730.826271 114.594727 490.112305 0.997813 -0.092283 33.404545 13.620505 15078.721924 11489.161377 -2659.692383 3715.004272 2087522.031559 30.897217 -205.938721 -0.011128 -0.02455 0.27053 5.43334 18101.647949 14763.095703 363.233643 6988.938599 4897720.141456 -42.27417 540.084229 -0.029461 -0.074535 0.115005 14.439192 18324.683838 15075.79834 586.269531 7301.641235 5365767.669306 948.912354 875.181885 0.087769 -0.066971 2.93508 11.763389 19295.592041 15263.984375 1557.177734 7489.827271 5852231.503848 904.967041 895.665283 -0.01358 -0.063591 0.17835 8.521491 16790.118408 10085.511475 -948.295898 2311.35437 624162.413525 -262.614746 -1225.322266 0.031103 -0.018788 3.798431 6.867969 16898.658447 9962.694092 -839.755859 2188.536987 549488.404816 -339.069824 -983.834229 0.021956 -0.016194 3.443014 5.986106 17117.601318 10695.5896 -620.812988 2921.432495 892017.658995 30.632324 -1209.206543 0.026958 -0.016673 4.684191 5.294204
19987.200928 10392.049561 2288.214111 2656.339722 1229206.453625 -22.644043 -0.422363 -0.944181 -0.904456 5.026487 6.497052 15888.494873 10520.830078 -1810.491943 2785.120239 1103477.582409 61.605225 -92.44751 2.148914 -0.345248 43.352617 2.806414 21302.463379 13436.444092 3603.476562 5700.734253 4548341.435901 -230.356445 43.997803 0.31985 -0.382264 15.608676 14.442124 14430.625 13942.799072 -3268.361816 6207.089233 4921014.571431 117.366943 43.041992 -0.137205 0.057817 6.818694 0.484879 20047.785645 14858.863525 2348.798828 7123.153687 5625617.437683 17.580566 597.410889 1.050213 -0.05493 37.005091 4.825853 15052.750244 11260.349121 -2646.236572 3524.639282 1942565.006621 -25.97168 -228.812256 -0.012316 -0.027088 0.331418 6.614883 18174.599609 15375.511475 475.612793 7639.801636 5859277.656232 72.95166 612.415771 0.025596 -0.050972 0.086811 6.752951 18232.266846 15824.708252 533.280029 8088.998413 6571628.291655 -92.416992 748.909912 0.063513 -0.038417 1.536972 3.870776 19379.431152 15925.9375 1680.444336 8190.227661 6990372.230737 83.839111 661.953125 -0.004911 -0.032178 0.023327 2.182017 16486.070557 9705.201416 -1212.91626 1969.491577 535006.292566 -304.047852 -380.310059 0.023359 -0.020743 2.142508 8.371354 16721.544189 9687.070312 -977.442627 1951.360474 476320.178704 -177.114258 -275.623779 0.019477 -0.017402 2.709177 6.912086 16324.064941 10410.72876 -1374.921875 2675.018921 904613.638952 -793.536377 -284.86084 0.014647 -0.018169 1.382715 6.286718
19964.108887 10420.601807 2237.374268 2735.515747 1248889.001569 -23.092041 28.552246 -1.353733 -0.544956 10.332839 2.358656 15831.760254 10755.053711 -1894.974365 3069.967651 1301562.922534 -56.734619 234.223633 1.544589 0.649563 22.397668 9.934196 21174.350586 13501.972656 3447.615967 5816.886597 4572222.553314 -128.112793 65.528564 0.235881 -0.315962 8.489057 9.866752 14511.437988 13958.951416 -3215.296631 6273.865356 4969951.893522 80.812988 16.152344 -0.114894 0.068952 4.781406 0.689641 19923.742676 15279.044189 2197.008057 7593.95813 6249504.447936 -124.042969 420.180664 0.680499 -0.028659 15.536824 1.313611 15179.537354 11023.99292 -2547.197266 3338.90686 1763651.293211 126.787109 -236.356201 -0.006513 -0.02971 0.092684 7.957339 18069.073486 16176.660156 342.338867 8491.574097 7222402.653939 -105.526123 801.148682 -0.054045 -0.020148 0.387023 1.055132 18242.138672 16385.682373 515.404053 8700.596313 7596601.754766 9.871826 560.974121 0.066104 -0.017028 1.664928 0.760469 19426.798096 16427.695312 1700.063477 8742.609253 7932343.237375 47.366943 501.757812 -1.4e-05 -0.008368 0.0 0.147563 16402.155762 9412.775879 -1324.578857 1727.689819 473942.126137 -83.914795 -292.425537 0.021222 -0.022246 1.768401 9.628435 16320.792236 8991.678467 -1405.942383 1306.592407 368385.770241 -400.751953 -695.391846 0.013865 -0.020448 1.372999 9.54413 15948.798828 9606.698608 -1777.935791 1921.612549 685365.046479 -375.266113 -804.030151 0.008824 -0.022391 0.501924 9.547843
19956.18042 10448.106689 2292.467041 2725.289307 1268260.693903 -7.928467 27.504883 -1.494349 -0.198644 12.590931 0.313394 15873.677979 10799.886475 -1790.0354 3077.069092 1267258.093034 41.917725 44.832764 1.991088 0.83998 37.218419 16.612227 21018.935547 13640.421143 3355.222168 5917.60376 4627555.005402 -155.415039 138.448486 0.134017 -0.17588 2.740284 3.057281 14673.781738 13937.449951 -2989.931641 6214.632568 4756134.917532 162.34375 -21.501465 -0.070074 0.054129 1.778572 0.424998 19862.834473 15521.113281 2199.121094 7798.295898 6564955.250456 -60.908203 242.069092 0.498961 -0.013524 8.352945 0.292508 15245.083008 11044.871826 -2418.630371 3322.054443 1688581.859662 65.545654 20.878906 -0.003513 -0.029478 0.026965 7.833761 18139.963379 16896.177979 476.25 9173.360596 8437735.86813 70.889893 719.517822 -0.000544 0.007535 3.9e-05 0.147558 18372.214355 17144.969482 708.500977 9422.1521 8927892.382196 130.075684 759.287109 0.100244 0.011922 3.828717 0.37279 19559.619141 16994.364014 1895.905762 9271.546631 8955603.558552 132.821045 566.668701 0.013719 0.018523 0.182041 0.72299 16325.413818 9386.664429 -1338.299561 1663.847046 455943.27059 -76.741943 -26.11145 0.019268 -0.02238 1.457672 9.744958 15938.774414 8633.449707 -1724.938965 910.632324 380466.566235 -382.017822 -358.22876 0.008516 -0.022018 0.517984 11.065373 15705.577393 9164.93042 -1958.135986 1442.113037 591398.655275 -243.221436 -441.768188 0.005051 -0.02471 0.164443 11.628629
19962.666016 10422.768555 2328.111572 2726.984863 1285654.993748 6.485596 -25.338135 -1.379323 -0.517675 10.727184 2.12841 15847.563477 10647.363281 -1786.990967 2951.57959 1190515.87906 -26.114502 -152.523193 1.712921 0.192173 27.545584 0.869509 20883.049316 13713.55835 3248.494873 6017.774658 4676633.077712 -135.88623 73.137207 0.044953 -0.101879 0.308319 1.025831 14730.511475 14055.13916 -2904.042969 6359.355469 4887486.754227 56.729736 117.689209 -0.054412 0.135265 1.072369 2.653965 19805.90332 15828.244629 2171.348877 8132.460938 7085167.684541 -56.931152 307.131348 0.329276 0.00568 3.637699 0.051591 15330.161133 11150.705566 -2304.393311 3454.921875 1724671.369205 85.078125 105.83374 0.000381 -0.028304 0.000317 7.222225 18275.024414 16990.758057 640.469971 9294.974365 8680675.023374 135.061035 94.580078 0.101388 0.011174 1.362052 0.324503 18268.040771 17277.890625 633.486328 9582.106934 9221807.821475 -104.173584 132.921143 0.072903 0.01699 2.024986 0.757095 19491.379395 17155.211182 1856.824951 9459.42749 9292856.73423 -68.239746 160.847168 0.006664 0.026155 0.042948 1.441624 16246.870117 9361.784058 -1387.684326 1666.000366 470122.500932 -78.543701 -24.880371 0.017267 -0.022508 1.170711 9.85664 15769.575195 8543.140869 -1864.979248 847.357178 419616.17823 -169.199219 -90.308838 0.006147 -0.022413 0.269879 11.466622 15622.990723 9106.801758 -2011.563721 1411.018066 603736.058617 -82.58667 -58.128662 0.00377 -0.025016 0.091595 11.917681
20015.921631 10454.783936 2362.41333 2778.319702 1330005.710948 53.255615 32.015381 -0.434802 -0.114571 1.06595 0.104253 15812.437744 10552.075195 -1841.070557 2875.610962 1165867.919881 -35.125732 -95.288086 1.338769 -0.212541 16.826297 1.063596 20755.131836 13804.445801 3101.623535 6127.981567 4717222.664402 -127.91748 90.887451 -0.038887 -0.009919 0.230724 0.009724 14861.071777 14035.460205 -2792.436523 6358.995972 4823453.150527 130.560303 -19.678955 -0.018366 0.121698 0.12218 2.148287 19717.275391 16113.516846 2063.76709 8437.052612 7544299.138392 -88.62793 285.272217 0.065118 0.023516 0.142268 0.884454 15588.349609 10827.818604 -2065.158691 3151.35437 1419591.478675 258.188477 -322.886963 0.012198 -0.031886 0.325103 9.165693 18176.541748 17294.281006 523.033447 9617.816772 9277596.345559 -98.482666 303.522949 0.027062 0.022852 0.097038 1.357248 18151.505127 17546.422119 497.996826 9869.957886 9766406.95052 -116.535645 268.531494 0.042317 0.027229 0.682271 1.944511 19600.379639 17169.500732 1946.871338 9493.036499 9390804.997809 109.000244 14.289551 0.017934 0.026834 0.311061 1.517343 16223.598633 8865.430298 -1429.909668 1188.966064 345828.196097 -23.271484 -496.35376 0.016675 -0.025059 1.091723 12.217609 15908.031006 8427.613525 -1745.477295 751.149292 361091.624595 138.455811 -115.527344 0.008086 -0.022919 0.466944 11.990336 15644.095459 8689.683228 -2009.412842 1013.218994 506435.269887 21.104736 -417.11853 0.004097 -0.027206 0.108198 14.095945
20012.427979 10447.006836 2325.441895 2765.133667 1305364.420117 -3.493652 -7.7771 -0.496764 -0.212492 1.391407 0.358613 15827.623291 10453.094482 -1859.362793 2771.221313 1113689.756414 15.185547 -98.980713 1.500523 -0.632939 21.137917 9.432218 20634.555664 13940.12085 2947.56958 6258.247681 4785383.046194 -120.576172 135.675049 -0.117917 0.127357 2.121407 1.603063 14940.756836 14101.33667 -2746.229248 6419.463501 4875128.67232 79.685059 65.876465 0.003633 0.167114 0.004782 4.050882 19675.671387 16207.36084 1988.685303 8525.487671 7663880.925995 -41.604004 93.843994 -0.058884 0.029383 0.116332 1.380881 15588.491211 10867.332764 -2098.494873 3185.459595 1455083.356184 0.141602 39.51416 0.012205 -0.031448 0.325448 8.915436 18152.224121 17328.588867 465.238037 9646.715698 9327557.019389 -24.317627 34.307861 0.008709 0.024172 0.010051 1.518574 18097.506104 17555.615234 410.52002 9873.742065 9765930.906107 -53.999023 9.193115 0.028144 0.027579 0.301791 1.994897 19614.234619 17191.263428 1927.248535 9509.390259 9414279.001021 13.85498 21.762695 0.019366 0.027866 0.36274 1.636384 15472.307129 8983.407593 -2214.678955 1301.534424 659879.473048 -751.291504 117.977295 -0.00246 -0.024452 0.023753 11.633492 15765.57251 8354.854736 -1921.413574 672.981567 414473.431323 -142.458496 -72.758789 0.006091 -0.023238 0.26498 12.326171 16399.65332 9161.172485 -1287.332764 1479.299316 384555.211194 755.557861 471.489258 0.015819 -0.02473 1.613002 11.647209
20006.434326 10466.082764 2322.468262 2797.76123 1322132.67294 -5.993652 19.075928 -0.603065 0.027692 2.050606 0.006091 15656.022949 10476.679688 -2027.943115 2808.358154 1199942.880143 -171.600342 23.585205 -0.327329 -0.532766 1.005883 6.682879 20601.091309 13914.346924 2917.125244 6246.025391 4752245.287033 -33.464355 -25.773926 -0.13985 0.101279 2.984007 1.013779 15038.973389 14062.941895 -2644.992676 6394.620361 4788715.582045 98.216553 -38.394775 0.030749 0.140644 0.342478 2.86925 19623.737793 16303.52417 1939.771729 8635.202637 7832943.893594 -51.933594 96.16333 -0.213673 0.035396 1.531821 2.003821 15602.807617 10840.477295 -2081.158447 3172.155762 1439379.265923 14.316406 -26.855469 0.01286 -0.031746 0.361333 9.085144 18128.792725 17446.185303 444.82666 9777.86377 9580449.06531 -23.431396 117.596436 -0.008975 0.028696 0.010672 2.140278 18076.917725 17560.286865 392.95166 9891.965332 9800538.913733 -20.588379 4.671631 0.02274 0.027757 0.197028 2.020748 19522.93457 17196.147461 1838.968506 9527.825928 9416127.207475 -91.300049 4.884033 0.009926 0.028098 0.095298 1.663717 15041.569824 9294.302368 -2642.39624 1625.980835 962607.156607 -430.737305 310.894775 -0.01343 -0.022854 0.708168 10.16275 16002.144775 8313.222046 -1681.821289 644.900513 324441.951962 236.572266 -41.63269 0.009404 -0.02342 0.631543 12.520423 16403.181152 9071.61438 -1280.784912 1403.292847 360964.080463 3.527832 -89.558105 0.015874 -0.0252 1.624182 12.094379
19988.415527 10446.942139 2383.735352 2714.692383 1305174.895959 -18.018799 -19.140625 -0.92264 -0.213306 4.799743 0.361367 15752.996826 10447.526855 -1851.68335 2715.2771 1080146.095488 96.973877 -29.152832 0.705617 -0.656586 4.67428 10.150177 20595.678711 13930.045166 2990.998535 6197.79541 4735874.018346 -5.412598 15.698242 -0.143398 0.117162 3.137318 1.356693 15080.809326 14045.498047 -2523.87085 6313.248291 4622702.804952 41.835938 -17.443848 0.042299 0.128618 0.648084 2.399552 19652.717285 16210.993652 2048.037109 8478.743896 7608355.406355 28.979492 -92.530518 -0.127299 0.029611 0.543699 1.402313 15657.429199 10806.333008 -1947.250977 3074.083252 1324177.420566 54.621582 -34.144287 0.01536 -0.032124 0.515478 9.303224 18145.772705 17441.221924 541.092529 9708.972168 9455692.168365 16.97998 -4.963379 0.00384 0.028505 0.001954 2.111887 18118.503418 17508.366699 513.823242 9776.116943 9583647.681445 41.585693 -51.920166 0.033655 0.025778 0.431552 1.742793 19712.449951 17126.33667 2107.769775 9394.086914 9269156.237501 189.515381 -69.810791 0.029521 0.024785 0.842889 1.294535 16007.807617 9160.823975 -1596.872559 1428.574219 459082.626687 966.237793 -133.478394 0.011179 -0.02354 0.490669 10.782022 16157.106934 8275.180054 -1447.573242 542.930298 239024.159982 154.962158 -38.041992 0.011573 -0.023587 0.956607 12.699249 15651.933594 9005.904541 -1952.746582 1273.654785 543541.572539 -751.247559 -65.709839 0.004219 -0.025546 0.114716 12.42783
20015.966797 10468.270264 2427.883301 2704.932251 1321127.580459 27.55127 21.328125 -0.434001 0.055235 1.062026 0.024231 15737.288818 10493.249512 -1850.794678 2729.911499 1087785.773163 -15.708008 45.722656 0.538298 -0.46239 2.720338 5.033923 20605.209961 13934.63623 3017.126465 6171.298218 4718797.379755 9.53125 4.591064 -0.137151 0.121808 2.86992 1.466406 15130.996094 14020.083008 -2457.087402 6256.744995 4518413.643668 50.186768 -25.415039 0.056155 0.111097 1.142196 1.790313 19665.266113 16209.361572 2077.182617 8446.02356 7565000.159396 12.548828 -1.63208 -0.089897 0.029508 0.271143 1.392664 15703.321533 10865.831299 -1884.761963 3102.493286 1317779.224726 45.892334 59.498291 0.017461 -0.031464 0.666101 8.924882 18198.981934 17383.876953 610.898438 9620.53894 9292796.640526 53.209229 -57.344971 0.043998 0.026299 0.256499 1.797615 18112.663574 17530.401611 524.580078 9767.063599 9567071.55981 -5.839844 22.034912 0.032122 0.026618 0.393139 1.858246 19673.779297 17138.359375 2085.695801 9375.021362 9224115.251707 -38.670654 12.022705 0.025523 0.025356 0.63003 1.354818 15452.684326 9243.4552 -2135.39917 1480.117188 675067.650364 -555.123291 82.631226 -0.002959 -0.023116 0.034386 10.396496 16080.722656 8303.425903 -1507.36084 540.087891 256383.163109 -76.384277 28.24585 0.010504 -0.023463 0.787972 12.566351 16403.590088 9070.505981 -1184.493408 1307.167969 311171.27326 751.656494 64.60144 0.01588 -0.025206 1.625481 12.099966
20004.963379 10444.986572 2459.914551 2633.36853 1298580.941338 -11.003418 -23.283691 -0.629153 -0.237929 2.231859 0.449609 15750.761719 10625.008545 -1794.287109 2813.390503 1113463.235284 13.4729 131.759033 0.681809 0.097226 4.364175 0.222565 20628.989258 13876.448975 3083.94043 6064.830933 4629286.281509 23.779297 -58.187256 -0.121565 0.062934 2.254712 0.391446 15122.738037 14027.880859 -2422.310791 6216.262817 4450951.298305 -8.258057 7.797852 0.053875 0.116473 1.051332 1.967769 19712.943115 16218.212891 2167.894287 8406.594849 7537060.258914 47.677002 8.851318 0.052205 0.030062 0.091441 1.445392 15811.702881 10762.03125 -1733.345947 2950.413208 1170942.627089 108.381348 -103.800049 0.022422 -0.032616 1.098351 9.590034 18178.013916 17353.55835 632.965088 9541.940308 9144926.963662 -20.968018 -30.318604 0.028173 0.025132 0.10517 1.641683 18054.520264 17503.455811 509.471436 9691.837769 9419128.047562 -58.143311 -26.945801 0.016862 0.025591 0.10833 1.717567 19674.777832 17161.707764 2129.729004 9350.089722 9195992.343354 0.998535 23.348389 0.025626 0.026464 0.635138 1.475808 16409.844971 8937.721558 -1135.203857 1126.103516 255679.692581 957.160645 -305.733643 0.021418 -0.024687 1.801188 11.85799 15950.003662 8352.576904 -1595.045166 540.958862 283680.557234 -130.718994 49.151001 0.008674 -0.023248 0.537287 12.33676 16215.97168 9121.617432 -1329.077148 1309.99939 348254.446738 -187.618408 51.11145 0.01297 -0.024938 1.084202 11.843671
20015.616455 10448.037109 2447.092285 2649.564819 1300845.438393 10.653076 3.050537 -0.440214 -0.19952 1.092654 0.316164 15686.601562 10587.113037 -1881.922607 2788.640747 1131814.991655 -64.160156 -37.895508 -0.001612 -0.063726 2.4e-05 0.095615 20672.036133 13917.332764 3103.511963 6118.860474 4707223.999959 43.046875 40.883789 -0.093351 0.1043 1.329567 1.075161 15110.270996 14012.923584 -2458.253174 6214.451294 4466241.355145 -12.467041 -14.957275 0.050433 0.106161 0.921291 1.634769 19737.158203 16224.868164 2168.634033 8426.395874 7570712.099573 24.215088 6.655273 0.124379 0.030478 0.519042 1.485683 16018.376465 10838.305664 -1550.147705 3039.833374 1164354.484939 206.673584 76.274414 0.031881 -0.03177 2.220644 9.098937 18184.300537 17297.852783 615.776367 9499.380493 9061741.028829 6.286621 -55.705566 0.032918 0.022989 0.143576 1.373621 18036.456299 17468.820801 467.932129 9670.348511 9373460.079648 -18.063965 -34.63501 0.012121 0.02427 0.055975 1.544875 19558.027344 17160.266113 1989.503174 9361.793823 9160130.646757 -116.750488 -1.44165 0.013555 0.026395 0.1777 1.468188 16303.430176 8950.535278 -1265.093994 1152.062988 292771.194298 -106.414795 12.813721 0.018708 -0.024621 1.374188 11.794808 15665.556641 8458.052368 -1902.967529 659.580078 405633.129702 -284.447021 105.475464 0.004691 -0.022786 0.157144 11.851214 15626.142578 8684.163818 -1942.381592 885.691528 455729.573149 -589.829102 -437.453613 0.003819 -0.027235 0.093987 14.125993
20000.137939 10460.518799 2429.060059 2643.701782 1288949.18816 -15.478516 12.481689 -0.714735 -0.042363 2.880345 0.014254 15682.548828 10654.060059 -1888.529053 2837.243042 1161649.006235 -4.052734 66.947021 -0.044781 0.220616 0.018826 1.145944 20703.395996 13929.300537 3132.318115 6112.483521 4717387.156351 31.359863 11.967773 -0.072797 0.116409 0.808531 1.339301 15137.282715 13999.833984 -2433.795166 6183.016968 4415305.77339 27.011719 -13.0896 0.057891 0.097137 1.213893 1.368659 19749.0979 16228.309326 2178.02002 8411.49231 7549697.407944 11.939697 3.441162 0.159966 0.030693 0.858541 1.506733 15974.943848 10689.543457 -1596.134033 2872.72644 1080020.105349 -43.432617 -148.762207 0.029893 -0.03342 1.952342 10.068711 18295.117188 17117.420654 724.039307 9300.603638 8702546.094307 110.81665 -180.432129 0.116553 0.016047 1.799956 0.669287 18026.469727 17430.804443 455.391846 9613.987427 9263613.597499 -9.986572 -38.016357 0.0095 0.02282 0.034384 1.365854 19373.638916 17190.845947 1802.561035 9374.028931 9112164.467839 -184.388428 30.579834 -0.00551 0.027846 0.029363 1.634058 16329.138184 8900.944824 -1241.939697 1084.127808 271774.731489 25.708008 -49.590454 0.019363 -0.024876 1.47206 12.040268 15822.297363 8289.030762 -1748.780518 472.213745 328121.911974 156.740723 -169.021606 0.006885 -0.023526 0.33859 12.633994 15740.087891 8630.27832 -1830.98999 813.461304 401424.363697 113.945312 -53.885498 0.005586 -0.027518 0.201153 14.421032
20011.578369 10481.728516 2468.221436 2658.486328 1315966.661172 11.44043 21.209717 -0.511832 0.224687 1.477098 0.400957 15729.411621 10620.252686 -1813.945312 2797.010498 1111366.532293 46.862793 -33.807373 0.454392 0.077027 1.938376 0.139693 20717.458496 13935.487061 3174.101562 6112.244873 4743445.811715 14.0625 6.186523 -0.06358 0.122669 0.616752 1.487207 15175.55542 13981.157227 -2367.801514 6157.915039 4352640.163646 38.272705 -18.676758 0.068457 0.084261 1.697461 1.029865 19729.698486 16249.641113 2186.341553 8426.398926 7578428.824162 -19.399414 21.331787 0.102145 0.032027 0.350061 1.640526 15864.82666 10782.072754 -1678.530273 2958.830566 1157214.219955 -110.117188 92.529297 0.024853 -0.032393 1.349492 9.459745 18167.052002 17246.848145 623.695068 9423.605957 8919334.477169 -128.065186 129.42749 0.0199 0.021027 0.052472 1.149121 17999.827881 17439.099121 456.470947 9615.856934 9267307.029304 -26.641846 8.294678 0.002507 0.023137 0.002395 1.403974 19636.263428 17149.902344 2092.906494 9326.660156 9136684.72634 262.624512 -40.943604 0.021644 0.025904 0.45308 1.413986 16372.044678 8862.942505 -1171.312256 1039.700317 245294.915069 42.906494 -38.002319 0.020455 -0.025071 1.642905 12.23008 15887.026367 8290.327148 -1656.330566 467.084961 296159.930595 64.729004 1.296387 0.007792 -0.023521 0.433593 12.627895 16388.62915 9104.776611 -1154.727783 1281.534424 297572.673276 648.54126 474.498291 0.015648 -0.025026 1.578311 11.927815
20008.656006 10472.890625 2434.193115 2591.202393 1263962.596156 -2.922363 -8.837891 -0.563662 0.11341 1.791397 0.102151 15811.242676 10558.10791 -1763.220215 2676.419678 1027216.78174 81.831055 -62.144775 1.32604 -0.186919 16.507834 0.822613 20712.192383 13957.902832 3137.729492 6076.2146 4676573.022665 -5.266113 22.415771 -0.067031 0.145349 0.685533 2.087988 15234.354248 13954.80957 -2340.108643 6073.121338 4235891.124381 58.798828 -26.347656 0.084691 0.066097 2.597952 0.633706 19719.782715 16292.950439 2145.319824 8411.262207 7535172.906362 -9.915771 43.309326 0.072591 0.034735 0.176796 1.929666 15810.72998 10776.099854 -1763.73291 2894.411621 1148837.241069 -54.09668 -5.9729 0.022377 -0.03246 1.093993 9.498482 18164.036865 17315.664062 589.573975 9433.97583 8934749.743403 -3.015137 68.815918 0.017625 0.023674 0.041158 1.456734 18011.785889 17471.607666 437.322998 9589.919434 9215780.614744 11.958008 32.508545 0.005646 0.024376 0.012145 1.558432 19640.377197 17169.147949 2065.914307 9287.459717 9052490.991351 4.11377 19.245605 0.022069 0.026817 0.471063 1.51545 15832.774658 9033.214722 -1741.688232 1151.526489 435949.115442 -539.27002 170.272217 0.006721 -0.024196 0.177363 11.391187 15913.405762 8249.151611 -1661.057129 367.463379 289414.012033 26.379395 -41.175537 0.008161 -0.023701 0.475676 12.822333 16479.869385 9032.213745 -1094.593506 1150.525513 252184.389843 91.240234 -72.562866 0.017064 -0.025407 1.876777 12.293777
19990.037842 10470.695801 2421.411133 2603.03772 1263903.724443 -18.618164 -2.194824 -0.893867 0.085775 4.505048 0.058433 15882.34375 10485.791016 -1686.282959 2618.132935 969817.028084 71.101074 -72.316895 2.083394 -0.494068 40.749272 5.747297 20699.462891 13929.658203 3130.836182 6062.000122 4654998.067625 -12.729492 -28.244629 -0.075375 0.116771 0.866808 1.347641 15242.36084 13928.97583 -2326.265869 6061.317749 4215108.574856 8.006592 -25.83374 0.086901 0.048287 2.735338 0.338209 19707.296143 16345.163574 2138.669434 8477.505493 7644200.633282 -12.486572 52.213135 0.035374 0.037999 0.041984 2.309434 15799.064941 10725.749512 -1769.561768 2858.091431 1130003.547531 -11.665039 -50.350342 0.021843 -0.033018 1.04241 9.828165 18125.455322 17377.376709 556.828613 9509.718628 9074480.648696 -38.581543 61.712646 -0.011493 0.026049 0.017503 1.763588 17991.253662 17489.023438 422.626953 9621.365356 9274928.486371 -20.532227 17.415771 0.000257 0.02504 2.5e-05 1.644494 19652.376709 17174.044189 2083.75 9306.386108 9095083.646109 11.999512 4.89624 0.02331 0.027049 0.525516 1.541824 16413.822021 9073.765869 -1154.804688 1206.107788 278826.986275 581.047363 40.551147 0.021519 -0.023988 1.818264 11.195795 16054.32251 8163.745728 -1514.304199 296.087646 238078.510217 140.916748 -85.405884 0.010134 -0.024075 0.733487 13.230372 16012.407227 8856.304321 -1556.219482 988.64624 339924.04658 -467.462158 -175.909424 0.009811 -0.026331 0.620464 13.203905
19997.567139 10448.934326 2405.297852 2558.485718 1233130.692278 7.529297 -21.761475 -0.76033 -0.188223 3.259554 0.281375 15935.443115 10445.41626 -1656.826172 2554.967651 927293.266334 53.099365 -40.374756 2.648997 -0.66555 65.87797 10.429227 20711.496582 13905.909424 3119.227295 6015.460815 4591534.773936 12.033691 -23.748779 -0.067487 0.092742 0.694893 0.850073 15248.979492 13884.040527 -2343.289795 5993.591919 4141415.115383 6.618652 -44.935303 0.088728 0.017308 2.851581 0.043454 19726.228027 16264.450684 2133.95874 8374.002075 7467769.06604 18.931885 -80.712891 0.091801 0.032953 0.282752 1.736758 15814.484863 10702.971191 -1777.784424 2812.522583 1107080.073753 15.419922 -22.77832 0.022549 -0.033271 1.110862 9.979161 18194.099121 17307.856445 601.829834 9417.407837 8904976.951584 68.643799 -69.520264 0.040313 0.023374 0.215331 1.420001 18031.781006 17424.481201 439.511719 9534.032593 9109094.803098 40.527344 -64.542236 0.010894 0.022579 0.045215 1.337147 19651.459961 17128.483887 2059.190674 9238.035278 8958156.203467 -0.916748 -45.560303 0.023215 0.024887 0.52125 1.305201 15729.470215 9003.284302 -1862.799072 1112.835693 470842.366405 -684.351807 -70.481567 0.00409 -0.02435 0.065681 11.536489 15857.355957 8130.682373 -1734.91333 240.233765 306763.652456 -196.966553 -33.063354 0.007376 -0.02422 0.388589 13.390053 16359.177246 8797.092285 -1233.092041 906.643677 234251.873822 346.77002 -59.212036 0.015191 -0.026642 1.487483 13.517569
19996.193848 10448.499756 2435.350342 2538.458252 1237470.15842 -1.373291 -0.43457 -0.784686 -0.193694 3.47173 0.297972 15820.864258 10526.928711 -1739.979248 2616.887207 987562.643796 -114.578857 81.512451 1.428527 -0.319345 19.158163 2.401103 20684.101562 13910.023193 3123.258057 5999.981689 4575452.116214 -27.39502 4.11377 -0.085443 0.096904 1.113845 0.928089 15219.068604 13877.803955 -2341.774902 5967.762451 4109809.836686 -29.910889 -6.236572 0.08047 0.013009 2.345493 0.024547 19695.12207 16289.342041 2134.278564 8379.300537 7476782.248189 -31.105957 24.891357 -0.000911 0.034509 2.8e-05 1.90468 15888.778076 10541.162109 -1672.06543 2631.120605 971859.844168 74.293213 -161.809082 0.025949 -0.035066 1.471171 11.08491 18175.316162 17270.817871 614.472656 9360.776367 8800171.084177 -18.782959 -37.038574 0.026137 0.021949 0.090518 1.252132 17994.176025 17466.121826 433.33252 9556.080322 9150644.819808 -37.60498 41.640625 0.001024 0.024167 0.000399 1.531802 19579.459229 17148.085938 2018.615723 9238.044434 8941627.439281 -72.000732 19.602051 0.015771 0.025817 0.24055 1.404592 16207.585449 8597.504272 -1353.258057 687.462769 230391.242601 478.115234 -405.780029 0.016267 -0.026436 1.038973 13.597277 16051.037598 8076.781006 -1509.805908 166.739502 230731.594196 193.681641 -53.901367 0.010088 -0.024456 0.726844 13.652426 16502.341309 8927.282104 -1058.502197 1017.240601 215520.53411 143.164062 130.189819 0.017412 -0.025958 1.954252 12.832766
19964.378662 10428.349609 2395.220947 2512.526855 1204987.458567 -31.815186 -20.150146 -1.348948 -0.447404 10.259927 1.589795 15754.448242 10572.76123 -1814.709473 2656.938477 1035249.253839 -66.416016 45.83252 0.721077 -0.124682 4.881353 0.366015 20675.925293 13900.883789 3106.767578 5985.061035 4547296.037903 -8.17627 -9.139404 -0.090802 0.087657 1.257947 0.759412 15251.865234 13808.842773 -2317.29248 5893.02002 4009752.939063 32.796631 -68.961182 0.089525 -0.034534 2.903021 0.172985 19699.49585 16294.327393 2130.338135 8378.504639 7473768.054868 4.373779 4.985352 0.012126 0.034821 0.004933 1.939244 16072.667236 10527.304688 -1496.490479 2611.481934 905932.164177 183.88916 -13.857422 0.034366 -0.03522 2.580305 11.182308 18150.629883 17240.418701 581.472168 9324.595947 8728619.946188 -24.686279 -30.39917 0.007506 0.020779 0.007465 1.122242 18015.994873 17434.648438 446.837158 9518.825684 9080770.58406 21.818848 -31.473389 0.00675 0.022967 0.017362 1.383455 19666.77002 17141.862793 2097.612305 9226.040039 8951979.218316 87.310791 -6.223145 0.024798 0.025522 0.594759 1.372643 16281.646729 8517.058105 -1287.510986 601.235352 201916.848788 74.061279 -80.446167 0.018153 -0.026849 1.293892 14.025933 16234.484863 8055.0177 -1334.672852 139.194946 180072.685377 183.447266 -21.763306 0.012657 -0.024552 1.144095 13.759084 16737.91626 9305.886841 -831.241455 1390.064087 262324.052237 235.574951 378.604736 0.021067 -0.02397 2.860741 10.942442
20000.758057 10451.708984 2433.842773 2504.674072 1219698.285409 36.379395 23.359375 -0.703737 -0.153287 2.792383 0.186618 15680.622559 10559.102783 -1886.292725 2612.067871 1038099.880611 -73.825684 -13.658447 -0.065299 -0.182693 0.040031 0.785842 20673.898926 13893.599854 3106.983643 5946.564941 4501498.195761 -2.026367 -7.283936 -0.09213 0.080287 1.295016 0.637082 15238.266602 13714.731445 -2328.648682 5767.696533 3868892.798163 -13.598633 -94.111328 0.085771 -0.099415 2.664642 1.433593 19698.026123 16260.223389 2131.11084 8313.188477 7365073.605855 -1.469727 -34.104004 0.007745 0.032689 0.002013 1.70901 16213.034668 10479.442139 -1353.880615 2532.407227 824607.908145 140.367432 -47.862549 0.040791 -0.03575 3.635263 11.521988 18091.585693 17383.880615 524.67041 9436.845703 8932933.586388 -59.044189 143.461914 -0.037055 0.026299 0.181936 1.797634 17982.861328 17496.61377 415.946045 9549.578857 9136746.746641 -33.133545 61.965332 -0.001946 0.02533 0.001443 1.682727 19733.293457 17134.626465 2166.378174 9187.591553 8910503.293191 66.523438 -7.236328 0.031676 0.025179 0.970446 1.335954 16328.492432 8593.517456 -1238.422852 646.482544 195163.08389 46.845703 76.459351 0.019346 -0.026456 1.46956 13.618364 16245.134277 7964.516602 -1321.781006 17.481689 174741.063692 10.649414 -90.501099 0.012806 -0.024948 1.171211 14.207062 16862.208252 8552.680664 -704.707031 605.645752 86341.877675 124.291992 -753.206177 0.022996 -0.027925 3.408409 14.851259
19952.885742 10449.746094 2424.462891 2543.031006 1234502.700478 -47.872314 -1.962891 -1.552782 -0.178002 13.594862 0.251646 15652.034912 10560.140381 -1876.387939 2653.425293 1056149.748469 -28.587646 1.037598 -0.369809 -0.178286 1.283904 0.748387 20670.100098 13894.189453 3141.677246 5987.474365 4571998.519296 -3.798828 0.5896 -0.09462 0.080884 1.365959 0.646585 15255.975342 13685.53833 -2272.44751 5778.823242 3855881.574909 17.70874 -29.193115 0.09066 -0.119541 2.977078 2.072793 19690.018311 16259.008789 2161.595459 8352.293701 7443330.499894 -8.007812 -1.2146 -0.016123 0.032613 0.008721 1.701078 16306.02417 10424.262695 -1222.398682 2517.547607 783230.449251 92.989502 -55.179443 0.045047 -0.036363 4.433464 11.919903 18118.438721 17366.630859 590.015869 9459.915771 8983812.512942 26.853027 -17.249756 -0.016789 0.025635 0.037348 1.708049 18006.136475 17473.511963 477.713623 9566.796875 9175181.275315 23.275146 -23.101807 0.004163 0.024449 0.006603 1.56773 19732.020264 17110.977783 2203.597412 9204.262695 8957429.331898 -1.273193 -23.648682 0.031545 0.024056 0.962397 1.21952 16392.164307 8518.052368 -1136.258545 611.33728 166481.675116 63.671875 -75.465088 0.020968 -0.026844 1.726247 14.020594 16385.640869 7982.974854 -1142.781982 76.259766 131176.62112 140.506592 18.458252 0.014773 -0.024867 1.558716 14.115111 16993.273926 8507.069092 -535.148926 600.354004 64680.930277 131.065674 -45.611572 0.025029 -0.028165 4.037849 15.107095
19941.217041 10473.851318 2394.666748 2565.076294 1231404.522796 -11.668701 24.105225 -1.759734 0.125506 17.460138 0.125103 15663.464355 10511.132812 -1883.085938 2602.357788 1031827.870522 11.429443 -49.007568 -0.248065 -0.386434 0.577708 3.515945 20650.754395 13882.91748 3104.204102 5974.142456 4532646.118939 -19.345703 -11.271973 -0.107299 0.069479 1.756586 0.477097 15259.224854 13665.345459 -2287.325439 5756.570435 3836996.083414 3.249512 -20.192871 0.091557 -0.133462 3.03629 2.583679 19694.313965 16240.722656 2147.763672 8331.947632 7403424.012988 4.295654 -18.286133 -0.003319 0.031469 0.00037 1.583897 16399.89502 10317.001953 -1146.655273 2408.226929 711437.525627 93.87085 -107.260742 0.049344 -0.037552 5.319517 12.712719 18114.923096 17330.98999 568.372803 9422.214966 8910118.250502 -3.515625 -35.640869 -0.019442 0.024264 0.050085 1.530204 18006.636963 17469.268799 460.08667 9560.493774 9161472.095445 0.500488 -4.243164 0.004294 0.024287 0.007026 1.54705 19718.483887 17108.092041 2171.933594 9199.317017 8934472.910759 -13.536377 -2.885742 0.030145 0.023919 0.878891 1.205675 16274.505615 8450.579834 -1272.044678 541.80481 191165.011383 -117.658691 -67.472534 0.017971 -0.027191 1.268095 14.385181 16457.459717 7952.185669 -1089.090576 43.410645 118800.276717 71.818848 -30.789185 0.015779 -0.025002 1.778138 14.268655 17188.686523 8557.382812 -357.86377 648.607788 54875.854031 195.412598 50.313721 0.028061 -0.027901 5.075294 14.825008
19953.708496 10465.058594 2430.9021 2553.518677 1242974.265044 12.491455 -8.792725 -1.53819 0.014797 13.340552 0.001739 15694.298096 10454.053955 -1828.508301 2542.514038 980782.023989 30.83374 -57.078857 0.08037 -0.628864 0.06064 9.311151 20645.180664 13891.094971 3122.374268 5979.555054 4550429.970719 -5.57373 8.17749 -0.110953 0.077753 1.878234 0.597495 15287.418213 13613.00293 -2235.388184 5701.463013 3750364.081648 28.193359 -52.342529 0.099341 -0.169547 3.574494 4.169706 19681.845703 16275.148926 2159.039307 8363.609009 7461140.637952 -12.468262 34.42627 -0.040481 0.033622 0.054981 1.807981 16472.380371 10277.352295 -1050.426025 2365.812378 670046.304238 72.485352 -39.649658 0.052661 -0.037992 6.058902 13.01225 18077.11792 17390.062256 554.311523 9478.522339 9014964.699342 -37.805176 59.072266 -0.047974 0.026537 0.304954 1.830295 17982.585449 17531.538086 459.779053 9619.998169 9275576.154784 -24.051514 62.269287 -0.002018 0.026661 0.001552 1.864301 19707.723389 17116.589355 2184.916992 9205.049438 8950679.742755 -10.760498 8.497314 0.029032 0.024323 0.815213 1.246668 16242.481689 8618.220825 -1280.324707 706.680908 213862.926145 -32.023926 167.640991 0.017156 -0.026329 1.155605 13.487966 16384.731445 7909.002075 -1138.074951 -2.537842 129522.103513 -72.728271 -43.183594 0.014761 -0.025191 1.55603 14.485409 17114.351807 8423.961792 -408.45459 512.421875 42941.132994 -74.334717 -133.421021 0.026908 -0.028601 4.666688 15.578863
19957.320557 10445.509033 2440.657959 2565.98877 1254110.963811 3.612061 -19.549561 -1.474128 -0.23135 12.252484 0.425091 15709.436035 10443.574219 -1807.226562 2564.053955 984044.053276 15.137939 -10.479736 0.241616 -0.673374 0.54806 10.675862 20625.651855 13872.4646 3108.989258 5992.944336 4558119.601884 -19.528809 -18.630371 -0.123752 0.058902 2.336585 0.342902 15325.675049 13553.874512 -2190.987549 5674.354248 3699872.257145 38.256836 -59.128418 0.109903 -0.210311 4.374992 6.415749 19687.344971 16243.303223 2170.682373 8363.782959 7466472.734965 5.499268 -31.845703 -0.024091 0.031631 0.019471 1.60018 16510.681152 10230.803833 -1005.981445 2351.283569 654053.309174 38.300781 -46.548462 0.054414 -0.038508 6.46901 13.368349 18085.548096 17301.899414 568.885498 9422.37915 8910485.95636 8.430176 -88.162842 -0.041612 0.023145 0.229432 1.39229 17984.110107 17470.645752 467.44751 9591.125488 9220819.530634 1.524658 -60.892334 -0.001618 0.02434 0.000998 1.553746 19716.102295 17131.851807 2199.439697 9252.331543 9044317.396292 8.378906 15.262451 0.029899 0.025047 0.864591 1.322018 16288.226318 8422.609863 -1228.436279 543.0896 180400.20055 45.744629 -195.610962 0.018321 -0.027335 1.31789 14.537689 16474.300537 7902.140503 -1042.362061 22.620239 108703.034049 89.569092 -6.861572 0.016015 -0.025221 1.831681 14.52 17213.636475 8466.28418 -303.026123 586.763916 43611.672439 99.284668 42.322388 0.028448 -0.028379 5.216283 15.337709
19975.10376 10459.411621 2424.16626 2588.473511 1257677.71708 17.783203 13.902588 -1.158732 -0.056304 7.570416 0.025178 15674.385986 10474.711914 -1876.551514 2603.773804 1030108.360436 -35.050049 31.137695 -0.13173 -0.541124 0.16291 6.894196 20631.30127 13886.990967 3080.36377 6016.052856 4568153.292418 5.649414 14.526367 -0.12005 0.0736 2.198851 0.53538 15393.951416 13551.837158 -2156.986084 5680.899048 3692520.295838 68.276367 -2.037354 0.128753 -0.211716 6.004443 6.501731 19681.116943 16246.779785 2130.179443 8375.841675 7469238.822231 -6.228027 3.476562 -0.042653 0.031848 0.06104 1.622249 16563.66333 10246.036377 -987.27417 2375.098267 661580.206261 52.982178 15.232544 0.056839 -0.03834 7.058457 13.25129 18087.434082 17309.953613 536.496582 9439.015503 8938284.224708 1.885986 8.054199 -0.040189 0.023455 0.214004 1.429822 17994.874268 17464.364014 443.936768 9593.425903 9223090.04161 10.76416 -6.281738 0.001207 0.0241 0.000555 1.523317 19755.404053 17098.826904 2204.466553 9227.888794 9001360.437555 39.301758 -33.024902 0.033962 0.02348 1.115577 1.161759 16312.454834 8477.773438 -1238.482666 606.835327 190208.84283 24.228516 55.163574 0.018938 -0.027051 1.408162 14.237678 16481.92749 7878.795166 -1069.01001 7.857056 114284.41343 7.626953 -23.345337 0.016121 -0.025324 1.856191 14.637999 17302.952881 8573.746338 -247.984619 702.808228 55543.577603 89.316406 107.462158 0.029834 -0.027815 5.736834 14.733838
19951.574707 10461.708984 2422.856445 2608.974609 1267698.186696 -23.529053 2.297363 -1.576034 -0.027378 14.005061 0.005953 15747.791748 10468.813477 -1780.926514 2616.079102 1001556.911273 73.405762 -5.898438 0.650173 -0.566176 3.968581 7.54733 20620.222168 13868.723145 3091.503906 6015.98877 4574951.727749 -11.079102 -18.267822 -0.127311 0.055117 2.472904 0.300242 15436.341553 13501.324463 -2092.376709 5648.590088 3628461.027332 42.390137 -50.512695 0.140456 -0.246539 7.145621 8.816501 19694.041748 16264.812012 2165.323486 8412.077637 7545167.596663 12.924805 18.032227 -0.004131 0.032975 0.000572 1.73914 16600.05127 10217.744751 -928.666992 2365.010376 645569.646086 36.387939 -28.291626 0.058505 -0.038653 7.478171 13.469115 18101.45752 17328.614502 572.739258 9475.880127 9012033.443782 14.023438 18.660889 -0.029605 0.024173 0.11613 1.518698 17985.286865 17500.349121 456.568604 9647.614746 9328492.517876 -9.587402 35.985107 -0.001309 0.025472 0.000653 1.701703 19676.137695 17133.325195 2147.419434 9280.59082 9074077.619784 -79.266357 34.498291 0.025767 0.025117 0.642126 1.329409 16331.488037 8571.005859 -1197.230225 718.271484 194927.413598 19.033203 93.232422 0.019422 -0.026572 1.481174 13.737738 16493.820801 7912.124634 -1034.897461 59.390259 107453.995749 11.893311 33.329468 0.016288 -0.025178 1.894736 14.469681 17288.823242 8478.859863 -239.89502 626.125488 44958.274747 -14.129639 -94.886475 0.029614 -0.028313 5.652836 15.266415
19984.337158 10476.993408 2414.462891 2650.795288 1285634.670954 32.762451 15.284424 -0.994972 0.165068 5.581816 0.216404 15719.533691 10479.211426 -1850.340576 2653.013306 1046223.984786 -28.258057 10.397949 0.349174 -0.522013 1.14462 6.415836 20627.287598 13907.578125 3057.41333 6081.380005 4633095.903473 7.06543 38.85498 -0.12268 0.09443 2.296275 0.881307 15502.82959 13505.966797 -2067.044678 5679.768677 3653244.592123 66.488037 4.642334 0.158812 -0.243339 9.135393 8.589083 19690.125732 16285.579834 2120.251465 8459.381714 7605660.525508 -3.916016 20.767822 -0.015802 0.034274 0.008378 1.878803 16646.525879 10249.129639 -923.348389 2422.931519 672316.939047 46.474609 31.384888 0.060632 -0.038305 8.031855 13.227582 18136.193848 17393.410645 566.31958 9567.212524 9185227.335409 34.736328 64.796143 -0.003389 0.026666 0.001522 1.848109 18005.612793 17600.20752 435.738525 9774.009399 9572112.780234 20.325928 99.858398 0.004026 0.029279 0.006174 2.248443 19686.408691 17138.692627 2116.534424 9312.494507 9120227.19071 10.270996 5.367432 0.026829 0.025372 0.696147 1.356508 16370.410156 8582.348022 -1199.464111 756.149902 201047.682918 38.922119 11.342163 0.020414 -0.026514 1.636225 13.677528 16522.376709 7890.126953 -1047.497559 63.928833 110133.803095 28.555908 -21.997681 0.016688 -0.025274 1.988901 14.580663 17374.993896 8611.289673 -194.880371 785.091553 65434.710521 86.170654 132.42981 0.030951 -0.027618 6.174735 14.525727
19977.559814 10461.546631 2381.300049 2683.434448 1287141.036056 -6.777344 -15.446777 -1.115172 -0.029422 7.011933 0.006875 15743.7146 10455.92041 -1852.545166 2677.808228 1060258.04956 24.180908 -23.291016 0.606744 -0.620936 3.456117 9.077882 20623.876953 13876.499023 3027.617188 6098.386841 4635678.789434 -3.410645 -31.079102 -0.124916 0.062984 2.380721 0.392076 15551.107178 13463.48877 -2045.152588 5685.376587 3650615.604279 48.277588 -42.478027 0.172141 -0.272624 10.733151 10.780791 19704.0271 16285.793457 2107.767334 8507.681274 7682332.380123 13.901367 0.213623 0.025631 0.034287 0.022041 1.880267 16686.303711 10220.294189 -909.956055 2442.182007 679227.297598 39.777832 -28.835449 0.062453 -0.038625 8.521459 13.449414 18152.408447 17297.805176 556.148682 9519.692993 9093385.604019 16.2146 -95.605469 0.008848 0.022987 0.010374 1.373402 17990.893555 17550.299072 394.633789 9772.18689 9565137.243369 -14.719238 -49.908447 0.000162 0.027377 1e-05 1.965682 19617.366943 17147.392578 2021.107178 9369.280396 9186828.935354 -69.041748 8.699951 0.01969 0.025784 0.374973 1.401014 16370.930176 8619.672241 -1225.32959 841.560059 220965.593597 0.52002 37.324219 0.020427 -0.026322 1.638349 13.480324 16559.763184 7936.555176 -1036.496582 158.442993 109942.934665 37.386475 46.428223 0.017211 -0.025071 2.115638 14.346921 17448.864746 8638.305054 -147.39502 860.192871 76165.706726 73.87085 27.015381 0.032097 -0.027476 6.640482 14.37689
19995.244141 10488.641357 2364.888916 2728.840942 1303927.247392 17.684326 27.094727 -0.80153 0.311726 3.622374 0.771771 15750.134277 10448.466797 -1880.220947 2688.666382 1076415.772335 6.419678 -7.453613 0.675125 -0.652594 4.279036 10.027122 20624.609375 13861.928711 2994.25415 6102.128296 4620152.765674 0.732422 -14.570312 -0.124436 0.048242 2.362458 0.230016 15558.582764 13452.481689 -2071.772461 5692.681274 3669886.122196 7.475586 -11.00708 0.174204 -0.280212 10.992064 11.389302 19702.91626 16250.6604 2072.561035 8490.859985 7639021.253529 -1.11084 -35.133057 0.02232 0.032091 0.016715 1.647061 16722.51709 10253.852539 -907.838135 2494.052124 704446.607628 36.213379 33.55835 0.06411 -0.038253 8.979787 13.191424 18119.825439 17334.432373 489.470215 9574.631958 9191315.822252 -32.583008 36.627197 -0.015742 0.024396 0.032837 1.546955 17982.866211 17491.314697 352.510986 9731.514282 9482663.422066 -8.027344 -58.984375 -0.001945 0.025128 0.001441 1.655989 19679.958496 17129.597168 2049.603271 9369.796753 9199396.476169 62.591553 -17.79541 0.026162 0.02494 0.661967 1.310748 16379.93042 8620.494995 -1250.424805 860.69458 230435.735235 9.000244 0.822754 0.020656 -0.026318 1.675324 13.475993 16521.633301 7834.35791 -1108.721924 74.557495 123482.312446 -38.129883 -102.197266 0.016677 -0.025518 1.986421 14.863927 17376.635742 8433.251343 -253.719482 673.450928 51790.972783 -72.229004 -205.053711 0.030977 -0.028552 6.184903 15.52577
19980.162354 10459.858398 2344.21875 2715.970459 1287185.708193 -15.081787 -28.782959 -1.069015 -0.050678 6.44349 0.020398 15771.369629 10398.446045 -1864.573975 2654.558105 1052331.48421 21.235352 -50.020752 0.90132 -0.865045 7.626673 17.618467 20647.375488 13885.109863 3011.431885 6141.221924 4678332.871429 22.766113 23.181152 -0.109514 0.071697 1.829845 0.508048 15586.411133 13412.501221 -2049.532471 5668.613281 3633375.988083 27.828369 -39.980469 0.181887 -0.307775 11.983009 13.740102 19690.646973 16266.40625 2054.703369 8522.518311 7685512.428876 -12.269287 15.74585 -0.014249 0.033075 0.006812 1.74967 16759.508057 10203.556519 -876.435547 2459.668579 681810.878685 36.990967 -50.296021 0.065803 -0.038811 9.460349 13.579023 18127.845459 17283.952637 491.901855 9540.064697 9125480.186343 8.02002 -50.479736 -0.00969 0.022454 0.01244 1.310454 18002.203369 17487.963867 366.259766 9744.075928 9508116.190137 19.337158 -3.35083 0.003131 0.025 0.003734 1.639192 19708.582764 17140.506592 2072.63916 9396.618652 9259227.518579 28.624268 10.909424 0.029121 0.025458 0.820211 1.365729 16384.7229 8624.700928 -1251.220703 880.812988 234138.476825 4.79248 4.205933 0.020778 -0.026296 1.695182 13.453864 16539.244385 7753.661499 -1096.699219 9.77356 120284.469887 17.611084 -80.696411 0.016924 -0.025872 2.045597 15.278628 17402.999268 8347.197876 -232.944336 603.309937 41824.594315 26.363525 -86.053467 0.031386 -0.029004 6.349313 16.021066
20010.704346 10454.561768 2359.161377 2719.01001 1295865.783571 30.541992 -5.296631 -0.527334 -0.117368 1.567924 0.109406 15752.301025 10434.329834 -1899.241943 2698.778076 1089052.306384 -19.068604 35.883789 0.698205 -0.712637 4.576602 11.957144 20625.67627 13885.496826 2974.133301 6149.945068 4666729.323465 -21.699219 0.386963 -0.123736 0.072088 2.33598 0.513612 15652.513428 13385.872803 -1999.029541 5650.321045 3592224.701654 66.102295 -26.628418 0.200137 -0.326133 14.508278 15.428098 19671.296387 16279.987793 2019.753418 8544.436035 7708679.102827 -19.350586 13.581543 -0.071924 0.033924 0.173561 1.840666 16770.648193 10212.126465 -880.894775 2476.574707 690939.788482 11.140137 8.569946 0.066313 -0.038716 9.607529 13.512584 18089.025879 17331.064453 437.48291 9595.512695 9226525.518258 -38.81958 47.111816 -0.038987 0.024267 0.201401 1.530565 17983.1604 17502.508545 331.617432 9766.956787 9550341.500223 -19.042969 14.544678 -0.001867 0.025554 0.001329 1.712722 19723.122559 17121.195068 2071.57959 9385.643311 9238174.234987 14.539795 -19.311523 0.030625 0.024541 0.90708 1.269173 16389.450684 8667.105713 -1262.092285 931.553955 246066.970747 4.727783 42.404785 0.020899 -0.026078 1.714886 13.231774 16623.695068 7906.473389 -1027.8479 170.921631 108568.551023 84.450684 152.81189 0.018106 -0.025202 2.341431 14.498152 17412.623291 8473.33252 -238.919678 737.780762 60140.306477 9.624023 126.134644 0.031535 -0.028342 6.409868 15.29773
20008.425293 10459.317627 2332.830811 2710.955811 1279138.099737 -2.279053 4.755859 -0.567754 -0.057487 1.8175 0.026247 15777.147217 10420.864258 -1898.447266 2672.502441 1074637.131968 24.846191 -13.465576 0.962862 -0.769829 8.70372 13.953371 20638.911133 13883.238525 2963.31665 6134.876709 4641795.780492 13.234863 -2.258301 -0.115062 0.069803 2.019934 0.481569 15693.583984 13432.036133 -1982.010498 5683.674316 3623251.934934 41.070557 46.16333 0.211476 -0.294307 16.198795 12.563939 19669.664307 16249.375 1994.069824 8501.013184 7624353.961149 -1.63208 -30.612793 -0.076788 0.03201 0.197832 1.638822 16793.530273 10204.266968 -882.064209 2455.905151 680950.738128 22.88208 -7.859497 0.067361 -0.038803 9.913403 13.573509 18079.608154 17334.200439 404.013672 9585.838623 9205152.915416 -9.417725 3.135986 -0.046095 0.024387 0.281529 1.545823 17988.464355 17490.930176 312.869873 9742.568359 9501552.579456 5.303955 -11.578369 -0.000475 0.025113 8.6e-05 1.654057 19776.031494 17091.156006 2100.437012 9342.794189 9169963.890668 52.908936 -30.039062 0.036095 0.023116 1.260087 1.126016 16403.858643 8632.208862 -1271.73584 883.847046 239849.764689 14.407959 -34.896851 0.021266 -0.026257 1.775636 13.414408 16643.295898 7728.911133 -1032.298584 -19.450684 106601.869559 19.60083 -177.562256 0.018381 -0.02598 2.412949 15.406964 17443.129883 8347.866211 -232.4646 599.504395 41344.530913 30.506592 -125.466309 0.032008 -0.029001 6.603718 16.017189
20013.409424 10460.419922 2306.580811 2684.310913 1252584.01137 4.984131 1.102295 -0.479358 -0.043608 1.295606 0.015104 15797.180176 10409.967041 -1909.648438 2633.858032 1058396.528877 20.032959 -10.897217 1.176249 -0.816113 12.988991 15.681606 20648.415527 13903.376465 2941.586914 6127.267456 4619634.005101 9.504395 20.137939 -0.108832 0.090179 1.807136 0.80374 15766.645508 13497.687988 -1940.183105 5721.578979 3650077.650131 73.061523 65.651855 0.231647 -0.249047 19.436317 8.996719 19686.922607 16240.452881 1980.093994 8464.343872 7556588.941029 17.258301 -8.922119 -0.025349 0.031452 0.02156 1.5822 16811.900635 10245.489502 -894.927979 2469.380493 689873.610675 18.370361 41.222534 0.068201 -0.038346 10.162435 13.255484 18137.7771 17267.962646 430.948486 9491.853638 9028100.20773 58.168945 -66.237793 -0.002194 0.021839 0.000638 1.239629 18010.178223 17491.032715 303.349609 9714.923706 9447176.359997 21.713867 0.102539 0.005224 0.025117 0.010397 1.654572 19677.049561 17152.558594 1970.220947 9376.449585 9179957.740036 -98.981934 61.402588 0.025861 0.02603 0.646834 1.427781 16415.249023 8634.151611 -1291.57959 858.042603 240441.494467 11.390381 1.942749 0.021556 -0.026247 1.824411 13.404207 16552.63916 7691.876831 -1154.189453 -84.232178 133924.835347 -90.656738 -37.034302 0.017112 -0.026143 2.091186 15.599997 17437.56958 8237.518311 -269.259033 461.409302 28539.897071 -5.560303 -110.3479 0.031922 -0.02958 6.568171 16.663619
20012.786865 10489.320068 2260.025635 2714.474487 1247608.761203 -0.622559 28.900146 -0.490399 0.320272 1.355979 0.814665 15802.174072 10385.43457 -1950.587158 2610.588989 1061996.513258 4.993896 -24.532471 1.229443 -0.920309 14.190369 19.941476 20639.677734 13907.947998 2886.916504 6133.102417 4594923.215784 -8.737793 4.571533 -0.114559 0.094805 2.002331 0.888306 15831.429443 13528.983154 -1921.331787 5754.137573 3680161.504795 64.783936 31.295166 0.249533 -0.227471 22.553587 7.505449 19659.571533 16289.244385 1906.810303 8514.398804 7613091.251925 -27.351074 48.791504 -0.10687 0.034503 0.383194 1.904006 16886.767578 10206.213379 -865.993652 2431.367798 666149.437433 74.866943 -39.276123 0.071628 -0.038781 11.209296 13.558408 18166.925049 17144.356689 414.163818 9369.511108 8795927.007884 29.147949 -123.605957 0.019804 0.017083 0.051968 0.758526 18011.179199 17429.298096 258.417969 9654.452515 9327523.320417 1.000977 -61.734619 0.005487 0.022763 0.011469 1.358988 19741.239014 17137.424316 1988.477783 9362.578735 9161192.446995 64.189453 -15.134277 0.032498 0.025311 1.021436 1.35008 16412.457275 8573.007202 -1340.303955 798.161621 243347.666539 -2.791748 -61.144409 0.021485 -0.026562 1.812396 13.727104 16607.947998 7720.769653 -1144.813232 -54.075928 131352.154309 55.308838 28.892822 0.017886 -0.026016 2.284754 15.449296 17615.761719 8294.136353 -136.999512 519.290771 28843.177156 178.192139 56.618042 0.034687 -0.029283 7.75509 16.330347
20030.170898 10498.076172 2309.13208 2784.190063 1308380.527281 17.384033 8.756104 -0.182083 0.430519 0.186935 1.472066 15838.790283 10430.102539 -1882.248535 2716.216431 1092069.124631 36.616211 44.667969 1.619471 -0.730592 24.622012 12.56724 20618.083496 13937.728271 2897.044678 6223.842163 4712907.91358 -21.594238 29.780273 -0.128713 0.124936 2.527659 1.5427 15895.316162 13487.722168 -1825.722656 5773.83606 3667044.606034 63.886719 -41.260986 0.267171 -0.255917 25.854634 9.499957 19692.921143 16283.238525 1971.882324 8569.352417 7732212.074718 33.349609 -6.005859 -0.007471 0.034128 0.001872 1.862788 16993.710938 10139.013062 -727.327881 2425.126953 641024.658505 106.943359 -67.200317 0.076523 -0.039527 12.793673 14.08464 18137.359619 17328.293457 416.320801 9614.407349 9261015.167461 -29.56543 183.936768 -0.002509 0.02416 0.000834 1.517146 18025.239258 17496.866455 304.200439 9782.980347 9579924.237088 14.060059 67.568359 0.009177 0.025339 0.032086 1.684007 19679.952393 17177.651367 1958.913574 9463.765259 9340019.526472 -61.286621 40.227051 0.026161 0.02722 0.661935 1.5614 16453.551025 8427.403564 -1267.487793 713.517456 211563.246542 41.09375 -145.603638 0.022531 -0.02731 1.993273 14.511494 16791.794434 7834.656982 -929.244385 120.770874 87808.073063 183.846436 113.887329 0.02046 -0.025517 2.989733 14.862401 17808.692627 8799.768066 87.653809 1085.881958 118682.281689 192.930908 505.631714 0.03768 -0.026628 9.15127 13.503315
20020.792236 10495.794678 2353.365479 2760.712891 1315986.473993 -9.378662 -2.281494 -0.348419 0.401793 0.684474 1.282174 15841.485596 10484.299316 -1825.941162 2749.217529 1089225.815088 2.695312 54.196777 1.648181 -0.500404 25.502746 5.895642 20610.581055 13941.483154 2943.154297 6206.401367 4718157.514584 -7.502441 3.754883 -0.13363 0.128735 2.724481 1.637951 15935.031738 13483.692627 -1732.39502 5748.61084 3604771.909167 39.715576 -4.029541 0.278135 -0.258695 28.020348 9.707322 19676.772461 16257.087402 2009.345703 8522.005615 7666204.986075 -16.148682 -26.151123 -0.055602 0.032492 0.103727 1.688569 17155.535889 10194.777222 -511.890869 2459.695435 631213.389276 161.824951 55.76416 0.08393 -0.038908 15.390201 13.647255 18105.543213 17329.158936 438.116455 9594.077148 9223826.235838 -31.816406 0.865479 -0.026521 0.024194 0.093198 1.521331 18016.92749 17501.047363 349.500732 9765.965576 9549623.439694 -8.311768 4.180908 0.006995 0.025499 0.018644 1.705262 19670.135498 17176.45874 2002.70874 9441.376953 9315044.106921 -9.816895 -1.192627 0.025146 0.027164 0.611568 1.554914 16724.318848 8696.828003 -943.10791 961.746216 181440.831384 270.767822 269.424438 0.029427 -0.025925 3.400144 13.077209 16968.161621 8093.670654 -699.265137 358.588867 61755.77071 176.367188 259.013672 0.02293 -0.024382 3.754986 13.569939 17950.906982 9258.4375 283.480225 1523.355713 240097.366574 142.214355 458.669434 0.039886 -0.024219 10.254376 11.171099
20015.623779 10477.949219 2482.640381 2800.178223 1400450.133931 -5.168457 -17.845459 -0.440085 0.177102 1.092009 0.249109 15831.452637 10485.90332 -1701.530762 2808.132324 1078081.40834 -10.032959 1.604004 1.541312 -0.493591 22.302741 5.736205 20617.607422 13932.250977 3084.624023 6254.47998 4863342.519205 7.026367 -9.232178 -0.129025 0.119394 2.53993 1.408873 16010.383301 13452.835693 -1522.600098 5775.064697 3566968.331499 75.351562 -30.856934 0.298939 -0.279968 32.36869 11.369471 19679.626465 16256.789551 2146.643066 8579.018555 7820763.581622 2.854004 -0.297852 -0.047096 0.032474 0.074417 1.686634 17337.142334 10290.130615 -195.841064 2612.359619 686277.650224 181.606445 95.353394 0.092242 -0.03785 18.589598 12.915336 18088.796387 17343.719482 555.812988 9665.948486 9373948.821829 -16.746826 14.560547 -0.03916 0.024754 0.203194 1.592601 18011.998291 17487.756348 479.014893 9809.985352 9646526.786518 -4.929199 -13.291016 0.005702 0.024992 0.012386 1.638155 19683.583984 17158.181152 2150.600586 9480.410156 9450325.961096 13.448486 -18.277588 0.026537 0.026296 0.681073 1.457202 17020.633545 8824.130859 -512.349854 1146.359863 157664.330854 296.314697 127.302856 0.036974 -0.025271 5.367712 12.425467 17758.980713 8314.989624 225.997314 637.218628 45712.236592 790.819092 221.31897 0.034003 -0.023413 8.257289 12.512145 18205.634766 9266.386719 672.651367 1588.615723 297615.977605 254.727783 7.949219 0.043838 -0.024178 12.38708 11.132627
20014.127197 10473.408203 2531.976318 2744.873047 1394523.212019 -1.496582 -4.541016 -0.466627 0.119926 1.227706 0.114228 15801.934814 10487.539062 -1680.216064 2759.003906 1043522.857795 -29.517822 1.635742 1.226894 -0.486643 14.131599 5.575864 20600.722656 13940.898438 3118.571777 6212.363281 4831894.746867 -16.884766 8.647461 -0.140092 0.128144 2.994327 1.622931 16084.456787 13489.04541 -1397.694092 5760.510254 3513702.71596 74.073486 36.209717 0.319389 -0.255005 36.948859 9.43235 19688.831787 16262.869873 2206.680908 8534.334717 7770430.968895 9.205322 6.080322 -0.019659 0.032854 0.012967 1.726355 17528.659668 10333.027344 46.508789 2604.492188 678554.262221 191.517334 42.896729 0.101008 -0.037375 22.290674 12.592646 18127.872314 17329.364014 645.721436 9600.828857 9259287.092183 39.075928 -14.355469 -0.009669 0.024201 0.012388 1.522324 18023.94043 17527.908936 541.789551 9799.373779 9632126.238371 11.942139 40.152588 0.008836 0.026523 0.029746 1.845 19676.749268 17181.99707 2194.598389 9453.461914 9418420.424819 -6.834717 23.815918 0.02583 0.027427 0.645282 1.585148 17179.244385 8782.880249 -302.906494 1054.345093 120339.591885 158.61084 -41.25061 0.041014 -0.025483 6.604679 12.63483 18159.724121 8206.716309 677.573242 478.181152 68776.271299 400.743408 -108.273315 0.039614 -0.023887 11.20741 13.024275 18547.872314 9033.486938 1065.721436 1304.951782 283866.133212 342.237549 -232.89978 0.049148 -0.025401 15.569429 12.287308
20022.562256 10487.188721 2594.567871 2741.716309 1424879.075452 8.435059 13.780518 -0.317026 0.293436 0.566689 0.683863 15802.523193 10478.71582 -1625.471191 2733.243408 1011277.612258 0.588379 -8.823242 1.233161 -0.524118 14.276343 6.467683 20597.13623 13929.94751 3169.141846 6184.475098 4829119.227172 -3.586426 -10.950928 -0.142442 0.117064 3.095656 1.354406 16124.438477 13438.751221 -1303.555908 5693.278809 3411268.159819 39.981689 -50.294189 0.330427 -0.289678 39.546934 12.171788 19658.759766 16270.563965 2230.765381 8525.091553 7765350.016694 -30.072021 7.694092 -0.109289 0.033335 0.400741 1.777282 17626.566162 10340.241699 198.571777 2594.769287 677225.840408 97.906494 7.214355 0.105489 -0.037295 24.312418 12.538777 18109.449463 17314.455566 681.455078 9568.983154 9202981.963072 -18.422852 -14.908447 -0.023573 0.023628 0.07363 1.451018 18013.649902 17514.163818 585.655518 9768.691406 9577032.417581 -10.290527 -13.745117 0.006135 0.025999 0.01434 1.772808 19672.891846 17147.366943 2244.897461 9401.894531 9343518.538687 -3.857422 -34.630127 0.025431 0.025783 0.625508 1.400882 17199.351807 8577.606201 -228.642578 832.133789 74472.407143 20.107422 -205.274048 0.041526 -0.026538 6.770644 13.702684 18238.334961 7955.282593 810.340576 209.810181 70067.21613 78.61084 -251.433716 0.040714 -0.024989 11.838876 14.253173 18677.006836 8336.324463 1249.012451 590.852051 190913.824909 129.134521 -697.162476 0.051152 -0.029061 16.864644 16.084203
20028.312988 10479.49707 2676.590576 2723.579712 1458202.35596 5.750732 -7.69165 -0.215034 0.196591 0.260716 0.306951 15844.956055 10470.062256 -1506.766357 2714.144897 963692.738027 42.432861 -8.653564 1.685148 -0.560872 26.659564 7.406586 20593.227539 13959.703369 3241.505127 6203.786011 4899431.635514 -3.908691 29.755859 -0.145004 0.147171 3.20801 2.140658 16128.736572 13447.854004 -1222.98584 5691.936646 3389383.714093 4.298096 9.102783 0.331614 -0.283402 39.831486 11.650125 19694.197998 16268.577881 2342.475586 8512.660522 7795258.104138 35.438232 -1.986084 -0.003665 0.033211 0.000451 1.764065 17687.623291 10302.325439 335.900879 2546.408081 659702.351571 61.057129 -37.91626 0.108284 -0.037715 25.617656 12.823186 18161.435547 17313.536377 809.713135 9557.619019 9200371.666445 51.986084 -0.919189 0.015661 0.023592 0.032499 1.446677 18017.434082 17517.070312 665.71167 9761.152954 9572327.902084 3.78418 2.906494 0.007128 0.02611 0.01936 1.787954 19676.136475 17199.683838 2324.414062 9443.766479 9458762.605313 3.244629 52.316895 0.025767 0.028266 0.64212 1.68365 17210.930176 8650.38208 -140.792236 894.464722 81988.959214 11.578369 72.775879 0.041821 -0.026164 6.867146 13.319141 18293.916016 8042.920532 942.193604 287.003174 97009.960829 55.581055 87.637939 0.041493 -0.024605 12.295791 13.818549 18622.601318 8392.734985 1270.878906 636.817627 202066.988435 -54.405518 56.410522 0.050308 -0.028765 16.312651 15.758
20048.33374 10507.362061 2722.349854 2747.299805 1495884.494177 20.020752 27.86499 0.140047 0.547438 0.110586 2.380186 15843.643799 10446.740723 -1482.340088 2686.678467 941557.332012 -1.312256 -23.321533 1.67117 -0.659925 26.219129 10.253672 20588.771973 13938.912354 3262.788086 6178.850098 4882397.462304 -4.455566 -20.791016 -0.147925 0.126134 3.338526 1.572429 16158.00293 13458.262939 -1167.980957 5698.200684 3383367.05465 29.266357 10.408936 0.339694 -0.276226 41.796159 11.067611 19682.644043 16199.362793 2356.660156 8439.300537 7677564.064771 -11.553955 -69.215088 -0.038102 0.028883 0.048708 1.33428 17693.444824 10327.476807 367.460938 2567.414551 672664.501615 5.821533 25.151367 0.10855 -0.037436 25.743887 12.63417 18129.760742 17308.389893 803.776855 9548.327637 9181661.789151 -31.674805 -5.146484 -0.008244 0.023394 0.009005 1.422496 18029.754639 17514.006348 703.770752 9753.944092 9563471.86172 12.320557 -3.063965 0.010362 0.025993 0.040908 1.77199 19670.141602 17180.996094 2344.157715 9420.933838 9424906.976997 -5.994873 -18.687744 0.025147 0.027379 0.611598 1.579662 17207.076416 8667.158203 -118.907471 907.095947 83696.204413 -3.85376 16.776123 0.041722 -0.026078 6.83495 13.2315 18214.056396 8043.33374 888.07251 283.271484 86891.551646 -79.859619 0.413208 0.040374 -0.024603 11.642004 13.816515 18534.416504 8345.316772 1208.432617 585.254517 180283.223949 -88.184814 -47.418213 0.048939 -0.029014 15.437444 16.03198
20056.838379 10472.972412 2777.955322 2721.590576 1512409.103681 8.504639 -34.389648 0.290882 0.114439 0.477074 0.104014 15843.861084 10453.81958 -1435.021973 2702.437744 936245.782296 0.217285 7.078857 1.673484 -0.629859 26.291804 9.340653 20602.15332 13952.248535 3323.270264 6200.866699 4949487.306689 13.381348 13.336182 -0.139154 0.139628 2.954376 1.926854 16211.218262 13421.705322 -1067.664795 5670.323486 3329247.655392 53.215332 -36.557617 0.354386 -0.30143 45.489726 13.179384 19650.511475 16247.322998 2371.628418 8495.941162 7780563.758294 -32.132568 47.960205 -0.133874 0.031882 0.601309 1.625711 17650.809326 10303.797607 371.92627 2552.415771 665315.542049 -42.635498 -23.679199 0.106599 -0.037699 24.826587 12.812083 18112.169189 17315.272217 833.286133 9563.890381 9216236.499623 -17.591553 6.882324 -0.021521 0.023659 0.061366 1.45488 18023.013916 17547.843018 744.130859 9796.461182 9652438.241927 -6.740723 33.83667 0.008593 0.027283 0.028132 1.952257 19747.442627 17156.228027 2468.55957 9404.846191 9454491.823619 77.301025 -24.768066 0.033139 0.026204 1.062154 1.446948 17168.044434 8603.568115 -110.838623 852.186279 73850.665498 -39.031982 -63.590088 0.040728 -0.026405 6.513129 13.565235 18176.628418 8042.961426 897.745361 291.57959 89096.5391 -37.427979 -0.372314 0.03985 -0.024604 11.341739 13.818347 18501.518555 8337.386475 1222.635498 586.004639 183823.899763 -32.897949 -7.930298 0.048429 -0.029056 15.117122 16.078031
20057.192383 10465.985107 2792.232666 2734.981689 1527668.810281 0.354004 -6.987305 0.29716 0.026463 0.497891 0.005562 15865.397949 10467.63916 -1399.561768 2736.635742 944794.832668 21.536865 13.81958 1.902891 -0.571164 33.994194 7.68089 20634.140625 13917.631836 3369.180908 6186.628418 4962575.117422 31.987305 -34.616699 -0.118189 0.104603 2.131206 1.081409 16186.373291 13371.618652 -1078.586426 5640.615234 3297988.890014 -24.844971 -50.08667 0.347526 -0.33596 43.745827 16.371855 19662.608643 16240.299072 2397.648926 8509.295654 7815683.290354 12.097168 -7.023926 -0.097818 0.031443 0.321028 1.581232 17633.652344 10327.459717 368.692627 2596.456299 687751.956489 -17.156982 23.662109 0.105814 -0.037436 24.462151 12.634298 18145.285645 17299.60083 880.325928 9568.597412 9233303.017407 33.116455 -15.671387 0.003473 0.023056 0.001598 1.38167 18031.405029 17536.240234 766.445312 9805.236816 9673010.744286 8.391113 -11.602783 0.010795 0.026841 0.0444 1.889459 19731.138916 17107.791748 2466.179199 9376.78833 9400619.922975 -16.303711 -48.436279 0.031453 0.023905 0.956844 1.204239 17174.034424 8678.870239 -90.925293 947.866821 90671.89198 5.98999 75.302124 0.040881 -0.026018 6.562013 13.170486 18137.801514 8145.616455 872.841797 414.613037 93375.677291 -38.826904 102.655029 0.039307 -0.024155 11.034396 13.31781 18437.099609 8686.983032 1172.139893 955.979614 228780.895065 -64.418945 349.596558 0.04743 -0.02722 14.499612 14.110641
20029.16748 10474.602051 2767.387695 2711.210327 1500909.60942 -28.024902 8.616943 -0.199879 0.134958 0.225262 0.144657 15842.506104 10465.119629 -1419.273682 2701.727905 931367.145753 -22.891846 -2.519531 1.659051 -0.581865 25.840252 7.971399 20656.872559 13917.835693 3395.092773 6154.44397 4940383.551675 22.731934 0.203857 -0.103289 0.104809 1.627744 1.085678 16149.223633 13415.062256 -1112.556152 5651.670532 3317916.099696 -37.149658 43.443604 0.33727 -0.306009 41.201832 13.582909 19672.697754 16301.260986 2410.917969 8537.869263 7870773.699892 10.089111 60.961914 -0.067747 0.035254 0.153988 1.987831 17616.506348 10341.179199 354.726562 2577.787476 677081.920343 -17.145996 13.719482 0.105029 -0.037284 24.10064 12.531785 18128.869629 17304.387207 867.089844 9540.995483 9178243.961136 -16.416016 4.786377 -0.008917 0.02324 0.010535 1.403829 18022.502441 17454.306641 760.722656 9690.914917 9449253.088811 -8.902588 -81.933594 0.008458 0.023717 0.027259 1.475227 19754.301758 17108.155518 2492.521973 9344.763794 9353727.614881 23.162842 0.36377 0.033848 0.023922 1.108102 1.205979 17179.138184 8703.668823 -82.641602 940.2771 89095.065836 5.10376 24.798584 0.041011 -0.02589 6.603808 13.041763 18129.956055 8121.030273 868.17627 357.63855 88163.536728 -7.845459 -24.586182 0.039197 -0.024262 10.972807 13.436849 18395.583496 8664.473877 1133.803711 901.082153 209745.990197 -41.516113 -22.509155 0.046785 -0.027338 14.108469 14.233448
20044.359131 10471.772461 2821.071777 2749.776001 1551971.402847 15.19165 -2.82959 0.069554 0.099331 0.027277 0.078363 15860.587158 10453.909912 -1362.700195 2731.913452 932030.293233 18.081055 -11.209717 1.851647 -0.629475 32.187964 9.329277 20649.694824 13926.674805 3426.407471 6204.678345 5023830.151681 -7.177734 8.839111 -0.107994 0.113752 1.779398 1.278867 16142.315674 13419.197998 -1080.97168 5697.201538 3362660.513786 -6.907959 4.135742 0.335363 -0.303158 40.73718 13.330973 19657.623291 16256.962891 2434.335938 8534.966431 7877164.342917 -15.074463 -44.298096 -0.112677 0.032485 0.425967 1.68776 17597.41333 10333.94165 374.125977 2611.94519 696222.792415 -19.093018 -7.237549 0.104155 -0.037364 23.701245 12.585813 18123.21167 17308.995361 899.924316 9586.998901 9272041.171007 -5.657959 4.608154 -0.013187 0.023418 0.02304 1.42533 18010.169678 17535.9021 786.882324 9813.90564 9693192.769609 -12.332764 81.595459 0.005222 0.026828 0.010388 1.887644 19775.327148 17103.331299 2552.039795 9381.334839 9452235.047381 21.025391 -4.824219 0.036022 0.023694 1.255008 1.183008 17180.749512 8685.687866 -42.537842 963.691406 93051.059446 1.611328 -17.980957 0.041052 -0.025982 6.617031 13.135034 18123.074951 8072.967529 899.787598 350.971069 93279.841241 -6.881104 -48.062744 0.039101 -0.024473 10.918929 13.671085 18389.445801 8450.585938 1166.158447 728.589478 189076.815091 -6.137695 -213.887939 0.04669 -0.028461 14.051096 15.426938
20050.063477 10474.876709 2769.287109 2766.628418 1532318.389726 5.704346 3.104248 0.170725 0.138416 0.164341 0.152166 15862.667236 10452.952881 -1418.109131 2744.70459 954443.679254 2.080078 -0.957031 1.873804 -0.63354 32.962887 9.450151 20644.758301 13956.966553 3363.981934 6248.718262 5036285.436388 -4.936523 30.291748 -0.111229 0.144402 1.887618 2.06086 16183.587646 13387.507324 -1097.188721 5679.259033 3345780.625506 41.271973 -31.690674 0.346757 -0.325006 43.552424 15.321668 19672.473145 16268.658447 2391.696777 8560.410156 7900083.551798 14.849854 11.695557 -0.068416 0.033216 0.157046 1.7646 17601.539307 10339.86084 320.762939 2631.612549 702827.347048 4.125977 5.919189 0.104344 -0.037299 23.787271 12.541618 18148.659668 17286.561279 867.883301 9578.312988 9249730.112525 25.447998 -22.434082 0.006019 0.022555 0.004801 1.322195 18019.176025 17546.343994 738.399658 9838.095703 9733336.111908 9.006348 10.441895 0.007585 0.027226 0.021923 1.944086 19660.535889 17156.019287 2379.759521 9447.770996 9492363.217473 -114.79126 52.687988 0.024154 0.026194 0.564242 1.445854 17167.976074 8707.543945 -112.800293 999.295654 101131.571079 -12.773438 21.856079 0.040727 -0.02587 6.512572 13.021705 18119.536133 8085.267944 838.759766 377.019653 84566.176342 -3.538818 12.300415 0.039051 -0.024419 10.891273 13.610946 18379.18457 8443.681641 1098.408203 735.43335 174736.279241 -10.26123 -6.904297 0.046531 -0.028498 13.95544 15.466264
20073.719482 10458.201904 2829.261475 2719.974976 1540298.435952 23.656006 -16.674805 0.590278 -0.071535 1.964569 0.040643 15875.488281 10426.707764 -1368.969727 2688.480835 910200.73122 12.821045 -26.245117 2.010371 -0.74501 37.942805 13.068173 20633.806152 13958.753662 3389.348145 6220.526733 5018263.368576 -10.952148 1.787109 -0.118408 0.14621 2.13912 2.112795 16181.069336 13377.203369 -1063.388672 5638.97644 3292885.076319 -2.518311 -10.303955 0.346062 -0.33211 43.377951 15.998757 19690.976562 16303.448486 2446.518555 8565.221558 7934847.33695 18.503418 34.790039 -0.013266 0.035391 0.005905 2.003285 17599.53125 10348.172607 355.073242 2609.945679 693789.345314 -2.008057 8.311768 0.104252 -0.037207 23.745384 12.479691 18130.740967 17376.606445 886.282959 9638.379517 9368385.718943 -17.918701 90.045166 -0.007504 0.026019 0.007462 1.759577 18022.320557 17545.544434 777.862549 9807.317505 9678854.678645 3.144531 -0.799561 0.008411 0.027195 0.026953 1.939735 19700.009766 17123.520508 2455.551758 9385.293579 9411347.000122 39.473877 -32.498779 0.028235 0.024652 0.771039 1.280613 17153.901367 8703.419189 -90.556641 965.192261 93979.660536 -14.074707 -4.124756 0.040368 -0.025891 6.398433 13.043055 18129.827881 8001.544189 885.369873 263.317261 85321.57919 10.291748 -83.723755 0.039195 -0.024786 10.971802 14.022909 18401.45752 8289.307861 1156.999512 551.080933 164233.806441 22.272949 -154.373779 0.046877 -0.029308 14.163486 16.358638
20031.405029 10453.80127 2769.499512 2720.181274 1506951.371108 -42.314453 -4.400635 -0.160194 -0.126943 0.144693 0.127986 15874.143066 10452.333984 -1387.762451 2718.713989 931729.037627 -1.345215 25.626221 1.996042 -0.636169 37.403856 9.528733 20627.250977 13931.473389 3365.345459 6197.853394 4973893.67463 -6.555176 -27.280273 -0.122704 0.118608 2.297173 1.390366 16187.287598 13400.756836 -1074.61792 5667.136841 3327124.36464 6.218262 23.553467 0.347779 -0.315872 43.809399 14.472536 19697.843018 16187.55249 2435.9375 8453.932495 7740276.61359 6.866455 -115.895996 0.007199 0.028145 0.001739 1.266928 17605.374756 10350.126953 343.469238 2616.506958 696407.977895 5.843506 1.954346 0.104519 -0.037185 23.86738 12.465152 18098.768311 17348.747559 836.862793 9615.127563 9315101.739618 -31.972656 -27.858887 -0.031634 0.024947 0.132598 1.617591 18028.931885 17529.91333 767.026367 9796.293335 9655569.255256 6.611328 -15.631104 0.010146 0.026599 0.039221 1.855648 19705.130615 17148.925781 2443.225098 9415.305786 9461733.19242 5.12085 25.405273 0.028764 0.025857 0.800228 1.408932 17184.4104 8684.250488 -77.495117 950.630493 90970.382772 30.509033 -19.168701 0.041145 -0.02599 6.647123 13.142505 18123.378906 8073.870239 861.473389 340.250244 85790.662803 -6.448975 72.32605 0.039105 -0.024469 10.921307 13.666667 18430.159912 8422.277832 1168.254395 688.657837 183906.794668 28.702393 132.969971 0.047322 -0.02861 14.433858 15.588497
20027.624512 10473.195801 2718.334961 2755.128784 1498007.957727 -3.780518 19.394531 -0.227244 0.117252 0.291165 0.10919 15859.807129 10457.921143 -1449.482422 2739.854126 960779.992296 -14.335938 5.587158 1.843338 -0.612439 31.899745 8.831116 20637.590332 13956.090088 3328.300781 6238.023071 4999051.79284 10.339355 24.616699 -0.115928 0.143515 2.050443 2.035625 16167.912598 13402.915039 -1141.376953 5684.848022 3362023.83876 -19.375 2.158203 0.34243 -0.314384 42.47212 14.336515 19664.001465 16301.30249 2354.711914 8583.235474 7921659.939406 -33.841553 113.75 -0.093666 0.035257 0.294358 1.988124 17590.540771 10364.283447 281.251221 2646.216431 708156.364706 -14.833984 14.156494 0.10384 -0.037028 23.558299 12.360093 18121.708984 17368.729248 812.419434 9650.662231 9379530.684153 22.940674 19.981689 -0.014321 0.025716 0.027174 1.718825 18013.411865 17527.915039 704.122314 9809.848022 9672890.645749 -15.52002 -1.998291 0.006073 0.026523 0.01405 1.845032 19709.377441 17174.403076 2400.087891 9456.33606 9518271.355425 4.246826 25.477295 0.029203 0.027066 0.824846 1.543766 17155.306396 8674.875488 -153.983154 956.808472 93919.326329 -29.104004 -9.375 0.040404 -0.026038 6.409782 13.191281 18130.74707 8076.967163 821.45752 358.900146 80360.177154 7.368164 3.096924 0.039208 -0.024455 10.979009 13.651516 18440.274658 8440.822144 1130.985107 722.755127 180150.228675 10.114746 18.544312 0.047479 -0.028513 14.529746 15.482567
20060.991211 10496.208496 2776.022949 2740.809937 1521834.252273 33.366699 23.012695 0.364535 0.407004 0.749258 1.315644 15859.746094 10455.301514 -1425.222168 2699.902954 932073.418964 -0.061035 -2.619629 1.842688 -0.623565 31.877247 9.154903 20625.209961 13965.488281 3340.241699 6210.089722 4972242.896051 -12.380371 9.398193 -0.124042 0.153024 2.347535 2.314318 16162.918701 13415.727539 -1122.049561 5660.328979 3329831.93724 -4.993896 12.8125 0.341051 -0.305551 42.130797 13.542223 19676.245117 16274.404297 2391.276855 8519.005737 7829166.375173 12.243652 -26.898193 -0.057174 0.033575 0.109674 1.802978 17602.469482 10362.045898 317.501221 2606.647339 689541.737437 11.928711 -2.237549 0.104386 -0.037053 23.806687 12.376669 18148.612061 17310.489502 863.643799 9555.090942 9204564.352846 26.903076 -58.239746 0.005983 0.023475 0.004743 1.432336 18026.569824 17494.063721 741.601562 9738.665161 9539157.199816 13.157959 -33.851318 0.009526 0.025232 0.034574 1.669833 19662.474365 17162.429199 2377.506104 9407.03064 9414476.072754 -46.903076 -11.973877 0.024354 0.026498 0.573645 1.479629 17158.659668 8674.625854 -126.308594 919.227295 86093.268058 3.353271 -0.249634 0.040489 -0.026039 6.436908 13.192581 18150.250244 8040.679932 865.281982 285.281372 83009.837035 19.503174 -36.287231 0.039481 -0.024614 11.132477 13.829577 18444.932861 8388.967285 1159.9646 633.568726 174692.720239 4.658203 -51.854858 0.047551 -0.028785 14.574013 15.779683
20035.714111 10472.198486 2715.754395 2748.171997 1492777.12569 -25.2771 -24.01001 -0.08377 0.104695 0.039567 0.087055 15871.710205 10449.257812 -1448.249512 2725.231323 952431.241337 11.964111 -6.043701 1.970127 -0.649234 36.438942 9.924145 20629.916992 13943.763428 3309.957275 6219.736938 4964094.474876 4.707031 -21.724854 -0.120957 0.131043 2.232213 1.697187 16173.795166 13410.478516 -1146.164551 5686.452026 3364942.982564 10.876465 -5.249023 0.344054 -0.309169 42.875949 13.864892 19678.221436 16291.010742 2358.261719 8566.984253 7895461.752407 1.976318 16.606445 -0.051283 0.034614 0.088239 1.916215 17618.703613 10365.645752 298.743896 2641.619263 706740.024473 16.234131 3.599854 0.105129 -0.037013 24.146818 12.350006 18122.218018 17383.470459 802.258301 9659.44397 9394847.618546 -26.394043 72.980957 -0.013937 0.026283 0.025736 1.795477 18031.855469 17549.650879 711.895752 9825.62439 9704969.02081 5.285645 55.587158 0.010913 0.027352 0.045378 1.962134 19657.841797 17117.915039 2337.88208 9393.88855 9371083.47065 -4.632568 -44.51416 0.023875 0.024386 0.551303 1.253125 17190.727539 8698.363037 -129.232178 974.336548 96603.266424 32.067871 23.737183 0.041306 -0.025917 6.699208 13.069251 18087.115479 8115.187988 767.155762 391.161499 74153.528106 -63.134766 74.508057 0.038597 -0.024288 10.639533 13.465214 18416.848145 8479.052124 1096.888428 755.025635 177322.793205 -28.084717 90.084839 0.047115 -0.028312 14.308145 15.265326
20048.095703 10495.004883 2734.528809 2751.950684 1505088.036996 12.381592 22.806396 0.135825 0.391849 0.104019 1.219493 15856.240234 10475.012207 -1457.32666 2731.958008 958739.555085 -15.469971 25.754395 1.805344 -0.539848 30.598298 6.861735 20617.507324 13934.692383 3303.94043 6191.638184 4925240.575946 -12.409668 -9.071045 -0.129091 0.121865 2.542513 1.467774 16120.791016 13444.735107 -1192.775879 5701.680908 3393187.947627 -53.00415 34.256592 0.32942 -0.285553 39.306257 11.827576 19676.306152 16249.484863 2362.739258 8506.430664 7794189.944291 -1.915283 -41.525879 -0.056992 0.032017 0.108977 1.639525 17603.647461 10364.019775 290.080566 2620.965576 695360.728648 -15.056152 -1.625977 0.10444 -0.037031 23.831286 12.362046 18103.978271 17344.853516 790.411377 9601.799316 9281930.025736 -18.239746 -38.616943 -0.027702 0.024797 0.101684 1.59822 18034.053955 17519.815674 720.487061 9776.761475 9610416.653582 2.198486 -29.835205 0.01149 0.026214 0.050303 1.802319 19766.068115 17109.700928 2452.501221 9366.646729 9374883.317436 108.226318 -8.214111 0.035065 0.023996 1.189188 1.213384 17172.252197 8739.108887 -141.314697 996.054688 101209.478415 -18.475342 40.74585 0.040835 -0.025708 6.547449 12.858899 18160.899658 8109.882202 847.332764 366.828003 85253.559613 73.78418 -5.305786 0.03963 -0.024311 11.216726 13.491 18440.432129 8590.300903 1126.865234 847.246704 198765.223405 23.583984 111.248779 0.047481 -0.027728 14.531242 14.64189
20056.843262 10488.842773 2671.811523 2731.021118 1459705.316463 8.747559 -6.162109 0.290968 0.314262 0.477359 0.784379 15836.553955 10482.093506 -1548.477783 2724.271851 981944.056097 -19.686279 7.081299 1.59565 -0.509772 23.903005 6.118467 20627.028809 13930.095215 3241.99707 6172.27356 4860750.589809 9.521484 -4.597168 -0.12285 0.117213 2.302629 1.357866 16081.030273 13492.548828 -1304.001465 5734.727173 3458751.556736 -39.760742 47.813721 0.318443 -0.252589 36.730305 9.254518 19677.049561 16235.148926 2292.017822 8477.327271 7711842.334888 0.743408 -14.335938 -0.054776 0.031121 0.100668 1.549011 17580.087891 10411.636963 195.056152 2653.815308 708078.258951 -23.55957 47.617188 0.103362 -0.036503 23.341713 12.011901 18142.06543 17273.95752 757.033691 9516.135864 9112994.179694 38.087158 -70.895996 0.001042 0.02207 0.000144 1.265952 18033.45459 17476.875 648.422852 9719.053345 9488045.011207 -0.599365 -42.940674 0.011333 0.024577 0.048935 1.584217 19698.991699 17146.486816 2313.959961 9388.665161 9350144.420869 -67.076416 36.785889 0.02813 0.025741 0.765301 1.396347 17195.754395 8725.095215 -189.277344 967.27356 97144.40519 23.502197 -14.013672 0.041434 -0.02578 6.7408 12.931053 18226.217041 8126.080933 841.185303 368.259277 84320.760889 65.317383 16.19873 0.040545 -0.02424 11.740407 13.412352 18486.12915 8645.933228 1101.097412 888.111572 200115.767575 45.697021 55.632324 0.04819 -0.027436 14.968431 14.335002
20065.852051 10510.516357 2752.487793 2772.55188 1526323.297708 9.008789 21.673584 0.450745 0.587153 1.145552 2.73807 15832.155762 10499.223633 -1481.208496 2761.259155 981853.073148 -4.398193 17.130127 1.548802 -0.437016 22.520014 4.496607 20601.5625 13971.600342 3288.198242 6233.635864 4967046.376809 -25.466309 41.505127 -0.139541 0.159208 2.970842 2.505156 15993.599854 13537.011719 -1319.764404 5799.047241 3537072.698865 -87.43042 44.462891 0.294305 -0.221936 31.373023 7.144639 19682.471924 16282.878418 2369.107666 8544.91394 7862822.538252 5.422363 47.729492 -0.038615 0.034105 0.050028 1.860331 17505.34668 10564.974365 191.982422 2827.009888 802884.215544 -74.741211 153.337402 0.099941 -0.034802 21.822202 10.91854 18141.356201 17415.231934 827.991943 9677.267456 9433507.607428 -0.709229 141.274414 0.000507 0.027505 3.4e-05 1.966317 18051.71875 17506.68335 738.354492 9768.718872 9597303.575768 18.26416 29.80835 0.016127 0.025714 0.099088 1.734125 19686.678467 17175.043945 2373.314209 9437.079468 9469108.921564 -12.313232 28.557129 0.026857 0.027097 0.697595 1.547237 17210.102539 8838.873901 -103.261719 1100.909424 122266.454203 14.348145 113.778687 0.041799 -0.025195 6.860225 12.351065 18141.496582 8272.875366 828.132324 534.910889 97193.280524 -84.720459 146.794434 0.039358 -0.023597 11.063464 12.710124 18508.848877 8949.561157 1195.484619 1211.59668 289714.998883 22.719727 303.62793 0.048543 -0.025841 15.188206 12.717361
20059.987793 10500.251465 2660.716553 2771.268921 1475934.400593 -5.864258 -10.264893 0.346738 0.457908 0.677887 1.665325 15847.944336 10467.479248 -1551.326904 2738.496704 990597.936237 15.788574 -31.744385 1.716978 -0.571843 27.676215 7.699168 20611.623535 13963.106689 3212.352295 6234.124146 4918351.112829 10.061035 -8.493652 -0.132947 0.150614 2.696691 2.242003 15790.111084 13577.196045 -1609.160156 5848.213501 3679099.756147 -203.48877 40.184326 0.238125 -0.194233 20.538664 5.47229 19662.009277 16244.262695 2262.738037 8515.280151 7762997.948085 -20.462646 -38.615723 -0.099604 0.031691 0.332861 1.606256 17442.097168 10710.629883 42.825928 2981.647339 889205.491346 -63.249512 145.655518 0.097046 -0.033186 20.576269 9.928263 18119.558105 17326.408691 720.286865 9597.426147 9262940.18242 -21.798096 -88.823242 -0.015944 0.024088 0.033684 1.508053 18026.282959 17482.493896 627.011719 9753.511353 9552412.739956 -25.435791 -24.189453 0.009451 0.024791 0.03403 1.611957 19720.50293 17117.860107 2321.231689 9388.877563 9353913.845808 33.824463 -57.183838 0.030354 0.024383 0.891106 1.252857 17113.52417 8924.65271 -285.74707 1195.670166 151127.853409 -96.578369 85.778809 0.03934 -0.024754 6.076595 11.922605 18209.163818 8316.273804 809.892578 587.29126 100083.70119 67.667236 43.398438 0.040306 -0.023407 11.602531 12.506133 18545.124512 8977.570801 1145.853271 1248.588257 287195.235488 36.275635 28.009644 0.049105 -0.025694 15.542431 12.573012
20079.158936 10523.768311 2564.215088 2805.5896 1444653.20184 19.171143 23.516846 0.68675 0.754008 2.659203 4.51537 15810.45166 10488.513184 -1704.492188 2770.334473 1058004.670764 -37.492676 21.033936 1.317614 -0.482506 16.298717 5.481457 20594.882812 13987.595215 3079.938965 6269.416504 4879160.732661 -16.740723 24.488525 -0.143919 0.175392 3.160185 3.040344 15454.411621 13743.273926 -2060.532227 6025.095215 4054756.540464 -335.699463 166.077881 0.145445 -0.079737 7.662245 0.922248 19724.268799 16296.118164 2209.324951 8577.939453 7846216.200135 62.259521 51.855469 0.085962 0.034933 0.247925 1.951735 17209.667969 11086.218262 -305.275879 3368.039551 1143688.377787 -232.429199 375.588379 0.086408 -0.02902 16.312273 7.591892 18166.782227 17328.212891 651.838379 9610.03418 9277765.020698 47.224121 1.804199 0.019697 0.024157 0.051404 1.516757 18020.285645 17477.237549 505.341797 9759.058838 9549459.973308 -5.997314 -5.256348 0.007877 0.024591 0.023638 1.586 19711.494141 17148.87085 2196.550293 9430.692139 9376278.740395 -9.008789 31.010742 0.029422 0.025855 0.837255 1.408648 17024.403076 9556.287231 -490.540771 1838.108521 361927.318165 -89.121094 631.634521 0.03707 -0.021508 5.395623 9.000524 17981.103516 8802.209473 466.159668 1084.030762 139242.752839 -228.060303 485.935669 0.037113 -0.021278 9.83692 10.334715 18432.697754 9371.317749 917.753906 1653.139038 357514.091168 -112.426758 393.746948 0.047361 -0.023627 14.457887 10.631009
20106.085205 10531.004639 2491.132812 2827.913208 1420283.580154 26.92627 7.236328 1.164304 0.84512 7.643402 5.672551 15736.098633 10514.089355 -1878.85376 2810.997925 1143180.078384 -74.353027 25.576172 0.52562 -0.373877 2.593712 3.291156 20615.32959 13931.224365 3000.377197 6228.132935 4779190.317655 20.446777 -56.37085 -0.130518 0.118356 2.599049 1.384465 15141.274414 13988.521729 -2473.677979 6285.430298 4562571.677054 -313.137207 245.247803 0.058993 0.089339 1.260549 1.157713 19690.740967 16334.179688 2075.788574 8631.088257 7880458.270215 -33.527832 38.061523 -0.013969 0.037313 0.006547 2.226712 16746.514893 11723.487549 -868.4375 4020.396118 1691776.863835 -463.153076 637.269287 0.065209 -0.021951 9.290123 4.343708 18239.519043 17406.156006 624.56665 9703.064575 9453954.565119 72.736816 77.943115 0.074592 0.027156 0.737228 1.916707 18150.828857 17532.441406 535.876465 9829.349976 9690328.452812 130.543213 55.203857 0.042139 0.026696 0.676559 1.869121 19551.882324 17142.427979 1936.929932 9439.336548 9285277.202369 -159.611816 -6.442871 0.012919 0.025549 0.161431 1.375529 16872.155762 10112.142944 -742.796631 2409.051514 635527.603034 -152.247314 555.855713 0.033192 -0.018651 4.325895 6.768264 17617.77832 9775.917969 2.825928 2072.826538 429661.784286 -363.325195 973.708496 0.032025 -0.017012 7.324958 6.606325 18141.928711 10375.524902 526.976318 2672.433472 741960.470067 -290.769043 1004.207153 0.04285 -0.018354 11.834822 6.415292
20177.672119 10552.264404 2490.325928 2902.268677 1462488.669844 71.586914 21.259766 2.433942 1.112801 33.402133 9.835045 15704.274902 10602.601318 -1983.071289 2952.605591 1265045.151245 -31.82373 88.511963 0.186641 0.002057 0.327031 0.0001 20613.476562 13999.832764 2926.130371 6349.837036 4888266.933408 -1.853027 68.608398 -0.131732 0.187774 2.647645 3.484769 14921.240234 14237.144775 -2766.105957 6587.149048 5104187.474414 -220.03418 248.623047 -0.001755 0.260741 0.001115 9.861506 19646.176758 16359.090576 1958.830566 8709.094849 7968535.027037 -44.564209 24.910889 -0.146793 0.03887 0.72297 2.41649 16276.464844 12417.446289 -1410.881348 4767.450562 2471917.103373 -470.050049 693.95874 0.043694 -0.014253 4.171152 1.831334 18182.050781 17477.424316 494.70459 9827.428589 9682308.53005 -57.468262 71.268311 0.03122 0.029898 0.129146 2.32332 18151.774902 17547.891846 464.428711 9897.896118 9818404.159351 0.946045 15.450439 0.042387 0.027285 0.684556 1.952523 19588.166504 17120.168457 1900.820312 9470.172729 9329728.938683 36.28418 -22.259521 0.016671 0.024493 0.268797 1.264139 16616.097412 10833.127441 -1071.248779 3183.131714 1127990.145497 -256.05835 720.984497 0.026671 -0.014945 2.793039 4.346006 17036.447754 10589.997559 -650.898438 2940.001831 906727.954254 -581.330566 814.07959 0.023886 -0.013446 4.07467 4.126774 17529.841309 11205.307617 -157.504883 3555.31189 1266505.042079 -612.087402 829.782715 0.033354 -0.013997 7.170483 3.730909
20177.98584 10595.721436 2344.462891 3006.574707 1453599.771448 0.313721 43.457031 2.439506 1.659966 33.555023 21.884663 15686.987305 10658.533936 -2146.535645 3069.387207 1402875.309993 -17.287598 55.932617 0.002497 0.239618 5.9e-05 1.351847 20599.763184 14014.725342 2766.240234 6425.578613 4894014.554973 -13.713379 14.892578 -0.140721 0.202842 3.02127 4.066496 14755.914307 14364.195557 -3077.608643 6775.048828 5537296.158035 -165.325928 127.050781 -0.047398 0.348331 0.813743 17.599823 19650.411377 16388.212891 1816.888428 8799.066162 8072464.888401 4.234619 29.122314 -0.134172 0.040691 0.603992 2.648191 15697.030029 13093.731689 -2136.49292 5504.584961 3486505.758906 -579.434814 676.2854 0.017173 -0.006751 0.644311 0.410872 18150.446777 17485.518799 316.923828 9896.37207 9803862.086689 -31.604004 8.094482 0.007368 0.030209 0.007193 2.371974 18129.105225 17546.800537 295.582275 9957.653809 9924223.825333 -22.669678 -1.091309 0.036437 0.027243 0.505863 1.946573 19559.041748 17200.227051 1725.518799 9611.080322 9535028.008615 -29.124756 80.058594 0.01366 0.028292 0.18046 1.686722 16214.447021 11689.971924 -1619.075928 4100.825195 1943817.414228 -401.650391 856.844482 0.016442 -0.010542 1.061416 2.162156 16059.686279 11871.605225 -1773.83667 4282.458496 2148594.730233 -976.761475 1281.607666 0.010209 -0.007831 0.744399 1.399875 16658.466797 12372.354736 -1175.056152 4783.208008 2425983.580716 -871.374512 1167.047119 0.019835 -0.007869 2.535776 1.179129
20170.415039 10580.231934 2320.55542 3017.751465 1449180.13605 -7.570801 -15.489502 2.305233 1.464938 29.962876 17.044343 15707.819824 10734.906006 -2142.039795 3172.425537 1465261.827153 20.83252 76.37207 0.2244 0.56399 0.472742 7.489165 20598.45459 14024.395752 2748.594971 6461.915283 4931112.344027 -1.308594 9.67041 -0.141578 0.212627 3.058212 4.468271 14715.367432 14470.830078 -3134.492188 6908.349609 5755033.559885 -40.546875 106.634521 -0.058593 0.421846 1.243504 25.812573 19685.501709 16362.13623 1835.64209 8799.655762 8080352.340676 35.090332 -26.07666 -0.029584 0.039061 0.029365 2.440225 15292.762451 13960.095215 -2557.097168 6397.614746 4746822.036587 -404.267578 866.363525 -0.001331 0.002859 0.003869 0.073699 18131.079102 17421.766357 281.219482 9859.285889 9728460.263186 -19.367676 -63.752441 -0.007249 0.027757 0.006963 2.002427 18119.597168 17482.460938 269.737549 9919.980469 9847877.084563 -9.508057 -64.3396 0.033942 0.02479 0.438945 1.611793 19531.173096 17204.605713 1681.313477 9642.125244 9579739.423016 -27.868652 4.378662 0.010778 0.028499 0.112355 1.711589 16773.684082 16414.981689 -1076.175537 8852.501221 7952493.164922 559.237061 4725.009766 0.030685 0.013743 3.696887 3.674814 14061.712646 15516.347656 -3788.146973 7953.867188 7761406.072283 -1997.973633 3644.742432 -0.017766 0.008136 2.254215 1.511069 16306.668701 16128.69873 -1543.190918 8566.218262 7576153.351671 -351.798096 3756.343994 0.014377 0.011856 1.332225 2.676785
20124.786377 10545.506592 2190.437012 2948.225098 1349004.552876 -45.628662 -34.725342 1.495981 1.027713 12.618446 8.388525 15796.286621 10588.331299 -2138.062744 2991.049805 1351769.1232 88.466797 -146.574707 1.166731 -0.058552 12.779633 0.080718 20675.275879 13931.761475 2740.926514 6334.47998 4763831.477631 76.821289 -92.634277 -0.091227 0.118899 1.269768 1.397209 14760.067139 13708.480225 -3174.282227 6111.19873 4742281.757715 44.699707 -762.349854 -0.046252 -0.103725 0.774852 1.56058 19714.755859 16296.160889 1780.406494 8698.879395 7884035.000498 29.25415 -65.975342 0.057608 0.034936 0.111347 1.952034 13684.477539 16282.047119 -4249.871826 8684.765625 9348656.450007 -1608.284912 2321.951904 -0.074943 0.028616 12.270927 7.382049 18144.44458 17429.436035 210.095215 9832.154541 9671540.291771 13.365479 7.669678 0.002838 0.028052 0.001067 2.04523 18179.180908 17480.014648 244.831543 9882.733154 9772835.708347 59.58374 -2.446289 0.04958 0.024697 0.936603 1.599687 19342.207031 17154.460449 1407.857666 9557.178955 9332173.278715 -188.966064 -50.145264 -0.00876 0.02612 0.074215 1.437699 12932.156982 17184.324951 -5002.192383 9587.043457 11693333.088167 -3841.5271 769.343262 -0.067153 0.017697 17.706501 6.093643 12726.048584 17389.44458 -5208.300781 9792.163086 12301285.492957 -1335.664062 1873.096924 -0.036468 0.016342 9.498028 6.096156 13005.861816 17186.621094 -4928.487549 9589.3396 11624542.347559 -3300.806885 1057.922363 -0.036834 0.017411 8.744959 5.77293
20118.569336 10573.168945 2113.275146 2992.808228 1342283.293157 -6.217041 27.662354 1.385718 1.376008 10.826882 15.037786 15745.947266 10672.977295 -2259.346924 3092.616577 1466892.581546 -50.339355 84.645996 0.630526 0.300962 3.732358 2.132626 20660.74707 13970.633545 2655.452881 6390.272827 4788701.680786 -14.528809 38.87207 -0.10075 0.15823 1.548689 2.474466 14724.918213 13740.108643 -3280.375977 6159.747925 4870336.104474 -35.148926 31.628418 -0.055956 -0.08192 1.134101 0.973417 19715.76416 16335.202637 1710.469971 8754.841919 7957296.45464 1.008301 39.041748 0.060614 0.037377 0.123267 2.234353 13872.000732 15977.397461 -4133.293457 8397.036743 8759434.086798 187.523193 -304.649658 -0.06636 0.025236 9.621157 5.741442 18206.33667 17140.936279 201.04248 9560.575562 9144502.314655 61.89209 -288.499756 0.049549 0.016952 0.3253 0.746885 18051.555176 17505.031738 46.260986 9924.671021 9850123.494416 -127.625732 25.01709 0.016084 0.025651 0.098561 1.725642 19581.124268 17147.275391 1575.830078 9566.914673 9400909.679275 238.917236 -7.185059 0.015943 0.025779 0.24583 1.40041 13203.94165 17515.302734 -4801.352539 9934.942017 12175605.90776 271.784668 330.977783 -0.060231 0.019398 14.244375 7.321418 12224.450684 17612.052002 -5780.843506 10031.691284 13405298.166032 -501.5979 222.607422 -0.043491 0.017318 13.508747 6.84545 12361.656494 17671.994629 -5643.637695 10091.633911 13369172.143228 -644.205322 485.373535 -0.046829 0.019959 14.134553 7.586769
20103.043213 10585.322266 2039.372559 3049.431152 1345807.078563 -15.526123 12.15332 1.110352 1.52903 6.951453 18.568372 15672.253418 10718.266602 -2391.417236 3182.375488 1584639.014662 -73.693848 45.289307 -0.154446 0.493318 0.223939 5.729867 20648.522949 14097.182617 2584.852295 6561.291504 4973200.75858 -12.224121 126.549072 -0.108762 0.286272 1.804799 8.0996 14695.509033 13927.10083 -3368.161621 6391.209717 5219207.434989 -29.40918 186.992188 -0.064075 0.046994 1.487102 0.320344 19642.576904 16334.338379 1578.90625 8798.447266 7990561.923227 -73.187256 -0.864258 -0.157523 0.037323 0.83252 2.227897 13635.408936 16269.259033 -4428.261719 8733.36792 9588121.707447 -236.591797 291.861572 -0.077189 0.028474 13.01742 7.309042 18095.253906 17509.981689 31.583252 9974.090576 9948348.032348 -111.082764 369.04541 -0.034287 0.031151 0.155766 2.522078 18095.55542 17594.987793 31.884766 10059.09668 10118644.264958 44.000244 89.956055 0.027632 0.02908 0.290911 2.217981 19638.164062 17099.824219 1574.493408 9563.933105 9394784.593836 57.039795 -47.451172 0.02184 0.023527 0.461345 1.166447 13200.352783 18148.867188 -4863.317871 10612.976074 13628712.186724 -3.588867 633.564453 -0.060323 0.022655 14.28764 9.985731 11977.088623 18358.00415 -6086.582031 10822.113037 15416461.141111 -247.362061 745.952148 -0.046955 0.020586 15.746029 9.672842 12064.615479 18149.53125 -5999.055176 10613.640137 14863801.995384 -297.041016 477.536621 -0.051437 0.022467 17.053449 9.612773
20066.074219 10567.525635 2031.190186 3001.435547 1313434.891191 -36.968994 -17.796631 0.454685 1.304954 1.165668 13.524835 15688.759766 10674.51416 -2346.124268 3108.424072 1516659.929196 16.506348 -43.752441 0.021376 0.30749 0.00429 2.226137 20688.728027 13974.130859 2653.843994 6408.040771 4810587.447424 40.205078 -123.051758 -0.08241 0.161768 1.036188 2.586379 14689.727783 13919.012451 -3345.15625 6352.922363 5154969.289079 -5.78125 -8.088379 -0.065671 0.041418 1.562112 0.248832 19677.478027 16290.234375 1642.593994 8724.144287 7880880.857189 34.901123 -44.104004 -0.053499 0.034565 0.096029 1.910844 13480.473633 16698.491211 -4554.4104 9132.401123 10414340.436741 -154.935303 429.232178 -0.084281 0.033235 15.519161 9.957801 18076.639404 17431.928711 41.755371 9865.838623 9733651.524702 -18.614502 -78.052979 -0.048335 0.028148 0.309563 2.059239 18037.542725 17540.341797 2.658691 9974.251709 9948570.422282 -58.012695 -54.645996 0.012406 0.026997 0.05864 1.91154 19630.614014 17140.690918 1595.72998 9574.60083 9421933.52259 -7.550049 40.866699 0.02106 0.025466 0.428955 1.366667 12987.052002 18378.139648 -5047.832031 10812.049561 14238102.391544 -213.300781 229.272461 -0.065755 0.023833 16.976898 11.051559 11627.23999 18634.951172 -6407.644043 11068.861084 16357758.787794 -349.848633 276.947021 -0.051853 0.021799 19.202804 10.846666 11391.368408 18353.62793 -6643.515625 10787.537842 16050727.254782 -673.24707 204.09668 -0.061882 0.023539 24.682644 10.551726
20064.689941 10592.454834 2034.212646 3031.864014 1333022.048852 -1.384277 24.929199 0.430134 1.618836 1.043184 20.813609 15646.271973 10735.991211 -2384.205322 3175.400391 1576760.26595 -42.487793 61.477051 -0.431195 0.568599 1.745518 7.612074 20670.905762 14026.264648 2640.428467 6465.673828 4877680.053997 -17.822266 52.133789 -0.094092 0.214517 1.350755 4.5481 14656.035156 14038.280029 -3374.442139 6477.689209 5334731.723544 -33.692627 119.267578 -0.074973 0.123642 2.03598 2.217469 19664.233398 16332.038574 1633.756104 8771.447754 7960745.470528 -13.244629 41.804199 -0.092975 0.037179 0.290029 2.210763 13415.003662 16992.253418 -4615.473633 9431.662598 11025885.621122 -65.469971 293.762207 -0.087277 0.036494 16.642351 12.00618 18086.59668 17487.276611 56.119385 9926.685791 9854224.01789 9.957275 55.3479 -0.040821 0.030277 0.220788 2.382606 18073.353271 17552.362061 42.875977 9991.77124 9983733.086654 35.810547 12.020264 0.021805 0.027455 0.18115 1.976993 19587.452393 17158.880615 1556.975098 9598.289795 9455133.844202 -43.161621 18.189697 0.016597 0.02633 0.266422 1.460883 12516.749268 18502.718506 -5513.728027 10942.127686 15013135.504633 -470.302734 124.578857 -0.077733 0.024473 23.725205 11.65335 11494.89502 18616.328125 -6535.582275 11055.737305 16494316.302866 -132.344971 -18.623047 -0.053706 0.021717 20.599828 10.765626 11661.287842 18382.79541 -6369.189453 10822.20459 15768668.647423 269.919434 29.16748 -0.057695 0.023692 21.455032 10.689485
20090.167236 10600.841064 2051.23291 3019.846802 1332703.115779 25.477295 8.38623 0.881989 1.724427 4.386119 23.617346 15642.406006 10713.405762 -2396.52832 3132.411499 1555534.978927 -3.865967 -22.585449 -0.472374 0.472673 2.094835 5.260315 20628.139648 14079.30542 2589.205322 6498.311157 4893203.209698 -42.766113 53.040771 -0.122122 0.268184 2.275416 7.108387 14645.292969 14115.330811 -3393.641357 6534.336548 5421435.578339 -10.742188 77.050781 -0.077939 0.176762 2.200241 4.532106 19611.574707 16352.205811 1572.640381 8771.211548 7940734.978467 -52.658691 20.167236 -0.249926 0.03844 2.095701 2.363264 13391.347656 17118.425293 -4647.58667 9537.43103 11256265.251166 -23.656006 126.171875 -0.08836 0.037893 17.05784 12.944739 18069.207764 17451.623535 30.273438 9870.629272 9743023.871538 -17.388916 -35.653076 -0.053944 0.028905 0.385573 2.171603 18038.929443 17534.852295 -0.004883 9953.858032 9907928.972575 -34.423828 -17.509766 0.01277 0.026788 0.062131 1.882015 19677.567139 17179.173584 1638.632812 9598.179321 9481016.377782 90.114746 20.292969 0.025914 0.027293 0.649514 1.569698 13125.17334 18810.750732 -4913.760986 11229.75647 15025247.740013 608.424072 308.032227 -0.062238 0.026056 15.209043 13.209821 11793.123779 18597.213135 -6245.810547 11016.218872 16036722.762481 298.22876 -19.11499 -0.04953 0.021634 17.521015 10.682761 12195.778809 18496.188965 -5843.155518 10915.194702 15328394.178841 534.490967 113.393555 -0.049402 0.024287 15.730808 11.233533
20063.156738 10604.855957 2036.384277 2991.399536 1309533.210979 -27.010498 4.014893 0.402941 1.774978 0.915457 25.02232 15655.5896 10699.820557 -2371.182861 3086.364136 1514815.174025 13.183594 -13.585205 -0.331945 0.414973 1.034452 4.05443 20620.749512 14032.651367 2593.977051 6419.194946 4793478.069844 -7.390137 -46.654053 -0.126966 0.22098 2.459495 4.82624 14645.651855 14087.055664 -3381.120605 6473.599243 5333946.370982 0.358887 -28.275146 -0.07784 0.157269 2.194651 3.58763 19610.147705 16320.72998 1583.375244 8707.27356 7832369.000495 -1.427002 -31.47583 -0.254179 0.036472 2.167637 2.127475 13426.391602 17138.011475 -4600.380859 9524.555054 11188065.302247 35.043945 19.586182 -0.086756 0.038111 16.444163 13.093602 18065.408936 17514.746094 38.636475 9901.289673 9803702.996289 -3.798828 63.122559 -0.056811 0.031334 0.427647 2.551848 18023.936768 17596.8396 -2.835693 9983.383179 9966794.773413 -14.992676 61.987305 0.008835 0.029151 0.02974 2.228764 19594.530029 17165.518799 1567.757568 9552.062378 9369975.946501 -83.037109 -13.654785 0.017329 0.026645 0.290433 1.496048 12971.828613 18810.664062 -5054.943848 11197.207642 15092991.62721 -153.344727 -0.08667 -0.066143 0.026056 17.177692 13.209369 11893.587646 18968.647461 -6133.184814 11355.19104 16655631.952402 100.463867 371.434326 -0.048124 0.023261 16.539943 12.35029 12392.741699 18685.509033 -5634.030762 11072.052612 15433265.167364 196.962891 189.320068 -0.046346 0.025281 13.844917 12.17196
20016.646729 10535.377197 2031.004639 2903.430176 1255488.662794 -46.51001 -69.47876 -0.421942 0.900175 1.003828 6.435692 15644.84375 10730.106201 -2340.79834 3098.15918 1507792.71705 -10.74585 30.285645 -0.446408 0.543604 1.870859 6.957542 20615.124512 13971.942139 2629.482422 6339.995117 4710971.589291 -5.625 -60.709229 -0.130652 0.159554 2.604405 2.516051 14649.836426 14157.330322 -3335.805664 6525.383301 5370822.665051 4.18457 70.274658 -0.076685 0.205717 2.129989 6.138497 19598.547363 16307.324219 1612.905273 8675.377197 7786363.293592 -11.600342 -13.405762 -0.288754 0.035633 2.797458 2.030812 13437.746582 17126.032715 -4547.895508 9494.085693 11082101.670283 11.35498 -11.97876 -0.086236 0.037978 16.24773 13.002457 18061.531982 17493.426514 75.889893 9861.479492 9725453.705063 -3.876953 -21.31958 -0.059737 0.030514 0.472833 2.419992 18003.314209 17600.629883 17.672119 9968.682861 9937495.029353 -20.622559 3.790283 0.003422 0.029296 0.004462 2.250917 19666.473389 17144.700928 1680.831299 9512.753906 9331768.073599 71.943359 -20.817871 0.024767 0.025657 0.593289 1.387168 13010.24292 18851.884766 -4975.39917 11219.937744 15064159.988245 38.414307 41.220703 -0.065165 0.026268 16.673283 13.425051 11808.745117 19282.901611 -6176.896973 11650.95459 17389879.906541 -84.842529 314.25415 -0.049312 0.024638 17.36661 13.855514 12098.953857 18795.574951 -5886.688232 11163.62793 15927968.689823 -293.787842 110.065918 -0.050904 0.025859 16.702025 12.73484
20053.40332 10596.112061 2136.524658 2929.154663 1314468.465539 36.756592 60.734863 0.229959 1.664884 0.298163 22.01454 15642.347412 10760.786133 -2274.53125 3093.828735 1474526.865091 -2.496338 30.679932 -0.472998 0.67391 2.100374 10.692867 20618.688965 13998.015137 2701.810303 6331.057739 4738207.100978 3.564453 26.072998 -0.128316 0.185935 2.512097 3.416843 14674.787598 14137.883301 -3242.091064 6470.925903 5238403.651647 24.951172 -19.447021 -0.069796 0.19231 1.764503 5.364455 19610.738525 16341.018066 1693.859863 8674.060669 7810848.972498 12.191162 33.693848 -0.252418 0.03774 2.137706 2.278036 13405.849609 17221.862793 -4511.029053 9554.905396 11164560.023172 -31.896973 95.830078 -0.087696 0.039041 16.802523 13.740528 18084.163818 17529.262695 167.285156 9862.305298 9729305.011153 22.631836 35.836182 -0.042657 0.031892 0.241097 2.643631 18051.677246 17646.07666 134.798584 9979.119263 9960099.191734 48.363037 45.446777 0.016116 0.031028 0.098954 2.52507 19559.140625 17119.090576 1642.261963 9452.133179 9203984.598285 -107.332764 -25.610352 0.01367 0.024441 0.180731 1.258865 13110.257568 18946.608887 -4806.621094 11279.651489 15033414.4058 100.014648 94.724121 -0.062617 0.026755 15.395274 13.9273 11771.92627 19339.708252 -6144.952393 11672.750854 17401355.24181 -36.818848 56.806641 -0.049827 0.024886 17.731628 14.136843 12124.851074 18858.00415 -5792.027588 11191.046753 15878711.100514 25.897217 62.429199 -0.050503 0.026187 16.439409 13.05976
20023.499756 10560.830078 2178.557129 2845.864868 1284505.801176 -29.903564 -35.281982 -0.300399 1.22065 0.508805 11.833803 15630.039062 10763.295898 -2214.903564 3048.330688 1419811.778614 -12.30835 2.509766 -0.604105 0.68457 3.42611 11.033813 20606.052246 13996.547852 2761.109619 6281.582642 4708200.681218 -12.636719 -1.467285 -0.136599 0.18445 2.846862 3.362497 14674.11499 14143.514404 -3170.827637 6428.549194 5138039.264578 -0.672607 5.631104 -0.069982 0.196192 1.773904 5.583224 19606.695557 16340.511475 1761.75293 8625.546265 7750382.174885 -4.042969 -0.506592 -0.264468 0.037708 2.346681 2.274214 13436.713867 17122.167969 -4408.22876 9407.202759 10792794.454339 30.864258 -99.694824 -0.086284 0.037935 16.265547 12.973119 18064.418945 17567.967529 219.476318 9853.002319 9712982.455916 -19.744873 38.704834 -0.057558 0.033382 0.43897 2.896273 18055.472412 17651.292725 210.529785 9936.327515 9877492.72688 3.795166 5.216064 0.017112 0.031227 0.111564 2.557542 19635.001221 17133.060303 1790.058594 9418.095093 9190482.494558 75.860596 13.969727 0.021513 0.025104 0.447633 1.328079 12762.456055 18809.255371 -5082.486572 11094.290161 14891494.393667 -347.801514 -137.353516 -0.071475 0.026049 20.059046 13.202029 11837.46582 19329.603271 -6007.476807 11614.638062 17098959.488251 65.539551 -10.10498 -0.04891 0.024842 17.084512 14.086593 12029.071045 18884.776611 -5815.871582 11169.811401 15858904.900079 -95.780029 26.772461 -0.051989 0.026328 17.42107 13.200354
20015.786133 10558.758545 2178.035889 2803.910522 1260575.455031 -7.713623 -2.071533 -0.437205 1.194568 1.077766 11.333482 15618.87085 10777.399902 -2218.879395 3022.55188 1405924.563406 -11.168213 14.104004 -0.723066 0.744473 4.908322 13.049336 20599.194336 13959.855957 2761.444092 6205.007935 4612769.69402 -6.85791 -36.691895 -0.141093 0.147325 3.037301 2.145151 14685.366211 14153.833008 -3152.384033 6398.984985 5088453.393555 11.251221 10.318604 -0.066875 0.203306 1.619923 5.995449 19642.208252 16344.674072 1804.458008 8589.82605 7704118.026786 35.512695 4.162598 -0.158622 0.037969 0.844175 2.305715 13433.530273 17161.340332 -4404.219971 9406.49231 10787925.112035 -3.183594 39.172363 -0.086429 0.038369 16.320532 13.272021 18048.22876 17578.707275 210.478516 9823.859253 9655251.182691 -16.190186 10.739746 -0.069777 0.033795 0.645128 2.968419 18011.635742 17675.151367 173.885498 9920.303345 9844265.461782 -43.83667 23.858643 0.005606 0.032137 0.011976 2.708721 19615.686035 17137.819824 1777.935791 9382.971802 9120121.550956 -19.315186 4.759521 0.019516 0.02533 0.368383 1.352083 13091.572266 18926.085205 -4746.177979 11171.237183 14732274.559404 329.116211 116.829834 -0.063093 0.026649 15.630168 13.817696 11920.08667 19460.628662 -5917.663574 11705.78064 17204404.25612 82.62085 131.025391 -0.047753 0.025416 16.28588 14.745104 12132.585449 18955.665283 -5705.164795 11200.817261 15800721.264576 103.514404 70.888672 -0.050383 0.0267 16.361381 13.576257
19998.369141 10529.268799 2208.944092 2782.823486 1262354.055674 -17.416992 -29.489746 -0.746106 0.823264 3.138738 5.382947 15633.632812 10746.912842 -2155.792236 3000.467529 1365024.556058 14.761963 -30.487061 -0.565825 0.614986 3.005667 8.904743 20602.424316 13939.523926 2812.999268 6193.078613 4626718.758968 3.22998 -20.332031 -0.138976 0.126753 2.946839 1.587895 14696.66748 14135.799561 -3092.757568 6389.354248 5038899.708368 11.30127 -18.033447 -0.063755 0.190873 1.472294 5.284609 19638.502197 16336.057129 1849.077148 8589.611816 7720051.745742 -3.706055 -8.616943 -0.169668 0.03743 0.96584 2.240745 13468.521729 17167.801514 -4320.90332 9421.356201 10743215.817285 34.991455 6.461182 -0.084828 0.038441 15.721278 13.32165 18124.40918 17507.664795 334.984131 9761.219482 9539362.015194 76.18042 -71.04248 -0.012283 0.031061 0.01999 2.507664 18037.231445 17621.800537 247.806396 9875.355225 9758404.882236 25.595703 -53.35083 0.012324 0.030103 0.05787 2.376667 19450.548096 17190.283203 1661.123047 9443.837891 9194540.388126 -165.137939 52.463379 0.002442 0.02782 0.005768 1.630926 12968.691406 18863.126221 -4820.733643 11116.680908 14682006.726749 -122.880859 -62.958984 -0.066223 0.026326 17.219218 13.484173 12021.719971 19236.778564 -5767.705078 11490.333252 16529418.010917 101.633301 -223.850098 -0.04633 0.024435 15.329689 13.629175 12286.143799 18875.167236 -5503.28125 11128.721924 15413455.617449 153.55835 -80.498047 -0.048 0.026277 14.850631 13.149804
20002.69043 10523.413086 2241.795654 2693.496094 1228056.896267 4.321289 -5.855713 -0.669465 0.749535 2.527029 4.46196 15642.133789 10765.440674 -2118.760986 2935.523682 1310644.740266 8.500977 18.527832 -0.475274 0.693679 2.120631 11.329416 20615.644531 13920.316162 2854.749756 6090.39917 4524255.821756 13.220215 -19.207764 -0.130312 0.107319 2.590835 1.138295 14701.535645 14179.833984 -3059.359131 6349.916992 4968112.409924 4.868164 44.034424 -0.062411 0.221231 1.410874 7.099285 19664.916992 16303.00415 1904.022217 8473.087158 7541850.659256 26.414795 -33.052979 -0.090938 0.035363 0.277457 2.000141 13502.252197 17225.960693 -4258.642578 9396.043701 10642167.384255 33.730469 58.15918 -0.083284 0.039086 15.154229 13.772543 18102.498779 17460.837402 341.604004 9630.92041 9287132.124225 -21.9104 -46.827393 -0.028819 0.02926 0.110046 2.225196 18010.980225 17641.872559 250.085449 9811.955566 9633701.476904 -26.251221 20.072021 0.005434 0.030868 0.011252 2.499048 19673.586426 17165.60791 1912.69165 9335.690918 9081351.426532 223.03833 -24.675293 0.025503 0.026649 0.629046 1.496523 13113.227539 18952.41333 -4647.667236 11122.496338 14531073.552603 144.536133 89.287109 -0.062542 0.026784 15.358102 13.958377 12011.599121 19428.599854 -5749.295654 11598.682861 16758384.463818 -10.12085 191.821289 -0.046471 0.025276 15.423612 14.582743 12487.720947 18924.16626 -5273.173828 11094.249268 15088872.903278 201.577148 48.999023 -0.044873 0.026534 12.978524 13.408575
19946.414795 10484.916992 2252.519531 2656.502686 1213085.075698 -56.275635 -38.496094 -1.667548 0.264833 15.678721 0.557039 15673.200684 10764.881592 -2020.69458 2936.467285 1270604.670275 31.066895 -0.559082 -0.144356 0.691304 0.195634 11.251985 20646.459961 13909.84375 2952.564697 6081.429443 4570142.23661 30.81543 -10.472412 -0.110114 0.096723 1.849953 0.924615 14732.601318 14202.755127 -2961.293945 6374.34082 4940148.272405 31.065674 22.921143 -0.053835 0.237033 1.049748 8.149678 19678.470459 16292.783203 1984.575195 8464.368896 7558407.952162 13.553467 -10.220947 -0.050541 0.034724 0.085704 1.928505 13548.538818 17266.21582 -4145.356445 9437.801514 10625607.747016 46.286621 40.255127 -0.081165 0.039533 14.393048 14.089026 18152.62207 17360.831299 458.726807 9532.416992 9107740.399608 50.123291 -100.006104 0.00901 0.025412 0.010756 1.678444 18060.714111 17543.049316 366.818848 9714.63501 9450868.943996 49.733887 -98.823242 0.018488 0.0271 0.130224 1.926187 19668.509521 17142.971191 1974.614258 9314.556885 9066007.142669 -5.076904 -22.636719 0.024978 0.025575 0.603417 1.378306 12874.796143 18862.08252 -4819.099121 11033.668213 14496555.057108 -238.431396 -90.330811 -0.068614 0.02632 18.485276 13.478679 11920.106201 19532.354736 -5773.789062 11703.94043 17031886.171992 -91.49292 103.754883 -0.047752 0.02573 16.285693 15.111958 12904.006348 19255.014648 -4789.888916 11426.600342 15351023.119892 416.2854 330.848389 -0.038414 0.028272 9.511404 15.221821
19956.051025 10501.541748 2276.156006 2613.233032 1200987.304373 9.63623 16.624756 -1.496644 0.474154 12.629633 1.785588 15635.412598 10799.675293 -2044.482422 2911.366577 1265596.371989 -37.788086 34.793701 -0.546867 0.839083 2.807632 16.576768 20649.204102 13886.394043 2969.309082 5998.085327 4479382.401639 2.744141 -23.449707 -0.108316 0.072996 1.790012 0.526629 14726.42334 14202.421875 -2953.47168 6314.113159 4859101.994964 -6.177979 -0.333252 -0.05554 0.236803 1.117319 8.133888 19714.150391 16293.599854 2034.255371 8405.291138 7478711.402424 35.679932 0.81665 0.055804 0.034775 0.10448 1.93418 13552.849121 17355.804443 -4127.045898 9467.495728 10666598.319878 4.310303 89.588623 -0.080968 0.040527 14.323164 14.806268 18112.667236 17454.848633 432.772217 9566.539917 9170597.777504 -39.954834 94.017334 -0.021145 0.029029 0.059241 2.190288 18021.89209 17592.150879 341.99707 9703.842163 9428151.472219 -38.822021 49.101562 0.008298 0.028972 0.026237 2.201511 19667.661133 17132.618408 1987.766113 9244.309692 8940847.580979 -0.848389 -10.352783 0.02489 0.025083 0.599187 1.325861 13152.139893 19068.62793 -4527.755127 11180.319214 14550010.421362 277.34375 206.54541 -0.061551 0.027382 14.875228 14.587866 12132.608643 19546.115723 -5547.286377 11657.807007 16667685.035656 212.502441 13.760986 -0.044777 0.025791 14.319419 15.182856 12167.76123 19060.970459 -5512.133789 11172.661743 15521198.933569 -736.245117 -194.044189 -0.049837 0.027253 16.008851 14.144404
19939.283447 10485.892334 2283.892822 2597.799683 1196472.96146 -16.767578 -15.649414 -1.794027 0.277113 18.147291 0.609898 15654.414062 10776.827393 -2000.976562 2888.734741 1234869.560875 19.001465 -22.8479 -0.344467 0.742042 1.113967 12.964231 20650.898438 13900.673828 2995.507812 6012.581177 4512419.946185 1.694336 14.279785 -0.107205 0.087444 1.753496 0.755735 14756.123047 14149.494629 -2899.267578 6261.401978 4761090.72139 29.699707 -52.927246 -0.047341 0.200315 0.811766 5.820344 19681.079102 16295.560303 2025.688477 8407.467651 7478892.611286 -33.071289 1.960449 -0.042766 0.034898 0.061363 1.947839 13569.212646 17368.117676 -4086.177979 9480.025024 10656772.493562 16.363525 12.313232 -0.080219 0.040663 14.059405 14.906238 18122.659912 17423.40332 467.269287 9535.310669 9114049.013998 9.992676 -31.445312 -0.013603 0.02782 0.024519 2.011525 18043.76709 17623.256836 388.376465 9735.164185 9492425.797899 21.875 31.105957 0.01404 0.030158 0.075101 2.385443 19553.232422 17116.824951 1897.841797 9228.7323 8877130.334742 -114.428711 -15.793457 0.013059 0.024334 0.164939 1.247814 13153.909912 19059.156494 -4501.480713 11171.063843 14505599.598785 1.77002 -9.471436 -0.061506 0.027333 14.853447 14.536043 12131.623535 19645.341797 -5523.76709 11757.249146 16874491.033239 -0.985107 99.226074 -0.044791 0.026225 14.328243 15.69899 12001.772461 19089.489746 -5653.618164 11201.397095 15743469.521877 -165.98877 28.519287 -0.052412 0.027402 17.706069 14.300277
19936.812744 10477.336426 2273.00293 2609.434814 1197569.236925 -2.470703 -8.555908 -1.837846 0.169386 19.044619 0.227876 15626.210938 10781.972656 -2037.598877 2914.071045 1264361.923821 -28.203125 5.145264 -0.644881 0.763895 3.904237 13.739075 20625.67627 13901.97876 2961.866455 6034.077148 4518273.993101 -25.222168 1.304932 -0.123736 0.088765 2.33598 0.778729 14779.349365 14183.945312 -2884.460449 6316.043701 4821252.011822 23.226318 34.450684 -0.040928 0.224065 0.606749 7.282361 19640.205078 16332.531738 1976.395264 8464.630127 7555610.142439 -40.874023 36.971436 -0.164592 0.03721 0.90892 2.214431 13594.880371 17377.79541 -4068.929443 9509.893799 10699426.688003 25.667725 9.677734 -0.079044 0.040771 13.650612 14.985048 18133.596191 17437.478027 469.786377 9569.576416 9179749.202193 10.936279 14.074707 -0.005349 0.028361 0.003792 2.090597 18047.138672 17582.475586 383.328857 9714.573975 9451988.852109 3.371582 -40.78125 0.014924 0.028603 0.084866 2.145805 19649.278564 17109.490967 1985.46875 9241.589355 8934905.997234 96.046143 -7.333984 0.02299 0.023986 0.511171 1.212377 13209.605713 19118.829346 -4454.204102 11250.927734 14642330.90625 55.695801 59.672852 -0.060087 0.02764 14.176226 14.864082 12126.789551 19620.042725 -5537.020264 11752.141113 16877141.414679 -4.833984 -25.299072 -0.044859 0.026115 14.371579 15.566575 12234.552002 19130.252686 -5429.257812 11262.351074 15631739.211355 232.779541 40.762939 -0.048801 0.027616 15.350044 14.52455
19941.636963 10489.311523 2316.398926 2614.065552 1219904.269225 4.824219 11.975098 -1.752286 0.320164 17.31266 0.814118 15636.947021 10771.298828 -1988.291016 2896.052856 1234042.331014 10.736084 -10.673828 -0.530522 0.71856 2.642314 12.156728 20617.099609 13926.062012 2991.861572 6050.81604 4556361.041799 -8.57666 24.083252 -0.129358 0.113132 2.553051 1.264963 14803.662109 14224.16748 -2821.575928 6348.921509 4827009.504073 24.312744 40.222168 -0.034216 0.251795 0.424053 9.196373 19662.260742 16283.973389 2037.022705 8408.727417 7485615.827428 22.055664 -48.55835 -0.098855 0.034174 0.32787 1.867807 13597.525635 17402.474365 -4027.712402 9527.228394 10699054.805895 2.645264 24.678955 -0.078923 0.041044 13.608826 15.186958 18119.360352 17443.966064 494.122314 9568.720093 9180456.107549 -14.23584 6.488037 -0.016093 0.028611 0.034317 2.127561 18047.359619 17602.264404 422.121582 9727.018433 9479307.421849 0.220947 19.788818 0.014982 0.029358 0.085527 2.260504 19647.302246 17127.540283 2022.064209 9252.294312 8969369.36923 -1.976318 18.049316 0.022785 0.024842 0.502125 1.300508 13232.213135 19149.295654 -4393.024902 11274.049683 14640286.403873 22.607422 30.466309 -0.059511 0.027796 13.905844 15.032975 12134.395752 19557.935791 -5490.842285 11682.689819 16663459.041528 7.606201 -62.106934 -0.044752 0.025842 14.303419 15.243886 12246.154785 19106.258545 -5379.083252 11231.012573 15507018.005177 11.602783 -23.994141 -0.048621 0.027491 15.237008 14.392326
19914.951172 10475.351562 2328.280029 2599.102783 1217622.317248 -26.685791 -13.959961 -2.225575 0.144395 27.927897 0.165595 15637.094727 10774.500732 -1949.576416 2898.251953 1220071.258568 0.147705 3.201904 -0.528949 0.73216 2.626666 12.621235 20615.622559 13893.231201 3028.951416 6016.982422 4537862.414574 -1.477051 -32.830811 -0.130326 0.079914 2.591407 0.631176 14806.411133 14242.858887 -2780.26001 6366.610107 4826356.998183 2.749023 18.691406 -0.033457 0.264681 0.405449 10.161739 19655.952148 16334.197998 2069.281006 8457.949219 7581882.886816 -6.308594 50.224609 -0.117658 0.037314 0.464459 2.226849 13606.046143 17370.307617 -3980.625 9494.058838 10598252.860795 8.520508 -32.166748 -0.078533 0.040687 13.474665 14.924054 18127.125244 17407.635498 540.454102 9531.386719 9113942.341826 7.764893 -36.330566 -0.010233 0.027213 0.013875 1.924751 18050.441895 17592.630615 463.770752 9716.381836 9462315.92921 3.082275 -9.633789 0.015791 0.028991 0.095012 2.204292 19520.144043 17146.864014 1933.4729 9270.615234 8968262.428037 -127.158203 19.32373 0.009638 0.025759 0.089839 1.39829 12979.036865 18967.730713 -4607.634277 11091.481934 14425126.511699 -253.17627 -181.564941 -0.065959 0.026863 17.082469 14.040551 12175.6604 19377.504883 -5411.010742 11501.256104 16155792.921072 41.264648 -180.430908 -0.044174 0.025052 13.936468 14.325593 12432.550049 18996.038818 -5154.121094 11119.790039 15021469.476187 186.395264 -110.219727 -0.045729 0.026912 13.478381 13.792706
19938.516846 10489.838867 2344.923096 2606.460571 1229230.103445 23.565674 14.487305 -1.807623 0.326804 18.423394 0.848236 15610.13916 10812.407227 -1983.45459 2929.028931 1251330.258664 -26.955566 37.906494 -0.816074 0.893159 6.252252 18.782246 20613.369141 13916.882324 3019.775391 6033.504028 4552221.426958 -2.253418 23.651123 -0.131803 0.103844 2.650476 1.065785 14800.617676 14262.443848 -2792.976074 6379.065552 4849319.266478 -5.793457 19.584961 -0.035057 0.278183 0.445142 11.224935 19672.086182 16321.658936 2078.492432 8438.28064 7552471.094185 16.134033 -12.539062 -0.06957 0.03653 0.162386 2.134256 13607.468262 17389.769287 -3986.125488 9506.390991 10626066.60861 1.422119 19.46167 -0.078468 0.040903 13.452337 15.082843 18129.30542 17343.907471 535.71167 9460.529175 8978859.926062 2.180176 -63.728027 -0.008588 0.024761 0.009772 1.593532 18061.043701 17538.232422 467.449951 9654.854126 9343471.765074 10.601807 -54.398193 0.018574 0.026916 0.131446 1.900168 19546.557617 17165.126953 1952.963867 9281.748657 8996492.600247 26.413574 18.262939 0.012369 0.026626 0.147966 1.493961 13204.787598 18912.486572 -4388.806152 11029.108276 14090284.881468 225.750732 -55.244141 -0.06021 0.026579 14.234186 13.745313 12042.178955 19320.844727 -5551.414795 11437.466431 16163384.457784 -133.481445 -56.660156 -0.046043 0.024804 15.140704 14.04311 12685.06958 19081.506348 -4908.52417 11198.128052 14949168.139027 252.519531 85.467529 -0.041811 0.027361 11.267831 14.256558
19919.782715 10465.330811 2335.682373 2611.708984 1227643.596683 -18.734131 -24.508057 -2.139884 0.018224 25.818706 0.002638 15632.327881 10786.772461 -1951.772461 2933.150635 1241278.83855 22.188721 -25.634766 -0.579725 0.784281 3.155153 14.482169 20618.984375 13899.807129 3034.884033 6046.185303 4576687.780999 5.615234 -17.075195 -0.128122 0.086568 2.504522 0.740654 14801.193848 14263.94165 -2782.906494 6410.319824 4883676.88039 0.576172 1.497803 -0.034897 0.279215 0.441112 11.308422 19677.908936 16299.87915 2093.808594 8446.257324 7572329.721418 5.822754 -21.779785 -0.052215 0.035168 0.091474 1.9781 13598.668213 17360.501709 -3985.432129 9506.879883 10626443.436034 -8.800049 -29.267578 -0.078871 0.040579 13.590796 14.844365 18150.483398 17329.777832 566.383057 9476.156006 9011832.241423 21.177979 -14.129639 0.007396 0.024217 0.007247 1.524327 18061.348877 17560.731201 477.248535 9707.109375 9445573.858252 0.305176 22.498779 0.018654 0.027774 0.132582 2.023216 19610.540771 17139.584961 2026.44043 9285.963135 9033557.21553 63.983154 -25.541992 0.018984 0.025414 0.348574 1.36104 13229.672852 18959.725342 -4354.42749 11106.103516 14230657.406749 24.885254 47.23877 -0.059576 0.026822 13.936095 13.997574 12079.439697 19333.850098 -5504.660645 11480.228271 16209692.997684 37.260742 13.005371 -0.045521 0.024861 14.799527 14.107701 12513.325195 19055.596924 -5070.775146 11201.975098 15119700.667471 -171.744385 -25.909424 -0.044476 0.027224 12.749754 14.115131
19919.020996 10462.96875 2348.905029 2608.236084 1232025.030645 -0.761719 -2.362061 -2.153394 -0.011516 26.145733 0.001053 15633.822021 10791.765137 -1936.293945 2937.032471 1237539.397662 1.494141 4.992676 -0.563809 0.805486 2.984293 15.275888 20621.77002 13895.073242 3051.654053 6040.340576 4579830.673372 2.785645 -4.733887 -0.126297 0.081778 2.43365 0.660961 14801.003418 14294.282227 -2769.112549 6439.549561 4913578.285082 -0.19043 30.340576 -0.03495 0.300132 0.442442 13.066197 19663.26416 16344.226074 2093.148193 8489.493408 7645276.768729 -14.644775 44.346924 -0.095864 0.037941 0.308332 2.302315 13586.503906 17362.200928 -3983.612061 9507.468262 10626111.779652 -12.164307 1.699219 -0.079428 0.040598 13.783356 14.858159 18144.648438 17362.1875 574.532471 9507.454834 9072178.498015 -5.834961 32.409668 0.002992 0.025464 0.001186 1.685344 18052.097168 17553.73291 481.981201 9699.000244 9430291.161412 -9.251709 -6.998291 0.016226 0.027507 0.100312 1.984528 19534.886475 17140.939941 1964.770508 9286.207275 9009396.870989 -75.654297 1.35498 0.011162 0.025478 0.120503 1.367936 13109.659424 19049.279785 -4460.456543 11194.547119 14521355.777437 -120.013428 89.554443 -0.062633 0.027282 15.402766 14.482101 12179.106445 19392.674561 -5391.009521 11537.941895 16218708.682231 99.666748 58.824463 -0.044126 0.025118 13.90604 14.4017 12351.169434 19050.397949 -5218.946533 11195.665283 15258032.404995 -162.155762 -5.198975 -0.046991 0.027197 14.232943 14.086837
19934.471436 10488.857422 2374.702148 2639.709473 1260727.639382 15.450439 25.888672 -1.879371 0.314447 19.914934 0.7853 15627.127686 10800.650635 -1932.641602 2951.502686 1244647.166288 -6.694336 8.885498 -0.635116 0.843225 3.786894 16.74085 20626.604004 13923.546143 3066.834717 6074.398193 4630378.859164 4.833984 28.4729 -0.123128 0.110587 2.313078 1.208678 14788.88916 14277.486572 -2770.880127 6428.338623 4900131.41305 -12.114258 -16.795654 -0.038295 0.288553 0.531172 12.07746 19640.183105 16328.370361 2080.413818 8479.222412 7622533.436964 -23.081055 -15.855713 -0.164658 0.036949 0.909643 2.183571 13591.193848 17381.45752 -3968.575439 9532.30957 10661451.67629 4.689941 19.256592 -0.079213 0.040811 13.708954 15.014924 18112.070312 17480.222168 552.301025 9631.074219 9306262.702972 -32.578125 118.034668 -0.021595 0.030006 0.061792 2.34008 18054.420166 17602.783203 494.650879 9753.635254 9537808.015825 2.322998 49.050293 0.016836 0.029378 0.107992 2.263551 19672.883301 17108.355713 2113.114014 9259.207764 9019817.924562 137.996826 -32.584229 0.02543 0.023932 0.625465 1.206937 13214.273682 19042.490234 -4345.495605 11193.342285 14417424.356982 104.614258 -6.789551 -0.059968 0.027247 14.120184 14.445078 12190.67749 19312.127686 -5369.091797 11462.979736 16022705.115874 11.571045 -80.546875 -0.043964 0.024766 13.80411 13.9999 12446.610107 19008.314209 -5113.15918 11159.16626 15067138.840991 95.440674 -42.08374 -0.045511 0.026976 13.350098 13.858855
19930.268555 10470.358887 2385.096436 2645.021973 1268482.624269 -4.202881 -18.498535 -1.953912 0.081533 21.526017 0.052796 15611.5979 10819.771729 -1933.574219 2994.434814 1270534.911742 -15.529785 19.121094 -0.800536 0.924438 6.016431 20.120815 20629.875488 13921.616211 3084.703369 6096.279297 4668001.614109 3.271484 -1.929932 -0.120984 0.108634 2.233217 1.16637 14815.875244 14222.877197 -2729.296875 6397.540283 4837758.310709 26.986084 -54.609375 -0.030844 0.250905 0.344594 9.131511 19700.186768 16297.784424 2155.014648 8472.44751 7642645.494071 60.003662 -30.585938 0.014185 0.035037 0.006751 1.963394 13609.914551 17349.647217 -3935.257568 9524.310303 10619873.88721 18.720703 -31.810303 -0.078356 0.040458 13.413973 14.756403 18162.432861 17315.794678 617.260742 9490.457764 9044979.938789 50.362549 -164.42749 0.016414 0.023679 0.035698 1.457353 18063.150635 17563.582764 517.978516 9738.24585 9510173.397008 8.730469 -39.200439 0.019127 0.027883 0.139389 2.039087 19490.760498 17161.385498 1945.588379 9336.048584 9094711.730265 -182.122803 53.029785 0.0066 0.026448 0.042127 1.474103 13171.19751 19000.876465 -4373.974609 11175.539551 14402433.813453 -43.076172 -41.61377 -0.061065 0.027033 14.641551 14.219195 12067.659912 19330.893555 -5477.512207 11505.556641 16238097.358881 -123.017578 18.765869 -0.045686 0.024848 14.906968 14.093004 12665.288086 19029.661865 -4879.884033 11204.324951 14935016.578896 218.677979 21.347656 -0.042118 0.027088 11.433855 13.97427
19927.529297 10460.257568 2390.036621 2621.986694 1258708.927544 -2.739258 -10.101318 -2.002494 -0.045652 22.609779 0.016553 15622.789307 10784.570312 -1914.703369 2946.299438 1234676.937297 11.191406 -35.201416 -0.681327 0.774928 4.358017 14.138808 20612.387695 13921.109619 3074.89502 6082.838745 4645590.658024 -17.487793 -0.506592 -0.132446 0.108121 2.67641 1.15539 14839.077148 14227.957764 -2698.415527 6389.68689 4810954.490595 23.201904 5.080566 -0.024439 0.254408 0.216327 9.388238 19651.450195 16348.907471 2113.95752 8510.636597 7689975.167513 -48.736572 51.123047 -0.131076 0.038233 0.576438 2.337975 13610.023193 17353.128662 -3927.469482 9514.857788 10595753.526285 0.108643 3.481445 -0.078351 0.040497 13.412271 14.784587 18129.628906 17409.571533 592.13623 9571.300659 9196042.162385 -32.803955 93.776855 -0.008344 0.027287 0.009224 1.935302 18046.313477 17609.255371 508.820801 9770.984497 9573103.66493 -16.837158 45.672607 0.014708 0.029624 0.082421 2.301738 19673.304443 17124.898682 2135.811768 9286.627808 9080314.794373 182.543945 -36.486816 0.025474 0.024717 0.627609 1.287417 13277.974854 19143.026123 -4259.517822 11304.755249 14594098.331852 106.777344 142.149658 -0.058346 0.027764 13.366508 14.998141 12184.648438 19464.830322 -5352.844238 11626.559448 16382982.604281 116.988525 133.936768 -0.044048 0.025435 13.857174 14.766469 12094.777832 18968.841553 -5442.714844 11130.570679 15351274.850416 -570.510254 -60.820312 -0.050969 0.026769 16.744568 13.646709
19936.936035 10476.397705 2425.013428 2639.819946 1284933.947352 9.406738 16.140137 -1.83566 0.157567 18.999328 0.197185 15616.066895 10805.107422 -1895.855713 2968.529663 1240643.724472 -6.722412 20.537109 -0.752933 0.862154 5.322186 17.500902 20620.759277 13913.563232 3108.83667 6076.985474 4659461.7887 8.371582 -7.546387 -0.126959 0.100486 2.459247 0.997966 14797.098389 14282.687988 -2714.824219 6446.110229 4892260.762948 -41.97876 54.730225 -0.036028 0.292139 0.470159 12.379503 19661.278076 16300.844727 2149.355469 8464.266968 7626354.423279 9.827881 -48.062744 -0.101784 0.035228 0.347586 1.984897 13587.529297 17384.725342 -3924.393311 9548.147583 10656798.512276 -22.493896 31.59668 -0.079381 0.040847 13.767071 15.041609 18131.790771 17365.50415 619.868164 9528.926392 9118467.471738 2.161865 -44.067383 -0.006712 0.025592 0.005969 1.702277 18057.993164 17556.883545 546.070557 9720.305786 9478253.762876 11.679688 -52.371826 0.017773 0.027628 0.120358 2.001899 19561.94458 17145.374756 2050.021973 9308.796997 9085629.162104 -111.359863 20.476074 0.01396 0.025689 0.188478 1.390628 13145.849609 18943.101807 -4366.072998 11106.524048 14241746.984978 -132.125244 -199.924316 -0.061711 0.026737 14.952763 13.90854 12122.537842 19128.365479 -5389.384766 11291.78772 15654993.805932 -62.110596 -336.464844 -0.044918 0.023961 14.409749 13.104499 12424.125977 18874.906006 -5087.796631 11038.328247 14773036.504705 329.348145 -93.935547 -0.045859 0.026276 13.555536 13.148431
19920.299072 10456.766357 2376.37085 2635.543213 1259322.644189 -16.636963 -19.631348 -2.130726 -0.08961 25.59819 0.063776 15609.714355 10811.765137 -1934.213867 2990.541992 1268452.469106 -6.352539 6.657715 -0.820599 0.890431 6.321779 18.667723 20606.918945 13942.315674 3062.990723 6121.092529 4684968.591929 -13.840332 28.752441 -0.136031 0.129578 2.823234 1.659456 14774.997559 14276.738281 -2768.930664 6455.515137 4934065.270279 -22.10083 -5.949707 -0.04213 0.288038 0.642895 12.034315 19647.669678 16338.894043 2103.741455 8517.670898 7697644.56439 -13.608398 38.049316 -0.142344 0.037607 0.679805 2.262032 13580.267334 17366.23291 -3963.660889 9545.009766 10681781.906626 -7.261963 -18.492432 -0.079713 0.040642 13.882605 14.890914 18139.267578 17357.971191 595.339355 9536.748047 9130399.225774 7.476807 -7.532959 -0.001069 0.025302 0.000151 1.663939 18054.541016 17554.864502 510.612793 9733.641357 9500449.949926 -3.452148 -2.019043 0.016867 0.027551 0.1084 1.990758 19662.86499 17140.914307 2118.936768 9319.691162 9134653.638209 100.92041 -4.460449 0.024394 0.025477 0.575549 1.367805 13247.637939 18942.243652 -4296.290283 11121.020508 14213520.733273 101.78833 -0.858154 -0.059119 0.026732 13.722859 13.903952 12086.531982 19193.178711 -5457.39624 11371.955566 15910454.712724 -36.005859 64.813232 -0.045422 0.024244 14.735027 13.416931 12427.923584 18870.438232 -5116.004639 11049.215088 14825865.752138 3.797607 -4.467773 -0.045801 0.026252 13.520727 13.124963
19919.777832 10464.222412 2418.696289 2665.658569 1295582.7347 -0.52124 7.456055 -2.139971 0.004269 25.820796 0.000145 15605.610352 10807.492676 -1895.471191 3008.928833 1264646.375956 -4.104004 -4.272461 -0.864314 0.872285 7.013268 17.91461 20592.69043 13925.019531 3091.608887 6126.455688 4709150.481131 -14.228516 -17.296143 -0.145356 0.112078 3.223605 1.241486 14830.41748 14182.203369 -2670.664062 6383.639526 4788330.013733 55.419922 -94.534912 -0.026829 0.222864 0.260724 7.204509 19629.901123 16338.586426 2128.81958 8540.022583 7746385.852281 -17.768555 -0.307617 -0.195303 0.037588 1.279755 2.259719 13594.311523 17339.422607 -3906.77002 9540.858765 10629083.795248 14.044189 -26.810303 -0.07907 0.040345 13.659606 14.673785 18096.313477 17488.80127 595.231934 9690.237427 9425500.244171 -42.954102 130.830078 -0.033487 0.030336 0.148585 2.391848 18056.762695 17628.293457 555.681152 9829.729614 9693236.583249 2.22168 73.428955 0.01745 0.03035 0.116024 2.415919 19707.307129 17107.202148 2206.225586 9308.638306 9151817.844172 44.442139 -33.712158 0.028989 0.023877 0.812798 1.201422 13172.520752 18950.12085 -4328.560791 11151.557007 14309366.219823 -75.117188 7.877197 -0.061032 0.026773 14.625395 13.946099 12058.065186 19250.839844 -5443.016357 11452.276001 16078105.266971 -28.466797 57.661133 -0.045821 0.024497 14.994766 13.69798 12845.648193 19095.385742 -4655.43335 11296.821899 14929124.469974 417.724609 224.94751 -0.03932 0.027433 9.965046 14.332608
19915.367432 10462.484131 2391.152344 2640.996704 1269247.31221 -4.4104 -1.738281 -2.218192 -0.017618 27.74292 0.002465 15604.56543 10796.768799 -1919.649658 2975.281372 1253735.405323 -1.044922 -10.723877 -0.875445 0.826738 7.195059 16.092598 20616.884766 13882.438965 3092.669678 6060.951538 4629973.92826 24.194336 -42.580566 -0.129499 0.068994 2.558612 0.470471 14839.521484 14189.398193 -2684.693604 6367.910767 4775786.727616 9.104004 7.194824 -0.024316 0.227824 0.214161 7.528771 19660.72876 16289.484863 2136.513672 8467.997437 7627167.125508 30.827637 -49.101562 -0.103421 0.034518 0.358858 1.905666 13582.299805 17362.427979 -3941.915283 9540.940552 10656824.271213 -12.011719 23.005371 -0.07962 0.0406 13.850221 14.860002 18173.370361 17297.723389 649.155273 9476.235962 9022045.057491 77.056885 -191.077881 0.024669 0.022984 0.080633 1.373026 18057.735596 17566.727295 533.520508 9745.239868 9525434.422031 0.9729 -61.566162 0.017706 0.028003 0.119444 2.05666 19568.61084 17131.912842 2044.395752 9310.425415 9086357.539961 -138.696289 24.710693 0.014649 0.02505 0.207549 1.322324 13100.360107 19010.201416 -4423.85498 11188.713989 14475781.362163 -72.160645 60.080566 -0.06287 0.027081 15.519474 14.269657 12163.277588 19448.857422 -5360.9375 11627.369995 16393538.388226 105.212402 198.017578 -0.044348 0.025365 14.046083 14.685328 12263.566895 19076.658936 -5260.648193 11255.171509 15435330.510655 -582.081299 -18.726807 -0.04835 0.027335 15.068161 14.230044
19921.730957 10459.827881 2416.347656 2663.908081 1293514.226017 6.363525 -2.65625 -2.105331 -0.051063 24.991635 0.020708 15593.36792 10851.715088 -1912.015381 3055.795288 1299368.765933 -11.19751 54.946289 -0.994718 1.06011 9.289175 26.460125 20586.503906 13922.539062 3081.120605 6126.619263 4702876.777547 -30.380859 40.100098 -0.149411 0.109568 3.405964 1.186507 14792.429199 14218.363037 -2712.954102 6422.443237 4860789.709359 -47.092285 28.964844 -0.037317 0.247793 0.504405 8.90639 19633.725586 16332.200928 2128.342285 8536.281128 7739793.637783 -27.003174 42.716064 -0.183905 0.037189 1.134728 2.21197 13591.259766 17376.672363 -3914.123535 9580.752563 10711118.273103 8.959961 14.244385 -0.07921 0.040758 13.70791 14.975892 18147.480469 17323.083496 642.097168 9527.163696 9117913.6869 -25.889893 25.360107 0.005129 0.02396 0.003486 1.492076 18038.300781 17536.037598 532.91748 9740.117798 9515389.575701 -19.434814 -30.689697 0.012605 0.026833 0.060536 1.888371 19640.709229 17161.983643 2135.325928 9366.063843 9228276.872456 72.098389 30.070801 0.022104 0.026477 0.472529 1.477269 13259.508057 19112.915039 -4245.875244 11316.995239 14610183.783419 159.147949 102.713623 -0.058816 0.027609 13.582869 14.831406 12131.563721 19280.150146 -5373.81958 11484.230347 16076548.353483 -31.713867 -168.707275 -0.044792 0.024625 14.328778 13.84196 12548.703613 18995.327148 -4956.679688 11199.407349 14999539.848509 285.136719 -81.331787 -0.043927 0.026908 12.437001 13.788876
19909.65332 10450.628662 2393.063965 2674.788818 1288125.036265 -12.077637 -9.199219 -2.319535 -0.166889 30.335828 0.221207 15581.923828 10838.594971 -1934.665527 3062.755127 1312339.967037 -11.444092 -13.120117 -1.116618 1.004385 11.705408 23.751484 20600.588379 13921.126709 3083.999023 6145.286865 4727560.063259 14.084473 -1.412354 -0.14018 0.108139 2.99809 1.155759 14824.014893 14232.414551 -2692.574463 6456.574707 4893731.418569 31.585693 14.051514 -0.028597 0.25748 0.296211 9.616376 19647.043457 16312.595215 2130.454102 8536.755371 7741502.694476 13.317871 -19.605713 -0.14421 0.035963 0.697749 2.068551 13570.561523 17404.938965 -3946.027832 9629.099121 10829068.553501 -20.698242 28.266602 -0.080157 0.041072 14.037772 15.207197 18123.381348 17434.975586 606.791992 9659.135742 9366709.980779 -24.099121 111.89209 -0.013059 0.028265 0.022595 2.076427 18074.556885 17599.959717 557.967529 9824.119873 9682465.904374 36.256104 63.922119 0.022121 0.02927 0.186437 2.246992 19712.259521 17129.599609 2195.670166 9353.759766 9231378.923096 71.550293 -32.384033 0.029501 0.02494 0.841765 1.31076 13326.986084 19101.484375 -4189.603271 11325.644531 14582299.962067 67.478027 -11.430664 -0.057098 0.027551 12.800704 14.768354 12117.905273 19283.963623 -5398.684082 11508.123779 16158270.27372 -13.658447 3.813477 -0.044983 0.024642 14.451396 13.860748 12413.95752 18996.052246 -5102.631836 11220.212402 15193001.800683 -134.746094 0.725098 -0.046017 0.026912 13.64896 13.792778
19923.327637 10477.630615 2399.827881 2715.665283 1313401.178814 13.674316 27.001953 -2.077013 0.173091 24.323849 0.237952 15606.392822 10802.58667 -1917.106934 3040.621338 1292067.711527 24.468994 -36.008301 -0.855979 0.851448 6.87866 17.068945 20607.683105 13934.794922 3084.18335 6172.82959 4761601.207926 7.094727 13.668213 -0.13553 0.121968 2.802482 1.470274 14817.467041 14225.473633 -2706.032715 6463.508301 4909955.260807 -6.547852 -6.940918 -0.030405 0.252695 0.334844 9.262267 19673.458252 16333.577881 2149.958496 8571.612549 7809486.322215 26.414795 20.982666 -0.06548 0.037275 0.143856 2.222224 13576.64917 17391.451416 -3946.850586 9629.486084 10830463.178936 6.087646 -13.487549 -0.079879 0.040922 13.940348 15.096607 18153.737793 17297.947998 630.238037 9535.982666 9133216.538997 30.356445 -137.027588 0.009852 0.022993 0.01286 1.374059 18057.404785 17526.411133 533.905029 9764.445801 9562945.63767 -17.1521 -73.548584 0.017619 0.026466 0.118276 1.837063 19477.120361 17171.342773 1953.620605 9409.377441 9235301.730496 -235.13916 41.743164 0.005189 0.026921 0.026046 1.527244 13131.547852 18987.960205 -4391.951904 11225.994873 14531220.241933 -195.438232 -113.52417 -0.062075 0.026967 15.1298 14.149446 12152.130127 19348.129883 -5371.369629 11586.164551 16309082.068812 34.224854 64.16626 -0.044504 0.024923 14.14513 14.178791 12491.794434 19018.702393 -5031.705322 11256.737061 15203218.770041 77.836914 22.650146 -0.04481 0.027031 12.941992 13.914959
19924.405518 10479.094238 2402.62207 2696.658325 1304455.89356 1.077881 1.463623 -2.057896 0.191519 23.878155 0.291317 15599.9646 10810.74707 -1921.818848 3028.311157 1286405.614819 -6.428223 8.1604 -0.924452 0.886107 8.023161 18.48686 20595.373535 13935.389404 3073.590088 6152.953491 4730579.269338 -12.30957 0.594482 -0.143598 0.12257 3.146076 1.484812 14793.597412 14261.513672 -2728.186035 6479.077759 4942144.764686 -23.869629 36.040039 -0.036995 0.277542 0.495724 11.173243 19679.152832 16322.536621 2157.369385 8540.100708 7758756.276524 5.69458 -11.04126 -0.048507 0.036585 0.078945 2.140673 13586.113281 17390.076904 -3935.670166 9607.640991 10779626.507166 9.464111 -1.374512 -0.079446 0.040907 13.789562 15.08536 18168.642578 17224.998779 646.859131 9442.562866 8958042.021752 14.904785 -72.949219 0.021101 0.020186 0.058994 1.059074 18056.365967 17511.851807 534.58252 9729.415894 9494731.209994 -1.038818 -14.559326 0.017346 0.025911 0.114643 1.760807 19340.004883 17181.708984 1818.221436 9399.273071 9165226.345734 -137.115479 10.366211 -0.008988 0.027413 0.078124 1.583568 13231.278076 19021.853027 -4290.505371 11239.417114 14473293.340766 99.730225 33.892822 -0.059535 0.027141 13.916975 14.332835 12111.801758 19276.97876 -5409.981689 11494.542847 16139241.713437 -40.328369 -71.151123 -0.045068 0.024612 14.506359 13.826345 12419.89502 18974.827881 -5101.888428 11192.391968 15129890.348933 -71.899414 -43.874512 -0.045925 0.0268 13.594369 13.678777
19923.269043 10463.178711 2414.989014 2735.079956 1331283.430217 -1.136475 -15.915527 -2.078052 -0.008873 24.348195 0.000625 15597.873535 10812.374268 -1910.406494 3084.275513 1316240.841107 -2.091064 1.627197 -0.946725 0.893019 8.414436 18.776359 20585.79834 13923.156738 3077.518311 6195.057983 4784986.236942 -9.575195 -12.232666 -0.149874 0.110193 3.42708 1.200081 14839.421387 14243.101807 -2668.858643 6515.003052 4956807.121848 45.823975 -18.411865 -0.024343 0.264848 0.214648 10.174602 19641.049805 16350.400391 2132.769775 8622.301636 7889279.241254 -38.103027 27.86377 -0.162075 0.038327 0.881326 2.349405 13594.483643 17392.926025 -3913.796387 9664.827271 10872668.832544 8.370361 2.849121 -0.079062 0.040938 13.656885 15.108679 18127.76001 17414.019775 619.47998 9685.921021 9420082.146172 -40.882568 189.020996 -0.009754 0.027458 0.012606 1.959654 18066.137695 17619.945068 557.857666 9891.846313 9815982.866497 9.771729 108.093262 0.019911 0.030032 0.15105 2.365509 19654.586182 17133.496094 2146.306152 9405.397339 9306812.920156 314.581299 -48.212891 0.023538 0.025125 0.535867 1.330268 13269.586182 19079.348145 -4238.693848 11351.24939 14681738.824015 38.308105 57.495117 -0.05856 0.027437 13.464576 14.646633 12127.664795 19206.774902 -5380.615234 11478.676147 16071102.639868 15.863037 -70.203857 -0.044846 0.024304 14.363728 13.482939 12444.660645 18912.056885 -5063.619385 11183.95813 15072116.072475 24.765625 -62.770996 -0.045541 0.026471 13.367848 13.344389
19919.929199 10473.95752 2432.526855 2716.444702 1329625.872241 -3.339844 10.778809 -2.137286 0.126843 25.756052 0.127783 15610.574951 10801.781006 -1876.827393 3044.268188 1279004.98649 12.701416 -10.593262 -0.811432 0.848026 6.181327 16.932025 20605.175781 13936.11084 3117.773438 6178.598022 4789558.473074 19.377441 12.954102 -0.137173 0.1233 2.870858 1.50255 14810.091553 14315.449219 -2677.310791 6557.936401 5017452.291607 -29.329834 72.347412 -0.032441 0.314725 0.381196 14.367665 19644.07959 16350.765381 2156.677246 8593.252563 7849524.636352 3.029785 0.36499 -0.153044 0.03835 0.785851 2.352203 13602.999268 17385.196533 -3884.403076 9627.683716 10778088.099005 8.515625 -7.729492 -0.078673 0.040853 13.522563 15.045458 18121.811523 17419.799805 634.40918 9662.286987 9376226.483231 -5.948486 5.780029 -0.014243 0.027681 0.026881 1.991525 18065.567627 17604.464111 578.165283 9846.951294 9729672.488003 -0.570068 -15.480957 0.019761 0.029442 0.148789 2.273438 19669.049072 17159.362793 2181.646729 9401.849976 9315436.541147 14.462891 25.866699 0.025034 0.026352 0.606116 1.463423 13145.806885 18964.35791 -4341.595459 11206.845093 14444282.806289 -123.779297 -114.990234 -0.061712 0.026846 14.953291 14.022436 12162.105713 19193.884277 -5325.296631 11436.37146 15914937.637685 34.440918 -12.890625 -0.044364 0.024248 14.056479 13.420353 12490.838623 18967.947998 -4996.563721 11210.435181 15063950.595492 46.177979 55.891113 -0.044824 0.026764 12.95056 13.641925
19934.116211 10461.307373 2404.122314 2681.335449 1296936.389409 14.187012 -12.650146 -1.885671 -0.032434 20.048678 0.008355 15616.679688 10769.876709 -1913.314209 2989.904785 1260030.18866 6.104736 -31.904297 -0.746406 0.71252 5.230308 11.953211 20601.132812 13913.38623 3071.138916 6133.414307 4705066.529837 -4.042969 -22.724609 -0.139823 0.100307 2.982846 0.994412 14805.345459 14254.903564 -2724.648438 6474.931641 4934844.885874 -4.746094 -60.545654 -0.033751 0.272984 0.412611 10.809339 19677.03125 16322.69165 2147.037354 8542.719727 7758782.972399 32.95166 -28.07373 -0.054831 0.036594 0.100869 2.141808 13590.625 17366.351318 -3939.368896 9586.379395 10741729.719848 -12.374268 -18.845215 -0.079239 0.040644 13.717968 14.891877 18185.97168 17240.98999 655.977783 9461.018066 8994116.970492 64.160156 -178.809814 0.034179 0.020801 0.154788 1.124617 18062.894287 17516.082764 532.900391 9736.11084 9507583.711205 -2.67334 -88.381348 0.01906 0.026072 0.13841 1.782801 19569.584961 17147.263184 2039.591064 9367.29126 9190607.725548 -99.464111 -12.099609 0.01475 0.025778 0.210413 1.400347 13082.375488 19018.240967 -4447.618408 11238.269043 14608000.058714 -63.431396 53.883057 -0.063328 0.027123 15.746435 14.313235 12194.876709 19301.794434 -5335.117188 11521.82251 16121586.93509 32.770996 107.910156 -0.043905 0.02472 13.767212 13.948765 12466.456299 19029.085693 -5063.537598 11249.11377 15218197.360274 -24.382324 61.137695 -0.045203 0.027085 13.170067 13.971149
19906.622314 10448.857422 2407.681885 2745.076294 1333237.591781 -27.493896 -12.449951 -2.373292 -0.189191 31.758227 0.284278 15613.865967 10766.705322 -1885.074463 3062.924194 1293501.035089 -2.813721 -3.171387 -0.776377 0.69905 5.658776 11.505548 20610.981445 13911.75293 3112.041016 6207.971802 4822371.317435 9.848633 -1.633301 -0.133368 0.098654 2.713791 0.961916 14832.879639 14201.531982 -2666.060791 6497.750854 4932864.630844 27.53418 -53.371582 -0.02615 0.23619 0.247679 8.091796 19655.997314 16329.122314 2157.056885 8625.341187 7904940.498805 -21.033936 6.430664 -0.117523 0.036996 0.463397 2.189131 13587.320557 17350.527344 -3911.619873 9646.746216 10836048.258366 -3.304443 -15.823975 -0.07939 0.040468 13.770386 14.763526 18169.67041 17281.807861 670.72998 9578.026733 9218847.481239 -16.30127 40.817871 0.021876 0.022372 0.063411 1.30084 18060.946045 17565.771484 562.005615 9861.990356 9757470.410218 -1.948242 49.688721 0.018548 0.027966 0.131083 2.051311 19414.49585 17144.979248 1915.55542 9441.19812 9280557.45101 -155.089111 -2.283936 -0.001286 0.02567 0.001598 1.388596 13185.721436 19135.640869 -4313.218994 11431.859741 14929127.523413 103.345947 117.399902 -0.060696 0.027726 14.464706 14.95716 12130.759277 19395.0354 -5368.181152 11691.254272 16550279.534771 -64.117432 93.240967 -0.044803 0.025129 14.335986 14.413563 12559.012451 19103.129883 -4939.927979 11399.348755 15434804.046837 92.556152 74.044189 -0.043767 0.027474 12.3466 14.375129
]