alphapose_11-08-20_Ishan_4KDepth.white_lion_above_orange_wall.0000000001 [ 22311.518555 9658.609009 3262.828369 4251.747437 0.0 0.0 16365.968018 9394.003296 -2682.722168 3987.141724 0.0 0.0 22973.774414 13977.711182 3925.084229 8570.849609 0.0 0.0 14960.678711 14119.611816 -4088.011475 8712.750244 0.0 0.0 22168.205566 16189.415283 3119.515381 10782.553711 0.0 0.0 12414.078369 16778.084717 -6634.611816 11371.223145 0.0 0.0 20196.726074 17840.126953 1148.035889 12433.265381 0.0 0.0 21151.420898 18609.436035 2102.730713 13202.574463 0.0 0.0 23194.450684 18143.620605 4145.760498 12736.759033 0.0 0.0 11170.686035 18521.152344 -7878.00415 13114.290771 0.0 0.0 10541.871338 18560.369873 -8506.818848 13153.508301 0.0 0.0 11104.700928 18450.981445 -7943.989258 13044.119873 0.0 0.0
22324.421387 9676.820068 3300.152588 4228.898315 12.902832 18.21106 16402.680664 9402.596436 -2621.588135 3954.674683 36.712646 8.59314 22961.564941 13957.141113 3937.296143 8509.21936 -12.209473 -20.570068 14976.804199 14038.500977 -4047.4646 8590.579224 16.125488 -81.11084 22165.107422 16224.344482 3140.838623 10776.422729 -3.098145 34.929199 12307.883301 16807.958984 -6716.385498 11360.037231 -106.195068 29.874268 20203.962402 17785.932617 1179.693604 12338.010864 7.236328 -54.194336 21123.513184 18647.567139 2099.244385 13199.645386 -27.907715 38.131104 23262.272949 18147.542725 4238.00415 12699.620972 67.822266 3.922119 11155.214844 18597.006836 -7869.053955 13149.085083 -15.471191 75.854492 10431.005859 18696.175537 -8593.262939 13248.253784 -110.865479 135.805664 11145.913086 18613.436279 -7878.355713 13165.514526 41.212158 162.454834
22324.799805 9676.468506 3260.593262 4235.871582 0.378418 -0.351562 16403.916016 9390.996094 -2660.290527 3950.39917 1.235352 -11.600342 22990.529785 13964.326172 3926.323242 8523.729248 28.964844 7.185059 14969.049072 14127.752686 -4095.157471 8687.155762 -7.755127 89.251709 22144.921875 16192.491455 3080.715332 10751.894531 -20.185547 -31.853027 12364.420166 16767.141113 -6699.786377 11326.544189 56.536865 -40.817871 20231.824951 17815.241699 1167.618408 12374.644775 27.862549 29.309082 21169.16748 18649.187012 2104.960938 13208.590088 45.654297 1.619873 23222.487793 18112.559814 4158.28125 12671.962891 -39.785156 -34.98291 11294.665527 18449.370117 -7769.541016 13008.773193 139.450684 -147.636719 10583.566895 18611.199951 -8480.639648 13170.603027 152.561035 -84.975586 10849.455566 18444.077148 -8214.750977 13003.480225 -296.45752 -169.359131
22323.535156 9678.549194 3263.665771 4262.81311 -1.264648 2.080688 16362.498779 9407.380371 -2697.370605 3991.644287 -41.417236 16.384277 22992.502441 13948.128662 3932.633057 8532.392578 1.972656 -16.19751 14930.970459 14209.858398 -4128.898926 8794.122314 -38.078613 82.105713 22161.357422 16163.477783 3101.488037 10747.741699 16.435547 -29.013672 12304.425049 16765.853271 -6755.444336 11350.117188 -59.995117 -1.287842 20177.393799 17859.278564 1117.524414 12443.54248 -54.431152 44.036865 21194.741211 18646.759033 2134.871826 13231.022949 25.57373 -2.427979 23222.617188 18099.713135 4162.747803 12683.977051 0.129395 -12.84668 11369.110107 18464.562988 -7690.759277 13048.826904 74.44458 15.192871 10708.704834 18663.029785 -8351.164551 13247.293701 125.137939 51.829834 10534.077148 18432.713623 -8525.792236 13016.977539 -315.378418 -11.363525
22317.827148 9661.289673 3288.121338 4238.734741 -5.708008 -17.259521 16409.678955 9381.478882 -2620.026855 3958.92395 47.180176 -25.901489 22995.725098 13989.6521 3966.019287 8567.097168 3.222656 41.523438 14987.929688 14071.179199 -4041.776123 8648.624268 56.959229 -138.679199 22165.500488 16206.363525 3135.794678 10783.808594 4.143066 42.885742 12350.008545 16785.026855 -6679.697266 11362.471924 45.583496 19.173584 20213.583984 17894.975586 1183.878174 12472.420654 36.190186 35.697021 21170.083008 18666.78833 2140.377197 13244.233398 -24.658203 20.029297 23324.128418 18180.667725 4294.422607 12758.112793 101.51123 80.95459 11014.375 18550.040283 -8015.330811 13127.485352 -354.735107 85.477295 10367.120361 18633.892822 -8662.585449 13211.337891 -341.584473 -29.136963 11332.823486 18582.13501 -7696.882324 13159.580078 798.746338 149.421387
22331.872559 9667.542725 3288.261719 4252.721558 14.04541 6.253052 16399.060059 9390.298462 -2644.550781 3975.477295 -10.618896 8.81958 23001.38916 13899.75708 3957.77832 8484.935913 5.664062 -89.89502 15028.657227 14006.551514 -4014.953613 8591.730347 40.727539 -64.627686 22151.689453 16229.069824 3108.078613 10814.248657 -13.811035 22.706299 12451.398926 16704.061279 -6592.211914 11289.240112 101.390381 -80.965576 20225.72998 17867.354736 1182.119141 12452.533569 12.145996 -27.62085 21198.334961 18650.744629 2154.724121 13235.923462 28.251953 -16.043701 23336.271973 18166.77002 4292.661133 12751.948853 12.143555 -13.897705 11259.310303 18551.82251 -7784.300537 13137.001343 244.935303 1.782227 10493.782959 18663.411865 -8549.827881 13248.590698 126.662598 29.519043 11024.002686 18500.991211 -8019.608154 13086.170044 -308.820801 -81.143799
22324.379883 9676.14624 3289.887695 4224.920654 -7.492676 8.603516 16360.22583 9408.748779 -2674.266357 3957.523193 -38.834229 18.450317 22995.126953 13899.122314 3960.634766 8447.896729 -6.262207 -0.634766 14910.083008 14128.179932 -4124.40918 8676.954346 -118.574219 121.628418 22153.356934 16237.600098 3118.864746 10786.374512 1.66748 8.530273 12338.720703 16790.762939 -6695.771484 11339.537354 -112.678223 86.70166 20195.775146 17820.756836 1161.282959 12369.53125 -29.954834 -46.5979 21177.145996 18658.591309 2142.653809 13207.365723 -21.188965 7.84668 23344.858398 18208.590088 4310.366211 12757.364502 8.586426 41.820068 11626.77002 18422.307129 -7407.722168 12971.081543 367.459717 -129.515381 10663.980713 18718.425293 -8370.511475 13267.199707 170.197754 55.013428 10329.230957 18424.584961 -8705.26123 12973.359375 -694.771729 -76.40625
22300.913086 9676.612549 3257.849121 4237.849731 -23.466797 0.466309 16379.94873 9397.120361 -2663.115234 3958.357544 19.7229 -11.628418 22997.043457 14013.643799 3953.979492 8574.880981 1.916504 114.521484 14903.139648 14121.987305 -4139.924316 8683.224487 -6.943359 -6.192627 22139.753418 16242.409668 3096.689453 10803.646851 -13.603516 4.80957 12457.416992 16778.894043 -6585.646973 11340.131226 118.696289 -11.868896 20217.327881 17793.19458 1174.263916 12354.431763 21.552734 -27.562256 21125.842285 18599.713135 2082.77832 13160.950317 -51.303711 -58.878174 23233.278809 18203.95874 4190.214844 12765.195923 -111.57959 -4.631348 11314.75708 18627.247314 -7728.306885 13188.484497 -312.012939 204.940186 10506.846924 18711.586914 -8536.217041 13272.824097 -157.133789 -6.838379 10966.766357 18608.129883 -8076.297607 13169.367065 637.5354 183.544922
22312.29248 9651.845093 3278.614502 4219.451904 11.379395 -24.767456 16358.737793 9381.812134 -2674.940186 3949.418945 -21.210938 -15.308228 22983.688965 13959.830322 3950.010986 8527.437134 -13.354492 -53.813477 15005.841064 14025.997314 -4027.836914 8593.604126 102.701416 -95.98999 22155.52002 16195.804443 3121.842041 10763.411255 15.766602 -46.605225 12447.015381 16734.891357 -6586.662598 11302.498169 -10.401611 -44.002686 20289.641113 17843.919678 1255.963135 12411.526489 72.313232 50.725098 21216.611328 18648.065186 2182.93335 13215.671997 90.769043 48.352051 23236.23291 18129.544678 4202.554932 12697.151489 2.954102 -74.414062 11212.839355 18423.536377 -7820.838623 12991.143188 -101.917725 -203.710938 10426.531982 18528.179932 -8607.145996 13095.786743 -80.314941 -183.406982 11285.731201 18394.182129 -7747.946777 12961.78894 318.964844 -213.947754
22305.510254 9665.316162 3243.496094 4168.230591 -6.782227 13.471069 16400.015869 9388.222656 -2661.998291 3891.137085 41.278076 6.410522 22985.048828 13903.708496 3923.034668 8406.622925 1.359863 -56.121826 15018.557129 14074.744873 -4043.457031 8577.659302 12.716064 48.747559 22163.652344 16229.790039 3101.638184 10732.704468 8.132324 33.985596 12437.70874 16728.475342 -6624.30542 11231.389771 -9.306641 -6.416016 20232.091064 17887.540283 1170.076904 12390.454712 -57.550049 43.620605 21236.132812 18619.161377 2174.118652 13122.075806 19.521484 -28.903809 23334.02832 18177.314453 4272.01416 12680.228882 97.79541 47.769775 11314.249268 18503.657227 -7747.764893 13006.571655 101.409912 80.12085 10478.513184 18662.436523 -8583.500977 13165.350952 51.981201 134.256592 11438.140869 18517.398682 -7623.873291 13020.31311 152.409668 123.216553
22300.625 9665.611572 3292.381592 4226.89209 -4.885254 0.29541 16373.776855 9416.727905 -2634.466553 3978.008423 -26.239014 28.505249 22991.320801 13892.038574 3983.077393 8453.319092 6.271973 -11.669922 15008.880615 14065.717773 -3999.362793 8626.998291 -9.676514 -9.0271 22165.593262 16228.562012 3157.349854 10789.842529 1.940918 -1.228027 12437.458496 16750.935059 -6570.784912 11312.215576 -0.250244 22.459717 20214.553223 17855.297852 1206.309814 12416.578369 -17.537842 -32.242432 21171.938477 18613.608398 2163.695068 13174.888916 -64.194336 -5.552979 23327.922363 18162.982178 4319.678955 12724.262695 -6.105957 -14.332275 11165.804443 18610.239258 -7842.438965 13171.519775 -148.444824 106.582031 10473.35083 18638.29834 -8534.892578 13199.578857 -5.162354 -24.138184 10829.261475 18503.64502 -8178.981934 13064.925537 -608.879395 -13.753662
22304.143066 9647.513428 3263.387451 4230.031128 3.518066 -18.098145 16367.116699 9395.924072 -2673.638916 3978.441772 -6.660156 -20.803833 22973.359375 13909.550781 3932.60376 8492.068481 -17.961426 17.512207 15005.026855 14073.38501 -4035.72876 8655.90271 -3.85376 7.667236 22149.777832 16189.046631 3109.022217 10771.564331 -15.81543 -39.515381 12451.737061 16745.755615 -6589.018555 11328.273315 14.278564 -5.179443 20233.009033 17797.896729 1192.253418 12380.414429 18.455811 -57.401123 21182.453613 18643.364258 2141.697998 13225.881958 10.515137 29.755859 23236.569824 18131.71875 4195.814209 12714.23645 -91.352539 -31.263428 11153.890381 18495.440674 -7886.865234 13077.958374 -11.914062 -114.798584 10429.326172 18541.199951 -8611.429443 13123.717651 -44.024658 -97.098389 11181.112061 18430.357666 -7859.643555 13012.875366 351.850586 -73.287354
22311.77002 9706.080933 3317.467041 4260.223999 7.626953 58.567505 16350.223389 9420.149536 -2644.07959 3974.292603 -16.893311 24.225464 22995.305176 14023.052979 4001.002197 8577.196045 21.945801 113.502197 14874.993896 14234.522705 -4119.309082 8788.665771 -130.032959 161.137695 22159.11377 16215.290527 3164.810791 10769.433594 9.335938 26.243896 12398.580322 16813.592529 -6595.722656 11367.735596 -53.156738 67.836914 20251.009521 17797.747803 1256.706543 12351.890869 18.000488 -0.148926 21190.34668 18649.776611 2196.043701 13203.919678 7.893066 6.412354 23210.817871 18129.295654 4216.514893 12683.438721 -25.751953 -2.423096 11445.657959 18438.109131 -7548.64502 12992.252197 291.767578 -57.331543 10673.582764 18684.403076 -8320.720215 13238.546143 244.256592 143.203125 11061.77002 18464.403076 -7932.532959 13018.546143 -119.342041 34.04541
22312.912598 9672.250977 3284.719238 4210.582886 1.142578 -33.829956 16386.252441 9396.988525 -2641.940918 3935.320435 36.029053 -23.161011 23009.848633 13926.462402 3981.655273 8464.794312 14.543457 -96.590576 14984.703369 14071.733398 -4043.48999 8610.065308 109.709473 -162.789307 22152.22168 16230.421143 3124.02832 10768.753052 -6.89209 15.130615 12339.370117 16784.432373 -6688.823242 11322.764282 -59.210205 -29.160156 20195.501709 17858.354492 1167.30835 12396.686401 -55.507812 60.606689 21182.927246 18633.270264 2154.733887 13171.602173 -7.419434 -16.506348 23305.029297 18159.107666 4276.835938 12697.439575 94.211426 29.812012 11018.38501 18556.431885 -8009.80835 13094.763794 -427.272949 118.322754 10422.698975 18642.431641 -8605.494385 13180.76355 -250.883789 -41.971436 11296.894531 18527.574463 -7731.298828 13065.906372 235.124512 63.171387
22325.114746 9665.402222 3327.255859 4242.327881 12.202148 -6.848755 16369.528809 9406.740112 -2628.330078 3983.665771 -16.723633 9.751587 22968.015137 13869.281006 3970.15625 8446.206665 -41.833496 -57.181396 14929.678955 14164.760742 -4068.179932 8741.686401 -55.024414 93.027344 22178.017578 16194.671631 3180.158691 10771.59729 25.795898 -35.749512 12277.147217 16806.691895 -6720.71167 11383.617554 -62.2229 22.259521 20164.985352 17825.13916 1167.126465 12402.064819 -30.516357 -33.215332 21148.935547 18646.003418 2151.07666 13222.929077 -33.991699 12.733154 23289.223633 18161.080322 4291.364746 12738.005981 -15.805664 1.972656 11370.655518 18572.125244 -7627.203369 13149.050903 352.270508 15.693359 10512.089844 18735.426025 -8485.769043 13312.351685 89.390869 92.994385 10969.650879 18544.432373 -8028.208008 13121.358032 -327.243652 16.85791
22298.679199 9653.678589 3315.808105 4179.559326 -26.435547 -11.723633 16345.844727 9414.099731 -2637.026367 3939.980469 -23.684082 7.359619 22981.791992 13963.303223 3998.920898 8489.18396 13.776855 94.022217 14996.168213 14144.428711 -3986.702881 8670.309448 66.489258 -20.332031 22132.216797 16231.760254 3149.345703 10757.640991 -45.800781 37.088623 12339.398193 16808.64502 -6643.4729 11334.525757 62.250977 1.953125 20288.262939 17861.94458 1305.391846 12387.825317 123.277588 36.80542 21172.858887 18628.841553 2189.987793 13154.72229 23.92334 -17.161865 23264.731445 18175.583496 4281.860352 12701.464233 -24.492188 14.503174 11184.605713 18627.432861 -7798.265381 13153.313599 -186.049805 55.307617 10383.208008 18646.914062 -8599.663086 13172.7948 -128.881836 -88.511963 10976.196289 18528.924561 -8006.674805 13054.805298 6.54541 -15.507812
22292.114258 9678.110962 3236.101074 4259.155273 -6.564941 24.432373 16374.082031 9417.166138 -2681.931152 3998.210449 28.237305 3.066406 22977.22168 13992.540283 3921.208496 8573.584595 -4.570312 29.237061 14930.477295 14097.382812 -4125.535889 8678.427124 -65.690918 -47.045898 22128.515625 16208.760986 3072.502441 10789.805298 -3.701172 -22.999268 12308.343506 16847.687988 -6747.669678 11428.7323 -31.054688 39.042969 20203.852539 17731.298828 1147.839355 12312.34314 -84.4104 -130.645752 21134.448242 18643.422852 2078.435059 13224.467163 -38.410645 14.581299 23147.565918 18082.840576 4091.552734 12663.884888 -117.165527 -92.74292 11087.689209 18709.688721 -7968.323975 13290.733032 -96.916504 82.255859 10265.178223 18609.743652 -8790.834961 13190.787964 -118.029785 -37.17041 10922.005615 18562.717285 -8134.007568 13143.761597 -54.190674 33.792725
22315.444336 9648.317871 3255.489502 4191.209106 23.330078 -29.793091 16348.452148 9412.405396 -2711.502686 3955.296631 -25.629883 -4.760742 22988.146973 13875.981445 3928.192139 8418.872681 10.925293 -116.558838 14930.408936 14187.548828 -4129.545898 8730.440063 -0.068359 90.166016 22173.662109 16208.374023 3113.707275 10751.265259 45.146484 -0.386963 12287.491455 16842.01416 -6772.463379 11384.905396 -20.852051 -5.673828 20170.803223 17861.102295 1110.848389 12403.99353 -33.049316 129.803467 21203.305664 18661.158447 2143.35083 13204.049683 68.857422 17.735596 23336.384277 18192.028809 4276.429443 12734.920044 188.818359 109.188232 11092.949219 18674.093018 -7967.005615 13216.984253 5.26001 -35.595703 10237.772827 18620.109863 -8822.182007 13163.001099 -27.405396 10.366211 10819.016113 18527.042236 -8240.938721 13069.933472 -102.989502 -35.675049
22306.025391 9689.603271 3270.643311 4267.58667 -9.418945 41.2854 16353.740234 9435.01709 -2681.641846 4013.000488 5.288086 22.611694 22993.823242 13967.335205 3958.441162 8545.318604 5.67627 91.35376 14928.876953 14219.483643 -4106.505127 8797.467041 -1.531982 31.934814 22140.378418 16233.624268 3104.996338 10811.607666 -33.283691 25.250244 12330.848389 16816.418457 -6704.533691 11394.401855 43.356934 -25.595703 20284.351807 17864.780273 1248.969727 12442.763672 113.548584 3.677979 21183.859863 18631.303711 2148.477783 13209.287109 -19.445801 -29.854736 23292.231445 18194.608154 4256.849365 12772.591553 -44.152832 2.579346 10988.552246 18710.893555 -8046.829834 13288.876953 -104.396973 36.800537 10218.109131 18552.398682 -8817.272949 13130.38208 -19.663696 -67.711182 10412.779541 18403.769531 -8622.602539 12981.75293 -406.236572 -123.272705
22300.949707 9685.294189 3225.201416 4239.133911 -5.075684 -4.309082 16364.536133 9446.276855 -2711.212158 4000.116577 10.795898 11.259766 22993.596191 14062.62085 3917.8479 8616.460571 -0.227051 95.285645 14976.429443 14252.974854 -4099.318848 8806.814575 47.55249 33.491211 22126.14502 16214.851074 3050.396729 10768.690796 -14.233398 -18.773193 12343.66333 16804.698486 -6732.084961 11358.538208 12.814941 -11.719971 20214.472656 17787.724609 1138.724365 12341.564331 -69.87915 -77.055664 21165.463867 18613.931885 2089.715576 13167.771606 -18.395996 -17.371826 23206.760254 18153.952637 4131.011963 12707.792358 -85.471191 -40.655518 10978.754883 18652.381592 -8096.993408 13206.221313 -9.797363 -58.511963 10183.027954 18532.46582 -8892.720337 13086.305542 -35.081177 -19.932861 10258.306885 18330.429688 -8817.441406 12884.269409 -154.472656 -73.339844
22337.990723 9689.724731 3292.310791 4230.570068 37.041016 4.430542 16353.065186 9450.943604 -2692.614746 3991.78894 -11.470947 4.666748 22966.630859 14026.900635 3920.950928 8567.745972 -26.965332 -35.720215 15090.223389 14201.436768 -3955.456543 8742.282104 113.793945 -51.538086 22107.316895 16264.572754 3061.636963 10805.418091 -18.828125 49.72168 12475.474854 16636.016846 -6570.205078 11176.862183 131.811523 -168.681641 20326.213379 17955.563965 1280.533447 12496.409302 111.740723 167.839355 21194.729004 18632.626953 2149.049072 13173.47229 29.265137 18.695068 23307.63916 18179.571533 4261.959229 12720.41687 100.878906 25.618896 11390.238037 18235.125732 -7655.441895 12775.971069 411.483154 -417.255859 10344.921875 18302.213135 -8700.758057 12843.058472 161.893921 -230.252686 10331.539307 18129.591064 -8714.140625 12670.436401 73.232422 -200.838623
22287.37793 9695.738525 3265.893555 4249.196167 -50.612793 6.013794 16347.382812 9445.282593 -2674.101562 3998.740234 -5.682373 -5.661011 22975.595703 14067.069092 3954.111328 8620.526733 8.964844 40.168457 15088.218994 14182.493896 -3933.265381 8735.951538 -2.004395 -18.942871 22154.572754 16217.271729 3133.088379 10770.72937 47.255859 -47.301025 12566.697998 16605.153809 -6454.786377 11158.61145 91.223145 -30.863037 20243.087158 17798.575439 1221.602783 12352.033081 -83.126221 -156.988525 21154.277344 18653.973389 2132.792969 13207.43103 -40.45166 21.346436 23172.841797 18113.995361 4151.357422 12667.453003 -134.797363 -65.576172 11146.069336 18593.260498 -7875.415039 13146.71814 -244.168701 358.134766 10415.308838 18438.570557 -8606.175537 12992.028198 70.386963 136.357422 10218.287964 18121.965332 -8803.196411 12675.422974 -113.251343 -7.625732
22303.886719 9665.92041 3261.975098 4231.625977 16.508789 -29.818115 16354.677734 9409.872437 -2687.233887 3975.578003 7.294922 -35.410156 22949.82666 14001.141357 3907.915039 8566.846924 -25.769043 -65.927734 15141.589355 14219.975586 -3900.322266 8785.681152 53.370361 37.481689 22166.225586 16205.057373 3124.313965 10770.762939 11.652832 -12.214355 12704.943848 16546.455078 -6336.967773 11112.160645 138.24585 -58.69873 20203.017578 17857.376709 1161.105957 12423.082275 -40.06958 58.80127 21152.988281 18602.44873 2111.07666 13168.154297 -1.289062 -51.524658 23242.727051 18190.671387 4200.81543 12756.376953 69.885254 76.676025 11426.228027 18349.849854 -7615.683594 12915.55542 280.158691 -243.410645 10648.862305 18428.210449 -8393.049316 12993.916016 233.553467 -10.360107 10362.056885 18163.948975 -8679.854736 12729.654541 143.768921 41.983643
22300.043945 9683.531494 3251.888428 4252.609863 -3.842773 17.611084 16358.814697 9407.962036 -2689.34082 3977.040405 4.136963 -1.9104 22990.74707 14042.678223 3942.591553 8611.756592 40.92041 41.536865 15164.777832 14297.421875 -3883.377686 8866.500244 23.188477 77.446289 22191.225586 16216.894531 3143.070068 10785.9729 25.0 11.837158 12921.795654 16496.203613 -6126.359863 11065.281982 216.851807 -50.251465 20242.224121 17845.057373 1194.068604 12414.135742 39.206543 -12.319336 21193.75 18622.318115 2145.594482 13191.396484 40.761719 19.869385 23185.637207 18126.888428 4137.481689 12695.966797 -57.089844 -63.782959 12035.476074 17908.591309 -7012.679443 12477.669678 609.248047 -441.258545 10901.011963 18254.941406 -8147.143555 12824.019775 252.149658 -173.269043 10482.658691 18013.442383 -8565.496826 12582.520752 120.601807 -150.506592
22311.811523 9697.514648 3270.196533 4232.884521 11.767578 13.983154 16336.555176 9421.593628 -2705.059814 3956.963501 -22.259521 13.631592 22970.114746 14052.467041 3928.499756 8587.836914 -20.632324 9.788818 15312.625732 13993.917236 -3728.989258 8529.287109 147.8479 -303.504639 22198.522949 16252.01416 3156.907959 10787.384033 7.297363 35.119629 13203.620605 16364.249268 -5837.994385 10899.619141 281.824951 -131.954346 20250.187988 17893.28125 1208.572998 12428.651123 7.963867 48.223877 21175.974121 18591.766357 2134.359131 13127.13623 -17.775879 -30.551758 23276.882324 18084.197998 4235.267334 12619.567871 91.245117 -42.69043 12277.553711 17872.437744 -6764.061279 12407.807617 242.077637 -36.153564 11267.270508 18280.600586 -7774.344482 12815.970459 366.258545 25.65918 11127.06543 18062.028809 -7914.549561 12597.398682 644.406738 48.586426
22274.567871 9661.868286 3194.931641 4200.067749 -37.243652 -35.646362 16345.805664 9429.071655 -2733.830566 3967.271118 9.250488 7.478027 23000.541992 14068.262939 3920.905762 8606.462402 30.427246 15.795898 15329.074707 14016.715088 -3750.561523 8554.914551 16.448975 22.797852 22175.668945 16252.503662 3096.032715 10790.703125 -22.854004 0.489502 13538.599854 16262.655029 -5541.036377 10800.854492 334.979248 -101.594238 20258.974609 17863.33374 1179.338379 12401.533203 8.786621 -29.94751 21052.705078 18615.036621 1973.068848 13153.236084 -123.269043 23.270264 23289.726562 18165.826416 4210.090332 12704.025879 12.844238 81.628418 12692.850342 17676.92627 -6386.785889 12215.125732 415.296631 -195.511475 11620.216064 18030.343018 -7459.420166 12568.54248 352.945557 -250.257568 11550.775146 17816.787109 -7528.861084 12354.986572 423.709717 -245.241699
22331.591797 9665.411987 3229.645996 4213.549194 57.023926 3.543701 16291.256104 9457.555542 -2810.689697 4005.692749 -54.549561 28.483887 22985.893555 14120.229492 3883.947754 8668.366699 -14.648438 51.966553 15302.011719 13887.91748 -3799.934082 8436.054688 -27.062988 -128.797607 22203.225098 16333.416748 3101.279297 10881.553955 27.556152 80.913086 13868.455811 16015.108643 -5233.48999 10563.24585 329.855957 -247.546387 20205.487061 17834.716797 1103.54126 12382.854004 -53.487549 -28.616943 21127.119141 18547.7771 2025.17334 13095.914307 74.414062 -67.259521 23191.108398 18146.281738 4089.162598 12694.418945 -98.618164 -19.544678 13355.291748 17554.212646 -5746.654053 12102.349854 662.441406 -122.713623 12057.574463 17972.320557 -7044.371338 12520.457764 437.358398 -58.022461 11928.553467 17795.013428 -7173.392334 12343.150635 377.77832 -21.773682
22345.563965 9665.59021 3295.303955 4203.779907 13.972168 0.178223 16334.234619 9465.162354 -2716.025391 4003.352051 42.978516 7.606812 23061.82373 14113.885498 4011.563721 8652.075195 75.930176 -6.343994 15398.555908 13715.640869 -3651.704102 8253.830566 96.544189 -172.276611 22181.591797 16364.644775 3131.331787 10902.834473 -21.633301 31.228027 14067.097168 15768.345947 -4983.162842 10306.535645 198.641357 -246.762695 20288.879395 18007.523193 1238.619385 12545.712891 83.392334 172.806396 21253.112793 18648.040771 2202.852783 13186.230469 125.993652 100.263672 23209.006348 18136.777344 4158.746338 12674.967041 17.897949 -9.504395 13792.397461 17154.776611 -5257.862549 11692.966309 437.105713 -399.436035 12622.818604 17918.095703 -6427.441406 12456.2854 565.244141 -54.224854 12663.446045 17736.187744 -6386.813965 12274.377441 734.892578 -58.825684
22347.216797 9656.646729 3211.072998 4218.485718 1.652832 -8.943481 16356.196289 9444.127808 -2779.94751 4005.966797 21.96167 -21.034546 22984.865723 14106.591797 3848.721924 8668.430786 -76.958008 -7.293701 15436.11084 13651.575928 -3700.032959 8213.414917 37.554932 -64.064941 22132.028809 16328.775635 2995.88501 10890.614624 -49.562988 -35.869141 14282.403564 15482.332764 -4853.740234 10044.171753 215.306396 -286.013184 20380.640869 17960.418701 1244.49707 12522.25769 91.761475 -47.104492 21197.080078 18740.717773 2060.936279 13302.556763 -56.032715 92.677002 23124.487305 18126.473389 3988.343506 12688.312378 -84.519043 -10.303955 14095.878906 16686.329346 -5040.264893 11248.168335 303.481445 -468.447266 13651.378174 17660.437012 -5484.765625 12222.276001 1028.55957 -257.658691 13690.164795 17637.050781 -5445.979004 12198.889771 1026.71875 -99.136963
22296.694336 9695.872192 3152.943115 4255.880737 -50.522461 39.225464 16325.028076 9459.292603 -2818.723145 4019.301147 -31.168213 15.164795 22983.759766 14071.657715 3840.008545 8631.66626 -1.105957 -34.934082 15515.445557 13417.819824 -3628.305664 7977.828369 79.334717 -233.756104 22198.57666 16322.972412 3054.825439 10882.980957 66.547852 -5.803223 14658.220215 15002.194824 -4485.531006 9562.203369 375.81665 -480.137939 20257.734375 17957.270508 1113.983154 12517.279053 -122.906494 -3.148193 21253.798828 18649.539795 2110.047607 13209.54834 56.71875 -91.177979 23338.532715 18197.406006 4194.781494 12757.414551 214.04541 70.932617 14746.390381 16255.634766 -4397.36084 10815.643311 650.511475 -430.69458 14433.734131 16894.848633 -4710.01709 11454.857178 782.355957 -765.588379 14216.533203 16826.176758 -4927.218018 11386.185303 526.368408 -810.874023
22309.077148 9671.416626 3178.443604 4246.12915 12.382812 -24.455566 16364.050293 9468.034668 -2766.583252 4042.747192 39.022217 8.742065 22956.97998 14103.826904 3826.346436 8678.539429 -26.779785 32.169189 15524.337158 13360.297852 -3606.296387 7935.010376 8.891602 -57.521973 22177.902832 16349.914551 3047.269287 10924.627075 -20.673828 26.942139 14955.396729 14950.355225 -4175.236816 9525.067749 297.176514 -51.8396 20266.00708 17911.097412 1135.373535 12485.809937 8.272705 -46.173096 21168.40332 18703.123779 2037.769775 13277.836304 -85.395508 53.583984 23317.680664 18162.017822 4187.047119 12736.730347 -20.852051 -35.388184 16003.62915 14738.735352 -3127.004395 9313.447876 1257.23877 -1516.899414 15791.523438 15515.217285 -3339.110107 10089.92981 1357.789307 -1379.631348 15697.022705 15924.116211 -3433.61084 10498.828735 1480.489502 -902.060547
22333.637695 9675.681763 3225.239258 4240.13855 24.560547 4.265137 16371.158447 9439.412231 -2737.23999 4003.869019 7.108154 -28.622437 23016.30127 14007.745361 3907.902832 8572.202148 59.321289 -96.081543 14877.252197 14247.281494 -4231.14624 8811.738281 -647.084961 886.983643 22227.521973 16362.133789 3119.123535 10926.590576 49.619141 12.219238 16001.650391 14624.572754 -3106.748047 9189.029541 1046.253662 -325.782471 20336.572266 17888.651123 1228.173828 12453.10791 70.565186 -22.446289 21192.416992 18574.573975 2084.018555 13139.030762 24.013672 -128.549805 23340.422363 18213.070068 4232.023926 12777.526855 22.741699 51.052246 16825.045166 13289.888916 -2283.353271 7854.345703 821.416016 -1448.846436 17316.799316 13645.562744 -1791.599121 8210.019531 1525.275879 -1869.654541 17232.076416 15428.326416 -1876.322021 9992.783203 1535.053711 -495.789795
22303.701172 9684.411621 3195.55542 4258.101196 -29.936523 8.729858 16336.070557 9438.83606 -2772.075195 4012.525635 -35.087891 -0.576172 23034.970703 14089.200439 3926.824951 8662.890015 18.669434 81.455078 14804.368896 14374.681396 -4303.776855 8948.370972 -72.883301 127.399902 22196.767578 16383.579102 3088.621826 10957.268677 -30.754395 21.445312 16165.587158 13920.570068 -2942.558594 8494.259644 163.936768 -704.002686 20316.275635 17941.998291 1208.129883 12515.687866 -20.296631 53.347168 21176.879883 18587.987061 2068.734131 13161.676636 -15.537109 13.413086 23361.894531 18195.48584 4253.748779 12769.175415 21.472168 -17.584229 17225.634766 12381.552734 -1882.510986 6955.24231 400.5896 -908.336182 17592.749023 13257.178955 -1515.396729 7830.86853 275.949707 -388.383789 18059.715576 14606.937256 -1048.430176 9180.626831 827.63916 -821.38916
22328.525391 9715.256958 3200.456543 4227.205811 24.824219 30.845337 16336.960449 9435.378418 -2791.108398 3947.327271 0.889893 -3.457642 23001.26709 14064.298096 3873.198242 8576.246948 -33.703613 -24.902344 14945.19165 14272.414551 -4182.877197 8784.363403 140.822754 -102.266846 22187.890625 16424.108887 3059.821777 10936.057739 -8.876953 40.529785 16482.591553 13398.690186 -2645.477295 7910.639038 317.004395 -521.879883 20277.235107 17962.155762 1149.16626 12474.104614 -39.040527 20.157471 21154.794922 18642.82959 2026.726074 13154.778442 -22.084961 54.842529 23357.883301 18214.400635 4229.814453 12726.349487 -4.01123 18.914795 17658.455811 11673.227539 -1469.613037 6185.176392 432.821045 -708.325195 18571.260986 12216.879883 -556.807861 6728.828735 978.511963 -1040.299072 18883.424072 12858.118896 -244.644775 7370.067749 823.708496 -1748.818359
22320.805664 9702.652588 3183.905029 4197.652588 -7.719727 -12.60437 16421.364746 9413.345947 -2715.535889 3908.345947 84.404297 -22.032471 22973.205566 14076.491699 3836.304932 8571.491699 -28.061523 12.193604 14999.034424 14158.056641 -4137.866211 8653.056641 53.842773 -114.35791 22187.102051 16433.920898 3050.201416 10928.920898 -0.788574 9.812012 16682.209473 13180.064697 -2454.691162 7675.064697 199.61792 -218.625488 20313.063965 17944.663086 1176.16333 12439.663086 35.828857 -17.492676 21182.602539 18592.456055 2045.701904 13087.456055 27.807617 -50.373535 23338.034668 18233.792725 4201.134033 12728.792725 -19.848633 19.39209 17632.436523 11240.281982 -1504.464111 5735.281982 -26.019287 -432.945557 19420.899658 11499.744873 283.999023 5994.744873 849.638672 -717.13501 19840.419922 12927.76001 703.519287 7422.76001 956.99585 69.641113
22307.250977 9661.618042 3179.816895 4165.975952 -13.554688 -41.034546 16432.019043 9378.283691 -2695.415039 3882.641602 10.654297 -35.062256 22957.145996 14080.258789 3829.711914 8584.616699 -16.05957 3.76709 14992.615967 13918.708496 -4134.818115 8423.066406 -6.418457 -239.348145 22176.669922 16368.032227 3049.23584 10872.390137 -10.432129 -65.888672 16925.496826 12998.780518 -2201.937256 7503.138428 243.287354 -181.28418 20261.286621 17932.625732 1133.852539 12436.983643 -51.777344 -12.037354 21194.902344 18746.004639 2067.468262 13250.362549 12.299805 153.548584 23293.613281 18166.685791 4166.179199 12671.043701 -44.421387 -67.106934 17639.599609 10983.129883 -1487.834473 5487.487793 7.163086 -257.1521 20021.083984 11313.55835 893.649902 5817.91626 600.184326 -186.186523 19885.925293 13187.93457 758.491211 7692.29248 45.505371 260.174561
22320.161133 9663.203735 3195.85083 4176.943359 12.910156 1.585693 16466.867676 9388.209839 -2657.442627 3901.949463 34.848633 9.926147 22944.265137 14079.058838 3819.954834 8592.798462 -12.880859 -1.199951 14920.43457 13982.003174 -4203.875732 8495.742798 -72.181396 63.294678 22174.707031 16350.490723 3050.396729 10864.230347 -1.962891 -17.541504 17232.44873 12689.663086 -1891.861572 7203.40271 306.951904 -309.117432 20266.71875 17947.76001 1142.408447 12461.499634 5.432129 15.134277 21183.549805 18690.936279 2059.239502 13204.675903 -11.352539 -55.068359 23297.648926 18113.835449 4173.338623 12627.575073 4.035645 -52.850342 18280.567627 10969.864502 -843.742676 5483.604126 640.968018 -13.265381 20248.198242 11412.711182 1123.887939 5926.450806 227.114258 99.152832 19834.511719 13220.600586 710.201416 7734.34021 -51.413574 32.666016
22319.54834 9655.150757 3181.646729 4233.38623 -0.612793 -8.052979 16374.545898 9394.729614 -2763.355713 3972.965088 -92.321777 6.519775 22972.416992 14106.732178 3834.515381 8684.967651 28.151855 27.67334 14886.351318 13903.326416 -4251.550293 8481.56189 -34.083252 -78.676758 22184.802246 16354.665527 3046.900635 10932.901001 10.095215 4.174805 17434.464111 12492.623291 -1703.4375 7070.858765 202.015381 -197.039795 20243.969727 17940.537109 1106.068115 12518.772583 -22.749023 -7.2229 21212.98584 18716.247559 2075.084229 13294.483032 29.436035 25.311279 23313.00293 18161.878662 4175.101318 12740.114136 15.354004 48.043213 18912.113037 10781.610107 -225.788574 5359.845581 631.54541 -188.254395 20122.042236 11144.406738 984.140625 5722.642212 -126.156006 -268.304443 19860.880127 12777.695312 722.978516 7355.930786 26.368408 -442.905273
22330.26123 9687.224121 3166.835938 4251.75415 10.712891 32.073364 16342.706299 9425.470581 -2820.718994 3990.00061 -31.8396 30.740967 22949.689941 14072.076416 3786.264648 8636.606445 -22.727051 -34.655762 14853.94043 13865.296631 -4309.484863 8429.82666 -32.410889 -38.029785 22202.48291 16348.80127 3039.057617 10913.331299 17.680664 -5.864258 17558.928223 12418.85376 -1604.49707 6983.383789 124.464111 -73.769531 20250.487061 17934.460449 1087.061768 12498.990479 6.517334 -6.07666 21220.251465 18709.892578 2056.826172 13274.422607 7.265625 -6.35498 23316.940918 18098.725586 4153.515625 12663.255615 3.937988 -63.153076 18965.177002 10690.877686 -198.248291 5255.407715 53.063965 -90.732422 20209.73999 11105.960693 1046.314697 5670.490723 87.697754 -38.446045 20216.201172 12633.460693 1052.775879 7197.990723 355.321045 -144.234619
22335.620117 9672.137451 3154.483643 4292.259521 5.358887 -15.08667 16346.567383 9395.449219 -2834.569092 4015.571289 3.861084 -30.021362 22962.741699 14078.161621 3781.605225 8698.283691 13.051758 6.085205 14910.845947 13896.689453 -4270.290527 8516.811523 56.905518 31.392822 22231.420898 16344.884033 3050.284424 10965.006104 28.937988 -3.917236 17587.91748 12382.050781 -1593.218994 7002.172852 28.989258 -36.802979 20262.77832 17926.043701 1081.641846 12546.165771 12.29126 -8.416748 21258.869629 18676.853027 2077.733154 13296.975098 38.618164 -33.039551 23344.250488 18171.286621 4163.114014 12791.408691 27.30957 72.561035 19640.72876 10744.752197 459.592285 5364.874268 675.551758 53.874512 20322.76001 11209.87915 1141.623535 5830.001221 113.02002 103.918457 20170.402832 12670.172119 989.266357 7290.294189 -45.79834 36.711426
22348.710938 9693.572998 3201.953125 4286.428223 13.09082 21.435547 16371.561279 9407.56958 -2775.196533 4000.424805 24.993896 12.120361 22952.243652 14118.464355 3805.48584 8711.31958 -10.498047 40.302734 14871.811523 13953.184814 -4274.946289 8546.040039 -39.034424 56.495361 22226.435547 16357.435303 3079.677734 10950.290527 -4.985352 12.55127 17614.492188 12384.449463 -1532.265625 6977.304688 26.574707 2.398682 20312.441406 17925.926514 1165.683594 12518.781738 49.663086 -0.117188 21248.62793 18688.973389 2101.870117 13281.828613 -10.241699 12.120361 23334.18457 18142.844238 4187.426758 12735.699463 -10.065918 -28.442383 19436.208496 10915.81665 289.450684 5508.671875 -204.520264 171.064453 20442.193604 11411.369629 1295.435791 6004.224854 119.433594 201.490479 20157.697754 12542.687988 1010.939941 7135.543213 -12.705078 -127.484131
22383.588867 9674.732056 3200.759277 4304.959106 34.87793 -18.840942 16386.66626 9373.826904 -2796.16333 4004.053955 15.10498 -33.742676 22975.9375 14129.370117 3793.10791 8759.597168 23.693848 10.905762 14864.573975 13973.891602 -4318.255615 8604.118652 -7.237549 20.706787 22214.082031 16404.605713 3031.252441 11034.832764 -12.353516 47.17041 17483.242188 12435.2771 -1699.587402 7065.50415 -131.25 50.827637 20348.956299 17897.758789 1166.126709 12527.98584 36.514893 -28.167725 21288.024902 18629.063721 2105.195312 13259.290771 39.396973 -59.909668 23335.349121 18128.885498 4152.519531 12759.112549 1.164551 -13.95874 19321.274414 10835.982666 138.444824 5466.209717 -114.934082 -79.833984 20441.290283 11416.365967 1258.460693 6046.593018 -0.90332 4.996338 20125.438232 12267.713623 942.608643 6897.940674 -32.259521 -274.974365
22362.663574 9648.68103 3180.322266 4277.207642 -20.925293 -26.051025 16391.925049 9385.645752 -2790.41626 4014.172363 5.258789 11.818848 22996.474609 14116.618652 3814.133301 8745.145264 20.537109 -12.751465 14924.940186 13986.361084 -4257.401123 8614.887695 60.366211 12.469482 22240.092773 16373.640137 3057.751465 11002.166748 26.010742 -30.965576 17512.452393 12388.62915 -1669.888916 7017.155762 29.210205 -46.647949 20359.067383 17942.79541 1176.726074 12571.322021 10.111084 45.036621 21276.054688 18553.908691 2093.713379 13182.435303 -11.970215 -75.155029 23369.262695 18140.170898 4186.921387 12768.69751 33.913574 11.2854 19300.484619 10794.920654 118.143311 5423.447266 -20.789795 -41.062012 20051.391602 11297.835693 869.050293 5926.362305 -389.898682 -118.530273 20016.558838 12006.612549 834.217529 6635.13916 -108.879395 -261.101074
22402.314453 9696.224365 3225.600586 4262.386475 39.650879 47.543335 16356.553955 9410.686035 -2820.159912 3976.848145 -35.371094 25.040283 22973.317871 14182.437744 3796.604004 8748.599854 -23.156738 65.819092 14945.117188 14054.6875 -4231.59668 8620.849609 20.177002 68.326416 22239.216309 16439.938965 3062.502441 11006.101074 -0.876465 66.298828 17550.482178 12385.05127 -1626.231689 6951.213379 38.029785 -3.577881 20395.263672 17952.828369 1218.549805 12518.990479 36.196289 10.032959 21270.27832 18569.897461 2093.564453 13136.05957 -5.776367 15.98877 23352.282715 18200.828857 4175.568848 12766.990967 -16.97998 60.657959 19363.206787 10893.793945 186.49292 5459.956055 62.722168 98.873291 19802.001953 11179.274902 625.288086 5745.437012 -249.389648 -118.560791 20049.206543 11934.283447 872.492676 6500.445557 32.647705 -72.329102
22367.556152 9725.047607 3146.141357 4330.238647 -34.758301 28.823242 16390.263672 9358.956299 -2831.151123 3964.147339 33.709717 -51.729736 23022.106934 14125.440674 3800.692139 8730.631714 48.789062 -56.99707 15101.236572 14016.646729 -4120.178223 8621.837769 156.119385 -38.040771 22220.463867 16434.299316 2999.049072 11039.490356 -18.752441 -5.639648 17150.262451 12746.652832 -2071.152344 7351.843872 -400.219727 361.601562 20373.707275 17969.532471 1152.29248 12574.723511 -21.556396 16.704102 21197.128906 18530.789795 1975.714111 13135.980835 -73.149414 -39.107666 23329.499512 18163.044434 4108.084717 12768.235474 -22.783203 -37.784424 19446.721191 11241.097412 225.306396 5846.288452 83.514404 347.303467 19696.943359 11306.134033 475.528564 5911.325073 -105.058594 126.859131 19584.587402 12149.245605 363.172607 6754.436646 -464.619141 214.962158
22373.388672 9728.590698 3180.213623 4317.885742 5.83252 3.543091 16404.0625 9337.952881 -2789.112549 3927.247925 13.798828 -21.003418 23017.197266 14102.780762 3824.022217 8692.075806 -4.909668 -22.659912 15198.278809 14139.606934 -3994.89624 8728.901978 97.042236 122.960205 22223.740234 16412.536621 3030.565186 11001.831665 3.276367 -21.762695 16911.18042 13056.480713 -2281.994629 7645.775757 -239.082031 309.827881 20338.621826 17949.310303 1145.446777 12538.605347 -35.085449 -20.222168 21197.897949 18557.259521 2004.7229 13146.554565 0.769043 26.469727 23348.666992 18185.216064 4155.491943 12774.511108 19.16748 22.171631 18945.474854 11581.190186 -247.700195 6170.485229 -501.246338 340.092773 19222.62085 11788.758545 29.445801 6378.053589 -474.32251 482.624512 19189.628906 12451.337891 -3.546143 7040.632935 -394.958496 302.092285
22369.824219 9739.442749 3178.951416 4314.194946 -3.564453 10.852051 16427.318115 9344.257812 -2763.554688 3919.01001 23.255615 6.304932 23021.396484 14114.89502 3830.523682 8689.647217 4.199219 12.114258 15190.245361 13843.66333 -4000.627441 8418.415527 -8.033447 -295.943604 22254.968262 16371.433105 3064.095459 10946.185303 31.228027 -41.103516 16479.234619 13554.510498 -2711.638184 8129.262695 -431.945801 498.029785 20369.106445 17926.21582 1178.233643 12500.968018 30.484619 -23.094482 21223.649902 18548.195801 2032.7771 13122.947998 25.751953 -9.063721 23408.024902 18252.877197 4217.1521 12827.629395 59.35791 67.661133 18532.061768 12651.442871 -658.811035 7226.195068 -413.413086 1070.252686 18966.599121 12961.219482 -224.273682 7535.97168 -256.021729 1172.460938 18272.06665 13668.830566 -918.806152 8243.582764 -917.562256 1217.492676
22400.700684 9742.168579 3220.047607 4313.328857 30.876465 2.72583 16431.463623 9352.819214 -2749.189453 3923.979492 4.145508 8.561401 23029.807129 14167.891846 3849.154053 8739.052124 8.410645 52.996826 15243.198242 13697.141113 -3937.454834 8268.301392 52.952881 -146.522217 22156.574707 16440.71167 2975.921631 11011.871948 -98.393555 69.278564 16190.50415 13853.140869 -2990.148926 8424.301147 -288.730469 298.630371 20210.216064 17950.484619 1029.562988 12521.644897 -158.890381 24.268799 21253.012695 18536.051025 2072.359619 13107.211304 29.362793 -12.144775 23415.605469 18293.742676 4234.952393 12864.902954 7.580566 40.865479 18613.481445 13359.689941 -567.171631 7930.85022 81.419678 708.24707 18433.320312 13523.043213 -747.332764 8094.203491 -533.278809 561.82373 17552.835693 14419.781494 -1627.817383 8990.941772 -719.230957 750.950928
22411.049805 9718.748779 3247.392578 4276.248779 10.349121 -23.4198 16407.976074 9362.825317 -2755.681152 3920.325317 -23.487549 10.006104 23041.464844 14158.852539 3877.807617 8716.352539 11.657715 -9.039307 15220.805664 13832.877197 -3942.851562 8390.377197 -22.392578 135.736084 22156.181641 16422.711182 2992.524414 10980.211182 -0.393066 -18.000488 16093.416748 13956.608887 -3070.240479 8514.108887 -97.087402 103.468018 20237.463379 17940.655518 1073.806152 12498.155518 27.247314 -9.829102 21250.092773 18556.977539 2086.435547 13114.477539 -2.919922 20.926514 23375.141602 18305.90332 4211.484375 12863.40332 -40.463867 12.160645 18193.310547 13737.718506 -970.34668 8295.218506 -420.170898 378.028564 18226.051025 13777.493896 -937.606201 8334.993896 -207.269287 254.450684 17477.607422 14625.075684 -1686.049805 9182.575684 -75.228271 205.294189
22434.575195 9735.860596 3233.200684 4289.264526 23.525391 17.111816 16443.499756 9381.489868 -2757.874756 3934.893799 35.523682 18.664551 23013.894043 14168.460693 3812.519531 8721.864624 -27.570801 9.608154 15168.077393 13867.678223 -4033.297119 8421.082153 -52.728271 34.801025 22157.038574 16407.475586 2955.664062 10960.879517 0.856934 -15.235596 16091.461182 13989.333496 -3109.91333 8542.737427 -1.955566 32.724609 20254.053955 17920.806885 1052.679443 12474.210815 16.590576 -19.848633 21231.057129 18561.224365 2029.682617 13114.628296 -19.035645 4.246826 23395.095215 18284.661865 4193.720703 12838.065796 19.953613 -21.241455 17978.275146 13743.082275 -1223.099365 8296.486206 -215.0354 5.36377 18153.098145 13837.421875 -1048.276367 8390.825806 -72.952881 59.927979 17560.57373 14675.614014 -1640.800781 9229.017944 82.966309 50.53833
22402.124023 9716.738281 3184.598389 4310.001221 -32.451172 -19.122314 16399.631348 9401.039429 -2817.894287 3994.302368 -43.868408 19.549561 23028.676758 14181.373291 3811.151123 8774.63623 14.782715 12.912598 15203.110352 13706.234131 -4014.415283 8299.49707 35.032959 -161.444092 22149.799805 16414.348145 2932.27417 11007.611084 -7.23877 6.872559 16128.148193 13997.578125 -3089.377441 8590.841064 36.687012 8.244629 20300.922852 17901.673584 1083.397217 12494.936523 46.868896 -19.133301 21250.876465 18564.594727 2033.35083 13157.857666 19.819336 3.370361 23375.979004 18182.462158 4158.453369 12775.725098 -19.116211 -102.199707 18096.019287 13822.27417 -1121.506348 8415.537109 117.744141 79.191895 18149.313965 13881.166992 -1068.21167 8474.429932 -3.78418 43.745117 17499.373779 14744.095459 -1718.151855 9337.358398 -61.199951 68.481445
22422.180176 9720.892334 3229.573975 4350.921021 20.056152 4.154053 16407.160645 9387.798462 -2785.445557 4017.827148 7.529297 -13.240967 23005.319824 14150.435791 3812.713623 8780.464478 -23.356934 -30.9375 15159.229736 13757.91748 -4033.376465 8387.946167 -43.880615 51.68335 22167.714844 16464.006348 2975.108643 11094.035034 17.915039 49.658203 16129.127197 13999.146729 -3063.479004 8629.175415 0.979004 1.568604 20293.62915 17934.884033 1101.022949 12564.91272 -7.293701 33.210449 21273.901367 18537.099609 2081.295166 13167.128296 23.024902 -27.495117 23395.224609 18269.204102 4202.618408 12899.232788 19.245605 86.741943 18167.432861 13907.938232 -1025.17334 8537.966919 71.413574 85.664062 18209.156494 13974.172363 -983.449707 8604.20105 59.842529 93.005371 17498.690186 14826.11084 -1693.916016 9456.139526 -0.683594 82.015381
22431.77002 9710.506592 3218.773193 4265.10376 9.589844 -10.385742 16417.640381 9363.634644 -2795.356445 3918.231812 10.479736 -24.163818 23027.497559 14211.569824 3814.500732 8766.166992 22.177734 61.134033 15204.990234 13753.985596 -4008.006592 8308.582764 45.760498 -3.931885 22164.96582 16434.449463 2951.968994 10989.046631 -2.749023 -29.556885 16221.904297 14005.673828 -2991.092529 8560.270996 92.7771 6.5271 20328.551025 17951.64917 1115.554199 12506.246338 34.921875 16.765137 21328.205566 18614.077148 2115.20874 13168.674316 54.304199 76.977539 23392.597656 18166.896973 4179.60083 12721.494141 -2.626953 -102.307129 18338.69873 13852.666016 -874.298096 8407.263184 171.265869 -55.272217 18332.797852 13939.459229 -880.198975 8494.056396 123.641357 -34.713135 17679.959717 14849.417725 -1533.037109 9404.014893 181.269531 23.306885
22429.753418 9732.020874 3210.960693 4253.952637 -2.016602 21.514282 16434.504395 9384.373169 -2784.28833 3906.304932 16.864014 20.738525 23026.242676 14227.202148 3807.449951 8749.133911 -1.254883 15.632324 15181.733398 13729.790039 -4037.059326 8251.721802 -23.256836 -24.195557 22168.435059 16426.75415 2949.642334 10948.685913 3.469238 -7.695312 16290.141602 13986.087646 -2928.651123 8508.019409 68.237305 -19.586182 20287.910156 17931.099854 1069.117432 12453.031616 -40.640869 -20.549316 21362.900391 18631.433105 2144.107666 13153.364868 34.694824 17.355957 23400.771484 18190.532227 4181.97876 12712.463989 8.173828 23.635254 18482.069092 13744.945068 -736.723633 8266.876831 143.370361 -107.720947 18397.557373 13864.498291 -821.235352 8386.430054 64.759521 -74.960938 17887.169189 14779.321289 -1331.623535 9301.253052 207.209473 -70.096436
22442.282715 9751.688232 3260.062256 4297.687988 12.529297 19.667358 16417.977295 9369.425049 -2764.243164 3915.424805 -16.5271 -14.94812 23063.227539 14147.687988 3881.00708 8693.687744 36.984863 -79.51416 15114.586182 13669.500732 -4067.634277 8215.500488 -67.147217 -60.289307 22257.753906 16443.937988 3075.533447 10989.937744 89.318848 17.183838 16235.640869 13853.743896 -2946.57959 8399.743652 -54.500732 -132.34375 20369.544678 17876.821289 1187.324219 12422.821045 81.634521 -54.278564 21231.018066 18538.137207 2048.797607 13084.136963 -131.882324 -93.295898 23396.123047 18299.498291 4213.902588 12845.498047 -4.648438 108.966064 18388.675537 13438.924561 -793.544922 7984.924316 -93.393555 -306.020508 18379.484863 13693.466797 -802.735596 8239.466553 -18.07251 -171.031494 17975.516357 14636.345215 -1206.704102 9182.344971 88.347168 -142.976074
22381.965332 9689.643555 3176.179199 4256.447144 -60.317383 -62.044678 16445.775146 9386.578979 -2760.010986 3953.382568 27.797852 17.153931 23050.722656 14162.247314 3844.936523 8729.050903 -12.504883 14.559326 14906.008301 14078.900146 -4299.777832 8645.703735 -208.577881 409.399414 22246.623535 16430.772705 3040.837402 10997.576294 -11.130371 -13.165283 16259.448242 13644.730225 -2946.337891 8211.533813 23.807373 -209.013672 20366.988525 17908.747559 1161.202393 12475.551147 -2.556152 31.92627 21240.532227 18531.61377 2034.746094 13098.417358 9.51416 -6.523438 23407.871094 18295.047607 4202.084961 12861.851196 11.748047 -4.450684 18214.642334 13016.678467 -991.143799 7583.482056 -174.033203 -422.246094 18312.133789 13465.88501 -893.652344 8032.688599 -67.351074 -227.581787 18067.032471 14287.362061 -1138.753662 8854.165649 91.516113 -348.983154
22417.192383 9677.406006 3195.587158 4177.607422 35.227051 -12.237549 16479.094238 9343.703613 -2742.510986 3843.905029 33.319092 -42.875366 23036.096191 14132.559814 3814.490967 8632.76123 -14.626465 -29.6875 15097.319336 14606.196289 -4124.285889 9106.397705 191.311035 527.296143 22229.301758 16379.974365 3007.696533 10880.175781 -17.321777 -50.79834 16203.565674 13075.145264 -3018.039551 7575.34668 -55.882568 -569.584961 20336.057129 17957.005615 1114.451904 12457.207031 -30.931396 48.258057 21174.716797 18563.369141 1953.111572 13063.570557 -65.81543 31.755371 23357.023926 18221.977539 4135.418701 12722.178955 -50.847168 -73.070068 17773.615723 11465.34668 -1447.989502 5965.548096 -441.026611 -1551.331787 18022.103271 11883.218994 -1199.501953 6383.42041 -290.030518 -1582.666016 18505.875244 13358.840332 -715.72998 7859.041748 438.842773 -928.521729
22438.862305 9658.041382 3236.265869 4151.659546 21.669922 -19.364624 16506.252441 9272.399292 -2696.343994 3766.017456 27.158203 -71.304321 23046.320801 14105.546875 3843.724365 8599.165039 10.224609 -27.012939 14299.564209 13753.731689 -4903.032227 8247.349854 -797.755127 -852.4646 22211.672363 16445.887451 3009.075928 10939.505615 -17.629395 65.913086 16059.47998 12033.150635 -3143.116455 6526.768799 -144.085693 -1041.994629 20175.545654 17975.372314 972.949219 12468.990479 -160.511475 18.366699 21219.030762 18649.616699 2016.434326 13143.234863 44.313965 86.247559 23314.226074 18251.563721 4111.629639 12745.181885 -42.797852 29.586182 17339.365234 10404.468994 -1863.231201 4898.087158 -434.250488 -1060.877686 18314.378662 11731.369629 -888.217773 6224.987793 292.275391 -151.849365 18499.671631 12420.440674 -702.924805 6914.058838 -6.203613 -938.399658
22448.759766 9673.674316 3241.856689 4163.7854 9.897461 15.632935 16503.050537 9206.859131 -2703.852539 3696.970215 -3.201904 -65.540161 23101.193848 14195.991211 3894.290771 8686.102295 54.873047 90.444336 13720.776367 13022.116699 -5486.126709 7512.227783 -578.787842 -731.61499 22160.029297 16442.17041 2953.126221 10932.281494 -51.643066 -3.717041 15384.44458 11333.499756 -3822.458496 5823.61084 -675.0354 -699.650879 20238.276367 17918.100586 1031.373291 12408.21167 62.730713 -57.271729 21216.567383 18600.915527 2009.664307 13091.026611 -2.463379 -48.701172 23199.389648 18199.492188 3992.486572 12689.603271 -114.836426 -52.071533 17276.340332 9875.292358 -1930.562744 4365.403442 -63.024902 -529.176636 16958.372803 9672.905884 -2248.530273 4163.016968 -1356.005859 -2058.463745 16387.22168 11606.571045 -2819.681396 6096.682129 -2112.449951 -813.869629
22423.686523 9605.700073 3222.303467 3990.117798 -25.073242 -67.974243 16444.0625 9133.804321 -2757.320557 3518.222046 -58.988037 -73.05481 23104.638672 14144.377441 3903.255615 8528.795166 3.444824 -51.61377 13051.190186 12457.062988 -6150.192871 6841.480713 -669.586182 -565.053711 22174.052734 16327.365723 2972.669678 10711.783447 14.023438 -114.804688 15165.791016 10115.149536 -4035.592041 4499.567261 -218.653564 -1218.35022 20334.865723 17956.806641 1133.482666 12341.224365 96.589355 38.706055 21095.483398 18574.676514 1894.100342 12959.094238 -121.083984 -26.239014 23230.078125 18254.589844 4028.695068 12639.007568 30.688477 55.097656 18275.754395 9443.226318 -925.628662 3827.644043 999.414062 -432.06604 18711.872559 9307.110596 -489.510498 3691.52832 1753.499756 -365.795288 18179.904785 10191.340942 -1021.478271 4575.758667 1792.683105 -1415.230103
22409.958496 9640.619507 3253.916016 4036.49231 -13.728027 34.919434 16288.782959 8467.211914 -2867.259521 2863.084717 -155.279541 -666.592407 23101.000977 14063.352051 3944.958496 8459.224854 -3.637695 -81.025391 12673.369141 11474.996338 -6482.67334 5870.869141 -377.821045 -982.06665 22238.305664 16212.420654 3082.263184 10608.293457 64.25293 -114.945068 15270.357666 8778.779907 -3885.684814 3174.65271 104.56665 -1336.369629 20417.045898 17907.10083 1261.003418 12302.973633 82.180176 -49.705811 21113.549805 18599.414062 1957.507324 12995.286865 18.066406 24.737549 23230.646973 18188.843994 4074.604492 12584.716797 0.568848 -65.74585 17520.756836 7381.680908 -1635.285645 1777.553711 -754.997559 -2061.54541 18575.577393 8260.828247 -580.465088 2656.70105 -136.295166 -1046.282349 18231.506348 9570.985718 -924.536133 3966.858521 51.601562 -620.355225
22354.853516 9666.628418 3179.351807 4006.976929 -55.10498 26.008911 16031.876221 9127.330933 -3143.625488 3467.679443 -256.906738 660.119019 23077.98584 14123.40332 3902.484131 8463.751831 -23.015137 60.05127 12429.705811 10553.94165 -6745.795898 4894.290161 -243.66333 -921.054688 22148.286133 16272.982178 2972.784424 10613.330688 -90.019531 60.561523 15422.989502 7651.320801 -3752.512207 1991.669312 152.631836 -1127.459106 20354.202881 17810.571289 1178.701172 12150.9198 -62.843018 -96.529541 21098.510742 18550.599365 1923.009033 12890.947876 -15.039062 -48.814697 23191.962891 18162.478027 4016.461182 12502.826538 -38.684082 -26.365967 18150.474854 7968.55835 -1025.026855 2308.90686 629.718018 586.877441 18692.854004 7257.024536 -482.647705 1597.373047 117.276611 -1003.803711 17648.306885 7124.86145 -1527.194824 1465.209961 -583.199463 -2446.124268
22346.68457 9682.085571 3180.270996 4046.430664 -8.168945 15.457153 15978.394775 8962.336426 -3188.018799 3326.681519 -53.481445 -164.994507 23069.338379 14186.182861 3902.924805 8550.527954 -8.647461 62.779541 12362.297363 9509.711914 -6804.116211 3874.057007 -67.408447 -1044.229736 22207.51709 16259.941406 3041.103516 10624.286499 59.230957 -13.040771 15653.154297 6867.405396 -3513.259277 1231.750488 230.164795 -783.915405 20324.570312 17875.506592 1158.156738 12239.851685 -29.632568 64.935303 21084.714355 18537.996826 1918.300781 12902.341919 -13.796387 -12.602539 23198.903809 18129.056396 4032.490234 12493.401489 6.940918 -33.421631 17935.991211 7991.625977 -1230.422363 2355.971069 -214.483643 23.067627 19289.432373 6795.170898 123.018799 1159.515991 596.578369 -461.853638 17653.978271 5384.367065 -1512.435303 -251.287842 5.671387 -1740.494385
22278.144531 9710.19165 3035.821533 4217.10022 -68.540039 28.106079 16091.835938 8739.441528 -3150.487061 3246.350098 113.441162 -222.894897 23003.679199 14080.540771 3761.356201 8587.449341 -65.65918 -105.64209 12469.967041 8459.741211 -6772.355957 2966.64978 107.669678 -1049.970703 22175.461426 16249.898682 2933.138428 10756.807251 -32.055664 -10.042725 16304.366455 6087.606812 -2937.956543 594.515381 651.212158 -779.798584 20325.091553 17872.780762 1082.768555 12379.689331 0.52124 -2.72583 21021.013184 18519.853516 1778.690186 13026.762085 -63.701172 -18.143311 23100.922852 18150.917969 3858.599854 12657.826538 -97.980957 21.861572 18206.445312 8048.286133 -1035.877686 2555.194702 270.454102 56.660156 19588.908691 6847.027588 346.585693 1353.936157 299.476318 51.856689 18513.735352 5133.73291 -728.587646 -359.358521 859.75708 -250.634155
22219.655762 9738.273926 2736.842041 3784.400024 -58.48877 28.082275 15884.908447 8575.128784 -3597.905273 2621.254883 -206.92749 -164.312744 22948.356934 14091.732178 3465.543213 8137.858276 -55.322266 11.191406 12552.794189 7621.654663 -6930.019531 1667.780762 82.827148 -838.086548 22187.207031 16259.915771 2704.393311 10306.04187 11.745605 10.01709 16426.866455 5581.751709 -3055.947266 -372.122192 122.5 -505.855103 20370.405273 17960.771484 887.591553 12006.897583 45.313721 87.990723 21068.049316 18555.324707 1585.235596 12601.450806 47.036133 35.471191 23101.472168 18187.88208 3618.658447 12234.008179 0.549316 36.964111 18135.771484 7794.333496 -1347.042236 1840.459595 -70.673828 -253.952637 19736.149902 6782.713013 253.336182 828.839111 147.241211 -64.314575 19663.676758 6042.627563 180.863037 88.753662 1149.941406 908.894653
22199.177246 9679.146729 2767.236328 3897.299805 -20.478516 -59.127197 16091.320801 8449.908447 -3340.620117 2668.061523 206.412354 -125.220337 22939.777832 14063.587646 3507.836914 8281.740723 -8.579102 -28.144531 12724.693604 6949.359741 -6707.247314 1167.512817 171.899414 -672.294922 22086.916504 16232.542725 2654.975586 10450.695801 -100.290527 -27.373047 17010.622559 4909.923706 -2421.318359 -871.923218 583.756104 -671.828003 20366.842041 17942.004395 934.901123 12160.157471 -3.563232 -18.76709 21028.76709 18586.143799 1596.826172 12804.296875 -39.282227 30.819092 23088.989258 18168.533936 3657.04834 12386.687012 -12.48291 -19.348145 18085.823975 7046.486816 -1346.116943 1264.639893 -49.94751 -747.84668 19839.387207 6090.85144 407.446289 309.004517 103.237305 -691.861572 19778.013916 5297.113037 346.072998 -484.733887 114.337158 -745.514526
22164.560547 9657.781372 3033.253174 3690.098267 -34.616699 -21.365356 16376.888428 8564.741211 -2754.418945 2597.058105 285.567627 114.832764 22797.79541 14161.18042 3666.488037 8193.497314 -141.982422 97.592773 13028.146973 6576.511841 -6103.1604 608.828735 303.453369 -372.8479 22073.710938 16334.40918 2942.403564 10366.726074 -13.205566 101.866455 17309.075928 4234.963684 -1822.231445 -1732.719421 298.453369 -674.960022 20396.361084 18065.759277 1265.053711 12098.076172 29.519043 123.754883 21077.219238 18600.687256 1945.911865 12633.00415 48.452148 14.543457 23156.416016 18146.35498 4025.108643 12178.671875 67.426758 -22.178955 18882.058105 5964.953613 -249.249268 -2.729492 796.234131 -1081.533203 20149.923096 5123.603516 1018.615723 -844.07959 310.535889 -967.247925 20162.994385 4530.829773 1031.687012 -1436.853333 384.980469 -766.283264
22176.057129 9650.192871 3127.255859 3810.159302 11.496582 -7.588501 16354.705811 8459.168091 -2694.095459 2619.134521 -22.182617 -105.57312 22756.11084 14145.455322 3707.30957 8305.421753 -41.68457 -15.725098 13251.118164 6328.110962 -5797.683105 488.077393 222.971191 -248.400879 22013.251953 16395.722656 2964.450684 10555.689087 -60.458984 61.313477 17083.481445 3577.920227 -1965.319824 -2262.113342 -225.594482 -657.043457 20272.736816 18041.340332 1223.935547 12201.306763 -123.624268 -24.418945 21043.549805 18597.702637 1994.748535 12757.669067 -33.669434 -2.984619 23062.34375 18189.798584 4013.54248 12349.765015 -94.072266 43.443604 19538.087158 3978.421936 489.285889 -1861.611633 656.029053 -1986.531677 20213.414307 4648.573914 1164.613037 -1191.459656 63.491211 -475.029602 20323.249512 3474.263916 1274.448242 -2365.769653 160.255127 -1056.565857
22138.837891 9634.812012 3122.194824 3845.351562 -37.219238 -15.380859 16410.773926 8501.011353 -2605.869141 2711.550903 56.068115 41.843262 22780.9375 14058.878174 3764.294434 8269.417725 24.82666 -86.577148 13395.445557 6148.989258 -5621.19751 359.528809 144.327393 -179.121704 22063.388672 16333.50708 3046.745605 10544.046631 50.136719 -62.215576 17150.206299 3046.262207 -1866.436768 -2743.198242 66.724854 -531.65802 20347.392578 18106.022949 1330.749512 12316.5625 74.655762 64.682617 21018.347168 18680.963135 2001.704102 12891.502686 -25.202637 83.260498 23118.039551 18210.355225 4101.396484 12420.894775 55.695801 20.556641 20459.194336 3245.543823 1442.55127 -2543.916626 921.107178 -732.878113 20597.963867 3754.876404 1581.320801 -2034.584045 384.549561 -893.69751 20553.005371 3806.448059 1536.362305 -1983.01239 229.755859 332.184143
22139.58252 9675.524292 3191.821289 3892.787476 0.744629 40.71228 16484.742432 8508.585205 -2463.018799 2725.848389 73.968506 7.573853 22801.535645 14047.8479 3853.774414 8265.111084 20.598145 -11.030273 13529.813232 6062.915039 -5417.947998 280.178223 134.367676 -86.074219 22087.075195 16329.569092 3139.313965 10546.832275 23.686523 -3.937988 17067.095947 2673.511963 -1880.665283 -3109.224854 -83.110352 -372.750244 20158.03833 17974.383545 1210.2771 12191.646729 -189.354248 -131.639404 20989.267578 18617.307129 2041.506348 12834.570312 -29.07959 -63.656006 23155.571289 18170.554199 4207.810059 12387.817383 37.531738 -39.801025 20002.25708 2420.786438 1054.49585 -3361.950378 -456.937256 -824.757385 20631.618652 2304.768219 1683.857422 -3477.968597 33.654785 -1450.108185 20494.580078 2814.929199 1546.818848 -2967.807617 -58.425293 -991.51886
22129.597168 9640.370483 3141.113281 3853.720093 -9.985352 -35.153809 16529.091797 8548.568726 -2459.39209 2761.918335 44.349365 39.983521 22785.341797 14034.910889 3796.85791 8248.260498 -16.193848 -12.937012 13647.13501 5919.130859 -5341.348877 132.480469 117.321777 -143.78418 22098.251953 16337.539062 3109.768066 10550.888672 11.176758 7.969971 17147.547607 2332.10968 -1840.936279 -3454.54071 80.45166 -341.402283 20185.709229 18024.821777 1197.225342 12238.171387 27.670898 50.438232 21035.996094 18636.651611 2047.512207 12850.001221 46.728516 19.344482 23228.596191 18207.202148 4240.112305 12420.551758 73.024902 36.647949 20009.835205 1616.801147 1021.351318 -4169.849243 7.578125 -803.985291 20209.840088 1458.379364 1221.356201 -4328.271027 -421.778564 -846.388855 20024.484863 1476.950836 1036.000977 -4309.699554 -470.095215 -1337.978363
22153.876953 9700.107422 3155.915527 3933.997803 24.279785 59.736938 16556.011963 8496.538696 -2441.949463 2730.429077 26.920166 -52.030029 22833.879395 14002.784424 3835.917969 8236.674805 48.537598 -32.126465 13693.406982 5892.323608 -5304.554443 126.213989 46.271973 -26.807251 22124.082031 16314.282227 3126.120605 10548.172607 25.830078 -23.256836 16935.321045 2285.558167 -2062.640381 -3480.551453 -212.226562 -46.551514 20145.97168 17957.475586 1148.010254 12191.365967 -39.737549 -67.346191 20945.739746 18535.047607 1947.77832 12768.937988 -90.256348 -101.604004 23167.746582 18158.425293 4169.785156 12392.315674 -60.849609 -48.776855 19308.520508 1733.267365 310.559082 -4032.842255 -701.314697 116.466217 19473.900146 1263.353806 475.938721 -4502.755814 -735.939941 -195.025558 19629.63501 1219.068527 631.673584 -4547.041092 -394.849854 -257.882309
22128.183594 9651.674194 3175.396729 3879.011841 -25.693359 -48.433228 16563.695068 8532.120972 -2389.091797 2759.458618 7.683105 35.582275 22876.157227 13978.583984 3923.370361 8205.921631 42.277832 -24.200439 13841.401367 5952.811279 -5111.385498 180.148926 147.994385 60.487671 22162.490234 16319.714355 3209.703369 10547.052002 38.408203 5.432129 16410.899658 2679.721375 -2541.887207 -3092.940979 -524.421387 394.163208 20153.55957 18031.104736 1200.772705 12258.442383 7.587891 73.62915 20978.371582 18576.508789 2025.584717 12803.846436 32.631836 41.461182 23207.1875 18143.284912 4254.400635 12370.622559 39.440918 -15.140381 18565.053711 1893.818359 -387.733154 -3878.843994 -743.466797 160.550995 18816.437988 1350.185089 -136.348877 -4422.477264 -657.462158 86.831284 18971.981201 1091.612015 19.194336 -4681.050339 -657.653809 -127.456512
22197.419434 9646.937256 3210.380859 3862.263184 69.23584 -4.736938 16599.263916 8611.383667 -2387.774658 2826.709595 35.568848 79.262695 22852.084961 14055.390625 3865.046387 8270.716553 -24.072266 76.806641 13781.696777 6059.639282 -5205.341797 274.96521 -59.70459 106.828003 22121.977539 16340.59082 3134.938965 10555.916748 -40.512695 20.876465 16006.342773 3089.793091 -2980.695801 -2694.880981 -404.556885 410.071716 20218.518066 17962.945557 1231.479492 12178.271484 64.958496 -68.15918 20974.848633 18570.617676 1987.810059 12785.943604 -3.522949 -5.891113 23158.950195 18164.53125 4171.911621 12379.857178 -48.237305 21.246338 18237.718506 1667.076874 -749.320068 -4117.597198 -327.335205 -226.741486 18077.298584 1869.391174 -909.73999 -3915.282898 -739.139404 519.206085 17783.493652 1726.026001 -1203.544922 -4058.648071 -1188.487549 634.413986
22181.73584 9597.926025 3220.9021 3848.150024 -15.683594 -49.01123 16603.093262 8663.502808 -2357.740479 2913.726807 3.829346 52.119141 22888.38623 14061.124268 3927.55249 8311.348267 36.30127 5.733643 13765.933838 6227.162476 -5194.899902 477.386475 -15.762939 167.523193 22063.64502 16379.219971 3102.811279 10629.44397 -58.33252 38.62915 16163.077393 3255.626526 -2797.756348 -2494.149475 156.734619 165.833435 20220.028076 17986.265869 1259.194336 12236.489868 1.51001 23.320312 21100.427246 18665.772705 2139.593506 12915.996704 125.578613 95.155029 23135.478516 18197.584229 4174.644775 12447.808228 -23.47168 33.052979 17556.108398 3130.917969 -1404.725342 -2618.858032 -681.610107 1463.841095 17762.724609 2657.096252 -1198.109131 -3092.679749 -314.573975 787.705078 17810.919189 2061.634216 -1149.914551 -3688.141785 27.425537 335.608215
22183.896484 9646.916504 3163.4375 3864.460449 2.160645 48.990479 16598.03833 8693.225098 -2422.420654 2910.769043 -5.054932 29.72229 22861.921387 14109.038086 3841.462402 8326.582031 -26.464844 47.913818 13612.987061 6429.057007 -5407.471924 646.600952 -152.946777 201.894531 22105.163574 16395.931396 3084.70459 10613.475342 41.518555 16.711426 16301.219482 3403.517151 -2719.239502 -2378.938904 138.14209 147.890625 20396.798096 18060.524902 1376.339111 12278.068848 176.77002 74.259033 21050.510254 18506.696777 2030.05127 12724.240723 -49.916992 -159.075928 23047.563477 18202.749023 4027.104492 12420.292969 -87.915039 5.164795 17143.115234 4061.199646 -1877.34375 -1721.256409 -412.993164 930.281677 17644.515381 3884.853821 -1375.943604 -1897.602234 -118.209229 1227.757568 17462.330322 2696.058044 -1558.128662 -3086.39801 -348.588867 634.423828
22147.548828 9625.57251 3087.880859 3799.463501 -36.347656 -21.343994 16541.30249 8742.282715 -2518.365479 2916.173706 -56.73584 49.057617 22924.855957 14035.368652 3865.187988 8209.259644 62.93457 -73.669434 13467.04834 6829.294434 -5592.619629 1003.185425 -145.938721 400.237427 22114.123535 16355.805664 3054.455566 10529.696655 8.959961 -40.125732 16149.108887 3940.262146 -2910.559082 -1885.846863 -152.110596 536.744995 20383.604736 18049.93042 1323.936768 12223.821411 -13.193359 -10.594482 21044.21875 18588.098145 1984.550781 12761.989136 -6.291504 81.401367 23154.316406 18178.890381 4094.648438 12352.781372 106.75293 -23.858643 17315.405273 4471.717834 -1744.262695 -1354.391174 172.290039 410.518188 18093.997803 4287.909851 -965.670166 -1538.199158 449.482422 403.05603 17513.353271 3678.531494 -1546.314697 -2147.577515 51.022949 982.47345
22209.729004 9590.534668 3143.862305 3815.679932 62.180176 -35.037842 16521.867676 8839.943848 -2543.999023 3065.089111 -19.434814 97.661133 22999.914551 14016.99585 3934.047852 8242.141113 75.058594 -18.372803 13258.079834 7353.842773 -5807.786865 1578.988037 -208.968506 524.54834 22133.920898 16305.9729 3068.054199 10531.118164 19.797363 -49.832764 16021.109619 4363.066406 -3044.75708 -1411.78833 -127.999268 422.80426 20313.737793 17965.717773 1247.871094 12190.863037 -69.866943 -84.212646 21103.339844 18582.147217 2037.473145 12807.29248 59.121094 -5.950928 23024.79248 18120.432129 3958.925781 12345.577393 -129.523926 -58.458252 17160.048828 4714.907227 -1905.817871 -1059.94751 -155.356445 243.189392 17601.501465 4643.835449 -1464.365234 -1131.019287 -492.496338 355.925598 17282.412109 3323.300781 -1783.45459 -2451.553955 -230.941162 -355.230713
22204.855957 9551.986084 3164.157715 3806.691895 -4.873047 -38.548584 16588.653564 8903.068848 -2452.044678 3157.774658 66.785889 63.125 22997.01416 14029.124756 3956.315918 8283.830566 -2.900391 12.128906 13059.831543 8143.155518 -5980.866699 2397.861328 -198.248291 789.312744 22179.53125 16262.674561 3138.833008 10517.380371 45.610352 -43.29834 15653.544922 4845.478516 -3387.15332 -899.815674 -367.564697 482.412109 20292.236328 17947.070312 1251.538086 12201.776123 -21.501465 -18.647461 21087.094727 18615.601807 2046.396484 12870.307617 -16.245117 33.45459 23046.530762 18155.914307 4005.83252 12410.620117 21.738281 35.482178 17010.198975 4956.083374 -2030.499268 -789.210815 -149.849854 241.176147 17438.114014 4229.235535 -1602.584229 -1516.058655 -163.387451 -414.599915 17324.509277 3731.628723 -1716.188965 -2013.665466 42.097168 408.327942
22253.881836 9623.561401 3178.121338 3824.266968 49.025879 71.575317 16534.451904 8909.641724 -2541.308594 3110.34729 -54.20166 6.572876 23032.319336 14022.155762 3956.558838 8222.861328 35.305176 -6.968994 12941.856689 8999.613647 -6133.903809 3200.319214 -117.974854 856.45813 22138.151855 16200.551758 3062.391357 10401.257324 -41.379395 -62.122803 15387.264404 5316.104126 -3688.496094 -483.190308 -266.280518 470.62561 20333.42041 17918.244629 1257.659912 12118.950195 41.184082 -28.825684 21040.29541 18604.622803 1964.534912 12805.328369 -46.799316 -10.979004 23120.004883 18133.94043 4044.244385 12334.645996 73.474121 -21.973877 16778.981934 5188.024292 -2296.778564 -611.270142 -231.217041 231.940918 17001.564941 4880.864868 -2074.195557 -918.429565 -436.549072 651.629333 17056.003418 4163.491821 -2019.75708 -1635.802612 -268.505859 431.863098
22241.062012 9570.496826 3162.038574 3846.204224 -12.819824 -53.064575 16489.874268 8860.591431 -2589.14917 3136.298828 -44.577637 -49.050293 23052.277832 13999.991455 3973.254395 8275.698853 19.958496 -22.164307 12959.003906 9946.622314 -6120.019531 4222.329712 17.147217 947.008667 22094.6875 16232.636719 3015.664062 10508.344116 -43.464355 32.084961 15275.375977 5812.352295 -3803.647461 88.059692 -111.888428 496.248169 20027.205811 17744.384766 948.182373 12020.092163 -306.2146 -173.859863 20992.976074 18506.810303 1913.952637 12782.5177 -47.319336 -97.8125 23028.09082 18123.728027 3949.067383 12399.435425 -91.914062 -10.212402 16792.145996 4916.263123 -2286.877441 -808.02948 13.164062 -271.761169 16956.295166 4223.733215 -2122.728271 -1500.559387 -45.269775 -657.131653 16686.18042 4233.579712 -2392.843018 -1490.712891 -369.822998 70.087891
22279.887695 9629.827881 3159.851074 3869.824219 38.825684 59.331055 16597.911377 8866.245117 -2522.125244 3106.241455 108.037109 5.653687 23087.502441 14026.346436 3967.46582 8266.342773 35.224609 26.35498 12967.694092 10778.642578 -6152.342529 5018.638916 8.690186 832.020264 22053.347168 16137.858887 2933.310547 10377.855225 -41.340332 -94.777832 14846.960449 6525.742188 -4273.076172 765.738525 -428.415527 713.389893 19860.743408 17392.30957 740.706787 11632.305908 -166.462402 -352.075195 20804.182129 18245.776367 1684.145508 12485.772705 -188.793945 -261.033936 22997.043457 18025.913086 3877.006836 12265.909424 -31.047363 -97.814941 16478.905029 5127.629395 -2641.131592 -632.374268 -313.240967 211.366272 16984.658203 4114.883118 -2135.378418 -1645.120544 28.363037 -108.850098 16582.69043 4238.742371 -2537.346191 -1521.261292 -103.48999 5.162659
22267.036133 9569.718018 3143.709717 3888.505859 -12.851562 -60.109863 16543.182373 8937.211914 -2580.144043 3255.999756 -54.729004 70.966797 23154.804688 14035.522461 4031.478271 8354.310303 67.302246 9.176025 13234.996338 11683.873291 -5888.330078 6002.661133 267.302246 905.230713 21972.915039 15868.878174 2849.588623 10187.666016 -80.432129 -268.980713 14643.907471 7306.918335 -4479.418945 1625.706177 -203.052979 781.176147 19743.730469 17157.821045 620.404053 11476.608887 -117.012939 -234.488525 20643.012695 18049.089355 1519.686279 12367.877197 -161.169434 -196.687012 22765.539551 17822.581787 3642.213135 12141.369629 -231.503906 -203.331299 16386.906738 5436.420288 -2736.419678 -244.79187 -91.998291 308.790894 16391.826172 4452.810974 -2731.500244 -1228.401184 -592.832031 337.927856 15904.862061 4539.581299 -3218.464355 -1141.630859 -677.828369 300.838928
22221.166992 9508.607178 3078.026123 3820.706177 -45.869141 -61.11084 16506.661377 9018.235474 -2636.479492 3330.334473 -36.520996 81.02356 23119.477539 13937.186279 3976.33667 8249.285278 -35.327148 -98.336182 13534.504395 12350.083008 -5608.636475 6662.182007 299.508057 666.209717 21749.609375 15642.729492 2606.468506 9954.828491 -223.305664 -226.148682 14588.615723 8066.25061 -4554.525146 2378.349609 -55.291748 759.332275 19584.304199 16846.35376 441.16333 11158.452759 -159.42627 -311.467285 20945.744629 17597.999268 1802.60376 11910.098267 302.731934 -451.090088 22447.062988 17290.41748 3303.922119 11602.516479 -318.476562 -532.164307 16150.64209 6295.795898 -2992.498779 607.894897 -236.264648 859.37561 15973.387451 5647.695312 -3169.753418 -40.205688 -418.438721 1194.884338 15024.105225 5604.983521 -4119.035645 -82.91748 -880.756836 1065.402222
22234.462891 9511.661987 3099.354248 3926.712036 13.295898 3.05481 16595.146484 9182.211304 -2539.962158 3597.261353 88.485107 163.97583 23177.229004 13770.198975 4042.120361 8185.249023 57.751465 -166.987305 13766.040039 12760.089111 -5369.068604 7175.13916 231.535645 410.006104 21565.368652 15232.004395 2430.26001 9647.054443 -184.240723 -410.725098 14494.416504 9617.884521 -4640.692139 4032.93457 -94.199219 1551.633911 19821.273193 16780.343018 686.164551 11195.393066 236.968994 -66.010742 20542.03125 17013.62793 1406.922607 11428.677979 -403.713379 -584.371338 22224.572754 16823.952637 3089.464111 11239.002686 -222.490234 -466.464844 16559.171143 7439.747925 -2575.9375 1854.797974 408.529053 1143.952026 16340.161133 7174.889526 -2794.94751 1589.939575 366.773682 1527.194214 15256.260986 6939.373169 -3878.847656 1354.423218 232.155762 1334.389648
22254.313965 9523.432007 3093.101807 4012.348022 19.851074 11.77002 16177.15332 9233.682861 -2984.058838 3722.598877 -417.993164 51.471558 23235.585938 13707.525635 4074.373779 8196.44165 58.356934 -62.67334 13870.130615 13278.011475 -5291.081543 7766.92749 104.090576 517.922363 21506.860352 14976.652832 2345.648193 9465.568848 -58.508301 -255.351562 14600.444336 11600.800781 -4560.767822 6089.716797 106.027832 1982.91626 19585.180664 16403.851318 423.968506 10892.767334 -236.092529 -376.491699 19825.891113 16450.55542 664.678955 10939.471436 -716.140137 -563.07251 21858.181152 16447.393799 2696.968994 10936.309814 -366.391602 -376.558838 16760.268555 9242.598877 -2400.943604 3731.514893 201.097412 1802.850952 16766.577148 9223.004761 -2394.63501 3711.920776 426.416016 2048.115234 15459.505615 9766.92627 -3701.706543 4255.842285 203.244629 2827.553101
22226.711426 9507.038574 3106.563721 3975.209961 -27.602539 -16.393433 16305.921631 9195.791626 -2814.226074 3663.963013 128.768311 -37.891235 23260.78125 13652.474365 4140.633545 8120.645752 25.195312 -55.05127 14207.98584 13246.014404 -4912.161865 7714.185791 337.855225 -31.99707 21267.719727 14614.030762 2147.572021 9082.202148 -239.140625 -362.62207 15457.169189 11381.729736 -3662.978516 5849.901123 856.724854 -219.071045 18948.903809 15483.601074 -171.243896 9951.772461 -636.276855 -920.250244 19262.027588 15775.551758 141.879883 10243.723145 -563.863525 -675.003662 20931.325684 15861.964111 1811.177979 10330.135498 -926.855469 -585.429688 17757.667236 10334.841309 -1362.480469 4803.012695 997.398682 1092.242432 17634.75708 10643.360596 -1485.390625 5111.531982 868.179932 1420.355835 16146.580811 10861.324463 -2973.566895 5329.49585 687.075195 1094.398193
22228.227539 9437.900391 3123.336182 3946.885986 1.516113 -69.138184 16228.070068 9066.049805 -2876.821289 3575.0354 -77.851562 -129.741821 23287.77832 13688.15918 4182.886963 8197.144775 26.99707 35.684814 14378.088379 13527.834473 -4726.802979 8036.820068 170.102539 281.820068 20933.413086 14297.213135 1828.521729 8806.19873 -334.306641 -316.817627 16066.430664 11696.228027 -3038.460693 6205.213623 609.261475 314.498291 19553.936768 15166.616211 449.04541 9675.601807 605.032959 -316.984863 18468.297119 14906.922607 -636.594238 9415.908203 -793.730469 -868.62915 20030.930176 15234.44458 926.038818 9743.430176 -900.395508 -627.519531 18888.383789 11371.505127 -216.507568 5880.490723 1130.716553 1036.663818 19301.928711 11480.203857 197.037354 5989.189453 1667.171631 836.843262 17210.863037 12309.443359 -1894.02832 6818.428955 1064.282227 1448.118896
22228.991699 9477.816162 3111.179199 3994.440918 0.76416 39.915771 16275.375977 9139.934692 -2842.436523 3656.559448 47.305908 73.884888 23333.737793 13741.312256 4215.925293 8257.937012 45.959473 53.153076 14548.85376 13368.067627 -4568.95874 7884.692383 170.765381 -159.766846 21034.194336 14020.13916 1916.381836 8536.763916 100.78125 -277.073975 16674.376221 11881.656494 -2443.436279 6398.28125 607.945557 185.428467 20218.372803 15180.498047 1100.560303 9697.122803 664.436035 13.881836 18027.545166 14745.997314 -1090.267334 9262.62207 -440.751953 -160.925293 18591.77002 14883.731689 -526.04248 9400.356445 -1439.160156 -350.712891 19315.183105 11588.515625 197.370605 6105.140381 426.799316 217.010498 19657.067871 11979.971924 539.255371 6496.59668 355.13916 499.768066 18303.297119 12384.748535 -814.515381 6901.373291 1092.434082 75.305176
22197.666016 9459.955444 3105.092773 3966.057739 -31.325684 -17.860718 16347.126465 9126.066284 -2745.446777 3632.168579 71.750488 -13.868408 23292.141113 13890.622559 4199.567871 8396.724854 -41.59668 149.310303 14679.133301 13385.668945 -4413.439941 7891.77124 130.279541 17.601318 20841.906738 13947.65625 1749.333496 8453.758545 -192.287598 -72.48291 17378.22876 11998.708496 -1714.344482 6504.810791 703.852539 117.052002 19601.479492 14761.951904 508.90625 9268.054199 -616.893311 -418.546143 17716.224365 14484.022217 -1376.348877 8990.124512 -311.320801 -261.975098 17992.122803 14645.567627 -1100.450439 9151.669922 -599.647217 -238.164062 19744.727783 11381.324463 652.154541 5887.426758 429.544678 -207.191162 20711.45752 11918.763428 1618.884277 6424.865723 1054.389648 -61.208496 19585.050049 12322.369385 492.476807 6828.47168 1281.75293 -62.37915
22200.46875 9517.064209 3144.359131 4020.393066 2.802734 57.108765 16394.449463 9122.943115 -2661.660156 3626.271973 47.322998 -3.123169 23211.799316 13782.753906 4155.689697 8286.082764 -80.341797 -107.868652 14830.697021 13391.671143 -4225.412598 7895.0 151.563721 6.002197 20580.888672 13771.138916 1524.779053 8274.467773 -261.018066 -176.517334 18196.564941 11906.630859 -859.544678 6409.959717 818.336182 -92.077637 19222.828369 14715.528564 166.71875 9218.857422 -378.651123 -46.42334 17111.201172 14379.681396 -1944.908447 8883.010254 -605.023193 -104.34082 18676.495361 14544.501953 -379.614258 9047.830811 684.372559 -101.065674 21017.663574 11683.167725 1961.553955 6186.496582 1272.935791 301.843262 21312.77832 11977.436523 2256.668701 6480.765381 601.320801 58.673096 20676.638184 12259.871826 1620.528564 6763.200684 1091.588135 -62.497559
22180.529785 9537.035522 3162.598877 4030.960693 -19.938965 19.971313 16391.890869 9134.920654 -2626.040039 3628.845825 -2.558594 11.977539 23108.688965 13826.64917 4090.758057 8320.574341 -103.110352 43.895264 14888.026123 13355.490723 -4129.904785 7849.415894 57.329102 -36.18042 20513.117676 13647.541504 1495.186768 8141.466675 -67.770996 -123.597412 18730.979004 11830.135498 -286.951904 6324.060669 534.414062 -76.495361 18331.821289 14045.036621 -686.109619 8538.961792 -891.00708 -670.491943 16936.838379 14244.920654 -2081.092529 8738.845825 -174.362793 -134.760742 18527.280273 14481.364746 -490.650635 8975.289917 -149.215088 -63.137207 21035.46875 11703.624268 2017.537842 6197.549438 17.805176 20.456543 21945.185547 11491.824951 2927.254639 5985.750122 632.407227 -485.611572 21162.30957 12250.308838 2144.378662 6744.234009 485.671387 -9.562988
22206.164551 9548.464966 3194.873047 3967.271729 25.634766 11.429443 16498.411865 9070.814209 -2512.879639 3489.620972 106.520996 -64.106445 23080.744629 13724.58252 4069.453125 8143.389282 -27.944336 -102.06665 15027.952881 13271.271973 -3983.338623 7690.078735 139.926758 -84.21875 20246.702881 13639.005127 1235.411377 8057.81189 -266.414795 -8.536377 18714.798584 11747.08252 -296.49292 6165.889282 -16.18042 -83.052979 18076.26709 13928.828125 -935.024414 8347.634888 -255.554199 -116.208496 17010.466309 14078.297119 -2000.825195 8497.103882 73.62793 -166.623535 18478.334961 14401.921387 -532.956543 8820.728149 -48.945312 -79.443359 20918.825684 11691.052246 1907.53418 6109.859009 -116.643066 -12.572021 22142.712402 11262.664795 3131.420898 5681.471558 197.526855 -229.160156 21028.203125 11985.806885 2016.911621 6404.613647 -134.106445 -264.501953
22180.842285 9592.948608 3172.86377 4057.180786 -25.322266 44.483643 16461.883545 9081.242065 -2546.094971 3545.474243 -36.52832 10.427856 23042.009277 13719.788818 4034.030762 8184.020996 -38.735352 -4.793701 15189.912109 13221.44165 -3818.066406 7685.673828 161.959229 -49.830322 20355.600586 13565.814209 1347.62207 8030.046387 108.897705 -73.190918 18617.873535 11667.380371 -390.10498 6131.612549 -96.925049 -79.702148 17897.82959 13662.073975 -1110.148926 8126.306152 -178.4375 -266.75415 17063.392334 13919.266357 -1944.586182 8383.498535 52.926025 -159.030762 18490.83252 14313.270264 -517.145996 8777.502441 12.497559 -88.651123 21060.974121 11123.237305 2052.995605 5587.469482 142.148438 -567.814941 21928.579102 11073.869629 2920.600586 5538.101807 -214.133301 -188.795166 21147.490234 11819.089355 2139.511719 6283.321533 119.287109 -166.717529
22155.01709 9537.197266 3122.612305 3941.141357 -25.825195 -55.751343 16458.204346 8997.941284 -2574.200439 3401.885376 -3.679199 -83.300781 22974.221191 13812.164307 3941.816406 8216.108398 -67.788086 92.375488 15287.851562 13220.611572 -3744.553223 7624.555664 97.939453 -0.830078 20409.246826 13585.129395 1376.842041 7989.073486 53.64624 19.315186 18273.314209 11622.329102 -759.090576 6026.273193 -344.559326 -45.05127 17755.942383 13565.603027 -1276.462402 7969.547119 -141.887207 -96.470947 16965.007324 13887.666016 -2067.397461 8291.610107 -98.38501 -31.600342 18521.776123 14258.71582 -510.628662 8662.659912 30.943604 -54.554443 20786.699219 10856.960449 1754.294434 5260.904541 -274.274902 -266.276855 21131.733398 11162.764893 2099.328613 5566.708984 -796.845703 88.895264 20366.589355 11984.730225 1334.18457 6388.674316 -780.900879 165.640869
22152.949219 9505.515747 3089.713135 3890.688477 -2.067871 -31.681519 16399.729004 9016.461182 -2663.50708 3401.633911 -58.475342 18.519897 22998.110352 13862.045898 3934.874268 8247.218628 23.88916 49.881592 15195.251465 13487.640381 -3867.984619 7872.81311 -92.600098 267.028809 20569.555664 13637.669678 1506.31958 8022.842407 160.308838 52.540283 17328.320312 11654.500732 -1734.915771 6039.673462 -944.993896 32.171631 18262.683105 13627.182617 -800.552979 8012.355347 506.740723 61.57959 17630.456543 13779.190674 -1432.779541 8164.363403 665.449219 -108.475342 18551.013184 14127.363281 -512.2229 8512.536011 29.237061 -131.352539 19720.249023 10981.418457 657.012939 5366.591187 -1066.450195 124.458008 20243.461914 11262.592773 1180.22583 5647.765503 -888.271484 99.827881 19483.981934 11991.295166 420.74585 6376.467896 -882.607422 6.564941
22175.683594 9524.927979 3113.601074 3988.095093 22.734375 19.412231 16404.227295 8986.25 -2657.855225 3449.417114 4.498291 -30.211182 23107.22168 13851.945801 4045.13916 8315.112915 109.111328 -10.100098 14942.022705 13678.625488 -4120.059814 8141.792603 -253.22876 190.985107 20829.733887 13573.001709 1767.651367 8036.168823 260.178223 -64.667969 16311.811523 11694.638672 -2750.270996 6157.805786 -1016.508789 40.137939 18441.610107 13760.944824 -620.472412 8224.111938 178.927002 133.762207 17519.854736 13736.815186 -1542.227783 8199.9823 -110.601807 -42.375488 18503.040771 13950.922852 -559.041748 8414.089966 -47.972412 -176.44043 17263.704834 11522.299805 -1798.377686 5985.466919 -2456.544189 540.881348 18668.658447 11674.007568 -393.424072 6137.174683 -1574.803467 411.414795 18395.205078 12098.000488 -666.877441 6561.167603 -1088.776855 106.705322
22255.332031 9545.578613 3122.843018 3992.877808 79.648438 20.650635 16463.101807 8906.287231 -2669.387207 3353.586426 58.874512 -79.962769 23208.171387 13904.476318 4075.682373 8351.775513 100.949707 52.530518 14946.315918 13709.625244 -4186.173096 8156.924438 4.293213 30.999756 20850.778809 13577.1875 1718.289795 8024.486694 21.044922 4.185791 15780.656738 11851.934814 -3351.832275 6299.234009 -531.154785 157.296143 19632.703857 14149.622803 500.214844 8596.921997 1191.09375 388.677979 17751.260986 13870.557861 -1381.228027 8317.857056 231.40625 133.742676 18932.568359 13945.756836 -199.920654 8393.05603 429.527588 -5.166016 17786.148682 11744.407959 -1346.340332 6191.707153 522.443848 222.108154 18335.0 11799.747314 -797.489014 6247.046509 -333.658447 125.739746 16115.367432 12337.365723 -3017.121582 6784.664917 -2279.837646 239.365234
22330.947266 9558.535767 3217.645264 4016.312256 75.615234 12.957153 16451.547852 8937.119751 -2661.75415 3394.89624 -11.553955 30.83252 23291.591797 13869.072266 4178.289795 8326.848755 83.42041 -35.404053 14594.963379 13906.588135 -4518.338623 8364.364624 -351.352539 196.962891 21199.216309 13641.328125 2085.914307 8099.104614 348.4375 64.140625 15372.749023 11926.617432 -3740.552979 6384.393921 -407.907715 74.682617 19349.27124 14140.366211 235.969238 8598.1427 -283.432617 -9.256592 18086.115723 13920.10376 -1027.186279 8377.880249 334.854736 49.545898 20126.502686 14140.777588 1013.200684 8598.554077 1193.934326 195.020752 17249.064941 12237.768555 -1864.237061 6695.545044 -537.08374 493.360596 15565.60791 12635.344238 -3547.694092 7093.120728 -2769.39209 835.596924 13908.4375 12582.630615 -5204.864502 7040.407104 -2206.929932 245.264893
22265.187988 9523.55957 3087.698975 3994.536133 -65.759277 -34.976196 16327.729492 8975.037842 -2849.759521 3446.014404 -123.818359 37.918091 23287.443848 13755.100098 4109.954834 8226.07666 -4.147949 -113.972168 14255.423584 13900.993652 -4922.06543 8371.970215 -339.539795 -5.594482 21064.73877 13690.422363 1887.249756 8161.398926 -134.477539 49.094238 14866.289062 12385.438232 -4311.199951 6856.414795 -506.459961 458.820801 19282.700195 14087.963867 105.211182 8558.94043 -66.571045 -52.402344 18449.489746 14063.757324 -727.999268 8534.733887 363.374023 143.653564 19973.170166 14145.113525 795.681152 8616.090088 -153.33252 4.335938 17221.435547 12674.838867 -1956.053467 7145.81543 -27.629395 437.070312 15896.137695 13332.364502 -3281.351318 7803.341064 330.529785 697.020264 14670.233154 13190.319824 -4507.255859 7661.296387 761.795654 607.689209
22285.979004 9531.130371 3081.739502 4097.04834 20.791016 7.570801 16271.873779 9047.131348 -2932.365723 3613.049316 -55.855713 72.093506 23296.650391 13777.973633 4092.410889 8343.891602 9.206543 22.873535 14238.856201 13534.182129 -4965.383301 8100.100098 -16.567383 -366.811523 21206.008301 13810.46875 2001.768799 8376.386719 141.269531 120.046387 15181.704102 12173.009033 -4022.5354 6738.927002 315.415039 -212.429199 18830.947266 14255.770264 -373.292236 8821.688232 -451.75293 167.806396 18600.189209 14321.148682 -604.050293 8887.06665 150.699463 257.391357 20323.449707 14378.555908 1119.210205 8944.473877 350.279541 233.442383 17583.26416 12844.484863 -1620.975342 7410.402832 361.828613 169.645996 17546.345215 13088.232422 -1657.894287 7654.150391 1650.20752 -244.13208 16071.697998 13496.690674 -3132.541504 8062.608643 1401.464844 306.37085
22266.237793 9548.755493 3002.716064 4071.35498 -19.741211 17.625122 16314.593506 9093.074341 -2948.928223 3615.673828 42.719727 45.942993 23290.88623 13742.729492 4027.364502 8265.328979 -5.76416 -35.244141 14404.215088 13563.509521 -4859.306641 8086.109009 165.358887 29.327393 21285.649414 13859.445801 2022.127686 8382.045288 79.641113 48.977051 15393.293457 12318.209229 -3870.228271 6840.808716 211.589355 145.200195 18757.4646 14259.641113 -506.057129 8782.240601 -73.482666 3.87085 18450.83252 14479.754639 -812.689209 9002.354126 -149.356689 158.605957 20278.065186 14655.388184 1014.543457 9177.987671 -45.384521 276.832275 18281.917725 12928.601074 -981.604004 7451.200562 698.653564 84.116211 18467.943115 13132.149658 -795.578613 7654.749146 921.5979 43.917236 16952.458496 13767.924805 -2311.063232 8290.524292 880.760498 271.234131
22246.806641 9538.929443 2985.45166 4069.602661 -19.431152 -9.82605 16281.638184 9171.190186 -2979.716797 3701.863403 -32.955322 78.115845 23320.070801 13735.916748 4058.71582 8266.589966 29.18457 -6.812744 14864.111328 13696.516113 -4397.243652 8227.189331 459.89624 133.006592 21367.524414 13856.877441 2106.169434 8387.550659 81.875 -2.568359 15928.596191 12652.29126 -3332.758789 7182.964478 535.302734 334.082031 18947.1521 13806.483154 -314.202881 8337.156372 189.6875 -453.157959 18290.05127 14739.494629 -971.303711 9270.167847 -160.78125 259.73999 20049.614258 15045.650635 788.259277 9576.323853 -228.450928 390.262451 18757.349854 12648.074951 -504.005127 7178.748169 475.432129 -280.526123 19232.252197 13050.335693 -29.102783 7581.008911 764.309082 -81.813965 17905.402832 13873.358154 -1355.952148 8404.031372 952.944336 105.43335
22230.388184 9535.078125 3012.458496 4021.447754 -16.418457 -3.851318 16280.393066 9193.605957 -2937.536621 3679.975586 -1.245117 22.415771 23372.990723 14088.40332 4155.061035 8574.772949 52.919922 352.486572 15023.236084 13538.575439 -4194.693604 8024.945068 159.124756 -157.940674 21239.475098 13892.556152 2021.54541 8378.925781 -128.049316 35.678711 16660.600586 12660.53833 -2557.329102 7146.907959 732.004395 8.24707 19607.888184 14568.619385 389.958496 9054.989014 660.736084 762.13623 18016.94458 14829.549561 -1200.985107 9315.919189 -273.106689 90.054932 19775.306396 15065.045166 557.376709 9551.414795 -274.307861 19.394531 19647.231445 12940.941162 429.301758 7427.310791 889.881592 292.866211 19995.422363 13048.000488 777.492676 7534.370117 763.170166 -2.335205 19058.304443 13603.215332 -159.625244 8089.584961 1152.901611 -270.142822
22233.713379 9501.075439 3064.891357 3934.297485 3.325195 -34.002686 16320.933838 9209.359741 -2847.888184 3642.581787 40.540771 15.753784 23248.181152 13931.090088 4079.359131 8364.312134 -124.80957 -157.313232 15086.544189 13672.463379 -4082.277832 8105.685425 63.308105 133.887939 21000.114746 14033.900146 1831.292725 8467.122192 -239.360352 141.343994 17057.467041 12482.663574 -2111.35498 6915.88562 396.866455 -177.874756 18664.022217 14163.352051 -504.799805 8596.574097 -943.865967 -405.267334 17583.519287 14758.491211 -1585.302734 9191.713257 -433.425293 -71.05835 19083.221436 15055.736084 -85.600586 9488.95813 -692.084961 -9.309082 20152.362061 12580.388184 983.540039 7013.610229 505.130615 -360.552979 20668.522949 12912.072754 1499.700928 7345.2948 673.100586 -135.927734 19681.729736 13547.677002 512.907715 7980.899048 623.425293 -55.53833
22209.003906 9486.713257 3095.177002 3940.344849 -24.709473 -14.362183 16331.011963 9276.943359 -2782.814941 3730.574951 10.078125 67.583618 23229.53125 13948.789062 4115.704346 8402.420654 -18.649902 17.698975 15170.438232 13886.192627 -3943.388672 8339.824219 83.894043 213.729248 20536.286621 14084.880371 1422.459717 8538.511963 -463.828125 50.980225 17449.289551 12535.372314 -1664.537354 6989.003906 391.82251 52.70874 18888.428955 14160.648193 -225.397949 8614.279785 224.406738 -2.703857 17243.583984 14674.377441 -1870.24292 9128.009033 -339.935303 -84.11377 18188.096924 14952.495117 -925.72998 9406.126709 -895.124512 -103.240967 19646.905518 12199.481201 533.078613 6653.112793 -505.456543 -380.906982 20961.813965 12798.630371 1847.987061 7252.261963 293.291016 -113.442383 19268.427734 13384.675293 154.60083 7838.306885 -413.302002 -163.001709
22225.241699 9476.859741 3155.744629 3901.533203 16.237793 -9.853516 16420.006104 9259.482422 -2649.490967 3684.155884 88.994141 -17.460938 23166.755371 13899.501953 4097.258301 8324.175415 -62.775879 -49.287109 15324.034424 13909.510498 -3745.462646 8334.18396 153.596191 23.317871 20348.376465 13991.723633 1278.879395 8416.397095 -187.910156 -93.156738 17565.906982 12616.550293 -1503.590088 7041.223755 116.617432 81.177979 17804.854736 14318.525391 -1264.642334 8743.198853 -1083.574219 157.877197 17026.304932 14615.895996 -2043.192139 9040.569458 -217.279053 -58.481445 18194.729004 14846.904297 -874.768066 9271.577759 6.63208 -105.59082 19499.614258 11800.924072 430.117188 6225.597534 -147.29126 -398.557129 20973.134766 12683.817139 1903.637695 7108.490601 11.320801 -114.813232 19539.676514 13289.277344 470.179443 7713.950806 271.248779 -95.397949
22212.724609 9486.272583 3135.957031 3906.172485 -12.51709 9.412842 16407.43042 9196.721191 -2669.337158 3616.621094 -12.575684 -62.76123 23111.062012 13920.450439 4034.294434 8340.350342 -55.693359 20.948486 15451.398926 13868.835449 -3625.368652 8288.735352 127.364502 -40.675049 20231.646729 13948.746338 1154.87915 8368.64624 -116.729736 -42.977295 17564.471436 12694.552002 -1512.296143 7114.451904 -1.435547 78.001709 17485.878906 14066.152344 -1590.888672 8486.052246 -318.97583 -252.373047 16919.567871 14463.212891 -2157.199707 8883.112793 -106.737061 -152.683105 18257.003174 14637.121582 -819.764404 9057.021484 62.27417 -209.782715 19945.756836 12221.022949 868.989258 6640.922852 446.142578 420.098877 20870.615234 12692.537842 1793.847656 7112.437744 -102.519531 8.720703 19636.029053 13238.358154 559.261475 7658.258057 96.352539 -50.919189
22230.153809 9513.844604 3163.718262 3930.223999 17.429199 27.572021 16376.556396 9221.046753 -2689.87915 3637.426147 -30.874023 24.325562 23026.467285 14058.012695 3960.031738 8474.39209 -84.594727 137.562256 15450.865479 13963.405762 -3615.570068 8379.785156 -0.533447 94.570312 20406.290283 13793.87085 1339.854736 8210.250244 174.643555 -154.875488 17485.157471 12797.814941 -1581.278076 7214.194336 -79.313965 103.262939 18132.539062 13241.831055 -933.896484 7658.210449 646.660156 -824.321289 17013.359375 14274.781494 -2053.076172 8691.160889 93.791504 -188.431396 18430.19165 14493.874512 -636.243896 8910.253906 173.188477 -143.24707 19864.023438 12483.291016 797.587891 6899.67041 -81.733398 262.268066 20334.034424 12659.814453 1267.598877 7076.193848 -536.580811 -32.723389 19262.020264 13149.968262 195.584717 7566.347656 -374.008789 -88.389893
22240.124512 9500.9729 3167.88208 3967.56958 9.970703 -12.871704 16367.888184 9196.732788 -2704.354248 3663.329468 -8.668213 -24.313965 23076.82373 13949.399414 4004.581299 8415.996094 50.356445 -108.613281 15440.618896 13770.323486 -3631.623535 8236.920166 -10.246582 -193.082275 20696.901855 13678.405762 1624.659424 8145.002441 290.611572 -115.465088 17063.851318 12935.235596 -2008.391113 7401.832275 -421.306152 137.420654 18160.327148 13416.761475 -911.915283 7883.358154 27.788086 174.93042 17032.836914 14124.924316 -2039.405518 8591.520996 19.477539 -149.857178 18508.76709 14515.938721 -563.475342 8982.5354 78.575439 22.064209 19299.099121 12383.461914 226.856689 6850.058594 -564.924316 -99.829102 19542.269287 12553.724365 470.026855 7020.321045 -791.765137 -106.090088 19098.64624 13239.503174 26.403809 7706.099854 -163.374023 89.534912
22252.043457 9559.680176 3132.062988 4004.141235 11.918945 58.707275 16381.390381 9182.366333 -2738.590088 3626.827393 13.502197 -14.366455 23033.75 13926.052246 3913.769531 8370.513306 -43.07373 -23.347168 15308.903809 13718.205566 -3811.07666 8162.666626 -131.715088 -52.11792 20522.180176 13773.931885 1402.199707 8218.392944 -174.72168 95.526123 16686.383057 13106.157227 -2433.597412 7550.618286 -377.468262 170.921631 18145.65918 13272.818604 -974.321289 7717.279663 -14.667969 -143.942871 17153.695068 13566.70166 -1966.2854 8011.16272 120.858154 -558.222656 18637.554932 14555.007324 -482.425537 8999.468384 128.787842 39.068604 18783.830566 12446.029053 -336.149902 6890.490112 -515.268555 62.567139 19020.515137 12674.006348 -99.465332 7118.467407 -521.75415 120.281982 18110.458984 13633.475342 -1009.521484 8077.936401 -988.187256 393.972168
22254.780273 9564.219971 3099.615479 3949.516602 2.736816 4.539795 16328.768311 9234.28772 -2826.396484 3619.584351 -52.62207 51.921387 23119.523926 13871.14624 3964.359131 8256.442871 85.773926 -54.906006 15188.361816 13796.203613 -3966.802979 8181.500244 -120.541992 77.998047 20829.550781 13747.263184 1674.385986 8132.559814 307.370605 -26.668701 16362.366943 13265.396729 -2792.797852 7650.693359 -324.016113 159.239502 18726.225586 14053.310547 -428.939209 8438.607178 580.566406 780.491943 17307.441406 13915.540771 -1847.723389 8300.837402 153.746338 348.839111 18884.682617 14585.45166 -270.482178 8970.748291 247.127686 30.444336 18730.115967 13031.416016 -425.048828 7416.712646 -53.7146 585.386963 18648.282471 13043.012695 -506.882324 7428.309326 -372.232666 369.006348 16525.960693 13903.92334 -2629.204102 8289.219971 -1584.498291 270.447998
22258.186035 9577.167969 3110.183105 4019.838867 3.405762 12.947998 16331.022949 9184.875488 -2816.97998 3627.546387 2.254639 -49.412231 23125.668945 13777.861328 3977.666016 8220.532227 6.14502 -93.284912 15141.774902 13826.154785 -4006.228027 8268.825684 -46.586914 29.951172 20848.674316 13802.077637 1700.671387 8244.748535 19.123535 54.814453 16291.785889 12969.526367 -2856.217041 7412.197266 -70.581055 -295.870361 19422.426758 14543.925781 274.423828 8986.59668 696.201172 490.615234 17612.905273 14015.372314 -1535.097656 8458.043213 305.463867 99.831543 19219.067383 14672.087402 71.064453 9114.758301 334.384766 86.635742 18622.553711 13183.284912 -525.449219 7625.955811 -107.562256 151.868896 18387.241211 13346.756592 -760.761719 7789.42749 -261.04126 303.743896 16447.236328 14113.378906 -2700.766602 8556.049805 -78.724365 209.455566
22281.040039 9595.638428 3114.18457 4063.492432 22.854004 18.470459 16274.47876 9175.274048 -2892.376709 3643.128052 -56.544189 -9.60144 23152.875977 13743.586426 3986.020508 8211.44043 27.207031 -34.274902 15137.143555 13879.799805 -4029.711914 8347.653809 -4.631348 53.64502 21047.331543 13979.610596 1880.476074 8447.4646 198.657227 177.532959 16130.963135 12971.195068 -3035.892334 7439.049072 -160.822754 1.668701 20263.757324 15063.583984 1096.901855 9531.437988 841.330566 519.658203 18216.503906 14561.712646 -950.351562 9029.56665 603.598633 546.340332 19359.528809 14919.855957 192.67334 9387.709961 140.461426 247.768555 18530.187988 13174.075928 -636.66748 7641.929932 -92.365723 -9.208984 18095.585938 13617.875977 -1071.269531 8085.72998 -291.655273 271.119385 16381.202393 14434.622803 -2785.653076 8902.476807 -66.033936 321.243896
22298.178711 9580.759277 3130.280762 4037.457275 17.138672 -14.87915 16327.912598 9114.96582 -2839.985352 3571.663818 53.433838 -60.308228 23149.814453 13781.21582 3981.916504 8237.913818 -3.061523 37.629395 15048.358154 13691.240234 -4119.539795 8147.938232 -88.7854 -188.55957 21062.299805 14099.500732 1894.401855 8556.19873 14.968262 119.890137 16124.697266 13080.324707 -3043.200684 7537.022705 -6.265869 109.129639 19775.703125 15150.003662 607.805176 9606.70166 -488.054199 86.419678 18470.567627 15023.969727 -697.330322 9480.667725 254.063721 462.25708 19972.751465 15160.678711 804.853516 9617.376709 613.222656 240.822754 18645.286865 13316.5625 -522.611084 7773.260498 115.098877 142.486572 18411.522217 13575.806885 -756.375732 8032.504883 315.936279 -42.069092 16295.012207 14594.555664 -2872.885742 9051.253662 -86.190186 159.932861
22282.585449 9558.474121 3114.082031 3982.433472 -15.593262 -22.285156 16329.614258 9152.689209 -2838.88916 3576.64856 1.70166 37.723389 23148.320312 13690.687256 3979.816895 8114.646606 -1.494141 -90.528564 15077.767334 13478.956299 -4090.736084 7902.915649 29.40918 -212.283936 21126.101074 14214.79248 1957.597656 8638.751831 63.80127 115.291748 16108.439941 13120.091553 -3060.063477 7544.050903 -16.257324 39.766846 19515.908203 15189.215088 347.404785 9613.174438 -259.794922 39.211426 19000.725098 15151.677246 -167.77832 9575.636597 530.157471 127.70752 20561.992188 15393.803711 1393.48877 9817.763062 589.240723 233.125 18433.071289 13501.239014 -735.432129 7925.198364 -212.215576 184.676514 18139.586182 13804.639893 -1028.917236 8228.599243 -271.936035 228.833008 16165.800781 14804.852295 -3002.702637 9228.811646 -129.211426 210.296631
22318.647461 9566.605225 3155.633545 4062.269287 36.062012 8.131104 16313.925781 9126.016235 -2849.088135 3621.680298 -15.688477 -26.672974 23169.658203 13707.011719 4006.644287 8202.675781 21.337891 16.324463 15126.812744 13242.258301 -4036.201172 7737.922363 49.04541 -236.697998 21368.242188 14422.8479 2205.228271 8918.511963 242.141113 208.05542 16045.377197 13216.010742 -3117.636719 7711.674805 -63.062744 95.919189 19460.061035 15400.72998 297.047119 9896.394043 -55.847168 211.514893 19131.405029 15378.632812 -31.608887 9874.296875 130.679932 226.955566 20626.420898 15573.99292 1463.406982 10069.656982 64.428711 180.189209 18421.5625 13745.100098 -741.451416 8240.76416 -11.508789 243.861084 18003.817139 14071.881104 -1159.196777 8567.545166 -135.769043 267.241211 16134.110107 15117.436523 -3028.903809 9613.100586 -31.690674 312.584229
22285.310059 9552.532959 3121.101074 4054.443359 -33.337402 -14.072266 16297.132568 9169.89563 -2867.076416 3671.80603 -16.793213 43.879395 23235.390625 13683.793945 4071.181641 8185.704346 65.732422 -23.217773 15076.188965 13117.353516 -4088.02002 7619.263916 -50.623779 -124.904785 21424.101562 14594.836426 2259.892578 9096.746826 55.859375 171.988525 15965.980225 13336.755371 -3198.22876 7838.665771 -79.396973 120.744629 19314.487305 15589.637451 150.27832 10091.547852 -145.57373 188.907471 19397.423096 15712.912598 233.214111 10214.822998 266.018066 334.279785 20999.177246 15747.495117 1834.968262 10249.405518 372.756348 173.502197 18342.824707 13948.762207 -821.384277 8450.672607 -78.737793 203.662109 17612.231445 14393.662109 -1551.977539 8895.57251 -391.585693 321.781006 16088.968506 15221.179199 -3075.240479 9723.0896 -45.141602 103.742676
22323.291016 9586.584473 3181.520996 4105.388794 37.980957 34.051514 16274.615479 9195.713501 -2867.154541 3714.517822 -22.51709 25.817871 23222.739258 13707.580566 4080.969238 8226.384888 -12.651367 23.786621 15154.697266 13069.58252 -3987.072754 7588.386841 78.508301 -47.770996 21461.037598 14775.405273 2319.267578 9294.209595 36.936035 180.568848 15951.051025 13399.354248 -3190.718994 7918.158569 -14.929199 62.598877 19222.722168 15590.170898 80.952148 10108.97522 -91.765137 0.533447 19912.207031 16158.935547 770.437012 10677.739868 514.783936 446.022949 21319.118652 15980.632324 2177.348633 10499.436646 319.941406 233.137207 18174.759521 14030.64209 -967.010498 8549.446411 -168.065186 81.879883 17467.475586 14545.194092 -1674.294434 9063.998413 -144.755859 151.531982 16118.503418 15427.29248 -3023.266602 9946.096802 29.534912 206.113281
22322.172852 9592.264404 3184.378662 4144.139404 -1.118164 5.679932 16237.114258 9219.153442 -2900.679932 3771.028442 -37.501221 23.439941 23223.913574 13725.921631 4086.119385 8277.796631 1.174316 18.341064 15182.174072 12981.658936 -3955.620117 7533.533936 27.476807 -87.923584 21578.754883 14947.779541 2440.960693 9499.654541 117.717285 172.374268 15950.673828 13530.823975 -3187.120361 8082.698975 -0.377197 131.469727 19225.516357 15628.516846 87.722168 10180.391846 2.794189 38.345947 20171.772461 16435.336914 1033.978271 10987.211914 259.56543 276.401367 22132.438965 16377.246094 2994.644775 10929.121094 813.320312 396.61377 17999.945068 14226.035156 -1137.849121 8777.910156 -174.814453 195.393066 17216.959229 14820.637207 -1920.834961 9372.512207 -250.516357 275.443115 16117.319336 15692.347412 -3020.474854 10244.222412 -1.184082 265.054932
22333.049316 9604.389038 3176.705322 4179.691162 10.876465 12.124634 16230.439453 9222.000122 -2925.904541 3797.302246 -6.674805 2.84668 23208.659668 13696.616211 4052.315674 8271.918335 -15.253906 -29.30542 15178.146973 12945.36377 -3978.197021 7520.665894 -4.0271 -36.295166 21776.479492 15142.558594 2620.135498 9717.860718 197.724609 194.779053 15913.321533 13642.133789 -3243.022461 8217.435913 -37.352295 111.309814 19376.066895 15906.723633 219.7229 10482.025757 150.550537 278.206787 20452.869873 16884.417725 1296.525879 11459.719849 281.097412 449.080811 22492.780762 16741.533203 3336.436768 11316.835327 360.341797 364.287109 17976.875 14414.598389 -1179.468994 8989.900513 -23.070068 188.563232 17280.692139 14960.710449 -1875.651855 9536.012573 63.73291 140.073242 16133.690186 15828.980713 -3022.653809 10404.282837 16.37085 136.633301
22334.077148 9624.248657 3164.014893 4154.216309 1.027832 19.859619 16279.748535 9210.585938 -2890.313721 3740.553589 49.309082 -11.414185 23255.20752 13722.003174 4085.145264 8251.970825 46.547852 25.386963 15206.70166 12803.752441 -3963.360596 7333.720093 28.554688 -141.611328 22011.799316 15293.673096 2841.737061 9823.640747 235.319824 151.114502 15842.352295 13683.621826 -3327.709961 8213.589478 -70.969238 41.488037 19704.790039 16319.229736 534.727783 10849.197388 328.723145 412.506104 20761.530762 17299.337158 1591.468506 11829.30481 308.660889 414.919434 22854.143066 17122.770996 3684.080811 11652.738647 361.362305 381.237793 17929.829102 14467.01416 -1240.233154 8996.981812 -47.045898 52.415771 17367.900391 14922.454834 -1802.161865 9452.422485 87.208252 -38.255615 16114.963379 15995.909424 -3055.098877 10525.877075 -18.726807 166.928711
22333.94043 9638.421021 3159.901123 4131.950073 -0.136719 14.172363 16320.369873 9187.868042 -2853.669434 3681.397095 40.621338 -22.717896 23196.694336 13806.645508 4022.655029 8300.174561 -58.513184 84.642334 15275.53833 12827.907715 -3898.500977 7321.436768 68.83667 24.155273 22193.657227 15529.61792 3019.61792 10023.146973 181.85791 235.944824 15853.532715 13768.139648 -3320.506592 8261.668701 11.18042 84.517822 19728.077393 16902.302246 554.038086 11395.831299 23.287354 583.07251 21012.714844 17770.900879 1838.675537 12264.429932 251.184082 471.563721 23029.455566 17475.715332 3855.41626 11969.244385 175.3125 352.944336 17873.691406 14488.864746 -1300.3479 8982.393799 -56.137695 21.850586 17291.173096 15028.226318 -1882.866211 9521.755371 -76.727295 105.771484 16170.070801 16092.541504 -3003.968506 10586.070557 55.107422 96.63208
22317.287598 9622.802124 3140.566406 4128.416138 -16.652832 -15.618896 16307.39624 9217.159424 -2869.324951 3722.773438 -12.973633 29.291382 23166.708984 13955.206299 3989.987793 8460.820312 -29.985352 148.560791 15303.508301 12799.677734 -3873.212891 7305.291748 27.969971 -28.22998 22265.90332 15845.375977 3089.182129 10350.98999 72.246094 315.758057 15849.630127 13837.508545 -3327.091064 8343.122559 -3.902588 69.368896 19926.203613 17489.786377 749.482422 11995.400391 198.126221 587.484131 21207.006836 18330.795898 2030.285645 12836.409912 194.291992 559.89502 23131.171875 17931.502686 3954.450684 12437.116699 101.716309 455.787354 17839.248047 14597.62207 -1337.473145 9103.236084 -34.443359 108.757324 17418.764648 14979.931641 -1757.956543 9485.545654 127.591553 -48.294678 16207.817383 16191.773682 -2968.903809 10697.387695 37.746582 99.232178
22324.262695 9648.435059 3142.012939 4182.849121 6.975098 25.632935 16333.651123 9201.759644 -2848.598633 3736.173706 26.254883 -15.39978 23094.294434 14022.714844 3912.044678 8557.128906 -72.414551 67.508545 15346.343994 12789.241943 -3835.905762 7323.656006 42.835693 -10.435791 22326.340332 16368.468018 3144.090576 10902.88208 60.437012 523.092041 15833.33374 13873.208008 -3348.916016 8407.62207 -16.296387 35.699463 20024.949951 18059.072266 842.700195 12593.486328 98.746338 569.285889 21083.095703 18730.640869 1900.845947 13265.054932 -123.911133 399.844971 23454.960938 18369.233398 4272.711182 12903.647461 323.789062 437.730713 17859.072266 14598.843994 -1323.17749 9133.258057 19.824219 1.221924 17304.020996 15025.002441 -1878.22876 9559.416504 -114.743652 45.070801 16186.733398 16189.841309 -2995.516357 10724.255371 -21.083984 -1.932373
22312.055664 9657.686157 3146.547852 4279.052124 -12.207031 9.251099 16319.360352 9229.310303 -2846.147461 3850.67627 -14.290771 27.550659 23014.968262 14052.810059 3849.460449 8674.176025 -79.326172 30.095215 15340.533447 12779.150391 -3824.974365 7400.516357 -5.810547 -10.091553 22352.51709 16428.195801 3187.009277 11049.561768 26.176758 59.727783 15810.036621 13905.648193 -3355.471191 8527.01416 -23.297119 32.440186 20200.075684 18185.742188 1034.567871 12807.108154 175.125732 126.669922 20955.473633 18719.523926 1789.96582 13340.889893 -127.62207 -11.116943 23506.196289 18398.175049 4340.688477 13019.541016 51.235352 28.94165 17810.808105 14550.229492 -1354.699707 9171.595459 -48.26416 -48.614502 17223.699951 15067.052002 -1941.807861 9688.417969 -80.321045 42.049561 16296.834717 16167.039795 -2868.673096 10788.405762 110.101318 -22.801514
22315.410156 9676.508179 3132.667236 4276.049194 3.354492 18.822021 16315.032959 9222.004395 -2867.709961 3821.54541 -4.327393 -7.305908 23007.492676 14151.569824 3824.749756 8751.11084 -7.475586 98.759766 15303.795166 12845.810547 -3878.947754 7445.351562 -36.738281 66.660156 22257.426758 16470.52002 3074.683838 11070.061035 -95.090332 42.324219 15865.107422 13934.084473 -3317.635498 8533.625488 55.070801 28.436279 20139.932861 18094.505615 957.189941 12694.046631 -60.142822 -91.236572 20962.302246 18711.188965 1779.559326 13310.72998 6.828613 -8.334961 23432.431641 18359.846191 4249.688721 12959.387207 -73.764648 -38.328857 17839.404297 14513.485107 -1343.338623 9113.026123 28.596191 -36.744385 17375.576172 14848.566895 -1807.166748 9448.10791 151.876221 -218.485107 16346.677246 16031.173096 -2836.065674 10630.714111 49.842529 -135.866699
22313.815918 9657.123413 3139.233398 4269.408569 -1.594238 -19.384766 16335.725098 9214.371338 -2838.857422 3826.656494 20.692139 -7.633057 23017.82959 14113.824463 3843.24707 8726.109619 10.336914 -37.745361 15215.241699 12810.812988 -3959.34082 7423.098145 -88.553467 -34.997559 22247.021484 16437.871094 3072.438965 11050.15625 -10.405273 -32.648926 15783.249512 13789.067383 -3391.333008 8401.352539 -81.85791 -145.01709 20158.156738 18091.572266 983.574219 12703.857422 18.223877 -2.93335 20996.403809 18729.008789 1821.821289 13341.293945 34.101562 17.819824 23408.557129 18351.169434 4233.974609 12963.45459 -23.874512 -8.676758 17936.104736 14341.224365 -1238.477783 8953.509521 96.700439 -172.260742 17025.820312 15078.046875 -2148.762207 9690.332031 -349.755859 229.47998 16381.345215 15872.609863 -2793.237305 10484.89502 34.667969 -158.563232
22318.87207 9665.986328 3153.392334 4354.690552 5.056152 8.862915 16235.029297 9225.734863 -2930.450439 3914.439087 -100.695801 11.363525 22996.916504 14079.355469 3831.436768 8768.059692 -20.913086 -34.468994 15176.994629 13039.688721 -3988.485107 7728.392944 -38.24707 228.875732 22207.021484 16443.105469 3041.541748 11131.809692 -40.0 5.234375 15942.745361 13578.789062 -3222.734375 8267.493286 159.49585 -210.27832 20220.334473 18156.536865 1054.854736 12845.241089 62.177734 64.9646 20893.481445 18676.849365 1728.001709 13365.553589 -102.922363 -52.159424 23361.425781 18318.38623 4195.946045 13007.090454 -47.131348 -32.783203 17950.473633 13979.91333 -1215.006104 8668.617554 14.368896 -361.311035 16881.688232 15179.517822 -2283.791504 9868.222046 -144.13208 101.470947 16295.949707 15412.844238 -2869.530029 10101.548462 -85.395508 -459.765625
22309.074707 9654.53064 3158.150635 4275.144653 -9.797363 -11.455688 16185.552979 9313.519897 -2965.371094 3934.133911 -49.476318 87.785034 22967.255859 14092.700195 3816.331787 8713.314209 -29.660645 13.344727 15158.765869 13203.658447 -3992.158203 7824.272461 -18.22876 163.969727 22190.500488 16437.012939 3039.576416 11057.626953 -16.520996 -6.092529 15896.409912 13388.092041 -3254.51416 8008.706055 -46.335449 -190.697021 20206.702881 18149.27124 1055.778809 12769.885254 -13.631592 -7.265625 20867.316895 18623.399658 1716.392822 13244.013672 -26.164551 -53.449707 23359.416504 18362.084961 4208.492432 12982.698975 -2.009277 43.69873 17574.012451 13360.079346 -1576.911621 7980.693359 -376.461182 -619.833984 17291.903076 13706.693115 -1859.020996 8327.307129 410.214844 -1472.824707 16598.238525 14660.249023 -2552.685547 9280.863037 302.288818 -752.595215
22318.62793 9667.440796 3180.780029 4317.913208 9.553223 12.910156 16234.816895 9285.356445 -2903.031006 3935.828857 49.263916 -28.163452 22973.000488 14129.746094 3835.152588 8780.218506 5.744629 37.045898 15234.719238 14299.787598 -3903.128662 8950.26001 75.953369 1096.12915 22179.367676 16482.078857 3041.519775 11132.55127 -11.132812 45.065918 15815.227051 13268.366699 -3322.62085 7918.839111 -81.182861 -119.725342 20221.273193 18150.45166 1083.425293 12800.924072 14.570312 1.18042 20881.811523 18628.807373 1743.963623 13279.279785 14.494629 5.407715 23360.302734 18361.033936 4222.454834 13011.506348 0.88623 -1.051025 17496.696777 13456.090088 -1641.151123 8106.5625 -77.315674 96.010742 17304.014893 13368.972168 -1833.833008 8019.44458 12.111816 -337.720947 16243.857422 13660.170898 -2893.990479 8310.643311 -354.381104 -1000.078125
22272.087402 9638.077393 3168.520508 4281.828003 -46.540527 -29.363403 16265.394287 9172.062378 -2838.172607 3815.812988 30.577393 -113.294067 22960.136719 14101.201172 3856.569824 8744.951782 -12.86377 -28.544922 15066.872559 14207.540283 -4036.694336 8851.290894 -167.84668 -92.247314 22188.366699 16446.582031 3084.799805 11090.332642 8.999023 -35.496826 15853.903809 12645.998535 -3249.663086 7289.749146 38.676758 -622.368164 20283.826904 18139.399414 1180.26001 12783.150024 62.553711 -11.052246 20837.739258 18616.552734 1734.172363 13260.303345 -44.072266 -12.254639 23409.282227 18430.255127 4305.715332 13074.005737 48.979492 69.221191 17266.181641 10617.13501 -1837.385254 5260.88562 -230.515137 -2838.955078 17434.318848 11032.08252 -1669.248047 5675.83313 130.303955 -2336.889648 16593.183594 12504.353027 -2510.383301 7148.103638 349.326172 -1155.817871
22263.47168 9622.304077 3181.400146 4263.455811 -8.615723 -15.773315 16251.793213 9100.588989 -2830.27832 3741.740723 -13.601074 -71.473389 22961.357422 14093.24585 3879.285889 8734.397583 1.220703 -7.955322 14936.051025 13999.853516 -4146.020508 8641.005249 -130.821533 -207.686768 22196.140137 16422.077637 3114.068604 11063.22937 7.773438 -24.504395 16200.770264 11812.211914 -2881.30127 6453.363647 346.866455 -833.786621 20298.469238 18151.680908 1216.397705 12792.832642 14.642334 12.281494 20863.344727 18636.246338 1781.273193 13277.398071 25.605469 19.693604 23397.788086 18445.919189 4315.716553 13087.070923 -11.494141 15.664062 16495.699463 9879.887085 -2586.37207 4521.038818 -770.482178 -737.247925 17254.672852 9445.626221 -1827.398682 4086.777954 -179.645996 -1586.456299 17488.533936 10302.094727 -1593.537598 4943.24646 895.350342 -2202.258301
22247.568359 9625.466919 3192.736816 4203.010254 -15.90332 3.162842 16205.966797 9114.801636 -2848.864746 3692.344971 -45.826416 14.212646 22981.787109 14033.740234 3926.955566 8611.283569 20.429688 -59.505615 14845.550537 13830.473633 -4209.281006 8408.016968 -90.500488 -169.379883 22209.841309 16504.709473 3155.009766 11082.252808 13.701172 82.631836 16583.623047 10597.797852 -2471.208496 5175.341187 382.852783 -1214.414062 20276.514893 18085.767822 1221.68335 12663.311157 -21.954346 -65.913086 20810.039062 18648.97583 1755.20752 13226.519165 -53.305664 12.729492 23357.971191 18416.081543 4303.139648 12993.624878 -39.816895 -29.837646 18282.755127 9048.68103 -772.076416 3626.224365 1787.055664 -831.206055 18206.213379 8400.596924 -848.618164 2978.140259 951.540527 -1045.029297 18529.440918 9661.664429 -525.390625 4239.207764 1040.906982 -640.430298
22250.773926 9648.915405 3232.327881 4169.614868 3.205566 23.448486 16054.173584 9022.393799 -2964.272461 3543.093262 -151.793213 -92.407837 23094.873047 13975.778809 4076.427002 8496.478271 113.085938 -57.961426 14907.373047 13575.258789 -4111.072998 8095.958252 61.82251 -255.214844 22260.585938 16328.615723 3242.139893 10849.315186 50.744629 -176.09375 16685.456543 10109.839478 -2332.989502 4630.53894 101.833496 -487.958374 20348.699951 18059.974365 1330.253906 12580.673828 72.185059 -25.793457 20909.682617 18687.025146 1891.236572 13207.724609 99.643555 38.049316 23311.408691 18383.083496 4292.962646 12903.782959 -46.5625 -32.998047 18919.46167 8831.347046 -98.984375 3352.046509 636.706543 -217.333984 18065.290527 7359.849243 -953.155518 1880.548706 -140.922852 -1040.747681 18370.549316 9109.82605 -647.896729 3630.525513 -158.891602 -551.838379
22225.754395 9642.682495 3258.206787 4121.083984 -25.019531 -6.23291 16131.174316 8962.151489 -2836.373291 3440.552979 77.000732 -60.24231 23005.070801 14056.324463 4037.523193 8534.725952 -89.802246 80.545654 14921.766357 13392.282715 -4045.78125 7870.684204 14.393311 -182.976074 22225.463867 16467.76001 3257.91626 10946.161499 -35.12207 139.144287 16908.255615 9347.838135 -2059.291992 3826.239624 222.799072 -762.001343 20354.857178 18012.661133 1387.30957 12491.062622 6.157227 -47.313232 20846.101074 18629.315186 1878.553467 13107.716675 -63.581543 -57.709961 23327.158203 18460.05127 4359.610596 12938.452759 15.749512 76.967773 18890.574951 8106.323853 -76.972656 2584.725342 -28.886719 -725.023193 18364.128418 6605.577393 -603.419189 1083.978882 298.837891 -754.271851 18390.645752 8467.406616 -576.901855 2945.808105 20.096436 -642.419434
22255.256348 9637.661133 3280.267334 4118.584595 29.501953 -5.021362 16101.376953 9051.455688 -2873.612061 3532.37915 -29.797363 89.304199 23065.761719 14037.677002 4090.772705 8518.600464 60.690918 -18.647461 14948.502197 13039.281006 -4026.486816 7520.204468 26.73584 -353.001709 22251.000977 16393.168945 3276.011963 10874.092407 25.537109 -74.591064 16960.272217 8996.61438 -2014.716797 3477.537842 52.016602 -351.223755 20320.748291 18057.453613 1345.759277 12538.377075 -34.108887 44.79248 20888.408203 18672.832031 1913.419189 13153.755493 42.307129 43.516846 23245.910645 18292.679443 4270.921631 12773.602905 -81.247559 -167.371826 18908.868408 7667.987671 -66.120605 2148.911133 18.293457 -438.336182 18467.51709 6191.190186 -507.471924 672.113647 103.388672 -414.387207 18820.50415 7544.386597 -154.484863 2025.310059 429.858398 -923.02002
22210.83252 9556.463623 3206.522217 4060.897827 -44.423828 -81.19751 16139.276123 8988.650513 -2865.03418 3493.084717 37.89917 -62.805176 23009.968262 13970.178223 4005.657959 8474.612427 -55.793457 -67.498779 14969.666748 12702.391357 -4034.643555 7206.825562 21.164551 -336.889648 22318.26416 16419.552002 3313.953857 10923.986206 67.263184 26.383057 17124.730225 8625.963745 -1879.580078 3130.397949 164.458008 -370.650635 20419.838867 18023.553467 1415.528564 12527.987671 99.090576 -33.900146 21026.943359 18719.022217 2022.633057 13223.456421 138.535156 46.190186 23362.541504 18362.843018 4358.231201 12867.277222 116.630859 70.163574 19094.364014 6896.134033 90.053711 1400.568237 185.495605 -771.853638 18587.282715 5865.887451 -417.027588 370.321655 119.765625 -325.302734 18852.633057 6917.042847 -151.677246 1421.477051 32.128906 -627.34375
22202.109375 9625.579224 3227.368164 4173.167725 -8.723145 69.115601 16280.617676 8972.750244 -2694.123535 3520.338745 141.341553 -15.900269 23040.012207 13871.870117 4065.270996 8419.458618 30.043945 -98.308105 15035.058594 12457.998047 -3939.682617 7005.586548 65.391846 -244.393311 22289.064941 16311.228027 3314.32373 10858.816528 -29.199219 -108.323975 17244.407959 8356.600952 -1730.333252 2904.189453 119.677734 -269.362793 20405.262451 17984.432373 1430.52124 12532.020874 -14.576416 -39.121094 20920.444336 18669.628906 1945.703125 13217.217407 -106.499023 -49.393311 23299.711914 18329.874268 4324.970703 12877.462769 -62.82959 -32.96875 19140.491943 6832.889404 165.750732 1380.477905 46.12793 -63.244629 18691.165771 5418.118286 -283.575439 -34.293213 103.883057 -447.769165 19134.405518 6763.720703 159.664307 1311.309204 281.772461 -153.322144
22207.009277 9636.361694 3342.037354 4279.944458 4.899902 10.782471 16425.931396 8908.304443 -2439.040527 3551.887207 145.313721 -64.445801 23018.720703 14000.932617 4153.748779 8644.515381 -21.291504 129.0625 15080.748291 12267.872314 -3784.223633 6911.455078 45.689697 -190.125732 22278.630371 16348.935547 3413.658447 10992.518311 -10.43457 37.70752 17407.762451 8072.098389 -1457.209473 2715.681152 163.354492 -284.502563 20392.122803 18058.739014 1527.150879 12702.321777 -13.139648 74.306641 20971.057129 18694.176025 2106.085205 13337.758789 50.612793 24.547119 23359.367676 18344.660645 4494.395752 12988.243408 59.655762 14.786377 19170.159912 6638.851929 305.187988 1282.434692 29.667969 -194.037476 18753.204346 5381.473999 -111.767578 25.056763 62.038574 -36.644287 19049.395752 6489.819946 184.423828 1133.40271 -85.009766 -273.900757
22220.59082 9604.151611 3347.489014 4312.472534 13.581543 -32.210083 16398.896484 8878.395386 -2474.205322 3586.716309 -27.034912 -29.909058 22983.320312 14008.920898 4110.218506 8717.241821 -35.400391 7.988281 15338.283691 12064.058838 -3534.818115 6772.379761 257.5354 -203.813477 22294.484863 16497.631836 3421.383057 11205.952759 15.854492 148.696289 17673.310547 7869.497681 -1199.79126 2577.818604 265.548096 -202.600708 20469.35791 17943.116455 1596.256104 12651.437378 77.235107 -115.622559 21094.18457 18704.605713 2221.082764 13412.926636 123.127441 10.429688 23406.943359 18362.149658 4533.841553 13070.470581 47.575684 17.489014 19291.470947 6226.918335 418.369141 935.239258 121.311035 -411.933594 18942.963867 5506.698608 69.862061 215.019531 189.759521 125.224609 19088.382568 6382.947998 215.280762 1091.268921 38.986816 -106.871948
22234.455566 9624.129028 3376.252441 4149.161377 13.864746 19.977417 16551.954346 8847.189331 -2306.248779 3372.22168 153.057861 -31.206055 22998.186035 14041.726074 4139.98291 8566.758423 14.865723 32.805176 15390.186768 12038.935547 -3468.016357 6563.967896 51.903076 -25.123291 22280.720215 16478.774414 3422.51709 11003.806763 -13.764648 -18.857422 17823.406982 7795.217285 -1034.796143 2320.249634 150.096436 -74.280396 20418.620605 18133.959961 1560.41748 12658.99231 -50.737305 190.843506 21018.063965 18654.552002 2159.86084 13179.584351 -76.120605 -50.053711 23444.963379 18461.502686 4586.760254 12986.535034 38.02002 99.353027 19265.969238 6359.627075 407.766113 884.659424 -25.501709 132.70874 19020.770264 5761.359253 162.567139 286.391602 77.806396 254.660645 18996.317139 6458.621826 138.114014 983.654175 -92.06543 75.673828
22256.125488 9680.477295 3412.567139 4100.383911 21.669922 56.348267 16575.814209 8825.997314 -2267.744141 3245.903931 23.859863 -21.192017 22997.299805 14092.255859 4153.741455 8512.162476 -0.88623 50.529785 15527.996826 12061.904297 -3315.561523 6481.810913 137.810059 22.96875 22220.197754 16508.005371 3376.639404 10927.911987 -60.522461 29.230957 17956.535645 7925.402222 -887.022705 2345.308838 133.128662 130.184937 20311.77002 18172.453613 1468.21167 12592.360229 -106.850586 38.493652 21080.585938 18722.684326 2237.027588 13142.590942 62.521973 68.132324 23444.230957 18400.739746 4600.672607 12820.646362 -0.732422 -60.762939 19048.701172 6407.383423 205.142822 827.290039 -217.268066 47.756348 19061.312256 6083.15918 217.753906 503.065796 40.541992 321.799927 18986.656494 6800.372925 143.098145 1220.279541 -9.660645 341.751099
22266.591797 9643.83667 3407.460938 3972.982788 10.466309 -36.640625 16570.279541 8836.203613 -2288.851318 3165.349731 -5.534668 10.206299 22982.348633 14072.301025 4123.217773 8401.447144 -14.951172 -19.954834 15660.640869 12154.639893 -3198.48999 6483.786011 132.644043 92.735596 22192.832031 16483.830566 3333.701172 10812.976685 -27.365723 -24.174805 18051.079102 8067.938232 -808.051758 2397.084351 94.543457 142.536011 20272.006836 18158.726807 1412.875977 12487.872925 -39.763184 -13.726807 21020.292969 18681.330566 2161.162109 13010.476685 -60.292969 -41.35376 23437.358398 18370.461426 4578.227539 12699.607544 -6.872559 -30.27832 18934.458008 6522.521973 75.327148 851.668091 -114.243164 115.13855 19065.767822 6191.723022 206.636963 520.869141 4.455566 108.563843 19074.100342 6822.372437 214.969482 1151.518555 87.443848 21.999512
22280.212402 9676.904907 3433.006592 4067.085571 13.620605 33.068237 16517.969971 8901.730347 -2329.23584 3291.911011 -52.30957 65.526733 23000.703125 14040.424805 4153.497314 8430.605469 18.354492 -31.876221 15750.836182 12397.895508 -3096.369629 6788.076172 90.195312 243.255615 22171.640625 16484.376221 3324.434814 10874.556885 -21.191406 0.545654 18202.458496 8384.920044 -644.747314 2775.100708 151.379395 316.981812 20307.124023 18120.059814 1459.918213 12510.240479 35.117188 -38.666992 21065.388184 18713.1604 2218.182373 13103.341064 45.095215 31.829834 23407.590332 18352.194824 4560.384521 12742.375488 -29.768066 -18.266602 19014.750977 6820.157471 167.545166 1210.338135 80.292969 297.635498 18890.766602 6297.412109 43.560791 687.592773 -175.001221 105.689087 19117.236328 7002.695312 270.030518 1392.875977 43.135986 180.322876
22303.64502 9625.9198 3379.688721 4032.036743 23.432617 -50.985107 16500.27832 8929.743652 -2423.677979 3335.860596 -17.69165 28.013306 23013.874512 14049.329834 4089.918213 8455.446777 13.171387 8.905029 15778.151855 12377.956543 -3145.804443 6784.073486 27.315674 -19.938965 22228.945312 16508.032227 3304.989014 10914.14917 57.304688 23.656006 18172.888184 8406.082153 -751.068115 2812.199097 -29.570312 21.162109 20366.636963 18148.085938 1442.680664 12554.202881 59.512939 28.026123 21086.584473 18728.382568 2162.628174 13134.499512 21.196289 15.222168 23447.568359 18407.357178 4523.612061 12813.474121 39.978027 55.162354 19018.406982 6891.44043 94.450684 1297.557373 3.656006 71.282959 19012.099609 6391.972046 88.143311 798.088989 121.333008 94.559937 19125.802002 7306.807251 201.845703 1712.924194 8.565674 304.111938
22302.705078 9636.992188 3370.390625 3977.330322 -0.939941 11.072388 16496.335449 8930.436401 -2435.979004 3270.774536 -3.942871 0.692749 23024.279785 14106.237793 4091.965332 8446.575928 10.405273 56.907959 15822.171631 12522.340088 -3110.142822 6862.678223 44.019775 144.383545 22254.052734 16493.533936 3321.738281 10833.87207 25.107422 -14.498291 18058.111572 8439.428101 -874.202881 2779.766235 -114.776611 33.345947 20357.386475 18156.887207 1425.072021 12497.225342 -9.250488 8.80127 21057.861328 18667.263184 2125.546875 13007.601318 -28.723145 -61.119385 23444.716797 18405.155029 4512.402344 12745.493164 -2.851562 -2.202148 19028.583984 6841.970825 96.269531 1182.30896 10.177002 -49.469604 19047.875977 6494.754639 115.561523 835.092773 35.776367 102.782593 19097.628174 7333.48999 165.313721 1673.828125 -28.173828 26.682739
22329.233398 9641.599121 3438.243408 3835.984497 26.52832 4.606934 16517.766113 8940.024414 -2373.223877 3134.40979 21.430664 9.588013 23056.188965 14087.230225 4165.198975 8281.615601 31.90918 -19.007568 15767.457275 12439.715576 -3123.532715 6634.100952 -54.714355 -82.624512 22247.727051 16508.803711 3356.737061 10703.189087 -6.325684 15.269775 18090.50293 8337.592773 -800.487061 2531.978149 32.391357 -101.835327 20355.493164 18097.214355 1464.503174 12291.599731 -1.893311 -59.672852 21111.437988 18701.328125 2220.447998 12895.713501 53.57666 34.064941 23476.90918 18385.422363 4585.919189 12579.807739 32.192383 -19.732666 19099.605713 6738.499756 208.615723 932.885132 71.021729 -103.471069 19355.603027 6322.548218 464.613037 516.933594 307.727051 -172.206421 19181.143799 7226.090698 290.153809 1420.476074 83.515625 -107.399292
22355.358887 9639.246826 3316.077881 4194.216309 26.125488 -2.352295 16566.737061 8911.939697 -2472.543945 3466.90918 48.970947 -28.084717 23082.961426 14058.654785 4043.68042 8613.624268 26.772461 -28.575439 15740.60791 12352.76001 -3298.673096 6907.729492 -26.849365 -86.955566 22288.056641 16489.136963 3248.775635 11044.106445 40.32959 -19.666748 18048.670654 8146.286621 -990.610352 2701.256104 -41.832275 -191.306152 20311.296387 18132.630615 1272.015381 12687.600098 -44.196777 35.41626 21064.882812 18686.461182 2025.601807 13241.430664 -46.555176 -14.866943 23476.357422 18389.128418 4437.076416 12944.0979 -0.551758 3.706055 19282.583008 6680.657959 243.302002 1235.627441 182.977295 -57.841797 19536.040039 5728.873291 496.759033 283.842773 180.437012 -593.674927 19306.604004 6909.476318 267.322998 1464.445801 125.460205 -316.61438
22354.265137 9728.164062 3246.893311 4296.332397 -1.09375 88.917236 16583.848877 8871.081543 -2523.522949 3439.249878 17.111816 -40.858154 23061.59668 14128.839111 3954.224854 8697.007446 -21.364746 70.184326 15669.79248 12153.76709 -3437.579346 6721.935425 -70.81543 -198.99292 22259.196777 16528.249512 3151.824951 11096.417847 -28.859863 39.112549 18062.521973 7947.111816 -1044.849854 2515.280151 13.851318 -199.174805 20374.686279 18170.129395 1267.314453 12738.297729 63.389893 37.498779 21132.04834 18697.62207 2024.676514 13265.790405 67.165527 11.160889 23473.952637 18405.457764 4366.580811 12973.626099 -2.404785 16.329346 19349.042969 6441.818848 241.671143 1009.987183 66.459961 -238.839111 19492.092285 5540.473633 384.720459 108.641968 -43.947754 -188.399658 19316.309814 6837.510986 208.937988 1405.679321 9.705811 -71.965332
22369.321289 9704.325562 3367.965088 4183.566895 15.056152 -23.838501 16672.513428 8875.981445 -2328.842773 3355.222778 88.664551 4.899902 23111.369629 14146.672363 4110.013428 8625.913696 49.772949 17.833252 15655.288086 12023.009033 -3346.068115 6502.250366 -14.504395 -130.758057 22287.189941 16497.030029 3285.83374 10976.271362 27.993164 -31.219482 18013.017578 7836.31958 -988.338623 2315.560913 -49.504395 -110.792236 20361.881104 18123.527832 1360.524902 12602.769165 -12.805176 -46.601562 21113.618164 18721.669922 2112.261963 13200.911255 -18.430176 24.047852 23468.24707 18422.811279 4466.890869 12902.052612 -5.705566 17.353516 19034.239502 6475.079346 32.883301 954.320679 -314.803467 33.260498 19467.684326 5578.616943 466.328125 57.858276 -24.407959 38.143311 19286.883545 6781.713257 285.527344 1260.95459 -29.42627 -55.797729
22356.347656 9703.139038 3279.842529 4056.905518 -12.973633 -1.186523 16686.644287 8837.520752 -2389.86084 3191.287231 14.130859 -38.460693 23105.793457 14016.19751 4029.28833 8369.963989 -5.576172 -130.474854 15581.196289 11895.593262 -3495.308838 6249.359741 -74.091797 -127.415771 22323.630371 16491.42334 3247.125244 10845.189819 36.44043 -5.606689 17942.745361 7791.773071 -1133.759766 2145.539551 -70.272217 -44.546509 20426.881104 18079.660645 1350.375977 12433.427124 65.0 -43.867188 21124.421387 18694.644775 2047.91626 13048.411255 10.803223 -27.025146 23429.421387 18343.040771 4352.91626 12696.807251 -38.825684 -79.770508 19123.330078 6538.178101 46.824951 891.94458 89.090576 63.098755 19346.467285 5589.084473 269.962158 -57.149048 -121.217041 10.467529 19202.938232 6757.410889 126.433105 1111.177368 -83.945312 -24.302368
22361.572266 9735.447388 3305.384521 4095.72876 5.224609 32.30835 16692.144775 8873.947754 -2364.042969 3234.229126 5.500488 36.427002 23069.86084 14105.264893 4013.673096 8465.546265 -35.932617 89.067383 15540.384521 11972.042236 -3515.803223 6332.323608 -40.811768 76.448975 22298.654785 16533.790283 3242.467041 10894.071655 -24.975586 42.366943 17897.468262 7850.658569 -1158.719482 2210.939941 -45.2771 58.885498 20395.230713 18119.219971 1339.042969 12479.501343 -31.650391 39.559326 21095.024414 18668.85376 2038.83667 13029.135132 -29.396973 -25.791016 23461.14502 18425.137939 4404.957275 12785.419312 31.723633 82.097168 19166.247559 6535.565186 110.059814 895.846558 42.91748 -2.612915 19465.26001 5548.287964 409.072266 -91.430664 118.792725 -40.796509 19238.129883 6728.922729 181.942139 1089.204102 35.19165 -28.488159
22368.806152 9687.054443 3402.084961 4062.879028 7.233887 -48.392944 16735.795898 8885.462036 -2230.925293 3261.286621 43.651123 11.514282 23105.068359 14047.932129 4138.347168 8423.756714 35.20752 -57.332764 15505.131836 12092.29248 -3461.589355 6468.117065 -35.252686 120.250244 22272.348633 16503.726807 3305.627441 10879.551392 -26.306152 -30.063477 17896.710205 7946.663208 -1070.010986 2322.487793 -0.758057 96.004639 20268.156738 18141.386719 1301.435547 12517.211304 -127.073975 22.166748 21048.886719 18694.399414 2082.165527 13070.223999 -46.137695 25.545654 23447.946777 18370.478516 4481.225586 12746.303101 -13.198242 -54.659424 18918.677979 6489.069214 -48.043213 864.893799 -247.56958 -46.495972 19379.013672 5934.147339 412.29248 309.971924 -86.246338 385.859375 19212.564697 6924.083862 245.843506 1299.908447 -25.565186 195.161133
22380.939941 9742.377319 3350.891113 4197.160645 12.133789 55.322876 16610.715332 8879.53125 -2419.333496 3334.314575 -125.080566 -5.930786 23053.15918 14118.056641 4023.110352 8572.839966 -51.90918 70.124512 15483.585205 12238.339844 -3546.463623 6693.123169 -21.546631 146.047363 22290.788574 16512.315674 3260.739746 10967.098999 18.439941 8.588867 17878.188477 8093.027344 -1151.860352 2547.810669 -18.521729 146.364136 20412.906494 18064.440918 1382.857666 12519.224243 144.749756 -76.945801 21118.974609 18693.233643 2088.925781 13148.016968 70.087891 -1.165771 23388.571777 18348.005371 4358.522949 12802.788696 -59.375 -22.473145 19151.610107 6599.265747 121.561279 1054.049072 232.932129 110.196533 19481.958008 6014.60144 451.90918 469.384766 102.944336 80.454102 19213.865967 7008.153076 183.817139 1462.936401 1.30127 84.069214
22398.203125 9744.302368 3352.728271 4188.410034 17.263184 1.925049 16500.60791 8959.448853 -2544.866943 3403.556519 -110.107422 79.917603 23066.931152 14142.070312 4021.456299 8586.177979 13.771973 24.013672 15370.996094 12602.695312 -3674.47876 7046.802979 -112.589111 364.355469 22274.692383 16474.418945 3229.217529 10918.526611 -16.096191 -37.896729 17807.944336 8308.276978 -1237.530518 2752.384644 -70.244141 215.249634 20418.218994 18052.827148 1372.744141 12496.934814 5.3125 -11.61377 21108.339844 18692.047119 2062.86499 13136.154785 -10.634766 -1.186523 23346.97998 18279.385986 4301.505127 12723.493652 -41.591797 -68.619385 19095.651855 6754.6875 50.177002 1198.795166 -55.958252 155.421753 19504.729004 6261.760864 459.25415 705.86853 22.770996 247.159424 19137.297363 7259.262085 91.82251 1703.369751 -76.568604 251.109009
22391.086426 9722.303467 3301.63208 4205.297852 -7.116699 -21.998901 16472.508545 8962.532959 -2616.945801 3445.527344 -28.099365 3.084106 23042.888184 14173.297119 3953.433838 8656.291504 -24.042969 31.226807 15217.141113 12827.642822 -3872.313232 7310.637207 -153.85498 224.94751 22269.501953 16489.394531 3180.047607 10972.388916 -5.19043 14.975586 17781.5271 8488.198853 -1307.927246 2971.193237 -26.417236 179.921875 20399.073486 18089.007568 1309.619141 12572.001953 -19.145508 36.18042 21138.552246 18695.980225 2049.0979 13178.974609 30.212402 3.933105 23380.500488 18311.934814 4291.046143 12794.929199 33.520508 32.548828 19230.340576 7021.348267 140.88623 1504.342651 134.688721 266.660767 19523.586426 6418.070679 434.13208 901.065063 18.857422 156.309814 18967.662354 7670.986328 -121.791992 2153.980713 -169.63501 411.724243
22400.378418 9690.266724 3264.372559 4033.701172 9.291992 -32.036743 16390.74585 8962.744141 -2745.26001 3306.178589 -81.762695 0.211182 23044.958496 14136.274414 3908.952637 8479.708862 2.070312 -37.022705 15238.311768 13078.143311 -3897.694092 7421.577759 21.170654 250.500488 22311.408691 16457.817383 3175.402832 10801.251831 41.906738 -31.577148 17777.672119 8829.041748 -1358.33374 3172.476196 -3.85498 340.842896 20460.714111 18059.503174 1324.708252 12402.937622 61.640625 -29.504395 21108.483887 18713.824463 1972.478027 13057.258911 -30.068359 17.844238 23442.397461 18382.297363 4306.391602 12725.731812 61.896973 70.362549 19022.993164 7412.453003 -113.012695 1755.887451 -207.347412 391.104736 19306.868896 7480.299072 170.863037 1823.733521 -216.717529 1062.228394 18911.225586 8097.822266 -224.780273 2441.256714 -56.436768 426.835938
22442.631836 9742.553711 3389.936523 4105.284424 42.253418 52.286987 16439.053955 8982.148438 -2613.641357 3344.87915 48.308105 19.404297 23048.125 14121.516113 3995.429688 8484.246826 3.166504 -14.758301 15061.838379 13383.862305 -3990.856934 7746.593018 -176.473389 305.718994 22298.149414 16485.561523 3245.454102 10848.292236 -13.259277 27.744141 17636.849365 9241.276245 -1415.845947 3604.006958 -140.822754 412.234497 20459.726562 18001.385498 1407.03125 12364.116211 -0.987549 -58.117676 21115.405273 18657.076416 2062.709961 13019.807129 6.921387 -56.748047 23438.254395 18393.217773 4385.559082 12755.948486 -4.143066 10.92041 19483.985596 8004.0271 431.290283 2366.757812 460.992432 591.574097 19533.31665 7364.484253 480.621338 1727.214966 226.447754 -115.814819 18811.274414 8712.747192 -241.420898 3075.477905 -99.951172 614.924927
22421.04248 9748.717651 3315.733643 4114.567871 -21.589355 6.16394 16397.716064 9091.786499 -2707.592773 3457.636719 -41.337891 109.638062 23046.994629 14138.597412 3941.685791 8504.447632 -1.130371 17.081299 15024.558105 13572.69043 -4080.750732 7938.540649 -37.280273 188.828125 22309.782715 16482.835693 3204.473877 10848.685913 11.633301 -2.72583 17500.014648 9986.467285 -1605.294189 4352.317505 -136.834717 745.19104 20459.678955 18061.516113 1354.370117 12427.366333 -0.047607 60.130615 21022.312012 18607.775879 1917.003174 12973.626099 -93.093262 -49.300537 23447.075195 18430.913086 4341.766357 12796.763306 8.820801 37.695312 19077.902832 8439.16626 -27.406006 2805.016479 -406.082764 435.13916 19191.186523 8486.948242 85.877686 2852.798462 -342.130127 1122.463989 18769.460449 9190.067139 -335.848389 3555.917358 -41.813965 477.319946
22420.078125 9726.641235 3262.773438 4112.311401 -0.964355 -22.076416 16326.291504 9157.883911 -2831.013184 3543.554077 -71.424561 66.097412 23045.043945 14172.711182 3887.739258 8558.381348 -1.950684 34.11377 15034.334717 13820.797119 -4122.969971 8206.467285 9.776611 248.106689 22325.959473 16502.945557 3168.654785 10888.615723 16.176758 20.109863 17337.995605 10617.449951 -1819.309082 5003.120117 -162.019043 630.982666 20396.091309 18003.68042 1238.786621 12389.350586 -63.587646 -57.835693 21020.180664 18590.65918 1862.875977 12976.329346 -2.131348 -17.116699 23463.986816 18363.15918 4306.682129 12748.829346 16.911621 -67.753906 19021.982422 9252.359009 -135.322266 3638.029175 -55.92041 813.192749 18962.496338 8604.879761 -194.80835 2990.549927 -228.690186 117.931519 18395.919189 9905.935059 -761.385498 4291.605225 -373.54126 715.86792
22421.90918 9696.588745 3234.194336 4055.059814 1.831055 -30.05249 16364.556885 9201.776733 -2823.157959 3560.247803 38.265381 43.892822 23033.376465 14091.625977 3845.661621 8450.097046 -11.66748 -81.085205 15038.05542 13942.427979 -4149.659424 8300.899048 3.720703 121.630859 22353.862305 16421.152344 3166.147461 10779.623413 27.902832 -81.793213 16677.316895 11998.81958 -2510.397949 6357.290649 -660.678711 1381.369629 20359.486084 17969.645996 1171.77124 12328.117065 -36.605225 -34.034424 21170.839844 18590.825195 1983.125 12949.296265 150.65918 0.166016 23459.538574 18288.347168 4271.82373 12646.818237 -4.448242 -74.812012 18828.562012 10660.109863 -359.152832 5018.580933 -193.42041 1407.750854 18664.6875 9279.084473 -523.027344 3637.555542 -297.808838 674.204712 17854.528809 10650.294189 -1333.186035 5008.765259 -541.390381 744.359131
22409.777832 9722.203369 3221.384277 4130.551758 -12.131348 25.614624 16371.069336 9252.887573 -2817.324219 3661.235962 6.512451 51.11084 23066.159668 14094.294434 3877.766113 8502.642822 32.783203 2.668457 14947.683105 14029.520264 -4240.710449 8437.868652 -90.372314 87.092285 22367.280273 16380.075684 3178.886719 10788.424072 13.417969 -41.07666 16403.724365 12628.80127 -2784.669189 7037.149658 -273.592529 629.981689 20343.496094 17658.353271 1155.102539 12066.70166 -15.98999 -311.292725 21522.214355 18283.116455 2333.820801 12691.464844 351.374512 -307.70874 23308.317871 18108.546143 4119.924316 12516.894531 -151.220703 -179.801025 18589.387207 11088.171387 -599.006348 5496.519775 -239.174805 428.061523 18052.675781 10124.682617 -1135.717773 4533.031006 -612.011719 845.598145 18475.95459 11427.37793 -712.438965 5835.726318 621.425781 777.08374
22406.77002 9730.718994 3217.368164 4178.186035 -3.007812 8.515625 16322.740479 9324.720459 -2866.661377 3772.1875 -48.328857 71.832886 23138.352051 14020.650635 3948.950195 8468.117676 72.192383 -73.643799 15096.768799 14233.752441 -4092.633057 8681.219482 149.085693 204.232178 22432.86377 16098.101807 3243.461914 10545.568848 65.583496 -281.973877 16357.591553 12968.602295 -2831.810303 7416.069336 -46.132812 339.801025 20474.841309 17085.913086 1285.439453 11533.380127 131.345215 -572.440186 21721.193848 17599.772949 2531.791992 12047.23999 198.979492 -683.343506 23311.23291 17753.514404 4121.831055 12200.981445 2.915039 -355.031738 17686.362305 10823.581543 -1503.039551 5271.048584 -903.024902 -264.589844 17647.404785 10890.732422 -1541.99707 5338.199463 -405.270996 766.049805 18528.375244 12236.246338 -661.026611 6683.713379 52.420654 808.868408
22389.147949 9681.484985 3179.720459 4152.411499 -17.62207 -49.234009 16329.104004 9279.602051 -2880.323486 3750.528564 6.363525 -45.118408 23258.164062 14085.107422 4048.736572 8556.033936 119.812012 64.456787 14751.798096 14093.393555 -4457.629395 8564.320068 -344.970703 -140.358887 22382.094727 15758.486328 3172.667236 10229.412842 -50.769043 -339.615479 16226.728516 13394.772949 -2982.698975 7865.699463 -130.863037 426.170654 21255.673828 16511.035156 2046.246338 10981.96167 780.83252 -574.87793 21950.898438 16815.356445 2741.470947 11286.282959 229.70459 -784.416504 23208.762207 17247.979736 3999.334717 11718.90625 -102.470703 -505.534668 18389.613037 12828.408203 -819.814453 7299.334717 703.250732 2004.82666 17213.691406 11706.240234 -1995.736084 6177.166748 -433.713379 815.507812 16084.731445 12374.467773 -3124.696045 6845.394287 -2443.643799 138.221436
22431.159668 9678.328857 3236.203613 4138.720093 42.011719 -3.156128 16333.779297 9271.698608 -2861.176758 3732.089844 4.675293 -7.903442 23292.299805 13991.147461 4097.34375 8451.538696 34.135742 -93.959961 14893.063965 13966.917725 -4301.89209 8427.30896 141.265869 -126.47583 22427.861328 15556.008301 3232.905273 10016.399536 45.766602 -202.478027 16144.603271 13630.760498 -3050.352783 8091.151733 -82.125244 235.987549 21455.043945 14938.441162 2260.087891 9398.832397 199.370117 -1572.593994 21064.475098 14954.940186 1869.519043 9415.331421 -886.42334 -1860.41626 20063.378906 15033.33252 868.422852 9493.723755 -3145.383301 -2214.647217 18331.500244 13204.072266 -863.455811 7664.463501 -58.112793 375.664062 17251.12915 12085.684814 -1943.826904 6546.07605 37.437744 379.44458 16041.765137 12728.758545 -3153.190918 7189.14978 -42.966309 354.290771
22413.503418 9694.919434 3274.75708 4200.834961 -17.65625 16.590576 16297.741699 9325.889893 -2841.004639 3831.80542 -36.037598 54.191284 23337.900391 14068.15918 4199.154053 8574.074707 45.600586 77.011719 14796.45874 13776.224365 -4342.287598 8282.139893 -96.605225 -190.693359 22190.344238 15115.45166 3051.5979 9621.367188 -237.51709 -440.556641 16121.120605 13900.419922 -3017.625732 8406.335449 -23.482666 269.659424 21526.064453 14261.213379 2387.318115 8767.128906 71.020508 -677.227783 20959.477539 14009.343262 1820.731201 8515.258789 -104.997559 -945.596924 19928.760986 14319.904785 790.014648 8825.820312 -134.61792 -713.427734 18337.717285 13552.147217 -801.029053 8058.062744 6.217041 348.074951 17445.058594 12187.231445 -1693.687744 6693.146973 193.929443 101.546631 15928.033447 12815.43335 -3210.712891 7321.348877 -113.731689 86.674805
22411.447754 9705.297241 3268.869629 4188.446045 -2.055664 10.377808 16219.013672 9368.023071 -2923.564453 3851.171875 -78.728027 42.133179 23256.162109 14429.720459 4113.583984 8912.869263 -81.738281 361.561279 14862.484131 13828.970947 -4280.093994 8312.119751 66.025391 52.746582 21807.36084 14887.642822 2664.782715 9370.791626 -382.983398 -227.808838 16191.525879 14047.763672 -2951.052246 8530.912476 70.405273 147.34375 21228.354492 12855.05127 2085.776367 7338.200073 -297.709961 -1406.162109 20732.963867 12896.263428 1590.385742 7379.412231 -226.513672 -1113.079834 19636.512451 13435.27832 493.934326 7918.427124 -292.248535 -884.626465 18359.136963 13709.846191 -783.441162 8192.994995 21.419678 157.698975 17449.140625 12304.798584 -1693.4375 6787.947388 4.082031 117.567139 15963.948975 13000.327148 -3178.62915 7483.475952 35.915527 184.893799
22386.181641 9686.278076 3247.03125 4160.621948 -25.266113 -19.019165 16323.42041 9284.469604 -2815.72998 3758.813477 104.406738 -83.553467 23165.073242 14661.954346 4025.922852 9136.298218 -91.088867 232.233887 14863.375244 13924.471436 -4275.775146 8398.815308 0.891113 95.500488 21592.685547 14591.462402 2453.535156 9065.806274 -214.675293 -296.18042 16242.441406 14019.287109 -2896.708984 8493.630981 50.915527 -28.476562 20887.5 12297.950439 1748.349609 6772.294312 -340.854492 -557.10083 20096.276855 12129.0625 957.126465 6603.406372 -636.687012 -767.200928 19133.748779 13284.884033 -5.401611 7759.227905 -502.763672 -150.394287 18434.885254 13775.057373 -704.265137 8249.401245 75.748291 65.211182 17882.015381 12191.601562 -1257.13501 6665.945435 432.874756 -113.197021 16243.886719 13089.365234 -2895.263672 7563.709106 279.937744 89.038086
22340.734863 9664.056396 3226.804199 4106.174927 -45.446777 -22.22168 16279.764404 9325.950928 -2834.16626 3768.069458 -43.656006 41.481323 23120.20752 14408.83667 4006.276855 8850.9552 -44.865723 -253.117676 15065.932617 13950.545654 -4047.998047 8392.664185 202.557373 26.074219 21208.754883 14242.451172 2094.824219 8684.569702 -383.930664 -349.01123 16517.276611 14031.49292 -2596.654053 8473.61145 274.835205 12.205811 20724.921875 11972.929688 1610.991211 6415.048218 -162.578125 -325.020752 19460.769043 11772.130127 346.838379 6214.248657 -635.507812 -356.932373 19014.436035 13055.179443 -99.494629 7497.297974 -119.312744 -229.70459 17461.765137 12294.561768 -1652.165527 6736.680298 -973.120117 -1480.495605 18228.762207 12386.529541 -885.168457 6828.648071 346.746826 194.927979 18654.893799 13788.653564 -459.036865 8230.772095 2411.00708 699.28833
22324.53125 9600.203247 3191.252441 4109.01001 -16.203613 -63.853149 16307.29248 9301.884766 -2825.986328 3810.691528 27.528076 -24.066162 23104.819336 14206.820068 3971.540527 8715.626831 -15.388184 -202.016602 15164.775391 14014.107666 -3968.503418 8522.914429 98.842773 63.562012 20946.083984 13976.768799 1812.805176 8485.575562 -262.670898 -265.682373 16848.463135 14038.427734 -2284.815674 8547.234497 331.186523 6.934814 20131.993408 11944.27124 998.7146 6453.078003 -592.928467 -28.658447 19142.824707 11443.458252 9.545898 5952.265015 -317.944336 -328.671875 18971.07666 12928.901367 -162.202148 7437.70813 -43.359375 -126.278076 18157.799072 12306.860352 -975.479736 6815.667114 696.033936 12.298584 18554.669189 11912.139893 -578.609619 6420.946655 325.906982 -474.389648 19047.720947 13432.55249 -85.557861 7941.359253 392.827148 -356.101074
22287.004395 9577.337646 3195.915527 4063.623047 -37.526855 -22.865601 16213.679199 9409.733887 -2877.409668 3896.019287 -93.613281 107.849121 23076.704102 14256.329346 3985.615234 8742.614746 -28.115234 49.509277 15245.216064 13915.79834 -3845.872803 8402.08374 80.440674 -98.309326 20821.25 13887.597656 1730.161133 8373.883057 -124.833984 -89.171143 17200.64209 14105.574951 -1890.446777 8591.860352 352.178955 67.147217 19279.643555 13445.454102 188.554688 7931.739502 -852.349854 1501.182861 18730.709229 11599.874268 -360.379639 6086.159668 -412.115479 156.416016 19682.735596 12738.857422 591.646729 7225.142822 711.658936 -190.043945 19523.811035 13296.490479 432.722168 7782.775879 1366.011963 989.630127 19618.929443 11919.233398 527.840576 6405.518799 1064.260254 7.093506 18509.564209 12624.924316 -581.524658 7111.209717 -538.156738 -807.628174
22307.148438 9573.622437 3204.232178 4084.763794 20.144043 -3.71521 16326.033936 9337.560425 -2776.882324 3848.701782 112.354736 -72.173462 23077.241211 14200.817871 3974.324951 8711.959229 0.537109 -55.511475 15371.629639 13862.055664 -3731.286621 8373.197021 126.413574 -53.742676 20707.32666 13889.488525 1604.4104 8400.629883 -113.92334 1.890869 17316.064453 14074.44458 -1786.851807 8585.585938 115.422363 -31.130371 18299.720459 12742.220459 -803.195801 7253.361816 -979.923096 -703.233643 18607.718506 11701.606445 -495.197754 6212.747803 -122.990723 101.732178 20276.773682 12705.964355 1173.857422 7217.105713 594.038086 -32.893066 18503.649902 12878.833008 -599.266357 7389.974365 -1020.161133 -417.657471 19679.396973 12086.309814 576.480713 6597.451172 60.467529 167.076416 18571.890869 12259.460449 -531.025391 6770.601807 62.32666 -365.463867
22244.902344 9587.415771 3152.526855 4110.41748 -62.246094 13.793335 16324.216309 9345.050049 -2768.15918 3868.051758 -1.817627 7.489624 23076.064453 14283.322754 3983.688965 8806.324463 -1.176758 82.504883 15324.370117 14075.36499 -3768.005371 8598.366699 -47.259521 213.309326 20751.040039 13862.687988 1658.664551 8385.689697 43.713379 -26.800537 17144.42749 13890.063477 -1947.947998 8413.065186 -171.636963 -184.381104 19008.774414 13380.200195 -83.601074 7903.201904 709.053955 637.979736 18462.926025 11689.602051 -629.449463 6212.60376 -144.79248 -12.004395 20338.413086 12415.925293 1246.037598 6938.927002 61.639404 -290.039062 19341.135254 13304.671631 248.759766 7827.67334 837.485352 425.838623 19702.449951 12047.528076 610.074463 6570.529785 23.052979 -38.781738 18233.205566 12294.304199 -859.169922 6817.305908 -338.685303 34.84375
22266.315918 9596.732788 3246.402588 4102.50061 21.413574 9.317017 16247.451172 9389.793701 -2772.462158 3895.561523 -76.765137 44.743652 23108.894043 14392.802734 4088.980713 8898.570557 32.82959 109.47998 15255.175781 14267.56958 -3764.737549 8773.337402 -69.194336 192.20459 21068.444824 13764.570312 2048.531494 8270.338135 317.404785 -98.117676 16843.144531 13643.830566 -2176.768799 8149.598389 -301.282959 -246.23291 19706.619873 11493.168945 686.706543 5998.936768 697.845459 -1887.03125 18920.129395 11347.618408 -99.783936 5853.38623 457.203369 -341.983643 18996.82373 13086.064453 -23.0896 7591.832275 -1341.589355 670.13916 17605.970459 11336.278076 -1413.942871 5842.045898 -1735.164795 -1968.393555 18341.785889 11506.707764 -678.127441 6012.475586 -1360.664062 -540.820312 18925.568848 13213.966064 -94.344482 7719.733887 692.363281 919.661865
22301.796875 9646.064453 3269.342041 4182.151489 35.480957 49.331665 16275.953369 9377.712402 -2756.501465 3913.799438 28.502197 -12.081299 23120.185547 14867.74292 4087.730713 9403.829956 11.291504 474.940186 15122.341309 14615.578613 -3910.113525 9151.665649 -132.834473 348.009033 21437.788086 13649.7229 2405.333252 8185.809937 369.343262 -114.847412 16483.041992 13368.112793 -2549.412842 7904.199829 -360.102539 -275.717773 20271.015625 11406.59668 1238.560791 5942.683716 564.395752 -86.572266 19762.512207 11339.976807 730.057373 5876.063843 842.382812 -7.641602 19119.541016 12887.138672 87.086182 7423.225708 122.717285 -198.925781 16696.850586 10889.821777 -2335.604248 5425.908813 -909.119873 -446.456299 17543.100586 11449.001465 -1489.354248 5985.088501 -798.685303 -57.706299 18135.843506 13191.003418 -896.611328 7727.090454 -789.725342 -22.962646
22300.244141 9624.336548 3280.712891 4198.952637 -1.552734 -21.727905 16292.015381 9376.439819 -2727.515869 3951.055908 16.062012 -1.272583 23347.729492 15120.045166 4328.198242 9694.661255 227.543945 252.302246 15041.925049 14851.352539 -3977.606201 9425.968628 -80.41626 235.773926 21922.36084 13468.205566 2902.82959 8042.821655 484.572754 -181.517334 15104.702148 13562.563477 -3914.829102 8137.179565 -1378.339844 194.450684 22658.725586 12047.088623 3639.194336 6621.704712 2387.709961 640.491943 20907.705078 11358.736572 1888.173828 5933.352661 1145.192871 18.759766 20160.629883 12833.753662 1141.098633 7408.369751 1041.088867 -53.38501 16305.169678 11449.157715 -2714.361572 6023.773804 -391.680908 559.335938 16180.950928 11631.386719 -2838.580322 6206.002808 -1362.149658 182.385254 16491.286621 13586.37085 -2528.244629 8160.986938 -1644.556885 395.367432
22378.962402 9599.995728 3344.174805 4161.972656 78.718262 -24.34082 16284.770508 9375.726929 -2750.01709 3937.703857 -7.244873 -0.712891 23657.719727 15136.391602 4622.932129 9698.36853 309.990234 16.346436 15475.672607 13670.455322 -3559.11499 8232.432251 433.747559 -1180.897217 22659.421387 13349.683838 3624.633789 7911.660767 737.060547 -118.521729 14372.391357 13313.669434 -4662.39624 7875.646362 -732.310791 -248.894043 21545.969238 11075.776367 2511.181641 5637.753296 -1112.756348 -971.312256 22027.053223 11514.906006 2992.265625 6076.882935 1119.348145 156.169434 21359.143066 13131.552734 2324.355469 7693.529663 1198.513184 297.799072 14662.490234 11008.492432 -4372.297363 5570.46936 -1642.679443 -440.665283 13183.83667 11369.599609 -5850.950928 5931.576538 -2997.114258 -261.787109 12704.753418 12638.417969 -6330.03418 7200.394897 -3786.533203 -947.952881
22408.759766 9568.338623 3366.235352 4069.507446 29.797363 -31.657104 16208.543701 9394.518433 -2833.980713 3895.687256 -76.226807 18.791504 24233.510742 15139.796143 5190.986328 9640.964966 575.791016 3.404541 15224.954834 13410.457764 -3817.56958 7911.626587 -250.717773 -259.997559 23709.145508 13578.354492 4666.621094 8079.523315 1049.724121 228.670654 13686.000977 13552.205811 -5356.523438 8053.374634 -686.390381 238.536377 23320.126953 11166.262207 4277.602539 5667.43103 1774.157715 90.48584 22764.240723 11791.435547 3721.716309 6292.60437 737.1875 276.529541 22010.588379 13162.623291 2968.063965 7663.792114 651.445312 31.070557 12617.532959 11326.936035 -6424.991455 5828.104858 -2044.957275 318.443604 11821.945801 11345.19165 -7220.578613 5846.360474 -1361.890869 -24.407959 10810.684814 12455.925293 -8231.8396 6957.094116 -1894.068604 -182.492676
22419.643555 9564.018555 3377.349854 4158.209229 10.883789 -4.320068 16196.784668 9317.767334 -2845.509033 3911.958008 -11.759033 -76.751099 23981.635742 13871.112061 4939.342041 8465.302734 -251.875 -1268.684082 15189.121094 13231.466064 -3853.172607 7825.656738 -35.83374 -178.991699 24570.163574 13451.137695 5527.869873 8045.328369 861.018066 -127.216797 13158.157959 13631.053467 -5884.135742 8225.244141 -527.843018 78.847656 23422.927246 11313.868408 4380.633545 5908.059082 102.800293 147.606201 23840.187988 11597.242432 4797.894287 6191.433105 1075.947266 -194.193115 22874.042969 13535.863037 3831.749268 8130.053711 863.45459 373.239746 11951.101074 11615.076904 -7091.192627 6209.267578 -666.431885 288.140869 10819.360352 11194.073486 -8222.93335 5788.26416 -1002.585449 -151.118164 10070.275269 12574.515381 -8972.018433 7168.706055 -740.409546 118.590088
22434.626465 9670.698853 3456.899414 4225.912476 14.98291 106.680298 16331.988525 9310.966187 -2645.738525 3866.17981 135.203857 -6.801147 23956.049805 14036.292725 4978.322754 8591.506348 -25.585938 165.180664 15142.614746 13156.812744 -3835.112305 7712.026367 -46.506348 -74.65332 25027.539062 13808.334961 6049.812012 8363.548584 457.375488 357.197266 12809.208984 13636.114502 -6168.518066 8191.328125 -348.948975 5.061035 24603.205566 11901.374512 5625.478516 6456.588135 1180.27832 587.506104 24956.594238 11503.483887 5978.867188 6058.69751 1116.40625 -93.758545 23780.119629 13257.331543 4802.392578 7812.545166 906.07666 -278.531494 11461.149902 11556.497803 -7516.577148 6111.711426 -489.951172 -58.579102 10426.420898 11188.649902 -8551.306152 5743.863525 -392.939453 -5.423584 9685.723267 12457.381592 -9292.003784 7012.595215 -384.552002 -117.133789
22536.967773 9722.397461 3504.716797 4332.548218 102.341309 51.698608 16342.507324 9392.901001 -2689.743652 4003.051758 10.518799 81.934814 24359.82666 14043.088379 5327.575684 8653.239136 403.776855 6.795654 15267.932129 13128.742676 -3764.318848 7738.893433 125.317383 -28.070068 24970.837402 13840.491943 5938.586426 8450.6427 -56.70166 32.156982 12654.488525 13713.753662 -6377.762451 8323.904419 -154.720459 77.63916 23958.742676 12770.018311 4926.491699 7380.169067 -644.462891 868.643799 25272.324219 11755.109863 6240.073242 6365.26062 315.72998 251.625977 26969.023438 12463.022461 7936.772461 7073.173218 3188.903809 -794.309082 11352.56958 11911.436768 -7679.681396 6521.587524 -108.580322 354.938965 10210.725708 11129.592285 -8821.525269 5739.743042 -215.69519 -59.057617 9486.542969 12525.413818 -9545.708008 7135.564575 -199.180298 68.032227
22568.596191 9738.601074 3565.623779 4333.88916 31.628418 16.203613 16287.706299 9421.896362 -2715.266113 4017.184448 -54.801025 28.995361 24344.133301 13955.587158 5341.160889 8550.875244 -15.693359 -87.501221 15083.146973 13142.813721 -3919.825439 7738.101807 -184.785156 14.071045 25037.692871 13908.338623 6034.720459 8503.626709 66.855469 67.84668 12535.437012 13738.859863 -6467.5354 8334.147949 -119.051514 25.106201 24287.272949 12830.979004 5284.300537 7426.26709 328.530273 60.960693 25534.580078 11719.818115 6531.607666 6315.106201 262.255859 -35.291748 27076.054688 12513.33252 8073.082275 7108.620605 107.03125 50.310059 11215.853271 12132.675781 -7787.119141 6727.963867 -136.716309 221.239014 10081.309814 11267.672119 -8921.662598 5862.960205 -129.415894 138.079834 9374.316406 12520.919189 -9628.656006 7116.207275 -112.226562 -4.494629
22558.222656 9713.684082 3531.153564 4319.605713 -10.373535 -24.916992 16290.128174 9383.206177 -2736.940918 3989.127808 2.421875 -38.690186 24296.582031 14004.376221 5269.512939 8610.297852 -47.55127 48.789062 15211.248779 13215.344238 -3815.820312 7821.265869 128.101807 72.530518 25068.378906 13908.515625 6041.309814 8514.437256 30.686035 0.177002 12606.220703 13788.470459 -6420.848389 8394.39209 70.783691 49.610596 24269.619141 12812.076416 5242.550049 7417.998047 -17.653809 -18.902588 25444.519043 11850.559082 6417.449951 6456.480713 -90.061035 130.740967 27100.834961 12483.237305 8073.765869 7089.158936 24.780273 -30.095215 10908.044434 11773.48877 -8119.024658 6379.4104 -307.808838 -359.187012 10231.710205 11622.947998 -8795.358887 6228.869629 150.400391 355.275879 9480.059814 12817.384033 -9547.009277 7423.305664 105.743408 296.464844
22585.583496 9694.9823 3567.908936 4254.365234 27.36084 -18.701782 16282.29248 9353.511963 -2735.38208 3912.894897 -7.835693 -29.694214 23987.954102 14071.21582 4970.279541 8630.598755 -308.62793 66.8396 15270.933838 13124.335938 -3746.740723 7683.718872 59.685059 -91.008301 24836.516113 13953.360596 5818.841553 8512.74353 -231.862793 44.844971 12591.286621 13920.273438 -6426.387939 8479.656372 -14.934082 131.802979 24201.081543 12792.772217 5183.406982 7352.155151 -68.537598 -19.304199 25431.955566 11726.165771 6414.281006 6285.548706 -12.563477 -124.393311 26937.268066 12515.115967 7919.593506 7074.498901 -163.566895 31.878662 10940.9021 12323.509521 -8076.772461 6882.892456 32.857666 550.020752 10225.81604 11967.362061 -8791.858521 6526.744995 -5.894165 344.414062 9603.275757 13053.203125 -9414.398804 7612.58606 123.215942 235.819092
22422.114258 9761.731567 3423.389893 4340.045776 -163.469238 66.749268 16306.965332 9302.197266 -2691.759033 3880.511475 24.672852 -51.314697 23746.765137 13842.769775 4748.040771 8421.083984 -241.188965 -228.446045 15171.66748 13128.099365 -3827.056885 7706.413574 -99.266357 3.763428 24677.941895 13760.227051 5679.217529 8338.54126 -158.574219 -193.133545 12841.54541 14026.756592 -6157.178955 8605.070801 250.258789 106.483154 23656.274414 12873.850098 4657.550049 7452.164307 -544.807129 81.077881 25221.848145 12035.601807 6223.123779 6613.916016 -210.107422 309.436035 26664.394531 12862.271729 7665.670166 7440.585938 -272.873535 347.155762 11265.284424 13617.991943 -7733.439941 8196.306152 324.382324 1294.482422 10315.360107 13025.932617 -8683.364258 7604.246826 89.544067 1058.570557 9721.469116 13772.115479 -9277.255249 8350.429688 118.193359 718.912354
22521.013184 9776.5802 3486.239014 4337.352905 98.898926 14.848633 16274.28833 9349.49646 -2760.48584 3910.269165 -32.677002 47.299194 23906.157227 14385.437012 4871.383057 8946.209717 159.39209 542.667236 15159.060059 13084.533691 -3875.714111 7645.306396 -12.607422 -43.565674 24500.527344 14190.319824 5465.753174 8751.092529 -177.414551 430.092773 12924.157715 14116.850586 -6110.616455 8677.623291 82.612305 90.093994 23457.817383 12938.106689 4423.043213 7498.879395 -198.457031 64.256592 24783.696289 12517.775879 5748.922119 7078.548584 -438.151855 482.174072 26277.912598 13300.560303 7243.138428 7861.333008 -386.481934 438.288574 11821.166992 14794.776611 -7213.607178 9355.549316 555.882568 1176.784668 10726.241455 14400.611572 -8308.532715 8961.384277 410.881348 1374.678955 9909.366455 14305.797119 -9125.407715 8866.569824 187.897339 533.681641
22435.01709 9699.389038 3395.875244 4235.268555 -85.996094 -77.191162 16329.912109 9332.355347 -2709.229736 3868.234863 55.623779 -17.141113 23443.857422 14523.265381 4404.715576 9059.144897 -462.299805 137.828369 15185.440674 13090.983887 -3853.701172 7626.863403 26.380615 6.450195 24146.26709 14468.807373 5107.125244 9004.68689 -354.260254 278.487549 12909.210205 14232.929688 -6129.931641 8768.809204 -14.94751 116.079102 23243.798828 13342.468262 4204.656982 7878.347778 -214.018555 404.361572 24438.186035 13051.942139 5399.044189 7587.821655 -345.510254 534.16626 25890.117188 13719.094238 6850.975342 8254.973755 -387.79541 418.533936 11571.663818 15590.423584 -7467.478027 10126.303101 -249.503174 795.646973 10450.539551 15384.63501 -8588.602295 9920.514526 -275.701904 984.023438 10139.765625 15183.231201 -8899.376221 9719.110718 230.39917 877.434082
22312.749023 9694.266357 3275.484619 4247.600098 -122.268066 -5.122681 16281.708984 9287.796021 -2755.55542 3841.129761 -48.203125 -44.559326 23318.254395 13397.523193 4280.98999 7950.856934 -125.603027 -1125.742188 15119.595947 13244.84375 -3917.668457 7798.17749 -65.844727 153.859863 23821.303711 14344.141846 4784.039307 8897.475586 -324.963379 -124.665527 12973.028564 14511.334229 -6064.23584 9064.667969 63.818359 278.404541 22906.945801 14634.002686 3869.681396 9187.336426 -336.853027 1291.534424 23734.255371 14477.928467 4696.990967 9031.262207 -703.930664 1425.986328 24263.320312 15142.712402 5226.055908 9696.046143 -1626.796875 1423.618164 11463.837891 16477.653809 -7573.426514 11030.987549 -107.825928 887.230225 9899.259033 16684.825439 -9138.005371 11238.15918 -551.280518 1300.19043 10085.714722 16422.338867 -8951.549683 10975.672607 -54.050903 1239.107666
22376.557617 9702.915039 3327.958984 4280.964355 63.808594 8.648682 16338.884277 9350.41626 -2709.714355 3928.465576 57.175293 62.620239 23417.758789 13181.013184 4369.160156 7759.0625 99.504395 -216.51001 15201.539307 13305.213623 -3847.059326 7883.262939 81.943359 60.369873 23567.65625 14485.189209 4519.057617 9063.238525 -253.647461 141.047363 12585.944824 14988.448486 -6462.653809 9566.497803 -387.08374 477.114258 22379.492188 15362.105713 3330.893555 9940.155029 -527.453613 728.103027 23347.929688 15273.632812 4299.331055 9851.682129 -386.325684 795.704346 24257.145996 15487.896729 5208.547363 10065.946045 -6.174316 345.184326 11355.018311 17068.900146 -7693.580322 11646.949463 -108.81958 591.246338 9728.275146 17280.385742 -9320.323486 11858.435059 -170.983887 595.560303 10259.919434 17008.980713 -8788.679199 11587.030029 174.204712 586.641846
22400.778809 9713.890991 3350.727539 4266.94458 24.221191 10.975952 16397.380371 9375.917969 -2652.670898 3928.971558 58.496094 25.501709 23344.741211 13428.737793 4294.689941 7981.791382 -73.017578 247.724609 15147.352295 13524.597168 -3902.698975 8077.650757 -54.187012 219.383545 23432.275391 14631.577148 4382.224121 9184.630737 -135.380859 146.387939 12557.237549 15427.799072 -6492.813721 9980.852661 -28.707275 439.350586 21629.204102 15877.816162 2579.152832 10430.869751 -750.288086 515.710449 22403.322754 15968.312988 3353.271484 10521.366577 -944.606934 694.680176 23860.195312 16205.471191 4810.144043 10758.52478 -396.950684 717.574463 11548.309326 17362.856445 -7501.741943 11915.910034 193.291016 293.956299 9467.717285 17991.501465 -9582.333984 12544.555054 -260.557861 711.115723 10005.149536 17610.933838 -9044.901733 12163.987427 -254.769897 601.953125
22393.815918 9689.688721 3317.43042 4223.879395 -6.962891 -24.202271 16437.348633 9356.489868 -2639.036865 3890.680542 39.968262 -19.428101 23314.311523 13652.012939 4237.926025 8186.203613 -30.429688 223.275146 15177.049561 13475.513916 -3899.335938 8009.70459 29.697266 -49.083252 23199.008789 14994.274902 4122.623291 9528.465576 -233.266602 362.697754 12469.32373 15719.489746 -6607.061768 10253.68042 -87.913818 291.690674 21297.416992 16424.907227 2221.031494 10959.0979 -331.787109 547.091064 22180.830078 16300.369873 3104.44458 10834.560547 -222.492676 332.056885 23894.338379 16529.348145 4817.952881 11063.538818 34.143066 323.876953 11680.860596 17691.444092 -7395.524902 12225.634766 132.55127 328.587646 9625.063477 18027.957764 -9451.322021 12562.148438 157.346191 36.456299 10091.375732 17808.417969 -8985.009766 12342.608643 86.226196 197.484131
22414.445801 9760.089111 3342.562256 4323.468628 20.629883 70.400391 16382.032471 9440.233765 -2689.851074 4003.613281 -55.316162 83.743896 23243.903809 13769.942627 4172.020264 8333.322144 -70.407715 117.929688 15162.067871 13648.726807 -3909.815674 8212.106323 -14.981689 173.212891 22843.981934 15358.311768 3772.098389 9921.691284 -355.026855 364.036865 12448.815918 15959.539795 -6623.067627 10522.919312 -20.507812 240.050049 21083.061523 16705.053711 2011.177979 11268.433228 -214.355469 280.146484 21676.711426 16739.827881 2604.827881 11303.207397 -504.118652 439.458008 23333.291016 17000.501709 4261.407471 11563.881226 -561.047363 471.153564 11679.981689 17992.753906 -7391.901855 12556.133423 -0.878906 301.309814 10086.669922 18308.54126 -8985.213623 12871.920776 461.606445 280.583496 10434.796143 18110.98999 -8637.087402 12674.369507 343.42041 302.572021
22430.012207 9762.250977 3340.588379 4323.744507 15.566406 2.161865 16373.771973 9427.800903 -2715.651855 3989.294434 -8.260498 -12.432861 23182.988281 13796.634521 4093.564453 8358.128052 -60.915527 26.691895 15113.492432 13756.751709 -3975.931396 8318.245239 -48.575439 108.024902 22576.247559 15621.89209 3486.82373 10183.38562 -267.734375 263.580322 12403.382568 16211.849365 -6686.04126 10773.342896 -45.43335 252.30957 20604.035645 17012.615967 1514.611816 11574.109497 -479.025879 307.562256 21754.396973 17318.80127 2664.973145 11880.2948 77.685547 578.973389 23399.978027 17707.336426 4310.554199 12268.829956 66.687012 706.834717 11239.822998 18573.031006 -7849.60083 13134.524536 -440.158691 580.2771 9921.705322 18572.363281 -9167.718506 13133.856812 -164.9646 263.822021 10404.387207 18477.218018 -8685.036621 13038.711548 -30.408936 366.228027
22409.316406 9778.760376 3321.71875 4311.000977 -20.695801 16.509399 16351.171875 9420.824585 -2736.425781 3953.065186 -22.600098 -6.976318 23110.900879 13898.14209 4023.303223 8430.38269 -72.087402 101.507568 15234.377441 13771.081543 -3853.220215 8303.322144 120.88501 14.329834 22476.210938 15882.34375 3388.613281 10414.584351 -100.036621 260.45166 12503.851318 16318.748779 -6583.746338 10850.98938 100.46875 106.899414 20491.608887 17172.233887 1404.01123 11704.474487 -112.426758 159.61792 21498.171387 17763.045654 2410.57373 12295.286255 -256.225586 444.244385 23361.535645 17977.469482 4273.937988 12509.710083 -38.442383 270.133057 11699.356689 18293.62915 -7388.240967 12825.869751 459.533691 -279.401855 10153.756714 18693.476562 -8933.840942 13225.717163 232.051392 121.113281 10760.810547 18677.7771 -8326.787109 13210.0177 356.42334 200.559082
22365.107422 9767.304077 3258.54248 4318.90686 -44.208984 -11.456299 16422.731934 9347.60437 -2683.833008 3899.207153 71.560059 -73.220215 23104.89502 14058.948975 3998.330078 8610.551758 -6.005859 160.806885 15311.867676 13687.419434 -3794.697266 8239.022217 77.490234 -83.662109 22309.851074 16187.13623 3203.286133 10738.739014 -166.359863 304.79248 12570.107422 16417.91626 -6536.45752 10969.519043 66.256104 99.16748 20416.672363 17609.572754 1310.107422 12161.175537 -74.936523 437.338867 21449.733887 18174.191895 2343.168945 12725.794678 -48.4375 411.14624 23326.23291 18237.667236 4219.667969 12789.27002 -35.302734 260.197754 11643.962402 18489.077148 -7462.602539 13040.679932 -55.394287 195.447998 10184.874268 18675.05249 -8921.690674 13226.655273 31.117554 -18.424072 10479.46167 18533.212891 -8627.103271 13084.815674 -281.348877 -144.564209
22396.564941 9750.587158 3292.56958 4275.618286 31.45752 -16.716919 16373.135986 9448.095703 -2730.859375 3973.126831 -49.595947 100.491333 23032.39502 13989.377441 3928.399658 8514.408569 -72.5 -69.571533 15216.112061 13871.419678 -3887.883301 8396.450806 -95.755615 184.000244 22276.911621 16229.613037 3172.91626 10754.644165 -32.939453 42.476807 12682.655029 16579.587402 -6421.340332 11104.61853 112.547607 161.671143 20562.128906 17928.764648 1458.133545 12453.795776 145.456543 319.191895 21327.807617 18241.143799 2223.812256 12766.174927 -121.92627 66.951904 23435.297852 18227.625732 4331.30249 12752.65686 109.064941 -10.041504 11715.71167 18544.545898 -7388.283691 13069.577026 71.749268 55.46875 10305.068359 18629.956055 -8798.927002 13154.987183 120.194092 -45.096436 10606.303711 18455.27832 -8497.69165 12980.309448 126.842041 -77.93457
22412.1875 9792.692871 3303.179932 4327.941284 15.622559 42.105713 16384.887695 9413.146973 -2724.119873 3948.395386 11.751709 -34.94873 23012.929688 14064.265137 3903.922119 8599.51355 -19.465332 74.887695 15279.587402 13891.434326 -3829.420166 8426.682739 63.475342 20.014648 22230.559082 16225.307617 3121.551514 10760.55603 -46.352539 -4.30542 12775.351562 16543.765869 -6333.656006 11079.014282 92.696533 -35.821533 20507.231445 17930.689697 1398.223877 12465.93811 -54.897461 1.925049 21327.687988 18275.649414 2218.68042 12810.897827 -0.119629 34.505615 23353.549805 18214.486084 4244.542236 12749.734497 -81.748047 -13.139648 11876.90918 18392.67334 -7232.098389 12927.921753 161.19751 -151.872559 10267.414551 18557.573242 -8841.593018 13092.821655 -37.653809 -72.382812 10799.130859 18466.721191 -8309.876709 13001.969604 192.827148 11.442871
22368.151855 9764.781494 3290.648193 4278.673706 -44.035645 -27.911377 16395.045166 9364.521484 -2682.458496 3878.413696 10.157471 -48.625488 22986.904297 14120.256348 3909.400635 8634.14856 -26.025391 55.991211 15304.978027 13914.641113 -3772.525635 8428.533325 25.390625 23.206787 22187.197266 16179.118652 3109.693604 10693.010864 -43.361816 -46.188965 12849.672852 16637.536621 -6227.830811 11151.428833 74.321289 93.770752 20363.428955 17786.016846 1285.925293 12299.909058 -143.80249 -144.672852 21243.867188 18245.556641 2166.363525 12759.448853 -83.820801 -30.092773 23258.950195 18166.069336 4181.446533 12679.961548 -94.599609 -48.416748 11800.620117 18495.493164 -7276.883545 13009.385376 -76.289062 102.819824 10481.131592 18640.588379 -8596.37207 13154.480591 213.717041 83.015137 10934.606934 18476.228027 -8142.896729 12990.120239 135.476074 9.506836
22386.420898 9780.519409 3283.952637 4284.641724 18.269043 15.737915 16441.462402 9348.950806 -2661.005859 3853.07312 46.417236 -15.570679 22991.279297 14097.740479 3888.811035 8601.862793 4.375 -22.515869 15320.516357 13911.151123 -3781.951904 8415.273438 15.53833 -3.48999 22200.52002 16210.789795 3098.051758 10714.912109 13.322754 31.671143 12887.205811 16652.033691 -6215.262451 11156.156006 37.532959 14.49707 20595.673828 17896.047363 1493.205566 12400.169678 232.244873 110.030518 21233.745117 18258.286133 2131.276855 12762.408447 -10.12207 12.729492 23285.534668 18179.324951 4183.066406 12683.447266 26.584473 13.255615 11851.126709 18465.220947 -7251.341553 12969.343262 50.506592 -30.272217 10733.974609 18654.532471 -8368.493652 13158.654785 252.843018 13.944092 11360.03418 18405.792236 -7742.434082 12909.914551 425.427246 -70.435791
22388.833008 9747.572632 3336.003418 4214.526367 2.412109 -32.946777 16449.036865 9368.80188 -2603.792725 3835.755615 7.574463 19.851074 22963.540039 14083.513184 3910.710449 8550.466919 -27.739258 -14.227295 15261.390381 14049.94873 -3791.439209 8516.902466 -59.125977 138.797607 22255.053711 16194.709473 3202.224121 10661.663208 54.533691 -16.080322 12913.748779 16624.133301 -6139.080811 11091.087036 26.542969 -27.900391 20576.994629 17816.363525 1524.165039 12283.317261 -18.679199 -79.683838 21160.251465 18275.280762 2107.421875 12742.234497 -73.493652 16.994629 23235.95459 18124.34082 4183.125 12591.294556 -49.580078 -54.984131 11850.784912 18397.474365 -7202.044678 12864.428101 -0.341797 -67.746582 10722.059326 18766.425781 -8330.770264 13233.379517 -11.915283 111.893311 11686.800537 18447.092285 -7366.029053 12914.046021 326.766357 41.300049
22417.805176 9782.637329 3330.751953 4266.004028 28.972168 35.064697 16412.838135 9402.940674 -2674.215088 3886.307373 -36.19873 34.138794 23012.631836 14022.877197 3925.578613 8506.243896 49.091797 -60.635986 15236.141357 14008.062744 -3850.911865 8491.429443 -25.249023 -41.885986 22246.25 16203.470459 3159.196777 10686.837158 -8.803711 8.760986 12881.340332 16709.822998 -6205.712891 11193.189697 -32.408447 85.689697 20645.019531 17933.328857 1557.966309 12416.695557 68.024902 116.965332 21220.871582 18303.049316 2133.818359 12786.416016 60.620117 27.768555 23274.648438 18188.480225 4187.595215 12671.846924 38.693848 64.139404 11827.022705 18474.639893 -7260.030518 12958.006592 -23.762207 77.165527 10778.265381 18740.089111 -8308.787842 13223.455811 56.206055 -26.33667 11515.131836 18524.746094 -7571.921387 13008.112793 -171.668701 77.653809
22406.130371 9769.858398 3323.62915 4238.64624 -11.674805 -12.778931 16373.303223 9401.151733 -2709.197998 3869.939575 -39.534912 -1.78894 23026.552734 14134.882812 3944.051514 8603.670654 13.920898 112.005615 15267.722168 14069.931641 -3814.779053 8538.719482 31.580811 61.868896 22227.497559 16228.168945 3144.996338 10696.956787 -18.752441 24.698486 12887.822266 16743.914795 -6194.678955 11212.702637 6.481934 34.091797 20635.678711 17896.123047 1553.17749 12364.910889 -9.34082 -37.205811 21209.243164 18255.917969 2126.741943 12724.705811 -11.628418 -47.131348 23242.165527 18186.447754 4159.664307 12655.235596 -32.48291 -2.032471 11646.529541 18628.436279 -7435.97168 13097.224121 -180.493164 153.796387 10682.637939 18822.755127 -8399.863281 13291.542969 -95.627441 82.666016 11224.516602 18611.628418 -7857.984619 13080.41626 -290.615234 86.882324
22413.041992 9795.499878 3314.031982 4298.024292 6.911621 25.641479 16395.092773 9417.402344 -2703.917236 3919.926758 21.789551 16.25061 23025.014648 14082.561035 3926.004639 8585.085449 -1.538086 -52.321777 15250.716553 14105.407715 -3848.293457 8607.932129 -17.005615 35.476074 22233.222656 16232.030029 3134.212646 10734.554443 5.725098 3.861084 12814.897461 16767.363281 -6284.112549 11269.887695 -72.924805 23.448486 20625.629883 17938.740234 1526.619873 12441.264648 -10.048828 42.617188 21245.007324 18258.455811 2145.997314 12760.980225 35.76416 2.537842 23301.711426 18197.030029 4202.701416 12699.554443 59.545898 10.582275 11717.548828 18529.383545 -7381.461182 13031.907959 71.019287 -99.052734 10551.365967 18849.047852 -8547.644043 13351.572266 -131.271973 26.292725 11176.785889 18622.626953 -7922.224121 13125.151367 -47.730713 10.998535
22443.146973 9804.515381 3320.657959 4248.668823 30.10498 9.015503 16420.070801 9430.72937 -2702.418213 3874.882812 24.978027 13.327026 23040.788574 14069.316406 3918.299561 8513.469849 15.773926 -13.244629 15279.385986 14097.583008 -3843.103027 8541.73645 28.669434 -7.824707 22258.630371 16261.799316 3136.141357 10705.952759 25.407715 29.769287 12789.94873 16790.010986 -6332.540283 11234.164429 -24.94873 22.647705 20650.183105 17912.402344 1527.694092 12356.555786 24.553223 -26.337891 21259.79248 18199.082031 2137.303467 12643.235474 14.785156 -59.373779 23361.689453 18250.540771 4239.200439 12694.694214 59.978027 53.510742 11773.129883 18511.047363 -7349.359131 12955.200806 55.581055 -18.336182 10656.35498 18887.93457 -8466.134033 13332.088013 104.989014 38.886719 10528.69751 18498.060303 -8593.791504 12942.213745 -648.088379 -124.56665
22406.811523 9784.781494 3301.192627 4242.72583 -36.335449 -19.733887 16361.142578 9456.403809 -2744.476318 3914.348145 -58.928223 25.674438 23073.571777 14033.983154 3967.952881 8491.92749 32.783203 -35.333252 15304.835205 14133.162842 -3800.783691 8591.107178 25.449219 35.579834 22307.91748 16252.971191 3202.298584 10710.915527 49.287109 -8.828125 12826.262207 16730.738525 -6279.356689 11188.682861 36.313477 -59.272461 20630.83252 17900.36499 1525.213623 12358.309326 -19.350586 -12.037354 21246.008301 18211.21582 2140.389404 12669.160156 -13.78418 12.133789 23315.183105 18241.578369 4209.564209 12699.522705 -46.506348 -8.962402 11712.520752 18500.489502 -7393.098145 12958.433838 -60.609131 -10.557861 10616.300049 18869.162598 -8489.318848 13327.106934 -40.054932 -18.771973 10915.024414 18605.579834 -8190.594482 13063.52417 386.326904 107.519531
22441.772461 9779.157715 3347.684326 4226.321411 34.960938 -5.623779 16436.611328 9398.143311 -2657.476807 3845.307007 75.46875 -58.260498 23061.30127 14014.016113 3967.213135 8461.17981 -12.270508 -19.967041 15322.446289 14096.762695 -3771.641846 8543.926392 17.611084 -36.400146 22312.37793 16214.188232 3218.289795 10661.351929 4.460449 -38.782959 12823.658447 16792.606201 -6270.429688 11239.769897 -2.60376 61.867676 20676.169434 17880.410156 1582.081299 12327.573853 45.336914 -19.954834 21240.402832 18250.554199 2146.314697 12697.717896 -5.605469 39.338379 23329.489746 18180.72876 4235.401611 12627.892456 14.306641 -60.849609 11650.142822 18518.127441 -7443.945312 12965.291138 -62.37793 17.637939 10622.532959 18892.597656 -8471.555176 13339.761353 6.23291 23.435059 11481.033936 18559.171143 -7613.054199 13006.334839 566.009521 -46.408691
22429.916992 9771.697998 3283.4021 4215.942383 -11.855469 -7.459717 16353.532715 9409.779053 -2792.982178 3854.023438 -83.078613 11.635742 23076.586914 13978.791504 3930.072021 8423.035889 15.285645 -35.224609 15276.583252 14144.301758 -3869.931641 8588.546143 -45.863037 47.539062 22339.460449 16219.13208 3192.945557 10663.376465 27.08252 4.943848 12736.722412 16877.475586 -6409.79248 11321.719971 -86.936035 84.869385 20610.744629 17845.655518 1464.229736 12289.899902 -65.424805 -34.754639 21307.338867 18252.756348 2160.823975 12697.000732 66.936035 2.202148 23440.444336 18211.28418 4293.929443 12655.528564 110.95459 30.55542 11533.095703 18612.554932 -7613.419189 13056.799316 -117.047119 94.42749 10464.65332 18852.230225 -8681.861572 13296.474609 -157.879639 -40.367432 11348.063965 18737.457275 -7798.450928 13181.70166 -132.969971 178.286133
22414.260254 9776.789551 3277.668457 4308.832397 -15.656738 5.091553 16342.480469 9414.285889 -2794.111328 3946.328735 -11.052246 4.506836 23101.398926 13987.2229 3964.807129 8519.265747 24.812012 8.431396 15293.308105 14080.916748 -3843.283691 8612.959595 16.724854 -63.38501 22293.713379 16257.822266 3157.121582 10789.865112 -45.74707 38.690186 12827.475586 16845.174561 -6309.116211 11377.217407 90.753174 -32.301025 20669.116211 17883.918457 1532.524414 12415.961304 58.371582 38.262939 21244.98291 18238.22998 2108.391113 12770.272827 -62.355957 -14.526367 23363.662109 18210.968018 4227.070312 12743.010864 -76.782227 -0.316162 11639.163818 18550.921631 -7497.427979 13082.964478 106.068115 -61.633301 10544.91333 18910.97168 -8591.678467 13443.014526 80.26001 58.741455 11264.0979 18716.326904 -7872.493896 13248.369751 -83.966064 -21.130371
]