07-24-20_Matthew_4K.monkey_in_orange_flowers.0000000002 [ -0.7334216119563179 -0.708876050205723 -0.6947171446742899 -0.7044199265231855 -0.7321652315004559 -0.7547400867413413 -0.7638936392253131 -0.7567467154622437 -2.4654567823130216 -1.8677719507702228 -1.9920211567300765 -2.6050869624707174 -1.931955540447055 -1.5013355319801913 -1.904768381619556 -1.0539694867655585 -1.2677623854816558 -2.4853818640750602 -2.465514899464526 -1.9259447835794183 -1.8946621550031093 -1.9956126799065321 -1.3206989628295356 -1.352029851758786 -0.8245343968836502 -0.8360229220924309 -0.8260599959321888 -0.7922967647365522 -0.8060264919190572 -0.8051397177136794 -0.8034531581436836 -0.7933911938895499 -0.7920065973781515 -1.2237588051929245 -1.165619807103892 -1.23285437595456 -1.0099054947853146 -1.7192242399392361 -0.8304336862293449 -0.7925741472029425 -0.7440935789175289 -0.7525468933917031 -0.7482310197402792 -0.7424657003168107 -0.7211882290234389 -0.71544653437224 -0.7455658290004744 -0.7383021968092618 -0.867463849212476 -1.4266099507516743 -1.4718258042503207 -1.9767184270194949 -1.832148457904504 -1.7448856035769613 -0.7995350887582026 -1.739280826299811 -1.204834958451685 -1.324578912472574 -1.2582448720335107 -1.1559978404726343 -1.3339274655766875 -1.2383244635095412 -0.800282393769445 -0.8005217170953572 -0.8199995890469284 -0.8683180222780129 -1.2631612499021332 -1.3430751696881338 -1.280834199091283 -1.849391017884052 -1.2499712227055044 -0.8044524545478938 -1.2963604603247825 -0.8834806038864418 -1.8166884464626296 -1.726467380192961 -1.2603261973851512 -1.1298516721554137 -1.8128871449470196 -1.222185124929372 -1.8712881640908763 -1.358287670413092 -1.2792450619150844 -2.4343382235452227 -1.3192185288665836 -1.3015927381522414 -1.2559402274318991 -0.8014991828337303 -0.8434993569115028 -1.205018453825209 -1.1568106948212495 -1.7962815894070967 -0.800628995248792 -0.8324070648224966 -1.777195315253454 -0.842703074200659 -1.8419655568670603 -1.245945371773594 -1.7536055859126487 -1.2058365475595318 -1.268851763788677 -1.2898535105899656 -0.8610795895201067 -0.8015344642764837 -1.8628802113737717 -1.247436321430393 -1.2417702665320864 -1.8247793321131855 -1.449759761226188 -1.7575115250590831 -1.7131424464364648 -0.7916986730524337 -1.2057972831664494 -1.351742856841585 -2.01226198127991 -2.618097126260361 -1.482263813487246 -1.2745252258812823 -1.8863360652827517 -1.2332545050294554 -1.2449879480146155 -1.3153483286758587 -0.8247222858344452 -0.800311055663092 -0.8900578122130883 -1.1534276223148139 -1.2591839651048207 -1.00390314467502 -0.7675677897574351 -0.83533997274262 -0.7969199448990628 -1.208664609928077 -1.0541435834050699 -1.276338334842644 -0.809874351975783 -0.8494601290365011 -1.8018900626659904 -1.3741822979191098 -2.4083229813025153 -0.8590614290505254 -0.8748330718549313 -1.2893516651650447 -1.215823473698724 -0.7898703151976361 -0.8432517100921156 -0.8015376248051826 -0.7751079823349009 -0.8029776607715855 -0.7696407495268796 -0.7982893379223883 -0.7633173602250068 -0.7686509132372583 -1.812124434021843 -1.5815883113744993 -0.8420700140793357 -1.8563744530178214 -0.8656212161464693 -1.8065476867066408 -0.862134547362949 -0.774472206388405
-0.7177505463387489 -0.708876050205723 -0.6901353985082693 -0.7091805020751171 -0.7321652315004559 -0.7474362786974349 -0.754473231727319 -0.7567467154622437 -2.474014883264027 -1.8677719507702228 -1.9920211567300765 -2.6172407087298932 -1.931955540447055 -1.4901784152537987 -1.928940201677226 -1.0642036921710816 -1.3112148769546057 -3.1510969700580596 -2.465514899464526 -1.9259447835794183 -1.8946621550031093 -2.010049059519205 -1.3206989628295356 -1.352029851758786 -0.8163381547918858 -0.8180369026920429 -0.8260599959321888 -0.8142598769690894 -0.8060264919190572 -0.7970205873313041 -0.8034531581436836 -0.8000977993697012 -0.7818913465348453 -1.2480018765615999 -1.165619807103892 -1.23285437595456 -0.953133146770238 -1.7192242399392361 -0.8304336862293449 -0.7988998853389846 -0.749862660690057 -0.7490753426375285 -0.7516387660664018 -0.7500360922905326 -0.7211882290234389 -0.71544653437224 -0.7455658290004744 -0.7383021968092618 -0.8744517473040907 -1.4161084284689778 -1.4131640110070935 -1.9767184270194949 -1.832148457904504 -1.7448856035769613 -0.7995350887582026 -1.7574300715509454 -1.204834958451685 -1.287200458991478 -1.2490273480264769 -1.1635801007674464 -1.3339274655766875 -1.2383244635095412 -0.800282393769445 -0.8005217170953572 -0.8199995890469284 -0.8683180222780129 -1.2755986374341524 -1.3430751696881338 -1.280834199091283 -1.8370766400563774 -1.2499712227055044 -0.8292911149373009 -1.2963604603247825 -0.8834806038864418 -1.8166884464626296 -1.726467380192961 -1.2603261973851512 -1.1298516721554137 -1.8128871449470196 -1.2460156590664149 -1.8712881640908763 -1.358287670413092 -1.2792450619150844 -2.4343382235452227 -1.3192185288665836 -1.3015927381522414 -1.2964346214600952 -0.7900058487296949 -0.8434993569115028 -1.205018453825209 -1.1568106948212495 -1.7962815894070967 -0.800628995248792 -0.8324070648224966 -1.777195315253454 -0.842703074200659 -1.8419655568670603 -1.274176730461768 -1.7536055859126487 -1.2058365475595318 -1.268851763788677 -1.2805525515245462 -0.8499810650623925 -0.8208430730374444 -1.8809617745888685 -1.2212342375628722 -1.2356553042943077 -1.8176480316440542 -1.449759761226188 -1.7575115250590831 -1.7681928115510677 -0.8110446464250812 -1.211981254142664 -1.351742856841585 -2.01226198127991 -2.6046045114669667 -1.482263813487246 -1.2745252258812823 -1.8863360652827517 -1.2332545050294554 -1.2449879480146155 -1.2781437966983227 -0.8247222858344452 -0.800311055663092 -0.8566347819687058 -1.1534276223148139 -1.2799573721944875 -1.0120946801454347 -0.7593340035246253 -0.8482435794596488 -0.7881656226256613 -1.208664609928077 -1.0541435834050699 -1.276338334842644 -0.809874351975783 -0.8681948828621701 -1.8018900626659904 -1.3741822979191098 -2.4083229813025153 -0.8590614290505254 -0.8748330718549313 -1.2893516651650447 -1.215823473698724 -0.7898703151976361 -0.8351713735959183 -0.7626596984457443 -0.7751079823349009 -0.7969477605172728 -0.7696407495268796 -0.7982893379223883 -0.7697062231035552 -0.7863248928919166 -1.812124434021843 -1.5922435765924232 -0.8566918858621912 -1.2861275600151185 -0.8407739822002055 -1.8065476867066408 -0.8497594726202863 -0.774472206388405
-0.727139689266927 -0.708876050205723 -0.6839202726104444 -0.7091805020751171 -0.7321652315004559 -0.7474362786974349 -0.754473231727319 -0.7567467154622437 -2.474014883264027 -1.8677719507702228 -1.9920211567300765 -2.6172407087298932 -1.9446870151596114 -1.4901784152537987 -1.928940201677226 -1.0642036921710816 -1.8488025426438024 -3.1619872202239705 -2.465514899464526 -1.9259447835794183 -1.900978275007896 -2.010049059519205 -1.3206989628295356 -1.352029851758786 -0.8163381547918858 -0.8180369026920429 -0.8178145802630601 -0.8142598769690894 -0.8281622535751871 -0.7970205873313041 -0.8034531581436836 -0.8000977993697012 -0.7818913465348453 -1.2480018765615999 -1.1687587166087947 -1.23285437595456 -0.953133146770238 -1.709198765607287 -0.8320936621879876 -0.7988998853389846 -0.749862660690057 -0.7565147609123082 -0.7516387660664018 -0.7500360922905326 -0.7211882290234389 -0.723580046169743 -0.7508913718552243 -0.7465263064399618 -0.867463849212476 -1.4161084284689778 -1.4131640110070935 -1.9767184270194949 -1.832148457904504 -1.7448856035769613 -0.7995350887582026 -1.7574300715509454 -1.204834958451685 -1.287200458991478 -1.2393031246427695 -1.1635801007674464 -1.3339274655766875 -1.2383244635095412 -0.800282393769445 -0.8083593828551289 -0.8133899593423733 -0.8683180222780129 -1.2631612499021332 -1.2772074901395019 -1.280834199091283 -1.8370766400563774 -1.2499712227055044 -0.8292911149373009 -1.3284877896178435 -0.8834806038864418 -1.8166884464626296 -1.726467380192961 -1.2523811344268247 -1.1298516721554137 -1.8128871449470196 -1.2460156590664149 -1.8598996763275224 -1.358287670413092 -1.2792450619150844 -2.4343382235452227 -1.3192185288665836 -1.3015927381522414 -1.2964346214600952 -0.8217957639513057 -0.8434993569115028 -1.2185390062092383 -1.1568106948212495 -1.7797052494042498 -0.800628995248792 -0.8324070648224966 -1.777195315253454 -0.842703074200659 -1.8592012487274845 -1.274176730461768 -1.7367598776596236 -1.2058365475595318 -1.268851763788677 -1.2805525515245462 -0.8402785967383622 -0.8208430730374444 -1.8809617745888685 -1.2212342375628722 -1.2282905641840618 -1.8176480316440542 -1.409663697712977 -1.7575115250590831 -1.7681928115510677 -0.8110446464250812 -1.211981254142664 -1.351742856841585 -2.01226198127991 -2.65992913094755 -1.482263813487246 -1.2745252258812823 -1.8863360652827517 -1.2439362467222486 -1.2449879480146155 -1.2781437966983227 -0.8247222858344452 -0.800311055663092 -0.8566347819687058 -1.1534276223148139 -1.2799573721944875 -1.0026352225808683 -0.7700915360580367 -0.8482435794596488 -0.8025819613263652 -1.208664609928077 -1.0541435834050699 -1.276338334842644 -0.809874351975783 -0.8681948828621701 -1.8018900626659904 -1.3741822979191098 -2.4083229813025153 -0.8590614290505254 -0.8748330718549313 -1.2893516651650447 -1.215823473698724 -0.7898703151976361 -0.8412123403773551 -0.7626596984457443 -0.7751079823349009 -0.7969477605172728 -0.7696407495268796 -0.7982893379223883 -0.7697062231035552 -0.7934608540172378 -1.812124434021843 -1.5922435765924232 -0.8566918858621912 -1.2861275600151185 -0.8407739822002055 -1.8065476867066408 -0.8497594726202863 -0.7808207630817744
-0.732456303222626 -0.708876050205723 -0.6839202726104444 -0.7091805020751171 -0.7321652315004559 -0.7474362786974349 -0.754473231727319 -0.7567467154622437 -2.474014883264027 -1.8677719507702228 -1.9920211567300765 -2.6172407087298932 -1.9446870151596114 -1.4901784152537987 -1.8935744946755426 -1.0642036921710816 -1.8488025426438024 -3.1619872202239705 -1.8303776660461175 -1.9259447835794183 -1.900978275007896 -2.010049059519205 -1.3206989628295356 -1.352029851758786 -0.8163381547918858 -0.8180369026920429 -0.8178145802630601 -0.8142598769690894 -0.8281622535751871 -0.7970205873313041 -0.8034531581436836 -0.8000977993697012 -0.7818913465348453 -1.2480018765615999 -1.1687587166087947 -1.23285437595456 -0.953133146770238 -1.709198765607287 -0.8320936621879876 -0.7988998853389846 -0.749862660690057 -0.7565147609123082 -0.7516387660664018 -0.7450401686456761 -0.7357539577176306 -0.723580046169743 -0.7508913718552243 -0.7465263064399618 -0.867463849212476 -1.4161084284689778 -1.3858782988095866 -1.9767184270194949 -1.832148457904504 -1.7448856035769613 -0.7995350887582026 -1.7574300715509454 -1.204834958451685 -1.287200458991478 -1.2393031246427695 -1.1635801007674464 -1.3513512870596884 -1.2383244635095412 -0.800282393769445 -0.8018833363007046 -0.8133899593423733 -0.8683180222780129 -1.2631612499021332 -1.2772074901395019 -1.280834199091283 -1.8370766400563774 -1.2499712227055044 -0.8292911149373009 -1.3284877896178435 -0.8834806038864418 -1.8166884464626296 -1.726467380192961 -1.2523811344268247 -1.1298516721554137 -1.8338997239794241 -1.2460156590664149 -1.8598996763275224 -1.358287670413092 -1.2792450619150844 -2.4343382235452227 -1.3192185288665836 -1.3015927381522414 -1.2964346214600952 -0.8217957639513057 -0.836995584317361 -1.2185390062092383 -1.1568106948212495 -1.7797052494042498 -0.800628995248792 -0.8324070648224966 -1.777195315253454 -0.842703074200659 -1.8592012487274845 -1.274176730461768 -1.7367598776596236 -1.2058365475595318 -1.268851763788677 -1.242342976760021 -0.8402785967383622 -0.8208430730374444 -1.8809617745888685 -1.2212342375628722 -1.2282905641840618 -1.8176480316440542 -1.409663697712977 -1.7575115250590831 -1.7681928115510677 -0.8110446464250812 -1.211981254142664 -1.351742856841585 -2.01226198127991 -2.65992913094755 -1.482263813487246 -1.2745252258812823 -1.8863360652827517 -1.2439362467222486 -1.206403458612319 -1.2781437966983227 -0.8247222858344452 -0.800311055663092 -0.8566347819687058 -1.1465354908824557 -1.2799573721944875 -1.0026352225808683 -0.7700915360580367 -0.8482435794596488 -0.8025819613263652 -1.208664609928077 -1.0541435834050699 -1.276338334842644 -0.809874351975783 -0.8681948828621701 -1.8018900626659904 -1.3741822979191098 -2.4083229813025153 -0.8590614290505254 -0.8748330718549313 -1.2893516651650447 -1.215823473698724 -0.7797125124049471 -0.8412123403773551 -0.7626596984457443 -0.7751079823349009 -0.8033033177998584 -0.7696407495268796 -0.7982893379223883 -0.7793122032089803 -0.7934608540172378 -1.812124434021843 -1.5922435765924232 -0.8566918858621912 -1.2861275600151185 -0.8407739822002055 -1.8065476867066408 -0.8497594726202863 -0.7808207630817744
-0.727139689266927 -0.708876050205723 -0.6839202726104444 -0.7091805020751171 -0.7321652315004559 -0.7474362786974349 -0.754473231727319 -0.7567467154622437 -2.474014883264027 -1.8677719507702228 -1.9920211567300765 -2.6050869624707174 -1.931955540447055 -1.4901784152537987 -1.8935744946755426 -1.0642036921710816 -1.8488025426438024 -3.1619872202239705 -2.465514899464526 -1.9259447835794183 -1.8946621550031093 -2.0039962676721896 -1.3206989628295356 -1.352029851758786 -0.8163381547918858 -0.8180369026920429 -0.8260599959321888 -0.8142598769690894 -0.8281622535751871 -0.7970205873313041 -0.7923279759001521 -0.8000977993697012 -0.7818913465348453 -1.2480018765615999 -1.1687587166087947 -1.23285437595456 -0.953133146770238 -1.709198765607287 -0.8320936621879876 -0.7988998853389846 -0.749862660690057 -0.7565147609123082 -0.7516387660664018 -0.7450401686456761 -0.7357539577176306 -0.723580046169743 -0.7508913718552243 -0.7465263064399618 -0.867463849212476 -1.4161084284689778 -1.3858782988095866 -1.9767184270194949 -1.832148457904504 -1.7448856035769613 -0.7995350887582026 -1.7574300715509454 -1.204834958451685 -1.287200458991478 -1.2393031246427695 -1.1635801007674464 -1.3339274655766875 -1.2383244635095412 -0.800282393769445 -0.7554734051618167 -0.8133899593423733 -0.8683180222780129 -1.27825172948183 -1.2772074901395019 -1.280834199091283 -1.8370766400563774 -1.2499712227055044 -0.8292911149373009 -1.2963604603247825 -0.8834806038864418 -1.8166884464626296 -1.726467380192961 -1.2523811344268247 -1.1298516721554137 -1.8338997239794241 -1.2460156590664149 -1.8598996763275224 -1.358287670413092 -1.2792450619150844 -2.4343382235452227 -1.3192185288665836 -1.3015927381522414 -1.2964346214600952 -0.8217957639513057 -0.836995584317361 -1.2185390062092383 -1.1568106948212495 -1.7797052494042498 -0.800628995248792 -0.8324070648224966 -1.777195315253454 -0.842703074200659 -1.8592012487274845 -1.274176730461768 -1.7367598776596236 -1.2058365475595318 -1.268851763788677 -1.2898535105899656 -0.8499810650623925 -0.8208430730374444 -1.8809617745888685 -1.2212342375628722 -1.2282905641840618 -1.8176480316440542 -1.396001063407476 -1.7575115250590831 -1.7681928115510677 -0.8110446464250812 -1.211981254142664 -1.351742856841585 -2.01226198127991 -2.65992913094755 -1.482263813487246 -1.2745252258812823 -1.8756630674376136 -1.2439362467222486 -1.206403458612319 -1.2781437966983227 -0.8247222858344452 -0.800311055663092 -0.8566347819687058 -1.1534276223148139 -1.2799573721944875 -1.0026352225808683 -0.7700915360580367 -0.8482435794596488 -0.8025819613263652 -1.208664609928077 -1.0541435834050699 -1.276338334842644 -0.809874351975783 -0.8681948828621701 -1.8018900626659904 -1.3741822979191098 -2.4083229813025153 -0.8590614290505254 -0.8748330718549313 -1.2893516651650447 -1.215823473698724 -0.7898703151976361 -0.8351713735959183 -0.7626596984457443 -0.7751079823349009 -0.8033033177998584 -0.7696407495268796 -0.7982893379223883 -0.7793122032089803 -0.7934608540172378 -1.812124434021843 -1.5922435765924232 -0.8566918858621912 -1.2861275600151185 -0.8407739822002055 -1.8065476867066408 -0.8497594726202863 -0.774472206388405
-0.727139689266927 -0.708876050205723 -0.6839202726104444 -0.7091805020751171 -0.7321652315004559 -0.7474362786974349 -0.7478730308388133 -0.7567467154622437 -2.474014883264027 -1.8677719507702228 -1.9920211567300765 -2.6172407087298932 -1.9446870151596114 -1.4901784152537987 -1.928940201677226 -1.0642036921710816 -1.8488025426438024 -3.1619872202239705 -2.465514899464526 -1.9259447835794183 -1.900978275007896 -2.010049059519205 -1.3206989628295356 -1.352029851758786 -0.8163381547918858 -0.8180369026920429 -0.8178145802630601 -0.8142598769690894 -0.8281622535751871 -0.7970205873313041 -0.7923279759001521 -0.8000977993697012 -0.7818913465348453 -1.2480018765615999 -1.1687587166087947 -1.23285437595456 -0.953133146770238 -1.709198765607287 -0.8430304235674476 -0.7988998853389846 -0.749862660690057 -0.7565147609123082 -0.7516387660664018 -0.7450401686456761 -0.7357539577176306 -0.723580046169743 -0.7508913718552243 -0.7465263064399618 -0.867463849212476 -1.4161084284689778 -1.3858782988095866 -1.9767184270194949 -1.832148457904504 -1.7448856035769613 -0.7995350887582026 -1.7574300715509454 -1.204834958451685 -1.287200458991478 -1.2393031246427695 -1.1635801007674464 -1.3339274655766875 -1.2383244635095412 -0.800282393769445 -0.8018833363007046 -0.8133899593423733 -0.8683180222780129 -1.2907620957698582 -1.2772074901395019 -1.280834199091283 -1.8370766400563774 -1.2499712227055044 -0.8292911149373009 -1.3284877896178435 -0.8834806038864418 -1.8166884464626296 -1.726467380192961 -1.2523811344268247 -1.1298516721554137 -1.8338997239794241 -1.2460156590664149 -1.8598996763275224 -1.358287670413092 -1.2792450619150844 -2.4343382235452227 -1.3192185288665836 -1.3015927381522414 -1.2964346214600952 -0.8217957639513057 -0.836995584317361 -1.2185390062092383 -1.1568106948212495 -1.7797052494042498 -0.800628995248792 -0.8324070648224966 -1.777195315253454 -0.842703074200659 -1.8592012487274845 -1.274176730461768 -1.7367598776596236 -1.2058365475595318 -1.268851763788677 -1.2898535105899656 -0.8402785967383622 -0.8208430730374444 -1.8809617745888685 -1.2212342375628722 -1.2282905641840618 -1.8176480316440542 -1.396001063407476 -1.7575115250590831 -1.7681928115510677 -0.8110446464250812 -1.211981254142664 -1.351742856841585 -2.01226198127991 -2.65992913094755 -1.482263813487246 -1.2745252258812823 -1.8756630674376136 -1.2439362467222486 -1.206403458612319 -1.2781437966983227 -0.8247222858344452 -0.800311055663092 -0.8566347819687058 -1.1465354908824557 -1.2799573721944875 -1.0026352225808683 -0.7700915360580367 -0.8482435794596488 -0.8025819613263652 -1.208664609928077 -1.0541435834050699 -1.276338334842644 -0.809874351975783 -0.8940767741922367 -1.8018900626659904 -1.3741822979191098 -2.4083229813025153 -0.8590614290505254 -0.8748330718549313 -1.2893516651650447 -1.215823473698724 -0.7898703151976361 -0.8412123403773551 -0.7626596984457443 -0.7751079823349009 -0.7969477605172728 -0.7696407495268796 -0.7982893379223883 -0.7697062231035552 -0.7934608540172378 -1.812124434021843 -1.5922435765924232 -0.8566918858621912 -1.2861275600151185 -0.8829447083121591 -1.8065476867066408 -0.8497594726202863 -0.774472206388405
-0.727139689266927 -0.7166677271205025 -0.6839202726104444 -0.7091805020751171 -0.7321652315004559 -0.7474362786974349 -0.7478730308388133 -0.7567467154622437 -2.474014883264027 -1.8677719507702228 -1.9920211567300765 -2.6172407087298932 -1.9446870151596114 -1.4901784152537987 -1.928940201677226 -1.0642036921710816 -1.8488025426438024 -3.1619872202239705 -1.8303776660461175 -1.9259447835794183 -1.8946621550031093 -2.0039962676721896 -1.3206989628295356 -1.3832700663514848 -0.8163381547918858 -0.8180369026920429 -0.8260599959321888 -0.8142598769690894 -0.8281622535751871 -0.7970205873313041 -0.7923279759001521 -0.8000977993697012 -0.7818913465348453 -1.2480018765615999 -1.1687587166087947 -1.23285437595456 -0.953133146770238 -1.709198765607287 -0.8320936621879876 -0.7988998853389846 -0.749862660690057 -0.7565147609123082 -0.7516387660664018 -0.7450401686456761 -0.7357539577176306 -0.723580046169743 -0.7508913718552243 -0.7465263064399618 -0.867463849212476 -1.4161084284689778 -1.3858782988095866 -1.9767184270194949 -1.832148457904504 -1.7448856035769613 -0.7995350887582026 -1.7574300715509454 -1.204834958451685 -1.287200458991478 -1.2393031246427695 -1.1635801007674464 -1.3513512870596884 -1.2383244635095412 -0.800282393769445 -0.7554734051618167 -0.8133899593423733 -0.8683180222780129 -1.2907620957698582 -1.2772074901395019 -1.280834199091283 -1.8370766400563774 -1.2499712227055044 -0.8292911149373009 -1.3284877896178435 -0.8834806038864418 -1.8166884464626296 -1.726467380192961 -1.2523811344268247 -1.1298516721554137 -1.8338997239794241 -1.2460156590664149 -1.8598996763275224 -1.358287670413092 -1.2792450619150844 -2.4343382235452227 -1.3192185288665836 -1.3015927381522414 -1.2964346214600952 -0.8217957639513057 -0.8434993569115028 -1.2185390062092383 -1.1568106948212495 -1.7797052494042498 -0.800628995248792 -0.8324070648224966 -1.777195315253454 -0.842703074200659 -1.8592012487274845 -1.274176730461768 -1.7367598776596236 -1.2058365475595318 -1.268851763788677 -1.2898535105899656 -0.8402785967383622 -0.8208430730374444 -1.8809617745888685 -1.2212342375628722 -1.2282905641840618 -1.8176480316440542 -1.409663697712977 -1.7575115250590831 -1.7681928115510677 -0.8110446464250812 -1.211981254142664 -1.351742856841585 -2.01226198127991 -2.65992913094755 -1.4589108522675232 -1.2745252258812823 -1.8756630674376136 -1.2439362467222486 -1.206403458612319 -1.2781437966983227 -0.8247222858344452 -0.800311055663092 -0.8566347819687058 -1.1534276223148139 -1.2799573721944875 -1.0120946801454347 -0.7700915360580367 -0.8482435794596488 -0.8025819613263652 -1.208664609928077 -1.0541435834050699 -1.276338334842644 -0.809874351975783 -0.8940767741922367 -1.8018900626659904 -1.3741822979191098 -2.4083229813025153 -0.8590614290505254 -0.8748330718549313 -1.2893516651650447 -1.215823473698724 -0.7898703151976361 -0.8412123403773551 -0.7626596984457443 -0.7751079823349009 -0.8033033177998584 -0.7594774846665757 -0.7982893379223883 -0.7697062231035552 -0.7934608540172378 -1.812124434021843 -1.5922435765924232 -0.8566918858621912 -1.2861275600151185 -0.8829447083121591 -1.8065476867066408 -0.8497594726202863 -0.7808207630817744
-0.738319718165721 -0.7166677271205025 -0.6839202726104444 -0.7091805020751171 -0.7321652315004559 -0.7474362786974349 -0.7478730308388133 -0.7567467154622437 -2.474014883264027 -1.8677719507702228 -1.9920211567300765 -2.6050869624707174 -1.9446870151596114 -1.4901784152537987 -1.928940201677226 -1.0642036921710816 -1.8488025426438024 -3.1619872202239705 -1.8303776660461175 -1.9259447835794183 -1.8946621550031093 -2.0039962676721896 -1.3206989628295356 -1.3832700663514848 -0.8163381547918858 -0.8180369026920429 -0.8260599959321888 -0.8142598769690894 -0.8281622535751871 -0.7970205873313041 -0.7923279759001521 -0.8000977993697012 -0.7818913465348453 -1.2480018765615999 -1.1687587166087947 -1.23285437595456 -0.953133146770238 -1.709198765607287 -0.8430304235674476 -0.7988998853389846 -0.749862660690057 -0.7565147609123082 -0.7516387660664018 -0.7450401686456761 -0.7357539577176306 -0.723580046169743 -0.7508913718552243 -0.7465263064399618 -0.867463849212476 -1.4161084284689778 -1.3858782988095866 -1.9767184270194949 -1.832148457904504 -1.7448856035769613 -0.7995350887582026 -1.7574300715509454 -1.204834958451685 -1.287200458991478 -1.2393031246427695 -1.1635801007674464 -1.3339274655766875 -1.2383244635095412 -0.800282393769445 -0.7554734051618167 -0.8133899593423733 -0.8683180222780129 -1.2907620957698582 -1.2772074901395019 -1.280834199091283 -1.8370766400563774 -1.2499712227055044 -0.8292911149373009 -1.2963604603247825 -0.8834806038864418 -1.8166884464626296 -1.726467380192961 -1.2523811344268247 -1.1298516721554137 -1.8338997239794241 -1.2460156590664149 -1.8598996763275224 -1.358287670413092 -1.2792450619150844 -2.4343382235452227 -1.3192185288665836 -1.3015927381522414 -1.2964346214600952 -0.8217957639513057 -0.836995584317361 -1.2185390062092383 -1.1568106948212495 -1.7797052494042498 -0.800628995248792 -0.8324070648224966 -1.777195315253454 -0.8313786326670605 -1.8592012487274845 -1.274176730461768 -1.7367598776596236 -1.2058365475595318 -1.268851763788677 -1.2898535105899656 -0.8402785967383622 -0.8208430730374444 -1.8340788615649422 -1.2212342375628722 -1.2282905641840618 -1.8176480316440542 -1.409663697712977 -1.7575115250590831 -1.7681928115510677 -0.8110446464250812 -1.211981254142664 -1.351742856841585 -2.01226198127991 -2.65992913094755 -1.482263813487246 -1.2745252258812823 -1.8756630674376136 -1.2439362467222486 -1.206403458612319 -1.2781437966983227 -0.8247222858344452 -0.800311055663092 -0.8566347819687058 -1.1534276223148139 -1.2799573721944875 -1.0026352225808683 -0.7700915360580367 -0.8482435794596488 -0.8025819613263652 -1.208664609928077 -1.0541435834050699 -1.276338334842644 -0.809874351975783 -0.8940767741922367 -1.8018900626659904 -1.3741822979191098 -2.4083229813025153 -0.8590614290505254 -0.8748330718549313 -1.2893516651650447 -1.215823473698724 -0.7898703151976361 -0.8412123403773551 -0.7626596984457443 -0.7751079823349009 -0.8033033177998584 -0.7594774846665757 -0.7982893379223883 -0.7793122032089803 -0.7934608540172378 -1.812124434021843 -1.5922435765924232 -0.8566918858621912 -1.2861275600151185 -0.8829447083121591 -1.8065476867066408 -0.8497594726202863 -0.774472206388405
-0.7329742521571753 -0.7166677271205025 -0.6839202726104444 -0.7091805020751171 -0.7321652315004559 -0.7474362786974349 -0.7478730308388133 -0.7567467154622437 -2.474014883264027 -1.8677719507702228 -1.9920211567300765 -2.6050869624707174 -1.931955540447055 -1.4901784152537987 -1.928940201677226 -1.0642036921710816 -1.8758109118627744 -3.1619872202239705 -1.8303776660461175 -1.9259447835794183 -1.8946621550031093 -2.0039962676721896 -1.3206989628295356 -1.352029851758786 -0.8163381547918858 -0.8180369026920429 -0.8260599959321888 -0.8142598769690894 -0.8281622535751871 -0.7970205873313041 -0.7923279759001521 -0.8000977993697012 -0.7818913465348453 -1.2480018765615999 -1.1687587166087947 -1.23285437595456 -0.953133146770238 -1.709198765607287 -0.8320936621879876 -0.7988998853389846 -0.749862660690057 -0.7565147609123082 -0.7516387660664018 -0.7450401686456761 -0.7357539577176306 -0.723580046169743 -0.7462897691336378 -0.7465263064399618 -0.867463849212476 -1.4161084284689778 -1.3858782988095866 -1.9767184270194949 -1.832148457904504 -1.7448856035769613 -0.7995350887582026 -1.7574300715509454 -1.204834958451685 -1.287200458991478 -1.2393031246427695 -1.1635801007674464 -1.3513512870596884 -1.2383244635095412 -0.800282393769445 -0.7554734051618167 -0.8133899593423733 -0.8683180222780129 -1.2907620957698582 -1.2772074901395019 -1.280834199091283 -1.8370766400563774 -1.2499712227055044 -0.8292911149373009 -1.3284877896178435 -0.8834806038864418 -1.8166884464626296 -1.726467380192961 -1.2523811344268247 -1.1298516721554137 -1.8338997239794241 -1.2460156590664149 -1.8598996763275224 -1.358287670413092 -1.2792450619150844 -2.4343382235452227 -1.3192185288665836 -1.3015927381522414 -1.2964346214600952 -0.8217957639513057 -0.836995584317361 -1.2185390062092383 -1.1568106948212495 -1.7797052494042498 -0.800628995248792 -0.8324070648224966 -1.777195315253454 -0.8313786326670605 -1.8592012487274845 -1.274176730461768 -1.7367598776596236 -1.2058365475595318 -1.268851763788677 -1.2898535105899656 -0.8499810650623925 -0.8208430730374444 -1.8809617745888685 -1.2212342375628722 -1.2282905641840618 -1.8176480316440542 -1.409663697712977 -1.7575115250590831 -1.7681928115510677 -0.8110446464250812 -1.211981254142664 -1.368917164577098 -2.01226198127991 -2.65992913094755 -1.482263813487246 -1.2745252258812823 -1.8756630674376136 -1.2439362467222486 -1.206403458612319 -1.2781437966983227 -0.8247222858344452 -0.800311055663092 -0.8566347819687058 -1.1534276223148139 -1.2799573721944875 -1.0026352225808683 -0.7700915360580367 -0.8482435794596488 -0.8025819613263652 -1.208664609928077 -1.0541435834050699 -1.276338334842644 -0.809874351975783 -0.8940767741922367 -1.8018900626659904 -1.3741822979191098 -2.4083229813025153 -0.8590614290505254 -0.8748330718549313 -1.2893516651650447 -1.215823473698724 -0.7898703151976361 -0.8412123403773551 -0.7626596984457443 -0.7751079823349009 -0.8033033177998584 -0.7594774846665757 -0.7982893379223883 -0.7697062231035552 -0.7934608540172378 -1.812124434021843 -1.5922435765924232 -0.8566918858621912 -1.2861275600151185 -0.8829447083121591 -1.8065476867066408 -0.8497594726202863 -0.7808207630817744
-0.7329742521571753 -0.7166677271205025 -0.6839202726104444 -0.7091805020751171 -0.7321652315004559 -0.7474362786974349 -0.7478730308388133 -0.7567467154622437 -2.474014883264027 -1.8677719507702228 -1.9920211567300765 -2.6050869624707174 -1.9446870151596114 -1.4901784152537987 -1.928940201677226 -1.0642036921710816 -1.2953411909163133 -3.1619872202239705 -1.8303776660461175 -1.9259447835794183 -1.900978275007896 -2.0039962676721896 -1.3206989628295356 -1.3832700663514848 -0.8163381547918858 -0.8180369026920429 -0.8178145802630601 -0.8142598769690894 -0.8281622535751871 -0.7970205873313041 -0.7923279759001521 -0.8000977993697012 -0.7818913465348453 -1.2480018765615999 -1.1687587166087947 -1.23285437595456 -0.953133146770238 -1.709198765607287 -0.8320936621879876 -0.7988998853389846 -0.749862660690057 -0.7565147609123082 -0.7516387660664018 -0.7450401686456761 -0.7357539577176306 -0.723580046169743 -0.7508913718552243 -0.7465263064399618 -0.867463849212476 -1.4161084284689778 -1.3858782988095866 -1.9767184270194949 -1.832148457904504 -1.7448856035769613 -0.7995350887582026 -1.7574300715509454 -1.204834958451685 -1.287200458991478 -1.2393031246427695 -1.1635801007674464 -1.3513512870596884 -1.2383244635095412 -0.800282393769445 -0.8018833363007046 -0.8133899593423733 -0.8683180222780129 -1.2907620957698582 -1.2772074901395019 -1.2392312480087786 -1.849391017884052 -1.2499712227055044 -0.8292911149373009 -1.3284877896178435 -0.8834806038864418 -1.8166884464626296 -1.726467380192961 -1.2523811344268247 -1.1298516721554137 -1.8338997239794241 -1.2460156590664149 -1.8598996763275224 -1.358287670413092 -1.2792450619150844 -2.4343382235452227 -1.3192185288665836 -1.3015927381522414 -1.2964346214600952 -0.8217957639513057 -0.8434993569115028 -1.2185390062092383 -1.1568106948212495 -1.7797052494042498 -0.800628995248792 -0.8324070648224966 -1.777195315253454 -0.8313786326670605 -1.8592012487274845 -1.274176730461768 -1.7367598776596236 -1.2058365475595318 -1.268851763788677 -1.2898535105899656 -0.8402785967383622 -0.8208430730374444 -1.8809617745888685 -1.2212342375628722 -1.2282905641840618 -1.8176480316440542 -1.409663697712977 -1.7575115250590831 -1.7681928115510677 -0.8110446464250812 -1.211981254142664 -1.368917164577098 -2.01226198127991 -2.65992913094755 -1.4589108522675232 -1.2745252258812823 -1.8756630674376136 -1.2439362467222486 -1.206403458612319 -1.2781437966983227 -0.8247222858344452 -0.800311055663092 -0.8566347819687058 -1.1534276223148139 -1.2799573721944875 -1.0026352225808683 -0.7700915360580367 -0.8482435794596488 -0.8025819613263652 -1.208664609928077 -1.0541435834050699 -1.276338334842644 -0.809874351975783 -0.8940767741922367 -1.8018900626659904 -1.3741822979191098 -2.4083229813025153 -0.8590614290505254 -0.8748330718549313 -1.2893516651650447 -1.215823473698724 -0.7898703151976361 -0.8412123403773551 -0.7626596984457443 -0.7751079823349009 -0.8033033177998584 -0.7696407495268796 -0.7982893379223883 -0.7697062231035552 -0.7934608540172378 -1.812124434021843 -1.5922435765924232 -0.8566918858621912 -1.2861275600151185 -0.8829447083121591 -1.8065476867066408 -0.8497594726202863 -0.7808207630817744
-0.7329742521571753 -0.7166677271205025 -0.6839202726104444 -0.7091805020751171 -0.7321652315004559 -0.7474362786974349 -0.7478730308388133 -0.7567467154622437 -1.8378656917939287 -1.8677719507702228 -1.9920211567300765 -2.6050869624707174 -1.9446870151596114 -1.4901784152537987 -1.928940201677226 -1.0642036921710816 -1.8651001637709952 -3.1619872202239705 -1.8303776660461175 -1.9259447835794183 -1.8946621550031093 -2.010049059519205 -1.3206989628295356 -1.3832700663514848 -0.8163381547918858 -0.8180369026920429 -0.8178145802630601 -0.8142598769690894 -0.8281622535751871 -0.7970205873313041 -0.7923279759001521 -0.8000977993697012 -0.7818913465348453 -1.2394781653322773 -1.1687587166087947 -1.23285437595456 -0.953133146770238 -1.709198765607287 -0.8430304235674476 -0.7988998853389846 -0.749862660690057 -0.7565147609123082 -0.7516387660664018 -0.7450401686456761 -0.7655335475298746 -0.723580046169743 -0.7508913718552243 -0.7465263064399618 -0.867463849212476 -1.3910099417157389 -1.4010950299581784 -1.9767184270194949 -1.832148457904504 -1.7448856035769613 -0.7995350887582026 -1.7574300715509454 -1.204834958451685 -1.287200458991478 -1.2393031246427695 -1.1635801007674464 -1.3513512870596884 -1.2383244635095412 -0.800282393769445 -0.8018833363007046 -0.8133899593423733 -0.8683180222780129 -1.2907620957698582 -1.2772074901395019 -1.2605775381881532 -1.849391017884052 -1.2499712227055044 -0.8292911149373009 -1.3284877896178435 -0.8834806038864418 -1.8166884464626296 -1.726467380192961 -1.2523811344268247 -1.1298516721554137 -1.8338997239794241 -1.2460156590664149 -1.8598996763275224 -1.358287670413092 -1.2792450619150844 -2.4343382235452227 -1.3192185288665836 -1.3015927381522414 -1.2964346214600952 -0.8217957639513057 -0.8434993569115028 -1.2185390062092383 -1.1568106948212495 -1.7797052494042498 -0.800628995248792 -0.8324070648224966 -1.777195315253454 -0.842703074200659 -1.8592012487274845 -1.274176730461768 -1.7367598776596236 -1.2058365475595318 -1.268851763788677 -1.2805525515245462 -0.8402785967383622 -0.8208430730374444 -1.8340788615649422 -1.2212342375628722 -1.2282905641840618 -1.8176480316440542 -1.409663697712977 -1.7575115250590831 -1.7681928115510677 -0.8110446464250812 -1.211981254142664 -1.351742856841585 -2.01226198127991 -2.65992913094755 -1.4589108522675232 -1.2745252258812823 -1.8756630674376136 -1.2439362467222486 -1.206403458612319 -1.2781437966983227 -0.8247222858344452 -0.800311055663092 -0.8566347819687058 -1.1534276223148139 -1.2799573721944875 -1.0120946801454347 -0.7700915360580367 -0.8482435794596488 -0.8025819613263652 -1.208664609928077 -1.0541435834050699 -1.276338334842644 -0.809874351975783 -0.8681948828621701 -1.8018900626659904 -1.3741822979191098 -2.4083229813025153 -0.8590614290505254 -0.8748330718549313 -1.2893516651650447 -1.215823473698724 -0.7820872907747417 -0.8412123403773551 -0.7626596984457443 -0.7683983398423323 -0.8033033177998584 -0.7594774846665757 -0.7982893379223883 -0.7793122032089803 -0.7934608540172378 -1.771692965298842 -1.5922435765924232 -0.8566918858621912 -1.2861275600151185 -0.8829447083121591 -1.8065476867066408 -0.8497594726202863 -0.7808207630817744
-0.7329742521571753 -0.7147156820053521 -0.6839202726104444 -0.7091805020751171 -0.7268815952096607 -0.7372400462134202 -0.7478730308388133 -0.7567467154622437 -1.8378656917939287 -1.888187326552405 -1.9920211567300765 -2.6050869624707174 -1.931955540447055 -1.4901784152537987 -1.928940201677226 -1.0642036921710816 -1.8651001637709952 -3.1619872202239705 -2.465514899464526 -1.9259447835794183 -1.8946621550031093 -2.0039962676721896 -1.3206989628295356 -1.3832700663514848 -0.8163381547918858 -0.8180369026920429 -0.8260599959321888 -0.8142598769690894 -0.8281622535751871 -0.7881236621350369 -0.7923279759001521 -0.7910074393318184 -0.7940086967019895 -1.2394781653322773 -1.13456963556904 -1.23285437595456 -0.953133146770238 -1.709198765607287 -0.825431924531325 -0.7988998853389846 -0.749862660690057 -0.7565147609123082 -0.7690985471963335 -0.7450401686456761 -0.7592513244746787 -0.7199731242246326 -0.7461549098704957 -0.7465263064399618 -0.8567260537788848 -1.3910099417157389 -1.4010950299581784 -1.9767184270194949 -1.832148457904504 -1.7448856035769613 -0.7995350887582026 -1.7574300715509454 -1.204834958451685 -1.275551715595389 -1.2393031246427695 -1.1635801007674464 -1.3513512870596884 -1.7986524841307545 -0.800282393769445 -0.7919758129795323 -0.8133899593423733 -0.8683180222780129 -1.2907620957698582 -1.2772074901395019 -1.2605775381881532 -1.849391017884052 -1.2499712227055044 -0.8031163380878296 -1.3284877896178435 -0.8834806038864418 -1.8166884464626296 -1.726467380192961 -1.2523811344268247 -1.1298516721554137 -1.8338997239794241 -1.2460156590664149 -1.8598996763275224 -1.358287670413092 -1.2792450619150844 -2.4343382235452227 -1.3192185288665836 -1.3015927381522414 -1.2964346214600952 -0.8162190250790579 -0.836995584317361 -1.2185390062092383 -1.1568106948212495 -1.7797052494042498 -0.800628995248792 -0.8324070648224966 -1.777195315253454 -0.8313786326670605 -1.8592012487274845 -1.274176730461768 -1.7367598776596236 -1.2058365475595318 -1.268851763788677 -1.2805525515245462 -0.8499810650623925 -0.8208430730374444 -1.8340788615649422 -1.2212342375628722 -1.2282905641840618 -1.8176480316440542 -1.409663697712977 -1.7575115250590831 -1.7681928115510677 -0.8286791179624895 -1.211981254142664 -1.4091366346620453 -2.01226198127991 -2.65992913094755 -1.4589108522675232 -1.2745252258812823 -1.8756630674376136 -1.2439362467222486 -1.2449879480146155 -1.2781437966983227 -0.8247222858344452 -0.786780159698578 -0.8566347819687058 -1.1465354908824557 -1.2799573721944875 -1.0026352225808683 -0.7700915360580367 -0.8482435794596488 -0.8025819613263652 -1.208664609928077 -1.0541435834050699 -1.276338334842644 -0.809874351975783 -0.8386169713892376 -1.240927675400571 -1.3741822979191098 -2.4083229813025153 -0.8590614290505254 -0.8748330718549313 -1.2893516651650447 -1.215823473698724 -0.7791417351594968 -0.8412123403773551 -0.7626596984457443 -0.7683983398423323 -0.81664114805584 -0.7696407495268796 -0.7982893379223883 -0.7793122032089803 -0.7934608540172378 -1.771692965298842 -1.5922435765924232 -0.8566918858621912 -1.263296382903668 -0.8829447083121591 -1.8065476867066408 -0.8497594726202863 -0.7808207630817744
-0.7329742521571753 -0.7244496156364093 -0.6839202726104444 -0.7091805020751171 -0.7316476901898923 -0.7437328773779799 -0.7478730308388133 -0.7567467154622437 -1.8300104205732362 -1.888187326552405 -1.9920211567300765 -2.6050869624707174 -1.9446870151596114 -1.4901784152537987 -1.928940201677226 -1.0642036921710816 -1.2953411909163133 -2.4842987737105986 -2.465514899464526 -1.9259447835794183 -1.900978275007896 -2.0039962676721896 -1.3206989628295356 -1.3832700663514848 -0.8163381547918858 -0.8180369026920429 -0.8178145802630601 -0.7922967647365522 -0.8060264919190572 -0.7881236621350369 -0.7923279759001521 -0.7910074393318184 -0.8151766293292708 -1.216896372430066 -1.13456963556904 -1.2223139842279065 -0.953133146770238 -1.709198765607287 -0.8371002457338163 -0.7988998853389846 -0.749862660690057 -0.7565147609123082 -0.7646573616027775 -0.7450401686456761 -0.7592513244746787 -0.7199731242246326 -0.742743281691542 -0.7465263064399618 -0.867463849212476 -1.3910099417157389 -1.4010950299581784 -1.9767184270194949 -1.832148457904504 -1.7448856035769613 -0.7995350887582026 -1.2013883589860106 -1.204834958451685 -1.275551715595389 -1.2393031246427695 -1.1635801007674464 -1.3513512870596884 -1.2383244635095412 -0.800282393769445 -0.7919758129795323 -0.8133899593423733 -0.83106101212652 -1.2907620957698582 -1.2987695459560058 -1.2605775381881532 -1.8663972122998753 -1.2499712227055044 -0.8153748568752908 -1.3284877896178435 -0.8834806038864418 -1.8033250227739255 -1.726467380192961 -1.2523811344268247 -1.1153734427771211 -1.8470226802216092 -1.2460156590664149 -1.290585156964613 -1.358287670413092 -1.2792450619150844 -2.4343382235452227 -1.3192185288665836 -1.3015927381522414 -1.2964346214600952 -0.8162190250790579 -0.836995584317361 -1.2012874282852248 -1.1568106948212495 -1.7797052494042498 -0.8099055495358048 -0.8324070648224966 -1.777195315253454 -0.8245876725614606 -1.8592012487274845 -1.274176730461768 -1.7367598776596236 -1.2058365475595318 -1.268851763788677 -1.242342976760021 -0.8402785967383622 -0.7814310206687247 -1.8340788615649422 -1.2212342375628722 -1.2282905641840618 -1.8075825825362184 -1.3512407912656683 -1.7575115250590831 -1.7681928115510677 -0.8090599972770973 -1.211981254142664 -1.4091366346620453 -2.01226198127991 -2.65992913094755 -1.4589108522675232 -1.2947913319129063 -1.8756630674376136 -1.2439362467222486 -1.2449879480146155 -1.2781437966983227 -0.8247222858344452 -0.786780159698578 -0.8566347819687058 -1.1465354908824557 -1.2799573721944875 -1.0026352225808683 -0.7700915360580367 -0.8482435794596488 -0.8025819613263652 -1.208664609928077 -1.0422558418169379 -0.8131253667323197 -0.809874351975783 -0.8386169713892376 -1.240927675400571 -1.3741822979191098 -2.4083229813025153 -0.8590614290505254 -1.3962844618657686 -1.3453952719095594 -1.215823473698724 -0.7791417351594968 -0.8412123403773551 -1.2111360383173257 -0.7785721300721322 -0.81664114805584 -0.7845716981942937 -0.7982893379223883 -0.7873656537175374 -0.7934608540172378 -1.771692965298842 -1.5922435765924232 -0.8566918858621912 -1.2861275600151185 -0.874697182437357 -1.7910244863385951 -0.8497594726202863 -0.7906728041478432
-0.7488690644681859 -0.7244496156364093 -0.7410196179430205 -0.6943368179289691 -0.7316476901898923 -0.7441156774672911 -0.7587283740362822 -0.7567467154622437 -1.8300104205732362 -1.3149383345127124 -1.9620528420675747 -2.6050869624707174 -1.931955540447055 -1.4506066491366576 -1.928940201677226 -1.0557820325573337 -1.2842279039088234 -2.473877688909781 -2.429594440350896 -2.569261646939605 -1.8946621550031093 -2.0039962676721896 -1.336320609900575 -1.399816131548405 -0.8392220542499579 -1.3053489642438934 -0.8260599959321888 -0.7922967647365522 -0.8060264919190572 -0.7970205873313041 -0.8034531581436836 -0.7910074393318184 -0.8334027402546005 -1.2253410837729597 -1.1775882888224385 -1.209468140951609 -0.9460905372818601 -1.7200585451815764 -0.8371002457338163 -0.8123611096118029 -0.749862660690057 -0.7565147609123082 -0.7646573616027775 -0.7648267988922869 -0.7388209383643717 -0.7118674042075093 -0.7374567826417181 -0.7290152406064833 -0.867463849212476 -1.4161084284689778 -1.4595342822476476 -1.9767184270194949 -1.8702393616120656 -1.1929261961140496 -0.7995350887582026 -1.7574300715509454 -1.204834958451685 -1.2984095316036406 -1.278380263921684 -1.1559978404726343 -1.3513512870596884 -1.254673650733503 -0.8156787640450237 -0.7918566097324834 -0.808154244268252 -0.8118896245890787 -1.2611899724409967 -0.8301526119585408 -1.2605775381881532 -1.8641078192341938 -1.2676980256056503 -0.8142813821822766 -1.3284877896178435 -0.9049567932058077 -1.8033250227739255 -1.726467380192961 -1.2603261973851512 -1.1638030872208505 -1.8259574502638782 -1.2553000384860111 -1.290585156964613 -1.3420106394674627 -1.2792450619150844 -2.4343382235452227 -1.3437972206947433 -1.3015927381522414 -1.2573991518282686 -0.8162190250790579 -0.8583037836998318 -1.2012874282852248 -1.1568106948212495 -1.7797052494042498 -0.8099055495358048 -0.8324070648224966 -1.777195315253454 -0.8112593312215756 -1.8592012487274845 -1.274176730461768 -1.7648358227341294 -1.2058365475595318 -1.2516021406159605 -1.292057810582242 -0.8499810650623925 -0.8101391545681187 -1.8236054633485979 -1.2212342375628722 -1.2356553042943077 -1.8277322334315913 -1.347815772230471 -1.735249379013797 -1.7546503203811465 -0.7757204536990113 -1.2057972831664494 -1.4091366346620453 -2.01226198127991 -2.6734793307169022 -1.3916477432071401 -1.2947913319129063 -1.8863360652827517 -1.2439362467222486 -1.22229967589293 -1.3153483286758587 -0.8667298775877345 -0.7989340123575472 -0.8697696001708667 -1.1534276223148139 -1.2799573721944875 -1.0026352225808683 -0.7784024962432187 -0.8482435794596488 -0.8114402946998487 -1.208664609928077 -1.0642476759724018 -1.3140021896869771 -0.809874351975783 -0.8405877807980443 -1.240927675400571 -1.3741822979191098 -2.4083229813025153 -0.8590614290505254 -1.3962844618657686 -1.3695949776922778 -1.2479300628827688 -0.7892946514894161 -0.8351713735959183 -1.2469278431186799 -0.7954812230913288 -0.8170521005618188 -0.7696407495268796 -0.7815288628527725 -0.7697062231035552 -0.7863248928919166 -1.8372661491282616 -2.232419664479241 -0.8566918858621912 -1.915104210396054 -0.8574320206233642 -1.7910244863385951 -0.862134547362949 -0.7906728041478432
-0.7589444413647648 -0.755129800747226 -0.7380612363015401 -0.7218122063047063 -0.7374190536562997 -0.7582249342631859 -0.7713856272362952 -0.754352449204587 -2.4461813641861707 -1.3262772815045696 -2.0456857794749177 -2.5623839088689553 -1.933864224284265 -1.4818915020284786 -1.893479182509738 -1.0447989028824451 -1.268575821929826 -2.455644553855808 -2.4752154161748168 -1.882102758676095 -1.9242787292333996 -1.9787686034682312 -1.3336825295224235 -1.3479383547736763 -0.8364057898284281 -0.8619476908500584 -0.8327430575353605 -0.798404617113795 -0.8117711602187581 -0.8242108287033685 -0.8294124833463093 -0.8047830509534154 -0.8241863419523962 -1.2382626738667546 -1.2153442962932937 -1.1965883577828276 -1.067093905299379 -1.2634602342982022 -0.8472736273102787 -0.78738450538627 -0.7463589541447418 -0.761794341555161 -0.7305489567333409 -0.7347139836485517 -0.7095378652539884 -0.7053937540070141 -0.7209462929365588 -0.7410021387542303 -1.306455808195969 -1.3845683223990919 -1.974891948164127 -1.9574077219809374 -2.506192532597574 -2.3806584928516425 -0.7940837389132848 -1.7658271183260699 -1.6894084465924075 -1.282950617070377 -1.2646588885968686 -1.2042037547161333 -1.3021276629753347 -1.8049506457013047 -0.8478753937486044 -0.8272068153874287 -0.7893431859369267 -1.3210650305011338 -1.293414257222403 -1.229021570109272 -1.2755051986093064 -1.8734683401918766 -1.2644164615520401 -1.2570899395969939 -1.2873322416580293 -0.8898906078434742 -1.831167877555288 -1.741324220003525 -1.3128144025329342 -1.1482418574126578 -1.83250850481757 -1.2515653583489912 -1.8379264548997576 -1.3763992641524954 -1.2939729947573329 -1.8139446019541607 -1.3232856059982796 -1.2870885272055095 -1.329245475981582 -0.8413451136448116 -1.2700431923632864 -1.2786052043908986 -1.217557672371728 -1.7550224380869166 -0.854341378931361 -0.8647929297416395 -1.2342843315929761 -0.841213614340282 -2.4880557837448762 -1.2695719313570555 -1.7989220530509673 -1.1969230008444967 -1.2516021406159605 -1.292057810582242 -0.8631874014888264 -0.8240056094918837 -1.2567648493466268 -1.2519787627309016 -1.88590409763691 -1.8334983902324395 -1.4023694721100546 -1.8072036105974758 -1.7270514321179462 -0.7844709058226932 -1.2340972471418186 -1.3614998822640085 -1.9309749714586184 -2.6060307018095905 -0.9472149645811392 -1.286298766298994 -1.857677437127142 -1.2504975957324256 -1.2530703396844878 -1.3202596050636992 -0.8871774092929472 -0.8116990157818623 -0.8439456247544168 -1.1752650073531807 -1.2802846589088033 -1.0172745887893855 -0.800660489832005 -0.8431947122430551 -1.8475103765564371 -1.158246714877357 -1.0541435834050699 -1.296939489403186 -0.8198827536487895 -0.8595688272872399 -1.2300853961275913 -1.349178607501676 -2.3864052945294336 -0.8380811371911181 -1.3772756729349704 -1.3483300058217496 -1.2467432197359718 -0.8176731004577407 -1.2833947287995333 -1.7551997368931762 -0.8208391768935365 -0.79003285474303 -0.7879185086601238 -0.7768927544867393 -0.7790059514992664 -0.7710415325809473 -1.8213229368325856 -2.259113409954351 -0.8877079045465323 -1.7837049110580496 -0.9179229751492974 -1.813320303678116 -1.3717473725631657 -0.809156392037575
-0.7230203741202639 -0.7227035508704728 -0.7159055830929192 -0.7135464714606511 -0.7316476901898923 -0.721702033209569 -0.7234380075415356 -0.7438505812729886 -2.474014883264027 -1.888187326552405 -1.97213461258789 -2.6050869624707174 -1.931955540447055 -1.5013355319801913 -1.9402026291427994 -1.055381068067971 -2.5212861470725247 -3.1000350663698897 -2.465514899464526 -2.569261646939605 -1.8946621550031093 -2.001657556730998 -1.3530311253273237 -1.4040332782652154 -0.819115981159853 -1.876717357687054 -1.2610381526739822 -1.2780620104824925 -0.8281622535751871 -0.8142935490922201 -0.8034531581436836 -0.7910074393318184 -0.8002169527786198 -1.2196740399179884 -1.1474982905208642 -1.7470784180418941 -1.0454382767725179 -1.731579002730429 -0.8548564772459291 -0.7929026157640976 -0.727834445331632 -0.768100365207288 -0.7384466616431984 -0.7310476257315325 -0.7069105001747226 -1.1319939875615452 -1.1913307846955734 -1.1761900413595843 -0.851433232487596 -1.401426389308638 -1.4718258042503207 -1.9767184270194949 -2.4218978586421573 -1.7448856035769613 -0.7826417598582024 -1.7095101673258974 -1.204834958451685 -1.3127662462353777 -1.2976150875420884 -1.1635801007674464 -1.318276575309542 -1.7986524841307545 -0.779440481237792 -0.7351083666821205 -0.7655855605788962 -0.8646917184986685 -1.2240044818978828 -1.331305859901266 -1.2854564675263993 -1.8534383122921532 -1.2676980256056503 -0.819955308904856 -1.3284877896178435 -0.8834806038864418 -2.4362958547206954 -1.762696365065485 -1.2894524484452154 -1.1750824228051902 -2.432173054671347 -1.2640014977465341 -1.8685677473967586 -1.3420106394674627 -1.2792450619150844 -2.4343382235452227 -1.3192185288665836 -1.3015927381522414 -1.2724165603834054 -0.8217957639513057 -0.8578980959538653 -1.1878663033836607 -1.1568106948212495 -1.7803826844438433 -0.8289274177490694 -0.8324070648224966 -1.777195315253454 -0.802670132271657 -2.4788106391045486 -1.245945371773594 -2.4806071604653703 -1.1831389264511305 -1.2388368226470172 -1.2278588019840038 -0.8054087328896549 -0.8002650481547995 -1.816154808623409 -1.247836382399793 -1.2282905641840618 -1.7618379974914156 -1.449759761226188 -1.6916800697819567 -1.764109284652778 -0.7948107474867874 -1.2427808216656273 -1.391729320877919 -1.991296142438298 -2.65992913094755 -1.4589108522675232 -1.2947913319129063 -1.9342126195364269 -1.2332545050294554 -1.184080168176656 -1.3153483286758587 -0.8667298775877345 -1.241582593841457 -0.8184696930815284 -1.1534276223148139 -1.2591839651048207 -1.0120946801454347 -0.7593340035246253 -0.8360610215919471 -1.7862388398904385 -1.1689668080866493 -1.0642476759724018 -1.2963398942176538 -0.809874351975783 -0.7985312766979806 -1.8018900626659904 -1.3870639383303263 -2.4083229813025153 -0.8590614290505254 -1.3962844618657686 -1.3453952719095594 -1.848149888867764 -0.8014169387129303 -0.8304960731181209 -1.2331488534357105 -0.8175739605095609 -0.8242923675250543 -0.7982773131918403 -0.8167439644711957 -0.7697062231035552 -0.7863248928919166 -1.771692965298842 -2.150440263600837 -0.8141853870137045 -1.2384276394930616 -0.8801926107144458 -1.7910244863385951 -1.278848320243259 -0.7915888429907061
-0.7392902488869583 -0.7244496156364093 -0.7406127152987814 -0.7174232204487094 -0.7250416728834569 -0.7188120188032182 -0.7275743269891904 -0.727527512873964 -1.2720969260522403 -1.8494335254572385 -1.9620528420675747 -2.6172407087298932 -1.931955540447055 -1.4901784152537987 -1.9402026291427994 -1.0317234436417109 -2.4683791254040006 -3.0880480347946295 -1.8303776660461175 -2.6029323616819404 -1.8946621550031093 -2.010049059519205 -1.3530311253273237 -1.4040332782652154 -0.8245343968836502 -1.8497107560813337 -1.2610381526739822 -1.2780620104824925 -0.8281622535751871 -0.8061143662748526 -0.8034531581436836 -0.7910074393318184 -0.8104863362759788 -1.2281285654551204 -1.1818919880171144 -1.7920278764409914 -1.0266251568027733 -1.7424916138917161 -0.8548564772459291 -0.7988790461932834 -0.7335181527919862 -0.7297159422913883 -0.7153681041728056 -0.7215866021217958 -0.7069105001747226 -1.1326379693683613 -1.181485724905196 -1.165363283980335 -0.8635853204118153 -1.3910099417157389 -1.4131640110070935 -1.9767184270194949 -2.438902059725076 -1.7644385214502423 -0.7995350887582026 -1.7364468190769378 -1.204834958451685 -1.287200458991478 -1.2976150875420884 -1.1559978404726343 -1.318276575309542 -1.7986524841307545 -0.779440481237792 -0.7445381281013698 -0.7655855605788962 -0.7972689445791412 -1.2118238188836241 -1.331305859901266 -1.2854564675263993 -1.8534383122921532 -1.2676980256056503 -0.819955308904856 -1.3284877896178435 -0.8834806038864418 -2.4362958547206954 -1.762696365065485 -1.2894524484452154 -1.1899668354194124 -1.8259574502638782 -1.2640014977465341 -1.8685677473967586 -1.3173259391391754 -1.2792450619150844 -2.4343382235452227 -1.3192185288665836 -1.3015927381522414 -1.2724165603834054 -0.8217957639513057 -0.8590016666078297 -1.2012874282852248 -1.1568106948212495 -1.7803826844438433 -0.8289274177490694 -0.8324070648224966 -1.777195315253454 -0.8112593312215756 -1.8419655568670603 -1.245945371773594 -2.394852357078946 -1.161873109740039 -1.1833443209638586 -1.2517420762811866 -0.8054087328896549 -0.7930685270798886 -1.816154808623409 -1.247836382399793 -1.2356553042943077 -1.2350892222653862 -1.3343238927698677 -1.6845854196691057 -1.7339037170971796 -0.7871286777476667 -1.2240368002247404 -1.391729320877919 -2.0043973510097444 -2.6734793307169022 -1.4589108522675232 -1.2947913319129063 -1.9342126195364269 -1.2332545050294554 -1.184080168176656 -1.2781437966983227 -0.8667298775877345 -1.241582593841457 -0.8697696001708667 -1.1702361174090032 -1.2591839651048207 -1.0120946801454347 -0.7675677897574351 -0.8482435794596488 -1.2548764288872252 -1.1689668080866493 -1.0544350722200722 -1.2963398942176538 -0.8180046266784303 -0.805422231873843 -1.240927675400571 -1.3741822979191098 -2.4083229813025153 -0.8590614290505254 -1.3962844618657686 -1.3453952719095594 -1.8614100937521854 -0.8014169387129303 -0.8224944021018842 -1.2469278431186799 -0.8279830692333776 -0.8173314113428213 -0.7878652006555461 -0.8167439644711957 -0.7793122032089803 -0.8061964392041134 -1.812124434021843 -2.8247165700918386 -0.8284965342785652 -1.8297032022146047 -0.8480034281821561 -1.7910244863385951 -1.3505439954515348 -0.8054464357419228
-0.7589444413647648 -0.73748458933818 -0.7379375531175066 -0.7351496578888563 -0.726394868921716 -0.7448481941820853 -0.746899450726174 -0.7412152036109394 -1.7995504406824792 -1.252852190107987 -2.0456857794749177 -2.572922612820012 -1.933864224284265 -1.4544988938057428 -1.858334362473534 -1.0447989028824451 -1.2599664351449578 -1.8208727331827754 -1.8014710474350275 -1.9130562555254125 -1.9242787292333996 -1.9908826456314856 -1.366164133591777 -1.3939300501915424 -0.8447305090109892 -1.2668433226274205 -0.8415701709054606 -1.2475871623477002 -0.8191269900696069 -0.8242108287033685 -0.8294124833463093 -0.8047830509534154 -0.8241863419523962 -1.261043051623775 -1.2277389097738058 -1.7492336204109273 -1.0950820537068369 -1.263300951876245 -0.8665491342031519 -0.7873638635763273 -0.7463589541447418 -0.745255257000469 -0.711726607662029 -0.7235427309305562 -0.7072026864911463 -0.7216468759233965 -0.7245004889241942 -0.7467464051957601 -0.8485779738564663 -1.3845683223990919 -1.318311804793906 -1.9574077219809374 -2.506192532597574 -1.7720987728620794 -0.8010968903648387 -1.7565872916687237 -1.699602043201276 -1.282950617070377 -1.273933632449652 -1.2161966353472304 -1.8762537664569003 -1.243749109938264 -0.8593619030790455 -0.7289663502252023 -0.7212381994171694 -0.7950743687753061 -1.2291887823637115 -1.282114391882438 -1.273052924378987 -1.8627804963671415 -1.2584550052221928 -1.2638091938290785 -1.2958780368548384 -0.9237780501560251 -2.477260280183044 -1.7959065325313084 -1.3081387057124878 -1.1923998980094717 -1.83250850481757 -1.243844360475684 -1.8379264548997576 -1.3514156482810191 -1.2939729947573329 -1.8467186892267282 -1.2910258674850195 -1.2870885272055095 -1.329245475981582 -0.8153890891037249 -1.3077416619872622 -1.2902073305890915 -1.1696472912018059 -1.7385861365878126 -0.8679353082783823 -0.8647929297416395 -1.2342843315929761 -0.841213614340282 -2.4880557837448762 -1.2695719313570555 -2.4321693172580647 -1.153131548083508 -1.2388368226470172 -1.2611232991038979 -0.7874007341828233 -0.8240056094918837 -1.2342831389476692 -1.284099354358102 -1.88590409763691 -1.2579729260642851 -1.4023694721100546 -1.7706339776468953 -1.7064275089555072 -0.7699815840343038 -1.2216293679147996 -1.3614998822640085 -1.943948221421346 -2.6060307018095905 -0.9620943134692771 -1.286298766298994 -1.872650481328447 -1.2504975957324256 -1.2143577863858332 -1.2272505799991091 -0.8871774092929472 -0.8116990157818623 -0.8439456247544168 -1.1760105467867654 -1.2630027574380867 -1.023513934170742 -0.800660489832005 -0.8098134806662239 -1.8632090038226705 -1.075897459412448 -1.0277728150710899 -1.296939489403186 -0.8198827536487895 -0.8322046756388138 -1.2300853961275913 -1.349178607501676 -2.3864052945294336 -0.8380811371911181 -1.3772756729349704 -1.3483300058217496 -1.2863716800906735 -0.7820296684286268 -0.8175570144590789 -1.2045816899936423 -0.8103061753008581 -0.8035033492577524 -0.814964886891872 -0.8119721354416607 -0.7939916106001539 -0.8002753796709451 -1.8213229368325856 -2.259113409954351 -0.8945305449591517 -1.7837049110580496 -0.8869697176704061 -1.813320303678116 -1.331236914056127 -0.8333930537414491
-0.744383135569307 -0.7611867607663547 -0.7562349971818003 -1.1442231399626914 -0.7573440882149116 -0.721702033209569 -0.7167230285640905 -0.7397357739721653 -1.8575123607659494 -1.8291634823334075 -1.97213461258789 -2.6172407087298932 -1.931955540447055 -1.4901784152537987 -1.8935744946755426 -1.0400361405856007 -1.8434175756977798 -2.4134924176484196 -1.8303776660461175 -2.6029323616819404 -1.8946621550031093 -2.0222225845184725 -1.3530311253273237 -1.3784718402879355 -0.8004405240127052 -1.8102006816533214 -1.2499071972928621 -1.2691974583935894 -0.8251746266258757 -0.7898336656172356 -0.8034531581436836 -0.7835140595430289 -0.82233795095328 -1.2281285654551204 -1.1913352543002638 -1.7586223760913857 -1.1195201656810143 -1.7914945908905247 -0.8764014060358127 -0.8139972755526869 -1.1770831614140047 -0.7528864319561714 -1.1168386548149722 -1.146327096861799 -1.1016006470690842 -1.1127421964207904 -1.1520325010917514 -1.1530054259065325 -1.3866178611997244 -1.3910099417157389 -1.4131640110070935 -1.985147551726173 -2.438902059725076 -1.7738840545658754 -1.2465249752722711 -2.34294797971795 -1.7107794053806005 -1.2711589610147274 -1.2322433652065874 -1.1543916096182814 -1.306812829302331 -1.7986524841307545 -0.779440481237792 -0.7687750617775784 -0.6879623407149045 -1.2427564627886243 -1.2653220357630708 -1.331305859901266 -1.2854564675263993 -1.8534383122921532 -1.2762414128610415 -1.2938186266650342 -1.3470432709314784 -0.906129214123687 -2.446850413831557 -1.7954102418642783 -1.2894524484452154 -1.1899668354194124 -2.432173054671347 -1.2640014977465341 -1.8826230288805872 -1.3543830135076866 -1.2792450619150844 -2.4343382235452227 -1.2870072747194954 -1.3015927381522414 -1.3472835299798467 -0.7986372454367415 -0.8348596583060348 -1.2239482306825127 -1.1568106948212495 -1.7803826844438433 -0.8289274177490694 -0.8324070648224966 -1.777195315253454 -0.8112593312215756 -2.4895958033233687 -1.245945371773594 -2.4806071604653703 -1.1349374285709461 -1.1833443209638586 -1.1838580989912828 -0.7904111080429457 -1.2366269454434355 -1.8076227085374101 -1.247836382399793 -1.82924695853063 -1.2180883091301362 -1.409663697712977 -1.7063432242157386 -1.7473872321175037 -0.8079230291123962 -1.2302683995323234 -1.391729320877919 -2.0043973510097444 -2.623197964452329 -1.4177277451109112 -1.2947913319129063 -1.9342126195364269 -1.792575890303591 -1.1998635710037073 -1.267817881352714 -0.8811688207295951 -1.241582593841457 -0.836831792950093 -1.1534276223148139 -1.3383422696931726 -1.0238056233914812 -0.7593340035246253 -0.7905871075360339 -1.7862388398904385 -1.1689668080866493 -1.0544350722200722 -1.255994584054247 -0.8180046266784303 -0.8489713963923288 -1.240927675400571 -1.3479382266949684 -2.4083229813025153 -0.8590614290505254 -1.3962844618657686 -1.3453952719095594 -1.886235552392813 -0.8019477930528383 -1.273378661307759 -1.784339208848643 -0.8322405015558053 -0.8406028175858261 -0.8073854844525665 -0.8238822809751307 -1.2506551486714568 -0.8324123740364501 -1.812124434021843 -2.8247165700918386 -0.8350289995263627 -1.8005332299026422 -0.864186324415775 -1.8070091541612157 -1.3752051062546304 -0.8225660166012561
-0.7702044922925598 -0.7611867607663547 -0.7489523541979282 -1.1442231399626914 -0.763368881864282 -0.7288351652899957 -0.7208331479685495 -0.7450955456359123 -1.8575123607659494 -1.8291634823334075 -1.9620528420675747 -2.6172407087298932 -1.931955540447055 -1.4901784152537987 -1.8935744946755426 -1.0317234436417109 -1.822862100636217 -2.4134924176484196 -1.8303776660461175 -2.6029323616819404 -1.8946621550031093 -2.0222225845184725 -1.3530311253273237 -1.3784718402879355 -0.8415274661686426 -1.8102006816533214 -1.2499071972928621 -1.2780620104824925 -0.8326083966027054 -0.8005176754848791 -0.8034531581436836 -0.7746730052587467 -0.8313170823133892 -1.2281285654551204 -1.1913352543002638 -1.7586223760913857 -1.1195201656810143 -1.790458204187181 -0.8764014060358127 -0.8139972755526869 -1.1770831614140047 -0.7528864319561714 -1.111239247704301 -1.1406290791960738 -1.111848227572301 -1.1163754083302453 -1.1520325010917514 -1.1605096056587494 -0.8872286345304281 -1.3910099417157389 -1.4010950299581784 -1.985147551726173 -2.4080711952789944 -1.7738840545658754 -1.2465249752722711 -2.34294797971795 -1.7107794053806005 -1.2711589610147274 -1.2225856433318918 -1.107900222715164 -1.2659518310587143 -1.7986524841307545 -0.779440481237792 -0.762509839263769 -0.6774399484205188 -1.2427564627886243 -0.8050483537519286 -1.331305859901266 -1.2854564675263993 -1.8534383122921532 -1.2762414128610415 -1.2938186266650342 -1.3470432709314784 -0.906129214123687 -2.446850413831557 -1.7954102418642783 -1.2894524484452154 -1.1899668354194124 -2.4550558570904113 -1.2640014977465341 -1.8826230288805872 -1.3543830135076866 -1.2792450619150844 -2.415899353177468 -1.2870072747194954 -1.3015927381522414 -1.309347737584107 -0.7986372454367415 -0.850025927188667 -1.2239482306825127 -1.1568106948212495 -1.7638596263880288 -0.8289274177490694 -0.8324070648224966 -1.777195315253454 -0.8112593312215756 -2.5083647385877725 -1.274176730461768 -2.4806071604653703 -1.1349374285709461 -1.1833443209638586 -1.1838580989912828 -0.7904111080429457 -1.2520352039542944 -1.8076227085374101 -1.247836382399793 -1.82924695853063 -1.250341177308098 -1.409663697712977 -1.7063432242157386 -1.7339037170971796 -0.7835222625672286 -1.2240368002247404 -1.391729320877919 -1.4162854396112265 -2.623197964452329 -1.4589108522675232 -1.3051409732139216 -1.9342126195364269 -1.2440593927162962 -1.1998635710037073 -1.267817881352714 -0.8629733561186426 -1.241582593841457 -0.8697696001708667 -1.1534276223148139 -1.359735762595612 -1.0301496818681986 -0.7784024962432187 -0.7905871075360339 -1.8215523828591118 -1.1689668080866493 -1.0544350722200722 -1.255994584054247 -0.8180046266784303 -0.8425259951351505 -1.2545032859267133 -1.3116862179253705 -2.4265379339931097 -0.8590614290505254 -1.3962844618657686 -1.3453952719095594 -1.886235552392813 -0.7854074428202032 -1.2897809989465945 -1.8086010481263317 -0.8322405015558053 -0.8431688565948713 -0.8073854844525665 -0.83179794571955 -1.2434213672749912 -0.8324123740364501 -1.812124434021843 -2.8247165700918386 -0.8350289995263627 -1.8005332299026422 -0.864186324415775 -1.8070091541612157 -1.3913269334988652 -0.8310034001911276
-0.7540061984853383 -0.7611867607663547 -0.7562349971818003 -1.1442231399626914 -0.763368881864282 -1.155570195331993 -0.7395315715451777 -0.7450955456359123 -1.8380598575901752 -1.8677719507702228 -1.97213461258789 -2.6172407087298932 -1.931955540447055 -1.4901784152537987 -1.8935744946755426 -1.0400361405856007 -1.835736003623959 -2.4134924176484196 -1.8303776660461175 -2.569261646939605 -1.8946621550031093 -2.0222225845184725 -1.3530311253273237 -1.3784718402879355 -0.8415274661686426 -1.8102006816533214 -1.2499071972928621 -1.2780620104824925 -0.8326083966027054 -0.8005176754848791 -0.8034531581436836 -0.7746730052587467 -0.82233795095328 -1.2281285654551204 -1.1913352543002638 -1.7586223760913857 -1.1195201656810143 -1.8081085242816315 -0.8764014060358127 -0.8139972755526869 -1.1770831614140047 -0.7528864319561714 -1.111239247704301 -1.1357469538441325 -1.111848227572301 -1.1170471030354274 -1.1520325010917514 -1.155440598435894 -0.8872286345304281 -1.3910099417157389 -1.4010950299581784 -1.985147551726173 -2.4218978586421573 -1.7738840545658754 -1.2465249752722711 -2.34294797971795 -1.7107794053806005 -1.2711589610147274 -1.2225856433318918 -1.1543916096182814 -1.2659518310587143 -1.7986524841307545 -0.779440481237792 -0.762509839263769 -0.6774399484205188 -1.2427564627886243 -0.816701918962738 -1.331305859901266 -1.2854564675263993 -1.8534383122921532 -1.2762414128610415 -1.2938186266650342 -1.3470432709314784 -0.8961228595889544 -2.446850413831557 -1.7954102418642783 -1.2894524484452154 -1.1899668354194124 -2.4434513903378474 -1.2640014977465341 -1.8826230288805872 -1.3543830135076866 -1.2792450619150844 -2.415899353177468 -1.2870072747194954 -1.3015927381522414 -1.309347737584107 -0.7986372454367415 -0.8390709057936929 -1.2239482306825127 -1.1568106948212495 -1.7638596263880288 -0.8289274177490694 -0.8324070648224966 -1.777195315253454 -0.8112593312215756 -2.5083647385877725 -1.274176730461768 -2.4940784384346957 -1.1349374285709461 -1.1833443209638586 -1.1838580989912828 -0.7904111080429457 -1.2520352039542944 -1.8076227085374101 -1.247836382399793 -1.82924695853063 -1.792570602300648 -1.409663697712977 -1.723657082209945 -1.7473872321175037 -0.7835222625672286 -1.2302683995323234 -1.391729320877919 -1.404826959341069 -2.623197964452329 -1.4589108522675232 -1.2947913319129063 -1.923449965322454 -1.2440593927162962 -1.1998635710037073 -1.267817881352714 -0.8629733561186426 -1.241582593841457 -0.8697696001708667 -1.1534276223148139 -1.359735762595612 -1.0301496818681986 -0.7784024962432187 -0.7905871075360339 -1.8081620744873779 -1.1689668080866493 -1.0544350722200722 -1.255994584054247 -0.8180046266784303 -0.8290520314236943 -1.240927675400571 -1.3741822979191098 -2.4265379339931097 -0.8590614290505254 -1.3962844618657686 -1.3453952719095594 -1.312109940420948 -0.7854074428202032 -1.2897809989465945 -1.8086010481263317 -0.8322405015558053 -0.8330410689499246 -0.8073854844525665 -0.8238822809751307 -1.2506551486714568 -0.8324123740364501 -1.812124434021843 -2.8247165700918386 -0.8350289995263627 -1.8005332299026422 -0.864186324415775 -1.8070091541612157 -1.3752051062546304 -0.8310034001911276
-0.7540061984853383 -0.7611867607663547 -0.7562349971818003 -1.1442231399626914 -0.763368881864282 -1.155570195331993 -0.7395315715451777 -0.7450955456359123 -1.8380598575901752 -1.8677719507702228 -1.97213461258789 -2.6172407087298932 -1.9446870151596114 -1.4901784152537987 -1.9745399543161912 -1.0400361405856007 -1.835736003623959 -2.4238541266351574 -1.8303776660461175 -2.569261646939605 -1.900978275007896 -2.0222225845184725 -1.3530311253273237 -1.3784718402879355 -0.8415274661686426 -1.8102006816533214 -1.2394321167443816 -1.2691974583935894 -0.838317167446665 -0.8005176754848791 -0.8034531581436836 -0.7746730052587467 -0.82233795095328 -1.2281285654551204 -1.1913352543002638 -1.7586223760913857 -1.1195201656810143 -1.8081085242816315 -0.8764014060358127 -0.8139972755526869 -1.1770831614140047 -0.7528864319561714 -1.111239247704301 -1.1357469538441325 -1.116529561590778 -1.1205123670947537 -1.214837183637259 -1.1713126241452716 -0.8872286345304281 -1.3910099417157389 -1.3858782988095866 -1.9651764958698577 -2.4218978586421573 -1.7738840545658754 -1.2465249752722711 -2.34294797971795 -1.7107794053806005 -1.2711589610147274 -1.2225856433318918 -1.161968292735035 -1.306812829302331 -1.7986524841307545 -0.779440481237792 -0.762509839263769 -0.6820891934091867 -1.2427564627886243 -0.8050483537519286 -1.331305859901266 -1.2854564675263993 -1.8534383122921532 -1.2676980256056503 -1.2938186266650342 -1.3371643751776392 -0.8961228595889544 -2.446850413831557 -1.7954102418642783 -1.2814167523421984 -1.1899668354194124 -2.4434513903378474 -1.2640014977465341 -1.8685677473967586 -1.3543830135076866 -1.2792450619150844 -2.415899353177468 -1.2870072747194954 -1.3015927381522414 -1.3472835299798467 -0.7986372454367415 -0.8390709057936929 -1.2239482306825127 -1.1568106948212495 -1.7638596263880288 -0.8289274177490694 -0.8324070648224966 -1.777195315253454 -0.8112593312215756 -2.4975613382941844 -1.274176730461768 -2.4940784384346957 -1.1349374285709461 -1.1833443209638586 -1.155961524448412 -0.7811552665381798 -1.2520352039542944 -1.8076227085374101 -1.247836382399793 -1.820525473438235 -1.792570602300648 -1.409663697712977 -1.723657082209945 -1.7473872321175037 -0.7835222625672286 -1.2302683995323234 -1.391729320877919 -1.404826959341069 -2.609699911741561 -1.4589108522675232 -1.2947913319129063 -1.9342126195364269 -1.2440593927162962 -1.1998635710037073 -1.267817881352714 -0.8629733561186426 -1.2477664921656484 -0.836831792950093 -1.1534276223148139 -1.3356246438197503 -1.0416391056917917 -0.7700915360580367 -0.7905871075360339 -1.8081620744873779 -1.1689668080866493 -1.0544350722200722 -1.255994584054247 -0.8180046266784303 -0.8283163524891811 -1.240927675400571 -1.3741822979191098 -2.4083229813025153 -0.8590614290505254 -1.3962844618657686 -1.3453952719095594 -1.312109940420948 -0.7854074428202032 -1.2975062068429386 -1.8086010481263317 -0.8322405015558053 -0.8404538392644351 -0.8073854844525665 -0.83179794571955 -1.8133605737819174 -0.8325192317095255 -1.812124434021843 -2.8247165700918386 -0.8350289995263627 -1.8005332299026422 -0.864186324415775 -1.8070091541612157 -1.3752051062546304 -0.840012024954577
-0.7464725748240707 -0.7474274535481622 -0.7519674379591248 -1.1442231399626914 -0.7563426910839554 -1.155570195331993 -0.7321274954149034 -0.7328123995152108 -1.8575123607659494 -1.8677719507702228 -1.97213461258789 -2.6172407087298932 -1.9446870151596114 -1.4901784152537987 -1.938901411536082 -1.0400361405856007 -1.835736003623959 -2.4238541266351574 -1.8303776660461175 -2.569261646939605 -1.900978275007896 -2.0222225845184725 -1.3530311253273237 -1.3784718402879355 -0.8415274661686426 -1.8102006816533214 -1.2231166799549857 -1.2691974583935894 -0.838317167446665 -0.7898336656172356 -0.8034531581436836 -0.7746730052587467 -0.8313170823133892 -1.218766492378568 -1.1913352543002638 -1.7586223760913857 -1.1195201656810143 -1.8081085242816315 -0.88734878140051 -0.8139972755526869 -1.1668003445712714 -0.7480316808986219 -1.111239247704301 -1.1357469538441325 -1.1062583989632386 -1.1398191858536253 -1.1986650286667493 -1.1761900413595843 -0.8517045095079508 -1.3910099417157389 -1.3858782988095866 -1.9651764958698577 -2.4218978586421573 -1.7738840545658754 -1.2465249752722711 -2.34294797971795 -1.7107794053806005 -1.2711589610147274 -1.2225856433318918 -1.1518617108236326 -1.306812829302331 -1.7986524841307545 -0.779440481237792 -0.762509839263769 -0.6718865342502592 -1.2072077848353706 -0.7794819678481962 -1.331305859901266 -1.2854564675263993 -1.8534383122921532 -1.2676980256056503 -1.2938186266650342 -1.3470432709314784 -0.8961228595889544 -2.446850413831557 -1.7954102418642783 -1.2877991467279746 -1.1899668354194124 -2.4434513903378474 -1.2546992479022654 -1.8826230288805872 -1.3543830135076866 -1.2792450619150844 -2.415899353177468 -1.2870072747194954 -1.3015927381522414 -1.309834245479403 -0.7814854481111077 -0.8390709057936929 -1.2194411223395911 -1.1568106948212495 -1.7430030362117732 -0.8289274177490694 -0.841801967988966 -1.777195315253454 -0.8112593312215756 -2.4975613382941844 -1.274176730461768 -2.4940784384346957 -1.1522362854744976 -1.1833443209638586 -1.1823320513182511 -0.7811552665381798 -1.2270931837104473 -1.8076227085374101 -1.247836382399793 -1.820525473438235 -1.792570602300648 -1.4712770017313708 -1.723657082209945 -1.7473872321175037 -0.7835222625672286 -1.2302683995323234 -1.391729320877919 -1.404826959341069 -2.609699911741561 -1.4589108522675232 -1.2947913319129063 -1.9342126195364269 -1.2440593927162962 -1.1998635710037073 -1.267817881352714 -0.8629733561186426 -1.254056844313461 -0.836831792950093 -1.1534276223148139 -1.3356246438197503 -1.0345005617405398 -0.7700915360580367 -0.7905871075360339 -1.8081620744873779 -1.1689668080866493 -1.0622847010633931 -1.255994584054247 -0.8180046266784303 -0.813298701797802 -1.240927675400571 -1.3741822979191098 -2.4083229813025153 -0.8590614290505254 -1.3962844618657686 -1.3453952719095594 -1.2404107762483685 -0.7711514479988184 -1.2975062068429386 -1.8086010481263317 -0.8322405015558053 -0.8404538392644351 -0.8312183229836937 -0.83179794571955 -1.7984691184029726 -0.8436904334245325 -1.8259526107482644 -2.8247165700918386 -0.8350289995263627 -1.8005332299026422 -0.864186324415775 -1.8070091541612157 -1.3346461448208036 -0.840012024954577
-0.7464725748240707 -0.7628259718170061 -0.7566896764401442 -1.1568295625741931 -0.7563426910839554 -1.155570195331993 -0.7321274954149034 -0.727527512873964 -1.8575123607659494 -1.8776652112600294 -1.97213461258789 -2.6172407087298932 -1.9446870151596114 -1.5031409118325072 -1.938901411536082 -1.0400361405856007 -1.8434175756977798 -2.4238541266351574 -1.8303776660461175 -2.569261646939605 -1.900978275007896 -2.0222225845184725 -1.3530311253273237 -1.3784718402879355 -0.8004405240127052 -1.8102006816533214 -1.2247088227437948 -1.277241749428738 -0.838317167446665 -0.8005176754848791 -0.8034531581436836 -0.7746730052587467 -0.8213704154379274 -1.2281285654551204 -1.7431310621439358 -1.7586223760913857 -1.6572469940073633 -1.799600535315894 -0.900796048474179 -0.8139972755526869 -1.171269424988744 -0.7528864319561714 -1.111239247704301 -1.142198412045214 -1.1211002200710138 -1.1400458983689543 -1.1986650286667493 -1.1713126241452716 -0.8872286345304281 -1.3910099417157389 -1.4131640110070935 -1.985147551726173 -2.411069803868633 -1.7652608218873798 -1.2398611795930476 -2.34294797971795 -1.7107794053806005 -1.2711589610147274 -1.2225856433318918 -1.1146671864972373 -1.306812829302331 -1.7986524841307545 -0.7888280159168407 -0.7317551751171234 -0.6941616684031371 -0.7413058846095728 -0.7745910841742488 -1.331305859901266 -1.2854564675263993 -1.8534383122921532 -1.2676980256056503 -1.2938186266650342 -1.3379560746595571 -0.906129214123687 -2.446850413831557 -1.7954102418642783 -1.295525026330869 -1.1899668354194124 -2.420593962502842 -1.2640014977465341 -1.8826230288805872 -1.3543830135076866 -1.2792450619150844 -2.4343382235452227 -1.2870072747194954 -1.3015927381522414 -1.309834245479403 -0.7898548920275307 -0.8390709057936929 -1.2103968524300344 -1.1568106948212495 -1.7915754968308324 -0.8289274177490694 -0.841801967988966 -1.777195315253454 -0.8112593312215756 -2.5083647385877725 -1.274176730461768 -2.4940784384346957 -1.1522362854744976 -1.1833443209638586 -1.1954400768756714 -0.7936044233316856 -1.2270931837104473 -1.8076227085374101 -1.247836382399793 -1.820525473438235 -1.792570602300648 -1.4712770017313708 -1.723657082209945 -1.7473872321175037 -0.7835222625672286 -1.2302683995323234 -1.391729320877919 -1.404826959341069 -2.609699911741561 -1.4177277451109112 -1.3051409732139216 -1.9342126195364269 -1.2763278868469048 -1.1709880746827872 -1.267817881352714 -0.8629733561186426 -1.2448358834452122 -0.8290833372415588 -1.1534276223148139 -1.309324432282842 -1.026937530131719 -0.7795146341505698 -0.7905871075360339 -1.7862388398904385 -1.1689668080866493 -1.0697467388642998 -1.255994584054247 -0.8256727035650551 -0.8266080650923604 -1.2545032859267133 -1.3019427506006558 -2.4083229813025153 -0.8590614290505254 -1.3962844618657686 -1.3453952719095594 -1.2830286093595529 -0.7756439876081342 -0.8284764981803703 -1.2469278431186799 -0.8322405015558053 -0.8406028175858261 -0.8312183229836937 -0.8328504316115987 -1.2307734608136427 -0.8436904334245325 -1.8259526107482644 -2.8247165700918386 -0.8350289995263627 -1.8005332299026422 -0.864186324415775 -1.747109800735963 -1.3346461448208036 -0.840012024954577
-0.7432081438445023 -0.7312963501106683 -0.7432612834670871 -0.7548099565595766 -0.7827237928092564 -0.7432850849284351 -0.7318594875915548 -0.7367632036024658 -1.2304587756377756 -0.7920837729387525 -1.3636947533969237 -1.8775247069937842 -1.8262715562936915 -1.3902921209704264 -1.93708485854309 -1.1038915414174995 -1.2545038200429983 -1.2048119690276489 -1.2116607343207515 -1.2925788954256108 -1.8387671907299319 -2.043547812930645 -1.2630066340850559 -0.7985150959691936 -0.8005476868179359 -1.2449135076878297 -0.8021951443684663 -1.2538280171164757 -0.8156538318495843 -0.8125234411349144 -0.7982780070430516 -0.812884181624178 -0.8206747503829648 -1.3053628860837323 -0.8648692667193628 -1.2905210353273415 -0.9420691241394378 -2.9016495521287977 -1.5182250825652064 -1.289822924306192 -0.7469233450070188 -0.7498432766203932 -0.7826060638620632 -1.1999711596657716 -1.2870614294134444 -1.2205297380952689 -1.2405387687719123 -0.791162757186377 -0.7773267770795393 -0.809935745933818 -0.8634318824406816 -1.392678038043385 -1.2602295563482264 -0.7512041496983827 -1.257305415236278 -0.7681630526352384 -1.1972613128644825 -1.251722187350829 -1.2576760603090493 -1.1537798789339628 -1.307649906637871 -0.8037618732894724 -0.8134179974360327 -0.7538374087581968 -0.7522348109235285 -0.7036432125422777 -0.7458908274537961 -0.7661936504514941 -1.2183400846013686 -1.2359701164365064 -0.7499930035550608 -0.7487491803616956 -1.2592784849171201 -0.8264152802100678 -2.4171247503815367 -0.7965587890566538 -0.8140639881333583 -0.7919209803149002 -1.7550004761123974 -0.7544241391531441 -0.8182401436574817 -0.7523286788401153 -0.7748905049809199 -1.816958894494935 -1.2487772181818584 -0.8553689504709944 -0.8013478543469259 -0.7630222571659893 -0.8600487105999499 -1.2787914214052456 -1.1880863058873181 -1.7494863627726436 -0.8511019711644385 -0.8676260746169947 -1.2358953660985137 -0.8418614583387616 -1.3153484081162348 -1.0487115775068778 -1.807928133306748 -1.161873109740039 -0.8819262212821823 -0.8620312407728952 -0.7562391366073776 -0.7118705251043006 -0.8497987496852104 -0.8154862988858488 -1.3030816225652149 -1.2620784061739223 -1.308909168285587 -1.134179413314803 -1.167141813194201 -0.7547034249069072 -0.7609408066221229 -1.2630981985990442 -1.2237390922613145 -1.3110896916485555 -0.7890851630818794 -0.7975439552445821 -0.827145939883038 -1.2219019913727767 -1.2094551477461406 -1.2781437966983227 -0.8539639926509762 -0.8774351487227104 -0.86762098774293 -2.375895084275687 -1.3236026496845053 -0.8535617072910593 -0.8354776906205508 -0.8431757036032056 -1.3389051155929008 -1.112173193363726 -0.7930683935640807 -0.7576881246567755 -0.7727439995121369 -0.7707104720962697 -1.2600725277326787 -1.2878221231864444 -1.7671588223417558 -0.8750243838615381 -1.436174047120844 -1.3137168650222617 -0.8239034171235616 -0.7521414392876166 -0.8087536024182772 -1.2536538694674066 -0.8404497322288426 -0.8533742629070529 -0.8288938472857982 -0.8795883355502979 -1.81793260509876 -0.8420393370197394 -1.759267110230146 -1.59539793469937 -0.861615917131138 -0.787501740964266 -0.815274117648946 -0.8028068418380097 -1.2610746927901253 -0.8149549720551366
-0.7303315988934675 -0.7411829044360091 -0.7494040937260279 -1.1698851155909298 -0.7675640496996272 -0.7163651871895718 -0.7143388336928369 -0.7278410279231272 -1.238700793821999 -1.2544676929752296 -1.3865033253037795 -2.624596944082396 -1.9096451067797224 -1.4042411738068092 -1.9068720944175443 -1.0644504574448064 -1.7723807206438602 -1.7918825719241025 -1.274229907071765 -2.0165589268085835 -1.8846386944006934 -1.9950444203901487 -1.3399907315966428 -0.8271393968608786 -0.7822850162299602 -1.7811592789237574 -1.2240987964317986 -1.272357176780074 -0.8221089057915656 -0.7982580436657861 -0.7924280817256139 -0.7910074393318184 -0.7774326492539637 -1.7212896334469858 -1.1381705031190779 -1.7138009364468518 -1.1370582248818855 -2.985784504522636 -1.448862225776784 -0.8031046673864094 -1.1582329923756747 -0.7597889150919744 -1.2135517589900309 -1.7824444774532031 -1.255187550480301 -1.7360114815935799 -1.8146575271468934 -1.1858113680674818 -0.8438449987444407 -0.8228402442282418 -0.9201614725817783 -1.3986610464170908 -2.4027130566801764 -1.2382982484049023 -0.8014055951102226 -1.2244277012307958 -1.194075055688545 -1.2102630401725198 -1.2262529255845118 -1.1339366154060724 -1.229647952599954 -1.2320077503765572 -0.7679035351849698 -0.7555209892786078 -0.7465725884956282 -0.751794952744512 -0.6584326123997448 -0.7470727490914515 -0.7481519278603382 -0.76213166773609 -0.8238659530867134 -0.7912892749479404 -1.264480472707029 -0.8794965505646034 -1.8631289812631617 -1.83952627497366 -1.3411454932720384 -1.2518181223699356 -1.1992526941891681 -0.8100989588739037 -1.3101256453191596 -0.8812508130531518 -0.8056245248939029 -2.4343382235452227 -1.2999660407373024 -1.3015927381522414 -0.7510010450934991 -0.7655648887655012 -0.8650019658243087 -1.2249310143803018 -1.1568106948212495 -1.7653319572474588 -0.8384139319137105 -0.8444303607074201 -1.7644373931862871 -0.819259428194637 -1.2829435376921927 -1.04186891191184 -1.3161535744352737 -0.9145172428224857 -0.8443763295239793 -0.8563858125602678 -0.7993292528159835 -0.8045176300071563 -1.283212621226344 -1.23308855435981 -1.2570902306042735 -1.1829187293897114 -1.3351701791432986 -1.7300290674620666 -1.787869170917694 -0.7715272464289656 -0.7678605148499196 -1.2978000082583432 -1.4162854396112265 -1.401450939359742 -1.3513503300855418 -0.8355171285238853 -0.8172647816644014 -0.747632157377085 -1.1753851542823812 -1.2781437966983227 -0.8470644619604287 -1.2526397246476426 -0.8118128888894576 -2.3119827605025964 -1.8793295493432844 -1.0933837587415005 -0.7952471023850931 -0.8454157979183854 -1.2506170330139437 -1.1258419571340414 -0.8124865420693379 -1.2817527597074645 -0.8153780246792033 -0.8097711292735195 -1.2604150979704747 -1.316378851442237 -2.4265379339931097 -0.841500596710424 -1.411254632555837 -0.8342908446386416 -1.1644084245219648 -0.7509194033925611 -0.7728925760358892 -1.1929846057488227 -0.8040728684978103 -0.8124465215490585 -0.7819476408505435 -0.8479235789817806 -0.7525926404695595 -0.8054402155194691 -1.7566912515537767 -2.1546245235844066 -0.8139435074006807 -1.352924539151476 -0.8060507389397014 -1.751810952386309 -1.3346461448208036 -0.811890990747519
-0.7563668093107784 -0.7411829044360091 -0.7557483424183811 -1.1698851155909298 -0.7720595957642012 -0.7432891632475264 -0.7345137103737716 -0.7278410279231272 -1.1952578624171621 -1.2544676929752296 -1.97213461258789 -1.9697802025910895 -1.9096451067797224 -1.4351712642714385 -1.9180920381050677 -1.079222513386393 -1.7044659494283316 -1.7275528911394837 -1.2736782325975156 -2.0362039150325515 -1.8846386944006934 -2.0258753623704173 -1.2724481465521582 -0.785220324409387 -0.7822850162299602 -1.7811592789237574 -1.2122511110091945 -0.8109424717063504 -0.8221089057915656 -0.7982580436657861 -0.7924280817256139 -0.7910074393318184 -0.7774326492539637 -1.7212896334469858 -1.2025812344125528 -1.7138009364468518 -1.1370582248818855 -2.985784504522636 -1.396417033533845 -1.2634359211248964 -1.175798095998922 -0.7597889150919744 -1.2044869274991095 -1.7824444774532031 -1.8355037305554294 -1.7363468397187904 -1.8146575271468934 -1.2207379110270233 -0.8438449987444407 -0.8306272636799518 -0.949646834154268 -1.3986610464170908 -1.7718058075017238 -1.24569074568208 -0.8065795770141799 -1.1722475860133506 -1.2054083151138255 -1.2102630401725198 -1.2262529255845118 -1.1503783330136685 -1.229647952599954 -1.23954676522663 -0.788542638618505 -0.7555209892786078 -0.7347695414331576 -0.7398244779182886 -0.6584326123997448 -0.7470727490914515 -0.7481519278603382 -0.7401767518533031 -0.7781544037374569 -0.8034301768794586 -1.2846408834578056 -0.8794965505646034 -1.8631289812631617 -1.83952627497366 -0.885123864784368 -0.7899149756572015 -1.2139153360776658 -0.7678295125012152 -0.8396312803191998 -0.7640013499185514 -0.8056245248939029 -2.422495358995699 -1.2999660407373024 -0.8617409040918854 -0.7510010450934991 -0.7655648887655012 -0.8650019658243087 -1.2249310143803018 -1.1568106948212495 -1.7494863627726436 -0.8252842814957768 -0.8444303607074201 -1.7644373931862871 -0.819259428194637 -1.2829435376921927 -1.0165404141622567 -0.844297834822164 -0.9145172428224857 -0.8902070539958116 -0.8563858125602678 -0.7993292528159835 -0.7573358445446908 -1.293475449008861 -1.23308855435981 -1.2570902306042735 -1.1970134931061998 -1.3528943635037032 -1.7300290674620666 -1.2594530574840992 -0.7715272464289656 -0.7631449939405571 -0.8525265765835299 -1.267237037959929 -0.9094519657514962 -1.2572349668152132 -0.7943336235479772 -0.8172647816644014 -0.743288973582134 -1.1863012897506064 -1.2781437966983227 -0.8536720410530311 -1.2753935214094783 -0.8535226284513674 -2.3119827605025964 -1.854904745469946 -1.1219217424719092 -0.8037352969034028 -0.8454157979183854 -1.3083767171492722 -1.1453472380964147 -0.8124865420693379 -0.8173075975342028 -0.8153780246792033 -0.8035190260996217 -1.2604150979704747 -1.2833191542096187 -1.7929105253959983 -0.841500596710424 -1.424852156035403 -0.7945230333408462 -1.204368520466263 -0.7583603507460104 -0.7897179191061485 -1.2081119080587597 -0.8115338095795714 -0.8051941496394582 -0.7970349813566953 -0.8413918510881389 -1.2204372440878248 -0.8054402155194691 -1.7566912515537767 -2.1546245235844066 -0.8139435074006807 -1.2889077807508518 -0.8294491294544729 -1.231149518773208 -1.351750493203607 -0.811890990747519
-0.797160588110186 -0.7411829044360091 -0.7491332192083014 -1.1698851155909298 -0.7361224357169541 -0.7432891632475264 -0.7386437019391856 -0.7278410279231272 -1.1844508430013314 -1.2544676929752296 -1.9620528420675747 -1.9697802025910895 -1.9096451067797224 -1.4351712642714385 -1.9180920381050677 -1.049063794333413 -1.7044659494283316 -1.737232683942719 -1.2828800124753075 -2.0362039150325515 -1.8423060670585787 -1.4351618558262589 -0.8103498128115898 -0.785220324409387 -0.7770496417977079 -1.2236635985974968 -1.2122511110091945 -0.8032716073638422 -0.8221089057915656 -0.7982580436657861 -0.7924280817256139 -0.7910074393318184 -0.7774326492539637 -1.7419685315618632 -1.2025812344125528 -1.7138009364468518 -1.1370582248818855 -2.985784504522636 -1.396417033533845 -1.2613292395975235 -1.175798095998922 -0.7597889150919744 -1.211019601387015 -1.7824444774532031 -1.8287858154978174 -1.7612986246506228 -1.8146575271468934 -1.2207379110270233 -0.8438449987444407 -0.8397245574125051 -0.949646834154268 -1.3986610464170908 -1.7822140233657504 -1.24569074568208 -0.8065795770141799 -1.1917748618739845 -1.2054083151138255 -1.2102630401725198 -1.239368395047789 -1.1503783330136685 -1.229647952599954 -1.23954676522663 -0.7679035351849698 -0.7609341876824768 -0.7614285459233098 -0.7398244779182886 -0.6677178826291127 -0.7382969672852795 -0.7090864962895099 -0.7328105854298306 -0.765368489879908 -0.7871115481985832 -1.2846408834578056 -0.8959950436405886 -1.216241609336822 -1.83952627497366 -0.885123864784368 -0.7899149756572015 -0.7648294873834963 -0.7482559810026095 -0.8396312803191998 -0.7577834991971008 -0.8056245248939029 -2.442550181194645 -0.831257069443327 -0.8617409040918854 -0.7510010450934991 -0.7655648887655012 -0.8810695686163874 -1.213509788398219 -1.1568106948212495 -1.7494863627726436 -0.8252842814957768 -0.8444303607074201 -1.7644373931862871 -0.8106152722463953 -1.2829435376921927 -1.0165404141622567 -0.844297834822164 -0.9145172428224857 -0.8443763295239793 -0.8309279394981451 -0.7993292528159835 -0.7573358445446908 -1.293475449008861 -1.2649677323693176 -1.2570902306042735 -1.1970134931061998 -1.285589895990218 -1.722873928816888 -1.2739721035300067 -0.7646853403044314 -0.7468788328108472 -0.8097177193403508 -1.267237037959929 -0.9265926090940738 -1.2572349668152132 -0.7663972387022204 -0.8019243645030623 -0.743288973582134 -1.1663318641344722 -1.2624075004313742 -0.8536720410530311 -1.2753935214094783 -0.8349261745170642 -2.3340494579063558 -1.854904745469946 -1.1219217424719092 -0.814675978477444 -0.833259228701625 -1.2966634073790495 -1.154009971996365 -0.8124865420693379 -0.8173075975342028 -0.8153780246792033 -0.795388792678271 -1.2604150979704747 -1.2992099433650894 -1.7929105253959983 -0.841500596710424 -1.333782084975526 -0.8074483996619034 -1.1889925884066084 -0.7583603507460104 -0.7897179191061485 -1.2372481947443945 -0.8115338095795714 -0.8146593015472801 -0.8076890387994891 -0.8479235789817806 -1.2356715163972558 -0.8224265926990675 -1.7566912515537767 -2.1977591154789247 -0.8139435074006807 -1.2889077807508518 -0.8016954227556388 -1.790348492989404 -1.3425344683337461 -0.811890990747519
-0.7697133972343639 -0.7534372787500083 -0.767821413836233 -0.7839128020521423 -0.7562212345956583 -0.744818974832792 -0.7548972200081464 -0.736953008862265 -1.1759864688116664 -0.7878229879610215 -1.9716169412270352 -2.6169110217538556 -1.3040290252796543 -1.3802197390738635 -1.8826979508110235 -1.0997886651960025 -1.1583974732256763 -1.2498296629631789 -1.2734406898457407 -1.3481248400432315 -1.3144034947525607 -1.3875058233074313 -0.7962190458083708 -0.7811040926683603 -0.7800913061618985 -0.7870454763372523 -0.8123550985888723 -0.7815733671871188 -0.8087377495925521 -0.8219080161586472 -0.8181570246227983 -0.8124085366595472 -0.7970890736714424 -1.7365966302580598 -1.2399719286673145 -1.6850562639890423 -1.1694944591949479 -2.356633296764313 -1.4600897300232167 -1.2439693991429024 -0.7453822238922306 -0.7521108219553869 -0.7767462506755101 -1.2177723395805757 -1.2846989520045118 -1.2306688134759876 -1.259967502165836 -0.786784738608192 -0.7950485287336011 -0.8257927108769054 -0.873489722591869 -1.413378122385046 -1.2363804234400813 -1.2446809114679986 -0.7934223499317149 -0.7606499006637005 -1.1980604428459432 -1.209653264587997 -1.2517319241645664 -1.1372981623689402 -1.2251025958996793 -0.7892003912452865 -0.8115597595929701 -0.7643118365443905 -0.7536143964650043 -0.7285976579353313 -0.669198340968874 -0.7036484101202963 -0.7148775463652421 -0.7385753447708057 -0.7381706946911355 -0.7567860227189556 -1.253663973886992 -0.8313702926612501 -1.3178631904547602 -1.2848361715714542 -0.9002974826192763 -0.7980899036349484 -0.766223533795758 -0.7471490419380448 -0.8356468031081398 -0.8067899824183679 -0.8169321901955603 -1.8357907391802608 -1.304004327273506 -0.8541929068999581 -0.7984804461352276 -0.8163838767335863 -0.8836151502297926 -1.2470950850389502 -0.9430036542838982 -1.7400506787742887 -0.8777016032164705 -0.8617973004795163 -1.2234088299508181 -0.8405543543629994 -1.2754646599282293 -1.0124620496768932 -0.814435873213659 -0.9068971087343862 -0.8902070539958116 -0.85155087569045 -0.7976355196244356 -0.7568299687338658 -0.8047146260490192 -1.269138392731543 -1.316650548133626 -1.2195370898799114 -1.278608131283879 -1.794643034161839 -1.22311875940891 -0.7347380613113835 -0.7274121377899618 -0.749498202879573 -1.2203471909767172 -0.8378795152642046 -0.8030515278136913 -0.7601426309737845 -0.7684390828825335 -0.7481278528539164 -1.181027223780957 -1.2466210176120178 -0.856736637700587 -0.8485859924061769 -0.8097710513154437 -2.355051374434347 -1.7735489550871804 -1.1251795600001244 -0.8246879405009678 -0.8205024208832145 -1.3205264775664374 -1.068542911132095 -0.7897710267403798 -0.8300813687783016 -0.8172522535040572 -0.793509771625739 -1.280905100027104 -1.2327789035928804 -1.77285412350632 -0.8479015213419162 -1.327224075240938 -0.8071379200507859 -0.7560697411790921 -0.7475410409281915 -0.7849097521895048 -1.190403032107714 -0.7970635908115252 -0.8025019669574398 -0.8032511720110153 -0.8496325954205582 -1.2525632644148708 -0.7983329232142569 -1.689328221788932 -1.5137854783074267 -0.8304636014089819 -1.2445119623077192 -0.7834587082662199 -1.7522657606234544 -1.3089229978179557 -0.8215148508288063
-0.7384248419251797 -0.7411829044360091 -0.7494040937260279 -1.1698851155909298 -0.7675640496996272 -1.1574152862750728 -0.7271079924418536 -0.7278410279231272 -1.238700793821999 -1.2544676929752296 -1.97213461258789 -2.6172407087298932 -1.9589090866715715 -1.4351712642714385 -1.9180920381050677 -1.0519103206781872 -1.7791510982836742 -1.782092275695641 -1.265058932301095 -2.633990236390438 -1.8946621550031093 -1.9956376850590303 -1.3530311253273237 -0.866134891177198 -0.7742998496950333 -1.7811592789237574 -1.2240987964317986 -1.272357176780074 -0.8221089057915656 -0.7982580436657861 -0.7975784439078196 -0.7910074393318184 -0.7774326492539637 -1.2085250171287343 -1.150148289745938 -1.7410728008985858 -1.0772640550770383 -3.019107483554784 -0.9534280157132028 -0.8031046673864094 -1.1580423764319026 -0.7605888791324711 -1.2135517589900309 -1.2147039926383363 -1.2596077005808635 -1.7360114815935799 -1.807352909061631 -1.1967368734731234 -0.8280940363626343 -0.8228402442282418 -0.9201614725817783 -1.3986610464170908 -2.4502587181276096 -1.798416772829055 -0.8014055951102226 -1.7763269042549577 -1.1679569132527177 -1.2309858628924721 -1.221324065471465 -1.1414414825957262 -1.229647952599954 -1.2465668228101987 -0.7679035351849698 -0.7480263999395282 -0.6986565604651706 -0.7321302499085557 -0.6814565534786098 -0.7861971830479262 -0.7665022996666025 -1.2315807013895343 -0.8238659530867134 -0.7782626655899332 -1.3379560746595571 -0.9485883383250259 -1.8342193843789625 -1.826986510091434 -1.3411454932720384 -1.1976255498279273 -1.7992347720739967 -0.8044294633392813 -1.3101256453191596 -1.363700184772142 -1.2792450619150844 -2.4343382235452227 -1.2757807384711923 -1.3015927381522414 -0.8082356197498695 -0.7699891449103513 -0.8650019658243087 -1.2249310143803018 -1.1568106948212495 -1.7653319572474588 -0.8384139319137105 -0.8444303607074201 -1.7644373931862871 -0.819259428194637 -1.2829435376921927 -1.0165404141622567 -1.889940795825973 -0.9061171795942304 -0.8363670891237802 -0.8363842419908031 -0.7381705038987807 -1.1834433723026738 -1.843780624512771 -1.23308855435981 -1.2009288364742217 -1.1829187293897114 -1.3351701791432986 -1.7300290674620666 -1.787869170917694 -0.7715272464289656 -0.7678605148499196 -1.318060280207154 -1.404826959341069 -2.6221390720408406 -1.3513503300855418 -0.8355171285238853 -1.3457013889901304 -1.190295139717362 -1.1620145812495102 -1.2781437966983227 -0.8595367851376995 -1.2243080075189 -0.8007819950407236 -1.680392007512875 -1.284652368623134 -1.0933837587415005 -0.8068468369571341 -0.8137847166065736 -1.2506170330139437 -1.1258419571340414 -0.8124865420693379 -1.2511406859950989 -0.8153780246792033 -0.8016047515802368 -1.2280661529348411 -1.3024798064030039 -2.4265379339931097 -0.841500596710424 -1.411254632555837 -0.8669308768460076 -1.1959551142829785 -0.7500554927382284 -0.7804750675635349 -1.1929846057488227 -0.8046881588111305 -0.8124465215490585 -0.7819476408505435 -0.8050209520891557 -1.197214865051691 -0.8126888016803472 -1.797000002466657 -2.167773983496727 -0.8139435074006807 -1.910156358052413 -0.8586200359000277 -1.751810952386309 -1.3346461448208036 -0.8115031570548857
-0.7384248419251797 -0.7411829044360091 -0.7557483424183811 -1.1698851155909298 -0.7675640496996272 -1.1484513054912011 -0.7271079924418536 -0.7278410279231272 -1.2887707562890844 -1.8579694603279644 -1.97213461258789 -2.6172407087298932 -1.9589090866715715 -1.4455213651085073 -1.9180920381050677 -1.0582255990580138 -1.7877661123591448 -1.7925463297975832 -1.265058932301095 -2.633990236390438 -1.8946621550031093 -1.9956376850590303 -1.3530311253273237 -0.866134891177198 -0.7669258736501211 -1.7811592789237574 -1.2240987964317986 -1.277470374737533 -0.8221089057915656 -0.7982580436657861 -0.7975784439078196 -0.7910074393318184 -0.7774326492539637 -1.2085250171287343 -1.1227694947561715 -1.7260397229080198 -1.0453300902394034 -2.2914975685669985 -0.9279743326891415 -0.7950190170567574 -1.1580423764319026 -0.7605888791324711 -1.186785013068343 -1.199082827249161 -1.2596077005808635 -1.211877208952511 -1.2461718577398753 -1.1858113680674818 -0.8280940363626343 -0.8306272636799518 -1.4131640110070935 -1.985147551726173 -2.4502587181276096 -1.2382982484049023 -0.8014055951102226 -1.7663877600858662 -1.1679569132527177 -1.253189615656676 -1.2360860474637856 -1.1339366154060724 -1.277239123243628 -1.8089430913397748 -0.7888280159168407 -0.7555209892786078 -0.7050447904110878 -0.7747908431961765 -0.6814565534786098 -0.785876078600095 -0.8174864759050201 -1.2315807013895343 -0.8119311050751489 -0.7644736887679602 -1.3379560746595571 -0.9279405896151471 -1.8129320439280525 -1.826986510091434 -1.3036038168094268 -1.2042337954465028 -1.7992347720739967 -0.8044294633392813 -1.3101256453191596 -1.363700184772142 -1.2792450619150844 -2.4343382235452227 -1.2870072747194954 -1.3015927381522414 -0.7785880545452334 -0.7699891449103513 -0.847271702264068 -1.2249310143803018 -1.1568106948212495 -1.7915754968308324 -0.8384139319137105 -0.8444303607074201 -1.7644373931862871 -0.8106152722463953 -1.2829435376921927 -1.0165404141622567 -1.889940795825973 -0.9061171795942304 -0.8252900768622754 -0.8113108462492183 -0.7456065038859447 -1.1834433723026738 -1.843780624512771 -1.23308855435981 -1.2198083123900634 -1.7796282444088165 -1.353232304718751 -1.7300290674620666 -1.8047300246736875 -0.7715272464289656 -0.7759846216317086 -1.391729320877919 -1.404826959341069 -2.6734793307169022 -1.3513503300855418 -0.8355171285238853 -1.3551603771966958 -1.190295139717362 -1.1620145812495102 -1.2781437966983227 -0.8595367851376995 -1.2243080075189 -0.7829394178409286 -1.1386799688620737 -1.284652368623134 -1.0683960250653504 -0.7771174236166217 -0.7925596039080098 -1.2428072499439085 -1.1450396877620248 -0.8124865420693379 -1.2799702731258176 -0.8153780246792033 -0.8016047515802368 -1.2198993056095255 -1.3334514026177942 -2.4265379339931097 -0.8590614290505254 -1.3962844618657686 -0.8669308768460076 -1.1933279750665142 -0.7571651929419146 -0.7960795280823568 -1.1929846057488227 -0.8046881588111305 -0.8051941496394582 -0.7819476408505435 -0.8050209520891557 -1.2139393239801226 -0.7951862567878041 -1.797000002466657 -2.167773983496727 -0.8055875086104427 -1.910156358052413 -0.8504728098500952 -1.751810952386309 -1.3150673748495576 -0.8165910616869935
-0.7514840916479733 -0.7312963501106683 -0.7489059736258247 -0.7548099565595766 -0.7732919726975418 -0.7411228095192295 -0.7343920582771326 -0.736953008862265 -1.2228726458310117 -1.244736623627961 -2.0479972748447 -2.6028051510834893 -1.9388426269955774 -1.3903880766787398 -1.8826979508110235 -1.0806807157360374 -1.21060312927068 -1.214033955837293 -1.2404001283581232 -1.9729514422003032 -1.9367013944631442 -1.98033607858973 -1.366164133591777 -0.8259837890635304 -0.7699412387050525 -1.2419541130446916 -0.8123550985888723 -1.25042405845744 -0.8087377495925521 -0.8219080161586472 -0.8234153326245566 -0.8124085366595472 -0.7907664847483407 -1.198881431568774 -1.1674083312224184 -1.7010625186495782 -1.0763173746346102 -1.7079867237613549 -0.9250265686154571 -0.7817626398342367 -0.73206193092765 -0.7587408525517243 -0.7724083962498876 -0.7491363443963387 -0.8214914297951736 -0.7785072776881748 -0.8010523318152952 -0.7566830292751062 -0.7950485287336011 -0.8257927108769054 -1.318311804793906 -1.3818009206717463 -1.830962975607844 -1.2182195715523636 -0.8014115304508722 -1.226850918491398 -1.1585652912171713 -1.291026214993062 -1.3220752277710826 -1.1135754608184611 -1.2251025958996793 -1.2601341069231065 -0.8332496256775833 -0.7588825870261461 -0.7532554473515348 -0.7145640678212717 -0.6677178826291127 -0.7497267561641089 -0.8124615651941981 -1.2394317242692463 -0.7801092044292323 -0.7660323207142101 -1.3056093732126677 -0.9345463425003848 -1.8513628335606869 -1.263211896485557 -1.322388950132663 -1.2066819101679063 -1.2671074675884606 -0.7948639131252481 -1.291540051566209 -1.3694140693219075 -1.2939729947573329 -1.8173939697338448 -1.304004327273506 -1.2751781880952193 -0.820305297287616 -0.7869637450239156 -0.8352920222002369 -1.2586748717028826 -1.1626625376488693 -1.7661572860625203 -0.8777016032164705 -0.8771094068316493 -1.2234088299508181 -0.8405543543629994 -1.2754646599282293 -1.0124620496768932 -1.8299523227611065 -0.9221128884396015 -0.8704698628395432 -0.8364662072826804 -0.7726603852729995 -0.7202792284553481 -1.2742012156421574 -1.2183639587481438 -1.2559926251659335 -1.2621930423524066 -1.346075409019202 -1.8098628502104281 -1.763278562730202 -0.7413994389473849 -0.7513432220982753 -1.3614998822640085 -1.36357494162536 -2.6060307018095905 -0.8764270466009394 -0.8288987179481052 -1.3019777533961516 -1.1967105283688666 -1.1509749610567865 -1.252990212339076 -0.838430175141495 -0.7982197695193943 -0.789753364836577 -1.697960941414543 -1.215309568383471 -1.0715674755676952 -0.807868076168101 -0.7904110999232229 -1.2488991788589354 -1.0726272827514014 -0.8039125452529379 -0.8163905859981949 -0.8172522535040572 -0.7854511569567084 -1.209151239077589 -1.3088042229844774 -2.4045807040842364 -0.8207962604242279 -1.3921520458362755 -0.8802671184485442 -0.77888783924754 -0.7614304016011689 -0.7835945000847799 -1.1838258813994573 -0.7908374177217135 -0.7933535041092934 -0.7832696006543854 -0.806673888714524 -1.2728497613471317 -0.7716202004951962 -1.7657878848862654 -1.6457590572085337 -0.8725012610053805 -1.3004943342771975 -0.8480909195794718 -1.758051986284415 -1.3116822701593729 -0.7950075499884725
-0.7374864120037733 -0.7312963501106683 -0.7489059736258247 -0.7548099565595766 -0.7882288619294364 -0.7271181273429599 -0.7302294196000367 -0.736953008862265 -1.186753217398302 -0.7878229879610215 -1.9817143286707235 -2.6229804184970544 -1.8750830682198232 -1.3802197390738635 -1.8826979508110235 -1.0806807157360374 -1.2213930771065096 -1.2324557061322532 -1.2429914478963877 -1.941681346495688 -1.3230530872823563 -1.98033607858973 -1.366164133591777 -0.8259837890635304 -0.7800913061618985 -1.2419541130446916 -0.8123550985888723 -1.2453651726166906 -0.8087377495925521 -0.8219080161586472 -0.8234153326245566 -0.8124085366595472 -0.7746891552034277 -1.1874998502052236 -1.174512128336917 -1.7071469367125602 -1.1640828342284524 -1.730646194999202 -1.442881093176956 -0.7817626398342367 -0.73206193092765 -0.7587408525517243 -0.760561726122192 -0.7686449911198966 -0.8214914297951736 -1.219180956628568 -1.259967502165836 -0.7771102698554495 -0.7950485287336011 -0.8257927108769054 -0.8454974296681134 -1.3818009206717463 -1.282168032872461 -1.2268621008148177 -0.785966950688111 -0.8011481566073149 -1.160729403375293 -1.2303707737399372 -1.231349392978364 -1.133069689991428 -1.2390722827480993 -0.8004379104820296 -0.8115597595929701 -0.7636058626977107 -0.73502356731726 -0.7285976579353313 -0.6677178826291127 -0.7186033073765105 -0.8124615651941981 -0.791720776263334 -0.7592694967975502 -0.7918655724165384 -0.8525760017185228 -0.8660937523730357 -1.8513628335606869 -1.2739404821506963 -1.3159236182870764 -1.2147013814008922 -0.8160539382630991 -0.7862484658839124 -1.291540051566209 -1.2764933844959176 -1.3013892593722074 -1.8173939697338448 -1.304004327273506 -1.2751781880952193 -0.791747962908499 -0.7801685427162299 -0.8560847120174693 -1.2586748717028826 -1.1626625376488693 -1.7400506787742887 -0.8777016032164705 -0.8771094068316493 -1.2234088299508181 -0.8405543543629994 -1.2754646599282293 -1.0124620496768932 -1.8176312284371587 -0.9068971087343862 -0.8819262212821823 -0.85155087569045 -0.76233752035075 -0.750440489600918 -1.2652289914905352 -1.2183639587481438 -1.26685377414098 -1.8146355903389833 -1.2962982585196186 -1.8098628502104281 -1.7768452223382312 -0.7413994389473849 -0.7480261841504555 -1.264779127697479 -1.2625702952717177 -1.8823052311665478 -0.8764270466009394 -0.8288987179481052 -0.8321067536494832 -0.7524900055921492 -1.1731499500171383 -1.2522891899312427 -0.838430175141495 -0.8189577189413874 -0.7694734904069923 -1.1635780080106355 -1.7575899683109766 -1.0965961050346449 -0.8167965772676988 -0.799758783913721 -1.2819322235678057 -1.107034694614621 -0.8229602362254159 -0.876884329743054 -0.8172522535040572 -0.8055696983587498 -1.2360405207665588 -1.2781135135054893 -2.4045807040842364 -0.8338533701996184 -1.4180892415130042 -0.8473084351226078 -0.7470714585839044 -0.7541932067033791 -0.7849097521895048 -1.1838258813994573 -0.7970635908115252 -0.7933535041092934 -0.8054476075381332 -0.806673888714524 -0.805405958213197 -0.7716202004951962 -1.7490019015132097 -1.5256328339360068 -0.8290722424837278 -1.2377173066623024 -0.7980497840006654 -1.758051986284415 -1.2489155498718756 -0.7947329046423935
-0.7534468794141799 -0.7534372787500083 -0.7489059736258247 -0.7548099565595766 -0.7928038669694911 -0.744818974832792 -0.7343920582771326 -0.736953008862265 -1.183603923558864 -0.7792918990894202 -1.3860522921333993 -1.8755034928838739 -1.2504567356296705 -1.360514748034431 -1.8826979508110235 -1.0840850841892906 -1.1583974732256763 -1.2380609919516115 -1.2734406898457407 -1.3649245151213758 -1.3144034947525607 -1.4215043281139483 -1.3632130686206794 -0.7841031845534673 -0.7863017918864654 -1.2419541130446916 -0.803032925478858 -0.787556757644818 -0.8087377495925521 -0.8219080161586472 -0.8181570246227983 -0.81754196741634 -0.7746891552034277 -1.749221190046242 -1.2399719286673145 -1.1913541886226968 -1.1527115888478008 -2.356633296764313 -1.4157243716751629 -1.2439693991429024 -0.7371916408510107 -0.7521108219553869 -0.7861452669816595 -1.2177723395805757 -1.2846989520045118 -1.20937962470747 -1.259967502165836 -0.786784738608192 -0.7950485287336011 -0.8257927108769054 -0.8538874391955569 -1.3481292776750338 -1.2452853768833407 -1.2268621008148177 -0.785966950688111 -0.8202083911011302 -1.1968220658474569 -1.1998487392099162 -1.25667872410425 -1.1199101977428834 -1.213569835202669 -0.7787988031816693 -0.8011730660034813 -0.7588825870261461 -0.73502356731726 -0.7387888249529175 -0.6736853318280592 -0.7042369131547428 -0.7541572941674924 -0.7402367052481948 -0.7648428475319541 -0.7806798091059288 -0.7959030992912773 -0.896825159192582 -1.3178631904547602 -1.2739404821506963 -0.8808251802588477 -1.2624929914251024 -0.7748725910370404 -0.7391398613706812 -1.291540051566209 -0.8067899824183679 -0.810261570972727 -1.8357907391802608 -1.26062600511049 -1.3159286546551279 -0.7914767942057104 -0.7750936559547069 -0.8739306237487604 -1.2470950850389502 -1.1714264475762641 -1.7242895101739384 -0.8641839986090807 -0.8771094068316493 -1.2234088299508181 -0.8405543543629994 -1.2978865758742892 -1.0124620496768932 -0.8062770561412752 -0.9145172428224857 -0.8902070539958116 -0.85155087569045 -0.7976355196244356 -0.7568299687338658 -0.8094500435025208 -1.269138392731543 -1.316650548133626 -1.2535755502412662 -1.2988425008605184 -1.794643034161839 -1.22311875940891 -0.7347380613113835 -0.7544103406730733 -0.7836739357164407 -1.2945880243235248 -0.8491824762416428 -0.8680087154459112 -0.787928958423186 -0.7833578976964597 -0.7481278528539164 -1.1994341986455725 -1.2508315727096306 -0.8683872818580547 -0.854548106717152 -0.8097710513154437 -2.355051374434347 -1.7677639688816316 -1.0965961050346449 -0.813660171729167 -0.8205024208832145 -1.3131276985890985 -1.0955547165677209 -0.8039125452529379 -0.8586156679554691 -0.8172522535040572 -0.7854461165592761 -1.280905100027104 -1.3700155606639177 -1.77285412350632 -0.8207962604242279 -1.4191125817944301 -0.7966076476665959 -0.7499028873473509 -0.7550603092187975 -0.7849097521895048 -1.2077406209694415 -0.7970635908115252 -0.8025019669574398 -0.8116606402185752 -0.8496325954205582 -1.2525632644148708 -0.7983329232142569 -1.7490019015132097 -1.5256328339360068 -0.8226263774249454 -0.7595594837279639 -0.7916978055197694 -1.260163723573942 -1.2985214233811768 -0.8142450960554393
-0.7239224064164766 -0.7534372787500083 -0.7489059736258247 -0.7548099565595766 -0.7505780652608318 -0.7375800141354728 -0.7506564917958941 -0.736953008862265 -1.194406929000696 -0.7569840122613235 -1.3953672155046604 -1.8622441483092094 -1.264474999511451 -1.3724429062604608 -1.8848918446582221 -1.1084029462508902 -0.7462143949309448 -1.2380609919516115 -1.2750317694276245 -1.3649245151213758 -1.2780057819731447 -0.9275066780222588 -0.803742213721104 -0.7850152346547989 -0.7863017918864654 -0.7870454763372523 -0.803032925478858 -0.7951294418733404 -0.8087377495925521 -0.8219080161586472 -0.8181570246227983 -0.81754196741634 -0.7970890736714424 -1.220537827300141 -1.3038617484405814 -1.1652010747028774 -1.144031887459698 -2.356633296764313 -1.4157243716751629 -1.2439693991429024 -0.796144927077289 -0.7559454628254195 -0.8104853634925377 -1.2177723395805757 -1.2904901642398554 -1.8466600155210056 -1.259967502165836 -0.786784738608192 -0.7950485287336011 -0.8348561074224542 -0.884584446602194 -1.4119631918387716 -1.2602295563482264 -1.2849770668964662 -0.8070850040829043 -0.7896920704049956 -1.2210824192741243 -1.2685634920360804 -1.2721730113699552 -1.1759941600160713 -1.2367870330178456 -0.7928036493786883 -0.7908299008402898 -0.7723423476979916 -0.7491064426454063 -0.7418996690117073 -0.7051372569822686 -0.6932088796837389 -0.7083948392351502 -0.7346017081130447 -0.7381706946911355 -0.7647254341329128 -0.7589185168506825 -0.8020918178716302 -0.845435708244197 -0.7787508489163658 -0.7939090297218359 -0.7633957469733939 -0.7857463276436802 -0.7528640578725693 -0.8356468031081398 -0.7729804314859352 -0.7458222314922041 -1.8173441912872832 -1.26062600511049 -0.8288905629063748 -0.7900506596313186 -0.8414834407713557 -0.8865960429114352 -1.2674977698525693 -0.9353843722360798 -1.7242895101739384 -0.8641839986090807 -0.8771094068316493 -1.2234088299508181 -0.8405543543629994 -1.2667389607221144 -1.042326738845167 -0.8062770561412752 -0.9145172428224857 -0.8902070539958116 -0.83407086854766 -0.7976355196244356 -0.7619896976761197 -0.8179120229805087 -0.7895025799912307 -1.2863242865885853 -1.2364458465654844 -1.2988425008605184 -1.8144674728923094 -1.218086552738799 -0.7361180901043123 -0.7202774373528152 -0.762068985083058 -1.1968250259358606 -0.8491824762416428 -0.8030515278136913 -0.7462156196275785 -0.7797880974663067 -0.742723411520232 -1.219452504114747 -1.2916993145452627 -0.8768662312119659 -0.854548106717152 -0.7912935561972729 -2.3329349198615614 -1.7877947224789965 -1.1251795600001244 -0.8160564880615582 -0.8205024208832145 -0.8534355026638965 -0.8783670417536548 -0.8288035756824624 -0.8300813687783016 -0.8064347248958753 -0.8195461417479404 -1.2723344798933722 -0.8383768095816179 -1.7827129239235233 -0.8671853885559249 -1.3740604969767443 -0.818132374616477 -0.7720650170056104 -0.7743425216554433 -0.7849097521895048 -1.2389213036418518 -0.759627324746143 -0.8194404282215295 -0.793236504388296 -0.8496325954205582 -1.2475765391442333 -0.7908501870379482 -1.6461060951918278 -1.5214337524750041 -0.8051279912757736 -0.7576693960931651 -0.7984744101825888 -1.2333431171868436 -0.7702704782367433 -0.8165379533113807
-0.7981509700640236 -0.7782341697154667 -0.791856370901221 -0.8190468839047207 -0.7273555599048115 -0.7333103411640967 -0.7492755823307408 -0.7294893371616337 -0.7782693965187036 -0.7908707546613982 -1.4347712313353127 -1.9253396126463433 -1.8296027460245101 -1.3225785718734508 -1.947825500783714 -1.0415468585172387 -1.16054283539339 -1.7621101407286661 -1.2783542565138264 -1.3171476019060495 -1.3243969892057852 -0.9230320818244118 -0.7747215320838204 -0.7892023528206357 -0.7743957382567737 -0.7814995922424638 -0.8093026274723844 -0.7626474095905365 -1.256744546433909 -0.8089797076058053 -0.8111955880152754 -0.8118204826635448 -0.7725588440751477 -1.2450300597169837 -1.2536248558058203 -1.1928355091515292 -0.8700015434758734 -1.6598385212584237 -1.3258005916654336 -2.478997350565164 -0.7757298285618389 -0.7498038158977496 -1.261675740733806 -1.2491041927084943 -1.306241462034205 -1.887823886441796 -1.2475972737302814 -0.7511089805880664 -1.2287556118524228 -1.3506523456428299 -0.9127920555464047 -1.4832621465698157 -1.787804850042123 -1.8713584017650997 -1.2941194138523315 -0.8353488664545831 -1.2452227417685082 -1.263622845488629 -1.3386166802236794 -1.1453203715424802 -1.238654879896258 -0.8058483156960121 -0.7775545566665958 -0.7716621108092397 -0.747553773489395 -0.7303086504570921 -0.7425000787795976 -0.7019681160079283 -0.7183899827367191 -0.7149427548173035 -0.7101402249989465 -0.7346851031126668 -0.7463437934147448 -0.7548754495662413 -0.750284118556226 -0.7753865742623122 -0.7673065090879325 -0.7281796306819518 -0.7380998621520698 -0.751453584509148 -1.2847316325525824 -0.745778470695858 -0.7545239304381608 -1.866432956966199 -0.830559251636233 -0.8326649785418463 -0.7872908385840085 -0.8274208985614928 -0.8885690592712502 -1.2667234873092947 -0.9137865134330421 -1.7147603699070741 -0.8406745891916116 -0.8235496548798161 -1.1539908189788313 -0.8374298064637171 -1.8040156058892787 -1.0460955401247198 -0.8247381558054443 -0.9063321239428441 -0.8705032410770213 -0.8377969560433125 -0.8012439645011791 -0.7676301286385521 -0.7844187259076927 -0.820851820116467 -0.7909430666228545 -1.226844177652084 -1.1423665328693542 -1.2190386290622715 -1.6784721273275331 -1.1931715490128976 -0.7565399162275783 -0.7699233982535875 -1.1900233552694166 -0.8504666220767767 -1.2560538093983293 -0.7686659944042776 -0.7921166385742756 -0.7176095292526674 -0.7914707638046631 -1.2947947953102246 -0.8663289278090103 -0.856969339473262 -1.2402153094064168 -2.418475333912682 -1.7252606757181728 -0.8596318294661649 -0.8085109086862414 -0.7796894496400691 -0.8228550691942538 -0.8840244790222098 -0.8469850752124839 -0.8395466096512334 -0.811135706665891 -0.8515049705021904 -1.250685899488708 -0.8376801960619309 -1.7245123086087877 -0.8680590179526083 -1.3777811930500412 -0.8382093633536684 -0.7838210653491572 -0.7796130353196599 -0.7690784124971262 -0.8112350176858899 -0.7594058975361667 -0.7968142687126016 -0.7893323785440287 -0.8278498769031745 -1.2259668929334493 -0.7750725934140906 -1.2178419542608898 -1.0229893491490276 -0.7987190852173843 -0.8071291042897968 -0.8121569994725713 -0.7834965575850495 -0.8139165832481389 -0.774084469098551
-0.7981509700640236 -0.7782341697154667 -0.791856370901221 -0.8190468839047207 -0.7449990852021413 -0.7495053148527678 -0.7492755823307408 -0.7294893371616337 -0.7782693965187036 -0.805795648196108 -1.4347712313353127 -1.9253396126463433 -1.8090948970417218 -1.36618924383798 -1.947825500783714 -1.0415468585172387 -1.16054283539339 -1.7724425664898653 -1.213851908141936 -1.3171476019060495 -1.3243969892057852 -0.8919778186182147 -0.7747215320838204 -0.7892023528206357 -0.7545783590583716 -0.7718091483809806 -0.8093026274723844 -0.7626474095905365 -1.256744546433909 -0.8089797076058053 -0.8111955880152754 -0.8118204826635448 -0.7725588440751477 -1.2450300597169837 -1.2399043762354163 -1.1928355091515292 -0.8700015434758734 -1.6598385212584237 -1.3258005916654336 -3.157905601092069 -0.7757298285618389 -0.7881054600395582 -1.261675740733806 -1.2491041927084943 -1.306241462034205 -1.887823886441796 -1.2475972737302814 -0.7813665194656226 -1.2287556118524228 -1.3096412855759367 -0.9127920555464047 -1.4832621465698157 -1.787804850042123 -1.8713584017650997 -1.2941194138523315 -0.8365427576957909 -1.2528702243330532 -1.2739909383495205 -1.3456845944717004 -1.1682352364188047 -1.238654879896258 -0.8117264198520755 -0.7870441412565898 -0.7626100771176327 -0.7536486917220995 -0.7303086504570921 -0.7425000787795976 -0.7019681160079283 -0.7135484760411166 -0.7149427548173035 -0.7101402249989465 -0.7363812562494095 -0.7592525689630849 -0.7548754495662413 -0.750284118556226 -0.7753865742623122 -0.7673065090879325 -0.7281796306819518 -0.7380998621520698 -0.751453584509148 -1.2847316325525824 -0.745778470695858 -0.7545239304381608 -1.866432956966199 -0.7900418487709477 -0.8413076246011377 -0.7872908385840085 -0.8274208985614928 -0.8885690592712502 -1.2783934951727403 -0.9137865134330421 -1.7147603699070741 -0.8406745891916116 -0.8235496548798161 -1.1539908189788313 -0.8374298064637171 -1.8040156058892787 -1.0555995085575112 -0.8247381558054443 -0.9063321239428441 -0.8705032410770213 -0.8377969560433125 -0.808291176737329 -0.7676301286385521 -0.7844187259076927 -0.8148581745216331 -0.7974103636653914 -0.7752911421520544 -1.1423665328693542 -1.2190386290622715 -1.6784721273275331 -0.7625302110141086 -0.7565399162275783 -0.7586043396008069 -1.1900233552694166 -0.8268701229482351 -1.2451596712647748 -0.7644368687563529 -0.7921166385742756 -0.7176095292526674 -0.7961391343328705 -1.3143523600600457 -0.8663289278090103 -0.856969339473262 -1.2402153094064168 -2.418475333912682 -1.7467143241966223 -0.8906827052954105 -0.8085109086862414 -0.7796894496400691 -0.8228550691942538 -0.8840244790222098 -0.8238006532907732 -0.8395466096512334 -0.811135706665891 -0.8515049705021904 -1.250685899488708 -0.8376801960619309 -1.7245123086087877 -0.8680590179526083 -1.355320978004174 -0.8294514239674051 -0.7838210653491572 -0.7796130353196599 -0.7626695006670032 -0.8179868193234257 -0.7705765596916879 -0.7968142687126016 -0.7893323785440287 -0.8278498769031745 -1.2259668929334493 -0.7587370604765201 -1.1726200110716316 -1.0229893491490276 -0.8148560841681985 -0.8071291042897968 -0.8121569994725713 -0.7834965575850495 -0.8139165832481389 -0.774084469098551
-0.7771114683794428 -0.7782341697154667 -0.791856370901221 -0.8190468839047207 -0.7650616652664516 -0.7495053148527678 -0.7492755823307408 -0.7294893371616337 -0.7782693965187036 -0.805795648196108 -1.4841040114809738 -1.932971832582095 -1.8090948970417218 -1.4206499070422665 -1.9365486425512672 -1.0715847287759557 -1.1685516442187276 -1.7836978662978629 -1.213851908141936 -1.2422134946162424 -1.3243969892057852 -0.8306946879689178 -0.7747215320838204 -0.7892023528206357 -0.7545783590583716 -0.7718091483809806 -0.8093026274723844 -0.7671677261863762 -1.256744546433909 -0.8089797076058053 -0.8111955880152754 -0.8118204826635448 -0.7725588440751477 -1.2450300597169837 -1.2399043762354163 -1.1928355091515292 -0.8700015434758734 -1.6859595686769258 -1.3258005916654336 -2.4779939683739967 -0.7727209676905964 -0.7881054600395582 -1.261675740733806 -1.2491041927084943 -1.306241462034205 -1.887823886441796 -1.8103192619041983 -0.7511089805880664 -1.2287556118524228 -1.3096412855759367 -0.8415517600103489 -1.5017268737544172 -1.8334011493861264 -1.2499941811986783 -1.2941194138523315 -0.8409163010166744 -1.260032740314725 -1.284752166384393 -1.3276686890159861 -1.1789710105563402 -1.2472772019302525 -0.8117264198520755 -0.7870441412565898 -0.7721316579459769 -0.7458882228839634 -0.7303086504570921 -0.7367619227668223 -0.7192195853541591 -0.7189301264072467 -0.7149427548173035 -0.7101402249989465 -0.7328736010319601 -0.7592525689630849 -0.7548754495662413 -0.7923670801760033 -0.757665903991587 -0.7673065090879325 -0.7281796306819518 -0.7380998621520698 -0.751453584509148 -1.2486457055379112 -0.7519302763788375 -0.7629660498762076 -1.2896117361836388 -1.2535017976923852 -0.8413076246011377 -0.7872908385840085 -0.8274208985614928 -0.8885690592712502 -1.2783934951727403 -0.9137865134330421 -1.7147603699070741 -0.8406745891916116 -0.8235496548798161 -1.164646733378663 -0.8374298064637171 -1.2570922716937445 -1.0814710902475693 -0.8330168730914341 -0.9063321239428441 -0.8705032410770213 -0.8377969560433125 -0.7915733031140763 -0.7792876786022536 -0.7960916976714516 -0.8303375477090165 -0.7974103636653914 -0.7752911421520544 -1.1423665328693542 -1.1969607717387571 -1.6917919136521151 -0.7569968379123373 -0.7554066163891757 -0.7586043396008069 -1.201967467345949 -0.8268701229482351 -1.2303799535406288 -0.7644368687563529 -0.7921166385742756 -0.7253396805032499 -0.7961391343328705 -1.2745363903777644 -0.8663289278090103 -0.856969339473262 -1.2402153094064168 -2.374129876455093 -1.7501414597078524 -0.8906827052954105 -0.8197199881562183 -0.7796894496400691 -0.8376782046000124 -0.8840244790222098 -0.8469850752124839 -0.8395466096512334 -0.811135706665891 -0.8515049705021904 -1.250685899488708 -0.8376801960619309 -1.7245123086087877 -0.8680590179526083 -1.2908138098577095 -0.833272268199589 -0.7744376995537482 -0.7796130353196599 -0.7551032901613693 -0.8179868193234257 -0.7656132447470806 -0.804386222071682 -0.7973277547316373 -0.8278498769031745 -1.2259668929334493 -0.7587370604765201 -1.1726200110716316 -1.0075263683223226 -0.8148560841681985 -0.8071291042897968 -0.8121569994725713 -0.7749905116877739 -0.8265083782599372 -0.774084469098551
-0.7945207608645637 -0.8222440148097971 -0.7989558902351782 -0.7953431165772846 -0.7470985438510146 -0.7392497410193274 -0.7386336350202812 -0.7330614828014068 -0.7789295855901102 -1.2779665707241232 -1.434710894867223 -2.020407778849876 -1.847352439049338 -1.3538333188187937 -1.9623613025844515 -1.0394407409766655 -1.1726560717138026 -1.7575283673463118 -1.244855891172016 -1.845979090723448 -1.3219807441037397 -0.9082543737356426 -0.746636464489337 -0.7903242630061232 -0.7713687985907582 -1.2038788623509298 -0.7579452502733096 -0.7780339431720563 -0.811716343041629 -0.8096605400511254 -0.7746485287289302 -0.7854079226735032 -0.7752973439942501 -1.21232912169044 -0.780481102919726 -1.2366474470646778 -0.8567242479993652 -2.238511191569145 -1.3366989605744857 -3.174953333063683 -0.7805651032501553 -0.7414860667261803 -0.7981658904654595 -1.2345433657676048 -1.8537442952705332 -1.8783724585764123 -1.240036488159938 -0.7389369999263188 -1.2912564205043513 -1.367725993442418 -0.9691373615246403 -1.5136453694619618 -2.4232568405801507 -1.3007710845935347 -1.2934569547576134 -1.2566510195974052 -1.2433884680574634 -1.2763555143531693 -1.273041595749656 -1.1676248610640012 -1.251129645370936 -1.2640374349454622 -0.7720052062941869 -0.7631713307314959 -0.7497557095101097 -0.7313362410994448 -0.7671913162665832 -0.7604806280148627 -0.7068737538323756 -0.7148842021886523 -0.7155857663584227 -0.7546924363089805 -0.7824059651477925 -0.7750172651597597 -0.7328766024741752 -0.7540314970073392 -0.7583019812071194 -0.7204912719833496 -0.7733179184663955 -0.7606712022296157 -1.2730242185717853 -0.7277381736794002 -0.7648266247371543 -2.475793770429508 -0.8538156424837513 -0.853438082584461 -0.7601310720942664 -0.851584447464857 -0.8733543815647199 -1.2556442031224562 -0.9143665139047583 -1.7235219918740112 -0.8024618392961139 -0.7921715998809639 -1.6950765417162674 -0.8075629024615912 -1.295638468402017 -1.076049195890514 -0.8465166033105671 -0.9063321239428441 -0.8705032410770213 -0.8504528891258336 -0.7790867388493659 -0.7798034803620144 -1.2650372640131868 -0.8265848759222547 -0.7689435544878099 -0.7666003967868257 -1.1299614703586882 -1.1487903401999704 -1.1793083187708648 -0.7608496649670172 -0.7812939686048915 -0.8210966912149987 -1.272530463651455 -0.9168846872872173 -1.7906567924568995 -0.7884268134329242 -0.8200314350347268 -0.7241665387165184 -0.7698491198694228 -1.298015508927382 -0.8666748958919861 -0.8253005756920978 -1.2313377795839464 -2.341759415761539 -1.825941998115841 -0.8271632200194717 -0.8012175362985116 -0.7920309293374685 -0.7960274779181068 -0.9105406334011149 -0.8325108468240032 -0.798835407438015 -0.8092705816502392 -0.8311066063573916 -1.2388686509054787 -0.8299453017076497 -1.7443674712387767 -0.87590295355568 -1.2835416430433255 -0.807760223865627 -0.815579989457162 -0.7829839297694023 -0.7782875413003272 -0.7894198145078207 -0.7807929968641524 -0.8296451227973844 -0.7749724671521526 -0.8261689956894847 -1.1941928924761507 -0.7820434727072737 -1.1912521296295844 -1.4769872768451133 -0.7960617153923403 -0.8102147268687211 -0.8140195008275968 -0.7877921600155445 -0.8316770273075631 -0.7718071658751765
-0.8119738806348272 -0.8179762421816921 -0.7984361813517759 -0.9158743574023095 -0.7603200090747231 -0.7446868868494712 -0.7544341821475585 -0.7202028124477899 -0.7732938516449125 -0.7766257383858184 -1.374366242256074 -1.9244230466536538 -1.7740307070548327 -1.3064579050196876 -1.8797625080145084 -1.0638338781511125 -0.7560372972459446 -0.7876555293008223 -1.1938569736052913 -1.1884650634388803 -1.273221601045122 -0.7799058092147966 -0.7849084640744682 -0.7428175826394853 -0.7627771199844638 -0.7907845210842406 -0.7699246257926363 -0.7708111238616366 -0.8172740527599138 -0.8194706694824895 -0.8154301894385272 -0.8052984255226557 -0.7641996440634358 -1.2664178503383032 -0.7947537392532196 -0.7652359374733687 -0.9308564305494993 -1.7861365812131238 -1.3780766302923366 -2.534260221399283 -0.7608143451378313 -0.7952786592637625 -1.2700589891898397 -1.8112096550245875 -1.8715585744468204 -1.8466600155210056 -1.8019214578389053 -0.7737013232469401 -0.7853947032628801 -1.301641725475331 -0.8397186697568982 -1.4206020715686423 -1.848831258027912 -1.2471656980063281 -1.2943280279953533 -0.8021687623583079 -0.7927701655531413 -0.8171946196444612 -0.8320782648933999 -1.2042949438100328 -0.8037230465486376 -0.8118108861028208 -0.8003662992841503 -0.7776236444678446 -0.7364766094809633 -0.8010553101683577 -0.7661572171841929 -0.7461671955258572 -0.7776213140071345 -0.742683071434605 -0.735283980571856 -0.7268592638058751 -0.7524996807521445 -0.7652946889718174 -0.7152813630100273 -0.7790983882643666 -0.7466983984301397 -0.7375256088912758 -0.7642468424429582 -0.7666483589437495 -0.7613833179014994 -0.7458650999167518 -0.7629909729090302 -1.2604802306887624 -0.8721627079411194 -0.7957976295390488 -1.247509654801267 -1.321679687529672 -0.8153157660612507 -0.7858671884728184 -0.9137865134330421 -1.7096397623204886 -0.8800560297439862 -0.814439669787795 -1.197389234396167 -0.82866243869347 -0.7863519907276448 -0.8672471579869946 -0.8157094005576792 -0.8174396165707741 -0.9113457423681876 -0.8592015816645519 -0.826686243725256 -1.2614213993637449 -0.7861054717151648 -0.786526434348657 -0.7822146670155516 -0.7693632512279805 -0.7677473643870122 -0.7351021497460221 -0.726475754218934 -0.7558552265862925 -0.7352938186924429 -0.7141867959778321 -0.7629271184823151 -0.8103797547497725 -0.7698348195547692 -0.7778399380963812 -0.751899991721989 -0.7503237079969087 -0.8157473772328692 -0.8332193679306256 -0.8663289278090103 -0.8146643179095698 -0.7896859667954097 -1.766227189079608 -1.2044818086714941 -0.8896540611417909 -0.7950600711956818 -0.7810615937584517 -0.8228550691942538 -0.9290999930728211 -0.7898558665234543 -0.7836435962924297 -0.8048174867246612 -0.7775836481350147 -1.2396810039486694 -0.8229953455240928 -1.2234633770208228 -0.8248324089374449 -1.2567373344444424 -0.7631368385027276 -1.216288055382794 -1.218046722019164 -0.759950511779872 -0.8009771642480686 -0.7951707580811657 -0.8113407141135183 -0.8141390911013764 -0.8542790733844678 -1.2267923959684923 -0.7750725934140906 -0.7876698073695964 -0.8062118184349106 -0.8513404747796706 -0.7934075496910835 -0.788273727199259 -0.7705207442843429 -0.795883761300458 -0.7663642376447424
-0.7985164555859466 -0.8116529153233137 -0.7619040227766394 -0.8499943742960241 -0.7403412445442018 -0.753428933469546 -0.7493988919347435 -0.7278546210622807 -0.772556606801487 -1.2745617027919933 -1.4433641056680802 -2.020407778849876 -1.8109447304138466 -1.3380800979822254 -1.9269958546659072 -1.0311307616983925 -0.737012357605135 -0.744391717836185 -0.7428178574643985 -1.2791259900013516 -0.8366836396152825 -0.7473702348635972 -0.766855333651535 -0.7401368005317885 -0.7686873697385302 -0.766907123274315 -0.7703666224436628 -0.7708111238616366 -0.8188386634942527 -0.7956503059585097 -0.8040619882673691 -0.7812237182304992 -0.7779457577886807 -1.232072661048565 -0.8048468884603434 -0.7802466995175593 -0.8603196968903798 -2.3147531093607987 -1.349119224351497 -2.568247690046257 -0.8162808946798856 -0.7483747896092667 -0.8253564305096829 -1.2569020771332091 -1.3082875666983456 -1.8480722713004683 -1.793058595634046 -0.7612849099253488 -0.7999684787956691 -0.8492816872850452 -0.9046643684956401 -0.9574832723881516 -1.2494319726233878 -1.241291183022761 -0.8213789412011666 -0.7900578306626556 -0.786876456733124 -0.7757810511470212 -0.7674075861182211 -0.7773424496666602 -0.7937215117283684 -0.8038449634291401 -0.7851598111031999 -0.779279571192006 -0.7730265782449226 -0.7352987018347983 -0.7796420369515509 -0.778058064256592 -0.8163295782724058 -0.7216754413831287 -0.7211268993066451 -0.7361173261678104 -0.7554998321412115 -0.7558482369993528 -0.7203877864267804 -0.7856713114990488 -0.7894871217027379 -0.7524688400935163 -0.7471873586046569 -0.7460837853265244 -0.7744756612392603 -0.7136543211904336 -0.7747458154874166 -1.2778118155375628 -0.8077475349143631 -0.791601647941973 -0.7671081950188204 -0.7987779339427441 -0.7871418541630544 -0.7882688120656915 -0.9143665139047583 -1.750506534185918 -0.8121425891469708 -0.8026067891334694 -1.7466172458702909 -0.8389149891856492 -0.7554862896887975 -0.9956529100035886 -0.802547345599691 -0.9386555982086415 -0.9366762586193731 -0.8932731171460255 -0.7767365964610791 -0.7881763914275806 -1.2740919340420704 -0.7963263733578808 -0.780735652716572 -0.7957830283143912 -0.7416147495868626 -0.7493738662937705 -0.7655312096812432 -0.7746752741868644 -0.7549019890046671 -0.7201585619429005 -0.8224324222998167 -0.8320360363125695 -0.7915576410860725 -0.7473897178340537 -0.7555220857918732 -0.7516236544628992 -0.8024336005766295 -0.8091057388225084 -0.8014456591846617 -0.8010981610531315 -0.8403368668071617 -1.7239653054402493 -1.2803416856376664 -0.8484052948873685 -0.7962828602240981 -0.7927203062088697 -0.8048387091493113 -0.9105406334011149 -0.8007661694327901 -0.7513434006676951 -0.7657805423300466 -0.7891450977381093 -0.7832340443106465 -0.8252474506854587 -1.7836413386705676 -0.8395150473867911 -0.7591144306204385 -0.7258257231729878 -0.7772898369317355 -0.7829473756248879 -0.802798717276288 -0.8092070812045302 -0.8172114764072337 -0.8102404139488696 -0.7985947790813709 -0.8164436133684242 -1.1950073299686548 -0.7882277120285169 -0.7704415770560602 -0.758780834755083 -0.8157969220142589 -0.76891980969695 -0.7558404154479015 -0.784245610746271 -0.8250976498296534 -0.7779197397094186
-1.2463868006636507 -0.8361809940577544 -0.7980376671762711 -0.7956805235901708 -0.7772621795987398 -0.7738506782989919 -0.7539974128905119 -0.7689184994338659 -0.7448427368263666 -0.7626890278156992 -1.2255339033896866 -1.2164023198167777 -0.7206735535071925 -0.8063063701932531 -0.7537673184426253 -0.7725222656903707 -0.758227523815893 -0.7704711130948767 -0.7199403283003448 -0.7334727079903621 -0.7473630530705956 -0.7570363837018418 -0.7567355056870293 -0.7606114499958592 -0.7875865016343863 -0.7747793233057423 -0.7793405273262966 -0.7909461202450313 -0.7972210428091415 -0.8194706694824895 -0.8270649113251434 -0.8061271362433313 -0.7864830048792489 -1.2789290991401245 -1.2701837799798092 -1.294040430066279 -1.3936328822400694 -1.9407836420715494 -1.9760425946006852 -2.580208738654536 -1.7544041918908768 -1.2500733856136648 -1.8669478357389662 -1.8112096550245875 -1.8739324698085296 -1.8574714876106144 -1.8103192619041983 -0.7743551155204947 -0.7567577267612308 -0.7556556060506816 -0.8126962213954123 -0.8348385646122592 -0.7936775066337726 -0.7901586866342074 -0.7473963762417938 -0.776389428699314 -0.7977295667204634 -0.7819409633866472 -0.7884317170493802 -0.7874495278236988 -0.7919835646444779 -0.805336366874929 -0.8003662992841503 -0.7676735878434031 -0.8740620523029482 -1.265864761871749 -1.1886811234111752 -1.2297033763816771 -1.1739253825017926 -1.1575510583655755 -0.7904380935971324 -0.7579753880293403 -1.1768013563285915 -0.7704615306328118 -0.7700322561367401 -0.8222989488552475 -0.7683186125536775 -1.2238343614824652 -0.7859282349946575 -0.77121963024819 -0.7604227949203275 -0.768298732277841 -0.7377997058437787 -0.8466346706382056 -0.9036479670003918 -0.7942180391317921 -1.380434677583922 -1.2894060127527418 -0.8059495829456287 -0.813457754267659 -0.9311580974059765 -1.7649895887294507 -0.8386277637831495 -0.8291621712859826 -0.8359770441005014 -0.8312494486973994 -0.7689110634795653 -0.8371615152080206 -0.8097710322589159 -0.8393710548624781 -0.8685730090062314 -0.9015976286976852 -0.8441950602334723 -1.3364140759399974 -0.7587359939268503 -0.7980536627798183 -0.8103750079939805 -0.7690163798593775 -0.897912500556549 -0.7544782764604402 -0.7611344604702409 -0.7354668124805516 -0.7280505792585092 -0.7190356598193968 -0.7549923472295195 -0.7623961286206413 -0.7619351697249943 -0.7568174409416645 -0.7527134699282952 -0.7596873610482209 -0.7986076584368633 -0.800835021986751 -0.816985728422633 -0.8272939368362392 -0.8350866215630588 -1.8247015902522363 -1.2975651881221593 -1.32287151776899 -0.8079137729680983 -0.7916415783836065 -0.8364206525098387 -0.7781774174151911 -0.7777899390347798 -0.8237191863373136 -0.7905324077861945 -0.7733332939850125 -0.784508123197156 -0.8067419010091919 -0.7543391226426761 -0.8415192050835213 -1.2281851598532854 -1.241198472695141 -1.29456912248533 -1.2924594450216127 -0.814712726393007 -0.803589921275317 -0.7975730676997146 -0.8217834091281901 -0.811926186812821 -0.8180180635007271 -1.2197883633659026 -0.841352895613858 -1.3235557102243107 -0.8190953218008246 -0.8071892757378015 -1.2471237452161905 -1.255757589257743 -0.8412749329377915 -0.7812269464615017 -0.7842387508284399
-1.2704151942171522 -0.8015385757130838 -0.815595423902822 -0.8107287623313103 -0.7772621795987398 -0.7857406312845707 -0.760003273614146 -0.7769884534433171 -0.7480953965660233 -0.7827015380286125 -1.2748303605696438 -1.1794023793927582 -0.775006859997273 -0.807164163460908 -0.7889523705270323 -0.750493357932767 -0.7402887511693628 -0.7437803386123689 -0.7209810965123529 -0.72394089499888 -0.7053065591073563 -0.7187663879153492 -0.7711009843950019 -0.7590847005551371 -0.7765698511041095 -0.7636519156634698 -0.7607117551446646 -0.7918044850678937 -0.7972210428091415 -0.8131233673055568 -0.8025159558929759 -0.7969498026179272 -0.799362251582478 -1.2432108405069144 -1.2613227263553062 -1.3100957540383507 -1.9803683857603758 -2.585726097451605 -2.6015585990661223 -2.571561507331001 -1.7667493456842764 -1.2269719777385775 -1.8534631446209093 -1.8119295201889956 -1.8955564681311872 -1.8625297169620372 -1.8103192619041983 -0.7847501921779687 -0.7359334080536925 -0.7215250639060259 -0.7583916872328978 -0.7780933573033878 -0.8096052283774348 -0.8131574560869687 -0.7747247099338177 -0.776538886700385 -0.7780922496915972 -0.7756238159513272 -0.795514090579575 -0.7874495278236988 -0.7900243020796746 -0.7857804887205181 -0.7929106747030753 -0.7624801139338497 -0.8616597018248086 -1.2831869068286357 -1.2446424366021127 -1.219348270812915 -1.218870382573477 -1.1985495983310444 -0.8078629695642446 -1.2524602338095827 -1.2730819325096374 -0.7934255825685622 -0.7938566669575888 -0.8565240267643739 -0.8040457820394632 -1.224698218103951 -0.7555639886774675 -0.7606581853281464 -0.7812050858410389 -0.7907016129898655 -0.760211773651705 -0.7924513048116908 -0.8829315447013647 -1.2297891932111744 -1.2915245939447995 -1.296593317301911 -0.7847809474246673 -0.813457754267659 -0.9375502362422158 -1.7649895887294507 -0.8298637391659871 -0.83683175773483 -0.8359770441005014 -0.8187613576965274 -0.7568892168320662 -0.8494184475064441 -0.7841747410424812 -0.8235411891453456 -0.9185223654763768 -0.9223494103666251 -0.8858267961560072 -1.3239807658887377 -0.7901147630656304 -0.824642049200086 -0.8151651910753117 -0.7800984465537818 -0.8918750824290372 -0.7635390648721261 -0.7504136176893668 -0.7623000106349906 -0.7118616578562271 -0.7196391782564682 -0.7465137854081254 -0.744985165169392 -0.7142533619664312 -0.759788349482651 -0.7301121155660882 -0.7639140793870459 -0.7986076584368633 -0.796612711036038 -0.8090328031501599 -0.8105290321959148 -0.8220985723063685 -1.7985391836295115 -1.266496330845087 -1.32287151776899 -0.8225914490956001 -0.8131390454268502 -0.8436880132043889 -0.8077112339762783 -0.8004810042564712 -0.830833753601772 -0.781270308828328 -0.7506469793125486 -0.7496176894825324 -0.7780043223048808 -0.7625870317601715 -0.748130715099055 -0.7935532078358881 -1.7940917840624135 -1.3455397416042874 -1.244595345370994 -0.7840876075668561 -0.8107209263260833 -0.7975730676997146 -0.8146814238640654 -0.8296376526212557 -0.8113723589763284 -1.2081186011201739 -0.841352895613858 -1.2899810796441866 -0.8502146281975312 -1.2561235778784934 -1.8159122885538985 -1.319986310574977 -1.3006541920046792 -0.8282957542410417 -0.7999769534755742
-1.306035357088128 -0.7918365187984417 -0.796930525312232 -0.8061905449402056 -0.7768121532448561 -0.7898860590478416 -0.7761579383857005 -0.7655515521894007 -0.7428231357789469 -0.7378809461587601 -1.3229969708123555 -1.7984450415810938 -0.7994686607970566 -0.8562254998053672 -0.8496455336285157 -0.7605030063214823 -0.7370134139597004 -0.7509556073036117 -0.7370879015927161 -0.7293364801459938 -0.7060338715402513 -0.7193726238432676 -0.7489628989990407 -0.7492866879334171 -0.7493707287424074 -0.7636519156634698 -0.7786447322297022 -0.7738297612394889 -0.7834790550952995 -0.7847145286432915 -0.7845608817487024 -0.8005901661875835 -0.7833139284620217 -1.2515008303635935 -1.26022020873556 -1.2831959962971022 -1.433896671240397 -2.505554704533116 -1.9673666385419417 -2.6100559888669266 -1.2654707498761828 -0.7985226375222219 -1.8483497248728054 -1.8119295201889956 -1.8887639772032883 -1.8625297169620372 -1.8574676482623216 -0.7661929462803964 -0.755165610287836 -0.7215250639060259 -0.7190751645448564 -0.7663816088599105 -0.7661652417283532 -0.7859370125610274 -0.7551968956115719 -0.7305796951248522 -0.7688094643511808 -0.7936016042408321 -0.7781539311247206 -0.8063081626070057 -0.8119828891026711 -0.7857804887205181 -0.7998587066545783 -0.7791906494939869 -0.7865636322778361 -0.8422910678901618 -0.8149350652366357 -0.7818390702983685 -0.8237093179358097 -0.7922170794664757 -0.780367886474369 -0.7839936209773505 -0.8033539302201652 -0.8045349199450367 -0.769628239804546 -0.7675240322855987 -0.7797460361625567 -0.7964982979326977 -0.7699252720191495 -0.7428395335570288 -0.7744891939384649 -0.7810037428697135 -0.7219231431176409 -0.8184989622041259 -0.7706566236340827 -1.2046871902653773 -0.8359925029744857 -1.2791999528237283 -1.2489160628017235 -0.8361722342163485 -0.9375502362422158 -1.7738450180142549 -0.8298637391659871 -0.830645204260948 -1.2073992205686057 -0.8287914584147744 -0.7796069853672699 -0.9558564496344809 -0.780532891215998 -0.8445029630990756 -0.9384110602601562 -0.8760236505886966 -0.8135662232105311 -0.8399953120355748 -0.8527295380866495 -0.8580618993323357 -0.8509017560980687 -0.7865500905993019 -0.9148189293408889 -0.7379670600079431 -0.760896337514214 -0.7573688722886596 -0.7139763539390437 -0.7284629477674479 -0.7541668860830141 -0.7662108312233175 -0.7466614285927377 -0.7521380886564394 -0.7263206730072653 -0.7628384855813642 -0.79086509556057 -0.7863436809589538 -0.7954918953882969 -0.8438872830447882 -0.8558616717848996 -1.7373625802392105 -1.2977560468239835 -0.8821789222473454 -0.8343645395821553 -0.812322561006973 -0.8647727084521749 -0.8453730616317929 -0.7863791489488258 -0.823956263917229 -0.781270308828328 -0.7539362492722143 -0.7728205330319258 -0.790548131547031 -1.2307560315978534 -0.7482520568506597 -0.7558924799085371 -1.2098903412822528 -0.856461693356188 -0.8056370485233085 -0.793235025584657 -0.8049970372153231 -0.8289119904714852 -0.8256279872926777 -0.8174816144885669 -0.8201236228905642 -1.1984734971611548 -0.8468844746388449 -0.8257521558974742 -0.8762913134506334 -1.3031831056753165 -1.276823442423354 -0.8369024214295449 -1.2152126878880927 -0.8551583253384039 -0.7934667047162315
-1.2927610294910243 -1.8404146229753615 -0.8245644255908666 -0.9355858962976097 -0.8079573271156818 -0.8027048267639729 -0.7914646782753789 -0.7850310741346622 -0.7809446724720372 -0.7594476593526441 -0.7242658486849177 -0.7423457212220156 -0.7670062564682909 -0.736523924344506 -0.7490969856772234 -0.7503335509727461 -0.7535568056376944 -0.752738140621325 -0.7440962962369293 -0.7656409823334062 -0.7479375764612909 -0.7558373684815717 -0.7483949996946756 -0.7510342877414115 -0.776040888226366 -0.7747793233057423 -0.8050949877244697 -0.802720739804874 -0.7834790550952995 -0.8050739051465974 -0.8081926527942929 -0.7920722188099686 -0.7901987564461629 -1.2375787457719416 -1.2793513965931318 -1.3115977026772632 -2.093265493228535 -2.632217540985211 -3.305037782738298 -2.6327926856737043 -1.7641686859103658 -1.7794094186139404 -1.8351240135221099 -1.806470535471665 -1.888209497766686 -1.8574714876106144 -1.8421575570420046 -0.7970838230871663 -0.7683415542042896 -0.7452964809267937 -0.6934112759454213 -0.7321913706577969 -0.7537903367585458 -0.7430684567795572 -0.7585103901833162 -0.7841065123828296 -0.7701671232038186 -0.7877915307705894 -0.8000685617283828 -0.7936087945516485 -0.7991495664426985 -0.7926985361096507 -0.7918336568049748 -0.7696051518781569 -0.8104485756092804 -1.8408907146941456 -0.8461500676352611 -1.24390581054802 -0.8769499622022858 -1.2850971854235311 -1.2879256153348282 -0.7916076708438381 -0.7585851894271848 -0.7240356145073219 -0.7371775702253343 -0.7437931654700717 -0.726283382833156 -0.7336900774215291 -0.7523050129773794 -0.7642654771230489 -0.7527222618251899 -0.7680253956100311 -0.7115071501282288 -0.7425045730600232 -0.7952740333530396 -1.262463303034417 -1.3227044580718688 -1.2574977251964907 -0.8061090441631469 -0.8225144464984747 -0.9375502362422158 -1.7519425747385775 -0.8386277637831495 -0.8378270590915841 -1.2986448401883568 -0.8373789082095018 -0.7493455466653278 -0.8168119607159312 -0.7512087901345236 -0.7946994157155798 -0.8992951069708113 -0.8308457470968883 -0.8300911458492437 -1.3139525088320796 -0.8503144124301989 -0.8396381017185024 -0.8216803984657312 -0.774657244367927 -1.151147506984337 -0.758179035969794 -0.778206783174071 -0.7902145751625967 -0.7325560748373706 -0.7592442621491748 -0.7540540173861336 -0.7696239138396036 -0.7450311742282916 -0.7306394844249513 -0.7569998435311039 -0.7590043449373504 -0.79086509556057 -0.8073041279350768 -0.8014456591846617 -0.8318002116819732 -0.8828931620522211 -1.778166823340705 -1.289038635127082 -0.8963963483178363 -0.7937200369025096 -0.7976358482095816 -0.8350330914500168 -0.9044232882617045 -0.7863393688500565 -0.809141288287706 -0.781270308828328 -0.7642044595376892 -0.7833693488702688 -0.7729476369583842 -0.733186971310177 -0.7744953517987593 -0.8419435668354568 -1.8438004551575893 -1.4023278373033596 -1.355765651168947 -0.8183486183569952 -0.8254922989930894 -0.8289119904714852 -0.83797137659207 -0.8197042979809211 -0.8255830439785689 -1.2100953526051355 -0.8382353409872539 -1.3253113034412851 -0.8561668617175512 -1.2579407446627406 -0.8229349348761961 -0.8614332962012748 -0.7917739656098668 -0.8014227516370167 -0.8112388672820442
-1.272653920497793 -1.825325759927845 -0.8178452903468519 -0.9309832096307126 -0.8079573271156818 -0.7794971815294331 -0.7802997351025224 -0.7850310741346622 -0.7809446724720372 -0.754682740938525 -0.7355185346909037 -0.7694119363105202 -0.730419653113105 -0.7334914723276041 -0.7347745018437232 -0.75504162114844 -0.7529696302773553 -0.7641066899989385 -0.7438203105160021 -0.7627954619159076 -0.7334867107765876 -0.7609917030208916 -0.7483949996946756 -0.7647322910498339 -0.7689819171444935 -0.7747793233057423 -0.796986144573522 -0.802720739804874 -0.7834790550952995 -0.8100602996902908 -0.7970245771589299 -0.7898322994387883 -0.7901987564461629 -1.2375787457719416 -1.2793513965931318 -1.3115977026772632 -2.093265493228535 -2.632217540985211 -3.305037782738298 -2.646438255175386 -1.7698113403666698 -1.7761441139886238 -1.8351240135221099 -1.7985457028070295 -1.888209497766686 -1.8708681935860778 -1.8506716157483223 -0.805735867353061 -0.7584180769082906 -0.7380471426685649 -0.6943862548802765 -0.7321913706577969 -0.7478494294828116 -0.7430684567795572 -0.7743959656922001 -0.7682427646883421 -0.7618753918964847 -0.7955644961995981 -0.7820676821576033 -0.7882408652419763 -0.7859009151910074 -0.7926985361096507 -0.7918336568049748 -0.7633354226046795 -0.8928732126640765 -1.2833856055424795 -1.3178439630787617 -1.799734952307746 -0.8896032119842047 -1.2850971854235311 -1.2496753447508064 -0.8132865057535801 -1.2207941179180293 -0.7598369998506249 -0.7768787748756365 -0.7435628896681793 -0.7484748795679185 -0.7336900774215291 -0.7613117629863205 -0.7642654771230489 -0.7527222618251899 -0.7680253956100311 -0.7240304265295153 -0.7321335735868002 -0.9264812265849615 -1.2107422097235745 -1.3478529700863093 -1.2736497686569286 -0.7988218824260727 -0.8225144464984747 -0.9375502362422158 -1.7607740896140056 -0.8298637391659871 -0.8378270590915841 -0.8282808439616246 -0.8097956851199741 -0.7579578465892145 -0.7737430817350129 -0.7600944085647773 -0.7934552122366298 -0.8992951069708113 -0.8596819965874201 -0.8664072000011636 -1.329826196982218 -0.8626085113665454 -0.8396381017185024 -0.8342659583227963 -0.764817920680608 -1.134594975202192 -0.7638134960903229 -0.787082530687101 -0.7902145751625967 -0.7390495831253154 -0.7532421592485306 -0.7548900102253034 -0.7293514834294325 -0.7302491509286302 -0.7283066833318067 -0.7339948166093562 -0.7670319640492262 -0.79086509556057 -0.7983159845331715 -0.7933964252080461 -0.8318002116819732 -0.8384564658433242 -1.778166823340705 -1.3100517372792948 -0.8623233961125472 -0.7963001374598959 -0.8094554961932772 -0.8346687216940729 -0.8257348208848783 -0.7863393688500565 -0.8397147978329408 -0.781270308828328 -0.7702539192698924 -0.7700714400199173 -0.778591715765864 -0.7269748797858466 -0.7455372098279108 -0.8313045674021771 -1.2749193384660396 -1.4142033944246224 -1.3025001845771915 -0.8163481301995194 -0.8254922989930894 -0.8066661918939042 -0.8381795045132793 -0.8197042979809211 -0.8344325794374841 -1.2100953526051355 -0.8720199075638706 -1.8922472291226877 -0.8781266908255562 -1.2221544684663155 -0.8127083259886699 -1.392014550701662 -0.8143680719278161 -0.7963310895676491 -0.8037869237005334
-1.272653920497793 -1.825325759927845 -0.8178452903468519 -0.9355858962976097 -0.8079573271156818 -0.7794971815294331 -0.7739651072621659 -0.7772156241764795 -0.7809446724720372 -0.7594476593526441 -0.728296980278817 -0.7748523200433396 -0.7227390611935902 -0.7498004167018486 -0.7477513093510293 -0.759925531633874 -0.7532614991690164 -0.75804596401595 -0.7502279295185007 -0.7627954619159076 -0.7479375764612909 -0.7542590852391193 -0.762079296313873 -0.7506123981165392 -0.7636637453386218 -0.7684139802161766 -0.7832250529717785 -0.802720739804874 -0.7834790550952995 -0.7916686878418369 -0.7840497912089689 -0.780031493616721 -0.7901987564461629 -1.2375787457719416 -1.2793513965931318 -1.3115977026772632 -2.093265493228535 -2.632217540985211 -3.305037782738298 -2.6323608264888536 -1.789640395525456 -1.802291847946561 -1.8534631446209093 -1.7985457028070295 -1.888209497766686 -1.8574714876106144 -1.8316870447168512 -0.7970838230871663 -0.7679779414243177 -0.7380471426685649 -0.6854500051755433 -0.7612453405146357 -0.7344182917471662 -0.751285354023304 -0.7585103901833162 -0.7398807332978903 -0.7618753918964847 -0.7955644961995981 -0.78755223951921 -0.7822321702731911 -0.7991495664426985 -0.805336366874929 -0.8385082770771418 -0.7694644036704874 -0.8283717725106253 -1.274695334317147 -1.3178439630787617 -1.799734952307746 -0.8896032119842047 -1.8985177106790874 -1.2496753447508064 -0.7934138253144848 -1.2113139001132558 -0.7876966599612656 -1.2544444990716717 -0.786278836946872 -0.792044619445604 -0.805824008428146 -0.782149031013727 -0.7642654771230489 -0.7588880023030956 -0.7776167514329513 -0.7189942921475334 -0.769920199837847 -1.420799113999646 -1.7915979028488827 -1.3370861509656118 -1.2736497686569286 -0.7919433763416236 -0.8225144464984747 -0.9375502362422158 -1.7607740896140056 -0.8298637391659871 -0.8378270590915841 -0.7684133949656772 -0.8160913797502583 -0.7415765774144796 -0.7639744256858352 -0.7649932931825258 -0.776701827681997 -0.8992951069708113 -0.857272681271296 -0.8486831911709675 -1.329826196982218 -0.8626085113665454 -0.8325589574636483 -0.8401625096949754 -0.764817920680608 -1.134594975202192 -0.7543869936686626 -0.7686875405249596 -0.7902145751625967 -0.7333316352842102 -0.7429031142263585 -0.7499228800602402 -0.7369178340575763 -0.7168843190469111 -0.7104901306354734 -0.74021549259662 -0.7670319640492262 -0.79086509556057 -0.7983159845331715 -0.7933964252080461 -0.8438872830447882 -0.845214462914841 -1.8006893444283871 -1.3100517372792948 -0.8623233961125472 -0.7963001374598959 -0.8094554961932772 -0.8346687216940729 -0.8257348208848783 -0.7863393688500565 -0.8397147978329408 -0.781270308828328 -0.7702539192698924 -0.7409813488128435 -0.7701245392655162 -0.7014140498956264 -0.729544178565092 -1.2767201497871024 -0.8491352370298648 -1.3975830987422364 -1.3025001845771915 -0.8104227948193338 -0.8254922989930894 -0.8066661918939042 -0.8385922596885859 -0.8197042979809211 -0.8344325794374841 -1.2100953526051355 -0.7926256777122107 -1.9209909932227747 -0.8781266908255562 -1.2313174666512254 -0.7940227028842296 -1.8933383341508607 -0.8143680719278161 -0.7884766111429737 -0.7957855761611549
-1.2813955067610985 -1.8404146229753615 -0.8245644255908666 -0.9309832096307126 -0.8046992666621754 -0.7828720580008995 -0.7708256543191818 -0.7772156241764795 -0.7669662890446409 -0.7594476593526441 -0.7972056305460495 -0.8049745184438858 -0.7227390611935902 -0.7524080278214451 -0.7378059659065018 -0.7715374864401617 -0.7590513248711207 -0.752738140621325 -0.754923508615558 -0.7519075961946381 -0.7532159547343538 -0.749135361597203 -0.7532210881686108 -0.7458819800121747 -0.7655065328702604 -0.7747793233057423 -0.7836168861419934 -0.802720739804874 -0.7834790550952995 -0.7916686878418369 -0.7950988732293762 -0.785156263013638 -0.7901987564461629 -1.2375787457719416 -1.2793513965931318 -1.3387823765271893 -2.129927261760366 -2.632217540985211 -3.305037782738298 -2.6187301212800955 -1.789640395525456 -1.794816128882244 -1.8483497248728054 -1.806470535471665 -1.888209497766686 -1.8574714876106144 -1.8421575570420046 -0.7970838230871663 -0.7779841965702955 -0.7539635856795177 -0.7088426790676264 -0.7481248822479489 -0.7324222190120081 -0.7575017218689477 -0.7831343763038445 -0.7398807332978903 -0.7701671232038186 -0.7897449897742727 -0.7950212748747868 -0.7936087945516485 -0.7991495664426985 -0.805336366874929 -0.7918336568049748 -0.7921518119856541 -0.8998836675668974 -1.2833856055424795 -1.3025255989655111 -1.2058499709387864 -1.2777836754800422 -1.323934404031653 -1.3069723437081449 -0.7934138253144848 -0.7431681729603082 -0.7876966599612656 -1.201565444903942 -0.786278836946872 -0.7763876131447385 -0.805824008428146 -0.754741536089057 -0.7590709769034983 -0.7588880023030956 -0.7617857035659065 -0.7035531521063628 -0.7328583681346325 -1.3678369964065136 -1.7769252819902848 -1.3227044580718688 -1.2736497686569286 -0.7919433763416236 -0.813457754267659 -0.9222728614209729 -1.7519425747385775 -0.8298637391659871 -0.8451063756020865 -1.2206600250716857 -0.8286118824796578 -0.7113325768290294 -0.7527053083154196 -0.757736923975669 -0.7845700277954517 -0.8992951069708113 -0.830449583073785 -0.88909895518915 -1.3139525088320796 -0.8196516792008589 -0.8325589574636483 -0.8509017560980687 -0.7693752363217112 -1.134594975202192 -0.7492306865821955 -0.7707614355798154 -0.7902145751625967 -0.7212962479108036 -0.7429031142263585 -0.7253129158511826 -0.7284254613504514 -0.7300614132307478 -0.7285892213031891 -0.746821056256928 -0.7548402323553793 -0.79086509556057 -0.7983159845331715 -0.816985728422633 -0.8377749451480804 -0.8707804171526818 -1.7985391836295115 -1.289038635127082 -0.8963963483178363 -0.8020443902092341 -0.7898181185794735 -0.841824417559308 -0.9229617837132132 -0.8004810042564712 -0.809141288287706 -0.781270308828328 -0.7642044595376892 -0.7409813488128435 -0.7727300654363544 -0.7171407844211284 -0.7455372098279108 -1.2474143499538022 -0.8491352370298648 -1.385771849754594 -1.3112561192138052 -0.8183486183569952 -0.8254922989930894 -0.8066661918939042 -0.83797137659207 -0.8134513729709291 -0.8255830439785689 -1.2100953526051355 -0.8337453194693072 -1.3406368735376608 -0.8781266908255562 -1.2680645831949737 -0.8157927773607822 -1.8096866987616929 -0.8020840504226706 -0.8132152582375768 -0.7957855761611549
-1.2927610294910243 -1.8261105305722767 -0.8251515403965978 -0.9355858962976097 -0.8046992666621754 -0.8027048267639729 -0.7761579383857005 -0.7772156241764795 -0.7644707091723403 -0.7720705594161772 -0.7412427061757759 -0.752506112247864 -0.7227390611935902 -0.7574117803442696 -0.7547049554658934 -0.7476733304982979 -0.7496927736007307 -0.75804596401595 -0.7502279295185007 -0.7661900848678357 -0.7479375764612909 -0.7609917030208916 -0.7573485251548889 -0.7506123981165392 -0.7706903132514518 -0.7747793233057423 -0.7902960727968164 -0.7951007300688862 -0.7776793962151624 -0.7916686878418369 -0.7901542750827613 -0.7898322994387883 -0.7901987564461629 -1.2375787457719416 -1.2793513965931318 -1.3115977026772632 -2.093265493228535 -2.6071837975904435 -3.305037782738298 -2.646438255175386 -1.789640395525456 -1.7737845564041368 -1.8483497248728054 -1.806470535471665 -1.8814258922776057 -1.8574714876106144 -1.862125488402514 -0.7970838230871663 -0.7779841965702955 -0.7466575314151872 -0.6871941079994933 -0.7321913706577969 -0.7220350795386334 -0.7329105507319305 -0.744191821976843 -0.7455508257634212 -0.7780306995981462 -0.7955644961995981 -0.8010602432156854 -0.7936087945516485 -0.7859009151910074 -0.805336366874929 -0.7918336568049748 -0.77525731692414 -0.8404065891215681 -1.8408907146941456 -0.8334504886343391 -1.799734952307746 -0.8896032119842047 -1.853173789869083 -1.2496753447508064 -0.783600066075414 -0.7745216087880964 -0.7847406531944722 -1.262032533643008 -0.7764472671531896 -0.7763876131447385 -0.7833877388456333 -0.753063351169325 -0.758492605040837 -0.7588880023030956 -0.7617857035659065 -0.7234603848205912 -0.7659970026171385 -1.420799113999646 -1.2124181786190433 -1.3478529700863093 -1.2736497686569286 -0.7852045053330787 -0.813457754267659 -0.9375502362422158 -1.777286673446812 -0.8298637391659871 -0.8451063756020865 -0.8282808439616246 -0.8272820152548119 -0.7652311426913189 -0.7711931989449035 -0.7710071624238186 -0.7967160411043601 -0.8992951069708113 -0.8662134321269486 -0.8486831911709675 -1.3139525088320796 -0.8503144124301989 -0.8652777549655545 -0.8335203998203857 -0.7777501293870898 -1.134594975202192 -0.7442212573378795 -0.76851802370168 -0.7832633795983089 -0.7175398928207145 -0.7486964622792982 -0.7357268645033714 -0.7416133388331148 -0.7168843190469111 -0.7285892213031891 -0.746821056256928 -0.7590043449373504 -0.79086509556057 -0.7863436809589538 -0.8033581273151189 -0.8377749451480804 -0.8671064988607344 -1.7985391836295115 -1.289038635127082 -0.8623233961125472 -0.7876827563965515 -0.8015621921589173 -0.828861076293031 -0.8169556812396519 -0.8004810042564712 -0.8397147978329408 -0.781270308828328 -0.7642044595376892 -0.7762243492099682 -0.7789233226534372 -0.7260679573312593 -0.7593254248878951 -1.2767201497871024 -1.3244633025600019 -1.4142033944246224 -1.3337211637381643 -0.8104227948193338 -0.8254922989930894 -0.8066661918939042 -0.83797137659207 -0.8197042979809211 -0.8344325794374841 -1.2197883633659026 -0.8491730582055931 -1.3406368735376608 -0.8781266908255562 -1.1951355998692479 -0.7837099400922994 -1.831662180192679 -0.8039551307624667 -0.7846281358554187 -0.7957855761611549
-1.2927610294910243 -1.2611506447073761 -0.831909192856558 -0.9309832096307126 -0.7675559264314952 -0.8027048267639729 -0.7761579383857005 -0.7772156241764795 -0.7558362742688731 -0.7720705594161772 -0.7336380148464517 -0.7448753765342592 -0.730269346742177 -0.7524080278214451 -0.7547049554658934 -0.7374181836814198 -0.7496927736007307 -0.7647381124842529 -0.7502279295185007 -0.7625748501743207 -0.7479375764612909 -0.7558373684815717 -0.7627155689505295 -0.7448492643712556 -0.7706903132514518 -0.7747793233057423 -0.7902960727968164 -0.7951007300688862 -0.7776793962151624 -0.7916686878418369 -0.7950988732293762 -0.7898322994387883 -0.7901987564461629 -1.2375787457719416 -1.2793513965931318 -1.3115977026772632 -2.027179673996291 -2.6071837975904435 -2.620293820349824 -2.646438255175386 -1.789640395525456 -1.7896097105700774 -1.8483497248728054 -1.806470535471665 -1.8814258922776057 -1.8574714876106144 -1.862125488402514 -0.7970838230871663 -0.7730811408757687 -0.7539635856795177 -0.697366673078245 -0.725828193655672 -0.7220350795386334 -0.7329105507319305 -0.7375142056147179 -0.7508238021093467 -0.7780306995981462 -0.7955644961995981 -0.8010602432156854 -0.7822321702731911 -0.7859009151910074 -0.805336366874929 -0.8073568411590121 -0.77525731692414 -0.8404065891215681 -1.8510311576831238 -0.8334504886343391 -1.799734952307746 -0.8769499622022858 -1.7933574072178422 -1.2496753447508064 -0.7934138253144848 -0.7754326302149823 -0.7847406531944722 -1.2433039736757732 -0.7718551495018775 -0.7763876131447385 -0.7811292897430641 -0.7686304621890085 -0.758492605040837 -0.7588880023030956 -0.7735185202016975 -0.7234603848205912 -0.7572141764179126 -1.420799113999646 -1.7679637531980237 -1.3478529700863093 -1.2736497686569286 -0.7852045053330787 -0.813457754267659 -0.9375502362422158 -1.777286673446812 -0.8298637391659871 -0.8378846548693359 -0.8097333725267094 -0.8272820152548119 -0.7652311426913189 -0.7711931989449035 -0.7710071624238186 -0.8023707735113648 -0.8992951069708113 -0.8786392151804091 -0.8424622566420574 -1.3139525088320796 -0.8503144124301989 -0.8580618993323357 -0.8335203998203857 -0.7693752363217112 -1.134594975202192 -0.7442212573378795 -0.76851802370168 -0.7832633795983089 -0.7124699111984368 -0.7311816975830939 -0.7357268645033714 -0.7416133388331148 -0.7168843190469111 -0.739744113254816 -0.7506844324992988 -0.7590043449373504 -0.79086509556057 -0.7924830107911369 -0.8033581273151189 -0.8438872830447882 -0.8671064988607344 -1.7985391836295115 -1.289038635127082 -0.8623233961125472 -0.7876827563965515 -0.8015621921589173 -0.828861076293031 -0.7761840647759288 -0.7863791489488258 -0.8397147978329408 -0.781270308828328 -0.7704430624135739 -0.7762243492099682 -0.7701245392655162 -0.7135080335448268 -0.7850972753233443 -1.2767201497871024 -1.3061881425160602 -1.4142033944246224 -1.3337211637381643 -0.8183486183569952 -0.811619559642563 -0.8066661918939042 -0.83797137659207 -0.8076427185784004 -0.8344325794374841 -1.2197883633659026 -0.8491730582055931 -1.3406368735376608 -0.8781266908255562 -1.1750571237258045 -0.7837099400922994 -1.7800167342086504 -0.7969691561726029 -0.8002710605467727 -0.7884267644211984
-1.2946128000693025 -0.8015385757130838 -0.8178452903468519 -0.9309832096307126 -0.7707143963452283 -0.7870075329718365 -0.7694316290789163 -0.7732740880894751 -0.7508885617857377 -0.7561007753336451 -1.1889130074961238 -1.1999670586000106 -0.7469758552218386 -0.7408077017835364 -0.7739713454913908 -0.7447673795572847 -0.7448858253238537 -0.7788135640138205 -0.7236079751517328 -0.7575011648774431 -0.733811586295064 -0.7264782273567864 -0.7537195387636875 -0.7577969432185707 -0.7875085917179896 -0.7747793233057423 -0.7949318126359267 -0.7951007300688862 -0.7972210428091415 -0.818750356540445 -0.7970245771589299 -0.780699722265254 -0.7901987564461629 -1.2515008303635935 -1.2793513965931318 -1.3387823765271893 -2.027179673996291 -2.632217540985211 -2.6388852529975177 -2.646438255175386 -1.7698113403666698 -1.7817705787959421 -1.8534631446209093 -1.7985457028070295 -1.8814258922776057 -1.8574714876106144 -1.8547908250676395 -0.7748262747736784 -0.7567197208570567 -0.7466575314151872 -0.6969553664105921 -0.7856966987168531 -0.7537903367585458 -0.748797860615475 -0.7445825712894563 -0.7855717733464879 -0.7748884044712514 -0.7877321265733637 -0.7985952411984372 -0.7822321702731911 -0.791213231099158 -0.805336366874929 -0.8546130385470633 -0.7689569994041158 -0.8601288406331995 -1.2831869068286357 -1.3178439630787617 -1.2751207930789963 -0.8222187814916772 -1.2606019546345522 -0.7784069676688818 -0.7866242342399015 -0.7617151445744069 -0.7554157190649582 -0.7684711629206163 -0.8198580873726726 -0.735840292910772 -0.7580438325277162 -0.7663997953857734 -0.7536212570844584 -0.7527222618251899 -0.7835457878082 -0.7185207379739995 -0.7510176270240223 -0.884216296129207 -1.2493540669150849 -1.3209247462876343 -1.2736497686569286 -1.257874404145023 -0.813457754267659 -0.9375502362422158 -1.7607740896140056 -0.8298637391659871 -0.8378846548693359 -0.8097333725267094 -0.8222587408067543 -0.7665616010059291 -0.8500857529547119 -0.7796215646500568 -0.8207532185537413 -0.8709410265284012 -0.8604474063219316 -0.8199666327529885 -1.329826196982218 -0.8626085113665454 -0.8580618993323357 -0.8335203998203857 -0.7777501293870898 -0.900322488727215 -0.759174185039461 -0.7504136176893668 -0.7643574560972861 -0.7344536586064655 -0.7593060719650943 -0.7451843027894258 -0.776674229645115 -0.7484606545232726 -0.7328229957052143 -0.7345137350441993 -0.7763691066295934 -0.7986076584368633 -0.799045431177511 -0.7933964252080461 -0.8378846993825649 -0.8602379674410205 -1.8211530033446404 -1.3100517372792948 -0.8623233961125472 -0.8047956537124601 -0.8094554961932772 -0.8573904831804575 -0.7761840647759288 -0.7863791489488258 -0.830833753601772 -0.781270308828328 -0.7704430624135739 -0.7762668775027519 -0.8143019447697972 -0.7398898823192013 -0.7629498125191214 -0.7797475319025391 -1.2872828265824252 -1.350836161870127 -1.3337211637381643 -0.8104227948193338 -0.811619559642563 -0.8066661918939042 -0.83797137659207 -0.8174816144885669 -0.8344325794374841 -1.2197883633659026 -0.8556606738347525 -0.8551704088973989 -0.8781266908255562 -0.7608532607846399 -0.8022372544521905 -1.3152541334538144 -0.7969691561726029 -0.8199224198649697 -0.7884267644211984
-1.2617108670267916 -0.8015385757130838 -0.8178452903468519 -0.9309832096307126 -0.7707143963452283 -0.7794971815294331 -0.7651365078364153 -0.7893953799479617 -0.7591210321276682 -0.736547093887046 -0.7516712089261431 -0.7453689645097414 -0.728339221853905 -0.7408077017835364 -0.7475934258086588 -0.751555348977824 -0.7529696302773553 -0.7641066899989385 -0.7095738859372948 -0.7575011648774431 -0.735038342675186 -0.7193726238432676 -0.7537195387636875 -0.7519968094683391 -0.7833666480413912 -0.7747793233057423 -0.7643441657037993 -0.7963165697401384 -0.7972210428091415 -0.8251259489988928 -0.7970245771589299 -0.7732555016363349 -0.7901987564461629 -1.2515008303635935 -1.2704586334599737 -1.3240510165091564 -2.027179673996291 -2.632217540985211 -2.6388852529975177 -2.6241089879578934 -1.7607330757210964 -1.8168128505035122 -1.8483497248728054 -1.8039961758415588 -1.8727033882815394 -1.8759388392433876 -1.863324926385133 -0.7833192556907156 -0.7449742574798904 -0.7371372116134214 -0.7065279384167705 -0.7896295845176882 -0.7721143006730258 -0.7561435917136954 -0.7809436394318626 -0.771934017692567 -0.7748884044712514 -0.7877321265733637 -0.7985952411984372 -0.7882408652419763 -0.791213231099158 -0.7857804887205181 -0.8546130385470633 -0.7689569994041158 -0.8655771784607615 -1.2831869068286357 -1.248225990806981 -1.2151353942103404 -0.8093306093142365 -1.200745410890322 -0.7784069676688818 -0.7912277716129599 -1.2192365134743368 -0.7737181686494846 -0.7684711629206163 -0.8148350005377544 -0.7450992673886896 -0.7693947522570582 -0.7663997953857734 -0.7705374048095985 -0.7527222618251899 -0.7996728092243386 -0.728526995031373 -0.7481115629781089 -0.882421579169308 -1.2663976664346355 -1.3209247462876343 -1.2986368025555801 -0.7920446311370446 -0.8225144464984747 -0.9375502362422158 -1.7607740896140056 -0.8298637391659871 -0.83683175773483 -0.8097333725267094 -0.8159322680182788 -0.7490442863062506 -0.758289083579175 -0.7973755891676784 -0.8207532185537413 -0.9299369274011765 -0.8300330720405681 -0.8373076457427993 -1.329826196982218 -0.8527295380866495 -0.8325589574636483 -0.8328130770850453 -0.764817920680608 -0.900322488727215 -0.7638134960903229 -0.7590778567832825 -0.771197414970074 -0.7293143043758289 -0.7470434052381677 -0.7451843027894258 -0.755616411125091 -0.7300406148456622 -0.7328229957052143 -0.7299361657026298 -0.7763691066295934 -0.7986076584368633 -0.8045162482693311 -0.7933964252080461 -0.8378846993825649 -0.8275314619225363 -1.8006893444283871 -1.3100517372792948 -1.340635479810117 -0.7963001374598959 -0.8094554961932772 -0.8409402338545874 -0.8119920227630487 -0.8004810042564712 -0.830833753601772 -0.7905324077861945 -0.7744207184849208 -0.7614766562283143 -0.7788103780408758 -0.7232234778884203 -0.7443840260536932 -0.7969806493006416 -1.8558980859987415 -1.350836161870127 -1.3337211637381643 -0.8163481301995194 -0.8187966318909573 -0.8066661918939042 -0.8381795045132793 -0.8296376526212557 -0.8344325794374841 -1.2081186011201739 -0.8456721784160566 -1.343672206212914 -0.8759236480487713 -0.7886973672968675 -1.2384571111000653 -1.3740135375747589 -0.7969691561726029 -0.8079396606335069 -0.815954608262683
-1.27299003216433 -1.2611506447073761 -0.8251515403965978 -0.9309832096307126 -0.7675559264314952 -0.7950963665422055 -0.7564518516779088 -0.7735005393917145 -0.7409025332231541 -0.7584374474583634 -0.7397482817749698 -0.7463111138894831 -0.7190831093483824 -0.744151367593129 -0.7403101236005488 -0.7441610322699498 -0.7369875405503084 -0.755954743372152 -0.7404998082816148 -0.7582619039663527 -0.7487843168998437 -0.749964064732517 -0.7674686444028914 -0.7631169570780517 -0.7666071326235643 -0.7747793233057423 -0.7598272714014355 -0.7963165697401384 -0.7776793962151624 -0.7909165336432946 -0.7791505316800136 -0.780031493616721 -0.7901987564461629 -1.2515008303635935 -1.2704586334599737 -1.276893866874541 -2.027179673996291 -3.290190349395133 -2.620293820349824 -2.6241089879578934 -1.7805253619790136 -1.8013388267569075 -1.8483497248728054 -1.8039961758415588 -1.8793223152208922 -1.8759388392433876 -1.8601448762790767 -0.805735867353061 -0.7403175399581562 -0.7428871840778157 -0.6806964876555168 -0.7570233116308215 -0.7159528198523429 -0.7499159065774939 -0.7198095015773207 -0.7457062242857072 -0.7780306995981462 -0.7955644961995981 -0.7935540411366635 -0.7882408652419763 -0.791213231099158 -0.7857804887205181 -0.8468351552480444 -0.7675330744642974 -0.8928732126640765 -1.8510311576831238 -1.3178439630787617 -1.7718039427429941 -0.862450970500968 -1.7753100597653753 -1.2769375398200011 -1.2764652599147834 -1.2274394834773783 -0.8093806320885707 -1.2512610151429788 -0.8313591647019295 -0.7737759794643286 -0.7932182519089963 -0.782149031013727 -0.7642654771230489 -0.7588880023030956 -0.7990114695936484 -0.7335133021992595 -0.7747353219933021 -1.370857353072449 -1.7956465360261797 -1.3090185893832624 -1.281442467245964 -0.7852045053330787 -0.8225144464984747 -0.9375502362422158 -1.7836111749245165 -0.8298637391659871 -0.8222882841748006 -0.8078674097736837 -0.8159322680182788 -0.7682321864076096 -0.7925705721994368 -0.7886322277370779 -0.7930972374496148 -0.870900025776984 -0.8570264932132615 -0.8712450776849159 -1.329826196982218 -0.8527295380866495 -0.8325589574636483 -0.8434924814431911 -0.764817920680608 -1.16604832748734 -0.7645745824266897 -0.7773207104596158 -1.212511335025741 -0.7224633820964832 -0.7419284596555697 -0.7410532171245932 -0.7173825496624223 -0.7064131319009678 -0.7528209647040562 -0.7458604621040112 -0.7610388722533244 -0.79086509556057 -0.8045162482693311 -0.8033581273151189 -0.8365400966792521 -0.8470224789602715 -1.7691410779760823 -1.301420072913716 -1.350477344782669 -0.8052273249695479 -0.7906205316633164 -0.8482127127926955 -0.8257348208848783 -0.8067670231009487 -0.8397147978329408 -0.7905324077861945 -0.7836401573267282 -0.7327829632846268 -0.7522939974874595 -0.7217601552270686 -0.7701714148727075 -1.2840438078616245 -1.87789517356076 -1.3345679657943061 -1.3337211637381643 -0.8113014017434922 -0.805344229594316 -0.8066661918939042 -0.8381795045132793 -0.8296376526212557 -0.843888882649786 -1.2081186011201739 -0.8392328553437657 -1.9209909932227747 -0.8667309803501391 -1.1840364091574942 -1.7805932168041667 -1.8860844719540228 -1.2208854123423711 -0.7762557257004893 -0.7759397605007482
-1.248661526586313 -1.825325759927845 -0.831909192856558 -0.9309832096307126 -0.8046992666621754 -0.7950963665422055 -0.7782391299641577 -0.7772156241764795 -0.757400515078455 -0.8081220286073351 -0.7355185346909037 -0.7378821091988449 -0.73254907223974 -0.7463787391921751 -0.7449577504090477 -0.7566357710215574 -0.7633266865315227 -0.7708343739807291 -0.7555771701913868 -0.7754265319006196 -0.7474998876860841 -0.7579856882518871 -0.7536682238914261 -0.7491980199098884 -0.7655065328702604 -0.7785806250149075 -0.7822853613262349 -0.7963165697401384 -0.7969916450724818 -0.7847145286432915 -0.7901542750827613 -0.7898322994387883 -0.8112474193858918 -1.2375787457719416 -1.2793513965931318 -1.2783770952120617 -2.093265493228535 -3.9936092174505355 -3.305037782738298 -2.6327926856737043 -1.789640395525456 -1.7854763760640346 -1.8351240135221099 -1.806470535471665 -1.8948468605056288 -1.8759388392433876 -1.8706711102915656 -0.805735867353061 -0.757079771226057 -0.7510891983659848 -0.6906475009414709 -0.6912374549730076 -0.7004502265321016 -0.7329105507319305 -0.731695041629804 -0.7457062242857072 -0.7676447599498075 -0.7955644961995981 -0.7950212748747868 -0.7996746107055875 -0.791213231099158 -0.7926985361096507 -0.7844303216281405 -0.7757674735924185 -0.8457755488267545 -1.8510311576831238 -0.8334504886343391 -1.7718039427429941 -0.8769499622022858 -1.853173789869083 -1.2769375398200011 -1.2764652599147834 -0.8051136112546782 -0.8093806320885707 -1.2532222229159111 -0.7718551495018775 -0.7583598010606135 -1.2223638941801596 -0.7686304621890085 -0.7642654771230489 -0.7588880023030956 -0.789246669243968 -0.7234603848205912 -0.7158916340446405 -1.334382275547418 -1.7769252819902848 -1.3363711389644424 -1.265241314908927 -0.7852045053330787 -0.8225144464984747 -0.9222728614209729 -1.7870596538468133 -0.8298637391659871 -0.8378270590915841 -0.8078674097736837 -0.8122750318641766 -0.782090678582566 -0.7930092012763349 -0.7702096704198966 -0.7842494615935495 -0.8821629603217832 -0.8218999151250689 -0.858606791066685 -1.3139525088320796 -0.8503144124301989 -0.8175878823246139 -0.8291455707126854 -0.7565360623593872 -1.16604832748734 -0.7748205849440905 -0.788294769465857 -1.219778984775074 -0.7146494681774798 -0.7419284596555697 -0.7592486611742892 -0.7296323680418454 -0.7289385538581351 -0.739744113254816 -0.7506844324992988 -0.7530532588183345 -0.7853987473039199 -0.7821716887134207 -0.8033581273151189 -0.8428179088258377 -0.8082850165645731 -1.7467630043608877 -1.2804749897424579 -0.8623233961125472 -0.7941478201008889 -0.7789822008734103 -0.8249077572772067 -0.8376607163614028 -0.7925526274453383 -0.8397147978329408 -0.7892674972022087 -0.7760775902746463 -0.7471987044067304 -0.7695738416536337 -0.7144106458572711 -0.7823511210815836 -1.2996033512368863 -1.87789517356076 -1.385771849754594 -1.3337211637381643 -0.8243112985246043 -0.8119686047840748 -0.8289119904714852 -0.8381795045132793 -0.8215301495598324 -0.850600222949124 -1.2081186011201739 -0.8392328553437657 -1.3250608117073308 -0.8828109082151945 -1.1840364091574942 -1.236223330052317 -1.8282458782220536 -1.2436606266575077 -0.7784283625422438 -0.7874094795016433
-1.2617108670267916 -1.825325759927845 -0.8251515403965978 -0.9309832096307126 -0.8046992666621754 -0.7909329960680193 -0.7802997351025224 -0.7735005393917145 -0.7560795701451548 -0.7584374474583634 -0.7355185346909037 -0.751345857380403 -0.7119180230973514 -0.749118240771106 -0.7606241740894727 -0.7441610322699498 -0.7493984839443317 -0.7641066899989385 -0.7555771701913868 -0.7661900848678357 -0.7561225326858656 -0.7668885031122651 -0.7674686444028914 -0.7448492643712556 -0.7706903132514518 -0.7785806250149075 -0.7822853613262349 -0.7963165697401384 -0.7776793962151624 -0.7909165336432946 -0.7749090675591181 -0.785749005539369 -0.7901987564461629 -1.2375787457719416 -1.2793513965931318 -1.323939520999975 -2.093265493228535 -2.6071837975904435 -3.305037782738298 -2.646438255175386 -1.789640395525456 -1.8061637745584243 -1.8483497248728054 -1.7985457028070295 -1.888209497766686 -1.8759388392433876 -1.8824876507793238 -0.805735867353061 -0.7730811408757687 -0.7438018994892245 -0.6893738652434649 -0.6912374549730076 -0.7109379329943128 -0.7329105507319305 -0.7375142056147179 -0.7457062242857072 -0.7780306995981462 -0.7955644961995981 -0.7935540411366635 -0.7996746107055875 -0.791213231099158 -0.7852756408841558 -0.7853179323879883 -0.7689569994041158 -0.8336915165605641 -1.890630907383429 -0.8785091983913217 -1.7794993706134572 -0.862450970500968 -1.8464462099267749 -1.2879256153348282 -1.8460725172158345 -0.7702807384126462 -0.7747020563014035 -1.2322513572229246 -0.7715389405330982 -0.7583598010606135 -0.7799859667629508 -0.7663997953857734 -0.775847534530114 -0.766304479708535 -0.7667886510071895 -0.7182066273023336 -0.747941416105518 -1.3320529680918378 -1.737718870290847 -1.328157408728033 -1.281442467245964 -0.7852045053330787 -0.8355763961994356 -0.9463280103753972 -1.7705141164114016 -0.837525099919571 -0.8378270590915841 -0.7896193226314339 -0.8209306130558105 -0.8159702944876668 -0.8147791713996104 -0.7710071624238186 -0.7982932897918168 -0.8821629603217832 -0.8570264932132615 -0.8205348758200548 -1.329826196982218 -0.8626085113665454 -0.8325589574636483 -0.8328130770850453 -0.764817920680608 -1.134594975202192 -0.7707098268415778 -0.7773207104596158 -1.264390714459038 -0.7276507310879857 -0.7357314478335742 -0.7192121258753673 -0.726980570431152 -0.7244272257180758 -0.739744113254816 -0.7505051505475294 -0.7670319640492262 -0.7853987473039199 -0.7815543654480779 -0.8033581273151189 -0.8489536238847152 -0.8265001061916482 -1.778166823340705 -1.301420072913716 -0.8623233961125472 -0.7902499783139595 -0.8015621921589173 -0.8452441228237643 -0.8237901041013836 -0.7925526274453383 -0.8397147978329408 -0.7985916039937262 -0.7765252154184489 -0.7762243492099682 -0.7716042961561687 -0.7085480255545545 -0.8081895883239416 -1.2996033512368863 -1.87789517356076 -1.4142033944246224 -1.3425771390727927 -0.8163481301995194 -0.8254922989930894 -0.8066661918939042 -0.8381795045132793 -0.8278230166841591 -0.8345630535515645 -1.2150883033933464 -0.8456721784160566 -1.3068524537381885 -0.8667309803501391 -1.1855961973677511 -0.7691249099925089 -1.8898830006020042 -0.8039551307624667 -0.7884766111429737 -0.8037869237005334
-1.248661526586313 -1.8261105305722767 -0.831909192856558 -0.9355858962976097 -0.829453274451744 -0.8241413345962043 -0.787088588865144 -0.7735005393917145 -0.7560795701451548 -0.7373854471148751 -0.7355185346909037 -0.7587778792007576 -0.7045178776192574 -0.7547588960108171 -0.7619853146191832 -0.7705945039049453 -0.7677942232098495 -0.7708343739807291 -0.7602951135923548 -0.776660591470331 -0.7514212943412486 -0.7617075258686198 -0.7630563105107645 -0.7557865882017712 -0.7706903132514518 -0.7785806250149075 -0.7822853613262349 -0.7775645896067956 -0.7969916450724818 -0.7799556520300659 -0.7858733782352105 -0.785749005539369 -0.8112474193858918 -1.2375787457719416 -1.269077415974157 -1.323939520999975 -2.1143559860972347 -3.2701059538349533 -3.305037782738298 -2.646438255175386 -1.789640395525456 -1.7869594175157222 -1.8351240135221099 -1.8112096550245875 -1.888209497766686 -1.8708681935860778 -1.8824876507793238 -0.805735867353061 -0.7828366537479204 -0.7380471426685649 -0.6920838666205276 -0.7247736645293035 -0.7054005038590646 -0.751459126858959 -0.7387445971062928 -0.740457494005102 -0.7829979519733824 -0.7955644961995981 -0.8039664184941181 -0.7996746107055875 -0.8045202634804433 -0.7999187238055349 -0.7853179323879883 -0.7696051518781569 -0.8457755488267545 -1.8804167220200125 -0.8662992313701054 -1.8241450995855153 -0.9399726506645943 -1.327540811471383 -1.4168219225794467 -0.8157702749868813 -0.7960389501225776 -0.7876966599612656 -0.8078091780241609 -0.7760681979425488 -0.7704057820726955 -0.7958469403703566 -0.7767539387563587 -0.7703184236713518 -0.766304479708535 -0.7626684323124532 -0.7443696555500056 -0.7481115629781089 -1.3145454580051206 -1.8509068404087963 -1.315771506857503 -1.281442467245964 -0.7852045053330787 -0.8355763961994356 -0.9463280103753972 -1.7870596538468133 -0.837525099919571 -0.8378270590915841 -0.8109783475276314 -0.8451559909984601 -0.8010084654711102 -0.8016813783166586 -0.7713899380446414 -0.7814725718341 -0.8821629603217832 -0.7979506473872378 -0.8205348758200548 -1.3139525088320796 -0.8503144124301989 -0.8325589574636483 -0.8276537794079346 -0.7565360623593872 -1.151147506984337 -0.7543240332892317 -0.787082530687101 -0.8280409379917631 -0.752204053241889 -0.7765148560828024 -1.171908940599674 -0.7358447667537814 -0.7238898188622263 -0.739854788364384 -0.7701239769515261 -0.7590043449373504 -0.7853987473039199 -0.7865286407507677 -0.8033581273151189 -0.8428179088258377 -0.8368712804680648 -1.778166823340705 -1.2804749897424579 -0.8623233961125472 -0.7793063512467924 -0.7906205316633164 -0.8303351255769805 -0.8498636299282608 -0.7925526274453383 -0.8509619143622276 -0.8217301352923955 -0.7765252154184489 -0.7762243492099682 -0.7717165479223628 -0.726788476533614 -0.7930001039532807 -0.8240832128142351 -1.3577538194472552 -1.4142033944246224 -1.3875817403453945 -0.8353421779689996 -0.8254922989930894 -0.8367473843583811 -0.8454120803796212 -0.8278230166841591 -0.8434739676010367 -1.2150883033933464 -0.8503895873715505 -1.357413956055261 -0.8781266908255562 -1.2396915484641355 -0.8173817746204805 -0.8151341343745281 -0.8143680719278161 -0.7796274567965964 -0.7957855761611549
-1.248661526586313 -1.8261105305722767 -0.831909192856558 -0.9355858962976097 -0.8046992666621754 -0.8284172750356732 -0.8096087274167225 -0.793507904472837 -0.7504532471270248 -0.7373854471148751 -0.7576300297084865 -1.2075028494642392 -0.728339221853905 -0.7547588960108171 -0.7619853146191832 -0.7705945039049453 -0.7677942232098495 -0.7708343739807291 -0.7602951135923548 -0.776660591470331 -0.7514212943412486 -0.7549706693015167 -0.7583214870035085 -0.7601780160533442 -0.7706903132514518 -0.7785806250149075 -0.7822853613262349 -0.7775645896067956 -0.7969916450724818 -0.7799556520300659 -0.7858733782352105 -0.7919517666201346 -0.8112474193858918 -1.2375787457719416 -1.3047184677395993 -1.3570689563137066 -2.1143559860972347 -3.2701059538349533 -2.6156045631837186 -2.646438255175386 -1.789640395525456 -1.7869594175157222 -1.8351240135221099 -1.8112096550245875 -1.8762229470949816 -1.8708681935860778 -1.8824876507793238 -0.805735867353061 -0.7828366537479204 -0.7452964809267937 -0.6819650028270103 -0.7311305660827908 -0.7156238985840122 -0.751459126858959 -0.7387445971062928 -0.7343053618146795 -0.7914407624695314 -0.7877321265733637 -0.7944397826959024 -0.7996746107055875 -0.8045202634804433 -0.7999187238055349 -0.7853179323879883 -0.7696051518781569 -0.8523816193759614 -1.3086393708174193 -0.8808918845778447 -1.277244752830285 -0.9469643660575725 -0.8841781958009989 -1.320352493464707 -0.800598718226746 -0.7864187521703293 -0.7646811448797035 -0.8078091780241609 -0.7437931654700717 -0.7322036474908075 -0.7958469403703566 -0.7678616938422401 -0.7744859070461169 -0.7804216844969317 -0.7626684323124532 -0.7443696555500056 -0.7544365476382948 -1.290302295769675 -0.785599012410699 -1.315771506857503 -1.2736497686569286 -0.8120854464087328 -0.8355763961994356 -1.445870536681594 -1.7870596538468133 -0.837525099919571 -0.8451063756020865 -1.2222410682970672 -0.8553911458327217 -0.8020099449986704 -0.8168119607159312 -0.7700298212453954 -0.7749022871573426 -0.8821629603217832 -0.7979506473872378 -0.8389901749215037 -1.305148123699418 -0.8714269435682243 -0.8325589574636483 -0.8382909090095484 -0.7703820195434911 -1.151147506984337 -0.7781723749947749 -0.787082530687101 -0.8280409379917631 -0.752204053241889 -0.7654341165360902 -1.1865519637532538 -0.7429363979206025 -0.7238898188622263 -0.7353515768607753 -0.7622553814003923 -0.7548402323553793 -0.7853987473039199 -0.7976903243931364 -0.8033581273151189 -0.8428179088258377 -0.8368712804680648 -1.778166823340705 -1.2804749897424579 -0.9262661863721614 -0.7854001559143297 -0.7906205316633164 -0.8303351255769805 -0.8498636299282608 -0.7925526274453383 -0.8911331289665234 -0.8217301352923955 -0.8039141182676551 -0.7774082628027198 -0.7717165479223628 -0.7185003584081291 -0.7184874680010189 -0.7910385061364862 -0.8751807430336916 -1.4023278373033596 -1.3875817403453945 -0.828698637018973 -0.8172730347629437 -0.8367473843583811 -0.8454120803796212 -0.8278230166841591 -0.850600222949124 -1.2267923959684923 -0.8503895873715505 -1.357413956055261 -0.9178741690434096 -1.8048669868508154 -0.8420438431552244 -0.8020619962287904 -0.8020840504226706 -0.7913049043317025 -0.7957855761611549
-1.2846830232511852 -1.8501830400115284 -0.8273714554904682 -0.9355858962976097 -0.8157184334410584 -0.7996674767180709 -0.7954038849425167 -0.7943808234178522 -0.7625197186519215 -0.7398355867362465 -0.8489006468442962 -1.2459964121497564 -0.7424246438139352 -0.7758982751124915 -0.7584299362733151 -0.7830898648371759 -0.7763305524802185 -0.7708343739807291 -0.7663784743643656 -0.776660591470331 -0.7424043223407458 -0.7580357736863809 -0.7538524081907247 -0.7549836970947371 -0.7655065328702604 -0.770470560163275 -0.7769542235800708 -0.7838694934495729 -0.790472022966999 -0.7793438743970938 -0.7901542750827613 -0.7913559535745341 -0.8112474193858918 -1.2353951922508708 -1.2846639466163758 -1.3231539629756597 -2.1061932563478716 -3.3091775116189512 -2.6156045631837186 -2.6327926856737043 -1.789640395525456 -1.7950599210662308 -1.8351240135221099 -1.8193625258049686 -1.881991418885313 -1.8884563610964236 -1.8614493425412841 -0.8034530246532963 -0.7735072019612131 -0.7452964809267937 -0.6819650028270103 -0.737279458070143 -0.7373227897935758 -0.7299815931299892 -0.7318334746813614 -0.7343053618146795 -0.7805756044083003 -0.7947805830213722 -0.7944397826959024 -0.8041791505825537 -0.8120162502248083 -0.8121291971189275 -0.7918336568049748 -0.7751713399535027 -0.8755383080988776 -1.3491956504596356 -1.3213531332532447 -1.870297292651901 -0.9397657576818559 -1.3396657854721286 -1.8575375087593062 -0.8201039715298272 -0.7539113400917301 -0.7691753600970428 -0.7167705476712501 -0.7486498225746264 -0.7322036474908075 -0.7896256869661593 -0.7755109323110875 -0.7631979235530038 -0.7527222618251899 -0.7680253956100311 -0.7312648220677656 -0.7409509696728869 -0.8875697037940666 -0.7752167253361402 -1.3262680020639825 -1.285988188093481 -0.7917857511219425 -0.8225144464984747 -0.9428176915683509 -1.777286673446812 -0.8298637391659871 -0.864019652377258 -1.1970194711025792 -0.8221888543600034 -0.7775155676493414 -0.8267669700646842 -0.7693239248265513 -0.771954451789265 -0.8885392657907839 -0.833331163157594 -0.8389901749215037 -1.3148435149434048 -0.8714269435682243 -0.8093551269985663 -0.8291455707126854 -0.7703820195434911 -1.151147506984337 -0.769675132989346 -0.8040355459113246 -0.8141259772337679 -0.7379445066288345 -0.757302689802613 -0.80421369087147 -0.7673451686296339 -0.7426042912229935 -0.7311018737464062 -0.7604568314736834 -0.7729688263434032 -0.7965883607304539 -0.7983159845331715 -0.8033581273151189 -1.3286033476788188 -0.831031639975127 -1.8160324693283794 -1.289038635127082 -0.9177380514733592 -0.8063385839220374 -0.7938336394195873 -0.8278973702669794 -0.9282327442265925 -0.8176549623893842 -0.8669232398660045 -1.2608439795976425 -0.8175738788557856 -0.7608604753716334 -0.7710159221467192 -0.723860547204668 -0.7563447953165243 -0.8077950215772176 -0.8491352370298648 -1.42998294690012 -1.344491042679161 -0.8177243850661492 -0.8172730347629437 -0.8446848540578231 -0.8454120803796212 -0.8134513729709291 -0.8419498617667696 -1.2351882488737636 -0.8987825266483763 -0.8512035322191023 -0.8781266908255562 -0.7970618557227223 -0.8014731696467706 -0.7811760619491098 -0.8020840504226706 -0.7671121005845717 -0.7888641939134884
-1.248661526586313 -1.8261105305722767 -0.8136518445209029 -0.9355858962976097 -0.8170104523432328 -1.2635675812472522 -1.2711013711461672 -0.8312862597938119 -0.7368430357674111 -0.727370957478324 -0.8433415188731369 -1.8192761917755966 -0.7442605732020617 -0.7685959477367132 -0.7973439723450176 -0.7822482634191371 -0.7910210383669093 -0.7708343739807291 -0.7672075865759596 -0.776660591470331 -0.7449758632812296 -0.7456688105007955 -0.7538524081907247 -0.7496196439749349 -0.7740907347440805 -0.7666449860825566 -0.7769542235800708 -0.7775645896067956 -0.7626840450236977 -0.7848397501269315 -0.7858733782352105 -0.7872674814733737 -1.2461127855194813 -1.2262765648607348 -1.3047184677395993 -1.3259975242203477 -2.1189303374769595 -2.5868313339715603 -2.6156045631837186 -2.6327926856737043 -1.230818187015983 -1.8162671702000557 -1.8483497248728054 -1.8193625258049686 -1.8762229470949816 -1.8884563610964236 -1.8668405014123037 -0.7905419938147307 -0.792598729885638 -0.7452964809267937 -0.6819650028270103 -0.7460578063814997 -0.7311390570443875 -0.7424966459751724 -0.7472129126126322 -0.7343053618146795 -0.7809366798952156 -0.7936016042408321 -0.7883795595151806 -0.8088630247772677 -0.8045202634804433 -0.805336366874929 -0.7853179323879883 -0.788477071427598 -0.8270815358798126 -1.3086393708174193 -0.8940406992095282 -0.8842492440816025 -0.9155166759071554 -0.9176794878430273 -1.2857745206028313 -0.8091605152731135 -0.7520088691104099 -0.772573513767293 -0.722327369942106 -0.7381134102896403 -0.7322036474908075 -0.7952636985860746 -0.7678616938422401 -0.8010038221747134 -0.7883088503136435 -0.7891721052833429 -0.7459158856313063 -0.7323624834908011 -0.8473090150101124 -0.785599012410699 -1.2678146612791585 -1.2907928449650163 -0.8188125335781449 -1.247081112175374 -1.4266369470860512 -1.8372419680849654 -1.308339948885282 -0.8451063756020865 -1.1989547113451744 -0.8762651671634948 -0.8094878526771777 -0.8950777420497633 -0.7693239248265513 -0.8053139860124274 -0.932848090379778 -0.7618684369820202 -0.8389901749215037 -1.305148123699418 -0.8714269435682243 -0.8175878823246139 -0.8291455707126854 -0.7813581416272043 -1.151147506984337 -0.793842206604577 -0.8366934151383387 -0.7990141019449867 -0.752204053241889 -0.7654341165360902 -1.1708713702760294 -0.7765359555578876 -0.7469677510568683 -0.7361769827413742 -0.7460955321562331 -0.7680214017336564 -0.7853987473039199 -0.7976903243931364 -0.8033581273151189 -0.8304618703781096 -0.8185086215963718 -2.380396151340728 -1.302454448636182 -0.9262661863721614 -0.8123874369169538 -0.7789822008734103 -0.8303351255769805 -0.9541693382346699 -0.8114256612641857 -0.8946355704939409 -0.8217301352923955 -0.8097927784572949 -0.7608604753716334 -0.7717165479223628 -0.7307588758017359 -0.7429073204571315 -0.7578207882535738 -0.8202716607410684 -1.4023278373033596 -0.858049585286448 -0.828698637018973 -0.8172730347629437 -1.2778879213377654 -0.87905350254123 -0.8819690207389639 -0.8434739676010367 -1.2267923959684923 -0.8568830802119454 -0.8889507014942871 -0.8977798222730462 -1.2428986008834753 -0.7940227028842296 -0.7811760619491098 -0.8020840504226706 -0.7603530441224051 -1.2188809429321026
-1.2846830232511852 -1.2824260798315636 -0.8136518445209029 -0.9355858962976097 -0.8157184334410584 -0.7996674767180709 -0.780046887350376 -0.7995230887402025 -0.7487624819760789 -0.7358709683185901 -1.3099175041545372 -1.8093763212853171 -0.7424246438139352 -0.7780245093326141 -0.7850601684280534 -0.7830898648371759 -0.7763305524802185 -0.7630643076715231 -0.7673204596921127 -0.7718488374065888 -0.7550279774883643 -0.7545416298902605 -0.7358410066019437 -0.7376817262446794 -0.7655065328702604 -0.770470560163275 -0.7769542235800708 -0.7775645896067956 -0.766957765647145 -0.7640425780573724 -0.7901542750827613 -0.7989141845236091 -0.7901987564461629 -1.2353951922508708 -1.26139902140871 -1.2924598482162182 -1.4498034275477067 -2.624417826288335 -1.9673666385419417 -2.6327926856737043 -1.230818187015983 -1.824414545455356 -1.8483497248728054 -1.8193625258049686 -1.8886214230710807 -1.8884563610964236 -1.8614493425412841 -0.7954901346746233 -1.2371150849687067 -0.7638248991186412 -0.6819650028270103 -0.7460578063814997 -0.7311390570443875 -0.7353800321142291 -0.7466020692981976 -0.7343053618146795 -0.7701671232038186 -0.8006843594805115 -0.7978586885544859 -0.8449995432166189 -0.8120162502248083 -0.8176003511655651 -0.7918336568049748 -0.7751713399535027 -0.8498021260069387 -1.3634759752664567 -1.337789936313136 -1.3334009693589386 -0.9048999223550296 -1.3693139714578808 -1.2615457553382694 -0.8240157295816364 -0.7416070027693984 -0.7489269441757429 -0.7222083786824373 -0.7605944398989647 -0.7367838005669706 -0.7889328252457737 -0.8016776557770464 -0.8058872392279188 -0.8031265405862589 -0.7780055851891404 -0.7281660908276311 -0.7323624834908011 -0.8543382210966164 -0.788104269946083 -1.286035358989734 -1.3032122392056338 -0.7917857511219425 -0.8676786477023704 -0.9428176915683509 -1.7870596538468133 -0.8298637391659871 -0.864019652377258 -1.184717541706076 -1.287746713075899 -0.820165060569585 -0.985160685694095 -0.7693239248265513 -0.8112706225807327 -0.9082077498279395 -0.7890272543571922 -0.8514454916542824 -1.3236793613407727 -0.8714269435682243 -0.8093551269985663 -0.8343108244146338 -0.7703820195434911 -0.9148189293408889 -0.7650193248542912 -0.785379795366938 -0.7854192958561819 -0.7327124666901391 -0.757302689802613 -0.7967769829595827 -0.7673451686296339 -0.7693253776048304 -0.734940701513014 -0.7443226372743453 -0.7669448841227169 -0.7756233259243831 -0.7983159845331715 -0.8033581273151189 -1.3191166501367426 -0.8233177493782748 -1.7586136970794541 -1.2804749897424579 -0.9177380514733592 -0.8138363545028288 -0.7938336394195873 -0.8384179605559955 -0.9410580152035692 -0.8386040057068144 -0.8669232398660045 -1.2714001992707225 -0.8076351199099259 -0.7681784223485765 -0.7638578428689132 -0.7369670431523078 -0.7534254769853254 -0.7741116961686852 -0.7836364612339924 -1.4467757778091714 -0.8664824421198541 -0.8177243850661492 -1.2813073179555754 -0.8221663025269694 -0.8454120803796212 -0.8215301495598324 -0.8510429603828473 -1.2351882488737636 -0.87457734725257 -0.8633823367373835 -0.8585794334113043 -0.7970618557227223 -0.8014731696467706 -0.7811760619491098 -0.8020840504226706 -0.7671121005845717 -0.7905887328317437
-1.2555310149653967 -0.8020544707689675 -0.8136518445209029 -0.9355858962976097 -0.788843352845958 -1.2635675812472522 -1.2509124560636118 -0.8327000515671352 -0.7537225666685083 -0.727370957478324 -1.3099175041545372 -1.8192761917755966 -0.7442605732020617 -0.8058524514319726 -0.8019514674276382 -0.7900198072809124 -0.8002984607729455 -0.8020039211182561 -0.7465183421295198 -0.7667069296700699 -0.7601845685276944 -0.7395446286360705 -0.7356933476438937 -0.7317952553050614 -0.7740907347440805 -0.7666449860825566 -0.7769542235800708 -0.7775645896067956 -0.7626840450236977 -0.7781826119940849 -0.7858733782352105 -0.7948001413883002 -1.2461127855194813 -1.2353951922508708 -1.3275765970358901 -1.3181497265012116 -1.468240206135087 -2.6103171839972727 -1.9673666385419417 -2.6327926856737043 -1.230818187015983 -1.824414545455356 -1.8483497248728054 -1.8193625258049686 -1.8926432008755534 -1.8935430570428404 -1.8541387043468067 -0.7977485835095043 -0.792598729885638 -0.7688831367976197 -0.6819650028270103 -0.7460578063814997 -0.7311390570443875 -0.7479573687818748 -0.7265481746878869 -0.7343053618146795 -0.7809366798952156 -0.7936016042408321 -0.7883795595151806 -0.8158213405482823 -0.8120162502248083 -0.8176003511655651 -0.800757720763176 -0.7941327967572742 -0.8206017013579959 -1.310147909245746 -0.8940406992095282 -0.8788215527249755 -0.907570510182954 -0.8358661774348359 -0.8123270190469337 -0.8197722223676457 -0.7470444038300452 -0.7489269441757429 -0.7229941995173802 -0.7605944398989647 -0.7367838005669706 -0.7952636985860746 -0.7755109323110875 -0.8010038221747134 -0.7883088503136435 -0.7891721052833429 -0.7376933791708502 -0.7409509696728869 -0.8543382210966164 -0.798599487340152 -1.2770724886422788 -1.2986368025555801 -0.8188125335781449 -1.247081112175374 -1.4266369470860512 -1.8372419680849654 -1.308339948885282 -0.8451063756020865 -1.2222410682970672 -0.8678108873501853 -0.8171886315057916 -0.9967087083871357 -0.7693239248265513 -0.8047780094841039 -0.9218474657697593 -0.7701127446016622 -0.8062304208654895 -0.8499686727159356 -0.8714269435682243 -0.8093551269985663 -0.8343108244146338 -0.7813581416272043 -0.9148189293408889 -0.793842206604577 -0.8427639466832698 -0.7990141019449867 -0.7515741829641153 -0.7654341165360902 -1.1854206996577477 -0.7765359555578876 -0.7693253776048304 -0.7445563472794314 -0.7460955321562331 -0.7680214017336564 -0.7910960589839523 -0.7915245362044374 -0.7933964252080461 -0.8304618703781096 -0.8185086215963718 -2.3460539136883276 -1.302454448636182 -0.9262661863721614 -0.8199215440215554 -0.8098217680210853 -0.8303351255769805 -0.9541693382346699 -0.8258582854894614 -0.8853921339560856 -0.8217301352923955 -0.7999156961425649 -0.7681784223485765 -0.7717165479223628 -0.7782308913050993 -0.741299188374567 -0.7578207882535738 -0.7836364612339924 -1.385771849754594 -0.8664824421198541 -0.828698637018973 -0.8172730347629437 -1.2778879213377654 -0.87905350254123 -0.8819690207389639 -0.8434739676010367 -1.2234433180319422 -0.8270180571292929 -0.8889507014942871 -0.9067855382368443 -1.2799128171687215 -0.7940227028842296 -0.7811760619491098 -0.8020840504226706 -0.7671121005845717 -1.234372619978355
-1.2555310149653967 -0.8020544707689675 -0.8273714554904682 -0.9355858962976097 -0.788843352845958 -1.2768086905285116 -1.2425578631203762 -0.8365817115044573 -0.7368430357674111 -0.727370957478324 -1.3099175041545372 -1.840804673213425 -0.7442605732020617 -0.8752489394148368 -0.8019514674276382 -0.7900198072809124 -0.8002984607729455 -0.8020039211182561 -0.7510813367596002 -0.7715247022300822 -0.7601845685276944 -0.7440035930118566 -0.7356933476438937 -0.7317952553050614 -0.7740907347440805 -0.7623663629850462 -0.7762949503082168 -0.7775645896067956 -0.7626840450236977 -0.7781826119940849 -0.7858733782352105 -0.7948001413883002 -1.2461127855194813 -1.2493049274420347 -1.3275765970358901 -1.3181497265012116 -1.4362918730371013 -2.6103171839972727 -1.9673666385419417 -2.6327926856737043 -1.7956921476497008 -1.824414545455356 -1.8483497248728054 -1.8193625258049686 -1.8926432008755534 -1.8935430570428404 -1.8436445849453211 -0.8057261930539571 -0.792598729885638 -0.7688831367976197 -0.6908764408625528 -0.7311207888928156 -0.7204477951947248 -0.7525961291119011 -0.7265481746878869 -0.7343053618146795 -0.7809366798952156 -0.7936016042408321 -0.8039664184941181 -0.8158213405482823 -0.8120162502248083 -0.8176003511655651 -0.800757720763176 -0.7941327967572742 -0.8206017013579959 -1.3583052342384612 -0.8940406992095282 -0.8895019890775907 -0.9187036284249469 -0.8621634401596137 -1.274795507890643 -0.8158734893595044 -0.7470444038300452 -0.7489269441757429 -0.7229628734950334 -0.7557530968790389 -0.7519059072468748 -0.7831206309266404 -0.7755109323110875 -0.8010038221747134 -0.7883088503136435 -0.7989363026841435 -0.742459888798857 -0.7593768958982147 -0.7935268558269393 -0.7531133544935382 -1.2956950695523277 -1.2986368025555801 -0.8188125335781449 -1.247081112175374 -1.4266369470860512 -1.8372419680849654 -1.308339948885282 -0.8529277912405966 -1.2222410682970672 -0.8609331530619421 -0.8232446426419959 -0.9897728540583517 -0.7693239248265513 -0.8160789683818221 -0.9218474657697593 -0.7701127446016622 -0.8514454916542824 -1.3544366864355417 -0.8714269435682243 -0.8093551269985663 -0.8343108244146338 -0.7813581416272043 -0.9426585789151579 -0.793842206604577 -0.8427639466832698 -0.7925959012420853 -0.756896441442026 -0.7654341165360902 -1.1854206996577477 -0.7765359555578876 -0.7693253776048304 -0.7393409176122862 -0.7460955321562331 -0.7680214017336564 -0.7910960589839523 -0.7915245362044374 -0.7933964252080461 -0.8428179088258377 -0.8293571417419812 -2.3460539136883276 -1.302454448636182 -0.9262661863721614 -0.8199215440215554 -0.8098217680210853 -0.8303351255769805 -0.908348553204428 -0.8258582854894614 -0.9099632604850261 -0.8409018319115259 -0.7999156961425649 -0.7681784223485765 -0.7638578428689132 -0.7782308913050993 -0.7253679738507126 -0.7578207882535738 -0.8202716607410684 -1.3392116025914047 -0.8439249746769941 -0.828698637018973 -0.8172730347629437 -1.2778879213377654 -0.87905350254123 -0.8819690207389639 -0.8510429603828473 -1.2234433180319422 -0.8455452656599215 -0.8506142700578366 -0.8869802535959015 -1.2524347777849922 -0.8014731696467706 -0.7811760619491098 -0.8115640589238442 -0.7671121005845717 -1.2477110481183558
-1.2555310149653967 -0.8020544707689675 -0.8273714554904682 -0.9355858962976097 -0.7794924366515678 -1.2635675812472522 -1.2425578631203762 -0.8312862597938119 -0.7368430357674111 -0.727370957478324 -1.3235954563736225 -1.8316532985268976 -0.7373961664863724 -0.7849469521131468 -0.8207065538326336 -0.7900198072809124 -0.8002984607729455 -0.8100321549965859 -0.7510813367596002 -0.7715247022300822 -0.7667176430459903 -0.7440035930118566 -0.7356933476438937 -0.7496196439749349 -0.7740907347440805 -0.7623663629850462 -0.7762949503082168 -0.7775645896067956 -0.7460510961662074 -0.7781826119940849 -0.7858733782352105 -0.7948001413883002 -1.2461127855194813 -1.2493049274420347 -1.3396299073791322 -1.3181497265012116 -1.4642397858231824 -2.6103171839972727 -2.6388852529975177 -2.6327926856737043 -1.7956921476497008 -1.7950599210662308 -1.8483497248728054 -1.8193625258049686 -1.8926432008755534 -1.8935430570428404 -1.8436445849453211 -0.7956285642304596 -0.792598729885638 -0.7688831367976197 -0.6819650028270103 -0.7311207888928156 -0.7136294751809644 -0.7424966459751724 -0.7188531791399303 -0.7343053618146795 -0.7868011300346224 -0.7936016042408321 -0.8004758674729009 -0.8158213405482823 -0.8120162502248083 -0.8176003511655651 -0.800757720763176 -0.7999027907579352 -0.8206017013579959 -1.3440505339710243 -0.8940406992095282 -0.8451761509991127 -0.9223011831182996 -0.8511698757486945 -1.3059722290689908 -0.8158734893595044 -0.7623849613553592 -0.7770984268011986 -0.7229628734950334 -0.7649120690830027 -0.7745608822530627 -0.78910911508957 -0.7816798008409136 -0.8010038221747134 -0.7883088503136435 -0.7989363026841435 -0.7318227853872827 -0.7461530636297901 -0.8473090150101124 -0.788104269946083 -1.3359195397790682 -1.2986368025555801 -0.8188125335781449 -1.247081112175374 -1.4337451002693486 -1.8372419680849654 -1.308339948885282 -0.8529277912405966 -1.2222410682970672 -0.8696096856318873 -0.8232446426419959 -0.9182114058362141 -0.7693239248265513 -0.7743796892319784 -0.8848330026003504 -0.7829303756111834 -0.8514454916542824 -1.3544366864355417 -0.8714269435682243 -0.8093551269985663 -0.8343108244146338 -0.7813581416272043 -1.1828417460039413 -0.793842206604577 -0.8337852842084086 -0.7839301467050649 -0.756896441442026 -0.7705821431662387 -1.2094896657338259 -0.7765359555578876 -0.7605149404827952 -0.7389201645541656 -0.7460955321562331 -0.7680214017336564 -0.7910960589839523 -0.7976903243931364 -0.8033581273151189 -0.8428179088258377 -0.8293571417419812 -2.3741779021797864 -1.302454448636182 -0.9262661863721614 -0.8253534277352137 -0.8098217680210853 -0.8303351255769805 -0.944511220598795 -0.8386040057068144 -0.9193635179919628 -0.8409018319115259 -0.7999156961425649 -0.7681784223485765 -0.7638578428689132 -0.7258254061201044 -0.741299188374567 -0.7578207882535738 -0.8202716607410684 -1.2798799303039263 -0.8439249746769941 -0.8358522490893376 -0.8280789261859355 -1.2778879213377654 -0.87905350254123 -0.8819690207389639 -0.8510429603828473 -1.2234433180319422 -0.87053702179348 -0.8729551244050847 -0.8977798222730462 -1.2524347777849922 -0.8014731696467706 -0.7811760619491098 -0.7951087123460604 -0.7671121005845717 -1.2477110481183558
-1.2555310149653967 -1.2618211645413584 -0.8273714554904682 -0.9355858962976097 -0.8170104523432328 -1.2635675812472522 -1.2371157127739472 -0.8312862597938119 -0.7322528576868558 -0.7373854471148751 -0.774984022816426 -1.256036762368939 -0.7373961664863724 -0.7849469521131468 -0.7714249400793172 -0.7822482634191371 -0.8002984607729455 -0.8100321549965859 -0.7718041969178131 -0.7624032913540588 -0.7912573608805249 -0.7684741031053537 -0.7356933476438937 -0.7496196439749349 -0.7740907347440805 -0.7623663629850462 -0.7762949503082168 -0.7775645896067956 -0.7506865549339371 -0.7781826119940849 -0.7858733782352105 -0.7810889100007528 -1.2461127855194813 -1.2353951922508708 -1.3501760988152203 -1.3181497265012116 -1.4642397858231824 -3.3080973656623764 -2.6388852529975177 -2.6327926856737043 -1.7956921476497008 -1.7902455892294882 -1.8483497248728054 -1.8193625258049686 -1.8999959461529534 -1.8935430570428404 -1.8482904634714252 -0.7956285642304596 -0.7873491817110257 -0.7638248991186412 -0.6908764408625528 -0.7151581027986632 -0.7088369258598565 -0.7525961291119011 -0.7294742714855149 -0.7384842612021361 -0.7868011300346224 -0.7877321265733637 -0.8004758674729009 -0.8158213405482823 -0.8120162502248083 -0.8176003511655651 -0.7784532466348257 -0.7999027907579352 -0.8457755488267545 -1.3840688144195843 -1.3451596265298316 -1.8642611250677152 -0.9678298843418671 -0.9016006680697478 -1.3059722290689908 -0.8376104894772997 -0.7698530278173129 -0.7922797201172365 -0.7295382705713486 -0.742411478500978 -0.7834710690111037 -0.78910911508957 -0.7816798008409136 -0.8010038221747134 -0.7883088503136435 -0.8041129412881654 -0.7309026233330277 -0.7991319393765485 -0.8830845295604858 -0.7752167253361402 -1.315771506857503 -1.2986368025555801 -0.8188125335781449 -1.247081112175374 -1.4524845212433006 -1.8372419680849654 -1.308339948885282 -0.8451063756020865 -1.23520887789684 -0.8696096856318873 -0.7981986499267916 -0.8304296737269198 -0.7693239248265513 -0.7743796892319784 -0.8848330026003504 -0.81105321101341 -0.8514454916542824 -1.3544366864355417 -0.8714269435682243 -0.8093551269985663 -0.8343108244146338 -0.7673810400170296 -1.16604832748734 -0.793842206604577 -0.8236494497672462 -0.7765826125897962 -0.756896441442026 -0.76561398093083 -1.2094896657338259 -0.7898182275697965 -0.7469677510568683 -0.7485111353339231 -0.7622553814003923 -0.7680214017336564 -0.7910960589839523 -0.7958302390309129 -0.8033581273151189 -0.8428179088258377 -0.8293571417419812 -2.3741779021797864 -1.302454448636182 -0.9262661863721614 -0.8253534277352137 -0.8098217680210853 -0.8384179605559955 -0.8408735923997341 -0.8386040057068144 -0.9193635179919628 -0.8409018319115259 -0.7999156961425649 -0.7536281425818007 -0.7638578428689132 -0.7260458124378746 -0.7413006167078489 -0.7478921942864487 -0.8491352370298648 -1.4023278373033596 -1.344491042679161 -0.8358522490893376 -0.8280789261859355 -1.2778879213377654 -0.87905350254123 -0.8819690207389639 -0.8510429603828473 -1.2234433180319422 -0.8455452656599215 -0.8729551244050847 -0.8977798222730462 -1.2524347777849922 -0.8014731696467706 -0.7811760619491098 -0.7783908229658394 -0.7671121005845717 -1.2477110481183558
-1.2941799424396676 -1.8261105305722767 -0.8272703259188141 -0.9076563471088525 -0.8046992666621754 -0.7903288206810036 -0.7721376329301619 -0.7691441036956735 -0.7658601287900983 -0.7398355867362465 -0.7667147934941014 -0.7588831177350912 -0.7341667402833668 -0.8431379583819251 -0.7670713232637225 -0.7765854711964173 -0.7723889994431435 -0.7629396446410072 -0.7761568817795907 -0.770495249481482 -0.7822163202883978 -0.7535544478309669 -0.7627155689505295 -0.7392209875007291 -0.757352216477393 -0.770470560163275 -0.7822853613262349 -0.7838694934495729 -0.790472022966999 -0.784225448645539 -0.7901542750827613 -0.7989560914163089 -0.8112474193858918 -1.246534060018821 -1.2949997343123356 -1.2615802547011805 -1.5042335977820294 -3.3092076897320797 -2.6437197418377103 -2.6327926856737043 -1.7554339264178451 -1.7822444210689667 -1.8534631446209093 -1.8193625258049686 -1.9046648489288767 -1.8884563610964236 -1.8761390347442375 -0.8002646758715911 -0.7542795329413653 -0.7405412629416407 -0.697366673078245 -0.7025519098209567 -0.7050649578023382 -0.7329492569253251 -0.711848793835543 -0.7283194891594317 -0.7634342416475468 -0.7772659405767027 -0.782782069412254 -0.8158213405482823 -0.8066130054852019 -0.8071519860662493 -0.7849314745654362 -0.7825109580873364 -0.8473528245333863 -1.97194789297004 -1.3030474981230784 -2.4396668950265052 -0.9218249750867656 -1.262863700091011 -1.2294471841231474 -1.2473443802564828 -0.7743786887825732 -0.7727843208018093 -0.7706971641512484 -0.7616090835585633 -0.7531344415452105 -0.7834986953183404 -0.7863933694521618 -0.7754812264569362 -0.7604227949203275 -0.7680253956100311 -0.7387414887477298 -0.7869281139951125 -1.4177220114002713 -1.2357332800656573 -1.35114214884492 -1.2841684055720155 -0.7990309900320881 -0.8225144464984747 -0.9228550565866721 -1.777286673446812 -0.8386277637831495 -0.8451063756020865 -1.2982596691798165 -0.8186335303568629 -0.8014322991205347 -0.8278593100616602 -0.7944419541827297 -0.8014281174742777 -0.8885392657907839 -0.8281352230228064 -0.8205348758200548 -1.3163770320829182 -0.8592264592550266 -0.816306801852189 -0.8291455707126854 -0.761759304103749 -1.1571596417318843 -0.7643098473847627 -0.7953260888546652 -0.7635433888822505 -0.729047867041167 -0.7624142582925164 -0.7824389373197768 -0.736264260262042 -0.718394485021029 -0.7377411483167576 -0.772655524315039 -0.7440247784475944 -0.7965883607304539 -0.7899064836495101 -0.8033581273151189 -0.8598177355909096 -0.8156087265290514 -1.7593901570430186 -1.2975651881221593 -0.8963963483178363 -0.7993368584372386 -0.7849319844048086 -0.8278973702669794 -0.8278102294216164 -0.8088435352806206 -0.856535440506855 -0.7952242437447576 -0.7795810007880293 -0.7669616596044598 -0.779811806656149 -0.7493421957259445 -0.7447852741346476 -0.8135901265051124 -1.3244633025600019 -1.3416675711032233 -1.3152127297007008 -0.8248170373551543 -0.8145278171587571 -0.8289119904714852 -0.83883997470187 -0.8265580271505945 -0.8419498617667696 -1.2281598352471899 -0.8525979663877606 -1.3312538200792337 -0.8463579462510822 -1.1961500514018697 -0.7724150615498312 -0.7333381545535433 -0.7751024349420021 -0.7567897846842082 -0.7852208157239726
-1.2846830232511852 -1.8404146229753615 -0.8273714554904682 -0.9355858962976097 -0.8046992666621754 -0.7989278667370164 -0.7782391299641577 -0.7728453194660451 -0.7745704842236627 -0.7969481223659701 -0.733143733947607 -0.7321018757777868 -0.7313770127983379 -0.7610147762436954 -0.746771419816195 -0.7795331516933541 -0.7687566000932821 -0.761779787793994 -0.7657215827752338 -0.7724402308171702 -0.7822163202883978 -0.7707072036026987 -0.7665808444024851 -0.7563225399599678 -0.7661202976135517 -0.770470560163275 -0.786966329501168 -0.7838694934495729 -0.790472022966999 -0.7732019421891824 -0.7901542750827613 -0.7920722188099686 -0.8112474193858918 -1.2353951922508708 -1.2949997343123356 -1.3543552150005107 -2.1061932563478716 -4.0118629900138245 -3.3191211144931367 -2.6327926856737043 -1.7839749265517775 -1.8020989293305427 -1.829655195586743 -1.805431880143819 -1.9046648489288767 -1.8884563610964236 -1.8759785016594468 -0.7928954868034139 -0.7615862422369684 -0.753672451634203 -0.6994750618742223 -0.7033336631804319 -0.7140515923031614 -0.7361227917025642 -0.7253180036061483 -0.7387190497507485 -0.7618753918964847 -0.7968052313805126 -0.7883795595151806 -0.8041791505825537 -0.7932833081927201 -0.7969160178678222 -0.7775707626944944 -0.7825109580873364 -0.9311961802879117 -1.9186754339038494 -1.874524925814263 -2.4175154275906903 -0.9348620708524954 -1.8781103126219032 -1.8646775252718422 -1.3044754791857398 -0.7860218361332256 -0.8140455399145304 -1.2520819287269793 -0.776087185454244 -0.7750168918777728 -1.2254765248845032 -0.761614952089113 -0.7699538481820601 -0.7588880023030956 -0.7604456948571827 -0.7318190815099833 -0.7466906676875504 -1.3643384465247483 -1.6874868955709055 -1.305562464133674 -1.2868758939048075 -0.7851443722106669 -0.8225144464984747 -0.9228550565866721 -1.7870596538468133 -0.8386277637831495 -0.8566372761115766 -0.818069155242413 -0.8059342662821202 -0.7790745734041399 -0.8026234934471578 -0.7524401019123197 -0.7761691130836428 -0.831176207344825 -0.8099925612182843 -0.9231156935459057 -1.3075647763265048 -0.8819256896100576 -0.816306801852189 -0.8303734053060008 -0.7690720186456718 -1.16604832748734 -0.7701441130206873 -0.7953260888546652 -0.8053068913967178 -0.7364496454935967 -0.7506397610011897 -0.7838114403768 -0.7192528654287075 -0.735558916000279 -0.7742233631846867 -0.7638511704527633 -0.7711533480505884 -0.7965883607304539 -0.7738746752359924 -0.7816990054931925 -0.8591652386082999 -0.8342071215912925 -1.7467630043608877 -1.2889737705908253 -0.8623233961125472 -0.7993368584372386 -0.7938336394195873 -0.800127994144693 -0.8398039963489042 -0.8240279637321571 -0.8666783686289952 -0.8002169892279204 -0.8011996577784142 -0.7450791775335602 -0.7617647956108211 -0.7263927856619851 -0.7945182171806647 -1.2996033512368863 -1.9162149045129089 -1.4023278373033596 -1.4088645118668184 -0.8248170373551543 -0.8145278171587571 -0.8289119904714852 -0.8381795045132793 -0.8215301495598324 -0.8510429603828473 -1.218432799207839 -0.8986681178889272 -1.3107647382204528 -0.8667309803501391 -1.2481129913854896 -1.3184693361096709 -1.7962904110716966 -1.2436606266575077 -0.7976073705452135 -0.7968140969812509
-1.2846830232511852 -1.8261105305722767 -0.820052523830236 -0.9355858962976097 -0.829453274451744 -0.803729232075156 -0.7728973705243305 -0.7693282737350574 -0.7827254214663106 -0.8031575331118035 -0.7184405106990805 -0.7206817355073382 -0.7339672204958453 -0.7556250254810094 -0.7710952633679016 -0.7795331516933541 -0.7687566000932821 -0.761779787793994 -0.7657215827752338 -0.7782256221680648 -0.7621514860450074 -0.7647908539160508 -0.7616549989206994 -0.7642188601230139 -0.7661202976135517 -0.7812458400323973 -0.786966329501168 -0.7838760753462181 -0.790472022966999 -0.7732019421891824 -0.7901542750827613 -0.7989560914163089 -0.8112474193858918 -1.2353951922508708 -1.2949997343123356 -1.3543552150005107 -2.058829543832299 -4.0118629900138245 -3.3191211144931367 -2.6327926856737043 -1.789808491506212 -1.7671592546157746 -1.8347506230560577 -1.810170034222518 -1.9046648489288767 -1.8884563610964236 -1.8326539135615736 -0.8034530246532963 -0.7615862422369684 -0.7465693999274183 -0.7013611878791406 -0.7327287037202053 -0.7294820430467154 -0.7478601435658707 -0.7385028759286033 -0.7537411335173855 -0.7618753918964847 -0.7846051046223688 -0.7779154424297516 -0.7700190857262226 -0.7863979804270671 -0.7891154168970138 -0.7849314745654362 -0.7751713399535027 -0.9311961802879117 -1.9273602573597013 -1.874524925814263 -2.4175154275906903 -1.35849284617698 -1.8781103126219032 -1.9977253709586105 -1.8866650674605787 -1.2496859057450564 -0.8140455399145304 -1.2148051872194796 -0.8343725512418421 -0.7677014108140304 -1.205859225898709 -0.7772991281578511 -0.7657827248671946 -0.7765422602020222 -0.7773560763172707 -0.7440267201589934 -0.7243389003057564 -1.3502634028336187 -1.7951141582582113 -1.3370861509656118 -1.2868758939048075 -0.7851443722106669 -0.8225144464984747 -0.783241010021618 -1.2150818382869828 -0.8386277637831495 -0.8566372761115766 -0.8546016445118106 -0.8059342662821202 -0.7790745734041399 -0.8115863142189539 -0.7540125815318027 -0.76112534020526 -0.8359407194509842 -0.8213030302535643 -0.8832594490059534 -1.3075647763265048 -0.87447229772819 -0.816306801852189 -0.8069872003614983 -0.7690720186456718 -1.16604832748734 -0.7748205849440905 -0.804297734341292 -1.2662653054662705 -0.7288255089763611 -0.7449364940685577 -0.7696387571208166 -0.7192528654287075 -0.7720434472256252 -0.7620251420169877 -0.7717306987805662 -0.7711533480505884 -0.7965883607304539 -0.7689526793497586 -0.7816990054931925 -0.8591652386082999 -0.8342071215912925 -1.7467630043608877 -1.2975651881221593 -0.8831604984105605 -0.8072698382890283 -0.7938336394195873 -0.8286217652185924 -0.8398039963489042 -0.8240279637321571 -0.8666783686289952 -0.7921470424315623 -0.8110870319884821 -0.7621266885113067 -0.7604643375538851 -0.750129528757117 -0.8242051697292401 -1.2996033512368863 -1.9162149045129089 -1.4023278373033596 -1.388343486301963 -0.8248170373551543 -0.8280789261859355 -0.8130671056668324 -0.8381795045132793 -0.8134513729709291 -0.8419498617667696 -1.2067883748550468 -0.8919779663819434 -1.8531804886827843 -0.8667309803501391 -1.2481129913854896 -0.846045440731949 -1.8514905300585758 -0.8407097046579912 -0.7976073705452135 -0.7968140969812509
-1.2555310149653967 -1.8261105305722767 -0.820052523830236 -0.9355858962976097 -0.829453274451744 -0.803729232075156 -0.7728973705243305 -0.7693282737350574 -0.7533079674223713 -0.8073561548663991 -0.7154901561101326 -0.7125236271874307 -0.7287912837650617 -0.7468031757725299 -0.7842779518359148 -0.7901235463888486 -0.7773747977509943 -0.761779787793994 -0.7657215827752338 -0.7782256221680648 -0.7648901360967264 -0.7647908539160508 -0.7616281001007527 -0.7642188601230139 -0.7661202976135517 -0.7812458400323973 -0.786966329501168 -0.7838760753462181 -0.790472022966999 -0.7660251890185311 -0.7718498958553971 -0.7989560914163089 -0.8112474193858918 -1.2353951922508708 -1.2949997343123356 -1.3543552150005107 -2.058829543832299 -4.0118629900138245 -3.3191211144931367 -2.6327926856737043 -1.789808491506212 -1.7671592546157746 -1.8347506230560577 -1.810170034222518 -1.9046648489288767 -1.8884563610964236 -1.8326539135615736 -0.8108859476023612 -0.7543002550782026 -0.7460364178242594 -0.7411813911384482 -0.7563622527197067 -0.7294820430467154 -0.7485877304486135 -0.7385028759286033 -0.7537411335173855 -0.7618753918964847 -0.7776162385568423 -0.7779154424297516 -0.8042372053253573 -0.7590166448813983 -0.7891154168970138 -0.7844303216281405 -0.7751713399535027 -0.9071332829034622 -1.9273602573597013 -1.874524925814263 -2.4175154275906903 -1.35849284617698 -1.8781103126219032 -1.4101523192126222 -1.3113179486215976 -2.454109619757797 -1.2774651985290146 -1.271528878535206 -1.337782813441988 -0.8427813914621817 -1.205859225898709 -0.8071556353775146 -0.7546607889523733 -0.7588880023030956 -0.8106676851404432 -0.7485508954307897 -0.715874980482841 -1.3502634028336187 -1.7951141582582113 -1.3453260923365264 -1.2574977251964907 -0.7851443722106669 -0.8225144464984747 -0.9368299410527975 -1.777286673446812 -0.8386277637831495 -0.8378270590915841 -0.8546016445118106 -0.7885978547887166 -0.7867946607567765 -0.7611516734694256 -0.7171841255559701 -0.7521704869758211 -0.777263991822126 -0.8515142611623885 -0.9231156935459057 -1.3148435149434048 -0.8640293288327995 -0.7872323886291513 -1.2024229142792913 -0.7596857228646027 -1.16604832748734 -0.7748205849440905 -0.804297734341292 -1.2662653054662705 -0.7288255089763611 -0.7364252268351023 -0.7628183464272503 -0.7256992804813024 -0.7598384238717117 -0.7913559442549172 -0.746710015106319 -0.7530532588183345 -0.7965883607304539 -0.7689526793497586 -0.8033581273151189 -0.8502001086843993 -0.8267341808971609 -1.7467630043608877 -1.2975651881221593 -1.340635479810117 -0.8072698382890283 -0.7849319844048086 -0.8224802660959645 -0.8134616419965252 -0.8176549623893842 -0.8666783686289952 -0.7921470424315623 -0.7755225834380188 -0.7729520793295276 -0.7822256770139592 -0.7341965971103748 -0.8242051697292401 -1.8704874374712317 -1.9162149045129089 -1.385771849754594 -1.388343486301963 -0.8248170373551543 -0.8194283626388262 -0.8130671056668324 -0.8381795045132793 -0.8134513729709291 -0.8350658606390031 -1.2067883748550468 -0.8461251073947985 -1.8531804886827843 -1.3453743838993188 -1.789576335159549 -1.8973167968087818 -1.8514905300585758 -1.3912009040931737 -0.7976073705452135 -0.8163037531405458
-1.2440908437626677 -1.8261105305722767 -0.7923380041300817 -0.9097995415368104 -0.829453274451744 -0.8034505132830498 -0.7668026354164253 -0.7819110026685122 -0.7602377397158999 -1.275954364287268 -0.8387775731170446 -1.3094498393214784 -1.2554118434388446 -0.7600564035739017 -0.8343411740730855 -0.7649128555027419 -0.7994865789375754 -0.7352075507524204 -0.7925802915164106 -0.8635608341835219 -0.8327702508993132 -0.7768360825445305 -0.7753859329935074 -0.7441702663446119 -0.7528970985287928 -0.777649442921669 -0.7808850671884773 -0.7952291493739948 -0.7816509030066786 -0.7439226896567863 -0.7718498958553971 -0.7797623925882677 -0.7889841618349097 -1.2197428931208134 -1.299720539207078 -1.4080703047438987 -1.4467246918979693 -3.734063695025807 -2.5995157872613173 -2.560554717824659 -1.2098033436480256 -1.178217004313335 -1.2687655096139203 -1.2638790416037795 -1.3289496132474858 -1.2959640597518884 -1.2740362775216303 -0.802875049942747 -0.8249306321719582 -0.8179223833750819 -0.8582019963236809 -0.835816664430604 -0.7221368021527805 -0.7618169176536567 -0.7280598793211647 -0.7276076785979331 -0.7434873656846644 -0.7604259885624159 -0.7828539771256169 -0.7873999882153413 -0.7816926536406559 -0.7891154168970138 -0.7694245201872478 -0.7989884615554682 -0.8693742769298803 -1.2818736869067286 -0.8658337422075062 -1.23300795191772 -0.9238098840094121 -1.357027128761518 -1.3526779939215823 -1.297315634463786 -1.8361259166659343 -1.2552526963709603 -1.2684585454234425 -1.2760422019991162 -0.8898175594238922 -0.7710383987266803 -0.7828595344472731 -0.7293882053315882 -0.7981896558679886 -0.8707470051279345 -0.8026905306825509 -1.7304776611168184 -1.2282502569770544 -1.8223434354558803 -0.8182870102537336 -0.7632150868047728 -0.792410262231237 -0.7913602849862063 -1.1672915599175375 -1.777286673446812 -0.803810920943072 -0.8024042421228671 -1.731068785977298 -0.7988517614818614 -0.8013745717942821 -0.8738363207745641 -1.1453125808893574 -0.8415969089768859 -0.8408072529061342 -0.8387139728322683 -0.8764580273258598 -0.8352397521249884 -1.2944425439481528 -0.8076091936891233 -1.2070158656131484 -0.7775783855192477 -1.1702046529382502 -0.7744200350923266 -0.8204891231617829 -1.2861223375297286 -0.7753491582496485 -0.77999636424111 -0.8862126131404902 -1.312768182898304 -1.2509021395774265 -0.7546869789550615 -0.7543406808420265 -0.747650362085773 -0.774300796356291 -0.7897581901514502 -0.7845465318393962 -0.8237348143926982 -0.848829563273565 -1.6476771229213132 -1.2478980043124588 -0.8062208051765312 -0.7652001673208018 -0.8053351805033634 -0.7940363904701876 -1.1544377411521003 -0.7727891516152717 -0.8076674410440626 -0.7810892137862845 -0.7934249752737552 -0.7714254613303793 -1.2297332226501658 -1.7526393480199738 -0.9005450287227159 -1.290159426794678 -1.2253166428009283 -0.8650127327840711 -0.8592709875929045 -0.7971860067373493 -0.7967579752493757 -0.810616014113334 -0.8015840926182437 -0.790799563965532 -0.8246274012611579 -1.187376064148043 -0.8071318870288257 -1.2920734921113766 -1.3382048811522107 -2.507773409685836 -1.3264752727987594 -1.241593673803232 -1.3292469144164345 -0.8079290923013325 -0.7924966936363733
-1.2555027351268784 -1.7907821894450633 -0.7751108352412911 -0.882347600254378 -0.829453274451744 -0.7943990708549246 -0.7650396810019912 -0.7775232426259026 -0.7302564045433717 -1.3181725731787737 -0.895618002785723 -1.353061229836069 -1.8762922517476093 -0.8749718611677588 -0.8750375689538962 -0.9099289559997531 -0.7521580900261993 -0.7288428008384839 -0.7988201107127202 -0.8572047334548343 -0.8197761743498657 -0.7908233897017648 -0.7568024256168976 -0.764356889850495 -0.7419662155379559 -0.7604084057477705 -0.7564191372359831 -0.7697670514168222 -0.7685707367638552 -0.7215919888049415 -0.7375199430087488 -0.7547915797410855 -0.7648470776378283 -1.2308101336222605 -1.287082416184387 -1.3642669098801097 -0.9805112363384476 -3.0680443181299255 -1.9741421423025258 -1.9153688373976874 -1.2176140874663859 -1.2207175890991337 -1.2602277837060996 -1.2888163314822838 -1.3285699026995483 -1.2374808839052276 -1.2510371574510297 -0.7901759843383989 -0.8022800265699714 -0.829863729232423 -0.8975596171813542 -0.8845235599146897 -0.7340482186439039 -0.7587909515915043 -0.7338567902785708 -0.736491177076245 -0.7186629758457501 -0.753391277461101 -0.749164368661597 -0.7658341225148513 -0.7762379004086192 -0.7716166163418917 -0.7634100905697999 -0.7682027401562355 -0.8509226300786029 -1.2846048225325728 -0.8253538642846272 -1.2131096106579742 -0.9203012881027705 -1.2388878621338781 -1.3246736328468816 -1.2336856210992433 -1.778163432299234 -1.3297994006117106 -1.2031874684594963 -1.2766427132898208 -0.9062667400317752 -0.813662697878095 -0.791920002362485 -0.7295780896901587 -0.8053041562287155 -0.8245629613423039 -0.8266545676130665 -2.4186512596550696 -1.8378602276831402 -1.331007920117205 -0.8901862986412176 -1.2090160394789597 -0.7803540512505907 -0.7913602849862063 -1.1672915599175375 -1.777286673446812 -0.7756611825662401 -0.8094841073013531 -1.731068785977298 -0.7793117941719366 -0.7856340514078233 -0.8810472632282279 -1.7876239327840968 -0.8838926325255675 -1.3218595736182717 -0.8994658100063639 -0.8721021017480687 -0.8435361349503989 -1.2332015549607753 -0.7543486415937184 -1.194416354550969 -0.7500550443884522 -1.1612992050893376 -0.7592194831649612 -0.793522979199044 -1.2031640589665238 -0.7614434031875754 -0.7835945141630613 -0.7647984026145023 -1.3018281045481723 -1.2131714996989456 -0.7435142770216663 -0.7575446770559868 -0.7244211142346462 -0.7567619370329233 -0.7630443405109316 -0.7426000885846527 -0.79582495530607 -0.8487049160775547 -1.6804929158280173 -1.2478980043124588 -0.8062208051765312 -0.7782595865860645 -0.791918470351487 -0.7933626027774888 -1.1508453526224127 -0.7642986711824213 -0.7897626864936858 -0.7568995838936161 -0.7740205819089991 -0.756879383912928 -1.265672844355566 -1.7967910690545177 -0.931043175257203 -1.2735491169214448 -1.2381455531431893 -0.8279071948714645 -1.3156998265910915 -0.7727870174553947 -0.7862202350831317 -0.7624478529535431 -0.7536045982353601 -0.8036686148117349 -0.8172099310136405 -1.187376064148043 -0.7859908314042616 -1.3547582947686252 -1.2979363755180435 -1.88321533966625 -0.813617982194494 -1.1085822322742946 -0.8435526205578842 -0.7957632071646863 -0.734205999904847
-0.8082557798730846 -1.2519172854220797 -0.7797986941443513 -0.8971340813911174 -0.7858834105544 -0.7588854379576556 -0.7436762567554611 -0.7314372149130723 -0.769893019814095 -1.353706861662869 -1.4659636979848718 -2.020407778849876 -2.5597887019616032 -1.409223646844362 -1.9541137696426427 -0.9398822631770664 -0.7424015631977604 -0.7403722861882768 -0.7674816623895644 -0.8696409864114627 -0.8164857648440207 -0.8002320784618207 -0.8162055041471068 -0.7355988038871969 -0.7443612756973779 -0.755930217747612 -0.7421463137846137 -0.7555511284361397 -0.796336094861943 -0.7553349285673896 -0.7618291253218401 -0.7566543346836144 -0.7299830740856713 -0.7429195676214376 -0.7634886814549208 -0.8509501079833754 -0.9031354638229295 -2.3517901793125877 -1.3359997795048775 -1.2765465284506465 -0.7441413803022816 -0.7579672447428387 -0.7585010554390116 -0.7882688590789878 -0.8163290619102792 -1.2374808839052276 -1.232906001669197 -0.7675735741548049 -1.277762954660873 -1.360521243250533 -0.9211498102079575 -1.443161719372955 -1.7547327924946217 -1.723466745147189 -0.7868125553241105 -0.8208659700215274 -0.7438639818782133 -0.7385023959010438 -0.7385891991864167 -0.753274872556841 -0.7744173497978567 -0.7635369720995443 -0.749805660373229 -0.7619457271521716 -0.7711908402584191 -0.7801498845699253 -0.7931157410333385 -0.777094733338385 -0.9305227533174196 -0.8313325340425314 -0.7997823569836348 -0.7973374303772149 -1.3080092036960782 -1.3349584376070396 -0.8245361538473486 -1.8333286845404133 -1.3848182298964071 -1.2193778542352718 -0.7406662992473122 -0.7438817601171104 -1.3109352109436059 -0.8041068595881513 -1.3001586984485807 -2.4897108540420354 -1.8560109470684993 -1.3810155986397668 -0.8622591120304928 -1.2181833660209114 -0.7597995097276573 -0.7523018314586495 -1.1303642018935518 -1.75967979804107 -0.7756611825662401 -0.7905329425728131 -1.7466172458702909 -0.7758076078802055 -0.8169469245033361 -0.9770515416436539 -1.8035857259534995 -0.9469375862282593 -1.433540378181949 -0.908873968681329 -0.8379937204921802 -0.7647359076894524 -1.2438453649981387 -0.7552439276119617 -0.7440530685327964 -0.7545426962040256 -0.7264830807222235 -0.7491005669332657 -0.7798989011602798 -0.7706710973857671 -1.2216970992850826 -0.7512953699455929 -0.8590787124521425 -1.9126401058428586 -1.2785348588006284 -0.7915860167342228 -0.7737419943108026 -0.7419243120794324 -0.7633363454112583 -0.757877782531283 -0.7345163091170436 -0.7362574794126638 -0.7919285671836469 -1.738338125425131 -0.7781804544073326 -0.8062208051765312 -0.7793923407939297 -0.7484039849934384 -0.7083480876604029 -1.1769404924777729 -0.7509018663414367 -0.8162178004941048 -0.7845060710489826 -0.7949204050303696 -0.751985288156627 -1.2542003060372946 -2.4054298968677323 -0.8784042913349622 -0.8550436336357847 -1.2354577334474766 -0.7596263452806802 -1.23968525481894 -0.715009609545117 -0.7390658509480752 -0.7683877266721881 -0.7503616419760952 -0.7678621926340616 -0.7951101681932979 -0.735378150858974 -0.7782903944614797 -0.792537656013118 -1.2276238227733742 -1.2524197780532504 -0.8009390015048617 -0.7359142947713457 -0.8154559240639856 -0.7967654968783345 -0.7539384987306944
-1.259517428973502 -1.2822702211692587 -1.2705859373792237 -1.1956772312036683 -0.8036204890055657 -1.1815226560407668 -0.7594170373218048 -0.7456486868550448 -0.8108593741940147 -1.27608955917641 -1.354964075184082 -1.2992034076652834 -1.3253903905892674 -1.404322611529175 -1.3007356404570238 -0.9403086423529936 -0.8279736797460733 -1.2373728770966506 -1.185007625834538 -1.2837991209140989 -1.2628441197602385 -1.2224598956517578 -1.236771632790208 -0.8424754197966012 -0.8106273788250924 -0.7799984099600829 -0.7616747932525322 -0.7499695332476207 -0.767868292789026 -0.7682536183308057 -0.7678329162362818 -0.7654878434809067 -0.7609884368050577 -1.259314522092007 -1.2382887776153084 -1.2915078796655155 -1.2955829071207399 -0.8942285515955151 -1.949419012047911 -1.3334308650712485 -1.2016556592671848 -1.2377718949968828 -1.2005294012661842 -1.2301777831641627 -1.2315631565875687 -1.227298432881327 -1.2221151452231058 -0.7690207251980926 -1.1518846532232145 -0.7889658712222941 -1.2570334893069282 -1.3957119307766888 -1.7208872668555522 -1.7285769253196315 -0.790338453350353 -0.8585796846500984 -0.7677967893771621 -0.7555617037874913 -0.6928313195575164 -0.7399577519506136 -0.7362950895389881 -0.7359224318724626 -0.7367529605780266 -0.7398920889910376 -0.8190890313140768 -1.3232528242224895 -1.2188225558751393 -1.3222481410203344 -1.2794880117819085 -1.3229653535219472 -0.8610238553522773 -1.24404583889912 -2.4252246121568057 -1.342516431173494 -1.3073807636479604 -1.8999851901500413 -1.3053816873991129 -1.7226830184037747 -1.2625414018281986 -1.291081532410016 -1.2529906517113352 -1.235539473314645 -1.2449994865992302 -1.2436412180886482 -1.9999538677873232 -1.3709984962681325 -1.399623734016989 -1.8474037204601883 -0.7193037132157789 -0.7587804759512422 -0.7695359926057748 -0.774639341410431 -0.7767538151015969 -0.7808938638139793 -0.7852359428950746 -0.745132068485661 -0.8021822863459285 -0.8450020435703882 -1.2434911864219187 -0.8583396778826463 -1.3844818670919439 -0.9223301766105002 -0.8802054107250697 -1.255043089561691 -0.7349136439450816 -0.7523822465852735 -0.7050696419791538 -0.7298075121420473 -0.7622406883467785 -1.249958541592744 -0.8281205672421923 -0.7971564963089918 -1.2361415204401576 -1.8110270832642479 -0.8454296949905673 -1.283533331817316 -1.8787179002913366 -1.2722710891223656 -0.8318531641561909 -0.759431171543774 -0.7740793969756475 -0.7525023318030004 -0.7596961766534367 -0.7498934992340253 -1.2126044002360192 -1.263128617639271 -1.3264872635930423 -1.7804938371670316 -0.7552944041653621 -0.7417173387362614 -0.7311984628290693 -0.8011248656835877 -0.7686281068234495 -0.8366161552187631 -0.7966798096626883 -0.7826873692110816 -0.8125569551804586 -0.84515203736416 -1.198268654390609 -0.9038521643133534 -1.3398019947145101 -1.8677537667844675 -1.2638071256995818 -1.871435853163803 -0.7387654963415848 -0.7720198376176827 -0.795442417494731 -0.7840488163022793 -0.7475899197311942 -0.7959435871273222 -0.8423419106276248 -0.8132070913202117 -1.2088135327502927 -1.7035073480749645 -1.7303585153754735 -1.2198100766037532 -1.215595109737785 -0.8684957675206733 -1.2650022816547246 -1.1967267500292795
-0.7810400843044508 -1.2655015559962222 -0.802973168428409 -1.1369217665030205 -0.7858834105544 -1.1968787002406283 -0.7576445237500782 -0.7380518038766698 -0.8202315315987978 -1.8581806497873923 -1.492825634167329 -2.020407778849876 -1.916878607431118 -1.385899341436221 -1.362548404380214 -0.9070071472619232 -1.2277772363739725 -1.7790536986386716 -1.7932230578864925 -1.8781265917628767 -1.273177100424144 -1.2750050556119248 -1.2484622075846301 -0.8175988451545474 -0.7627416015427633 -0.755930217747612 -0.7528819904317378 -0.782684919310099 -0.7921189372926496 -0.7467500362761307 -0.7668474251517935 -0.756177180830922 -0.7682628736349897 -1.1847689234129093 -1.1892390536459225 -0.8405796008249141 -0.8009545496513661 -1.1868280407337244 -1.219724302612739 -1.2186803132607822 -0.7441413803022816 -0.7528441838063633 -0.7584491016463084 -0.7632188493922424 -0.767432836627347 -0.7298677828573376 -0.749265106061738 -0.7411377500864199 -1.2421862717454217 -0.851808401044146 -1.4054387796301973 -1.4020870188347219 -2.312159392087145 -1.723466745147189 -0.7644034724752234 -1.276294574894114 -0.737861246231004 -0.7385023959010438 -0.7301357255915 -0.7313553624084419 -0.7578419183708324 -1.1856258479202235 -0.742838057979172 -0.7619457271521716 -0.7837246798171615 -0.8345894138732837 -0.8041430509251365 -0.8632030163495756 -0.9237014554126804 -1.3370403201341439 -0.8833085082611232 -0.8390418613703958 -1.8902822409962945 -1.354600062877888 -1.2977736296243718 -2.468869765057206 -1.3466973876365422 -1.1750178687704387 -0.8095057472962635 -0.7724912806633729 -1.8622699756305798 -1.365798730071292 -1.2843889493645018 -2.501573644308332 -1.8560109470684993 -1.3810155986397668 -0.8765557671623703 -1.2191700704531476 -0.720896075817402 -0.7380064579507754 -1.1475198801445918 -1.7490583346504436 -0.7601830203305692 -0.7484617258016905 -1.7466172458702909 -0.7814925495592527 -0.8169469245033361 -0.9572776442176806 -1.7733442748197366 -0.9554192297202017 -1.401958826028601 -0.9153594189300572 -0.8198427070356884 -0.7957035055106145 -1.2041707645514004 -0.760492960442848 -0.7052155647335373 -0.756408840054048 -0.6943350452530768 -0.7582548749823119 -0.8022106463682099 -0.7906192890550989 -1.2591108310070633 -1.8690001876414668 -0.9071530537562834 -1.9636688000010103 -1.9464287371255922 -1.2678787852740232 -1.2766044845912168 -0.7872494191105609 -0.758253181210452 -0.757877782531283 -0.7509689407602339 -0.7161994405826296 -0.819068595838692 -0.7602974622183211 -0.7781804544073326 -1.1750010792334713 -0.7503396133877946 -0.7524329205680145 -0.7091742034324043 -1.2066799175363727 -0.7896795702241608 -0.8290179506834915 -0.7921370589006441 -0.7806359517636845 -0.8022526621852557 -1.3486663342694944 -1.7244894898613217 -0.8784042913349622 -1.3706707924670067 -1.290353369744452 -0.8055974822264607 -1.23968525481894 -0.7211165373013306 -0.740126771710311 -0.7555091310886063 -0.7503616419760952 -0.7470002009120414 -0.7591711105502673 -0.7751441082753533 -0.7864667644133726 -0.8195772727943461 -1.204901978454747 -1.2545819283826383 -0.8177361788983595 -0.7559916304784813 -0.8105949232989097 -0.8338384344518245 -0.7566017884235788
-1.259517428973502 -1.2693234322957752 -1.2705859373792237 -1.1956772312036683 -0.8036204890055657 -1.1815226560407668 -0.7594170373218048 -0.7456486868550448 -0.8108593741940147 -1.2646682493113743 -1.354964075184082 -1.279674361598333 -1.326746475918907 -1.3491630930486014 -1.3007356404570238 -0.9336452870256274 -0.8155812821632401 -1.2373728770966506 -1.7254248622899946 -1.2169397117941814 -1.255683661214174 -1.2517487958968587 -1.236771632790208 -0.7866922838781643 -0.7717744604612745 -0.7702558971842743 -0.7616747932525322 -0.7415368214058242 -0.7870590147134952 -0.7682536183308057 -0.7678329162362818 -0.7654878434809067 -0.8252867187128061 -1.2707683336453757 -1.2382887776153084 -1.2774245500090367 -1.2790431348612892 -1.3766889188331888 -1.7768000721749415 -1.3145553404321606 -1.2016556592671848 -1.2377718949968828 -1.1907540801046839 -1.2232953254621093 -1.2315631565875687 -1.2371734260386689 -1.2097122726382221 -0.7711423392078323 -1.1518846532232145 -0.7889658712222941 -1.2119651204290174 -1.3957119307766888 -1.7208872668555522 -1.7285769253196315 -0.790338453350353 -0.8351216483727989 -0.7613282740720396 -0.7499381225755454 -0.678739248108189 -0.7312979423180271 -0.742219285509758 -0.7359224318724626 -0.7308175509730361 -0.7398920889910376 -0.8190890313140768 -1.3232528242224895 -1.2442966309503296 -1.3222481410203344 -1.3038772498870261 -1.3040430204265656 -0.8354233888187271 -1.2977439539407951 -2.451650058799934 -1.342516431173494 -1.2889262562989143 -1.8679757857111023 -1.290788921224871 -1.7226830184037747 -1.8280718325555436 -0.817470098793085 -1.2529906517113352 -1.2643779204369574 -1.2377446720899214 -1.2336419625505206 -1.9999538677873232 -1.3709984962681325 -1.399623734016989 -1.8474037204601883 -0.7379517049794593 -0.7677662293949266 -0.7583073696802666 -0.8334105110262252 -0.8013708373226841 -0.7783955985446211 -0.7755377628401551 -0.7655763363677786 -0.8021822863459285 -0.8652814460674508 -1.242038343335278 -0.8583396778826463 -1.3844818670919439 -0.9020842391727045 -0.8885392200144323 -1.2360037785672593 -0.7685962520336801 -0.75947025929185 -0.7049336731510218 -0.7235946301181905 -0.7172216580831159 -0.7931672322568356 -0.8404529379474808 -0.7971564963089918 -1.2361415204401576 -1.832501488078075 -0.833694816486098 -1.283533331817316 -1.8787179002913366 -1.2722710891223656 -0.8141819372636461 -0.7879849997473501 -0.7740793969756475 -0.7525023318030004 -0.7312008937538887 -0.7498934992340253 -0.7334033314599003 -0.8343155605260516 -0.816079093123095 -1.7804938371670316 -0.7525363188796731 -0.7417173387362614 -0.7312620501222721 -0.856137115933775 -0.8036696051339268 -0.8488813751754414 -0.7846876878328602 -0.7769385650177378 -0.79553634526639 -0.8950939096099139 -1.198268654390609 -0.9038521643133534 -1.3398019947145101 -1.9328564928461873 -1.2831083685636668 -1.871435853163803 -0.7453991390262454 -0.7720198376176827 -0.7704060073376204 -0.7840488163022793 -0.739592191912157 -0.760876983972519 -0.7685049469780219 -0.824816577568533 -1.2088135327502927 -1.7035073480749645 -1.7452589627212436 -1.2373807899838658 -1.2426132071168707 -0.8577411037392383 -0.802841143018163 -1.1967267500292795
-1.259517428973502 -1.2693234322957752 -1.2705859373792237 -1.1956772312036683 -0.8036204890055657 -1.1815226560407668 -0.7594170373218048 -0.7417775756757132 -0.8108593741940147 -1.25017728039162 -1.3443706231428827 -1.279674361598333 -1.326746475918907 -1.3491630930486014 -1.3007356404570238 -0.9336452870256274 -1.2788775564978039 -1.2454604167887977 -1.7560229837948351 -1.2309973433468817 -1.255683661214174 -1.2517487958968587 -1.2536189570672933 -0.7866922838781643 -0.752825594134537 -0.7702558971842743 -0.7616747932525322 -0.7415368214058242 -1.2287948644963895 -0.7682536183308057 -0.7736120046992668 -0.7654878434809067 -0.8252867187128061 -1.2707683336453757 -1.2221904174707023 -1.2774245500090367 -1.2880997251702313 -1.3766889188331888 -1.7766434636697408 -1.2986453443789703 -1.2016556592671848 -1.244140584037845 -1.1907540801046839 -1.2232953254621093 -1.2315631565875687 -1.2484527896836461 -1.2480817055400215 -0.7711423392078323 -1.1518846532232145 -0.7889658712222941 -1.2119651204290174 -1.3957119307766888 -1.7033839967590594 -1.7285769253196315 -0.790338453350353 -0.8351216483727989 -0.7613282740720396 -0.7553609709386309 -0.678739248108189 -0.7369658510059579 -0.7481804518846683 -0.7359224318724626 -0.7377089482310364 -0.7398920889910376 -0.8243704057841876 -1.3157997472628906 -1.3005357524625143 -1.3222481410203344 -1.3038772498870261 -1.3040430204265656 -0.84082698363621 -1.2977439539407951 -2.451650058799934 -1.342516431173494 -1.2982697611877034 -1.8679757857111023 -1.2827491291880133 -1.7226830184037747 -1.8280718325555436 -0.817470098793085 -1.2529906517113352 -1.2643779204369574 -1.2377446720899214 -1.2428226456427807 -1.9999538677873232 -1.3709984962681325 -1.399623734016989 -1.8747215785882143 -0.7308138660606497 -0.7842625103341466 -0.7839379495858454 -0.8130748727235378 -0.8013708373226841 -0.8132695785919358 -0.7570619648861564 -0.7655763363677786 -0.8021822863459285 -0.8652814460674508 -1.2549239996372756 -0.8583396778826463 -1.3664888736798966 -0.8706886592971342 -0.9245715455828488 -1.2146936841518372 -0.7685962520336801 -0.7566163633534578 -0.7082939100210561 -0.7235946301181905 -0.7172216580831159 -0.8151833746849034 -1.3113162784401067 -1.255241267721143 -1.2361415204401576 -1.8246908761535277 -0.7907052713140748 -1.283533331817316 -1.8787179002913366 -1.2925196266095602 -0.8141819372636461 -0.7879849997473501 -0.7648286410929002 -0.7525023318030004 -0.7312008937538887 -0.8045924766563954 -0.7440286107052736 -0.8267258904743747 -0.8284015959577694 -1.8356035037281284 -0.7525363188796731 -0.7417173387362614 -0.7312620501222721 -0.856137115933775 -0.8247640811475215 -0.8488813751754414 -0.7846876878328602 -0.7853887410251221 -0.79553634526639 -0.8858715845098809 -1.198268654390609 -0.9038521643133534 -1.9167423898570684 -1.9328564928461873 -1.2831083685636668 -1.871435853163803 -0.7510066038835626 -0.7720198376176827 -0.7704060073376204 -0.7788667206895968 -0.7454645146398013 -0.7717706197479396 -0.7685049469780219 -0.8321771380914916 -1.2253852247174688 -1.7035073480749645 -1.7452589627212436 -1.2111021683665029 -1.2426132071168707 -0.8577411037392383 -0.7839833331618915 -1.1967267500292795
-1.259517428973502 -1.2693234322957752 -1.2705859373792237 -1.1956772312036683 -0.8036204890055657 -1.1815226560407668 -0.7594170373218048 -0.7455433026863955 -0.8108593741940147 -1.2646682493113743 -1.3443706231428827 -1.289211620077087 -1.347385929287508 -1.3491630930486014 -1.3007356404570238 -0.9193685194091362 -1.2714154439111678 -1.2454604167887977 -1.7254248622899946 -1.2238146592934858 -1.261002479642202 -1.2517487958968587 -1.2536189570672933 -0.781811601161297 -0.7713448170331868 -0.7702558971842743 -0.7538580115251388 -0.7415368214058242 -1.241894257582446 -0.7682536183308057 -0.7736120046992668 -0.7654878434809067 -0.8252867187128061 -1.2707683336453757 -1.2221904174707023 -1.2774245500090367 -1.2880997251702313 -1.3766889188331888 -1.7766434636697408 -1.3093511513392289 -1.2065609235668247 -1.244140584037845 -1.1907540801046839 -1.2232953254621093 -1.2315631565875687 -1.2484527896836461 -1.1809398162187001 -0.7764864693845807 -1.1518846532232145 -0.7889658712222941 -1.2119651204290174 -1.3957119307766888 -1.7481910004446664 -1.7285769253196315 -0.790338453350353 -0.8351216483727989 -0.7613282740720396 -0.7499381225755454 -0.678739248108189 -0.7369658510059579 -0.7481804518846683 -0.7359224318724626 -0.7377089482310364 -0.7398920889910376 -0.8243704057841876 -1.3157997472628906 -1.2442966309503296 -1.3222481410203344 -1.3038772498870261 -1.3040430204265656 -0.84082698363621 -1.2977439539407951 -2.451650058799934 -1.342516431173494 -1.2982697611877034 -1.8679757857111023 -1.2827491291880133 -1.7226830184037747 -1.8280718325555436 -0.817470098793085 -1.2529906517113352 -1.2643779204369574 -1.2377446720899214 -1.2660849710124407 -1.9999538677873232 -1.3709984962681325 -1.399623734016989 -1.8747215785882143 -0.7308138660606497 -0.8057736594104071 -0.7839379495858454 -0.8227175153915325 -0.8013708373226841 -0.8132695785919358 -0.7666065410714333 -0.7739030557540799 -0.8021822863459285 -0.8450020435703882 -1.2549239996372756 -0.8583396778826463 -1.8374427506395308 -1.3477235878329357 -0.9143458198133184 -1.2146936841518372 -0.7685962520336801 -0.7566163633534578 -0.7000977890906113 -0.7235946301181905 -0.734288972007373 -0.8151833746849034 -1.2965890244057925 -1.255241267721143 -1.2361415204401576 -1.7861148756864629 -0.7907052713140748 -1.283533331817316 -1.8787179002913366 -1.2925196266095602 -0.8141819372636461 -0.7879849997473501 -0.7648286410929002 -0.7525023318030004 -0.7388251861876065 -0.8105480045446446 -0.7612803252863303 -0.8343155605260516 -0.8284015959577694 -1.774676187589027 -0.7525363188796731 -0.7529830578924774 -0.7312620501222721 -0.856137115933775 -0.8247640811475215 -0.8595101102701492 -0.7846876878328602 -0.7853887410251221 -0.79553634526639 -0.8858715845098809 -1.198268654390609 -0.9038521643133534 -1.9167423898570684 -1.9328564928461873 -1.2944960656252056 -1.871435853163803 -0.7506973795696115 -0.7720198376176827 -0.7704060073376204 -0.7788667206895968 -0.7454645146398013 -0.7717706197479396 -0.7685049469780219 -0.8321771380914916 -1.2253852247174688 -1.678738761034495 -1.7452589627212436 -1.2111021683665029 -1.2426132071168707 -0.8577411037392383 -1.2594361325402705 -1.1967267500292795
-1.259517428973502 -1.2693234322957752 -1.2705859373792237 -1.1956772312036683 -0.8036204890055657 -1.1815226560407668 -0.7594170373218048 -0.7455433026863955 -0.8108593741940147 -1.25017728039162 -1.3443706231428827 -1.289211620077087 -1.3376940746523376 -1.3918206632083612 -1.3007356404570238 -0.9193685194091362 -0.8098202188633509 -1.2397271656350342 -1.7254248622899946 -1.2494467981091657 -1.261002479642202 -1.2517487958968587 -1.2536189570672933 -0.781811601161297 -0.7713448170331868 -0.7702558971842743 -0.7538580115251388 -0.7415368214058242 -1.241894257582446 -0.7682536183308057 -0.7736120046992668 -0.7654878434809067 -0.8252867187128061 -1.2707683336453757 -1.2221904174707023 -1.2774245500090367 -1.2880997251702313 -1.3766889188331888 -1.7766434636697408 -1.2986453443789703 -1.2065609235668247 -1.244140584037845 -1.1907540801046839 -1.2232953254621093 -1.2315631565875687 -1.2484527896836461 -1.1809398162187001 -0.7764864693845807 -1.1518846532232145 -0.7889658712222941 -1.2119651204290174 -1.3957119307766888 -1.7033839967590594 -1.7285769253196315 -0.790338453350353 -0.8585796846500984 -0.7613282740720396 -0.7499381225755454 -0.678739248108189 -0.7369658510059579 -0.7481804518846683 -0.7359224318724626 -0.7377089482310364 -0.7398920889910376 -0.8243704057841876 -1.3157997472628906 -1.3005357524625143 -1.3222481410203344 -1.3038772498870261 -1.3040430204265656 -0.84082698363621 -1.2977439539407951 -2.451650058799934 -1.342516431173494 -1.2982697611877034 -1.8679757857111023 -1.2827491291880133 -1.7226830184037747 -1.8280718325555436 -0.8240400686754764 -1.2529906517113352 -1.2643779204369574 -1.2377446720899214 -1.2660849710124407 -1.9999538677873232 -1.3709984962681325 -1.399623734016989 -1.8747215785882143 -0.7308138660606497 -0.8057736594104071 -0.7958476397005794 -0.8334683850234579 -0.8013708373226841 -0.8132695785919358 -0.7666065410714333 -0.7739030557540799 -0.8021822863459285 -0.8652814460674508 -1.241827603881408 -0.8583396778826463 -1.3074119550835774 -1.3148492603973578 -0.9143458198133184 -1.2146936841518372 -0.7685962520336801 -0.7737381858413834 -0.7123091997404033 -0.7235946301181905 -0.734288972007373 -0.8151833746849034 -0.8290113077321715 -1.255241267721143 -1.2361415204401576 -1.2485994669600027 -0.8079781324391234 -1.283533331817316 -1.8787179002913366 -1.2925196266095602 -0.8141819372636461 -0.7879849997473501 -0.7648286410929002 -0.7525023318030004 -0.7503653110047911 -0.8105480045446446 -0.7612803252863303 -0.8343155605260516 -0.8284015959577694 -1.8181862213259363 -0.7525363188796731 -0.7417173387362614 -0.7312620501222721 -0.856137115933775 -0.8119573373240294 -0.8595101102701492 -0.7846876878328602 -0.7853887410251221 -0.822175929133109 -0.8858715845098809 -1.198268654390609 -0.9038521643133534 -1.9167423898570684 -1.9328564928461873 -1.2831083685636668 -1.871435853163803 -0.7574027452360018 -0.7720198376176827 -0.7704060073376204 -0.7788667206895968 -0.7454645146398013 -0.7717706197479396 -0.7618235685294045 -0.8321771380914916 -1.2253852247174688 -1.678738761034495 -1.7904628872172732 -1.2111021683665029 -1.2426132071168707 -0.8577411037392383 -1.2650022816547246 -1.1967267500292795
-1.259517428973502 -1.2693234322957752 -1.2705859373792237 -1.1956772312036683 -0.8036204890055657 -1.1815226560407668 -0.7594170373218048 -0.7494276196321088 -0.8108593741940147 -1.2646682493113743 -1.3443706231428827 -1.2466240179242014 -1.3376940746523376 -1.3491630930486014 -1.3007356404570238 -0.9193685194091362 -1.2714154439111678 -1.2397271656350342 -1.7254248622899946 -1.2238146592934858 -1.261002479642202 -1.2517487958968587 -1.2536189570672933 -0.792809976127456 -0.7713448170331868 -0.7702558971842743 -0.7538580115251388 -0.7415368214058242 -1.241894257582446 -0.7682536183308057 -0.7722241286276068 -0.7654878434809067 -0.8304302550753914 -1.2799758732737883 -1.2221904174707023 -1.2915078796655155 -1.2880997251702313 -1.3766889188331888 -1.7953486015644349 -1.3093511513392289 -1.2016556592671848 -1.244140584037845 -1.1907540801046839 -1.2232953254621093 -1.2315631565875687 -1.2385322873628213 -1.1809398162187001 -0.7764864693845807 -1.1518846532232145 -0.7889658712222941 -1.2119651204290174 -1.3957119307766888 -1.7481910004446664 -1.7285769253196315 -0.790338453350353 -0.8351216483727989 -0.7613282740720396 -0.7499381225755454 -0.678739248108189 -0.7369658510059579 -0.7481804518846683 -0.7359224318724626 -0.7377089482310364 -0.7398920889910376 -0.8243704057841876 -1.3157997472628906 -1.2442966309503296 -1.3222481410203344 -1.3038772498870261 -1.3040430204265656 -0.84082698363621 -1.2977439539407951 -2.451650058799934 -1.342516431173494 -1.2982697611877034 -1.8679757857111023 -1.2827491291880133 -1.7226830184037747 -1.8280718325555436 -0.8240400686754764 -1.2642511567444559 -1.2643779204369574 -1.2377446720899214 -1.2428226456427807 -1.9999538677873232 -1.3479959854066208 -1.399623734016989 -1.8474037204601883 -0.7308138660606497 -0.7912732197607281 -0.7722276889791122 -0.8334683850234579 -0.8013708373226841 -0.8132695785919358 -0.7666065410714333 -0.7739030557540799 -0.8021822863459285 -0.8652814460674508 -1.2549239996372756 -0.8583396778826463 -1.3664888736798966 -0.8969613370296833 -0.8785614271200537 -1.2146936841518372 -0.7685962520336801 -0.7737381858413834 -0.7000977890906113 -0.7235946301181905 -0.734288972007373 -0.8151833746849034 -0.8290113077321715 -1.268838907370322 -1.2361415204401576 -1.8110270832642479 -0.8454296949905673 -1.283533331817316 -1.8787179002913366 -1.86222453094269 -0.8141819372636461 -0.7879849997473501 -0.7648286410929002 -0.7525023318030004 -0.7312008937538887 -0.755578846347124 -0.7612803252863303 -0.8343155605260516 -0.8770068392872961 -1.763265464929456 -0.7525363188796731 -0.7529830578924774 -0.7312620501222721 -0.856137115933775 -0.8036696051339268 -0.8488813751754414 -0.7846876878328602 -0.7853887410251221 -0.79553634526639 -0.8858715845098809 -1.198268654390609 -0.9038521643133534 -1.9167423898570684 -1.9328564928461873 -1.2944960656252056 -1.871435853163803 -0.7510066038835626 -0.7720198376176827 -0.7704060073376204 -0.7788667206895968 -0.7454645146398013 -0.7717706197479396 -0.7685049469780219 -0.8321771380914916 -1.2088135327502927 -1.678738761034495 -1.7452589627212436 -1.2454423172683 -1.2426132071168707 -0.8577411037392383 -1.284215704865492 -1.1967267500292795
-1.259517428973502 -1.2693234322957752 -1.2619710945136808 -1.1956772312036683 -0.8036204890055657 -1.1815226560407668 -0.7594170373218048 -0.7494276196321088 -0.8108593741940147 -1.2731640936179263 -1.3443706231428827 -1.279674361598333 -1.3376940746523376 -1.3614858659982356 -1.3007356404570238 -0.9193685194091362 -1.2505625232644713 -1.230821866818451 -1.7254248622899946 -1.264804972437712 -1.261002479642202 -1.2224598956517578 -1.2536189570672933 -0.792809976127456 -0.7713448170331868 -0.7702558971842743 -0.7538580115251388 -0.7415368214058242 -0.7812032776902356 -0.7682536183308057 -0.7678329162362818 -0.7654878434809067 -0.8304302550753914 -1.2707683336453757 -1.2382887776153084 -1.2915078796655155 -1.2955829071207399 -1.3807340192073965 -1.8127734035119683 -1.3442733020050863 -1.2016556592671848 -1.244140584037845 -1.1907540801046839 -1.2232953254621093 -1.2315631565875687 -1.2385322873628213 -1.198234920915565 -0.7828446906126226 -1.19242751697889 -0.7814356729629218 -1.2119651204290174 -1.3957119307766888 -1.7481910004446664 -1.7285769253196315 -0.790338453350353 -0.8351216483727989 -0.7613282740720396 -0.7499381225755454 -0.6840536455474654 -0.7369658510059579 -0.742219285509758 -0.7359224318724626 -0.7377089482310364 -0.7398920889910376 -0.8243704057841876 -1.3157997472628906 -1.2188225558751393 -1.3222481410203344 -1.2794880117819085 -1.3040430204265656 -0.8789698995396419 -1.2977439539407951 -2.451650058799934 -1.342516431173494 -1.2982697611877034 -1.8679757857111023 -1.2827491291880133 -1.7226830184037747 -1.8280718325555436 -0.8316089663395467 -1.2642511567444559 -1.2643779204369574 -1.2377446720899214 -1.2428226456427807 -1.9999538677873232 -1.3479959854066208 -1.399623734016989 -1.8474037204601883 -0.7308138660606497 -0.7912732197607281 -0.7609728709984741 -0.8334683850234579 -0.8013708373226841 -0.8246477868250742 -0.7755377628401551 -0.7739030557540799 -0.8021822863459285 -0.8652814460674508 -1.2549239996372756 -0.8583396778826463 -1.3664888736798966 -0.8969613370296833 -0.8785614271200537 -1.2146936841518372 -0.7685962520336801 -0.7737381858413834 -0.7082939100210561 -0.7316322119934325 -0.7447355545596007 -0.8151833746849034 -0.8201270581045104 -1.268838907370322 -1.2361415204401576 -1.7861148756864629 -0.8276416104646533 -1.283533331817316 -1.8787179002913366 -1.2925196266095602 -0.8141819372636461 -0.7879849997473501 -0.7648286410929002 -0.7525023318030004 -0.7312008937538887 -0.755578846347124 -0.7539980957676309 -0.8343155605260516 -0.8770068392872961 -1.7804938371670316 -0.7525363188796731 -0.7529830578924774 -0.7312620501222721 -0.856137115933775 -0.7647174205529008 -0.8488813751754414 -0.7846876878328602 -0.7853887410251221 -0.79553634526639 -0.84515203736416 -1.198268654390609 -0.9038521643133534 -1.9167423898570684 -1.9328564928461873 -1.2944960656252056 -1.871435853163803 -0.7435182730308342 -0.7720198376176827 -0.7704060073376204 -0.7840488163022793 -0.739284340458715 -0.7509761628247386 -0.7685049469780219 -0.8321771380914916 -1.2088135327502927 -1.678738761034495 -1.7452589627212436 -1.2373807899838658 -1.2426132071168707 -0.8577411037392383 -0.8176486039210625 -1.1967267500292795
-0.800332554834053 -1.2693234322957752 -0.801707800941315 -1.1956772312036683 -0.8036204890055657 -1.1815226560407668 -0.7594170373218048 -0.7494276196321088 -0.8108593741940147 -1.2877862993866027 -1.3443706231428827 -1.2372452788420123 -1.3376940746523376 -1.3614858659982356 -1.3007356404570238 -0.9193685194091362 -0.7937730803322333 -0.7826199463719975 -1.7254248622899946 -1.264804972437712 -1.261002479642202 -1.2224598956517578 -1.2536189570672933 -0.8008442096694071 -0.7635282749364609 -0.7702558971842743 -0.7431129594790852 -0.7415368214058242 -0.7812032776902356 -0.7682536183308057 -0.7671824305348591 -0.7654878434809067 -0.8304302550753914 -1.2707683336453757 -1.2382887776153084 -1.3047161539569405 -1.3380631325361785 -2.618793556517738 -1.967172734173158 -1.3442733020050863 -1.2016556592671848 -1.244140584037845 -1.1907540801046839 -1.2232953254621093 -1.2315631565875687 -1.3083630699343798 -1.2292568126310657 -0.7828446906126226 -1.1518846532232145 -0.7814356729629218 -1.2119651204290174 -1.3957119307766888 -1.7481910004446664 -1.7285769253196315 -0.790338453350353 -0.8351216483727989 -0.7613282740720396 -0.7499381225755454 -0.6840536455474654 -0.7369658510059579 -0.742219285509758 -0.7359224318724626 -0.7377089482310364 -0.7398920889910376 -0.8243704057841876 -1.2528235073889813 -1.2188225558751393 -1.3222481410203344 -1.2794880117819085 -1.3229653535219472 -0.8789698995396419 -1.2977439539407951 -2.451650058799934 -1.3676890729599993 -1.2982697611877034 -1.8999851901500413 -1.3200013092292513 -1.778289107838646 -1.2089477080855338 -0.7941782738124369 -1.2642511567444559 -0.8039292519317556 -1.2377446720899214 -1.2428226456427807 -1.9999538677873232 -1.3709984962681325 -1.3339805059971683 -1.8474037204601883 -0.7527335884480391 -0.7912732197607281 -0.7609728709984741 -0.8237445829372598 -0.8013708373226841 -0.8246477868250742 -0.7755377628401551 -0.7739030557540799 -0.8021822863459285 -0.8450020435703882 -1.2549239996372756 -0.8583396778826463 -1.3844818670919439 -0.8969613370296833 -0.870286235772149 -1.2146936841518372 -0.7709513432568565 -0.7737381858413834 -0.7489233854537484 -0.7316322119934325 -0.7117187117702329 -0.8022926532162956 -0.8290113077321715 -0.8076211639484611 -0.7804665174790549 -1.8246908761535277 -0.7392710519872171 -1.283533331817316 -1.8787179002913366 -1.2925196266095602 -0.8141819372636461 -0.7879849997473501 -0.7699896416791089 -0.7525023318030004 -0.7312008937538887 -0.7665948897177837 -0.7612803252863303 -0.8167132547835119 -0.8284015959577694 -1.8581429837707135 -0.7525363188796731 -0.7816367914190314 -0.7644831411272793 -0.843710490275885 -0.8036696051339268 -0.8412702191784349 -0.7846876878328602 -0.7853887410251221 -0.79553634526639 -0.84515203736416 -1.198268654390609 -0.9038521643133534 -1.9167423898570684 -1.9328564928461873 -1.2944960656252056 -1.871435853163803 -0.7510066038835626 -0.7720198376176827 -0.7704060073376204 -0.7840488163022793 -0.739284340458715 -0.8053057620352044 -0.7549492265609952 -0.8066905302395582 -1.2253852247174688 -1.678738761034495 -1.7303585153754735 -1.2373807899838658 -1.2426132071168707 -0.8577411037392383 -0.8176486039210625 -1.1967267500292795
-1.2408482699545818 -1.2693234322957752 -1.2705859373792237 -1.1956772312036683 -0.8036204890055657 -1.1815226560407668 -0.7594170373218048 -0.7494276196321088 -0.7843193598283457 -0.816166822606065 -1.3443706231428827 -1.2372452788420123 -1.347385929287508 -1.373933732300264 -1.3007356404570238 -0.9193685194091362 -1.1520462201851442 -0.7894548462371634 -1.2018454413849111 -1.264804972437712 -1.261002479642202 -1.2224598956517578 -1.2536189570672933 -0.7598111748460576 -0.7579520008517554 -0.7702558971842743 -0.7431129594790852 -0.7415368214058242 -0.7712327234665347 -0.7682536183308057 -0.7729582728478791 -0.7654878434809067 -0.8304302550753914 -1.2707683336453757 -1.2382887776153084 -1.3047161539569405 -1.3380631325361785 -2.618793556517738 -1.967172734173158 -1.3334308650712485 -1.2107948709633063 -1.244140584037845 -1.2339722390787575 -1.2232953254621093 -1.2315631565875687 -1.3083630699343798 -1.2706767003647526 -0.777471627127512 -1.1518846532232145 -0.7889658712222941 -1.2119651204290174 -1.3957119307766888 -1.7383819511882077 -1.7285769253196315 -0.790338453350353 -0.8351216483727989 -0.756156092409851 -0.7553609709386309 -0.6840536455474654 -0.7369658510059579 -0.7481804518846683 -0.7359224318724626 -0.7377089482310364 -0.7346057214858005 -0.8243704057841876 -1.2528235073889813 -1.2188225558751393 -1.2787048793588511 -1.2330126747141208 -1.3229653535219472 -0.8789698995396419 -1.24404583889912 -2.451650058799934 -1.3676890729599993 -1.3420205086326977 -1.8999851901500413 -1.3200013092292513 -1.2151843220293466 -1.2089477080855338 -0.7800113414493466 -1.2642511567444559 -0.7767905202544916 -1.2377446720899214 -1.2660849710124407 -1.9999538677873232 -1.3709984962681325 -1.3339805059971683 -1.8395005975703982 -0.7527335884480391 -0.7912732197607281 -0.7725699788660783 -0.83035597180879 -0.8013708373226841 -0.8158404369084273 -0.7755377628401551 -0.7655763363677786 -0.8021822863459285 -0.8450020435703882 -1.2549239996372756 -0.8583396778826463 -1.3665404680031192 -0.8905565524048763 -0.870286235772149 -1.2146936841518372 -0.8036904226013073 -0.7655520618082252 -0.7439067540905668 -0.7235946301181905 -0.7319791779390858 -0.8084249149105516 -1.2965890244057925 -0.8076211639484611 -0.7804665174790549 -1.2602589915922253 -0.7392710519872171 -0.8171880137045445 -1.8787179002913366 -1.2925196266095602 -0.8141819372636461 -0.759431171543774 -0.7699896416791089 -0.7525023318030004 -0.7388251861876065 -0.7766976244596612 -0.7627316658002982 -0.8167132547835119 -0.8217499276174417 -1.890158459776273 -0.7525363188796731 -0.7700861422869498 -0.7519277239298507 -0.8276890267595686 -0.8099718872802977 -0.8412702191784349 -0.7846876878328602 -0.7853887410251221 -0.7546409002726693 -0.8375520959268447 -1.198268654390609 -0.9038521643133534 -1.9167423898570684 -1.9328564928461873 -1.2513643807594836 -1.8844492732952223 -0.7443393494006948 -0.7720198376176827 -0.7704060073376204 -0.7840488163022793 -0.739284340458715 -0.8056460267677344 -0.7549492265609952 -0.8170405363587587 -1.234438659680585 -1.678738761034495 -1.7303585153754735 -1.2373807899838658 -1.2426132071168707 -0.88474772017772 -0.802841143018163 -1.1967267500292795
-1.2408482699545818 -1.2693234322957752 -1.2705859373792237 -1.1956772312036683 -0.8036204890055657 -1.1815226560407668 -0.7594170373218048 -0.7456486868550448 -0.7843193598283457 -0.816166822606065 -1.3443706231428827 -1.2372452788420123 -1.347385929287508 -1.373933732300264 -1.3007356404570238 -0.9193685194091362 -1.1520462201851442 -0.8005144057338897 -1.2346093483274578 -1.264804972437712 -1.261002479642202 -1.2302606153794 -1.2536189570672933 -0.7279293971469166 -0.7579520008517554 -0.7702558971842743 -0.7431129594790852 -0.7378273478250132 -0.7531218264103003 -0.7682536183308057 -0.7729582728478791 -0.7654878434809067 -0.8304302550753914 -1.2619200282647367 -1.2382887776153084 -1.3047161539569405 -1.3644942336621373 -2.596947677576352 -1.949419012047911 -1.3334308650712485 -1.2107948709633063 -1.244140584037845 -1.2432188842458753 -1.8112096550245875 -1.323584338346377 -1.8600299708096766 -1.8360460012792457 -0.777471627127512 -1.1518846532232145 -0.7439003557392943 -0.763630216411673 -1.3957119307766888 -1.7383819511882077 -1.7285769253196315 -1.2463767105108439 -0.7934986444744296 -0.756156092409851 -0.7553609709386309 -0.6840536455474654 -0.7369658510059579 -0.7481804518846683 -0.7359224318724626 -0.7377089482310364 -0.7346057214858005 -0.8240148048749006 -1.2528235073889813 -1.2188225558751393 -1.2116942705601754 -1.2249904447988145 -1.2275181680761795 -0.8332096784896639 -1.2294657128737978 -2.3597908843961837 -1.2829959638925175 -1.3420205086326977 -1.8999851901500413 -1.3200013092292513 -1.2151843220293466 -1.222267671990062 -0.7855677145000892 -1.2642511567444559 -0.7682326111905814 -1.2377446720899214 -1.2660849710124407 -1.9835626608299635 -1.3709984962681325 -1.314382462646957 -1.8395005975703982 -0.7527335884480391 -0.7912732197607281 -0.7958476397005794 -0.8401051680243494 -0.8013708373226841 -0.8052932471035955 -0.775660162236598 -0.7655763363677786 -0.8021822863459285 -0.8450020435703882 -1.2549239996372756 -0.8583396778826463 -1.3665404680031192 -0.8905565524048763 -0.870286235772149 -1.2231893184032452 -0.8036904226013073 -0.7756661566663904 -0.7352826690652616 -0.7235946301181905 -0.7248308864506388 -0.8157672693150498 -1.2808007739057798 -0.8076211639484611 -0.7804665174790549 -1.190138352905442 -0.7392710519872171 -0.8171880137045445 -1.8787179002913366 -1.2955312853840555 -0.7988792717675878 -0.759431171543774 -0.7699896416791089 -0.7525023318030004 -0.7388251861876065 -0.7766976244596612 -0.7454578329463862 -1.2709359191003575 -0.809491584941425 -1.890158459776273 -0.7816452601575811 -0.7806949901080054 -0.7572757959790838 -0.8276890267595686 -0.7708174128868742 -0.8280482270563797 -0.792707822185909 -0.7853887410251221 -0.7546409002726693 -0.7819036737902956 -1.198268654390609 -0.9038521643133534 -1.3398019947145101 -1.8197874429059444 -1.242846592920991 -1.8844492732952223 -0.7434351214609353 -0.7720198376176827 -0.7907877187932137 -0.7933512231267228 -0.7801207704606817 -0.8056460267677344 -0.7665321083334792 -0.8170405363587587 -1.200040994181417 -1.7035073480749645 -1.7303585153754735 -1.2373807899838658 -1.2426132071168707 -0.8937306759124343 -1.2650022816547246 -1.2112068041861146
-1.2408482699545818 -1.2693234322957752 -1.2705859373792237 -1.1956772312036683 -0.8036204890055657 -1.1815226560407668 -0.7594170373218048 -0.7456486868550448 -0.77268757194944 -0.8209511289681302 -1.3443706231428827 -1.289211620077087 -1.336400550203033 -1.3614858659982356 -1.3007356404570238 -0.9193685194091362 -1.1520462201851442 -0.7748210054811864 -1.1712563373878093 -1.290860475502841 -0.7974488892736816 -0.7721246444941238 -0.7960515763806904 -0.7271112854340543 -0.7579520008517554 -0.7702558971842743 -0.7616747932525322 -0.7378273478250132 -0.7531218264103003 -0.7682536183308057 -0.7685642871787618 -0.7654878434809067 -0.8252867187128061 -1.2619200282647367 -1.2382887776153084 -1.3047161539569405 -1.4819095720865512 -2.596947677576352 -2.625538324831518 -1.3442733020050863 -1.2107948709633063 -1.244140584037845 -1.2349250527485776 -1.8112096550245875 -1.323584338346377 -1.8600299708096766 -1.8360460012792457 -0.7649178756052399 -1.1518846532232145 -0.7439003557392943 -0.763630216411673 -1.3957119307766888 -1.7481910004446664 -1.7285769253196315 -1.2463767105108439 -0.816201357387173 -0.756156092409851 -0.7553609709386309 -0.6840536455474654 -0.7369658510059579 -0.7481804518846683 -0.7430598225919512 -0.7377089482310364 -0.7346057214858005 -0.8374844927718263 -1.2528235073889813 -1.2188225558751393 -1.2116942705601754 -1.2249904447988145 -1.2275181680761795 -0.8332096784896639 -1.24404583889912 -1.7535201400861087 -1.2829959638925175 -0.8030975908259175 -1.3186207947968578 -1.2384003668345194 -1.2151843220293466 -1.222267671990062 -0.7727525769438864 -1.2529906517113352 -0.7682326111905814 -1.2377446720899214 -1.2428226456427807 -1.9999538677873232 -0.8838929707560194 -1.3339805059971683 -1.8395005975703982 -0.7782231450681948 -0.8037349704903588 -0.7958476397005794 -0.8334683850234579 -0.8013708373226841 -0.8127711192649147 -0.7852359428950746 -0.7739030557540799 -0.8021822863459285 -0.8633250038778878 -1.2549239996372756 -0.8583396778826463 -1.3545485116707694 -0.9223301766105002 -0.8802054107250697 -1.2317227171534704 -0.8036904226013073 -0.7756661566663904 -0.7352826690652616 -0.7235946301181905 -0.7237782914330996 -0.8157672693150498 -1.2808007739057798 -1.255241267721143 -0.7639543786671515 -1.7255056714177284 -0.7916600900487972 -0.8171880137045445 -1.8787179002913366 -1.3159592061869518 -0.7988792717675878 -0.759431171543774 -0.7792327291787069 -0.7525023318030004 -0.7426607081449105 -0.7836997138818773 -0.7808220232533684 -1.8731977747677981 -1.3435585798583927 -1.890158459776273 -0.7816452601575811 -0.7700861422869498 -0.7572757959790838 -0.8276890267595686 -0.8036696051339268 -0.8280482270563797 -0.7846876878328602 -0.7853887410251221 -0.7546409002726693 -0.7891730013705706 -0.7527809972145703 -0.9038521643133534 -1.9167423898570684 -1.9328564928461873 -1.2592025232605164 -1.8844492732952223 -0.742638000805432 -0.8004709801779237 -0.802851171842463 -0.7933512231267228 -0.7789124213306635 -0.811474465745969 -1.2110612606879558 -0.8170405363587587 -1.200040994181417 -1.7035073480749645 -1.7427618644770138 -1.2373807899838658 -1.2426132071168707 -0.8937306759124343 -1.318689210175692 -1.2112068041861146
-1.2408482699545818 -1.2693234322957752 -1.253018456998893 -1.1956772312036683 -0.8036204890055657 -1.1815226560407668 -0.7594170373218048 -0.7416374692600534 -0.77268757194944 -0.8275142621041073 -1.354964075184082 -1.2992034076652834 -1.347385929287508 -1.3935661847967455 -1.2911734279885554 -0.9329343836587 -1.1672263209892173 -1.216941058621449 -1.1712563373878093 -0.8188109540523367 -0.8015385762701853 -0.7998630374844317 -0.7960515763806904 -0.7414761414432172 -0.7579520008517554 -0.7552502484152112 -0.7538580115251388 -0.7285133910113452 -0.7531218264103003 -0.7682536183308057 -0.7383979744114687 -0.7654878434809067 -0.8252867187128061 -1.8337023928432965 -1.2382887776153084 -1.3047161539569405 -1.4819095720865512 -2.596947677576352 -2.625538324831518 -1.3442733020050863 -1.2107948709633063 -1.244140584037845 -1.2598326154223352 -1.8112096550245875 -1.323584338346377 -1.8600299708096766 -1.8360460012792457 -0.7548056483204761 -1.1518846532232145 -1.1756793189054549 -0.763630216411673 -1.3957119307766888 -1.7383819511882077 -1.1783221794603203 -1.2463767105108439 -0.816201357387173 -0.756156092409851 -0.7555617037874913 -0.6895599864020838 -0.7369658510059579 -0.7359379407469471 -0.7430598225919512 -0.7377089482310364 -0.7346057214858005 -0.8374844927718263 -1.2459708993055516 -1.2188225558751393 -1.1999286644062086 -1.2249904447988145 -1.2275181680761795 -0.8217078115610051 -1.2294657128737978 -1.7535201400861087 -1.2979626459994855 -0.7906945685923913 -1.3186207947968578 -1.2474794212010127 -1.2151843220293466 -1.2155496100864442 -0.7719459957463878 -1.2529906517113352 -0.7682326111905814 -0.783098576209373 -1.2428226456427807 -1.9999538677873232 -0.8838929707560194 -1.3339805059971683 -1.8395005975703982 -0.7782231450681948 -0.8037349704903588 -0.7831605913262585 -0.8292659207402895 -0.8013708373226841 -0.8127711192649147 -0.775660162236598 -0.7739030557540799 -1.261685009347477 -0.8863026537008627 -1.241827603881408 -0.8583396778826463 -1.3545485116707694 -0.9171369940777139 -0.870286235772149 -1.2471002177001838 -0.8155493418964042 -0.793071152910201 -0.7529425682803056 -0.7377461417541549 -0.7145751915368007 -0.8157672693150498 -1.2808007739057798 -1.255241267721143 -0.779801643638289 -1.7255056714177284 -0.797541609052698 -0.8171880137045445 -1.8563889324441925 -1.2624186331648777 -0.8163356526375499 -0.7539720059807582 -0.7792327291787069 -0.7525023318030004 -0.7312008937538887 -0.770906723926883 -0.7734158262662679 -1.8731977747677981 -1.356188309362075 -1.890158459776273 -0.7816452601575811 -0.7923501123129317 -0.7572757959790838 -0.8276890267595686 -0.7989796711115199 -0.8280482270563797 -0.7846876878328602 -0.7853887410251221 -0.7803773835358838 -0.7904199749284936 -0.7527809972145703 -0.9038521643133534 -1.9167423898570684 -1.9291686249767486 -1.2704851661312198 -1.8844492732952223 -0.7352061103378362 -0.8004709801779237 -0.7776607817567547 -0.7933512231267228 -0.794518278057594 -0.8203554828882544 -1.2023048984791893 -0.8170405363587587 -1.200040994181417 -1.7233852597924755 -1.7427618644770138 -1.2569956619327542 -1.231883498650281 -0.8937306759124343 -1.309962296827048 -1.2112068041861146
-1.2538566982275792 -1.2693234322957752 -1.2201404399873277 -1.1956772312036683 -0.8036204890055657 -1.2063911342240174 -0.7594170373218048 -0.7416374692600534 -0.77268757194944 -0.8264754104615446 -1.354964075184082 -1.2992034076652834 -1.9000627703847492 -1.381035792990673 -1.2911734279885554 -0.9193685194091362 -1.1609449949763375 -1.1704946972951782 -1.1712563373878093 -0.7570319360951525 -0.7974488892736816 -0.7998630374844317 -0.8083013960657127 -0.7841391751379357 -0.7579520008517554 -0.7702558971842743 -0.7616747932525322 -0.7285133910113452 -1.1801596542879738 -0.7682536183308057 -0.7561088707351912 -0.7654878434809067 -0.7728911817080129 -1.8337023928432965 -1.3054974704317999 -1.3047161539569405 -1.472100710304289 -1.9501926249473636 -2.606204387273622 -1.9005641218231981 -1.2107948709633063 -1.2377718949968828 -1.2598326154223352 -1.8112096550245875 -1.323584338346377 -1.8466600155210056 -1.8275554269647474 -0.7565581386766764 -1.1456906775242859 -1.1756793189054549 -0.7980794901032626 -1.4367026209450775 -1.7481910004446664 -1.1783221794603203 -1.2463767105108439 -0.816201357387173 -0.7618590221629756 -0.7555617037874913 -0.6827772921923474 -0.7364904943918933 -0.7364060174895006 -0.7430598225919512 -0.7377089482310364 -0.7285292785151021 -0.8284504401243106 -1.2459708993055516 -1.2188225558751393 -1.2028307302485666 -1.2249904447988145 -1.2275181680761795 -0.8217078115610051 -1.2045771026879104 -1.7196799684728994 -1.2734187481342303 -0.7906945685923913 -1.3186207947968578 -0.8104339528936428 -1.2151843220293466 -1.2155496100864442 -0.7719459957463878 -1.2529906517113352 -0.7771415491099763 -0.783098576209373 -1.2428226456427807 -1.4115936372081959 -0.8838929707560194 -1.3226746590611584 -1.8584577939806617 -0.7872141824169311 -0.8037349704903588 -0.7831605913262585 -0.8115465165500073 -0.8013708373226841 -0.8127711192649147 -0.7852359428950746 -0.7739030557540799 -1.2763858318016224 -0.8863026537008627 -1.241827603881408 -0.8583396778826463 -1.3545485116707694 -0.9262974169712005 -0.8802054107250697 -1.2471002177001838 -0.8065266811234995 -0.793071152910201 -0.7584568144167464 -0.7377461417541549 -0.7237782914330996 -0.7957376590586988 -1.2627082693172484 -1.255241267721143 -0.779801643638289 -1.733160288578695 -0.8069874547737865 -0.8414790919516634 -1.8563889324441925 -1.3159592061869518 -0.855293242186425 -0.7619641208265087 -0.7792327291787069 -0.7525023318030004 -0.7312008937538887 -0.7778743031046268 -0.7808220232533684 -1.8731977747677981 -1.8750565989869776 -1.890158459776273 -0.8028968050034894 -0.7923501123129317 -0.7713176784820425 -0.7856335601516965 -0.7927333864769078 -0.8280482270563797 -0.7846876878328602 -0.7853887410251221 -0.7803773835358838 -0.8370011150659862 -0.785476446570551 -0.9038521643133534 -1.9167423898570684 -1.9291686249767486 -1.2789852965429156 -1.8844492732952223 -0.73590025451341 -0.8004709801779237 -0.7563309969367795 -0.7933512231267228 -0.794518278057594 -0.811474465745969 -1.1882221098915515 -0.8097667579027712 -1.200040994181417 -1.7233852597924755 -1.7427618644770138 -1.1922220097620555 -1.2426132071168707 -0.8937306759124343 -1.2876471988590863 -1.2112068041861146
-1.2538566982275792 -1.2822702211692587 -1.253018456998893 -1.1956772312036683 -0.8009856323167546 -1.2205527797145306 -0.7803847434791896 -0.7416374692600534 -0.7825311918426413 -0.8264754104615446 -1.354964075184082 -1.2992034076652834 -1.9127247913476608 -1.381035792990673 -1.8601788581518741 -0.9395946796213216 -1.1609449949763375 -1.1783544939591966 -1.1712563373878093 -0.7570319360951525 -0.8070638611734996 -0.8158822114135893 -0.8051424505661988 -0.7841391751379357 -0.7579520008517554 -0.7552502484152112 -0.7538580115251388 -0.7285133910113452 -1.1801596542879738 -0.7682536183308057 -0.7383979744114687 -0.7571371618086817 -0.7728911817080129 -1.8337023928432965 -1.3054974704317999 -1.3047161539569405 -1.472100710304289 -1.9501926249473636 -2.606204387273622 -1.9005641218231981 -1.2218044861346546 -1.2336744249840488 -1.2598326154223352 -1.80327743044166 -1.897576916527455 -1.9012941618276573 -1.8406852336357642 -0.7548056483204761 -1.1456906775242859 -1.1756793189054549 -0.7893240007799316 -1.4367026209450775 -1.7033839967590594 -1.1783221794603203 -1.2463767105108439 -0.816201357387173 -0.7618590221629756 -0.7555617037874913 -0.6970104159512953 -0.7365673476868858 -0.7427403799890099 -0.7430598225919512 -0.7308175509730361 -0.7419448582810829 -0.8254765723744265 -1.2459708993055516 -1.2188225558751393 -1.1800266140245392 -1.2249904447988145 -1.2275181680761795 -0.8217078115610051 -1.2045771026879104 -1.7196799684728994 -1.2734187481342303 -0.778789638709851 -1.3186207947968578 -0.7910678211207911 -1.2151843220293466 -1.2332428239479944 -0.7719459957463878 -1.2529869579213504 -0.7771415491099763 -0.783098576209373 -1.2428226456427807 -1.9999538677873232 -0.9172021664383362 -1.3046764700678937 -1.8584577939806617 -0.7947141875920045 -0.8037349704903588 -0.7831605913262585 -0.744701856437961 -0.8296861235962273 -0.7882230116578297 -0.7666065410714333 -0.7660316581846606 -1.2531053767930542 -0.8863026537008627 -1.241827603881408 -0.850400696106437 -1.3545485116707694 -0.8944394250624753 -0.8600876483824115 -1.2471002177001838 -0.8065266811234995 -0.794321909670037 -0.7623197900376818 -0.7484645507779437 -0.7237782914330996 -0.8015546803017426 -1.2490296635432554 -1.2481089584188092 -0.779801643638289 -1.733160288578695 -0.8069874547737865 -0.833220395867982 -1.8563889324441925 -1.2624186331648777 -0.8316399722505363 -0.7619641208265087 -0.7622758465401516 -0.7525023318030004 -0.7121977578502199 -0.7778743031046268 -0.7808220232533684 -1.8731977747677981 -1.8187131021144036 -1.890158459776273 -0.8063323560371306 -0.7923501123129317 -0.7865468425749346 -0.7742575048124942 -0.7927333864769078 -0.8280482270563797 -0.7966798096626883 -0.7769385650177378 -0.7732504570997175 -0.7910933950715732 -0.785476446570551 -0.9038521643133534 -1.8247417155320707 -1.9163721910829554 -1.2789852965429156 -1.8844492732952223 -0.756335273861005 -0.8004709801779237 -0.7563309969367795 -0.7933512231267228 -0.794518278057594 -0.811474465745969 -1.259192770537552 -0.8170405363587587 -1.200040994181417 -1.7233852597924755 -1.7427618644770138 -1.2392842091565435 -1.231883498650281 -0.8937306759124343 -1.2876471988590863 -1.2112068041861146
-1.2538566982275792 -1.2822702211692587 -1.2289739523456624 -1.1956772312036683 -0.8082536150563413 -1.2205527797145306 -0.7527878457803615 -0.7416374692600534 -0.7904125133400149 -0.8264754104615446 -1.354964075184082 -1.3179163170899972 -1.9000627703847492 -1.381035792990673 -1.8601788581518741 -0.9664983759105256 -1.1609449949763375 -1.1783544939591966 -1.1712563373878093 -0.7570319360951525 -0.8029558004450056 -0.7704189241548978 -0.779733558319172 -0.7901026178069217 -0.7649435739478048 -0.7552502484152112 -0.7616747932525322 -0.7158637647841289 -1.1801596542879738 -0.7682536183308057 -0.7278823718276984 -0.7571371618086817 -0.7728911817080129 -1.8337023928432965 -1.3054974704317999 -1.3047161539569405 -1.472100710304289 -1.9501926249473636 -2.606204387273622 -1.9005641218231981 -1.2218044861346546 -1.2336744249840488 -1.2504341385572695 -1.80327743044166 -1.897576916527455 -1.9012941618276573 -1.8207976846988887 -0.7548056483204761 -1.1456906775242859 -1.1756793189054549 -0.7893240007799316 -1.4367026209450775 -1.6763475977765643 -1.1783221794603203 -1.2625481590547531 -0.816201357387173 -0.7618590221629756 -0.7555617037874913 -0.7052002101600606 -0.7365673476868858 -0.7427403799890099 -0.7430598225919512 -0.7308175509730361 -0.7419448582810829 -0.8254765723744265 -1.2459708993055516 -1.2336453124368447 -1.1879761679123877 -1.2249904447988145 -1.2175472069668738 -0.8124201029511567 -1.2045771026879104 -1.7196799684728994 -1.2734187481342303 -0.778789638709851 -1.311956471427803 -0.7741822382733935 -1.19823992902022 -1.2332428239479944 -0.7719459957463878 -0.7954632453440071 -0.7771415491099763 -0.783098576209373 -1.2528592609159677 -1.9999538677873232 -0.9172021664383362 -1.3153176504045936 -1.8584577939806617 -0.7947141875920045 -0.8255906994700132 -0.7831605913262585 -0.744701856437961 -0.8296861235962273 -0.7882230116578297 -0.7666065410714333 -0.7660316581846606 -1.2531053767930542 -0.8863026537008627 -1.1915744641366648 -0.850400696106437 -1.3545485116707694 -0.9262974169712005 -0.8699339055826424 -1.2471002177001838 -0.8065266811234995 -0.8016684267443901 -0.7560873085364984 -0.7377461417541549 -0.7237782914330996 -0.8015546803017426 -1.2490296635432554 -1.279204999772138 -0.779801643638289 -1.733160288578695 -0.8069874547737865 -0.833220395867982 -1.7604724618753391 -1.2624186331648777 -0.8480738849759045 -0.7619641208265087 -0.7622758465401516 -0.7525023318030004 -0.703823247528987 -0.8277533401857519 -0.7808220232533684 -1.8354845023415565 -1.8750565989869776 -1.9346160347516541 -0.7954649131016002 -0.7923501123129317 -0.7713176784820425 -0.7742575048124942 -0.7927333864769078 -0.8280482270563797 -0.7846876878328602 -0.7769385650177378 -0.7732504570997175 -0.7910933950715732 -1.240178227210346 -0.9038521643133534 -1.940102758578048 -1.9163721910829554 -1.2789852965429156 -1.848412050937631 -0.756335273861005 -0.8004709801779237 -0.7563309969367795 -0.7933512231267228 -0.794518278057594 -0.8475507900769166 -1.1978244897231582 -0.8170405363587587 -1.200040994181417 -1.7035073480749645 -1.7937603827571469 -1.2392842091565435 -1.2841434901628195 -0.8937306759124343 -1.2876471988590863 -1.2112068041861146
-1.2538566982275792 -1.2822702211692587 -1.2289739523456624 -1.1956772312036683 -0.8197891390364833 -1.2205527797145306 -0.7527878457803615 -0.7416374692600534 -0.7904125133400149 -0.8264754104615446 -1.354964075184082 -1.3179163170899972 -1.9000627703847492 -1.381035792990673 -1.8601788581518741 -0.9664983759105256 -1.1609449949763375 -1.1704946972951782 -1.1712563373878093 -0.7570319360951525 -0.8029558004450056 -0.7704189241548978 -0.7893159329339731 -0.7472218823318497 -0.7649435739478048 -0.7552502484152112 -0.7616747932525322 -0.7158637647841289 -1.1801596542879738 -0.7682536183308057 -0.7278823718276984 -0.7476084127208147 -0.7728911817080129 -1.2619200282647367 -1.3054974704317999 -1.3047161539569405 -1.472100710304289 -1.9501926249473636 -2.606204387273622 -1.9005641218231981 -1.2218044861346546 -1.2336744249840488 -1.2504341385572695 -1.80327743044166 -1.897576916527455 -1.887823886441796 -1.8123319625351015 -0.7548056483204761 -1.133052271997225 -1.1756793189054549 -0.8061541574694618 -1.4367026209450775 -1.7033839967590594 -1.1783221794603203 -1.2625481590547531 -0.816201357387173 -0.7618590221629756 -0.7555617037874913 -0.7052002101600606 -0.7365673476868858 -0.7427403799890099 -0.7430598225919512 -0.7308175509730361 -0.7285292785151021 -0.8201906258132213 -1.2459708993055516 -1.2336453124368447 -1.1879761679123877 -1.2249904447988145 -1.2175472069668738 -0.8124201029511567 -1.1955708625901538 -1.7040388844460124 -1.2734187481342303 -0.778789638709851 -1.2921642531565913 -0.7801834379226666 -1.19823992902022 -1.2332428239479944 -0.7719459957463878 -1.8156889707899178 -0.7771415491099763 -1.2436069219685244 -1.2528592609159677 -1.9999538677873232 -0.9172021664383362 -1.3153176504045936 -1.8584577939806617 -0.7872141824169311 -0.8255906994700132 -0.7831605913262585 -0.7287594589659918 -0.8296861235962273 -0.7789520079578734 -0.7666065410714333 -0.7553931429942076 -1.2531053767930542 -0.8863026537008627 -1.241827603881408 -0.850400696106437 -1.3545485116707694 -0.9262974169712005 -0.8699339055826424 -1.2471002177001838 -0.7838119286645724 -0.8016684267443901 -0.7560873085364984 -0.7377461417541549 -0.7237782914330996 -0.8015546803017426 -1.2362314229423135 -1.279204999772138 -0.779801643638289 -1.733160288578695 -0.8069874547737865 -0.833220395867982 -1.8563889324441925 -1.2624186331648777 -0.8316399722505363 -0.7619641208265087 -0.7622758465401516 -0.7525023318030004 -0.7121977578502199 -0.8277533401857519 -0.7703933247179978 -1.8731977747677981 -1.8750565989869776 -1.890158459776273 -0.8063323560371306 -0.7923501123129317 -0.7865468425749346 -0.7742575048124942 -0.7927333864769078 -0.8280482270563797 -0.7846876878328602 -0.7853887410251221 -0.7732504570997175 -0.8370011150659862 -1.240178227210346 -0.9354762441645591 -1.8477183011134195 -1.9031816491718971 -1.2789852965429156 -1.858536267129055 -0.7425184142691258 -0.8004709801779237 -0.7563309969367795 -0.8206160834021031 -0.8094318079333691 -0.8386123797985406 -1.1978244897231582 -0.8170405363587587 -1.200040994181417 -1.7035073480749645 -1.7912614439073922 -1.2392842091565435 -1.2841434901628195 -0.8937306759124343 -1.2876471988590863 -1.2112068041861146
-0.7872125648213851 -1.296016022557157 -0.7776628896171747 -1.1292226622895054 -0.7983500641708897 -1.2018036718761913 -0.7675355714200476 -0.7380518038766698 -0.7661237753925082 -1.2995832244525753 -1.4749911124024566 -2.020407778849876 -1.9170776205133613 -1.385899341436221 -1.9428250895313353 -0.8778377711562915 -1.674966083332756 -1.6873837544716737 -1.2267026922256667 -1.2710841876618248 -0.871358729768048 -0.8286214630014427 -0.7875863966799762 -0.7446360215019552 -0.7550461837720431 -0.741112556397264 -0.7528819904317378 -0.7460865366839117 -0.7678933501787863 -0.7467500362761307 -0.7334581029976639 -0.738444473660942 -0.7758794540608577 -1.2130066207880073 -1.219625715871945 -0.8509501079833754 -0.9210798137757176 -2.3312803107955853 -1.9572987010042067 -2.496396448142298 -0.7645589084159163 -0.7579672447428387 -0.7895541959806033 -1.2345433657676048 -1.293152834959008 -1.8783724585764123 -1.793058595634046 -0.7471658676255399 -1.2225951161335882 -1.2645692856032509 -0.9247924765008575 -1.4856215999379707 -2.337624447125956 -1.2037606693115512 -1.2030698309939596 -0.7861136772311205 -0.7520120436475729 -0.7385023959010438 -0.7367397010617607 -0.7690141133840058 -0.7629974477192754 -1.2025520310798008 -0.7948578414939852 -0.7407618988963182 -0.7725906863621953 -0.7694853671362181 -0.8063366223508845 -0.7604806280148627 -0.7967461346839648 -0.776260397325443 -0.7937884337893184 -0.7522743137265835 -1.2019394201713607 -1.2302143558632475 -0.8244706058152278 -1.252826012650866 -0.8398082615196563 -0.7778631223262066 -0.7836002860928427 -0.7421993217264014 -1.283210853391275 -0.7746806133175164 -1.2843889493645018 -2.501573644308332 -1.8560109470684993 -1.4411060347421303 -0.7947069795492435 -1.2798260937300758 -0.808349095498722 -0.7598904915270756 -0.9143665139047583 -1.7326427565827818 -0.7922076924730631 -0.7591057087462943 -1.7182043788845303 -0.756277744395072 -1.295638468402017 -1.0018086678455302 -1.8806878059274572 -0.9469375862282593 -1.3898751757133372 -0.9234626793575665 -0.799909007477194 -0.761929424097095 -1.2591007568767625 -0.7796073001941647 -0.7476934026815475 -0.7607334402121839 -0.6872151985873829 -0.7514962287283878 -1.2123448034202535 -1.2558980929369628 -0.797379783387155 -1.2129594828497172 -0.8142466106697338 -0.8845118952639668 -1.7085846047452913 -1.1924265028116292 -0.813369180366025 -0.7612447197239431 -0.7463734028817685 -0.7770044978914376 -0.7680116011387466 -0.739917161066972 -0.7686306142371795 -1.793988567890369 -1.252827200630421 -1.2977834449130763 -0.7755196964480573 -0.7917810645351868 -0.7611603109527927 -1.1574586785911318 -0.7788689139369573 -0.8085006308813436 -0.7845060710489826 -0.7952913354046168 -0.7611273336070661 -1.33284482627535 -2.4054298968677323 -0.9094820771654615 -1.2597767978389287 -1.231082991922311 -0.8109602197117575 -1.260713985819421 -0.7337214223238465 -0.7640452168024197 -0.7752801740233651 -0.8021794692498291 -0.7961202937560768 -0.828319050152265 -1.1783407044466891 -0.7789288498998095 -0.7601921300639449 -1.7018164302858394 -1.2442438056493086 -0.8217544897296036 -0.7871223650189718 -0.8543699004915138 -0.8433894235090058 -0.7599401638554016
-0.7860055735788172 -1.2822702211692587 -1.2705859373792237 -1.1956772312036683 -0.8036204890055657 -1.1762577718389704 -0.7531958421131909 -0.7416374692600534 -0.7442266115973899 -0.835612681887369 -1.354964075184082 -1.2982501445299763 -1.9410915663596586 -1.3491630930486014 -1.8895330722986985 -0.9672244912741249 -1.15914092022294 -1.2512830524452054 -1.2685453395249031 -0.8426125479875564 -0.8423931063688805 -0.8104858180209227 -0.8070704533279919 -0.7472218823318497 -0.7584434419066376 -0.7546486581784247 -0.7322437531018484 -0.7200115107274868 -1.1727569425460909 -0.7628571545682239 -0.7618291253218401 -0.7485956161672469 -0.8040009199649233 -1.2505061527803214 -1.2382887776153084 -1.3047161539569405 -1.4819095720865512 -1.9313596679999978 -2.606204387273622 -1.3145553404321606 -1.2107948709633063 -1.2408222803678197 -1.209647482377138 -1.8112096550245875 -1.2862844856385507 -1.8600299708096766 -1.8103699654590504 -0.7649178756052399 -1.1456906775242859 -1.2444772835233207 -0.7977177914444668 -1.4367026209450775 -1.7033839967590594 -1.7285769253196315 -1.2625481590547531 -0.7914323848289483 -0.756156092409851 -0.7610117062054471 -0.7545072608562882 -0.7456708757599715 -0.7481804518846683 -0.7359224318724626 -0.7377089482310364 -0.7400846427015807 -0.8240148048749006 -1.2600996228917014 -1.2188225558751393 -1.2116942705601754 -1.2249904447988145 -1.249968511937711 -0.8185050564981311 -1.223614060959841 -1.7671029901892303 -1.2829959638925175 -1.2999774841369829 -1.2921642531565913 -1.2367660188876044 -1.19823992902022 -0.7669098478531379 -0.766453640397034 -1.2529906517113352 -0.8233588251806401 -1.1897964581098128 -1.2436412180886482 -1.9999538677873232 -1.3709984962681325 -1.3265933478497298 -1.8584577939806617 -0.7782231450681948 -0.8129092160544021 -0.7816463075725945 -0.8056272422059769 -0.7924536272670659 -0.7958908076816741 -0.7769582527936124 -0.7577614990627156 -0.7753037903147225 -0.8633250038778878 -1.1917807925023394 -0.850400696106437 -1.3756566806520882 -0.8682705794586537 -0.870286235772149 -1.2231893184032452 -0.7613666756522485 -0.761374529432086 -0.7257722348906686 -0.7235946301181905 -0.7138224801734641 -0.8270253488062361 -1.268622721839972 -1.2568574819805 -0.7965382861155337 -1.7960211321921187 -0.8082097514716172 -0.8171880137045445 -1.8787179002913366 -1.282872768317977 -0.8373036496969236 -0.759431171543774 -0.7792327291787069 -0.7525023318030004 -0.7456517846183306 -0.8277533401857519 -1.197734346494908 -1.8731977747677981 -1.2816359931144679 -1.9346160347516541 -0.7743434120461268 -0.7700861422869498 -0.7636476209766332 -0.8159182033644523 -0.8036696051339268 -0.8280482270563797 -0.7771041089187507 -0.7917409649894299 -0.7386386924911634 -0.8370011150659862 -1.8021183884634167 -0.9354762441645591 -1.9167423898570684 -1.9328564928461873 -1.233721693145616 -1.858536267129055 -0.7290614738420713 -0.7641538439133856 -0.7563309969367795 -0.7933512231267228 -0.7728651391788836 -0.8027832835243929 -0.7631047240877197 -0.7930500735387316 -1.200040994181417 -1.7035073480749645 -1.7278922519348108 -1.1922220097620555 -1.215595109737785 -0.8665519353678443 -0.7930792398115243 -1.2112068041861146
-0.800332554834053 -1.2822702211692587 -1.2374751540792315 -1.1956772312036683 -0.8036204890055657 -1.1815226560407668 -0.7531958421131909 -0.7416374692600534 -0.7442266115973899 -0.835612681887369 -1.354964075184082 -1.2592849786144233 -1.9410915663596586 -1.3491630930486014 -1.8895330722986985 -0.9672244912741249 -1.15914092022294 -1.243496246119667 -1.226162866921284 -0.8426125479875564 -0.8423931063688805 -0.8104858180209227 -0.8070704533279919 -0.7527948852621639 -0.7528920454959552 -0.7546486581784247 -0.7322437531018484 -0.7108516624860808 -1.1727569425460909 -0.7628571545682239 -0.7618291253218401 -0.7485956161672469 -0.8040009199649233 -0.8018901948479076 -1.2382887776153084 -1.3047161539569405 -1.3216113301579808 -1.9313596679999978 -1.949257347251075 -1.3145553404321606 -1.2016556592671848 -1.2408222803678197 -1.2014689129104992 -1.249324182187142 -1.2862844856385507 -1.8600299708096766 -1.7620452706439385 -0.7649178756052399 -1.1456906775242859 -1.2444772835233207 -0.7977177914444668 -1.4367026209450775 -1.7520034305253431 -1.7285769253196315 -1.2625481590547531 -0.7914323848289483 -0.756156092409851 -0.7610117062054471 -0.7545072608562882 -0.7369658510059579 -0.7481804518846683 -0.749669128953364 -0.7450996663196632 -0.7453975694963938 -0.8240148048749006 -1.2731698996444443 -1.2188225558751393 -1.2787048793588511 -1.2794880117819085 -1.2998729786757197 -0.8238382325589213 -1.223614060959841 -1.7671029901892303 -1.2829959638925175 -0.8194788273533026 -1.869202909166568 -1.3183146464306918 -1.19823992902022 -0.7577653007501856 -0.7719459957463878 -1.2529906517113352 -0.8233588251806401 -1.1969234819980128 -1.2443906487136625 -1.9999538677873232 -1.3709984962681325 -1.392068085018545 -1.8584577939806617 -0.7782231450681948 -0.8129092160544021 -0.7707274233589688 -0.7961715952742547 -0.8013708373226841 -0.8033118000486229 -0.7769582527936124 -0.7577614990627156 -0.7753037903147225 -0.8312455805736351 -1.2043984550070352 -0.850400696106437 -1.3756566806520882 -0.8682705794586537 -0.870286235772149 -1.2231893184032452 -0.7297931036134785 -0.7508109590321289 -0.7475699000373857 -0.7235946301181905 -0.7193365426690441 -0.806816097292126 -1.2506162663413651 -1.279204999772138 -1.257135600337123 -1.7745020316563687 -0.8082097514716172 -0.8171880137045445 -1.8787179002913366 -1.282872768317977 -0.8858986517284957 -0.759431171543774 -0.7792327291787069 -0.7525023318030004 -0.7169396822711589 -0.8277533401857519 -1.183862826846522 -1.293568622919077 -0.816079093123095 -1.8558678550062644 -0.7743434120461268 -0.7609693260130096 -0.7578093595515436 -0.8317935499364068 -0.7927333864769078 -0.8280482270563797 -0.7771041089187507 -0.7917409649894299 -0.7883184010289873 -0.8824761201781955 -1.8021183884634167 -0.9354762441645591 -1.9167423898570684 -1.9328564928461873 -1.233721693145616 -1.845584438014618 -0.7290614738420713 -0.7641538439133856 -0.7563309969367795 -0.7933512231267228 -0.7717146037631364 -0.7882804352323098 -0.756061526197385 -0.7828999293616333 -1.1911181807741915 -1.7035073480749645 -1.7278922519348108 -1.1922220097620555 -1.2426132071168707 -0.8593773767022939 -1.2522288526481193 -1.2112068041861146
-0.800332554834053 -1.2822702211692587 -1.2374751540792315 -1.1956772312036683 -0.8209966997852505 -1.1815226560407668 -0.7531958421131909 -0.7416374692600534 -0.7442266115973899 -0.835612681887369 -1.3216935814696396 -1.2845991592191144 -1.9410915663596586 -1.3918206632083612 -1.8895330722986985 -0.9672244912741249 -1.2211905708799184 -1.8049082111001906 -1.226162866921284 -1.314475818403192 -0.8423931063688805 -0.8104858180209227 -0.8070704533279919 -0.7855928076754615 -0.7528920454959552 -0.7463856624505759 -0.7322437531018484 -0.7144683694199402 -1.1727569425460909 -0.7628571545682239 -0.7618291253218401 -0.7485956161672469 -0.8040009199649233 -0.8018901948479076 -1.2382887776153084 -1.3047161539569405 -1.3216113301579808 -1.345843731427876 -1.949257347251075 -1.3145553404321606 -1.2016556592671848 -1.2408222803678197 -1.2079157550481199 -1.249324182187142 -1.2862844856385507 -1.7985071562159125 -1.7620452706439385 -0.777471627127512 -1.1456906775242859 -1.2444772835233207 -1.2565627594823214 -1.4367026209450775 -1.7520034305253431 -1.7285769253196315 -1.2625481590547531 -0.8626394343792791 -0.756156092409851 -0.7610117062054471 -0.7488236157103559 -0.7666814425959131 -0.7481804518846683 -0.749669128953364 -0.7450996663196632 -0.7453975694963938 -0.8311448176289565 -1.2731698996444443 -1.2188225558751393 -1.2787048793588511 -1.2794880117819085 -1.3229653535219472 -0.8238382325589213 -1.223614060959841 -1.7671029901892303 -1.342516431173494 -1.284428377074365 -1.869202909166568 -1.3304008039314685 -1.7582365452112798 -0.7477501599654289 -0.766453640397034 -1.2529906517113352 -0.8233588251806401 -1.1969234819980128 -1.2443906487136625 -1.9999538677873232 -1.3709984962681325 -1.392068085018545 -1.8663888427914315 -0.7782231450681948 -0.8129092160544021 -0.7820775047220884 -0.7961715952742547 -0.7924536272670659 -0.8033118000486229 -0.7993528944527816 -0.7577614990627156 -0.7753037903147225 -0.8312455805736351 -1.2043984550070352 -0.850400696106437 -1.3219132647985763 -0.8905565524048763 -0.870286235772149 -1.2231893184032452 -0.7174209739061996 -0.7508109590321289 -0.7475699000373857 -0.7235946301181905 -0.7271253438174068 -0.806816097292126 -1.2506162663413651 -0.7840144870259467 -1.257135600337123 -1.7745020316563687 -0.8626909486152244 -1.283533331817316 -1.8787179002913366 -1.282872768317977 -0.8530742582970577 -0.759431171543774 -0.7792327291787069 -0.7588440191251271 -0.7169396822711589 -0.798598667041878 -0.7339319031149899 -0.8267258904743747 -0.816079093123095 -1.8120391026183997 -0.7454171126720663 -0.7609693260130096 -0.7304511270079809 -0.8441084305346418 -0.7927333864769078 -0.8280482270563797 -0.7771041089187507 -0.7917409649894299 -0.7883184010289873 -0.8824761201781955 -1.8021183884634167 -0.916962024838879 -1.9167423898570684 -1.964745384432207 -1.2638071256995818 -1.845584438014618 -0.721923302938173 -0.7641538439133856 -0.7492096519882754 -0.7840488163022793 -0.7780743990468431 -0.7985035709886988 -0.7642428140203293 -0.7964439929698494 -1.1911181807741915 -1.7035073480749645 -1.7278922519348108 -1.1922220097620555 -1.2426132071168707 -0.8593773767022939 -1.2522288526481193 -1.2112068041861146
-0.800332554834053 -1.2822702211692587 -1.2374751540792315 -1.1956772312036683 -0.8209966997852505 -1.2063911342240174 -0.7392829153431687 -0.7416374692600534 -0.7442266115973899 -0.8446373401074018 -1.3216935814696396 -1.2945734696569031 -1.9283677944220234 -1.3918206632083612 -1.8895330722986985 -0.9672244912741249 -0.7713019596212792 -1.235948246425808 -1.2353253125519428 -1.272687690747751 -1.3083575381939845 -1.2724724998575176 -0.8070704533279919 -0.7855928076754615 -0.7528920454959552 -0.7463856624505759 -0.7399093237675116 -0.7236599994184189 -0.7345267969139255 -0.7628571545682239 -0.7668474251517935 -0.7485956161672469 -0.7764748457370441 -0.7998863233890652 -0.7769227857777357 -1.3047161539569405 -1.3216113301579808 -0.8804780263142474 -1.8127734035119683 -1.3334308650712485 -1.2016556592671848 -1.2408222803678197 -1.1923828089148019 -1.284261035960744 -1.2315631565875687 -1.2371734260386689 -1.2006125177097509 -0.762737258383458 -1.1456906775242859 -1.2444772835233207 -1.3253516889344221 -1.4367026209450775 -1.7972731973757226 -1.7285769253196315 -1.2625481590547531 -0.8626394343792791 -0.756156092409851 -0.7610117062054471 -0.7488236157103559 -0.7619729074092413 -0.7481804518846683 -0.749669128953364 -0.7450996663196632 -0.7453975694963938 -0.82583552151598 -1.2731698996444443 -1.2188225558751393 -1.2787048793588511 -1.2794880117819085 -1.3040430204265656 -0.8066206550592252 -1.223614060959841 -2.4074423526337596 -1.342516431173494 -1.2569058438899594 -1.8373723259500003 -1.289120498358048 -1.702865848508854 -0.788246431538042 -0.8030322441642791 -1.2295693927584566 -1.3311471769072718 -1.1969234819980128 -1.276356545323868 -1.9999538677873232 -1.3709984962681325 -1.392068085018545 -1.8663888427914315 -0.7365478454762576 -0.7912732197607281 -0.7820775047220884 -0.7961715952742547 -0.7924536272670659 -0.7921262040463186 -0.7993528944527816 -0.7577614990627156 -0.7753037903147225 -0.8133622112768267 -1.1917807925023394 -0.850400696106437 -1.3219132647985763 -0.9223301766105002 -0.8885392200144323 -1.2231893184032452 -0.7346813090424258 -0.7368283651778883 -0.7212179208595267 -0.7235946301181905 -0.7139250759080031 -0.7694522589805136 -0.7935392031487664 -0.7840144870259467 -1.257135600337123 -1.7745020316563687 -0.8626909486152244 -1.294082014807909 -1.8787179002913366 -1.2756864395622536 -0.8318531641561909 -0.759431171543774 -0.7390407245914132 -0.7588440191251271 -0.7101480045211982 -0.7498934992340253 -0.7339319031149899 -0.8081678264232507 -0.816079093123095 -1.8120391026183997 -0.7552944041653621 -0.7417173387362614 -0.7252317853003534 -0.8441084305346418 -0.7927333864769078 -0.8355828869192418 -0.7771041089187507 -0.7917409649894299 -0.8052384366510006 -0.8761504161277607 -1.8021183884634167 -0.916962024838879 -1.9167423898570684 -1.964745384432207 -1.2638071256995818 -1.845584438014618 -0.7164641054560851 -0.7641538439133856 -0.7492096519882754 -0.7840488163022793 -0.7626834337861705 -0.7633619602896091 -0.7664244815124102 -0.8006772859751603 -1.1911181807741915 -1.7035073480749645 -1.742784832878643 -1.1922220097620555 -1.215595109737785 -0.8593773767022939 -1.2522288526481193 -1.2112068041861146
-1.259517428973502 -1.2822702211692587 -1.2648028695739877 -1.1956772312036683 -0.8209966997852505 -1.2063911342240174 -0.7392829153431687 -0.7377804300988008 -0.7931888773814636 -0.8446373401074018 -1.3216935814696396 -1.2945734696569031 -1.9283677944220234 -1.404322611529175 -1.8895330722986985 -0.9672244912741249 -0.7870504969215344 -1.2551577959056828 -1.7955066705926486 -1.272687690747751 -1.3083575381939845 -1.2429393783765426 -0.8070704533279919 -0.7746606542078418 -0.7528920454959552 -0.7463856624505759 -0.7399093237675116 -0.7236599994184189 -0.7345267969139255 -0.7628571545682239 -0.7668474251517935 -0.7485956161672469 -0.7764748457370441 -0.7891446070956453 -0.7647005810039155 -1.2905622828292522 -1.2734556608897278 -0.8781251415154605 -1.7940033135627116 -1.3334308650712485 -1.2016556592671848 -1.2408222803678197 -1.1923828089148019 -1.2301777831641627 -1.2315631565875687 -1.242469109895198 -1.2006125177097509 -0.762737258383458 -1.1875540376716756 -1.2444772835233207 -1.3340779590201028 -1.4367026209450775 -1.7972731973757226 -1.7285769253196315 -1.2761426889091894 -0.8564058108929229 -0.7622582266133766 -0.7610117062054471 -0.7488236157103559 -0.7619729074092413 -0.7535435579591082 -0.749669128953364 -0.7450996663196632 -0.7523972623916018 -0.8190890313140768 -1.2731698996444443 -1.2586502765152403 -1.2787048793588511 -1.2794880117819085 -1.3040430204265656 -0.8260359357912684 -1.2768750913571156 -2.3968163746979188 -1.342516431173494 -1.2569058438899594 -1.8373723259500003 -1.289120498358048 -1.702865848508854 -0.788246431538042 -0.8030322441642791 -1.2295693927584566 -1.3311471769072718 -1.2040552476393322 -1.2352041043242799 -1.9999538677873232 -1.3709984962681325 -1.392068085018545 -1.8938015412352551 -0.7365478454762576 -0.7842625103341466 -0.7820775047220884 -0.8056272422059769 -0.7924536272670659 -0.7921262040463186 -0.8271202045640618 -0.7577614990627156 -0.7753037903147225 -0.8133622112768267 -1.1917807925023394 -0.850400696106437 -1.7869896483492635 -1.3541225017578986 -0.9245715455828488 -1.2231893184032452 -0.7346813090424258 -0.7450163091731763 -0.7212179208595267 -0.7308691878984858 -0.734288972007373 -0.7890474598403658 -0.8073883845119442 -0.7840144870259467 -1.2361415204401576 -1.8576382375053035 -0.8626909486152244 -1.294082014807909 -1.8787179002913366 -1.282872768317977 -0.8318531641561909 -0.7500779769955233 -0.7390407245914132 -0.7525023318030004 -0.6981922356477619 -0.755643287850785 -0.7339319031149899 -0.7665751482650079 -0.7793146860371787 -1.2327510512332722 -0.7552944041653621 -0.7552404826868883 -0.7374860478705328 -0.8441084305346418 -0.8435716963099449 -0.8565087616935194 -0.7771041089187507 -0.7975614611631611 -0.8052384366510006 -0.9238194362586768 -1.8021183884634167 -0.916962024838879 -1.9167423898570684 -1.964745384432207 -1.2831083685636668 -1.845584438014618 -0.7164641054560851 -0.7641538439133856 -0.7492096519882754 -0.771812642261183 -0.7626834337861705 -0.7633619602896091 -0.7890941249304836 -0.8006772859751603 -1.1911181807741915 -1.7035073480749645 -1.742784832878643 -1.1922220097620555 -1.215595109737785 -0.8593773767022939 -1.2522288526481193 -1.1967267500292795
-1.259517428973502 -1.2822702211692587 -1.2648028695739877 -1.1956772312036683 -1.2861890452021765 -1.2063911342240174 -0.7392829153431687 -0.7377804300988008 -0.7814703357719925 -1.318309932374497 -1.328843213872387 -1.3340637105310902 -1.9283677944220234 -1.404322611529175 -1.8895330722986985 -0.9672244912741249 -0.7870504969215344 -1.2551577959056828 -1.8026534694478997 -1.272687690747751 -1.3083575381939845 -1.2429393783765426 -1.2679392369306273 -0.7746606542078418 -0.7528920454959552 -0.7463856624505759 -0.7292991236434028 -0.7236599994184189 -0.7580491677544046 -0.7628571545682239 -0.7668474251517935 -0.7485956161672469 -0.7764748457370441 -0.7961377341013602 -0.7647005810039155 -1.2774245500090367 -1.2734556608897278 -0.8781251415154605 -1.7940033135627116 -1.3174107411381355 -1.2016556592671848 -1.2408222803678197 -1.1907540801046839 -1.2301777831641627 -1.2315631565875687 -1.2345553882836828 -1.1883229303975495 -0.7677050667573904 -1.1875540376716756 -1.8070212813917934 -1.3340779590201028 -1.4367026209450775 -1.7972731973757226 -1.7285769253196315 -1.2761426889091894 -0.8564058108929229 -0.7674581795683565 -0.7610117062054471 -0.7488236157103559 -0.7619729074092413 -0.7553260913168913 -0.749669128953364 -0.7503712615875454 -0.7523972623916018 -0.8190890313140768 -1.3008154846536433 -1.284536348466194 -1.30020479314588 -1.3121132983047579 -1.3040430204265656 -0.8074929964136415 -1.2584464371508124 -2.3968163746979188 -1.342516431173494 -1.2569058438899594 -1.8373723259500003 -1.289120498358048 -1.702865848508854 -1.244595891452798 -0.8089517585556993 -1.2631865280549848 -1.3311471769072718 -1.196906219111454 -1.2352041043242799 -1.9999538677873232 -1.3709984962681325 -1.3721593129100071 -1.8938015412352551 -0.7308138660606497 -0.7842625103341466 -0.7820775047220884 -0.7961715952742547 -0.7924536272670659 -0.7843208894560905 -0.8271202045640618 -0.7577614990627156 -1.2474503252594522 -1.0502417979092828 -1.7446999131525824 -0.8405926467426952 -1.8150926398410079 -1.3383240954137672 -0.9245715455828488 -1.238406548852809 -0.7476637269664449 -0.7380193629042301 -0.7069760179810497 -0.7434150316409888 -0.7622406883467785 -0.7890474598403658 -0.8133213809973688 -0.7840144870259467 -1.2361415204401576 -1.8576382375053035 -0.8626909486152244 -1.294082014807909 -1.8787179002913366 -1.8509828907740795 -1.299925885082447 -0.7783991363050357 -0.7445121083370118 -0.7525023318030004 -0.6981922356477619 -0.755643287850785 -0.76418348036369 -0.7665751482650079 -0.7906643388273972 -1.774676187589027 -0.7634989938959952 -0.7552404826868883 -0.7458625018747115 -0.8516531078152269 -0.8038975977651919 -0.8565087616935194 -0.7771041089187507 -0.7913711205667509 -0.8052384366510006 -0.9238194362586768 -1.8021183884634167 -0.916962024838879 -1.9167423898570684 -1.9328564928461873 -1.3121905763138815 -1.8569065625154593 -0.7226599988136194 -0.7641538439133856 -0.7492096519882754 -0.771812642261183 -0.7626834337861705 -0.7633619602896091 -0.7890941249304836 -0.806514634584564 -1.1911181807741915 -1.7035073480749645 -1.742784832878643 -1.200131927104491 -1.215595109737785 -0.8593773767022939 -1.2522288526481193 -1.1967267500292795
-1.281364564724563 -1.2822702211692587 -1.2648028695739877 -1.1956772312036683 -1.2861890452021765 -1.2161016049452567 -0.7434803617811946 -0.7377804300988008 -0.810445852694476 -1.318309932374497 -1.3202390421721406 -1.3179163170899972 -1.9283677944220234 -1.404322611529175 -1.8895330722986985 -0.9592563755387318 -0.7787245546062396 -1.2551577959056828 -1.8026534694478997 -1.272687690747751 -1.3083575381939845 -1.2429393783765426 -1.2679392369306273 -0.7926684609370426 -0.7528920454959552 -0.7463856624505759 -0.7292991236434028 -0.7236599994184189 -0.7580491677544046 -0.7628571545682239 -0.7668474251517935 -0.7485956161672469 -0.7829988712883101 -0.8032286934576202 -0.7594110424802962 -1.2888335236449877 -1.2734556608897278 -0.8781251415154605 -1.8054671054552915 -1.3387676112294298 -1.2016556592671848 -1.2477429497591876 -1.1907540801046839 -1.2301777831641627 -1.2315631565875687 -1.2345553882836828 -1.1883229303975495 -0.7677050667573904 -1.2287400130863315 -1.2456415672339982 -1.3340779590201028 -1.4367026209450775 -1.7481910004446664 -1.7285769253196315 -1.2761426889091894 -0.8564058108929229 -0.7674581795683565 -0.7610117062054471 -0.7488236157103559 -0.7619729074092413 -0.7553260913168913 -0.7548550913507122 -0.7503712615875454 -0.7523972623916018 -0.8190890313140768 -1.3008154846536433 -1.284536348466194 -1.30020479314588 -1.3121132983047579 -1.3040430204265656 -1.2693503889878746 -1.2584464371508124 -2.3968163746979188 -1.342516431173494 -1.2569058438899594 -1.8373723259500003 -1.289120498358048 -1.702865848508854 -1.2568309349151334 -0.816431073256669 -1.2631865280549848 -1.3100716690433838 -1.2040552476393322 -1.2352041043242799 -1.9999538677873232 -1.3709984962681325 -1.9555883946457642 -1.8938015412352551 -0.7308138660606497 -0.790512467049205 -0.7820775047220884 -0.7961715952742547 -0.7924536272670659 -0.7843208894560905 -0.8271202045640618 -0.7577614990627156 -1.2474503252594522 -1.0502417979092828 -1.7446999131525824 -0.8405926467426952 -1.8150926398410079 -1.3383240954137672 -0.9245715455828488 -1.2374160649531727 -0.7670486111543101 -0.72823795786738 -0.7082667339827485 -0.7434150316409888 -0.7622406883467785 -0.7843070730064869 -0.7966263881046988 -0.7840144870259467 -1.2298948081475483 -1.818817114513183 -0.8626909486152244 -1.294082014807909 -1.8787179002913366 -1.8509828907740795 -1.299925885082447 -0.7783991363050357 -0.7445121083370118 -0.7426508787653121 -0.6981922356477619 -0.755643287850785 -0.76418348036369 -0.7797473360695711 -0.7906643388273972 -1.774676187589027 -0.7634989938959952 -0.7552404826868883 -0.7458625018747115 -0.8516531078152269 -0.8038975977651919 -0.8565087616935194 -0.7771041089187507 -0.7913711205667509 -0.8052384366510006 -0.9010351189246024 -1.8021183884634167 -0.9428885983147499 -1.9167423898570684 -1.9328564928461873 -1.296533804406959 -1.8569065625154593 -0.7226599988136194 -0.7641538439133856 -0.7492096519882754 -0.771812642261183 -0.7460977558737856 -0.7633619602896091 -0.7890941249304836 -0.7710256172160164 -1.2137551324087739 -1.7156796327997845 -1.742784832878643 -1.1742662578283465 -1.215595109737785 -0.8577411037392383 -1.2676424360553753 -1.1967267500292795
-1.281364564724563 -1.2822702211692587 -1.2648028695739877 -1.1956772312036683 -0.8209966997852505 -1.2161016049452567 -0.7434803617811946 -0.7311674908201151 -0.810445852694476 -1.318309932374497 -1.3202390421721406 -1.3179163170899972 -1.9283677944220234 -1.404322611529175 -1.8895330722986985 -0.9592563755387318 -0.7787245546062396 -1.2517300971916605 -1.7840563170441186 -1.2357288755586275 -1.2628441197602385 -1.2549314814864425 -1.2679392369306273 -0.7926684609370426 -0.7528920454959552 -0.7463856624505759 -0.7292991236434028 -0.7236599994184189 -0.7580491677544046 -0.7628571545682239 -0.7668474251517935 -0.7485956161672469 -0.7829988712883101 -0.8209853551421633 -0.7763126565359666 -1.299655612051776 -1.2845203841982473 -0.893013755521909 -1.8054671054552915 -1.3387676112294298 -1.2016556592671848 -1.2405749702556363 -1.1907540801046839 -1.2301777831641627 -1.2315631565875687 -1.2345553882836828 -1.1883229303975495 -0.7677050667573904 -1.2287400130863315 -1.2456415672339982 -1.3253516889344221 -1.4367026209450775 -1.7481910004446664 -1.7285769253196315 -0.8027619919945369 -0.8329425515656572 -0.7613282740720396 -0.7610117062054471 -0.7488236157103559 -0.7619729074092413 -0.7553260913168913 -0.7548550913507122 -0.7450996663196632 -0.7523972623916018 -0.8190890313140768 -1.3008154846536433 -1.284536348466194 -1.30020479314588 -1.3121132983047579 -1.3040430204265656 -1.2693503889878746 -1.279166713689703 -2.3968163746979188 -1.342516431173494 -1.2569058438899594 -1.8680829305929094 -1.289120498358048 -1.702865848508854 -1.2568309349151334 -0.816431073256669 -1.2631865280549848 -1.3100716690433838 -1.2040552476393322 -1.2352041043242799 -1.9999538677873232 -1.3709984962681325 -1.3721593129100071 -1.8938015412352551 -0.7308138660606497 -0.781687571759575 -0.7820775047220884 -0.8162668174870835 -0.7924536272670659 -0.7843208894560905 -0.8271202045640618 -0.7500688529485023 -1.2474503252594522 -1.0574175154773924 -1.7295657065607528 -0.8405926467426952 -1.7998777769472658 -1.3383240954137672 -0.9245715455828488 -1.2374160649531727 -0.7670486111543101 -0.72823795786738 -0.7082667339827485 -0.7434150316409888 -0.7692577549432953 -0.7843070730064869 -0.7966263881046988 -0.7840144870259467 -1.2298948081475483 -1.818817114513183 -0.8626909486152244 -1.294082014807909 -1.3071456952744693 -1.86222453094269 -1.299925885082447 -0.7783991363050357 -0.7445121083370118 -0.7426508787653121 -0.6981922356477619 -0.755643287850785 -0.76418348036369 -0.7797473360695711 -0.7906643388273972 -1.774676187589027 -0.7634989938959952 -0.7610693994689927 -0.7458625018747115 -0.8516531078152269 -0.8038975977651919 -0.8700166728361387 -0.7771041089187507 -0.7833268085705103 -0.8052384366510006 -0.9010351189246024 -1.8021183884634167 -0.9428885983147499 -1.9167423898570684 -1.9328564928461873 -1.296533804406959 -1.846785411661325 -0.7308342972174667 -0.7641538439133856 -0.7620166023599915 -0.771812642261183 -0.7558977919789636 -0.7658130613970267 -0.7955833247095405 -0.7710256172160164 -1.2137551324087739 -1.7156796327997845 -1.742784832878643 -1.1742662578283465 -1.215595109737785 -0.8433537753594241 -1.272552048498116 -1.1967267500292795
-1.281364564724563 -1.2822702211692587 -1.2648028695739877 -1.1866901517555632 -0.8209966997852505 -1.2161016049452567 -0.7434803617811946 -0.7321201518190648 -0.810445852694476 -1.318309932374497 -1.3202390421721406 -1.3340637105310902 -1.9283677944220234 -1.404322611529175 -1.8895330722986985 -0.9403086423529936 -0.8193676095393043 -1.2517300971916605 -1.7840563170441186 -1.2357288755586275 -1.2628441197602385 -1.2549314814864425 -1.2536189570672933 -0.8304020376967988 -0.7528920454959552 -0.7463856624505759 -0.7292991236434028 -0.7182509692949484 -0.763751372791876 -0.7628571545682239 -0.7668474251517935 -0.7485956161672469 -0.770992847910973 -0.8209853551421633 -0.7709697974674705 -1.299655612051776 -1.303050827432769 -0.893013755521909 -1.7882244127007876 -1.3387676112294298 -1.2103495350280338 -1.2405749702556363 -1.1907540801046839 -1.2301777831641627 -1.2315631565875687 -1.2345553882836828 -1.1883229303975495 -0.7677050667573904 -1.2287400130863315 -1.2456415672339982 -1.3253516889344221 -1.4367026209450775 -1.7481910004446664 -1.7285769253196315 -0.790338453350353 -0.8284181827258122 -0.7613282740720396 -0.7610117062054471 -0.7559550236021058 -0.7619729074092413 -0.7628162895967677 -0.7613690729574747 -0.7450996663196632 -0.7468570041225782 -0.8190890313140768 -1.3008154846536433 -1.284536348466194 -1.30020479314588 -1.3121132983047579 -1.3040430204265656 -1.2813397711906058 -1.279166713689703 -2.414181207036813 -1.342516431173494 -1.2569058438899594 -1.8680829305929094 -1.289120498358048 -1.7226830184037747 -1.2670280975122026 -0.8302556697934212 -1.2631865280549848 -1.3186074121026077 -1.2040552476393322 -1.2583951000268194 -1.9999538677873232 -1.3709984962681325 -1.9555883946457642 -1.8938015412352551 -0.7308138660606497 -0.790512467049205 -0.7820775047220884 -0.8162668174870835 -0.8013708373226841 -0.7936337958309703 -0.8271202045640618 -0.7500688529485023 -1.2276377719599119 -1.0232741939116672 -1.7295657065607528 -0.8405926467426952 -1.8200150633068548 -1.3383240954137672 -0.9245715455828488 -1.2374160649531727 -0.7670486111543101 -0.7206157811245629 -0.7082667339827485 -0.7497423805526837 -0.7692577549432953 -0.7890474598403658 -0.8086544830256869 -0.7840144870259467 -1.2361710128739876 -1.2552439574477787 -0.8748941677925897 -1.294082014807909 -1.3071456952744693 -1.8386077625682198 -1.299925885082447 -0.7783991363050357 -0.7445121083370118 -0.7426508787653121 -0.6981922356477619 -0.755643287850785 -0.76418348036369 -0.7603770566593783 -0.760315564373362 -1.774676187589027 -0.7634989938959952 -0.7610693994689927 -0.7458625018747115 -0.8516531078152269 -0.7972746460909156 -0.8700166728361387 -0.7771041089187507 -0.777019185450626 -0.8125569551804586 -0.9010351189246024 -1.2412094229081851 -0.911111271017625 -1.3398019947145101 -1.8677537667844675 -1.296533804406959 -1.846785411661325 -0.7456734978610196 -0.7781031206456104 -0.7620166023599915 -0.771812642261183 -0.7493348194650478 -0.7574477635860956 -0.7777152042089234 -0.7710256172160164 -1.2137551324087739 -1.7156796327997845 -1.742784832878643 -1.1742662578283465 -1.215595109737785 -0.8539942692724651 -1.2816787819160285 -1.1967267500292795
-1.259517428973502 -1.2822702211692587 -1.2648028695739877 -1.1866901517555632 -1.2861890452021765 -1.2063911342240174 -0.7434803617811946 -0.7358527093676285 -0.8003727882697241 -1.318309932374497 -1.328843213872387 -1.3340637105310902 -1.9283677944220234 -1.404322611529175 -1.3164319459418876 -0.9403086423529936 -0.8193676095393043 -1.2517300971916605 -1.7532788385026947 -1.2086904759419896 -1.2628441197602385 -1.2343519679206196 -1.2536189570672933 -0.8242422941585383 -0.7528920454959552 -0.7463856624505759 -0.7513529635044647 -0.7182509692949484 -0.7736578343108705 -0.7682536183308057 -0.7668474251517935 -0.7485956161672469 -0.770992847910973 -0.8209853551421633 -0.780453877274587 -1.299655612051776 -1.303050827432769 -0.893013755521909 -1.8043063040770686 -1.3387676112294298 -1.2103495350280338 -1.2405749702556363 -1.1907540801046839 -1.2301777831641627 -1.2315631565875687 -1.2345553882836828 -1.1883229303975495 -0.7730334067504304 -1.2287400130863315 -1.266509607631671 -1.3253516889344221 -1.4367026209450775 -1.7481910004446664 -1.7285769253196315 -0.790338453350353 -0.8284181827258122 -0.7613282740720396 -0.7690668185802418 -0.7430491446635953 -0.7619729074092413 -0.7428931893880302 -0.7613690729574747 -0.7503712615875454 -0.7468570041225782 -0.8190890313140768 -1.3008154846536433 -1.284536348466194 -1.3666326015667238 -1.3121132983047579 -1.3040430204265656 -1.2813397711906058 -1.279166713689703 -2.414181207036813 -1.342516431173494 -1.2569058438899594 -1.8680829305929094 -1.289120498358048 -1.7226830184037747 -1.2670280975122026 -0.8302556697934212 -1.2631865280549848 -1.3186074121026077 -1.1959927892955202 -1.2669111748757704 -1.9999538677873232 -1.3709984962681325 -1.9430897771711941 -1.8938015412352551 -0.7308138660606497 -0.790512467049205 -0.7820775047220884 -0.8032424920352903 -0.8013708373226841 -0.8040815392452001 -0.8271202045640618 -0.7500688529485023 -1.2474503252594522 -1.0232741939116672 -1.7615738562057852 -0.8405926467426952 -1.8200150633068548 -1.3383240954137672 -0.9245715455828488 -1.2374160649531727 -0.7602743053459516 -0.7206157811245629 -0.7082667339827485 -0.7497423805526837 -0.7692577549432953 -0.7945392553193766 -0.8278444566521571 -0.7840144870259467 -1.2424338188629678 -1.2552439574477787 -0.8748941677925897 -1.294082014807909 -1.3071456952744693 -1.8386077625682198 -1.299925885082447 -0.7783991363050357 -0.7445121083370118 -0.7426508787653121 -0.6981922356477619 -0.755643287850785 -0.7745564961134686 -0.7675632644798844 -0.772081220816202 -1.2180887827398386 -0.7634989938959952 -0.7610693994689927 -0.7458625018747115 -0.8637495707304775 -0.8077114478824401 -0.8700166728361387 -0.7890200828295003 -0.777019185450626 -0.8125569551804586 -0.9010351189246024 -1.2412094229081851 -0.911111271017625 -1.3398019947145101 -1.8677537667844675 -1.296533804406959 -1.846785411661325 -0.7456734978610196 -0.7781031206456104 -0.7620166023599915 -0.771812642261183 -0.7493348194650478 -0.7658130613970267 -0.7777152042089234 -0.7710256172160164 -1.2066642629052744 -1.7156796327997845 -1.742784832878643 -1.1742662578283465 -1.215595109737785 -0.8539942692724651 -1.2661803737171449 -1.1967267500292795
-1.259517428973502 -1.2822702211692587 -1.2648028695739877 -1.1866901517555632 -1.2861890452021765 -1.2063911342240174 -0.7566400881172692 -0.7358527093676285 -0.8003727882697241 -1.318309932374497 -1.328843213872387 -1.3340637105310902 -1.9283677944220234 -1.404322611529175 -1.3164319459418876 -0.9403086423529936 -0.8279736797460733 -1.2517300971916605 -1.7532788385026947 -1.2086904759419896 -1.2628441197602385 -1.2343519679206196 -1.2536189570672933 -0.8242422941585383 -0.7528920454959552 -0.7463856624505759 -0.7455448105772182 -0.7182509692949484 -0.7736578343108705 -0.7616901864998581 -0.7668474251517935 -0.7568832882021748 -0.770992847910973 -0.8209853551421633 -0.780453877274587 -1.299655612051776 -1.303050827432769 -0.893013755521909 -1.8043063040770686 -1.3387676112294298 -1.2103495350280338 -1.2405749702556363 -1.1907540801046839 -1.2301777831641627 -1.2315631565875687 -1.2345553882836828 -1.1883229303975495 -0.7677050667573904 -1.2287400130863315 -1.266509607631671 -1.3253516889344221 -1.4367026209450775 -1.7481910004446664 -1.7285769253196315 -0.790338453350353 -0.8284181827258122 -0.7613282740720396 -0.7610117062054471 -0.7430491446635953 -0.7619729074092413 -0.7503006441049804 -0.7613690729574747 -0.7503712615875454 -0.7523129830326778 -0.8190890313140768 -1.3008154846536433 -1.284536348466194 -1.3666326015667238 -1.3121132983047579 -1.3040430204265656 -1.2813397711906058 -1.279166713689703 -2.414181207036813 -1.342516431173494 -1.2726188462563461 -1.8680829305929094 -1.289120498358048 -1.7226830184037747 -1.2670280975122026 -0.8302556697934212 -1.2631865280549848 -1.3186074121026077 -1.1959927892955202 -1.2669111748757704 -1.9999538677873232 -1.3709984962681325 -1.964216085754358 -1.8938015412352551 -0.7308138660606497 -0.790512467049205 -0.7820775047220884 -0.8162668174870835 -0.8013708373226841 -0.8040815392452001 -0.8271202045640618 -0.7578306551734071 -1.2474503252594522 -1.0232741939116672 -1.7463856373068225 -0.8484734885741851 -1.8200150633068548 -1.3383240954137672 -0.9245715455828488 -1.2374160649531727 -0.7602743053459516 -0.7206157811245629 -0.7082667339827485 -0.7497423805526837 -0.7555445842238807 -0.7945392553193766 -0.8284839213601548 -0.7894555159292113 -1.2424338188629678 -1.2552439574477787 -0.8748941677925897 -1.2511691266667975 -1.3071456952744693 -1.8386077625682198 -1.299925885082447 -0.7783991363050357 -0.7445121083370118 -0.7426508787653121 -0.6981922356477619 -0.755643287850785 -0.76418348036369 -0.7675632644798844 -0.772081220816202 -1.2180887827398386 -0.7634989938959952 -0.7610693994689927 -0.7374860478705328 -0.8637495707304775 -0.8077114478824401 -0.8700166728361387 -0.7771041089187507 -0.777019185450626 -0.8125569551804586 -0.9010351189246024 -1.2412094229081851 -0.911111271017625 -1.3398019947145101 -1.8677537667844675 -1.296533804406959 -1.846785411661325 -0.7456734978610196 -0.7781031206456104 -0.7620166023599915 -0.771812642261183 -0.7493348194650478 -0.7658130613970267 -0.7777152042089234 -0.7710256172160164 -1.1972646977419885 -1.7156796327997845 -1.742784832878643 -1.1742662578283465 -1.215595109737785 -0.8539942692724651 -1.2661803737171449 -1.1967267500292795
-1.259517428973502 -1.2822702211692587 -1.2648028695739877 -1.1866901517555632 -1.2861890452021765 -1.2063911342240174 -0.7566400881172692 -0.7388833480481746 -0.8003727882697241 -1.318309932374497 -1.328843213872387 -1.3340637105310902 -1.9283677944220234 -1.404322611529175 -1.3164319459418876 -0.9403086423529936 -0.8279736797460733 -1.2517300971916605 -1.7532788385026947 -1.2086904759419896 -1.2628441197602385 -1.2343519679206196 -1.2536189570672933 -0.8242422941585383 -0.7528920454959552 -0.7463856624505759 -0.7500784642645915 -0.7182509692949484 -0.7736578343108705 -0.7682536183308057 -0.7668474251517935 -0.7568832882021748 -0.770992847910973 -0.8209853551421633 -0.7685231023358227 -1.299655612051776 -1.303050827432769 -0.893013755521909 -1.8043063040770686 -1.3387676112294298 -1.2103495350280338 -1.2405749702556363 -1.1907540801046839 -1.2301777831641627 -1.2315631565875687 -1.2392536669431136 -1.1883229303975495 -0.7730334067504304 -1.2287400130863315 -1.266509607631671 -1.3253516889344221 -1.4367026209450775 -1.1953853592428136 -1.7285769253196315 -0.790338453350353 -0.8284181827258122 -0.7613282740720396 -0.7690668185802418 -0.7430491446635953 -0.7619729074092413 -0.7503006441049804 -0.7548550913507122 -0.7503712615875454 -0.7468570041225782 -0.8190890313140768 -1.3008154846536433 -1.261921187943489 -1.3666326015667238 -1.3121132983047579 -1.3040430204265656 -1.2813397711906058 -1.279166713689703 -2.414181207036813 -1.342516431173494 -1.2726188462563461 -1.8680829305929094 -1.289120498358048 -1.7226830184037747 -1.2568309349151334 -0.8302556697934212 -1.2631865280549848 -1.3186074121026077 -1.1959927892955202 -1.2669111748757704 -1.9999538677873232 -1.3709984962681325 -1.964216085754358 -1.8938015412352551 -0.7308138660606497 -0.790512467049205 -0.7820775047220884 -0.8032424920352903 -0.8013708373226841 -0.8040815392452001 -0.8271202045640618 -0.7578306551734071 -1.2474503252594522 -1.0232741939116672 -1.7463856373068225 -0.8484734885741851 -1.8200150633068548 -1.3383240954137672 -0.9245715455828488 -1.2456652269200787 -0.7602743053459516 -0.7206157811245629 -0.7082667339827485 -0.7371243472808663 -0.7555445842238807 -0.7945392553193766 -0.8386577877693316 -0.7894555159292113 -1.2424338188629678 -1.2552439574477787 -0.8748941677925897 -1.2511691266667975 -1.3071456952744693 -1.8386077625682198 -1.299925885082447 -0.7783991363050357 -0.7445121083370118 -0.7426508787653121 -0.6981922356477619 -0.755643287850785 -0.7440286107052736 -0.7675632644798844 -0.772081220816202 -1.2180887827398386 -0.7552944041653621 -0.7610693994689927 -0.7374860478705328 -0.8637495707304775 -0.8077114478824401 -0.8700166728361387 -0.7890200828295003 -0.7831355792510895 -0.8125569551804586 -0.9010351189246024 -1.198268654390609 -0.911111271017625 -1.3398019947145101 -1.8677537667844675 -1.296533804406959 -1.846785411661325 -0.7518726998476466 -0.7781031206456104 -0.7496933954122036 -0.771812642261183 -0.7493348194650478 -0.7658130613970267 -0.7777152042089234 -0.7945797653628519 -1.2066642629052744 -1.690843517865797 -1.742784832878643 -1.1742662578283465 -1.215595109737785 -0.8539942692724651 -1.2571086605304909 -1.1967267500292795
-1.259517428973502 -1.2822702211692587 -1.2648028695739877 -1.1866901517555632 -1.2861890452021765 -1.2063911342240174 -0.7566400881172692 -0.7358527093676285 -0.8003727882697241 -1.318309932374497 -1.328843213872387 -1.3340637105310902 -1.9283677944220234 -1.404322611529175 -1.3164319459418876 -0.9403086423529936 -0.8095859758386468 -1.2517300971916605 -1.7532788385026947 -1.2086904759419896 -1.2628441197602385 -1.2343519679206196 -1.2536189570672933 -0.8242422941585383 -0.7528920454959552 -0.7463856624505759 -0.7559102686413519 -0.7182509692949484 -0.7736578343108705 -0.7682536183308057 -0.7668474251517935 -0.7568832882021748 -0.770992847910973 -0.8209853551421633 -0.780453877274587 -1.299655612051776 -1.303050827432769 -0.893013755521909 -1.8043063040770686 -1.3387676112294298 -1.2103495350280338 -1.2405749702556363 -1.1907540801046839 -1.2301777831641627 -1.2315631565875687 -1.2345553882836828 -1.1883229303975495 -0.7677050667573904 -1.2287400130863315 -1.266509607631671 -1.3253516889344221 -1.4367026209450775 -1.7481910004446664 -1.7285769253196315 -0.790338453350353 -1.2957135618645608 -0.7613282740720396 -0.7633762182746325 -0.7430491446635953 -0.7619729074092413 -0.7503006441049804 -0.7548550913507122 -0.7503712615875454 -0.7468570041225782 -0.8190890313140768 -1.3008154846536433 -1.284536348466194 -1.3666326015667238 -1.3121132983047579 -1.3040430204265656 -1.2813397711906058 -1.279166713689703 -2.414181207036813 -1.342516431173494 -1.2726188462563461 -1.8680829305929094 -1.289120498358048 -1.7226830184037747 -1.2670280975122026 -0.8302556697934212 -1.2631865280549848 -1.3186074121026077 -1.1959927892955202 -1.2669111748757704 -1.9999538677873232 -1.3709984962681325 -1.964216085754358 -1.8938015412352551 -0.7308138660606497 -0.790512467049205 -0.7820775047220884 -0.8162668174870835 -0.8013708373226841 -0.8040815392452001 -0.8271202045640618 -0.7578306551734071 -1.2474503252594522 -1.0232741939116672 -1.7463856373068225 -0.8484734885741851 -1.8200150633068548 -1.3383240954137672 -0.9245715455828488 -1.2456652269200787 -0.7602743053459516 -0.7206157811245629 -0.7082667339827485 -0.7371243472808663 -0.7692577549432953 -0.7945392553193766 -0.8386577877693316 -0.7894555159292113 -1.2424338188629678 -1.2552439574477787 -0.8748941677925897 -1.2511691266667975 -1.3071456952744693 -1.8386077625682198 -1.299925885082447 -0.7783991363050357 -0.7445121083370118 -0.7426508787653121 -0.6981922356477619 -0.755643287850785 -0.7440286107052736 -0.7675632644798844 -0.772081220816202 -1.2180887827398386 -0.7634989938959952 -0.7610693994689927 -0.7374860478705328 -0.8637495707304775 -0.7972746460909156 -0.8700166728361387 -0.7890200828295003 -0.7831355792510895 -0.8125569551804586 -0.9010351189246024 -1.198268654390609 -0.911111271017625 -1.3398019947145101 -1.8677537667844675 -1.296533804406959 -1.846785411661325 -0.7518726998476466 -0.7781031206456104 -0.7620166023599915 -0.771812642261183 -0.7493348194650478 -0.7658130613970267 -0.7777152042089234 -0.7945797653628519 -1.2066642629052744 -1.7156796327997845 -1.742784832878643 -1.1742662578283465 -1.215595109737785 -0.8539942692724651 -1.2571086605304909 -1.1967267500292795
-1.259517428973502 -1.2822702211692587 -1.2648028695739877 -1.1866901517555632 -1.2861890452021765 -1.2063911342240174 -0.7628802585118606 -0.7562498042831245 -0.8003727882697241 -1.318309932374497 -1.328843213872387 -1.3340637105310902 -1.9283677944220234 -1.404322611529175 -1.3164319459418876 -0.9403086423529936 -0.8279736797460733 -1.2517300971916605 -1.7532788385026947 -1.2086904759419896 -1.2628441197602385 -1.2343519679206196 -1.2536189570672933 -0.8242422941585383 -0.7528920454959552 -0.7463856624505759 -0.7285852727001016 -0.7236599994184189 -0.7736578343108705 -0.7682536183308057 -0.7668474251517935 -0.7568832882021748 -0.770992847910973 -0.8209853551421633 -0.780453877274587 -1.299655612051776 -1.303050827432769 -0.893013755521909 -1.8043063040770686 -1.3387676112294298 -1.2103495350280338 -1.2405749702556363 -1.1907540801046839 -1.2301777831641627 -1.2315631565875687 -1.2345553882836828 -1.1883229303975495 -0.7677050667573904 -1.2287400130863315 -1.266509607631671 -1.3253516889344221 -1.4367026209450775 -1.7481910004446664 -1.7285769253196315 -0.790338453350353 -1.3042933061423614 -0.773136997846491 -0.7633762182746325 -0.7430491446635953 -0.7619729074092413 -0.7503006441049804 -0.7613690729574747 -0.7503712615875454 -0.7468570041225782 -0.8190890313140768 -1.3008154846536433 -1.284536348466194 -1.3666326015667238 -1.3121132983047579 -1.3040430204265656 -1.2813397711906058 -1.279166713689703 -2.414181207036813 -1.342516431173494 -1.2726188462563461 -1.8680829305929094 -1.289120498358048 -1.7226830184037747 -1.2670280975122026 -0.8302556697934212 -1.2631865280549848 -1.3186074121026077 -1.1959927892955202 -1.2436412180886482 -1.9999538677873232 -1.3709984962681325 -1.964216085754358 -1.8938015412352551 -0.7308138660606497 -0.790512467049205 -0.7820775047220884 -0.8162668174870835 -0.8013708373226841 -0.8040815392452001 -0.8271202045640618 -0.7578306551734071 -1.2474503252594522 -1.0232741939116672 -1.7463856373068225 -0.8484734885741851 -1.8200150633068548 -1.3383240954137672 -0.9245715455828488 -1.2456652269200787 -0.7825393908544681 -0.7206157811245629 -0.714229840635459 -0.7371243472808663 -0.7692577549432953 -0.7884761088324643 -0.8386577877693316 -0.7894555159292113 -1.2424338188629678 -1.818817114513183 -0.8748941677925897 -1.294082014807909 -1.3071456952744693 -1.8386077625682198 -1.299925885082447 -0.7783991363050357 -0.7445121083370118 -0.7426508787653121 -0.6981922356477619 -0.755643287850785 -0.7745564961134686 -0.7675632644798844 -0.760315564373362 -1.774676187589027 -0.7634989938959952 -0.7610693994689927 -0.7312620501222721 -0.8637495707304775 -0.7972746460909156 -0.8700166728361387 -0.7890200828295003 -0.777019185450626 -0.8125569551804586 -0.9010351189246024 -1.198268654390609 -0.911111271017625 -1.3398019947145101 -1.8677537667844675 -1.296533804406959 -1.846785411661325 -0.7518726998476466 -0.7860637210546577 -0.7620166023599915 -0.771812642261183 -0.7493348194650478 -0.7658130613970267 -0.7880445009554851 -0.7945797653628519 -1.2066642629052744 -1.7156796327997845 -1.7452589627212436 -1.1742662578283465 -1.215595109737785 -0.8539942692724651 -1.2661803737171449 -1.1967267500292795
-1.259517428973502 -1.2822702211692587 -1.2648028695739877 -1.1866901517555632 -1.2861890452021765 -1.2063911342240174 -0.7628802585118606 -0.7524478010606303 -0.8003727882697241 -1.318309932374497 -1.328843213872387 -1.3340637105310902 -1.9283677944220234 -1.404322611529175 -1.3164319459418876 -0.9403086423529936 -0.8095859758386468 -1.2517300971916605 -1.7532788385026947 -1.2086904759419896 -1.2628441197602385 -1.2343519679206196 -1.2536189570672933 -0.8242422941585383 -0.7459745125954205 -0.7463856624505759 -0.7285852727001016 -0.7287335329082582 -0.7736578343108705 -0.7682536183308057 -0.7668474251517935 -0.7568832882021748 -0.770992847910973 -0.8209853551421633 -0.780453877274587 -1.2876043718348622 -1.292342812443336 -0.9060594218996391 -1.8043063040770686 -1.3387676112294298 -1.2103495350280338 -1.2405749702556363 -1.1907540801046839 -1.2301777831641627 -1.2315631565875687 -1.2392536669431136 -1.1883229303975495 -0.7677050667573904 -1.2351634205565276 -1.266509607631671 -1.3029593751650408 -1.3957119307766888 -1.7481910004446664 -1.7285769253196315 -0.790338453350353 -0.8350783690327352 -0.7613282740720396 -0.7633762182746325 -0.7430491446635953 -0.7619729074092413 -0.7503006441049804 -0.7548550913507122 -0.7503712615875454 -0.7468570041225782 -0.8190890313140768 -1.3008154846536433 -1.261921187943489 -1.3666326015667238 -1.3121132983047579 -1.3040430204265656 -1.2813397711906058 -1.279166713689703 -2.4252246121568057 -1.342516431173494 -1.2726188462563461 -1.8680829305929094 -1.3117549740452157 -1.7226830184037747 -1.2568309349151334 -0.8302556697934212 -1.2631865280549848 -1.3186074121026077 -1.1959927892955202 -1.2436412180886482 -1.9999538677873232 -1.3709984962681325 -1.964216085754358 -1.8938015412352551 -0.7308138660606497 -0.790512467049205 -0.7820775047220884 -0.8334440496871721 -0.8013708373226841 -0.8040815392452001 -0.8271202045640618 -0.7578306551734071 -1.2594752136212237 -1.0232741939116672 -1.7463856373068225 -0.8484734885741851 -1.8200150633068548 -1.3383240954137672 -0.9245715455828488 -1.2456652269200787 -0.7825393908544681 -0.72823795786738 -0.714229840635459 -0.7371243472808663 -0.7692577549432953 -0.7830119131113517 -0.8386577877693316 -0.7894555159292113 -1.2424338188629678 -1.818817114513183 -0.8748941677925897 -1.294082014807909 -1.3071456952744693 -1.8386077625682198 -1.299925885082447 -0.7783991363050357 -0.7445121083370118 -0.7426508787653121 -0.6981922356477619 -0.755643287850785 -0.7440286107052736 -0.7675632644798844 -0.760315564373362 -1.774676187589027 -0.7552944041653621 -0.7610693994689927 -0.7312620501222721 -0.8637495707304775 -0.7972746460909156 -0.8700166728361387 -0.7890200828295003 -0.7831355792510895 -0.8125569551804586 -0.9010351189246024 -1.198268654390609 -0.911111271017625 -1.3398019947145101 -1.8677537667844675 -1.296533804406959 -1.846785411661325 -0.7518726998476466 -0.7860637210546577 -0.7496933954122036 -0.771812642261183 -0.7493348194650478 -0.7658130613970267 -0.7880445009554851 -0.7945797653628519 -1.2066642629052744 -1.7156796327997845 -1.7452589627212436 -1.1742662578283465 -1.215595109737785 -0.8539942692724651 -1.2571086605304909 -1.1967267500292795
-1.259517428973502 -1.2822702211692587 -1.2648028695739877 -1.1866901517555632 -1.2861890452021765 -1.2063911342240174 -0.7628802585118606 -0.7358527093676285 -0.8003727882697241 -1.27608955917641 -1.328843213872387 -1.3340637105310902 -1.3498768664738219 -1.404322611529175 -1.3164319459418876 -0.9403086423529936 -0.8095859758386468 -1.2517300971916605 -1.7532788385026947 -1.2086904759419896 -1.2628441197602385 -1.2343519679206196 -1.2536189570672933 -0.8242422941585383 -0.7459745125954205 -0.7463856624505759 -0.7674206942599886 -0.7287335329082582 -0.7736578343108705 -0.7682536183308057 -0.7668474251517935 -0.7568832882021748 -0.770992847910973 -0.8209853551421633 -0.780453877274587 -1.299655612051776 -1.2812449097622398 -0.9060594218996391 -1.8043063040770686 -1.3387676112294298 -1.2103495350280338 -1.2405749702556363 -1.1907540801046839 -1.2301777831641627 -1.2315631565875687 -1.2392536669431136 -1.1883229303975495 -0.7677050667573904 -1.2351634205565276 -1.2456415672339982 -1.3029593751650408 -1.3957119307766888 -1.7481910004446664 -1.7285769253196315 -0.790338453350353 -1.3042933061423614 -0.773136997846491 -0.7633762182746325 -0.7430491446635953 -0.7619729074092413 -0.7428931893880302 -0.7548550913507122 -0.7503712615875454 -0.7468570041225782 -0.8190890313140768 -1.3008154846536433 -1.261921187943489 -1.3666326015667238 -1.3121132983047579 -1.3040430204265656 -1.2813397711906058 -1.279166713689703 -2.4252246121568057 -1.342516431173494 -1.2726188462563461 -1.8680829305929094 -1.290788921224871 -1.7226830184037747 -1.2568309349151334 -0.8302556697934212 -1.2631865280549848 -1.3055868259071994 -1.1959927892955202 -1.2336419625505206 -1.9999538677873232 -1.3709984962681325 -1.964216085754358 -1.8938015412352551 -0.7308138660606497 -0.790512467049205 -0.7820775047220884 -0.8334440496871721 -0.8013708373226841 -0.8040815392452001 -0.8271202045640618 -0.7578306551734071 -1.2594752136212237 -1.0232741939116672 -1.7615738562057852 -0.8484734885741851 -1.8200150633068548 -1.3383240954137672 -0.9245715455828488 -1.2456652269200787 -0.7825393908544681 -0.72823795786738 -0.7082791040260386 -0.7371243472808663 -0.7692577549432953 -0.7884761088324643 -0.8386577877693316 -0.7894555159292113 -1.2361415204401576 -1.818817114513183 -0.8626909486152244 -1.294082014807909 -1.3071456952744693 -1.8386077625682198 -1.299925885082447 -0.7783991363050357 -0.7445121083370118 -0.7426508787653121 -0.6981922356477619 -0.755643287850785 -0.7440286107052736 -0.7675632644798844 -0.760315564373362 -1.774676187589027 -0.7552944041653621 -0.7610693994689927 -0.7312620501222721 -0.8637495707304775 -0.7972746460909156 -0.8700166728361387 -0.7966798096626883 -0.7831355792510895 -0.8125569551804586 -0.9010351189246024 -1.198268654390609 -0.911111271017625 -1.3398019947145101 -1.8677537667844675 -1.296533804406959 -1.846785411661325 -0.7518726998476466 -0.7860637210546577 -0.7620166023599915 -0.771812642261183 -0.7493348194650478 -0.7658130613970267 -0.7880445009554851 -0.7945797653628519 -1.2066642629052744 -1.7156796327997845 -1.7452589627212436 -1.1742662578283465 -1.215595109737785 -0.8539942692724651 -1.2571086605304909 -1.1967267500292795
-1.259517428973502 -1.2822702211692587 -1.2648028695739877 -1.1866901517555632 -1.2861890452021765 -1.2063911342240174 -0.7454267884522358 -0.7424942407985671 -0.8003727882697241 -1.27608955917641 -1.328843213872387 -1.3152401951161738 -1.3498768664738219 -1.404322611529175 -1.3007356404570238 -0.9403086423529936 -0.8095859758386468 -1.2517300971916605 -1.7532788385026947 -1.2424991104379508 -1.2628441197602385 -1.2343519679206196 -1.2536189570672933 -0.8242422941585383 -0.7528920454959552 -0.7463856624505759 -0.7674206942599886 -0.7415368214058242 -0.7736578343108705 -0.7682536183308057 -0.7668474251517935 -0.7568832882021748 -0.770992847910973 -0.8209853551421633 -0.7688006668750058 -1.299655612051776 -1.2812449097622398 -0.9060594218996391 -1.8043063040770686 -1.3387676112294298 -1.2103495350280338 -1.244683993954019 -1.1862270424936294 -1.2224183318458317 -1.2315631565875687 -1.2345553882836828 -1.2039732940737404 -0.7677050667573904 -1.2351634205565276 -1.2456415672339982 -1.3029593751650408 -1.3957119307766888 -1.7481910004446664 -1.7285769253196315 -0.790338453350353 -1.3042933061423614 -0.7613282740720396 -0.7690668185802418 -0.7473678231531147 -0.7619729074092413 -0.7503006441049804 -0.7687867476366104 -0.7503712615875454 -0.7340827099368178 -0.8190890313140768 -1.3008154846536433 -1.261921187943489 -1.3666326015667238 -1.3121132983047579 -1.3040430204265656 -1.2813397711906058 -1.279166713689703 -2.4252246121568057 -1.342516431173494 -1.2889262562989143 -1.8757909128810857 -1.2683332317809024 -1.7226830184037747 -1.2568309349151334 -0.8302556697934212 -1.2631865280549848 -1.3055868259071994 -1.1959927892955202 -1.2669111748757704 -1.9999538677873232 -1.3709984962681325 -1.964216085754358 -1.8747215785882143 -0.7308138660606497 -0.790512467049205 -0.7820775047220884 -0.8334440496871721 -0.8013708373226841 -0.8040815392452001 -0.8271202045640618 -0.7655763363677786 -1.2828140845155716 -1.0232741939116672 -1.7295657065607528 -0.8385460554784676 -1.7999355819203426 -1.3383240954137672 -0.9245715455828488 -1.2370905149171045 -0.8000031884481394 -0.72823795786738 -0.691684836492506 -0.7371243472808663 -0.7486114657683804 -0.7827215762276181 -0.8386577877693316 -0.766024780141505 -1.2361415204401576 -1.2552439574477787 -0.8139382831078146 -1.294082014807909 -1.3071456952744693 -1.8386077625682198 -1.299925885082447 -0.7783991363050357 -0.7445121083370118 -0.7426508787653121 -0.6981922356477619 -0.755643287850785 -0.7300075939884716 -0.7675632644798844 -0.772081220816202 -1.774676187589027 -0.7552944041653621 -0.7610693994689927 -0.72603876624838 -0.8637495707304775 -0.7972746460909156 -0.8700166728361387 -0.7846876878328602 -0.7831355792510895 -0.8052384366510006 -0.9010351189246024 -1.198268654390609 -0.911111271017625 -1.3398019947145101 -1.8677537667844675 -1.296533804406959 -1.8828118628075483 -0.7518726998476466 -0.7860637210546577 -0.7834522231206905 -0.771812642261183 -0.739592191912157 -0.7658130613970267 -0.7837109041494141 -0.7945797653628519 -1.223220904149473 -1.7156796327997845 -1.730252290648197 -1.2190763080262483 -1.215595109737785 -0.8684957675206733 -1.27916295695541 -1.1967267500292795
-1.259517428973502 -1.2693234322957752 -1.2648028695739877 -1.1866901517555632 -1.2861890452021765 -1.2063911342240174 -0.7454267884522358 -0.7387389157561141 -0.8003727882697241 -1.27608955917641 -1.3216935814696396 -1.3152401951161738 -1.3498768664738219 -1.404322611529175 -1.3164319459418876 -0.9336452870256274 -0.7870504969215344 -1.2517300971916605 -1.7462036996922665 -1.2357288755586275 -1.255683661214174 -1.2224598956517578 -1.2536189570672933 -0.8242422941585383 -0.7528920454959552 -0.7463856624505759 -0.7674206942599886 -0.7415368214058242 -0.7736578343108705 -0.7682536183308057 -0.7736120046992668 -0.7568832882021748 -0.770992847910973 -0.8137927924102756 -0.7688006668750058 -1.2881996508131717 -1.2812449097622398 -0.8910360210794698 -1.8043063040770686 -1.3387676112294298 -1.2103495350280338 -1.2377718949968828 -1.1907540801046839 -1.2301777831641627 -1.2315631565875687 -1.2392536669431136 -1.2039732940737404 -0.762737258383458 -1.2351634205565276 -1.2456415672339982 -1.3029593751650408 -1.3957119307766888 -1.7481910004446664 -1.7285769253196315 -0.790338453350353 -0.8350783690327352 -0.7613282740720396 -0.7633762182746325 -0.7345611067008548 -0.7619729074092413 -0.7535435579591082 -0.771238420917213 -0.7450996663196632 -0.7394204080786337 -0.8190890313140768 -1.3008154846536433 -1.261921187943489 -1.3666326015667238 -1.3038772498870261 -1.3040430204265656 -1.2813397711906058 -1.279166713689703 -2.4252246121568057 -1.342516431173494 -1.2889262562989143 -1.860278789386557 -1.290788921224871 -1.7226830184037747 -1.2636631373731908 -0.8302556697934212 -1.2631865280549848 -1.3055868259071994 -1.1959927892955202 -1.2669111748757704 -1.9999538677873232 -1.3709984962681325 -1.964216085754358 -1.8938015412352551 -0.7308138660606497 -0.790512467049205 -0.7820775047220884 -0.8334440496871721 -0.8013708373226841 -0.7936337958309703 -0.8271202045640618 -0.7655763363677786 -1.2828140845155716 -1.0232741939116672 -1.7446999131525824 -0.8583396778826463 -1.8352895464079113 -1.3383240954137672 -0.9245715455828488 -1.2276842489532092 -0.7894442215648582 -0.72823795786738 -0.714229840635459 -0.7371243472808663 -0.7486114657683804 -0.7832901803308064 -0.8326061963197513 -0.766024780141505 -1.2361415204401576 -1.2485994669600027 -0.8565044391145394 -1.294082014807909 -1.3071456952744693 -1.8386077625682198 -1.299925885082447 -0.7783991363050357 -0.7390407245914132 -0.7426508787653121 -0.6981922356477619 -0.755643287850785 -0.7300075939884716 -0.7603770566593783 -0.760315564373362 -1.2180887827398386 -0.7624765746863255 -0.7552404826868883 -0.72603876624838 -0.8637495707304775 -0.8077114478824401 -0.8700166728361387 -0.7846876878328602 -0.7831355792510895 -0.8125569551804586 -0.9010351189246024 -1.198268654390609 -0.9038521643133534 -1.3398019947145101 -1.8677537667844675 -1.296533804406959 -1.8828118628075483 -0.7518726998476466 -0.7860637210546577 -0.7492096519882754 -0.771812642261183 -0.7460977558737856 -0.7658130613970267 -0.7698617700889173 -0.7945797653628519 -1.223220904149473 -1.7156796327997845 -1.7452589627212436 -1.1742662578283465 -1.215595109737785 -0.8684957675206733 -1.2571086605304909 -1.1967267500292795
-1.259517428973502 -1.2822702211692587 -1.2705859373792237 -1.1866901517555632 -1.2861890452021765 -1.2063911342240174 -0.7454267884522358 -0.7387389157561141 -0.8003727882697241 -1.27608955917641 -1.3216935814696396 -1.3340637105310902 -1.360982860262955 -1.404322611529175 -1.3164319459418876 -0.9403086423529936 -0.7870504969215344 -1.2373728770966506 -1.7769360953355395 -1.2357288755586275 -1.255683661214174 -1.2224598956517578 -1.2536189570672933 -0.8192108534239507 -0.7459745125954205 -0.7463856624505759 -0.7674206942599886 -0.7415368214058242 -0.763751372791876 -0.7682536183308057 -0.7736120046992668 -0.7568832882021748 -0.7829988712883101 -0.8137927924102756 -0.7688006668750058 -1.2881996508131717 -1.2812449097622398 -0.8910360210794698 -1.8043063040770686 -1.3387676112294298 -1.2103495350280338 -1.2377718949968828 -1.1907540801046839 -1.2232953254621093 -1.2315631565875687 -1.2198828295273259 -1.2097122726382221 -0.762737258383458 -1.2351634205565276 -1.2456415672339982 -1.2802427722073244 -1.3957119307766888 -1.7481910004446664 -1.7285769253196315 -0.790338453350353 -1.3042933061423614 -0.773136997846491 -0.7633762182746325 -0.7345611067008548 -0.7619729074092413 -0.7535435579591082 -0.749669128953364 -0.7450996663196632 -0.7468570041225782 -0.8190890313140768 -1.3008154846536433 -1.261921187943489 -1.3666326015667238 -1.3038772498870261 -1.3040430204265656 -1.2813397711906058 -1.279166713689703 -2.451650058799934 -1.342516431173494 -1.2889262562989143 -1.860278789386557 -1.290788921224871 -1.7226830184037747 -1.2636631373731908 -0.8302556697934212 -1.286923996735937 -1.3055868259071994 -1.1888858511377258 -1.2568182645909127 -1.9999538677873232 -1.3709984962681325 -1.964216085754358 -1.8938015412352551 -0.7308138660606497 -0.790512467049205 -0.7820775047220884 -0.8334440496871721 -0.8013708373226841 -0.7936337958309703 -0.8271202045640618 -0.7655763363677786 -1.2828140845155716 -1.0232741939116672 -1.7446999131525824 -0.8583396778826463 -1.8352895464079113 -1.3383240954137672 -0.9245715455828488 -1.2362259660687982 -0.7665801780679835 -0.72823795786738 -0.714229840635459 -0.7371243472808663 -0.7622406883467785 -0.7890474598403658 -0.8326061963197513 -0.766024780141505 -1.2361415204401576 -1.2485994669600027 -0.8565044391145394 -1.294082014807909 -1.3071456952744693 -1.8386077625682198 -1.299925885082447 -0.7783991363050357 -0.7390407245914132 -0.7525023318030004 -0.7044635692819735 -0.755643287850785 -0.7440286107052736 -0.7758105020167086 -0.760315564373362 -1.2180887827398386 -0.7624765746863255 -0.7552404826868883 -0.72603876624838 -0.8637495707304775 -0.7888950784873807 -0.8595101102701492 -0.7966798096626883 -0.7773845991767379 -0.822175929133109 -0.8917748797976328 -1.198268654390609 -0.9038521643133534 -1.3398019947145101 -1.8677537667844675 -1.296533804406959 -1.846785411661325 -0.7518726998476466 -0.7860637210546577 -0.7492096519882754 -0.7788667206895968 -0.7460977558737856 -0.7658130613970267 -0.7609970397811986 -0.7945797653628519 -1.223220904149473 -1.7156796327997845 -1.7452589627212436 -1.1742662578283465 -1.2426132071168707 -0.8684957675206733 -1.2571086605304909 -1.1967267500292795
-1.259517428973502 -1.2822702211692587 -1.2705859373792237 -1.1866901517555632 -1.2861890452021765 -1.2063911342240174 -0.7454267884522358 -0.7417775756757132 -0.8003727882697241 -1.27608955917641 -1.3216935814696396 -1.3340637105310902 -1.3498768664738219 -1.404322611529175 -1.3164319459418876 -0.9403086423529936 -0.7870504969215344 -1.245982323554404 -1.7769360953355395 -1.2357288755586275 -1.255683661214174 -1.2224598956517578 -1.2536189570672933 -0.8192108534239507 -0.7459745125954205 -0.7463856624505759 -0.7674206942599886 -0.7415368214058242 -0.763751372791876 -0.7682536183308057 -0.7736120046992668 -0.7568832882021748 -0.7829988712883101 -0.8137927924102756 -0.7688006668750058 -1.2881996508131717 -1.2812449097622398 -0.8910360210794698 -1.8043063040770686 -1.3387676112294298 -1.2103495350280338 -1.2377718949968828 -1.1907540801046839 -1.2232953254621093 -1.2315631565875687 -1.2198828295273259 -1.2097122726382221 -0.762737258383458 -1.2351634205565276 -1.2456415672339982 -1.2802427722073244 -1.3957119307766888 -1.7481910004446664 -1.7285769253196315 -0.790338453350353 -0.8350783690327352 -0.7613282740720396 -0.7553609709386309 -0.7345611067008548 -0.7696744584877363 -0.7535435579591082 -0.749669128953364 -0.7503712615875454 -0.7468570041225782 -0.8190890313140768 -1.3008154846536433 -1.284536348466194 -1.3666326015667238 -1.3038772498870261 -1.3040430204265656 -1.2813397711906058 -1.279166713689703 -2.4252246121568057 -1.342516431173494 -1.2889262562989143 -1.860278789386557 -1.290788921224871 -1.7226830184037747 -1.2636631373731908 -0.8476720083042604 -1.286923996735937 -1.3055868259071994 -1.1888858511377258 -1.2336419625505206 -1.9999538677873232 -1.3709984962681325 -1.964216085754358 -1.8938015412352551 -0.7308138660606497 -0.790512467049205 -0.7820775047220884 -0.8431825712033036 -0.8013708373226841 -0.7936337958309703 -0.8271202045640618 -0.7655763363677786 -1.2828140845155716 -1.0232741939116672 -1.7446999131525824 -0.8583396778826463 -1.8352895464079113 -1.3383240954137672 -0.9245715455828488 -1.2362259660687982 -0.7894442215648582 -0.72823795786738 -0.7082791040260386 -0.7371243472808663 -0.7692577549432953 -0.7890474598403658 -0.8326061963197513 -0.766024780141505 -1.2361415204401576 -1.8110270832642479 -0.8565044391145394 -1.294082014807909 -1.3071456952744693 -1.8386077625682198 -1.299925885082447 -0.7783991363050357 -0.7390407245914132 -0.7426508787653121 -0.6981922356477619 -0.755643287850785 -0.7440286107052736 -0.7603770566593783 -0.760315564373362 -1.2180887827398386 -0.7624765746863255 -0.7552404826868883 -0.72603876624838 -0.8637495707304775 -0.7888950784873807 -0.8595101102701492 -0.7966798096626883 -0.7773845991767379 -0.822175929133109 -0.8917748797976328 -1.198268654390609 -0.9038521643133534 -1.3398019947145101 -1.8677537667844675 -1.296533804406959 -1.846785411661325 -0.7518726998476466 -0.7860637210546577 -0.7492096519882754 -0.7788667206895968 -0.7460977558737856 -0.7658130613970267 -0.7609970397811986 -0.7945797653628519 -1.223220904149473 -1.7156796327997845 -1.7452589627212436 -1.1742662578283465 -1.215595109737785 -0.8684957675206733 -1.2571086605304909 -1.1967267500292795
-1.259517428973502 -1.2822702211692587 -1.2705859373792237 -1.1866901517555632 -1.2861890452021765 -1.2063911342240174 -0.7454267884522358 -0.7417775756757132 -0.8003727882697241 -1.27608955917641 -1.3216935814696396 -1.3152401951161738 -1.3498768664738219 -1.404322611529175 -1.3164319459418876 -0.9403086423529936 -0.7870504969215344 -1.245982323554404 -1.7769360953355395 -1.2357288755586275 -1.255683661214174 -1.2224598956517578 -1.2536189570672933 -0.8192108534239507 -0.7528920454959552 -0.7463856624505759 -0.7674206942599886 -0.7415368214058242 -0.763751372791876 -0.7682536183308057 -0.7736120046992668 -0.7568832882021748 -0.7829988712883101 -0.8227097449204006 -0.7594110424802962 -1.2881996508131717 -1.2812449097622398 -0.8910360210794698 -1.8043063040770686 -1.3387676112294298 -1.2103495350280338 -1.2377718949968828 -1.1907540801046839 -1.2232953254621093 -1.2315631565875687 -1.2198828295273259 -1.2097122726382221 -0.762737258383458 -1.2351634205565276 -1.2456415672339982 -1.2802427722073244 -1.3957119307766888 -1.7481910004446664 -1.7285769253196315 -0.790338453350353 -0.8350783690327352 -0.7613282740720396 -0.7553609709386309 -0.7345611067008548 -0.7696744584877363 -0.7610219566050943 -0.749669128953364 -0.7503712615875454 -0.7468570041225782 -0.8190890313140768 -1.3008154846536433 -1.284536348466194 -1.3666326015667238 -1.3038772498870261 -1.3040430204265656 -1.2813397711906058 -1.279166713689703 -2.4252246121568057 -1.342516431173494 -1.2889262562989143 -1.8679757857111023 -1.2683332317809024 -1.7226830184037747 -1.2636631373731908 -0.8476720083042604 -1.286923996735937 -1.3055868259071994 -1.1888858511377258 -1.2669111748757704 -1.9999538677873232 -1.3709984962681325 -1.964216085754358 -1.8938015412352551 -0.7308138660606497 -0.790512467049205 -0.7820775047220884 -0.8334440496871721 -0.8013708373226841 -0.7936337958309703 -0.8271202045640618 -0.7655763363677786 -1.2828140845155716 -1.0232741939116672 -1.7446999131525824 -0.8583396778826463 -1.8352895464079113 -1.3383240954137672 -0.9245715455828488 -1.2276842489532092 -0.7894442215648582 -0.72823795786738 -0.714229840635459 -0.7371243472808663 -0.7622406883467785 -0.7832901803308064 -0.8326061963197513 -0.766024780141505 -1.2361415204401576 -1.2485994669600027 -0.8565044391145394 -1.294082014807909 -1.3071456952744693 -1.8386077625682198 -1.299925885082447 -0.7783991363050357 -0.7390407245914132 -0.7426508787653121 -0.6981922356477619 -0.755643287850785 -0.7440286107052736 -0.7603770566593783 -0.760315564373362 -1.2180887827398386 -0.7624765746863255 -0.7552404826868883 -0.72603876624838 -0.8637495707304775 -0.7888950784873807 -0.8595101102701492 -0.7846876878328602 -0.7773845991767379 -0.822175929133109 -0.8917748797976328 -1.198268654390609 -0.9038521643133534 -1.3398019947145101 -1.8677537667844675 -1.296533804406959 -1.8828118628075483 -0.7518726998476466 -0.7860637210546577 -0.7492096519882754 -0.7788667206895968 -0.7460977558737856 -0.7658130613970267 -0.7609970397811986 -0.7945797653628519 -1.223220904149473 -1.7156796327997845 -1.7452589627212436 -1.1742662578283465 -1.2426132071168707 -0.8684957675206733 -1.27916295695541 -1.1967267500292795
-1.259517428973502 -1.2693234322957752 -1.2705859373792237 -1.1866901517555632 -1.2861890452021765 -1.2063911342240174 -0.7454267884522358 -0.7417775756757132 -0.8003727882697241 -1.27608955917641 -1.3216935814696396 -1.3340637105310902 -1.360982860262955 -1.404322611529175 -1.3164319459418876 -0.9336452870256274 -0.7870504969215344 -1.2316584938081307 -1.7661945179774956 -1.2357288755586275 -1.255683661214174 -1.2224598956517578 -1.2536189570672933 -0.8192108534239507 -0.7459745125954205 -0.7463856624505759 -0.7674206942599886 -0.7415368214058242 -0.763751372791876 -0.7682536183308057 -0.7736120046992668 -0.7568832882021748 -0.770992847910973 -0.8227097449204006 -0.7594110424802962 -1.2881996508131717 -1.2812449097622398 -0.8910360210794698 -1.8043063040770686 -1.3387676112294298 -1.2103495350280338 -1.2377718949968828 -1.1907540801046839 -1.2232953254621093 -1.2315631565875687 -1.2198828295273259 -1.193151654905657 -0.762737258383458 -1.2351634205565276 -1.2456415672339982 -1.2802427722073244 -1.3957119307766888 -1.7481910004446664 -1.7285769253196315 -0.790338453350353 -0.8350783690327352 -0.7613282740720396 -0.7553609709386309 -0.7345611067008548 -0.7312214619776551 -0.7535435579591082 -0.749669128953364 -0.7503712615875454 -0.7468570041225782 -0.8190890313140768 -1.3008154846536433 -1.284536348466194 -1.30020479314588 -1.3038772498870261 -1.3040430204265656 -1.2882270126572641 -1.279166713689703 -2.4252246121568057 -1.342516431173494 -1.2982697611877034 -1.860278789386557 -1.290788921224871 -1.7226830184037747 -1.2636631373731908 -0.8476720083042604 -1.286923996735937 -1.3055868259071994 -1.1888858511377258 -1.2428226456427807 -1.9999538677873232 -1.3709984962681325 -1.964216085754358 -1.8938015412352551 -0.7308138660606497 -0.790512467049205 -0.7820775047220884 -0.8431825712033036 -0.8013708373226841 -0.7936337958309703 -0.8271202045640618 -0.7655763363677786 -1.2828140845155716 -1.0232741939116672 -1.7596374275260482 -0.8583396778826463 -1.8352895464079113 -1.3383240954137672 -0.9245715455828488 -1.2280085411419874 -0.7665801780679835 -0.7421105720423348 -0.7225163106200406 -0.7371243472808663 -0.7622406883467785 -0.7890474598403658 -0.8326061963197513 -0.766024780141505 -1.2361415204401576 -1.8110270832642479 -0.8565044391145394 -1.294082014807909 -1.3071456952744693 -1.8386077625682198 -1.299925885082447 -0.7783991363050357 -0.7390407245914132 -0.7525023318030004 -0.6981922356477619 -0.755643287850785 -0.7440286107052736 -0.7758105020167086 -0.760315564373362 -1.2180887827398386 -0.7624765746863255 -0.7552404826868883 -0.72603876624838 -0.8637495707304775 -0.7888950784873807 -0.8595101102701492 -0.7966798096626883 -0.7773845991767379 -0.822175929133109 -0.8917748797976328 -1.198268654390609 -0.9038521643133534 -1.3398019947145101 -1.8677537667844675 -1.296533804406959 -1.846785411661325 -0.7518726998476466 -0.7860637210546577 -0.7492096519882754 -0.771812642261183 -0.7460977558737856 -0.7658130613970267 -0.7609970397811986 -0.7945797653628519 -1.223220904149473 -1.7156796327997845 -1.7452589627212436 -1.1742662578283465 -1.2426132071168707 -0.8684957675206733 -1.2571086605304909 -1.1967267500292795
-1.259517428973502 -1.2693234322957752 -1.2705859373792237 -1.1866901517555632 -0.8209966997852505 -1.2063911342240174 -0.7454267884522358 -0.7417775756757132 -0.8003727882697241 -1.27608955917641 -1.3216935814696396 -1.3340637105310902 -1.360982860262955 -1.404322611529175 -1.3164319459418876 -0.9336452870256274 -0.7870504969215344 -1.245982323554404 -1.7661945179774956 -1.2357288755586275 -1.255683661214174 -1.2224598956517578 -1.2536189570672933 -0.8192108534239507 -0.7459745125954205 -0.7463856624505759 -0.7674206942599886 -0.7415368214058242 -0.763751372791876 -0.7682536183308057 -0.7736120046992668 -0.7568832882021748 -0.770992847910973 -0.8227097449204006 -0.7594110424802962 -1.2881996508131717 -1.2812449097622398 -0.8910360210794698 -1.8043063040770686 -1.3387676112294298 -1.2103495350280338 -1.2377718949968828 -1.1907540801046839 -1.2232953254621093 -1.2315631565875687 -1.2198828295273259 -1.193151654905657 -0.762737258383458 -1.2351634205565276 -1.2456415672339982 -1.2802427722073244 -1.3957119307766888 -1.7481910004446664 -1.7285769253196315 -0.790338453350353 -0.8350783690327352 -0.7613282740720396 -0.7553609709386309 -0.7345611067008548 -0.7531402643373833 -0.7481804518846683 -0.749669128953364 -0.7450996663196632 -0.7468570041225782 -0.8190890313140768 -1.3008154846536433 -1.284536348466194 -1.30020479314588 -1.3038772498870261 -1.3040430204265656 -1.2882270126572641 -1.279166713689703 -2.4252246121568057 -1.342516431173494 -1.2889262562989143 -1.860278789386557 -1.2683332317809024 -1.7226830184037747 -1.2636631373731908 -0.8476720083042604 -1.2631865280549848 -1.3055868259071994 -1.1888858511377258 -1.2336419625505206 -1.9999538677873232 -1.3709984962681325 -1.964216085754358 -1.8938015412352551 -0.7308138660606497 -0.790512467049205 -0.7820775047220884 -0.8431825712033036 -0.8013708373226841 -0.7936337958309703 -0.8271202045640618 -0.7655763363677786 -1.2828140845155716 -1.0232741939116672 -1.7446999131525824 -0.8583396778826463 -1.8352895464079113 -1.3383240954137672 -0.9245715455828488 -1.2280085411419874 -0.7665801780679835 -0.72823795786738 -0.714229840635459 -0.7371243472808663 -0.7622406883467785 -0.7890474598403658 -0.8326061963197513 -0.766024780141505 -1.2361415204401576 -1.8110270832642479 -0.8565044391145394 -1.294082014807909 -1.3071456952744693 -1.8386077625682198 -1.299925885082447 -0.7783991363050357 -0.7390407245914132 -0.7525023318030004 -0.6981922356477619 -0.755643287850785 -0.7440286107052736 -0.7758105020167086 -0.7906643388273972 -1.2180887827398386 -0.7624765746863255 -0.7552404826868883 -0.72603876624838 -0.8637495707304775 -0.7888950784873807 -0.8595101102701492 -0.7966798096626883 -0.7773845991767379 -0.822175929133109 -0.8917748797976328 -1.198268654390609 -0.9038521643133534 -1.3398019947145101 -1.8677537667844675 -1.296533804406959 -1.846785411661325 -0.7518726998476466 -0.7860637210546577 -0.7620166023599915 -0.7788667206895968 -0.7460977558737856 -0.7658130613970267 -0.7609970397811986 -0.7945797653628519 -1.223220904149473 -1.7156796327997845 -1.7452589627212436 -1.1742662578283465 -1.2426132071168707 -0.8684957675206733 -1.2571086605304909 -1.1967267500292795
-1.259517428973502 -1.2822702211692587 -1.2705859373792237 -1.1866901517555632 -0.8209966997852505 -1.2063911342240174 -0.7454267884522358 -0.7417775756757132 -0.8003727882697241 -1.27608955917641 -1.3216935814696396 -1.3340637105310902 -1.3498768664738219 -1.404322611529175 -1.3164319459418876 -0.9403086423529936 -0.7870504969215344 -1.245982323554404 -1.7769360953355395 -1.2357288755586275 -1.255683661214174 -1.2224598956517578 -1.2536189570672933 -0.8192108534239507 -0.7528920454959552 -0.7463856624505759 -0.7674206942599886 -0.7415368214058242 -0.763751372791876 -0.7682536183308057 -0.7736120046992668 -0.7568832882021748 -0.770992847910973 -0.8227097449204006 -0.7594110424802962 -1.2881996508131717 -1.2812449097622398 -0.8910360210794698 -1.7882244127007876 -1.3387676112294298 -1.2103495350280338 -1.2377718949968828 -1.1907540801046839 -1.2232953254621093 -1.2315631565875687 -1.2198828295273259 -1.193151654905657 -0.762737258383458 -1.2351634205565276 -1.2456415672339982 -1.2802427722073244 -1.3957119307766888 -1.7481910004446664 -1.7285769253196315 -0.790338453350353 -0.8350783690327352 -0.7613282740720396 -0.7553609709386309 -0.7345611067008548 -0.7619729074092413 -0.7535435579591082 -0.749669128953364 -0.7450996663196632 -0.7398920889910376 -0.8190890313140768 -1.3008154846536433 -1.284536348466194 -1.30020479314588 -1.3038772498870261 -1.3040430204265656 -1.2813397711906058 -1.279166713689703 -2.4252246121568057 -1.342516431173494 -1.2889262562989143 -1.860278789386557 -1.2683332317809024 -1.7226830184037747 -1.2636631373731908 -0.8476720083042604 -1.2631865280549848 -1.3055868259071994 -1.1888858511377258 -1.2336419625505206 -1.9999538677873232 -1.3709984962681325 -1.964216085754358 -1.8938015412352551 -0.7308138660606497 -0.790512467049205 -0.7820775047220884 -0.8334440496871721 -0.8013708373226841 -0.7936337958309703 -0.8271202045640618 -0.7655763363677786 -1.2627213066919019 -1.0232741939116672 -1.7446999131525824 -0.8583396778826463 -1.8352895464079113 -1.3383240954137672 -0.9245715455828488 -1.2280085411419874 -0.7665801780679835 -0.7351721283417961 -0.714229840635459 -0.7371243472808663 -0.7622406883467785 -0.7890474598403658 -0.8326061963197513 -0.766024780141505 -1.2361415204401576 -1.8110270832642479 -0.8565044391145394 -1.294082014807909 -1.3071456952744693 -1.8386077625682198 -1.299925885082447 -0.7879849997473501 -0.7390407245914132 -0.7525023318030004 -0.6981922356477619 -0.755643287850785 -0.7440286107052736 -0.7758105020167086 -0.7906643388273972 -1.2180887827398386 -0.7624765746863255 -0.7552404826868883 -0.72603876624838 -0.8637495707304775 -0.7888950784873807 -0.8595101102701492 -0.7846876878328602 -0.7773845991767379 -0.822175929133109 -0.8917748797976328 -1.198268654390609 -0.9038521643133534 -1.3398019947145101 -1.8677537667844675 -1.296533804406959 -1.846785411661325 -0.7518726998476466 -0.7860637210546577 -0.7492096519882754 -0.771812642261183 -0.7460977558737856 -0.7658130613970267 -0.7698617700889173 -0.7945797653628519 -1.223220904149473 -1.7156796327997845 -1.7452589627212436 -1.1742662578283465 -1.2426132071168707 -0.8684957675206733 -1.2571086605304909 -1.1967267500292795
-1.259517428973502 -1.2822702211692587 -1.2705859373792237 -1.1866901517555632 -0.8209966997852505 -1.2063911342240174 -0.7454267884522358 -0.7351403826277212 -0.8003727882697241 -1.27608955917641 -1.3216935814696396 -1.3340637105310902 -1.3498768664738219 -1.404322611529175 -1.3164319459418876 -0.9403086423529936 -0.7870504969215344 -1.2517300971916605 -1.7769360953355395 -1.2357288755586275 -1.255683661214174 -1.2224598956517578 -1.2536189570672933 -0.8192108534239507 -0.7528920454959552 -0.7463856624505759 -0.7674206942599886 -0.7415368214058242 -0.763751372791876 -0.7682536183308057 -0.7736120046992668 -0.7568832882021748 -0.770992847910973 -0.8137927924102756 -0.7594110424802962 -1.2881996508131717 -1.2812449097622398 -0.8910360210794698 -1.7882244127007876 -1.3387676112294298 -1.2103495350280338 -1.2377718949968828 -1.1907540801046839 -1.2232953254621093 -1.2315631565875687 -1.2198828295273259 -1.193151654905657 -0.762737258383458 -1.2351634205565276 -1.2456415672339982 -1.3029593751650408 -1.3957119307766888 -1.7481910004446664 -1.7285769253196315 -0.790338453350353 -0.8350783690327352 -0.7613282740720396 -0.7553609709386309 -0.7345611067008548 -0.7619729074092413 -0.7535435579591082 -0.749669128953364 -0.7450996663196632 -0.7398920889910376 -0.8190890313140768 -1.3008154846536433 -1.284536348466194 -1.30020479314588 -1.3038772498870261 -1.3040430204265656 -1.2813397711906058 -1.279166713689703 -2.4252246121568057 -1.342516431173494 -1.2889262562989143 -1.860278789386557 -1.2683332317809024 -1.7226830184037747 -1.2636631373731908 -0.8476720083042604 -1.2631865280549848 -1.3055868259071994 -1.1888858511377258 -1.2336419625505206 -1.9999538677873232 -1.3709984962681325 -1.964216085754358 -1.8938015412352551 -0.7308138660606497 -0.790512467049205 -0.7820775047220884 -0.8334440496871721 -0.8013708373226841 -0.7936337958309703 -0.8271202045640618 -0.7655763363677786 -1.2627213066919019 -1.0232741939116672 -1.7446999131525824 -0.8583396778826463 -1.8352895464079113 -1.3383240954137672 -0.9245715455828488 -1.2280085411419874 -0.7665801780679835 -0.7351721283417961 -0.714229840635459 -0.7371243472808663 -0.7622406883467785 -0.7890474598403658 -0.8326061963197513 -0.766024780141505 -1.2361415204401576 -1.8110270832642479 -0.8565044391145394 -1.294082014807909 -1.3071456952744693 -1.8386077625682198 -1.299925885082447 -0.7879849997473501 -0.7390407245914132 -0.7525023318030004 -0.6981922356477619 -0.755643287850785 -0.7440286107052736 -0.7758105020167086 -0.760315564373362 -1.2180887827398386 -0.770732992072708 -0.7552404826868883 -0.72603876624838 -0.8637495707304775 -0.7888950784873807 -0.8595101102701492 -0.7846876878328602 -0.7773845991767379 -0.822175929133109 -0.8917748797976328 -1.198268654390609 -0.9038521643133534 -1.3398019947145101 -1.8677537667844675 -1.296533804406959 -1.846785411661325 -0.7518726998476466 -0.7860637210546577 -0.7620166023599915 -0.771812642261183 -0.7460977558737856 -0.7658130613970267 -0.7698617700889173 -0.7945797653628519 -1.2137551324087739 -1.7156796327997845 -1.7452589627212436 -1.1742662578283465 -1.2426132071168707 -0.8539942692724651 -1.2571086605304909 -1.1967267500292795
-1.259517428973502 -1.2822702211692587 -1.2705859373792237 -1.1866901517555632 -0.8209966997852505 -1.2063911342240174 -0.7454267884522358 -0.7351403826277212 -0.8003727882697241 -1.27608955917641 -1.3216935814696396 -1.2945734696569031 -1.3498768664738219 -1.404322611529175 -1.3164319459418876 -0.9403086423529936 -0.7787245546062396 -1.2517300971916605 -1.7462036996922665 -1.2357288755586275 -1.255683661214174 -1.2224598956517578 -1.2536189570672933 -0.8242422941585383 -0.7528920454959552 -0.7463856624505759 -0.7508549813320894 -0.7415368214058242 -0.7736578343108705 -0.7682536183308057 -0.7736120046992668 -0.7568832882021748 -0.770992847910973 -0.8137927924102756 -0.7594110424802962 -1.2881996508131717 -1.292342812443336 -0.8910360210794698 -1.8043063040770686 -1.3387676112294298 -1.2103495350280338 -1.2377718949968828 -1.1907540801046839 -1.2232953254621093 -1.2315631565875687 -1.2198828295273259 -1.1844904765234998 -0.762737258383458 -1.2351634205565276 -1.2456415672339982 -1.3029593751650408 -1.3957119307766888 -1.7481910004446664 -1.7285769253196315 -0.790338453350353 -0.8350783690327352 -0.7613282740720396 -0.7553609709386309 -0.7345611067008548 -0.7619729074092413 -0.7535435579591082 -0.771238420917213 -0.7450996663196632 -0.7398920889910376 -0.8190890313140768 -1.3008154846536433 -1.284536348466194 -1.30020479314588 -1.3038772498870261 -1.3040430204265656 -1.2813397711906058 -1.279166713689703 -2.4252246121568057 -1.342516431173494 -1.2889262562989143 -1.860278789386557 -1.2683332317809024 -1.7226830184037747 -1.2636631373731908 -0.8302556697934212 -1.2631865280549848 -1.3055868259071994 -1.1888858511377258 -1.2669111748757704 -1.9999538677873232 -1.3709984962681325 -1.964216085754358 -1.8938015412352551 -0.7308138660606497 -0.790512467049205 -0.7820775047220884 -0.8334440496871721 -0.8013708373226841 -0.7936337958309703 -0.8271202045640618 -0.7655763363677786 -1.2627213066919019 -1.0232741939116672 -1.7446999131525824 -0.8583396778826463 -1.8352895464079113 -1.3383240954137672 -0.9245715455828488 -1.2280085411419874 -0.7665801780679835 -0.7351721283417961 -0.714229840635459 -0.7497423805526837 -0.7555445842238807 -0.7890474598403658 -0.8326061963197513 -0.766024780141505 -1.2361415204401576 -1.2485994669600027 -0.8626909486152244 -1.294082014807909 -1.3071456952744693 -1.8386077625682198 -1.299925885082447 -0.7879849997473501 -0.7390407245914132 -0.7525023318030004 -0.6981922356477619 -0.755643287850785 -0.7601510020191958 -0.7758105020167086 -0.760315564373362 -1.2180887827398386 -0.770732992072708 -0.7552404826868883 -0.734327164531701 -0.8637495707304775 -0.7888950784873807 -0.8595101102701492 -0.7846876878328602 -0.7712979819353912 -0.822175929133109 -0.9010351189246024 -1.198268654390609 -0.9038521643133534 -1.3398019947145101 -1.8677537667844675 -1.296533804406959 -1.846785411661325 -0.7518726998476466 -0.7860637210546577 -0.7620166023599915 -0.771812642261183 -0.7558977919789636 -0.7658130613970267 -0.7698617700889173 -0.7945797653628519 -1.2137551324087739 -1.7156796327997845 -1.7452589627212436 -1.1742662578283465 -1.215595109737785 -0.8539942692724651 -1.2571086605304909 -1.1967267500292795
-1.259517428973502 -1.2822702211692587 -1.2705859373792237 -1.1866901517555632 -0.8209966997852505 -0.7587650881095506 -0.7454267884522358 -0.7351403826277212 -0.8003727882697241 -1.27608955917641 -1.3216935814696396 -1.2945734696569031 -1.3498768664738219 -1.404322611529175 -1.3164319459418876 -0.9403086423529936 -0.7870504969215344 -1.2517300971916605 -1.7462036996922665 -1.2357288755586275 -1.2628441197602385 -1.2224598956517578 -1.2536189570672933 -0.7905824165124008 -0.7528920454959552 -0.7463856624505759 -0.7559102686413519 -0.7360372977309183 -0.7736578343108705 -0.7682536183308057 -0.7736120046992668 -0.7568832882021748 -0.770992847910973 -0.8137927924102756 -0.7594110424802962 -1.2881996508131717 -1.292342812443336 -0.8910360210794698 -1.8043063040770686 -1.3387676112294298 -1.2103495350280338 -1.2377718949968828 -1.1907540801046839 -1.2232953254621093 -1.2315631565875687 -1.2198828295273259 -1.1883229303975495 -0.762737258383458 -1.2351634205565276 -1.2456415672339982 -1.3029593751650408 -1.3957119307766888 -1.7481910004446664 -1.7285769253196315 -0.790338453350353 -0.8350783690327352 -0.7613282740720396 -0.7633762182746325 -0.7345611067008548 -0.7619729074092413 -0.74113043797098 -0.771238420917213 -0.7450996663196632 -0.7398920889910376 -0.8190890313140768 -1.3008154846536433 -1.284536348466194 -1.3666326015667238 -1.3038772498870261 -1.3040430204265656 -1.2813397711906058 -1.279166713689703 -2.4252246121568057 -1.342516431173494 -1.2889262562989143 -1.860278789386557 -1.2683332317809024 -1.7226830184037747 -1.2636631373731908 -0.8476720083042604 -1.2295693927584566 -1.3055868259071994 -1.1888858511377258 -1.2669111748757704 -1.9999538677873232 -1.3709984962681325 -1.964216085754358 -1.8938015412352551 -0.7308138660606497 -0.790512467049205 -0.7820775047220884 -0.8334440496871721 -0.8013708373226841 -0.7936337958309703 -0.8271202045640618 -0.7655763363677786 -1.2627213066919019 -1.0232741939116672 -1.7615738562057852 -0.8583396778826463 -1.849860564121773 -1.3541225017578986 -0.9245715455828488 -1.2280085411419874 -0.7665801780679835 -0.7351721283417961 -0.714229840635459 -0.7298075121420473 -0.7555445842238807 -0.7890474598403658 -0.8326061963197513 -0.766024780141505 -1.2361415204401576 -1.2552439574477787 -0.8626909486152244 -1.294082014807909 -1.3071456952744693 -1.8386077625682198 -1.299925885082447 -0.7879849997473501 -0.7390407245914132 -0.7525023318030004 -0.6981922356477619 -0.755643287850785 -0.7300075939884716 -0.7758105020167086 -0.760315564373362 -1.2180887827398386 -0.7634989938959952 -0.7552404826868883 -0.72603876624838 -0.8637495707304775 -0.7888950784873807 -0.8595101102701492 -0.7846876878328602 -0.7773845991767379 -0.8125569551804586 -0.8541066133064145 -1.198268654390609 -0.9038521643133534 -1.3398019947145101 -1.8677537667844675 -1.296533804406959 -1.846785411661325 -0.7518726998476466 -0.7860637210546577 -0.7620166023599915 -0.771812642261183 -0.7726281374002376 -0.7658130613970267 -0.7698617700889173 -0.7945797653628519 -1.2137551324087739 -1.7156796327997845 -1.730252290648197 -1.1742662578283465 -1.215595109737785 -0.8539942692724651 -1.2571086605304909 -1.1967267500292795
-0.800332554834053 -1.2822702211692587 -1.2705859373792237 -1.149545069001082 -0.8209966997852505 -0.7587650881095506 -0.7392829153431687 -0.7351403826277212 -0.8003727882697241 -1.27608955917641 -1.3216935814696396 -1.2945734696569031 -1.3498768664738219 -1.404322611529175 -1.3164319459418876 -0.9403086423529936 -0.7870504969215344 -1.2517300971916605 -1.7462036996922665 -1.2357288755586275 -1.2628441197602385 -1.2224598956517578 -1.2536189570672933 -0.7905824165124008 -0.7453715988970203 -0.7463856624505759 -0.7559102686413519 -0.7360372977309183 -0.7736578343108705 -0.7682536183308057 -0.7668474251517935 -0.7568832882021748 -0.770992847910973 -0.8137927924102756 -0.7594110424802962 -1.2881996508131717 -1.292342812443336 -0.8910360210794698 -1.8043063040770686 -1.3387676112294298 -1.2103495350280338 -1.2336744249840488 -1.1907540801046839 -1.2232953254621093 -1.2315631565875687 -1.2198828295273259 -1.1883229303975495 -0.762737258383458 -1.2351634205565276 -1.2456415672339982 -1.3029593751650408 -1.3957119307766888 -1.7481910004446664 -1.7285769253196315 -0.790338453350353 -0.8350783690327352 -0.7613282740720396 -0.7553609709386309 -0.7345611067008548 -0.7619729074092413 -0.74113043797098 -0.771238420917213 -0.7450996663196632 -0.7345520853950502 -0.8190890313140768 -1.3008154846536433 -1.284536348466194 -1.3666326015667238 -1.3038772498870261 -1.3040430204265656 -1.2813397711906058 -1.279166713689703 -2.4252246121568057 -1.342516431173494 -1.2889262562989143 -1.860278789386557 -1.289120498358048 -1.7226830184037747 -1.2568309349151334 -0.8302556697934212 -1.2295693927584566 -1.3186074121026077 -1.1888858511377258 -1.2669111748757704 -1.9999538677873232 -1.3709984962681325 -1.964216085754358 -1.8938015412352551 -0.7377408021144306 -0.790512467049205 -0.7820775047220884 -0.8334440496871721 -0.8013708373226841 -0.7936337958309703 -0.8271202045640618 -0.7655763363677786 -1.2276377719599119 -1.0232741939116672 -1.7446999131525824 -0.8583396778826463 -1.849860564121773 -1.3541225017578986 -0.9245715455828488 -1.2280085411419874 -0.7665801780679835 -0.7351721283417961 -0.7082695620914543 -0.7298075121420473 -0.7555445842238807 -0.7890474598403658 -0.8326061963197513 -0.7894555159292113 -1.2361415204401576 -1.2552439574477787 -0.8247478604645809 -1.294082014807909 -1.3071456952744693 -1.8386077625682198 -1.299925885082447 -0.7879849997473501 -0.7390407245914132 -0.7525023318030004 -0.6981922356477619 -0.755643287850785 -0.7300075939884716 -0.7845985546001585 -0.7964930391580219 -1.2180887827398386 -0.7634989938959952 -0.7417173387362614 -0.72603876624838 -0.8786544197033188 -0.7888950784873807 -0.8595101102701492 -0.7846876878328602 -0.7773845991767379 -0.822175929133109 -0.8541066133064145 -1.198268654390609 -0.9038521643133534 -1.3398019947145101 -1.8677537667844675 -1.296533804406959 -1.846785411661325 -0.7518726998476466 -0.7860637210546577 -0.7620166023599915 -0.771812642261183 -0.7726281374002376 -0.7658130613970267 -0.7698617700889173 -0.7945797653628519 -1.1796576048921823 -1.7156796327997845 -1.730252290648197 -1.1742662578283465 -1.215595109737785 -0.8627808491135798 -1.2571086605304909 -1.1967267500292795
-1.259517428973502 -1.2822702211692587 -1.2705859373792237 -1.149545069001082 -0.8209966997852505 -0.7359814312623962 -0.7454267884522358 -0.7238817882075149 -0.8003727882697241 -1.2877862993866027 -1.3287627899478252 -1.3152401951161738 -1.3498768664738219 -1.404322611529175 -1.3164319459418876 -0.9403086423529936 -0.775062212979851 -1.2517300971916605 -1.7355307408770722 -1.2357288755586275 -1.2628441197602385 -1.2224598956517578 -0.7960515763806904 -0.7905824165124008 -0.7453715988970203 -0.7463856624505759 -0.7674206942599886 -0.7232986564662659 -0.7736578343108705 -0.7682536183308057 -0.7668474251517935 -0.7568832882021748 -0.770992847910973 -0.8227097449204006 -0.7594110424802962 -1.2881996508131717 -1.292342812443336 -0.8910360210794698 -1.8043063040770686 -1.3387676112294298 -1.2103495350280338 -1.2336744249840488 -1.1907540801046839 -1.2232953254621093 -1.2315631565875687 -1.2198828295273259 -1.1969986466557023 -0.762737258383458 -1.2351634205565276 -1.2456415672339982 -1.2570678875352144 -1.3957119307766888 -1.7481910004446664 -1.7285769253196315 -0.790338453350353 -0.8479228021296047 -0.7670948859940224 -0.7690668185802418 -0.7430491446635953 -0.7531402643373833 -0.74113043797098 -0.771238420917213 -0.7450996663196632 -0.7345520853950502 -0.8190890313140768 -1.3008154846536433 -1.284536348466194 -1.3666326015667238 -1.3038772498870261 -1.3040430204265656 -1.2882270126572641 -1.279166713689703 -2.4252246121568057 -1.342516431173494 -1.2819041871881185 -1.860278789386557 -1.2683332317809024 -1.7319319906990258 -1.2568309349151334 -0.8302556697934212 -1.2295693927584566 -1.3297379200738726 -1.2035805624110623 -1.2669111748757704 -1.9999538677873232 -1.3709984962681325 -1.964216085754358 -1.8938015412352551 -0.7377408021144306 -0.790512467049205 -0.9355269699506655 -1.2853665994435148 -0.8013708373226841 -0.7936337958309703 -0.8085895941315365 -0.7655763363677786 -1.2395662692501066 -1.0232741939116672 -1.7448872466460679 -0.8583396778826463 -1.8296657627131077 -1.3541225017578986 -0.9245715455828488 -1.2280085411419874 -0.7665801780679835 -0.7270576890554199 -0.7105325502120633 -0.7227486299515044 -0.7555445842238807 -0.7832901803308064 -0.7681762076263218 -0.7894555159292113 -1.2361415204401576 -1.2552439574477787 -0.8247478604645809 -1.294082014807909 -1.3071456952744693 -1.8386077625682198 -1.2771056261617437 -0.7879849997473501 -0.7390407245914132 -0.7525023318030004 -0.7101480045211982 -0.755643287850785 -0.7499073292957834 -0.7845985546001585 -0.7964930391580219 -1.2180887827398386 -0.7535498111855835 -0.7417173387362614 -0.72603876624838 -0.8643557892434433 -0.7888950784873807 -0.8595101102701492 -0.7846876878328602 -0.7712979819353912 -0.8148013204856467 -0.8541066133064145 -1.198268654390609 -0.9038521643133534 -1.3398019947145101 -1.8677537667844675 -1.296533804406959 -1.8569065625154593 -0.7518726998476466 -0.7860637210546577 -0.7620166023599915 -0.771812642261183 -0.7726281374002376 -0.7574477635860956 -0.777285658526372 -0.7945797653628519 -1.1796576048921823 -1.7156796327997845 -1.742784832878643 -1.2016394270286987 -1.2426132071168707 -0.8627808491135798 -1.27916295695541 -1.1967267500292795
-0.800332554834053 -1.2822702211692587 -0.8451342236897087 -1.149545069001082 -0.8009792646169169 -0.7359814312623962 -0.7454267884522358 -0.7238817882075149 -0.8003727882697241 -1.2877862993866027 -1.3287627899478252 -1.2750787462458915 -1.3498768664738219 -1.3614858659982356 -1.3164319459418876 -0.9403086423529936 -0.775062212979851 -1.2517300971916605 -1.7355307408770722 -1.2102408419107564 -1.2435245933901764 -1.2224598956517578 -0.7960515763806904 -0.7905824165124008 -0.756875068469598 -0.7463856624505759 -0.7386363806237239 -0.7232986564662659 -0.7824120360455348 -0.7682536183308057 -0.7668474251517935 -0.7568832882021748 -0.770992847910973 -0.8227097449204006 -0.7688006668750058 -1.2881996508131717 -1.292342812443336 -0.8910360210794698 -1.8043063040770686 -1.3387676112294298 -1.2103495350280338 -1.2336744249840488 -1.1907540801046839 -1.2232953254621093 -1.2315631565875687 -1.2198828295273259 -1.1883229303975495 -0.762737258383458 -1.2351634205565276 -1.2456415672339982 -1.2790721378571728 -1.3957119307766888 -1.7665187495698753 -1.7285769253196315 -0.7629259090176538 -0.8246517582890515 -0.7613282740720396 -0.7610117062054471 -0.7430491446635953 -0.7531402643373833 -0.74113043797098 -0.771238420917213 -0.7645567224264164 -0.7388718844756232 -0.8190890313140768 -1.3008154846536433 -1.284536348466194 -1.3666326015667238 -1.3038772498870261 -1.3040430204265656 -1.2882270126572641 -1.279166713689703 -2.4252246121568057 -1.342516431173494 -1.2726188462563461 -1.860278789386557 -1.289120498358048 -1.7319319906990258 -1.2568309349151334 -0.8302556697934212 -1.2428425284695361 -1.3010917596825404 -1.217390756746089 -1.2888075357296387 -1.9999538677873232 -1.3709984962681325 -1.964216085754358 -1.8938015412352551 -0.7377408021144306 -0.790512467049205 -0.9228068093124216 -0.7651056717588136 -0.8013708373226841 -0.7936337958309703 -0.7987028237434041 -0.7655763363677786 -1.2276377719599119 -1.0162315912610171 -1.7448872466460679 -0.8583396778826463 -1.8159753942601615 -1.3541225017578986 -0.9245715455828488 -1.2280085411419874 -0.7339921557528833 -0.7270576890554199 -0.690247832587679 -0.7123882538723876 -0.7314912529108177 -0.7890474598403658 -0.7681762076263218 -0.7894555159292113 -1.214121213026924 -1.233989497926043 -0.796103114585304 -1.2842505091156433 -0.8489406871500396 -1.786633109652681 -1.2771056261617437 -0.7939650670760187 -0.7648286410929002 -0.7525023318030004 -0.7389980620967881 -0.755643287850785 -0.7200406188689199 -0.7728542743494091 -0.7964930391580219 -1.2180887827398386 -0.7454171126720663 -0.7359569856546272 -0.7322326127576504 -0.8786544197033188 -0.7888950784873807 -0.8595101102701492 -0.7846876878328602 -0.7694112669375641 -0.79553634526639 -0.8303068162784498 -1.198268654390609 -0.9038521643133534 -1.3398019947145101 -1.8677537667844675 -1.296533804406959 -1.8569065625154593 -0.7726468455997951 -0.7860637210546577 -0.7620166023599915 -0.771812642261183 -0.7868156625681445 -0.7656072959774269 -0.7765898237486762 -0.7710256172160164 -1.1796576048921823 -1.7156796327997845 -1.742784832878643 -1.1742662578283465 -1.2426132071168707 -0.8627808491135798 -0.7718341016056661 -0.7752994836412984
-0.7866169086862438 -1.2604258931410126 -0.802973168428409 -1.12817158898279 -0.7858834105544 -0.7618832029279382 -0.7394780635132412 -0.7203546544399521 -1.3007314742409362 -1.9348118691186822 -1.492825634167329 -2.020407778849876 -2.5597887019616032 -1.3983768746974954 -1.362548404380214 -0.9070071472619232 -0.7604050307348289 -1.795844746808027 -1.7725729469964575 -1.30673979803755 -1.280386847229613 -1.2454424304086493 -0.8051054581139423 -0.8103299925156761 -0.7494489776831199 -0.755930217747612 -0.7421463137846137 -0.7641463284223271 -0.802265885199408 -0.7553349285673896 -0.7668474251517935 -0.7650014690550303 -0.7459621195867464 -0.7864599664169164 -0.7319721680561523 -0.8559386191610328 -0.7900934922576491 -1.183661122524363 -1.2209205714305478 -1.2420082659333103 -0.7544917113443778 -0.7475934111980288 -0.7299459547859792 -0.7632188493922424 -0.7437650225743547 -0.7280611697784268 -0.7404269375620721 -0.7350082265769139 -1.3219887585757055 -1.351459157619228 -1.4054387796301973 -1.443161719372955 -2.3420793596978267 -2.348713044175664 -0.7644034724752234 -1.2468042460458668 -0.7541827972642501 -0.7554586387480907 -0.7329867323090608 -0.737023572199738 -0.7567377265460548 -0.7513493190050969 -0.749805660373229 -0.7716043734490914 -0.773840059464802 -0.8541941135739441 -0.8722494398060122 -1.3636138419356474 -0.9259415689926761 -1.3222218812060564 -1.3091471814313944 -0.8385739257965545 -1.842873968710354 -1.354600062877888 -1.2977736296243718 -2.4343753504911003 -1.3466973876365422 -1.1750178687704387 -1.2610561366352613 -0.8087959053922341 -1.8780946227980506 -1.365798730071292 -1.2843889493645018 -2.501573644308332 -1.8279061061235555 -1.3810155986397668 -1.339022730444406 -1.2491726471541698 -0.730254669864271 -0.7601643220521268 -1.1475198801445918 -1.779146505736308 -0.7753699972832719 -0.7790144178328822 -1.7593280574282495 -0.7922017692328984 -1.2818723962306227 -1.2070201731944634 -2.4233664422360937 -0.9554192297202017 -1.9127971476957606 -1.343027906292806 -0.8541155024708489 -0.8035736016921929 -1.2221452379556448 -0.760492960442848 -0.7084131115760324 -0.7500443004099066 -0.8245682740510846 -0.7486691421962749 -0.7723373036106462 -0.7829598940125888 -1.2591108310070633 -1.8300963756580455 -0.9071530537562834 -1.9636688000010103 -1.3657113066856963 -1.8099856586894907 -1.843093390271104 -0.7932258271738021 -0.7560692944107752 -0.757877782531283 -0.735159429765925 -0.7217732881982036 -0.7677251642549021 -0.7145148088213297 -0.7746721987644218 -0.7402300923506117 -0.7422302631847559 -0.7405066221343802 -0.7010813429008637 -1.215947081819229 -0.7570024781366789 -1.2529257058649743 -0.7845060710489826 -0.7872208293340189 -0.8022526621852557 -1.2970837823639598 -1.7244894898613217 -0.8784042913349622 -0.8550436336357847 -1.2354577334474766 -0.8158881297676331 -1.2633629778953939 -0.749511216738681 -0.7808875768936763 -0.7750973077862315 -0.7453290784003409 -0.7653788074123674 -0.7640998145955338 -0.7510312680914845 -0.7571660618099902 -0.8101849378973931 -1.2153321628621292 -1.2545819283826383 -0.8033609922015047 -0.779149114483592 -0.8154559240639856 -0.8000245943468831 -0.7467538576710934
-0.7739287101071455 -1.2740559427244291 -0.7793294114883568 -0.8783447610398567 -0.7503697738419609 -0.7366758207884117 -0.7445551414971155 -0.7306155881173583 -1.2861995096070669 -1.9348118691186822 -1.492825634167329 -2.020407778849876 -2.4841438393150934 -1.409223646844362 -1.9541137696426427 -1.2235816294964343 -1.2143210262469617 -1.8103385771120049 -1.2321511066625157 -2.527932477587215 -1.3262053807710563 -1.25916118168696 -0.8115143963334952 -0.8109780377874986 -0.7680787306953215 -0.7663735052473563 -0.7735503035270485 -0.7751956689830792 -0.8113262322896511 -0.7547327021330912 -0.7850736399476935 -0.7572393636797613 -0.7552999358511283 -0.7559789039281534 -0.7453404626179853 -0.8134387079983807 -0.8292556806841591 -1.2240812304050535 -1.2281771491408195 -1.244829997520401 -0.7544917113443778 -0.7341870995141782 -0.7347532664885374 -0.7555593638101517 -0.7287671500677879 -0.7314901716521613 -0.7302590835809541 -0.7401836053959858 -1.2922272565462187 -1.3814945693759508 -1.4397994685264688 -1.459910201772365 -1.7658159948635974 -2.42064579682711 -0.8294689429370017 -1.792105039341233 -0.7720721732272584 -0.7985975267533518 -0.807131734737893 -0.753143018907075 -0.7744173497978567 -0.7706579410318024 -0.749805660373229 -0.7640034426285734 -0.773840059464802 -0.8750881590707997 -0.9027518052482456 -1.3636138419356474 -0.9199327811312977 -1.3222218812060564 -1.2422345317274175 -0.7976103700491441 -1.3012651914306201 -0.8730525136245133 -1.3027087004789388 -1.7917146417007475 -1.2702147205567356 -1.147413816599358 -1.2446429853894914 -1.268377279177378 -1.8780946227980506 -1.3509237107916858 -1.2927458610399565 -2.501573644308332 -1.860406802122912 -1.3042459660642127 -1.3209175840531033 -1.2527269279372928 -0.730254669864271 -0.7601643220521268 -1.1475198801445918 -1.7556723189459897 -0.8028493437362351 -0.783524062598237 -1.7593280574282495 -0.792959685023584 -1.2818723962306227 -1.1795607074073056 -2.4200373274974822 -0.9585543490055521 -1.3231548384198861 -1.3227734248314613 -0.8541155024708489 -0.8124097246803593 -0.7815756027713996 -0.7611007194984504 -0.726138386725229 -0.7418701959797185 -0.808500632258284 -0.7539730674486718 -0.7681781262000177 -0.7691230410649843 -1.2279226375850092 -1.2654929870009688 -0.852164566532777 -1.9636688000010103 -1.9464287371255922 -1.2387581779934522 -1.7700230479020471 -0.7759308386064188 -0.7681569307912134 -0.768630042004727 -0.7638156779478122 -0.7378349209551471 -0.7503754720676125 -0.7376259158900278 -0.7783216898699057 -0.7449977504298364 -0.7365243908029803 -0.7182063405092453 -0.7065537583532511 -1.2012140212856537 -0.7825023232146238 -1.2727456702524886 -0.8029618242499251 -0.8214339452234946 -0.8099261942300731 -1.3812788385837604 -2.4163954537839816 -0.8395150473867911 -0.8807852318893268 -1.1849011783433352 -0.8450132495189459 -0.7604899151249477 -0.7496833022495341 -0.7812894231566685 -0.7825178341350831 -0.7634903715860747 -0.767972268369015 -0.7705971073369371 -0.7631483094893402 -0.7587819248664771 -0.8163365978568767 -0.7501312808779262 -0.770378393111782 -1.2214307830930098 -0.7743163320802519 -0.7900357893945038 -0.800540610766031 -0.7603048905421929
-0.7904085670740769 -0.80533983027402 -0.7793294114883568 -0.8783447610398567 -0.7149343250199869 -0.7439088002432902 -0.7340233722962576 -0.7275681462225115 -0.8210596130315195 -1.9348118691186822 -1.492825634167329 -2.027592797023049 -2.4841438393150934 -1.409223646844362 -1.9430549060006768 -1.1389237627086588 -1.2335156039620105 -1.7990231841653446 -1.7909889752447972 -2.527932477587215 -1.9008314642172508 -1.354618550943701 -0.8115143963334952 -0.8109780377874986 -0.7680787306953215 -0.7663735052473563 -0.7735503035270485 -0.7809786256792198 -0.8235134686311786 -0.7594554702809234 -0.7917159513205707 -0.7639022913718316 -0.7552999358511283 -0.7663997752522673 -0.7382216697821878 -0.8071348430898124 -0.7872746413039357 -1.174963907143246 -0.7633455762050935 -1.244829997520401 -0.7544917113443778 -0.7341870995141782 -0.7347532664885374 -0.7555593638101517 -0.7287671500677879 -0.7314901716521613 -0.7302590835809541 -0.7401836053959858 -1.2922272565462187 -1.3891743834114243 -1.4397994685264688 -1.459910201772365 -1.7658159948635974 -2.42064579682711 -0.8294689429370017 -1.8398429121387614 -0.7720721732272584 -1.2571357027706855 -1.2682556448509938 -1.1508628593555847 -0.8000180701868936 -0.7706579410318024 -0.7587352072460188 -0.7640034426285734 -0.773840059464802 -0.8750881590707997 -0.8950322090139514 -1.3636138419356474 -0.8841124451232234 -1.2614542759590928 -1.2362848233993415 -0.7922609429125455 -1.3012651914306201 -0.8730525136245133 -1.2933495822509073 -1.7674365916045136 -1.2589925339637562 -1.147413816599358 -1.2446429853894914 -1.268377279177378 -1.8780946227980506 -1.3509237107916858 -1.2927458610399565 -2.5108386805090634 -1.860406802122912 -1.313634146371095 -1.274411676170349 -1.2527269279372928 -0.7357350350779316 -0.7601643220521268 -1.1303642018935518 -1.7556723189459897 -0.8028493437362351 -0.7909728341485285 -1.7705702979616504 -0.830137648477037 -1.2818723962306227 -1.1795607074073056 -1.773257113712888 -0.9259511137718969 -1.297156978853962 -1.3125935201524843 -0.8667122167214116 -0.8124097246803593 -0.7821854036915523 -0.7332996447490343 -0.7280204888736872 -0.7607292087168154 -0.8450638077060627 -0.7590263877895798 -0.7594445105283927 -0.7691230410649843 -1.2279226375850092 -1.2654929870009688 -1.3548392479022342 -1.979026614493447 -1.9808781358143448 -1.2880865062288087 -1.7627131383245285 -0.7759308386064188 -0.7858698907912696 -0.7881738091238917 -0.8226238061410616 -0.7378349209551471 -0.7940984969039268 -0.7317919460708073 -0.7783216898699057 -0.7449977504298364 -0.7365243908029803 -0.7182063405092453 -0.7334473637021709 -1.2012140212856537 -0.8246712742470097 -1.2727456702524886 -0.8029618242499251 -0.8301352330824265 -1.273637967015004 -1.3812788385837604 -2.4163954537839816 -0.8481395065251881 -0.8807852318893268 -1.1849011783433352 -0.7890428062168043 -0.7604899151249477 -0.764531808932025 -0.773247237327993 -0.7710934719262057 -0.7481657425754483 -0.7610102620591244 -0.7620604650547584 -0.7631483094893402 -0.7587819248664771 -0.8005425822005082 -0.9996678343334727 -0.8215259755521227 -1.250116028962262 -0.7743163320802519 -0.7900357893945038 -0.8349130130162044 -0.7747267115070157
-0.7904085670740769 -0.80533983027402 -0.7793294114883568 -0.8783447610398567 -0.7149343250199869 -0.749061866723439 -0.7340233722962576 -0.7269010902414657 -0.8210596130315195 -1.9348118691186822 -1.483750667440862 -2.020407778849876 -2.4841438393150934 -1.409223646844362 -1.9541137696426427 -1.129786895857752 -1.2403152825527712 -1.8103385771120049 -1.2321511066625157 -2.527932477587215 -1.9008314642172508 -1.25916118168696 -0.8115143963334952 -0.8109780377874986 -0.7680787306953215 -0.7663735052473563 -0.7735503035270485 -0.7809786256792198 -0.8235134686311786 -0.7547327021330912 -0.7850736399476935 -0.7572393636797613 -0.7671434894584244 -0.7663997752522673 -0.7382216697821878 -0.8056896895225759 -0.7872746413039357 -1.174963907143246 -0.7744345098578074 -1.244829997520401 -0.7544917113443778 -0.7380895902478818 -0.7347532664885374 -0.7555593638101517 -0.758357481709524 -0.7280611697784268 -0.7347937951982638 -0.7401836053959858 -1.3124700912684695 -1.3891743834114243 -1.4397994685264688 -1.459910201772365 -1.7658159948635974 -2.42064579682711 -0.8294689429370017 -1.792105039341233 -0.7720721732272584 -0.7985975267533518 -0.807131734737893 -1.161514197270561 -0.8000180701868936 -1.2207142425516722 -0.7647811172867749 -0.7640034426285734 -0.7837246798171615 -0.8750881590707997 -0.9027518052482456 -1.3636138419356474 -0.9093501634307082 -1.2703999898598157 -1.2362848233993415 -0.7976103700491441 -1.3012651914306201 -0.8730525136245133 -1.3027087004789388 -1.7917146417007475 -1.2589925339637562 -1.147413816599358 -1.2446429853894914 -1.268377279177378 -1.8780946227980506 -1.3509237107916858 -1.2927458610399565 -2.501573644308332 -1.860406802122912 -1.313634146371095 -1.3209175840531033 -1.2413357743943543 -0.730254669864271 -0.7601643220521268 -1.1475198801445918 -1.7556723189459897 -0.8028493437362351 -0.7909728341485285 -1.7705702979616504 -0.792959685023584 -1.2818723962306227 -1.1795607074073056 -1.7882829812417365 -0.9259511137718969 -1.3055454627475982 -1.3125935201524843 -0.8667122167214116 -0.7980391444158791 -1.1870302069792547 -0.7611007194984504 -0.7235374204627278 -0.7481881209616298 -0.8172239919548875 -0.7539730674486718 -0.7594445105283927 -0.7691230410649843 -1.2216970992850826 -1.298850540758371 -0.9105166642305695 -1.9636688000010103 -1.9808781358143448 -1.30195025462057 -1.7700230479020471 -0.7759308386064188 -0.7858698907912696 -0.768630042004727 -0.7749188810831231 -0.7290757566408325 -0.7940984969039268 -0.7248332164934512 -0.7783216898699057 -0.7680878933483293 -0.7365243908029803 -0.7182063405092453 -0.7211443326346028 -1.2012140212856537 -0.8287961101321805 -1.2727456702524886 -0.8029618242499251 -0.8301352330824265 -0.8099261942300731 -1.3812788385837604 -2.4163954537839816 -0.8395150473867911 -1.3627434783591967 -1.238660917313682 -0.7858787351561305 -0.7604899151249477 -0.764531808932025 -0.7812894231566685 -0.79519525197466 -0.7554290247436743 -0.7669958775887962 -0.7620604650547584 -0.7524193855637868 -0.7587819248664771 -0.8255791759962609 -0.7829224201307758 -0.8215259755521227 -1.250116028962262 -0.7743163320802519 -0.7799189029664221 -0.8349130130162044 -0.7675128213888954
-0.7569120568929854 -0.7556054159199894 -0.7742075101232557 -0.7522538650134303 -0.7190499869744228 -0.725140387494428 -0.7339822108780746 -0.7311192245027909 -1.2842896929875227 -1.3256864241079096 -1.5411323770175986 -1.9986422408792386 -2.48618958039233 -1.3832571936137048 -1.9379567125997579 -1.1274704310515757 -0.8032447719170944 -1.7173567191098218 -1.8273098769840008 -1.931324300629631 -1.9688007776142986 -1.9970833862365154 -1.2947965011014704 -0.8370262008640336 -0.789818563187689 -0.787490165937014 -0.8311390597772051 -0.7760758025841695 -0.8337079704230538 -0.8335273984793855 -0.8353411649377509 -0.8067103974799674 -0.8033593357095488 -0.7844491751126453 -0.7289451650584197 -0.7623844688740571 -0.7631801408752947 -0.7233662244535798 -0.7571391776573259 -0.8003270211917107 -0.7309280066711558 -0.7498038158977496 -0.7348215437973428 -0.7474933579203513 -0.7702574266450563 -0.7146606546953294 -0.7356447597189567 -0.7790704581454141 -1.2799816196671092 -1.4095601903335977 -1.4112359240322014 -1.4384170927778794 -1.8076253384349235 -1.7827148172391498 -0.8331849558267884 -1.287664448303179 -1.209702960585168 -1.7896158273990497 -1.330063388084852 -1.2005959202498409 -1.8304271896351016 -1.2589389114244436 -0.8297419409995169 -0.7486303289087489 -0.7837246798171615 -0.7888213022974429 -0.8220010024953999 -0.8395120126013174 -0.8416960414616278 -0.8425029238602713 -1.2300773676275347 -0.8048851477834011 -1.2794390701167146 -0.9134692189111051 -1.2651566646723345 -1.196100080198733 -1.2575192867297877 -1.1240891236060995 -1.2562212188945774 -1.3077776344243235 -1.2636206585249385 -1.3275553423736015 -1.2850132953015776 -1.8520405348456221 -1.333024724739258 -1.2804854513174608 -1.2629715644679875 -0.8084005363050287 -1.2602520951673868 -1.2681531626911438 -1.2080144420755894 -1.730442348931495 -0.8480988660088467 -0.8223202202963343 -1.2177842075002538 -0.82866243869347 -1.8413671765890423 -1.2559602152656988 -1.848980693556928 -0.9181865218618703 -1.2695662644770753 -1.2817504726358555 -0.860867270461395 -0.7543953341517361 -0.7559793003335324 -0.7612979164132402 -0.7793966948566664 -1.2442927220448865 -1.1626828373938547 -1.2414782402671927 -1.175154480144858 -0.7498143497981465 -1.2091368764357253 -1.3842122558081702 -1.3387771297397422 -1.9420167608932561 -1.339431437987634 -1.2936056562775518 -1.2295970146540294 -0.7930604139755943 -1.208212453068909 -1.2470974284621188 -0.8612647364074701 -0.8301781678333158 -0.7586319290597517 -0.7304160704465867 -0.7198914879827871 -0.7323274789014971 -0.7692221904425611 -0.7827854771032712 -0.7926507476442939 -1.1509607406158073 -0.8464726103312759 -0.841010548797652 -0.811135706665891 -0.8310409839552835 -1.2689530881242097 -1.3377643525114706 -2.3334056290523555 -0.854662453437526 -1.376408304097404 -0.8572587397774202 -0.7974683894556925 -0.7491260858639615 -0.77200515024227 -1.193353099432399 -0.791667478126791 -0.7432998618831722 -0.7679726989128832 -0.7353371661533641 -0.754630946958455 -0.7353811055468717 -1.2339626477024912 -1.0497996122535604 -0.8434372631230554 -0.7586946829714414 -0.8454026188075949 -0.7736491914008011 -0.7865811991703665 -0.7962835311801595
-0.7464918735567575 -0.7720930212251549 -0.7472513851780213 -0.73575451221868 -0.7135964235914722 -0.741776866260897 -0.7349750455391392 -0.7261911953275535 -1.3063900161214095 -1.9348118691186822 -1.492825634167329 -2.027592797023049 -2.4977842468796996 -1.4198347620986445 -1.9623613025844515 -1.122916946971826 -1.8227923607240177 -2.441898469275025 -1.8018339309268667 -2.57541788501578 -1.9453248367920384 -2.0010935588910743 -1.2819983133495196 -0.8597761811519515 -0.8152571944829887 -0.8068389860309854 -0.7963271095620567 -0.8113198966594765 -0.8473421706393721 -0.7860874173114099 -0.8092615060935942 -0.7869412764158941 -0.815026828885688 -0.7746206977610471 -0.7525845488013184 -0.8084506521813315 -0.7775369342359015 -1.1522046139072324 -0.7602102038448577 -0.7964069146564657 -0.7386235486761045 -0.7312650407634229 -0.714030889568694 -0.7382315845180256 -0.7620675532555234 -0.7206642402081852 -0.7407560204312456 -0.7484218079826863 -1.3437334217919044 -1.4055886327074831 -1.4606054034321028 -1.4718026548888699 -1.7506373240747188 -2.40534668757259 -0.8213789412011666 -1.8265225455780942 -1.2343751086173338 -1.2827199164142367 -1.2605042250952583 -1.1584272582809643 -1.2999276779732443 -1.2525057096306453 -0.7720052062941869 -0.7645315904128495 -0.7674769818529246 -0.8384404186697874 -0.8351920993445872 -1.3384802887548841 -0.8388764042216185 -1.273786061954342 -1.2300773676275347 -0.8343014069900029 -1.3204728035334514 -0.8854491446249312 -1.2752685251301832 -1.7336243456576428 -1.2313181415186087 -1.0922785702384632 -1.2506455413194422 -1.2926516434491169 -1.8503562698398264 -1.309752711659959 -1.2586065019349724 -2.475793770429508 -1.3044960284556941 -1.3175210029484343 -1.2823929357331416 -0.7919450744146785 -0.7911427618179564 -1.208337912921724 -1.1475198801445918 -1.739233766742838 -0.785480764525352 -0.7909728341485285 -1.7705702979616504 -0.8389149891856492 -1.8673548927324508 -1.2889346378094149 -1.7861973867494456 -0.9258643655637709 -1.2580442615175706 -1.2375205892585788 -0.8119284425823688 -0.798121508984526 -1.2279933960323934 -0.7582078743277765 -0.7574198832906381 -1.2434371764595833 -1.2787375182794707 -1.19936662694094 -1.7682412434138335 -0.7801684494743546 -1.2177307146967087 -1.3743793567924374 -1.3458583552263048 -1.9919649734906266 -2.011730858609278 -1.311413951775368 -1.801789907975142 -0.7962589624179732 -1.2414878424026254 -1.2618903128607144 -0.8381447590999324 -0.8085019646515882 -0.79901027363083 -0.731310101859448 -0.7940499306502631 -0.725504950876851 -0.750029472671456 -0.7517954988105509 -0.7646216702468424 -1.2012140212856537 -0.8292668134797829 -1.296285612862677 -0.8092705816502392 -0.886116732390843 -1.2799651210756717 -1.3626687215525295 -2.355203808400664 -0.87590295355568 -1.354313198131836 -0.8549774418395896 -0.7779309807508957 -0.7517167337860848 -0.7946960275348726 -1.2538502444786095 -0.7836489397021607 -0.7785953585641929 -0.75669972507143 -0.7559688078391718 -0.7410854565053245 -0.772905959971154 -1.2607131522041564 -0.990450226067334 -0.8134182229620315 -1.250116028962262 -0.8171919378921108 -0.7799189029664221 -0.8378321381502405 -0.8013765568988587
-0.7394152740751236 -0.7619311123321426 -0.7696101183530358 -0.7532919398328977 -0.7150435001691927 -0.7336149310408574 -0.7422760192882456 -0.7311192245027909 -1.8522898359790876 -1.4010984703532106 -1.5503550952470182 -1.9876068543557155 -2.48618958039233 -1.4100417457404144 -1.9379567125997579 -1.1002669085588968 -1.351548474850146 -1.7823125267206525 -1.8653084413737955 -1.931324300629631 -1.9688007776142986 -1.9970833862365154 -1.2947965011014704 -0.9043475499005935 -0.8284436407236494 -0.8066192741588905 -0.8311390597772051 -0.7874901332763132 -0.8337079704230538 -0.8358510541146082 -0.8295542272785955 -0.7924185776352358 -0.8136548642073611 -0.8064049271232349 -0.7808134419478184 -0.7980351971405727 -0.7954087682138833 -0.7795553669156386 -0.7663725259253668 -0.7654072081689103 -0.7307839175097959 -0.7048724909498097 -0.7092357612466837 -0.7230735896889167 -0.7355520231260818 -0.7132665936422259 -0.7453395401380416 -0.7341125815214297 -1.3041808262766454 -1.386765862948362 -1.998851466974519 -1.447604499294491 -3.073881280158637 -3.060016175604454 -0.8135802642808861 -1.9027200167180967 -1.2496147509608777 -1.7982617985905396 -1.3075033840457622 -1.1849214907048793 -1.817273641089171 -1.2115808288093215 -0.7968640529821038 -0.7690435796432675 -0.7676364854766207 -0.810025426604727 -0.8618952670990183 -1.2891594323852085 -1.3037549489530824 -1.8640824998995351 -1.2444068830562849 -1.2634460135158723 -1.2883323331211867 -0.891868001904098 -1.8299662516896313 -1.8031670247791118 -1.2848608934197074 -1.15548490442469 -1.8197671831022844 -1.288547345289493 -1.8042796848131384 -1.318591607509816 -1.2850132953015776 -1.8364468376590304 -1.3085411392617585 -1.2931245787070953 -1.320634529922411 -0.8143861813379495 -1.2319014197574445 -1.8051354668130972 -1.2080144420755894 -1.7147603699070741 -0.8385423652897481 -0.8223202202963343 -1.2177842075002538 -0.8289070535992469 -2.4781591494640787 -1.2559602152656988 -1.8366149500244782 -1.166078897868695 -1.2695662644770753 -1.2871402587067082 -0.8442932144666754 -0.7849509300717473 -0.7559793003335324 -0.7814688234723122 -1.2692799000263932 -1.2544025253072537 -1.323252203257236 -1.2414782402671927 -1.1987715646863955 -0.7498143497981465 -1.2461721579116933 -1.3842122558081702 -1.3387771297397422 -1.9420167608932561 -1.3873347598321977 -1.3028683335782214 -1.8537230579465214 -0.8226395194977296 -1.2334428744685122 -1.2613067754474128 -0.8883810546381126 -0.8105703005093989 -0.7868798950624574 -1.2232954869216364 -0.7092363591617097 -0.7325357081224416 -0.784811829536644 -0.7944610541869046 -2.4081651384741214 -1.1509607406158073 -0.8586840457126033 -1.287359652251536 -0.8213958289774378 -0.8688888559178686 -1.2563052293592483 -1.3377643525114706 -2.3774078235417346 -0.854662453437526 -1.376408304097404 -1.320772900374467 -0.8625757743516137 -0.7735311759383704 -0.7795818902118712 -1.2288772652539182 -0.8087616736117841 -0.7582306595873681 -0.7924608632434175 -0.728347211328863 -0.754510508557681 -0.7365077237842503 -1.8668053489713312 -1.5490517439597626 -0.8434372631230554 -1.194780739589048 -0.8868142231700902 -0.8119482899034055 -1.2641633966885546 -0.8111460371969396
-0.7394152740751236 -0.7619311123321426 -0.7677601710013611 -0.7532919398328977 -0.7150435001691927 -0.7387198307217998 -0.7348533417002117 -0.7401691448049412 -1.8522898359790876 -1.3770254207194925 -1.5503550952470182 -1.9876068543557155 -2.4998325070454803 -1.3991920899722745 -1.967737895587545 -1.1002669085588968 -1.3169170364440121 -1.769356579372617 -1.8653084413737955 -1.931324300629631 -1.9751965200894377 -2.005468904123495 -1.2947965011014704 -0.9043475499005935 -0.8284436407236494 -0.8066192741588905 -0.8055144662682377 -0.7874901332763132 -0.8299149863536792 -0.8358510541146082 -0.8295542272785955 -0.7924185776352358 -0.8136548642073611 -0.8064049271232349 -0.7845783991830751 -0.7980351971405727 -0.8098790910585184 -0.7795553669156386 -0.7845166900711383 -0.7717294253223418 -0.7307839175097959 -0.7048724909498097 -0.7059240967703521 -0.7230735896889167 -0.7355520231260818 -0.7247907775249356 -0.7506639977563224 -0.746011069336888 -1.3041808262766454 -1.386765862948362 -1.998851466974519 -1.447604499294491 -3.073881280158637 -3.060016175604454 -0.8135802642808861 -1.2766925988206828 -1.208075172294947 -1.7982617985905396 -1.2737029111008709 -1.1926026569843198 -1.817273641089171 -1.2115808288093215 -0.7968640529821038 -0.8072958451913083 -0.7726985751802904 -1.2720760768502335 -0.8198732201218446 -1.2891594323852085 -1.3037549489530824 -1.8640824998995351 -1.2444068830562849 -1.2634460135158723 -1.2883323331211867 -0.891868001904098 -1.8299662516896313 -1.8031670247791118 -1.2768393108664438 -1.1120663634396786 -1.8197671831022844 -0.7907243067702313 -1.786162378970803 -1.318591607509816 -1.2850132953015776 -1.8364468376590304 -1.3085411392617585 -1.2931245787070953 -1.2963976353357916 -0.8082704655919059 -1.2658881930968235 -1.8380146229990408 -1.1906477931005714 -1.730442348931495 -0.8385423652897481 -0.8223202202963343 -1.2146670473737586 -0.8289070535992469 -2.4781591494640787 -1.3227644506584513 -1.8366149500244782 -1.166078897868695 -1.2580442615175706 -1.2488322652430144 -0.8346322596748658 -0.802226946327426 -0.7673711720257915 -0.7814688234723122 -1.2534475733309463 -1.2483286627223398 -1.323252203257236 -1.258061369356867 -1.7519928643876859 -0.7699548776965466 -1.2461721579116933 -1.3842122558081702 -1.3387771297397422 -1.9295562422447183 -1.3873347598321977 -1.3028683335782214 -1.8537230579465214 -0.8155291070982591 -1.2334428744685122 -1.2613067754474128 -0.8810758404234783 -0.8105703005093989 -0.7487788612156139 -1.23987271541786 -0.7491741460464318 -0.7431051945453758 -0.7764556059530024 -0.8384049929786455 -1.7643162315612804 -1.1509607406158073 -0.8586840457126033 -1.287359652251536 -0.8213958289774378 -0.8754606721780028 -1.2563052293592483 -1.3901004589682004 -2.3774078235417346 -0.854662453437526 -1.376408304097404 -1.320772900374467 -0.8017764404610559 -0.7622518001102219 -0.777643886111173 -1.2288772652539182 -0.7959427386426341 -0.7764429923459493 -0.7924608632434175 -0.7353755518132721 -0.754510508557681 -0.7433397856825943 -1.855455604608176 -1.5490517439597626 -0.8434372631230554 -1.2192021520783487 -0.8868142231700902 -0.8051969566168911 -1.2889887100449346 -0.820021957986514
-0.7559534051735475 -0.7619311123321426 -0.7725482464635719 -0.7634036789997749 -0.7218162501590581 -0.7451906938707967 -0.7348533417002117 -0.7296785265810137 -1.8522898359790876 -1.3857786470941782 -1.5503550952470182 -1.9876068543557155 -2.4998325070454803 -1.4117976868829043 -1.9266985578339462 -1.1002669085588968 -1.3169488952683366 -1.7992191676326181 -1.873861261955661 -1.931324300629631 -1.9751965200894377 -2.015029308776302 -1.2947965011014704 -0.9208767877342797 -0.8284436407236494 -0.8066192741588905 -0.8228609833834346 -0.8020990628066436 -0.8299149863536792 -0.8358510541146082 -0.8295542272785955 -0.7924185776352358 -0.8194012111241603 -0.8303822956423107 -0.7899832462904817 -0.7980351971405727 -0.829801961967925 -0.7795553669156386 -0.7845166900711383 -0.7698423229459863 -0.7307839175097959 -0.7254306304649588 -0.7006581165625574 -0.7230735896889167 -0.7355520231260818 -0.7213831902363345 -0.7506639977563224 -0.7423052121051793 -1.3026769094116804 -1.98488882780437 -1.998851466974519 -1.447604499294491 -2.3889417972660154 -3.060016175604454 -0.8135802642808861 -1.8928711926070112 -1.7629745607723164 -1.7982617985905396 -1.2501579720507854 -1.1926026569843198 -1.817273641089171 -1.2115808288093215 -0.7968640529821038 -0.8072958451913083 -0.7726985751802904 -1.2462250258690701 -0.8922215613418422 -1.2891594323852085 -1.3037549489530824 -1.8640824998995351 -1.2681710751127175 -1.2634460135158723 -1.2883323331211867 -0.891868001904098 -1.8299662516896313 -1.8031670247791118 -1.2768393108664438 -1.15548490442469 -1.8197671831022844 -1.288547345289493 -1.786162378970803 -1.3275553423736015 -1.2732168951472236 -1.8364468376590304 -1.3003343464528385 -1.2931245787070953 -1.2770706339833067 -0.8171633252242747 -1.2319014197574445 -1.8380146229990408 -1.1906477931005714 -1.7244056391743916 -0.8385423652897481 -0.8117187237096234 -1.1813207239012395 -0.8289070535992469 -2.4969087407611252 -1.284303588300955 -1.8366149500244782 -1.166078897868695 -1.282253687280072 -1.2488322652430144 -0.8346322596748658 -0.8111366952698177 -0.7673711720257915 -0.7814688234723122 -1.261815009432754 -1.2483286627223398 -1.3117728646261129 -1.2343494144715272 -1.2079934452034382 -0.7533763587053035 -1.2672511323525666 -1.3498127865396263 -1.3387771297397422 -1.9295562422447183 -1.3873347598321977 -1.3028683335782214 -1.8537230579465214 -0.8155291070982591 -1.2334428744685122 -1.2613067754474128 -0.8883810546381126 -0.8558828204340548 -0.7487788612156139 -1.2288373834258886 -1.164023305403585 -0.7707974895947101 -0.7969345156649514 -0.826163445540372 -2.4105447595343454 -1.1509607406158073 -0.8132628010548136 -1.287359652251536 -0.8296575257821295 -0.8754606721780028 -1.2563052293592483 -1.3800847148512183 -2.3774078235417346 -0.854662453437526 -1.376408304097404 -1.348167511405787 -0.8363273108453132 -0.7622518001102219 -0.7892334042309181 -1.7873887261024635 -0.8087616736117841 -0.7764429923459493 -0.8004037045766852 -0.7436976748330404 -0.7444764594992602 -0.7433397856825943 -1.8668053489713312 -1.5937779020053668 -0.8632542760745672 -1.194780739589048 -0.8868142231700902 -0.8190121965802059 -1.2641633966885546 -0.820021957986514
-0.7721794702085043 -0.7619311123321426 -0.7768931745601493 -0.7634036789997749 -0.7286248434089186 -0.7459663235575753 -0.7390337973845874 -0.7462355871133454 -1.839209362098793 -1.3770254207194925 -1.5411323770175986 -1.9986422408792386 -2.48618958039233 -1.3991920899722745 -1.9266985578339462 -1.0996246430863186 -1.8785934364695696 -1.7599299519278506 -1.8653084413737955 -1.931324300629631 -1.9688007776142986 -2.005468904123495 -1.2947965011014704 -0.9208767877342797 -0.8284436407236494 -0.8066192741588905 -0.8311390597772051 -0.7799654356387452 -1.284088360182928 -0.8358510541146082 -0.8295542272785955 -0.7924185776352358 -0.8194012111241603 -0.8303822956423107 -0.7701329709622236 -0.7980351971405727 -0.818926814843722 -0.7795553669156386 -0.7732305861108807 -0.7660585678295782 -0.735155365631041 -0.7292891491670603 -0.7006581165625574 -0.7153002138999789 -0.7247048323339412 -0.7132665936422259 -0.7510269894042231 -0.7377907950527729 -1.3041808262766454 -1.3991160314761963 -1.3991744804601938 -2.04080955962755 -3.0219553447792067 -2.376618464760549 -0.8135802642808861 -1.2766925988206828 -1.7629745607723164 -1.779750023824894 -1.2638829149849167 -1.1730900320400237 -1.817273641089171 -1.242561735953424 -0.8185104639063446 -0.7874052452730371 -0.7562952029457498 -0.784835608825616 -0.849261703017826 -1.2891594323852085 -1.3037549489530824 -1.8640824998995351 -1.2444068830562849 -1.2634460135158723 -1.2883323331211867 -0.9028500772497243 -1.8299662516896313 -1.7676468179253628 -1.2848608934197074 -1.146208697969323 -1.8408075630108476 -0.815277803142537 -1.8042796848131384 -1.318991711390841 -1.2850132953015776 -1.8549604640412465 -1.3085411392617585 -1.2931245787070953 -1.3336631262175094 -0.8082704655919059 -1.2319014197574445 -1.8244009967291122 -1.1906477931005714 -1.6984663873069297 -0.8385423652897481 -0.8117187237096234 -1.2146670473737586 -0.8289070535992469 -2.4969087407611252 -1.284303588300955 -1.8366149500244782 -1.166078897868695 -1.2580442615175706 -1.2871402587067082 -0.8442932144666754 -0.8063955401156866 -0.7673711720257915 -0.8059553084745541 -1.2608877816248836 -1.2655404720349117 -1.323252203257236 -1.2446802568418693 -1.7205661680225446 -1.2217256138253918 -1.2398998381636015 -1.3842122558081702 -1.3387771297397422 -1.9420167608932561 -1.4055398203494318 -1.3028683335782214 -1.8431136329526032 -0.8239434030155417 -1.2334428744685122 -1.2060520947009452 -0.8883810546381126 -0.8536268188880696 -0.7868798950624574 -0.7901143529313364 -0.7447976999246954 -0.7707974895947101 -0.805434438992114 -0.7826409359746037 -1.7980213841791557 -1.1402724765891488 -0.8517740247330897 -1.287359652251536 -0.8213958289774378 -0.8688888559178686 -1.2563052293592483 -1.3901004589682004 -2.3334056290523555 -0.854662453437526 -1.376408304097404 -1.320772900374467 -0.8363273108453132 -0.7622518001102219 -0.7834374712506399 -1.2288772652539182 -0.8087616736117841 -0.7582306595873681 -0.7924608632434175 -0.7353755518132721 -0.754510508557681 -0.7610260617090748 -1.3449954051938389 -1.5937779020053668 -0.8632542760745672 -1.2111582486459824 -0.8868142231700902 -0.8190121965802059 -1.3194052960655063 -0.820021957986514
-0.7505221767939592 -0.7556054159199894 -0.7725482464635719 -0.7634036789997749 -0.7218162501590581 -0.7350151879748643 -0.7283696075886561 -0.7339397162778809 -1.2842896929875227 -1.3770254207194925 -1.5503550952470182 -1.9986422408792386 -2.48618958039233 -1.4206343862122035 -1.9266985578339462 -1.108238221891017 -1.8916009414342674 -1.769356579372617 -1.858540324890254 -1.931324300629631 -1.9688007776142986 -2.005468904123495 -1.2947965011014704 -0.9208767877342797 -0.8047772572258368 -0.8066192741588905 -0.8243754011948551 -0.7803519257097288 -1.284088360182928 -0.8358510541146082 -0.8181953059151708 -0.7825966254963764 -0.8194012111241603 -0.8303822956423107 -0.7701329709622236 -0.7980351971405727 -0.8088440193481904 -0.7795553669156386 -0.7732305861108807 -0.7561158804578191 -0.735155365631041 -0.7254306304649588 -0.6916220683754641 -0.7153002138999789 -0.7345809383234944 -0.732933368433716 -0.7486679919921341 -0.746011069336888 -1.2906728186536922 -1.386765862948362 -1.3991744804601938 -2.080473676004281 -3.0219553447792067 -2.376618464760549 -1.276581145159727 -1.8434446897995376 -1.7629745607723164 -1.779750023824894 -1.2638829149849167 -1.1926026569843198 -1.817273641089171 -1.242561735953424 -0.8297419409995169 -0.7865790160144146 -0.7613074142920734 -0.784835608825616 -0.8471707657272192 -1.2891594323852085 -1.3037549489530824 -1.8640824998995351 -1.2444068830562849 -1.2634460135158723 -1.2883323331211867 -0.891868001904098 -1.8202692035901242 -1.7578953183296468 -1.289589217360253 -1.146208697969323 -1.8408075630108476 -0.8213305887395634 -1.8042796848131384 -1.3275553423736015 -1.2850132953015776 -1.8507974613886675 -1.3583605799824057 -1.2931245787070953 -1.2963976353357916 -0.8082704655919059 -1.2658881930968235 -1.8380146229990408 -1.7424447795339917 -1.6984663873069297 -0.8385423652897481 -0.8117187237096234 -1.2038804733410644 -0.817702221289011 -1.858600941846065 -1.284303588300955 -1.8366149500244782 -1.166078897868695 -1.2580442615175706 -1.2871402587067082 -0.8442932144666754 -0.8063955401156866 -0.774223777686961 -0.7814688234723122 -1.261815009432754 -1.2483286627223398 -1.323252203257236 -1.2508847263082614 -1.7809879706990488 -1.2307434262753763 -1.2461721579116933 -1.3842122558081702 -1.3387771297397422 -1.9295562422447183 -1.4055398203494318 -1.3028683335782214 -1.8580463675043037 -0.8239434030155417 -1.2334428744685122 -1.2214311138480582 -0.8591475634854328 -0.8536268188880696 -0.7560273547145976 -0.7642630519697435 -0.7447976999246954 -0.7771326691416592 -0.7969345156649514 -0.7705818470384115 -1.7846930194945956 -1.1509607406158073 -0.8586840457126033 -1.2705004922170855 -0.8213958289774378 -0.8878904059943736 -1.2563052293592483 -1.3901004589682004 -2.3334056290523555 -0.854662453437526 -1.376408304097404 -1.3346825906064506 -0.8363273108453132 -0.7622518001102219 -0.7834374712506399 -1.2387222089439274 -0.8025698842882834 -0.7586628930606305 -0.7724873894761051 -0.7353755518132721 -0.754510508557681 -0.7517737697764314 -1.3449954051938389 -1.5937779020053668 -0.8632542760745672 -1.2111582486459824 -0.9303935575452607 -0.859962045013294 -1.2641633966885546 -0.8132238828148748
-0.7534345109312367 -0.7720930212251549 -0.7519537600025101 -0.7407814855735356 -0.7163483336548676 -0.741776866260897 -0.7284905819505121 -0.7366849573294437 -1.3063900161214095 -1.9174031272653638 -1.492825634167329 -2.027592797023049 -2.4977842468796996 -1.41990840984601 -1.9623613025844515 -1.1123737283061543 -2.5312899021678863 -2.417302257870096 -1.8329122929348738 -2.57541788501578 -1.9453248367920384 -2.0368795108033337 -1.2819983133495196 -0.9289716577872122 -0.8004074893362533 -0.8044193787688266 -0.8075744168470939 -0.803204115861537 -0.8368298774447135 -0.7994316233216228 -0.7924655751451215 -0.7690727075253749 -0.8057528949970075 -0.8045643885063176 -0.7540019179435874 -0.8355528233164774 -0.7766564221414668 -1.1431638006285585 -0.7812330318260612 -0.7673275666951148 -0.7386235486761045 -0.7275153821286655 -0.7173323122190162 -0.7378344136004696 -0.7523515662506041 -0.7206642402081852 -0.7476718486832512 -0.7338950037763782 -1.3300289450839524 -1.3932121913259503 -1.4483554476484959 -1.5163817982813643 -2.379017965464874 -2.368243564324586 -1.2934569547576134 -1.2693926781109122 -1.218796784058318 -1.266973677574185 -1.2605042250952583 -1.1430458066330431 -1.2999276779732443 -1.2525057096306453 -0.8179231938425096 -0.7851234685294359 -0.7710858322316828 -0.809545231454901 -0.8471707657272192 -1.3384802887548841 -1.2670821835792483 -1.840046877305974 -1.2300773676275347 -0.8290057949468081 -1.3208505248538878 -0.8854491446249312 -1.8320645765166186 -1.7881193852941393 -1.2710337805919771 -1.1278360604983984 -1.8342461607735883 -0.8169789463311541 -1.799747757261399 -1.322251999395989 -1.270335802878456 -2.475793770429508 -1.3044960284556941 -1.3175210029484343 -1.3007993488110232 -0.7892241156561007 -0.8477765803033095 -1.2223874678956985 -1.1475198801445918 -1.7235219918740112 -0.785480764525352 -0.7806373279229564 -1.729349013763879 -0.8013785708309961 -1.8673548927324508 -1.2889346378094149 -1.7739822343418497 -1.174872098121022 -1.2580442615175706 -1.2231106328053745 -0.8217068208088886 -0.8057995871958631 -1.2279933960323934 -0.7582078743277765 -0.7381741060522886 -1.2434371764595833 -1.3303511755973179 -1.2086094550015727 -1.8088959216522644 -0.8131783510948843 -1.248603953811506 -1.3743793567924374 -1.4093084794557766 -1.9919649734906266 -1.9855195062568542 -1.311413951775368 -1.871695630685852 -1.292383389138827 -1.2254247942829344 -1.2721923065335092 -0.8607168258640244 -0.8345271766914035 -0.7914908381744241 -0.757655129091477 -0.7746721987644218 -0.7787152270505082 -0.7592887082896809 -0.7754753971514861 -1.2126322865196326 -1.2012140212856537 -0.8672556197434781 -1.2793688558052125 -0.8195154644107105 -0.8599749593390201 -1.2799651210756717 -1.332480232957741 -2.355203808400664 -0.87590295355568 -1.3954115806926928 -1.3301217703424006 -0.7896053138967265 -0.7655727754241854 -0.8064511471526917 -1.2538502444786095 -0.8195281931106622 -0.7711471001901147 -0.76634607087052 -0.7560079151347591 -0.7454072237098313 -0.7737727597962283 -1.2929526022301032 -1.0263085110548562 -0.832783617696244 -0.7919902724897704 -0.8611770027029109 -0.8227939632734336 -1.282994163707016 -0.8088574085560394
-0.7469009899300354 -0.7636458473950762 -0.7700792765449623 -0.7492847383311507 -0.72255746622349 -0.7387198307217998 -0.7559801505056362 -0.7628237242012057 -1.8444131878753318 -1.3770254207194925 -1.5503550952470182 -1.9876068543557155 -2.48618958039233 -1.4315590478828435 -1.9790727734192888 -1.1002669085588968 -1.9097131480146905 -1.7599299519278506 -1.8418214365539112 -1.931324300629631 -1.9688007776142986 -1.991042851880425 -1.2947965011014704 -0.8915425546598059 -0.8284436407236494 -1.25325534004316 -0.8028808306920288 -0.7737024195473688 -0.806590483767548 -0.8331642821799609 -0.8164125393043421 -0.7835113198880166 -0.8460480350492414 -0.8303822956423107 -0.7899832462904817 -0.7980351971405727 -0.8744470469803396 -0.7688282650555255 -0.7900787342505271 -0.7799043618292512 -0.7317856599242953 -0.7351888280309063 -0.7028127606239033 -0.7201601768013456 -0.721368506999387 -0.7163549997871017 -0.7214618400249342 -0.7284342898765958 -1.8068462134265377 -1.386765862948362 -1.998851466974519 -1.4401343187341111 -3.073881280158637 -3.049166268636732 -0.8064960104732771 -1.8935238584900778 -1.773256976686045 -1.8225545980767164 -1.2737029111008709 -1.1832942098478405 -1.7988362164758045 -1.7404583338128785 -0.8484203196564113 -0.810103220559587 -0.7843446932573126 -1.2475642723236084 -0.849261703017826 -1.2891594323852085 -1.3037549489530824 -1.8640824998995351 -1.2761696643781164 -1.256727723868566 -1.2798110290833746 -0.891868001904098 -1.8202692035901242 -1.8031670247791118 -1.2848608934197074 -1.15548490442469 -1.8197671831022844 -0.8213305887395634 -1.786162378970803 -1.3346755262099148 -1.2850132953015776 -1.8364468376590304 -1.3085411392617585 -1.302930487576043 -0.8569325376612924 -0.7994189349376336 -1.2131078139008848 -1.271745209414029 -1.1906477931005714 -1.7147603699070741 -0.8385423652897481 -0.8223202202963343 -1.1858220332023233 -0.8289070535992469 -2.4781591494640787 -1.2434505550887176 -1.8366149500244782 -1.187384929093159 -1.2580442615175706 -1.3026403759015863 -0.8442932144666754 -0.8041963483288884 -0.7728478032029932 -0.8070264985451941 -1.2692799000263932 -1.2372671153271229 -1.323252203257236 -1.2414782402671927 -1.7519928643876859 -0.7750000415283562 -1.2461721579116933 -1.3842122558081702 -1.3387771297397422 -1.9420167608932561 -1.3873347598321977 -1.3028683335782214 -1.8537230579465214 -1.28815492442535 -1.2233795965506484 -1.2613067754474128 -0.8883810546381126 -0.8027331951965355 -0.7560273547145976 -1.2303321641368423 -0.7711811863753156 -0.7499046307582125 -0.7764556059530024 -0.8472905650688182 -2.3936195677188565 -1.1509607406158073 -0.8586840457126033 -1.287359652251536 -0.8213958289774378 -0.8754606721780028 -1.2689530881242097 -1.3901004589682004 -2.3774078235417346 -0.854662453437526 -1.376408304097404 -1.333040621660696 -0.8363273108453132 -0.7899072762238986 -1.2329899981920538 -1.7891537320261686 -0.8087616736117841 -0.7512039234142837 -0.7924608632434175 -0.7427207273893992 -0.7599007248836824 -0.7448895048776797 -1.8572517942012077 -1.5937779020053668 -0.8632542760745672 -1.7476359344436128 -0.8868142231700902 -0.8457066149724418 -1.3036846776010507 -0.8042023413829776
-0.7538461777389036 -0.7636458473950762 -0.7730185920497945 -0.7593605362949172 -0.729378600925733 -0.7387198307217998 -0.7618274888526146 -0.7628237242012057 -1.8522898359790876 -1.4010984703532106 -1.5503550952470182 -1.9876068543557155 -2.4998325070454803 -1.4243809425497846 -1.967737895587545 -1.1002669085588968 -1.9097131480146905 -1.769356579372617 -1.8418214365539112 -1.931324300629631 -1.9751965200894377 -1.9698573239403137 -1.2947965011014704 -0.8842350522051068 -0.8284436407236494 -0.795714398399193 -0.8141607102533113 -0.780800487130299 -0.806590483767548 -0.8331642821799609 -0.8295542272785955 -0.7835113198880166 -0.8194012111241603 -0.8303822956423107 -0.7899832462904817 -0.7980351971405727 -0.8666969709226288 -0.7802289719249098 -0.7845166900711383 -0.7660585678295782 -0.735155365631041 -0.7326579426469376 -0.7075270911447402 -0.7201601768013456 -0.7159366322199262 -0.7009248073623235 -0.7263549699027565 -0.7327385143313032 -1.868067774669975 -1.386765862948362 -1.998851466974519 -1.4401343187341111 -3.073881280158637 -3.049166268636732 -1.2673968660106707 -1.8343474335346759 -1.7056468607955606 -1.779750023824894 -1.2737029111008709 -1.1909698874300028 -1.7988362164758045 -1.1868328923894702 -0.8185104639063446 -0.810103220559587 -0.7894792374220729 -1.2548183487608997 -0.849261703017826 -1.2891594323852085 -1.3037549489530824 -1.8640824998995351 -1.2444068830562849 -1.256727723868566 -1.2798110290833746 -0.891868001904098 -1.8202692035901242 -1.8031670247791118 -1.2768393108664438 -1.15548490442469 -1.8197671831022844 -0.8213305887395634 -1.786162378970803 -1.3346755262099148 -1.2850132953015776 -1.8520405348456221 -1.3085411392617585 -1.302930487576043 -1.3336631262175094 -0.7994189349376336 -1.2468334297063803 -1.2436727071729197 -1.1906477931005714 -1.7147603699070741 -0.8385423652897481 -0.8223202202963343 -1.2043433978854905 -0.8289070535992469 -2.4781591494640787 -1.284303588300955 -1.8366149500244782 -1.187384929093159 -1.2580442615175706 -1.2641033185230963 -0.8346322596748658 -0.8162142381084887 -0.7844073792758984 -0.7814688234723122 -1.2534475733309463 -1.2483286627223398 -1.323252203257236 -1.2414782402671927 -1.7519928643876859 -0.8026826839347062 -1.2461721579116933 -1.3842122558081702 -1.3387771297397422 -1.9295562422447183 -1.3873347598321977 -1.3028683335782214 -1.8537230579465214 -1.28815492442535 -1.2233795965506484 -1.2613067754474128 -0.8810758404234783 -0.8027331951965355 -0.7487788612156139 -1.2303321641368423 -0.7749166231110238 -0.7499046307582125 -0.7859299957603553 -0.8472905650688182 -2.3936195677188565 -1.1509607406158073 -0.8517740247330897 -1.2705004922170855 -0.8213958289774378 -0.8754606721780028 -1.2689530881242097 -1.3078417307322499 -2.3774078235417346 -0.854662453437526 -1.376408304097404 -1.333040621660696 -0.8136831136646262 -0.7784700636087593 -1.2304528046041756 -1.7632300798926144 -0.8025698842882834 -0.7764429923459493 -0.7845722572830037 -0.7427207273893992 -0.7599007248836824 -0.7517737697764314 -1.8727579326425492 -1.5937779020053668 -0.8632542760745672 -1.194780739589048 -0.8868142231700902 -0.8670031857603296 -1.3036846776010507 -0.7974898690972885
-0.7635508550788496 -0.7636458473950762 -0.7730185920497945 -0.7593605362949172 -0.729378600925733 -0.7451906938707967 -0.7618274888526146 -0.7666460626930899 -1.8522898359790876 -1.40992165227613 -1.5503550952470182 -1.9876068543557155 -2.4998325070454803 -1.4243809425497846 -1.9266985578339462 -1.108238221891017 -1.8899865107300486 -1.769356579372617 -1.8418214365539112 -1.931324300629631 -1.9751965200894377 -1.9698573239403137 -1.2947965011014704 -0.9005377491348244 -0.8202223284334645 -0.8297153402835571 -0.8141607102533113 -0.780800487130299 -0.8014637162504081 -0.8358510541146082 -0.8295542272785955 -0.7835113198880166 -0.8194012111241603 -0.8303822956423107 -0.7845783991830751 -0.8066701598559205 -0.841375665504882 -0.7802289719249098 -0.7845166900711383 -0.7698423229459863 -0.735155365631041 -0.7326579426469376 -0.7075270911447402 -0.7201601768013456 -0.7159366322199262 -0.7009248073623235 -0.7263549699027565 -0.7327385143313032 -1.868067774669975 -1.3991160314761963 -1.998851466974519 -1.4401343187341111 -3.062545198859797 -2.376618464760549 -1.2673968660106707 -1.2689048010981527 -1.7056468607955606 -1.779750023824894 -1.2737029111008709 -1.1909698874300028 -1.7988362164758045 -1.2174896919628777 -0.8185104639063446 -0.7827064874915008 -0.7726985751802904 -1.2548183487608997 -0.849261703017826 -1.2891594323852085 -1.3037549489530824 -1.8640824998995351 -1.2444068830562849 -1.256727723868566 -1.2798110290833746 -0.891868001904098 -1.8202692035901242 -1.8031670247791118 -1.2768393108664438 -1.1029802258158383 -1.8197671831022844 -0.8213305887395634 -1.786162378970803 -1.3563437521416821 -1.2850132953015776 -1.8520405348456221 -1.3085411392617585 -1.302930487576043 -1.3336631262175094 -0.8082704655919059 -1.2131078139008848 -1.2436727071729197 -1.2080144420755894 -1.7147603699070741 -0.8385423652897481 -0.8223202202963343 -1.2286342745358803 -0.8374298064637171 -2.4969087407611252 -1.284303588300955 -1.8366149500244782 -1.187384929093159 -1.2580442615175706 -1.2641033185230963 -0.8346322596748658 -0.8282633095429914 -0.7844073792758984 -0.7917210646836462 -1.2534475733309463 -1.2483286627223398 -1.323252203257236 -1.2508847263082614 -1.769489525474703 -0.8026826839347062 -1.2461721579116933 -1.3842122558081702 -1.3387771297397422 -1.9295562422447183 -1.3873347598321977 -1.3028683335782214 -1.8537230579465214 -1.28815492442535 -1.2233795965506484 -1.2613067754474128 -0.8810758404234783 -0.7956197329352774 -0.7487788612156139 -0.7768263593610761 -0.7685492292131652 -0.7499046307582125 -0.7859299957603553 -0.8030438359407012 -1.7643162315612804 -1.1509607406158073 -0.8583154410471581 -1.2705004922170855 -0.8213958289774378 -0.8878904059943736 -1.2689530881242097 -1.2981121675183842 -2.3774078235417346 -0.854662453437526 -1.376408304097404 -1.333040621660696 -0.8136831136646262 -0.7784700636087593 -1.246577772479959 -1.7632300798926144 -0.8025698842882834 -0.765202132731784 -0.7845722572830037 -0.7510986830773441 -0.7599007248836824 -0.7517737697764314 -1.8727579326425492 -1.5937779020053668 -0.8632542760745672 -1.194780739589048 -0.8868142231700902 -0.8670031857603296 -1.3036846776010507 -0.8057600795530503
-0.7635508550788496 -0.7636458473950762 -0.7730185920497945 -0.7593605362949172 -0.7286248434089186 -0.7451906938707967 -0.7618274888526146 -0.7721353962439826 -1.870451185990131 -1.40992165227613 -1.5503550952470182 -1.9986422408792386 -2.4998325070454803 -1.4243809425497846 -1.9266985578339462 -1.108238221891017 -1.3183093353161008 -1.7917823092587484 -1.8418214365539112 -1.931324300629631 -1.9751965200894377 -1.9698573239403137 -1.2947965011014704 -0.8842350522051068 -0.8202223284334645 -0.8297153402835571 -0.8028536396559298 -0.780800487130299 -0.8014637162504081 -0.8358510541146082 -0.8295542272785955 -0.7835113198880166 -0.8194012111241603 -0.8303822956423107 -0.780422733297691 -0.8066701598559205 -0.841375665504882 -0.7843949720839561 -0.7845166900711383 -0.7698423229459863 -0.735155365631041 -0.7364255437090582 -0.7075270911447402 -0.7275760634589119 -0.7206054451474778 -0.7063346508394674 -0.7305913159724033 -0.7327385143313032 -1.868067774669975 -1.3991160314761963 -1.3642692652865807 -1.4401343187341111 -3.073881280158637 -2.376618464760549 -1.2673968660106707 -1.2689048010981527 -1.7056468607955606 -1.7672419337672658 -1.2767556509528646 -1.1909698874300028 -1.817273641089171 -1.242561735953424 -0.8185104639063446 -0.7904297502893803 -0.7613074142920734 -1.2548183487608997 -0.849261703017826 -1.2891594323852085 -1.3037549489530824 -1.8640824998995351 -1.2681710751127175 -1.256727723868566 -1.2798110290833746 -0.891868001904098 -1.8202692035901242 -1.8031670247791118 -1.2768393108664438 -1.1029802258158383 -1.8197671831022844 -0.8213305887395634 -1.828422330608053 -1.3563437521416821 -1.2850132953015776 -1.8520405348456221 -1.3085411392617585 -1.302930487576043 -1.3336631262175094 -0.8082704655919059 -1.2131078139008848 -1.2436727071729197 -1.2080144420755894 -1.6984663873069297 -0.8385423652897481 -0.8117187237096234 -1.2286342745358803 -0.8374298064637171 -2.4969087407611252 -1.284303588300955 -1.8366149500244782 -1.187384929093159 -1.2580442615175706 -1.2641033185230963 -0.8346322596748658 -0.8282633095429914 -0.7844073792758984 -0.7917210646836462 -1.2534475733309463 -1.2483286627223398 -1.323252203257236 -1.2343494144715272 -1.769489525474703 -0.8026826839347062 -1.2461721579116933 -1.3842122558081702 -1.3387771297397422 -1.9295562422447183 -1.3873347598321977 -1.3028683335782214 -1.8537230579465214 -1.2990699855399195 -1.2334428744685122 -1.2770243221543427 -0.8810758404234783 -0.7956197329352774 -0.7487788612156139 -0.7600300418492965 -0.7749166231110238 -0.7551309985206875 -0.7969345156649514 -0.8030438359407012 -1.7861426954743909 -1.1509607406158073 -0.8583154410471581 -1.2705004922170855 -0.8213958289774378 -0.8878904059943736 -1.2689530881242097 -1.3078417307322499 -2.3334056290523555 -0.854662453437526 -1.376408304097404 -1.333040621660696 -0.8136831136646262 -0.7928148610359668 -1.246577772479959 -1.7873887261024635 -0.8025698842882834 -0.765202132731784 -0.7845722572830037 -0.7427207273893992 -0.7599007248836824 -0.7517737697764314 -1.9089260603994098 -1.5937779020053668 -0.8632542760745672 -1.194780739589048 -0.8784997492727887 -0.8378548405333736 -1.3036846776010507 -0.8057600795530503
-0.7635508550788496 -0.7636458473950762 -0.7730185920497945 -0.7593605362949172 -0.7286248434089186 -0.7451906938707967 -0.7618274888526146 -0.7721353962439826 -1.870451185990131 -1.4010984703532106 -1.5503550952470182 -1.9986422408792386 -2.4998325070454803 -1.411724230349088 -1.9266985578339462 -1.1187601516563146 -1.3183093353161008 -1.7917823092587484 -1.8418214365539112 -1.8877558881515526 -1.9751965200894377 -1.9698573239403137 -1.2947965011014704 -0.8842350522051068 -0.8202223284334645 -0.8297153402835571 -0.8028536396559298 -0.780800487130299 -0.7879332506463989 -0.8358510541146082 -0.8413937668833648 -0.7835113198880166 -0.8194012111241603 -0.8303822956423107 -0.780422733297691 -0.8066701598559205 -0.841375665504882 -0.7843949720839561 -0.7845166900711383 -0.7698423229459863 -0.735155365631041 -0.7437803397448576 -0.7075270911447402 -0.7275760634589119 -0.7206054451474778 -0.7063346508394674 -0.7305913159724033 -0.7327385143313032 -1.868067774669975 -1.3991160314761963 -1.9312893474605388 -1.4401343187341111 -3.073881280158637 -2.376618464760549 -1.2673968660106707 -1.2689048010981527 -1.7056468607955606 -1.2676300372761347 -1.2767556509528646 -1.1909698874300028 -1.251633692705649 -1.242561735953424 -0.8185104639063446 -0.7840481682712005 -0.7613074142920734 -1.2548183487608997 -0.849261703017826 -1.2246232198959137 -1.3037549489530824 -1.8640824998995351 -1.2681710751127175 -1.256727723868566 -1.2798110290833746 -0.891868001904098 -1.8202692035901242 -1.8031670247791118 -1.2768393108664438 -1.1029802258158383 -1.8197671831022844 -0.8213305887395634 -1.828422330608053 -1.3563437521416821 -1.2850132953015776 -1.8520405348456221 -1.3085411392617585 -1.302930487576043 -1.3336631262175094 -0.8082704655919059 -1.2131078139008848 -1.2436727071729197 -1.1906477931005714 -1.6984663873069297 -0.8385423652897481 -0.8117187237096234 -1.2286342745358803 -0.8374298064637171 -2.4969087407611252 -1.284303588300955 -1.8366149500244782 -1.187384929093159 -1.2580442615175706 -1.2641033185230963 -0.8346322596748658 -0.821746148397824 -0.7844073792758984 -0.7917210646836462 -1.2534475733309463 -1.2483286627223398 -1.323252203257236 -1.2343494144715272 -1.7514417441327714 -0.8026826839347062 -1.2461721579116933 -1.3842122558081702 -1.3387771297397422 -1.9295562422447183 -1.3873347598321977 -1.3028683335782214 -1.8537230579465214 -1.2990699855399195 -1.2334428744685122 -1.2770243221543427 -0.8810758404234783 -0.8027331951965355 -0.7560273547145976 -0.7600300418492965 -0.7749166231110238 -0.7551309985206875 -0.7721474538349667 -0.8030438359407012 -1.7861426954743909 -1.1509607406158073 -0.8517740247330897 -1.279964588056246 -0.8213958289774378 -0.8878904059943736 -1.2689530881242097 -1.3078417307322499 -2.3774078235417346 -0.854662453437526 -1.376408304097404 -1.333040621660696 -0.8136831136646262 -0.7928148610359668 -1.246577772479959 -1.7873887261024635 -0.8025698842882834 -0.765202132731784 -0.7845722572830037 -0.7498034352968691 -0.7599007248836824 -0.7517737697764314 -1.845937309358986 -1.5937779020053668 -0.8632542760745672 -1.2111582486459824 -0.8784997492727887 -0.8378548405333736 -1.3036846776010507 -0.8057600795530503
-0.7635508550788496 -0.7636458473950762 -0.7730185920497945 -0.7712887840393724 -0.7352529771855424 -0.7451906938707967 -0.7618274888526146 -0.768029338396204 -1.870451185990131 -1.4010984703532106 -1.5503550952470182 -1.9986422408792386 -2.48618958039233 -1.411724230349088 -1.9266985578339462 -1.1187601516563146 -0.846185706351688 -1.7917823092587484 -1.8418214365539112 -1.8877558881515526 -1.9688007776142986 -1.9698573239403137 -1.2947965011014704 -0.9005377491348244 -0.8202223284334645 -0.8297153402835571 -0.7938181882928871 -0.780800487130299 -0.7879332506463989 -0.8358510541146082 -0.8413937668833648 -0.7901631158280822 -0.8194012111241603 -0.8303822956423107 -0.780422733297691 -0.8066701598559205 -0.8352460144858384 -0.7843949720839561 -0.7740805308636481 -0.7698423229459863 -0.7287148069175713 -0.7437803397448576 -0.7075270911447402 -0.722681973781972 -0.7237931830310027 -0.7063346508394674 -0.7305913159724033 -0.7327385143313032 -1.8579149801996608 -1.98488882780437 -1.3523959715110923 -1.4401343187341111 -3.073881280158637 -2.376618464760549 -1.2673968660106707 -1.3112669696357409 -1.7056468607955606 -1.2676300372761347 -1.2629610931751785 -1.1909698874300028 -1.251633692705649 -1.2780870258801567 -0.8185104639063446 -0.7840481682712005 -0.7613074142920734 -1.2768647873481516 -0.849261703017826 -1.2246232198959137 -1.3037549489530824 -1.8640824998995351 -1.2681710751127175 -1.256727723868566 -1.2798110290833746 -0.891868001904098 -1.8202692035901242 -1.8031670247791118 -1.2768393108664438 -1.1029802258158383 -1.8408075630108476 -0.8213305887395634 -1.828422330608053 -1.3563437521416821 -1.2850132953015776 -1.8520405348456221 -1.3085411392617585 -1.302930487576043 -0.8569325376612924 -0.8082704655919059 -1.2207222791607422 -1.2436727071729197 -1.1906477931005714 -1.7125561923266408 -0.8385423652897481 -0.8117187237096234 -1.2286342745358803 -0.8374298064637171 -2.4969087407611252 -1.284303588300955 -1.8366149500244782 -1.187384929093159 -1.2580442615175706 -1.3026403759015863 -0.8442932144666754 -0.8097585474192439 -0.7844073792758984 -0.7917210646836462 -1.261815009432754 -1.2483286627223398 -1.3624585948698182 -1.2343494144715272 -1.2079934452034382 -0.8026826839347062 -1.2461721579116933 -1.3842122558081702 -1.3387771297397422 -1.9295562422447183 -1.4055398203494318 -1.3028683335782214 -1.8537230579465214 -1.2990699855399195 -1.2334428744685122 -1.2368978762740175 -0.8810758404234783 -0.8027331951965355 -0.7560273547145976 -0.7662262507540055 -0.8056457600064901 -0.7499046307582125 -0.7721474538349667 -0.8030438359407012 -1.7861426954743909 -1.1509607406158073 -0.8517740247330897 -1.279964588056246 -0.8213958289774378 -0.8878904059943736 -1.2689530881242097 -1.3078417307322499 -2.3334056290523555 -0.854662453437526 -1.376408304097404 -1.333040621660696 -0.8136831136646262 -0.7928148610359668 -1.2264073790612842 -1.7658280503193402 -0.8025698842882834 -0.765202132731784 -0.7845722572830037 -0.7498034352968691 -0.7707005292636724 -0.7462020203537949 -1.8346315867680907 -1.5937779020053668 -0.8632542760745672 -1.2111582486459824 -0.8784997492727887 -0.8378548405333736 -1.3036846776010507 -0.8057600795530503
-0.7635508550788496 -0.7636458473950762 -0.7730185920497945 -0.7712887840393724 -0.7352529771855424 -0.7451906938707967 -0.7618274888526146 -0.7633404395706932 -1.8625480565925137 -1.4010984703532106 -1.5503550952470182 -1.9986422408792386 -2.48618958039233 -1.411724230349088 -1.9266985578339462 -1.1187601516563146 -0.846185706351688 -1.7823125267206525 -1.8418214365539112 -1.8877558881515526 -1.9688007776142986 -1.963843051165474 -1.2947965011014704 -0.844943063883859 -0.8202223284334645 -0.8297153402835571 -0.7938181882928871 -0.780800487130299 -0.7879332506463989 -0.8358510541146082 -0.8413937668833648 -0.7901631158280822 -0.8194012111241603 -0.8124939721222832 -0.780422733297691 -0.8066701598559205 -0.8352460144858384 -0.7843949720839561 -0.7667026993129936 -0.7698423229459863 -0.7287148069175713 -0.7437803397448576 -0.7075270911447402 -0.722681973781972 -0.7237931830310027 -0.6983349206669831 -0.7253636377547885 -0.7327385143313032 -1.8579149801996608 -1.98488882780437 -1.3523959715110923 -1.4401343187341111 -3.073881280158637 -2.376618464760549 -1.2673968660106707 -1.3112669696357409 -1.7056468607955606 -1.2676300372761347 -1.2629610931751785 -1.1909698874300028 -1.251633692705649 -1.2780870258801567 -0.8185104639063446 -0.7840481682712005 -0.7503058423383087 -1.2768647873481516 -0.849261703017826 -1.2246232198959137 -1.3037549489530824 -1.8640824998995351 -1.2681710751127175 -1.256727723868566 -1.2798110290833746 -0.891868001904098 -1.8202692035901242 -1.74850394490082 -1.2848608934197074 -1.1029802258158383 -1.8408075630108476 -0.8288834995586356 -1.828422330608053 -1.3563437521416821 -1.2850132953015776 -1.8520405348456221 -1.3085411392617585 -1.302930487576043 -0.8569325376612924 -0.8082704655919059 -1.2131078139008848 -1.2436727071729197 -1.1906477931005714 -1.7125561923266408 -0.8385423652897481 -0.8117187237096234 -1.2286342745358803 -0.8374298064637171 -2.4969087407611252 -1.284303588300955 -1.8366149500244782 -1.187384929093159 -1.2695662644770753 -1.3026403759015863 -0.8442932144666754 -0.821746148397824 -0.7844073792758984 -0.7917210646836462 -1.261815009432754 -1.2483286627223398 -1.3624585948698182 -1.2343494144715272 -1.198305899830369 -0.7834678990089156 -1.2461721579116933 -1.3842122558081702 -1.3387771297397422 -1.9295562422447183 -1.3873347598321977 -1.3028683335782214 -1.8537230579465214 -1.2990699855399195 -1.2334428744685122 -1.2368978762740175 -0.8810758404234783 -0.8027331951965355 -0.7560273547145976 -0.7662262507540055 -0.8056457600064901 -0.7499046307582125 -0.7721474538349667 -0.8030438359407012 -1.7861426954743909 -1.1509607406158073 -0.8113085935270048 -1.279964588056246 -0.8213958289774378 -0.8878904059943736 -1.2689530881242097 -1.3078417307322499 -2.3334056290523555 -0.854662453437526 -1.376408304097404 -1.333040621660696 -0.8136831136646262 -0.7928148610359668 -1.218896967851533 -1.7658280503193402 -0.8025698842882834 -0.765202132731784 -0.7845722572830037 -0.7556776874052554 -0.7707005292636724 -0.7462020203537949 -1.268925716109456 -1.5937779020053668 -0.8632542760745672 -1.2111582486459824 -0.8784997492727887 -0.8378548405333736 -1.3036846776010507 -0.8057600795530503
-0.7635508550788496 -0.7636458473950762 -0.7730185920497945 -0.7712887840393724 -0.7352529771855424 -0.7451906938707967 -0.7618274888526146 -0.7595291031480649 -1.8625480565925137 -1.4010984703532106 -1.5503550952470182 -1.9986422408792386 -2.48618958039233 -1.411724230349088 -1.9266985578339462 -1.1187601516563146 -0.846185706351688 -1.7823125267206525 -1.8418214365539112 -1.8877558881515526 -1.9688007776142986 -1.963843051165474 -1.2947965011014704 -0.844943063883859 -0.8202223284334645 -0.8297153402835571 -0.7938181882928871 -0.780800487130299 -0.806590483767548 -0.8248630106518496 -0.8413937668833648 -0.7901631158280822 -0.8194012111241603 -0.8124939721222832 -0.780422733297691 -0.7984433369509739 -0.8352460144858384 -0.7843949720839561 -0.7667026993129936 -0.7698423229459863 -0.7287148069175713 -0.7437803397448576 -0.7075270911447402 -0.7275760634589119 -0.7159366322199262 -0.6983349206669831 -0.7253636377547885 -0.7246177179793793 -1.8579149801996608 -1.98488882780437 -1.3523959715110923 -1.4401343187341111 -3.073881280158637 -2.376618464760549 -1.2673968660106707 -1.3112669696357409 -1.7056468607955606 -1.2676300372761347 -1.2629610931751785 -1.1909698874300028 -1.251633692705649 -1.2780870258801567 -0.8185104639063446 -0.7840481682712005 -0.7453423434285867 -1.2879790527330937 -0.849261703017826 -1.2246232198959137 -1.3037549489530824 -1.8640824998995351 -1.2681710751127175 -1.256727723868566 -1.2798110290833746 -0.891868001904098 -1.8202692035901242 -1.74850394490082 -1.2848608934197074 -1.1029802258158383 -1.8197671831022844 -0.8288834995586356 -1.828422330608053 -1.3563437521416821 -1.2850132953015776 -1.8520405348456221 -1.3085411392617585 -1.302930487576043 -0.8569325376612924 -0.8082704655919059 -1.2131078139008848 -1.2436727071729197 -1.1432999346717603 -1.7125561923266408 -0.8385423652897481 -0.8117187237096234 -1.2286342745358803 -0.8374298064637171 -2.4969087407611252 -1.284303588300955 -1.8366149500244782 -1.187384929093159 -1.2695662644770753 -1.3026403759015863 -0.8442932144666754 -0.8097585474192439 -0.7844073792758984 -0.7917210646836462 -1.2692799000263932 -1.2483286627223398 -1.3102432262533448 -1.2343494144715272 -1.2079934452034382 -0.7834678990089156 -1.2461721579116933 -1.3842122558081702 -1.3387771297397422 -1.9295562422447183 -1.4055398203494318 -1.3028683335782214 -1.8537230579465214 -1.2990699855399195 -1.2233795965506484 -1.2368978762740175 -0.8810758404234783 -0.8027331951965355 -0.7560273547145976 -0.7662262507540055 -0.8056457600064901 -0.7499046307582125 -0.7721474538349667 -0.8030438359407012 -1.7861426954743909 -1.1509607406158073 -0.8180069775769302 -1.279964588056246 -0.8213958289774378 -0.8878904059943736 -1.2689530881242097 -1.3078417307322499 -2.3334056290523555 -0.854662453437526 -1.376408304097404 -1.333040621660696 -0.8136831136646262 -0.7784700636087593 -1.218896967851533 -1.7658280503193402 -0.8025698842882834 -0.765202132731784 -0.7562637698987736 -0.7498034352968691 -0.7707005292636724 -0.7393521932923641 -1.2808180807226326 -1.5937779020053668 -0.8632542760745672 -1.2111582486459824 -0.8784997492727887 -0.8378548405333736 -1.3036846776010507 -0.8057600795530503
-0.7635508550788496 -0.7636458473950762 -0.7730185920497945 -0.7712887840393724 -0.729378600925733 -0.7451906938707967 -0.7618274888526146 -0.7595291031480649 -1.8625480565925137 -1.4010984703532106 -1.5503550952470182 -1.9986422408792386 -2.48618958039233 -1.411724230349088 -1.9266985578339462 -1.1187601516563146 -0.846185706351688 -1.7823125267206525 -1.8418214365539112 -1.8877558881515526 -1.9688007776142986 -1.963843051165474 -1.2947965011014704 -0.844943063883859 -0.8202223284334645 -0.8297153402835571 -0.7938181882928871 -0.780800487130299 -0.806590483767548 -0.8248630106518496 -0.8413937668833648 -0.7901631158280822 -0.8194012111241603 -0.8124939721222832 -0.780422733297691 -0.7984433369509739 -0.8352460144858384 -0.7736237623673239 -0.7667026993129936 -0.7698423229459863 -0.7287148069175713 -0.7437803397448576 -0.7075270911447402 -0.7275760634589119 -0.7159366322199262 -0.692967518073412 -0.7253636377547885 -0.7246177179793793 -1.8579149801996608 -1.3991160314761963 -1.3642692652865807 -1.4401343187341111 -3.073881280158637 -2.376618464760549 -1.2673968660106707 -1.3112669696357409 -1.7056468607955606 -1.2676300372761347 -1.2629610931751785 -1.1832942098478405 -1.2359379862533537 -1.2526553609448978 -0.8185104639063446 -0.7840481682712005 -0.7453423434285867 -1.2879790527330937 -0.849261703017826 -1.2246232198959137 -1.3037549489530824 -1.8640824998995351 -1.2681710751127175 -1.256727723868566 -1.2798110290833746 -0.891868001904098 -1.8202692035901242 -1.74850394490082 -1.2848608934197074 -1.1029802258158383 -1.8197671831022844 -0.7907243067702313 -1.828422330608053 -1.3563437521416821 -1.2850132953015776 -1.8520405348456221 -1.3085411392617585 -1.302930487576043 -0.8569325376612924 -0.8082704655919059 -1.2131078139008848 -1.2574111407568014 -1.1432999346717603 -1.7125561923266408 -0.8231717907330449 -0.8117187237096234 -1.2286342745358803 -0.8374298064637171 -2.4969087407611252 -1.3227644506584513 -1.8366149500244782 -1.187384929093159 -1.2695662644770753 -1.3026403759015863 -0.8442932144666754 -0.8097585474192439 -0.7844073792758984 -0.7917210646836462 -1.2692799000263932 -1.2483286627223398 -1.3102432262533448 -1.2343494144715272 -1.2079934452034382 -0.7834678990089156 -1.215329633260281 -1.3842122558081702 -1.3387771297397422 -1.9420167608932561 -1.4055398203494318 -1.2945115642609615 -1.8537230579465214 -1.2990699855399195 -1.2233795965506484 -1.2368978762740175 -0.8810758404234783 -0.8027331951965355 -0.7560273547145976 -0.7662262507540055 -0.8056457600064901 -0.7499046307582125 -0.7721474538349667 -0.8030438359407012 -1.7861426954743909 -1.1509607406158073 -0.8586840457126033 -1.279964588056246 -0.8213958289774378 -0.8878904059943736 -1.2689530881242097 -1.3078417307322499 -2.3334056290523555 -0.854662453437526 -1.376408304097404 -1.333040621660696 -0.8136831136646262 -0.7784700636087593 -1.218896967851533 -1.7417765479761316 -0.8025698842882834 -0.765202132731784 -0.7562637698987736 -0.7556776874052554 -0.7707005292636724 -0.7393521932923641 -1.2808180807226326 -1.5937779020053668 -0.8632542760745672 -1.2111582486459824 -0.8784997492727887 -0.8378548405333736 -0.854109018157786 -0.8057600795530503
-0.7635508550788496 -0.7636458473950762 -0.7730185920497945 -0.7712887840393724 -0.729378600925733 -0.7451906938707967 -0.7618274888526146 -0.7540997391661605 -1.8625480565925137 -1.4010984703532106 -1.5503550952470182 -1.9986422408792386 -2.48618958039233 -1.411724230349088 -1.9266985578339462 -1.1187601516563146 -0.846185706351688 -1.7823125267206525 -1.8418214365539112 -1.8877558881515526 -1.9688007776142986 -1.963843051165474 -1.2947965011014704 -0.837540510815134 -0.8202223284334645 -0.8297153402835571 -0.7938181882928871 -0.780800487130299 -0.806590483767548 -0.8248630106518496 -0.8413937668833648 -0.7901631158280822 -0.8194012111241603 -0.8124939721222832 -0.780422733297691 -0.7984433369509739 -0.8352460144858384 -0.7736237623673239 -0.7667026993129936 -0.7698423229459863 -0.7287148069175713 -0.7437803397448576 -0.7075270911447402 -0.7275760634589119 -0.7127726018450637 -0.692967518073412 -0.7253636377547885 -0.7246177179793793 -1.8579149801996608 -1.3991160314761963 -1.3642692652865807 -1.4401343187341111 -3.073881280158637 -2.376618464760549 -1.2673968660106707 -1.3112669696357409 -1.7056468607955606 -1.2676300372761347 -1.2629610931751785 -1.1832942098478405 -1.2359379862533537 -1.2526553609448978 -0.8185104639063446 -0.7904297502893803 -0.7453423434285867 -1.2879790527330937 -0.849261703017826 -1.2246232198959137 -1.3037549489530824 -1.8640824998995351 -1.2681710751127175 -1.256727723868566 -1.2798110290833746 -0.891868001904098 -1.8202692035901242 -1.74850394490082 -1.2848608934197074 -1.1029802258158383 -1.8197671831022844 -0.7907243067702313 -1.828422330608053 -1.3563437521416821 -1.2850132953015776 -1.8520405348456221 -1.3085411392617585 -1.302930487576043 -0.8569325376612924 -0.8082704655919059 -1.2131078139008848 -1.2574111407568014 -1.1432999346717603 -1.7125561923266408 -0.8231717907330449 -0.8117187237096234 -1.2286342745358803 -0.8374298064637171 -2.4969087407611252 -1.3227644506584513 -1.8366149500244782 -1.187384929093159 -1.2695662644770753 -1.3026403759015863 -0.8442932144666754 -0.8097585474192439 -0.7844073792758984 -0.7917210646836462 -1.2692799000263932 -1.2483286627223398 -1.3102432262533448 -1.2343494144715272 -1.2079934452034382 -0.7834678990089156 -1.215329633260281 -1.3842122558081702 -1.3387771297397422 -1.9420167608932561 -1.4055398203494318 -1.2945115642609615 -1.8537230579465214 -1.2990699855399195 -1.2233795965506484 -1.2368978762740175 -0.8810758404234783 -0.8027331951965355 -0.7560273547145976 -0.7662262507540055 -0.8056457600064901 -0.7499046307582125 -0.7721474538349667 -0.8030438359407012 -1.7861426954743909 -1.1509607406158073 -0.8586840457126033 -1.279964588056246 -0.8213958289774378 -0.8966036518329502 -1.2689530881242097 -1.3078417307322499 -2.3334056290523555 -0.854662453437526 -1.376408304097404 -1.333040621660696 -0.8136831136646262 -0.7784700636087593 -1.218896967851533 -1.7417765479761316 -0.8025698842882834 -0.7582306595873681 -0.7562637698987736 -0.7556776874052554 -0.7707005292636724 -0.7393521932923641 -1.2808180807226326 -1.5937779020053668 -0.8632542760745672 -1.2111582486459824 -0.8784997492727887 -0.8378548405333736 -0.8344786084304406 -0.8057600795530503
-0.7635508550788496 -0.7636458473950762 -0.7730185920497945 -0.7712887840393724 -0.729378600925733 -0.7451906938707967 -0.7618274888526146 -0.7540997391661605 -1.8625480565925137 -1.4010984703532106 -1.5503550952470182 -1.9876068543557155 -2.48618958039233 -1.411724230349088 -1.9266985578339462 -1.1187601516563146 -0.8514101954831641 -1.7823125267206525 -1.8418214365539112 -1.8877558881515526 -1.9688007776142986 -1.963843051165474 -1.2947965011014704 -0.844943063883859 -0.8202223284334645 -0.8186086125961949 -0.7938181882928871 -0.780800487130299 -0.806590483767548 -0.8248630106518496 -0.8413937668833648 -0.7901631158280822 -0.8194012111241603 -0.8124939721222832 -0.780422733297691 -0.7984433369509739 -0.8352460144858384 -0.7736237623673239 -0.7667026993129936 -0.7698423229459863 -0.7253651870570915 -0.7437803397448576 -0.7075270911447402 -0.7275760634589119 -0.7159366322199262 -0.692967518073412 -0.7253636377547885 -0.7246177179793793 -1.8579149801996608 -1.98488882780437 -1.944970500509179 -1.4401343187341111 -3.073881280158637 -2.376618464760549 -1.2673968660106707 -1.3112669696357409 -1.7056468607955606 -1.2676300372761347 -1.2629610931751785 -1.1832942098478405 -1.2359379862533537 -1.2526553609448978 -0.8185104639063446 -0.7904297502893803 -0.7565737472721483 -1.2879790527330937 -0.849261703017826 -1.2246232198959137 -1.3037549489530824 -1.8640824998995351 -1.2681710751127175 -1.256727723868566 -1.2798110290833746 -0.891868001904098 -1.8202692035901242 -1.74850394490082 -1.2848608934197074 -1.1120663634396786 -1.8197671831022844 -0.7907243067702313 -1.828422330608053 -1.3563437521416821 -1.2850132953015776 -1.8520405348456221 -1.3085411392617585 -1.302930487576043 -0.8723179081655414 -0.7994189349376336 -1.2131078139008848 -1.2574111407568014 -1.1432999346717603 -1.728900810537684 -0.8231717907330449 -0.8117187237096234 -1.2286342745358803 -0.8374298064637171 -2.4969087407611252 -1.3227644506584513 -1.8366149500244782 -1.187384929093159 -1.2695662644770753 -1.3026403759015863 -0.8442932144666754 -0.8097585474192439 -0.7844073792758984 -0.7917210646836462 -1.2692799000263932 -1.2483286627223398 -1.3102432262533448 -1.2343494144715272 -1.2079934452034382 -0.7834678990089156 -1.215329633260281 -1.3842122558081702 -1.3387771297397422 -1.9420167608932561 -1.3873347598321977 -1.2945115642609615 -1.8537230579465214 -1.2990699855399195 -1.2233795965506484 -1.2770243221543427 -0.8810758404234783 -0.8027331951965355 -0.7560273547145976 -0.7662262507540055 -0.7941552279436934 -0.7499046307582125 -0.7721474538349667 -0.8030438359407012 -1.7643162315612804 -1.1509607406158073 -0.8586840457126033 -1.279964588056246 -0.8213958289774378 -0.8878904059943736 -1.2689530881242097 -1.3078417307322499 -2.3774078235417346 -0.854662453437526 -1.376408304097404 -1.333040621660696 -0.8136831136646262 -0.7784700636087593 -1.2029560745502057 -1.7417765479761316 -0.8025698842882834 -0.7582306595873681 -0.7562637698987736 -0.7556776874052554 -0.7707005292636724 -0.7393521932923641 -1.8485194166157295 -1.5937779020053668 -0.8632542760745672 -1.2111582486459824 -0.8784997492727887 -0.8378548405333736 -1.3036846776010507 -0.7974898690972885
-0.7635508550788496 -0.7636458473950762 -0.7730185920497945 -0.7712887840393724 -0.729378600925733 -0.7451906938707967 -0.7618274888526146 -0.7540997391661605 -1.8625480565925137 -1.4010984703532106 -1.5503550952470182 -1.9876068543557155 -2.48618958039233 -1.411724230349088 -1.9266985578339462 -1.1187601516563146 -0.8451005075851356 -1.7823125267206525 -1.8418214365539112 -1.8877558881515526 -1.9688007776142986 -1.963843051165474 -1.2947965011014704 -0.837540510815134 -0.8202223284334645 -0.8186086125961949 -0.7938181882928871 -0.7737024195473688 -0.806590483767548 -0.8248630106518496 -0.8413937668833648 -0.7901631158280822 -0.8194012111241603 -0.8124939721222832 -0.780422733297691 -0.7984433369509739 -0.8352460144858384 -0.7736237623673239 -0.7667026993129936 -0.7698423229459863 -0.7253651870570915 -0.7437803397448576 -0.7075270911447402 -0.7275760634589119 -0.7159366322199262 -0.692967518073412 -0.7253636377547885 -0.7246177179793793 -1.8579149801996608 -1.98488882780437 -1.944970500509179 -1.4401343187341111 -3.073881280158637 -2.376618464760549 -1.2673968660106707 -1.3112669696357409 -1.7056468607955606 -1.2676300372761347 -1.2629610931751785 -1.1832942098478405 -1.2359379862533537 -1.2526553609448978 -0.8185104639063446 -0.7904297502893803 -0.7453423434285867 -1.2768647873481516 -0.849261703017826 -1.2246232198959137 -1.3037549489530824 -1.8640824998995351 -1.2681710751127175 -1.256727723868566 -1.2798110290833746 -0.891868001904098 -1.8202692035901242 -1.74850394490082 -1.2848608934197074 -1.1120663634396786 -1.8197671831022844 -0.7907243067702313 -1.828422330608053 -1.3563437521416821 -1.2850132953015776 -1.8520405348456221 -1.3085411392617585 -1.302930487576043 -0.8569325376612924 -0.7994189349376336 -1.2131078139008848 -1.2436727071729197 -1.1432999346717603 -1.6984663873069297 -0.8385423652897481 -0.8117187237096234 -1.2286342745358803 -0.8374298064637171 -2.4969087407611252 -1.3227644506584513 -1.8366149500244782 -1.187384929093159 -1.2695662644770753 -1.3026403759015863 -0.8442932144666754 -0.8097585474192439 -0.7844073792758984 -0.7917210646836462 -1.2692799000263932 -1.2483286627223398 -1.3624585948698182 -1.2343494144715272 -1.2079934452034382 -0.7834678990089156 -1.2461721579116933 -1.3842122558081702 -1.3387771297397422 -1.9420167608932561 -1.3873347598321977 -1.2945115642609615 -1.8537230579465214 -1.2990699855399195 -1.2233795965506484 -1.2613067754474128 -0.8810758404234783 -0.8027331951965355 -0.7560273547145976 -0.7662262507540055 -0.8056457600064901 -0.7499046307582125 -0.7721474538349667 -0.8030438359407012 -1.7861426954743909 -1.1509607406158073 -0.8586840457126033 -1.279964588056246 -0.8213958289774378 -0.8966036518329502 -1.2689530881242097 -1.3078417307322499 -2.3774078235417346 -0.854662453437526 -1.376408304097404 -1.333040621660696 -0.8136831136646262 -0.7784700636087593 -1.2029560745502057 -1.7417765479761316 -0.8025698842882834 -0.7582306595873681 -0.7562637698987736 -0.7556776874052554 -0.7707005292636724 -0.7393521932923641 -1.8485194166157295 -1.5937779020053668 -0.8632542760745672 -1.2374374873033802 -0.8784997492727887 -0.8378548405333736 -1.3036846776010507 -0.7974898690972885
-0.7635508550788496 -0.7636458473950762 -0.7730185920497945 -0.7712887840393724 -0.729378600925733 -0.7451906938707967 -0.7618274888526146 -0.7587507234834883 -1.8625480565925137 -1.4010984703532106 -1.5503550952470182 -1.9876068543557155 -2.48618958039233 -1.411724230349088 -1.9266985578339462 -1.1107475528001136 -0.8451005075851356 -1.7823125267206525 -1.8418214365539112 -1.8877558881515526 -1.9688007776142986 -1.963843051165474 -1.2947965011014704 -0.837540510815134 -0.8202223284334645 -0.8186086125961949 -0.7938181882928871 -0.7737024195473688 -0.806590483767548 -0.8248630106518496 -0.8413937668833648 -0.7901631158280822 -0.8194012111241603 -0.8124939721222832 -0.780422733297691 -0.7984433369509739 -0.8352460144858384 -0.7736237623673239 -0.7667026993129936 -0.7698423229459863 -0.7253651870570915 -0.7437803397448576 -0.7075270911447402 -0.7275760634589119 -0.7159366322199262 -0.692967518073412 -0.731264498857098 -0.7246177179793793 -1.8579149801996608 -1.98488882780437 -1.944970500509179 -1.4401343187341111 -3.073881280158637 -3.049166268636732 -1.2673968660106707 -1.3112669696357409 -1.7549902623476148 -1.2676300372761347 -1.240970293674816 -1.1832942098478405 -1.2359379862533537 -1.2215462209886085 -0.8185104639063446 -0.7904297502893803 -0.7843446932573126 -1.2768647873481516 -0.849261703017826 -1.2246232198959137 -1.3037549489530824 -1.8640824998995351 -1.2681710751127175 -1.256727723868566 -1.2798110290833746 -0.891868001904098 -1.8202692035901242 -1.74850394490082 -1.2848608934197074 -1.1120663634396786 -1.8197671831022844 -0.7907243067702313 -1.828422330608053 -1.3563437521416821 -1.2850132953015776 -1.8520405348456221 -1.3085411392617585 -1.302930487576043 -0.8723179081655414 -0.7994189349376336 -1.2131078139008848 -1.2436727071729197 -1.1432999346717603 -1.7147603699070741 -0.8385423652897481 -0.8117187237096234 -1.2286342745358803 -0.8374298064637171 -2.4969087407611252 -1.3227644506584513 -1.8366149500244782 -1.187384929093159 -1.2695662644770753 -1.3026403759015863 -0.8442932144666754 -0.8097585474192439 -0.7844073792758984 -0.7917210646836462 -1.2692799000263932 -1.2655404720349117 -1.3624585948698182 -1.2343494144715272 -1.2079934452034382 -0.7834678990089156 -1.2461721579116933 -1.3842122558081702 -1.3387771297397422 -1.9420167608932561 -1.3873347598321977 -1.2945115642609615 -1.8537230579465214 -1.28815492442535 -1.2233795965506484 -1.2613067754474128 -0.8810758404234783 -0.8027331951965355 -0.7868798950624574 -0.7662262507540055 -0.7941552279436934 -0.7499046307582125 -0.7804730681303503 -0.8030438359407012 -1.7775896192359664 -1.1509607406158073 -0.8586840457126033 -1.279964588056246 -0.8213958289774378 -0.8812604103139076 -1.2689530881242097 -1.3078417307322499 -2.3774078235417346 -0.854662453437526 -1.376408304097404 -1.333040621660696 -0.8136831136646262 -0.7784700636087593 -1.2029560745502057 -1.7417765479761316 -0.8025698842882834 -0.7402092069814133 -0.7562637698987736 -0.7556776874052554 -0.7707005292636724 -0.7393521932923641 -1.8127503424041727 -1.5937779020053668 -0.8632542760745672 -1.2374374873033802 -0.8784997492727887 -0.8378548405333736 -1.3036846776010507 -0.7974898690972885
-0.7635508550788496 -0.7636458473950762 -0.7730185920497945 -0.7662498078264053 -0.729378600925733 -0.7451906938707967 -0.7618274888526146 -0.7587507234834883 -1.8625480565925137 -1.4010984703532106 -1.5503550952470182 -1.9876068543557155 -2.48618958039233 -1.4332530906431045 -1.9266985578339462 -1.1187601516563146 -0.8451005075851356 -1.7823125267206525 -1.8418214365539112 -1.8877558881515526 -1.9563417784119055 -1.963843051165474 -1.2947965011014704 -0.837540510815134 -0.8202223284334645 -0.8186086125961949 -0.7872536459651914 -0.7737024195473688 -0.806590483767548 -0.8248630106518496 -0.8413937668833648 -0.7901631158280822 -0.8194012111241603 -0.8124939721222832 -0.780422733297691 -0.7984433369509739 -0.8352460144858384 -0.7736237623673239 -0.7667026993129936 -0.7698423229459863 -0.7253651870570915 -0.7437803397448576 -0.7075270911447402 -0.7275760634589119 -0.7159366322199262 -0.692967518073412 -0.731264498857098 -0.7246177179793793 -1.8579149801996608 -1.98488882780437 -1.944970500509179 -1.4401343187341111 -3.073881280158637 -3.049166268636732 -1.2673968660106707 -1.3112669696357409 -1.7056468607955606 -1.2676300372761347 -1.2507010879945342 -1.1832942098478405 -1.2359379862533537 -1.2526553609448978 -0.8185104639063446 -0.7904297502893803 -0.7565737472721483 -1.2768647873481516 -0.849261703017826 -1.2246232198959137 -1.3037549489530824 -1.8640824998995351 -1.2681710751127175 -1.256727723868566 -1.2798110290833746 -0.891868001904098 -1.8202692035901242 -1.8031670247791118 -1.2848608934197074 -1.1120663634396786 -1.8197671831022844 -0.7907243067702313 -1.828422330608053 -1.3563437521416821 -1.2850132953015776 -1.8520405348456221 -1.3085411392617585 -1.302930487576043 -0.8723179081655414 -0.7994189349376336 -1.2131078139008848 -1.2436727071729197 -1.1432999346717603 -1.728900810537684 -0.8385423652897481 -0.8209631205251173 -1.2286342745358803 -0.8374298064637171 -2.4969087407611252 -1.3227644506584513 -1.8366149500244782 -1.187384929093159 -1.3065931650575568 -1.3026403759015863 -0.8442932144666754 -0.8097585474192439 -0.7844073792758984 -0.7917210646836462 -1.2692799000263932 -1.2483286627223398 -1.3624585948698182 -1.2343494144715272 -1.2079934452034382 -0.7834678990089156 -1.2461721579116933 -1.3842122558081702 -1.3387771297397422 -1.9420167608932561 -1.3873347598321977 -1.2945115642609615 -1.8537230579465214 -1.28815492442535 -1.2233795965506484 -1.2613067754474128 -0.8810758404234783 -0.8027331951965355 -0.7560273547145976 -0.7662262507540055 -0.7941552279436934 -0.7499046307582125 -0.7804730681303503 -0.8030438359407012 -1.7643162315612804 -1.1509607406158073 -0.8586840457126033 -1.279964588056246 -0.8213958289774378 -0.8966036518329502 -1.2689530881242097 -1.3078417307322499 -2.3774078235417346 -0.854662453437526 -1.376408304097404 -1.333040621660696 -0.8136831136646262 -0.7784700636087593 -1.2029560745502057 -1.7417765479761316 -0.8025698842882834 -0.7402092069814133 -0.7845722572830037 -0.7556776874052554 -0.7707005292636724 -0.7393521932923641 -1.8485194166157295 -1.5937779020053668 -0.8632542760745672 -1.2374374873033802 -0.8784997492727887 -0.8378548405333736 -1.3036846776010507 -0.7974898690972885
-0.7635508550788496 -0.7636458473950762 -0.7730185920497945 -0.7662498078264053 -0.729378600925733 -0.7451906938707967 -0.7618274888526146 -0.7587507234834883 -1.8625480565925137 -1.4010984703532106 -1.5503550952470182 -1.9876068543557155 -2.48618958039233 -1.4332530906431045 -1.9266985578339462 -1.1107475528001136 -0.8451005075851356 -1.7823125267206525 -1.8418214365539112 -1.8877558881515526 -1.9563417784119055 -1.963843051165474 -1.2947965011014704 -0.837540510815134 -0.8202223284334645 -0.8186086125961949 -0.7872536459651914 -0.7737024195473688 -0.806590483767548 -0.8248630106518496 -0.8413937668833648 -0.7901631158280822 -0.8194012111241603 -0.8124939721222832 -0.780422733297691 -0.7984433369509739 -0.8352460144858384 -0.7736237623673239 -0.7667026993129936 -0.7698423229459863 -0.7253651870570915 -0.7437803397448576 -0.7075270911447402 -0.7275760634589119 -0.7159366322199262 -0.692967518073412 -0.731264498857098 -0.7246177179793793 -1.8579149801996608 -1.98488882780437 -1.944970500509179 -1.4401343187341111 -3.073881280158637 -3.049166268636732 -1.2673968660106707 -1.3112669696357409 -1.7549902623476148 -1.2676300372761347 -1.240970293674816 -1.1832942098478405 -1.2359379862533537 -1.2215462209886085 -0.8185104639063446 -0.7904297502893803 -0.7843446932573126 -1.2768647873481516 -0.849261703017826 -1.2246232198959137 -1.3037549489530824 -1.8640824998995351 -1.2681710751127175 -1.256727723868566 -1.2798110290833746 -0.891868001904098 -1.8202692035901242 -1.8031670247791118 -1.2848608934197074 -1.1120663634396786 -1.8197671831022844 -0.7907243067702313 -1.828422330608053 -1.3563437521416821 -1.2850132953015776 -1.8520405348456221 -1.3085411392617585 -1.302930487576043 -0.8569325376612924 -0.7994189349376336 -1.2131078139008848 -1.2436727071729197 -1.1432999346717603 -1.7147603699070741 -0.8385423652897481 -0.8117187237096234 -1.2286342745358803 -0.8374298064637171 -2.4969087407611252 -1.3227644506584513 -1.8366149500244782 -1.187384929093159 -1.3065931650575568 -1.3026403759015863 -0.8442932144666754 -0.8097585474192439 -0.7844073792758984 -0.7917210646836462 -1.2692799000263932 -1.2483286627223398 -1.3624585948698182 -1.2343494144715272 -1.2079934452034382 -0.7834678990089156 -1.2461721579116933 -1.3842122558081702 -1.3387771297397422 -1.9420167608932561 -1.3873347598321977 -1.2945115642609615 -1.8537230579465214 -1.2990699855399195 -1.2233795965506484 -1.2613067754474128 -0.8810758404234783 -0.8027331951965355 -0.7560273547145976 -0.7662262507540055 -0.8056457600064901 -0.7499046307582125 -0.7804730681303503 -0.8030438359407012 -1.7861426954743909 -1.1509607406158073 -0.8586840457126033 -1.279964588056246 -0.8213958289774378 -0.8966036518329502 -1.2689530881242097 -1.3078417307322499 -2.3774078235417346 -0.854662453437526 -1.376408304097404 -1.333040621660696 -0.8136831136646262 -0.7784700636087593 -1.2029560745502057 -1.7417765479761316 -0.8025698842882834 -0.7402092069814133 -0.7845722572830037 -0.7556776874052554 -0.7707005292636724 -0.7393521932923641 -1.8127503424041727 -1.5937779020053668 -0.8632542760745672 -1.2208782847643214 -0.8784997492727887 -0.8378548405333736 -1.3036846776010507 -0.7974898690972885
-0.7635508550788496 -0.7636458473950762 -0.7730185920497945 -0.7662498078264053 -0.729378600925733 -0.7451906938707967 -0.7661102496248126 -0.7587507234834883 -1.8625480565925137 -1.4010984703532106 -1.5503550952470182 -1.9876068543557155 -2.48618958039233 -1.4332530906431045 -1.9266985578339462 -1.1002669085588968 -0.8363805386048565 -1.7823125267206525 -1.8418214365539112 -1.8877558881515526 -1.9563417784119055 -1.963843051165474 -1.2947965011014704 -0.837540510815134 -0.8202223284334645 -0.8186086125961949 -0.7872536459651914 -0.7737024195473688 -0.806590483767548 -0.8248630106518496 -0.8413937668833648 -0.7835113198880166 -0.8194012111241603 -0.8124939721222832 -0.780422733297691 -0.7984433369509739 -0.8352460144858384 -0.7736237623673239 -0.7667026993129936 -0.7698423229459863 -0.7253651870570915 -0.7437803397448576 -0.7075270911447402 -0.7275760634589119 -0.7159366322199262 -0.692967518073412 -0.731264498857098 -0.7246177179793793 -1.8579149801996608 -1.3978847812025166 -1.944970500509179 -1.4401343187341111 -3.073881280158637 -3.049166268636732 -1.2673968660106707 -1.3112669696357409 -1.7056468607955606 -1.2676300372761347 -1.240970293674816 -1.1832942098478405 -1.7988362164758045 -1.1868328923894702 -0.8185104639063446 -0.7904297502893803 -0.7728397243438405 -1.2768647873481516 -0.849261703017826 -1.2246232198959137 -1.3037549489530824 -1.8640824998995351 -1.2681710751127175 -1.256727723868566 -1.2798110290833746 -0.891868001904098 -1.8202692035901242 -1.8031670247791118 -1.2848608934197074 -1.1120663634396786 -1.8197671831022844 -0.7907243067702313 -1.828422330608053 -1.3563437521416821 -1.2850132953015776 -1.8520405348456221 -1.3085411392617585 -1.302930487576043 -0.8569325376612924 -0.7994189349376336 -1.2131078139008848 -1.2436727071729197 -1.1906477931005714 -1.6984663873069297 -0.8385423652897481 -0.8209631205251173 -1.2286342745358803 -0.8374298064637171 -2.4969087407611252 -1.3227644506584513 -1.8366149500244782 -1.187384929093159 -1.3065931650575568 -1.3026403759015863 -0.8442932144666754 -0.8097585474192439 -0.7844073792758984 -0.7917210646836462 -1.2692799000263932 -1.2655404720349117 -1.3624585948698182 -1.2343494144715272 -1.2079934452034382 -0.7834678990089156 -1.2461721579116933 -1.3842122558081702 -1.3387771297397422 -1.9420167608932561 -1.3873347598321977 -1.2945115642609615 -1.8537230579465214 -1.2990699855399195 -1.2233795965506484 -1.2613067754474128 -0.8810758404234783 -0.8027331951965355 -0.7868798950624574 -0.7662262507540055 -0.8056457600064901 -0.7499046307582125 -0.7804730681303503 -0.8030438359407012 -1.79947492878296 -1.1509607406158073 -0.8586840457126033 -1.279964588056246 -0.8213958289774378 -0.8899332993857648 -1.2689530881242097 -1.3078417307322499 -2.3774078235417346 -0.854662453437526 -1.376408304097404 -1.333040621660696 -0.8136831136646262 -0.7712275158174342 -1.2029560745502057 -1.7417765479761316 -0.8025698842882834 -0.7402092069814133 -0.7845722572830037 -0.7485576946322364 -0.7707005292636724 -0.7393521932923641 -1.8127503424041727 -1.5937779020053668 -0.8632542760745672 -1.2374374873033802 -0.8784997492727887 -0.8378548405333736 -1.3194052960655063 -0.7974898690972885
]