08-08-20_Ishan_4k.monkey_below_blue_chair.0000000002 [ -0.7260161778002397 -0.7348661246447515 -0.733056512420186 -0.6987331670411591 -0.7147860072685662 -0.7327097495936212 -0.7276802175625267 -0.7639474360239921 -1.8501547131317706 -1.8982558950122814 -2.040541775918219 -1.905494931446187 -1.8581301916706996 -1.4329328862239994 -1.419168676843238 -1.3374603716162017 -1.3245630146736342 -1.8803963162768926 -1.3940027811806577 -1.908836757585551 -1.8685809517023704 -1.9039125978685445 -1.855671840475593 -0.8662132053874465 -1.2742651399270186 -0.7910959042531964 -1.182413376759899 -1.798655172824936 -0.8515358702295562 -1.2821782127420536 -1.3036843667095899 -0.8144055645198025 -0.8144116223023399 -0.7900140360568229 -0.7988500053405022 -0.8133153690114465 -0.8231772125166367 -0.766877896300396 -0.7892679681808965 -0.7466630970385332 -0.7130807472499526 -0.726407271276742 -0.7185131410646926 -0.7346300629090321 -0.7224302915250873 -0.7377757206402491 -0.7266703869428923 -0.756789438541404 -1.2787116573195259 -1.9258846896659714 -1.9779132814874263 -1.940312623671376 -2.453869312073855 -3.0560166303059515 -1.816727859343748 -1.8861700411986244 -2.476867245154006 -1.7635983871490295 -1.2487515674340792 -1.322337857917495 -2.388686487725939 -1.7042885974822801 -1.8204119455583168 -1.8675255422714063 -0.7690936300321907 -1.2636168646547683 -1.3125900887302875 -1.3316117119358681 -1.3094285556831304 -1.8596133469192402 -1.2488619022535297 -1.2556033197215986 -1.3159876223479705 -0.9450393974565355 -1.8019989682622914 -1.8053772890391173 -1.8658497294275476 -1.1932895487857915 -1.790416342093847 -1.21969321926809 -1.8275924020922163 -1.2639149930804179 -1.8176595049385573 -2.367559114971249 -1.3166794858365316 -1.239670660361959 -1.3177572474220232 -0.728460945008276 -1.1949739257283483 -1.7943736470452385 -1.7213465500585587 -2.36493584382483 -1.3368663122030613 -0.7693259777441468 -1.6856637089606696 -1.2759994654264661 -1.2863196800028731 -1.1504926804824027 -1.2960499036204416 -1.1267466024042212 -1.2103284065223296 -1.2296566205929877 -0.8033820862034622 -0.8750703544520478 -1.2898681832777183 -0.8680005095691355 -1.2841887825221083 -1.2490459472002322 -0.8704065672274657 -1.2485949337318143 -0.8705953512709839 -0.8066688084934623 -1.7034013720550911 -1.3450117186853354 -1.33662054792572 -1.858287460570801 -1.3669380361168597 -1.8620474349984126 -2.441519451943913 -1.2948459749189891 -1.2202258579108218 -1.2883122368089188 -1.354039005686496 -1.2967707393702257 -0.7599383191579242 -1.7590131338938457 -0.7985374450563848 -0.7218923406180945 -1.2139793502836702 -1.22590466140887 -1.8294553189293803 -1.2044710222261348 -0.8346505221072967 -1.8350625799370417 -0.8450945281384458 -0.7761630679113868 -1.8085188132240357 -1.3882101560637363 -1.8438370669035538 -0.8952926534290904 -1.4035191387719168 -1.8133786261268412 -1.248313097533498 -0.8110220609483241 -1.79628299464806 -2.454346711800913 -1.8059455243347855 -1.121584179824842 -1.7561185573444638 -0.7673714238348324 -0.8374382360979867 -0.7701075861116502 -1.8489687617865431 -1.8749126944204657 -1.8329321086497081 -2.422607772992877 -1.2879706312468933 -1.215407557516474 -1.265628844045718 -1.2168429106804088
-0.7378384326968863 -0.7214306544372647 -0.737698528643971 -0.7107437385870318 -0.7221947952491923 -0.7309458471682864 -0.7246984500867018 -0.7460802671824663 -1.8501547131317706 -1.8982558950122814 -2.098433131417013 -1.905494931446187 -1.845592049635134 -1.4329328862239994 -1.4325615162429408 -1.3374603716162017 -1.315628015009435 -1.8838104095336043 -1.3940027811806577 -1.908836757585551 -1.8623014821588897 -1.9039125978685445 -1.855671840475593 -0.8779581274974398 -1.2895403228674203 -0.7910959042531964 -1.1710481878418 -1.2385820524431448 -0.8515358702295562 -1.2743006698850834 -1.2968518229981636 -0.8144055645198025 -0.8144116223023399 -0.794371248673272 -0.8322905476520258 -0.8205399487259256 -0.880992592880513 -0.7862424867815122 -0.7976821725606926 -0.7254488924668006 -0.7033240528778695 -0.7279295603239714 -0.7191613515181519 -0.7253787219962884 -0.731903466391439 -0.7347619463738673 -0.7411084788446026 -0.756789438541404 -1.2206235840369 -1.3465820791192973 -1.9779132814874263 -1.956645111303928 -2.4641584237145167 -3.0560166303059515 -1.8056232267188101 -1.3134029558224223 -2.402004301474504 -1.7511318810429595 -1.2487515674340792 -1.3216354913302846 -2.408736904100133 -1.74346669167233 -1.8204119455583168 -1.8171924511153403 -0.7690936300321907 -0.786032461310448 -0.8613856616043478 -1.3316117119358681 -1.3094285556831304 -1.8596133469192402 -1.2658233266378411 -1.2659085872008689 -1.3159876223479705 -0.9501778409044365 -1.8225581856811666 -1.7928832478603882 -1.8526499089981852 -1.1932895487857915 -1.8022806395702922 -0.7553639917314002 -1.8275924020922163 -1.2941470947896103 -1.8282821967306282 -2.367559114971249 -1.330170136469105 -1.239670660361959 -0.8445243847824494 -0.7037477563438145 -1.1949739257283483 -1.8213377006817795 -1.7213465500585587 -2.36493584382483 -1.3368663122030613 -0.7693259777441468 -1.6922796667648596 -0.805164875059516 -1.2863196800028731 -1.2043106974499245 -1.3095224349603674 -1.1267466024042212 -0.8238431327363319 -0.8334344588374355 -0.8518337110931431 -0.8410407373169791 -0.8334992194956318 -0.8594464314352174 -1.3132527498803952 -0.8122326215333512 -0.8937639101626883 -1.2692624768871923 -0.8992622372437 -1.2658047965616146 -1.710651908739351 -1.3450117186853354 -1.3521610227650256 -1.858287460570801 -1.3669380361168597 -1.8620474349984126 -2.441519451943913 -1.288065019109732 -1.2402912899197387 -1.3018146637868473 -1.3448247970001603 -1.2829744838097699 -0.7599383191579242 -1.7603807044086177 -0.7623069608892014 -0.729016945612654 -1.2139793502836702 -1.259633573680492 -1.8294553189293803 -1.2044710222261348 -0.8208243829548127 -1.8350625799370417 -0.8450945281384458 -0.7550761805191568 -1.8085188132240357 -1.3882101560637363 -1.853897520259832 -0.8952926534290904 -1.4035191387719168 -1.8133786261268412 -1.2636809411836283 -0.7955252081577155 -1.2072082031090368 -1.8263614238767576 -1.8059455243347855 -1.155738073081098 -1.8220892916608222 -0.7948992392294828 -0.831693638256414 -0.7847623855078805 -1.851552332400186 -1.8749126944204657 -1.8426585790603138 -2.4565836440233912 -1.2879706312468933 -1.232947628307037 -1.274731017552577 -1.2194664423382566
-0.7299179416068856 -0.7214306544372647 -0.7335017605120383 -0.715237353123065 -0.7280298445116378 -0.7309458471682864 -0.7407184567933468 -0.7584603514700222 -1.8501547131317706 -1.3220923757107637 -2.098433131417013 -1.905494931446187 -1.845592049635134 -1.4329328862239994 -1.4162381622848212 -1.3111164976120424 -1.2463346671227833 -1.3110851686051208 -1.3940027811806577 -1.908836757585551 -1.8623014821588897 -1.9039125978685445 -1.855671840475593 -0.8555526855048666 -1.2617560393520038 -0.8540018880154309 -1.2032262161114842 -1.2385820524431448 -0.8426552832894998 -1.2743006698850834 -1.2891147035921957 -0.8144055645198025 -1.2780614379328656 -0.7858417073423921 -0.8395068205019177 -0.8200400907635451 -0.9241519804626063 -1.191041731019383 -0.7886892043037712 -0.766601178598588 -0.7033240528778695 -0.724434298181967 -0.7228422777000482 -0.7253787219962884 -0.731903466391439 -0.7864015576704321 -0.7348613064661322 -0.7484893389628426 -0.7617138969198514 -1.3465820791192973 -1.9624827021068543 -1.956645111303928 -2.4738517437287193 -3.0560166303059515 -1.8056232267188101 -1.356470874037404 -1.8574822272151792 -1.7511318810429595 -1.2427496162316176 -1.3135476367878156 -2.4230215918470934 -1.74346669167233 -1.8098175656399687 -1.8171924511153403 -0.7485846730570868 -0.7218323083107481 -0.8170170257520405 -1.3009750377054394 -0.8390998455149705 -1.2905623950980347 -1.3137472845573352 -1.2659085872008689 -1.3159876223479705 -0.9501778409044365 -1.8225581856811666 -1.7928832478603882 -1.8765511778931352 -1.211433863712077 -1.232021028677193 -0.7310387091434111 -1.8275924020922163 -0.8269251486688448 -1.8282821967306282 -2.388258700073295 -1.330170136469105 -1.239670660361959 -0.8099033051566872 -0.7241684725669401 -1.1926108738888617 -1.8321283683416185 -1.7213465500585587 -2.3792285186674067 -1.3368663122030613 -0.7782519949972083 -1.1486886402459155 -0.805164875059516 -1.3090685434948026 -1.2043106974499245 -1.3095224349603674 -1.1267466024042212 -0.8238431327363319 -0.8334344588374355 -0.8578093156700901 -0.8410407373169791 -0.8434253276405548 -0.8594464314352174 -1.2917186629450994 -0.8256827265356245 -0.8929004885592929 -1.2692624768871923 -0.8992622372437 -1.2387820397368545 -1.710651908739351 -1.3450117186853354 -1.2817289457793553 -1.870592568760773 -1.3669380361168597 -1.8620474349984126 -1.8082974794539395 -1.288065019109732 -1.2471467106374687 -1.3018146637868473 -1.3265616682468224 -1.2893522155648571 -0.7800877833007233 -1.7603807044086177 -0.7778036765587582 -0.750896723009779 -1.2359524408140186 -1.259633573680492 -1.876144119471359 -1.2044710222261348 -0.8349774146940987 -1.8083670806970198 -0.834644754978651 -0.7470520824478541 -1.8085188132240357 -1.3882101560637363 -1.853897520259832 -0.8952926534290904 -1.4035191387719168 -1.8133786261268412 -0.7807631514086768 -0.7648926995783039 -1.2231778960468815 -1.8263614238767576 -1.8059455243347855 -1.160290716151312 -1.8122117899679138 -0.7907606218005996 -0.8182813236178466 -0.7700934155859781 -1.8337367274524137 -1.8749126944204657 -1.8426585790603138 -2.4565836440233912 -1.3056465909306127 -1.232947628307037 -1.226926872244393 -1.2456213956892794
-0.7243436964748777 -0.7133215211479531 -0.7293624481494743 -0.7194276373666723 -0.7185867638674637 -0.7309458471682864 -0.730435321234337 -0.7534506237343781 -1.7916574207020781 -1.3220923757107637 -2.0898953884600484 -1.8917186146952505 -1.845592049635134 -1.4329328862239994 -1.4029148920103582 -1.3111164976120424 -1.2452150176204748 -1.2934233218431543 -1.3601375022959035 -1.908836757585551 -1.8623014821588897 -1.8818837786421907 -1.8478989508448016 -0.767922889344424 -1.2617560393520038 -0.8654116379382797 -1.7763613906263338 -1.2250632285957737 -0.8484078500344872 -1.2831592071606146 -1.2891147035921957 -0.7820912313326008 -1.2862529743945852 -0.7869857668886943 -0.8206013097394103 -0.7883563937393716 -1.0109115810953762 -1.8150350177801229 -1.2243976357140325 -0.7784853193354943 -0.7169280947951231 -0.7548752545486153 -0.7411067719722879 -0.7298172060006334 -0.7172949978213691 -0.7617722044420079 -0.7702238674260165 -0.7530925142417436 -0.7246610431388731 -1.3465820791192973 -1.391774217517882 -2.023614461171783 -2.4548966628256177 -3.0399943194020427 -1.806427685860498 -1.2812003618787193 -2.441746157495383 -1.735221730954851 -1.2427496162316176 -1.3108261498538236 -2.4107060709782764 -1.7252956559326216 -1.8098175656399687 -1.7883090111821356 -0.7087802558833347 -0.7213033299550603 -0.7970948994250535 -1.269184743106337 -0.852171326782138 -1.2748206921119853 -1.281208810691819 -0.795936458099265 -1.3159876223479705 -0.87610835085912 -1.2488427874336294 -1.8125024910980645 -1.8898085977514978 -0.7955360410559197 -1.230024212362704 -0.7390050953705243 -1.263151634567745 -0.781262239591877 -1.8282821967306282 -2.4032333094183267 -1.330170136469105 -1.239670660361959 -0.767612879482805 -0.7245004454825174 -1.2131037934220483 -1.8321283683416185 -1.7213465500585587 -2.3792285186674067 -1.3368663122030613 -0.7782519949972083 -1.1486886402459155 -0.8132251655491692 -1.3090685434948026 -1.2043106974499245 -1.3095224349603674 -0.9320272656379975 -0.8340993906968379 -0.8334344588374355 -0.8477574898537706 -0.7991922434763543 -0.8781006338229217 -0.8777648895505145 -1.354229750997881 -0.8187841166339872 -1.3597797586720257 -1.2692624768871923 -0.8929388119413502 -1.2387820397368545 -1.1553641334018743 -1.3360235446971225 -1.312991845557667 -1.2976542102854578 -1.2756475119716424 -1.8407211300612079 -2.441519451943913 -1.2441496721936443 -1.239712618533708 -1.2906671467808295 -1.3265616682468224 -1.2979789649514806 -0.7778403146158298 -2.4001792231003094 -1.2088213216436439 -0.7903133010653958 -1.2748120092118653 -1.242297500401044 -1.8718819967318543 -1.1847511617849031 -0.8349774146940987 -1.8238621158868649 -0.8179022748988931 -0.7454173034316081 -1.7455115225077618 -1.3438902024718702 -1.8324718554803539 -0.8881116583636997 -1.4035191387719168 -1.7847281455557296 -0.7849984803577136 -0.7721589567080199 -1.2045758888933285 -1.8224399339040445 -1.817209115812081 -1.1523017292614834 -1.75828011733472 -0.7907606218005996 -1.2793892511046878 -0.7964646656395313 -1.8444962695803908 -1.2700725666772876 -1.8426585790603138 -2.4267359275553964 -1.2986283686979119 -1.266074705712933 -1.2396120486540627 -1.2343102707604683
-0.7578333589074839 -0.7072724685576756 -0.7222559295197504 -0.729127767259847 -0.7131356078419159 -0.7284098883523766 -0.7275208249048417 -0.7391102721916476 -0.7843749580279269 -1.2921551180424986 -1.9125016769765364 -1.8984881133297968 -1.8392422215771644 -1.388385184672268 -1.3324323891293766 -1.3297190902700302 -0.7908923448408771 -0.836366888646436 -1.2760234261114443 -1.909828400645863 -1.8429619057206315 -1.9323064100561484 -1.863470079684708 -0.7534737634122337 -1.2524634194926176 -0.8255167317252974 -1.2522981877368085 -1.2395581571625034 -0.8719288123415643 -1.3225021495251341 -1.2482287510618775 -0.8094432185486437 -1.2906626811083974 -0.7889084507792781 -0.8364902178068975 -0.8255807106741309 -0.9260060063883792 -1.7937870388015993 -1.2037349993802444 -1.2918948484655788 -0.7429873931437533 -0.7324380430437049 -0.7574238641365305 -0.7814263996606154 -0.7740761180849343 -1.2444617647068772 -1.1958105944253572 -0.7736375495637999 -0.7517507562397128 -0.7947664016982848 -0.8979214245459044 -1.3221619972382679 -1.2855021810073135 -2.3796893889066846 -1.8134324090921168 -0.8004858046387614 -1.2849467237662175 -1.2281376793241094 -1.2393993941681982 -1.261057930588302 -1.2433751798069312 -1.2252445758429518 -1.235217750586122 -1.2151929229864629 -0.7272223319760551 -0.7050091237745447 -0.789802418989679 -0.7842305882088002 -0.8005327733262481 -0.8126077115596827 -1.285021084719157 -0.7846593975915569 -1.2087579178886414 -0.8721824062540895 -1.2365598444775356 -1.749583676513395 -1.3010220537009212 -1.1785721112762024 -1.2047316827534273 -0.7392680304156585 -0.81839084333016 -0.7226428975749462 -1.217851171598688 -1.8548944084190362 -1.2492755720948994 -0.7662691624233691 -0.7322580577837287 -0.7202444621993757 -0.767825777168567 -1.247351158020671 -1.1204299281529977 -1.7759793611210157 -1.27844784214725 -0.8011017747846166 -1.2097717866607942 -0.8119465063826954 -0.8577374175143941 -1.2159875018778825 -1.269315282772883 -0.9214050221639783 -0.8985844296460799 -0.814830183244468 -0.8245267080414762 -0.7279998463043205 -0.8774154799140699 -0.8515688511539237 -0.7806701004403596 -0.7920594115870013 -1.2229045972950146 -1.220528497392197 -0.8419489912545914 -0.7822176780338105 -0.7443148431398043 -0.7964344365832431 -1.196463979328624 -0.8440316728591324 -1.2228782857673155 -1.8072992447164669 -1.2314623694765998 -1.212426151178547 -1.2175975736273277 -1.246470017506731 -0.8578495034089059 -0.8176046483463141 -0.8568343481323071 -1.203214932191817 -1.2573843842809223 -0.8464497045225465 -1.265785470911937 -1.2390836188033139 -0.8705461834076504 -1.1305241878162766 -0.8349774146940987 -1.2503676842373046 -0.7990378334242866 -0.7137004220439845 -1.2284434411843794 -0.8414575401053381 -1.2474355138633213 -0.8936584488463737 -1.4036104116660448 -1.2143818421419603 -0.8504404306134994 -0.7724770925762658 -1.2203713694629807 -1.279693735007704 -1.8419893137020444 -1.042509537274543 -1.776802934734409 -0.8056402730612129 -1.2323458211193123 -0.825375769933441 -1.253602387264642 -1.262488390799649 -1.8179576794456518 -0.8405810485274822 -1.2586982210092477 -1.2208280742105149 -1.1983133998151632 -1.28438702148108
-0.7186065304337277 -0.7411751650115663 -0.7377969330071589 -0.7483069417037211 -0.7228872697532077 -0.7363981116874238 -0.7137127286135979 -0.7333976584735751 -1.236552892928006 -1.3289984467083757 -2.0692738120424887 -1.946403409421184 -2.504687724659722 -1.4295286418938165 -1.4155521801757467 -1.3356955626596272 -1.2068080200059779 -1.2569782172109 -0.9178424796508177 -1.3141696811684072 -1.8785591503696561 -1.819580696713662 -1.819410289004436 -0.7774196967053214 -1.2135271005413435 -0.8644536268262417 -1.2304083396075476 -1.1960644517336254 -0.7993920536285417 -1.3046535098611893 -1.2408162923127999 -0.7888033118024607 -1.2360843947420732 -0.8105197872896623 -0.8128716706686536 -0.7744212822665129 -0.9171884287497296 -1.722248519467905 -1.1954588632481793 -1.20116575108064 -0.7218194703922173 -0.7373914657190465 -0.7687307869458404 -0.7566027687799681 -1.242584470182137 -1.2246290086612104 -1.2548137164435536 -0.7893345342051763 -0.7440645665412323 -1.263462211378624 -1.4659662925529355 -2.0575862988449853 -3.11431248385842 -3.7167014143581274 -1.8263019421324522 -0.8618207249795283 -1.8270365285853822 -1.7799605920751347 -1.2668613620581188 -1.3429116632950042 -2.4009150214990664 -1.752466851978543 -1.820683077943416 -1.8055211334111805 -0.7191793679627589 -0.6969392099594426 -0.7316653457882923 -0.7550279650686259 -0.8016511458236943 -0.8061681587605355 -0.7693792844815701 -0.7719653033670757 -1.2837383419575084 -0.8480464110889359 -1.2485618460031704 -1.2580504645819626 -1.2485302997949026 -0.7895216473260509 -1.1945922160233302 -0.7488082218628692 -1.2269662026610957 -0.7732710133097993 -1.8334393398479514 -2.482111151419367 -0.8741017838230717 -1.2407713316055498 -0.8000993255855594 -0.7368240683217652 -1.2020355301615437 -1.8225045030483167 -1.7126788245839268 -1.7194781059860447 -1.3368663122030613 -0.7755903900161494 -1.1634656688405962 -0.8015847604488856 -1.2962973490315386 -1.2043106974499245 -1.3119899086716333 -0.9245851958298269 -0.8766401294136235 -0.8742330582416663 -0.8062868330006188 -0.7609675700419642 -0.8632317606791576 -0.8747618746520062 -0.8704383534601624 -0.7748367936199523 -1.2210116318634447 -1.2476333953351677 -0.8557900267901456 -0.747483707960171 -1.1666768401469834 -1.2599006704892348 -1.3255364416114837 -1.2878251119597155 -1.2715403485495091 -1.2832742309504694 -1.2249410992515264 -1.2283162084653036 -1.2383251810870488 -1.3010839534186716 -1.3106452550552077 -1.3276425863995782 -0.7737828779703821 -2.3787987955034104 -1.1761716392582222 -0.8073729269807923 -1.2631325171022587 -1.2876473414635785 -1.31437314421255 -1.1764051598903433 -0.8156188672156606 -1.266308328986697 -0.7999005453186612 -0.7242122456833942 -1.7597518236807301 -1.314113741082232 -1.2384649855902468 -0.8881116583636997 -1.387183408969948 -1.2404636794824153 -0.763278437427552 -0.7509507495795185 -1.2184276434465737 -1.796244307216707 -1.7692993325127429 -1.1304686207498373 -1.8233834408940175 -0.7908588707228357 -1.2788164462079266 -0.7674449933367345 -1.8673996237211972 -1.298936632645468 -1.8627938196662406 -1.7687698731500165 -1.2982039385185133 -1.2523581808439708 -0.8124142063369605 -0.7768761896995928
-0.7522361955762765 -0.7630558798747997 -0.7266124735583224 -0.7680849491417896 -0.7332850224678621 -0.7363981116874238 -0.719730772451415 -0.7510283533261509 -1.236552892928006 -1.3289984467083757 -2.089810100966265 -1.946403409421184 -2.4625459978020134 -1.430216286901684 -1.3975970742333685 -1.3356955626596272 -1.218687618006491 -1.2246960774714477 -0.888414721603116 -1.377203436864687 -1.927514870355674 -1.939137559322875 -1.8205393934876208 -0.7916243432684855 -1.2135271005413435 -0.8541086745066807 -1.2344318070116589 -1.1960644517336254 -0.7993920536285417 -1.2445887422795117 -1.2408162923127999 -0.799782137469835 -1.2360843947420732 -0.7937927438170407 -0.8166879556127753 -0.7829601475534397 -0.9537993286952305 -1.77602554223346 -1.1954588632481793 -1.20116575108064 -0.7218194703922173 -0.7424746763555151 -0.7687307869458404 -0.769536985598291 -1.250810972883596 -1.254251417677102 -1.2621340692593384 -0.7862946854624333 -0.7440645665412323 -0.8035501689417142 -1.4659662925529355 -2.0575862988449853 -3.11431248385842 -3.755617853871095 -1.8151766560933715 -0.8618207249795283 -1.8481101063483891 -1.7799605920751347 -1.2848163231462446 -1.356989662037744 -2.423467408243952 -1.7707424908107596 -1.820683077943416 -1.8141723194154953 -0.7192756051102605 -0.7316392045257719 -0.7316653457882923 -0.7461893062974708 -0.8606228620070826 -0.7680096756385996 -0.7190969639851109 -0.7719653033670757 -1.2837383419575084 -0.8528529176867414 -1.2493437790582016 -0.7419954332929408 -1.243219524849453 -0.7895216473260509 -0.757700418271458 -1.1928329103337423 -1.2495004903937144 -0.700286978933905 -1.8420186662851008 -2.4702692979003955 -0.8877242620580125 -1.3023010984567942 -0.8039468752710494 -0.7807106442787045 -1.209762784401026 -1.8225045030483167 -1.6920430341723431 -1.6999613635021487 -0.8603285514526744 -0.7858819128409237 -1.1466814503851217 -0.7935999585947049 -0.8289246886168189 -1.2043106974499245 -1.3095224349603674 -0.8829799433856954 -0.8660542372956082 -0.8318620987181617 -0.8290700628509817 -0.7542141996647274 -0.8708274917631881 -0.8508110685080644 -0.8610715274315975 -0.7748367936199523 -1.1996167648212248 -1.2616169846890886 -0.8631823197326106 -0.747483707960171 -1.181774427228409 -1.2599006704892348 -1.2687997654947247 -1.3037598327089888 -1.8372411965255364 -1.2832742309504694 -1.1827021836483438 -1.2283162084653036 -1.2310465294300499 -1.287798693250391 -1.3106452550552077 -1.3276425863995782 -0.7886278809448669 -2.3790399429677556 -1.204913568661524 -0.8073729269807923 -0.8026803940180037 -1.2956007497948174 -1.31437314421255 -1.1764051598903433 -0.8461514464094148 -1.279376313090243 -0.7564743276118963 -0.7817652622965857 -1.7455115225077618 -1.2807943761773268 -1.810081337407267 -0.8952926534290904 -1.387183408969948 -1.214176495945071 -0.763278437427552 -0.7523473286551153 -1.2184276434465737 -1.796244307216707 -1.7692993325127429 -1.1304686207498373 -1.250229758263079 -0.7981202398748068 -1.268588158676882 -0.7801626875975165 -1.8128483483965776 -1.2488126877310795 -1.8627938196662406 -1.7687698731500165 -1.2705848112204292 -1.2523581808439708 -0.8896740793297432 -0.7768761896995928
-0.7522361955762765 -0.7630558798747997 -0.7538614554551887 -0.7791748100993442 -0.7289424741732439 -0.7259476259958577 -0.719730772451415 -0.7339738295933417 -1.236552892928006 -1.3289984467083757 -2.0777865503630872 -1.946403409421184 -2.504687724659722 -1.4169247803987461 -1.4289296383958698 -1.3356955626596272 -1.2663943247486962 -1.2246960774714477 -1.372893825838765 -1.9604177723570768 -1.927514870355674 -1.965306145087168 -1.801962890661633 -0.7696395396552475 -1.2135271005413435 -0.8541086745066807 -1.2344318070116589 -1.2086029585149114 -0.8182249389332881 -1.2445887422795117 -1.2408162923127999 -0.799782137469835 -1.2446476504331614 -0.7803515566775188 -0.8249564419455226 -0.7829601475534397 -0.9396390093716899 -1.2235076571643144 -1.1954588632481793 -1.2541074385912 -0.7218194703922173 -0.7424746763555151 -0.7630417405047517 -0.7880115800843747 -0.7940285217481396 -1.232755276856925 -0.7850043178792044 -0.7799179677725928 -0.7440645665412323 -0.8509240032619032 -1.440001218368844 -2.0575862988449853 -3.1585669606541464 -3.755617853871095 -1.8151766560933715 -0.8877310716090098 -1.8472713893011048 -1.7707066188256326 -1.2987276641891583 -1.356989662037744 -2.423467408243952 -1.7707424908107596 -1.8098175656399687 -1.8141723194154953 -0.7135459343468662 -0.6982495476939411 -0.7312024257854406 -0.7461893062974708 -0.8444230810662463 -0.7614133450421561 -1.1935018158745032 -0.8128087466128873 -1.233678124409531 -0.8810142366667123 -1.2388055363901944 -1.1891598455409695 -1.2812713644106324 -1.2037295516882578 -0.7688706012512598 -1.2030752205915487 -1.2495004903937144 -0.6984298009610882 -1.8420186662851008 -2.4702692979003955 -1.3721582984041154 -1.3023010984567942 -0.7852777073047704 -0.7632455755235696 -1.1882315658380864 -1.8321283683416185 -1.6920430341723431 -1.7194781059860447 -0.8603285514526744 -0.7944777769741741 -1.1466814503851217 -0.7935999585947049 -0.8289246886168189 -1.2043106974499245 -1.3095224349603674 -0.9026738792825061 -0.820414603641978 -1.2797653493170367 -0.8290700628509817 -0.7591584007450486 -0.8708274917631881 -0.8508110685080644 -0.8218217805604877 -0.7748367936199523 -1.1784062641792985 -0.8003441355021498 -0.8631823197326106 -0.747483707960171 -1.1727843737929338 -1.2470203114237461 -1.2687997654947247 -1.3037598327089888 -1.8372411965255364 -1.851451079901257 -1.824291594857534 -1.2283162084653036 -1.2457550838478275 -1.287798693250391 -1.3190842684080744 -1.2894120795534834 -0.7886278809448669 -2.3790399429677556 -1.204913568661524 -0.8073729269807923 -0.8026803940180037 -1.2956007497948174 -1.3242854551818708 -1.1764051598903433 -0.8877019409671518 -1.3097701481505137 -0.7661712553453656 -0.7296968401190196 -1.7455115225077618 -1.310417410859384 -1.810081337407267 -0.8952926534290904 -1.387183408969948 -1.214176495945071 -0.7720107817875288 -0.7669704009514032 -1.2021999004052024 -1.796244307216707 -1.7581435788381319 -1.1189548573965202 -1.2081767105150987 -0.7764982828195627 -1.268588158676882 -0.7674449933367345 -1.8128483483965776 -1.2812472585539436 -1.8627938196662406 -1.778183275883039 -1.2705848112204292 -1.2523581808439708 -0.8807790132178553 -0.7768761896995928
-0.7526196139203806 -0.7466472393189956 -0.7584011288172023 -0.7544803967003526 -0.7404430214245313 -0.7195846727477111 -0.7201351908683549 -0.732758795506734 -1.7601571157968676 -1.3200550021142765 -2.680001801024459 -2.4798645428203914 -1.9511348704495723 -1.5000812015428218 -1.4600644097534623 -1.8373634323324302 -1.2540115282806015 -1.8459744388044015 -1.369878279339989 -1.3722239718108555 -1.8613955911213949 -1.9198173171943123 -2.5312401388579957 -0.7846897241788224 -0.7812760158581794 -0.8186836863975276 -1.2621685882382077 -1.1996877038205211 -0.8277890878546319 -1.2555535403291571 -1.2710763486600587 -0.7926211297461461 -1.2343522446467718 -1.1919875045221937 -1.211421697460859 -1.1646393738918654 -1.2009912528636129 -1.2523229329525891 -1.5621842120589968 -1.7862335076558091 -0.7145977326477589 -0.749208124686188 -0.7421213140235432 -0.7634992252530461 -0.7486676241524464 -1.1756811338578517 -1.2587563169314455 -0.7897401009993537 -0.7424734411058302 -0.9049757842206142 -1.4511514111667867 -2.5899783501256723 -2.570634114805107 -3.736315534177734 -1.7960243624543824 -0.8449811788411359 -1.8039444953581374 -1.7758492420382785 -1.2726817626859561 -1.3803073120483031 -2.525537383545667 -2.3716529398045343 -1.868029083736218 -1.8821967738622838 -0.7243124500049184 -0.6985181240914281 -0.7158844569388574 -0.7258712238047521 -0.7955824229034749 -0.7673440973908093 -0.7457966426564968 -0.7510923462329577 -1.2976455723740772 -0.917035727924734 -1.2978627233273359 -1.1831174309588552 -1.2484449243757962 -1.2475201231271367 -0.816939181415539 -1.2262076921898974 -1.762311268652448 -1.187375216567529 -1.8524342123936919 -1.784024777005414 -1.3622846704236544 -1.2844271685679205 -0.877329986482374 -0.7789885617230147 -1.7151881699975933 -1.8072114354832238 -1.703137945481996 -1.749740867483261 -0.8542372511914493 -0.8271442930634721 -1.1626746813357858 -0.805164875059516 -0.8512108252920879 -1.239169470062 -1.349562438338486 -0.914032063448052 -0.8415520601454435 -0.8388824388137189 -0.8290700628509817 -0.7414473618015588 -1.3245600529794603 -1.3269938184334311 -1.3109877264632555 -1.2438799148177937 -1.3778281872456255 -1.2974456214584895 -1.3247179221079266 -0.7407973299258978 -1.7576382675565938 -1.2609578435902387 -1.3368894839411218 -2.534936403079483 -1.3315449655814087 -1.266828021356034 -1.7698537549786244 -1.179281260514757 -1.2649781740681716 -1.3131161181810262 -1.8651666566599534 -1.2916010355044312 -1.2637768257019355 -3.0382053079081968 -1.8038389603382912 -1.0981583262589296 -1.3020996076894766 -1.3087777274928603 -1.2707767009765711 -1.2034869826945314 -1.124481237723108 -1.3528336328237855 -0.7936769711488709 -0.7879283350509166 -1.760215057148607 -1.943235601858224 -1.8941892378626897 -0.9046080636175684 -1.3880539162304268 -1.2433858947061531 -0.7323613662997087 -0.7529294077458949 -1.6783846086794225 -1.2146339112971143 -1.7306077492353105 -1.1284240840860582 -1.784494348467307 -1.207134064304198 -1.9009407858155487 -1.209215415742545 -2.3956505097682754 -1.9149424946589517 -1.8560487997966144 -2.4619375332240043 -1.3038284796096964 -2.3804727822000413 -0.9152184610366509 -0.7985035892931671
-0.750432107341772 -0.7657461696289102 -0.7653013070250154 -0.7438287682098748 -0.7308130868753805 -0.7267054763591861 -0.7298663350514322 -0.7355010461887129 -1.2694598541399071 -1.8422919325489078 -2.5902663529240213 -2.5222670523411583 -1.9492206572921693 -1.4468620911616237 -1.4301113536498593 -1.8696332384717296 -0.8707755803133321 -1.909780460425669 -1.3140731028902635 -1.391248473448396 -1.8258756731786698 -1.968218550840258 -2.5482409339904213 -0.8383728394397679 -1.2772054020652153 -0.8360431978370545 -1.203997002008012 -1.2299594017069517 -0.8554750548974065 -1.2563859501520862 -1.286284415625316 -0.7817734888390867 -1.202874706863445 -1.2000818138203437 -1.1739836368723153 -1.2155480821419695 -1.2183958196126803 -2.408283108178431 -1.598412720303495 -1.7474581197314316 -0.7353093165873115 -0.7464041890450112 -0.7244463183458466 -1.1992465308982856 -1.1876927720564463 -1.7097999469735634 -1.7902414964381523 -1.2288704038403098 -0.8204643659626258 -0.900955841369286 -0.9912475562231442 -1.9733334862197336 -2.460561314296735 -2.9822505419642127 -1.7680713822922913 -1.1903799115869138 -1.2277420165353274 -1.247709743471124 -1.2046488736995933 -1.2826999011468991 -1.3475438575751615 -2.424124468547935 -1.2647834604396695 -1.2669971203687018 -0.7163865995839174 -0.7138101677087444 -0.7452348369483115 -1.2409766400693825 -1.1962142545195755 -1.2157989509683602 -0.8065434017482771 -0.7581684782673103 -1.330276671861126 -0.8642433569897751 -1.830362252996079 -1.7319593698488869 -1.233638542929364 -1.2115772990598723 -1.3251098662842447 -1.2109684302551298 -1.7443584232170664 -1.2289450304583702 -1.2697988306477928 -2.418539844007261 -1.3083451146057778 -1.330019784344569 -0.8473437273766821 -0.7568214865157235 -1.1824426112661026 -1.2005597001300685 -1.1296026416115204 -1.774568808212736 -0.8038070783803438 -0.793806106303624 -1.7202663997892764 -0.7949755802102683 -0.870531749483643 -1.2562298662467901 -1.9232418051038929 -1.1713713853861556 -0.8629436640659756 -0.8535105236361633 -0.7509076857207396 -0.7380608710115518 -1.8510530027195606 -1.3052520560566918 -1.2361836824343737 -1.246548142070948 -1.4595698425807475 -1.2195859781117677 -1.3386879360371122 -0.7756637497275618 -1.2697961617408122 -1.2901014129143682 -1.3591681787438683 -2.61667603138386 -1.9971688044119806 -1.2752571078075958 -1.8267986390710285 -1.2078834521076078 -1.2359962120547008 -1.2739616479739597 -1.315554436685412 -1.22436741141 -1.3215329914449105 -1.6939840048514414 -1.856638204847387 -1.1039530046499038 -1.280948158412821 -1.2901571220561203 -1.2542975913644208 -1.1853963772546217 -1.149443784413604 -1.8608113934307573 -0.8010146104840062 -0.8082258377049967 -1.2825327179338102 -1.9074984445206027 -1.8835262372125485 -0.9102181153144698 -1.3735600091655336 -1.803451714268893 -1.2265487400918198 -0.7629777625075224 -1.7119025389395315 -1.2042255174130405 -1.7824446783545067 -1.0351946322837908 -1.7554721202174064 -1.201006357962177 -1.815491732766847 -1.2982841460699388 -1.8116482865373398 -2.4539628030233693 -1.8402322994830584 -1.2309594472508 -1.2857134565125938 -2.3402338010025554 -0.8928254676901156 -1.25627249318002
-0.750432107341772 -0.7657461696289102 -0.7653013070250154 -0.7478163556024006 -0.7348794791336736 -0.7166824902030858 -0.7298663350514322 -0.7355010461887129 -1.2694598541399071 -1.8422919325489078 -2.5902663529240213 -2.5222670523411583 -1.9492206572921693 -1.4602782278596658 -1.4301113536498593 -1.8696332384717296 -0.8707755803133321 -1.3334961990965495 -1.3140731028902635 -1.391248473448396 -1.8321124424941833 -1.968218550840258 -2.528669130825464 -0.8579608680319555 -0.783201148866849 -0.8360431978370545 -1.204714840580149 -1.2299594017069517 -0.8171593766016834 -1.2462194155102644 -1.286284415625316 -0.7817734888390867 -1.2241179356148366 -1.1702925182743185 -1.171141552177893 -1.238479940348413 -1.2282070322858676 -1.7967091477363917 -1.571673183802861 -1.7988604309508613 -0.7314127726553001 -0.7549859432205926 -0.752182728850705 -1.1992465308982856 -1.1632796022662395 -1.7037239315211312 -1.8441838010423914 -1.1938233834341891 -0.8049967400164691 -0.900955841369286 -0.9912475562231442 -1.9733334862197336 -2.460561314296735 -2.9822505419642127 -1.7425093599845525 -1.1979198382652718 -1.2428619913985222 -1.2433451704595935 -1.1859959181519757 -1.2826999011468991 -1.3475438575751615 -1.79198943033356 -1.2647834604396695 -1.2669971203687018 -0.7190343320822861 -0.7413792689953583 -0.718287223581882 -1.2409766400693825 -1.1962142545195755 -1.2854591387983065 -0.7955130261176605 -0.7833791056116712 -1.330276671861126 -0.8642433569897751 -1.8421062412137423 -1.7319593698488869 -1.233638542929364 -1.2115772990598723 -1.3097902143519922 -1.2109684302551298 -1.758097369738855 -1.22530760088128 -1.2697988306477928 -2.3817052240287384 -1.3083451146057778 -1.330019784344569 -0.8177952353006844 -0.7568214865157235 -1.1824426112661026 -1.2005597001300685 -1.1296026416115204 -1.774568808212736 -0.8038070783803438 -0.793806106303624 -1.7202663997892764 -0.788475157985561 -0.8424182066233311 -1.2562298662467901 -1.9523238946838803 -1.1502179087294042 -0.8629436640659756 -0.7908188155554668 -0.7772964832820608 -0.7669322074275127 -1.9019357048685597 -1.3175034059159045 -1.2361836824343737 -1.2549340433503005 -1.4412147111282303 -1.2195859781117677 -1.3386879360371122 -0.7756637497275618 -1.2697961617408122 -1.2901014129143682 -1.3591681787438683 -2.61667603138386 -1.9971688044119806 -1.2752571078075958 -1.8267986390710285 -1.183796036919476 -1.2359962120547008 -1.2739616479739597 -1.3230222225940478 -1.22436741141 -1.3114994231299506 -1.6858651810589707 -1.856638204847387 -1.1039530046499038 -1.280948158412821 -1.2741978137885817 -1.2542975913644208 -1.1853963772546217 -1.149443784413604 -1.8608113934307573 -0.824703696772903 -0.8082258377049967 -1.228310217495599 -1.9074984445206027 -1.8835262372125485 -0.9102181153144698 -1.3735600091655336 -1.803451714268893 -1.215060694661606 -0.7636989550586339 -1.694451018052426 -1.2042255174130405 -1.7824446783545067 -1.0351946322837908 -1.7554721202174064 -1.2007992200702733 -1.815491732766847 -1.2974121902772937 -1.8116482865373398 -2.43014130403614 -1.8112696893552853 -1.303422998862681 -1.2857134565125938 -2.3402338010025554 -0.8928254676901156 -1.3031278562734616
-0.750432107341772 -0.7556401138307779 -0.7653013070250154 -1.1850884027204391 -0.7308130868753805 -0.7267054763591861 -0.7298663350514322 -0.7393500354323311 -1.2694598541399071 -1.8422919325489078 -2.5902663529240213 -2.5222670523411583 -1.9492206572921693 -1.4468620911616237 -1.4301113536498593 -1.8696332384717296 -0.8539613375765974 -1.3334961990965495 -1.3140731028902635 -1.391248473448396 -1.8321124424941833 -1.968218550840258 -2.528669130825464 -0.8582796296717735 -0.783201148866849 -1.3053750500199623 -1.2156402661005172 -1.2299594017069517 -0.8171593766016834 -1.2196974650217738 -1.286284415625316 -0.7906454335884742 -1.2241179356148366 -1.1702925182743185 -1.248494876157442 -1.238619084866851 -1.228462012509857 -2.4170474402877256 -1.598412720303495 -1.194093282855953 -0.7314127726553001 -0.7411837030535883 -1.1745642609323463 -1.1992465308982856 -1.2527371937990488 -1.2311126946139397 -1.2730350164600215 -1.1938233834341891 -0.8049967400164691 -0.8518160252597144 -0.9912475562231442 -1.9733334862197336 -2.460561314296735 -2.9822505419642127 -1.7425093599845525 -1.1903799115869138 -1.2428619913985222 -1.2433451704595935 -1.2431750101623409 -1.2826999011468991 -1.3475438575751615 -1.79198943033356 -1.2647834604396695 -1.2597269662390915 -0.7070834680542556 -0.7138101677087444 -0.7296494222647917 -1.1749935867702002 -1.1518815384511103 -1.1244561780294642 -0.8203250330890631 -0.7581684782673103 -1.330276671861126 -0.8642433569897751 -1.8158112908111692 -1.7958468719124343 -1.233638542929364 -1.2115772990598723 -1.32755995204235 -1.2109684302551298 -1.758097369738855 -1.22530760088128 -1.2697988306477928 -2.402464893023124 -1.3083451146057778 -1.330019784344569 -0.797946916966299 -0.7568214865157235 -1.1824426112661026 -1.2005597001300685 -1.1296026416115204 -1.774568808212736 -0.8038070783803438 -0.8050071566452179 -1.7202663997892764 -0.7949755802102683 -0.8424182066233311 -1.2562298662467901 -1.9523238946838803 -1.1713713853861556 -0.8629436640659756 -0.8025425272773691 -0.7772964832820608 -0.7669322074275127 -1.89080167476113 -1.3175034059159045 -1.2361836824343737 -1.2549340433503005 -1.4412147111282303 -1.2195859781117677 -1.3386879360371122 -0.7756637497275618 -0.7596148070917057 -1.2901014129143682 -1.3772379354082924 -2.61667603138386 -1.9971688044119806 -1.2752571078075958 -1.2626417614123129 -1.2211348900497225 -1.2428396621991846 -1.2739616479739597 -1.3314993989162678 -1.22436741141 -1.3114994231299506 -1.6939840048514414 -1.856638204847387 -1.1039530046499038 -1.280948158412821 -1.2901571220561203 -1.2542975913644208 -1.1853963772546217 -1.1619856756907336 -1.8608113934307573 -0.8010146104840062 -0.8082258377049967 -1.228310217495599 -1.9074984445206027 -1.8835262372125485 -0.9102181153144698 -1.3735600091655336 -1.803451714268893 -1.2349005039072218 -0.7707939375284883 -1.7731985731995317 -1.2042255174130405 -1.2234863447253834 -0.8017046487284598 -1.7554721202174064 -1.2467763031394092 -1.815491732766847 -1.2653624358743887 -1.8116482865373398 -2.4539628030233693 -1.8250440975979145 -1.2935679011137782 -1.2857134565125938 -2.3402338010025554 -0.8928254676901156 -1.3031278562734616
-0.7449849849983431 -0.7721800178098195 -0.7906561722555671 -1.1999909289593915 -0.7166886882278481 -0.7263261155422581 -0.7294582026625424 -0.7290186447146401 -0.8371148141422706 -2.536748753074319 -2.043933209218762 -1.9861275242529162 -2.502638576263679 -1.3775290321460234 -1.4060243549346443 -1.3640395861251498 -0.8387717461389523 -1.2779290418799703 -1.3170297672174762 -1.9822844789418463 -1.8978816949354675 -1.9948740251324224 -1.8626245031577409 -0.9514106988781417 -0.809670826204618 -1.303868194008611 -1.1884321615626827 -1.2313090842014585 -0.8144680824783984 -1.2230493911158886 -1.2385542747329585 -0.7888701335622964 -1.2409817597749828 -1.2115887214628565 -0.7957169464714897 -0.7995999340880667 -0.7842789599917335 -1.785323105944362 -0.8398446658804334 -1.1875407734212293 -0.7302795309793563 -0.7188536458885426 -1.1531865466720346 -1.2163143663585725 -1.2462650815761118 -0.807486471742402 -0.7766324335040856 -1.1639473481541502 -0.7422790134233036 -1.339968280848856 -1.4904661178929905 -1.521046491728193 -2.4022115437614935 -2.330841089414542 -1.8092691307520972 -1.8310329770082807 -1.2804032300804413 -1.2540413847811525 -1.2482232708232177 -1.2325886210158523 -1.2792685080453838 -1.827833510880498 -1.215595480904183 -1.219607735039091 -0.747734757405718 -0.6957395010811319 -0.7205751782751779 -0.7479625185562907 -1.221864363976884 -1.734668105675831 -1.221755055365774 -0.7918764338314997 -1.350612862593393 -0.9503338185936516 -1.745359864393875 -1.8031072782666406 -1.8366709428381836 -1.160083422830261 -1.2792375763826453 -1.2232266449692402 -2.455902523348181 -1.3130563631735341 -1.2609223150617799 -2.4730259358031272 -1.318031292259267 -1.283532569984573 -0.7915507088784206 -0.7691072322879944 -0.77653880357781 -1.229722025386498 -0.8906240365166798 -1.7245259473985255 -0.7778698706525667 -0.7627395891579718 -1.7137206315358686 -0.7706177926949147 -1.8958092609113666 -1.5127360270166386 -1.8944244916945012 -1.1268641536997992 -0.8485031721776443 -0.7571877315207771 -0.7673432868065573 -0.7829858285121069 -1.2861101305991212 -0.8211037160096261 -0.7300556936187215 -0.787952025238346 -1.204530945501228 -0.7366507387109967 -0.8493191831578786 -0.7759651343975631 -0.8188074786604129 -1.345723101120007 -1.4252273810447404 -1.9984692145604233 -2.5123186974232867 -1.8613365010969156 -1.8739121173453985 -1.2398136976135516 -1.2261885989492847 -1.2490208837540666 -0.8684339438261794 -0.7708937618095478 -0.7519959709459205 -1.1582051409621155 -0.7729008389312736 -0.7875136916927722 -0.7704830698055752 -1.2218478137788233 -0.777707329695688 -1.1871733959016884 -0.9231013480995789 -1.842588948442831 -0.7949775023102497 -0.8657957867423945 -1.2157649991619959 -1.2839040590491861 -1.7796934249147174 -0.9008671107409246 -1.372693730122017 -1.8000207387989164 -0.8088671686206176 -0.7759267229922433 -1.2429009407888976 -1.2806770275041541 -1.2459162601292924 -0.791091387310388 -1.20374332157997 -0.7426293138932459 -0.7771201536585223 -0.7773535320967754 -1.3158638345661855 -1.7740655403006276 -1.775773224578584 -1.4151142647321968 -1.2889924797089358 -1.1883129239197119 -0.8247627550354197 -1.2585922859208247
-0.7809352054487403 -0.7608411087793843 -0.7595380397055419 -0.7747019666488261 -0.7378602744468888 -0.7269995672521399 -0.7307440052312129 -0.747295606481774 -0.7728409637079331 -0.7988186043785646 -1.3303716596070252 -1.8320339291235004 -1.277444546325393 -1.3754495488262841 -1.3422768514758179 -0.8190234359237478 -0.7503362339663096 -0.722545017572951 -0.7397603972156331 -0.8028364002161075 -0.7741834075911213 -1.2541268352482668 -1.2688962836848219 -0.7873078465553753 -0.7564492664095166 -0.7625809652749651 -0.7507592677219562 -0.8000307137753689 -0.7767396824844407 -0.774467818978355 -0.8044063444946654 -0.815125227482752 -0.7646573119607255 -1.2955220665147151 -0.8310752089914301 -1.2343748572023023 -0.9034948246451079 -1.790539952725474 -1.3774910883756946 -1.2462460057476616 -0.7484248883183269 -0.7454656679233477 -0.7912284103830866 -1.228710639629907 -1.2804208673368453 -1.2627244354786515 -1.2786330675763666 -0.7626020583265302 -0.7833532605888774 -0.7969932182268417 -0.8764802719460812 -1.3548013936284637 -1.223764433181355 -0.737954005338282 -0.7392856320306515 -0.7477498277951983 -0.7821076459122562 -0.7710817294411877 -0.7930495671155164 -0.8217200817454728 -0.8507042979569139 -0.805336366874929 -0.7936273369983963 -0.770234860281852 -0.740589635724157 -0.7639650765298333 -0.7141833708822676 -0.7239171974194774 -0.8283031375856881 -0.7803769670781062 -0.7998436650681489 -0.7873274272595175 -0.7938071248793527 -0.7885194221311059 -1.7360816030739186 -0.792853084952967 -0.7640097448527345 -0.7872083546772588 -0.7989599433782437 -0.7492361263388148 -0.8326937510574633 -0.7571190667687742 -0.80672284828111 -1.7645948867959387 -0.8127280962296387 -0.8392046869307277 -0.8222934134168755 -0.820459143942203 -0.8062531563320257 -0.81789344629022 -1.153861377953851 -1.7491241515504177 -0.8825170949363661 -0.8377515807784262 -1.1435601169553793 -0.8413772466362706 -0.8162443249560039 -0.9415851189357285 -0.7570399469057841 -1.1330919470204044 -0.8940716098422941 -0.8422981459339096 -0.7988465059863017 -0.7400461723254639 -0.801689112304523 -0.803338819790069 -0.7955250229701766 -0.775493915690573 -0.7827271796532039 -0.7265589583027622 -0.7470104446733892 -0.7494002220897606 -0.7515010974544457 -0.7295759861627367 -0.7318037596862744 -0.8258476964465071 -0.7534079069619063 -0.7522560472525426 -0.7763478244755441 -0.7243110859166605 -0.7561122243515463 -0.768512747749787 -0.8271382522816413 -0.8391505495642448 -0.8279754320253319 -1.7718734077244895 -1.2085381321997843 -0.8295228601916742 -0.8178424400704322 -0.8314261614977931 -0.8346445290692405 -1.1637146842760266 -0.768980024107039 -0.8451053280845431 -0.7631403851957655 -0.7534143394689204 -0.7764936269837286 -1.2153974633938198 -1.178592650541093 -0.8256643139816868 -1.3930253613138592 -1.2359459319798238 -0.7609668865607697 -0.7447376310008761 -0.779046973179918 -0.8143962515068898 -0.7948157851750357 -0.8431323779432618 -0.8292226961042739 -0.878558824227603 -1.2365881898300626 -0.7795410352054102 -0.7358477014895157 -0.790549478569403 -0.7650352785523207 -0.7391996468793821 -0.755470176772139 -0.7815104698356693 -0.7481966556867777 -1.2022585197352451
-0.7553038620509454 -0.776673796482757 -0.7923388329538499 -0.7222618586812743 -0.7397239858517525 -0.7125892359156061 -0.7198145340483277 -0.7264829031006007 -1.1538734664577042 -1.2639350339138475 -1.936493256075266 -1.8413490623836002 -1.3056716403279898 -1.3427296511530746 -1.3741376220006647 -1.1535955095290238 -1.2200161234573463 -1.8107080971616352 -1.3011107448271972 -1.2928785610733573 -1.2255898075135585 -0.7897926901699337 -0.7856552293447984 -0.7468214808766581 -0.7367197562704021 -0.7828297386865533 -0.8014780028970884 -0.7817193645316871 -0.7649315490395795 -0.7959855936694082 -0.77498220884982 -0.7583993437865933 -0.7880795549083465 -1.760177555652001 -1.766624166739461 -1.215555683718821 -1.2276990778762717 -2.3791647016434774 -1.470995773401794 -1.8710534391476026 -0.8347629625193022 -0.7239782215072142 -1.2515380220371932 -1.225246639484887 -1.8823462025845408 -1.9064210992477133 -1.849687201015889 -0.8009519978143478 -0.7274428388264682 -0.7488871284507824 -1.2853796309215255 -1.7999204172355572 -1.3070748153295755 -2.429664825845504 -1.2811501521881705 -0.8154023738649908 -1.2523225764713775 -1.8197697233046224 -1.2832012485254063 -1.3969635535793783 -1.8459282615776242 -2.3936952721847886 -1.868903479630884 -1.8155071847213142 -0.7997230739567438 -0.8019838462120549 -0.7926484810506585 -0.7188476735176206 -0.7394470902379655 -0.7630384299477764 -0.7769860280073804 -0.7407136626385911 -0.7965661992991546 -0.760660570645584 -0.757591649880272 -0.7310116327423292 -0.7146715887894627 -0.7392208069496583 -0.7184747305888944 -0.7347829926295664 -0.7063259986879993 -0.7143566012353804 -0.7497410072673448 -0.7421447294328032 -0.7656970094236883 -0.7604434608266285 -0.7777342575551439 -1.1895886638426358 -1.8261512652805318 -1.3700757481717782 -0.9319066454889422 -1.749938155787955 -0.8752268151843438 -0.8572925528165211 -1.169883399549949 -0.8132251655491692 -0.6868721611298676 -0.8344392328431657 -0.7767117987702472 -0.8577710664463417 -0.8987083270338045 -0.8070794266505725 -0.7698139721332173 -0.7888969051223635 -1.3592639049439217 -1.339342568095689 -1.3232201225180669 -1.2598481343987813 -0.8268645172102884 -1.2889476753528024 -1.2896597864095622 -0.70624068739505 -0.7137605110673659 -0.7544717415139987 -1.224881006667621 -1.2922219114408344 -1.2282513972997064 -1.1949507190060213 -1.1632452056749283 -0.7148558624024077 -0.7906761531463027 -1.3437065187422577 -1.3101774502220749 -1.247711204392591 -1.2785933943494592 -3.727666152718057 -1.8259988206243958 -1.1614507867221826 -1.3052060184983376 -0.9137299177220389 -1.3389845942852616 -1.1973692395119226 -1.160107593231906 -0.8203536642886486 -0.8139038044973427 -0.7388303637957044 -0.7355180771025481 -0.8203437863007217 -0.8519900462282357 -0.8809446776860904 -1.3045889256824805 -0.7793530995883187 -0.7724666599534565 -1.2462816033697004 -0.7684706847815149 -0.7628589181557754 -0.7879684120000578 -0.8117883936376405 -1.272584579205114 -1.3053552698521391 -1.7612272081269782 -0.7982479612677561 -2.4169581520459853 -2.017238912693437 -1.8894197719965435 -1.2929249674836651 -0.8363072931223541 -1.8305335897359378 -0.873360024968982 -0.7456904354370217
-0.7958874573830216 -0.776673796482757 -0.7729221591362904 -0.745143803987752 -0.7669556415921546 -0.7640304685124607 -0.7473718782176622 -0.7399262103384471 -1.1434060205355594 -1.270446159787598 -1.936493256075266 -1.26429962556139 -1.271934501429448 -1.3142653911781645 -0.8515129974773119 -1.1819007088829232 -0.7115493322241185 -1.8250115834881424 -1.2819428996650237 -1.2021461480541022 -1.2315686479565637 -0.7897926901699337 -0.7660086558199135 -0.7405195297088525 -0.7266944247680337 -0.7716256527152324 -0.7621681766124226 -0.7715862879131211 -0.7649315490395795 -0.7959855936694082 -0.7792239374608105 -0.7540944593737438 -0.8107312820064195 -1.760177555652001 -1.766624166739461 -1.772532497892683 -1.2276990778762717 -2.426767090807581 -1.470995773401794 -1.8710534391476026 -1.2706885564355384 -1.234690441635699 -1.8145810705529326 -1.7831692575702642 -1.8823462025845408 -1.9201833076508232 -1.849687201015889 -0.8009519978143478 -0.7346968867546376 -0.767678794253145 -1.2306794289017668 -1.2560995294046216 -1.3190049497232579 -1.290769375561205 -0.8071216888055722 -0.7249340345661941 -0.7558427734913579 -0.8378671496154906 -1.2832012485254063 -1.3969635535793783 -1.3018240019772591 -2.3936952721847886 -1.8790141964139526 -0.7638386340887919 -0.7891032509858502 -0.8052345725309933 -0.764689356321658 -0.7151190946359272 -0.7652909678929837 -1.1428472512143484 -0.7312195381613995 -0.7340423060321446 -0.7559097714079358 -0.7791645771371243 -0.742560484593455 -0.7497507064687574 -0.736582464392697 -0.7762587696152979 -0.7307404185771648 -0.7396892444980616 -0.7460725433553109 -0.7603159651081862 -0.7704605133486379 -0.7848293207946911 -0.7942751366375053 -1.2503894043296544 -1.270364552518019 -1.2513560472658747 -1.2379559937054263 -0.8263335918295682 -0.8930851795616623 -1.7580454404773211 -0.8410485870949204 -0.8968967521774074 -1.180584309884042 -0.820463498730436 -0.6964045141172174 -0.7938558140736931 -0.7887534566884001 -0.7665469654145473 -0.8871282124789965 -0.8172318931013901 -0.7698139721332173 -0.8112131111235323 -1.3465428999923372 -1.3013157485473237 -1.3503160766396465 -1.252900382538643 -0.8268645172102884 -1.2803055936585013 -1.2112830715796794 -0.7129405718344357 -0.719944100560944 -0.736904070287828 -0.807311311535875 -1.2629201900201574 -0.7708616165997902 -0.7203225393533558 -0.7241168919070219 -0.7321918267338097 -0.7870756686144422 -0.8724068129315172 -0.8301725474713262 -1.2400607981256473 -0.815061748047719 -3.0426290736123893 -1.8259988206243958 -1.1614507867221826 -0.820337929065468 -0.8531457194688911 -1.3031953026460557 -0.93237760902231 -1.1036753006168822 -0.8277257876571473 -0.8210400574757137 -0.7556393080828246 -0.7308118391735642 -0.8464309722551067 -0.8099350528497716 -0.8472891731436637 -0.7355266244327483 -0.753892372305583 -0.7631737690005128 -1.2470183526192056 -0.7846674339928394 -0.7742131772981725 -0.7879684120000578 -0.8002130088420222 -0.817628237840629 -0.8291475065153697 -1.2063698477438354 -0.7982479612677561 -1.2991278483330209 -1.4108715980357458 -0.8399576214026645 -1.289832714867943 -0.7657333279543754 -1.8210021161915564 -0.8642096243204169 -0.7598646304525278
-1.2514653217393197 -1.272198577218345 -0.8273714554904682 -0.820216996668064 -0.7763015448324069 -0.7819113519169097 -0.755086658748268 -0.7522285992082031 -0.7495512970650418 -1.1936433718259172 -1.8067284381542115 -1.9271117691023074 -1.3541992364219737 -0.8440971597701212 -0.8083162491893301 -1.1863923602179265 -0.7847364668573857 -0.8177126982010672 -0.8070687998293088 -1.2226300769145575 -1.246424926441345 -0.8275524081539845 -1.8040268695035444 -0.8047072975411522 -0.7523428916065567 -0.7482140713023728 -0.7699995352123369 -0.7828059922634121 -0.7770547261481852 -0.7685359815968693 -0.7797692379857978 -0.8103047018630355 -0.8027973361237973 -1.7450948323994069 -1.7715400917680268 -1.802236120775742 -1.1640874122595823 -2.998484145046886 -1.4584977507932764 -2.578217345632086 -1.8519821872944742 -0.7423834460482039 -1.2757124103583453 -1.8099080802927132 -1.886963044632771 -1.8873359125397584 -1.835636583897458 -0.7927245533543557 -0.7630009413371462 -0.7636634853885662 -0.8706934489516075 -0.7936576956760735 -0.7981802214331845 -1.1938382908919207 -1.2242822359903955 -0.7544826767582765 -0.7833307190364673 -0.8292587762914079 -1.2641649871536071 -1.2820572101788998 -1.312736896229044 -1.8225857119833282 -1.294202788214868 -0.7916233397878243 -0.8294361860993076 -1.2651743997305729 -0.7803127620541886 -0.7357440185747132 -0.6989381264512012 -0.7184155882024872 -0.7728239927680074 -0.6894115385261053 -0.783778798268401 -0.7638836733198989 -0.7156942262882467 -0.7368421236074226 -0.7151222212626589 -0.7343709871921615 -0.7417229056179314 -0.7308486374361309 -0.7566576056178227 -0.7497405315097592 -0.7261811717136109 -1.2324848391127123 -0.7254283871023836 -0.7696025748965051 -0.7960541346791014 -1.3153696094298881 -0.7958192174513545 -1.2868228430528597 -0.909526262971584 -1.8042026476146968 -0.8304220216055368 -0.8682246725779862 -1.1598549601664392 -0.8110789321009354 -0.7359905237674007 -1.0649567622855158 -0.8094990296401768 -0.765877410823471 -0.8715236983703063 -0.7753676857110277 -0.7402548381848317 -1.333389696093489 -1.89080167476113 -1.252836799477581 -1.3113228564404222 -1.2549340433503005 -0.8647474595936262 -1.2460254029901277 -1.2860115939236414 -0.7558481853397615 -0.7421342897483796 -0.7439789021678308 -1.3166402479213382 -1.3056915407851444 -1.1945447989369993 -1.2320479297108564 -1.2112996712486368 -0.7895040118492658 -0.8002762532132155 -1.2759737476335848 -1.3096236754125148 -1.2407950584307708 -0.8135338980230316 -2.272325679640775 -1.905076863816199 -1.1786855766121243 -0.8271631502356659 -0.850559024942845 -0.8880844335968523 -0.917850657407692 -1.1036753006168822 -0.8211766758112582 -0.8314763406340484 -0.7834975453524682 -1.2492659752388353 -1.285041115375233 -0.8783771710066878 -0.9413024077796055 -1.2260265384508304 -1.206998615186076 -1.3048096401846072 -0.8671145357191163 -0.8050533906994545 -0.7921350344027671 -0.8045445661033347 -0.8117437763976999 -0.8089229641425051 -0.851202975287525 -1.7637414619353495 -0.8591398197460222 -1.8263953403747522 -2.5621720497124656 -1.78635008654682 -1.3412295071286031 -0.7973220822190114 -1.818259001492503 -0.8752634537466851 -0.8142279628245387
-1.2446070228474004 -1.2599724561240946 -0.8273714554904682 -0.8008667395343582 -0.7872065507384913 -0.7819113519169097 -0.7626179883744181 -0.7658904937478067 -0.7449077844376726 -1.1936433718259172 -1.7690614186688698 -1.9271117691023074 -1.3541992364219737 -0.8034644190474676 -0.8083162491893301 -1.1863923602179265 -0.7755782518635648 -0.8177126982010672 -0.8066658012838589 -1.2313445409653774 -1.2362122993151836 -0.8275524081539845 -1.8040268695035444 -0.8047072975411522 -0.7523428916065567 -0.7482140713023728 -0.7776683324795821 -0.7828059922634121 -0.7770547261481852 -0.7751384984794771 -0.7797692379857978 -0.8037905726515088 -0.8027973361237973 -1.7450948323994069 -1.7715400917680268 -1.802236120775742 -1.1791169314546854 -3.0299579874551235 -1.4584977507932764 -2.578217345632086 -1.8519821872944742 -0.7423834460482039 -1.2757124103583453 -1.8099080802927132 -1.8771758764893904 -1.8873359125397584 -1.8171568725845941 -0.7927245533543557 -0.7756661987592838 -0.7636634853885662 -0.8706934489516075 -0.7555206717772556 -0.7696959792388035 -1.1938382908919207 -1.2333086467126395 -0.760227569129212 -0.7833307190364673 -0.8117824860553063 -1.2641649871536071 -1.2730333781089207 -1.312736896229044 -1.8123196930109613 -1.294202788214868 -0.7859793674873975 -0.8294361860993076 -1.2651743997305729 -0.8195568942953522 -0.7232694472804875 -0.6839428272334992 -0.7496429393415199 -0.7389370316745533 -0.7021304300152053 -0.790198839356882 -0.7638836733198989 -0.7156942262882467 -0.7368421236074226 -0.7151222212626589 -0.7343709871921615 -0.7342988497717718 -0.7235982459483701 -0.7566576056178227 -0.7545372584208981 -0.7261811717136109 -1.2098037189898585 -0.7339970933061987 -0.7611136182102128 -0.8420766511358326 -1.3522518967211747 -0.7958192174513545 -1.2868228430528597 -0.909526262971584 -1.8042026476146968 -0.8304220216055368 -0.8682246725779862 -1.1598549601664392 -0.8182846983167773 -0.7359905237674007 -1.0353526560673667 -0.8094990296401768 -0.765877410823471 -0.8715236983703063 -0.7753676857110277 -0.7738611788265926 -1.3164979731732032 -1.89080167476113 -1.2634229650911994 -1.3113228564404222 -1.2549340433503005 -0.9778388679058646 -1.2460254029901277 -1.2860115939236414 -0.7558481853397615 -0.7375037098479815 -0.7332120197778411 -1.3166402479213382 -1.2650815930625592 -1.1973861127343854 -1.2320479297108564 -1.2112996712486368 -0.7895040118492658 -0.8002762532132155 -1.2805684819712122 -1.3096236754125148 -1.2407950584307708 -0.8135338980230316 -2.2894780653127995 -1.905076863816199 -1.1786855766121243 -0.8271631502356659 -0.850559024942845 -0.8880844335968523 -0.917850657407692 -1.1036753006168822 -0.8211766758112582 -0.8149913277410481 -0.7834975453524682 -1.2260484759366128 -1.2980826706607007 -0.8783771710066878 -0.8853571888938678 -1.2382911268538233 -1.206998615186076 -1.3048096401846072 -0.8671145357191163 -0.8050533906994545 -0.8278464733494867 -0.7962703251169573 -0.8117437763976999 -0.8089229641425051 -0.851202975287525 -1.7637414619353495 -0.8591398197460222 -1.8462298019679526 -2.5621720497124656 -1.8012345957916307 -1.3412295071286031 -0.7973220822190114 -1.818259001492503 -0.8593506679412385 -0.8142279628245387
-1.2446070228474004 -1.2599724561240946 -0.8273714554904682 -0.9251539717838195 -0.7872065507384913 -0.7819113519169097 -0.7626179883744181 -0.7622265337915044 -0.7449077844376726 -1.1936433718259172 -1.7879146980508023 -1.9271117691023074 -1.3541992364219737 -0.8034644190474676 -0.8083162491893301 -1.179671903066596 -0.7755782518635648 -0.8177126982010672 -0.8014810653944204 -1.2313445409653774 -1.2362122993151836 -0.818122459116967 -1.8040268695035444 -0.8047072975411522 -0.7523428916065567 -0.7482140713023728 -0.7839931996726619 -0.7828059922634121 -0.7770547261481852 -0.7751384984794771 -0.7797692379857978 -0.8037905726515088 -0.8027973361237973 -1.7344757631943484 -1.7536340149589398 -1.802236120775742 -1.1791169314546854 -3.005855503226078 -1.4584977507932764 -2.578217345632086 -1.8519821872944742 -0.7423834460482039 -1.2757124103583453 -1.8099080802927132 -1.8771758764893904 -1.8873359125397584 -1.8171568725845941 -0.7927245533543557 -0.7756661987592838 -0.7636634853885662 -0.8706934489516075 -0.7555206717772556 -0.7696959792388035 -1.1938382908919207 -1.2333086467126395 -0.760227569129212 -0.7833307190364673 -0.8117824860553063 -0.8026014477587271 -1.2848891140651764 -1.312736896229044 -1.8123196930109613 -1.294202788214868 -0.7859793674873975 -0.8409328361603462 -1.2651743997305729 -0.8336463948447835 -0.7358501780487103 -0.6839428272334992 -0.7497485778657742 -0.7445316107835751 -0.6994940585246795 -0.7753096846885741 -0.7638836733198989 -0.7216200998437593 -0.7320373670379593 -0.7151222212626589 -0.7343709871921615 -0.7342988497717718 -0.7235982459483701 -0.7566576056178227 -0.7497405315097592 -0.7261811717136109 -1.2324848391127123 -0.7339970933061987 -0.7472276395825972 -0.7960541346791014 -1.3367670408967671 -0.7958192174513545 -1.2868228430528597 -0.909526262971584 -1.8042026476146968 -0.8131075118935707 -0.8682246725779862 -1.1598549601664392 -0.8264295697980097 -0.7359905237674007 -1.0353526560673667 -0.8094990296401768 -0.765877410823471 -0.8992832920993639 -0.7753676857110277 -0.757507463118899 -1.323628586568582 -1.89080167476113 -1.2634229650911994 -1.3113228564404222 -1.2549340433503005 -0.8647474595936262 -1.2460254029901277 -1.2860115939236414 -0.7558481853397615 -0.7375037098479815 -0.7332120197778411 -1.3012973687442249 -1.2650815930625592 -1.2044203220621874 -1.2320479297108564 -1.2023478855641807 -0.7530356596959956 -0.8058100631055548 -1.2628156915212347 -1.3096236754125148 -1.2407950584307708 -0.8135338980230316 -2.2894780653127995 -1.905076863816199 -1.1786855766121243 -0.8271631502356659 -0.8442912593122042 -0.8771733917186604 -0.917850657407692 -1.1036753006168822 -0.8211766758112582 -0.8149913277410481 -0.7834975453524682 -1.2260484759366128 -1.285041115375233 -0.8930205212023506 -0.8853571888938678 -1.2382911268538233 -1.206998615186076 -1.3048096401846072 -0.8671145357191163 -0.8050533906994545 -0.7921350344027671 -0.7962703251169573 -0.8066688095342527 -0.8089229641425051 -0.851202975287525 -1.7539254412742296 -0.8591398197460222 -1.8462298019679526 -2.5621720497124656 -1.8012345957916307 -1.3412295071286031 -0.7973220822190114 -1.818259001492503 -0.8593506679412385 -0.8142279628245387
-1.2446070228474004 -1.2599724561240946 -0.8273714554904682 -0.8008667395343582 -0.7872065507384913 -0.7819113519169097 -0.7626179883744181 -0.7651824073742163 -0.7328461471232195 -1.2262565023170213 -1.8097058295819535 -1.9271117691023074 -1.3309644567914891 -0.8440971597701212 -0.7676186453873936 -1.2165332427799747 -0.7718372540880003 -0.8112703532236307 -0.7970243744556539 -1.2633317259215306 -1.2225673441252938 -0.8013068039913341 -1.2432352711939496 -0.8047072975411522 -0.7523428916065567 -0.7655251184524764 -0.7723580437094002 -0.7828059922634121 -0.7770547261481852 -0.7751384984794771 -0.7725849916168556 -0.7962021673680915 -0.8027973361237973 -1.7344757631943484 -1.7536340149589398 -1.7890727652807505 -1.194422937264338 -3.005855503226078 -1.4584977507932764 -2.578217345632086 -1.8519821872944742 -1.1841925761925645 -1.2757124103583453 -1.8099080802927132 -1.8771758764893904 -1.8873359125397584 -1.8171568725845941 -0.7876501807623126 -0.7756661987592838 -0.823665244172791 -0.8472899503339242 -1.2753176752716509 -0.8240873637589888 -1.2451385995047177 -1.2419642704012857 -0.760227569129212 -0.7833307190364673 -0.8292587762914079 -1.2641649871536071 -1.3350074528502525 -1.3028716850683582 -1.8041189215519662 -1.294202788214868 -0.7859793674873975 -0.8350830257947054 -1.2651743997305729 -0.7668202325282085 -0.7358501780487103 -0.7024560972842492 -0.7106846692437957 -0.7445316107835751 -0.7218845255162367 -0.7828613106294486 -0.7627443804215156 -0.7276694203600037 -0.7320373670379593 -0.743784662010775 -0.7935759296382651 -0.7342988497717718 -0.7235982459483701 -0.7566576056178227 -0.7376213182378257 -0.7261811717136109 -1.2014161600131863 -0.7509124862653256 -0.7844905410633826 -0.8009890869860299 -1.3522518967211747 -0.7958192174513545 -1.2868228430528597 -0.909526262971584 -1.8042026476146968 -0.8304220216055368 -0.8682246725779862 -1.7057792585746252 -0.8353625046855365 -0.7359905237674007 -1.0674189172322408 -0.8094990296401768 -0.7751107035445668 -0.8856792694289902 -0.7729150798244131 -0.7485347695772182 -1.3067966699032378 -1.89080167476113 -1.2634229650911994 -1.3113228564404222 -1.2549340433503005 -0.9778388679058646 -1.2460254029901277 -1.2782915234604468 -0.7558481853397615 -0.7375037098479815 -0.7433110001260427 -1.2885286493918668 -1.2650815930625592 -1.1945447989369993 -1.2144127298971492 -1.1762772103410206 -0.7895040118492658 -0.8000435392427642 -1.2628156915212347 -1.3096236754125148 -1.2407950584307708 -0.8499491925946862 -2.2894780653127995 -1.905076863816199 -1.1786855766121243 -0.8271631502356659 -0.8314261614977931 -0.8880844335968523 -1.1658407558993908 -1.1036753006168822 -0.8211766758112582 -0.8314763406340484 -0.7834975453524682 -1.2369591370072681 -1.3209386221516655 -0.875912498587839 -0.8756930054864577 -1.20554722112594 -1.225977117844025 -0.8218773879170002 -1.345297298749873 -0.8050533906994545 -0.8278464733494867 -0.7962703251169573 -0.8217047371849504 -0.8089229641425051 -0.851202975287525 -1.7539254412742296 -0.8591398197460222 -1.2790175558590733 -2.5621720497124656 -1.2772248125915615 -1.3262944772956933 -0.7973220822190114 -1.818259001492503 -0.8679015429169826 -0.8038204226935753
-1.262371763734947 -0.8006322758011591 -0.831909192856558 -0.8008667395343582 -0.7930306954813563 -0.7819093435242345 -0.7554961961202307 -0.7623662416638685 -0.7538784128769931 -1.2615607104728295 -1.9488222653730671 -1.8766593367704465 -1.2948514953273107 -0.8552532968276307 -0.8084780012076349 -1.181037752493241 -0.7686552197308536 -1.819700223818679 -1.3022986776717422 -1.2542386544673687 -1.2327344920176766 -0.7528088900143675 -1.2406890572287361 -0.7805626424328466 -0.786881034911862 -0.7743019916954896 -0.7809378161217972 -0.7817193645316871 -0.7649315490395795 -0.7959855936694082 -0.7792239374608105 -0.7916594461726363 -0.8107312820064195 -1.7495246740561374 -1.7685252710743513 -1.7334009686631942 -1.2276990778762717 -2.3932437464824887 -1.4590071437259426 -2.533628406720493 -1.8456051533903943 -1.2271356825503894 -1.8483497248728054 -1.7926636887499903 -1.8849517122873949 -1.8612565425664604 -1.8248188611973741 -0.7695753077640547 -0.7667217548172125 -0.7852253533157476 -1.3437494478280227 -1.8198414592059 -1.3268157835277092 -1.2417040964022235 -1.2473567563743229 -0.7603771757166559 -0.7950258343290763 -1.256524320359535 -1.3012693153255708 -1.4060216498884637 -2.4861993264491278 -2.384785838671559 -1.8790141964139526 -0.876680237882645 -0.792546747623649 -0.7880606070667708 -0.7944466927695721 -0.7305521045021621 -0.7292390389032164 -0.7302088570256908 -0.7495335112360768 -0.7428184567779809 -0.7929053306091235 -0.7656159057730025 -0.7615699376500269 -0.7365951706172946 -0.7550069096673355 -0.7763772738554968 -0.7203219891436289 -0.7437452550873048 -0.7224975115636146 -0.7657974639725326 -0.7600689448388792 -0.7541629339444724 -0.7980464727709706 -0.7746227976053816 -0.8221191887350392 -1.359158035872019 -1.2379559937054263 -1.9182937176718668 -0.9342620899426716 -1.7470311185968903 -0.8413676409542363 -0.8777120939611172 -1.1651785857294006 -0.8269285325906016 -0.7245232823606841 -1.069670460420619 -0.8417633979178681 -0.7682553766635952 -0.8856792694289902 -0.8134274485129342 -0.769789871006571 -1.3407586530768607 -1.3592639049439217 -1.339342568095689 -1.368548601796771 -1.2771386065021824 -0.9668180840425847 -1.282649979537487 -1.2269644794669499 -0.7465566298755345 -0.7403272898900642 -0.8069360553936522 -1.2771592406305001 -1.2993522058765241 -1.2609527515125274 -1.1981586308174064 -1.1550894408597379 -0.7875894323691732 -1.281909425166011 -1.3393371897656507 -1.3381314972405072 -1.2569428244124852 -0.8650473784170033 -3.0404081728330445 -1.8617938651665837 -1.1706112462990514 -0.8681829837426422 -1.3432680284639165 -1.3578861176022743 -0.919624347909303 -1.0960827543964942 -0.810234770449577 -0.8250887922945248 -0.7787685016657239 -1.1860929793827975 -1.2882514453667926 -0.9022763129109811 -0.7857232349215267 -1.1680760888835107 -1.2162699879771757 -0.7930822024478696 -1.31220133867403 -1.2512052629123502 -0.8042486507429844 -0.7777134601159006 -0.7832996208898834 -0.8194284538051152 -0.8267954466129289 -1.7612272081269782 -0.8372961843417774 -1.353753112348967 -2.0130878752837376 -1.3879780234792307 -1.2984997738116293 -0.8629138236582706 -1.8499966591219679 -0.8566836695957292 -0.7771157399493497
-1.262371763734947 -0.813726853853204 -0.8089019689585066 -0.7915455659676105 -0.7773658144622427 -0.7760989624274421 -0.7441420433324885 -0.7751013071199627 -0.7705038050215686 -0.81839002742345 -1.9701591914545793 -2.4952100468020966 -0.8218855512246053 -0.8687324093519251 -0.8828669202238172 -0.7062047064115142 -0.7347091120119368 -1.7529060867849333 -1.2030726912392937 -0.7626109825230506 -0.8065908125420327 -0.7547821235827751 -0.7708239723087147 -0.7358157652463218 -0.7406956597958677 -0.7568582638859834 -0.785050654621878 -0.7611774392152809 -0.7737130485036832 -0.8150469581454179 -0.7787905756206386 -0.7878471161427527 -0.8261581903002235 -1.7364569550240485 -1.7747810297370594 -1.7621782105388153 -1.1646246271874623 -2.3477482059386667 -1.4612198918744383 -2.533628406720493 -1.2785796168792627 -1.2532973726999412 -1.8408722959284816 -1.8051839782404564 -1.89086497143898 -1.9057913581724124 -1.8248188611973741 -0.7923336023138681 -0.7601963026597259 -0.7818641413925568 -0.8279968608687004 -1.7480258229492913 -1.3242307171141674 -0.7430978682031795 -0.7397868736740457 -0.7209678554040068 -0.7781946365223449 -0.8043375436304125 -1.325724063989436 -1.3528498594638136 -1.9239152391085776 -2.446973188148964 -1.893962437526716 -0.8945410624944409 -0.7929612484272309 -0.7623922047471983 -0.8117567484632664 -0.753294600703814 -0.7705289177932211 -0.7316835954775045 -0.7188661763800905 -0.7451608547633702 -0.7386636556393648 -0.7574326966714902 -0.7580886400299849 -0.7625677880482686 -0.776466103566067 -0.7889270612188116 -0.7526872370197624 -0.737981465912157 -0.74994152087365 -0.7942055207527223 -1.241097128278217 -0.7600800701163171 -0.8056948608854567 -0.7468127383956273 -0.8258281781482535 -1.2776047279620597 -0.7920700494283365 -1.2347243154018466 -0.8930851795616623 -1.7391792104914205 -0.8476190930189239 -0.8871118127627493 -1.202332976172153 -0.8069580170746344 -0.7612339743629377 -0.9911767190690894 -0.8398497685084192 -0.7882192525146466 -0.8917658686777653 -0.8699776118821112 -0.7712514189854628 -1.3608156687164359 -1.361793756512386 -1.3682436257861366 -1.4030065672070293 -1.3294007965524202 -1.0113026498231197 -1.2911982529889048 -1.2338300350752434 -0.747147352535894 -0.7290998772894851 -0.7503398800186628 -0.8190101054439086 -1.2469692737968534 -0.8061735268187261 -0.735203955264934 -0.7296697277833811 -0.7307770888434898 -0.794283779513059 -0.8289305323416546 -1.2652982889348778 -1.2842139841640183 -0.8553119133922314 -3.002196629981902 -1.8243504445701448 -1.1614507867221826 -0.8172535992515552 -0.788253473582056 -0.8367316899605814 -0.9240364484262362 -1.0843218484250652 -0.818926515781517 -0.7964132295003817 -0.7612174508514523 -0.7363584575354196 -0.8174515910608067 -1.2692887818809673 -0.8243000843579164 -0.725754582787931 -0.7817703115302171 -0.8130606543381566 -0.8556792387231131 -0.7946226079344724 -0.7559883428456583 -0.795667080939698 -0.9075609528429402 -0.7871147833376204 -0.8104091806522414 -1.8214734124664493 -0.8442233657891565 -1.2807016333013785 -1.4044745930505176 -1.3074130256353746 -1.8021864182892369 -0.8841013890351168 -1.768919157326548 -0.8668866064410208 -0.7811436999136112
-0.8023954317887829 -0.813726853853204 -0.7902245829340561 -0.7548714192632546 -0.7686354465207687 -0.7396395021619439 -0.7441420433324885 -0.7305593140140093 -1.1850461917377728 -0.7617126049999383 -1.3578621736153005 -2.461892653362642 -0.8218855512246053 -1.2494420584967507 -1.3346398579410181 -1.1183224687691364 -0.7094938547326416 -1.2360273195602296 -0.7610764955471031 -0.719180875512584 -0.7517489704411426 -0.7577693970194083 -1.2291155071980573 -0.7358157652463218 -0.7406956597958677 -0.740015386967924 -0.785050654621878 -0.7611774392152809 -0.7737130485036832 -0.8103158935222721 -0.7860128226290433 -0.7943445911098937 -0.8180022291974891 -1.7364569550240485 -1.7747810297370594 -1.16288120845716 -1.194967436638169 -2.3477482059386667 -1.4612198918744383 -2.533628406720493 -0.8153350858327073 -0.7585009673725204 -1.268978159912308 -1.8051839782404564 -1.89086497143898 -1.9057913581724124 -1.8248188611973741 -0.7923336023138681 -0.766613021724366 -0.7533776521475157 -0.7643180836370752 -1.7480258229492913 -1.3657337240439256 -0.7687856182692412 -0.7542393732122888 -0.7209678554040068 -0.7527486801928168 -0.8245147555534449 -1.325724063989436 -1.2291101017762813 -1.9239152391085776 -2.4811273321471123 -1.8611906903968913 -0.8388203639823822 -0.7929612484272309 -0.7458420163768414 -0.7814319818738473 -0.7252534007288844 -0.7232969233558606 -0.7238553609175523 -0.7183883685815893 -0.7185816116947281 -0.7229250720927685 -0.7751815920597133 -0.775244460419101 -0.7689405644682078 -0.8036856698185296 -0.8006958141682653 -0.7451892787010991 -0.7453290078629164 -0.7403271393268908 -0.7883132041516074 -1.2180810822755896 -0.7600800701163171 -0.7438813789840598 -0.7242282227442719 -0.824551570474945 -0.8137823761788876 -1.1982124783053671 -1.1878749881149038 -0.8823354651155172 -1.7391792104914205 -0.8476190930189239 -0.8716903174744949 -1.202332976172153 -0.8009290134019097 -0.7327964487271155 -1.0140504649158362 -0.8208474508739606 -0.7378827599892083 -0.8769527505311961 -0.9280990628098584 -0.7631147279166651 -1.2737309707159332 -1.361793756512386 -1.3792887458660517 -1.4030065672070293 -1.3294007965524202 -0.8673301078500029 -1.2911982529889048 -1.218252828152739 -0.7539916685580355 -0.7129667695209835 -0.7423002744523516 -0.807311311535875 -1.2702498527451391 -0.7597990656363605 -0.7821874852132572 -0.738331008711987 -0.7310253965701192 -0.8296525126069042 -0.8003993764943088 -1.2652982889348778 -1.2842139841640183 -0.8553119133922314 -3.002196629981902 -1.8243504445701448 -1.1614507867221826 -0.8172535992515552 -0.8004933894738858 -0.8199370714303436 -0.8735901787181704 -0.8426462450761024 -0.7966733139220782 -0.7931919726052387 -0.748828426929536 -0.7946185278552123 -1.2795146990323705 -1.2464632599190388 -0.916661245986582 -0.7786987966747381 -0.7572675527449789 -0.7834364396723603 -1.330689368969427 -0.8069858233146429 -0.7559883428456583 -0.795667080939698 -0.8823923439220269 -0.7665221616473652 -0.8104091806522414 -1.8214734124664493 -0.8314004636813771 -1.247743727242266 -1.3930635866952472 -1.3371101022597065 -1.8204574887449365 -0.8457483125708884 -1.7881483037427164 -0.8680348346423 -0.7811436999136112
-1.2629393318395212 -1.2750210237142996 -0.8273714554904682 -0.7768506711510528 -0.7763015448324069 -0.7452684093404226 -0.755086658748268 -0.7507961614879521 -0.7421089113146404 -1.2186590191842617 -2.4597004280356343 -2.572911910793636 -1.9331535077008741 -0.9155226163886188 -0.8963981294800111 -1.2363157012340855 -0.7854498410112586 -0.826522889286825 -0.8070687998293088 -1.301222689913152 -1.2377228433739713 -0.8278960238295913 -1.8402948218465822 -0.8047072975411522 -0.7523428916065567 -0.7650078000016064 -0.7776683324795821 -0.7828059922634121 -0.7706431622130968 -0.7685359815968693 -0.7797692379857978 -0.8103047018630355 -0.7802916438302696 -1.7450948323994069 -1.7715400917680268 -1.802236120775742 -1.1640874122595823 -3.0129719001833015 -1.4465543500699334 -2.578217345632086 -1.8519821872944742 -0.7568187871463127 -1.2757124103583453 -1.7916238634497446 -1.886963044632771 -1.8873359125397584 -1.835636583897458 -0.8027981502434369 -0.761937827208286 -0.7636634853885662 -0.8678622567488786 -0.7488166979739083 -1.31656206810733 -1.1938382908919207 -1.2325417746814307 -0.7659010139020673 -0.7833307190364673 -0.8292587762914079 -1.2641649871536071 -1.2820572101788998 -1.312736896229044 -1.8225857119833282 -1.294202788214868 -0.7916233397878243 -0.8409328361603462 -1.300013210615187 -1.2267165959667097 -1.2033790432979465 -0.7620278098873021 -0.7178896955621331 -0.7622067761434111 -0.7209572955641022 -0.7458228505387339 -0.7879251289063363 -0.7145443473433504 -0.7311983587580331 -0.7443134166147061 -0.8075444638046344 -0.7417229056179314 -0.7308486374361309 -0.7424443384262877 -0.7497405315097592 -0.7261811717136109 -1.2324848391127123 -0.7355071534611143 -0.7250691617796722 -0.7072434640790618 -1.3153696094298881 -0.7958192174513545 -1.2690890135087558 -0.9298988908809446 -1.8042026476146968 -0.8131075118935707 -0.8682246725779862 -1.1598549601664392 -0.8192278570592166 -0.7435899579565891 -1.174526682850706 -0.8019656270183304 -0.8072783943739825 -0.8581841065867776 -0.7775739099888155 -0.7485347695772182 -1.322066121866474 -1.89080167476113 -1.252836799477581 -1.3113228564404222 -1.2549340433503005 -0.870669901081949 -1.2268914731254916 -1.2966154860581915 -0.7628178429559526 -0.747887154667583 -0.7742420133826903 -1.3166402479213382 -1.2484991443015416 -1.2484491341439485 -1.2423170455129189 -1.181101201835046 -0.780186535450033 -0.7827715081674836 -1.2628156915212347 -1.3096236754125148 -1.2407950584307708 -0.8135338980230316 -2.2616128329963967 -1.879020227729411 -1.1786855766121243 -0.8402798905558669 -0.850559024942845 -0.8862673316796269 -1.1804259251558908 -1.1188110158971183 -0.8446166675106768 -0.8340622716622428 -0.7834975453524682 -1.2639137091545969 -1.2531693671091162 -1.357475550727745 -0.9207423291218294 -1.2491132874304465 -1.206998615186076 -0.8591813696352079 -0.8756031693614502 -0.8050533906994545 -0.8278464733494867 -0.8045445661033347 -0.8066688095342527 -0.8089229641425051 -0.8412424993669712 -1.7637414619353495 -0.8903196244380357 -1.8462298019679526 -2.5998086057218384 -1.820156471965133 -1.322213786085964 -0.7973220822190114 -1.818259001492503 -0.8752634537466851 -0.7826157973204007
-1.2866159373955761 -1.272198577218345 -0.8458408904866869 -0.8215449309517557 -0.7872065507384913 -0.7819113519169097 -0.7626179883744181 -0.7622265337915044 -1.1938669389001617 -1.1936433718259172 -1.806410959606813 -1.9271117691023074 -1.3541992364219737 -0.8131709445358914 -0.8510665248685783 -1.1860494717185588 -0.7854498410112586 -0.826522889286825 -0.8014810653944204 -1.2653540665275764 -1.246424926441345 -0.8275524081539845 -1.8040268695035444 -0.8047072975411522 -0.7523428916065567 -0.7655251184524764 -0.7699995352123369 -0.7828059922634121 -0.7770547261481852 -0.7685359815968693 -0.7797692379857978 -0.8103047018630355 -0.8027973361237973 -1.7450948323994069 -1.7715400917680268 -1.802236120775742 -1.1640874122595823 -2.998484145046886 -1.4465543500699334 -2.578217345632086 -1.8519821872944742 -0.7423834460482039 -1.2757124103583453 -1.7916238634497446 -1.886963044632771 -1.8873359125397584 -1.835636583897458 -0.7927245533543557 -0.7756661987592838 -0.7636634853885662 -0.8678622567488786 -0.7555206717772556 -0.8447104193187719 -1.1938382908919207 -1.214928323231451 -0.7544826767582765 -0.7833307190364673 -0.8117824860553063 -1.2641649871536071 -1.2820572101788998 -1.312736896229044 -1.8225857119833282 -1.294202788214868 -0.7916233397878243 -0.8409328361603462 -1.300013210615187 -0.7601720627429599 -0.7484707932584962 -0.7171231248427464 -0.7178896955621331 -0.7445316107835751 -0.691191859820204 -0.7689698955501778 -0.7615651287312154 -0.7228599820129606 -0.7368421236074226 -0.743784662010775 -0.8001142279414071 -0.7417229056179314 -0.7235982459483701 -0.7582688427176841 -0.7497405315097592 -0.7261811717136109 -1.2098037189898585 -0.7339970933061987 -0.7472276395825972 -0.7830603498893387 -1.3522518967211747 -0.7958192174513545 -1.2690890135087558 -0.909526262971584 -1.8042026476146968 -0.8304220216055368 -0.8682246725779862 -1.1598549601664392 -0.8108761607256186 -0.7359905237674007 -1.0649567622855158 -0.8284950943251913 -0.7956476494424143 -0.8885275385578157 -0.7775739099888155 -0.757507463118899 -1.322066121866474 -1.89080167476113 -1.252836799477581 -1.3113228564404222 -1.2549340433503005 -0.870669901081949 -1.2268914731254916 -1.2860115939236414 -0.7558481853397615 -0.7421342897483796 -0.7717689577543917 -1.3166402479213382 -1.2650815930625592 -1.2003446071366575 -1.2320479297108564 -1.2112996712486368 -0.7895040118492658 -0.7882258381854176 -1.2628156915212347 -1.3096236754125148 -1.2407950584307708 -0.8135338980230316 -2.2616128329963967 -1.905076863816199 -1.1786855766121243 -0.8271631502356659 -0.850559024942845 -0.8670630961219159 -1.1658407558993908 -1.1036753006168822 -0.8211766758112582 -0.8149913277410481 -0.7834975453524682 -1.21644877024468 -1.2744560980468504 -0.8564215697743871 -0.9072270394378569 -1.2260265384508304 -1.225977117844025 -0.8591813696352079 -0.8756031693614502 -0.8050533906994545 -0.8278464733494867 -0.8045445661033347 -0.8066688095342527 -0.8089229641425051 -0.8588158013697903 -1.7637414619353495 -0.8903196244380357 -1.8462298019679526 -2.5486835016154 -1.8105562847469483 -1.322213786085964 -0.78636458795833 -1.818259001492503 -0.8752634537466851 -0.792843518181719
-1.2866159373955761 -1.2599724561240946 -0.8458408904866869 -0.8215449309517557 -0.7872065507384913 -0.7819113519169097 -0.7626179883744181 -0.7622265337915044 -1.1938669389001617 -1.1936433718259172 -1.8067284381542115 -1.9271117691023074 -1.3541992364219737 -0.8034644190474676 -0.8246140915791323 -1.1863923602179265 -0.7892342197135743 -0.826522889286825 -0.8070687998293088 -1.2653540665275764 -1.246424926441345 -0.8275524081539845 -1.8040268695035444 -0.8047072975411522 -0.7990044170039236 -0.7655251184524764 -0.7839931996726619 -0.7828059922634121 -0.7770547261481852 -0.7685359815968693 -0.7797692379857978 -0.8103047018630355 -0.8027973361237973 -1.7450948323994069 -1.7715400917680268 -1.802236120775742 -1.1640874122595823 -2.998484145046886 -1.4465543500699334 -2.578217345632086 -1.8519821872944742 -0.7423834460482039 -1.2757124103583453 -1.7916238634497446 -1.886963044632771 -1.8873359125397584 -1.835636583897458 -0.7927245533543557 -0.761937827208286 -0.7636634853885662 -0.8678622567488786 -0.7555206717772556 -1.1996027458983056 -1.1938382908919207 -1.2333086467126395 -0.760227569129212 -0.7833307190364673 -0.8117824860553063 -1.2641649871536071 -1.2820572101788998 -1.312736896229044 -1.8225857119833282 -1.294202788214868 -0.7842274227122501 -0.8409328361603462 -1.2651743997305729 -0.7803127620541886 -0.7484707932584962 -0.6989381264512012 -0.7129963807764997 -0.7445316107835751 -0.6884912757469235 -0.7689698955501778 -0.7638836733198989 -0.7156942262882467 -0.7368421236074226 -0.743784662010775 -0.7777828542971827 -0.7417229056179314 -0.7235982459483701 -0.7637037643839938 -0.7497405315097592 -0.7261811717136109 -1.2324848391127123 -0.7339970933061987 -0.7696025748965051 -0.8058829875797965 -1.3367670408967671 -0.7958192174513545 -1.2690890135087558 -0.909526262971584 -1.8042026476146968 -0.8131075118935707 -0.8682246725779862 -1.1598549601664392 -0.8247386779985002 -0.7359905237674007 -1.0649567622855158 -0.8094990296401768 -0.765877410823471 -0.8885275385578157 -0.7870203975844572 -0.757507463118899 -1.322066121866474 -1.89080167476113 -1.252836799477581 -1.3113228564404222 -1.2549340433503005 -0.870669901081949 -1.2268914731254916 -1.2860115939236414 -0.7786460548804589 -0.7421342897483796 -0.8058241541489385 -1.3166402479213382 -1.2650815930625592 -1.2102448162963095 -1.2320479297108564 -1.2112996712486368 -0.7895040118492658 -0.7882258381854176 -1.2628156915212347 -1.3096236754125148 -1.2407950584307708 -0.8135338980230316 -2.2616128329963967 -1.905076863816199 -1.1786855766121243 -0.8271631502356659 -1.3256299407533905 -0.8778955998139715 -0.917850657407692 -1.1036753006168822 -0.8211766758112582 -0.8149913277410481 -0.7834975453524682 -1.2260484759366128 -1.285041115375233 -0.900089305181331 -0.9072270394378569 -1.263308239307515 -1.206998615186076 -1.3380492216354545 -0.8671145357191163 -0.8050533906994545 -0.8278464733494867 -0.8045445661033347 -0.8117437763976999 -0.8089229641425051 -0.851202975287525 -1.7637414619353495 -0.8591398197460222 -1.8462298019679526 -2.578504712523787 -1.7675437148104836 -1.3122899419976768 -0.7973220822190114 -1.818259001492503 -0.8752634537466851 -0.7999886572963407
-1.2866159373955761 -1.2599724561240946 -0.8458408904866869 -0.8215449309517557 -0.7872065507384913 -0.7819113519169097 -0.7626179883744181 -0.7658904937478067 -1.1938669389001617 -1.1936433718259172 -1.8055071203286526 -1.9029172875555536 -1.3541992364219737 -0.8034644190474676 -0.8618169964859571 -1.179671903066596 -0.7847364668573857 -0.8338636336313541 -0.8070687998293088 -1.2313445409653774 -1.246424926441345 -0.8204382699180188 -1.8040268695035444 -0.8047072975411522 -0.7523428916065567 -0.7655251184524764 -0.7839931996726619 -0.7828059922634121 -0.7770547261481852 -0.7685359815968693 -0.7797692379857978 -0.8103047018630355 -0.8027973361237973 -1.7450948323994069 -1.7715400917680268 -1.802236120775742 -1.1893414021926898 -2.998484145046886 -1.4465543500699334 -2.578217345632086 -1.8519821872944742 -0.7423834460482039 -1.2757124103583453 -1.7916238634497446 -1.886963044632771 -1.8873359125397584 -1.835636583897458 -0.7927245533543557 -0.761937827208286 -0.7636634853885662 -0.8561695069877436 -0.7555206717772556 -1.2583640551382924 -1.1938382908919207 -1.220164944990316 -0.760227569129212 -0.7833307190364673 -0.8292587762914079 -1.2641649871536071 -1.2820572101788998 -1.312736896229044 -1.8225857119833282 -1.294202788214868 -0.7842274227122501 -0.8294361860993076 -1.2651743997305729 -0.7697632525463707 -0.7358501780487103 -0.7106264432674915 -0.7075036972003808 -0.7445316107835751 -0.6938610279783729 -0.799263768953817 -0.7638836733198989 -0.7102590970509409 -0.7368421236074226 -0.743784662010775 -0.7777828542971827 -0.7417229056179314 -0.7308486374361309 -0.7637037643839938 -0.7545372584208981 -0.7261811717136109 -1.2098037189898585 -0.7339970933061987 -0.7472276395825972 -0.8317661948867499 -1.3367670408967671 -0.7958192174513545 -1.2690890135087558 -0.909526262971584 -1.8042026476146968 -0.8131075118935707 -0.8682246725779862 -1.1598549601664392 -0.8182846983167773 -0.7359905237674007 -1.0649567622855158 -0.8094990296401768 -0.765877410823471 -0.8885275385578157 -0.7940455100917069 -0.7884230242387706 -1.322066121866474 -1.89080167476113 -1.252836799477581 -1.3113228564404222 -1.2549340433503005 -0.870669901081949 -1.2268914731254916 -1.2860115939236414 -0.7558481853397615 -0.7421342897483796 -0.8058241541489385 -1.3166402479213382 -1.2650815930625592 -1.2102448162963095 -1.2320479297108564 -1.2023478855641807 -0.7895040118492658 -0.7882258381854176 -1.2628156915212347 -1.3096236754125148 -1.2407950584307708 -0.8135338980230316 -2.2616128329963967 -1.905076863816199 -1.1786855766121243 -0.8271631502356659 -0.850559024942845 -0.8778955998139715 -0.917850657407692 -1.1036753006168822 -0.8211766758112582 -0.8149913277410481 -0.7834975453524682 -1.2639099739839827 -1.285041115375233 -0.9166033613183672 -0.9072270394378569 -1.2491132874304465 -1.206998615186076 -1.3380492216354545 -0.8671145357191163 -0.8050533906994545 -0.8278464733494867 -0.8045445661033347 -0.8117437763976999 -0.8089229641425051 -0.8337292592857116 -1.7637414619353495 -0.8764716776559189 -1.8462298019679526 -2.578504712523787 -1.8295241527294153 -1.3262944772956933 -0.7973220822190114 -1.818259001492503 -0.8666669968537087 -0.7999886572963407
-1.2866159373955761 -1.2799500090287883 -0.8458408904866869 -0.8215449309517557 -0.7872065507384913 -0.7919404889831118 -0.7626179883744181 -0.7738887569739762 -1.1938669389001617 -1.1936433718259172 -1.8628953353051794 -2.5467304842738048 -1.326105629031771 -0.8440971597701212 -0.87203760497733 -1.2408996285081257 -0.7892342197135743 -0.8338636336313541 -0.8070687998293088 -1.2226300769145575 -1.246424926441345 -0.8204382699180188 -1.8040268695035444 -0.8047072975411522 -0.7990044170039236 -0.7655251184524764 -0.7762831423995059 -0.7828059922634121 -0.7770547261481852 -0.7685359815968693 -0.7797692379857978 -0.8032401677847862 -0.8027973361237973 -1.7450948323994069 -1.7715400917680268 -1.802236120775742 -1.1640874122595823 -3.0299579874551235 -1.4465543500699334 -2.578217345632086 -1.8519821872944742 -0.7568187871463127 -1.8428672245694253 -1.7963490865646528 -1.886963044632771 -1.8873359125397584 -1.835636583897458 -0.8027981502434369 -0.761937827208286 -0.7636634853885662 -0.8561695069877436 -1.1992208793064778 -1.31656206810733 -1.193776781969974 -1.210827176020523 -0.760227569129212 -0.7833307190364673 -0.8292587762914079 -1.2641649871536071 -1.2820572101788998 -1.312736896229044 -1.8225857119833282 -1.294202788214868 -0.7916233397878243 -0.8294361860993076 -1.2528801936713463 -0.7697632525463707 -0.7484707932584962 -0.7106264432674915 -0.7178265571778107 -0.7389370316745533 -0.6938610279783729 -0.7691719957013278 -0.7879251289063363 -0.7385632672121614 -0.7311983587580331 -0.743784662010775 -0.8009665499121306 -0.7417229056179314 -0.7308486374361309 -0.7582688427176841 -0.7620131894647535 -0.7261811717136109 -1.2098037189898585 -0.7339970933061987 -0.7472276395825972 -0.8272899166417473 -1.3367670408967671 -0.7958192174513545 -1.2489115235721058 -0.909526262971584 -1.8042026476146968 -0.8131075118935707 -0.8682246725779862 -1.1598549601664392 -0.7934075014188046 -0.7359905237674007 -1.0353526560673667 -0.8094990296401768 -0.8072783943739825 -0.8715236983703063 -0.7823242388260322 -0.7884230242387706 -1.322066121866474 -1.89080167476113 -1.252836799477581 -1.3113228564404222 -1.2549340433503005 -0.870669901081949 -1.2268914731254916 -1.2860115939236414 -0.7786460548804589 -0.7421342897483796 -0.8058241541489385 -1.3166402479213382 -1.2829888605871418 -1.1853650567523897 -1.223929148571786 -1.1743967826001516 -0.7895040118492658 -1.237424180165279 -1.2628156915212347 -1.3096236754125148 -1.2407950584307708 -0.8499491925946862 -2.2616128329963967 -1.905076863816199 -1.1786855766121243 -0.8271631502356659 -1.3256299407533905 -0.8778955998139715 -0.917850657407692 -1.1036753006168822 -0.8211766758112582 -0.8149913277410481 -0.7834975453524682 -1.2541614111760717 -1.2636664658904997 -0.9166033613183672 -0.899594361411748 -1.2734501547431227 -1.206998615186076 -1.3380492216354545 -0.8756031693614502 -1.2666845595379443 -0.8278464733494867 -0.8045445661033347 -0.8117437763976999 -0.8089229641425051 -0.8337292592857116 -1.7637414619353495 -0.8764716776559189 -1.8462298019679526 -2.578504712523787 -1.8295241527294153 -1.3262944772956933 -0.7973220822190114 -1.818259001492503 -0.8666669968537087 -0.7999886572963407
-1.2866159373955761 -0.8418316308903245 -0.8458408904866869 -0.7977939781115206 -0.7966180578689636 -0.7919404889831118 -0.755086658748268 -0.7738887569739762 -1.1938669389001617 -1.2186590191842617 -2.5032013437813103 -2.5467304842738048 -1.3031038892958833 -0.8836501624018611 -0.8771992830107234 -1.2164219543973995 -0.7892342197135743 -0.8386525960900407 -0.795953001700534 -1.2226300769145575 -1.2309676724811314 -0.794882492842461 -1.8334970909750021 -0.8047072975411522 -0.7990044170039236 -0.7655251184524764 -0.7786543741395722 -0.7828059922634121 -0.7770547261481852 -0.7685359815968693 -0.7797692379857978 -0.8078998199291473 -0.8027973361237973 -1.7450948323994069 -1.7715400917680268 -1.802236120775742 -1.1640874122595823 -3.0299579874551235 -1.4465543500699334 -2.578217345632086 -1.8519821872944742 -0.7953556585236327 -1.8428672245694253 -1.7963490865646528 -1.886963044632771 -1.8794775029725486 -1.8257277232641627 -0.8027981502434369 -0.749422882628434 -0.7924055924171952 -0.8561695069877436 -1.2227900022557239 -1.3414344328807513 -1.1843138148839594 -1.1839718427295736 -0.760227569129212 -1.2371391566054073 -0.8292587762914079 -1.2641649871536071 -1.3321225198705282 -1.312736896229044 -1.8225857119833282 -1.294202788214868 -0.7916233397878243 -0.8236378253407611 -1.2528801936713463 -0.7790875510841011 -0.746392145054717 -0.7163245193478611 -0.7178265571778107 -0.7319908667283093 -0.6884912757469235 -0.799263768953817 -0.7643301390860863 -0.7150037895963464 -0.748660150990873 -0.7343128791512372 -0.8068413665294633 -0.7356848640901988 -0.7308486374361309 -0.7637037643839938 -0.7580792540053003 -0.7261811717136109 -1.2098037189898585 -0.7439916956517267 -0.7472276395825972 -0.8609702150659464 -1.3185539468146632 -0.7958192174513545 -1.2489115235721058 -0.909526262971584 -1.8042026476146968 -0.8131075118935707 -0.8682246725779862 -1.1598549601664392 -0.7997335350463974 -0.8005834213983113 -1.1456832948732831 -0.8197626540624672 -0.8344008592957 -0.8581841065867776 -0.7744485670900574 -0.7884230242387706 -1.3052438323959976 -1.89080167476113 -1.2901702731291267 -1.3113228564404222 -1.2549340433503005 -0.870669901081949 -1.2268914731254916 -1.2860115939236414 -0.7786460548804589 -0.7514110116039827 -0.8165734928705446 -1.3166402479213382 -1.2888538405854708 -1.223168205847461 -1.213906858555327 -1.1743967826001516 -0.780186535450033 -1.237424180165279 -1.2628156915212347 -1.3096236754125148 -1.2407950584307708 -0.8499491925946862 -2.2616128329963967 -1.905076863816199 -1.1786855766121243 -0.8271631502356659 -1.3256299407533905 -0.8778955998139715 -0.9305890036459432 -1.1036753006168822 -0.8211766758112582 -0.8149913277410481 -0.7834975453524682 -1.2639137091545969 -1.2813945561690065 -0.9049832957024753 -0.9039454616662556 -1.2294535540917142 -1.2361407746157884 -1.3380492216354545 -0.8756031693614502 -1.2666845595379443 -1.29512427482034 -0.8045445661033347 -0.8217047371849504 -0.8089229641425051 -0.851202975287525 -1.7637414619353495 -0.8903196244380357 -1.2790175558590733 -2.578504712523787 -1.298662169784291 -1.3262944772956933 -0.7973220822190114 -1.818259001492503 -0.8666669968537087 -0.8142279628245387
-1.2866159373955761 -0.8418316308903245 -0.8458408904866869 -0.7977939781115206 -0.7966180578689636 -0.7919404889831118 -0.755086658748268 -0.7738887569739762 -1.2013016978283524 -1.795577645483367 -2.5032013437813103 -2.4857907132778863 -1.3031038892958833 -0.8916513952298791 -0.8771992830107234 -1.2096138183712923 -0.7854498410112586 -0.8386525960900407 -0.794749856748728 -1.216940179652496 -1.222963985727956 -0.812959556858638 -1.799695469863804 -0.8047072975411522 -0.7990044170039236 -0.7655251184524764 -0.7709791273999775 -0.7828059922634121 -0.7697585129744441 -0.7685359815968693 -0.7797692379857978 -0.7929155427296718 -0.8280075006260171 -1.7450948323994069 -1.7715400917680268 -1.802236120775742 -1.1640874122595823 -3.0299579874551235 -1.4465543500699334 -2.578217345632086 -1.8519821872944742 -1.2530166015566975 -1.8428672245694253 -1.8146503880407907 -1.877900986254754 -1.8794775029725486 -1.8329705691516804 -0.7804353955811237 -0.749422882628434 -0.7636634853885662 -0.8561695069877436 -1.2227900022557239 -1.3414344328807513 -1.1843138148839594 -1.1771112279990639 -0.760227569129212 -1.2371391566054073 -0.8292587762914079 -1.2548925332609808 -1.2820572101788998 -1.312736896229044 -1.8225857119833282 -1.2741150609511949 -0.7916233397878243 -0.7977164172077059 -0.8059528380104601 -0.7797322677742566 -0.7524958191669644 -0.7168982624412397 -0.7239900905576557 -0.736407876792484 -0.6884912757469235 -0.762018079424061 -0.8051477940132007 -0.7150037895963464 -0.7430149404657709 -1.1879203144449986 -0.8002671887925811 -0.7407847623885988 -0.7470286946740377 -0.7669257430747756 -0.7580792540053003 -0.7377123061349246 -1.2491832157004834 -0.758344836401671 -0.763806167977372 -0.8110965678894551 -1.2873271395425965 -0.7958192174513545 -1.2489115235721058 -0.8807907285689107 -1.794396092824932 -0.8131075118935707 -0.8682246725779862 -1.1720212739163172 -0.7997335350463974 -0.8086181899399902 -1.1456832948732831 -0.8258411343030381 -0.8485358441669852 -0.8750251105964151 -0.8284804539948155 -0.7884230242387706 -1.330277685098649 -1.89080167476113 -1.2901702731291267 -1.3113228564404222 -1.2549340433503005 -0.870669901081949 -1.2543821759130849 -1.2860115939236414 -0.7871898068520189 -0.7421342897483796 -0.8014615788644083 -1.3166402479213382 -1.2888538405854708 -1.1853650567523897 -1.2597810047290716 -1.1743967826001516 -0.780186535450033 -1.2445505182115828 -1.2628156915212347 -1.3096236754125148 -1.2910669678102349 -0.8499491925946862 -2.2616128329963967 -1.905076863816199 -1.171109097141375 -0.8271631502356659 -1.3256299407533905 -0.8670630961219159 -0.917850657407692 -0.8742446287567236 -0.8124224857844234 -0.7981523478531278 -0.7722145601437239 -1.2405876655419785 -1.2672600357915045 -0.9049832957024753 -0.8599984815185715 -1.2294535540917142 -1.2361407746157884 -1.3048096401846072 -0.8756031693614502 -1.2666845595379443 -1.29512427482034 -1.2646687484026298 -0.8117437763976999 -0.8009249632422512 -0.8588158013697903 -1.7637414619353495 -0.8903196244380357 -1.2790175558590733 -2.5588321025124876 -1.298662169784291 -1.3262944772956933 -0.7973220822190114 -2.4186695416802273 -0.8582096893154474 -0.8580413259287885
-1.2866159373955761 -0.8362633066503581 -0.8458408904866869 -0.9327408486537614 -0.7877454704106982 -0.7977766713497303 -0.7602719852417881 -0.7544233385602426 -1.187945777868583 -1.8156442596126683 -2.5164537250069117 -2.5467304842738048 -1.3359993781228814 -0.9247033828890684 -0.8771992830107234 -1.2289062134209972 -0.7854498410112586 -0.8386525960900407 -1.257991450646605 -1.225656239659765 -1.172228172113723 -0.8055892249679499 -1.799695469863804 -0.8047072975411522 -0.7990044170039236 -0.7827517566939418 -0.7709791273999775 -1.2367845129178519 -0.8029469089862262 -1.217729765103624 -1.2331897591406857 -0.7819148572679994 -0.8280075006260171 -1.7450948323994069 -1.2148297147975713 -1.2407842484959704 -1.179291252356812 -3.1990099118247053 -1.4465543500699334 -2.578217345632086 -1.8519821872944742 -1.2530166015566975 -1.8428672245694253 -1.8146503880407907 -1.877900986254754 -1.8794775029725486 -1.8329705691516804 -0.7804353955811237 -0.749422882628434 -0.7636634853885662 -0.9367362739051177 -1.2227900022557239 -0.8716326149016865 -1.1994084216008067 -1.1771112279990639 -0.760227569129212 -1.2371391566054073 -1.296718562758916 -1.2233098954099655 -1.3321225198705282 -1.312736896229044 -1.8225857119833282 -1.2741150609511949 -0.7941908717534416 -0.8040786870430673 -0.830357836213941 -0.7746996833075269 -0.7744434865691232 -0.7168982624412397 -0.7314151838265615 -0.7265376443038254 -0.6964827133217839 -0.762018079424061 -0.7737014986815864 -0.7254281354214633 -0.7430149404657709 -1.1901491611343884 -0.8002671887925811 -0.7407847623885988 -0.7320283277688894 -0.7519929951876934 -0.7580792540053003 -0.7568951620048141 -1.2722323172750942 -0.7653042407186167 -0.7878490306817734 -1.3099719541728236 -1.2788013859433305 -0.7958192174513545 -1.2489115235721058 -0.8943723796936391 -1.794396092824932 -0.8131075118935707 -0.8682246725779862 -1.1720212739163172 -0.8108761607256186 -0.7941180593644748 -1.1456832948732831 -0.8775656361028932 -0.8294429606558406 -0.8750251105964151 -0.8089347844165157 -0.7801666736347015 -1.3214110369636543 -1.9381646914439228 -1.2901702731291267 -1.3113228564404222 -1.2549340433503005 -0.870669901081949 -1.2543821759130849 -1.2860115939236414 -0.7801282386763617 -0.7404267536258752 -0.7961783672172981 -1.3166402479213382 -1.3566360484203435 -1.17848407914513 -1.2435892549690628 -1.1832400494486461 -0.7743283908383151 -1.2445505182115828 -1.2628156915212347 -1.3096236754125148 -1.2747036901364028 -0.8779351422846353 -2.2616128329963967 -1.9151637960856758 -1.171109097141375 -0.8271631502356659 -1.3256299407533905 -0.8670630961219159 -0.917850657407692 -1.0960827543964942 -0.8124224857844234 -0.7981523478531278 -0.7649016931965142 -1.2030846852232888 -1.2958362653461242 -0.9049832957024753 -0.8382491866042769 -1.2631478284450117 -1.2170817921912873 -1.2785647335404553 -0.8862264687992729 -1.2666845595379443 -1.29512427482034 -1.2646687484026298 -0.8117437763976999 -0.8009249632422512 -0.8496700026678647 -1.7847041211476162 -0.8903196244380357 -1.2790175558590733 -2.571454068931123 -1.3350631251443719 -1.3362689073326377 -1.245419336211453 -2.4186695416802273 -0.8582096893154474 -0.8580413259287885
-1.2866159373955761 -0.8362633066503581 -0.8688146121404474 -0.8071203747154302 -0.7877454704106982 -0.7606381274475098 -0.755086658748268 -0.7507961614879521 -1.1877679959543777 -1.2104390714396296 -2.541756555101176 -2.5467304842738048 -1.2943371801896413 -0.9247033828890684 -0.8266202485696625 -1.2289062134209972 -0.7854498410112586 -0.8322110946301384 -1.257991450646605 -1.2087228964321985 -1.1619346912108153 -0.8055892249679499 -1.7878540836292793 -0.8224646331325104 -0.7990044170039236 -1.2136984311057113 -0.7789133725142492 -1.2367845129178519 -0.8029469089862262 -1.217729765103624 -1.2331897591406857 -0.7819148572679994 -0.8280075006260171 -1.758045096331183 -1.2044677238245924 -1.2407842484959704 -1.179291252356812 -3.148863109512131 -1.4465543500699334 -2.578217345632086 -1.2592893729506356 -1.2530166015566975 -1.8053999838587438 -1.7963490865646528 -1.8589777676084962 -1.8660597528274407 -1.8244849768540743 -0.7882993058479202 -0.749422882628434 -0.7924055924171952 -0.8296346078306288 -1.2789231764247022 -1.3509839525783922 -1.220525220260351 -1.1771112279990639 -0.760227569129212 -1.2371391566054073 -1.296718562758916 -1.2942112893949065 -1.2820572101788998 -1.312736896229044 -1.8225857119833282 -1.294202788214868 -0.7842274227122501 -0.7988820836480908 -0.8195524749968993 -0.7746996833075269 -0.7838085715072888 -0.7419137694187293 -0.7494968142849131 -0.7393995748906642 -0.7156977366738615 -0.762018079424061 -0.7776727667818286 -0.7309421403482049 -0.7430149404657709 -1.196614286082777 -0.8002671887925811 -0.7468509773749759 -0.7320283277688894 -0.7537730935821881 -0.7506292096901254 -0.7568951620048141 -1.2491832157004834 -0.7794903516997864 -0.7849117272157314 -1.3099719541728236 -1.302021989460672 -0.7958192174513545 -1.2489115235721058 -0.8943723796936391 -1.794396092824932 -0.8131075118935707 -0.8682246725779862 -1.1720212739163172 -0.7802131352217414 -0.788548177229727 -1.1552594632256274 -0.8429570184321683 -0.8517633429360465 -0.8750251105964151 -0.8181271291902917 -0.7553568216062562 -1.3052438323959976 -1.89080167476113 -1.2901702731291267 -1.2737146270083106 -1.2549340433503005 -0.870669901081949 -1.2351833277615782 -1.2860115939236414 -0.7801282386763617 -0.7488744750620715 -0.7961783672172981 -1.3166402479213382 -1.2803434151627762 -1.1934184419076268 -1.2537347726243568 -1.1743967826001516 -0.780186535450033 -1.2445505182115828 -1.2628156915212347 -1.3096236754125148 -1.3004556391693722 -0.8578210782626199 -2.272325679640775 -1.9151637960856758 -1.171109097141375 -0.8271631502356659 -1.3256299407533905 -0.8670630961219159 -0.917850657407692 -1.0960827543964942 -0.8124224857844234 -0.7981523478531278 -0.7655627521605893 -1.2030846852232888 -1.2391094261873354 -0.8980746717969101 -0.8382491866042769 -1.2631478284450117 -1.1707849481174024 -0.8074553686658348 -0.8420648618452468 -1.2590506005029596 -1.29512427482034 -1.2646687484026298 -0.8117437763976999 -0.8009249632422512 -0.8322164306683679 -1.802684025597011 -0.8903196244380357 -1.2974319312712124 -2.571454068931123 -1.3350631251443719 -1.3362689073326377 -1.245419336211453 -2.4186695416802273 -0.8582096893154474 -0.8326669207005652
-0.8536231877095027 -0.807670450530133 -0.8243640911912298 -0.9069195316974537 -0.7672872796670336 -0.7661801184205019 -0.7584663079496399 -0.7427570837717983 -0.7252741975030677 -1.207522660852574 -1.8986817089946602 -1.8586994681405833 -1.28103810102817 -1.3811324512449448 -1.343545471812863 -1.246389209959222 -0.770156193629558 -0.7788328871140902 -0.7856418847129613 -1.2061933836388226 -1.1665393163187416 -0.778454737246852 -1.1824199142681833 -0.8129365488044142 -0.8136069465377008 -0.7882968620376631 -0.7616888730311056 -0.8048390126828724 -0.8229608595720581 -1.2241186826279769 -1.2518102146469126 -0.82342231917467 -0.7989900324270558 -1.2696380809548198 -0.8135843530908372 -0.7646091106027681 -0.9129584728874411 -2.380524845738779 -1.42444543356608 -2.557749736079531 -0.8154356785642198 -0.8013642180531284 -1.8483497248728054 -1.805520684432451 -1.8830719876898259 -1.8605638432188853 -1.8402817793161588 -0.7915043951628807 -0.7710203556525785 -0.7512944051542403 -0.8333019196050739 -0.8500946595666856 -0.8313583036565605 -1.2094459678921807 -1.234663450526364 -0.7785402919941393 -1.2496586595411816 -0.817453329483151 -1.288723814419307 -1.3138281705501027 -1.2917607043683317 -1.2685142392540765 -1.2534650653210608 -0.8089685795360649 -0.8287299251494644 -0.7987527690228958 -0.7827536421617828 -0.7361159930250674 -0.7414271990124968 -0.7369621429375478 -0.730371472117614 -0.726590873209335 -0.7787041693378755 -0.8066913051336888 -0.7574991075812776 -0.7667980579837282 -1.2611690849633708 -0.8051822210410251 -0.766257472688925 -0.7478858107225268 -0.7407550333459624 -0.7572665837669776 -0.7655550990841454 -0.8110129632965918 -0.7916733426950205 -0.7653798660733303 -0.833489897513137 -1.2284463404646275 -0.8512552964911234 -1.2941796168441082 -0.9113076233509573 -1.7478571647025942 -0.8358951755788365 -0.8682246725779862 -1.145055230450812 -0.8248961190024957 -0.7924844293313041 -1.2154914211718988 -0.7983290763645533 -0.8294429606558406 -0.9001307477814829 -0.8335284066505328 -0.7616634592040775 -0.7939365943541897 -0.8115651003003099 -0.8045165653487236 -0.8396621281055326 -0.804262062065023 -0.7918801997049982 -0.779490651720637 -0.7945160252752645 -0.7665258719695963 -0.7376399697094955 -0.7728646982409091 -1.18936578611871 -0.7871651131627079 -1.194183217216148 -1.20796942249388 -1.1952556150671951 -0.7750940730348289 -1.2740217882061058 -1.2855704491533473 -0.8846735745554929 -0.8772897226801311 -0.8673221698670928 -2.304316809613426 -1.2909187439318557 -0.9120555053755369 -0.8460478008496987 -1.3090281826458599 -0.9110103067215396 -0.8792798978418337 -0.8042692723980905 -0.8164814302452827 -0.7696495567968828 -0.7626247013450383 -1.2663580690614906 -0.8096421566728805 -1.2899123572894977 -0.840766411191493 -1.2732520140083419 -1.1692420129093364 -0.7771217794432221 -0.7955764128580809 -1.2420430322814922 -1.3283239803972453 -1.2496876750295085 -0.7916279397214264 -0.8084676107797988 -0.7848733072741938 -1.2074358386364805 -0.7904058161662945 -0.7788974305054314 -1.2922272546762519 -1.2707742894136655 -0.8058919116576183 -1.2304620723292847 -1.2052113981031205 -0.7737352788605937 -0.8082187457102704
-1.2476510802539345 -1.2618211645413584 -0.7961214250877845 -0.9076563471088525 -0.8079573271156818 -0.7753878091719514 -0.7603396100968133 -0.7775786335097276 -0.7671348566541089 -0.754610534396676 -0.8835205370807979 -1.2563104094089566 -0.7599795082961252 -0.8171304943144908 -0.8283918533664283 -0.7549463707875114 -0.7345290181378636 -0.7737321806199787 -0.7733800744569236 -0.7787773061143923 -0.7846328802060539 -0.7726115560461313 -0.7639919738727985 -0.7394365337814621 -0.754805470985559 -0.7845817325176506 -0.7828347777315875 -0.7888508260129742 -0.7918810329084425 -0.8197504497325347 -0.8298155709258047 -0.7918291390869965 -0.7779964222738142 -1.2559090966034503 -1.2838072810587047 -1.2710893313076015 -0.9109336558934059 -1.8357916244696448 -1.3821860211759533 -2.5678656764412464 -1.2095068417933694 -1.1945204340112496 -1.2804094035143854 -1.2560595113767368 -1.3071624470916345 -1.8826603639447532 -1.8481153133498476 -0.8105618681692909 -0.7788608975984433 -0.7810061997374825 -0.8181062983691471 -0.8467231048979726 -0.7793875948040541 -0.8013900773578018 -0.7882157053338861 -0.7841415494361583 -0.7808326178555155 -0.7753943502542564 -0.7943624136549581 -0.8088630247772677 -0.7973300069472705 -0.7897483669012529 -0.7790848639239013 -0.783661255626268 -0.8613965388284354 -1.268540080169966 -0.8263670725612785 -0.7523838337910643 -0.8537746836176663 -0.7962891459455922 -0.7630830957702521 -0.7295479902059947 -0.7532656026110844 -0.7356033965789754 -0.7511815946972801 -0.7749317237375172 -0.7943297883970853 -0.7573945998277286 -0.7644191827435253 -0.7555412361981765 -0.8275924046546755 -0.8135564759461247 -0.7900078333439883 -1.20174376195887 -0.7743404019903278 -0.7323934289928733 -0.8481159517430845 -0.7748982905065992 -0.8340729539903164 -0.8492777489502386 -0.9309640397595113 -1.7616647517102715 -0.8524066369777996 -0.8451063756020865 -1.1850853242257997 -0.8341593090924173 -0.7295025822467326 -0.8549745768298945 -0.8021382313050177 -0.9021459279205808 -0.9191091275471324 -0.819650038904728 -0.7981473789574776 -0.8378632599940234 -0.8186565968910422 -0.8185648691112868 -0.8531293863057606 -0.7775028621802932 -0.9282118507265976 -0.7787724736328742 -0.776705796188318 -0.7242720335512844 -0.7293193660052371 -0.7221164591451009 -0.7215637832567957 -0.7307880529345179 -0.7193095986585536 -0.6842111682852434 -0.7332034809243406 -0.7603348857615263 -0.7929664530994516 -0.8042033108972163 -0.8090328031501599 -0.8101791443931329 -0.7880010973370926 -1.7379768564069906 -1.1580794396364165 -0.8405188836265112 -0.7996346418274066 -0.7976358482095816 -0.844373157435117 -0.8916872176809902 -0.7961434683068142 -0.8331224540873545 -0.7923373647955921 -0.7839489075308924 -0.7606319743202378 -0.7737188468407413 -1.186936874793462 -0.7773411874948013 -0.7758640199372764 -0.7696350430093396 -0.8383824193748419 -0.7717649805734617 -0.8069692241189645 -0.8199453412132511 -0.7951525140798991 -0.8156268471758402 -0.8133773729630913 -0.8345630535515645 -1.2150883033933464 -0.8110583513494074 -1.2534075674376748 -0.8056278403610821 -1.2550603267259879 -0.7815192441215627 -0.7653096087655247 -0.790604783493762 -0.8027881271840227 -0.7777371626582238
-1.256142688297061 -1.248977722833917 -0.8096491793631054 -0.9076563471088525 -0.7707143963452283 -0.7753878091719514 -0.7718379102121373 -0.7850310741346622 -0.762002933145947 -0.7715951602558027 -0.7949014943030154 -0.8087098063481782 -0.7580350761550033 -0.7672668318311925 -0.7896984364387112 -0.7705578597267932 -0.753124645693674 -0.7556453223018156 -0.7613726506748211 -0.760553682339339 -0.7465003338858747 -0.740460171731209 -0.7532082397324722 -0.7302480910199296 -0.7587836609347389 -0.7747793233057423 -0.790945935302877 -0.787390038038294 -0.7851713325558733 -0.8044721609770248 -0.8195985950622817 -0.780423555997354 -0.7767394750750944 -1.2373738414250803 -1.266811353888432 -1.2692617842387675 -1.473515992592666 -1.983916416898056 -1.9808723922706015 -2.6327926856737043 -1.7413537094978426 -1.7687076539838695 -1.8483497248728054 -1.8099219017354018 -1.8742324850760848 -1.8826603639447532 -1.8422085713797998 -0.8108859476023612 -0.7506681898538209 -0.7555819060421614 -0.739743639485981 -0.7602058361202192 -0.7662753592280337 -0.7678432851226679 -0.7832598177690935 -0.7612220191140415 -0.7817685527173749 -0.7773248232624835 -0.7883565960553571 -0.8088630247772677 -0.8120162502248083 -0.7929593787952972 -0.7944443573651265 -0.7696051518781569 -0.8270815358798126 -1.3124215291402914 -0.8123572070693662 -0.7966029406476064 -0.8862548441686151 -1.2283606278245691 -0.7783771540493014 -0.7591254251149837 -0.7473526421147137 -0.7411563844142027 -0.7573309124439129 -0.7504192859930969 -0.7384343683858502 -0.7412193947562182 -0.7481303245916591 -0.7580689977188685 -0.7847745856013395 -0.8181986190122538 -0.721449612266141 -0.7315254956940399 -0.7951059091281794 -1.2465317191303438 -1.3139478359570549 -1.2346486856878565 -0.8138116638125283 -0.8535317544251843 -0.9222728614209729 -1.7716099504041485 -0.8298637391659871 -0.8451063756020865 -1.1850853242257997 -0.8267059347783445 -0.7158341612048129 -0.7397084184758617 -0.7635478118897114 -0.7813012068350859 -0.8821629603217832 -0.8185414381148038 -0.8334476348203176 -1.3169865105233796 -0.8044898991551385 -0.8097632502303276 -0.8185832989388407 -0.7703820195434911 -0.9282118507265976 -0.7632511542960565 -0.7756319414026178 -0.7433215256457125 -0.7331124802428028 -0.7341910683426311 -0.716063845558006 -0.7329381561452902 -0.7335538046274593 -0.6979097072612334 -0.7376674405282726 -0.7455583238481521 -0.7996755621342034 -0.8073041279350768 -0.8090328031501599 -0.8101791443931329 -0.8212830455342638 -1.7991612425760535 -1.290462691090188 -0.8853935866993525 -0.807809585771849 -0.7976358482095816 -0.8506185478116024 -0.9082196544360865 -0.8188253299116854 -0.8094674288370528 -0.7744200515388111 -0.7759699967636584 -0.7393176487660088 -0.7917835277259128 -0.7372841645340394 -0.7644003168366741 -0.7464789283432178 -0.8239632211789483 -1.3416675711032233 -1.272471969713087 -0.799868551671039 -0.8254922989930894 -0.8066661918939042 -0.8320541067850102 -0.8148054280317617 -0.8345630535515645 -1.1984734971611548 -0.8720199075638706 -1.3505802017078143 -0.8359523095394994 -1.2587646600843563 -0.8327736670131263 -0.7672507572862203 -0.8093344655205016 -0.811128973863739 -0.7879229647742434
-1.2638829381858647 -1.248977722833917 -0.8273714554904682 -0.9145591765178703 -0.8079573271156818 -0.7753878091719514 -0.765548962403558 -0.7639572709032354 -0.786591210888056 -0.7546583812073857 -0.8103663995408609 -1.2747582892615212 -0.7440787300012973 -0.7547588960108171 -0.7550438526505993 -0.7610906077553546 -0.7545604189142603 -0.7630643076715231 -0.759878693144324 -0.7658176434598656 -0.750846092716392 -0.7558373684815717 -0.7586189300493889 -0.7452692412185219 -0.7624963620085374 -0.7747793233057423 -0.7870742993612757 -0.7915323956500521 -0.7793634026541312 -0.8044721609770248 -0.8195985950622817 -0.7897098873534732 -0.7826160003504573 -1.2052361985501303 -1.271853345920282 -1.2481886830993176 -1.4665143602418174 -1.983916416898056 -1.3648941644011272 -2.6122348529617243 -1.7698113403666698 -1.7767782646627428 -1.8483497248728054 -1.8193625258049686 -1.8791183303161285 -1.8935430570428404 -1.840184298731722 -0.8238255496266257 -0.7776029319472085 -0.7532742283575052 -0.7504404125806593 -0.7500687830455057 -0.7639474551055667 -0.7474405520600186 -0.7805306871505931 -0.7766871863110071 -0.8001416525144158 -0.7936016042408321 -0.8061324884166601 -0.8088630247772677 -0.8120162502248083 -0.7980406609042604 -0.7918336568049748 -0.7916345812629203 -0.8270815358798126 -1.274695334317147 -0.8461500676352611 -1.2510812395464082 -0.8265746324792334 -1.2857556973435635 -0.7896553326802819 -0.7878563038256464 -0.7787243343895033 -0.7248129774341333 -0.7414817584685137 -0.753073370534912 -0.7776464384585132 -0.7457913301035414 -0.7523050129773794 -0.7541971413936494 -0.7670576074058978 -0.7948685537336019 -0.7552767029428314 -0.7266698551195987 -0.7705539884763465 -0.767327791135729 -1.368231856466062 -1.281442467245964 -0.8138116638125283 -0.8360788126322288 -0.9222728614209729 -1.7618677241772818 -0.8362086795298134 -0.8451063756020865 -1.197389234396167 -0.8286118824796578 -0.7274188878522497 -0.7860450719015754 -0.8070779019249094 -0.7890226015363176 -0.8992951069708113 -0.7782275084014664 -0.8573596244115869 -1.3074309454570503 -0.8133618999405794 -0.8012700489168881 -0.8185832989388407 -0.7703820195434911 -0.9148189293408889 -0.7787724736328742 -0.7756319414026178 -0.7558481853397615 -0.7293143043758289 -0.7481195728766753 -0.7215637832567957 -0.748403597795099 -0.7403597532267695 -0.7169003546363345 -0.746821056256928 -0.7690074620126703 -0.8052066676965409 -0.8111433854129229 -0.816985728422633 -0.8318002116819732 -0.7900460926807645 -1.778166823340705 -1.256601043950401 -0.8777913114732655 -0.7996346418274066 -0.7976358482095816 -0.8265920450210993 -0.9242078509100294 -0.8124783889389329 -0.8430889343034977 -0.781270308828328 -0.771081795347056 -0.7689077307355694 -0.7976671499744826 -0.7744544130636792 -0.7301018243568074 -0.779367848056862 -0.7970182275989413 -1.3214702785109627 -1.282739193754625 -0.799868551671039 -0.8254922989930894 -0.8066661918939042 -0.8272192239604838 -0.8134513729709291 -0.8085429624689304 -1.2081186011201739 -0.8470011381882838 -1.305694081450355 -0.8579863026853974 -1.2200404031137662 -0.8308949150178505 -0.8034803039251731 -0.8146807843304686 -0.7860459799253701 -0.7957855761611549
-1.2638829381858647 -1.248977722833917 -0.8273714554904682 -0.9355858962976097 -0.8170015450866084 -0.7753878091719514 -0.765548962403558 -0.7772156241764795 -0.7784096669485561 -0.7557302628442265 -0.7834178084483227 -0.8014430924167122 -0.7481672737503607 -0.7459438473309057 -0.7396697341332075 -0.7610906077553546 -0.7509842101714972 -0.7325205425128447 -0.7369637857275936 -0.7614855707086003 -0.7521877676225099 -0.7307322192000774 -0.744283297920879 -0.738299460778188 -0.7705559262976478 -0.7684139802161766 -0.7851127790317267 -0.7958620144492976 -0.7892296186388914 -0.7861638890256492 -0.8063846370392159 -0.7897098873534732 -0.7826160003504573 -1.2052361985501303 -1.271853345920282 -1.2481886830993176 -1.4471967972436832 -1.9614183177516613 -3.2415304208081235 -2.5257540070707196 -1.789640395525456 -1.7761441139886238 -1.8483497248728054 -1.8099219017354018 -1.870559521070308 -1.8800913122355376 -1.8316870447168512 -0.8098804645422968 -0.7724191503211688 -0.75230770336804 -0.739743639485981 -0.7754292956702392 -0.736800552953145 -0.7567107264208739 -0.759127296040243 -0.7403158455024857 -0.7927430927902589 -0.7955644961995981 -0.8010602432156854 -0.8027517734033555 -0.8045202634804433 -0.7980406609042604 -0.7918336568049748 -0.7979123969096111 -0.8469860039321577 -1.274695334317147 -0.8334504886343391 -0.7502370753163373 -0.820241405449649 -1.2857556973435635 -0.7530075241064242 -0.7620765531085054 -0.7885858549201326 -0.7964242398441036 -0.7992827696669748 -0.7831719474380632 -0.7918537450215488 -0.7819444025577472 -0.7648106895177001 -0.7541971413936494 -0.7670576074058978 -0.8026725088162167 -0.7389772483424621 -0.7511477839634718 -0.7948741628264253 -1.2387945155623532 -1.3637603802513456 -1.281442467245964 -0.8213668565135723 -0.8179703664403238 -0.9222728614209729 -1.7618677241772818 -0.8362282817237734 -0.8660612646600561 -1.1855501806819841 -0.8360762535512661 -0.7354787951045108 -0.7481241922140573 -0.7762108483443364 -0.7780623870433506 -0.8992951069708113 -0.8074095848634226 -0.8353086913787813 -1.3074309454570503 -0.8133618999405794 -0.8012700489168881 -0.8350189613060507 -0.791040368255944 -0.9148189293408889 -0.773896070570487 -0.7698809885941568 -0.7558481853397615 -0.7361702831995176 -0.7439284283669902 -0.7310449649727151 -0.7340290652884968 -0.7148534404460503 -0.7032335297961809 -0.753178819343958 -0.7597293799396084 -0.798467242889579 -0.8108935328996181 -0.8271382522816413 -0.8309093580103938 -0.8041003418132328 -1.7707223828390357 -1.2345008202676688 -0.8558727206072535 -0.8147273169655362 -0.8037381579808027 -0.8265920450210993 -0.9242078509100294 -0.8124783889389329 -0.8358877011581305 -0.7781172484672536 -0.771081795347056 -0.7609186984232285 -0.7533138016818677 -0.721015051603585 -0.719084336466344 -0.7464789283432178 -0.8127809839614069 -1.3053042508712622 -1.3004397676714508 -0.7940214468692 -0.8254922989930894 -0.7986765185714458 -0.8204939370628234 -0.8134513729709291 -0.8154786075732077 -1.2576208358430345 -0.8179073263285745 -1.332639912508799 -0.8685645279760519 -1.2199324018596305 -0.8093550669707452 -0.775941419088447 -0.8020840504226706 -0.787097394614614 -0.8038847698211947
-1.2553651529773715 -0.811482009540498 -0.8273714554904682 -0.8103960462254268 -0.7820725043686485 -0.7729499763821588 -0.7701485841431833 -0.7811398243266471 -0.7883222917821714 -0.7676165288747425 -0.7887183505477695 -0.8083404960431685 -0.7536244861782966 -0.7638867748948526 -0.7396697341332075 -0.7522032530819635 -0.7509842101714972 -0.7471111312900701 -0.7395241694300332 -0.7603053805931483 -0.7571543177932467 -0.7451363584964793 -0.7233401914151272 -0.7344936310438195 -0.7662252749443751 -0.7684139802161766 -0.7813991759146027 -0.7859550700800867 -0.7892296186388914 -0.7874881696708745 -0.8063846370392159 -0.7961494007176106 -0.7826160003504573 -1.7325942156668341 -1.2772837438731517 -1.2498696417997703 -1.4372400308149067 -1.9622661329392157 -1.9211581661991497 -2.5257540070707196 -1.7956921476497008 -1.7767782646627428 -1.8483497248728054 -1.8051839782404564 -1.8604309020543817 -1.8935430570428404 -1.833304995988104 -0.8318388229195558 -0.7772097017077365 -0.75230770336804 -0.767899485392137 -0.7411229163893467 -0.7270939401414016 -0.7413104074507 -0.7469798196331323 -0.7519876715419691 -0.7990386086461688 -0.8097194566952711 -0.8040821973513925 -0.8009633011078343 -0.8120162502248083 -0.8227835879797059 -0.824553462800961 -0.7870720972033843 -0.8792016149455013 -1.274695334317147 -0.8334504886343391 -1.238909530880486 -0.8461686597140897 -1.2424307661410146 -0.7871112479689049 -0.7888182437860747 -0.7885308101041327 -0.8082513289245772 -0.7929369444463883 -0.7872641015439459 -0.8011297765763202 -0.7903366089680575 -0.7858847543093409 -0.7614576794268304 -0.7670576074058978 -0.7948685537336019 -0.7520579286682167 -0.7668674761317356 -0.8176191787260159 -1.2387945155623532 -1.3165274037418835 -1.3221855265018814 -0.8213668565135723 -0.8279352872235266 -0.9222728614209729 -1.7783020568401466 -0.837784016696729 -0.8871118127627493 -1.2146905197443114 -0.8340947128639623 -0.7354787951045108 -0.7709845809143369 -0.7872731341058448 -0.7780278014721007 -0.8885392657907839 -0.7782275084014664 -0.8257137907385804 -1.3478197098570102 -0.8112998223871368 -0.8262597807532245 -0.8343108244146338 -0.7977402151573916 -0.9689543404475068 -0.8565648682417597 -0.7756319414026178 -0.7790731346321766 -0.7503641908455317 -0.7500651643012933 -0.7420012754878375 -0.7311332831512518 -0.7148534404460503 -0.6986093697935939 -0.7442034935623624 -0.7597293799396084 -0.8042263658927779 -0.8175546520443793 -0.8271382522816413 -0.823634846601548 -0.7965495808780235 -1.7505800695998766 -1.200631173703563 -0.8474914675769089 -0.808586133141883 -0.8379180815982677 -0.8400523756391982 -0.9242078509100294 -0.8573515440246967 -0.8358877011581305 -0.7810764452258308 -0.771081795347056 -0.7825259316215977 -0.7643478944993227 -0.7191833531680965 -0.7422941328730884 -0.7723794113071804 -0.7883931650039391 -1.2443516503360372 -1.2905724924087494 -0.7934093522915168 -0.8117618571992955 -0.7986765185714458 -0.8204939370628234 -0.8134513729709291 -0.8349636879922371 -1.2480261307841005 -0.8412686719411445 -1.3650506598982697 -0.8693796686572361 -1.235213918927355 -0.8661328552269063 -0.807757260112044 -1.3025201491247225 -0.7644251249463107 -0.8218036380953019
-1.240687407326451 -1.2618211645413584 -0.8273714554904682 -0.7911974966676684 -0.7763015448324069 -0.7729499763821588 -0.7655154625322083 -0.7564751141822438 -0.7609647030996414 -0.7559196860328965 -0.7887183505477695 -1.2917144685210888 -0.771976171504054 -0.7666067135475103 -0.7450086243657635 -0.7370231119547785 -0.7545604189142603 -0.7466816559343132 -0.7600340075967031 -0.7603053805931483 -0.7614394794507064 -0.7534811779230962 -0.7383235336088682 -0.735045834886739 -0.7702275332924216 -0.7742249868818329 -0.7816147291199533 -0.7799797094693197 -0.7892296186388914 -0.7739251326376231 -0.8109782972018608 -0.7961494007176106 -0.7826160003504573 -1.2195198390221915 -1.2772837438731517 -1.2455794285831663 -1.4372400308149067 -1.839856267202931 -1.4091166222601597 -2.5135816935633906 -1.8456051533903943 -1.7851517040760947 -1.8483497248728054 -1.8051839782404564 -1.8757236622474442 -1.8935430570428404 -1.840184298731722 -0.8318388229195558 -0.8010017415634754 -0.7691465616837359 -0.7680819354236217 -0.7701963765825237 -0.756616877270648 -0.7424370611376723 -0.7734084428877821 -0.7652068773353173 -0.8002261442830008 -0.8095421069446509 -0.8040821973513925 -0.8163074046069813 -0.8120162502248083 -0.8175154954346916 -0.8117181151103829 -0.8036122552832036 -0.8206017013579959 -1.2606100534955011 -0.8461500676352611 -0.7888157231480101 -0.8126131003000514 -0.802989849748924 -0.7726685352446395 -0.749353441545053 -0.8036296397285903 -0.7881743679463403 -0.7581839693045016 -0.7872641015439459 -0.7940304618855091 -0.7920769715421271 -0.7941278627177588 -0.7614576794268304 -0.7670576074058978 -0.7949302212405313 -0.7520579286682167 -0.7710951364970219 -0.7400309201717323 -0.7592998205978262 -1.3165274037418835 -1.3221855265018814 -0.8379857844785921 -0.8368519803088192 -0.9089481451762264 -1.7655479840574233 -0.8443210664707937 -0.8775609310659801 -1.201463164565525 -0.8340947128639623 -0.7407964121396511 -0.8007028602419068 -0.8066839010616049 -0.7780278014721007 -0.8885392657907839 -0.7890272543571922 -0.8257137907385804 -1.3478197098570102 -0.8259340788812545 -0.8279225076228446 -0.8343108244146338 -0.7982862071287381 -0.9220501659930673 -0.7613531207756725 -0.781526370504491 -0.7654830018824083 -0.7458247498345826 -0.7541960122135948 -0.7469331214914712 -0.7282021106576895 -0.7409923226869863 -0.7053057380279643 -0.75065365139646 -0.7611851912868894 -0.8042263658927779 -0.8026543358108409 -0.818968612418949 -0.8148548644183579 -0.8054316988891609 -2.3962517244235713 -1.2062560093892138 -0.9029173164673426 -0.8160564880615582 -0.8266567703049954 -0.8400523756391982 -0.9069742208471865 -0.8188253299116854 -0.8358877011581305 -0.7812621879879565 -0.7843497912211027 -0.7906107409115565 -0.7643478944993227 -0.7782456804901231 -0.725180484705627 -0.704186939742791 -0.7742818082158454 -1.2443516503360372 -1.280549056375342 -0.8004726029523717 -0.7992374112425713 -0.7935944471430766 -0.8129938591878834 -0.8134513729709291 -0.8041623671033936 -1.2480261307841005 -0.8412686719411445 -1.3177810097710458 -0.8976595027083527 -1.2561694836217125 -0.8544333906867178 -0.8149508244153016 -1.3119362898242986 -0.776770292779204 -0.794064035342817
-1.2553651529773715 -1.274056173234899 -0.8273714554904682 -0.8061905449402056 -0.7820725043686485 -0.7729499763821588 -0.7701485841431833 -0.7811398243266471 -0.7803327169251707 -0.7613690132420117 -0.7621047385955241 -0.7886479012764201 -0.7681711186174127 -0.7452988323030736 -0.7416467694857602 -0.7512430432267415 -0.7588868132329998 -0.7547724714836255 -0.7536700550862797 -0.7409494896477065 -0.7469485357474432 -0.7269918751521498 -0.7233401914151272 -0.733002360158709 -0.7705559262976478 -0.7742249868818329 -0.7816147291199533 -0.7859550700800867 -0.7981937881858759 -0.7739251326376231 -0.8013942412662242 -0.7897098873534732 -0.7826160003504573 -1.7462924417758725 -1.8466616868904038 -1.2607470377059884 -1.9940740781125954 -2.5695397094734185 -2.619829344031334 -2.5135816935633906 -1.7956921476497008 -1.7968703734746716 -1.8483497248728054 -1.8051839782404564 -1.8604309020543817 -1.8935430570428404 -1.8518416088016587 -0.8318388229195558 -0.7779952229453652 -0.7523137972146617 -0.7484667404211512 -0.7321999953336105 -0.7381037187349411 -0.732167992403775 -0.7564374442301163 -0.7602258592307085 -0.7990386086461688 -0.8201164712724447 -0.8040821973513925 -0.7934859081433493 -0.8120162502248083 -0.8175154954346916 -0.8218144601923829 -0.7870720972033843 -0.9054873118511194 -1.2833856055424795 -0.8334504886343391 -1.238909530880486 -0.8896831088051491 -1.2799755967444664 -0.7759281164348865 -0.7888182437860747 -0.7824022824348339 -0.826140599388199 -0.7999298955442298 -0.7966685851114835 -0.8011297765763202 -0.7981102550886539 -0.7858847543093409 -0.7718337385409366 -0.7593121997770722 -0.8069336627515972 -0.758062014554494 -0.7776409115299856 -0.9198366266482436 -1.2387945155623532 -1.2965215147551334 -1.3221855265018814 -0.8379857844785921 -0.8368519803088192 -0.9089481451762264 -1.7558179549042314 -0.8427027406418706 -0.8871118127627493 -1.2138545428188108 -0.8340947128639623 -0.7692537409083023 -0.7663879636026409 -0.7762108483443364 -0.7965704759113347 -0.831176207344825 -0.7943863722228726 -0.8573596244115869 -1.3478197098570102 -1.3116608126762406 -0.8279225076228446 -0.8398500065578954 -0.7977402151573916 -0.9539435265064021 -0.8431642682039733 -1.1935324034732677 -0.7530356790829061 -0.7503641908455317 -0.7386461203990053 -0.7420012754878375 -0.7409695656100243 -0.693587964937141 -0.709812292165221 -0.7442034935623624 -0.7716149959852562 -0.8042263658927779 -0.8194555035021625 -0.8271382522816413 -0.8220793901135957 -0.7965495808780235 -1.7613537010753115 -1.8439063809362708 -0.9029173164673426 -0.8160564880615582 -0.8266567703049954 -0.8315406002550533 -0.9384566140282232 -0.8508147841503038 -0.8054107800581045 -0.7733186972205413 -0.7773575501625093 -0.7590077899781793 -0.7372727257562206 -0.7246286748432262 -0.7435565314713216 -0.7181070987025059 -0.7794227114554436 -1.3028805116137656 -1.3090423325164127 -0.8004726029523717 -0.8049792752136307 -0.7986765185714458 -0.8129938591878834 -0.8063316649698858 -0.82598090716251 -1.2480261307841005 -0.8412686719411445 -1.3868519184634753 -0.9295337858125738 -1.272279919391789 -1.3444336141651099 -0.8004215962161324 -1.3025201491247225 -0.7742016836494383 -0.802563647595671
-1.2553651529773715 -1.274056173234899 -0.8273714554904682 -0.9309832096307126 -0.7763015448324069 -0.7729499763821588 -0.7701485841431833 -0.7811398243266471 -0.7832341924076083 -0.7613690132420117 -0.7621047385955241 -0.7886479012764201 -0.7589349801414743 -0.7500072842903255 -0.7416467694857602 -0.7512430432267415 -0.7509842101714972 -0.7420254882033347 -0.7600340075967031 -0.7603053805931483 -0.7571543177932467 -0.7506490179785191 -0.7233401914151272 -0.7397846345728055 -0.7705559262976478 -0.7742249868818329 -0.7767400952874989 -0.7859550700800867 -0.7981937881858759 -0.7739251326376231 -0.8013942412662242 -0.7897098873534732 -0.7826160003504573 -1.7652631785020434 -1.2772837438731517 -1.2498696417997703 -1.9940740781125954 -2.6145516860849285 -2.619829344031334 -2.5135816935633906 -1.7956921476497008 -1.7968703734746716 -1.8483497248728054 -1.8051839782404564 -1.8523202390730042 -1.8935430570428404 -1.858744873614556 -0.8318388229195558 -0.7658614310764524 -0.7473226949405044 -0.7390519501735062 -0.7404768257495314 -0.7508407115450618 -0.732167992403775 -0.7385132883959153 -0.7561316393963536 -0.7990386086461688 -0.8037722765203267 -0.8040821973513925 -0.8088630247772677 -0.8120162502248083 -0.8227835879797059 -0.8110736361491965 -0.7870720972033843 -0.9054873118511194 -1.2833856055424795 -0.8334504886343391 -1.238909530880486 -0.8896831088051491 -1.2799755967444664 -0.8079702281374516 -0.7888182437860747 -0.7824022824348339 -0.8082513289245772 -0.7999298955442298 -0.7966685851114835 -0.8011297765763202 -0.7903366089680575 -0.7858847543093409 -0.7590709769034983 -0.7593121997770722 -0.8069336627515972 -0.758062014554494 -0.7721904653327194 -0.9027060769397792 -1.2387945155623532 -1.2965215147551334 -1.3221855265018814 -0.8093033667674063 -0.8279352872235266 -0.9222728614209729 -1.7685464510741704 -0.837784016696729 -0.8871118127627493 -1.1832343903409657 -0.8340947128639623 -0.7615891133024382 -0.7560997399949019 -0.7762108483443364 -0.7965704759113347 -0.831176207344825 -0.8239598437624625 -0.8573596244115869 -1.3478197098570102 -0.8112998223871368 -0.80073551802908 -0.8398500065578954 -0.7769487567266614 -0.9074834106706299 -0.8012895015623067 -0.781526370504491 -0.7664787908183198 -0.7660004003245049 -0.7440509223709453 -0.7420012754878375 -0.7372534339551017 -0.7018653752846291 -0.6987374941982115 -0.7442034935623624 -0.7597293799396084 -0.8042263658927779 -0.8175546520443793 -0.8271382522816413 -0.8309093580103938 -0.8041003418132328 -1.7505800695998766 -1.218049678097798 -0.8474914675769089 -0.8160564880615582 -0.8379180815982677 -0.8315406002550533 -0.9242078509100294 -0.8124783889389329 -0.8358877011581305 -0.7810764452258308 -0.7773575501625093 -0.7760919027939214 -0.7372727257562206 -0.7246286748432262 -0.7435565314713216 -0.7688492322815279 -0.7748461276341578 -1.3028805116137656 -1.3090423325164127 -0.7934093522915168 -0.7992374112425713 -0.7986765185714458 -0.8204939370628234 -0.8134513729709291 -0.8154786075732077 -1.2480261307841005 -0.8412686719411445 -1.3868519184634753 -0.8819004052719116 -1.2447204012710038 -0.8661328552269063 -0.807757260112044 -0.8056828304252883 -0.7742016836494383 -0.802563647595671
-1.2622530423075535 -1.274056173234899 -0.8273714554904682 -0.9309832096307126 -0.7763015448324069 -0.780041610549279 -0.7701485841431833 -0.7811398243266471 -0.7883222917821714 -0.7613690132420117 -0.7621047385955241 -0.780125108155589 -0.7536244861782966 -0.7409911706797014 -0.7416467694857602 -0.7512430432267415 -0.7599487044938822 -0.746045042461584 -0.7544134772650927 -0.7603053805931483 -0.7571543177932467 -0.7506490179785191 -0.7303977185158225 -0.7397846345728055 -0.7705559262976478 -0.7684139802161766 -0.7808383455716511 -0.7914464003472906 -0.7981937881858759 -0.7808162113929055 -0.8063846370392159 -0.7897098873534732 -0.7826160003504573 -1.2078402552330803 -1.2772837438731517 -1.2498696417997703 -1.9940740781125954 -2.6145516860849285 -2.5660012664222625 -2.5257540070707196 -1.7956921476497008 -1.7884771853047472 -1.8483497248728054 -1.8051839782404564 -1.8701883572163556 -1.8935430570428404 -1.858744873614556 -0.8318388229195558 -0.7658614310764524 -0.7473226949405044 -0.7390519501735062 -0.738495767227895 -0.733254481431629 -0.732167992403775 -0.7454792787956629 -0.7448988976068506 -0.7990386086461688 -0.8097194566952711 -0.8040821973513925 -0.8088630247772677 -0.8120162502248083 -0.8227835879797059 -0.824553462800961 -0.7870720972033843 -0.8792016149455013 -1.2833856055424795 -0.8334504886343391 -1.2455805276826286 -0.8896831088051491 -1.2720794393572818 -0.7759281164348865 -0.7819195016601785 -0.7876618751017613 -0.8015620988096774 -0.7999298955442298 -0.7966685851114835 -0.8011297765763202 -0.7903366089680575 -0.7794568074247612 -0.7590709769034983 -0.7593121997770722 -0.8069336627515972 -0.758062014554494 -0.7575804406004784 -0.9141247146960072 -1.2387945155623532 -1.2965215147551334 -1.281442467245964 -0.8213668565135723 -0.8279352872235266 -0.9222728614209729 -1.7526902735552663 -0.8270612897432547 -0.8871118127627493 -1.1963577704146402 -0.8340947128639623 -0.7692537409083023 -0.7810796145862816 -0.7762108483443364 -0.7965704759113347 -0.8885392657907839 -0.7943863722228726 -0.8573596244115869 -1.3478197098570102 -0.8112998223871368 -0.7937052226486896 -0.8398500065578954 -0.7769487567266614 -0.900322488727215 -0.8012895015623067 -0.7756319414026178 -0.7854192958561819 -0.7660004003245049 -0.7386461203990053 -0.7420012754878375 -0.7372534339551017 -0.7018653752846291 -0.69990255089656 -0.7442034935623624 -0.7597293799396084 -0.8042263658927779 -0.8175546520443793 -0.8271382522816413 -0.8309093580103938 -0.8041003418132328 -1.7505800695998766 -1.2266928926219796 -0.8474914675769089 -0.808586133141883 -0.8379180815982677 -0.8400523756391982 -0.9242078509100294 -0.8124783889389329 -0.8358877011581305 -0.7810764452258308 -0.771081795347056 -0.7760919027939214 -0.7372727257562206 -0.7246286748432262 -0.7435565314713216 -0.7623568507327657 -0.7748461276341578 -1.3028805116137656 -1.3191735754021867 -0.7934093522915168 -0.8117618571992955 -0.7986765185714458 -0.8204939370628234 -0.8134513729709291 -0.8154786075732077 -1.267249630891458 -0.8412686719411445 -1.3650506598982697 -0.8846656435638014 -1.2199324018596305 -0.8596620774456876 -0.807757260112044 -0.7991487683179176 -0.7532341529914421 -0.7959596953704557
-1.2707940304728478 -1.274056173234899 -0.8273714554904682 -0.9309832096307126 -0.7794837988625026 -0.780041610549279 -0.7701485841431833 -0.7772156241764795 -0.7925249976495983 -0.7613690132420117 -0.7621047385955241 -0.7733868863848506 -0.7457795116524981 -0.7459438473309057 -0.7416467694857602 -0.75760907207498 -0.7599487044938822 -0.740080902372663 -0.7499974839573608 -0.7659851039764879 -0.7532159547343538 -0.7544812300638233 -0.7303977185158225 -0.7436089488533448 -0.7705559262976478 -0.7684139802161766 -0.7935459995566175 -0.7825677354139385 -0.7981937881858759 -0.779499336338047 -0.8063846370392159 -0.7897098873534732 -0.7826160003504573 -1.2078402552330803 -1.2772837438731517 -1.2636554511669393 -2.018109956899696 -2.54611953182152 -2.5660012664222625 -2.5875121480521632 -1.789640395525456 -1.7767782646627428 -1.8483497248728054 -1.8051839782404564 -1.8803350084034127 -1.8800913122355376 -1.8518416088016587 -0.839119919291437 -0.7772097017077365 -0.7473226949405044 -0.7282647264703789 -0.7461000255713416 -0.7441813769045518 -0.7423189543492169 -0.7531126474907629 -0.729320453371658 -0.7990386086461688 -0.8014720723020254 -0.8040821973513925 -0.8158213405482823 -0.8120162502248083 -0.8227835879797059 -0.8073568411590121 -0.7870720972033843 -0.8792016149455013 -1.2833856055424795 -0.8334504886343391 -1.2389728018003103 -0.8838203074527747 -1.2720794393572818 -0.7759281164348865 -0.7888643842656561 -0.7813101342144729 -0.8015620988096774 -0.7999298955442298 -0.7966685851114835 -0.8008939458891378 -0.7903366089680575 -0.7794568074247612 -0.7590709769034983 -0.7593121997770722 -0.8069336627515972 -0.7509873445853024 -0.749501431670096 -0.9027060769397792 -1.2387945155623532 -1.2884273043960486 -1.281442467245964 -0.8213668565135723 -0.8179703664403238 -0.9222728614209729 -1.7526902735552663 -0.8270612897432547 -0.8738372627319503 -1.1963577704146402 -0.8340947128639623 -0.7692537409083023 -0.7755729339086405 -0.7762108483443364 -0.7965704759113347 -0.8885392657907839 -0.8239598437624625 -0.8671862495115563 -1.3171345207653558 -0.8014669502778196 -0.7866806792717262 -0.8346628024722103 -0.7769487567266614 -0.900322488727215 -0.773896070570487 -0.7756319414026178 -0.7854192958561819 -0.7453140445626759 -0.7331016712478544 -0.7363958429004471 -0.7325766359289891 -0.7018653752846291 -0.69990255089656 -0.7485230129110235 -0.7597293799396084 -0.8042263658927779 -0.8175546520443793 -0.8271382522816413 -0.8309093580103938 -0.8041003418132328 -1.7505800695998766 -1.2345008202676688 -0.8690621637320041 -0.8147273169655362 -0.8098109375772292 -0.8400523756391982 -0.9242078509100294 -0.8124783889389329 -0.8358877011581305 -0.7705757770794504 -0.771081795347056 -0.7760919027939214 -0.7539058033085576 -0.7329401150370685 -0.7520284910441455 -0.7957049977521733 -0.7842190392189219 -1.3028805116137656 -1.3191735754021867 -0.7875932618152706 -0.8172730347629437 -0.7986765185714458 -0.8204939370628234 -0.8134513729709291 -0.8060495756047289 -1.2562840924556515 -0.8412686719411445 -1.3448796154197413 -0.8846656435638014 -1.2199324018596305 -0.8093550669707452 -0.7844933538233722 -0.8203438001452198 -0.7618837177854202 -0.7849203059530009
-1.2622530423075535 -1.2658959798879283 -0.8089019689585066 -0.8010025133369334 -0.7805509486139283 -0.7729499763821588 -0.7611762290387089 -0.766709516622335 -0.7440616951871926 -0.8416196335263154 -0.939607131515396 -1.3714181067055506 -1.260133605613055 -0.8537442349391006 -1.3683328724358965 -0.7675304472902285 -0.7908763079342488 -1.171385098768374 -0.8067878939729484 -0.7800804850016901 -0.8312523145218293 -0.7836790900189929 -0.7308910783845699 -0.7325244349696544 -0.7664732191950014 -0.7743632026132649 -0.7853759275364486 -0.7661509150684488 -0.779164459743245 -0.7892956288590343 -0.7790935431321652 -0.7718995996758432 -0.8141366637133657 -1.226150491142052 -1.3102128173200285 -1.2526997791266556 -0.9163096621776707 -2.4029104063131084 -1.9554875790254314 -2.541150741314957 -1.2577386702285132 -1.2618253481566366 -1.8483497248728054 -1.2486198762339449 -1.3175202538262134 -1.894418281062297 -1.858744873614556 -0.8309298617129156 -0.7433313632354845 -0.7885585289156659 -1.2776793627675473 -0.875678095857214 -1.188763439813173 -1.2546330632985205 -0.7683608748139621 -0.7661623646918359 -1.2040371390311115 -0.7693588001800369 -0.8064197361785695 -0.8674206104945839 -1.2821731509906573 -1.2739016206004425 -0.8110246103696402 -0.8151924278797058 -0.8409328361603462 -1.2356616959318203 -0.8598209738156674 -0.770735510493003 -0.8038776788390533 -0.8000875276375796 -0.7883491593641505 -0.7615351491431896 -0.7642344669312474 -0.7642108924660521 -0.7386983832698657 -0.7637117546666782 -0.7917774136512297 -0.7666366886241186 -0.7874268296198904 -0.7520863144663388 -0.7714168700264821 -0.8160157949721157 -0.8146461664516039 -1.2034129219480652 -0.8530201007602578 -0.8088987770795749 -0.7905671759262669 -1.260371714712423 -1.2708871836036897 -0.8363193551948103 -0.9279983220710974 -1.762413967867258 -0.848498874269968 -0.8171428704110487 -1.1980175073995918 -0.8113020116535092 -0.7432513988238156 -0.8699565765976806 -0.8467736613680156 -0.8685368129029213 -0.9481740656310784 -0.8089710481858036 -0.7828220592144539 -0.832921209016517 -0.8111023652978346 -0.8232815118775557 -0.8722796266753194 -0.8467820576006112 -0.9267058856358026 -0.791020208398624 -0.7673373746723887 -0.7263339231916942 -0.7488666732360223 -0.7533228514211134 -0.7624172206152281 -0.7586663357565568 -0.7298272372393153 -0.6880476443043284 -0.7290375803055925 -0.732618845619162 -0.8008826415175265 -0.8375516363432696 -0.8332490017276052 -0.8090720528294529 -0.7965495808780235 -2.357861754732332 -1.2134364825583193 -0.8495332606562541 -0.8225015893974932 -0.8903277368335525 -1.3009371111369612 -0.8381990180181447 -0.8089597477170803 -0.7888273451878549 -0.779754168914175 -0.7773575501625093 -0.7553544607515802 -0.7356972248770038 -1.8281031160111554 -0.7467538879320542 -0.762182930468338 -0.7418228042074335 -0.818782783098008 -0.8444726380092394 -0.7824459890086686 -0.7798409620294575 -0.7707822764871058 -0.7905263852035285 -0.780624571481756 -0.8019997842707814 -1.183794319895364 -0.7802128302798145 -1.2335764278769876 -0.8605918694267457 -1.2758084784437156 -0.7959312601600879 -0.8177078582600192 -0.7878464572057948 -0.7722325161504037 -0.7713939673690708
-1.2622530423075535 -0.8051913300742237 -0.8089019689585066 -0.8010025133369334 -0.7805509486139283 -0.7686576969310686 -0.75661242346736 -0.7628335855322892 -0.7520015005440399 -0.8355987050923591 -0.939607131515396 -1.3714181067055506 -1.2533495728531507 -0.8864157035456048 -1.3777957118339546 -0.7697159824774392 -0.7908763079342488 -1.171385098768374 -0.778839525697319 -0.7755261166247083 -0.8191319751981112 -0.7626362074697951 -0.7308910783845699 -0.7392446501190063 -0.7705559262976478 -0.7743632026132649 -0.7800308872602042 -0.7619288670634837 -0.7846996314917125 -0.7879693504926144 -0.7790935431321652 -0.7718995996758432 -0.8141366637133657 -1.226150491142052 -1.3192402270231978 -1.2670390100912063 -0.9163096621776707 -2.413349249759406 -1.9554875790254314 -2.56333068870425 -1.2154766667042556 -1.2618253481566366 -1.8483497248728054 -1.2486198762339449 -1.3175202538262134 -1.9051379974593585 -1.858744873614556 -0.8157319190002578 -0.7550594731883836 -0.7549296025938218 -1.2684471814776512 -0.8614500569859691 -1.2419169754400112 -1.26666839733935 -0.7743736893551774 -0.7608986399937762 -1.2040371390311115 -0.7693588001800369 -0.8064197361785695 -0.8674206104945839 -1.2821731509906573 -1.8429781771015308 -0.8631605272517803 -0.8151924278797058 -0.8409328361603462 -1.2824748761177476 -0.8598209738156674 -0.770735510493003 -0.8038776788390533 -0.8164431403609104 -0.7542095806373541 -0.730501473803656 -0.7546114688881554 -0.7565191381844676 -0.7386983832698657 -0.7637117546666782 -0.7778698201213811 -0.7666366886241186 -0.7665940083724102 -0.7520863144663388 -0.7597948359151813 -0.8107894186236729 -0.7965105757961776 -1.1904860138415352 -0.8196820956980458 -0.7601603046956228 -0.7905671759262669 -1.3221855265018814 -1.2522035943113943 -0.8363193551948103 -0.9279983220710974 -1.762413967867258 -0.848498874269968 -0.826961023797464 -1.1726859090825739 -0.8047146200162718 -0.7346655128498346 -0.8699565765976806 -0.8283493624284215 -0.7779853496632052 -0.9481740656310784 -0.8103289113929057 -0.7828220592144539 -0.832921209016517 -0.8525287162895369 -0.8232815118775557 -0.8722796266753194 -0.8467820576006112 -0.9267058856358026 -0.791020208398624 -0.7742408855510318 -0.7263339231916942 -0.7488666732360223 -0.7533228514211134 -0.7624172206152281 -0.7586663357565568 -0.7298272372393153 -0.6834929942534251 -0.7133589744078237 -0.726034863595517 -0.8008826415175265 -0.8375516363432696 -0.8332490017276052 -0.8032303911181975 -0.7965495808780235 -3.029476863779275 -1.2134364825583193 -0.8495332606562541 -0.8073153377461577 -0.8988501485844502 -1.3009371111369612 -0.8509597906011468 -0.8089597477170803 -0.7888273451878549 -0.779754168914175 -0.7839489075308924 -0.7633811980504244 -0.8048672012955437 -1.8281031160111554 -0.7466882251504585 -0.7745107849235918 -0.7418228042074335 -0.8249734353479938 -0.8444726380092394 -0.7824459890086686 -0.7798409620294575 -0.7707822764871058 -0.8020103953146326 -0.7893512395084477 -0.8024260838710677 -1.1933392181151632 -0.79306941279434 -1.2214681284269364 -0.8447688057997272 -1.2758084784437156 -0.8033934018112177 -0.8391435096221777 -0.781099462213497 -0.7874411886150292 -0.7713939673690708
-1.2622530423075535 -0.8051913300742237 -0.8089019689585066 -0.8010025133369334 -0.7717735870412593 -0.7587335451381376 -0.75661242346736 -0.7499926098083122 -0.7669230488890221 -0.8355987050923591 -0.939607131515396 -1.9550926393612253 -1.2533495728531507 -0.9008140179439165 -1.3961670487453715 -1.0153601018643728 -0.7573045139008697 -1.171385098768374 -0.7843234159635092 -0.7755261166247083 -0.8168994599973415 -0.7591278972831558 -0.7308910783845699 -0.7186894570227331 -0.7615048251715635 -0.7743632026132649 -0.7800308872602042 -0.772643844149286 -0.779164459743245 -0.7879693504926144 -0.7790935431321652 -0.7718995996758432 -0.8141366637133657 -1.226150491142052 -1.310989141739291 -1.265109013022664 -0.9163096621776707 -1.7726654005233051 -1.9554875790254314 -2.56333068870425 -1.2154766667042556 -1.2618253481566366 -1.8483497248728054 -1.2439689762755517 -1.884080550334143 -1.9051379974593585 -1.858744873614556 -0.8157319190002578 -0.7550594731883836 -0.755898382335533 -1.2684471814776512 -0.8614500569859691 -1.2419169754400112 -1.2683925128348554 -0.796058988319521 -0.7608986399937762 -0.7695513663382317 -0.7764235774304572 -0.8390807773310854 -0.8674206104945839 -1.2821731509906573 -1.2762316467649566 -0.8631605272517803 -0.8151924278797058 -0.8146592577654472 -0.7766570119787907 -0.8598209738156674 -0.797929080178792 -0.8167096733443515 -0.7993355256315768 -0.7435685691867912 -0.7371092830360442 -0.7546114688881554 -0.7383958731245959 -0.7404636426804931 -0.7593986491584576 -0.7547935907694006 -0.7666366886241186 -0.7725770071339318 -0.7520863144663388 -0.7447175443007751 -0.799716577933904 -0.7965105757961776 -1.1904860138415352 -0.8183075802957862 -0.7728819571290154 -0.7848576749829519 -1.3221855265018814 -1.2522035943113943 -0.7912227792807007 -0.9150580734197171 -1.7405116609024625 -0.8539453961301204 -0.843006841118567 -1.184457905886239 -0.8113020116535092 -0.7293129517631892 -0.8699565765976806 -0.8201080436904046 -0.764918589756446 -0.8998235842426352 -0.8214167808900085 -0.7828220592144539 -0.832921209016517 -0.843272146141915 -0.8232815118775557 -0.8722796266753194 -0.8467820576006112 -0.9267058856358026 -0.7952234638578378 -0.7742408855510318 -0.7203124254980765 -0.7361978827755524 -0.7657227654798477 -0.7903628360798408 -0.7883502065676069 -0.7582924090818535 -0.6834929942534251 -0.7137656830840928 -0.732618845619162 -0.7953709632129011 -0.8375516363432696 -0.8332490017276052 -0.8032303911181975 -0.7900460926807645 -2.3557059612702163 -1.2220740888064692 -0.8495332606562541 -0.8073153377461577 -0.8202596846308647 -1.3145142316669507 -0.8509597906011468 -0.8089597477170803 -0.7888273451878549 -0.7822213597649635 -0.7865927766522126 -0.762637098116419 -0.8130001930108055 -1.8130954375493424 -0.7261730047740781 -0.7229598010170795 -0.7481333236352401 -0.7801311639842834 -0.8222833895068347 -0.7824459890086686 -0.7938721965986523 -0.7707822764871058 -0.7905263852035285 -0.7972736974528519 -0.8014923842780357 -1.2050049907344706 -0.7893778516793435 -0.8097999672809776 -0.8447688057997272 -0.8393865550322369 -1.262597627354894 -0.8483812069472776 -0.8097804048438817 -0.7874411886150292 -0.7713939673690708
-1.2622530423075535 -0.8051913300742237 -0.8089019689585066 -0.8010025133369334 -0.7717735870412593 -0.7587335451381376 -0.75661242346736 -0.7626092148128741 -0.771940924492788 -0.8355987050923591 -1.438516217015988 -1.9464175721721089 -1.2533495728531507 -0.8707589961699792 -1.3974099011241754 -1.0282732613604393 -0.7508089316135916 -1.2019517462876423 -0.7600503659287369 -0.7807070914682379 -0.8250365624679908 -0.768999481601689 -0.7577682982234469 -0.7543016093374295 -0.7615048251715635 -0.7781631547715685 -0.7847013626572132 -0.7772033755783997 -0.779164459743245 -0.7879693504926144 -0.7920145192335863 -0.7793351959092767 -0.8141366637133657 -1.226150491142052 -1.310989141739291 -1.265109013022664 -0.9163096621776707 -1.7821970110613568 -1.9554875790254314 -2.56333068870425 -1.240725260556108 -1.2618253481566366 -1.8483497248728054 -1.2439689762755517 -1.884080550334143 -1.8976109769958058 -1.858744873614556 -0.7931332093976903 -0.7776354033113929 -0.755898382335533 -1.2684471814776512 -0.8663194551967234 -1.2419169754400112 -0.8073290531741855 -0.7951298709389603 -0.7170810212430158 -0.751946338861125 -0.7671622950283119 -0.7880504406420146 -0.809479787714436 -1.2821731509906573 -0.8114968054124854 -0.7765098071587019 -0.8151924278797058 -0.8033960431598758 -0.7821579765094128 -0.8598209738156674 -0.797929080178792 -0.8167096733443515 -0.7993355256315768 -0.737754454641582 -0.7371092830360442 -0.7422994315178865 -0.7308801023479822 -0.7477964500292524 -0.7551550034548542 -0.7641787508275989 -0.7563792774096165 -0.7725770071339318 -0.7520863144663388 -0.7504013574212559 -0.7942738064823135 -0.7444204125324696 -1.2034129219480652 -0.8273760654912361 -0.7834281044130894 -0.7848576749829519 -1.3221855265018814 -0.7936711084115531 -0.8066739958369256 -0.9150580734197171 -1.762413967867258 -0.848498874269968 -0.843006841118567 -1.184457905886239 -0.8113020116535092 -0.7530062106993869 -0.9698877621441914 -0.83157296934816 -0.7705620649446766 -0.8998235842426352 -0.8323257066685806 -0.7736504863946266 -0.86885353848974 -0.843272146141915 -0.8232815118775557 -0.8722796266753194 -0.8467820576006112 -0.9267058856358026 -0.800746301061544 -0.7742408855510318 -0.727059599587768 -0.718668735446349 -0.7707950711632098 -0.7574332783601817 -0.7702934698280891 -0.7677632256201783 -0.6928869606089981 -0.7192822358427681 -0.7528086471894558 -0.7807431031654773 -0.8375516363432696 -0.8230481653283365 -0.8032303911181975 -0.7900460926807645 -2.334561819994781 -1.2220740888064692 -0.8495332606562541 -0.8073153377461577 -0.8202596846308647 -0.8214008909616011 -0.8502393129770264 -0.821042949338118 -0.7888273451878549 -0.7822213597649635 -0.7932354998923383 -0.762637098116419 -0.8130001930108055 -1.8100566935194342 -0.7626321883293271 -0.7294474611070736 -0.7557205915773746 -0.7701236860608305 -0.8222833895068347 -0.7824459890086686 -0.7862860123393758 -0.759627324746143 -0.7905263852035285 -0.7972736974528519 -0.8014923842780357 -1.216659338542982 -0.8023330317190858 -0.8106006967576935 -0.8447688057997272 -0.8187819403000131 -0.7703804917387407 -0.8483812069472776 -0.8097804048438817 -0.7874411886150292 -0.7713939673690708
-1.2622530423075535 -0.8051913300742237 -0.8136518445209029 -0.7819504477761755 -0.789910206860647 -0.7775010040341387 -0.75661242346736 -0.7672951262306915 -0.7971592238543891 -0.815706035517198 -1.4316081922850628 -1.9914849171293514 -1.2054458320521964 -0.8809751341225037 -1.3974099011241754 -1.038550041257081 -0.7566502574006058 -1.1837669917280127 -0.8123252218204993 -0.7668723123044394 -0.8037017213288139 -0.7618930882232701 -0.744000016118133 -0.760334643828586 -0.7323487559752173 -0.7517839745302873 -0.7847013626572132 -0.7772033755783997 -0.7734979892732577 -0.8178600332576224 -0.8121393149697623 -0.7921918666225026 -0.772105745318898 -1.226150491142052 -1.282521381042447 -1.2549472541514508 -0.9163096621776707 -1.7916834751315984 -1.3721437965682222 -2.5432328844858345 -1.240725260556108 -1.251763117491085 -1.8408722959284816 -1.2439689762755517 -1.8934768521731309 -1.8991647900776327 -1.8752047520161728 -0.8259939960807208 -0.784149225733745 -0.7738432748648214 -0.8424874583241656 -1.3291875249577045 -0.7631449685182395 -0.8137106051588245 -0.7645750222491868 -0.7170810212430158 -0.8025819945151323 -0.7882829404965801 -0.8316066467764534 -0.8674206104945839 -1.8530053143709737 -0.8360950626212332 -1.2703728155216718 -0.8242279612854523 -0.8146592577654472 -0.8181604327157166 -0.8456870515042381 -0.8210229004609462 -0.7654528170136738 -0.8097827386495694 -0.7411195048700863 -0.7371092830360442 -0.7543192636825858 -0.703858061262322 -0.7477964500292524 -0.7425503296381558 -0.7620631522834411 -0.7658941473949812 -0.7518365080297958 -0.7520863144663388 -0.7731834862101118 -0.7819492999437596 -0.7679249686456638 -1.202381172635665 -0.8127636069839786 -0.7404604646836025 -0.786091747983007 -1.3142727772750207 -0.8160823715482611 -1.298829004980987 -0.9578923168442217 -1.762413967867258 -0.8562692061144153 -0.843006841118567 -1.184457905886239 -0.8275711049759908 -0.7653000604173197 -0.9698877621441914 -0.83157296934816 -0.780646861627888 -0.8998235842426352 -0.8029869697160441 -0.7736504863946266 -0.8586338144353423 -0.8091928501022896 -0.8232815118775557 -0.8811268471128882 -0.8340690446642353 -0.9267058856358026 -0.800746301061544 -0.7861834376092535 -0.7570330875588603 -0.7420962851275877 -0.7531729563749456 -0.7358289163629408 -0.7736441958090954 -0.7677632256201783 -0.6990322568278602 -0.7290633683527123 -0.7461024662692227 -0.7805615181898073 -0.8182830964856272 -0.8088811382409448 -0.8032303911181975 -0.7900460926807645 -2.3479994211952597 -1.2220740888064692 -0.8495332606562541 -0.8074912793750657 -0.8078232495464415 -0.8382146859376824 -0.9264266590024586 -0.8215373364852829 -0.8127033999548028 -0.8007924097093562 -0.7865927766522126 -0.7651247910409715 -0.8048672012955437 -1.8100566935194342 -0.7768331795448972 -0.7229598010170795 -0.755010398900516 -0.7883266637320451 -0.8222833895068347 -0.7917854288102188 -0.8059592122230653 -0.7707822764871058 -0.9112729597439521 -0.7763647215029149 -0.8163096236090365 -1.2677145042902784 -0.809108771010736 -0.8140702219733105 -0.8189455042205592 -0.8187819403000131 -1.266209306739489 -0.8076329720200704 -0.79854078792502 -0.7767954911177355 -0.7713939673690708
-1.2914817436880868 -0.8051913300742237 -0.8273714554904682 -0.7911974966676684 -0.789910206860647 -0.7775010040341387 -0.7649578587016218 -0.7672951262306915 -0.7886115109521877 -0.8630868792826939 -1.4316081922850628 -1.9727130244061633 -1.2295693174412214 -0.9215865848650263 -1.390096415439816 -1.0390587025820308 -0.7689430444706228 -1.2406714902234879 -0.8227797443104907 -0.7746032099176967 -0.8362850785274509 -0.7688587056475388 -0.7482163246134762 -0.7673870820902728 -0.7514594098243106 -0.7517839745302873 -0.7847013626572132 -0.7835063488538191 -0.7782463786687459 -0.8178600332576224 -0.8256137207524713 -0.7921918666225026 -0.7881478106443088 -1.226150491142052 -1.275437479178632 -1.2549472541514508 -0.9202999106251888 -1.7923863999243224 -1.3721437965682222 -2.5432328844858345 -1.825557515560973 -1.8144489446190195 -1.834999219915276 -1.8051839782404564 -1.8934768521731309 -1.8991647900776327 -1.8752047520161728 -0.7984099646627727 -0.7890984349421541 -0.7634299644899136 -0.7748470507208113 -1.2485045757612168 -0.7631449685182395 -0.7634796396449426 -0.75887792037965 -0.72633913071024 -0.7953700973034196 -0.8081983993811354 -0.8264311843385066 -0.7816426744714977 -1.2848338775829111 -0.8360950626212332 -1.2617959858925827 -0.819261649469389 -0.8033960431598758 -0.9090424609065493 -1.3611327245288631 -1.3444803455081413 -0.8809449932134404 -0.8589860966634251 -0.7803357319235081 -0.7791399910113433 -0.7445833309651136 -0.703858061262322 -0.7627104926692647 -0.7425503296381558 -0.789396383366542 -0.7721025516667334 -0.7748585761242353 -0.7635453893099424 -0.7731834862101118 -0.7944545128968042 -0.7793200202364932 -1.202381172635665 -0.7981401627057296 -0.7404604646836025 -0.8283194524761237 -1.3268008391697137 -0.8307067937334794 -1.3128640331168102 -0.966783348912394 -1.762413967867258 -0.8562692061144153 -0.8618904709506592 -1.210383424187261 -0.8275711049759908 -0.7723090348262833 -0.9698877621441914 -0.8066839010616049 -0.820503546560247 -0.8998235842426352 -0.8115457269984184 -0.7736504863946266 -1.334771688856975 -0.8091928501022896 -0.8232815118775557 -0.8811268471128882 -0.8467820576006112 -0.8845144333429087 -0.800746301061544 -0.771321014090474 -0.7632868094446271 -0.7527027261717781 -0.761813533728417 -0.7574332783601817 -0.7468256007428411 -0.773751472560376 -0.7273004985721917 -0.7360779008462888 -0.7529818724519126 -0.7805615181898073 -0.7737831176216584 -0.8088811382409448 -0.8190826536861323 -0.8001191949810049 -1.7154364389159857 -1.2438144406732092 -0.8495332606562541 -0.8074912793750657 -0.8078232495464415 -0.8463463442692404 -0.855044093864641 -0.8215373364852829 -0.8214595432088367 -0.8063975733342336 -0.7839489075308924 -0.761276813329977 -0.8118158268737161 -1.2603722856150852 -0.7761274943021149 -0.7236727684476032 -0.7907669485605942 -1.2606339716454746 -0.8547969802422878 -0.7917854288102188 -0.8059592122230653 -0.7896087986052424 -0.8053691707129548 -0.7912656792838316 -0.8095234302614177 -1.2372562366104833 -0.8556297564177741 -0.8208498145280761 -0.8047387228698202 -0.7878854946744137 -0.8003084822684965 -0.8171913509000748 -0.7871208714052678 -0.7851855312242294 -0.7879895349882632
-1.2638829381858647 -0.7958115617965992 -0.831909192856558 -0.7911974966676684 -0.7841011482852568 -0.7775010040341387 -0.7764625450592696 -0.7738125120448615 -0.7760382413535821 -0.7785701326668312 -1.3199747269182407 -1.9007442863651567 -1.2235318305252139 -0.8733925559535096 -1.3025179632257025 -1.0703491958923252 -0.7726444107695858 -0.7467092408028723 -0.7609781731642207 -0.7784884407968258 -0.7848342437861479 -0.7411664168417731 -0.7455667134524635 -0.7532677548573486 -0.7662252749443751 -0.7721945762904541 -0.7848389712820817 -0.7825677354139385 -0.7927645650282016 -0.7849387177199996 -0.8036879889614502 -0.7926597629853883 -0.7776675748605258 -1.2099988312684864 -1.251538471363818 -1.2726530083996948 -0.9244468876489299 -1.962946076866164 -1.3729753721149125 -2.608029651545124 -1.8194702098242683 -1.7687076539838695 -1.8483497248728054 -1.7970537265543371 -1.8632455492718227 -1.8708681935860778 -1.856587703637424 -0.8197770890571953 -0.7800013885044562 -0.7531898861515886 -0.7340355754246922 -0.7938842975903644 -0.7631449685182395 -0.7363511941061271 -0.7461099451146176 -0.7307704846690282 -0.7895495919923194 -0.7936016042408321 -0.7938972420665192 -0.7911481037306977 -0.8361195790773108 -0.8117272617437706 -0.7945252127239428 -0.7868755703609223 -0.8294361860993076 -1.3313099835412923 -0.8893665568756493 -0.8749650721475173 -0.8432478017912842 -0.8497863473329107 -0.7686807834859026 -0.7651785661260487 -0.7355612698689611 -0.7332779344769975 -0.7543014585715198 -0.7401628813760115 -0.7679409039752779 -0.7782642132556188 -0.7608874203525919 -0.7635453893099424 -0.7660791210989455 -0.7847263474006415 -0.7311077579749532 -0.7419849384314978 -0.7443071365633841 -0.7634651660250297 -1.3044837851374733 -1.3142727772750207 -0.8213668565135723 -0.8309860041283917 -0.9553520155956478 -1.762413967867258 -0.8413447039070497 -0.843006841118567 -1.193492143191168 -0.8586097832927294 -0.7758200694336427 -0.8279762408986681 -0.8167295065084643 -0.849390625776656 -0.9106632759478268 -0.8008141322551627 -0.808246270339837 -1.3074309454570503 -0.7974418230602462 -0.8180117840103927 -0.8619218827060584 -0.8309021704503502 -0.9070837832587536 -0.7584754963164051 -0.759013871631423 -0.7768511363061603 -0.7518914391957399 -0.7702757439455431 -0.7303532400029044 -0.7558606307643924 -0.7567594849349576 -0.7130287504999755 -0.7361848481846378 -0.7597293799396084 -0.7939377707737053 -0.7915245362044374 -0.8271382522816413 -0.817725194082225 -0.8337299327991348 -1.7154159459246616 -1.2469834079884545 -0.8549279710319112 -0.8112759310057202 -0.8141361498368385 -0.8826415729663561 -0.8867836715228296 -0.790124311003555 -0.806034412894009 -0.778500644835147 -0.7702539192698924 -0.798224747517015 -0.8218966310027551 -1.2422530554827274 -0.7748820801946952 -0.7623568507327657 -0.796298178887429 -1.271971670275844 -0.8244634650003185 -0.7954578450062628 -0.8172730347629437 -0.7946741574593731 -0.8128236653670559 -0.8035423183197654 -0.8021944030833053 -1.2125952666599527 -0.8533056409612327 -0.8301001396327773 -0.8579863026853974 -0.7876767369068123 -0.8232618841212549 -0.8629446896540929 -0.80468467823283 -0.7945015192819374 -0.7935637283205059
-1.2553651529773715 -0.7958115617965992 -0.8273714554904682 -0.9145591765178703 -0.789910206860647 -0.7829033480108117 -0.7701485841431833 -0.7809118965636052 -0.7719334595355283 -0.7475606805518183 -1.3042095404016367 -1.8611990429198941 -0.7756567419007817 -0.7506970375038545 -0.8013477843586511 -0.7697014690549373 -0.7606130763105983 -0.7426597896270075 -0.7279770792714021 -0.7511028763800484 -0.7461942661201202 -0.7293341928352272 -0.7238864771110369 -0.7522280171975609 -0.7662252749443751 -0.7721945762904541 -0.7801663525990845 -0.7825677354139385 -0.7981937881858759 -0.7861638890256492 -0.8249048848666679 -0.7993903227518807 -0.7826160003504573 -1.2078402552330803 -1.2670180022637283 -1.2867636380008212 -0.944285969977139 -1.9713629195716764 -1.3554461270479585 -2.5432328844858345 -1.825557515560973 -1.7767782646627428 -1.8483497248728054 -1.8099219017354018 -1.8531305373748597 -1.8884563610964236 -1.849687201015889 -0.8413140666117175 -0.7972549973695817 -0.7582071954312803 -0.7340355754246922 -0.7465978302782234 -0.7264883635166302 -0.7423014581112795 -0.7349234004478 -0.7495261719117337 -0.7990386086461688 -0.8017961732213835 -0.8040821973513925 -0.7934859081433493 -0.8120162502248083 -0.8175154954346916 -0.8077986184463632 -0.8036122552832036 -0.8294361860993076 -1.3313099835412923 -0.8940406992095282 -0.8664396124909616 -0.8457405086780875 -0.8560720514131003 -0.7679419081110316 -0.7875877708733873 -0.7729508218908759 -0.7568234709384422 -0.7973547092226476 -0.8054304584126258 -0.7830476290384206 -0.7973238060349698 -0.7893335506245854 -0.7698284524822472 -0.7745270103102964 -0.7944545128968042 -0.7390492155058032 -0.7524272560550129 -0.7689348107827818 -0.7634651660250297 -1.2758899709897042 -1.2736497686569286 -0.8379857844785921 -0.8500586684565176 -0.9398998011849365 -1.762413967867258 -0.8347060854462468 -0.8738372627319503 -1.1840593874814476 -0.8586847919955546 -0.784116420359273 -0.9058517963020793 -0.8066839010616049 -0.8474648724422191 -0.9082077498279395 -0.7890272543571922 -0.8162164435474404 -1.3478197098570102 -0.7945438727297861 -0.787340055954229 -0.8292001828000919 -0.791040368255944 -0.8120763788428129 -0.8062784200614564 -0.7745798403978885 -0.7788499337213729 -0.7468612882377088 -0.7752845887471486 -0.7469331214914712 -0.7459147075674464 -0.7515970059437422 -0.7152719335757476 -0.7319135745908056 -0.7597293799396084 -0.7986996573647129 -0.812004109763251 -0.8271382522816413 -0.817725194082225 -0.8001191949810049 -1.7154159459246616 -1.2290630768374617 -0.8474914675769089 -0.8147273169655362 -0.8098109375772292 -0.842090727236391 -0.8892650135249501 -0.8573515440246967 -0.8093269828696938 -0.778500644835147 -0.7773575501625093 -0.7888920171806741 -0.7737822378378546 -0.7649677589830923 -0.772411854070097 -0.7635678713833377 -0.7904801579065986 -1.2522954763510992 -0.8244634650003185 -0.8041712803785382 -0.8049792752136307 -0.8063262892345496 -0.8129938591878834 -0.8071284986485303 -0.8174032337301963 -1.2681862633440866 -0.8524425679877413 -0.8474122266949735 -0.8793770020405292 -0.8075345845129683 -0.8154219831392069 -0.8626535029518498 -1.3042944813208512 -0.7927420918914202 -0.8150971331733112
-1.2622530423075535 -0.8020544707689675 -0.8273714554904682 -0.9145591765178703 -0.789910206860647 -0.7900549960528354 -0.765548962403558 -0.7498393492104052 -0.7719334595355283 -0.7562188379628663 -1.3042095404016367 -1.8611990429198941 -0.7756567419007817 -0.7574571119746593 -0.8013477843586511 -0.7697014690549373 -0.7696539871187777 -0.7426597896270075 -0.7225178322749842 -0.7558281616331859 -0.7565643140947685 -0.7249350265170967 -0.7280253757785773 -0.7509072514257589 -0.7662252749443751 -0.7721945762904541 -0.7801663525990845 -0.7825677354139385 -0.7981937881858759 -0.779499336338047 -0.8116354778457118 -0.7993903227518807 -0.7826160003504573 -1.2078402552330803 -1.2670180022637283 -1.2867636380008212 -1.430584444382282 -1.88501958648581 -1.3645348028096733 -2.5432328844858345 -1.8194702098242683 -1.7767782646627428 -1.8483497248728054 -1.8099219017354018 -1.8628748816259253 -1.8884563610964236 -1.8682806056245442 -0.83127540519482 -0.7878125657681638 -0.7527761402244074 -0.7340355754246922 -0.735941121062326 -0.7355996817610811 -0.7539218045309575 -0.7325747320874378 -0.7495261719117337 -0.7935415911225652 -0.8017961732213835 -0.8040821973513925 -0.8003579383063014 -0.8120162502248083 -0.8175154954346916 -0.8077986184463632 -0.7973051222134062 -0.7947427343786723 -0.8561272799288925 -0.8940406992095282 -0.8133007173389827 -0.8491575652319009 -0.8560720514131003 -0.7593496391091972 -0.7945656455256702 -0.7673878824034217 -0.7504189279235237 -0.7729332812953628 -0.7769857328250238 -0.7830476290384206 -0.7973238060349698 -0.7870239323411323 -0.7698284524822472 -0.7690409051283399 -0.7944545128968042 -0.7390492155058032 -0.7471957429891691 -0.7508764823506545 -0.7579875095715362 -1.2290852424599676 -1.281442467245964 -0.8503212698274719 -0.8500586684565176 -0.9398998011849365 -1.762413967867258 -0.8495558059631345 -0.8738372627319503 -1.1840593874814476 -0.8586847919955546 -0.7785694323315163 -0.8303772938951 -0.8066839010616049 -0.7782349254706381 -0.8715352851175763 -0.7890272543571922 -0.8162164435474404 -1.3478197098570102 -0.8014669502778196 -0.7803872863731979 -0.8206879583191076 -0.791040368255944 -0.8120763788428129 -0.8062784200614564 -0.7687201925541863 -0.7788499337213729 -0.7506117101319422 -0.7932465871900595 -0.7407170064476697 -0.7545024891298154 -0.7448793854132935 -0.7041614948405818 -0.7319135745908056 -0.7506471839317687 -0.7986996573647129 -0.812004109763251 -0.8271382522816413 -0.817725194082225 -0.8001191949810049 -1.7505800695998766 -1.2290630768374617 -0.8690621637320041 -0.8147273169655362 -0.8098109375772292 -0.842090727236391 -0.8892650135249501 -0.8188253299116854 -0.7888273451878549 -0.778500644835147 -0.771081795347056 -0.7814836843055291 -0.7737822378378546 -0.7535332976939638 -0.7539813273926836 -0.7530893713432618 -0.7904801579065986 -1.2522954763510992 -0.8244634650003185 -0.7934093522915168 -0.8175619461746771 -0.8063262892345496 -0.8129938591878834 -0.8143646555625459 -0.814892153214456 -1.2562840924556515 -0.8524425679877413 -0.8297162854639277 -0.8996611231112215 -0.8075345845129683 -0.8154219831392069 -0.8626535029518498 -0.8325093684072458 -0.7927420918914202 -0.8038847698211947
-1.2622530423075535 -0.8020544707689675 -0.834630531299794 -0.9145591765178703 -0.7914437383004033 -0.780041610549279 -0.7701485841431833 -0.7731236048865238 -0.7883222917821714 -0.7559196860328965 -1.3304566174223944 -1.8496084665455463 -0.7813171612549784 -0.7858505046120239 -0.775567715719593 -0.7609877098044747 -0.767914078599064 -0.7554140730776217 -0.7217262766506073 -0.7409494896477065 -0.7350465232693428 -0.710762590711322 -0.7286052927329718 -0.7331939464877261 -0.7713197036569847 -0.7781631547715685 -0.7942423434343379 -0.7914464003472906 -0.804127442378416 -0.7944392648809738 -0.8225072591800952 -0.8035198536173864 -0.7826160003504573 -1.7150749209366953 -1.7512650050507952 -1.2728528989609402 -1.4095254226375067 -1.9258009852325102 -1.4617738374803382 -2.5257540070707196 -1.8106378607778082 -1.787178663480216 -1.8483497248728054 -1.8099219017354018 -1.8855082732142308 -1.8935430570428404 -1.8682806056245442 -0.8422302729339228 -0.7947205148724068 -0.757321082057148 -0.7414710378440075 -0.7496537940256971 -0.7254334033462064 -0.7260135177013181 -0.7421789886110783 -0.7402905876751074 -0.7935415911225652 -0.8098114884263209 -0.8353919036033114 -0.8003579383063014 -0.8120162502248083 -0.8175154954346916 -0.8308438989626493 -0.8036122552832036 -0.8270815358798126 -1.3096616828779106 -0.8461500676352611 -0.8220335411671279 -0.8399908482414796 -0.8351342678423169 -0.7726685352446395 -0.7776515488925506 -0.7704923215217845 -0.8132533434325357 -0.7728087461469558 -0.7813648260373112 -0.7988758826956108 -0.7981040928779684 -0.7893335506245854 -0.7637390507301451 -0.7670576074058978 -0.7949302212405313 -0.7539194787461878 -0.7574899421611592 -0.7577419115483103 -0.7720119156846077 -1.3451005110477765 -1.2506535725638062 -0.8503212698274719 -0.8368519803088192 -0.9222728614209729 -1.7783020568401466 -0.8660728133861577 -0.8871118127627493 -1.2146905197443114 -0.8406283581489514 -0.747437872515029 -0.8007028602419068 -0.8148453845690575 -0.7915381220491542 -0.8715352851175763 -0.7890272543571922 -0.8257137907385804 -1.3171345207653558 -1.3116608126762406 -0.8131566801586194 -1.3010991795847577 -0.8120768770951434 -0.9678220810259821 -0.8457696132429282 -1.2181154071655933 -0.7655375752699618 -0.7583646594389089 -0.7868646796989832 -0.7407170064476697 -0.7416641799533876 -0.7448793854132935 -0.7066033800242096 -0.7242963468397262 -0.7550191763101445 -0.7986996573647129 -0.8253600495169595 -0.8271382522816413 -0.823634846601548 -0.7965495808780235 -2.3962517244235713 -1.8551972761029587 -0.9253502916248945 -0.808586133141883 -0.8379180815982677 -0.842090727236391 -0.905628238884842 -0.8573515440246967 -0.8157749969629607 -0.8051532368521521 -0.7790480791918873 -0.7814836843055291 -0.7931479642880069 -0.767952620699214 -0.7627754891148786 -0.7660271630413953 -0.7930222490155108 -1.2443516503360372 -0.8169088654421487 -0.7934093522915168 -0.8108124187273932 -0.7986765185714458 -0.8129938591878834 -0.8143646555625459 -0.853960758461892 -1.2480261307841005 -0.8547651958178628 -1.2935760291452816 -1.3840143766957258 -0.8290459275863283 -1.3172404559164432 -0.8628703540871201 -1.3042944813208512 -0.8421451123127935 -0.8150971331733112
-1.2622530423075535 -0.8020544707689675 -0.8273714554904682 -0.9145591765178703 -0.7820725043686485 -0.780041610549279 -0.7701485841431833 -0.7694215041844749 -0.7713770520226577 -0.7497360292463047 -1.3304566174223944 -1.8420889402205427 -0.7813171612549784 -0.7456482008887927 -0.7565417235605678 -0.7488260474055101 -0.767914078599064 -0.7471111312900701 -0.7167627675871496 -0.7409494896477065 -0.7392472568068305 -0.7001325272521733 -0.7285437363082322 -0.7331939464877261 -0.7753395862122803 -0.7700559753959876 -0.789532951606504 -0.7975499660527168 -0.804127442378416 -0.8032962930724313 -0.8274087702347293 -0.8035198536173864 -0.7826160003504573 -1.7364569550240485 -1.7512650050507952 -1.2607470377059884 -1.4372400308149067 -1.9210093094999259 -1.453389750163915 -2.5257540070707196 -1.7956921476497008 -1.7955696710374456 -1.8483497248728054 -1.8099219017354018 -1.8855082732142308 -1.8935430570428404 -1.8518416088016587 -0.8318388229195558 -0.8010017415634754 -0.757321082057148 -0.750906524383609 -0.7434912777815095 -0.7315843970999435 -0.7413898924839761 -0.7527700858693211 -0.7455321393841378 -0.8008572595525514 -0.8113855938613126 -0.8232217510886012 -0.8578849108030607 -0.849602433638711 -0.8175154954346916 -0.8354086854873518 -0.7870720972033843 -0.8206017013579959 -1.3096616828779106 -0.8461500676352611 -0.8228538249058062 -0.8394372903908164 -0.8301143009836042 -0.7726685352446395 -0.8162399904793132 -0.7771187740043889 -0.8132533434325357 -0.7795931001154672 -0.7813648260373112 -0.7940304618855091 -0.7920769715421271 -0.7941278627177588 -0.7710606047250294 -0.7670576074058978 -0.7949302212405313 -0.7610125924398693 -0.7681758128972328 -0.7901491276803284 -0.7617492203582314 -1.3165274037418835 -1.281442467245964 -0.8379857844785921 -0.8368519803088192 -0.9222728614209729 -1.7685464510741704 -0.8660728133861577 -0.8871118127627493 -1.227151496758757 -0.8273882448057955 -0.7593594364001817 -0.8082806740541038 -0.8066839010616049 -0.7890822828859588 -0.8885392657907839 -0.8020505764386768 -0.8257137907385804 -1.3478197098570102 -1.3116608126762406 -0.8149363843408324 -1.292524851298687 -0.8194473587551742 -0.9689543404475068 -0.8457696132429282 -1.2348947417803773 -0.7654830018824083 -0.7583646594389089 -0.7915627963936214 -0.7407170064476697 -0.7592729395423632 -0.746271065798628 -0.7183380174059292 -0.7346600950132156 -0.7716149959852562 -0.8042263658927779 -0.810367458843445 -0.8271382522816413 -0.8220793901135957 -0.8054316988891609 -2.3962517244235713 -1.8439063809362708 -0.9253502916248945 -0.808586133141883 -0.8379180815982677 -0.8315406002550533 -0.8931008203833262 -0.8508147841503038 -0.8157749969629607 -0.8077864601049491 -0.7853665486459261 -0.7814836843055291 -0.7835448482860756 -0.767952620699214 -0.7450595291625561 -0.748791450832381 -0.7930222490155108 -1.2443516503360372 -0.824879574646186 -0.8004726029523717 -0.7982975357238201 -0.7935944471430766 -0.8129938591878834 -0.8063316649698858 -0.8448478293781685 -1.2480261307841005 -0.8547651958178628 -1.2935760291452816 -1.400023764994625 -0.8802829627125577 -1.344216227415496 -0.8637533386443339 -1.3379014303927816 -0.8333639104679179 -0.8218036380953019
-1.240687407326451 -0.7958115617965992 -0.831909192856558 -0.8103960462254268 -0.7773658144622427 -0.7729499763821588 -0.7614259834636553 -0.7659112726095086 -0.7483710710312724 -0.7316255068783001 -0.8120187106348595 -1.834690765606071 -0.7753174654386839 -0.752260031973909 -0.7431796502885799 -0.7399389942776639 -0.7446813918555807 -0.7400063933799718 -0.7093109742332677 -0.77695466531315 -0.7283135808288534 -0.7240652571951529 -0.7720250259628598 -0.7392187139255775 -0.7805673549315552 -0.7739151461941457 -0.789532951606504 -0.7915167639449265 -0.8087377495925521 -0.8155485017425145 -0.8174523243834318 -0.8035198536173864 -0.7826160003504573 -1.7389927909109149 -1.7334347580177636 -1.230642177016263 -1.7231288669037699 -2.516173275507341 -1.453389750163915 -2.5135816935633906 -1.7956921476497008 -1.7874683417733515 -1.8483497248728054 -1.7970537265543371 -1.8823462025845408 -1.8759388392433876 -1.833304995988104 -0.8038083516157831 -0.7940580335748523 -0.7746559351341372 -0.7437416841126021 -0.7402716773567193 -0.7433442513202836 -0.7471523721556579 -0.7663212330489726 -0.7555951253856948 -0.7874449129368761 -0.8016726781169632 -0.8150557124942603 -0.7683660151479104 -0.8360191892332197 -0.8052523388696728 -0.815475796901435 -0.7814495156682956 -0.7947427343786723 -0.7933846875140429 -0.7798770555097204 -0.791256112068739 -0.7715759782645935 -0.7747534914332787 -0.7648994160698157 -0.7717656973090065 -0.7707691704013604 -0.7673977956429681 -0.7852312010156292 -0.7946008336436209 -0.7988643408951126 -0.7929791965114822 -0.7863577423457508 -0.7669544780715493 -0.7670576074058978 -0.8051385252387899 -0.7555890510036596 -0.7851086853821181 -0.8030022728627184 -0.7878684625085519 -1.2437722860510263 -1.2954886682128735 -0.8379857844785921 -0.8368519803088192 -0.9329871161097566 -1.7558179549042314 -0.8576424788969511 -0.8871118127627493 -1.2234088299508181 -0.8511993034666238 -0.7697218594275363 -0.8824993670302488 -0.8167295065084643 -0.798498736651084 -0.8992951069708113 -0.8020505764386768 -0.8162164435474404 -1.321088481698132 -1.2767244348876443 -0.8108170952332775 -1.3042811158541554 -0.8194473587551742 -0.9778388679058646 -1.2906048753758885 -1.2130819916840783 -0.7654830018824083 -0.7446977204521589 -0.7721163180862788 -0.7769331460626241 -0.8037933129936106 -0.7660370837546335 -0.7417062605174891 -0.7223215345276551 -0.7655980728058845 -0.7915902623355034 -0.810367458843445 -0.8271382522816413 -0.8148548644183579 -0.8105968795390045 -2.3618534555569455 -1.8538071148381554 -1.1614507867221826 -0.8160564880615582 -0.8205024208832145 -0.8315406002550533 -0.8762284919820379 -0.8226241111852447 -0.7901212332677776 -0.8077864601049491 -0.7759646625903736 -0.7845553801344692 -0.774025319777388 -0.7630538927947417 -0.7376573973924891 -0.748791450832381 -0.7924484306472931 -1.2443516503360372 -0.7748229937428819 -0.8004726029523717 -0.785066356115378 -0.7820634494350682 -0.8053691707129548 -0.8053234554998091 -0.828300699925086 -1.2395861827056391 -0.8412686719411445 -1.3148291822116005 -1.4224940171281153 -0.8449505799155339 -1.3444336141651099 -0.886021923995382 -1.8887143677957512 -0.8441443515176825 -0.8051872375644261
-1.2536949899018826 -0.7958115617965992 -0.8251515403965978 -0.9355858962976097 -0.7773658144622427 -0.7729499763821588 -0.7547850520434913 -0.7659112726095086 -0.7374508717644287 -0.7316255068783001 -0.8120187106348595 -1.834690765606071 -0.7753174654386839 -0.7446835059810534 -0.7462540472712849 -0.7727844238824739 -0.7398961283504805 -0.7334606372723723 -0.7093109742332677 -0.77695466531315 -0.7173732375502636 -0.7285091527804727 -0.7654467969204501 -0.7392187139255775 -0.7849514369350683 -0.7739151461941457 -0.789532951606504 -0.7915167639449265 -0.8087377495925521 -0.8155485017425145 -0.806201025897601 -0.7936077471759749 -0.7826160003504573 -1.7389927909109149 -1.7334347580177636 -1.230642177016263 -1.7231288669037699 -2.516173275507341 -2.048381036731692 -2.5270943682900113 -1.7956921476497008 -1.7874683417733515 -1.8483497248728054 -1.7891436861163574 -1.8823462025845408 -1.8759388392433876 -1.833304995988104 -0.8038083516157831 -0.7839155386494894 -0.7626318856220946 -0.735388206384129 -0.769539081277671 -0.7273288834937994 -0.737102249244729 -0.7663212330489726 -0.7555951253856948 -0.7874449129368761 -0.8016726781169632 -0.8074642282850806 -0.8244099323805328 -0.8360191892332197 -1.2663905836735556 -0.8855821620961402 -0.775115884157965 -0.7831372570462382 -0.7933846875140429 -0.7912918041630305 -0.78121220679188 -0.7850741709851486 -0.7747534914332787 -0.7648994160698157 -0.7768202807314921 -0.7771187740043889 -0.7673977956429681 -0.778739510981501 -0.7946008336436209 -0.7988643408951126 -0.7863279876656943 -0.8000802455287693 -0.7669544780715493 -0.7670576074058978 -0.8051385252387899 -0.7495604021442305 -0.7851086853821181 -0.7944528343711584 -0.7720119156846077 -1.3165274037418835 -1.3221855265018814 -0.8379857844785921 -0.8368519803088192 -0.9329871161097566 -1.7752312970154245 -0.8576424788969511 -0.8871118127627493 -1.2109673497552467 -0.8398020108498694 -0.7510586554753776 -0.8303203255419374 -0.8167295065084643 -0.798498736651084 -0.8992951069708113 -0.8269397896547641 -0.8162164435474404 -1.354019554134928 -1.2921781451891712 -0.8108170952332775 -1.3042811158541554 -0.8207526801320206 -0.9778388679058646 -1.2906048753758885 -1.2130819916840783 -0.7654830018824083 -0.7395446257370557 -0.7721163180862788 -0.7665060099176189 -0.8037933129936106 -0.7660370837546335 -0.7417062605174891 -0.7224114585182895 -0.7736719406339322 -0.7915902623355034 -0.810367458843445 -0.8271382522816413 -0.8148548644183579 -0.7974221288489585 -2.3618534555569455 -1.8682059746792887 -1.1614507867221826 -0.8273328902693522 -0.832539727967474 -0.8464633741876942 -0.8762284919820379 -1.0442503655248725 -0.8122556677394986 -0.8077864601049491 -0.786610296544642 -0.7908616315956908 -0.7801708424315612 -0.7671039473220623 -0.744373292840808 -0.748791450832381 -0.7924484306472931 -1.2555677493320352 -1.280549056375342 -0.7926600737333991 -0.785066356115378 -0.7870969854518678 -0.8053691707129548 -0.8053234554998091 -0.8372996168353838 -1.2395861827056391 -0.8412686719411445 -1.3148291822116005 -1.4224940171281153 -0.8449505799155339 -1.3444336141651099 -0.9187809169128912 -1.8753917905970996 -0.8594344756286956 -0.8051872375644261
-1.2536949899018826 -0.7958115617965992 -0.8251515403965978 -0.9355858962976097 -0.7773658144622427 -0.780041610549279 -0.7547850520434913 -0.7659112726095086 -0.7483710710312724 -0.7316255068783001 -0.8486725037812699 -1.8421998152771573 -0.8067943114536793 -0.743780250585719 -0.7462540472712849 -0.7675810012269121 -0.7398961283504805 -0.7334606372723723 -0.7090711148035076 -0.7923956355951816 -0.7364330154353621 -0.7381119424492683 -0.7525812223118218 -0.7451705736511237 -0.7765295418475943 -0.7679682109202584 -0.789532951606504 -0.7854435628750484 -0.8087377495925521 -0.7990627809683013 -0.806201025897601 -0.7936077471759749 -0.7826160003504573 -1.7175990540666883 -1.7334347580177636 -1.230642177016263 -1.4260275482916778 -2.516173275507341 -1.453389750163915 -2.5270943682900113 -1.8456051533903943 -1.7874683417733515 -1.8483497248728054 -1.7891436861163574 -1.866856480683394 -1.8759388392433876 -1.833304995988104 -0.8038083516157831 -0.7777227488477093 -0.7626318856220946 -0.7359232131631953 -0.7818490413803985 -0.7334376920747798 -0.7441053607097292 -0.759813463064754 -0.7596251918753074 -0.7874449129368761 -0.8083491429168133 -0.807127834504579 -0.7683660151479104 -0.7988242052902955 -1.2663905836735556 -0.8746000113071309 -0.775115884157965 -0.7831372570462382 -0.7933846875140429 -0.7912918041630305 -0.7788211903815733 -0.7913172929171588 -0.7795530921676478 -0.7648994160698157 -0.7768202807314921 -0.7771187740043889 -0.7748261193707922 -0.7824649196431596 -0.8005027825558826 -0.7988643408951126 -0.7929791965114822 -0.7951742557280354 -0.7669544780715493 -0.7670576074058978 -0.8051385252387899 -0.7555890510036596 -0.7821543530128573 -0.7796477799819689 -0.7720119156846077 -1.2970539724014603 -1.281442467245964 -0.8379857844785921 -0.8368519803088192 -0.9329871161097566 -1.7752312970154245 -0.8576424788969511 -0.8871118127627493 -1.2109673497552467 -0.8398020108498694 -0.7807521680888755 -0.8976455783650351 -0.8167295065084643 -0.798498736651084 -0.8821629603217832 -0.8269397896547641 -0.8162164435474404 -1.354019554134928 -1.2921781451891712 -0.85146479576028 -1.312893212003041 -0.8207526801320206 -0.9778388679058646 -1.2906048753758885 -1.2130819916840783 -0.7654830018824083 -0.7446977204521589 -0.7793486125069895 -0.7561730979635799 -0.7973105997921316 -0.7583221200349732 -0.7417062605174891 -0.7224114585182895 -0.7736719406339322 -0.786120617453353 -0.8253600495169595 -0.8271382522816413 -0.8148548644183579 -0.7974221288489585 -2.386375866436108 -1.8682059746792887 -1.1614507867221826 -0.8273328902693522 -0.832539727967474 -0.8571333585057048 -0.8886090698454239 -0.8226241111852447 -0.8122556677394986 -0.8159596382309401 -0.786610296544642 -0.7908616315956908 -0.7921018007049158 -0.7505826309743673 -0.7494921897742641 -0.7465677924355275 -0.7924484306472931 -1.2555677493320352 -0.8167076471978918 -0.7856421460257764 -0.791675494066573 -0.7870969854518678 -0.8053691707129548 -0.8133499358573976 -0.8372996168353838 -1.2395861827056391 -0.8412686719411445 -1.3148291822116005 -1.4224940171281153 -0.8449505799155339 -1.3342135060765896 -0.9186119586638245 -1.8753917905970996 -0.8594344756286956 -0.8169589065564016
-1.2536949899018826 -0.7958115617965992 -0.8251515403965978 -0.9145591765178703 -0.7773658144622427 -0.780041610549279 -0.7547850520434913 -0.7609129202284822 -0.769706676784868 -0.7316255068783001 -0.8486725037812699 -1.274024241556802 -0.7704738789323771 -0.7300528196303966 -0.73960962826742 -0.7574771213620854 -0.7398961283504805 -0.7334606372723723 -0.7090711148035076 -0.769236093853763 -0.7358563767891347 -0.7444609141148618 -0.7666143954173282 -0.7405256107597759 -0.7765295418475943 -0.7717473520046214 -0.789532951606504 -0.7854435628750484 -0.8087377495925521 -0.7990627809683013 -0.806201025897601 -0.7860825182076766 -0.7826160003504573 -1.7175990540666883 -1.7334347580177636 -1.2426025578053266 -0.9041648391768844 -2.516173275507341 -1.444034641116476 -2.5270943682900113 -1.8456051533903943 -1.7790909799284444 -1.8483497248728054 -1.7938665675960528 -1.8515885600161888 -1.8759388392433876 -1.849687201015889 -0.8038083516157831 -0.7777227488477093 -0.7626318856220946 -0.7359232131631953 -0.782553344259566 -0.7334376920747798 -0.7825234621010252 -0.749238659207674 -0.7596251918753074 -0.7929142523122928 -0.8083491429168133 -0.807127834504579 -0.7683660151479104 -0.7988242052902955 -0.8052523388696728 -0.8522270991089959 -0.7914911866805516 -0.7831372570462382 -0.7933846875140429 -0.8094533021561788 -0.7788211903815733 -0.7471823762399035 -0.7795530921676478 -0.7648994160698157 -0.7837353222743854 -0.7846820093897858 -0.7748261193707922 -0.7935369329672987 -0.7946008336436209 -0.7988643408951126 -0.7863279876656943 -0.8000802455287693 -0.7669544780715493 -0.7670576074058978 -0.8051385252387899 -0.7555890510036596 -0.7767859227507818 -0.7631019418863069 -0.7647837946493871 -1.2248422107490002 -1.281442467245964 -0.8503212698274719 -0.8368519803088192 -0.9329871161097566 -1.7490754086634321 -0.8427027406418706 -0.8871118127627493 -1.2109673497552467 -0.8398020108498694 -0.7582549079826815 -0.8976455783650351 -0.8167295065084643 -0.798498736651084 -0.9191091275471324 -0.813654478133255 -0.8162164435474404 -1.354019554134928 -1.2921781451891712 -0.8437024400562916 -1.3239922557457242 -0.8207526801320206 -0.9778388679058646 -1.2906048753758885 -1.1964556985407446 -0.7725116232018215 -0.7420514848496328 -0.7544739927321962 -0.7728658740065144 -0.7791183807941785 -0.7601884659096646 -0.733967425881651 -0.715864007267883 -0.7736719406339322 -0.786120617453353 -0.8253600495169595 -0.8271382522816413 -0.823634846601548 -0.8016776236576407 -2.386375866436108 -1.8682059746792887 -1.1873232653548482 -0.8273328902693522 -0.832539727967474 -0.8571333585057048 -0.8886090698454239 -0.8226241111852447 -0.7997423304135545 -0.8159596382309401 -0.772921694900079 -0.7908616315956908 -0.7921018007049158 -0.7859951673658615 -0.7468153552840446 -0.7560461737502515 -0.7924484306472931 -1.2555677493320352 -0.8167076471978918 -0.7856421460257764 -0.8041227418061759 -0.7870969854518678 -0.8053691707129548 -0.8133499358573976 -0.8372996168353838 -1.2395861827056391 -0.8412686719411445 -1.3148291822116005 -1.4224940171281153 -0.8456011777844755 -1.3342135060765896 -0.8862331189840976 -1.8623344644967712 -0.8683885873708572 -0.8051872375644261
-1.2622071247016526 -0.7958115617965992 -0.8114557777814001 -0.9145591765178703 -0.7773658144622427 -0.780041610549279 -0.7547850520434913 -0.7640536146455933 -0.769706676784868 -0.7316255068783001 -0.8486725037812699 -1.274024241556802 -0.7612192749928687 -0.7346960838795125 -0.7649114001626101 -0.7513124181487126 -0.7356429122607534 -0.7334606372723723 -0.7290762505457634 -0.7698290769773585 -0.7397698715320142 -0.7020468180023938 -0.7525812223118218 -0.7405256107597759 -0.7765295418475943 -0.7717473520046214 -0.7942423434343379 -0.7854435628750484 -0.8087377495925521 -0.7990627809683013 -0.7923498724578659 -0.782012001632857 -0.7826160003504573 -1.7175990540666883 -1.7334347580177636 -1.231804371107371 -0.9041648391768844 -2.560985173108884 -1.444034641116476 -2.5270943682900113 -1.2733457687218732 -1.7687076539838695 -1.8483497248728054 -1.7938665675960528 -1.8515885600161888 -1.8759388392433876 -1.849687201015889 -0.7958431585772913 -0.7655917831810107 -0.7575950012597977 -0.7435850240283812 -0.784507140007245 -0.7298632686905204 -0.7825234621010252 -0.7415990574916611 -0.7618849099628141 -0.7929142523122928 -0.7936016042408321 -0.788564825657385 -0.7683660151479104 -0.7988242052902955 -0.8052523388696728 -0.8449391415191125 -0.7914911866805516 -0.7917077076492823 -0.7933846875140429 -0.8094533021561788 -0.7688819983754059 -0.7693479493825743 -0.7625686815201483 -0.7648994160698157 -0.7711466405363241 -0.7846820093897858 -0.7748261193707922 -0.7935369329672987 -0.7946008336436209 -0.7988643408951126 -0.7863279876656943 -0.7952624107813304 -0.761506550942455 -0.7745270103102964 -0.7996121903429091 -0.7466772789757251 -0.764377925696961 -0.7386002749591186 -0.7775566577877145 -1.2244233574049175 -1.281442467245964 -0.8213668565135723 -0.8368519803088192 -0.9329871161097566 -1.7490754086634321 -0.8504393975206058 -0.8871118127627493 -1.2109673497552467 -0.8398020108498694 -0.7528532162007352 -0.8976455783650351 -0.8167295065084643 -0.8295070996704331 -0.9191091275471324 -0.813654478133255 -0.8162164435474404 -1.3232667625431884 -0.8255316698876043 -0.8364303296051588 -1.3172872903724968 -0.8207526801320206 -0.9778388679058646 -1.2906048753758885 -0.7838020298219152 -0.7861839599184285 -0.7383299482839134 -0.735005675410423 -0.7544799596409307 -0.7752753205679771 -0.7592766081424458 -0.7403593981248875 -0.715864007267883 -0.7736719406339322 -0.7929664530994516 -0.8253600495169595 -0.8271382522816413 -0.823634846601548 -0.8016776236576407 -2.3304037763581307 -1.8895890819546592 -1.1614507867221826 -0.8273328902693522 -0.832539727967474 -0.8571333585057048 -0.8968989491806116 -0.8226241111852447 -0.8300813687783016 -0.8159596382309401 -0.772921694900079 -0.8226347614448748 -0.7511276254963656 -0.7683721021678496 -0.7988247813897383 -0.7491836605963973 -0.7622933640054653 -1.2555677493320352 -0.8167076471978918 -0.7856421460257764 -0.7983848679272207 -0.7870969854518678 -0.8053691707129548 -0.8133499358573976 -0.8372996168353838 -1.2395861827056391 -0.8412686719411445 -1.3017711805587113 -1.368870334830558 -0.8456011777844755 -1.3193159937636594 -0.8862331189840976 -1.8623344644967712 -0.8683885873708572 -0.7948552548265092
-1.2622071247016526 -0.7958115617965992 -0.8114557777814001 -0.9145591765178703 -0.7716178773385632 -0.780041610549279 -0.7547850520434913 -0.7653916079032163 -0.769706676784868 -0.7364192753659803 -0.8486725037812699 -1.8352374596431786 -0.7612192749928687 -0.7904884589879606 -0.8266448886392274 -0.7513124181487126 -0.7399511800419787 -0.7414516162063612 -0.7275276144185339 -0.7383482030225965 -0.7333920996669487 -0.7251513085709578 -0.7598296894625587 -0.7358381765453287 -0.7765295418475943 -0.7717473520046214 -0.7850567586859009 -0.7914464003472906 -0.7960457398458356 -0.7990627809683013 -0.7923498724578659 -0.7895116366438634 -0.7826160003504573 -1.7175990540666883 -1.7334347580177636 -1.231804371107371 -0.9041648391768844 -2.560985173108884 -1.4287627518805317 -2.5270943682900113 -1.2733457687218732 -1.7979083868654415 -1.8483497248728054 -1.7938665675960528 -1.8515885600161888 -1.8759388392433876 -1.849687201015889 -0.7958431585772913 -0.7655917831810107 -0.7575950012597977 -0.7435850240283812 -0.8016593138852436 -0.7462517525809165 -0.7825234621010252 -0.7100519991032919 -0.7505948200235876 -0.7929142523122928 -0.7936016042408321 -0.788564825657385 -0.7834225661505504 -0.7988242052902955 -0.8104691754348071 -0.8515079083143421 -0.7914911866805516 -0.7917077076492823 -0.8041689368580405 -0.8094533021561788 -0.7739245166435794 -0.7693479493825743 -0.7625686815201483 -0.7648994160698157 -0.757549798932595 -0.7771187740043889 -0.7876600281794244 -0.7929488630845679 -0.7946008336436209 -0.7925346604726531 -0.7929791965114822 -0.7887840664377108 -0.7542457009086201 -0.7745270103102964 -0.7996121903429091 -0.753591100010789 -0.764377925696961 -0.7386002749591186 -0.7934879243592265 -1.2244233574049175 -1.281442467245964 -0.8213668565135723 -0.8410522072919502 -0.9417391645942085 -1.7490754086634321 -0.8371893925419891 -0.8630727246619155 -1.2109673497552467 -0.8388410736060142 -0.7825935954605442 -0.8890714932100894 -0.8167295065084643 -0.8229203710082968 -0.9191091275471324 -0.813654478133255 -0.7813959950412606 -1.3232667625431884 -0.845659503889816 -0.8517875201333496 -1.3172872903724968 -0.8207526801320206 -0.9767004802958508 -1.2544246560271575 -0.7838020298219152 -0.7861839599184285 -0.7383299482839134 -0.7387116840757222 -0.7544799596409307 -0.739262327988576 -0.7468048601001529 -0.7266784623013179 -0.715864007267883 -0.7617652038019395 -0.7873766447484147 -0.8044258412313859 -0.8271382522816413 -0.823634846601548 -0.8016776236576407 -2.319621091308537 -1.8895890819546592 -1.1614507867221826 -0.8273328902693522 -0.832539727967474 -0.8721551889654342 -0.8748315733106153 -0.8226241111852447 -0.8300813687783016 -0.8159596382309401 -0.7649970838933835 -0.81598691670516 -0.7672028854275387 -0.77475144562018 -0.7824279485586431 -0.7520097464651172 -0.7982759222382623 -1.2555677493320352 -0.8167076471978918 -0.7856421460257764 -0.8038369209838634 -0.7870969854518678 -0.8128236653670559 -0.8205096666019353 -0.8372996168353838 -1.2395861827056391 -0.8412686719411445 -1.3124092828221698 -1.342519937995536 -0.8333228624578332 -1.3071201924457945 -0.8862331189840976 -1.8399674076691397 -0.8102534561497378 -0.7948552548265092
-1.2770110648909097 -0.8111519526843832 -0.8114557777814001 -0.9145591765178703 -0.7753207159345622 -0.7829033480108117 -0.7582571080569694 -0.7694366587895272 -0.7899965777096297 -0.7562188379628663 -1.2971243527977319 -1.859751483031349 -0.8265314507450655 -0.8426392372151541 -0.8360950457992548 -0.7734741517418426 -0.7435882130566439 -0.7577445957495579 -0.7402220766717179 -0.7428412945006844 -0.7296922923228616 -0.731272742280553 -0.7396081796784324 -0.7352855697080127 -0.7714122853699173 -0.7721945762904541 -0.7723416855880201 -0.7822507408271769 -0.7856105127376177 -0.791016004192092 -0.7982298749181763 -0.7895116366438634 -0.7826160003504573 -1.2099988312684864 -1.251538471363818 -1.2492337426186495 -0.9207850619219955 -1.804934007693791 -1.324106941810129 -2.5392809898058113 -1.2733457687218732 -1.7979083868654415 -1.8483497248728054 -1.7938665675960528 -1.855103033618009 -1.8759388392433876 -1.856587703637424 -0.7933117444535983 -0.7655917831810107 -0.7458888750126654 -0.7321036668387947 -0.800751897836981 -0.7528711865489555 -0.7357192129758878 -0.7231611470963156 -0.739191037423411 -0.7990386086461688 -0.7936016042408321 -0.7894690092019344 -0.7996746107055875 -0.8045202634804433 -0.8054985818721105 -0.8413013447368846 -0.7914911866805516 -0.7917077076492823 -0.8672366357844761 -0.870062895096851 -0.7918882644595966 -0.7750458429559881 -0.7712370646071424 -0.7776386580616748 -0.7490860964606664 -0.7710249141373047 -0.7638412129078247 -0.7982798196347185 -0.7886654364558003 -0.777565918051118 -0.7909821755056564 -0.7941259655311095 -0.7698284524822472 -0.7816830995634124 -0.7823306988979128 -0.7512869565923497 -0.7945051716816575 -0.7646210791490873 -0.7794313546559576 -1.242195673401601 -1.2009317776519293 -0.8213668565135723 -0.8410522072919502 -0.9553520155956478 -1.7459521533945932 -0.8413447039070497 -0.8201682186808983 -1.193492143191168 -0.8388410736060142 -0.7586604245943767 -0.9468910437282851 -0.7981597249113145 -0.8399389073093336 -0.9191091275471324 -0.8039995418800154 -0.7731883654456569 -0.8496467635613315 -0.818256477433276 -0.8180117840103927 -0.833164650395954 -0.7995695481004581 -0.8120763788428129 -0.7703987821401092 -0.7522648855806755 -0.7925959012420853 -0.7458128669820814 -0.7380129469045135 -0.7303532400029044 -0.7374861062023751 -0.7443155613159809 -0.719843401202815 -0.725397658423424 -0.7586157425163012 -0.7873766447484147 -0.7978345427211098 -0.8271382522816413 -0.817725194082225 -0.8145933816155987 -1.7121233412433086 -1.264590743088061 -0.8560837426631578 -0.8107638670831226 -0.8156163841715244 -0.8721551889654342 -0.8916872176809902 -0.7998400218910896 -0.8098235036638518 -0.778500644835147 -0.754935951653773 -0.8010522602481885 -0.7781059118108766 -0.7505933026439906 -0.7277377603389894 -0.73706990453417 -0.7362345386430136 -0.8266866041952703 -0.7823171335867903 -0.7856421460257764 -0.8172730347629437 -0.7870969854518678 -0.8204939370628234 -0.8205096666019353 -0.8085288839505397 -1.21607079498855 -0.812591905306221 -0.8336086546332278 -0.837691768181157 -0.8216272015905017 -0.8091962890411976 -0.87522199938023 -0.7904558318972764 -0.8011159313733163 -0.7935637283205059
-1.2622530423075535 -0.7954603486754213 -0.8014773741121977 -0.791822564649533 -0.7746930733639206 -0.779656245295602 -0.7514438330404789 -0.7549429481025304 -1.220453333608217 -0.8359864259506015 -1.4112897898942982 -1.9127631067470223 -1.3020666851427678 -0.9401741118766638 -1.4098817627848637 -0.7946298803897877 -0.7439885412875145 -1.1881259216898443 -0.8060113888037199 -0.7858235105181434 -0.8407260248642716 -0.777081721813692 -0.7255770235278216 -0.7294820140484998 -0.7514594098243106 -0.7743632026132649 -0.7800308872602042 -0.7814482421225853 -0.7846996314917125 -0.7879693504926144 -0.7863176393310256 -0.7793351959092767 -0.8141366637133657 -1.226150491142052 -1.3192402270231978 -1.2943242037928995 -0.8867270399867324 -1.7173696881349354 -1.3554532025497084 -2.545821877743644 -1.233237334224138 -0.7864154473230158 -1.8483497248728054 -1.2439689762755517 -1.8914221196272365 -1.9134412113484975 -1.858744873614556 -0.8032101923464673 -0.7663012501621361 -0.7849033620497802 -1.3209448077156305 -0.8302700926987185 -1.2831706305696997 -0.8230643243783017 -0.735077110412499 -0.7295392330753343 -0.7580556585434349 -0.7764235774304572 -0.8260275033138661 -0.8674206104945839 -1.2821731509906573 -1.2407322893237 -0.8631605272517803 -0.8151924278797058 -0.8275362150004215 -0.7881579451629218 -0.7850924875846385 -0.7634687035207295 -0.7711315677130123 -0.7617042289643449 -0.7512962737904513 -0.7389981217017235 -0.7741071542010177 -0.7743511573829246 -0.7499494179894693 -0.7700343305091737 -0.7921691945978002 -0.7796050212129301 -0.7716508877818864 -0.7520863144663388 -0.753270787555173 -0.7759642074688424 -0.8463527112984586 -1.243360612311132 -0.7936104401923489 -0.7572822791109717 -0.7428075592536367 -1.2040926717967582 -1.2522035943113943 -0.8363193551948103 -0.9150580734197171 -1.762413967867258 -0.8644693567337131 -0.8559856012004404 -1.184457905886239 -0.7999775117807865 -0.7871834928564014 -0.9593112281035648 -0.83157296934816 -0.8041183853218867 -0.8998235842426352 -0.8984154982214548 -0.7654969546651935 -0.814125618591399 -0.8525287162895369 -0.8232815118775557 -0.8531910322503062 -0.8467820576006112 -0.8231084577704907 -0.8022236751256915 -0.7673373746723887 -0.739913908835907 -0.7530872958939484 -0.7625884085868353 -0.7559686438699541 -0.7931733212637828 -0.7589408141293551 -0.7227626918378518 -0.7107704876141916 -0.7306956543856545 -0.7864814892796851 -0.844096090825621 -0.8332490017276052 -0.8090720528294529 -0.7965495808780235 -2.3458796596811835 -1.1933655337592812 -0.8495332606562541 -0.8073153377461577 -0.8528968519651369 -0.842064009217671 -0.8509597906011468 -0.8089597477170803 -0.8077238345406622 -0.7822213597649635 -0.7660072467970683 -0.762637098116419 -0.7986076997751421 -1.8013256059568685 -0.8059544623374946 -0.7232887432209483 -0.7426481737753279 -0.7553897404823192 -0.7802104148653803 -0.7824459890086686 -0.7938721965986523 -0.7820634494350682 -0.7905263852035285 -0.7972736974528519 -0.7951390768889283 -1.2001077175090127 -0.8057971918806334 -0.8290014253217896 -0.8326730640527747 -1.3218245930037364 -1.1778980441773304 -0.8070511200284408 -0.8016685751610544 -0.795906554073514 -0.7786478087984807
-0.7970081964010921 -0.7624847346638334 -0.8014773741121977 -0.7551398449906217 -0.7659595052644919 -0.7750039655789097 -0.7514438330404789 -0.7357993037066509 -1.2339945242090185 -0.8359864259506015 -1.4112897898942982 -1.9550926393612253 -1.3020666851427678 -1.437857634554994 -1.9820718300749576 -0.7946298803897877 -0.7351513234161802 -1.1881259216898443 -0.8060113888037199 -0.7858235105181434 -0.8364593778849634 -0.7936632316086781 -0.7167859978590451 -0.7090554041510492 -0.7293436107144441 -0.7781631547715685 -0.7665468837063865 -0.7814482421225853 -0.779164459743245 -0.7946813643606119 -0.7863176393310256 -0.7793351959092767 -0.8141366637133657 -1.226150491142052 -1.3192402270231978 -0.845042010372329 -0.8944147111155631 -1.7173696881349354 -1.3554532025497084 -2.545821877743644 -1.233237334224138 -0.8014113897107347 -1.8483497248728054 -1.2439689762755517 -1.309079916708805 -1.9134412113484975 -1.856587703637424 -0.8032101923464673 -0.7663012501621361 -0.7858975021932684 -1.2966985979473074 -1.3434319798082721 -1.8530256861678203 -0.8230643243783017 -0.7742883644338426 -0.7295392330753343 -0.7389393325008191 -0.7687977566874981 -0.8260275033138661 -0.8601837868627685 -1.2821731509906573 -1.2320351033123889 -0.8631605272517803 -0.8094392182913853 -0.8275362150004215 -0.7796804883442741 -0.7971491250532464 -0.7575411145714096 -0.7711315677130123 -0.7526970609293553 -0.7462293040138126 -0.733133318617224 -0.735194719311409 -0.7622937448587673 -0.742602380829796 -0.7700343305091737 -0.8003302746320093 -0.771647340798297 -0.7640269940966011 -0.7358321674174109 -0.7418637067501613 -0.7956391604603948 -0.8463527112984586 -1.2035083670536044 -0.8312189728562213 -0.7572822791109717 -0.7428075592536367 -1.2040926717967582 -1.2522035943113943 -0.8363193551948103 -0.9150580734197171 -1.762413967867258 -0.8380988856811249 -0.843006841118567 -1.184457905886239 -0.8177204010152341 -0.8205634752595455 -0.9593112281035648 -0.83157296934816 -0.8041183853218867 -0.8998235842426352 -0.8984154982214548 -0.7587743024348853 -0.767423805184156 -0.8525287162895369 -0.8316052331510321 -0.8531910322503062 -0.8467820576006112 -0.7961094378969386 -0.8022236751256915 -0.7673373746723887 -0.7467847878042385 -0.7484107694979132 -0.7575521803728527 -0.783758325393683 -0.8026506959281285 -0.7530292995964785 -0.7159044158504737 -0.7107704876141916 -0.7251677861383506 -0.7807431031654773 -0.8125106296725984 -0.8332490017276052 -0.8090720528294529 -0.7965495808780235 -2.3458796596811835 -1.2010640864260376 -0.8495332606562541 -0.8073153377461577 -0.8528968519651369 -0.842064009217671 -0.8631157259025538 -0.8089597477170803 -0.8077238345406622 -0.7822213597649635 -0.7660072467970683 -0.762637098116419 -0.7986076997751421 -1.7913665072572031 -0.8451022697852038 -0.746784463234091 -0.7395158417773013 -0.7495481349042349 -0.7723309200720132 -0.7824459890086686 -0.7938721965986523 -0.7707822764871058 -0.7905263852035285 -0.7972736974528519 -0.7951390768889283 -1.2050049907344706 -0.7820376311864538 -0.8108016875279986 -0.8326730640527747 -0.8479771397288113 -1.2014398531901582 -0.8070511200284408 -0.791628946737883 -0.7889806076829113 -0.7786478087984807
-0.782549724094914 -0.7624847346638334 -0.8014773741121977 -0.7591679763621058 -0.745881098511958 -0.7385791873281962 -0.7466593244313617 -0.7357993037066509 -1.2210913854029417 -0.8373410948365111 -1.4112897898942982 -1.9550926393612253 -1.3020666851427678 -1.437857634554994 -1.9820718300749576 -0.7946298803897877 -0.7224268197840042 -1.1814238640270336 -0.799291619068304 -0.7858235105181434 -0.8286596854496304 -0.7936632316086781 -0.7167859978590451 -0.7004431330146567 -0.7381319501074216 -0.7781631547715685 -0.7665468837063865 -0.7724991442793827 -0.779164459743245 -0.7946813643606119 -0.7820504422847909 -0.7752877913406745 -0.8141366637133657 -1.2372471899939887 -0.8462317971817235 -0.845042010372329 -0.9031499836879319 -1.7173696881349354 -1.3554532025497084 -2.545821877743644 -1.1836012867961594 -0.7892552953008354 -1.2810146384957295 -1.2439689762755517 -1.3187665322010513 -1.9134412113484975 -1.856587703637424 -0.8032101923464673 -0.7663012501621361 -0.79375598473342 -1.2966985979473074 -1.3258828366645137 -1.8530256861678203 -0.7818850006788638 -0.8015547883679429 -0.7351556821404203 -0.7502405104977996 -0.7687977566874981 -0.7992739416048639 -0.8601837868627685 -1.2821731509906573 -1.2320351033123889 -0.8110246103696402 -0.8094392182913853 -0.8275362150004215 -0.7505017694427715 -0.7512294004573138 -0.7575411145714096 -0.7583394198762626 -0.7526970609293553 -0.7501329976144715 -0.7383686431741777 -0.7303055134017001 -0.7622937448587673 -0.7335471014210263 -0.7795738619836732 -0.8003302746320093 -0.7715251802697353 -0.7716508877818864 -0.7474666560318821 -0.7559782599996274 -0.788968300947329 -0.7657722859213368 -1.7577992908887021 -0.8312189728562213 -0.7548349213171466 -0.7301822729059861 -1.2212000441443647 -1.2420243216691338 -0.8523309707197297 -0.9041455302251822 -1.762413967867258 -0.861446391376276 -0.843006841118567 -1.184457905886239 -0.8177204010152341 -0.8098423039925396 -0.957647255232581 -0.8156929149731463 -0.8976693968550726 -0.8998235842426352 -0.885815761282567 -0.7587743024348853 -0.767423805184156 -0.8525287162895369 -0.8232815118775557 -0.8531910322503062 -0.8467820576006112 -0.7961094378969386 -0.7974389204612488 -0.7673373746723887 -0.7467847878042385 -0.7539721851452972 -0.7453638175720646 -0.7510129697305725 -0.7941951168207314 -0.7589408141293551 -0.7227626918378518 -0.7007335538188537 -0.726908526034866 -0.7692086763575517 -0.8125106296725984 -0.8332490017276052 -0.8032303911181975 -0.7965495808780235 -2.3458796596811835 -1.2096564200405082 -0.8495332606562541 -0.8073153377461577 -0.8528968519651369 -0.842064009217671 -0.8631157259025538 -0.8089597477170803 -0.8077238345406622 -0.7822213597649635 -0.7608065682643412 -0.7558797918616003 -0.7872818103953474 -1.7913665072572031 -0.8451022697852038 -0.7887355534879245 -0.7207895628502221 -0.7499679345168172 -0.7723309200720132 -0.7824459890086686 -0.7938721965986523 -0.7820634494350682 -0.7905263852035285 -0.7982508472523419 -0.7951390768889283 -1.1922096398545687 -0.7820376311864538 -0.7855467776815315 -0.7920467945765136 -0.8252839707974745 -0.7780115045797602 -0.8120006550680197 -0.7823575135306208 -0.795906554073514 -0.7786478087984807
-0.7644719474710447 -0.7534372787500083 -0.765633535026428 -0.7591679763621058 -0.745881098511958 -0.7333835065315852 -0.7263061549730943 -0.7312808844843018 -1.211938539054418 -0.8508565541901356 -1.4112897898942982 -1.9550926393612253 -1.3020666851427678 -1.437857634554994 -2.0234802891578747 -1.0559521111222767 -0.7224268197840042 -1.1686764462602972 -0.7926037883551996 -0.7858235105181434 -0.8286596854496304 -0.7862815047310587 -0.7364794872367434 -0.7041276272325144 -0.7381319501074216 -0.7685001788495903 -0.7665468837063865 -0.7731106591189755 -0.779164459743245 -0.7946813643606119 -0.7820504422847909 -0.7752877913406745 -0.8141366637133657 -1.2372471899939887 -0.8398074973343095 -0.7788399628302477 -0.9202999106251888 -1.7267282130985435 -1.3721437965682222 -2.56333068870425 -0.7947983433069785 -0.7509162354372305 -0.8166617088521699 -1.2520090648126683 -1.3187665322010513 -1.894418281062297 -1.856587703637424 -0.8032101923464673 -0.7890984349421541 -0.7523694918103099 -1.2966985979473074 -1.3641299148320278 -1.8080392907870693 -1.2084966216064799 -0.8086108432137885 -0.7586534454315514 -0.7502405104977996 -0.7687977566874981 -0.8276855229368331 -0.8601837868627685 -1.2821731509906573 -1.801408038942598 -0.8556773362027481 -0.7896483104583021 -0.7823653146553303 -0.7509819849576675 -0.7512294004573138 -0.7525553528511335 -0.7501761386223627 -0.7690681631284356 -0.7624207540842742 -0.7438490446172399 -0.7220548292012952 -0.7575188635068592 -0.7151184393609824 -0.7814661434833805 -0.7816314952948278 -0.7715251802697353 -0.7933806419854726 -0.7474666560318821 -0.8209177675316746 -0.777235878192339 -0.7657722859213368 -1.7570160599319695 -0.8344976535827082 -0.7937583683479841 -0.7232074169819235 -1.2065898453557478 -1.2420243216691338 -0.8193877066844265 -0.9041455302251822 -1.762413967867258 -0.8562692061144153 -0.843006841118567 -1.184457905886239 -0.8177204010152341 -0.8029148093613506 -0.957647255232581 -0.7727224533617348 -0.9301493700900213 -0.8998235842426352 -0.8678934683791023 -0.7648587518604095 -0.767423805184156 -0.843272146141915 -0.8232815118775557 -0.8424333849502109 -0.8467820576006112 -0.7769085667121904 -0.7974389204612488 -0.7673373746723887 -0.7280308778954557 -0.74639530683593 -0.7453638175720646 -0.758919793358287 -0.7962763276043021 -0.7485466525004922 -0.7425127363700732 -0.7201269656759103 -0.7304950144110827 -0.7737901503768918 -0.844096090825621 -0.8332490017276052 -0.8032303911181975 -0.7965495808780235 -3.0413990243538267 -1.203774367402373 -0.8495332606562541 -0.7964392348855817 -0.8528968519651369 -1.2940070981173217 -0.8631157259025538 -0.8089597477170803 -0.8077238345406622 -0.7822213597649635 -0.7608065682643412 -0.7558797918616003 -0.7757953452656533 -1.7913665072572031 -0.9057835274702666 -0.8099534114786332 -0.7271857673845099 -0.7428669278047029 -0.7723309200720132 -0.7689107149022978 -0.7862860123393758 -0.7820634494350682 -0.7905263852035285 -0.7982508472523419 -0.7951390768889283 -1.1854643474448014 -0.7820376311864538 -0.7285158912271764 -0.7788536490877823 -0.8100078265929386 -1.220097403201183 -0.8016185957669982 -0.7595948745209626 -0.795906554073514 -0.7786478087984807
-0.7644719474710447 -0.7633729684991658 -0.765633535026428 -0.7591679763621058 -0.7332799703255077 -0.7315570299677655 -0.7263061549730943 -0.7358367223066905 -1.211938539054418 -0.8508565541901356 -1.4112897898942982 -1.9550926393612253 -1.8536684930128515 -1.437857634554994 -2.0234802891578747 -1.041360416571685 -0.7241681177674313 -1.2718715946353403 -0.7926037883551996 -0.793956184694531 -0.8608364968450851 -0.8181220002194882 -0.7591225265801937 -0.7017371448697135 -0.7381319501074216 -0.7685001788495903 -0.7665468837063865 -0.777994788652343 -0.779164459743245 -0.7946813643606119 -0.7820504422847909 -0.7752877913406745 -0.7760291513237871 -0.7503318290784229 -0.8398074973343095 -0.7788399628302477 -0.9202999106251888 -1.726944454030857 -1.3576034827275807 -2.521107000794377 -0.7947983433069785 -0.7509162354372305 -0.8166617088521699 -1.271244320117887 -1.3066848580482033 -1.9051379974593585 -1.856587703637424 -0.8097244118979998 -0.7663012501621361 -0.7523694918103099 -1.1858869898253246 -1.313569368100858 -1.8080392907870693 -1.2644366984169861 -0.816826176305438 -0.7220250166042429 -0.7502405104977996 -0.7628364626962697 -0.7953139529403669 -0.8543499526551336 -1.8427958849284545 -1.2739016206004425 -0.8038346657047879 -0.7896483104583021 -0.7776211576833234 -0.8056734198649098 -0.7839534444922536 -0.7586927285017575 -0.7752262898776549 -0.7802702090733415 -0.7590777186807933 -0.767117291378331 -0.7280571819071414 -0.7545222880904218 -0.7812587580692106 -1.1776166607855862 -0.74461052940943 -0.765142069270382 -0.7933806419854726 -0.7474666560318821 -0.7829975544117187 -0.764635756373004 -1.2020723584870854 -1.7417139093454348 -1.2453155669514981 -1.2306201635522163 -0.7449882090591265 -1.1468584525518697 -1.2313673973311965 -0.8193877066844265 -0.9169915345376838 -1.762413967867258 -0.8562692061144153 -0.843006841118567 -1.184457905886239 -0.8177204010152341 -0.7863446678422346 -0.957647255232581 -0.7649285691946347 -0.9301493700900213 -0.8998235842426352 -0.8488002480893339 -0.7758569632536496 -0.8087473255603033 -0.843272146141915 -0.8232815118775557 -0.8424333849502109 -0.8251846568108194 -0.7769085667121904 -0.8072163763359501 -0.7559899649193602 -0.7336834583240945 -0.7406501841879343 -0.7413627284564868 -0.7498504099047704 -0.775182976957188 -0.785838149647999 -0.7878532459770188 -0.7151546700289187 -0.7239240300100732 -0.7737901503768918 -0.8302256951105094 -0.8230481653283365 -0.8032303911181975 -0.7900460926807645 -2.3701988131592615 -1.2220740888064692 -0.8495332606562541 -0.7964392348855817 -0.8416598098804329 -1.2940070981173217 -1.102855498231568 -0.8089597477170803 -0.7803001888830355 -0.7822213597649635 -0.7608065682643412 -0.7558797918616003 -0.8310151610065967 -1.8071536238959949 -0.9057835274702666 -0.8227811917271842 -0.7434600663341732 -0.7550694398005499 -0.80355920391586 -0.7657078346302936 -0.7640132477708669 -0.7820634494350682 -0.7905263852035285 -0.7894595683071831 -0.7951390768889283 -1.1854643474448014 -0.7820376311864538 -0.7441462418030991 -0.7587768148580546 -0.8074228570522444 -0.7626188203577906 -0.8285253128343738 -0.7877565420935575 -0.7957094287050617 -0.7716288730420179
-0.7696245080387063 -0.7633729684991658 -0.7586779381264402 -0.7591679763621058 -0.7332799703255077 -0.7328103637582423 -0.7263061549730943 -0.7433723219102448 -0.7700271838555576 -0.8170783736599055 -1.4512774547385323 -1.9573796825718857 -1.8536684930128515 -1.4126321675330025 -1.9972903958743653 -1.1341618784868739 -0.7424550359983442 -1.2287464643036976 -0.8895078288728663 -1.366675323878342 -1.3203948471584075 -0.8132364392410507 -0.7685367098134149 -0.722170905723359 -0.7137005802578562 -0.7465444896965598 -0.7763948227729415 -0.7731106591189755 -0.779164459743245 -0.7993528628452796 -0.8079214128859924 -0.7855288340441392 -0.750853436888759 -0.7503318290784229 -0.8055031257637094 -0.7704022848474559 -0.947982785184844 -1.7629523468814934 -1.36573147187993 -1.8918290455173477 -0.7817897375603 -0.7271638517867564 -0.7888891383847214 -1.8371281787060134 -1.23121996515263 -1.880004803980783 -1.8752047520161728 -0.8097244118979998 -0.7890984349421541 -0.802335626530403 -0.7693136727766605 -1.8750168922174704 -1.826684790591447 -1.2578641628460765 -0.8418939876424216 -0.7223497382059999 -0.7595456874330971 -1.215970151212669 -0.8644872449979363 -0.8615558362889285 -1.8427958849284545 -1.790018733479795 -1.3595891297077167 -0.8226108682735239 -0.7701704819117058 -0.7774111989243574 -0.778003064071247 -0.7592621368472955 -0.7630888335685119 -0.7885396225701732 -0.7503950254447541 -0.7775674951496017 -0.7748939566345494 -0.746709448472899 -0.7756911107217834 -1.1694860186915688 -0.7259389631525257 -0.7533847071454852 -0.7458041982794436 -0.7338788752271712 -0.7758335050245079 -0.7807996099468197 -1.203785782116518 -1.1836817577344545 -1.2767648419326691 -1.2256892151754097 -0.714693790834916 -0.7536765160600997 -1.2285192306019643 -1.2680055655008222 -1.461087520100948 -1.762413967867258 -0.8813842060764975 -0.843006841118567 -1.1946931929751818 -0.8060018542938425 -0.7784558550216759 -0.8605387158195541 -0.7649285691946347 -0.8919261008682655 -0.8998235842426352 -0.8408707732561556 -0.7854012979800207 -0.7923638676340005 -0.843272146141915 -0.8232815118775557 -0.8518605229110269 -0.8126813058059981 -0.7843076030374583 -0.8072163763359501 -0.767745445788238 -0.7396137294503604 -0.7626658527452083 -0.7678498124879455 -0.7498504099047704 -0.775182976957188 -0.7870454678801799 -0.7704430986236498 -0.711197389623732 -0.7239240300100732 -0.7722422335830088 -0.798978215057185 -0.8230481653283365 -0.8032303911181975 -0.7786104084228069 -2.3894012259316315 -1.2220740888064692 -0.8495332606562541 -0.8217307647806211 -0.8290149036301634 -1.332937383765746 -1.1698130934099773 -0.821042949338118 -0.7732070197924787 -0.7822213597649635 -0.7633984934710194 -0.7511364105876158 -0.8310151610065967 -2.440861451474617 -0.9242550438838276 -0.845896323995117 -0.7651473267234994 -0.7378744828017103 -0.7796269079623843 -0.7657078346302936 -0.7655768144228307 -0.770800149994129 -0.9006359111737813 -0.7773249490421874 -0.7951390768889283 -1.2476604433388534 -0.7658813017782101 -1.228154273310559 -0.7643216161869026 -1.271514024643019 -1.7850478471638058 -0.838241964114211 -0.7666310388910396 -0.7823299031057511 -0.7716288730420179
-0.7785397030362795 -0.7633729684991658 -0.7586779381264402 -0.7591679763621058 -0.7332799703255077 -0.7286691454774038 -0.7263061549730943 -0.7433723219102448 -1.1643937554404504 -0.8170783736599055 -1.4512774547385323 -1.9041501567569132 -1.8536684930128515 -1.4126321675330025 -2.0148294217211764 -1.1125019850444902 -0.7765409776195202 -1.7875683048419504 -0.8574212282856031 -1.3075047951129832 -1.3098868057750443 -0.8151658408839779 -0.8109935422949383 -0.7071452833635293 -0.7175743318221505 -0.7465444896965598 -0.7763948227729415 -0.7793917091589689 -0.7987305170856581 -0.8131183898291112 -0.7950035537943226 -0.7752877913406745 -0.7760291513237871 -0.7435543958538513 -0.764130572203804 -0.755916815995341 -0.9401373986179786 -1.1842275748165552 -1.2334734035220718 -1.9407619660450917 -0.766330433703034 -0.7154282399549082 -0.7698647707048335 -0.8096344724451335 -1.2152593751888159 -1.8074441285253084 -1.7854257897733166 -0.804579132753278 -0.7663012501621361 -0.7852032986272903 -1.2443938084117048 -1.864842143680339 -1.826684790591447 -1.8213788917121114 -0.8375744724692494 -0.8179371578488018 -0.7415446922668912 -1.2003146062544165 -0.8644872449979363 -1.2910357843707765 -1.8346060766905914 -1.7716708655085103 -1.3307000215059588 -0.7889311903319206 -0.7756952569298814 -0.7872867157450985 -0.7645371052642977 -0.7908463364802673 -0.7943150125911661 -0.830142664363367 -0.7713370881927971 -0.7775674951496017 -0.7618077722564289 -0.7646842459855115 -0.7500955237550638 -1.177714650176451 -1.2388099703850253 -0.7322694473580955 -0.7588444032264249 -0.7298593722851079 -1.212045144344605 -0.7933552613411031 -1.1976471261557906 -1.1753889398007067 -1.2446051419976232 -1.192441782529726 -0.8101726995368022 -1.1991792794649516 -1.2285192306019643 -0.8121518563381854 -0.9456299677022727 -1.7405116609024625 -0.8707310675400138 -0.826961023797464 -1.184457905886239 -0.8080040510195028 -0.759531489628435 -0.8605387158195541 -0.7649285691946347 -0.8919261008682655 -0.9106632759478268 -0.8598513641664218 -0.7918013736898462 -0.7947687833039919 -0.8027063665161244 -0.8291930459367455 -0.8518605229110269 -0.8186000815164822 -0.7901808372576691 -0.8072163763359501 -0.7559899649193602 -0.7281082898750216 -1.213640097580622 -0.7678498124879455 -0.7613621098150285 -0.775182976957188 -0.8743408479163113 -0.805442402486537 -0.7253615344709321 -0.7171969348107496 -0.7685106108195086 -0.8302256951105094 -0.8230481653283365 -0.7839326884695289 -0.7792457211330244 -2.3986516017175155 -1.2220740888064692 -0.7975393425184597 -0.8217307647806211 -0.8644304120221752 -1.3030737969920065 -1.1365280807263445 -0.821042949338118 -0.7705788265414152 -0.7909198212338788 -0.7633984934710194 -1.2468759392696263 -0.8310151610065967 -2.4496453488917784 -0.9169319625739885 -0.8303848056944644 -0.7818563751860118 -0.7574733908979975 -1.2323057310228256 -0.7565737099558716 -0.7592449570048436 -0.778605807453336 -0.7936820706001677 -0.7878491103954848 -0.7807272324094126 -0.7551978727296768 -0.7853682928599848 -0.7144756598972535 -0.7975194991164922 -1.3299018062793253 -1.2694689041634764 -0.8180775543050455 -0.790145483886871 -0.8064601660388164 -0.7637456527780172
-0.7856508943588159 -0.7633729684991658 -0.7629655562260222 -0.7591679763621058 -0.7476980452102101 -0.7286691454774038 -0.7263061549730943 -0.7433723219102448 -1.2134439003011692 -0.8273218059852728 -1.4043196560131583 -1.9041501567569132 -1.8536684930128515 -1.4126321675330025 -2.0148294217211764 -1.1125019850444902 -0.8077569561105562 -1.7875683048419504 -1.8963340135565956 -1.8798981120707878 -1.8821901573970619 -1.3372829532581143 -0.8109935422949383 -0.6971528752660126 -0.7175743318221505 -0.7465444896965598 -0.7763948227729415 -0.7793917091589689 -0.7987305170856581 -0.8131183898291112 -0.7950035537943226 -0.7911204589099465 -0.7760291513237871 -0.7272955582831914 -0.7453153113177405 -0.7472840647628363 -0.8863926052748593 -1.20065405138589 -0.784387537738638 -1.3601229878623826 -0.766330433703034 -0.722152044127003 -0.7698647707048335 -0.819516920734361 -1.2152593751888159 -1.2219987360324904 -1.2275151553397412 -0.7981054392604285 -0.794087587757142 -1.2336692051806435 -1.2443938084117048 -1.864842143680339 -1.826684790591447 -1.8308678099843474 -0.8375744724692494 -0.8603725097507084 -0.7415446922668912 -1.1868760673969587 -1.3184310614337074 -1.2910357843707765 -1.8232557971635075 -1.7716708655085103 -1.3307000215059588 -1.2233987663989485 -0.7756952569298814 -0.7872867157450985 -0.807053653921645 -0.7908463364802673 -0.7900254793995264 -0.8343623569667545 -0.8148999800503961 -0.7699947989310351 -1.240283245854941 -0.7646842459855115 -1.1937736054742196 -1.1974931111393596 -1.2027272310624308 -1.1757607183588916 -0.7232022569401698 -0.7298593722851079 -1.212045144344605 -0.7933552613411031 -1.1976471261557906 -1.1670193993089748 -1.2446051419976232 -1.2139317424655518 -0.8101726995368022 -1.1991792794649516 -1.2378780592876701 -0.788413183444492 -0.9456299677022727 -1.7248970799531194 -0.8551377676132548 -0.8063572979624731 -1.184457905886239 -0.8080040510195028 -0.759531489628435 -0.8422533874121483 -0.7649285691946347 -0.902104699188367 -0.9106632759478268 -0.8294978453804539 -0.8333215228384478 -0.8221878241488004 -0.8099576163903894 -0.8145235432171359 -0.8730974461512319 -0.8241005029632016 -0.8174251423287391 -0.8072163763359501 -0.7503366258649085 -0.7281082898750216 -1.213640097580622 -0.7678498124879455 -0.813796704425183 -1.2419444994673197 -0.8686388382484359 -0.7984151855155789 -0.7253615344709321 -0.7224748714244159 -0.754239076304701 -0.8582090381832144 -0.8726216179261561 -0.7668244859041418 -0.7597303322814132 -1.7589897245653687 -0.7704018300274068 -0.7975393425184597 -0.8217307647806211 -0.87085479602732 -1.2653784902320369 -1.1497735611816406 -0.821042949338118 -0.7705788265414152 -0.7626737504893601 -0.7633984934710194 -1.2468759392696263 -0.8742998301139734 -2.4496453488917784 -0.9169319625739885 -0.8558472038281538 -0.7818563751860118 -0.7923277011973578 -1.2422349798284646 -0.7565737099558716 -0.7513547303615395 -0.7713451865602371 -0.7843771104656295 -0.7878491103954848 -0.7908860828143789 -0.7622357035079373 -0.7967181387596074 -1.1631522996017998 -0.7975194991164922 -1.3099121479377664 -1.2360088692533577 -0.8180775543050455 -0.7790855241072987 -0.7805187240366677 -0.7409040731863381
-0.7856508943588159 -0.7861550659988051 -0.7629655562260222 -0.7530434106612823 -0.7476980452102101 -0.7286691454774038 -0.7263061549730943 -0.7395091896940575 -1.2069255561620975 -1.2960165555942327 -1.443829994627922 -1.9041501567569132 -1.2856290665008667 -1.4041407419628906 -2.0148294217211764 -1.1125019850444902 -0.8077569561105562 -1.7696129819709094 -1.8834545755425913 -1.8346183955951076 -1.844442567760416 -1.3198470596204035 -0.7871886997851792 -0.7254355662851321 -0.7175743318221505 -0.7465444896965598 -0.7763948227729415 -0.783239292751142 -0.7987305170856581 -0.8131183898291112 -0.7950035537943226 -0.7911204589099465 -0.7917965856893489 -0.733681920062826 -0.7362024935755229 -0.7370813967282152 -0.8241144989557014 -0.767357320187438 -0.784387537738638 -1.3601229878623826 -0.7626934098457878 -0.7433723987670207 -0.7672860647769001 -1.2232953254621093 -1.2152593751888159 -1.2486895681074088 -1.19651597158873 -0.7916524534315614 -0.7820051300902172 -1.2336692051806435 -1.8063545011327178 -1.864842143680339 -1.8420952639562436 -1.8435404273082412 -0.8457661013854778 -0.898489343387078 -0.7407347001903405 -1.1868760673969587 -1.3184310614337074 -1.2812889842924848 -1.8232557971635075 -1.7716708655085103 -1.3307000215059588 -1.2233987663989485 -0.7705107123272273 -0.8159503964931453 -0.815876575623674 -0.8239987419389129 -0.7893244200307328 -0.8403752640206659 -0.8030496537015425 -0.7972065586159619 -1.2090409166435274 -0.8279977414203549 -1.1937736054742196 -1.171294995288062 -1.1908699619223144 -1.1297177347092744 -0.7188760148890206 -0.7834649056240577 -1.2583145354070253 -0.7933552613411031 -1.219404825395658 -1.1912482714968864 -1.2446051419976232 -1.2445774431556806 -1.282638815186476 -1.2331354962957584 -1.2296459312224555 -1.2606721731944153 -0.9456299677022727 -1.7248970799531194 -0.864070200160118 -0.8150983925896329 -1.184457905886239 -0.8080040510195028 -0.759531489628435 -0.8422533874121483 -0.7806575537469148 -0.8025954396450489 -0.8895343914480562 -0.8294978453804539 -0.8333215228384478 -0.8171925693097687 -0.8099576163903894 -0.8145235432171359 -0.8334972543230542 -0.8241005029632016 -0.8251650738569786 -0.8072163763359501 -0.7503366258649085 -0.7281082898750216 -1.213640097580622 -0.8089445090451255 -0.8205649379684394 -1.2381425325716344 -0.8536863183928803 -0.8091609386165898 -1.160528705795288 -0.7224748714244159 -0.754239076304701 -0.8582090381832144 -0.8726216179261561 -0.7498868267287726 -0.7597303322814132 -1.7491068551544213 -0.7704018300274068 -0.7769316792525882 -0.7916420053686299 -0.8644304120221752 -1.2751088561123423 -1.1497735611816406 -0.8143284721417964 -0.780563297398066 -0.7612818523979827 -0.7633984934710194 -1.2247110478747218 -0.9094090780498592 -2.4929321152528248 -0.8485070803884749 -0.8303848056944644 -0.7765839613791032 -1.2530148680191595 -1.2422349798284646 -0.7642344373215789 -0.7513547303615395 -0.7713451865602371 -0.7781172241659599 -0.7878491103954848 -0.7908860828143789 -0.7622357035079373 -0.7967181387596074 -1.1518344166552978 -0.7753475557462373 -1.3015526019187218 -1.2201648050004463 -0.8196211147659457 -0.7790855241072987 -0.7805187240366677 -0.7520313993583676
-0.7856508943588159 -0.7861550659988051 -0.7629655562260222 -0.7530434106612823 -0.7476980452102101 -0.7286691454774038 -0.7263061549730943 -0.7364768145554507 -1.262670829403834 -1.2960165555942327 -1.443829994627922 -1.9041501567569132 -1.2856290665008667 -1.4041407419628906 -2.0148294217211764 -1.1233668021722059 -1.2498090158085122 -1.7569919481097405 -1.8724908116472372 -1.817172113319505 -1.844442567760416 -1.3198470596204035 -0.7927883054470733 -0.7254355662851321 -0.7175743318221505 -0.7465444896965598 -0.7763948227729415 -0.783239292751142 -0.7987305170856581 -0.8131183898291112 -0.8001648474234215 -0.7911204589099465 -0.7984048426712681 -0.7487225540290045 -0.7362024935755229 -0.7190973402941463 -0.8241144989557014 -0.767357320187438 -0.784387537738638 -1.3818029983719136 -0.7574762663720922 -0.7455706376830563 -1.2166400256469867 -1.2316366716782883 -1.2152593751888159 -1.2486895681074088 -1.2150842117784741 -0.7916524534315614 -0.7932512299256288 -1.2336692051806435 -1.8063545011327178 -1.864842143680339 -1.8420952639562436 -1.8354829162476165 -0.8457661013854778 -0.898489343387078 -0.7407347001903405 -1.1868760673969587 -1.3184310614337074 -1.279007750282394 -1.8232557971635075 -1.7716708655085103 -1.3307000215059588 -1.2130971980280114 -0.7658016013639507 -0.8036859685193308 -0.8061594522665424 -0.8375921368934408 -0.8181696721442212 -0.8342490413334043 -1.2308454120996875 -0.7972065586159619 -1.1961257580131068 -0.821423809194449 -1.185609877755959 -1.171294995288062 -1.1908699619223144 -1.1297177347092744 -1.2259120323943757 -0.7834649056240577 -1.2583145354070253 -1.2974696835803803 -1.2122263404447595 -1.1997079865706226 -1.2533877915449487 -1.2486293979480765 -1.2634989236187206 -1.2423846753754002 -1.2218537644636995 -1.2907337799661156 -0.9456299677022727 -1.7248970799531194 -0.864070200160118 -0.8150983925896329 -1.184457905886239 -0.8080040510195028 -0.7660213705623553 -0.8422533874121483 -0.7806575537469148 -0.8025954396450489 -0.8895343914480562 -0.8714872811175787 -0.8333215228384478 -1.2708962103453783 -0.8002878403410808 -0.8145235432171359 -0.8243608746864765 -0.8241005029632016 -0.8251650738569786 -0.8029308665347717 -0.743053609827219 -0.7281082898750216 -1.213640097580622 -0.8089445090451255 -0.8205649379684394 -1.2381425325716344 -0.8536863183928803 -1.2628443917953593 -1.1538862092851847 -0.7635895838029736 -0.754239076304701 -0.8582090381832144 -0.8726216179261561 -0.7376585472330331 -0.7597303322814132 -1.7333512927634676 -0.7816658542155555 -0.7657723353372737 -0.7830901318397607 -0.8498273623973057 -1.2751088561123423 -0.9038453360281418 -0.7954112968020877 -0.7779603501545392 -0.7730228660794486 -0.7788804398289667 -1.2494558051060383 -0.872307133327419 -2.4929321152528248 -0.8883604391108791 -0.85977283052647 -0.7765839613791032 -1.2377124426221298 -0.7872248043771708 -0.7642344373215789 -0.7513547303615395 -0.7713451865602371 -0.7781172241659599 -0.7878491103954848 -0.755968213522334 -0.7622357035079373 -0.8038111333203564 -1.1518344166552978 -0.7753475557462373 -1.3015526019187218 -1.2281693424277356 -0.8411652164884752 -0.7790855241072987 -0.7725351398566838 -0.7598339011682363
-0.7856508943588159 -0.7861550659988051 -0.7629655562260222 -0.7483898386511908 -0.7476980452102101 -0.7286691454774038 -0.7263061549730943 -0.7364768145554507 -1.262670829403834 -1.2960165555942327 -1.443829994627922 -1.9041501567569132 -1.2856290665008667 -1.4041407419628906 -1.9680587957065032 -1.1233668021722059 -1.2557061617679026 -1.7569919481097405 -1.8724908116472372 -1.817172113319505 -1.8341516230491122 -1.3198470596204035 -0.7927883054470733 -0.7315142098835192 -0.7175743318221505 -0.7465444896965598 -0.7763948227729415 -0.783239292751142 -0.8046719218240885 -0.7979013690619621 -0.7895051851346211 -0.7911204589099465 -0.7984048426712681 -0.7719184309137103 -0.7376652248115315 -0.7267703841301455 -0.7621816604978128 -0.7526617201557371 -0.7722342957000945 -1.3569232121522703 -0.7610966911520699 -0.7837295067873818 -1.2166400256469867 -1.235930553927169 -1.2152593751888159 -1.2454660203040215 -1.2150842117784741 -0.7916524534315614 -0.7932512299256288 -1.2336692051806435 -1.7891677807938322 -1.864842143680339 -1.8420952639562436 -1.8354829162476165 -0.8457661013854778 -0.8734563668895136 -0.7407347001903405 -1.1868760673969587 -1.3325170885683573 -1.279007750282394 -1.8232557971635075 -1.7716708655085103 -1.3307000215059588 -1.261818933675343 -0.7705107123272273 -0.8549632941652127 -1.2796818348555306 -0.8375921368934408 -0.8128896072544612 -0.8342490413334043 -1.2308454120996875 -0.7972065586159619 -1.1961257580131068 -0.828578789554461 -1.2474802844737485 -1.171294995288062 -1.2222271139131162 -1.1297177347092744 -1.2259120323943757 -0.7587536945540209 -1.2583145354070253 -1.2974696835803803 -1.2184033016229696 -1.2409081650224638 -1.2533877915449487 -1.2595230874865675 -1.2634989236187206 -1.248920689619774 -1.2052255422456462 -1.2689031266659658 -0.9456299677022727 -1.7248970799531194 -0.8551377676132548 -0.8150983925896329 -1.1951542865797615 -0.8080040510195028 -0.7727382548531837 -0.9551958052043967 -0.773734190701483 -0.8453480207397214 -1.3162511729223774 -1.3695671569827883 -0.8333215228384478 -1.2708962103453783 -0.8071795650140219 -0.8145235432171359 -0.8334724011178494 -0.8121216416031358 -0.8196127900832268 -0.7913316091012029 -0.743053609827219 -0.7281082898750216 -1.213640097580622 -0.8089445090451255 -0.8205649379684394 -1.2381425325716344 -0.8536863183928803 -1.2628443917953593 -1.1538862092851847 -0.7635895838029736 -0.754239076304701 -0.8582090381832144 -0.8726216179261561 -0.7387990830325935 -0.7597303322814132 -1.7333512927634676 -0.7816658542155555 -0.7511181121012525 -0.7830901318397607 -0.8498273623973057 -1.2751088561123423 -0.9038453360281418 -0.7881301604981381 -0.7779603501545392 -0.7528013854566844 -0.7709202715050019 -1.2494558051060383 -0.91691347793223 -2.4929321152528248 -0.8883604391108791 -0.85977283052647 -0.7765839613791032 -1.2377124426221298 -0.7872248043771708 -0.7707054390128292 -0.7513547303615395 -0.7635879844239761 -0.755661414365704 -0.7878491103954848 -0.755968213522334 -0.7622357035079373 -0.796469520467028 -1.1518344166552978 -0.7913616413455862 -1.2931458628467607 -1.2281693424277356 -0.8411652164884752 -0.7790855241072987 -0.7725351398566838 -0.7513989806732824
-0.8003316813320086 -0.764679563485634 -0.7587986228555192 -0.7543892532623151 -0.7219194557451574 -0.7442045416763928 -0.7537047494567891 -0.7392284681765501 -1.3063787060588443 -1.2935570911674035 -1.3587531285963552 -1.9111919084905062 -1.8583703154105726 -1.4350668849123795 -1.9486995592659406 -1.1299191835960982 -1.2229438863063242 -1.2614692901938946 -1.7967508529246456 -1.8448928448680462 -1.82702125531103 -1.3358143372164526 -0.8270458392946486 -0.8114908715009423 -0.7196567936810087 -0.7625809652749651 -0.7771416658136115 -0.7846519082973265 -0.7986639461760681 -0.7942262825779117 -0.7828084871260835 -0.8019696237117714 -0.7479698435285487 -0.7892430711265158 -0.7696276031088348 -0.7995617767080953 -0.7506413702031145 -0.8063359471769902 -0.7865384760142643 -1.2949745181135377 -0.7186508600153015 -0.707117798190157 -0.762572116129812 -0.7495392705775804 -0.728549562753364 -0.7327532265084725 -0.7436326649162568 -0.7490506977435317 -0.8266730373866311 -1.3003438074263247 -1.2823841437570953 -1.3487522768579288 -1.7847172599949823 -1.8115811808832651 -0.8226054478452832 -1.1773088288214202 -0.7392722847348014 -0.7895624095684156 -1.317684647415423 -1.1892640831671961 -0.8167367791609937 -1.2502753050950137 -0.8453947691243926 -0.782176925153487 -0.795882664400134 -0.8965744692945505 -1.2707227061778568 -1.357277571525279 -0.8788010518779328 -1.2969705226633206 -1.2471227693237992 -1.2699360423665078 -1.2345566470705525 -0.8730525136245133 -1.263928166398984 -1.7466719640223594 -1.227001101089317 -1.1149253402042616 -1.2482814113417577 -0.7690352595023016 -1.8770365069878026 -1.3820147135913823 -1.2660313319062342 -1.7854466981875965 -1.7752656421727881 -1.298054692111296 -1.2459079977635774 -0.7814568365270939 -0.75714803014988 -0.7634590434200063 -1.181376532686917 -1.762413967867258 -0.8345505508340451 -0.8218334426360214 -1.2286145229805898 -0.8067307279828649 -1.2563635448921517 -0.9052687066960567 -1.2552582381257482 -0.9228720974011638 -1.3044770501608969 -1.3009832837813853 -0.8559257336797872 -0.7859920462912586 -0.7626502043305722 -0.8011118755792442 -0.8005012360022663 -0.7966654398775476 -0.9260522771828464 -0.7399706528708216 -0.7868072157893634 -0.7507961144770599 -1.2026716637760302 -1.2735671545459553 -1.2800891318472578 -1.8286681683603774 -0.905385641596943 -1.2721377936928984 -1.7160392416474244 -0.7556358577267375 -0.749685339228051 -0.8075463002371666 -0.8478923381286935 -0.7429443457028027 -0.7922291307637599 -0.7383331926318599 -0.7579572676660391 -0.7425639099358186 -0.7623917570069878 -0.7622116724041057 -0.8318328873045396 -1.167503453283184 -0.7864571561544285 -1.2507220094430158 -0.7669023952636786 -0.7650411642301486 -1.2732936156438068 -1.3682777132959665 -2.4114954964549185 -0.8435187161832816 -0.9382360210256664 -0.7927425930758284 -1.224744453380392 -0.7639339097686024 -0.7572785717435262 -0.7361248695861655 -0.7449774071433244 -0.7694443131683981 -0.7552053528102607 -0.7659712187859999 -0.743661590289755 -0.7528236361165259 -0.7708873646138873 -1.28189101544685 -1.2937828283041242 -1.2272969242704115 -0.7989757250788684 -0.7794723584971762 -0.7955064625260022 -0.7601868560905971
-1.2378712971753738 -1.2342085327156431 -1.19775064482557 -1.1176386624273267 -1.2865388860948659 -1.188411751216018 -0.7724101952772142 -0.7721700619362478 -0.809504291974179 -1.303782574395159 -1.3109832574049625 -1.3098708413772049 -1.3609253002584936 -1.4503926713767614 -1.8835578399710537 -1.2321801263185395 -1.2876736166704643 -1.813592642092138 -1.8435804663243467 -1.8408809673340938 -1.8787266853383315 -1.2655951851907052 -1.270054060490194 -0.8625863686977046 -0.7145203889161836 -0.7031096559221806 -0.7199853575027408 -0.7455208774101556 -0.753198635218327 -0.7673996868541714 -0.7490407281909648 -0.7383966043413694 -1.2540435957282305 -1.2575321607764067 -1.267893363668949 -1.2509795360687486 -1.305260959267344 -0.8985504524878308 -1.802306610855313 -1.3620820601047228 -1.2029638832831846 -1.2327084087893798 -1.2126903647908474 -1.2326281296972759 -1.2516846003785504 -1.25955471804575 -1.2111261071671189 -0.8047147627028873 -0.8107207833624309 -1.2409824864125785 -1.2564404335849135 -1.904203175460799 -1.8354386473583666 -1.2901218322038313 -0.867952637551048 -0.7804145075727349 -0.7517696301417081 -1.1836073751253227 -0.8435635426550508 -1.2736565291599022 -1.7712698195157306 -1.7418509042872166 -1.2996489202849921 -1.2463522962276672 -0.8718003382905435 -1.3925292476744124 -1.7597436064572543 -1.3544680762167676 -1.2381719482054288 -1.3452588825363594 -1.262514168815412 -1.2756486704217795 -2.3773201147839034 -1.3554418939181139 -1.2839437552128372 -1.8077675651430216 -1.2807631338313668 -1.729459870645322 -1.2267832241256125 -0.8009958760055721 -1.297210635229685 -1.2920934376068867 -1.2259300537129911 -1.2026953231694795 -2.0448255494374528 -1.3289147071407696 -1.8357861781708598 -1.8303642748300104 -1.2069725048985656 -1.2526999501400415 -1.3219827456333864 -0.8241740317205398 -0.843957878683066 -0.8109480705323521 -0.8064484209039129 -0.7462551108854554 -1.273869638252201 -1.0687759074110368 -1.7248925732923581 -0.8206901986108561 -1.7839878519610013 -1.313301051309228 -0.931745744826546 -1.286354178045886 -0.7971111420986006 -0.7833659795700095 -0.7796067042424023 -0.8115110785789055 -0.8243537334737657 -0.8328900696089715 -0.811623702444767 -0.7919466657790907 -1.255243992473242 -1.842062125708071 -1.3052709132849722 -1.2701459794641599 -1.344644216932586 -1.8431375547747364 -1.260966244916004 -0.7422088676877 -0.7154042755166012 -0.7675833115909746 -0.7188990319818236 -0.7112270309397838 -0.7322697335354541 -1.2155404146938942 -0.7325773894882363 -1.716388140495004 -0.8130293494967594 -0.8130546303549138 -0.812680257929009 -0.871839228332604 -0.8031398866992646 -0.8252709361485885 -0.7502384528869845 -0.7616723287529595 -1.2433413160752353 -0.8927415296951284 -1.8504034606643764 -0.9509399305831227 -1.3555404118366572 -1.8568832660698689 -1.8581725631750476 -1.8855589750165542 -0.7453352695343479 -0.7372831220303065 -0.7106887745672867 -0.806256348309919 -1.1674741688324246 -0.7653634202945702 -0.8394973829767114 -0.8051853684982305 -1.2618615966505742 -1.8128162814614013 -2.563438059457246 -2.4102788199729983 -1.308649069048355 -0.8642186682990198 -1.3050164728750477 -1.1915304715971538
-1.2392188674111166 -1.2233956308085918 -1.2039830919391943 -1.1429991767453438 -1.292364871998688 -1.1939723444563333 -0.7724101952772142 -0.7721700619362478 -1.2710761340466696 -1.303782574395159 -1.3109832574049625 -1.3098708413772049 -1.3609253002584936 -1.4503926713767614 -1.9042067423253102 -1.2321801263185395 -1.2876736166704643 -1.813592642092138 -1.8435804663243467 -1.8408809673340938 -1.8787266853383315 -1.2655951851907052 -1.270054060490194 -0.8625863686977046 -0.7211746333857395 -0.7026213132891351 -0.7360905879871306 -0.7455208774101556 -0.7548695551822396 -0.7673996868541714 -0.7449094011869689 -0.7429259182494817 -1.2540435957282305 -1.2431208573075687 -1.2864842794985492 -1.2630386777110154 -1.3003662572382886 -0.892065273090697 -1.8116358300439086 -1.3620820601047228 -1.207738773144131 -1.2327084087893798 -1.2238155999021763 -1.2326281296972759 -1.2516846003785504 -1.25955471804575 -1.2242014440374527 -0.8047147627028873 -0.8107207833624309 -1.2409824864125785 -1.2564404335849135 -1.904203175460799 -1.7895934221957004 -1.2901218322038313 -0.8801182685487335 -1.2333739349415944 -0.7590270415440311 -1.1940841376213742 -0.8810610479626519 -1.2437026166587088 -1.7806954467677973 -1.7418509042872166 -1.3184554183503836 -0.7823697380421352 -0.8718003382905435 -1.4114867250915994 -1.8510057592492182 -1.3672471723085755 -1.2585823060624295 -1.3452588825363594 -1.2789341128498088 -1.3036501570147592 -2.3773201147839034 -1.314061182639921 -1.2839437552128372 -1.8077675651430216 -1.2715594428864876 -1.6950843645900724 -1.2267832241256125 -1.256606655501644 -1.3073313172692753 -1.2848385945076592 -1.2259300537129911 -1.2026953231694795 -2.0585462713066187 -1.3148609065235348 -1.8357861781708598 -1.843802657344277 -1.2235015654790407 -1.2693105688899315 -0.8686568643132896 -0.8241740317205398 -0.8517018444526452 -0.8109480705323521 -0.8064484209039129 -0.7748445624456225 -1.273869638252201 -1.0687759074110368 -1.7248925732923581 -0.8141487593974432 -1.8209332052440548 -1.2891812507352245 -0.931745744826546 -1.313697738099371 -0.8038596511470734 -0.7976690909165062 -0.7928377428919264 -0.803943994877644 -0.8055188059436751 -0.8328900696089715 -0.811623702444767 -0.7969905674250422 -1.2624462801954157 -1.842062125708071 -1.2918967707519022 -1.239590351222279 -1.344644216932586 -1.8431375547747364 -1.260966244916004 -0.7422088676877 -0.7087319648844658 -0.7348158956633779 -0.7168172907907185 -0.7198398371899375 -1.1715839153260368 -1.2155404146938942 -0.7210603019071082 -1.716388140495004 -0.8260019363020356 -0.8130546303549138 -0.8052441530019058 -0.8956400762890224 -0.8240625126356169 -0.8268732628619345 -0.7799404592004187 -0.789473513368332 -1.8047245579788935 -0.8927415296951284 -1.8504034606643764 -0.9509399305831227 -1.3555404118366572 -1.872878047416674 -1.8581725631750476 -1.8855589750165542 -0.7453352695343479 -0.7372831220303065 -0.7163979994022993 -0.7998855422475096 -1.1663835345887745 -0.7653634202945702 -0.8394973829767114 -0.8046712705539447 -1.2715143622773992 -1.8016192308727372 -2.5279446461980837 -2.4102788199729983 -1.308649069048355 -0.8642186682990198 -1.2689341340353322 -1.1918339221773833
-1.2587436176341238 -1.2233956308085918 -1.19775064482557 -1.1300812961571882 -1.269799114400397 -1.1939723444563333 -0.7724101952772142 -0.7721700619362478 -1.3007090926732416 -1.303782574395159 -1.3441256015683765 -1.3594640436186458 -1.341929525279462 -1.4503926713767614 -1.9042067423253102 -1.2321801263185395 -1.2876736166704643 -1.813592642092138 -1.8435804663243467 -1.8408809673340938 -1.8787266853383315 -1.2655951851907052 -1.270054060490194 -1.3392777702086431 -0.7211746333857395 -0.6713301344593334 -0.7378502096375384 -0.7381141848933493 -0.7548695551822396 -0.7673996868541714 -0.7449094011869689 -0.7429259182494817 -1.2540435957282305 -1.2431208573075687 -1.2768587898246315 -1.2630386777110154 -1.318752678739973 -0.9010892172596149 -1.8116358300439086 -1.337401420926056 -1.207738773144131 -1.2327084087893798 -1.2238155999021763 -1.2326281296972759 -1.2516846003785504 -1.25955471804575 -1.2242014440374527 -0.8047147627028873 -0.8107207833624309 -1.2409824864125785 -1.2334488739238052 -1.904203175460799 -1.7895934221957004 -1.2901218322038313 -0.8801182685487335 -1.2333739349415944 -0.7706970976408821 -1.1940841376213742 -0.8840840224887668 -1.2339124602210318 -1.7712698195157306 -1.7284200231868128 -1.214124036531156 -0.8021985077466036 -0.8718003382905435 -1.4524070961703017 -2.4894068198780115 -1.9483893819484654 -1.3208451139620723 -1.3452588825363594 -1.2789341128498088 -1.3036501570147592 -2.3773201147839034 -1.314061182639921 -1.2839437552128372 -1.8077675651430216 -1.2715594428864876 -1.6950843645900724 -1.2267832241256125 -1.2412249224588294 -1.3073313172692753 -1.3244712319438596 -1.242546937013211 -1.2026953231694795 -2.0585462713066187 -1.3148609065235348 -1.855374899465983 -1.85820930073134 -1.2235015654790407 -1.2693105688899315 -0.8686568643132896 -0.8339010821890736 -0.8517018444526452 -0.8109480705323521 -0.7842444218891733 -0.7748445624456225 -1.273869638252201 -1.0687759074110368 -1.783944706917138 -0.8141487593974432 -1.8209332052440548 -1.2891812507352245 -0.931745744826546 -1.313697738099371 -0.8038596511470734 -0.7976690909165062 -0.7849401010522715 -0.8108934478574228 -0.8055188059436751 -0.8328900696089715 -0.811623702444767 -0.7969905674250422 -1.2624462801954157 -1.8557689692350199 -1.2918967707519022 -1.239590351222279 -1.344644216932586 -1.8553286135411575 -1.2706641240451457 -0.7422088676877 -0.7206549064355907 -0.7348158956633779 -0.7461337401731494 -0.7334168168397175 -1.1861501002092993 -1.1842960604817805 -0.7210603019071082 -1.716388140495004 -0.8260019363020356 -0.8130546303549138 -0.8206522841753163 -0.8956400762890224 -0.8240625126356169 -0.802089063260444 -0.7863303719074555 -0.789473513368332 -1.8047245579788935 -0.8927415296951284 -1.8504034606643764 -0.9509399305831227 -1.3555404118366572 -1.872878047416674 -1.8581725631750476 -1.8855589750165542 -0.753538776442515 -0.748792815493162 -0.7163979994022993 -0.8464476017518598 -1.1663835345887745 -0.7653634202945702 -0.8450189638268042 -0.8046712705539447 -1.2715143622773992 -1.8016192308727372 -2.5514778926101456 -2.4102788199729983 -1.308649069048355 -0.8642186682990198 -1.270779858281566 -1.2038424505009704
-1.2587436176341238 -1.2233956308085918 -1.19775064482557 -1.1300812961571882 -1.284110393432425 -1.2142437735378446 -0.7724101952772142 -0.7721700619362478 -1.3317123210623807 -1.303782574395159 -1.33743102386549 -1.3594640436186458 -1.3619825680960616 -1.4503926713767614 -1.9042067423253102 -1.254778873424929 -1.2788067345755603 -1.813592642092138 -1.8435804663243467 -1.8408809673340938 -1.8787266853383315 -1.2801953490951044 -1.2530960823526802 -0.8625863686977046 -0.7312794636070742 -0.6713301344593334 -0.7270564547286495 -0.7381141848933493 -0.7469192188970666 -0.7496560717191945 -0.7392748451128031 -0.7429259182494817 -1.2540435957282305 -1.2431208573075687 -1.2768587898246315 -1.2711940597395954 -1.3003662572382886 -0.9010892172596149 -1.7930788626473064 -1.337401420926056 -1.2350008631855607 -1.2327084087893798 -1.2238155999021763 -1.2326281296972759 -1.2516846003785504 -1.25955471804575 -1.2242014440374527 -0.7973187885712807 -0.8107207833624309 -1.2409824864125785 -1.2334488739238052 -1.904203175460799 -1.7620530317918297 -1.2901218322038313 -0.8801182685487335 -1.2333739349415944 -0.7706970976408821 -1.2030877625108507 -0.8503106940089489 -1.2114267065259607 -1.7712698195157306 -0.7468918602934344 -1.1941757404588258 -0.7914148915159163 -0.9021294287927744 -1.4244571638944106 -2.4369148622492487 -1.9483893819484654 -1.3208451139620723 -1.3452588825363594 -1.8770722333615137 -1.3036501570147592 -2.3773201147839034 -1.314061182639921 -1.2839437552128372 -1.8077675651430216 -1.2715594428864876 -1.729459870645322 -1.2267832241256125 -1.2412249224588294 -1.3073313172692753 -1.3244712319438596 -1.242546937013211 -1.2026953231694795 -2.0585462713066187 -1.3148609065235348 -1.8731150540253636 -1.85820930073134 -1.200079426659403 -1.2382820200808098 -0.8582494885234472 -0.8339010821890736 -0.7962138779673783 -0.7951843363493941 -0.7842444218891733 -0.7815127426916728 -1.273869638252201 -1.0986342798227287 -1.783944706917138 -0.8206901986108561 -1.8209332052440548 -1.2891812507352245 -0.931745744826546 -1.313697738099371 -0.8038596511470734 -0.7810359041003682 -0.7849401010522715 -0.8163603834682819 -0.8055188059436751 -0.8328900696089715 -0.811623702444767 -0.7905552974884168 -1.2624462801954157 -1.8557689692350199 -1.3052709132849722 -1.239590351222279 -1.344644216932586 -1.8553286135411575 -1.2706641240451457 -0.7601348591105651 -0.7295435347769119 -0.7412800327836969 -0.75775027092662 -0.74758031303954 -1.2049497370560827 -1.7368345904575966 -0.765488314946678 -1.7458412576421867 -0.8260019363020356 -0.8221623901290367 -0.8206522841753163 -0.8956400762890224 -0.8240625126356169 -0.802089063260444 -0.7799404592004187 -0.8090815613339877 -1.2418054251865138 -0.8927415296951284 -1.8504034606643764 -0.9731005446998447 -1.3555404118366572 -1.872878047416674 -1.874947066272745 -1.8855589750165542 -0.753538776442515 -0.7824917172782491 -1.180878630089861 -0.8464476017518598 -1.1774585351885827 -0.7653634202945702 -0.8555115205123687 -0.8490975112965075 -1.2715143622773992 -1.8016192308727372 -1.8831459418631324 -1.2188378925264431 -1.308649069048355 -0.8642186682990198 -1.2351735201727099 -1.2038424505009704
-1.2587436176341238 -1.243684954241167 -1.2037255254536443 -1.1300812961571882 -1.284110393432425 -1.2198663354249935 -0.7724101952772142 -0.7848981986409557 -1.2671693040525507 -1.303782574395159 -1.3441256015683765 -1.3462412576888376 -1.3811105050232375 -1.4503926713767614 -1.9042067423253102 -1.2462697626195933 -1.2531628648936561 -1.813592642092138 -1.8816943652889302 -1.8619843290461466 -1.8613596212922245 -1.2801953490951044 -1.2530960823526802 -0.871398704535748 -0.7457785383470743 -0.6713301344593334 -0.7270564547286495 -0.7381141848933493 -0.7469192188970666 -0.7496560717191945 -0.7270998216620913 -0.7429259182494817 -1.2879672954532075 -1.2431208573075687 -1.2889168116357503 -1.2711940597395954 -1.3003662572382886 -0.9010892172596149 -1.7930788626473064 -1.3535197074775207 -1.2350008631855607 -1.2327084087893798 -1.2300931614535382 -1.2326281296972759 -1.2437927997193434 -1.25955471804575 -1.212366325656729 -0.7973187885712807 -0.8107207833624309 -1.2526907245435706 -1.2334488739238052 -1.904203175460799 -1.8076473257412329 -1.2901218322038313 -0.8801182685487335 -1.2333739349415944 -0.7454158412084293 -1.2177003339826697 -0.8503106940089489 -0.7918039365622085 -1.7712698195157306 -1.1590691335230279 -0.7526840256624163 -0.7605497248696187 -0.9021294287927744 -1.4244571638944106 -2.4594193470834007 -1.9483893819484654 -1.3208451139620723 -1.9228405581437529 -1.8941967975183032 -1.3036501570147592 -2.3773201147839034 -1.3554418939181139 -1.2839437552128372 -1.8176174087045702 -1.2588982522197585 -1.7406354452811397 -1.2544236787266287 -1.2412249224588294 -1.3073313172692753 -1.3244712319438596 -1.242546937013211 -1.1907985498800837 -1.986188430825032 -1.3148609065235348 -1.805116183928579 -1.85820930073134 -1.200079426659403 -1.2382820200808098 -0.8582494885234472 -0.8339010821890736 -0.7962138779673783 -0.7951843363493941 -0.7882475792775324 -0.7815127426916728 -1.273869638252201 -1.1105131845773162 -1.783944706917138 -0.8206901986108561 -1.8209332052440548 -1.2891812507352245 -0.931745744826546 -1.326647121357423 -0.7968352546891256 -0.7810359041003682 -0.7727535024122592 -0.8108934478574228 -0.8142213247366997 -0.8328900696089715 -0.811623702444767 -0.7905552974884168 -1.2624462801954157 -1.8557689692350199 -1.3499079070084332 -1.239590351222279 -1.344644216932586 -1.8143656786668292 -1.257951144494229 -1.2070151614278275 -0.7352022497001265 -0.7348158956633779 -0.771324562086635 -0.74758031303954 -1.2450078314489716 -1.7561417549876743 -0.765488314946678 -1.7458412576421867 -0.8260019363020356 -0.8347403727752288 -0.8206522841753163 -0.8384681181227829 -0.8240625126356169 -0.802089063260444 -1.2440827599821895 -0.8090815613339877 -1.2260017095879023 -0.8927415296951284 -1.8915313448022115 -0.9731005446998447 -1.3555404118366572 -1.8709916760286958 -1.874947066272745 -1.8855589750165542 -0.753538776442515 -0.7706377532666616 -1.2002419947872147 -0.7552022626182766 -1.192970648991413 -0.7653634202945702 -0.7993506410396207 -0.8490975112965075 -1.2715143622773992 -1.8016192308727372 -1.934244176061047 -1.2188378925264431 -1.308649069048355 -0.8599786820294731 -1.2303321756564192 -1.2038424505009704
-1.268182584301265 -1.243684954241167 -1.2039830919391943 -1.1429991767453438 -1.2936841104869812 -1.2218048764706715 -0.78531657489066 -0.7848981986409557 -1.2761049020826807 -1.303782574395159 -1.3441256015683765 -1.3455390284601996 -1.3811105050232375 -1.4503926713767614 -1.9365472243507884 -1.253426869360451 -1.304786157674453 -1.813592642092138 -1.8816943652889302 -1.8619843290461466 -1.8522259436330533 -1.2801953490951044 -1.24249117576356 -0.8547429787217068 -0.7457785383470743 -0.6713301344593334 -0.7270564547286495 -0.7381141848933493 -0.7548695551822396 -0.7563198000645929 -0.7326714873645982 -0.76454940495037 -1.2879672954532075 -1.2431208573075687 -1.2768587898246315 -1.2711940597395954 -1.3003662572382886 -0.9010892172596149 -1.8116358300439086 -1.3620820601047228 -1.2350008631855607 -1.2327084087893798 -1.2300931614535382 -1.2326281296972759 -1.230395006517476 -1.2602927090120466 -1.212366325656729 -0.7973187885712807 -0.7875129647909244 -1.228961390504167 -1.7927880595857455 -1.3285431386124444 -1.8076473257412329 -1.8590528616134816 -0.8801182685487335 -1.2760450539385855 -0.7706970976408821 -1.2020332971778587 -0.8503106940089489 -1.2114267065259607 -1.8255331737365958 -1.692513582101576 -0.7958033767151276 -1.219879785065171 -0.9021294287927744 -1.4676892656695177 -2.5120203249539443 -1.9944113556606038 -1.401899081518344 -1.9796257871144745 -1.9036455078101648 -1.3263791223601127 -2.3773201147839034 -1.3554418939181139 -1.2942331981000124 -1.843570284007149 -1.2588982522197585 -1.7501869418671598 -1.8172539371936294 -1.256606655501644 -1.291529943251183 -1.3155175310053318 -1.242546937013211 -1.1823716175183745 -1.986188430825032 -1.3148609065235348 -1.8194752463658022 -1.85820930073134 -1.200079426659403 -1.2263587217766176 -0.8835202381463835 -0.8232159061944038 -0.8085618512603013 -0.7924530901364428 -0.7798934137458521 -0.7763569957072779 -1.2666442563392935 -1.1105131845773162 -1.783944706917138 -0.8141487593974432 -1.8209332052440548 -1.2891812507352245 -0.931745744826546 -1.313697738099371 -0.7767173705150503 -0.7810359041003682 -0.7727535024122592 -0.8108934478574228 -0.8155811359503428 -0.8328900696089715 -0.799428576817041 -0.7848957350780382 -1.2624462801954157 -1.8824300839334112 -1.3363151300447578 -1.239590351222279 -1.3268138844039883 -1.8553286135411575 -1.257951144494229 -1.161217771418166 -0.743702186102196 -0.7968818130797581 -0.7794068091975362 -0.7883884395198753 -1.258120366613371 -2.4281214117240975 -0.765488314946678 -1.7458412576421867 -0.8260019363020356 -0.8800822994688885 -1.26541889846257 -0.850678498609386 -0.8240625126356169 -0.8130101975664412 -1.2548012654360055 -0.8090815613339877 -1.2260017095879023 -0.8927415296951284 -1.8915313448022115 -0.9731005446998447 -1.4118472155980097 -1.8689856616970535 -1.9247236293714756 -1.8855589750165542 -0.7445022945483007 -0.7550199651808498 -1.2099511110775292 -0.7582638963790985 -1.192970648991413 -0.7653634202945702 -0.8210498337606775 -0.8603370851549331 -1.7502599185080732 -1.8128162814614013 -1.934244176061047 -1.2024067955057995 -1.308649069048355 -0.904318778975155 -1.270779858281566 -1.212078273398393
-1.268182584301265 -1.243684954241167 -1.2039830919391943 -1.1429991767453438 -1.2936841104869812 -1.2218048764706715 -0.7903714299866308 -0.7848981986409557 -1.9024448742884101 -1.303782574395159 -1.3441256015683765 -1.3455390284601996 -1.3811105050232375 -1.4503926713767614 -1.9365472243507884 -1.253426869360451 -1.860473453969793 -1.813592642092138 -1.8816943652889302 -1.8619843290461466 -1.8613596212922245 -1.2801953490951044 -1.24249117576356 -0.8547429787217068 -0.7312794636070742 -0.6857425909819478 -0.7301036599978479 -0.727723887524278 -0.7452582346206256 -0.7563198000645929 -0.7270998216620913 -0.76454940495037 -1.2879672954532075 -1.2431208573075687 -1.2371338977544306 -1.2630386777110154 -1.2906834999249222 -0.9010892172596149 -1.7924413971732385 -1.3620820601047228 -1.2301711009366327 -1.2327084087893798 -1.218890241353242 -1.2326281296972759 -1.239185960197977 -1.2602927090120466 -1.1931832496147279 -0.7973187885712807 -1.2427581084124621 -1.21885212700986 -1.7927880595857455 -1.904203175460799 -1.8076473257412329 -1.8590528616134816 -0.8801182685487335 -1.3270217709774121 -1.220655955304214 -1.2020332971778587 -0.8840840224887668 -1.2630242911886451 -1.8255331737365958 -1.7074235898651944 -1.253430886991387 -1.219879785065171 -0.9021294287927744 -1.4524070961703017 -2.5120203249539443 -1.9944113556606038 -1.401899081518344 -1.9796257871144745 -1.9036455078101648 -1.3263791223601127 -2.3773201147839034 -1.3554418939181139 -1.2942331981000124 -1.8077675651430216 -1.2680564573830952 -1.7156567254256554 -1.7847880451619405 -1.868224714130578 -1.291529943251183 -1.3155175310053318 -1.29249622623101 -1.732921444849255 -2.0448255494374528 -1.3148609065235348 -1.8194752463658022 -1.85820930073134 -1.2093270297188974 -1.2829538818814366 -0.8459242185605385 -0.8167198036005585 -0.7989116748289306 -0.7924530901364428 -0.7798934137458521 -0.7780244907030559 -1.2898939913195857 -1.1105131845773162 -1.783944706917138 -0.8141487593974432 -1.7897675539299809 -1.313301051309228 -0.931745744826546 -1.3434893698547585 -0.7767173705150503 -0.7810359041003682 -1.2494422448385016 -0.8163603834682819 -0.8243537334737657 -0.8328900696089715 -0.7855613603105837 -0.7934345199877246 -1.2624462801954157 -1.8557689692350199 -1.3817335631233212 -1.239590351222279 -1.3268138844039883 -1.8774902298146243 -1.257951144494229 -1.161217771418166 -0.743702186102196 -0.7453262316400662 -0.7794068091975362 -1.2317751287104348 -1.258120366613371 -2.4281214117240975 -0.765488314946678 -1.7458412576421867 -0.8260019363020356 -0.8670740078238348 -1.26541889846257 -0.850678498609386 -0.8240625126356169 -0.7803913331347776 -1.22573481224853 -0.8090815613339877 -1.7861317257131952 -0.8927415296951284 -1.8915313448022115 -0.9731005446998447 -1.4118472155980097 -1.8689856616970535 -1.9247236293714756 -1.8855589750165542 -1.1878754022540863 -1.2000129246094142 -1.2099511110775292 -0.7582638963790985 -1.1774585351885827 -1.2138188402549746 -0.8210498337606775 -0.8603370851549331 -1.7502599185080732 -1.8128162814614013 -2.5797769639759047 -2.3852609398451095 -1.308649069048355 -0.8776711793514186 -1.270779858281566 -1.212078273398393
-1.268182584301265 -1.243684954241167 -1.2039830919391943 -1.1429991767453438 -1.2936841104869812 -1.2218048764706715 -0.7903714299866308 -0.7848981986409557 -1.9024448742884101 -1.303782574395159 -1.3441256015683765 -1.3005583074220055 -1.3563571789851974 -1.4503926713767614 -1.9365472243507884 -1.2319383407740605 -1.860473453969793 -1.813592642092138 -2.5213879197608056 -1.8619843290461466 -1.8613596212922245 -1.323250542735252 -1.24249117576356 -0.8547429787217068 -0.8028786676318368 -0.6857425909819478 -0.7301036599978479 -0.727723887524278 -0.7710375410831268 -0.763352354305571 -0.7545540296307122 -0.7712550447028196 -1.2879672954532075 -1.2431208573075687 -1.2371338977544306 -1.2630386777110154 -1.2906834999249222 -0.9010892172596149 -1.7924413971732385 -1.3620820601047228 -1.2301711009366327 -1.2327084087893798 -1.218890241353242 -1.2326281296972759 -1.239185960197977 -1.2602927090120466 -1.1931832496147279 -0.7973187885712807 -1.2427581084124621 -1.21885212700986 -1.7927880595857455 -1.904203175460799 -1.8076473257412329 -1.8590528616134816 -0.867952637551048 -1.369225906990895 -1.220655955304214 -1.1388258413598387 -1.367008455557829 -1.2630242911886451 -1.8255331737365958 -1.7074235898651944 -1.2726783412838525 -1.8093982379169649 -0.9021294287927744 -1.4524070961703017 -2.5120203249539443 -1.9483893819484654 -1.3699343700653612 -1.9688970279417646 -1.9036455078101648 -1.3192228823930665 -2.4187010796040433 -1.3554418939181139 -1.2942331981000124 -1.797359303820362 -1.2680564573830952 -1.7156567254256554 -1.824866015470478 -1.868224714130578 -1.34924147148487 -1.3085300064362693 -1.29249622623101 -1.732921444849255 -2.0448255494374528 -1.328898600759319 -1.8019141222973922 -1.85820930073134 -1.2093270297188974 -1.2611886335433402 -1.3184067789480647 -0.8167198036005585 -0.7989116748289306 -0.7924530901364428 -0.8246453523307924 -1.2080942848224487 -1.2898939913195857 -1.1105131845773162 -1.783944706917138 -0.8141487593974432 -1.7601988160055855 -1.313301051309228 -0.931745744826546 -1.3434893698547585 -0.7767173705150503 -0.7669307637972095 -1.2494422448385016 -0.8163603834682819 -0.8523478294679703 -1.8749449334396926 -0.819702268717581 -0.7934345199877246 -1.2272186279317148 -1.8557689692350199 -1.3817335631233212 -1.2701459794641599 -1.3268138844039883 -1.8774902298146243 -1.257951144494229 -1.161217771418166 -0.743702186102196 -0.7644754576455149 -1.2668305868686056 -1.2317751287104348 -1.2449662351301125 -2.4281214117240975 -0.765488314946678 -1.7458412576421867 -0.8260019363020356 -0.8670740078238348 -1.26541889846257 -0.850678498609386 -0.8240625126356169 -0.8015012439963956 -1.1928309498602299 -0.8090815613339877 -1.7684332954594435 -0.9379814076370455 -1.8915313448022115 -0.9731005446998447 -1.4118472155980097 -1.8689856616970535 -1.9113454753155452 -1.8855589750165542 -1.1878754022540863 -1.7416557827025232 -1.1983584479843319 -0.7582638963790985 -1.1774585351885827 -1.2138188402549746 -0.8210498337606775 -0.8490975112965075 -1.7502599185080732 -1.8128162814614013 -2.5678005210367045 -2.3852609398451095 -1.308649069048355 -0.8776711793514186 -1.270779858281566 -1.212078273398393
-1.268182584301265 -1.243684954241167 -1.2039830919391943 -1.1429991767453438 -1.284110393432425 -1.2218048764706715 -0.7903714299866308 -0.7848981986409557 -1.9024448742884101 -1.303782574395159 -1.3441256015683765 -1.3005583074220055 -1.3811105050232375 -1.4503926713767614 -1.9365472243507884 -1.2319383407740605 -1.8508606676411543 -1.813592642092138 -2.5213879197608056 -1.8619843290461466 -1.8613596212922245 -1.3457184840003995 -1.2182165401408114 -0.8417308527675132 -0.8028786676318368 -0.6373791004614734 -0.74066887735608 -0.727723887524278 -0.7610146843278024 -0.763352354305571 -0.742585499260516 -0.7802372661555471 -1.2879672954532075 -1.2431208573075687 -1.2371338977544306 -1.2630386777110154 -1.318752678739973 -0.9010892172596149 -1.7924413971732385 -1.3424907868272904 -1.2301711009366327 -1.2327084087893798 -1.218890241353242 -1.2326281296972759 -1.2470630582492697 -1.2602927090120466 -1.1931832496147279 -0.7973187885712807 -1.2259590866773606 -1.21885212700986 -1.7927880595857455 -1.904203175460799 -1.8076473257412329 -1.8590528616134816 -0.867952637551048 -1.369225906990895 -1.220655955304214 -1.7742791978114225 -1.367008455557829 -1.2630242911886451 -1.8255331737365958 -1.7074235898651944 -1.2726783412838525 -1.8093982379169649 -0.9021294287927744 -1.4524070961703017 -2.50006413882974 -1.9483893819484654 -1.289775346308303 -1.8744219302453327 -1.9036455078101648 -1.2965535770099172 -2.3773201147839034 -1.3554418939181139 -1.2701871232300246 -1.7834112370530983 -1.2680564573830952 -1.7061761275420673 -1.2609235605941107 -1.868224714130578 -1.34924147148487 -1.3085300064362693 -1.242546937013211 -1.7519078786226747 -2.0448255494374528 -1.328898600759319 -1.8496839353383354 -1.85820930073134 -1.7645114903582695 -1.2681515766081441 -1.3184067789480647 -0.8167198036005585 -0.8338766560265648 -0.7924530901364428 -0.7978278883502052 -1.2080942848224487 -1.2804421598647082 -1.1105131845773162 -1.783944706917138 -0.8141487593974432 -1.7601988160055855 -1.313301051309228 -0.931745744826546 -1.3434893698547585 -0.7767173705150503 -0.7669307637972095 -1.2494422448385016 -0.8163603834682819 -0.8419958288035945 -1.8749449334396926 -0.819702268717581 -0.7934345199877246 -1.826649792869062 -1.8557689692350199 -1.9650674339637944 -1.2587793062632249 -1.3268138844039883 -1.8774902298146243 -1.257951144494229 -1.161217771418166 -0.743702186102196 -0.7644754576455149 -1.253167449840987 -1.2403835642244414 -1.2319230824524434 -2.4281214117240975 -0.765488314946678 -1.7458412576421867 -0.8260019363020356 -0.8670740078238348 -1.26541889846257 -0.8384681181227829 -0.8413396669191907 -0.8015012439963956 -1.1823871928315417 -0.8090815613339877 -1.7684332954594435 -0.9379814076370455 -1.8915313448022115 -0.9731005446998447 -1.4118472155980097 -1.8689856616970535 -1.9301378878067863 -1.8855589750165542 -1.1878754022540863 -1.7260168072711026 -1.188697671072748 -0.7582638963790985 -1.1774585351885827 -1.2138188402549746 -0.8210498337606775 -0.8490975112965075 -1.7132312894403328 -2.1298370414145342 -2.5678005210367045 -2.3852609398451095 -1.308649069048355 -0.8642186682990198 -1.270779858281566 -1.2038424505009704
-1.2587436176341238 -1.243684954241167 -1.19775064482557 -1.1300812961571882 -1.284110393432425 -1.2218048764706715 -0.78531657489066 -0.7848981986409557 -1.8324213804174976 -1.303782574395159 -1.3441256015683765 -1.3005583074220055 -1.3811105050232375 -1.4503926713767614 -1.9365472243507884 -1.2319383407740605 -1.3116721888342642 -1.813592642092138 -2.5213879197608056 -1.8408809673340938 -1.8613596212922245 -1.3457184840003995 -1.2182165401408114 -0.8494984873373876 -0.7569192113339005 -0.6713301344593334 -0.74066887735608 -0.7381141848933493 -0.7449879851543897 -0.7435305741633709 -0.7154287097673553 -0.7802372661555471 -1.2469882669764598 -1.2431208573075687 -1.2466092242563966 -1.2630386777110154 -1.318752678739973 -0.9010892172596149 -1.7924413971732385 -1.3424907868272904 -1.2301711009366327 -1.2327084087893798 -1.2238155999021763 -1.2326281296972759 -1.2470630582492697 -1.2602927090120466 -1.1931832496147279 -0.7973187885712807 -1.2259590866773606 -1.21885212700986 -1.7927880595857455 -1.904203175460799 -1.8076473257412329 -1.8590528616134816 -0.867952637551048 -1.369225906990895 -0.7706970976408821 -1.7557755564939068 -1.367008455557829 -1.2630242911886451 -1.8255331737365958 -1.7074235898651944 -1.2812916796996787 -1.2477540985960505 -0.9021294287927744 -1.4167499011880644 -2.447520496283638 -1.9483893819484654 -1.289775346308303 -1.8744219302453327 -1.9036455078101648 -1.2965535770099172 -2.3773201147839034 -1.343319814228482 -1.2701871232300246 -1.7966572558252645 -1.2680564573830952 -1.7061761275420673 -1.2609235605941107 -1.8500174171613621 -1.34924147148487 -1.3085300064362693 -1.242546937013211 -1.1983886497424303 -2.0448255494374528 -1.328898600759319 -1.8320208095735722 -1.85820930073134 -1.2093270297188974 -1.2681515766081441 -1.3184067789480647 -0.8273507705068156 -0.7866604923997301 -0.7951843363493941 -0.769373401236594 -1.2080942848224487 -1.2804421598647082 -1.0804758505271226 -1.783944706917138 -0.8206901986108561 -1.791179836577809 -1.313301051309228 -0.931745744826546 -1.3434893698547585 -0.7767173705150503 -0.7669307637972095 -1.2494422448385016 -0.8163603834682819 -0.8419958288035945 -1.8749449334396926 -0.799428576817041 -0.7785249159420605 -1.2624462801954157 -1.8557689692350199 -1.9650674339637944 -1.2587793062632249 -1.3268138844039883 -1.8553286135411575 -1.257951144494229 -1.161217771418166 -0.7237980368437126 -0.7711131114066492 -0.78733271769736 -1.2403835642244414 -1.2319230824524434 -2.4281214117240975 -0.765488314946678 -1.7458412576421867 -0.8260019363020356 -0.8670740078238348 -1.26541889846257 -0.8956400762890224 -0.8413396669191907 -0.8015012439963956 -1.1955878274971905 -0.8090815613339877 -1.7869598943392162 -0.9379814076370455 -1.8915313448022115 -0.9731005446998447 -1.378224334604037 -1.8689856616970535 -1.894461438640232 -1.8855589750165542 -0.7445022945483007 -1.1846849566037694 -1.188697671072748 -0.8655312754889187 -1.1774585351885827 -1.2138188402549746 -0.8210498337606775 -0.8490975112965075 -1.7357366648107742 -2.1180432158629756 -2.5678005210367045 -1.7566620797186436 -1.308649069048355 -0.8642186682990198 -1.270779858281566 -1.194214027954176
-1.2587436176341238 -1.243684954241167 -1.19775064482557 -1.1429991767453438 -1.284110393432425 -1.2218048764706715 -0.78531657489066 -0.7848981986409557 -1.2874872872220884 -1.303782574395159 -1.3441256015683765 -1.3098708413772049 -1.3811105050232375 -1.4503926713767614 -1.8957235219314208 -1.2462697626195933 -1.2796961613908646 -1.813592642092138 -2.5213879197608056 -1.8408809673340938 -1.8613596212922245 -1.3307591295055647 -1.2287162549683188 -0.8494984873373876 -0.7569192113339005 -0.6713301344593334 -0.7270564547286495 -0.7381141848933493 -0.7449879851543897 -0.7745005477882295 -0.7209393612028527 -0.7483141926667923 -1.2540435957282305 -1.2334450239507364 -1.2468005939715388 -1.2630386777110154 -1.3003662572382886 -0.9010892172596149 -1.8116358300439086 -1.3424907868272904 -1.2350008631855607 -1.2327084087893798 -1.2238155999021763 -1.2326281296972759 -1.2470630582492697 -1.25955471804575 -1.1931832496147279 -0.7973187885712807 -1.2559415345278884 -1.248637764216269 -1.2334488739238052 -1.904203175460799 -1.8076473257412329 -1.2901218322038313 -0.867952637551048 -1.32505172123421 -0.7706970976408821 -1.7557755564939068 -1.367008455557829 -1.2630242911886451 -2.401580877914025 -1.692513582101576 -1.2159719375599423 -1.2477540985960505 -0.9021294287927744 -1.4167499011880644 -2.447520496283638 -1.9483893819484654 -1.289775346308303 -1.8744219302453327 -1.845781326693043 -1.2965535770099172 -2.3773201147839034 -1.3554418939181139 -1.2701871232300246 -1.7966572558252645 -1.2680564573830952 -1.6899844101674262 -1.2501227542889106 -1.8500174171613621 -1.3653760067951826 -1.2848385945076592 -1.242546937013211 -1.1983886497424303 -2.0448255494374528 -1.3148609065235348 -1.8320208095735722 -1.85820930073134 -1.2093270297188974 -1.2611886335433402 -1.3343152325017924 -0.8189972794094676 -0.7866604923997301 -0.7951843363493941 -0.7878882096207988 -1.1780886949958354 -1.2971842816609602 -1.145803436563824 -1.783944706917138 -0.8206901986108561 -1.791179836577809 -1.313301051309228 -0.931745744826546 -1.3434893698547585 -0.7767173705150503 -0.7669307637972095 -0.7927025513967543 -0.803943994877644 -0.8419958288035945 -1.8749449334396926 -0.811623702444767 -0.8018018480686863 -1.2624462801954157 -1.9428866788827548 -1.9650674339637944 -1.2587793062632249 -1.344644216932586 -1.8553286135411575 -1.2706641240451457 -1.1702345399279723 -0.7237980368437126 -0.7203780903343097 -0.8068781012983743 -1.243739910272083 -1.2170682243582724 -1.8116519378817117 -0.7774762402911497 -1.7458412576421867 -0.8260019363020356 -0.8221623901290367 -0.8206522841753163 -0.8956400762890224 -0.8413396669191907 -0.8262737431035535 -1.2133079518998506 -0.8090815613339877 -1.8047245579788935 -0.9379814076370455 -1.8915313448022115 -0.9731005446998447 -1.378224334604037 -1.8568832660698689 -1.894461438640232 -1.8855589750165542 -0.753538776442515 -1.2231595603050818 -1.2002419947872147 -0.8534691702804101 -1.1774585351885827 -0.7653634202945702 -0.8618863968956642 -0.8490975112965075 -2.4340748660995164 -2.1298370414145342 -2.5678005210367045 -2.3889963277196156 -1.308649069048355 -0.8642186682990198 -1.270779858281566 -1.2038424505009704
-1.268182584301265 -1.243684954241167 -1.2039830919391943 -1.1429991767453438 -1.284110393432425 -1.2218048764706715 -0.78531657489066 -0.7848981986409557 -1.2874872872220884 -1.303782574395159 -1.3441256015683765 -1.3098708413772049 -1.3811105050232375 -1.4503926713767614 -1.8957235219314208 -1.254778873424929 -1.2796961613908646 -1.813592642092138 -2.47996947292474 -1.8408809673340938 -1.8613596212922245 -1.3307591295055647 -1.2287162549683188 -0.8494984873373876 -0.7211746333857395 -0.6713301344593334 -0.7270564547286495 -0.7381141848933493 -0.7449879851543897 -0.7673996868541714 -0.7270998216620913 -0.7583173619676935 -1.2136141898299515 -1.2431208573075687 -1.2371338977544306 -1.2630386777110154 -1.318752678739973 -0.9010892172596149 -1.7924413971732385 -1.3535197074775207 -1.2350008631855607 -1.2327084087893798 -1.2238155999021763 -1.2326281296972759 -1.2470630582492697 -1.25955471804575 -1.1931832496147279 -0.7973187885712807 -1.2729449254796439 -1.248637764216269 -1.2334488739238052 -1.904203175460799 -1.8076473257412329 -1.2901218322038313 -0.867952637551048 -1.27411223796453 -0.7706970976408821 -1.2020332971778587 -1.367008455557829 -1.2630242911886451 -1.7712698195157306 -1.7074235898651944 -1.253430886991387 -1.2477540985960505 -0.9021294287927744 -1.4524070961703017 -2.4894068198780115 -1.9483893819484654 -1.289775346308303 -1.9122127932929105 -1.863210759419651 -1.2965535770099172 -2.3773201147839034 -1.3554418939181139 -1.2839437552128372 -1.797359303820362 -1.2807631338313668 -1.6950843645900724 -1.2609235605941107 -1.868224714130578 -1.3653760067951826 -1.3174607843324893 -1.242546937013211 -1.1942246810274524 -2.0448255494374528 -1.3148609065235348 -1.8496839353383354 -1.85820930073134 -1.2093270297188974 -1.2829538818814366 -1.3184067789480647 -0.8273507705068156 -0.7989116748289306 -0.8080643493643466 -0.7878882096207988 -1.1780886949958354 -1.2971842816609602 -1.0804758505271226 -1.783944706917138 -0.8141487593974432 -1.791179836577809 -1.313301051309228 -0.931745744826546 -1.3434893698547585 -0.7767173705150503 -0.7669307637972095 -0.7927025513967543 -0.8163603834682819 -0.8331028836184151 -0.8328900696089715 -0.811623702444767 -0.7969905674250422 -1.2624462801954157 -1.8557689692350199 -1.3817335631233212 -1.2701459794641599 -1.344644216932586 -1.8553286135411575 -1.2706641240451457 -1.1702345399279723 -0.723625446396707 -0.7348938044698371 -0.7942667454567821 -1.243739910272083 -1.2170682243582724 -1.7743814230039174 -0.765488314946678 -1.7458412576421867 -0.8260019363020356 -0.8221623901290367 -0.8206522841753163 -0.8956400762890224 -0.8240625126356169 -0.8015012439963956 -1.2287622445528283 -0.8090815613339877 -1.8047245579788935 -0.8927415296951284 -1.8504034606643764 -0.9731005446998447 -1.378224334604037 -1.872878047416674 -1.9113454753155452 -1.8855589750165542 -0.753538776442515 -1.1979075372681118 -1.2002419947872147 -0.8464476017518598 -1.1774585351885827 -1.2138188402549746 -0.8618863968956642 -0.8490975112965075 -1.2715143622773992 -1.8016192308727372 -2.5678005210367045 -2.4102788199729983 -1.308649069048355 -0.8642186682990198 -1.270779858281566 -1.2038424505009704
-1.2587436176341238 -1.243684954241167 -1.19775064482557 -1.1300812961571882 -1.284110393432425 -1.2142437735378446 -0.78531657489066 -0.7848981986409557 -1.2874872872220884 -1.303782574395159 -1.3441256015683765 -1.322922471292139 -1.3811105050232375 -1.4503926713767614 -1.8957235219314208 -1.254778873424929 -1.2788067345755603 -1.813592642092138 -1.8435804663243467 -1.8408809673340938 -1.8613596212922245 -1.3307591295055647 -1.2287162549683188 -0.8494984873373876 -0.7312794636070742 -0.6713301344593334 -0.74066887735608 -0.7381141848933493 -0.7449879851543897 -0.7673996868541714 -0.7392748451128031 -0.751687086352938 -1.2136141898299515 -1.2431208573075687 -1.2371338977544306 -1.2630386777110154 -1.3003662572382886 -0.9010892172596149 -1.7924413971732385 -1.3535197074775207 -1.2301711009366327 -1.2327084087893798 -1.2238155999021763 -1.2326281296972759 -1.2470630582492697 -1.25955471804575 -1.1931832496147279 -0.7973187885712807 -1.2729449254796439 -1.248637764216269 -1.2334488739238052 -1.904203175460799 -1.7620530317918297 -1.2901218322038313 -0.8801182685487335 -1.2333739349415944 -0.7706970976408821 -1.2177003339826697 -0.8840840224887668 -1.2630242911886451 -1.7712698195157306 -1.191602799496636 -1.2506229624680283 -0.7914148915159163 -0.9021294287927744 -1.4167499011880644 -2.4369148622492487 -1.9483893819484654 -1.299940784493715 -1.9122127932929105 -1.8461824452585898 -1.3036501570147592 -2.3773201147839034 -1.3554418939181139 -1.2839437552128372 -1.8077675651430216 -1.2807631338313668 -1.6950843645900724 -1.2609235605941107 -1.8500174171613621 -1.3653760067951826 -1.3174607843324893 -1.242546937013211 -1.2026953231694795 -2.0448255494374528 -1.3148609065235348 -1.8496839353383354 -1.85820930073134 -1.2093270297188974 -1.2829538818814366 -0.8459242185605385 -0.8423516026076681 -0.8115476793746169 -0.7951843363493941 -0.7701820065193012 -1.1780886949958354 -1.2971842816609602 -1.1105131845773162 -1.783944706917138 -0.8141487593974432 -1.8209332052440548 -1.313301051309228 -0.931745744826546 -1.313697738099371 -0.7836250216654068 -0.7669307637972095 -0.7727535024122592 -0.8163603834682819 -0.8419958288035945 -0.8328900696089715 -0.811623702444767 -0.7905552974884168 -1.2624462801954157 -1.8557689692350199 -1.3363151300447578 -1.239590351222279 -1.344644216932586 -1.8553286135411575 -1.2706641240451457 -1.1702345399279723 -0.7295435347769119 -0.7207053533959649 -0.747662216207438 -1.2317751287104348 -1.2319230824524434 -1.7743814230039174 -0.765488314946678 -1.7458412576421867 -0.8260019363020356 -0.8221623901290367 -0.8206522841753163 -0.8956400762890224 -0.8240625126356169 -0.7803913331347776 -1.2440827599821895 -0.8090815613339877 -1.8047245579788935 -0.8927415296951284 -1.8504034606643764 -0.9731005446998447 -1.378224334604037 -1.872878047416674 -1.9113454753155452 -1.8855589750165542 -0.753538776442515 -1.2100854775830312 -1.2002419947872147 -0.8464476017518598 -1.1774585351885827 -1.2138188402549746 -0.8675006680674684 -0.8490975112965075 -1.2715143622773992 -1.8016192308727372 -2.5678005210367045 -1.776067254060092 -1.308649069048355 -0.8642186682990198 -1.270779858281566 -1.2038424505009704
-1.2587436176341238 -1.243684954241167 -1.19775064482557 -1.1300812961571882 -1.284110393432425 -1.2142437735378446 -0.78531657489066 -0.7848981986409557 -1.3317123210623807 -1.3215609532888248 -1.33743102386549 -1.3594640436186458 -1.3619825680960616 -1.4503926713767614 -1.9042067423253102 -1.254778873424929 -1.2788067345755603 -1.813592642092138 -1.8435804663243467 -1.8408809673340938 -1.8613596212922245 -1.2801953490951044 -1.2287162549683188 -0.8494984873373876 -0.7673580235872401 -0.6713301344593334 -0.74066887735608 -0.7381141848933493 -0.7449879851543897 -0.7745005477882295 -0.7392748451128031 -0.751687086352938 -1.2540435957282305 -1.2431208573075687 -1.2468005939715388 -1.2630386777110154 -1.3003662572382886 -0.9010892172596149 -1.7930788626473064 -1.3535197074775207 -1.2350008631855607 -1.2327084087893798 -1.2238155999021763 -1.2326281296972759 -1.2470630582492697 -1.25955471804575 -1.1931832496147279 -0.7973187885712807 -1.2729449254796439 -1.2409824864125785 -1.2334488739238052 -1.904203175460799 -1.7620530317918297 -1.2901218322038313 -0.8801182685487335 -1.2333739349415944 -0.7706970976408821 -1.2177003339826697 -0.8503106940089489 -1.2630242911886451 -1.7712698195157306 -0.7468918602934344 -1.1858650522088432 -0.7914148915159163 -0.9021294287927744 -1.4602004518012948 -2.4894068198780115 -1.9483893819484654 -1.3208451139620723 -1.9796257871144745 -1.8461824452585898 -1.3036501570147592 -2.3773201147839034 -1.3635187155515232 -1.2839437552128372 -1.8077675651430216 -1.2807631338313668 -1.729459870645322 -1.2609235605941107 -1.868224714130578 -1.3653760067951826 -1.3244712319438596 -1.242546937013211 -1.2026953231694795 -2.0448255494374528 -1.3148609065235348 -1.8693234565532326 -1.85820930073134 -1.2093270297188974 -1.2829538818814366 -0.8545656229161458 -0.8423516026076681 -0.7862337749442497 -0.7951843363493941 -0.7798934137458521 -1.2003396018394468 -1.2971842816609602 -1.0804758505271226 -1.783944706917138 -0.8141487593974432 -1.8209332052440548 -1.313301051309228 -0.931745744826546 -1.313697738099371 -0.7902986221425409 -0.7810359041003682 -0.7727535024122592 -0.8163603834682819 -0.8055188059436751 -1.3014105099827153 -0.811623702444767 -0.7969905674250422 -1.2624462801954157 -1.8557689692350199 -1.3817335631233212 -1.239590351222279 -1.344644216932586 -1.8553286135411575 -1.2706641240451457 -1.1702345399279723 -0.7295435347769119 -0.7023094439998446 -0.747662216207438 -1.2538347825610667 -1.2319230824524434 -1.7743814230039174 -0.765488314946678 -1.7458412576421867 -0.8260019363020356 -0.8221623901290367 -0.8206522841753163 -0.8956400762890224 -0.8240625126356169 -0.7803913331347776 -1.2440827599821895 -0.8090815613339877 -1.2418054251865138 -0.8927415296951284 -1.8504034606643764 -0.9731005446998447 -1.378224334604037 -1.872878047416674 -1.9247236293714756 -1.8855589750165542 -0.753538776442515 -1.2360786255938268 -1.2002419947872147 -0.8464476017518598 -1.1774585351885827 -1.2138188402549746 -0.8781679349393995 -0.8490975112965075 -1.2715143622773992 -1.8016192308727372 -1.9231634939241846 -1.2188378925264431 -1.308649069048355 -0.8351300945939709 -1.270779858281566 -1.2038424505009704
-1.2587436176341238 -1.243684954241167 -1.2037255254536443 -1.1300812961571882 -1.284110393432425 -1.2142437735378446 -0.78531657489066 -0.7848981986409557 -1.2671693040525507 -1.303782574395159 -1.3441256015683765 -1.3594640436186458 -1.3811105050232375 -1.4503926713767614 -1.8835578399710537 -1.254778873424929 -1.2708564605029133 -1.813592642092138 -1.7891876939083224 -1.818957823757655 -1.8613596212922245 -1.2801953490951044 -1.2287162549683188 -0.8582264082600687 -0.7673580235872401 -0.6713301344593334 -0.7270564547286495 -0.7381141848933493 -0.7449879851543897 -0.7745005477882295 -0.7270998216620913 -0.7429259182494817 -1.2540435957282305 -1.2431208573075687 -1.2659224680636783 -1.2711940597395954 -1.3003662572382886 -0.9010892172596149 -1.8116358300439086 -1.3535197074775207 -1.2350008631855607 -1.2327084087893798 -1.2300931614535382 -1.2326281296972759 -1.239185960197977 -1.25955471804575 -1.1931832496147279 -0.7973187885712807 -1.2729449254796439 -1.2409824864125785 -1.2334488739238052 -1.904203175460799 -1.7620530317918297 -1.2901218322038313 -0.8801182685487335 -1.2333739349415944 -0.7454158412084293 -0.7992923277568719 -0.8503106940089489 -0.8016837093740018 -1.7712698195157306 -0.72406933500846 -1.1533699207698185 -0.7702313564092841 -0.9021294287927744 -1.4244571638944106 -2.4594193470834007 -1.9483893819484654 -1.3208451139620723 -1.9228405581437529 -1.8770722333615137 -1.3036501570147592 -2.3773201147839034 -1.3554418939181139 -1.2839437552128372 -1.8176174087045702 -1.2807631338313668 -1.6950843645900724 -1.288943582950493 -1.8500174171613621 -1.3653760067951826 -1.3244712319438596 -1.242546937013211 -1.2026953231694795 -1.986188430825032 -1.324746162450595 -1.8496839353383354 -1.85820930073134 -1.2093270297188974 -0.81830578836404 -0.7993129113356381 -0.8273507705068156 -0.771496505952545 -0.7951843363493941 -0.7798934137458521 -1.2003396018394468 -1.2971842816609602 -1.0804758505271226 -1.783944706917138 -0.8206901986108561 -1.8209332052440548 -1.313301051309228 -0.931745744826546 -1.326647121357423 -0.7968352546891256 -0.7649970729322595 -0.7727535024122592 -0.8163603834682819 -0.8055188059436751 -1.3014105099827153 -0.811623702444767 -0.7905552974884168 -1.2624462801954157 -1.8557689692350199 -1.3817335631233212 -1.239590351222279 -1.344644216932586 -1.8143656786668292 -1.2706641240451457 -1.1702345399279723 -0.7295435347769119 -0.7060063948836188 -0.75775027092662 -1.2538347825610667 -1.2319230824524434 -1.7743814230039174 -0.765488314946678 -1.7458412576421867 -0.8006247420530326 -0.8347403727752288 -0.8206522841753163 -0.8384681181227829 -0.8240625126356169 -0.7875278689959879 -1.2440827599821895 -0.8090815613339877 -1.2384956449444406 -0.8927415296951284 -1.8504034606643764 -0.9731005446998447 -1.378224334604037 -1.8870275935456668 -1.9247236293714756 -1.8855589750165542 -0.753538776442515 -1.2360786255938268 -1.2002419947872147 -0.748720384524935 -1.192970648991413 -1.2138188402549746 -0.8368390464246654 -0.8490975112965075 -1.2185633801745201 -1.8016192308727372 -1.9231634939241846 -1.2188378925264431 -1.308649069048355 -0.8599786820294731 -1.2351735201727099 -1.2038424505009704
-1.2587436176341238 -1.243684954241167 -1.19775064482557 -1.1300812961571882 -1.284110393432425 -1.2142437735378446 -0.78531657489066 -0.7848981986409557 -1.2671693040525507 -1.303782574395159 -1.3441256015683765 -1.3368052103342245 -1.3811105050232375 -1.4503926713767614 -1.9450901717431222 -1.2319383407740605 -1.2796961613908646 -1.813592642092138 -1.8816943652889302 -1.818957823757655 -1.8613596212922245 -1.2801953490951044 -1.2182165401408114 -0.8494984873373876 -0.7457785383470743 -0.6713301344593334 -0.7270564547286495 -0.7381141848933493 -0.7449879851543897 -0.763352354305571 -0.7326714873645982 -0.76454940495037 -1.2879672954532075 -1.2431208573075687 -1.2539717787119395 -1.2630386777110154 -1.3003662572382886 -0.9010892172596149 -1.8116358300439086 -1.3535197074775207 -1.2350008631855607 -1.2327084087893798 -1.2300931614535382 -1.2326281296972759 -1.239185960197977 -1.2602927090120466 -1.1931832496147279 -0.7973187885712807 -1.2729449254796439 -1.2213675463021494 -1.7927880595857455 -1.3285431386124444 -1.8076473257412329 -1.8590528616134816 -0.8801182685487335 -1.2760450539385855 -0.7706970976408821 -0.7992923277568719 -0.8503106940089489 -1.2630242911886451 -1.7712698195157306 -1.7331571892135167 -0.7607769080296942 -0.7702313564092841 -0.9021294287927744 -1.4318638719390093 -2.4594193470834007 -1.9483893819484654 -1.3208451139620723 -1.9228405581437529 -1.8864921803808936 -1.3036501570147592 -2.3773201147839034 -1.314061182639921 -1.2839437552128372 -1.843570284007149 -1.2680564573830952 -1.7406354452811397 -1.288943582950493 -1.2825472975682517 -1.3653760067951826 -1.3155175310053318 -1.242546937013211 -1.1907985498800837 -1.986188430825032 -1.3148609065235348 -1.8496839353383354 -1.85820930073134 -1.2093270297188974 -1.2829538818814366 -0.8315661543934475 -0.8339010821890736 -0.7813532393085713 -0.7951843363493941 -0.8023433002445551 -1.213829035770482 -1.2804421598647082 -1.0804758505271226 -1.783944706917138 -0.8141487593974432 -1.8209332052440548 -1.313301051309228 -0.931745744826546 -1.313697738099371 -0.7968352546891256 -0.7649970729322595 -0.7727535024122592 -0.8163603834682819 -0.8142213247366997 -0.8328900696089715 -0.799428576817041 -0.7848957350780382 -1.2624462801954157 -1.8557689692350199 -1.3363151300447578 -1.239590351222279 -1.344644216932586 -1.8553286135411575 -1.257951144494229 -1.2159449983372428 -0.7352022497001265 -0.7142724478397974 -0.771324562086635 -1.243739910272083 -1.2319230824524434 -1.7938391654566221 -0.765488314946678 -1.7458412576421867 -0.8006247420530326 -0.8347403727752288 -1.26541889846257 -0.8384681181227829 -0.8240625126356169 -0.7875278689959879 -1.2440827599821895 -0.8090815613339877 -1.2260017095879023 -0.8927415296951284 -1.8915313448022115 -0.9731005446998447 -1.378224334604037 -1.8689856616970535 -1.9247236293714756 -1.8855589750165542 -0.7445022945483007 -1.2083222266048557 -1.2002419947872147 -0.7471997069434266 -1.192970648991413 -0.7653634202945702 -0.8210498337606775 -0.8490975112965075 -1.1887492568103628 -1.8128162814614013 -1.9231634939241846 -1.2188378925264431 -1.308649069048355 -0.8599786820294731 -1.270779858281566 -1.2038424505009704
-1.2587436176341238 -1.243684954241167 -1.19775064482557 -1.1300812961571882 -1.3067999860261297 -1.2142437735378446 -0.78531657489066 -0.7848981986409557 -1.808811252559616 -1.303782574395159 -1.3109832574049625 -1.3368052103342245 -1.3811105050232375 -1.4503926713767614 -1.9242949931241926 -1.2319383407740605 -1.283248927553776 -1.813592642092138 -1.8816943652889302 -1.818957823757655 -1.8613596212922245 -1.2801953490951044 -1.2182165401408114 -0.8417308527675132 -0.7312794636070742 -0.6637067000260322 -0.7270564547286495 -0.7381141848933493 -0.7449879851543897 -0.7563198000645929 -0.7326714873645982 -0.7330601638111567 -1.2879672954532075 -1.2431208573075687 -1.2371338977544306 -1.2711940597395954 -1.3003662572382886 -0.9010892172596149 -1.8116358300439086 -1.3535197074775207 -1.2301711009366327 -1.2327084087893798 -1.2300931614535382 -1.2326281296972759 -1.239185960197977 -1.2602927090120466 -1.1931832496147279 -0.7973187885712807 -1.2427581084124621 -1.2213675463021494 -1.7927880595857455 -1.3285431386124444 -1.8076473257412329 -1.8590528616134816 -0.8801182685487335 -1.2760450539385855 -1.220655955304214 -0.7992923277568719 -0.8503106940089489 -1.2630242911886451 -1.7712698195157306 -1.7331571892135167 -0.7671573840145897 -0.7702313564092841 -0.9021294287927744 -1.4318638719390093 -2.4594193470834007 -1.9483893819484654 -1.3208451139620723 -1.9228405581437529 -1.9036455078101648 -1.3036501570147592 -2.3773201147839034 -1.3554418939181139 -1.2839437552128372 -1.8077675651430216 -1.2680564573830952 -1.7061761275420673 -1.288943582950493 -1.2825472975682517 -1.34924147148487 -1.3155175310053318 -1.242546937013211 -1.1907985498800837 -1.986188430825032 -1.3148609065235348 -1.8496839353383354 -1.85820930073134 -1.200079426659403 -1.2829538818814366 -0.8234683350632791 -0.8189972794094676 -0.7570831653762032 -0.7924530901364428 -0.810853804508965 -1.227154829664212 -1.2804421598647082 -1.0804758505271226 -1.783944706917138 -0.8206901986108561 -1.8209332052440548 -1.313301051309228 -0.931745744826546 -1.3434893698547585 -0.7968352546891256 -0.7649970729322595 -0.7927025513967543 -0.8163603834682819 -0.8142213247366997 -0.8328900696089715 -0.799428576817041 -0.7785249159420605 -1.2624462801954157 -1.8557689692350199 -1.3817335631233212 -1.239590351222279 -1.3268138844039883 -1.8553286135411575 -1.257951144494229 -1.1978512264937495 -0.743702186102196 -0.7710326489055536 -0.771324562086635 -1.1790930241047706 -1.2450078314489716 -2.4281214117240975 -0.765488314946678 -1.7458412576421867 -0.8006247420530326 -0.8800822994688885 -1.26541889846257 -0.8384681181227829 -0.8240625126356169 -0.7875278689959879 -1.2306092483381423 -0.8090815613339877 -1.2260017095879023 -0.8927415296951284 -1.8915313448022115 -0.9731005446998447 -1.4118472155980097 -1.8689856616970535 -1.9247236293714756 -1.8855589750165542 -0.7445022945483007 -1.2000129246094142 -1.2002419947872147 -0.7582638963790985 -1.192970648991413 -0.7653634202945702 -0.8210498337606775 -0.8490975112965075 -1.145880524691733 -1.8128162814614013 -1.9231634939241846 -1.2188378925264431 -1.308649069048355 -0.8599786820294731 -1.3050164728750477 -1.2038424505009704
-1.2587436176341238 -1.243684954241167 -1.19775064482557 -1.1300812961571882 -1.3067999860261297 -1.2218048764706715 -0.78531657489066 -0.7848981986409557 -1.808811252559616 -1.303782574395159 -1.3109832574049625 -1.3005583074220055 -1.3811105050232375 -1.4503926713767614 -1.9450901717431222 -1.2319383407740605 -1.283248927553776 -1.813592642092138 -1.8816943652889302 -1.8619843290461466 -1.8613596212922245 -1.2801953490951044 -1.2182165401408114 -0.8417308527675132 -0.7312794636070742 -0.6637067000260322 -0.7270564547286495 -0.727723887524278 -0.7449879851543897 -0.7563198000645929 -0.7326714873645982 -0.7330601638111567 -1.2879672954532075 -1.2431208573075687 -1.2468005939715388 -1.2630386777110154 -1.3003662572382886 -0.9010892172596149 -1.8116358300439086 -1.3535197074775207 -1.2350008631855607 -1.2327084087893798 -1.218890241353242 -1.2326281296972759 -1.230395006517476 -1.2602927090120466 -1.1931832496147279 -0.7973187885712807 -1.2427581084124621 -1.2112903176691021 -1.7927880595857455 -1.904203175460799 -1.8076473257412329 -1.8590528616134816 -0.8801182685487335 -1.2760450539385855 -1.220655955304214 -0.7992923277568719 -0.8840840224887668 -1.2630242911886451 -1.7712698195157306 -1.692513582101576 -1.207583045023212 -0.7702313564092841 -0.9021294287927744 -1.4598782578445348 -2.5120203249539443 -1.9483893819484654 -1.3208451139620723 -1.9228405581437529 -1.9036455078101648 -1.3036501570147592 -2.3773201147839034 -1.314061182639921 -1.2839437552128372 -1.8077675651430216 -1.2680564573830952 -1.7406354452811397 -1.288943582950493 -1.2981801901119117 -1.34924147148487 -1.3085300064362693 -1.242546937013211 -1.1907985498800837 -1.986188430825032 -1.3148609065235348 -1.8496839353383354 -1.85820930073134 -1.2093270297188974 -1.2951478869430335 -0.8709672283601941 -0.8189972794094676 -0.7866604923997301 -0.7797370778334836 -0.8023433002445551 -1.2046474184122802 -1.2804421598647082 -1.0804758505271226 -1.783944706917138 -0.8141487593974432 -1.8209332052440548 -1.313301051309228 -0.931745744826546 -1.3434893698547585 -0.7968352546891256 -0.7510859354717514 -0.7927025513967543 -0.8163603834682819 -0.8055188059436751 -0.8328900696089715 -0.799428576817041 -0.7848957350780382 -1.2624462801954157 -1.8557689692350199 -1.3817335631233212 -1.239590351222279 -1.3268138844039883 -1.8553286135411575 -1.257951144494229 -1.1978512264937495 -0.743702186102196 -0.7838682238029704 -0.771324562086635 -1.2652462755161586 -1.2450078314489716 -2.4689710435323695 -0.7774762402911497 -1.7458412576421867 -0.8006247420530326 -0.8800822994688885 -1.26541889846257 -0.8384681181227829 -0.8240625126356169 -0.8093546867439807 -1.2306092483381423 -0.8090815613339877 -1.7861317257131952 -0.8927415296951284 -1.8915313448022115 -0.9731005446998447 -1.4118472155980097 -1.8689856616970535 -1.9247236293714756 -1.8855589750165542 -0.7445022945483007 -1.2000129246094142 -0.7548998025744934 -0.7582638963790985 -1.192970648991413 -0.7653634202945702 -0.7993506410396207 -0.8490975112965075 -1.145880524691733 -1.8128162814614013 -2.5678005210367045 -2.4065354739654086 -1.308649069048355 -0.8599786820294731 -1.3050164728750477 -1.2038424505009704
-1.2587436176341238 -1.243684954241167 -1.19775064482557 -1.1300812961571882 -1.3067999860261297 -1.2218048764706715 -0.7903714299866308 -0.7848981986409557 -1.8681254065237547 -1.303782574395159 -1.3109832574049625 -1.3005583074220055 -1.3811105050232375 -1.4503926713767614 -1.9242949931241926 -1.2319383407740605 -1.8508606676411543 -1.813592642092138 -2.5213879197608056 -1.8619843290461466 -1.8613596212922245 -1.3457184840003995 -1.2182165401408114 -0.8417308527675132 -0.7312794636070742 -0.6637067000260322 -0.716623885201968 -0.727723887524278 -0.7354617341555572 -0.7366213558793846 -0.7326714873645982 -0.7395795556236026 -1.2879672954532075 -1.2431208573075687 -1.2468005939715388 -1.2630386777110154 -1.3003662572382886 -0.9010892172596149 -1.8116358300439086 -1.3535197074775207 -1.2301711009366327 -1.2327084087893798 -1.218890241353242 -1.2326281296972759 -1.230395006517476 -1.2602927090120466 -1.1931832496147279 -0.7973187885712807 -1.2427581084124621 -1.2112903176691021 -1.8189663518386603 -1.904203175460799 -1.8076473257412329 -1.8590528616134816 -0.867952637551048 -1.3270217709774121 -1.220655955304214 -1.2030877625108507 -0.8840840224887668 -1.293206948059962 -1.7712698195157306 -1.692513582101576 -1.2159719375599423 -1.1991453146123805 -0.9021294287927744 -1.4167499011880644 -2.4594193470834007 -1.9483893819484654 -1.299940784493715 -1.9122127932929105 -1.9036455078101648 -1.3036501570147592 -2.3773201147839034 -1.3554418939181139 -1.2839437552128372 -1.797359303820362 -1.2680564573830952 -1.7061761275420673 -1.2609235605941107 -1.2825472975682517 -1.3249502752485676 -1.3085300064362693 -1.242546937013211 -1.7429176749360826 -2.0585462713066187 -1.3148609065235348 -1.8496839353383354 -1.85820930073134 -1.200079426659403 -1.2732803483514485 -0.8626271668973194 -0.8084359572019754 -0.7866604923997301 -0.7797370778334836 -0.8008905077436728 -1.2046474184122802 -1.2804421598647082 -1.0804758505271226 -1.783944706917138 -0.8206901986108561 -1.7296742242023135 -1.313301051309228 -0.931745744826546 -1.3434893698547585 -0.7901254209597871 -0.7510859354717514 -0.7927025513967543 -0.8163603834682819 -0.8419958288035945 -0.8328900696089715 -0.819702268717581 -0.7785249159420605 -1.2624462801954157 -1.8557689692350199 -1.3817335631233212 -1.2587793062632249 -1.3268138844039883 -1.8553286135411575 -1.257951144494229 -1.1978512264937495 -0.743702186102196 -0.7906165638346855 -1.2332080602621303 -1.1784563571122062 -1.2450078314489716 -2.4689710435323695 -0.7774762402911497 -1.7458412576421867 -0.8260019363020356 -0.8670740078238348 -1.26541889846257 -0.8384681181227829 -0.8240625126356169 -0.802089063260444 -1.2000060787051843 -0.8090815613339877 -1.7861317257131952 -0.9379814076370455 -1.8915313448022115 -0.9731005446998447 -1.4118472155980097 -1.8689856616970535 -1.9113454753155452 -1.8855589750165542 -0.7445022945483007 -1.2017699147844216 -1.2002419947872147 -0.7582638963790985 -1.1774585351885827 -0.7653634202945702 -0.808506525130645 -0.8490975112965075 -1.7502599185080732 -1.8128162814614013 -2.5678005210367045 -2.3852609398451095 -1.308649069048355 -0.8776711793514186 -1.3050164728750477 -1.2038424505009704
-1.2587436176341238 -1.243684954241167 -1.19775064482557 -1.1300812961571882 -1.3067999860261297 -1.2218048764706715 -0.7903714299866308 -0.7848981986409557 -1.8681254065237547 -1.303782574395159 -1.3109832574049625 -1.3005583074220055 -1.3811105050232375 -1.4503926713767614 -1.9450901717431222 -1.2319383407740605 -1.8508606676411543 -1.813592642092138 -2.5213879197608056 -1.8619843290461466 -1.8613596212922245 -1.3457184840003995 -1.2182165401408114 -0.8417308527675132 -0.723905849945204 -0.6637067000260322 -0.716623885201968 -0.7222941441691441 -0.7354617341555572 -0.7366213558793846 -0.7326714873645982 -0.7395795556236026 -1.2879672954532075 -1.2431208573075687 -1.2468005939715388 -1.2630386777110154 -1.3003662572382886 -0.9010892172596149 -1.8116358300439086 -1.3620820601047228 -1.2350008631855607 -1.2327084087893798 -1.218890241353242 -1.2326281296972759 -1.230395006517476 -1.2602927090120466 -1.1931832496147279 -0.7973187885712807 -1.2259590866773606 -1.2112903176691021 -1.8189663518386603 -1.904203175460799 -1.8076473257412329 -1.8590528616134816 -0.867952637551048 -1.369225906990895 -1.220655955304214 -1.2030877625108507 -1.367008455557829 -1.293206948059962 -1.7712698195157306 -1.692513582101576 -1.2159719375599423 -1.768584383670011 -0.9021294287927744 -1.4167499011880644 -2.4594193470834007 -1.9483893819484654 -1.289775346308303 -1.8744219302453327 -1.9036455078101648 -1.2965535770099172 -2.3773201147839034 -1.3635187155515232 -1.2839437552128372 -1.797359303820362 -1.2680564573830952 -1.7406354452811397 -1.2609235605941107 -1.2825472975682517 -1.3249502752485676 -1.3085300064362693 -1.242546937013211 -1.7619442752918348 -2.0448255494374528 -1.3148609065235348 -1.8496839353383354 -1.85820930073134 -1.2186890144443652 -1.2732803483514485 -0.8709672283601941 -0.8084359572019754 -0.7866604923997301 -0.7889306488685872 -0.8149494833962966 -1.2046474184122802 -1.2804421598647082 -1.0804758505271226 -1.783944706917138 -0.8206901986108561 -1.7004780473599435 -1.313301051309228 -0.931745744826546 -1.3434893698547585 -0.7968352546891256 -0.7510859354717514 -0.8050943593688636 -0.8163603834682819 -0.8331028836184151 -1.3038024878022527 -0.819702268717581 -0.7785249159420605 -1.2624462801954157 -1.8557689692350199 -1.3817335631233212 -1.2587793062632249 -1.3268138844039883 -1.8553286135411575 -1.257951144494229 -0.7531818182402925 -0.7288568889598439 -0.7838682238029704 -1.295439594266529 -1.190152757389027 -1.2450078314489716 -2.4689710435323695 -0.7774762402911497 -1.7458412576421867 -0.8260019363020356 -0.8670740078238348 -1.26541889846257 -0.8530968506941152 -0.8240625126356169 -0.8235781163083365 -1.2000060787051843 -0.8090815613339877 -1.7861317257131952 -0.9379814076370455 -1.8915313448022115 -0.9731005446998447 -1.4118472155980097 -1.8689856616970535 -1.9113454753155452 -1.8855589750165542 -0.7445022945483007 -1.1581324314020134 -0.7548998025744934 -0.7582638963790985 -1.1774585351885827 -0.7653634202945702 -0.808506525130645 -0.8490975112965075 -1.7502599185080732 -2.1180432158629756 -2.5797769639759047 -2.3852609398451095 -1.308649069048355 -0.8776711793514186 -1.3050164728750477 -1.2038424505009704
-1.2587436176341238 -1.243684954241167 -1.19775064482557 -1.1300812961571882 -1.3067999860261297 -1.2218048764706715 -0.7903714299866308 -0.7848981986409557 -1.8681254065237547 -1.303782574395159 -1.3109832574049625 -1.3005583074220055 -1.3811105050232375 -1.4503926713767614 -1.9450901717431222 -1.2319383407740605 -1.8508606676411543 -1.813592642092138 -2.5213879197608056 -1.8619843290461466 -1.8613596212922245 -1.3457184840003995 -1.2182165401408114 -0.8417308527675132 -0.723905849945204 -0.7026213132891351 -0.716623885201968 -0.7222941441691441 -0.7449879851543897 -0.7366213558793846 -0.7326714873645982 -0.7395795556236026 -1.2879672954532075 -1.2431208573075687 -1.2468005939715388 -1.2630386777110154 -1.3003662572382886 -0.9010892172596149 -1.8116358300439086 -1.3535197074775207 -1.207738773144131 -1.2327084087893798 -1.218890241353242 -1.2326281296972759 -1.230395006517476 -1.2602927090120466 -1.1931832496147279 -0.7973187885712807 -1.2259590866773606 -1.2112903176691021 -1.8189663518386603 -1.904203175460799 -1.8354386473583666 -1.8590528616134816 -0.867952637551048 -1.369225906990895 -1.220655955304214 -1.2030877625108507 -1.367008455557829 -1.293206948059962 -1.7712698195157306 -1.692513582101576 -1.207583045023212 -1.768584383670011 -0.9021294287927744 -1.4524070961703017 -2.5120203249539443 -1.9483893819484654 -1.289775346308303 -1.8744219302453327 -1.9036455078101648 -1.2965535770099172 -2.3773201147839034 -1.3635187155515232 -1.2701871232300246 -1.797359303820362 -1.2680564573830952 -1.7061761275420673 -1.2609235605941107 -1.2825472975682517 -1.3249502752485676 -1.3085300064362693 -1.242546937013211 -1.20687452407586 -2.0448255494374528 -1.3148609065235348 -1.8496839353383354 -1.85820930073134 -1.2520741618324411 -1.3047377496925685 -0.8562371119105175 -0.8084359572019754 -0.8260217706718469 -0.7889306488685872 -0.8067758985870179 -1.2184539850270804 -1.2804421598647082 -1.0804758505271226 -1.783944706917138 -0.8141487593974432 -1.7004780473599435 -1.313301051309228 -0.931745744826546 -1.3434893698547585 -0.7968352546891256 -0.7833659795700095 -0.8050943593688636 -0.8087548240128849 -0.8186520686070585 -1.3038024878022527 -0.819702268717581 -0.7848957350780382 -1.2624462801954157 -1.8557689692350199 -1.3817335631233212 -1.2587793062632249 -1.3268138844039883 -1.8553286135411575 -1.257951144494229 -0.7531818182402925 -0.7260538917352701 -0.7838682238029704 -1.2547184904509314 -1.1729375563205207 -1.2049497370560827 -2.4689710435323695 -0.7774762402911497 -1.7458412576421867 -0.8260019363020356 -0.8670740078238348 -1.26541889846257 -0.8530968506941152 -0.8240625126356169 -0.8235781163083365 -1.2000060787051843 -0.8090815613339877 -1.7861317257131952 -0.9379814076370455 -1.8915313448022115 -0.9731005446998447 -1.4118472155980097 -1.8689856616970535 -1.9113454753155452 -1.8855589750165542 -0.7445022945483007 -1.1581324314020134 -0.7548998025744934 -0.7149968118755411 -1.1774585351885827 -0.7653634202945702 -0.808506525130645 -0.8490975112965075 -1.7502599185080732 -2.1180432158629756 -2.5678005210367045 -2.3852609398451095 -1.308649069048355 -0.8776711793514186 -1.3050164728750477 -1.2038424505009704
-1.2587436176341238 -1.243684954241167 -1.19775064482557 -1.1300812961571882 -1.3067999860261297 -1.2218048764706715 -0.7903714299866308 -0.7848981986409557 -1.8681254065237547 -1.303782574395159 -1.3109832574049625 -1.3005583074220055 -1.3811105050232375 -1.4503926713767614 -1.96094575517364 -1.2319383407740605 -1.8508606676411543 -1.813592642092138 -2.5213879197608056 -1.8619843290461466 -1.8613596212922245 -1.3457184840003995 -1.2349358619395212 -0.8417308527675132 -0.723905849945204 -0.7026213132891351 -0.716623885201968 -0.7222941441691441 -0.7449879851543897 -0.7366213558793846 -0.7326714873645982 -0.7395795556236026 -1.2879672954532075 -1.2431208573075687 -1.2468005939715388 -1.2630386777110154 -1.3003662572382886 -0.9010892172596149 -1.8116358300439086 -1.3535197074775207 -1.2029638832831846 -1.2327084087893798 -1.218890241353242 -1.2326281296972759 -1.230395006517476 -1.2602927090120466 -1.204921864818563 -0.7973187885712807 -1.2259590866773606 -1.2112903176691021 -1.8189663518386603 -1.904203175460799 -1.8354386473583666 -1.8590528616134816 -0.867952637551048 -1.369225906990895 -1.220655955304214 -1.2030877625108507 -1.367008455557829 -1.3011266203588598 -1.7611183676875302 -1.692513582101576 -1.225312029992806 -1.7600996775465805 -0.9021294287927744 -1.4167499011880644 -2.4594193470834007 -1.9483893819484654 -1.289775346308303 -1.8744219302453327 -1.9036455078101648 -1.2965535770099172 -2.3773201147839034 -1.314061182639921 -1.2839437552128372 -1.797359303820362 -1.2680564573830952 -1.7406354452811397 -1.2609235605941107 -1.2825472975682517 -1.3249502752485676 -1.3085300064362693 -1.242546937013211 -1.20687452407586 -2.0448255494374528 -1.3148609065235348 -1.8496839353383354 -1.85820930073134 -1.2422950835519577 -1.3047377496925685 -0.8562371119105175 -0.8084359572019754 -0.8260217706718469 -0.8134930571868455 -0.7978276303429427 -1.2184539850270804 -1.2804421598647082 -1.0804758505271226 -1.783944706917138 -0.8206901986108561 -1.7004780473599435 -1.313301051309228 -0.931745744826546 -1.3434893698547585 -0.7968352546891256 -0.7833659795700095 -0.8050943593688636 -0.8087548240128849 -0.827445912494465 -1.3038024878022527 -0.7855613603105837 -0.7785249159420605 -1.2624462801954157 -1.8557689692350199 -1.3817335631233212 -1.2587793062632249 -1.3268138844039883 -1.8553286135411575 -1.257951144494229 -0.7531818182402925 -0.7027129596591988 -0.7906165638346855 -0.7847057551593434 -1.1729375563205207 -1.2049497370560827 -1.831054503966777 -0.7774762402911497 -1.7458412576421867 -0.8260019363020356 -0.8670740078238348 -1.26541889846257 -0.8530968506941152 -0.8240625126356169 -0.8235781163083365 -1.2000060787051843 -0.8177582762377515 -1.7861317257131952 -0.9379814076370455 -1.8915313448022115 -0.9731005446998447 -1.4118472155980097 -1.8689856616970535 -1.9113454753155452 -1.8855589750165542 -0.7445022945483007 -1.1581324314020134 -0.7548998025744934 -0.7149968118755411 -1.1774585351885827 -0.7653634202945702 -0.808506525130645 -0.8490975112965075 -1.7502599185080732 -1.8016192308727372 -2.5797769639759047 -2.3852609398451095 -1.308649069048355 -0.8776711793514186 -1.3050164728750477 -1.2038424505009704
-1.2587436176341238 -1.243684954241167 -1.19775064482557 -1.1300812961571882 -1.3067999860261297 -1.2218048764706715 -0.7903714299866308 -0.7848981986409557 -1.8681254065237547 -1.303782574395159 -1.3109832574049625 -1.3005583074220055 -1.3811105050232375 -1.4503926713767614 -1.96094575517364 -1.2319383407740605 -1.8508606676411543 -1.813592642092138 -2.5213879197608056 -1.8619843290461466 -1.8613596212922245 -1.3457184840003995 -1.2349358619395212 -0.8417308527675132 -0.723905849945204 -0.7026213132891351 -0.7255697848876328 -0.7295930734995946 -0.7449879851543897 -0.7366213558793846 -0.7326714873645982 -0.7395795556236026 -1.2879672954532075 -1.2431208573075687 -1.2468005939715388 -1.2630386777110154 -1.3003662572382886 -0.9010892172596149 -1.8116358300439086 -1.3535197074775207 -1.207738773144131 -1.2327084087893798 -1.218890241353242 -1.2326281296972759 -1.230395006517476 -1.2602927090120466 -1.1931832496147279 -0.7973187885712807 -1.2259590866773606 -1.2112903176691021 -1.8189663518386603 -1.904203175460799 -1.8354386473583666 -1.8590528616134816 -0.867952637551048 -1.369225906990895 -1.220655955304214 -1.2030877625108507 -1.3548103656395452 -1.3011266203588598 -1.770524373353992 -1.7058391550888066 -1.2168901417841733 -1.730189298160256 -0.9021294287927744 -1.4524070961703017 -2.5120203249539443 -1.9483893819484654 -1.289775346308303 -1.9122127932929105 -1.9036455078101648 -1.2965535770099172 -2.3773201147839034 -1.3635187155515232 -1.2839437552128372 -1.797359303820362 -1.2680564573830952 -1.7061761275420673 -1.2609235605941107 -1.2825472975682517 -1.3249502752485676 -1.3381881036975796 -1.242546937013211 -1.1907985498800837 -1.986188430825032 -1.3148609065235348 -1.8496839353383354 -1.85820930073134 -1.2422950835519577 -1.3047377496925685 -0.8562371119105175 -0.798902475386226 -0.8260217706718469 -0.8134930571868455 -0.7978276303429427 -1.2184539850270804 -1.2804421598647082 -1.0804758505271226 -1.783944706917138 -0.8141487593974432 -1.7004780473599435 -1.313301051309228 -0.931745744826546 -1.3434893698547585 -0.7968352546891256 -0.7833659795700095 -0.8131236376375337 -0.8087548240128849 -0.8186520686070585 -1.3038024878022527 -0.7855613603105837 -0.7848957350780382 -1.2734013839032352 -1.8557689692350199 -1.3817335631233212 -1.2587793062632249 -1.3268138844039883 -1.8553286135411575 -1.257951144494229 -0.7531818182402925 -0.7027129596591988 -0.7838682238029704 -0.7847057551593434 -1.1729375563205207 -1.2049497370560827 -1.831054503966777 -0.7325773894882363 -1.7458412576421867 -0.8260019363020356 -0.8800822994688885 -1.2723498080257127 -0.8530968506941152 -0.8240625126356169 -0.8235781163083365 -1.1888713284088979 -0.8177582762377515 -1.7861317257131952 -0.9379814076370455 -1.8915313448022115 -0.9731005446998447 -1.4118472155980097 -1.8689856616970535 -1.9113454753155452 -1.8855589750165542 -0.7445022945483007 -1.1581324314020134 -0.730726075247362 -0.7149968118755411 -1.1774585351885827 -0.7653634202945702 -0.808506525130645 -0.8490975112965075 -1.7502599185080732 -1.8016192308727372 -2.5442346744380475 -2.3852609398451095 -1.308649069048355 -0.8776711793514186 -1.3050164728750477 -1.2038424505009704
-1.2587436176341238 -1.243684954241167 -1.19775064482557 -1.1300812961571882 -1.3067999860261297 -1.2218048764706715 -0.7903714299866308 -0.7848981986409557 -1.8681254065237547 -1.2645033127325653 -1.3109832574049625 -1.3005583074220055 -1.3811105050232375 -1.4503926713767614 -1.96094575517364 -1.2319383407740605 -1.8508606676411543 -1.813592642092138 -2.5213879197608056 -1.8619843290461466 -1.8613596212922245 -1.3457184840003995 -1.2349358619395212 -0.8417308527675132 -0.723905849945204 -0.7026213132891351 -0.7360905879871306 -0.7295930734995946 -0.7449879851543897 -0.7366213558793846 -0.7326714873645982 -0.7395795556236026 -1.2879672954532075 -1.2431208573075687 -1.2468005939715388 -1.2630386777110154 -1.3003662572382886 -0.9010892172596149 -1.7930788626473064 -1.3535197074775207 -1.207738773144131 -1.2327084087893798 -1.218890241353242 -1.2326281296972759 -1.230395006517476 -1.2602927090120466 -1.204921864818563 -0.7973187885712807 -1.2427581084124621 -1.2112903176691021 -1.8189663518386603 -1.904203175460799 -1.8354386473583666 -1.8590528616134816 -0.867952637551048 -1.369225906990895 -1.205316499602965 -1.2030877625108507 -1.3070601068991923 -1.3011266203588598 -1.770524373353992 -1.7058391550888066 -1.2716942519106422 -1.730189298160256 -0.9021294287927744 -1.4167499011880644 -2.4594193470834007 -1.9483893819484654 -1.289775346308303 -1.9122127932929105 -1.9036455078101648 -1.2965535770099172 -2.3773201147839034 -1.314061182639921 -1.2839437552128372 -1.797359303820362 -1.2680564573830952 -1.1886787375370962 -1.2609235605941107 -1.3038370107164032 -1.3249502752485676 -1.3381881036975796 -1.242546937013211 -1.1907985498800837 -1.9997868259259666 -1.3148609065235348 -1.8496839353383354 -1.85820930073134 -1.2422950835519577 -1.3047377496925685 -0.8641147163657992 -0.798902475386226 -0.8260217706718469 -0.8134930571868455 -0.7978276303429427 -1.19135345004602 -1.2804421598647082 -1.0804758505271226 -1.783944706917138 -0.8206901986108561 -1.7004780473599435 -1.313301051309228 -0.931745744826546 -1.3434893698547585 -0.7968352546891256 -0.7833659795700095 -0.7996714666789879 -0.8087548240128849 -0.827445912494465 -0.8328900696089715 -0.7855613603105837 -0.7857403070351412 -1.2734013839032352 -1.8557689692350199 -1.3955400320191564 -1.2739576829515797 -1.3268138844039883 -1.8553286135411575 -1.257951144494229 -0.7531818182402925 -0.7027129596591988 -0.7980283854760297 -0.7847057551593434 -1.1729375563205207 -1.2049497370560827 -1.831054503966777 -0.7325773894882363 -1.7458412576421867 -0.8260019363020356 -0.8604571888362977 -1.2627178289556922 -0.8530968506941152 -0.8240625126356169 -0.8235781163083365 -1.1888713284088979 -0.8177582762377515 -1.7861317257131952 -0.9379814076370455 -1.8915313448022115 -0.9731005446998447 -1.4118472155980097 -1.8689856616970535 -1.9113454753155452 -1.8855589750165542 -0.7445022945483007 -1.1581324314020134 -0.730726075247362 -0.7149968118755411 -1.192970648991413 -0.7653634202945702 -0.8019072061820417 -0.836667311574184 -1.7502599185080732 -1.8016192308727372 -2.556187533090278 -2.3852609398451095 -1.308649069048355 -0.8776711793514186 -1.2689341340353322 -1.2038424505009704
-1.2587436176341238 -1.243684954241167 -1.19775064482557 -1.1300812961571882 -1.3067999860261297 -1.2218048764706715 -0.7903714299866308 -0.7848981986409557 -1.8681254065237547 -1.2645033127325653 -1.3109832574049625 -1.3005583074220055 -1.3811105050232375 -1.4503926713767614 -1.96094575517364 -1.2319383407740605 -1.8508606676411543 -1.813592642092138 -2.5213879197608056 -1.8619843290461466 -1.8613596212922245 -1.3457184840003995 -1.2349358619395212 -0.8417308527675132 -0.723905849945204 -0.7026213132891351 -0.7255697848876328 -0.7295930734995946 -0.7449879851543897 -0.7563198000645929 -0.7326714873645982 -0.7395795556236026 -1.2879672954532075 -0.7874590372923308 -1.2468005939715388 -1.2630386777110154 -1.3003662572382886 -0.9010892172596149 -1.7930788626473064 -1.3535197074775207 -1.207738773144131 -1.2327084087893798 -1.218890241353242 -1.2326281296972759 -1.230395006517476 -1.2602927090120466 -1.204921864818563 -0.7973187885712807 -1.2427581084124621 -1.2112903176691021 -1.8189663518386603 -1.904203175460799 -1.8354386473583666 -1.8590528616134816 -0.867952637551048 -1.369225906990895 -1.205316499602965 -1.2030877625108507 -1.3152771331222457 -1.3011266203588598 -1.770524373353992 -1.7273509858320528 -1.2631129827089325 -1.7183039740948352 -0.9021294287927744 -1.4524070961703017 -2.5120203249539443 -1.9483893819484654 -1.289775346308303 -1.9122127932929105 -1.9036455078101648 -1.2965535770099172 -2.3773201147839034 -1.314061182639921 -1.2839437552128372 -1.797359303820362 -1.2680564573830952 -1.1886787375370962 -1.2609235605941107 -1.3195952848124162 -1.3249502752485676 -1.3381881036975796 -1.242546937013211 -1.2135626955076797 -1.9997868259259666 -1.3148609065235348 -1.8496839353383354 -1.85820930073134 -1.2422950835519577 -1.3047377496925685 -1.0140306711013345 -0.7894986031458177 -0.8260217706718469 -0.8134930571868455 -0.7978276303429427 -1.19135345004602 -1.2804421598647082 -1.0804758505271226 -1.7248925732923581 -0.8141487593974432 -1.7004780473599435 -1.313301051309228 -0.931745744826546 -1.3434893698547585 -0.8045852351342347 -0.7833659795700095 -0.7932415227905498 -0.8087548240128849 -0.8186520686070585 -1.3038024878022527 -0.7855613603105837 -0.7611483262041473 -1.2734013839032352 -1.8557689692350199 -1.3817335631233212 -1.2739576829515797 -1.3268138844039883 -1.8553286135411575 -1.257951144494229 -0.7531818182402925 -0.7171943197192935 -0.7912385414590257 -0.7847057551593434 -1.2058825261471322 -0.7574741328839851 -1.831054503966777 -0.7325773894882363 -1.7458412576421867 -0.8260019363020356 -0.8604571888362977 -1.2627178289556922 -0.8530968506941152 -0.8240625126356169 -0.8235781163083365 -1.1888713284088979 -0.8177582762377515 -1.7861317257131952 -0.9379814076370455 -1.8915313448022115 -0.9731005446998447 -1.4118472155980097 -1.8689856616970535 -1.9113454753155452 -1.8855589750165542 -0.7363652796499273 -1.1581324314020134 -0.730726075247362 -0.7436004666544236 -1.192970648991413 -0.7653634202945702 -0.808506525130645 -0.836667311574184 -1.7502599185080732 -1.8016192308727372 -2.5797769639759047 -2.3852609398451095 -1.308649069048355 -0.8776711793514186 -1.3050164728750477 -1.2038424505009704
-1.2587436176341238 -1.243684954241167 -1.19775064482557 -1.1300812961571882 -1.3067999860261297 -1.2218048764706715 -0.7903714299866308 -0.7848981986409557 -1.8681254065237547 -1.2645033127325653 -1.3109832574049625 -1.3005583074220055 -1.3811105050232375 -1.4503926713767614 -1.940095431560906 -1.2319383407740605 -1.8508606676411543 -1.813592642092138 -2.5213879197608056 -1.8619843290461466 -1.8613596212922245 -1.3457184840003995 -1.2349358619395212 -0.8479735801634217 -0.723905849945204 -0.7088822412093667 -0.7255697848876328 -0.7213164241838288 -0.7371079591182802 -0.7563198000645929 -0.7580684083837534 -0.7311722054230466 -1.2879672954532075 -0.7874590372923308 -1.2468005939715388 -1.2630386777110154 -1.3003662572382886 -0.9010892172596149 -1.7930788626473064 -1.3535197074775207 -1.2029638832831846 -1.2327084087893798 -1.2300931614535382 -1.2326281296972759 -1.230395006517476 -1.2602927090120466 -1.204921864818563 -0.7973187885712807 -1.2427581084124621 -1.1664487693043017 -1.8460895233952272 -1.904203175460799 -1.8354386473583666 -1.8590528616134816 -0.867952637551048 -1.369225906990895 -1.205316499602965 -1.2030877625108507 -1.3152771331222457 -1.3011266203588598 -1.770524373353992 -1.7065638694518641 -1.2632937603356822 -1.7183039740948352 -0.9021294287927744 -1.4167499011880644 -2.4594193470834007 -1.9483893819484654 -1.289775346308303 -1.9122127932929105 -1.9036455078101648 -1.3036501570147592 -2.3773201147839034 -1.314061182639921 -1.2839437552128372 -1.797359303820362 -1.2680564573830952 -1.1886787375370962 -1.2609235605941107 -1.3038370107164032 -1.3249502752485676 -1.3381881036975796 -1.242546937013211 -1.2135626955076797 -1.9997868259259666 -1.328898600759319 -1.8496839353383354 -1.85820930073134 -1.198199207115898 -1.3047377496925685 -1.0140306711013345 -1.2505166973500226 -0.8174074017087722 -0.8055454662409827 -0.8084539864971606 -1.19135345004602 -1.2804421598647082 -1.0804758505271226 -1.7248925732923581 -0.8206901986108561 -1.7004780473599435 -1.313301051309228 -0.931745744826546 -1.3434893698547585 -0.8045852351342347 -0.7833659795700095 -0.7932415227905498 -0.7788528445831875 -0.827445912494465 -1.3038024878022527 -0.7855613603105837 -0.7549063300437135 -1.2734013839032352 -1.3036940597668456 -1.3955400320191564 -1.2739576829515797 -1.3268138844039883 -1.8553286135411575 -1.257951144494229 -0.7531818182402925 -0.7171943197192935 -0.7980283854760297 -0.7641763606584429 -1.1729375563205207 -0.7574741328839851 -1.831054503966777 -0.7325773894882363 -1.7458412576421867 -0.8260019363020356 -0.8604571888362977 -1.2627178289556922 -0.8530968506941152 -0.8240625126356169 -0.8235781163083365 -1.1888713284088979 -0.8177582762377515 -1.7861317257131952 -0.9379814076370455 -1.8915313448022115 -0.9731005446998447 -1.4118472155980097 -1.8689856616970535 -1.9113454753155452 -1.8855589750165542 -0.7363652796499273 -1.1581324314020134 -0.730726075247362 -0.7436004666544236 -0.748583509468145 -0.7653634202945702 -0.808506525130645 -0.8259589492470156 -1.7502599185080732 -1.8016192308727372 -2.5797769639759047 -2.3852609398451095 -1.308649069048355 -0.8776711793514186 -1.3050164728750477 -1.2038424505009704
-1.2587436176341238 -1.243684954241167 -1.19775064482557 -1.1300812961571882 -1.3067999860261297 -1.2218048764706715 -0.7903714299866308 -0.7848981986409557 -1.8681254065237547 -1.2645033127325653 -1.3109832574049625 -1.3005583074220055 -1.3811105050232375 -1.4503926713767614 -1.9794547709286767 -1.2319383407740605 -1.8508606676411543 -1.813592642092138 -2.5213879197608056 -1.8619843290461466 -1.8613596212922245 -1.3457184840003995 -1.2349358619395212 -0.8479735801634217 -0.7172343749320137 -0.7088822412093667 -0.7255697848876328 -0.7213164241838288 -0.7469192188970666 -0.7387489841187459 -0.7580684083837534 -0.7311722054230466 -1.2879672954532075 -0.7874590372923308 -1.2468005939715388 -1.2630386777110154 -1.3003662572382886 -0.9010892172596149 -1.8116358300439086 -1.3535197074775207 -1.207738773144131 -1.2327084087893798 -1.2300931614535382 -1.2326281296972759 -1.230395006517476 -1.2602927090120466 -1.1931832496147279 -0.7973187885712807 -1.2427581084124621 -1.1664487693043017 -1.8460895233952272 -1.904203175460799 -1.8354386473583666 -1.883087617409987 -0.867952637551048 -1.369225906990895 -1.205316499602965 -1.2030877625108507 -1.3152771331222457 -1.3011266203588598 -1.770524373353992 -1.7065638694518641 -1.2547408137170597 -1.7183039740948352 -0.9021294287927744 -1.4524070961703017 -2.5120203249539443 -1.9483893819484654 -1.289775346308303 -1.9122127932929105 -1.9036455078101648 -1.2965535770099172 -2.3773201147839034 -1.3635187155515232 -1.2839437552128372 -1.797359303820362 -1.2680564573830952 -1.1886787375370962 -1.2609235605941107 -1.3038370107164032 -1.3249502752485676 -1.3381881036975796 -1.242546937013211 -1.2135626955076797 -1.986188430825032 -1.328898600759319 -1.8496839353383354 -1.85820930073134 -1.2074393442794065 -1.2958016483710497 -1.0140306711013345 -1.2505166973500226 -0.8174074017087722 -0.8055454662409827 -0.8084539864971606 -1.179210837143269 -1.2804421598647082 -1.0306079231730059 -1.7248925732923581 -0.8238903656617896 -1.7004780473599435 -1.313301051309228 -0.931745744826546 -1.3434893698547585 -0.7841730404027494 -0.7833659795700095 -0.7839282038801358 -0.7841777490022371 -0.8186520686070585 -1.3038024878022527 -0.7855613603105837 -0.7540839166734824 -1.2734013839032352 -1.3036940597668456 -1.360196728676982 -1.2739576829515797 -1.3268138844039883 -1.8553286135411575 -1.2665035245424099 -0.7531818182402925 -0.7171943197192935 -0.7912385414590257 -0.7935127092748346 -1.1827338597916912 -0.7574741328839851 -1.831054503966777 -0.7325773894882363 -1.7458412576421867 -0.810648111335922 -0.8604571888362977 -1.2627178289556922 -0.8530968506941152 -0.8240625126356169 -0.8235781163083365 -1.2000060787051843 -0.803401361647922 -1.7861317257131952 -0.9379814076370455 -1.8915313448022115 -0.9731005446998447 -1.4118472155980097 -1.8689856616970535 -1.9113454753155452 -1.8855589750165542 -0.7363652796499273 -1.192025601945398 -0.7221750740179084 -0.7436004666544236 -0.748583509468145 -0.7320152069351323 -0.808506525130645 -0.8259589492470156 -1.7502599185080732 -1.8016192308727372 -2.5797769639759047 -2.3852609398451095 -1.308649069048355 -0.8776711793514186 -1.3050164728750477 -1.2038424505009704
-1.2587436176341238 -1.243684954241167 -1.19775064482557 -1.1429991767453438 -1.3067999860261297 -1.2218048764706715 -0.7760034393810451 -0.7848981986409557 -1.8681254065237547 -1.2645033127325653 -1.3109832574049625 -1.3005583074220055 -1.3811105050232375 -1.4503926713767614 -1.9794547709286767 -1.2319383407740605 -1.8508606676411543 -1.813592642092138 -2.5213879197608056 -1.8619843290461466 -1.8613596212922245 -1.3457184840003995 -1.2593774766011068 -0.8479735801634217 -0.7172343749320137 -0.7088822412093667 -0.7255697848876328 -0.7213164241838288 -0.7548695551822396 -0.7563198000645929 -0.7580684083837534 -0.7311722054230466 -0.7945427744850453 -0.7874590372923308 -0.7903430453736593 -1.2630386777110154 -1.3003662572382886 -0.9010892172596149 -1.8116358300439086 -1.3535197074775207 -1.207738773144131 -1.2327084087893798 -1.218890241353242 -1.2326281296972759 -1.230395006517476 -1.2602927090120466 -1.1931832496147279 -0.7973187885712807 -1.194486360994939 -1.1664487693043017 -1.8460895233952272 -1.904203175460799 -1.8354386473583666 -1.883087617409987 -0.867952637551048 -1.369225906990895 -1.205316499602965 -1.2030877625108507 -1.2974329673529565 -1.2902382696806671 -1.770524373353992 -1.7065638694518641 -1.2517279854676298 -1.7183039740948352 -0.9021294287927744 -1.4524070961703017 -2.5120203249539443 -1.9483893819484654 -1.289775346308303 -1.9307381363987444 -1.9036455078101648 -1.2965535770099172 -2.3773201147839034 -1.314061182639921 -1.2839437552128372 -1.797359303820362 -1.2680564573830952 -1.1596983217187442 -1.2609235605941107 -1.3195952848124162 -1.3249502752485676 -1.3381881036975796 -1.242546937013211 -1.2135626955076797 -1.986188430825032 -1.328898600759319 -1.8194752463658022 -1.85820930073134 -1.198199207115898 -1.2958016483710497 -1.0140306711013345 -1.2505166973500226 -0.8174074017087722 -0.8055454662409827 -0.8084539864971606 -1.179210837143269 -1.2804421598647082 -1.0306079231730059 -1.7083363440036172 -0.8238903656617896 -1.7040254241018367 -1.313301051309228 -0.931745744826546 -1.3434893698547585 -0.7841730404027494 -0.7459956173004569 -0.7908781361281944 -0.7788528445831875 -0.8065528964742031 -1.2826154799749183 -0.7995904867906186 -0.7611483262041473 -1.2734013839032352 -1.3036940597668456 -1.3465549189629604 -1.2739576829515797 -1.3268138844039883 -1.8553286135411575 -1.2665035245424099 -0.7531818182402925 -0.7171943197192935 -0.7912385414590257 -1.2505465762420074 -1.1827338597916912 -0.7574741328839851 -1.803221943402987 -0.7325773894882363 -1.7458412576421867 -0.8044263842445409 -0.8604571888362977 -1.2541147865787692 -0.8654414704770211 -0.8240625126356169 -0.8235781163083365 -1.1888713284088979 -0.803401361647922 -1.7684332954594435 -0.9379814076370455 -1.8915313448022115 -0.9731005446998447 -1.4118472155980097 -1.8689856616970535 -1.9113454753155452 -1.8855589750165542 -0.7636204544095875 -1.192025601945398 -0.7221750740179084 -0.7436004666544236 -0.748583509468145 -0.7320152069351323 -0.7613228993972965 -0.8259589492470156 -1.7502599185080732 -1.8128162814614013 -2.5797769639759047 -2.3852609398451095 -1.308649069048355 -0.8776711793514186 -1.3612961429292865 -1.2038424505009704
-1.2587436176341238 -1.243684954241167 -1.19775064482557 -1.1300812961571882 -0.83698319013652 -1.2218048764706715 -0.7583493748805791 -0.763986079106407 -1.8681254065237547 -1.2645033127325653 -1.3109832574049625 -1.2773666130907906 -1.3811105050232375 -1.4503926713767614 -1.9794547709286767 -1.2319383407740605 -1.8508606676411543 -1.813592642092138 -2.5213879197608056 -1.8619843290461466 -1.8613596212922245 -1.3457184840003995 -1.2593774766011068 -0.815669811824113 -0.7172343749320137 -0.7088822412093667 -0.7528188505900687 -0.7213164241838288 -0.7548695551822396 -0.7563198000645929 -0.7580684083837534 -0.7311722054230466 -0.7945427744850453 -0.7874590372923308 -0.7829402600980333 -1.2630386777110154 -1.3003662572382886 -0.9010892172596149 -1.8116358300439086 -1.3535197074775207 -1.2029638832831846 -1.2327084087893798 -1.218890241353242 -1.2326281296972759 -1.230395006517476 -1.2602927090120466 -1.204921864818563 -0.7973187885712807 -1.194486360994939 -1.1664487693043017 -1.8460895233952272 -1.9329885742032173 -1.8540861745338775 -1.883087617409987 -0.867952637551048 -1.3861092668925168 -1.205316499602965 -1.2030877625108507 -1.2974329673529565 -1.2902382696806671 -1.7873826368906673 -1.7065638694518641 -1.2445902196074767 -1.707419527465132 -0.9021294287927744 -1.4524070961703017 -2.5120203249539443 -1.9483893819484654 -1.289775346308303 -1.8744219302453327 -1.9036455078101648 -1.2965535770099172 -2.3773201147839034 -1.314061182639921 -1.2701871232300246 -1.797359303820362 -1.2680564573830952 -1.1886787375370962 -1.2609235605941107 -1.3038370107164032 -1.3249502752485676 -1.3626237010606659 -1.2575753625778796 -1.2399956794214766 -1.9997868259259666 -1.328898600759319 -1.8194752463658022 -1.85820930073134 -1.198199207115898 -1.2958016483710497 -1.0140306711013345 -1.2505166973500226 -0.8174074017087722 -0.8055454662409827 -0.816638572247738 -1.179210837143269 -1.2603678712710826 -1.0306079231730059 -1.7083363440036172 -0.8238903656617896 -1.7040254241018367 -1.313301051309228 -0.931745744826546 -1.3105425914701996 -0.7614106666388561 -0.7459956173004569 -0.7908781361281944 -0.7765511715927589 -0.8152626499338091 -1.2681021344084022 -0.7995904867906186 -0.7611483262041473 -1.2734013839032352 -1.3036940597668456 -1.3465549189629604 -1.2739576829515797 -1.3268138844039883 -1.8553286135411575 -1.2665035245424099 -0.7625608373673068 -0.7171943197192935 -0.8015119874058869 -1.2415010256748675 -1.1729375563205207 -0.7683316694633303 -1.8273240062449352 -0.7325773894882363 -1.1936916343554245 -0.7894942298968766 -0.8604571888362977 -1.2541147865787692 -0.8530968506941152 -0.8347243299021847 -0.8235781163083365 -1.1736610270531926 -0.803401361647922 -1.7684332954594435 -0.8898602696081832 -1.8915313448022115 -0.9731005446998447 -1.4118472155980097 -1.8689856616970535 -1.9113454753155452 -1.8855589750165542 -0.7636204544095875 -1.192025601945398 -0.7221750740179084 -0.7436004666544236 -0.748583509468145 -0.7320152069351323 -0.7613228993972965 -0.8259589492470156 -1.7502599185080732 -1.8016192308727372 -2.5678005210367045 -2.3852609398451095 -1.308649069048355 -0.8642186682990198 -1.3612961429292865 -1.2038424505009704
-0.7997374869425384 -1.243684954241167 -1.19775064482557 -1.1300812961571882 -0.83698319013652 -0.7704837238704003 -0.7583493748805791 -0.763986079106407 -1.8681254065237547 -1.2645033127325653 -1.3109832574049625 -1.2678727709898308 -1.3811105050232375 -1.4503926713767614 -1.9794547709286767 -1.2319383407740605 -1.8508606676411543 -1.813592642092138 -2.5295563167027653 -1.8619843290461466 -1.8613596212922245 -1.3457184840003995 -1.2593774766011068 -0.815669811824113 -0.7172343749320137 -0.7088822412093667 -0.7528188505900687 -0.7213164241838288 -0.7548695551822396 -0.7563198000645929 -0.7580684083837534 -0.7311722054230466 -0.7945427744850453 -0.7874590372923308 -0.7903430453736593 -1.2630386777110154 -1.3003662572382886 -0.9010892172596149 -1.8116358300439086 -1.3535197074775207 -1.207738773144131 -1.2327084087893798 -1.218890241353242 -1.2326281296972759 -1.2382438592215526 -1.2602927090120466 -1.204921864818563 -0.7973187885712807 -1.194486360994939 -1.1664487693043017 -1.8460895233952272 -1.9329885742032173 -1.8540861745338775 -1.883087617409987 -0.867952637551048 -1.3861092668925168 -1.205316499602965 -1.2030877625108507 -1.2974329673529565 -1.2902382696806671 -1.7873826368906673 -1.7065638694518641 -1.2892432952906359 -1.7639565203938063 -0.9021294287927744 -1.4167499011880644 -2.4594193470834007 -1.9483893819484654 -1.289775346308303 -1.8744219302453327 -1.9036455078101648 -1.2965535770099172 -2.3773201147839034 -1.314061182639921 -1.2701871232300246 -1.797359303820362 -1.2680564573830952 -1.2064058200725571 -1.2267832241256125 -1.3038370107164032 -1.2340718602067067 -1.3626237010606659 -1.2790658811761038 -1.2399956794214766 -1.9997868259259666 -1.328898600759319 -1.8194752463658022 -1.85820930073134 -1.2074393442794065 -1.2958016483710497 -1.5293852998820843 -1.2505166973500226 -0.8614438234472582 -0.8055454662409827 -0.8633058813603035 -0.7392217139002784 -1.246363670502887 -1.0049297443078609 -1.7234010645443107 -0.8304820781092425 -1.6906877191516732 -1.3289582404604985 -0.931745744826546 -1.3105425914701996 -0.757338527657142 -0.737800400190216 -0.777772538247002 -0.7765511715927589 -0.7994967154544529 -1.2681021344084022 -0.7995904867906186 -0.7549063300437135 -1.238019557060142 -1.3036940597668456 -1.3465549189629604 -1.2739576829515797 -1.3268138844039883 -1.8553286135411575 -1.2665035245424099 -0.7625608373673068 -0.7424680922459012 -0.8248523667222789 -1.2679262469908241 -1.1729375563205207 -0.7683316694633303 -1.8409558321449822 -0.7678770417999059 -1.2346444947341677 -0.7894942298968766 -0.8457280087968565 -1.2541147865787692 -0.8530968506941152 -0.8521434195474121 -0.8235781163083365 -1.1736610270531926 -0.803401361647922 -1.7684332954594435 -0.8898602696081832 -1.8915313448022115 -0.9731005446998447 -1.4118472155980097 -1.8689856616970535 -1.9113454753155452 -1.8855589750165542 -0.7636204544095875 -1.192025601945398 -0.7221750740179084 -0.7436004666544236 -0.748583509468145 -0.7426305431996898 -0.7680013581204822 -0.8259589492470156 -1.7502599185080732 -2.1298370414145342 -2.5678005210367045 -2.3852609398451095 -1.308649069048355 -0.888572557392047 -1.3612961429292865 -1.2576331201919797
-0.7997374869425384 -1.243684954241167 -1.19775064482557 -1.1300812961571882 -0.83698319013652 -0.7514738569882321 -0.7583493748805791 -0.7524309413245696 -1.8681254065237547 -1.2761475791683135 -1.3109832574049625 -1.2677385326352806 -1.3811105050232375 -1.4503926713767614 -1.9794547709286767 -1.2319383407740605 -1.8508606676411543 -1.813592642092138 -2.5295563167027653 -1.8619843290461466 -1.8613596212922245 -1.3457184840003995 -1.2593774766011068 -0.815669811824113 -0.7044861284938636 -0.7088822412093667 -0.7528188505900687 -0.7213164241838288 -0.7537973894208854 -0.7563198000645929 -0.7580684083837534 -0.7311722054230466 -0.7945427744850453 -0.7874590372923308 -0.7903430453736593 -1.2630386777110154 -1.3003662572382886 -0.9010892172596149 -1.8116358300439086 -1.3424907868272904 -1.207738773144131 -1.2327084087893798 -1.218890241353242 -1.2326281296972759 -1.2382438592215526 -1.2602927090120466 -1.204921864818563 -0.7973187885712807 -1.194486360994939 -1.1664487693043017 -1.7928281306858718 -1.9329885742032173 -1.8540861745338775 -1.883087617409987 -0.867952637551048 -1.3861092668925168 -1.205316499602965 -1.7570225911837716 -1.2974329673529565 -1.2902382696806671 -1.7873826368906673 -1.7065638694518641 -1.2892432952906359 -1.7639565203938063 -0.9021294287927744 -1.4167499011880644 -2.4594193470834007 -1.9483893819484654 -1.289775346308303 -1.8744219302453327 -1.9036455078101648 -1.2965535770099172 -2.3773201147839034 -1.314061182639921 -1.2701871232300246 -1.7834112370530983 -1.2680564573830952 -1.1771990446576606 -1.2151310191616045 -1.3038370107164032 -1.2449581903562568 -1.320547316355676 -1.2790658811761038 -1.8263756606563668 -1.9997868259259666 -1.328898600759319 -1.8194752463658022 -1.85820930073134 -1.2074393442794065 -1.2958016483710497 -1.5293852998820843 -1.2836145781004789 -0.8614438234472582 -0.8055454662409827 -0.8633058813603035 -0.7392217139002784 -1.246363670502887 -1.0049297443078609 -1.7234010645443107 -0.8304820781092425 -1.6906877191516732 -1.3289582404604985 -0.931745744826546 -1.3105425914701996 -0.757338527657142 -0.7447959479361191 -0.777772538247002 -0.7765511715927589 -0.7814264461466536 -1.2760825259260944 -0.765520496032783 -0.7549063300437135 -1.238019557060142 -1.3036940597668456 -1.3465549189629604 -1.2739576829515797 -1.3268138844039883 -1.8553286135411575 -1.2665035245424099 -0.7625608373673068 -0.7424680922459012 -0.8248523667222789 -1.2679262469908241 -1.1729375563205207 -0.7683316694633303 -1.8227234549873057 -0.7678770417999059 -1.2346444947341677 -0.7793210917623334 -0.838506319293178 -1.2469109379986492 -0.8530968506941152 -0.8521434195474121 -0.8235781163083365 -1.1847214499473793 -0.803401361647922 -1.728758857295781 -0.8898602696081832 -1.9043326959431388 -0.9731005446998447 -1.4118472155980097 -1.8689856616970535 -1.9113454753155452 -1.8855589750165542 -0.7636204544095875 -1.192025601945398 -0.7221750740179084 -0.75914549708661 -0.7461841183689473 -0.7506829870472972 -0.7564036322937031 -0.8259589492470156 -1.7502599185080732 -2.1298370414145342 -2.5678005210367045 -2.3852609398451095 -1.308649069048355 -0.888572557392047 -1.327371445573769 -1.224993401751128
-0.7997374869425384 -1.243684954241167 -1.19775064482557 -1.0939040515992386 -0.83698319013652 -0.7514738569882321 -0.7583493748805791 -0.7524309413245696 -1.8681254065237547 -1.2761475791683135 -1.3109832574049625 -1.2677385326352806 -1.334715401642784 -1.4503926713767614 -1.9794547709286767 -1.2319383407740605 -1.7889591428044964 -1.813592642092138 -2.5295563167027653 -1.8408809673340938 -1.8613596212922245 -1.3457184840003995 -1.2593774766011068 -0.782240131322855 -0.715558408029163 -0.7088822412093667 -0.7528188505900687 -0.7213164241838288 -0.7537973894208854 -0.7563198000645929 -0.7460623857072689 -0.7311722054230466 -0.7945427744850453 -0.7874590372923308 -0.8134681164091362 -1.2630386777110154 -1.3003662572382886 -0.9010892172596149 -1.8116358300439086 -1.3424907868272904 -1.2029638832831846 -1.2327084087893798 -1.218890241353242 -1.2326281296972759 -1.2382438592215526 -1.2602927090120466 -1.1931832496147279 -0.7973187885712807 -0.7507417313820348 -1.1664487693043017 -1.8460895233952272 -1.9329885742032173 -1.8540861745338775 -1.883087617409987 -0.867952637551048 -1.3861092668925168 -1.205316499602965 -1.7570225911837716 -1.2974329673529565 -1.2380799815072103 -1.7873826368906673 -1.73983778299604 -1.2892432952906359 -1.7639565203938063 -0.9021294287927744 -1.4167499011880644 -2.447520496283638 -1.9483893819484654 -1.289775346308303 -1.8744219302453327 -1.9036455078101648 -1.2965535770099172 -2.3773201147839034 -1.3513625523054476 -1.2701871232300246 -1.7834112370530983 -1.2680564573830952 -1.192559079271108 -1.2151310191616045 -1.2621735408661772 -1.2583145354070253 -1.320547316355676 -1.2790658811761038 -1.8263756606563668 -2.0448255494374528 -1.328898600759319 -1.8194752463658022 -1.85820930073134 -1.2074393442794065 -1.2389213589806598 -1.5129563935284298 -1.8101423844907294 -0.8614438234472582 -0.8055454662409827 -0.8633058813603035 -0.7392217139002784 -1.2235114167391639 -1.0049297443078609 -1.7412957980666846 -0.8304820781092425 -1.704831355697878 -1.3289582404604985 -0.931745744826546 -1.3105425914701996 -0.757338527657142 -0.7447959479361191 -0.777772538247002 -0.7656760777047664 -0.7899582606000316 -1.2760825259260944 -0.765520496032783 -0.7549063300437135 -1.8062949014176732 -1.3036940597668456 -1.9245676440360744 -1.2739576829515797 -1.3420691839195826 -1.8723207177176158 -1.2665035245424099 -0.7684128457170329 -0.7424680922459012 -0.8091768962563448 -1.2679262469908241 -1.1729375563205207 -0.754003634834499 -1.8227234549873057 -0.7678770417999059 -1.2346444947341677 -0.7894942298968766 -0.8258918561912926 -1.2469109379986492 -0.8902864869287868 -0.8521434195474121 -0.8235781163083365 -1.1847214499473793 -0.803401361647922 -1.728758857295781 -0.8654333287290622 -1.9043326959431388 -0.9731005446998447 -1.4118472155980097 -1.8689856616970535 -1.9113454753155452 -1.8855589750165542 -0.7636204544095875 -0.7489679861549532 -0.7237131657133621 -0.8495426985417202 -0.7835608965051832 -0.7506829870472972 -0.7564036322937031 -0.8259589492470156 -1.7132312894403328 -2.17900232283801 -2.5678005210367045 -2.3852609398451095 -1.308649069048355 -0.888572557392047 -1.327371445573769 -0.7733576293210271
-0.7997374869425384 -1.243684954241167 -1.19775064482557 -1.0939040515992386 -0.83698319013652 -0.7704837238704003 -0.7583493748805791 -0.7524309413245696 -1.8681254065237547 -1.2645033127325653 -1.3109832574049625 -1.2677385326352806 -1.334715401642784 -1.4503926713767614 -1.9794547709286767 -1.2319383407740605 -1.7889591428044964 -1.813592642092138 -2.5295563167027653 -1.8408809673340938 -1.8613596212922245 -1.323250542735252 -0.8004781505090898 -0.782240131322855 -0.715558408029163 -0.7256315214745627 -0.7528188505900687 -0.7213164241838288 -0.7537973894208854 -0.7563198000645929 -0.7460623857072689 -0.7214710232822681 -0.7945427744850453 -0.7800560520765275 -0.8134681164091362 -1.2630386777110154 -1.3003662572382886 -0.9010892172596149 -1.8116358300439086 -1.3424907868272904 -1.2029638832831846 -1.2327084087893798 -1.218890241353242 -1.2326281296972759 -1.2382438592215526 -1.2602927090120466 -1.2242014440374527 -0.7973187885712807 -0.7507417313820348 -1.1664487693043017 -1.8743007622278467 -1.9517239516252496 -1.8540861745338775 -1.883087617409987 -0.867952637551048 -1.3861092668925168 -1.205316499602965 -1.7570225911837716 -1.2974329673529565 -1.2380799815072103 -1.7873826368906673 -1.73983778299604 -1.2806036184210903 -1.7639565203938063 -0.9021294287927744 -1.4167499011880644 -2.447520496283638 -1.366834868931197 -1.289775346308303 -1.8744219302453327 -1.9036455078101648 -1.2965535770099172 -2.401525253508376 -1.3513625523054476 -1.2701871232300246 -1.79714827736343 -1.2680564573830952 -1.1635287756165944 -1.2151310191616045 -1.2621735408661772 -1.2583145354070253 -1.320547316355676 -1.289960064046078 -1.8263756606563668 -2.0585462713066187 -1.328898600759319 -1.8194752463658022 -1.85820930073134 -1.2074393442794065 -1.2389213589806598 -1.5129563935284298 -1.8101423844907294 -0.8614438234472582 -0.8183185845616074 -0.8633058813603035 -0.7392217139002784 -1.2235114167391639 -1.0677040323776572 -1.7412957980666846 -0.8238903656617896 -1.704831355697878 -1.3289582404604985 -0.931745744826546 -1.3105425914701996 -0.757338527657142 -0.7447959479361191 -0.777772538247002 -0.7656760777047664 -0.7796039990545537 -1.2760825259260944 -0.765520496032783 -0.7658158933559447 -1.8062949014176732 -1.3793547578203398 -1.9245676440360744 -1.2739576829515797 -1.3420691839195826 -1.8820787272756416 -1.2665035245424099 -0.7684128457170329 -0.7424680922459012 -0.8023251972020801 -1.2679262469908241 -0.7258490711857256 -0.754003634834499 -1.7848078109603014 -0.7325773894882363 -1.2346444947341677 -0.7894942298968766 -0.7931519605060843 -1.2469109379986492 -0.910883309598362 -0.8521434195474121 -0.8235781163083365 -1.1847214499473793 -0.803401361647922 -1.7471326356335557 -0.8654333287290622 -1.9043326959431388 -0.9731005446998447 -1.4118472155980097 -1.8689856616970535 -1.9113454753155452 -1.8855589750165542 -0.7636204544095875 -0.7390006945940256 -0.7237131657133621 -0.8495426985417202 -0.7835608965051832 -0.7506829870472972 -0.7685783308582884 -0.8259589492470156 -2.294832251143985 -2.167131719071137 -2.5678005210367045 -2.3852609398451095 -1.308649069048355 -0.8975795143840037 -1.327371445573769 -0.7733576293210271
-0.7997374869425384 -1.243684954241167 -1.19775064482557 -1.0939040515992386 -0.83698319013652 -0.7704837238704003 -0.7457405542302193 -0.769770879232822 -1.8324213804174976 -1.281641320269306 -1.3109832574049625 -1.2677385326352806 -1.3811105050232375 -1.4503926713767614 -1.9794547709286767 -1.2319383407740605 -1.7889591428044964 -1.813592642092138 -2.5295563167027653 -1.8408809673340938 -1.8613596212922245 -1.323250542735252 -0.8004781505090898 -0.782240131322855 -0.715558408029163 -0.7088822412093667 -0.7528188505900687 -0.7213164241838288 -0.7537973894208854 -0.7452218371980767 -0.7460623857072689 -0.7291327835908983 -0.7945427744850453 -0.7800560520765275 -0.806702556863005 -1.2630386777110154 -1.3003662572382886 -0.9010892172596149 -1.8116358300439086 -1.3510202061572503 -1.207738773144131 -1.2327084087893798 -1.218890241353242 -1.2326281296972759 -1.2516846003785504 -1.2602927090120466 -1.2242014440374527 -0.7973187885712807 -0.7507417313820348 -1.1664487693043017 -1.8743007622278467 -1.9517239516252496 -1.8540861745338775 -1.883087617409987 -0.867952637551048 -1.3861092668925168 -1.205316499602965 -1.7570225911837716 -1.2974329673529565 -1.2380799815072103 -2.419224519823168 -1.73983778299604 -1.2892432952906359 -1.7639565203938063 -0.8905584270809833 -1.4167499011880644 -2.447520496283638 -1.9483893819484654 -1.289775346308303 -1.8744219302453327 -1.8860880910761995 -1.2965535770099172 -2.4187010796040433 -1.302118091590053 -1.2701871232300246 -1.7834112370530983 -1.2680564573830952 -1.1635287756165944 -1.2151310191616045 -1.2621735408661772 -1.2583145354070253 -1.2878877466472058 -1.289960064046078 -1.8263756606563668 -2.0585462713066187 -1.328898600759319 -1.8019141222973922 -1.85820930073134 -1.2074393442794065 -1.2389213589806598 -1.5129563935284298 -1.8572180923918793 -0.8614438234472582 -0.8183185845616074 -0.8633058813603035 -0.7392217139002784 -1.2235114167391639 -1.0677040323776572 -1.7234010645443107 -0.8304820781092425 -1.6906877191516732 -1.3289582404604985 -0.931745744826546 -1.3105425914701996 -0.757338527657142 -0.7447959479361191 -0.777772538247002 -0.7537741622856552 -0.7796039990545537 -1.2371387708311274 -0.765520496032783 -0.7658158933559447 -1.8062949014176732 -1.3793547578203398 -1.9245676440360744 -1.2739576829515797 -1.3420691839195826 -1.8820787272756416 -1.300050234285407 -0.7684128457170329 -1.1337516380635426 -1.837997119166648 -1.2679262469908241 -0.7345819715960126 -0.754003634834499 -1.7848078109603014 -0.7325773894882363 -1.2346444947341677 -0.7894942298968766 -1.2695349785337664 -1.2469109379986492 -0.910883309598362 -0.8521434195474121 -0.8235781163083365 -1.1847214499473793 -0.803401361647922 -1.7471326356335557 -0.8654333287290622 -1.9043326959431388 -0.9001168979444277 -1.4118472155980097 -1.9543668819875522 -1.8449527376649888 -1.8855589750165542 -0.7636204544095875 -0.7390006945940256 -0.7237131657133621 -0.8495426985417202 -0.7835608965051832 -0.7506829870472972 -0.7685783308582884 -0.8259589492470156 -2.294832251143985 -2.167131719071137 -2.5678005210367045 -2.3852609398451095 -1.308649069048355 -0.8975795143840037 -1.327371445573769 -0.7733576293210271
-0.7997374869425384 -1.243684954241167 -1.19775064482557 -1.1300812961571882 -1.3067999860261297 -0.7704837238704003 -0.7631989260546229 -0.769770879232822 -1.8324213804174976 -1.2645033127325653 -1.3109832574049625 -1.2677385326352806 -1.3811105050232375 -1.4503926713767614 -1.9794547709286767 -1.2319383407740605 -1.7889591428044964 -1.813592642092138 -2.5295563167027653 -1.8408809673340938 -1.8613596212922245 -1.323250542735252 -0.8004781505090898 -0.782240131322855 -0.715558408029163 -0.7088822412093667 -0.7528188505900687 -0.7213164241838288 -0.7537973894208854 -0.7452218371980767 -0.7460623857072689 -0.7214710232822681 -0.7945427744850453 -0.7800560520765275 -0.806702556863005 -1.2630386777110154 -1.3003662572382886 -0.9010892172596149 -1.8116358300439086 -1.3424907868272904 -1.207738773144131 -1.2327084087893798 -1.218890241353242 -1.2326281296972759 -1.2382438592215526 -1.2602927090120466 -1.2242014440374527 -0.7973187885712807 -0.7507417313820348 -1.1664487693043017 -1.8743007622278467 -1.9517239516252496 -1.8540861745338775 -1.883087617409987 -0.867952637551048 -1.3861092668925168 -1.205316499602965 -1.7570225911837716 -1.2974329673529565 -1.2380799815072103 -2.419224519823168 -1.7065638694518641 -1.2965067261801109 -1.7639565203938063 -0.8905584270809833 -1.4167499011880644 -2.447520496283638 -1.9483893819484654 -1.289775346308303 -1.8744219302453327 -1.8860880910761995 -1.2965535770099172 -2.4187010796040433 -1.302118091590053 -1.2701871232300246 -1.7834112370530983 -1.2680564573830952 -1.1635287756165944 -1.2151310191616045 -1.2621735408661772 -1.2923187171060384 -1.2878877466472058 -1.2790658811761038 -1.8263756606563668 -2.0585462713066187 -1.328898600759319 -1.8019141222973922 -1.85820930073134 -1.2074393442794065 -1.2389213589806598 -1.5129563935284298 -1.3244356836179652 -0.8432655148142704 -0.8183185845616074 -0.8633058813603035 -0.7392217139002784 -1.2432903552864543 -1.0677040323776572 -1.7234010645443107 -0.8304820781092425 -1.6906877191516732 -1.2815115236851602 -0.931745744826546 -1.3105425914701996 -0.757338527657142 -0.737800400190216 -0.777772538247002 -0.7537741622856552 -1.2214088758175834 -1.8436035243853928 -0.765520496032783 -0.7658158933559447 -1.798006640051878 -1.3793547578203398 -1.9245676440360744 -1.2739576829515797 -1.3420691839195826 -1.8553286135411575 -1.300050234285407 -0.7684128457170329 -1.1337516380635426 -1.837997119166648 -1.2679262469908241 -0.7419719532680698 -0.7683316694633303 -1.7848078109603014 -0.7325773894882363 -1.2346444947341677 -0.7894942298968766 -1.2786739523774424 -1.2469109379986492 -0.910883309598362 -0.8521434195474121 -0.8235781163083365 -1.1888713284088979 -0.803401361647922 -1.7471326356335557 -0.8654333287290622 -1.8915313448022115 -0.9731005446998447 -1.4118472155980097 -1.9543668819875522 -1.8449527376649888 -1.8744785812232763 -0.7636204544095875 -0.7390006945940256 -0.7237131657133621 -0.8495426985417202 -0.7694123059741713 -0.7506829870472972 -0.7685783308582884 -0.8259589492470156 -2.294832251143985 -2.1180432158629756 -2.5678005210367045 -2.3852609398451095 -1.308649069048355 -0.8975795143840037 -1.290986861771441 -0.7733576293210271
-0.7997374869425384 -1.243684954241167 -1.19775064482557 -1.1300812961571882 -1.3067999860261297 -0.7704837238704003 -0.7760034393810451 -0.7731333102382398 -1.8324213804174976 -1.2645033127325653 -1.3109832574049625 -1.2580008388537112 -1.3811105050232375 -1.4503926713767614 -1.9794547709286767 -1.2319383407740605 -1.7889591428044964 -1.813592642092138 -2.5213879197608056 -1.8408809673340938 -1.8613596212922245 -1.323250542735252 -1.2593774766011068 -0.815669811824113 -0.715558408029163 -0.7088822412093667 -0.7255697848876328 -0.7213164241838288 -0.737376276491696 -0.7387489841187459 -0.7580684083837534 -0.7214710232822681 -0.7945427744850453 -0.7800560520765275 -0.806702556863005 -1.2630386777110154 -1.3003662572382886 -0.9010892172596149 -1.8116358300439086 -1.3424907868272904 -1.207738773144131 -1.2327084087893798 -1.218890241353242 -1.2326281296972759 -1.2382438592215526 -1.2602927090120466 -1.204921864818563 -0.7973187885712807 -0.7746683165207604 -1.1664487693043017 -1.8460895233952272 -1.904203175460799 -1.8540861745338775 -1.883087617409987 -0.867952637551048 -1.3861092668925168 -1.205316499602965 -1.7570225911837716 -1.2974329673529565 -1.2487481471301265 -2.419224519823168 -1.7065638694518641 -1.260270681499133 -1.7639565203938063 -0.8905584270809833 -1.4167499011880644 -2.447520496283638 -1.9483893819484654 -1.289775346308303 -1.8744219302453327 -1.8860880910761995 -1.2965535770099172 -2.4187010796040433 -1.302118091590053 -1.2701871232300246 -1.7834112370530983 -1.2680564573830952 -1.1749384947560926 -1.2267832241256125 -1.2621735408661772 -1.2812276115547763 -1.2878877466472058 -1.2790658811761038 -1.800970853200284 -2.0585462713066187 -1.328898600759319 -1.8019141222973922 -1.85820930073134 -1.2074393442794065 -1.2389213589806598 -1.5129563935284298 -1.3244356836179652 -0.8432655148142704 -0.8055454662409827 -0.816638572247738 -0.7392217139002784 -1.257277279579644 -1.0942725436674166 -1.7234010645443107 -0.8304820781092425 -1.6906877191516732 -1.2815115236851602 -0.931745744826546 -1.3105425914701996 -0.7506217230477339 -0.737800400190216 -0.777772538247002 -0.7537741622856552 -1.2324902276976026 -1.8436035243853928 -0.765520496032783 -0.7556440850520175 -1.798006640051878 -1.3793547578203398 -1.9402985475926076 -1.2739576829515797 -1.3268138844039883 -1.8553286135411575 -1.2665035245424099 -0.7684128457170329 -1.1337516380635426 -1.8132045267275894 -1.2679262469908241 -1.1729375563205207 -0.7683316694633303 -1.8227234549873057 -0.7325773894882363 -1.1936916343554245 -0.7956404245438612 -1.2786739523774424 -1.2541147865787692 -0.910883309598362 -0.8521434195474121 -0.8235781163083365 -1.1888713284088979 -0.803401361647922 -1.7471326356335557 -0.8898602696081832 -1.8915313448022115 -0.9731005446998447 -1.4118472155980097 -1.9543668819875522 -1.894461438640232 -1.8744785812232763 -0.7636204544095875 -0.7489679861549532 -0.7237131657133621 -0.8495426985417202 -0.7433619397237898 -0.7506829870472972 -0.7680013581204822 -0.8259589492470156 -2.338879868741517 -2.1180432158629756 -2.5797769639759047 -2.3852609398451095 -1.308649069048355 -0.888572557392047 -1.327371445573769 -1.1719309086865901
-1.2587436176341238 -1.243684954241167 -1.2039830919391943 -1.1429991767453438 -1.3067999860261297 -0.7704837238704003 -0.7760034393810451 -0.7848981986409557 -1.8324213804174976 -1.2645033127325653 -1.3109832574049625 -1.2810192470098605 -1.3811105050232375 -1.4503926713767614 -1.9794547709286767 -1.2319383407740605 -1.8508606676411543 -1.813592642092138 -2.5213879197608056 -1.8619843290461466 -1.8613596212922245 -1.3457184840003995 -1.2593774766011068 -1.3373112529440023 -0.7044861284938636 -0.7088822412093667 -0.7363485980528597 -0.7213164241838288 -0.737376276491696 -0.7387489841187459 -0.7580684083837534 -0.7214710232822681 -1.2517295622287663 -0.7800560520765275 -0.7837039503042723 -1.2630386777110154 -1.3003662572382886 -0.9010892172596149 -1.8116358300439086 -1.3424907868272904 -1.207738773144131 -1.2327084087893798 -1.218890241353242 -1.2326281296972759 -1.2382438592215526 -1.2602927090120466 -1.204921864818563 -0.7973187885712807 -1.2259590866773606 -1.1664487693043017 -1.8460895233952272 -1.904203175460799 -1.8354386473583666 -1.883087617409987 -0.867952637551048 -1.369225906990895 -1.205316499602965 -1.7570225911837716 -1.2974329673529565 -1.3011266203588598 -2.397195000138925 -1.7065638694518641 -1.2517279854676298 -1.7639565203938063 -0.9021294287927744 -1.4524070961703017 -2.50006413882974 -1.9483893819484654 -1.289775346308303 -1.8744219302453327 -1.8860880910761995 -1.2965535770099172 -2.3773201147839034 -1.3242301820936382 -1.2701871232300246 -1.7834112370530983 -1.2680564573830952 -1.1749384947560926 -1.2267832241256125 -1.2776839054511846 -1.2677503673957065 -1.264112380612134 -1.242546937013211 -1.788976394089535 -2.0585462713066187 -1.328898600759319 -1.8019141222973922 -1.85820930073134 -1.198199207115898 -1.2958016483710497 -1.5293852998820843 -1.2908218793206467 -0.8614438234472582 -0.8055454662409827 -0.816638572247738 -0.7392217139002784 -1.2804421598647082 -1.145803436563824 -1.7248925732923581 -0.8238903656617896 -1.7040254241018367 -1.313301051309228 -0.931745744826546 -1.3105425914701996 -0.7506217230477339 -0.737800400190216 -0.7708989320997556 -0.7593007229418057 -0.7883779083437134 -1.2826154799749183 -0.7850686409961372 -0.772117773896724 -1.798006640051878 -1.3793547578203398 -1.9402985475926076 -1.2739576829515797 -1.3268138844039883 -1.8553286135411575 -1.2665035245424099 -0.7625608373673068 -1.1337516380635426 -1.2408977275317907 -1.2770672237453213 -1.2158203990591854 -0.7683316694633303 -1.8409558321449822 -0.7325773894882363 -1.1936916343554245 -0.8260019363020356 -1.2786739523774424 -1.2627178289556922 -0.8731555615084698 -0.8521434195474121 -0.8235781163083365 -1.1970693024533154 -0.8177582762377515 -1.728758857295781 -0.8898602696081832 -1.8915313448022115 -0.9731005446998447 -1.4118472155980097 -1.8689856616970535 -1.894461438640232 -1.8855589750165542 -0.7430096039088823 -0.7489679861549532 -0.7221750740179084 -0.75914549708661 -0.7368725022719187 -0.7426305431996898 -0.7680013581204822 -0.8259589492470156 -2.338879868741517 -2.1298370414145342 -2.5797769639759047 -2.3852609398451095 -1.308649069048355 -0.888572557392047 -1.3612961429292865 -1.194214027954176
-1.268182584301265 -1.243684954241167 -1.2039830919391943 -1.1362175387710003 -1.3105769105872465 -1.2218048764706715 -0.7760034393810451 -0.7848981986409557 -1.8681254065237547 -1.2645033127325653 -1.3109832574049625 -1.3005583074220055 -1.3811105050232375 -1.4503926713767614 -1.96094575517364 -1.2319383407740605 -1.8508606676411543 -1.813592642092138 -2.5213879197608056 -1.8619843290461466 -1.8613596212922245 -1.3457184840003995 -1.2593774766011068 -0.8547429787217068 -0.723905849945204 -0.7088822412093667 -0.7255697848876328 -0.7213164241838288 -0.7360277883966232 -0.7387489841187459 -0.7580684083837534 -0.7298026272438323 -1.2517295622287663 -0.7800560520765275 -0.7976440043756837 -1.2630386777110154 -1.305260959267344 -0.9076147177354414 -1.8116358300439086 -1.3372262640638246 -1.2029638832831846 -1.2327084087893798 -1.2077880203483429 -1.2326281296972759 -1.2382438592215526 -1.2602927090120466 -1.2124948991440694 -0.7973187885712807 -1.2259590866773606 -1.2112903176691021 -1.8460895233952272 -1.904203175460799 -1.8354386473583666 -1.8590528616134816 -0.867952637551048 -1.3591677366302448 -1.19589780516005 -1.7570225911837716 -1.2974329673529565 -1.311176865310553 -1.7672683177091082 -1.7065638694518641 -1.262533086716012 -1.7856210241464754 -0.9021294287927744 -1.433202222720884 -2.447520496283638 -1.9483893819484654 -1.289775346308303 -1.8744219302453327 -1.9036455078101648 -1.2965535770099172 -2.3773201147839034 -1.3242301820936382 -1.2701871232300246 -1.7834112370530983 -1.2750359038545929 -1.1749384947560926 -1.2267832241256125 -1.3038370107164032 -1.2677503673957065 -1.3053170664375116 -1.242546937013211 -1.229795415068001 -2.0585462713066187 -1.335456605360695 -1.8019141222973922 -1.85820930073134 -1.2075184108963168 -1.3047377496925685 -1.3267878809811688 -0.7894986031458177 -0.8326356840270823 -0.8055454662409827 -0.816638572247738 -0.7392217139002784 -1.2804421598647082 -1.0804758505271226 -1.7248925732923581 -0.8304820781092425 -1.7004780473599435 -1.313301051309228 -0.931745744826546 -1.3105425914701996 -0.7710354345790803 -0.737800400190216 -0.7903086064018563 -0.7797627447814206 -0.8152626499338091 -1.2826154799749183 -0.819702268717581 -0.7561506514259716 -1.798006640051878 -1.2868646544800286 -1.9809041871134643 -1.2739576829515797 -1.3268138844039883 -1.8553286135411575 -1.257951144494229 -0.7625608373673068 -0.7171943197192935 -0.7928886967306531 -1.22882506330627 -1.1941058571798855 -0.7574741328839851 -1.8409558321449822 -0.7325773894882363 -1.1936916343554245 -0.8260019363020356 -0.8332877222776405 -1.2627178289556922 -0.8419836059475773 -0.8521434195474121 -0.8235781163083365 -1.1888713284088979 -0.7893029204961296 -1.7684332954594435 -0.8898602696081832 -1.8915313448022115 -0.9731005446998447 -1.4118472155980097 -1.8689856616970535 -1.894461438640232 -1.8855589750165542 -0.7430096039088823 -1.192025601945398 -0.7164343490436235 -0.7436004666544236 -1.1674741688324246 -0.7653634202945702 -0.808506525130645 -0.8490975112965075 -1.7132312894403328 -2.1180432158629756 -2.556187533090278 -2.3852609398451095 -1.308649069048355 -0.9170997453204369 -1.324465436530558 -1.1953316475928863
-1.2762882590157003 -1.254587902998578 -1.2039830919391943 -1.1392396568356953 -1.3105769105872465 -1.2305335329670082 -0.78531657489066 -0.7848981986409557 -1.2980550868438072 -1.303782574395159 -1.3109832574049625 -1.3005583074220055 -1.3811105050232375 -1.4503926713767614 -1.96094575517364 -1.2319383407740605 -1.8508606676411543 -1.813592642092138 -2.5213879197608056 -1.8619843290461466 -1.8613596212922245 -1.3457184840003995 -1.2593774766011068 -0.8162946587093639 -0.723905849945204 -0.7088822412093667 -0.7205717552296769 -0.7316446440283748 -0.7360277883966232 -0.7387489841187459 -0.7580684083837534 -0.7395795556236026 -1.2995512558192677 -0.7910450183150638 -1.2466092242563966 -1.2630386777110154 -1.3139385287128262 -0.9076147177354414 -1.8219382028410636 -1.3346897089288463 -1.1942974967545248 -1.2327084087893798 -1.2077880203483429 -1.224651297292217 -1.2382438592215526 -1.2602927090120466 -1.22312401062778 -0.7973187885712807 -1.2259590866773606 -1.2112903176691021 -1.8189663518386603 -1.9160951927272665 -1.8354386473583666 -1.8590528616134816 -0.867952637551048 -0.8779747398707123 -0.7402927008454278 -1.1925699656068514 -1.2892704382871378 -1.311176865310553 -1.7588537337696108 -1.7065638694518641 -1.244550029289378 -1.7856210241464754 -0.9021294287927744 -1.46904238703757 -2.4644770082402627 -1.9743201339538303 -1.289775346308303 -1.8744219302453327 -1.9036455078101648 -1.2965535770099172 -2.3920360186209098 -1.3242301820936382 -1.2701871232300246 -1.7834112370530983 -1.2750359038545929 -1.7243210644222933 -1.2267832241256125 -0.8454252669986563 -1.2677503673957065 -1.3381881036975796 -1.242546937013211 -1.229795415068001 -2.0585462713066187 -1.335456605360695 -1.8194752463658022 -1.8447345468365597 -1.234676127274161 -1.3268656332275 -0.8524622126808797 -0.7968620860853929 -0.8326356840270823 -0.8055454662409827 -0.7978276303429427 -0.7392217139002784 -0.8158420414389357 -0.8393035287561399 -1.783944706917138 -0.8238903656617896 -1.731068983069764 -1.313301051309228 -0.9456546582131627 -1.315846611713954 -0.7710354345790803 -0.7394464649342306 -0.7967126731909792 -0.779161040870352 -0.8152626499338091 -1.3038024878022527 -0.8188296325465771 -0.7549266733636809 -1.2624462801954157 -1.2868646544800286 -1.3955400320191564 -1.2701459794641599 -1.3268138844039883 -1.8553286135411575 -1.257951144494229 -0.7768036039615757 -0.7252302727052251 -0.7861276009049651 -0.7779600200568514 -1.1941058571798855 -0.7574741328839851 -1.8650867058434581 -0.7325773894882363 -1.7458412576421867 -0.8260019363020356 -0.8670740078238348 -1.2648406630298958 -0.8344936970860826 -0.8328230989813586 -0.8235781163083365 -1.1993447684141605 -0.7893029204961296 -1.2125158210977698 -0.8927415296951284 -1.8915313448022115 -0.9731005446998447 -1.4118472155980097 -1.8689856616970535 -1.9113454753155452 -1.8855589750165542 -0.7362824093877482 -1.174024082146431 -0.7213242071141394 -0.749671140878231 -1.1674741688324246 -0.7713186571847963 -0.808506525130645 -0.8563568912039152 -1.739168191318785 -2.1298370414145342 -2.5797769639759047 -1.7566620797186436 -1.308649069048355 -0.8922614463451313 -1.3050164728750477 -1.1953316475928863
-1.2762882590157003 -1.2613519529697614 -1.2039830919391943 -1.1392396568356953 -1.3105769105872465 -1.2305335329670082 -0.78531657489066 -0.7848981986409557 -1.1980361885627435 -0.8333439770552152 -1.3109832574049625 -1.3005583074220055 -1.3811105050232375 -1.4503926713767614 -1.9450901717431222 -1.2319383407740605 -0.8358356922381078 -1.813592642092138 -1.8816943652889302 -1.8619843290461466 -1.8613596212922245 -1.3457184840003995 -1.2593774766011068 -0.8015898340429267 -0.723905849945204 -0.7088822412093667 -0.7106266448133494 -0.7316446440283748 -0.7304289105927685 -0.7387489841187459 -0.7580684083837534 -0.7330601638111567 -1.2995512558192677 -0.7985162200957253 -1.2699916487076446 -1.2780087534118227 -1.370544983166652 -0.9172709657609044 -1.8215072010286675 -1.350809415558181 -1.1942974967545248 -1.2494028005634832 -1.1902912250472932 -1.224651297292217 -1.230395006517476 -1.2635353976938062 -1.2044924609099725 -0.7973187885712807 -1.2259590866773606 -1.2112903176691021 -1.8189663518386603 -1.9160951927272665 -1.8354386473583666 -1.8590528616134816 -0.867952637551048 -0.8450530187822379 -0.7504304840020838 -1.1925699656068514 -0.823366097509679 -1.311176865310553 -1.7770851477797274 -1.6932361397081648 -0.7955247960415223 -1.2165387982692608 -0.8610477998498579 -1.3540487769200442 -2.4092309460993664 -1.9229993517883592 -1.275587833201105 -1.8744219302453327 -1.9319874746205559 -1.3223990191455381 -2.3920360186209098 -1.3279401460250921 -1.2701871232300246 -1.814810555124302 -1.2870049208019518 -1.7406354452811397 -1.2957571987055951 -0.7945624136773785 -1.2677503673957065 -1.3085300064362693 -1.242546937013211 -1.1907985498800837 -2.0585462713066187 -1.3213856339880479 -1.2426642617283241 -1.7791145829566923 -1.2249755480796471 -1.350663376327076 -0.8562371119105175 -0.8415295486406982 -0.8584458914090977 -0.8055454662409827 -0.7978276303429427 -0.7392217139002784 -0.8158420414389357 -0.8696355657074487 -1.2542026608094918 -0.8139354301933157 -1.8034781731552676 -1.3526259074623999 -0.9119290885865872 -1.2708439129222693 -0.7804722174071066 -0.7394464649342306 -0.7776372290206378 -0.79427498853961 -0.830980866756063 -1.338117787904704 -0.8188296325465771 -0.7793857414294362 -1.2624462801954157 -1.8557689692350199 -0.8708434992997772 -1.2701459794641599 -1.3268138844039883 -1.8470309862655059 -1.257951144494229 -0.7392588405851536 -0.7252302727052251 -0.8083591727715062 -0.7320019841153994 -1.2001679545042232 -1.2049497370560827 -2.5060098703398754 -0.8082714710620895 -1.7663675685279119 -0.8260019363020356 -0.8670740078238348 -1.2648406630298958 -0.8344936970860826 -0.8029441631405381 -0.8235781163083365 -1.2147078640875362 -0.7893029204961296 -1.2125158210977698 -0.8927415296951284 -1.8915313448022115 -0.9633332885101064 -1.4118472155980097 -1.8689856616970535 -1.9113454753155452 -1.8494885968832222 -0.7300071746995885 -1.182239475296134 -0.7575631213736196 -0.749671140878231 -1.1674741688324246 -0.7713186571847963 -0.808506525130645 -0.9019876261246005 -1.739168191318785 -1.8128162814614013 -2.5797769639759047 -1.7875566501019762 -1.3207501670966622 -0.8743849527562183 -1.3050164728750477 -1.2146965395158376
-1.2762882590157003 -1.2613519529697614 -1.2186330123257856 -1.1392396568356953 -1.3105769105872465 -1.243155528458795 -0.78531657489066 -0.7848981986409557 -0.768456774022483 -0.8333439770552152 -1.3109832574049625 -1.3005583074220055 -1.398115286073663 -1.4503926713767614 -1.9450901717431222 -1.2462697626195933 -0.8519592285731656 -1.813592642092138 -1.8816943652889302 -1.818957823757655 -1.8910400548269435 -1.2801953490951044 -1.2513707724668652 -0.8127688964113723 -0.7381086655978936 -0.7088822412093667 -0.7106266448133494 -0.7273975048921865 -0.7304289105927685 -0.7387489841187459 -0.7580684083837534 -0.7330601638111567 -1.2908021017550821 -1.248405476204247 -1.2699916487076446 -1.300342334472427 -1.454223793267213 -0.9025278971729864 -2.467499931822652 -1.9179344127618965 -1.1942974967545248 -1.2423209602563765 -1.1838933908365714 -1.2482262488681803 -1.2148074381448961 -1.8191108056440135 -1.75826703924898 -0.7973187885712807 -1.1855143689784637 -0.7704213392244975 -1.2551465055365525 -1.3388236555583106 -1.8354386473583666 -1.8590528616134816 -0.867952637551048 -0.8395229452881707 -0.7504304840020838 -0.7797032902078306 -0.8161490399329432 -1.311176865310553 -1.7676664625649665 -1.7123437838814126 -0.7889891246915987 -1.2265400708008303 -0.8537551103972266 -1.3963023223135709 -1.85303911690715 -1.9229993517883592 -1.296301073821979 -1.9796257871144745 -1.3522880215421968 -1.3223990191455381 -2.3920360186209098 -1.2360128048194863 -1.2942331981000124 -1.8404365683467638 -1.2777790963368325 -1.7501869418671598 -1.2957571987055951 -0.8064439204896567 -1.340946933586439 -1.3085300064362693 -1.2327992696923045 -1.1907985498800837 -1.9997868259259666 -1.3213856339880479 -1.2426642617283241 -1.7791145829566923 -1.2155888246939344 -1.3722107130736199 -0.829322699945602 -0.8415295486406982 -0.8584458914090977 -0.8055454662409827 -0.7894055693987095 -0.7392217139002784 -0.8215607655601962 -0.8696355657074487 -1.2542026608094918 -0.8074289576976406 -1.7604587938927498 -1.2891812507352245 -0.9119290885865872 -1.2708439129222693 -0.7804722174071066 -0.7532130939137129 -0.7776372290206378 -0.8047952219641993 -0.8177197914575002 -0.8596153590002095 -0.8188296325465771 -0.7857611982355324 -1.2473808115985172 -1.772662751947138 -0.8708434992997772 -1.2701459794641599 -1.3268138844039883 -1.2794851591814385 -1.257951144494229 -0.7559020648776159 -0.7302102315803323 -0.7817501711615961 -0.7434702659067118 -1.2001679545042232 -1.2189480464597264 -3.1685162380304317 -1.2715131922054503 -1.817478469867401 -0.8309330776921378 -0.8555315938672222 -1.2648406630298958 -0.8321090996337008 -0.8103142479394531 -0.8309688389325709 -1.2280928518938659 -0.7794068870597554 -0.77457452470534 -0.8580372091688936 -1.8915313448022115 -0.9633332885101064 -1.378224334604037 -1.8689856616970535 -1.8629957230305074 -1.8317851061147197 -0.7225798005406953 -1.1829290597106408 -0.7738389025677153 -0.7386915719200294 -1.1718155219400623 -0.8066991485490632 -1.275277155394544 -0.8943550933481659 -1.6917149487442722 -1.8128162814614013 -2.5904725950013856 -1.788134623952744 -1.310374361667508 -0.8743849527562183 -1.3397570253160602 -1.2292874545150523
-1.2762882590157003 -1.2613519529697614 -1.2186330123257856 -1.1452411220641479 -1.3105769105872465 -1.243155528458795 -0.7891771171257346 -0.7802266752109179 -0.768456774022483 -0.8333439770552152 -1.3109832574049625 -1.3442714116961978 -1.3811105050232375 -1.4503926713767614 -1.9450901717431222 -1.2462697626195933 -0.7962555712885465 -1.813592642092138 -1.3090887226377477 -1.2967764140042288 -1.3177554413392416 -1.2801953490951044 -1.2345387256436096 -0.7664253411554968 -0.7381086655978936 -0.7088822412093667 -0.7106266448133494 -0.7273975048921865 -0.7304289105927685 -0.7387489841187459 -0.7405948955612303 -0.7330601638111567 -1.2908021017550821 -1.2396235531157538 -1.2737425367687158 -1.2895174464096293 -1.4601692933970092 -1.3736239944311235 -2.4498684056955535 -1.340338401300787 -1.2109847182177633 -1.2423209602563765 -1.204722847703426 -1.2482262488681803 -1.230395006517476 -1.813571787509082 -1.8435737844730389 -0.8037883242189251 -1.2149902899744989 -0.7704213392244975 -1.2551465055365525 -1.3388236555583106 -1.8076473257412329 -1.8590528616134816 -0.8801182685487335 -0.8050928889471102 -0.7453080947214716 -0.7797032902078306 -0.8063629028830104 -0.8349821224292969 -1.7575225608429428 -1.7123437838814126 -0.7817808764814199 -0.7575646698145158 -0.8537551103972266 -1.3826393031636832 -1.8059621031671333 -1.8464911393134658 -1.296301073821979 -1.9796257871144745 -1.3836186922320595 -1.2681958996366745 -2.4005918816560023 -1.2360128048194863 -1.2942331981000124 -1.9013530610644922 -1.2890836353393236 -1.8061120062868268 -1.2414535421360642 -0.8235386560338032 -1.340946933586439 -0.8612282600438093 -1.2452110058635084 -1.1907985498800837 -1.9997868259259666 -1.311970673429763 -1.2542863153564325 -1.788103179774867 -1.2334782224664402 -1.3818260434641707 -0.8370422337239131 -0.8415295486406982 -0.8428428102334771 -0.7970634307322846 -0.7997166677777937 -1.179210837143269 -0.8289020513461358 -0.8696355657074487 -1.2542026608094918 -0.8171185737172147 -1.2985796039688309 -0.8583864879004194 -0.9119290885865872 -1.2708439129222693 -0.7596061124163642 -0.7621219792150419 -0.8155219183780948 -0.7983167637216244 -0.803442473657824 -0.8538344928599995 -0.8265929234698071 -0.7857611982355324 -1.2473808115985172 -1.772662751947138 -0.8708434992997772 -0.783422051345166 -1.315170568815622 -1.2445401304938635 -0.7994199938209099 -0.7721244674623218 -0.7307136935678816 -0.7817501711615961 -0.7530128154847724 -1.19873056349265 -1.2319214912375922 -1.8986857771668755 -1.2565405369226357 -1.8839996306415954 -0.8398196892350054 -0.8555315938672222 -1.2551494257477327 -0.8199070260326797 -0.8086861148025088 -0.7918096831193159 -1.2434091551925337 -0.7789600863426096 -0.7344062151676632 -0.8125514143365403 -1.8915313448022115 -0.9633332885101064 -1.378224334604037 -1.8689856616970535 -1.2582176981569033 -1.8317851061147197 -0.7225798005406953 -1.1829290597106408 -0.7738389025677153 -0.7516713011417149 -1.1636903280894326 -0.8066991485490632 -1.263341864258373 -0.8943550933481659 -1.22962615373561 -1.749523824295396 -2.504558740424183 -1.7739728714353589 -1.2983195001189063 -0.8743849527562183 -1.310370482846032 -1.2292874545150523
-1.2762882590157003 -1.2613519529697614 -1.2186330123257856 -1.1452411220641479 -1.3105769105872465 -1.235527432838262 -0.7891771171257346 -0.7842303029452904 -0.768456774022483 -0.8333439770552152 -1.3109832574049625 -1.33411364699619 -1.3811105050232375 -1.4503926713767614 -1.8613339728944553 -1.2462697626195933 -0.7599933058530796 -1.2695985580690157 -1.3090887226377477 -0.8293659316875299 -1.3177554413392416 -1.2801953490951044 -1.2287162549683188 -0.7742826893375719 -0.7306883142056336 -0.7088822412093667 -0.7106266448133494 -0.7219694219855617 -0.720765264146995 -0.7387489841187459 -0.7462562481882792 -0.7429259182494817 -1.2908021017550821 -1.2396235531157538 -1.285786089127804 -1.2895174464096293 -1.5050256245596345 -1.9634041239308948 -2.4498684056955535 -1.9179344127618965 -1.2109847182177633 -1.2423209602563765 -1.2382249603635376 -1.2482262488681803 -1.2668910693343682 -1.8826603639447532 -1.8435737844730389 -0.8037883242189251 -1.2149902899744989 -0.7260739056101867 -1.2551465055365525 -1.3544342435198702 -1.8076473257412329 -1.8186661890378895 -0.8413870612268308 -0.764462132605132 -0.7205936166641891 -0.7643284459439259 -0.7565310941387402 -0.8349821224292969 -1.203500308920251 -1.7123437838814126 -0.7817808764814199 -0.7571716898048323 -0.8537551103972266 -1.3826393031636832 -1.8059621031671333 -1.7678290546966593 -1.2495200213325022 -1.8373640847274342 -1.3845004410764585 -1.2681958996366745 -2.3092077211011164 -1.306181607005457 -1.2839437552128372 -1.9113746957353506 -1.3394113361779239 -1.2529229000712119 -0.7975628405207245 -0.7967768193121254 -1.340946933586439 -0.8341305112111962 -1.2452110058635084 -1.2266176153798016 -1.9870493060655356 -1.3184522083696026 -1.2172844587061913 -1.788103179774867 -1.2174268409052953 -0.8238587697903946 -0.8256239807360451 -0.8220919689875106 -0.8271284930506885 -0.8082943724310797 -0.7997166677777937 -1.1877661074844788 -0.8215607655601962 -0.8811787058016949 -1.2542026608094918 -0.8238903656617896 -1.2985796039688309 -0.8583864879004194 -0.8679423995526567 -1.2942157546854134 -0.7488343354186994 -0.753808006230514 -0.7998905185422496 -0.7972600164069537 -0.7900239752037761 -0.8586710819262448 -0.8265929234698071 -0.7857611982355324 -0.7706943873839344 -1.2159888471023612 -0.7794350971175111 -0.783422051345166 -1.315170568815622 -1.2445401304938635 -0.7994199938209099 -0.7721244674623218 -0.7699911863014003 -0.7640355985119857 -0.7609707097034006 -1.2132149320061196 -1.2305503087597893 -1.305209582152395 -1.2565405369226357 -1.8839996306415954 -0.8398196892350054 -0.8324236852287525 -0.8181386202621481 -0.7941858932736504 -0.7967216518626431 -0.7918096831193159 -1.2434091551925337 -0.7789600863426096 -0.7436203944479216 -0.8125514143365403 -1.8915313448022115 -0.946554453721295 -1.336896503644631 -1.8831252578441682 -1.275922933368996 -1.8566444089856897 -0.7225798005406953 -1.1829290597106408 -0.7529531016154688 -0.7516713011417149 -0.7265154983884788 -0.7960546667513685 -1.2531936899710876 -0.8614133959238442 -1.22962615373561 -1.749523824295396 -1.8622629486455653 -1.7739728714353589 -1.2983195001189063 -0.9017154224778328 -1.310370482846032 -1.2292874545150523
-1.8263363029147965 -1.8406285736576538 -1.258584841392596 -1.4393125792522545 -1.8605269006505984 -1.261558636799084 -0.8029173453432833 -1.2574325816478409 -0.7102205269560378 -0.8334070515414852 -1.2341467356102787 -1.2889612974029083 -1.4215152828128808 -0.91691533785085 -1.3098858693772284 -1.2108639235478833 -0.7618914816220239 -0.8360383149832087 -1.2679582310295814 -0.8235030614397447 -1.3342828486098663 -1.8261650880247544 -1.2338004655992145 -0.8190708924847258 -0.7390759753909645 -0.7411321543201996 -0.734526206684817 -0.7287762395632208 -0.7359201118661821 -0.737857176285812 -0.757122139066372 -0.7312252712979415 -1.33423132177549 -2.4252342947627428 -2.489060708995337 -2.4775046225686035 -1.8650650414045664 -2.5832319785066056 -2.7268116044841437 -1.8905115531774501 -1.7921615961832673 -1.8107112722935281 -1.8168341320791423 -1.8099219017354018 -1.8840541685869996 -1.8826603639447532 -1.8203481958632344 -0.8458711443327886 -1.2372646434189474 -1.1994232661374398 -1.3099680809978809 -1.3651724055013443 -1.364688418377619 -0.7586269858522742 -0.7686166154496421 -0.7830637204924369 -0.7466797026146595 -0.7952655195588413 -0.7514139335263057 -0.7633147271491223 -0.7844121072302565 -0.7659792495433073 -0.7669250622636841 -0.7137215123086632 -0.937279091865374 -1.942747818228491 -1.8163300330569623 -2.3950195281575137 -1.3201255747535536 -2.47222999300768 -1.9543343783970257 -1.7895120368281652 -3.013112268791427 -1.2947336516042576 -1.8402183217480148 -1.3676751865111592 -0.9003837097013802 -0.8117112136940706 -0.795992637765636 -0.7854113971913811 -0.8172695962798078 -0.8734126145585102 -0.8429334488048909 -1.2906949229634197 -1.9523315200082578 -1.2826048437827386 -1.2967448312664047 -1.8278936593468236 -0.787642517143274 -0.8583436054645234 -0.959706170387917 -1.277401871434506 -0.8198409491503934 -0.8670981044402442 -0.8147978698632236 -1.2197164580582398 -0.7690963930889132 -0.7315290668327937 -1.1680063021962521 -0.8015010905906579 -1.1864051563792102 -0.8845521240422662 -0.9254295168425745 -1.3404777899593845 -1.1697009022160196 -1.2061964138254289 -1.7981706785521 -1.2136426552432675 -1.210335132570452 -1.3785283349477504 -1.3234340666277518 -1.254852138156365 -0.809615837955308 -1.2026760964336958 -0.8911073723242592 -1.2329097025061964 -1.2437161087533448 -1.2643047543535622 -0.8083245812978661 -0.7833682202684276 -0.7516683487811296 -0.7353284045807099 -0.7792640940255285 -1.2126834123710304 -0.8040297622614975 -2.491073723772325 -1.7939931130151754 -2.3172811362339325 -0.8599467288765732 -0.8825138007593374 -0.8609550773758504 -0.8053614441316822 -0.8801358290030835 -0.8205249929830615 -1.2997759801198887 -0.7951220404683156 -0.675092196299834 -0.7544224360453937 -1.8251609582869093 -0.9855576078586493 -1.828895879170015 -1.8940744452580713 -1.3569485224262146 -1.9352203345787755 -0.7692185478425807 -1.202481098805218 -0.7698199362894241 -0.760717695563463 -0.7144400763777549 -0.8238699169726537 -1.2980630742459967 -0.8857984795553514 -2.556036453765324 -2.5580517497217845 -2.531149720772081 -1.8321875323310437 -1.8213270072825212 -1.9436855019846684 -1.400043127688106 -0.8141578950670801
-1.286062491311828 -1.8406285736576538 -1.248136839127722 -1.1351299387317806 -1.8605269006505984 -1.3021362256523685 -0.7848599107412024 -0.7608820152379536 -0.7083210272082431 -0.8128995300497577 -1.2090104829381751 -1.233278333305981 -0.8548269845058247 -0.8515734848330844 -0.8484399388976972 -0.8018079176139072 -0.770004038216139 -0.8219707955992832 -0.7837226218409492 -0.7850634693868851 -0.8214088053751865 -0.79604101112696 -0.7700804618171624 -0.731419185717676 -0.7489530240141782 -0.7668587905653255 -0.7760983410076456 -0.7451590905284647 -0.7690693367221098 -0.737857176285812 -0.7818134709692941 -0.7466879425119499 -0.8367574936740322 -1.779470928549839 -2.489060708995337 -2.555037593991013 -1.8184677576615178 -2.553539945680699 -2.7172756371971616 -2.533628406720493 -1.820914585594782 -1.7955696710374456 -1.8351240135221099 -1.8099219017354018 -1.8761346647902133 -1.8935430570428404 -1.8366900726208262 -0.8458711443327886 -1.2097191107100027 -1.184645255636166 -0.7982998813009164 -1.3350487469711583 -0.815122331339868 -0.7797023305172209 -0.7565455557882761 -0.7830637204924369 -0.7213716804904402 -0.7613037570518532 -0.7736025804112467 -0.7776002350077135 -0.7905925538600188 -0.7934896243246107 -0.7786791148679825 -0.7137215123086632 -0.9435630095555928 -1.942747818228491 -1.8760705742812909 -2.396906881525154 -1.3191267163398355 -2.47222999300768 -1.9788522284917764 -1.813579697009329 -1.7915274548961542 -1.304045399053472 -1.3059026146594408 -1.3940850339740878 -0.9123838400890597 -0.8240742270987904 -0.7947787062889932 -0.7926686514993463 -0.8591361757994328 -0.8380948070168133 -0.8592178985367277 -0.8424904941621549 -1.9510294968915167 -1.2630797145472568 -1.3034634993787728 -1.8640028537825257 -0.7791961475364861 -0.8623642900035502 -0.9751171099184771 -1.8029516508426378 -0.8434740557123143 -0.8849237537592227 -0.867873292663513 -1.2699272077560892 -0.792041157777684 -0.7541641349003945 -0.7221949312277284 -0.7578294797778891 -0.7627499845836667 -0.8762971733866545 -0.9171712102061346 -1.3478197098570102 -0.7543059721257713 -1.1920206014389907 -1.261263397691981 -1.2460639771523596 -1.1812953170380385 -1.323270073645008 -1.3043906275516053 -0.7939490653185483 -0.7982841718523472 -0.7769853781713556 -0.8933545856267238 -0.7732856817284814 -1.2584975498786086 -0.8276149979085268 -0.789333877504776 -0.7580833934484278 -0.763057924075584 -0.7642785792611521 -0.8065755898482893 -1.2262263759086178 -0.8023759462399628 -2.49271947633288 -1.7654658916551973 -2.3172811362339325 -0.8484061457147282 -0.8825138007593374 -0.8551405493370454 -0.8188527534019061 -0.8392715693266072 -0.8447972204638724 -1.3083320626113693 -0.817539601171393 -0.6815664279940954 -0.7329324051007393 -0.7787236108294254 -0.896445477207133 -1.87030311094554 -1.8576156642734667 -1.3569485224262146 -1.355819635828809 -0.8004726029523717 -1.202481098805218 -0.7818076589795087 -0.7716755658612181 -0.7964792738518801 -0.8314518470895689 -1.2235946721441442 -0.8930134905586219 -2.505559672228133 -2.629221987720523 -2.531149720772081 -1.8462186029432874 -1.8722515213906545 -2.0081166411660942 -1.400043127688106 -0.838396045098924
-1.286062491311828 -1.8406285736576538 -0.8273714554904682 -0.9076563471088525 -0.8510952187076323 -0.8248690821108674 -0.7840996280046388 -0.7908276076957514 -0.7681342525057776 -0.8394983875475619 -1.2554193798980577 -1.2605436049161265 -0.8060993204138276 -0.8040049249958889 -0.8056548290647728 -0.7439656639249641 -0.7280225097326016 -1.2480066513426062 -0.7714440443905913 -0.7461329249028484 -0.7725490036921465 -0.7715160115147484 -0.7874621949682546 -0.7550486714336878 -0.7648896197880873 -0.7562160727625675 -0.7746595030404146 -0.7382794401574236 -0.7658818554407242 -0.7853158136435552 -0.7818134709692941 -0.7466879425119499 -0.7738300946930677 -1.720373791104547 -1.7457718795263468 -1.9080341956369338 -1.8184677576615178 -2.553539945680699 -2.7268116044841437 -2.533628406720493 -1.7875258896535484 -1.7955696710374456 -1.8351240135221099 -1.8099219017354018 -1.8761346647902133 -1.8935430570428404 -1.8366900726208262 -0.8242821264186373 -1.1998063714876974 -0.7336354275670707 -0.7214501798112671 -1.1408178483532 -0.7854286428611557 -0.7660817973917754 -0.7299259684264258 -0.7325295197433677 -0.7145507727471433 -0.7538659824621489 -0.755232098174623 -0.7631018653588915 -0.7685483439340075 -0.7963226347134712 -0.7624486264655569 -0.7611664756954762 -0.937279091865374 -1.942747818228491 -1.8760705742812909 -2.396906881525154 -0.9091074785133069 -2.462205229913929 -1.9788522284917764 -1.248712964954301 -1.8237275654741345 -1.282580101253425 -1.3364568629611742 -1.3833083780710347 -0.8893708804892125 -0.8533708959880943 -0.8250686877604578 -0.7987420374990876 -0.8322069064083277 -0.8380948070168133 -0.8410223573450628 -0.8351593742651593 -1.9510294968915167 -1.2972880264617765 -1.2774060985224904 -1.262881156423637 -0.8225181888637644 -0.8873239619573958 -0.9686071893444602 -1.7655479840574233 -0.8567870141493805 -0.8849237537592227 -0.8511012066546272 -1.2699272077560892 -0.7918715728553832 -0.8013550758755751 -0.8078423638813754 -0.7718355612361226 -0.8425688822216219 -0.8694358734562536 -0.9171712102061346 -1.3478197098570102 -0.7883528503187345 -1.2591080817935587 -1.3026662783789693 -1.2077614624693582 -1.1887704053649786 -1.2902457999696104 -1.3043906275516053 -1.2514923654201862 -0.7257391716865733 -0.7531659437732627 -0.7739736258851604 -0.7159852109488265 -0.749115559101284 -0.7752794608605277 -0.7584331185232924 -0.7685139770301741 -0.7822931649220062 -0.7752722933990489 -0.8077471221258057 -1.2630606041795773 -0.8023759462399628 -2.4622767934525 -1.8604313689841143 -1.6949106597560517 -0.8248334005908013 -0.8221172009019748 -0.8428017104465937 -0.8240220675165348 -0.8300718055359758 -0.8614592292585695 -1.3083320626113693 -0.8017035589375695 -0.7015934928948018 -0.7273529608009405 -0.7328865827577442 -0.8182453134071471 -1.3225729034010252 -1.3024092705559782 -1.3569485224262146 -1.355819635828809 -0.8004726029523717 -1.2445841564475115 -0.797254668315271 -0.7600266418829303 -0.8035423183197654 -0.8314518470895689 -1.2235946721441442 -0.8930134905586219 -2.5479178184434095 -2.58133968294423 -2.4615831962572354 -1.8690157793888633 -1.8224706796278172 -1.9670104567047788 -0.8665447936811576 -0.8128435331593656
-1.2500216483737394 -1.816599694496444 -0.818140996013475 -0.9076563471088525 -0.8337259503246045 -0.8042847003376122 -0.7765405334598722 -0.7738779481374657 -0.778399547704511 -0.8032699077474548 -1.3369195375008363 -1.801761661283182 -0.7969609877040711 -0.8020502683089563 -0.7860051780188777 -0.7503301884413277 -0.7230721181548821 -0.7485176154756171 -0.7627775156322996 -0.7599833095356225 -0.7321112875703107 -0.7570330970926101 -0.7734506194302566 -0.731751846346902 -0.7488277051223585 -0.7717473520046214 -0.7873971581468786 -0.7797350531457408 -0.7960457398458356 -0.7865552100437898 -0.7744419762818159 -0.7837317934553052 -0.7760454210764423 -1.6885539907917395 -1.719117882344741 -1.8541804452631527 -1.8205995567935322 -2.560985173108884 -2.0295601089662143 -2.5135816935633906 -1.229021361531303 -1.7790909799284444 -1.8351240135221099 -1.8017840559718514 -1.867035033504792 -1.8759388392433876 -1.8412257171372 -0.8266030827412015 -0.7538124405976433 -0.7759255483114365 -0.7130708431098151 -0.7355750150482719 -0.770753967123919 -0.7509122487233051 -0.7506725647794884 -0.7734517195482409 -0.7867575922896101 -0.8027897889386021 -0.7781108373055634 -0.7924886189101856 -0.7993047052624709 -0.7983375912464525 -0.7958502946517229 -0.7532466344292017 -0.8523816193759614 -1.3217967887186424 -0.8531451644245105 -1.2273921345676686 -0.8694089621785696 -1.3340839173322927 -1.3182004747407678 -1.203921404680313 -1.2317583645585588 -1.2579977143002197 -1.3129276874277083 -1.2897021240507345 -0.8974091613437061 -0.7980702482850891 -0.8025529490652775 -0.7779759090589214 -0.7987357424746233 -0.8380948070168133 -0.7952192874234606 -0.8082923998279052 -1.8677407344697383 -1.3298785599125267 -1.3237485040964225 -1.281442467245964 -0.8246303905422975 -0.8539010832876032 -0.9264203706497633 -1.7655479840574233 -0.8418567645877371 -0.856317075415696 -1.2109673497552467 -0.8109588909117021 -0.7507063551625198 -0.8387500220962536 -0.8259353047455835 -0.7438940904943278 -0.7999017215866759 -0.8468459025383019 -0.8887555107424777 -1.3380083012002517 -0.8135787360729262 -1.279012112404179 -1.3121500242819266 -1.2398940266441996 -1.2136104659217424 -1.2540706021476244 -1.2598265287934158 -1.24972895078839 -0.7289676257446568 -0.7186214951657699 -0.712430226955417 -0.7099943470636303 -0.7228804289627992 -0.7416099511171943 -0.7390361864293017 -0.7581586581517508 -0.7711242056449034 -0.7908249802190285 -0.8158443581558422 -0.7875775894912159 -0.8052820059988001 -2.3618534555569455 -1.8438310102708906 -1.1728202755274981 -0.8160564880615582 -0.8205024208832145 -0.8624226199223928 -0.962574518487638 -0.8174097847226146 -0.83929110354502 -0.8096170257982919 -0.7785994930447034 -0.7148465055663823 -0.7389362424619728 -0.7093708724340275 -0.8197159643800503 -1.2457529115728427 -0.8159817432380444 -1.3053042508712622 -1.3270146938826826 -0.7934093522915168 -0.77763510268427 -0.7882161368940009 -0.7672027188426864 -0.8035423183197654 -0.8239948490221619 -1.2243273366147873 -0.8337075076439536 -1.9000851571805106 -1.951748085376268 -1.8366532865940335 -1.3436508147562258 -1.2842490829439333 -1.8958933101002473 -0.8322017916490186 -0.7755329228896327
-1.2778870682619066 -1.816599694496444 -0.8251515403965978 -0.9285867007850994 -0.8370592974707598 -0.7885671267805292 -0.7853772735087806 -0.7779526666287948 -0.7923901324936949 -0.7676165288747425 -0.7888622206477591 -0.849898962262784 -0.7719606054190666 -0.784647869277746 -0.7862045838653638 -0.7759613683792674 -0.7452357482479927 -0.735117096704003 -0.7305900163292353 -0.7611618301273477 -0.7441974604157777 -0.7285609534290098 -0.7345000417234628 -0.724649501949342 -0.7693076699296221 -0.778024490658125 -0.7855136140199922 -0.7857091798853478 -0.7856105127376177 -0.7874308338807576 -0.7835605463574196 -0.7775715550437842 -0.7760454210764423 -1.20793698202798 -1.2492881038969774 -1.2855802333575894 -1.4382713340839008 -2.50773374704187 -3.239818754145976 -2.5392809898058113 -1.789640395525456 -1.7687076539838695 -1.8351240135221099 -1.8017840559718514 -1.8604309020543817 -1.8759388392433876 -1.8481153133498476 -0.8266030827412015 -0.7369091321959688 -0.7231190879377559 -0.7275358693069313 -0.7386843283066443 -0.749488610666725 -0.7591123921202234 -0.7562539556001786 -0.7551074231584386 -0.791658459420208 -0.7931663829852909 -0.7748551104338597 -0.7911481037306977 -0.8045202634804433 -0.7983375912464525 -0.7831628498543903 -0.775115884157965 -0.840237389393379 -1.346844822794936 -0.861716290172819 -1.277244752830285 -0.9272227624307535 -0.8888715435554077 -0.8297599439158114 -0.8103731884071562 -1.2686837972060991 -1.268600986825277 -0.8292386298136638 -1.2531948109091804 -0.8424938152961842 -0.8349060789988085 -0.7863577423457508 -0.760196866157284 -0.7987357424746233 -0.8282941399330155 -0.7690500431631863 -0.7712672050016841 -1.3304456901920139 -1.2990933395257993 -1.3439546369892603 -1.281442467245964 -0.8093033667674063 -0.8500586684565176 -0.9417391645942085 -1.7459521533945932 -0.828692510732621 -0.8386061859881786 -1.193492143191168 -0.8373733188280241 -0.7707598956482352 -0.7976853761477133 -0.7848844338813153 -0.763825166158057 -0.8821629603217832 -0.8475071835250899 -0.8448492781846478 -1.354019554134928 -0.8282219154594902 -0.8437024400562916 -0.8490704021932517 -0.7853779672431231 -0.8866476115118817 -0.7454783198769344 -0.7711276318038416 -0.7990141019449867 -0.7419957294781111 -0.7603476682318822 -0.7351057532520352 -0.7212694646364739 -0.6903561538294614 -0.7149832362389451 -0.7525057720929649 -0.7677620995210928 -0.7873766447484147 -0.8055823713969786 -0.8271382522816413 -0.8006228620341879 -0.8137591948064643 -1.7687838213160403 -1.2384172001671367 -0.8504044045456469 -0.8259918972771861 -0.8520102916640077 -0.8840918456383386 -0.8460535961451066 -0.7761035439799574 -0.8266160187761037 -0.7750976606314828 -0.765389670819405 -0.7489900634498191 -0.6917464933618358 -0.7099919049336509 -0.6904940260623424 -0.7125112235249136 -0.8279126348229007 -1.376922593244412 -1.3338277410572275 -0.7856421460257764 -0.7907840683002091 -0.7946741574593731 -0.7989997557105197 -0.8097458072882989 -0.8023853385893529 -1.183347748402285 -0.8362659076407848 -1.3758301058742508 -1.3777155946156938 -1.8483982510256873 -0.913742573109278 -1.3715630816382118 -1.360360451790066 -0.8107294202679272 -0.8025738086015418
-1.2765949422136846 -1.816599694496444 -0.8273714554904682 -0.9298883388068427 -0.8397705435343533 -0.8088901514667771 -0.7765405334598722 -0.7701734499013551 -0.7684020731833694 -0.7278495318339469 -0.8036213442413589 -0.7889138750106429 -0.7663781546493152 -0.7180956777117742 -0.7532563469336956 -0.7519803493991718 -0.7557326560028373 -0.7796547315025633 -0.7486043342653987 -0.7483204600753393 -0.7716737229423335 -0.739751355178919 -0.7527326600939868 -0.7501318421790271 -0.77352829561417 -0.7698155641601379 -0.8061428570356811 -0.7857792079597467 -0.8021554594742003 -0.8024788819727664 -0.81794065281693 -0.7856270098179369 -0.7837191830183415 -1.720373791104547 -1.8547694143203661 -1.2187944092822245 -2.0441952779213985 -3.2343427269290363 -3.405902421392382 -2.5135816935633906 -1.7956921476497008 -1.7851517040760947 -1.8351240135221099 -1.8099219017354018 -1.8980632663130732 -1.8935430570428404 -1.8682806056245442 -0.8242821264186373 -0.7790709219968962 -0.7707061628722173 -0.7393374425646573 -0.7323063404659637 -0.745567064563947 -0.7488838267799497 -0.7512071376016438 -0.7543172363449382 -0.7970233180151334 -0.8052432492711639 -0.779796692863961 -0.8253820708636227 -0.8305472197904598 -1.2858815467363052 -0.8146655186371659 -0.7761343399069767 -0.8822895641348406 -1.3586949918748563 -1.3283428444541172 -1.8220768912381413 -0.9759872909917359 -0.9028311913714936 -1.3300888657286394 -0.8399799525677113 -0.7959802269570231 -0.8175777057516892 -0.878140406717034 -0.7872641015439459 -0.8060034033564886 -0.8350485372656875 -0.7892458270320848 -0.7735522164032841 -0.7667314360037311 -0.7971572349360599 -0.7620882073117907 -0.7750877688515448 -0.8291109570436552 -0.8244998887957005 -1.3237485040964225 -1.2938178682034935 -0.8379857844785921 -0.8390807185691892 -0.9684208618646825 -1.7917926787852265 -0.8654655366693381 -0.8984789389425144 -1.223874161071692 -0.8296160821113207 -0.7748973618761036 -0.8136677285618223 -0.7943115168398913 -0.7546817867569547 -0.8520597459516978 -0.773458809806836 -0.8299813936433913 -1.3478197098570102 -1.283577699357172 -0.7974428323213292 -1.3479652675428155 -0.8453378748877879 -1.253181460980418 -1.297516452348512 -0.827009928911977 -0.785194897657828 -0.741538837483017 -0.7600111292538042 -0.7722930833064173 -0.7836598812364348 -0.7317498319969381 -0.7300788777856344 -0.7610770770225463 -0.7838971804042674 -0.7807415531656604 -0.7742151104864043 -0.818968612418949 -0.8142466534931014 -0.804421497938052 -2.3618534555569455 -1.7844867733398715 -1.2123323207964505 -0.8409753964590163 -0.8465251281527901 -0.8619940906134743 -0.9468773095519891 -1.0432377478106132 -0.8649551764292523 -0.8447146971394393 -0.8125153861006523 -0.7492361834560706 -0.661045958971359 -0.7122202743026922 -0.7595657014061976 -0.7391418222822997 -0.8093816772854573 -1.3651927836637874 -1.3627022864378902 -0.8004726029523717 -0.791675494066573 -0.7896087986052424 -0.8053691707129548 -0.7964792738518801 -0.838316814363896 -1.2158919609321532 -0.9009077765296302 -1.9434311751028117 -1.4164196177632733 -1.2682197867218512 -1.3891752016274777 -0.8546015114718796 -1.8331906655113905 -0.7825091012443686 -0.8265971358136869
-1.2475348456570374 -1.2535080424309515 -0.8273714554904682 -0.9355858962976097 -0.8148174147840969 -0.780041610549279 -0.7853772735087806 -0.7854898919111788 -0.7794400733632382 -0.7417235065209739 -0.8036213442413589 -0.7712855077331158 -0.771169947089048 -0.7333704456581611 -0.7843341345718526 -0.7645709249666092 -0.7584487406653512 -0.7360830800198046 -0.7271565653974735 -0.7409494896477065 -0.7396555459227879 -0.7196541194797929 -0.7330108145473284 -0.750263478629943 -0.7745731722982825 -0.7766045793740942 -0.8030158016367163 -0.7975499660527168 -0.7981937881858759 -0.8024788819727664 -0.8223344191891424 -0.7944036934148565 -0.7770307677490355 -1.1963170884216652 -1.2842304165820961 -1.2455794285831663 -2.0598333408159317 -2.5062106655798604 -3.3163358295020617 -2.5135816935633906 -1.7956921476497008 -1.7851517040760947 -1.8351240135221099 -1.8099219017354018 -1.8855082732142308 -1.8800913122355376 -1.850217997795194 -0.8230059650978038 -0.7859284414580909 -0.7647277005333096 -0.7477557302371867 -0.7673543406873691 -0.7228049790760841 -0.7383791315643107 -0.7505097991502102 -0.7599992033437754 -0.7947237793677772 -0.7731305480534647 -0.8101282967326812 -0.8478534743277487 -0.8047257593235208 -1.2813652629981533 -0.7884625733957091 -0.7822530000023916 -0.8469860039321577 -1.2623550465102162 -0.8334504886343391 -1.8337781024208313 -0.8590338902688978 -1.3472639220521436 -0.7759281164348865 -0.8162399904793132 -0.779587099910371 -0.8240576701897584 -0.8097160655720839 -0.7912423395160948 -0.8072670705012484 -0.8282569758055817 -0.7858847543093409 -0.7715903803396568 -0.7593121997770722 -0.8129453177246801 -0.7594793010995217 -0.7750877688515448 -1.4190052633614711 -0.7944794595742993 -1.3637603802513456 -1.281442467245964 -0.8379857844785921 -0.825770469715898 -0.9298274362698441 -1.7820103713231747 -0.8576424788969511 -0.8478882909024329 -1.2234088299508181 -0.8178473857527513 -0.7872965494691745 -0.7631824823419164 -0.7847748735086468 -0.7775729542996024 -0.8885392657907839 -0.813542811429358 -0.8925029587949195 -1.3478197098570102 -1.3139799227855238 -0.8149363843408324 -0.830476105360675 -0.7787703643403925 -1.1520146266855154 -0.7884545503105318 -0.7823044836699075 -0.7717557712600925 -0.7613978069165973 -0.7764284643044872 -0.7580398355330916 -0.7692621080909616 -0.745086901111208 -0.7580373821472585 -0.7621071315476537 -0.7716149959852562 -0.8042263658927779 -0.8052611746897563 -0.818968612418949 -0.8162634142242263 -0.8130370766869436 -1.7687838213160403 -1.1857669974924772 -0.8690621637320041 -0.8142080875886365 -0.8379180815982677 -0.8181682560358788 -0.8961067345736181 -0.7900837339238093 -0.8179814967429757 -0.7825186442543791 -0.7773575501625093 -0.7509963298853386 -0.7372727257562206 -0.7170810467794599 -0.7054613252142936 -0.7424891337570317 -0.818615939930303 -1.3651927836637874 -1.3733124210527665 -0.7946226079344724 -0.7982975357238201 -0.7820634494350682 -0.8129938591878834 -0.7991420775746316 -0.8066178368408403 -1.2136038954206172 -0.8179073263285745 -1.3987070489031201 -0.9948415292395647 -1.3914853476841675 -1.3336393156194755 -1.3096826283918395 -0.823038370668623 -0.7934839261249407 -0.8105314300117966
-1.2692787539396793 -1.2535080424309515 -0.8273714554904682 -0.9355858962976097 -0.8148174147840969 -0.787555412098058 -0.7897471148107938 -0.7905943965454193 -0.7854084086491938 -0.7417235065209739 -0.7558707641703641 -0.8074696380596862 -0.7660839615184329 -0.7333704456581611 -0.7681542981140236 -0.7577043343878048 -0.7553935020359004 -0.7360830800198046 -0.7271565653974735 -0.7455221608737822 -0.7472774242784881 -0.7258901355232302 -0.7330108145473284 -0.738478621364925 -0.7745731722982825 -0.7802039304417422 -0.7980538507502036 -0.7975499660527168 -0.7981937881858759 -0.795800691894804 -0.8158353806239562 -0.797257835757485 -0.7826160003504573 -1.2240745907568644 -1.2772837438731517 -1.2455794285831663 -2.0598333408159317 -2.5062106655798604 -3.3163358295020617 -2.5257540070707196 -1.7956921476497008 -1.7851517040760947 -1.8351240135221099 -1.8099219017354018 -1.8855082732142308 -1.8800913122355376 -1.850217997795194 -0.8230059650978038 -0.7859284414580909 -0.7604716987638648 -0.7477557302371867 -0.7293385557226122 -0.7276618113720416 -0.7383791315643107 -0.7505097991502102 -0.7599992033437754 -0.8008572595525514 -0.7809225212412562 -0.8101282967326812 -0.8091730504677784 -0.8047257593235208 -1.2752021798394073 -0.804647063801494 -0.7822530000023916 -0.8998836675668974 -1.2623550465102162 -0.8334504886343391 -1.2680174231466441 -0.8724201040587442 -0.8685319321257714 -0.7871112479689049 -0.8162399904793132 -0.8066331185796888 -0.7947702145077912 -0.8097160655720839 -0.7966685851114835 -0.8072670705012484 -0.804826421773758 -0.7858847543093409 -0.7666630490227646 -0.7593121997770722 -0.8129453177246801 -0.7565885912177308 -0.7750877688515448 -0.9452919106646398 -0.8075755930311506 -1.3637603802513456 -1.281442467245964 -0.8379857844785921 -0.825770469715898 -0.9433367194921989 -1.7820103713231747 -0.8643961357801057 -0.8478882909024329 -1.2367588585211564 -0.827870287851633 -0.7623057246111943 -0.8238636515608151 -0.7858974366423134 -0.7710244102677242 -0.8885392657907839 -0.813542811429358 -0.8545851790023241 -1.3478197098570102 -1.3139799227855238 -0.8149363843408324 -0.830476105360675 -0.797255540044038 -0.9220501659930673 -0.790949352647671 -0.7670987926743787 -0.7717557712600925 -0.7567088154659078 -0.7764284643044872 -0.7531878327727844 -0.7747330682452819 -0.7460814674890927 -0.727310051477698 -0.7621071315476537 -0.7716149959852562 -0.8042263658927779 -0.8052611746897563 -0.818968612418949 -0.8162634142242263 -0.8453786779914542 -1.7687838213160403 -1.1950785057025988 -0.8558727206072535 -0.8171665024811435 -0.8379180815982677 -0.8271373554428915 -0.8961067345736181 -0.7981982754517349 -0.8248268851007988 -0.7825186442543791 -0.7712710733743757 -0.7430572614948624 -0.7372727257562206 -0.7123233982543856 -0.6900764541010957 -0.7116737422396586 -0.7904305826110818 -1.3651927836637874 -1.3197164510181545 -0.7946226079344724 -0.7982975357238201 -0.7935944471430766 -0.8057383096845387 -0.7991420775746316 -0.8154786075732077 -1.2136038954206172 -0.8179073263285745 -1.3624066993581367 -0.951693992347648 -1.3722920715049578 -1.3444336141651099 -1.3262157018422438 -0.8355281671130294 -0.8053271766641619 -0.8105314300117966
-1.2841235703926928 -1.2616284501802995 -0.8273714554904682 -0.9355858962976097 -0.8148174147840969 -0.7976319175897724 -0.7744623494259472 -0.7905943965454193 -0.7854084086491938 -0.7417235065209739 -1.1895861208277207 -1.2177975909853744 -0.7530595193440811 -0.7882250041727741 -0.7681542981140236 -0.7676877549208312 -0.7553935020359004 -0.7285504545676255 -0.7321526851874499 -0.741103617106499 -0.7396555459227879 -0.7258901355232302 -0.7330108145473284 -0.738478621364925 -0.7745731722982825 -0.7802039304417422 -0.7980538507502036 -0.7975499660527168 -0.7981937881858759 -0.795800691894804 -0.820883863774788 -0.8019809178956188 -0.7826160003504573 -1.2240745907568644 -1.2772837438731517 -1.2455794285831663 -2.0598333408159317 -2.5062106655798604 -3.3163358295020617 -2.5257540070707196 -1.7956921476497008 -1.7851517040760947 -1.8483497248728054 -1.8099219017354018 -1.8855082732142308 -1.8800913122355376 -1.850217997795194 -0.810411804381755 -0.7957157676096976 -0.757914257505558 -0.7673489908395188 -0.753103288008886 -0.7381037187349411 -0.7475737420495508 -0.7361968281407235 -0.7498968465304745 -0.7935415911225652 -0.7733576323373651 -0.8044177647482128 -0.7942887288915063 -0.8047257593235208 -1.272475734532342 -0.7798559878002127 -0.7822530000023916 -0.8724535768666136 -0.8392459236734355 -0.8334504886343391 -0.8069703250366245 -0.8827355913829616 -0.8857627167887054 -0.7871112479689049 -0.8162399904793132 -0.7864797910366051 -0.8009311222995454 -0.7689004788487956 -0.7848685298620816 -0.8072670705012484 -0.7970100045192652 -0.7912137702433106 -0.7614576794268304 -0.7593121997770722 -0.8064676571031774 -0.7565885912177308 -0.7682671603512589 -0.8411410027238594 -0.8075755930311506 -1.3637603802513456 -1.281442467245964 -0.8379857844785921 -0.8368519803088192 -0.9222728614209729 -1.7558179549042314 -0.8618618796268303 -0.8478882909024329 -1.1963577704146402 -0.8211960706767462 -0.7709422558917648 -0.8443037409830055 -0.7858974366423134 -0.7797736982037061 -0.8885392657907839 -0.8231360604362831 -0.8353086913787813 -1.3478197098570102 -1.3232038665401014 -0.789117582546754 -0.830476105360675 -0.797255540044038 -0.9220501659930673 -0.7862014501503669 -0.7670987926743787 -0.7717557712600925 -0.7412003917205848 -0.7679201706327828 -0.7531878327727844 -0.7747330682452819 -0.7460814674890927 -0.7158467423599039 -0.7621071315476537 -0.7716149959852562 -0.8042263658927779 -0.8189961875859461 -0.8271382522816413 -0.8220793901135957 -0.8453786779914542 -1.7891175326383977 -1.2119581376352642 -0.8711365903403055 -0.8171665024811435 -0.8379180815982677 -0.8271373554428915 -0.8961067345736181 -0.8124783889389329 -0.7957450726723854 -0.7825186442543791 -0.7712710733743757 -0.7502603278536503 -0.7636517239397003 -0.7184631139093652 -0.6792809178737909 -0.7104266462295639 -0.7904305826110818 -1.3651927836637874 -1.3197164510181545 -0.7946226079344724 -0.7982975357238201 -0.7935944471430766 -0.8057383096845387 -0.8063316649698858 -0.8228859481401739 -1.2136038954206172 -0.8311636456810848 -1.3926775049036941 -0.9169097204846501 -1.4110934134557471 -1.3544725168228708 -0.8562866210743293 -0.823038370668623 -0.818639858347449 -0.8105314300117966
-1.2841235703926928 -0.8020544707689675 -0.8136518445209029 -0.9355858962976097 -0.7888346469465185 -0.7976319175897724 -0.7744623494259472 -0.7694366587895272 -0.7846678830362993 -0.7490529932798846 -1.3218474286772355 -1.8496084665455463 -0.7801450328074278 -0.8527286531676923 -0.8305402599911663 -0.7845995623227298 -0.759779125128317 -0.761504945425638 -0.7607635563171119 -0.7507377876286674 -0.7331041146527714 -0.7150110739184709 -0.7330726268862757 -0.7397846345728055 -0.7745731722982825 -0.7641287816899407 -0.7905108943302762 -0.7838968058013547 -0.7856105127376177 -0.7808162113929055 -0.8063846370392159 -0.8035198536173864 -0.7826160003504573 -1.2195198390221915 -1.2670180022637283 -1.24847028478385 -1.9985683446783413 -2.5759039634811924 -1.9497265554150154 -2.5257540070707196 -1.2733457687218732 -1.7767782646627428 -1.8483497248728054 -1.8051839782404564 -1.863426824640675 -1.8800913122355376 -1.850217997795194 -0.810411804381755 -0.7824146931863659 -0.7523137972146617 -0.7579470700004978 -0.7730617373891532 -0.7647680972013535 -0.7427662233881112 -0.7491423249120667 -0.7601803712058504 -0.7990386086461688 -0.8017961732213835 -0.8040821973513925 -0.8021455292403692 -0.8120162502248083 -1.272475734532342 -0.7882564666908809 -0.8036122552832036 -0.7895857121137283 -0.8502163610663671 -0.8605287390793409 -0.8493519763503037 -0.8803058016357783 -0.8574273504951946 -0.7772483169932654 -0.761806178017705 -0.7871352056945141 -0.7877239487171496 -0.7723126376645244 -0.7755561147285974 -0.8001322586896259 -0.7909821755056564 -0.799493409013425 -0.7598136988975821 -0.7593121997770722 -0.7987014623417025 -0.7699051208446656 -0.8050563393892471 -0.787536668394731 -0.7830369356812514 -1.3637603802513456 -1.2551544224303453 -0.8213668565135723 -0.8276938034238508 -0.9222728614209729 -1.7685464510741704 -0.8468754576378212 -0.846389348858824 -1.1963577704146402 -0.8221888543600034 -0.7565285259495965 -0.9229547681874068 -0.7693239248265513 -0.8374974447655261 -0.9256482205605094 -0.8098903713255537 -0.7999570932095958 -0.8448658402581084 -1.3273938295198526 -0.8119815959976 -0.8457716805338348 -0.804262062065023 -0.9220501659930673 -0.759151658698839 -0.7599824641380396 -0.7784959512438047 -0.735952731201949 -0.7578749667285025 -0.7469331214914712 -0.7627726895778196 -0.7500108864491167 -0.7145319910933123 -0.7555910794292812 -0.7716149959852562 -0.7985846834955316 -0.8175546520443793 -0.8271382522816413 -0.8309093580103938 -0.8453786779914542 -1.7633187348826862 -1.2274906991704182 -0.8777913114732655 -0.8233497084649407 -0.8460397568613671 -0.8271373554428915 -0.8553915194316923 -0.8124783889389329 -0.8285615709539322 -0.7917510423389944 -0.7650280080699312 -0.7526116525140975 -0.7505185386738152 -0.7316433747015407 -0.6658487054388295 -0.6776807828013681 -0.739678913754347 -1.3028805116137656 -0.790800184135618 -0.7875932618152706 -0.8117618571992955 -0.7986765185714458 -0.8057383096845387 -0.8134513729709291 -0.8228859481401739 -1.2066385758954612 -0.835631166572697 -1.3210406765275782 -0.8729049714141163 -1.3284631841195662 -1.3544725168228708 -0.812774800048806 -0.8222794943731448 -0.8095706036843533 -0.8001547016238602
-1.2407799508997648 -0.7923483223590723 -0.7817768572157566 -0.9076563471088525 -0.7856272599316516 -0.7855176464445667 -0.7701485841431833 -0.7694366587895272 -0.7802029629269198 -0.7613206929649087 -1.3693795807361027 -1.8496084665455463 -0.7882282100035557 -0.9000469547212402 -0.8476221869008123 -0.8598035875816659 -0.737705273114166 -0.7401283965106497 -0.7622875384988492 -0.730848772177771 -1.160316899154541 -1.178003784851075 -0.7330726268862757 -0.7242376927697923 -0.7638035126351733 -0.778024490658125 -0.7470088223669658 -0.7873043385464916 -0.7856105127376177 -0.7725883100367854 -0.7839608591148947 -0.7865488983847693 -0.7634765286975356 -1.239323616123136 -1.2545383201994544 -1.2459471807909173 -1.414873769115693 -1.9361013618103668 -1.3752912844123284 -1.8832520031096747 -1.246881872927318 -1.7767782646627428 -1.8300137885882672 -1.8099219017354018 -1.8454611006856976 -1.8826603639447532 -1.8481153133498476 -0.8191574041352548 -0.7653577287863009 -0.7460403936438381 -0.7513402644747889 -0.7951354960211995 -0.7802191969721951 -0.7494940565353544 -0.7588352680215189 -0.7735257647180056 -0.7928507814454488 -0.7830840379965976 -0.7923317309763682 -0.8013375262010448 -0.8120162502248083 -0.8106887958423997 -0.7882564666908809 -0.7898975644511251 -0.7944751408575604 -0.8523818130964284 -0.8202084242888021 -0.8133985494368847 -0.8769000935396356 -0.811100093899341 -0.7772483169932654 -0.7484054053568248 -1.2335006226777272 -0.815541930590863 -1.2456630610740664 -0.7978422117283034 -0.8080985109199282 -0.8507186765142264 -1.2697797242059845 -0.7861569309507105 -0.7847745856013395 -0.8364752995900832 -0.7866819883881567 -0.8310669754189234 -1.1861559748080945 -0.8261462177649452 -1.3082538542624784 -1.224685584854119 -0.7877898887852539 -0.8368519803088192 -0.9222728614209729 -1.7655479840574233 -0.8468754576378212 -0.846389348858824 -1.1840593874814476 -0.8331379572693355 -0.7565285259495965 -0.920557282648608 -0.8152063012598534 -0.8494723780882013 -0.9082077498279395 -0.8297015316545088 -0.8236068802903629 -0.8764658239138715 -1.3273938295198526 -0.8025018855931134 -0.8398500065578954 -0.7707009928582734 -0.9365909240759468 -0.7637908780076738 -0.7687201925541863 -0.7733237503311851 -0.7359310766057139 -0.7345418154522972 -0.7469331214914712 -0.7268059247745319 -0.7313317089499147 -0.7037676867408241 -0.7193043867600304 -0.7679379917635594 -0.7837320065473679 -0.8175546520443793 -0.8271382522816413 -0.8093033043678397 -0.7869253809514198 -1.7639363713897585 -1.2191346799327194 -0.8777913114732655 -0.808586133141883 -0.8379180815982677 -0.8323226596990333 -0.8767078663586514 -0.8188253299116854 -0.787538869457873 -0.7646504628341122 -0.749677546361603 -0.7383048528288738 -0.7598517709582708 -0.7414820531866128 -0.7047491244353442 -0.6819261865128119 -0.7624171279461311 -1.2443516503360372 -0.7541714676509568 -0.7934093522915168 -0.8117618571992955 -0.7986765185714458 -0.7887906454804744 -0.8215301495598324 -0.8243878627453038 -1.2159324792739934 -0.8051980893269048 -1.3210406765275782 -0.8605548562629508 -1.3284631841195662 -1.3085111425314484 -0.7669240152773712 -0.7939477257772508 -0.7907504768819906 -0.7922637939651982
-1.2407799508997648 -0.8020544707689675 -0.7817768572157566 -0.9076563471088525 -0.7809064545604688 -0.7855176464445667 -0.7701485841431833 -0.7694366587895272 -0.7703660474055964 -0.7613206929649087 -1.3693795807361027 -1.8496084665455463 -0.7882282100035557 -0.8947496558912277 -0.8476221869008123 -0.8598035875816659 -0.737705273114166 -0.7401283965106497 -0.7622875384988492 -0.730696091390097 -1.160316899154541 -1.1867925666292114 -0.7330726268862757 -0.7242376927697923 -0.7638035126351733 -0.778024490658125 -0.7534333286015963 -0.7873043385464916 -0.7856105127376177 -0.7725883100367854 -0.7839608591148947 -0.7865488983847693 -0.7634765286975356 -1.239323616123136 -1.2647537688133117 -1.2459471807909173 -1.4260467018533869 -1.8946134319587313 -1.3752912844123284 -1.8720389519152851 -1.246881872927318 -1.7767782646627428 -1.8300137885882672 -1.8099219017354018 -1.8454611006856976 -1.8826603639447532 -1.8481153133498476 -0.8191574041352548 -0.7653577287863009 -0.7516095264545368 -0.7569268148539602 -0.7951354960211995 -0.7802191969721951 -0.7557231872990359 -0.7584203017093805 -0.7735257647180056 -0.7928507814454488 -0.7912073715386737 -0.7923317309763682 -0.8013375262010448 -0.8120162502248083 -0.8175154954346916 -0.7885818283865098 -0.7955599608133612 -0.7944751408575604 -0.8523818130964284 -0.8202084242888021 -0.8133985494368847 -0.8769000935396356 -0.811100093899341 -0.7772483169932654 -0.7484054053568248 -1.2335006226777272 -0.815541930590863 -1.2661723226303827 -0.7978422117283034 -0.8080985109199282 -0.858869062720087 -1.2800287984367966 -0.7861569309507105 -0.7847745856013395 -0.8364752995900832 -0.7866819883881567 -0.8366762307503177 -1.1861559748080945 -0.8261462177649452 -1.3082538542624784 -1.224685584854119 -0.8159788343393449 -0.8496601097159048 -0.9222728614209729 -1.7655479840574233 -0.8468754576378212 -0.846389348858824 -1.1840593874814476 -0.8331379572693355 -0.7565285259495965 -0.9293160291378143 -0.8152063012598534 -0.8494723780882013 -0.9082077498279395 -0.8297015316545088 -0.8236068802903629 -0.8764658239138715 -1.3273938295198526 -0.8202983558182225 -0.8398500065578954 -0.7707009928582734 -0.9365909240759468 -0.7637908780076738 -0.7687201925541863 -0.7733237503311851 -0.7323275112515357 -0.7453442093658629 -0.7469331214914712 -0.7441770034243189 -0.7262870436295507 -0.7037676867408241 -0.7396709172581807 -0.7679379917635594 -0.7837320065473679 -0.8175546520443793 -0.8271382522816413 -0.8093033043678397 -0.7869253809514198 -1.7639363713897585 -1.2097266489418916 -0.8624540263349496 -0.8160564880615582 -0.8379180815982677 -0.8323226596990333 -0.8767078663586514 -0.8188253299116854 -0.787538869457873 -0.7750976606314828 -0.7558368241187633 -0.7383048528288738 -0.7598517709582708 -0.7414820531866128 -0.7204518172354446 -0.6819261865128119 -0.7624171279461311 -1.2443516503360372 -0.7541714676509568 -0.7934093522915168 -0.8117618571992955 -0.7986765185714458 -0.7887906454804744 -0.8215301495598324 -0.8243878627453038 -1.2159324792739934 -0.8051980893269048 -1.306909184977606 -0.8430172584604966 -1.3443979287241576 -1.3186365983356485 -0.7669240152773712 -0.805739238834586 -0.7938225464523684 -0.7922637939651982
-1.226188780503586 -0.7958115617965992 -0.7961214250877845 -0.9076563471088525 -0.7716178773385632 -0.7855176464445667 -0.7701485841431833 -0.7731236048865238 -0.7536788691838109 -0.7676165288747425 -1.3693795807361027 -1.8628370114982336 -0.7934106925109957 -0.8482751199721296 -0.8440001435701276 -0.8418542488509054 -0.7334058640680753 -0.751847570581539 -0.7523461568526139 -0.7264049851378396 -1.15714362585614 -1.1667788573733586 -0.7277855791886695 -0.7242376927697923 -0.7638035126351733 -0.7607779100085986 -0.7701629845469862 -0.7873043385464916 -0.7629327287739937 -0.7657455119332638 -0.7839608591148947 -0.7865488983847693 -0.7634765286975356 -1.2254703552973105 -1.2492881038969774 -1.2339704987982485 -1.4426355000765634 -1.87312369274095 -1.3903008244122732 -1.8720389519152851 -1.2048070315110266 -1.7851517040760947 -1.8300137885882672 -1.8099219017354018 -1.8454611006856976 -1.8826603639447532 -1.8317379579388646 -0.8191574041352548 -0.7774862406848714 -0.7514388481964781 -0.7774464665165945 -0.7814160795478985 -0.7700406388422442 -0.7596329376300813 -0.7688391818149523 -0.7779246887297945 -0.7822491102389965 -0.7912073715386737 -0.7923317309763682 -0.8013375262010448 -0.8120162502248083 -0.8106887958423997 -0.7885818283865098 -0.7735440833491368 -0.7944751408575604 -0.8413935709404697 -0.8202084242888021 -0.8276746607862477 -0.8868138874047243 -0.8044510765617557 -0.7984722161678257 -0.7955737173901591 -1.2125251493006177 -0.783857657698839 -1.2523989657342534 -0.7927757782542112 -0.8214579092964971 -0.858869062720087 -1.2627643243757536 -0.7861569309507105 -0.7847745856013395 -0.8444760161997041 -0.7756246688619055 -0.8055075096066368 -1.2575807233117278 -0.8039038825715482 -1.3553464472981842 -1.2506535725638062 -0.8184509716366617 -0.8368519803088192 -0.9222728614209729 -1.7655479840574233 -0.8427027406418706 -0.846389348858824 -1.2109673497552467 -0.835118043408922 -0.7627717252374959 -0.8817562519148633 -0.8162421660044245 -0.8066640296800088 -0.9191091275471324 -0.8297015316545088 -0.8596207243041919 -1.35751486212397 -1.3181558241620464 -0.8362762613194669 -0.8398500065578954 -0.7778237853007091 -0.9365909240759468 -0.769389259079221 -0.7743804974849066 -0.7733237503311851 -0.7456990407702105 -0.7412460491459917 -0.7359275447093011 -0.7262933735226287 -0.7262870436295507 -0.7093917046769519 -0.7396709172581807 -0.7679379917635594 -0.7837320065473679 -0.7893984586360637 -0.8271382522816413 -0.8006228620341879 -0.7869253809514198 -1.7639363713897585 -1.2097266489418916 -0.8558727206072535 -0.8160564880615582 -0.8069213911889628 -0.8189422003589192 -0.8767078663586514 -0.8188253299116854 -0.787538869457873 -0.7750976606314828 -0.7732251847088925 -0.7383048528288738 -0.7730933551289579 -0.756084452552357 -0.7204518172354446 -0.7035027637984367 -0.7624171279461311 -1.3053042508712622 -0.7953244234637111 -0.8004726029523717 -0.7992374112425713 -0.7870969854518678 -0.7887906454804744 -0.814252764942172 -0.8154644508740972 -1.2076038322318876 -0.8177600633222681 -1.2962928071645894 -0.8850913778810369 -1.3376971361000323 -1.3294815375124902 -0.7855828895331701 -0.805739238834586 -0.7785063191701331 -0.7922637939651982
-1.2329956726643734 -0.7958115617965992 -0.8096491793631054 -0.9076563471088525 -0.8088892363741118 -0.7755422872622665 -0.7655154625322083 -0.7943633190590733 -0.7571188867806933 -0.7608691502567135 -1.3693795807361027 -1.8558126893733229 -0.7761868843598256 -0.8097448784966089 -0.7974457687932183 -0.814898077839534 -0.7372205412816848 -0.751847570581539 -0.7472572840536237 -0.7194624633049876 -1.1868090254291412 -1.1783883167885487 -0.7330108145473284 -0.7247846487194368 -0.7638035126351733 -0.7607779100085986 -0.7659413353907453 -0.7718717399492505 -0.767386359745735 -0.7568914680855785 -0.7997909044051258 -0.7865488983847693 -0.7634765286975356 -1.2254703552973105 -1.2647537688133117 -1.2603566602705065 -1.5124550155966234 -1.8669742632853101 -1.9760819051429932 -1.8720389519152851 -1.7589641713474256 -1.7851517040760947 -1.8300137885882672 -1.8099219017354018 -1.8551915675277293 -1.8826603639447532 -1.850269089256184 -0.8318388229195558 -0.78367778927922 -0.7690883959569923 -0.7643249104170683 -0.76879238234309 -0.7783712636089706 -0.7627033395044678 -0.7602071053090088 -0.7734517195482409 -0.77799412311512 -0.7833793770223146 -0.7923317309763682 -0.8233070161295575 -0.8120162502248083 -0.8175154954346916 -0.7769533237260379 -0.7696496423405972 -0.820328479626479 -1.2981324825986982 -0.8202084242888021 -1.2822677326789913 -0.875921616630252 -0.8539247516179709 -0.7984722161678257 -0.7952377843593057 -1.2125251493006177 -0.7777834334996327 -1.2412675943999114 -0.8037598525876706 -0.8214579092964971 -0.8652240214869991 -0.8100650478448652 -0.7911665867031693 -0.7847745856013395 -0.8444760161997041 -0.7817530811574954 -0.8122431767686974 -1.3777632398923 -0.8404091909064659 -1.3553464472981842 -1.813569537244406 -0.8100753045815403 -0.8368519803088192 -0.9089481451762264 -1.7655479840574233 -0.8467580819882529 -0.8386061859881786 -1.2109673497552467 -0.8269181200671676 -0.7984963106449967 -0.8921435827248528 -0.8081162199702986 -0.79120877384539 -0.9082077498279395 -0.8431540799588186 -0.8920753454959379 -1.35751486212397 -1.266752854925312 -0.8009878597327388 -0.8398500065578954 -0.763888757580688 -0.9365909240759468 -0.7613531207756725 -0.7743804974849066 -0.7598005064689771 -0.7660004003245049 -0.749556077101681 -0.7594739262866176 -0.7383332188046491 -0.7262101936003326 -0.7574970176753658 -0.7396709172581807 -0.7679379917635594 -0.7837320065473679 -0.7893984586360637 -0.818968612418949 -0.8006228620341879 -0.7869253809514198 -2.41647089162792 -1.2510990320691329 -0.9253502916248945 -0.8160564880615582 -0.8130097653061791 -0.8189422003589192 -0.8600304549436851 -0.8105746072992421 -0.787538869457873 -0.7750976606314828 -0.7732251847088925 -0.7305311588012984 -0.7388096498255655 -0.7277375203401247 -0.740896546252695 -0.6965956435680738 -1.2460214161227274 -1.3053042508712622 -0.7953244234637111 -0.8004726029523717 -0.7992374112425713 -0.7820634494350682 -0.7887906454804744 -0.814252764942172 -0.7953819641843423 -1.2159324792739934 -0.8177600633222681 -1.3807447355390277 -0.8958767227259997 -1.2998671427736794 -1.3294815375124902 -0.7783800425305987 -1.2543450285737547 -0.7825091012443686 -0.8025738086015418
-1.226188780503586 -0.7958115617965992 -0.8096491793631054 -0.9076563471088525 -0.8088892363741118 -0.7755422872622665 -0.7614259834636553 -0.7821583017638247 -0.7320970385782137 -0.7308797807434502 -0.8545463120275737 -1.2917144685210888 -0.7833240756677848 -0.8002827018771825 -0.7646006247167922 -0.814898077839534 -0.7284379071348875 -0.7290194546565092 -0.7354939871319008 -0.7284749086675417 -1.1996932462028358 -1.1530979382925834 -0.721314777296869 -0.7247846487194368 -0.7577116118627996 -0.7473624407506846 -0.7648867926075684 -0.7873744601020072 -0.7797769693201402 -0.7990433653812259 -0.8046043820912832 -0.7729318843645903 -0.7579824569890155 -1.732795589498236 -1.801966582738469 -1.219104246249453 -1.4426355000765634 -2.545771326964446 -2.0620564733136297 -1.8720389519152851 -1.7589641713474256 -1.777067334005442 -1.8300137885882672 -1.8099219017354018 -1.8673161506868219 -1.8826603639447532 -1.8248697075146518 -0.8318388229195558 -0.77846724699196 -0.7632030889194735 -0.7393374425646573 -0.7936710899576132 -0.7671100287563668 -0.7749046099518848 -0.7612239854555114 -0.7691389460605371 -0.789677461703665 -0.8055068427497135 -0.8032576066030854 -0.7998346728870291 -0.8211508025662733 -0.8158830587666582 -0.7998507524995927 -0.7735440833491368 -0.820328479626479 -1.2981324825986982 -0.7980541636910822 -0.817984303879 -0.855680139484489 -0.8174481440776092 -0.7901380287269182 -0.7871063155882233 -1.2537643888702934 -0.8057109824168602 -1.2665038083737266 -0.8046533327266975 -0.8214579092964971 -0.8521339696712142 -0.8021932070487565 -0.7728585676559516 -0.7847745856013395 -0.833947703070505 -0.7661396474287282 -0.8056017529268021 -1.216632539244506 -0.844991366078988 -1.3553464472981842 -1.2506535725638062 -0.8246303905422975 -0.8368519803088192 -0.9089481451762264 -1.7655479840574233 -0.8576424788969511 -0.8790944042944416 -1.2109673497552467 -0.8426197947132124 -0.7472720874830451 -0.8060754689871078 -0.8162421660044245 -0.7801346376382654 -0.8821629603217832 -0.8185414381148038 -0.8527852898036983 -1.3476700627481932 -0.8188743449652837 -0.8329089859959573 -0.8456447971494679 -0.7778237853007091 -0.9928967053530123 -1.227173196384718 -0.7807860230561842 -0.7528493184387445 -0.7367946526634442 -0.7278259303755981 -0.7381764374527867 -0.713493878321452 -0.7218204892915111 -0.7114830616863161 -0.7343898639298437 -0.7619401800786068 -0.7714865989319553 -0.7653325944045494 -0.818968612418949 -0.7844117067400689 -0.7615170019663343 -2.384713621502895 -1.7609363571928407 -1.1873232653548482 -0.8160564880615582 -0.8069213911889628 -0.8189422003589192 -0.9043522693127215 -0.7957256242235536 -0.831458144246656 -0.7843115558018048 -0.7732251847088925 -0.7383951843657189 -0.729858445618632 -0.7474040586913804 -0.7642773113925894 -0.7117886280260072 -0.7977178988094014 -1.3053042508712622 -1.27029051335875 -0.8004726029523717 -0.7859959902390588 -0.7820634494350682 -0.7813153959485187 -0.814252764942172 -0.8171918255537266 -1.2560963366981037 -0.8337075076439536 -1.4021069950627292 -0.9166927138112905 -1.2561694836217125 -1.3187448853512636 -0.7662328098441842 -1.2303164461634608 -0.7756602111021632 -0.8089603054614476
-1.226188780503586 -1.2535080424309515 -0.8096491793631054 -0.9076563471088525 -0.8088892363741118 -0.7755422872622665 -0.7806836509020011 -0.7892428341673828 -0.7571188867806933 -0.7676165288747425 -1.3256615901036077 -1.8753622759255308 -0.7839744463787792 -0.8097448784966089 -0.8133121817152604 -0.8243479659287074 -0.7334058640680753 -0.7595413736311196 -0.7427590577010167 -0.7194624633049876 -1.1924123959284494 -1.1667788573733586 -0.7277855791886695 -0.7285047469070689 -0.7539210803979158 -0.753506817748711 -0.7701629845469862 -0.7718025331945747 -0.7629327287739937 -0.758688070595732 -0.7902935099689435 -0.7790678406539964 -0.7634765286975356 -1.1887221111283452 -1.2492881038969774 -1.2228076775146113 -1.4687265352904952 -1.87312369274095 -1.9760819051429932 -1.8720389519152851 -1.7921615961832673 -1.777067334005442 -1.8300137885882672 -1.8099219017354018 -1.8454611006856976 -1.8826603639447532 -1.8317379579388646 -0.8266030827412015 -0.78367778927922 -0.7632030889194735 -0.7406347377069705 -0.7544282958520827 -0.7783712636089706 -0.749292052619776 -0.7524924992887881 -0.7734517195482409 -0.7822491102389965 -0.7823333105715393 -0.7923317309763682 -0.8013375262010448 -0.8045202634804433 -0.7928761964975561 -0.7636266820895882 -0.7641098473414965 -0.820328479626479 -1.3124215291402914 -0.8202084242888021 -1.2597986166693735 -0.8836956117888967 -0.8429980196213769 -0.7871829495553635 -0.8022132368390196 -1.2125251493006177 -0.7777834334996327 -1.2412675943999114 -0.798668869311677 -0.8214579092964971 -0.8652240214869991 -0.8021932070487565 -0.7770351427530457 -0.7847745856013395 -0.8444760161997041 -0.7817530811574954 -0.8122431767686974 -1.3777632398923 -0.8269702986641304 -1.3553464472981842 -1.813569537244406 -0.8246303905422975 -0.8368519803088192 -0.9089481451762264 -1.7655479840574233 -0.8427027406418706 -0.8386061859881786 -1.2109673497552467 -0.8426197947132124 -0.8064032382233149 -0.8921435827248528 -0.8162421660044245 -0.7917388286632989 -0.8821629603217832 -0.8431540799588186 -0.8723151011241207 -1.3476700627481932 -0.8203839100235657 -0.8091653444036473 -0.8398500065578954 -0.763888757580688 -0.9365909240759468 -0.7613531207756725 -0.768635707172757 -0.7528493184387445 -0.7411786329011725 -0.7350064408777567 -0.7359275447093011 -0.7323860493119857 -0.7238204678204301 -0.7124172970430741 -0.7396709172581807 -0.7679379917635594 -0.7780697165624924 -0.7893984586360637 -0.8117492306643943 -0.7780591757427684 -0.7869253809514198 -2.4191914047309657 -1.2683744023109247 -0.9253502916248945 -0.8160564880615582 -0.8069213911889628 -0.8189422003589192 -0.9215555245364616 -0.7963163584641355 -0.8029755633715929 -0.7750976606314828 -0.7732251847088925 -0.7237225883391251 -0.7388096498255655 -0.710158831933188 -0.7345461181447158 -0.6965956435680738 -1.257018348330807 -1.3053042508712622 -1.2527945710427453 -0.8004726029523717 -0.7992374112425713 -0.7986765185714458 -0.7887906454804744 -0.814252764942172 -0.8060355253253292 -1.2076038322318876 -0.8177600633222681 -1.3807447355390277 -0.9374985409892107 -1.2998671427736794 -1.3294815375124902 -0.7783800425305987 -0.7963036936493296 -0.7587096832892855 -0.8025738086015418
-1.226188780503586 -1.2535080424309515 -0.8096491793631054 -0.9076563471088525 -0.8088892363741118 -0.7755422872622665 -0.7655154625322083 -0.7943633190590733 -0.7434272405591817 -0.7676165288747425 -1.383347318576283 -1.8753622759255308 -0.7916176433767831 -0.8097448784966089 -0.804553134311478 -0.8243479659287074 -0.7334058640680753 -0.751847570581539 -0.7397857970999684 -0.7264049851378396 -1.1924123959284494 -1.1672795075894669 -0.7277855791886695 -0.7285047469070689 -0.7638035126351733 -0.753506817748711 -0.7701629845469862 -0.7933869717273159 -0.7744305817241405 -0.7791949095028333 -0.7997909044051258 -0.7865488983847693 -0.7700875208494468 -1.1887221111283452 -1.239135603287591 -1.2228076775146113 -1.4687265352904952 -1.87312369274095 -1.9760819051429932 -1.8720389519152851 -1.7589641713474256 -1.777067334005442 -1.8300137885882672 -1.8099219017354018 -1.8454611006856976 -1.8826603639447532 -1.8317379579388646 -0.8318388229195558 -0.7788608975984433 -0.7632030889194735 -0.7386842061737001 -0.7544282958520827 -0.7595771852795715 -0.749292052619776 -0.7470044029822552 -0.7734517195482409 -0.7840426145463228 -0.7745064257181098 -0.7923317309763682 -0.8013375262010448 -0.8120162502248083 -0.7928761964975561 -0.7769533237260379 -0.7735440833491368 -0.8270815358798126 -1.3124215291402914 -0.8202084242888021 -1.312349461945213 -0.8903341738593508 -0.8539247516179709 -0.7984722161678257 -0.8022132368390196 -1.2125251493006177 -0.783857657698839 -1.2851997709870326 -0.798668869311677 -0.8214579092964971 -0.8652240214869991 -0.8021932070487565 -0.7770351427530457 -0.7847745856013395 -0.8444760161997041 -0.7817530811574954 -0.8122431767686974 -1.3066561841297977 -0.8404091909064659 -1.3553464472981842 -1.2506535725638062 -0.8246303905422975 -0.8368519803088192 -0.9089481451762264 -1.7655479840574233 -0.8576424788969511 -0.8695976133219963 -1.2109673497552467 -0.8426197947132124 -0.7984963106449967 -0.9038222695199664 -0.8162421660044245 -0.79120877384539 -0.8821629603217832 -0.8431540799588186 -0.8850791158647092 -1.3476700627481932 -0.8335198081696155 -0.8362762613194669 -0.8398500065578954 -0.763888757580688 -0.9365909240759468 -0.7613531207756725 -0.7743804974849066 -0.7528493184387445 -0.7411786329011725 -0.7350064408777567 -0.7359275447093011 -0.7210551010305976 -0.7313077294508724 -0.7161890495222266 -0.7396709172581807 -0.7679379917635594 -0.7837320065473679 -0.7893984586360637 -0.8271382522816413 -0.8006228620341879 -0.7869253809514198 -2.4191914047309657 -1.833948804549429 -0.9253502916248945 -0.8160564880615582 -0.8069213911889628 -0.8189422003589192 -0.891835774113169 -0.8105746072992421 -0.8111785120244321 -0.7750976606314828 -0.7732251847088925 -0.7237225883391251 -0.7388096498255655 -0.7099417342335855 -0.7228719605795926 -0.6858888746852164 -0.7984035122373319 -1.3053042508712622 -0.808788172611771 -0.8004726029523717 -0.7992374112425713 -0.7935944471430766 -0.7887906454804744 -0.814252764942172 -0.7953819641843423 -1.1964609084760698 -0.8177600633222681 -1.3807447355390277 -0.9651007494836917 -1.2998671427736794 -1.3294815375124902 -0.7783800425305987 -1.2543450285737547 -0.7756602111021632 -0.8025738086015418
-1.226188780503586 -1.2535080424309515 -0.8096491793631054 -0.9076563471088525 -0.8088892363741118 -0.7755422872622665 -0.7701485841431833 -0.7892428341673828 -0.7536788691838109 -0.7676165288747425 -1.4129589881575142 -1.8753622759255308 -0.7916176433767831 -0.8097448784966089 -0.804553134311478 -0.8243479659287074 -0.7334058640680753 -0.751847570581539 -0.7397857970999684 -0.7455050409415679 -1.1924123959284494 -1.2104700969973208 -0.7371349921925381 -0.7242376927697923 -0.7638035126351733 -0.753506817748711 -0.7559278589453501 -0.7873043385464916 -0.7744305817241405 -0.7791949095028333 -0.7902935099689435 -0.7865488983847693 -0.7700875208494468 -1.1891109761701646 -1.239135603287591 -1.2339704987982485 -1.4687265352904952 -1.87312369274095 -1.9760819051429932 -1.8720389519152851 -1.7589641713474256 -1.7851517040760947 -1.8300137885882672 -1.8099219017354018 -1.8454611006856976 -1.8826603639447532 -1.8317379579388646 -0.8318388229195558 -0.7788608975984433 -0.7632030889194735 -0.7386842061737001 -0.7544282958520827 -0.7595771852795715 -0.749292052619776 -0.7470044029822552 -0.7734517195482409 -0.7894964340634174 -0.8097122313395118 -0.7923317309763682 -0.8013375262010448 -0.8120162502248083 -0.7982580824558897 -0.7769533237260379 -0.7735440833491368 -0.8270815358798126 -1.3124215291402914 -0.8202084242888021 -1.294801884757443 -0.8903341738593508 -0.8539247516179709 -0.7984722161678257 -0.8022132368390196 -1.2125251493006177 -0.783857657698839 -1.29652453283471 -0.798668869311677 -0.8214579092964971 -0.8652240214869991 -0.8021932070487565 -0.7770351427530457 -0.7847745856013395 -0.8444760161997041 -0.7817530811574954 -0.8122431767686974 -1.3066561841297977 -0.8404091909064659 -1.3553464472981842 -1.2506535725638062 -0.8246303905422975 -0.8368519803088192 -0.9089481451762264 -1.7655479840574233 -0.8427027406418706 -0.8386061859881786 -1.2109673497552467 -0.8426197947132124 -0.7984963106449967 -0.8811506202211818 -0.8423230428669007 -0.7823748784573231 -0.8821629603217832 -0.8431540799588186 -0.8723151011241207 -1.35751486212397 -0.8335198081696155 -0.8362762613194669 -0.8398500065578954 -0.763888757580688 -0.9282118507265976 -0.7613531207756725 -0.7743804974849066 -0.7528493184387445 -0.7411786329011725 -0.7350064408777567 -0.7359275447093011 -0.7210551010305976 -0.7313077294508724 -0.7223233966230245 -0.7396709172581807 -0.7635161241279528 -0.7837320065473679 -0.7893984586360637 -0.8271382522816413 -0.8006228620341879 -0.7869253809514198 -2.4191914047309657 -1.833948804549429 -0.9253502916248945 -0.8160564880615582 -0.8069213911889628 -0.8189422003589192 -0.9069742208471865 -0.8105746072992421 -0.817578332142202 -0.7750976606314828 -0.7662988487061688 -0.7465056999331093 -0.7300897886299492 -0.7099417342335855 -0.7221041046303067 -0.6977128836715712 -0.7984035122373319 -1.3053042508712622 -0.7953244234637111 -0.8004726029523717 -0.7992374112425713 -0.7935944471430766 -0.7887906454804744 -0.814252764942172 -0.814892153214456 -1.1928699689362185 -0.8177600633222681 -0.8949310893850622 -0.9651007494836917 -0.8313267685637268 -1.3294815375124902 -0.7783800425305987 -1.2543450285737547 -0.7587096832892855 -0.8025738086015418
-1.226188780503586 -1.816599694496444 -0.8096491793631054 -0.9076563471088525 -0.8088892363741118 -0.7755422872622665 -0.7806836509020011 -0.7892428341673828 -0.7434272405591817 -0.7676165288747425 -1.3068849738859367 -1.8195200724526301 -0.801113972280068 -0.8097448784966089 -0.7997549709704256 -0.8069672268424293 -0.7334058640680753 -0.751847570581539 -0.7557496824955329 -0.7264049851378396 -0.7491891584468374 -0.7518750730743406 -0.7424055313626708 -0.7247846487194368 -0.7599766137193866 -0.753506817748711 -0.7701629845469862 -0.7873744601020072 -0.7744305817241405 -0.7791949095028333 -0.7902935099689435 -0.7790678406539964 -0.7700875208494468 -1.1801701978033377 -1.2492881038969774 -1.2228076775146113 -1.4687265352904952 -1.87312369274095 -1.9760819051429932 -1.8720389519152851 -1.7589641713474256 -1.777067334005442 -1.8300137885882672 -1.8099219017354018 -1.8454611006856976 -1.8826603639447532 -1.8317379579388646 -0.8266030827412015 -0.7788608975984433 -0.7632030889194735 -0.7621322676217672 -0.7544282958520827 -0.7595771852795715 -0.749292052619776 -0.7602071053090088 -0.7734517195482409 -0.7834202206374178 -0.8107820946078252 -0.7923317309763682 -0.8163074046069813 -0.8120162502248083 -0.7928761964975561 -0.7769533237260379 -0.7735440833491368 -0.8270815358798126 -1.2981324825986982 -0.8202084242888021 -1.2822677326789913 -0.8903341738593508 -0.8539247516179709 -0.7826917368193363 -0.8022132368390196 -0.7644570227816027 -0.8066634747120581 -1.2665038083737266 -0.798668869311677 -0.8214579092964971 -0.8652240214869991 -0.8021932070487565 -0.7770351427530457 -0.7847745856013395 -0.8444760161997041 -0.7746679371890882 -0.8122431767686974 -1.2879991903004995 -0.8404091909064659 -1.3553464472981842 -1.2506535725638062 -0.8246303905422975 -0.8368519803088192 -0.9089481451762264 -1.7655479840574233 -0.8576424788969511 -0.8695976133219963 -1.2109673497552467 -0.8426197947132124 -0.8064032382233149 -0.9041846496688623 -0.8423230428669007 -0.7917388286632989 -0.8821629603217832 -0.8431540799588186 -0.8723151011241207 -1.3476700627481932 -1.301528163701871 -0.8362762613194669 -0.8398500065578954 -0.763888757580688 -0.9282118507265976 -0.7613531207756725 -0.768635707172757 -0.7528493184387445 -0.7411786329011725 -0.749556077101681 -0.7359275447093011 -0.7271178893094132 -0.7313077294508724 -0.7242865365401453 -0.7396709172581807 -0.7679379917635594 -0.7836160036353916 -0.7893984586360637 -0.8271382522816413 -0.8006228620341879 -0.7869253809514198 -2.4191914047309657 -1.2595629650980111 -0.9253502916248945 -0.8160564880615582 -0.8069213911889628 -0.8189422003589192 -0.891835774113169 -0.7963163584641355 -0.787538869457873 -0.7750976606314828 -0.7732251847088925 -0.7237225883391251 -0.7300897886299492 -0.7158703315284015 -0.7209847332516609 -0.6858888746852164 -0.7905343644370215 -1.3053042508712622 -0.808788172611771 -0.8004726029523717 -0.7992374112425713 -0.7935944471430766 -0.7887906454804744 -0.814252764942172 -0.8060355253253292 -1.184623529618909 -0.8177600633222681 -1.366530168580392 -0.9651007494836917 -1.2903416215727066 -1.3294815375124902 -0.7783800425305987 -1.2543450285737547 -0.7756602111021632 -0.786212607146661
-1.226188780503586 -1.816599694496444 -0.8096491793631054 -0.9076563471088525 -0.8088892363741118 -0.7755422872622665 -0.7806836509020011 -0.7892428341673828 -0.7434272405591817 -0.7676165288747425 -1.3068849738859367 -1.8753622759255308 -0.8129090693776796 -0.8227343292300302 -0.7918123600263353 -0.8163576274793538 -0.7334058640680753 -0.7595413736311196 -0.7427590577010167 -0.7264049851378396 -0.7491891584468374 -0.7369138817493631 -0.7371349921925381 -0.7285047469070689 -0.7599766137193866 -0.753506817748711 -0.7701629845469862 -0.7873043385464916 -0.7629327287739937 -0.7791949095028333 -0.7902935099689435 -0.7790678406539964 -0.7700875208494468 -1.1801701978033377 -1.8138901384579136 -1.2228076775146113 -1.4687265352904952 -1.9592898121433262 -2.6296851852275487 -1.8720389519152851 -1.7589641713474256 -1.777067334005442 -1.8300137885882672 -1.8099219017354018 -1.8454611006856976 -1.8826603639447532 -1.8317379579388646 -0.8266030827412015 -0.7788608975984433 -0.7544648453087476 -0.7549474257355665 -0.7544282958520827 -0.7595771852795715 -0.749292052619776 -0.744863361101124 -0.7734517195482409 -0.7894964340634174 -0.8097122313395118 -0.7923317309763682 -0.8013375262010448 -0.8045202634804433 -0.7928761964975561 -0.7769533237260379 -0.7735440833491368 -0.8270815358798126 -1.3124215291402914 -0.8202084242888021 -1.2822677326789913 -0.8903341738593508 -0.8539247516179709 -0.7939387950208632 -0.8022132368390196 -0.7644570227816027 -0.8066634747120581 -0.8200754996906513 -0.798668869311677 -0.8214579092964971 -0.8652240214869991 -0.8021932070487565 -0.7770351427530457 -0.7847745856013395 -0.8444760161997041 -0.7746679371890882 -0.8122431767686974 -1.3777632398923 -0.8404091909064659 -1.3553464472981842 -1.2506535725638062 -0.8246303905422975 -0.8368519803088192 -0.9089481451762264 -1.7655479840574233 -0.8427027406418706 -0.8386061859881786 -1.2109673497552467 -0.8341593090924173 -0.8064032382233149 -0.8999588583719285 -0.8363361468824408 -0.7917388286632989 -0.8992951069708113 -0.8431540799588186 -0.8667491960609099 -1.3476700627481932 -0.8530239019078074 -0.8362762613194669 -0.8398500065578954 -0.763888757580688 -0.9282118507265976 -0.7613531207756725 -0.768635707172757 -0.7528493184387445 -0.7411786329011725 -0.7350064408777567 -0.7359275447093011 -0.7271178893094132 -0.7238204678204301 -0.7242865365401453 -0.7396709172581807 -0.7679379917635594 -0.7928520199412817 -0.7893984586360637 -0.8271382522816413 -0.8006228620341879 -0.7869253809514198 -2.4191914047309657 -1.833948804549429 -0.9253502916248945 -0.8160564880615582 -0.8069213911889628 -0.8189422003589192 -0.891835774113169 -0.7963163584641355 -0.8111785120244321 -0.7750976606314828 -0.7732251847088925 -0.7237225883391251 -0.7300897886299492 -0.7158703315284015 -0.7045799366754615 -0.6858888746852164 -0.7905343644370215 -1.3053042508712622 -0.7953244234637111 -0.8004726029523717 -0.7992374112425713 -0.7935944471430766 -0.7887906454804744 -0.814252764942172 -0.8060355253253292 -1.1782647713413084 -0.8177600633222681 -1.3807447355390277 -0.9651007494836917 -1.2998671427736794 -1.3294815375124902 -0.7783800425305987 -1.2543450285737547 -0.7587096832892855 -0.8025738086015418
-1.226188780503586 -1.2535080424309515 -0.8096491793631054 -0.9076563471088525 -0.8088892363741118 -0.7755422872622665 -0.7806836509020011 -0.7838747630968961 -0.7530338266903238 -0.7676165288747425 -1.3619270059101534 -1.8753622759255308 -0.8129090693776796 -0.8227343292300302 -0.7918123600263353 -0.7991108951144057 -0.7334058640680753 -0.7595413736311196 -0.7108037495078545 -0.7264049851378396 -0.7491891584468374 -0.7369138817493631 -0.7424055313626708 -0.7285047469070689 -0.7599766137193866 -0.7706439310674343 -0.7701629845469862 -0.7933869717273159 -0.7973323007446881 -0.7791949095028333 -0.7858287427449665 -0.7790678406539964 -0.7700875208494468 -1.1801701978033377 -1.2492881038969774 -1.2228076775146113 -1.4687265352904952 -1.87312369274095 -1.9760819051429932 -1.8720389519152851 -1.7589641713474256 -1.777067334005442 -1.8300137885882672 -1.8099219017354018 -1.8454611006856976 -1.8826603639447532 -1.8317379579388646 -0.8266030827412015 -0.7788608975984433 -0.7556253343236556 -0.7549474257355665 -0.7544282958520827 -0.7595771852795715 -0.749292052619776 -0.7524924992887881 -0.7734517195482409 -0.794032295600914 -0.803028432612574 -0.7923317309763682 -0.8013375262010448 -0.835664626104483 -0.7928761964975561 -0.7961401129091623 -0.7735440833491368 -0.8270815358798126 -1.3124215291402914 -0.8202084242888021 -1.2822677326789913 -0.8903341738593508 -0.8539247516179709 -0.7729589281944117 -0.8022132368390196 -0.7644570227816027 -0.8066634747120581 -0.8200754996906513 -0.798668869311677 -0.8214579092964971 -0.8566773264735548 -0.8021932070487565 -0.7770351427530457 -0.7847745856013395 -0.8444760161997041 -0.7817530811574954 -0.8122431767686974 -1.3777632398923 -0.8404091909064659 -1.3553464472981842 -1.2506535725638062 -0.8246303905422975 -0.8368519803088192 -0.9089481451762264 -1.7655479840574233 -0.8427027406418706 -0.8386061859881786 -1.2109673497552467 -0.8341593090924173 -0.8064032382233149 -0.8999588583719285 -0.8363361468824408 -0.7823748784573231 -0.8992951069708113 -0.8431540799588186 -0.8667491960609099 -1.3476700627481932 -1.3275205610721537 -0.8362762613194669 -0.8398500065578954 -0.763888757580688 -0.9282118507265976 -0.7613531207756725 -0.781526370504491 -0.7528493184387445 -0.7411786329011725 -0.7350064408777567 -0.7359275447093011 -0.7271178893094132 -0.7313077294508724 -0.718529563297561 -0.7396709172581807 -0.7624380450986872 -0.7928520199412817 -0.8026543358108409 -0.819121499518511 -0.8006228620341879 -0.7869253809514198 -2.4191914047309657 -1.833948804549429 -0.9253502916248945 -0.8160564880615582 -0.8205024208832145 -0.8085800466202105 -0.891835774113169 -0.7963163584641355 -0.787538869457873 -0.7750976606314828 -0.7732251847088925 -0.7237225883391251 -0.7300897886299492 -0.7158703315284015 -0.7045799366754615 -0.6858888746852164 -0.7984035122373319 -1.3053042508712622 -0.7953244234637111 -0.8004726029523717 -0.7992374112425713 -0.7935944471430766 -0.7887906454804744 -0.814252764942172 -0.7954208187582943 -1.1691218695251255 -0.8177600633222681 -1.3807447355390277 -0.9651007494836917 -1.2998671427736794 -1.3294815375124902 -0.7783800425305987 -1.2543450285737547 -0.7837364394109948 -0.8025738086015418
-1.226188780503586 -1.2535080424309515 -0.8096491793631054 -0.9076563471088525 -0.8088892363741118 -0.7755422872622665 -0.7655154625322083 -0.7889723718546171 -0.7530338266903238 -0.7676165288747425 -1.4129589881575142 -1.8753622759255308 -0.8002409798282317 -0.861655562111402 -0.7767231293290187 -0.8069915431333742 -0.7334058640680753 -0.751847570581539 -0.7438437604445364 -0.7264049851378396 -0.7491891584468374 -0.7457165837955824 -0.7424055313626708 -0.7247846487194368 -0.7599766137193866 -0.7706439310674343 -0.778995392130447 -0.7933869717273159 -0.7901511953359873 -0.7840186967943845 -0.7840217828233185 -0.8035198536173864 -0.7827282434546561 -1.1891109761701646 -1.8320135001792406 -1.2339704987982485 -1.4911242861669085 -1.981098134759881 -1.9760819051429932 -1.8720389519152851 -1.7589641713474256 -1.7851517040760947 -1.8594362406354887 -1.8099219017354018 -1.8454611006856976 -1.8826603639447532 -1.8317379579388646 -0.8089504284842359 -0.772831388111921 -0.7556253343236556 -0.7917652600218084 -0.763353001618509 -0.7595771852795715 -0.7585775820191648 -0.7610661198997068 -0.7734517195482409 -0.7885578907905947 -0.803028432612574 -0.7923317309763682 -1.2525562842126343 -0.835664626104483 -1.2596108576907699 -0.7769533237260379 -0.7735440833491368 -0.8010895285247472 -0.8413935709404697 -0.8202084242888021 -1.294801884757443 -0.8903341738593508 -0.8539247516179709 -0.7841138581534917 -0.8022132368390196 -0.7644570227816027 -0.8128841990095582 -0.7862614280202912 -0.8037598525876706 -0.8214579092964971 -0.8566773264735548 -0.8021932070487565 -0.7720847530717951 -0.7847745856013395 -0.8444760161997041 -0.7805533783343895 -0.8122431767686974 -1.3861980378861931 -0.8404091909064659 -1.3553464472981842 -1.2506535725638062 -0.8246303905422975 -0.8368519803088192 -0.9089481451762264 -1.7655479840574233 -0.8576424788969511 -0.8386061859881786 -1.2109673497552467 -0.8185593048664258 -0.7984963106449967 -0.8999588583719285 -0.8363361468824408 -0.79120877384539 -0.8885392657907839 -0.8431540799588186 -0.8667491960609099 -1.35751486212397 -0.8530239019078074 -0.8362762613194669 -0.8398500065578954 -0.763888757580688 -0.9282118507265976 -0.7613531207756725 -0.781526370504491 -0.7528493184387445 -0.7411786329011725 -0.7409713549753875 -0.7359275447093011 -0.7210551010305976 -0.7446636714056555 -0.726925540077934 -0.7396709172581807 -0.7624380450986872 -0.7985846834955316 -0.8026543358108409 -0.819121499518511 -0.8006228620341879 -0.7869253809514198 -2.401801709592957 -1.8236399810535935 -0.9253502916248945 -0.8160564880615582 -0.8266567703049954 -0.8181682560358788 -0.8479020935273676 -0.8105746072992421 -0.8195336509306403 -0.7750976606314828 -0.7732251847088925 -0.7237225883391251 -0.7300897886299492 -0.7099417342335855 -0.6997337440963208 -0.6858888746852164 -0.7863017035461083 -1.3053042508712622 -0.7953244234637111 -0.8004726029523717 -0.7992374112425713 -0.7820634494350682 -0.7887906454804744 -0.814252764942172 -0.7848594996874776 -1.1773117739894523 -0.8177600633222681 -1.3807447355390277 -0.9651007494836917 -1.2998671427736794 -1.3294815375124902 -0.7783800425305987 -1.2543450285737547 -0.7837364394109948 -0.8025738086015418
-1.226188780503586 -0.7958115617965992 -0.7961214250877845 -0.9076563471088525 -0.7809064545604688 -0.7855176464445667 -0.7701485841431833 -0.7889723718546171 -0.7633738461086113 -0.7676165288747425 -1.3988539007635885 -1.8628370114982336 -0.8002409798282317 -0.861655562111402 -0.8120252535788541 -0.8107032350409883 -0.7325261883711497 -0.751847570581539 -0.7513427643190219 -0.7353310812306595 -0.7204573729255194 -0.7390751411368635 -0.7371349921925381 -0.7242376927697923 -0.7599766137193866 -0.7706439310674343 -0.7803832844140236 -0.7933869717273159 -0.7901511953359873 -0.7840186967943845 -0.7840217828233185 -0.8035198536173864 -0.7827282434546561 -1.1891109761701646 -1.2545383201994544 -1.2339704987982485 -1.4052658171330283 -1.8946134319587313 -1.3903008244122732 -1.8720389519152851 -1.2048070315110266 -1.7851517040760947 -1.8594362406354887 -1.8099219017354018 -1.8454611006856976 -1.8826603639447532 -1.8317379579388646 -0.8191574041352548 -0.772831388111921 -0.7693381757799616 -0.7608596650530076 -0.7814160795478985 -0.7707650153489243 -0.7524931126150645 -0.7555361611598529 -0.7734517195482409 -0.7928507814454488 -0.803028432612574 -1.2507911431867642 -1.262702645926548 -0.835664626104483 -1.2596108576907699 -1.25064993425932 -0.7735440833491368 -0.8010895285247472 -0.8413935709404697 -0.8202084242888021 -0.841306769538947 -0.8868138874047243 -0.8055688322789696 -0.7841138581534917 -0.7955737173901591 -0.7704923215217845 -0.7655684476133823 -0.7885231538475048 -0.7978422117283034 -0.8214579092964971 -0.8043044791005963 -0.8025188316199631 -0.7720847530717951 -0.7847745856013395 -0.8444760161997041 -0.7787306043724981 -0.8122431767686974 -0.7983039497824556 -0.8039038825715482 -1.3439546369892603 -1.2506535725638062 -0.8246303905422975 -0.8368519803088192 -0.9089481451762264 -1.7655479840574233 -0.8427027406418706 -0.8386061859881786 -1.2109673497552467 -0.8185593048664258 -0.7715460396580079 -0.9885588742451756 -0.8089850450335179 -0.8494723780882013 -0.9256482205605094 -0.8297015316545088 -0.821366671744754 -1.35751486212397 -0.8530239019078074 -0.8362762613194669 -0.8398500065578954 -0.7982862071287381 -0.9282118507265976 -0.7613531207756725 -0.781526370504491 -0.7528493184387445 -0.7411786329011725 -0.726805988079797 -0.7469331214914712 -0.7304863230062082 -0.7446636714056555 -0.7223233966230245 -0.723836543091005 -0.7624380450986872 -0.7985846834955316 -0.8026543358108409 -0.819121499518511 -0.8006228620341879 -0.7944935592700879 -2.3990858647100564 -1.278315539905818 -0.9253502916248945 -0.8160564880615582 -0.8266567703049954 -0.8253336465369563 -0.8725802128013916 -0.8105746072992421 -0.8154334071060254 -0.7750976606314828 -0.7843497912211027 -0.7537311794208998 -0.7300897886299492 -0.7099417342335855 -0.6997337440963208 -0.6858888746852164 -0.750680333344903 -1.3053042508712622 -0.7953244234637111 -0.8004726029523717 -0.7992374112425713 -0.7820634494350682 -0.7887906454804744 -0.814252764942172 -0.7954208187582943 -1.1773117739894523 -0.8177600633222681 -0.8564319862456283 -0.9538149258825992 -0.8313267685637268 -1.3294815375124902 -0.7783800425305987 -0.7963036936493296 -0.7952248447927682 -0.7922637939651982
-1.2329956726643734 -0.8111519526843832 -0.7817768572157566 -0.9185066344163949 -0.7809064545604688 -0.7855176464445667 -0.7625676715032955 -0.7641581792834082 -0.7633738461086113 -0.7680707342352766 -1.3988539007635885 -1.8628370114982336 -0.809804542993372 -0.9114156700644096 -0.8647770243844063 -0.8187476865375442 -0.7406487845923384 -0.7481235033544843 -0.7664277528855994 -0.7458790873016496 -0.7138248658377315 -0.7390751411368635 -0.7424678781989557 -0.7205324617262134 -0.7599766137193866 -0.7706439310674343 -0.789532951606504 -0.7873744601020072 -0.7901511953359873 -0.7923265090523525 -0.7946329534010184 -0.8035198536173864 -0.7827282434546561 -1.202752461691308 -1.2545383201994544 -1.2339704987982485 -1.4164043246486844 -1.8669742632853101 -1.3903008244122732 -1.8720389519152851 -1.2116794173524077 -1.7851517040760947 -1.8594362406354887 -1.8099219017354018 -1.8551915675277293 -1.8826603639447532 -1.850269089256184 -0.8110934980263677 -0.7601970022289499 -0.7693381757799616 -0.7691404916881622 -0.7877858052242881 -0.8253227575940124 -0.7453210588618826 -0.7562067556408483 -0.7605933365138624 -0.7885578907905947 -0.803028432612574 -1.2415680641353481 -1.3357358765277545 -0.835664626104483 -1.834523439225863 -1.2784144809089542 -0.8036122552832036 -0.8010895285247472 -0.8688899871167923 -0.8305982926545943 -0.8133985494368847 -0.8666274160712846 -0.8128053518417018 -0.7631437587056684 -0.7551065053729834 -0.7804523683465926 -0.8013863502421927 -0.765913335821232 -0.7978422117283034 -0.7835426069325441 -0.8043044791005963 -0.8103927471294532 -0.7720847530717951 -0.8009016330133707 -0.8444760161997041 -0.7787306043724981 -0.7984010795537086 -0.7879422262225589 -0.8201845175121056 -1.3165274037418835 -1.224685584854119 -0.8379857844785921 -0.8368519803088192 -0.9089481451762264 -1.7917926787852265 -0.8576424788969511 -0.846389348858824 -1.2109673497552467 -0.8108761607256186 -0.7715460396580079 -0.9407777806943632 -0.8089850450335179 -0.8615183916748054 -0.9256482205605094 -0.8776152733518404 -0.7772026739154179 -0.8764658239138715 -1.30844615705532 -0.8279225076228446 -0.8398500065578954 -0.7982862071287381 -0.9282118507265976 -0.7676120232346464 -0.781526370504491 -0.7528493184387445 -0.7405549901055709 -0.7453442093658629 -0.7594739262866176 -0.7425730798448991 -0.7446636714056555 -0.7532878347680556 -0.7258732666053966 -0.7624380450986872 -0.7985846834955316 -0.8026543358108409 -0.811003170380327 -0.8006228620341879 -0.7944935592700879 -2.3909385393367226 -1.2609727051641837 -1.2164596739229492 -0.8160564880615582 -0.8266567703049954 -0.8387808807292046 -0.8479020935273676 -0.7957256242235536 -0.8074949026895514 -0.7671958119394916 -0.773724409264714 -0.7454956733142277 -0.7432485913469643 -0.7532069045339754 -0.7308300196469002 -0.6474015094013083 -0.7425775963442229 -1.2443516503360372 -0.7619274776295547 -0.8004726029523717 -0.7992374112425713 -0.7902408271668538 -0.8065852243005727 -0.8062204918950212 -0.7920847471368564 -1.1773117739894523 -0.825792774484368 -1.3317542194391399 -0.9631565585472494 -1.3245596948945837 -1.3285834553707365 -0.7691222831594865 -1.266611500979899 -0.7941393910022708 -0.7922637939651982
-1.2329956726643734 -0.8111519526843832 -0.7961214250877845 -0.8011458674741044 -0.7809064545604688 -0.7841635764552186 -0.7625676715032955 -0.7641581792834082 -0.7687883698532155 -0.7823447564750724 -1.3988539007635885 -1.8896546704713804 -0.8462790603725948 -0.9284952966245498 -0.8649060424103907 -0.8359529396351768 -0.7509318407707565 -0.7760378332658104 -0.7708149887919286 -0.7236392053764142 -0.7425809135854186 -0.7430855830301529 -0.7412829867132651 -0.7099815216346896 -0.7599766137193866 -0.7706439310674343 -0.7846257940738631 -0.7873744601020072 -0.7901511953359873 -0.7923265090523525 -0.8019511439445096 -0.8052021263717328 -0.7824561384952953 -1.2305860506333208 -1.2670180022637283 -1.2339704987982485 -0.918411528831393 -1.7353550607679884 -1.3903008244122732 -1.8720389519152851 -1.2538750439519257 -0.7935785652978223 -1.8483497248728054 -1.8099219017354018 -1.8551915675277293 -1.8826603639447532 -1.850269089256184 -0.8110934980263677 -0.7720561462504071 -0.7746874022826012 -0.7903075041761636 -0.8306843078991291 -0.7995681475602523 -0.7295364822019835 -0.7485640391851182 -0.7650168223232553 -0.8002261442830008 -0.7952313636815105 -1.2415680641353481 -1.2716902034595814 -0.835664626104483 -1.2684050364694233 -1.25064993425932 -0.8036122552832036 -0.8097877427553372 -0.8442923703488884 -0.7874012854811696 -0.7767624390125402 -0.8133409460921596 -0.7837996934076246 -0.7581309440168496 -0.7483608512915118 -0.7690961906090319 -0.7779952608136602 -0.7714344378096064 -0.783464744580647 -0.8040633447101538 -0.787961920420567 -0.7986222032864491 -0.7621923109060265 -0.7829447119925985 -0.8051385252387899 -0.790909811915863 -0.8080143762773958 -0.7631301417102889 -0.7698495364829419 -0.8496596825710577 -1.2645321378112864 -0.8379857844785921 -0.8368519803088192 -0.9089481451762264 -1.7655479840574233 -0.8576424788969511 -0.846389348858824 -1.180385187632481 -0.8108761607256186 -0.7818375263494612 -0.9687874024677621 -0.8089850450335179 -0.8615183916748054 -0.9256482205605094 -0.8365606533837322 -0.7690242805651569 -0.8764658239138715 -1.3315478191481056 -0.8574656663784829 -0.8107207051240506 -0.7982862071287381 -0.9282118507265976 -0.7676120232346464 -0.7745798403978885 -0.761204411656382 -0.7472855268547407 -0.730849998086874 -0.7469331214914712 -0.7459457408954656 -0.7583474581725999 -0.7597923426895373 -0.7193043867600304 -0.7547781807377401 -0.7985846834955316 -0.8026543358108409 -0.811003170380327 -0.8148548644183579 -0.7944935592700879 -2.360325938462927 -1.2609727051641837 -0.8894086390026503 -0.82433970211806 -0.8379180815982677 -0.8387808807292046 -0.8479020935273676 -0.7957256242235536 -0.7769427061049323 -0.7588074304152104 -0.7733271218534599 -0.7608544785656367 -0.7592111573257526 -0.757336344080355 -0.7819990151742782 -0.6629251162489354 -0.7335880809907734 -0.7978186546538798 -0.7828045950793702 -0.8004726029523717 -0.7992374112425713 -0.7902408271668538 -0.8129938591878834 -0.8062204918950212 -0.8014072597012686 -1.1773117739894523 -0.825792774484368 -0.8418828218376458 -0.8996271169041427 -0.8505423440295978 -1.294948609323869 -0.7768877072324677 -1.247027344793071 -0.8114395074543178 -0.8001547016238602
-0.7948139562079792 -0.7861550659988051 -0.7817768572157566 -0.7641759350556601 -0.7721497269634288 -0.7886957866224783 -0.7525620602576563 -0.744857275585636 -0.7910508604193739 -0.762789555603762 -1.3330167746046162 -1.8896546704713804 -0.8740297642989716 -1.3695047836622014 -1.3731714750961561 -0.7829458913446771 -0.7319632271987165 -0.7544354713334036 -0.7708149887919286 -0.7437909880071946 -0.7801428800269086 -0.7512291509073614 -0.704415582701743 -0.7200996486375422 -0.7471477176892276 -0.7663504602108228 -0.7639279077931457 -0.7827755825967294 -0.7836684072811986 -0.801168164711851 -0.8067730799157327 -0.8052021263717328 -0.7824561384952953 -1.2305860506333208 -0.8181504798588167 -0.7892108566559892 -0.8882572639341513 -1.6811126208557559 -1.3821049679487634 -2.5135816935633906 -1.233237334224138 -0.8014113897107347 -1.2810146384957295 -1.2480063565336077 -1.2863578895128809 -1.8826603639447532 -1.858744873614556 -0.8036593363432151 -0.7771778563700684 -0.7852019319198633 -0.8666159567426805 -1.4025377965442258 -1.3082495845401694 -0.7711552899093931 -0.7723209139418312 -0.7620427912399521 -0.7929541797826906 -1.3247840724336952 -1.2710713193522412 -1.265826548511456 -0.8449688410089633 -1.2821990138761679 -1.25064993425932 -1.2651118258149479 -0.8635538013433751 -0.8062923008283716 -1.2100399151528018 -1.2246973013149223 -0.7960091874596126 -0.7644439276617433 -1.2189187120988134 -0.7658284458500954 -0.7695477545168311 -0.7959844523158404 -0.7714344378096064 -0.7931134732680105 -0.8123039638183883 -0.7807943972370824 -0.8032628900481719 -0.7676007784391026 -0.785722518687383 -0.8020044122027151 -0.7882160810985326 -1.7957494221310193 -0.7996499268129116 -0.7440711819614045 -0.803437052344675 -1.250329191977615 -0.8299061696261971 -0.8368519803088192 -0.929312910046814 -1.7655479840574233 -0.8643961357801057 -0.865320711095438 -1.223874161071692 -0.8192278570592166 -0.8267102119076005 -0.9480826591674928 -0.7994218956907917 -0.9321135342622141 -0.9256482205605094 -0.8488002480893339 -0.7683841231684044 -0.774451064176235 -1.3241606431213724 -0.8574656663784829 -0.8107207051240506 -0.7982862071287381 -0.7746415489889646 -0.7676120232346464 -0.7824903861590676 -0.761204411656382 -0.7472855268547407 -0.7493699652232245 -0.7609631144124728 -0.739768523117988 -0.7540402992455104 -0.7549659691715019 -0.7282935112184837 -0.7486941818717089 -0.7985846834955316 -0.7890989763219258 -0.811003170380327 -0.824998623085384 -0.8204301616298918 -2.360325938462927 -1.2038069717486628 -1.2007087649366879 -0.837427809790098 -0.8358621417493425 -0.8469160324343343 -0.8479020935273676 -0.8081695221127951 -0.8092655493959289 -0.7831855429176586 -0.7954739063852884 -0.7461465527920922 -0.7416763733407395 -1.1877892257530054 -0.80543237993959 -0.7005518806665518 -0.7053200489657001 -0.7492266107734141 -0.7521154843101304 -0.8004726029523717 -0.7992374112425713 -0.7902408271668538 -0.8079138147259418 -0.8062204918950212 -0.8014072597012686 -1.1773117739894523 -0.8459686080568029 -0.8170080768400902 -0.8407437688819773 -0.8335130940774356 -1.2460760071777985 -0.776126553508908 -1.215042562461989 -0.8114395074543178 -0.821478210064399
-0.8246937428495762 -0.7778593423516603 -0.7532158767181497 -0.770102336321956 -0.7563629932432061 -0.7580426723571896 -0.7392343039128032 -0.7460735725286883 -1.2652999151178577 -0.8016566909656251 -1.3572948746104359 -1.9274916577911727 -1.2949863231191798 -1.3416917464757014 -1.3917604899989056 -0.8495631894024065 -0.7255776746548324 -1.1986182899621347 -0.795345733494617 -0.7781781656944404 -0.7859022878047386 -0.7644318547616105 -0.7468739776879183 -0.6925352096918272 -0.7199678284790547 -0.7664365048687206 -0.7557854554632589 -0.780066191032676 -0.7727413594099455 -0.773900240477284 -0.7807772223571579 -0.7781014760253468 -0.7950919264311437 -0.779031859437839 -0.8202910636392272 -0.7674192835472419 -0.9324043734747973 -1.7392763641550766 -1.3554532025497084 -1.8710534391476026 -0.8138088409347467 -0.796956465316221 -1.2062654946363771 -1.225246639484887 -1.3286173366934642 -1.9051379974593585 -1.8752047520161728 -0.795823260966843 -0.7375373797806035 -0.7810443593172653 -1.2220223563139991 -1.8105379795096257 -1.858617553527361 -1.2392645933862807 -0.7968829815464805 -0.7630460171781006 -0.7534931648019174 -1.2666807581058763 -1.2613550314304964 -1.3363436421293118 -1.8409397931987133 -1.7737633736119605 -1.790267825212643 -1.2045417536273504 -0.8106834315212835 -0.8163897843317016 -1.2848416470484274 -1.1942389679182235 -0.7863449342799381 -1.2144062844306713 -1.2215954591342755 -0.7852690984618081 -0.8358535252874274 -0.8283961408540246 -0.7958734055089759 -0.7720450657038381 -0.7644291086989564 -0.7526506277345478 -0.7594694960500739 -0.7447486531277336 -0.811341755738476 -0.8265189374849511 -1.2377170881269712 -1.2042962651948284 -1.2574005640658703 -1.291488768800241 -0.7419890529767647 -1.1949050359967452 -1.241562474354689 -0.8385337068759645 -0.9109093696265124 -1.7405116609024625 -0.8376531742800211 -0.8850392958654518 -1.1877704377863165 -0.8205139191479367 -0.7715090804281578 -0.9452418402578956 -0.7688465115097073 -0.8723439109314906 -0.9390332205759224 -0.869029383807107 -0.7804497705753232 -0.7827703661259138 -0.8329097645563576 -0.8601180415705428 -0.833920410933919 -0.8064255432277325 -0.7650863560557783 -0.7994640542373569 -0.7599688516958214 -0.7494325731130802 -0.7450601019001777 -0.7385551730746358 -0.7918918268216641 -0.7470509107484316 -0.76837453986671 -0.7392771684631206 -0.722089079800116 -0.7376915790910854 -0.7737901503768918 -0.8370550295569417 -0.8251941408334555 -0.824998623085384 -0.8204301616298918 -2.3962083547163195 -1.2124729914307883 -0.8395801845874227 -0.8242568666664583 -0.8514978959132362 -1.301992805947525 -0.9029314792280149 -0.870745316614831 -0.7995696482882008 -1.2626140980736988 -0.7818003603635578 -0.7510536757544964 -0.7654720875583162 -1.7725411889039688 -0.8258361652592221 -0.7405512915838007 -0.6961421750936988 -0.7429039047296107 -1.2034291754913815 -0.7709601477590617 -0.765052027120729 -0.8087893916349325 -0.7980592875998944 -0.8089154688898382 -0.8144047143766894 -1.1649952693816528 -0.8389953717095503 -0.7363686089808014 -0.849786012051377 -1.2363228766274923 -0.7809999513080901 -0.7632546748463325 -1.2018172348198928 -0.8042764685683578 -0.7871988871453676
-0.8246937428495762 -0.784009556480113 -0.787370731712384 -0.7601300622970161 -0.7609849116613132 -0.7680371698423178 -0.731321711835571 -0.7460735725286883 -0.7865106600604035 -0.7952275049319346 -1.3961979996601133 -1.9250123794837044 -1.3257149786447309 -1.419988965075123 -1.4038438107116005 -0.857298432881997 -0.743681055815046 -1.1986182899621347 -0.8398082616550177 -0.8454495976489925 -0.7794208735728556 -0.8112018091273934 -0.7420752981465891 -0.6984559272924944 -0.7238821807079482 -0.7351894215779073 -0.7665468837063865 -0.7860419877218981 -0.7727413594099455 -0.7851499798371062 -0.7978518717278238 -0.7924591776985793 -0.7695056596680493 -0.7700741897185587 -0.8122621619233161 -0.7710590663839901 -0.8929791133632912 -1.7392763641550766 -1.3554532025497084 -1.902693490152506 -0.8065668039858626 -0.7583678789947093 -0.7546829732995878 -1.225246639484887 -1.854302127198686 -1.895971218486952 -1.7870830845899186 -0.795823260966843 -0.7716637374691925 -0.8035980538776453 -0.8144891198932217 -1.7967948585410634 -1.8839843681571415 -1.2269092763536167 -0.7968829815464805 -0.721531684069734 -0.76879544242431 -1.2184599658830455 -1.2613550314304964 -1.3363436421293118 -1.8307535209300376 -1.762437541807628 -1.8532540684350882 -0.7999439768668544 -0.8049961275789623 -0.86356151477912 -1.2436710941575402 -1.211091952136383 -0.8548482480445504 -1.2220136410427083 -1.2434650938684024 -0.7899264331864533 -0.7923819816519941 -0.7938451772397723 -0.7555566339452537 -1.2146252127634611 -0.819286399672691 -0.7526506277345478 -0.7594694960500739 -0.7447486531277336 -0.8036406204885175 -0.8088328889207875 -1.2308742780060746 -1.2042962651948284 -1.314500297929808 -1.2475833301074588 -0.7922299056336687 -1.2185977628214615 -1.241562474354689 -1.2921743117551654 -0.9706941301250364 -1.7526902735552663 -0.8641679566439423 -0.8850392958654518 -1.2236326473434407 -0.8266378808736661 -0.7840023098447684 -0.9561414665955662 -0.7846286121141376 -0.8540460204777113 -0.9568282662724714 -0.8610685919125904 -0.7804497705753232 -0.7852295424723412 -0.7949555724692741 -0.8504779436163562 -0.833920410933919 -0.7941079751372309 -0.7708641538978727 -0.8077624306825117 -0.7717654105188875 -0.7351873028553687 -1.18253133863873 -0.7415547666253942 -0.8357196461542858 -0.765598487495175 -0.7922932822102318 -0.7350685360818896 -0.7714503479085649 -0.741313996006796 -0.7861316584627315 -0.844096090825621 -0.8251941408334555 -1.292969072628686 -0.8204301616298918 -1.777683355108522 -1.2116674153761986 -0.8701763980296805 -0.8424415573466363 -0.8291176590265176 -1.264491776832452 -0.899942972083007 -0.8167996823908428 -0.792361548996885 -1.2382386073536498 -0.7818003603635578 -0.7900480043654006 -0.7814483168839006 -1.7323552550821308 -0.8520193997754106 -0.7565938670330118 -0.7012324487131614 -0.7628874533111742 -0.7644267378775025 -0.7742057091725848 -0.7655768144228307 -0.8087893916349325 -0.7980592875998944 -0.7703641062378384 -0.7910297754261547 -1.1814846926017 -0.8284665829709633 -0.7761580752335494 -0.7879726443413612 -0.7856400721188274 -0.7768446510621697 -0.7840204174949533 -0.7830270324427034 -0.7997830769006034 -0.7871988871453676
-0.8648787403752377 -0.7798422240292804 -0.7683238315160345 -0.7375328797154851 -0.744845797126411 -0.7463179487929855 -0.7318070252277298 -0.7365155157441136 -0.8138289215609676 -1.2707038200806744 -1.8749049166152687 -1.8464910031211308 -1.8479309158568755 -1.375737022731784 -1.397098415531084 -1.3025971459972083 -0.7247136627517743 -1.2335920780095468 -0.7895921050439872 -0.8875172695259206 -0.8094114768297997 -0.8233325732697533 -0.8322136606404138 -0.6944162260843445 -0.7327690175438245 -0.7510621702272298 -0.7585545725367154 -0.7609097782650784 -0.7705983248252556 -0.7702984081911227 -0.7783681573700262 -0.7975102867293861 -0.7447973898080419 -0.752389158027503 -0.7731006751158673 -0.8111008188627654 -0.8812385095431822 -1.7822714261979713 -1.3330682359556014 -1.3030963918098433 -0.7238903470292151 -0.753027603649113 -0.768658173776324 -1.198227383716577 -0.8173222271761454 -1.258842278227097 -1.2400988243619437 -0.7872411179363222 -0.7535315234979056 -0.8289780407920065 -0.8070585468617969 -1.3554511001599743 -1.2559971392161478 -1.20760290794425 -0.7746046787539683 -0.7210199825448422 -0.7309783897749647 -0.7973924126434571 -1.2620559327508956 -1.2262891163206309 -0.8288182999911451 -1.2587175715046186 -1.2442094120011862 -0.7634023430201927 -0.813172041600579 -0.8266600931278333 -1.2326939518902333 -1.2035747787224582 -0.9041507149501233 -0.7539891969630167 -1.2537927563424973 -0.789220435047007 -0.7919481828228851 -0.8014507896917819 -0.7761890480503338 -1.247334299034503 -1.2990375474738391 -0.7390411978809204 -0.7411075303865912 -0.7600023848256211 -1.8754339756201046 -0.8287969688258622 -1.2706162723220151 -1.7930856590328124 -1.27958441663311 -1.2461842999921964 -0.8108263005719917 -0.7275001124019653 -1.2396032630719056 -0.7695386496586996 -1.1672457277685844 -1.7526902735552663 -0.827328449429242 -0.8471885042853632 -1.2336193218058158 -0.8192278570592166 -0.7942273280255773 -0.9375742255625051 -1.2500527471445861 -0.9320561482413069 -0.9273706335812334 -0.9104212460628681 -0.7910402423871438 -0.7290957743743028 -0.790286902758187 -0.8344985679268216 -0.8047156705918924 -0.7770116560605996 -0.7859723082010251 -0.7708385282503257 -0.7564420274285166 -0.7396333797881752 -1.1557742374529556 -1.1851581495079329 -0.7863131608352988 -1.24996692529289 -0.8295470448920271 -0.7721743084390492 -0.74755890760464 -0.7363342492110722 -0.7626801014140823 -0.7802401988078826 -0.8126867618226042 -0.8410926460473344 -0.8731798710127966 -1.747693889002297 -1.2174329771815369 -0.7588955863196417 -0.818323232019583 -0.8094022123663175 -0.8213164523140568 -1.113111971383653 -0.7801261332585309 -0.868581163614725 -0.7749336599294593 -0.7808795569214877 -0.8181674220520999 -1.2496492466393228 -1.8018191998229036 -0.8739794204132773 -0.9151313750297619 -0.7413358212686206 -0.6757446711664005 -0.7241496796364257 -0.7311632617656402 -0.7528162689918518 -0.7671268570195715 -0.7895786138653954 -0.7697761085169297 -0.8074739824597108 -0.746581971465387 -0.8357133696893447 -0.7605046966777155 -0.7563251628171079 -0.7384887209027228 -0.7558934900253876 -0.7450515620015384 -0.783415156737492 -0.8268589600824047 -0.7823495398622737
-0.7332354595776231 -0.7371981965645115 -0.7263678052902661 -0.7094512377851768 -0.7246155825069017 -0.7192078501864831 -0.7356073219033077 -0.7545446697303017 -1.2325123869940882 -1.8926607955921348 -2.026852435918379 -1.905494931446187 -1.8581301916706996 -1.445674651051731 -1.419168676843238 -1.3455519546895196 -1.278192917233557 -1.8934641873634162 -0.9050954930217829 -1.908836757585551 -1.8770429712251975 -1.9133148048601993 -1.855671840475593 -0.7822111260672967 -1.1695919108835438 -0.792077155421121 -0.775792746194417 -0.7611266935402753 -0.7717321795613502 -0.8011956102683474 -0.7856020969451399 -0.8161789386926729 -0.7614967757216522 -0.7442688030664583 -0.7682309009632761 -0.7710163925685952 -0.7634906546389623 -0.7257943772927811 -0.7544358764144178 -0.7382557152096182 -0.7111444969684843 -0.7214834707259853 -0.7486478281060747 -0.7886157615884906 -0.77204308730164 -1.2364588444835067 -1.2353451673807916 -0.793416775529625 -0.7853258592149592 -1.877084950209128 -1.9779132814874263 -1.9506222656023746 -1.8474679956875284 -2.431522752636511 -1.2816070814680238 -0.8676260349590211 -1.2523851471221819 -1.7561758296822927 -1.270811349599291 -1.34987419209657 -2.4372825803755824 -1.762437541807628 -1.8204119455583168 -1.8441318372717765 -0.7732561436832456 -0.758941486964661 -0.8048759126404537 -0.7992099737435625 -0.7949836526559702 -0.8264530660181151 -0.7929703957258546 -0.7900490488726196 -1.3250033437369573 -0.9280914186858532 -1.2412946836125058 -1.8244438555494862 -1.2783856676044587 -1.2056295685699197 -0.7303457922510265 -0.7667815471965701 -1.262911368239448 -0.7708172292312012 -1.2610052881896483 -2.367559114971249 -1.3412356544922501 -1.2008731493433626 -1.2560248855370546 -0.7195296704357684 -1.209182766115021 -1.8036231329557888 -1.7213465500585587 -1.7577455458550015 -1.3492616000759758 -0.7943069054140103 -1.159680886955022 -0.805164875059516 -0.7906168429615507 -1.1868833187420293 -0.7714007415424051 -0.8839492236779065 -0.8355750254843081 -0.8422236717355115 -0.7987191198727653 -0.7825698989526988 -0.8259846453755493 -0.8379844839210708 -0.8059878999402982 -0.8034053115559671 -0.8066972926741708 -1.263696352067539 -0.8992622372437 -0.7412104338350982 -1.710651908739351 -0.7658333449806312 -1.3054149621150333 -1.2896250467765702 -1.301703203468629 -1.2279575410006534 -1.252131549870458 -0.7837299876443683 -0.7641979659846784 -1.2987197720112724 -1.3341392287336147 -1.2214382240969857 -0.7677106859481871 -1.7520367882624763 -0.7409336554452328 -0.7686289391251933 -1.2250368537035499 -0.8481678928830024 -1.2793529308531324 -1.2044710222261348 -0.8343187073113654 -0.8217476607339073 -0.8267498549458225 -0.760009263169488 -1.8085188132240357 -0.8924563495653265 -1.853897520259832 -0.8952926534290904 -1.4035191387719168 -1.216732468934109 -0.7414057000148201 -0.7272533447295065 -0.7570796773853385 -0.8017567332550076 -1.2020478565085349 -1.1302481410050809 -1.2210613065307425 -0.8027524319086903 -0.8114431101823422 -0.780907931551929 -1.7484271279056645 -1.303436872427404 -1.8383546246441727 -1.8982282682552767 -0.8069004711713358 -0.7983988050275168 -1.2027749510109953 -0.7391209519875642
-0.7332354595776231 -0.7371981965645115 -0.7263678052902661 -0.7094512377851768 -0.7246155825069017 -0.7192078501864831 -0.7237843269855411 -0.7545446697303017 -1.2325123869940882 -1.8926607955921348 -2.026852435918379 -1.905494931446187 -1.8581301916706996 -1.445674651051731 -1.4325615162429408 -1.3455519546895196 -1.278192917233557 -1.8934641873634162 -0.9111294441221327 -1.908836757585551 -1.8770429712251975 -1.9133148048601993 -1.855671840475593 -0.8198398894857203 -1.1695919108835438 -0.7829031085187292 -0.7620572801710559 -0.7796168611792319 -0.7863422823756842 -0.7805769064017098 -0.7856020969451399 -0.8161789386926729 -0.7714371096706885 -0.7588476591662371 -0.7953465661501107 -0.7710163925685952 -0.7579079973767453 -0.7565800373897273 -0.7544358764144178 -0.7443003313735699 -0.7061392841185699 -0.7214834707259853 -0.7486478281060747 -0.8154442560293181 -0.7897957252468167 -0.7458456578760441 -0.7821621305285288 -0.7663888240788866 -0.7966032225716065 -1.877084950209128 -1.9779132814874263 -1.9506222656023746 -1.8474679956875284 -2.428882663012844 -1.272035144449401 -1.3849421494936316 -1.2504254072641483 -1.7695356057828115 -1.2591472275057176 -1.34987419209657 -2.4372825803755824 -1.762437541807628 -1.8204119455583168 -1.8496806201405782 -0.7854674103132401 -0.8229248543971641 -0.7860762147072329 -0.8318848791344182 -0.8369932055585242 -1.3429668519673694 -0.8373176263862674 -0.7900490488726196 -1.3365422419956383 -0.933174165815554 -1.2512481252222478 -1.8244438555494862 -1.2783856676044587 -1.1764326225008779 -0.723317697553145 -0.7667815471965701 -1.262911368239448 -0.8269251486688448 -1.2547198219747624 -2.367559114971249 -1.3329307128673729 -1.2416883856930812 -1.2370005352295432 -0.7112036268288755 -1.2179957198961868 -1.811733829643085 -1.7213465500585587 -1.7478289386177013 -1.3492616000759758 -0.7943069054140103 -1.7179964114645863 -0.805164875059516 -0.7906168429615507 -1.2043106974499245 -1.2215770762707725 -0.8839492236779065 -0.8355750254843081 -0.8231029145805556 -0.7829262507665284 -0.7727884798582588 -0.8259846453755493 -0.8379844839210708 -0.8059878999402982 -0.7556592598508993 -0.7934927873829423 -1.2485949337318143 -0.8689229383521841 -0.7412104338350982 -1.710651908739351 -0.7658333449806312 -1.3521610227650256 -1.858287460570801 -1.301703203468629 -1.2552268537313545 -1.8147900515081097 -0.7837299876443683 -0.7581305135203509 -1.2987197720112724 -1.3106452550552077 -1.22814234872543 -0.7677106859481871 -1.7520367882624763 -0.7409336554452328 -0.7366732792733913 -1.2250368537035499 -0.8418499790197985 -1.2928199579486481 -1.2044710222261348 -0.8220102085691753 -0.8288707029414267 -0.7906760807175908 -0.7700183502544139 -1.8085188132240357 -1.3782007284493627 -1.853897520259832 -0.8952926534290904 -1.4035191387719168 -1.20028331155672 -0.7319010081865776 -0.7214095545685877 -0.7570796773853385 -1.2741230571860165 -1.2340987641744423 -1.1383764949879738 -0.7778384486999839 -0.8100847698921778 -0.8114431101823422 -0.8087200801814965 -1.8090510999997012 -1.303436872427404 -1.8426585790603138 -1.8982282682552767 -0.8112139381528856 -0.7983988050275168 -0.8080999226309136 -0.7232417822835877
-0.7282480709577408 -0.7371981965645115 -0.7263678052902661 -0.715237353123065 -0.7246155825069017 -0.7259476259958577 -0.740666460842815 -0.7545446697303017 -1.282458659487478 -1.8926607955921348 -2.026852435918379 -1.905494931446187 -1.8581301916706996 -1.445674651051731 -1.419168676843238 -1.3455519546895196 -1.2660235398293151 -1.8934641873634162 -1.401615689510455 -1.908836757585551 -1.8685809517023704 -1.9133148048601993 -1.855671840475593 -0.8198398894857203 -1.2438424550219966 -0.7829031085187292 -0.7620572801710559 -0.7843536268086234 -0.7863422823756842 -0.7872475196510331 -0.7907233494736455 -0.8235396589242883 -0.7714371096706885 -0.7588476591662371 -0.8097395791284466 -0.7710163925685952 -0.789904424348349 -0.7617042765843619 -0.7544358764144178 -0.7443003313735699 -0.7061392841185699 -0.7214834707259853 -0.7446750477669659 -0.7423916326495338 -0.7721675671095957 -0.7495397908476776 -0.7468087687688978 -0.7663888240788866 -0.7966032225716065 -1.877084950209128 -1.9779132814874263 -1.9506222656023746 -1.8474679956875284 -2.392593781159283 -1.2816070814680238 -1.3639030854800676 -1.2573762971906874 -1.7695356057828115 -1.2591472275057176 -1.3406220903421133 -2.4372825803755824 -1.743518017231734 -1.8204119455583168 -1.840970415937971 -0.7789381086607342 -0.7961732153264465 -0.7588688223547463 -0.8318848791344182 -0.8369932055585242 -1.3108521893739091 -0.812172590951413 -0.8190932701251821 -1.3250033437369573 -0.9280914186858532 -1.2412946836125058 -1.7928832478603882 -1.2783856676044587 -1.162339190980669 -1.2014508086074627 -0.7807899048150418 -1.8275924020922163 -1.2941470947896103 -1.2547198219747624 -2.367559114971249 -1.3329307128673729 -1.2416883856930812 -1.3047171880523307 -0.7195296704357684 -1.2182862107592918 -1.811733829643085 -1.7213465500585587 -1.7478289386177013 -1.3492616000759758 -0.8029628902642243 -1.7179964114645863 -0.805164875059516 -0.7906168429615507 -1.1868833187420293 -1.2215770762707725 -0.8839492236779065 -0.8192224138939052 -0.8231029145805556 -0.8220157742288507 -0.8162772049272138 -0.836335311010315 -0.8464028700753429 -0.8263774060560762 -0.7916233275054309 -0.8369995182542105 -1.2485949337318143 -0.8910739224190883 -0.7407973299258978 -1.7034013720550911 -1.3450117186853354 -1.33662054792572 -1.858287460570801 -1.301703203468629 -1.2923675350530075 -1.8147900515081097 -0.8128779514648871 -1.2231912159786906 -1.2883122368089188 -1.3265616682468224 -1.182241524639908 -0.7677106859481871 -1.7603807044086177 -0.7519090206465804 -0.7025947444743497 -1.2250368537035499 -1.287927211543859 -1.2940006349973054 -1.2044710222261348 -0.8220102085691753 -1.306399534888342 -0.7906760807175908 -0.7700183502544139 -1.8085188132240357 -1.3782007284493627 -1.8438370669035538 -0.9086988490932972 -1.4035191387719168 -1.2507108094895483 -0.7044807008533289 -0.722781040366284 -1.1921766794147712 -1.2585808389767774 -1.2260569706263487 -1.1396207869341832 -1.211792935707054 -0.7674867402474115 -0.7969181211253424 -0.794930606086486 -1.8090510999997012 -1.303436872427404 -1.8426585790603138 -2.5228985633883956 -0.8190763570293341 -0.7983988050275168 -0.8270938568303816 -0.7126456083640897
-0.720158116529292 -0.7278704312723423 -0.7263678052902661 -0.715237353123065 -0.7246155825069017 -0.7259476259958577 -0.740666460842815 -0.7545446697303017 -1.282458659487478 -1.8926607955921348 -2.018403633474538 -1.905494931446187 -1.8581301916706996 -1.445674651051731 -1.419168676843238 -1.3374603716162017 -1.2660235398293151 -1.8934641873634162 -1.3951671993256893 -1.908836757585551 -1.8685809517023704 -1.8989995536824178 -1.855671840475593 -0.8198398894857203 -1.2613968622742915 -0.7974528491032568 -0.7620572801710559 -0.7908899898458557 -0.8020913682191918 -0.7817370856056823 -0.7907233494736455 -0.8235396589242883 -0.7779331555201062 -0.775900079838427 -0.794961894218007 -0.7705940386315968 -0.7614723160628992 -0.777586997973475 -0.7646957702273305 -0.728826436508228 -0.7023491321192031 -0.7204031381434887 -0.7102314937520783 -0.7348734414440363 -0.7721675671095957 -0.7436781634307708 -0.7561991216333416 -0.7614266957533913 -0.7814315821348309 -1.877084950209128 -1.9779132814874263 -1.9506222656023746 -2.4430078918894447 -3.0659242541060614 -1.2593777711201108 -1.3639030854800676 -1.2157049591815687 -1.7695356057828115 -1.2541519786798725 -1.3406220903421133 -2.4229780751366863 -1.7354316846010671 -1.8204119455583168 -1.8290522641231393 -0.7753049249597477 -0.7733952222185135 -0.74716990854938 -0.8384803958247928 -0.8390998455149705 -1.3108521893739091 -1.2420812640277625 -0.806170473265555 -1.3250033437369573 -0.906277868543922 -1.8019989682622914 -1.785190842167647 -1.2783856676044587 -1.162339190980669 -1.2014508086074627 -0.7655443597574318 -1.8275924020922163 -1.2941470947896103 -1.2547198219747624 -2.367559114971249 -1.3084479618634273 -1.230396780956543 -1.3047171880523307 -0.7405087393078762 -1.2111029824254775 -1.8321283683416185 -1.7213465500585587 -1.7478289386177013 -1.3368663122030613 -0.8029628902642243 -1.7179964114645863 -0.8132251655491692 -1.2476605959596774 -1.4941247536482334 -1.7921491885479799 -1.1565490445793543 -1.2045464505456722 -1.254525122080436 -0.8318721401241591 -0.8075088216978423 -0.8334992194956318 -0.8464028700753429 -0.8172914195344938 -0.8034053115559671 -0.8369995182542105 -1.2485949337318143 -0.8847862735923668 -0.7607761012223713 -1.7034013720550911 -1.3450117186853354 -1.33662054792572 -1.858287460570801 -1.3669380361168597 -1.83994880007056 -1.8147900515081097 -0.8128779514648871 -1.2158300567582898 -1.2883122368089188 -1.3448247970001603 -1.1897917379405765 -0.7677106859481871 -1.7603807044086177 -0.766483428501179 -0.7093055791895476 -1.2250368537035499 -1.2644002110820143 -1.2940006349973054 -1.228621151698613 -0.8434121164880708 -1.3199272499853432 -0.7906760807175908 -0.7876712430592232 -1.8085188132240357 -1.3782007284493627 -1.8438370669035538 -0.9014515755109856 -1.4035191387719168 -1.8133786261268412 -0.69367364361552 -0.7371468728992261 -1.2006029845779334 -1.8508222886063095 -1.2260569706263487 -1.1429623811862202 -0.7737946106943281 -0.7674867402474115 -0.790421778200052 -0.7499250117869267 -1.8090510999997012 -1.290770953787646 -1.8426585790603138 -2.4884871432609317 -0.8166657891249484 -0.8089779147914125 -0.8270938568303816 -0.7195082575472561
-0.720158116529292 -0.7340390268377878 -0.7305316812882228 -0.715237353123065 -0.7246155825069017 -0.7309458471682864 -0.740666460842815 -0.7568723330450328 -1.282458659487478 -1.8926607955921348 -2.018403633474538 -1.905494931446187 -1.8581301916706996 -1.445674651051731 -1.419168676843238 -1.3374603716162017 -1.242514737280211 -1.8934641873634162 -1.3875704379118012 -1.908836757585551 -1.8685809517023704 -1.8989995536824178 -1.855671840475593 -0.8860708760231438 -1.2613968622742915 -0.8093979506735605 -0.775792746194417 -0.7908899898458557 -0.8020913682191918 -0.8209281805106121 -0.7907233494736455 -0.8235396589242883 -0.7779331555201062 -0.7675021772455736 -0.8024388702585855 -0.7918386197011487 -0.7769840240255805 -0.7843982988308097 -0.7909371528033812 -0.728826436508228 -0.7023491321192031 -0.6906615397773029 -0.7102314937520783 -0.7298172060006334 -0.7422141872703504 -0.7328422422801281 -0.760978169975457 -0.7614266957533913 -0.7814315821348309 -1.877084950209128 -1.9779132814874263 -1.9506222656023746 -2.4430078918894447 -3.0659242541060614 -1.2593777711201108 -1.3207221083420049 -2.402004301474504 -1.7695356057828115 -1.2487515674340792 -1.3406220903421133 -2.4106626067252725 -1.7252956559326216 -1.8204119455583168 -1.8882696385257585 -0.7753049249597477 -1.224322372202223 -0.74716990854938 -1.2791058181483153 -0.8327050982040172 -1.3108521893739091 -1.2420812640277625 -0.806170473265555 -1.3250033437369573 -0.906277868543922 -1.8019989682622914 -1.785190842167647 -1.284760638762325 -1.162339190980669 -1.2014508086074627 -0.7788010487309224 -1.8275924020922163 -1.2941470947896103 -1.2474365255839492 -2.367559114971249 -1.3084479618634273 -1.230396780956543 -1.261498704122407 -0.7405087393078762 -1.2001588859924994 -1.8213377006817795 -1.7213465500585587 -1.7478289386177013 -1.3368663122030613 -0.8029628902642243 -1.7179964114645863 -0.8132251655491692 -1.287050362845925 -1.4534190483459373 -1.7921491885479799 -1.1565490445793543 -1.2249786979758255 -1.254525122080436 -0.8318721401241591 -0.8075088216978423 -0.8334992194956318 -0.8680005095691355 -1.2757479148836386 -0.7916233275054309 -0.8369995182542105 -1.2485949337318143 -0.8847862735923668 -0.7607761012223713 -1.7034013720550911 -1.3450117186853354 -1.33662054792572 -1.858287460570801 -1.3669380361168597 -1.83994880007056 -2.4486071227542783 -0.8128779514648871 -1.2228930396737898 -1.2883122368089188 -1.3448247970001603 -1.2314952231598741 -0.7677106859481871 -1.7603807044086177 -0.7439083332180856 -0.7172104773144033 -1.2250368537035499 -1.241559799810318 -1.2714444956644133 -1.2137294781267558 -0.835953322935244 -1.2690978821823755 -0.8429914691304339 -0.770446046728005 -1.8085188132240357 -1.3782007284493627 -1.8438370669035538 -0.8881116583636997 -1.4035191387719168 -1.8133786261268412 -0.7168802516318493 -0.7481767713588827 -1.7795616955226845 -1.8593541120590105 -1.2260569706263487 -1.1429623811862202 -1.2259829385363925 -0.7615512276147232 -0.790421778200052 -0.7499250117869267 -1.8090510999997012 -1.290770953787646 -1.8426585790603138 -2.4544095153295404 -0.8324658217030083 -0.8089779147914125 -0.8270938568303816 -0.7344015069998256
-0.7541503966094547 -0.7340390268377878 -0.7305316812882228 -0.7262106676531315 -0.7191331814519271 -0.7334660240331848 -0.7462325877996541 -0.7371560073608466 -1.299878422203233 -1.8298111606379786 -1.9212641534707215 -1.9125383335914743 -1.8628358932183302 -1.4162771463929555 -1.3763921643053798 -1.3658219769332423 -1.2571271605815346 -1.332342119901309 -1.309740742277146 -1.878171030922618 -1.817884054398728 -1.940111649581578 -1.8712653445139449 -0.890268019865087 -1.2445569512898422 -0.7873751164163318 -0.8035871455796562 -0.8029761501995467 -0.7962349109041866 -0.8006236452363078 -0.7964267206892911 -0.8164248870763209 -0.7624178268985181 -0.8032635133030045 -0.8006259377845443 -0.8291688000328691 -0.7716700644810309 -0.8122950324383891 -0.80056038653916 -0.7945482654099101 -0.733733306847094 -0.7096109828593772 -0.7318566904963932 -0.7234818991135327 -0.7332536230290398 -0.7167625330302474 -0.7077641462018786 -0.7396886686218888 -0.8383028934875125 -1.3158245982373018 -1.3561152696712624 -1.37201170606553 -1.79994424402452 -2.3655919069459026 -1.2627694453488296 -1.2019187871331911 -0.7870743937991201 -1.2640942732559857 -1.2656973976432355 -1.2471986252346066 -1.2545276946558743 -1.2266966376935318 -1.2442094120011862 -1.2354733666519222 -0.8349777608404475 -0.8652311672971025 -1.2572713393587913 -1.2954381683006682 -1.3065819465915238 -1.2928332929696935 -1.2458351616562318 -1.2600504961530328 -1.2798449375835104 -0.8637172754870553 -1.7876018983863553 -1.7151465193323099 -1.2697401483540414 -1.1531535344456518 -1.8146890532621356 -0.7745981772247724 -1.826510711340689 -1.314117829746025 -1.194658148207032 -1.7262043805898948 -1.2361962339455115 -1.2701728677138011 -1.3202551420830686 -0.7741188723000033 -0.7770643571296973 -1.226836434631589 -1.1440347835163616 -1.7376342788528174 -0.8055947242040011 -0.8004716144011687 -1.2205853723650084 -0.8119465063826954 -1.8106207682989577 -1.420158271251903 -1.7550738896094435 -1.1470781042883242 -1.3048542551278466 -1.2309488357628262 -0.8577978450689376 -0.7913087402029345 -0.7880167058502643 -0.8176822273421437 -0.7802526762073967 -0.7526909719567805 -0.8756043710792809 -1.2001867868864735 -0.8524210382093923 -0.7587797101514704 -1.173844672595791 -1.3350327729602647 -1.8542391588008704 -1.8549678246186492 -1.3884099912603542 -1.841428803248501 -2.428575136658114 -0.7881662667855941 -1.2009325036831402 -1.2597783310722086 -0.868087534734919 -0.7691263798387797 -0.8305815794486318 -0.7441136368819924 -0.7958602957026089 -0.7628895467827134 -0.766270523076867 -1.2071792131192445 -1.3051802277169549 -1.1631259993903944 -0.8227619313613838 -1.2679468704318415 -0.772779879527106 -0.7439194860793624 -1.2951477161136997 -1.3569762335944726 -1.7918591245686406 -0.8936584488463737 -1.4036104116660448 -1.839378725617077 -1.2844700109912612 -0.7732867519889043 -1.2404700486604696 -1.2456791287179132 -1.21269332251458 -1.024638754899597 -0.7654806329034001 -0.7758791587404423 -0.7471869228138328 -0.7699154091808196 -1.26388811465156 -1.8254772101009151 -1.8107020735524049 -0.8032402133638723 -0.8100479374399027 -0.7742073698265667 -0.7823386318684046 -0.7521456815988166
-0.7744565227406699 -0.7308610575996847 -0.7429902911178652 -0.7293766230242966 -0.7134476210705698 -0.7364676790180658 -0.7462325877996541 -0.749488102810637 -1.8745822344175096 -1.8298111606379786 -1.8982117522901176 -1.9125383335914743 -1.8628358932183302 -1.346555960471292 -1.3763921643053798 -1.3023781408051567 -1.289378995647974 -1.3098235085564025 -1.2896555971995054 -1.848221130705922 -1.2243778925448259 -1.32256741559397 -1.8712653445139449 -0.8826174799087648 -1.242038315017816 -0.7740736273603579 -0.8120684288815341 -1.2366167568250606 -0.8413773790713538 -1.3067874660618621 -1.2209546367570492 -0.7917859542620245 -0.7811782134474247 -0.7899022061025269 -0.8048866020773279 -0.8235622436247261 -0.7281968683658283 -0.8495349105397848 -0.7375965797628828 -1.2522727307308623 -0.7456357746524848 -0.7321296160114092 -0.745943319790817 -0.7425974706992897 -0.7369306525158185 -0.7340853354539568 -0.6956333630650622 -0.7445554844666802 -1.2309256473299406 -1.2703837428315738 -1.3370686782141674 -1.3329803110194025 -1.7972916304136568 -2.38276950163766 -1.2838565674741023 -1.7466508711297146 -1.2421853844356392 -1.2343494219522766 -1.2564525813411964 -1.2577276522539258 -1.264211447201184 -1.233638944480545 -1.2442094120011862 -1.2204741915406998 -0.8249500108925482 -0.8468222492038412 -1.329380871092363 -1.2388664974142685 -1.3215844834733734 -1.8506928009574013 -1.2343140770934853 -1.223349821766734 -0.8280162274530035 -0.9174326561199151 -1.220635915283465 -1.7858820062995215 -1.8504086043889563 -1.1768150267338666 -1.2305801061357233 -1.2009044959571438 -1.8608228346238704 -1.3785956380764308 -1.2215969545312109 -1.808935824491136 -1.2279195126918587 -1.3097255167900625 -1.3534942699115113 -0.7645538542433366 -0.7760379293631997 -1.226836434631589 -1.1440347835163616 -1.7265662500178718 -1.2663731257126432 -0.8004716144011687 -1.2205853723650084 -0.8043540991174178 -1.8376233000524738 -1.4360367862037775 -1.7698655400178827 -1.1394274832840803 -1.3289590386067085 -1.2592126374913235 -0.836904856572946 -0.8203332852881493 -0.7719682390347277 -0.8388121168155919 -1.262020775589923 -0.7411090516428949 -0.8585026572467235 -1.1670917302124615 -0.8196202961742781 -0.7920168295254432 -1.173844672595791 -1.3478127958944113 -1.8231901379329358 -1.8341009543451132 -1.3639479760773068 -1.838869954638862 -2.437432570621023 -0.7826699633168748 -1.2363304586930453 -1.2597783310722086 -0.8753254289767088 -0.785568040670946 -0.7840934855390671 -0.7361371933091018 -0.78971448026201 -0.7387254907061435 -1.215549840400602 -1.222681253981111 -1.3051802277169549 -1.1631259993903944 -0.8629214360205497 -1.2810231974971158 -0.8413753955349653 -0.7857891747786669 -1.8198513967077459 -1.3448947633582684 -1.8140615079553433 -1.3416356293958676 -1.4242973454713805 -1.8712842743998088 -1.2515135323670417 -0.7915445931162641 -1.223591117872963 -1.2442358555368622 -1.7756343708560773 -1.0068505619162764 -1.2110593651775918 -0.7528226525319569 -0.771356694471222 -0.751871376171297 -1.26388811465156 -1.8528406412737672 -1.8299405678578573 -1.2562094423039671 -1.2585284981068243 -1.1718538643352676 -1.2081637096331415 -1.2624639151444614
-0.759004003761185 -0.7308610575996847 -0.7383257687944281 -0.7195719066584839 -0.7134476210705698 -0.7447086268318487 -0.7612813267789299 -0.7618489296884154 -1.8745822344175096 -1.8298111606379786 -1.8982117522901176 -1.9125383335914743 -1.8502868058918276 -1.3809798627002932 -1.3763921643053798 -1.3023781408051567 -1.289378995647974 -1.3015313901924461 -1.2896555971995054 -1.848221130705922 -1.2243778925448259 -1.32256741559397 -1.8712653445139449 -1.3647854642772788 -1.242038315017816 -0.7740736273603579 -0.7977631250879844 -1.2366167568250606 -0.8413773790713538 -1.271330655181275 -1.2209546367570492 -0.7842877194042741 -0.7811782134474247 -0.7899022061025269 -0.8003110569442466 -0.8235622436247261 -0.7351149890142452 -0.8351082889156597 -0.7375965797628828 -1.2522727307308623 -0.7456357746524848 -0.7321296160114092 -0.745943319790817 -0.7425974706992897 -0.7369306525158185 -0.7258714435708999 -0.6956333630650622 -0.7445554844666802 -1.2640595315853886 -1.2703837428315738 -1.3370686782141674 -1.3329803110194025 -1.7972916304136568 -2.38276950163766 -1.2838565674741023 -1.7466508711297146 -1.2421853844356392 -1.2343494219522766 -1.2381525403011822 -1.2577276522539258 -1.264211447201184 -1.233638944480545 -1.2442094120011862 -1.2308145844318656 -0.8012979430431525 -0.8468222492038412 -1.329380871092363 -1.2388664974142685 -1.3138293274453876 -1.8506928009574013 -1.2175677038944477 -1.223349821766734 -0.8280162274530035 -0.9174326561199151 -1.2320991117949207 -1.7782004366800497 -1.8504086043889563 -1.1768150267338666 -1.2607126362487453 -1.2009044959571438 -1.8608228346238704 -1.3601979835180744 -1.2215969545312109 -1.8188756492934663 -1.2279195126918587 -1.3097255167900625 -1.3534942699115113 -0.8001937580495986 -0.7760379293631997 -1.226836434631589 -1.1440347835163616 -1.7265662500178718 -1.2663731257126432 -1.2614162021761801 -1.2205853723650084 -0.7980041826766099 -1.8376233000524738 -1.4360367862037775 -1.8100357566698357 -1.1630983755883602 -1.327043001597172 -1.2592126374913235 -0.8465825485642167 -0.8203332852881493 -1.2222617107093727 -0.8388121168155919 -1.262020775589923 -1.182648238756437 -0.8585026572467235 -1.1670917302124615 -0.8196202961742781 -0.7834880908378691 -1.173844672595791 -1.3478127958944113 -1.8231901379329358 -1.8341009543451132 -1.3639479760773068 -1.838869954638862 -2.437432570621023 -1.2484033043905545 -1.2208120439436168 -1.249526693342856 -0.8753254289767088 -0.7916308228764254 -0.7840934855390671 -0.7361371933091018 -0.78971448026201 -0.7387254907061435 -1.215549840400602 -1.222681253981111 -1.3051802277169549 -1.1631259993903944 -0.8629214360205497 -1.8484937773278536 -0.8328550942703412 -0.8141623636367804 -1.8198513967077459 -1.3448947633582684 -1.8140615079553433 -1.3416356293958676 -1.4242973454713805 -1.8712842743998088 -1.2515135323670417 -0.7915445931162641 -1.2160895323526273 -1.2442358555368622 -1.784939937821645 -0.9995421496721449 -1.782937684117336 -0.7820690017085609 -0.771356694471222 -0.751871376171297 -1.26388811465156 -1.8528406412737672 -1.8299405678578573 -1.2562094423039671 -1.2585284981068243 -1.1718538643352676 -1.2081637096331415 -1.2624639151444614
-0.7673849706391815 -0.7308610575996847 -0.7383257687944281 -0.7195719066584839 -0.7134476210705698 -0.7447086268318487 -0.7612813267789299 -0.7631047953047528 -1.8745822344175096 -1.8298111606379786 -1.8982117522901176 -1.9125383335914743 -1.8502868058918276 -1.3809798627002932 -1.3546398664557273 -1.3023781408051567 -1.289378995647974 -1.2901146171657685 -1.2896555971995054 -1.848221130705922 -1.2243778925448259 -1.32256741559397 -1.8712653445139449 -1.3647854642772788 -1.242038315017816 -0.8285148362433187 -1.25611106962519 -1.2366167568250606 -0.8047596223126011 -1.271330655181275 -1.2209546367570492 -0.7842877194042741 -1.2348107453353734 -0.7899022061025269 -0.7929941040431496 -0.8235622436247261 -0.7429504486316771 -0.8351082889156597 -0.7375965797628828 -1.2522727307308623 -0.7456357746524848 -0.7321296160114092 -0.748958596883016 -0.7425974706992897 -0.7369306525158185 -0.7258714435708999 -0.6956333630650622 -0.7445554844666802 -1.2640595315853886 -1.2703837428315738 -1.3370686782141674 -1.3329803110194025 -1.7972916304136568 -2.38276950163766 -1.261607849028779 -1.7466508711297146 -1.2421853844356392 -1.2343494219522766 -1.2381525403011822 -1.2577276522539258 -1.2529816962954383 -1.233638944480545 -1.2442094120011862 -1.2204741915406998 -0.8012979430431525 -0.8375413567133724 -1.329380871092363 -1.250185785278303 -1.3138293274453876 -1.8506928009574013 -1.2175677038944477 -1.2312860998793538 -0.8280162274530035 -0.9174326561199151 -1.2320991117949207 -1.7782004366800497 -1.8597781908923403 -1.1768150267338666 -1.2607126362487453 -1.2009044959571438 -1.8608228346238704 -1.3601979835180744 -1.2215969545312109 -1.808935824491136 -1.2279195126918587 -1.3097255167900625 -1.32896851156075 -0.8001937580495986 -0.7760379293631997 -1.226836434631589 -1.1440347835163616 -1.7265662500178718 -1.2663731257126432 -1.2614162021761801 -1.2205853723650084 -0.7980041826766099 -1.8376233000524738 -1.4360367862037775 -1.8100357566698357 -1.1630983755883602 -1.327043001597172 -1.2592126374913235 -0.8465825485642167 -0.8203332852881493 -1.2072865385825944 -0.8388121168155919 -1.262020775589923 -1.182648238756437 -0.844468871101391 -1.1611831570217763 -0.8196202961742781 -0.7834880908378691 -1.173844672595791 -1.3478127958944113 -1.838636446433536 -1.8341009543451132 -1.3639479760773068 -1.838869954638862 -2.437432570621023 -1.2484033043905545 -1.2208120439436168 -1.2123370329436833 -0.8753254289767088 -0.7932954026272887 -0.7840934855390671 -0.7816172627468662 -0.78971448026201 -0.7493550274894649 -1.2032881942744282 -1.207441519563548 -1.3051802277169549 -1.1631259993903944 -0.8629214360205497 -1.8484937773278536 -0.8186597723411457 -0.8141623636367804 -1.8198513967077459 -1.3448947633582684 -1.8140615079553433 -1.3111112472181947 -1.4242973454713805 -1.8712842743998088 -1.288062955903074 -0.7915445931162641 -1.2160895323526273 -1.2442358555368622 -1.7615963839812077 -0.9995421496721449 -1.782937684117336 -0.7820690017085609 -0.771356694471222 -0.7680694059626959 -1.26388811465156 -1.8528406412737672 -1.8299405678578573 -1.2707554573625452 -1.2585284981068243 -1.1718538643352676 -1.2081637096331415 -1.254055925714689
-0.7673849706391815 -0.7402147173509956 -0.7383257687944281 -0.7333369540842722 -0.7134476210705698 -0.7447086268318487 -0.7612813267789299 -0.7456224390784478 -1.8745822344175096 -1.8298111606379786 -1.8848372767404136 -1.9125383335914743 -1.8502868058918276 -1.3809798627002932 -1.3546398664557273 -1.3103672954682546 -1.289378995647974 -1.301300864462655 -1.296725540654986 -1.848221130705922 -1.2243778925448259 -1.3102606204610943 -1.8712653445139449 -0.8826174799087648 -1.2477886650602212 -0.8285148362433187 -1.2412877832534794 -1.2304285604791583 -0.8062058877521575 -1.271330655181275 -1.2209546367570492 -0.7842877194042741 -1.2348107453353734 -0.7899022061025269 -0.8003110569442466 -0.8235622436247261 -0.7351149890142452 -0.8351082889156597 -1.206207049062614 -1.244053965937373 -0.7403645315204576 -0.7281923733713831 -0.748958596883016 -0.7425974706992897 -0.7369306525158185 -0.7258714435708999 -0.6905789173830046 -0.7445554844666802 -1.2779077740645142 -1.2703837428315738 -1.3370686782141674 -1.3329803110194025 -1.7972916304136568 -2.38276950163766 -1.2838565674741023 -1.7466508711297146 -1.2421853844356392 -1.2343494219522766 -1.2381525403011822 -1.2577276522539258 -1.264211447201184 -1.233638944480545 -1.2442094120011862 -1.2308145844318656 -0.7961130905640554 -0.8172245415785722 -1.329380871092363 -1.250185785278303 -1.3138293274453876 -1.8506928009574013 -1.2175677038944477 -1.2230495727283623 -0.8280162274530035 -0.9174326561199151 -1.2320991117949207 -1.758124520582609 -1.8465931869828596 -1.1768150267338666 -1.2607126362487453 -1.2009044959571438 -2.4990334542297443 -1.3785956380764308 -1.2215969545312109 -1.808935824491136 -1.2279195126918587 -1.3097255167900625 -1.3534942699115113 -0.8001937580495986 -0.7760379293631997 -1.226836434631589 -1.1440347835163616 -1.7265662500178718 -1.2663731257126432 -1.2614162021761801 -1.2205853723650084 -0.7980041826766099 -1.8376233000524738 -1.4360367862037775 -1.793006448679333 -1.151357822099837 -1.327043001597172 -1.2458691925830339 -0.8465825485642167 -0.7983152126339019 -1.2222617107093727 -0.8388121168155919 -1.262020775589923 -1.182648238756437 -1.3267181080400374 -1.1611831570217763 -0.8196202961742781 -0.7834880908378691 -1.173844672595791 -1.3478127958944113 -1.838636446433536 -1.8341009543451132 -1.3639479760773068 -1.838869954638862 -2.437432570621023 -1.2542223992125605 -1.2208120439436168 -1.2123370329436833 -0.8753254289767088 -0.7916308228764254 -0.7889578580399863 -0.7816172627468662 -0.78971448026201 -0.7493550274894649 -1.2032881942744282 -1.214955480025569 -1.3051802277169549 -1.1631259993903944 -0.8556884401491789 -1.8484937773278536 -0.8186597723411457 -0.8141623636367804 -1.8198513967077459 -1.3448947633582684 -1.8140615079553433 -1.3111112472181947 -1.4242973454713805 -1.8712842743998088 -1.288062955903074 -0.7915445931162641 -1.208442484208692 -1.2683859027091902 -1.7615963839812077 -1.017779776682398 -1.782937684117336 -0.7921549699516045 -0.7649988049447863 -0.751871376171297 -1.26388811465156 -1.8528406412737672 -1.8299405678578573 -1.2707554573625452 -1.2585284981068243 -1.1718538643352676 -1.2081637096331415 -1.254055925714689
-0.7673849706391815 -0.7322100187393413 -0.7383257687944281 -0.7521498190538027 -0.7134476210705698 -0.7447086268318487 -0.7612813267789299 -0.7456224390784478 -1.8745822344175096 -1.8298111606379786 -1.8982117522901176 -1.9125383335914743 -1.8502868058918276 -1.3809798627002932 -1.3546398664557273 -1.3103672954682546 -1.289378995647974 -1.2901146171657685 -1.2896555971995054 -1.848221130705922 -1.2243778925448259 -1.32256741559397 -1.8712653445139449 -1.3647854642772788 -1.2477886650602212 -0.8285148362433187 -1.25611106962519 -1.2366167568250606 -0.8212383149662383 -1.271330655181275 -1.2209546367570492 -0.7842877194042741 -1.2348107453353734 -0.8075768833307583 -0.8048866020773279 -0.8235622436247261 -0.7670780294381947 -1.3229383688870864 -1.206207049062614 -1.244053965937373 -0.7403645315204576 -0.7281923733713831 -0.748958596883016 -0.7425974706992897 -0.7369306525158185 -0.7258714435708999 -0.6905789173830046 -0.7363460559383865 -1.2640595315853886 -1.2703837428315738 -1.3370686782141674 -1.3329803110194025 -1.7972916304136568 -2.38276950163766 -1.2838565674741023 -1.7466508711297146 -1.2421853844356392 -1.2343494219522766 -1.2381525403011822 -1.2400201669475548 -1.2372774521491385 -1.2086592299582368 -1.2062009004997856 -1.2204741915406998 -0.7961130905640554 -0.8172245415785722 -1.329380871092363 -1.250185785278303 -1.3138293274453876 -1.8950294368982428 -1.2175677038944477 -1.2312860998793538 -0.8280162274530035 -0.9174326561199151 -1.2320991117949207 -1.7858820062995215 -1.8597781908923403 -1.1768150267338666 -1.2607126362487453 -1.2009044959571438 -2.4990334542297443 -1.3785956380764308 -1.2215969545312109 -1.808935824491136 -1.2279195126918587 -1.3097255167900625 -1.3534942699115113 -0.8001937580495986 -0.7760379293631997 -1.226836434631589 -1.1440347835163616 -1.7265662500178718 -1.2663731257126432 -1.2614162021761801 -1.2205853723650084 -0.775409706925889 -1.8376233000524738 -1.4360367862037775 -1.8538059128201434 -1.151357822099837 -1.3137023187247991 -1.2458691925830339 -0.827386172736542 -0.8056388479335211 -1.2047671299831748 -0.8388121168155919 -1.2559532969224783 -1.154881661750769 -1.3267181080400374 -1.1611831570217763 -0.813390802098263 -0.7777528001782433 -1.173844672595791 -1.3478127958944113 -1.840845493678302 -1.8463507470997518 -1.3639479760773068 -1.838869954638862 -2.437432570621023 -1.2484033043905545 -1.1923443952819042 -1.2123370329436833 -0.8753254289767088 -0.7916308228764254 -0.7840934855390671 -0.7816172627468662 -0.78971448026201 -0.7493550274894649 -1.2032881942744282 -1.222681253981111 -1.3051802277169549 -1.1631259993903944 -0.8629214360205497 -1.8484937773278536 -0.8186597723411457 -0.8141623636367804 -1.8198513967077459 -1.3448947633582684 -1.8140615079553433 -1.3111112472181947 -1.4242973454713805 -1.8712842743998088 -1.3475754396902935 -0.8399385088138704 -1.2160895323526273 -1.2442358555368622 -1.7615963839812077 -0.9995421496721449 -1.782937684117336 -0.7820690017085609 -0.771356694471222 -0.7449865096854273 -1.26388811465156 -1.8528406412737672 -1.8299405678578573 -1.2707554573625452 -1.2585284981068243 -1.1718538643352676 -1.2081637096331415 -1.2624639151444614
-0.7566730939366886 -0.7322100187393413 -0.7299609310309308 -0.7521498190538027 -0.7315205418788729 -0.7545010638525776 -0.7612813267789299 -0.7456224390784478 -1.8745822344175096 -1.8298111606379786 -1.8982117522901176 -1.9125383335914743 -1.8502868058918276 -1.3809798627002932 -1.3546398664557273 -1.3103672954682546 -1.289378995647974 -1.2901146171657685 -1.2896555971995054 -1.848221130705922 -1.2738985580885664 -1.32256741559397 -1.8712653445139449 -0.8885782160332372 -1.2424520504776795 -0.8285148362433187 -1.2412877832534794 -1.2213931959993722 -0.8047596223126011 -1.2643719785460408 -1.2209546367570492 -0.7842877194042741 -1.2348107453353734 -0.8075768833307583 -0.8048866020773279 -0.8235622436247261 -1.2201682890522438 -1.3229383688870864 -1.1781710347286491 -1.2358488850828537 -0.7403645315204576 -0.7281923733713831 -0.7443846658360447 -0.7425974706992897 -0.7369306525158185 -0.7258714435708999 -0.6905789173830046 -0.7363460559383865 -1.2640595315853886 -1.2635960057828708 -1.3370686782141674 -1.3329803110194025 -1.7972916304136568 -2.38276950163766 -1.261607849028779 -1.7466508711297146 -1.2421853844356392 -1.2343494219522766 -1.2381525403011822 -1.2400201669475548 -1.2467209017517824 -1.2023182998104713 -1.2062009004997856 -1.2277771374000424 -0.7961130905640554 -0.8172245415785722 -1.329380871092363 -1.250185785278303 -1.3138293274453876 -1.8950294368982428 -1.2175677038944477 -1.2312860998793538 -0.8280162274530035 -0.9174326561199151 -1.241137112694571 -1.7858820062995215 -1.8597781908923403 -1.206016878081814 -1.2709254314617997 -1.7546100514948642 -2.4990334542297443 -1.3785956380764308 -1.257853912931369 -1.808935824491136 -1.2279195126918587 -1.3097255167900625 -1.32896851156075 -0.8001937580495986 -0.7760379293631997 -1.226836434631589 -1.1440347835163616 -1.7265662500178718 -1.2663731257126432 -1.2614162021761801 -1.2205853723650084 -0.775409706925889 -1.8376233000524738 -1.4360367862037775 -1.8538059128201434 -1.151357822099837 -1.3137023187247991 -1.2349194633061409 -0.827386172736542 -0.8056388479335211 -1.1916381655830712 -0.8024341004679126 -1.2559532969224783 -1.154881661750769 -1.31343984321545 -1.1611831570217763 -0.813390802098263 -0.7777528001782433 -1.179971872423164 -1.3478127958944113 -1.8563434690921865 -1.8463507470997518 -1.3639479760773068 -1.838869954638862 -2.437432570621023 -1.2484033043905545 -1.1923443952819042 -1.2224333767027908 -0.8753254289767088 -0.785568040670946 -0.7840934855390671 -0.7816172627468662 -0.78971448026201 -0.7387254907061435 -1.2074772133639933 -1.222681253981111 -1.3051802277169549 -1.1631259993903944 -0.8556884401491789 -1.8484937773278536 -0.8186597723411457 -0.8141623636367804 -1.8198513967077459 -1.3448947633582684 -1.8140615079553433 -1.3017559035788113 -1.4242973454713805 -1.8712842743998088 -1.3475754396902935 -0.8399385088138704 -1.1925724395301245 -1.2442358555368622 -1.7496206106197698 -0.9912983842712872 -1.782937684117336 -0.7820690017085609 -0.771356694471222 -0.7390617510541744 -1.26388811465156 -1.8528406412737672 -1.8408369515363658 -1.2707554573625452 -1.2585284981068243 -1.1718538643352676 -1.2170553038022252 -1.2645904631519718
-0.7566730939366886 -0.7400345704376288 -0.7466810597583974 -0.7521498190538027 -0.7315205418788729 -0.7545010638525776 -0.7612813267789299 -0.7456224390784478 -1.8745822344175096 -1.8298111606379786 -1.8982117522901176 -1.9125383335914743 -1.8502868058918276 -1.3809798627002932 -1.3546398664557273 -1.3103672954682546 -1.289378995647974 -1.2901146171657685 -1.2896555971995054 -1.848221130705922 -1.2738985580885664 -1.32256741559397 -1.8712653445139449 -1.3723491395616656 -1.2424520504776795 -0.8285148362433187 -1.25611106962519 -1.2213931959993722 -0.8047596223126011 -1.2555781422330516 -1.2209546367570492 -0.7842877194042741 -1.2348107453353734 -0.8075768833307583 -0.8048866020773279 -0.8235622436247261 -1.2201682890522438 -1.3522616470211122 -1.1781710347286491 -1.2358488850828537 -0.7403645315204576 -0.7281923733713831 -0.7443846658360447 -0.7448701962691759 -0.7369306525158185 -0.7258714435708999 -0.6905789173830046 -0.7363460559383865 -1.2640595315853886 -1.2635960057828708 -1.3370686782141674 -1.3236724921567447 -1.7972916304136568 -2.38276950163766 -1.261607849028779 -1.7466508711297146 -1.2421853844356392 -1.2343494219522766 -1.219233938728542 -1.2400201669475548 -1.2310564078391901 -1.2023182998104713 -1.2062009004997856 -1.2277771374000424 -0.7961130905640554 -0.8172245415785722 -1.329380871092363 -1.250185785278303 -1.3692256775662568 -1.8950294368982428 -1.2444406457943826 -1.2312860998793538 -0.8280162274530035 -0.9174326561199151 -1.241137112694571 -1.7858820062995215 -1.8597781908923403 -1.206016878081814 -1.2709254314617997 -1.7546100514948642 -2.4857241178760616 -1.3785956380764308 -1.257853912931369 -1.808935824491136 -1.2279195126918587 -1.3097255167900625 -1.32896851156075 -0.8001937580495986 -0.7760379293631997 -1.226836434631589 -1.1440347835163616 -1.7265662500178718 -1.2663731257126432 -1.2614162021761801 -1.2205853723650084 -0.775409706925889 -1.8376233000524738 -1.4360367862037775 -1.8538059128201434 -1.151357822099837 -1.3137023187247991 -1.2349194633061409 -0.827386172736542 -0.8056388479335211 -1.1916381655830712 -0.8024341004679126 -1.2559532969224783 -1.154881661750769 -1.31343984321545 -1.1611831570217763 -0.813390802098263 -0.7777528001782433 -1.179971872423164 -1.3478127958944113 -1.8563434690921865 -1.8463507470997518 -1.3639479760773068 -1.838869954638862 -2.437432570621023 -1.2484033043905545 -1.1923443952819042 -1.2123370329436833 -0.8753254289767088 -0.785568040670946 -0.7840934855390671 -0.7816172627468662 -0.78971448026201 -0.7823634686616786 -1.2183128090499356 -1.222681253981111 -1.3051802277169549 -1.1631259993903944 -0.8556884401491789 -1.8484937773278536 -0.8186597723411457 -0.8700481888135453 -1.8198513967077459 -1.3448947633582684 -1.8140615079553433 -1.3017559035788113 -1.4242973454713805 -1.8712842743998088 -1.3475754396902935 -0.8399385088138704 -1.1925724395301245 -1.2442358555368622 -1.7496206106197698 -0.9912983842712872 -1.782937684117336 -0.7820690017085609 -0.771356694471222 -0.7390617510541744 -1.26388811465156 -1.8528406412737672 -1.8408369515363658 -1.2707554573625452 -1.2585284981068243 -1.1718538643352676 -1.2170553038022252 -1.2645904631519718
-0.7566730939366886 -0.7400345704376288 -0.7466810597583974 -0.7634256526581004 -0.7315205418788729 -0.7618509590105884 -0.7655620434736521 -0.7456224390784478 -1.8745822344175096 -1.8298111606379786 -1.8982117522901176 -1.9125383335914743 -1.8502868058918276 -1.3809798627002932 -1.3546398664557273 -1.3103672954682546 -1.2782909051800126 -1.301300864462655 -1.296725540654986 -1.848221130705922 -1.2738985580885664 -1.32256741559397 -1.8712653445139449 -1.3723491395616656 -1.2424520504776795 -0.8285148362433187 -1.25611106962519 -1.2152439611258021 -0.8062058877521575 -1.2643719785460408 -1.2209546367570492 -0.7842877194042741 -1.2348107453353734 -0.8075768833307583 -0.8048866020773279 -0.8331147251560914 -1.2067295936194076 -1.3522616470211122 -1.206207049062614 -1.244053965937373 -0.7403645315204576 -0.7281923733713831 -0.7443846658360447 -0.7448701962691759 -0.7369306525158185 -0.7258714435708999 -0.6905789173830046 -0.7363460559383865 -1.2640595315853886 -1.2635960057828708 -1.3370686782141674 -1.3236724921567447 -1.7972916304136568 -2.38276950163766 -1.261607849028779 -1.7466508711297146 -1.2326201561980161 -1.2343494219522766 -1.2381525403011822 -1.2498346890230732 -1.2467209017517824 -1.1937602655286352 -1.2183347377053348 -1.2204741915406998 -0.8296727256721437 -0.8172245415785722 -1.329380871092363 -1.250185785278303 -1.3692256775662568 -1.8950294368982428 -1.2444406457943826 -1.2230495727283623 -0.8280162274530035 -0.9174326561199151 -1.241137112694571 -1.7657745446650166 -1.8465931869828596 -1.206016878081814 -1.2607126362487453 -1.7546100514948642 -2.4857241178760616 -1.3785956380764308 -1.257853912931369 -1.808935824491136 -1.2279195126918587 -1.3097255167900625 -1.32896851156075 -0.8001937580495986 -0.769543486837266 -1.226836434631589 -1.1440347835163616 -1.7265662500178718 -1.2535199148991991 -1.2614162021761801 -1.2205853723650084 -0.775409706925889 -1.8376233000524738 -1.4360367862037775 -1.8538059128201434 -1.151357822099837 -1.3137023187247991 -1.2236489787289322 -0.827386172736542 -0.8056388479335211 -1.1916381655830712 -0.7959778199443657 -1.2559532969224783 -1.1714204724732327 -1.3267181080400374 -1.1611831570217763 -0.804321643301839 -0.8062769628311994 -1.173844672595791 -1.3478127958944113 -1.8500011486996248 -1.8463507470997518 -1.3639479760773068 -1.838869954638862 -2.437432570621023 -1.2542223992125605 -1.1923443952819042 -1.2123370329436833 -0.8753254289767088 -0.7916308228764254 -0.8206811329120097 -0.7816172627468662 -0.78971448026201 -0.7934058779378703 -1.2060368129338563 -1.222681253981111 -1.316864083882609 -1.1631259993903944 -0.8556884401491789 -1.8484937773278536 -0.8186597723411457 -0.8635019323901222 -1.8198513967077459 -1.3448947633582684 -1.8140615079553433 -1.3017559035788113 -1.4242973454713805 -1.8712842743998088 -1.3475754396902935 -0.8399385088138704 -1.208442484208692 -1.2442358555368622 -1.7615963839812077 -1.0094488807846809 -1.782937684117336 -0.7921549699516045 -0.771356694471222 -0.7390617510541744 -1.26388811465156 -1.8813163010182463 -1.8408369515363658 -1.2707554573625452 -1.2419556261551257 -1.1718538643352676 -1.2233014230108086 -1.273033484510695
-0.7729094093601158 -0.7669901138852699 -0.7466810597583974 -0.7678042292805005 -0.7315205418788729 -0.7618509590105884 -0.7655620434736521 -0.7510108527129388 -1.8745822344175096 -1.8298111606379786 -1.8882556485530653 -1.9125383335914743 -1.8502868058918276 -1.3809798627002932 -1.3546398664557273 -1.3103672954682546 -1.2782909051800126 -1.2901146171657685 -1.296725540654986 -1.848221130705922 -1.2738985580885664 -1.32256741559397 -1.8787912990117892 -0.8885782160332372 -1.2424520504776795 -0.8285148362433187 -1.2412877832534794 -1.2152439611258021 -0.8062058877521575 -1.2643719785460408 -1.2209546367570492 -0.7842877194042741 -1.2473854715662969 -0.8075768833307583 -0.8122747801493023 -0.8331147251560914 -1.2067295936194076 -1.3522616470211122 -1.2423276181190224 -1.2522727307308623 -0.7403645315204576 -0.7281923733713831 -0.7443846658360447 -0.7448701962691759 -0.7325346738687808 -0.7258714435708999 -0.6905789173830046 -0.7363460559383865 -1.2640595315853886 -1.2635960057828708 -1.3370686782141674 -1.3236724921567447 -1.7972916304136568 -2.38276950163766 -1.261607849028779 -1.7355083254129406 -1.2326201561980161 -1.2343494219522766 -1.2381525403011822 -1.2498346890230732 -1.2467209017517824 -1.2185823196375447 -1.2183347377053348 -1.2204741915406998 -0.8296727256721437 -0.8375413567133724 -1.329380871092363 -1.250185785278303 -1.3692256775662568 -1.8950294368982428 -1.2444406457943826 -1.242440912451111 -0.8280162274530035 -0.9174326561199151 -1.241137112694571 -1.7657745446650166 -1.8597781908923403 -1.206016878081814 -1.2607126362487453 -1.7546100514948642 -2.4857241178760616 -1.3785956380764308 -1.257853912931369 -1.808935824491136 -1.2279195126918587 -1.8818679535875997 -1.3676827392805637 -0.8001937580495986 -0.7547325859367306 -1.226836434631589 -1.1440347835163616 -1.7265662500178718 -1.2535199148991991 -1.2614162021761801 -1.2205853723650084 -1.237198978880969 -1.8376233000524738 -1.4360367862037775 -2.4913963404857706 -1.151357822099837 -1.3137023187247991 -1.2236489787289322 -0.827386172736542 -0.8056388479335211 -1.1916381655830712 -0.7959778199443657 -1.2559532969224783 -1.1714204724732327 -1.3267181080400374 -1.1611831570217763 -0.804321643301839 -0.7954906190471236 -1.1677628664000328 -1.3478127958944113 -1.8500011486996248 -1.8463507470997518 -1.3639479760773068 -2.4750170378216856 -2.4871646017339932 -1.2542223992125605 -1.2022760815957856 -1.2123370329436833 -0.8275590441929579 -0.7916308228764254 -0.8206811329120097 -0.7816172627468662 -0.78971448026201 -0.7934058779378703 -1.2060368129338563 -1.207441519563548 -1.316864083882609 -1.1631259993903944 -0.8556884401491789 -1.8484937773278536 -0.8120992394648018 -0.8635019323901222 -1.8198513967077459 -1.3448947633582684 -1.8140615079553433 -1.3017559035788113 -1.4242973454713805 -1.8712842743998088 -1.3475754396902935 -0.8399385088138704 -1.208442484208692 -1.2442358555368622 -1.7496206106197698 -0.9702744016316548 -1.782937684117336 -0.7921549699516045 -0.771356694471222 -0.7757243474934304 -1.26388811465156 -1.8813163010182463 -1.8408369515363658 -1.2707554573625452 -1.2419556261551257 -1.1718538643352676 -1.2435591883553474 -1.273033484510695
-0.7729094093601158 -0.8029231817034236 -0.7697096640298197 -0.7678042292805005 -0.7315205418788729 -0.7618509590105884 -0.7655620434736521 -0.7522547446932824 -1.8745822344175096 -1.8298111606379786 -1.8882556485530653 -1.9125383335914743 -1.8502868058918276 -1.3809798627002932 -1.3546398664557273 -1.3009731406134513 -1.2782909051800126 -1.2901146171657685 -1.858338262286915 -1.848221130705922 -1.2738985580885664 -1.32256741559397 -1.8787912990117892 -1.3723491395616656 -1.2424520504776795 -0.8285148362433187 -1.25611106962519 -1.2213931959993722 -0.8047596223126011 -1.2643719785460408 -1.2209546367570492 -0.7842877194042741 -1.2348107453353734 -0.8075768833307583 -0.8048866020773279 -0.8331147251560914 -1.2407234945547818 -1.931084174303121 -1.2138605966644562 -1.2358488850828537 -0.7403645315204576 -0.7281923733713831 -0.7443846658360447 -0.7448701962691759 -0.7325346738687808 -0.7258714435708999 -0.6905789173830046 -0.7363460559383865 -1.2640595315853886 -1.2635960057828708 -1.3370686782141674 -1.3236724921567447 -1.7972916304136568 -2.38276950163766 -1.261607849028779 -1.7355083254129406 -1.2326201561980161 -1.2343494219522766 -1.219233938728542 -1.2400201669475548 -1.2467209017517824 -1.2185823196375447 -1.2062009004997856 -1.2204741915406998 -0.8296727256721437 -0.8172245415785722 -1.329380871092363 -1.250185785278303 -1.3692256775662568 -1.8950294368982428 -1.2444406457943826 -1.250743142089252 -0.8280162274530035 -0.9174326561199151 -1.241137112694571 -1.7858820062995215 -1.8597781908923403 -1.2186794740789453 -1.2607126362487453 -1.7546100514948642 -2.4857241178760616 -1.4115047628109605 -1.257853912931369 -1.808935824491136 -1.2279195126918587 -1.8818679535875997 -1.3676827392805637 -0.8001937580495986 -0.7547325859367306 -1.226836434631589 -1.1440347835163616 -1.7265662500178718 -1.2535199148991991 -1.2522620840438914 -1.2205853723650084 -1.226908168068005 -1.8376233000524738 -1.4360367862037775 -2.4913963404857706 -1.151357822099837 -1.3137023187247991 -1.2236489787289322 -0.827386172736542 -0.775802611541028 -1.1916381655830712 -0.7959778199443657 -1.2559532969224783 -1.1714204724732327 -1.3267181080400374 -1.1611831570217763 -0.804321643301839 -0.7954906190471236 -1.1894816322536592 -1.3478127958944113 -1.8677456775175445 -1.8463507470997518 -1.3639479760773068 -2.4750170378216856 -2.4871646017339932 -1.2484033043905545 -1.1923443952819042 -1.2123370329436833 -0.8275590441929579 -0.7639736656462676 -0.8156899838381593 -0.7816172627468662 -0.78971448026201 -0.7934058779378703 -1.2060368129338563 -1.207441519563548 -1.316864083882609 -1.1631259993903944 -0.8556884401491789 -1.8484937773278536 -0.8186597723411457 -0.8562682082015536 -1.8198513967077459 -1.3448947633582684 -1.8140615079553433 -1.3017559035788113 -1.4483806718217016 -1.8712842743998088 -1.3475754396902935 -0.8399385088138704 -1.208442484208692 -1.2442358555368622 -1.7496206106197698 -0.9702744016316548 -1.782937684117336 -0.7820690017085609 -0.771356694471222 -0.7844009479173266 -1.26388811465156 -1.8813163010182463 -1.8408369515363658 -1.2707554573625452 -1.3023786496236471 -1.1718538643352676 -1.2435591883553474 -1.2847514770336532
-0.7729094093601158 -0.8029231817034236 -0.7697096640298197 -0.7678042292805005 -0.7315205418788729 -0.7618509590105884 -0.7655620434736521 -0.7456224390784478 -1.8745822344175096 -1.8298111606379786 -1.8882556485530653 -1.9125383335914743 -1.8502868058918276 -1.3809798627002932 -1.3546398664557273 -1.3009731406134513 -1.2782909051800126 -1.2901146171657685 -1.858338262286915 -1.848221130705922 -1.2738985580885664 -1.32256741559397 -1.8787912990117892 -1.3723491395616656 -1.2424520504776795 -0.8285148362433187 -1.25611106962519 -1.2213931959993722 -0.8128332097459057 -1.2643719785460408 -1.2209546367570492 -0.7917859542620245 -1.2348107453353734 -0.8075768833307583 -0.8048866020773279 -0.8331147251560914 -1.2692605784540778 -1.931084174303121 -1.2423276181190224 -1.244053965937373 -0.7403645315204576 -0.7281923733713831 -0.7443846658360447 -0.7448701962691759 -0.7325346738687808 -0.7258714435708999 -0.6905789173830046 -0.7363460559383865 -1.2640595315853886 -1.2635960057828708 -1.3370686782141674 -1.3236724921567447 -1.7972916304136568 -2.38276950163766 -1.261607849028779 -1.7466508711297146 -1.2421853844356392 -1.2343494219522766 -1.219233938728542 -1.2296479402867433 -1.2467209017517824 -1.209337183769577 -1.2062009004997856 -1.2204741915406998 -0.8296727256721437 -0.8172245415785722 -1.329380871092363 -1.250185785278303 -1.3692256775662568 -1.8950294368982428 -1.2444406457943826 -1.276561978960698 -0.8280162274530035 -0.9174326561199151 -1.241137112694571 -1.7858820062995215 -1.8597781908923403 -1.18931827968789 -1.2607126362487453 -1.7546100514948642 -2.4857241178760616 -1.4026912554088855 -1.257853912931369 -1.808935824491136 -1.2279195126918587 -1.8818679535875997 -1.3676827392805637 -0.806269728166866 -0.7547325859367306 -1.226836434631589 -1.1440347835163616 -1.7265662500178718 -1.2535199148991991 -1.2522620840438914 -1.2205853723650084 -1.2189246316469127 -1.8376233000524738 -1.4360367862037775 -2.4913963404857706 -1.151357822099837 -1.3137023187247991 -1.2236489787289322 -0.799885470284862 -0.775802611541028 -1.1916381655830712 -0.7959778199443657 -1.2559532969224783 -1.1714204724732327 -1.31343984321545 -1.1552129098699915 -0.804321643301839 -0.7954906190471236 -1.1956512473796002 -1.3478127958944113 -1.8677456775175445 -1.8463507470997518 -1.3639479760773068 -2.4750170378216856 -2.4871646017339932 -1.2484033043905545 -1.1923443952819042 -1.2224333767027908 -0.8275590441929579 -0.7699259025262316 -0.8156899838381593 -0.7949589678774237 -0.78971448026201 -0.7823634686616786 -1.2183128090499356 -1.222681253981111 -1.316864083882609 -1.1631259993903944 -0.8556884401491789 -1.8484937773278536 -0.8186597723411457 -0.8562682082015536 -1.8198513967077459 -1.3448947633582684 -1.8140615079553433 -1.3017559035788113 -1.4483806718217016 -2.510487309785174 -1.3475754396902935 -0.8399385088138704 -1.1925724395301245 -1.2442358555368622 -1.7615963839812077 -0.9624004696790623 -1.782937684117336 -0.7820690017085609 -0.771356694471222 -0.7757243474934304 -1.26388811465156 -1.8813163010182463 -1.8299405678578573 -1.2707554573625452 -1.3023786496236471 -1.1496192892602153 -1.2435591883553474 -1.2847514770336532
-0.7729094093601158 -0.8029231817034236 -0.7697096640298197 -0.7678042292805005 -0.7315205418788729 -0.7618509590105884 -0.7655620434736521 -0.7402970290428298 -1.8745822344175096 -1.8298111606379786 -1.8882556485530653 -1.9125383335914743 -1.8502868058918276 -1.3809798627002932 -1.3546398664557273 -1.3009731406134513 -1.2782909051800126 -1.2901146171657685 -1.858338262286915 -1.848221130705922 -1.2738985580885664 -1.32256741559397 -1.8787912990117892 -0.8885782160332372 -1.2424520504776795 -0.8285148362433187 -1.2412877832534794 -1.2213931959993722 -0.8131106327460836 -1.2643719785460408 -1.2209546367570492 -0.7842877194042741 -1.2348107453353734 -0.8075768833307583 -0.8048866020773279 -0.8223581958316074 -1.2692605784540778 -1.931084174303121 -1.2138605966644562 -1.244053965937373 -0.7403645315204576 -0.7281923733713831 -0.7443846658360447 -0.7448701962691759 -0.7325346738687808 -0.7258714435708999 -0.6905789173830046 -0.7363460559383865 -1.2640595315853886 -1.2635960057828708 -1.3370686782141674 -1.3236724921567447 -1.7972916304136568 -2.38276950163766 -1.261607849028779 -1.7466508711297146 -1.2421853844356392 -1.2343494219522766 -1.219233938728542 -1.2296479402867433 -1.2467209017517824 -1.209337183769577 -1.1967076275467021 -1.2204741915406998 -0.8187612799198688 -0.8172245415785722 -1.329380871092363 -1.250185785278303 -1.3692256775662568 -1.8950294368982428 -1.2444406457943826 -1.276561978960698 -0.8589751163444033 -0.9174326561199151 -1.2871709902921775 -1.7858820062995215 -1.8597781908923403 -1.18931827968789 -1.2607126362487453 -1.7546100514948642 -2.4857241178760616 -1.4026912554088855 -1.257853912931369 -1.808935824491136 -1.2279195126918587 -1.8818679535875997 -1.3676827392805637 -0.8001937580495986 -0.7547325859367306 -1.2154061126130966 -1.1440347835163616 -1.7265662500178718 -1.2535199148991991 -1.2522620840438914 -1.2205853723650084 -1.2189246316469127 -1.8376233000524738 -1.4360367862037775 -2.4913963404857706 -1.1398518503118407 -1.3137023187247991 -1.2236489787289322 -0.8373443206552218 -0.775802611541028 -1.1916381655830712 -0.7878878091448184 -1.2559532969224783 -1.1714204724732327 -1.31343984321545 -1.1552129098699915 -0.804321643301839 -0.8375729610448513 -1.1956512473796002 -1.3478127958944113 -1.8943404896167675 -1.8463507470997518 -1.3639479760773068 -2.4750170378216856 -2.4871646017339932 -1.2690526001866254 -1.1923443952819042 -1.2123370329436833 -0.8163693424785947 -0.7639736656462676 -0.806114132343312 -0.7949589678774237 -0.78971448026201 -0.7823634686616786 -1.2183128090499356 -1.222681253981111 -1.316864083882609 -1.1631259993903944 -0.8556884401491789 -1.8484937773278536 -0.8120992394648018 -0.8562682082015536 -1.8198513967077459 -1.330547479131907 -1.8140615079553433 -1.3017559035788113 -1.4483806718217016 -2.510487309785174 -1.3475754396902935 -0.8399385088138704 -1.1925724395301245 -1.2442358555368622 -1.7615963839812077 -0.9624004696790623 -1.782937684117336 -0.7820690017085609 -0.771356694471222 -0.7905650343422803 -1.26388811465156 -1.8813163010182463 -2.4667782211856206 -1.8366064258919421 -1.3023786496236471 -1.6951869146342384 -1.2435591883553474 -1.2847514770336532
-0.7729094093601158 -0.8029231817034236 -0.7697096640298197 -0.7678042292805005 -1.1686859766766249 -0.7618509590105884 -0.7655620434736521 -0.7402970290428298 -1.8745822344175096 -1.8298111606379786 -1.8882556485530653 -1.9125383335914743 -1.8502868058918276 -1.3809798627002932 -1.3546398664557273 -1.3009731406134513 -1.2782909051800126 -1.2901146171657685 -1.858338262286915 -1.848221130705922 -1.2738985580885664 -1.32256741559397 -1.8787912990117892 -0.8885782160332372 -1.2424520504776795 -0.8285148362433187 -1.2412877832534794 -1.2213931959993722 -0.8047596223126011 -1.2643719785460408 -1.2057166857824388 -0.7842877194042741 -1.2348107453353734 -0.8075768833307583 -0.8048866020773279 -0.8223581958316074 -1.2692605784540778 -1.931084174303121 -1.2138605966644562 -1.244053965937373 -0.7403645315204576 -0.7281923733713831 -0.7443846658360447 -0.7448701962691759 -0.7283891129031301 -0.7258714435708999 -0.6905789173830046 -0.7363460559383865 -1.2640595315853886 -1.2635960057828708 -1.3370686782141674 -1.3236724921567447 -1.7972916304136568 -2.38276950163766 -1.8260498538900125 -1.7466508711297146 -1.2421853844356392 -1.2343494219522766 -1.2381525403011822 -1.2394209953617528 -1.2467209017517824 -1.209337183769577 -1.2087923177283075 -1.2204741915406998 -0.8187612799198688 -0.8172245415785722 -1.329380871092363 -1.250185785278303 -1.3692256775662568 -1.8950294368982428 -1.2444406457943826 -1.276561978960698 -0.8589751163444033 -0.9286061984763622 -1.2871709902921775 -1.7858820062995215 -2.49787787111489 -1.18931827968789 -1.2607126362487453 -1.7546100514948642 -2.4857241178760616 -1.4026912554088855 -1.257853912931369 -1.793402121844996 -1.2279195126918587 -1.8818679535875997 -1.3676827392805637 -1.259094812166931 -0.7547325859367306 -1.2154061126130966 -1.1440347835163616 -1.7265662500178718 -1.2535199148991991 -1.2522620840438914 -1.2205853723650084 -1.2189246316469127 -1.8376233000524738 -1.4360367862037775 -2.4913963404857706 -1.170021672706217 -1.3137023187247991 -1.2236489787289322 -0.8373443206552218 -0.775802611541028 -1.1916381655830712 -0.7807282883964727 -1.2559532969224783 -1.1714204724732327 -1.31343984321545 -1.1552129098699915 -0.804321643301839 -0.8303537237446779 -1.1956512473796002 -1.3478127958944113 -1.9099895430271112 -1.8463507470997518 -1.3639479760773068 -2.4750170378216856 -2.4871646017339932 -1.2690526001866254 -1.1923443952819042 -1.2123370329436833 -0.8163693424785947 -0.7639736656462676 -0.806114132343312 -0.7949589678774237 -0.78971448026201 -0.7934058779378703 -1.2060368129338563 -1.222681253981111 -1.316864083882609 -1.1631259993903944 -0.8556884401491789 -1.8484937773278536 -0.8186597723411457 -0.8562682082015536 -1.8198513967077459 -1.330547479131907 -1.8140615079553433 -1.3017559035788113 -1.4483806718217016 -2.510487309785174 -1.3475754396902935 -0.8399385088138704 -1.1925724395301245 -1.2442358555368622 -1.7293367469160505 -0.9624004696790623 -1.782937684117336 -0.7820690017085609 -0.771356694471222 -0.8073474495244068 -1.26388811465156 -1.8813163010182463 -2.4667782211856206 -1.8366064258919421 -1.3023786496236471 -1.6951869146342384 -1.2435591883553474 -1.2847514770336532
-0.7729094093601158 -0.7930483938909558 -0.7697096640298197 -0.7678042292805005 -1.1686859766766249 -0.7618509590105884 -0.7655620434736521 -0.7468974707454293 -1.8745822344175096 -1.8298111606379786 -1.8882556485530653 -1.9125383335914743 -1.8502868058918276 -1.3809798627002932 -1.3546398664557273 -1.2930119471529602 -1.2782909051800126 -1.2901146171657685 -1.858338262286915 -1.848221130705922 -1.2738985580885664 -1.32256741559397 -1.8787912990117892 -1.3723491395616656 -1.2477886650602212 -0.8285148362433187 -1.25611106962519 -1.2213931959993722 -0.8047596223126011 -1.2643719785460408 -1.2057166857824388 -0.7842877194042741 -1.2348107453353734 -0.8075768833307583 -0.8048866020773279 -0.8460020837270684 -1.2586905823991261 -1.931084174303121 -1.2138605966644562 -1.244053965937373 -0.7534548661947942 -0.7281923733713831 -0.7443846658360447 -0.7448701962691759 -0.7283891129031301 -0.7258714435708999 -0.6795688241898807 -0.7363460559383865 -1.2640595315853886 -1.2635960057828708 -1.3370686782141674 -1.3236724921567447 -1.7972916304136568 -2.38276950163766 -1.8260498538900125 -1.7466508711297146 -1.2421853844356392 -1.2343494219522766 -1.219233938728542 -1.2296479402867433 -1.2176230567885973 -1.209337183769577 -1.1885406888713963 -1.2204741915406998 -0.8187612799198688 -0.8375413567133724 -1.329380871092363 -1.250185785278303 -1.3692256775662568 -1.8950294368982428 -1.2444406457943826 -1.276561978960698 -0.8589751163444033 -0.9286061984763622 -1.2871709902921775 -1.7858820062995215 -2.49787787111489 -1.264096192805256 -1.298004855458258 -1.745660631851246 -2.4857241178760616 -1.4026912554088855 -1.2215969545312109 -1.8117627613728788 -1.2279195126918587 -1.8818679535875997 -1.3676827392805637 -1.259094812166931 -0.7547325859367306 -1.2154061126130966 -1.1440347835163616 -1.7265662500178718 -1.2535199148991991 -1.2522620840438914 -1.2205853723650084 -1.2189246316469127 -1.8376233000524738 -1.4360367862037775 -2.4913963404857706 -1.170021672706217 -1.3137023187247991 -1.2236489787289322 -0.8373443206552218 -0.7640042216688692 -1.1768588904550643 -0.7887700026646188 -1.2559532969224783 -1.1714204724732327 -1.3030247068238778 -1.1552129098699915 -0.804321643301839 -1.2981196746175523 -1.1894816322536592 -1.3478127958944113 -1.8921097148823829 -1.8463507470997518 -1.3639479760773068 -2.4750170378216856 -2.4871646017339932 -1.2690526001866254 -1.1923443952819042 -1.2123370329436833 -0.8163693424785947 -0.7639736656462676 -0.806114132343312 -0.7949589678774237 -0.78971448026201 -0.8353631354271207 -1.2060368129338563 -1.207441519563548 -1.316864083882609 -1.15237761454317 -0.8462037933913477 -1.8484937773278536 -0.8186597723411457 -0.8562682082015536 -1.8198513967077459 -1.330547479131907 -1.8140615079553433 -1.3017559035788113 -1.4483806718217016 -2.510487309785174 -1.3475754396902935 -0.8399385088138704 -1.1925724395301245 -1.2442358555368622 -1.7293367469160505 -0.9624004696790623 -1.782937684117336 -0.7820690017085609 -0.771356694471222 -0.801097938322352 -1.26388811465156 -1.86997385560437 -2.4667782211856206 -1.8366064258919421 -1.3023786496236471 -1.6951869146342384 -1.2435591883553474 -1.2633525562927461
-0.7729094093601158 -0.7930483938909558 -0.7697096640298197 -0.7678042292805005 -1.1686859766766249 -0.7618509590105884 -0.7655620434736521 -0.7468974707454293 -1.8614477505804745 -1.8298111606379786 -1.8882556485530653 -1.9125383335914743 -1.8502868058918276 -1.3809798627002932 -1.3546398664557273 -1.2930119471529602 -1.2782909051800126 -1.2901146171657685 -1.858338262286915 -1.848221130705922 -1.2738985580885664 -1.32256741559397 -1.8787912990117892 -1.3723491395616656 -1.2424520504776795 -0.8285148362433187 -1.25611106962519 -1.211646370275135 -0.8047596223126011 -1.2643719785460408 -1.2057166857824388 -0.7842877194042741 -1.2473854715662969 -0.8075768833307583 -0.8203079421394087 -0.8460020837270684 -1.2586905823991261 -1.931084174303121 -1.2138605966644562 -1.2358488850828537 -0.7534548661947942 -0.7281923733713831 -0.7443846658360447 -0.7448701962691759 -0.7283891129031301 -0.7258714435708999 -0.6795688241898807 -0.7363460559383865 -1.2640595315853886 -1.2635960057828708 -1.3370686782141674 -1.3236724921567447 -1.7972916304136568 -2.38276950163766 -1.8260498538900125 -1.7466508711297146 -1.2421853844356392 -1.2343494219522766 -1.219233938728542 -1.2394209953617528 -1.2176230567885973 -1.209337183769577 -1.200582721599247 -1.2204741915406998 -0.8187612799198688 -0.8375413567133724 -1.329380871092363 -1.250185785278303 -1.3692256775662568 -1.8950294368982428 -1.2444406457943826 -1.276561978960698 -0.8589751163444033 -0.9286061984763622 -1.2871709902921775 -1.7858820062995215 -2.49787787111489 -1.2341796008517338 -1.298004855458258 -1.7598450312446974 -2.4857241178760616 -1.4026912554088855 -1.257853912931369 -1.8117627613728788 -1.2279195126918587 -1.8818679535875997 -1.3676827392805637 -1.259094812166931 -0.7547325859367306 -1.2154061126130966 -1.1440347835163616 -1.7265662500178718 -1.2535199148991991 -1.2522620840438914 -1.2205853723650084 -1.183890827416452 -1.8376233000524738 -1.4360367862037775 -2.4913963404857706 -1.170021672706217 -1.3024621866280648 -1.2236489787289322 -0.8373443206552218 -0.7764466376869467 -1.1768588904550643 -0.8134050113773769 -1.2559532969224783 -1.1714204724732327 -1.3030247068238778 -1.1552129098699915 -0.804321643301839 -1.2981196746175523 -1.1894816322536592 -1.3478127958944113 -1.8921097148823829 -1.8463507470997518 -1.3639479760773068 -2.4750170378216856 -2.4871646017339932 -1.2690526001866254 -1.1923443952819042 -1.2123370329436833 -0.8163693424785947 -0.7586912331953235 -0.8153956140437697 -0.8098135673351364 -0.78971448026201 -0.8353631354271207 -1.2060368129338563 -1.207441519563548 -1.316864083882609 -1.15237761454317 -0.8533860263965704 -1.8484937773278536 -0.8109471362563929 -0.8562682082015536 -1.8198513967077459 -1.330547479131907 -1.8140615079553433 -1.3017559035788113 -1.4483806718217016 -2.510487309785174 -1.3475754396902935 -0.8399385088138704 -1.2001675924679782 -1.2442358555368622 -1.717442889785739 -0.9624004696790623 -1.782937684117336 -0.7820690017085609 -0.771356694471222 -0.801097938322352 -1.26388811465156 -1.86997385560437 -2.4667782211856206 -1.8366064258919421 -1.3023786496236471 -1.6951869146342384 -1.2435591883553474 -1.273925810934002
-0.7644882671035906 -0.7930483938909558 -0.7697096640298197 -0.7678042292805005 -1.1686859766766249 -0.7666483047655626 -0.7655620434736521 -0.7468974707454293 -1.8614477505804745 -1.8298111606379786 -1.8882556485530653 -1.9125383335914743 -1.8502868058918276 -1.3809798627002932 -1.3546398664557273 -1.2930119471529602 -1.2782909051800126 -1.2901146171657685 -1.858338262286915 -1.848221130705922 -1.2738985580885664 -1.32256741559397 -1.8787912990117892 -1.3723491395616656 -1.254553730269706 -0.8285148362433187 -1.25611106962519 -1.211646370275135 -0.8131106327460836 -1.2643719785460408 -1.2057166857824388 -0.7842877194042741 -1.2348107453353734 -0.7948175647619123 -0.8203079421394087 -0.8460020837270684 -1.2482767160642267 -1.931084174303121 -1.2138605966644562 -1.244053965937373 -0.7534548661947942 -0.7281923733713831 -0.7443846658360447 -0.7448701962691759 -0.7283891129031301 -0.7258714435708999 -0.6795688241898807 -0.7363460559383865 -1.2640595315853886 -1.2635960057828708 -1.3166908864405786 -1.3236724921567447 -1.7972916304136568 -2.38276950163766 -1.8260498538900125 -1.7775862094474615 -1.2421853844356392 -1.2343494219522766 -1.2286050700537878 -1.2323150536207048 -1.209618931756416 -1.1907467369201192 -1.200582721599247 -1.2204741915406998 -0.8187612799198688 -0.8172245415785722 -1.329380871092363 -1.250185785278303 -1.3692256775662568 -1.8950294368982428 -1.2444406457943826 -1.276561978960698 -0.8589751163444033 -0.9286061984763622 -1.2871709902921775 -1.7858820062995215 -2.49787787111489 -1.2341796008517338 -1.298004855458258 -1.7598450312446974 -2.4857241178760616 -1.3841447145671328 -1.2215969545312109 -1.8117627613728788 -1.2279195126918587 -1.8818679535875997 -1.3676827392805637 -1.259094812166931 -0.7547325859367306 -1.2154061126130966 -1.1440347835163616 -1.7265662500178718 -1.2535199148991991 -1.2522620840438914 -1.2205853723650084 -1.183890827416452 -1.8376233000524738 -1.4360367862037775 -2.4913963404857706 -1.170021672706217 -1.3024621866280648 -1.2236489787289322 -0.8373443206552218 -0.7764466376869467 -1.1768588904550643 -0.8134050113773769 -1.2559532969224783 -1.1714204724732327 -1.2918807579112563 -1.1552129098699915 -0.8202610510163949 -1.2981196746175523 -1.1894816322536592 -1.3478127958944113 -1.8943404896167675 -1.8463507470997518 -1.3639479760773068 -2.4750170378216856 -2.4871646017339932 -1.2690526001866254 -1.2022760815957856 -1.197017200812965 -0.8163693424785947 -0.7586912331953235 -0.8153956140437697 -0.8098135673351364 -0.78971448026201 -0.8353631354271207 -1.2060368129338563 -1.1605121851112454 -1.316864083882609 -1.15237761454317 -0.8533860263965704 -1.8484937773278536 -0.8109471362563929 -0.8562682082015536 -1.8198513967077459 -1.330547479131907 -1.8140615079553433 -1.3017559035788113 -1.4483806718217016 -2.510487309785174 -1.3475754396902935 -0.8399385088138704 -1.2001675924679782 -1.2442358555368622 -1.7293367469160505 -0.9624004696790623 -1.7702893532024135 -0.7820690017085609 -0.771356694471222 -0.8073474495244068 -1.26388811465156 -1.86997385560437 -2.4667782211856206 -1.8366064258919421 -1.3023786496236471 -1.6951869146342384 -1.2435591883553474 -1.273925810934002
-0.7729094093601158 -0.7930483938909558 -0.7697096640298197 -0.7678042292805005 -1.1686859766766249 -0.7618509590105884 -0.7655620434736521 -0.7468974707454293 -1.8614477505804745 -1.8298111606379786 -1.8882556485530653 -1.9125383335914743 -1.8502868058918276 -1.3809798627002932 -1.3546398664557273 -1.2930119471529602 -1.2782909051800126 -1.2901146171657685 -1.858338262286915 -1.848221130705922 -1.2738985580885664 -1.32256741559397 -1.8787912990117892 -1.3723491395616656 -1.254553730269706 -0.8285148362433187 -1.25611106962519 -1.211646370275135 -0.8047596223126011 -1.2643719785460408 -1.1989571539067716 -0.7842877194042741 -1.2473854715662969 -0.7948175647619123 -0.8082673649648626 -0.8460020837270684 -1.2482767160642267 -1.931084174303121 -1.2138605966644562 -1.244053965937373 -0.7534548661947942 -0.7281923733713831 -0.7443846658360447 -0.7448701962691759 -0.7283891129031301 -0.7258714435708999 -0.6795688241898807 -0.7363460559383865 -1.2437518179914506 -1.2464861178580644 -1.3166908864405786 -1.3236724921567447 -1.7972916304136568 -2.38276950163766 -1.8260498538900125 -1.7775862094474615 -1.2421853844356392 -1.2343494219522766 -1.2286050700537878 -1.223978282070891 -1.209618931756416 -1.1907467369201192 -1.200582721599247 -1.203274376399007 -0.8187612799198688 -0.8375413567133724 -1.329380871092363 -1.250185785278303 -1.3692256775662568 -1.8950294368982428 -1.2444406457943826 -1.276561978960698 -0.8589751163444033 -0.9286061984763622 -1.2871709902921775 -1.7782004366800497 -2.49787787111489 -1.2341796008517338 -1.298004855458258 -1.7598450312446974 -2.4857241178760616 -1.3841447145671328 -1.2215969545312109 -1.8117627613728788 -1.2279195126918587 -1.8818679535875997 -1.3676827392805637 -1.259094812166931 -0.7422610612012255 -1.185001074329052 -1.1440347835163616 -1.7265662500178718 -1.2132913229034523 -1.2522620840438914 -1.2205853723650084 -1.1939949408739303 -1.8376233000524738 -1.4360367862037775 -2.4913963404857706 -1.1569347085004484 -1.3024621866280648 -1.245264223197433 -0.8373443206552218 -0.7764466376869467 -1.1768588904550643 -0.8134050113773769 -1.2559532969224783 -1.1714204724732327 -1.2918807579112563 -1.1552129098699915 -0.8522531675190118 -1.2981196746175523 -1.1894816322536592 -1.3478127958944113 -1.8921097148823829 -1.8463507470997518 -1.3639479760773068 -2.4750170378216856 -2.4871646017339932 -1.834827884047497 -1.1923443952819042 -1.190265901979476 -0.8163693424785947 -0.7715602462307034 -0.8153956140437697 -0.8098135673351364 -0.7971996193259645 -0.8353631354271207 -1.2060368129338563 -1.1544324026037929 -1.316864083882609 -1.15237761454317 -0.8533860263965704 -1.8484937773278536 -0.8109471362563929 -0.8562682082015536 -1.8198513967077459 -1.330547479131907 -1.8140615079553433 -1.3017559035788113 -1.4483806718217016 -2.510487309785174 -1.3475754396902935 -0.8399385088138704 -1.2001675924679782 -1.2442358555368622 -1.7293367469160505 -0.9624004696790623 -1.7702893532024135 -0.7820690017085609 -0.771356694471222 -0.8153557637838261 -1.26388811465156 -1.8813163010182463 -2.4667782211856206 -1.8366064258919421 -1.3023786496236471 -1.6951869146342384 -1.2435591883553474 -1.273925810934002
-0.7644882671035906 -0.7930483938909558 -0.7697096640298197 -0.7678042292805005 -1.1978041149396137 -0.7618509590105884 -0.7655620434736521 -0.7468974707454293 -1.8614477505804745 -1.8298111606379786 -1.8882556485530653 -1.9125383335914743 -1.8502868058918276 -1.3809798627002932 -1.3546398664557273 -1.2930119471529602 -1.2782909051800126 -1.2901146171657685 -1.858338262286915 -1.848221130705922 -1.2738985580885664 -1.32256741559397 -1.8787912990117892 -1.3723491395616656 -1.2599163263693627 -0.8285148362433187 -1.25611106962519 -1.211646370275135 -0.8131106327460836 -1.2643719785460408 -1.1989571539067716 -0.7842877194042741 -1.2348107453353734 -0.7948175647619123 -0.8203079421394087 -0.8460020837270684 -1.2482767160642267 -1.931084174303121 -1.2138605966644562 -1.244053965937373 -0.7534548661947942 -0.7328360221762887 -0.7443846658360447 -0.7448701962691759 -0.7283891129031301 -0.7258714435708999 -0.6795688241898807 -0.7363460559383865 -1.2437518179914506 -1.2464861178580644 -1.3166908864405786 -1.3236724921567447 -1.7972916304136568 -2.38276950163766 -1.8260498538900125 -1.7775862094474615 -1.2421853844356392 -1.2343494219522766 -1.2161088396017423 -1.223978282070891 -1.209618931756416 -1.1907467369201192 -1.200582721599247 -1.2204741915406998 -0.8187612799198688 -0.8375413567133724 -1.329380871092363 -1.250185785278303 -1.3692256775662568 -1.8950294368982428 -1.2444406457943826 -1.276561978960698 -0.8589751163444033 -0.9286061984763622 -1.2871709902921775 -1.7858820062995215 -2.49787787111489 -1.2341796008517338 -1.298004855458258 -1.7598450312446974 -2.4857241178760616 -1.3841447145671328 -1.2215969545312109 -1.8117627613728788 -1.2279195126918587 -1.8818679535875997 -1.3676827392805637 -1.259094812166931 -0.7422610612012255 -1.185001074329052 -1.1440347835163616 -1.7265662500178718 -1.2132913229034523 -1.2267302584075674 -1.2205853723650084 -1.1799887139793557 -1.8376233000524738 -1.4360367862037775 -2.4913963404857706 -1.1569347085004484 -1.3024621866280648 -1.245264223197433 -0.8373443206552218 -0.7764466376869467 -1.1768588904550643 -0.8134050113773769 -1.2559532969224783 -1.1714204724732327 -1.2918807579112563 -1.1552129098699915 -0.8522531675190118 -1.2981196746175523 -1.1894816322536592 -1.3478127958944113 -1.8765101193919809 -1.8463507470997518 -1.3639479760773068 -2.4750170378216856 -2.4871646017339932 -1.834827884047497 -1.2022760815957856 -1.190265901979476 -0.8163693424785947 -0.7498568902282309 -0.8153956140437697 -0.8098135673351364 -0.78971448026201 -0.8353631354271207 -1.2060368129338563 -1.1544324026037929 -1.316864083882609 -1.15237761454317 -0.8533860263965704 -1.8124477548434554 -0.7895774182628277 -0.8482359842251821 -1.8198513967077459 -1.330547479131907 -1.8140615079553433 -1.3017559035788113 -1.4483806718217016 -2.510487309785174 -1.3475754396902935 -0.8399385088138704 -1.2001675924679782 -1.2442358555368622 -1.7293367469160505 -0.9624004696790623 -1.7702893532024135 -0.7753099677990299 -0.771356694471222 -0.7968448314026491 -1.26388811465156 -1.86997385560437 -2.4667782211856206 -1.8366064258919421 -1.3023786496236471 -1.6951869146342384 -1.2435591883553474 -1.2633525562927461
-0.7644882671035906 -0.818234014648005 -0.7697096640298197 -0.7678042292805005 -1.1978041149396137 -0.7618509590105884 -0.7655620434736521 -0.7402970290428298 -1.8614477505804745 -1.8298111606379786 -1.8882556485530653 -1.900210972247471 -1.8502868058918276 -1.3809798627002932 -1.3546398664557273 -1.2930119471529602 -1.2782909051800126 -1.2901146171657685 -1.858338262286915 -1.848221130705922 -1.2738985580885664 -1.32256741559397 -1.8787912990117892 -0.8885782160332372 -1.2599163263693627 -0.8285148362433187 -1.2412877832534794 -1.211646370275135 -0.8131106327460836 -1.2643719785460408 -1.1989571539067716 -0.7842877194042741 -1.2348107453353734 -0.7948175647619123 -0.8156756356487298 -0.8460020837270684 -1.2376059306117635 -1.931084174303121 -1.2423276181190224 -1.2522727307308623 -0.7534548661947942 -0.7328360221762887 -0.7443846658360447 -0.7448701962691759 -0.7283891129031301 -0.7258714435708999 -0.6795688241898807 -0.7363460559383865 -1.2437518179914506 -1.2464861178580644 -1.3166908864405786 -1.3236724921567447 -1.7972916304136568 -2.38276950163766 -1.8520410884129082 -1.7775862094474615 -1.2421853844356392 -1.2343494219522766 -1.2161088396017423 -1.223978282070891 -1.2009908735836068 -1.1907467369201192 -1.200582721599247 -1.2308145844318656 -0.8187612799198688 -0.8172245415785722 -1.329380871092363 -1.250185785278303 -1.3692256775662568 -1.8950294368982428 -1.2444406457943826 -1.276561978960698 -0.8589751163444033 -0.9286061984763622 -1.2871709902921775 -1.7858820062995215 -2.49787787111489 -1.2341796008517338 -1.298004855458258 -2.388596154744338 -2.4857241178760616 -1.4026912554088855 -1.2215969545312109 -1.8117627613728788 -1.2279195126918587 -1.8818679535875997 -1.3676827392805637 -1.259094812166931 -0.7422610612012255 -1.185001074329052 -1.1440347835163616 -1.7265662500178718 -1.2132913229034523 -1.1974099616484426 -1.2205853723650084 -1.1799887139793557 -1.8376233000524738 -1.4360367862037775 -2.4913963404857706 -1.1569347085004484 -1.3024621866280648 -1.245264223197433 -0.8373443206552218 -0.7764466376869467 -1.1916381655830712 -0.8134050113773769 -1.2559532969224783 -1.1714204724732327 -1.3154762611882147 -1.1552129098699915 -0.8522531675190118 -1.2981196746175523 -1.1894816322536592 -1.3478127958944113 -1.8765101193919809 -1.8463507470997518 -1.3639479760773068 -2.4750170378216856 -2.4871646017339932 -1.834827884047497 -1.2022760815957856 -1.190265901979476 -0.8163693424785947 -0.7610042510313674 -0.8068006442423542 -0.8098135673351364 -0.78971448026201 -0.8353631354271207 -1.2060368129338563 -1.1693209539769045 -1.307500536086156 -1.1186609691044986 -0.8191164044233542 -1.7947455363730438 -0.7831701201687565 -0.8482359842251821 -1.8198513967077459 -1.330547479131907 -1.8140615079553433 -1.3017559035788113 -1.4483806718217016 -2.510487309785174 -1.3475754396902935 -0.8399385088138704 -1.2160895323526273 -1.226631064581095 -1.7293367469160505 -0.9624004696790623 -1.7702893532024135 -0.7753099677990299 -0.771356694471222 -0.788077748338293 -1.26388811465156 -1.8813163010182463 -2.4667782211856206 -1.8366064258919421 -1.3023786496236471 -1.6951869146342384 -1.2435591883553474 -1.2847514770336532
-0.7729094093601158 -0.818234014648005 -0.7697096640298197 -0.7678042292805005 -1.1978041149396137 -0.7618509590105884 -0.7655620434736521 -0.7402970290428298 -1.8614477505804745 -1.8298111606379786 -1.8882556485530653 -1.900210972247471 -1.8502868058918276 -1.3809798627002932 -1.3546398664557273 -1.2930119471529602 -1.2782909051800126 -1.2901146171657685 -1.8665686890463968 -1.848221130705922 -1.2738985580885664 -1.3102606204610943 -1.8787912990117892 -1.3723491395616656 -1.300781861652127 -0.8285148362433187 -1.25611106962519 -1.211646370275135 -0.8212383149662383 -1.2643719785460408 -1.1989571539067716 -0.7842877194042741 -1.8101733501172945 -1.2525120432483923 -0.8156756356487298 -0.8460020837270684 -1.2586905823991261 -1.9094567337050519 -1.2423276181190224 -1.2522727307308623 -0.7534548661947942 -0.7281923733713831 -0.7443846658360447 -0.7448701962691759 -0.7283891129031301 -0.7258714435708999 -0.6795688241898807 -0.7363460559383865 -1.8047526682969932 -1.2464861178580644 -1.3166908864405786 -1.3236724921567447 -1.7972916304136568 -2.38276950163766 -1.8520410884129082 -1.7775862094474615 -1.2421853844356392 -1.2343494219522766 -1.2161088396017423 -1.223978282070891 -1.2009908735836068 -1.1907467369201192 -1.200582721599247 -1.2204741915406998 -0.8187612799198688 -0.8375413567133724 -1.329380871092363 -1.250185785278303 -1.3692256775662568 -1.8950294368982428 -1.2444406457943826 -1.276561978960698 -0.8589751163444033 -0.9286061984763622 -1.2871709902921775 -1.7782004366800497 -2.49787787111489 -1.2341796008517338 -1.298004855458258 -2.388596154744338 -2.4857241178760616 -1.3841447145671328 -1.2215969545312109 -1.8117627613728788 -1.2279195126918587 -1.8818679535875997 -1.3676827392805637 -1.259094812166931 -0.7422610612012255 -1.185001074329052 -1.1440347835163616 -1.736235698600188 -1.1862026872983564 -1.1834009986080618 -1.2205853723650084 -1.1799887139793557 -1.8376233000524738 -1.4360367862037775 -2.4913963404857706 -1.1569347085004484 -1.3157477944897915 -1.245264223197433 -0.8373443206552218 -0.7764466376869467 -1.2402895223627866 -1.2766783754599877 -1.2559532969224783 -1.1714204724732327 -1.8887742923333153 -1.2069006897468226 -0.8522531675190118 -1.2981196746175523 -1.1894816322536592 -1.3478127958944113 -1.8765101193919809 -1.8463507470997518 -1.3639479760773068 -2.4750170378216856 -2.4871646017339932 -1.834827884047497 -1.2185295232919422 -1.190265901979476 -0.8163693424785947 -0.7610042510313674 -1.2679624770342128 -1.2717108835408015 -0.78971448026201 -0.8353631354271207 -1.2060368129338563 -1.1469352058216433 -1.307500536086156 -1.1186609691044986 -0.8048007628804558 -1.7582542100629117 -0.7895774182628277 -0.8482359842251821 -1.8198513967077459 -1.330547479131907 -1.8140615079553433 -1.3017559035788113 -1.4483806718217016 -2.510487309785174 -1.3475754396902935 -0.8399385088138704 -1.2160895323526273 -1.226631064581095 -1.7293367469160505 -0.9624004696790623 -1.7702893532024135 -0.7753099677990299 -0.7649988049447863 -0.788077748338293 -1.26388811465156 -1.8813163010182463 -2.4667782211856206 -1.8366064258919421 -1.3023786496236471 -1.6951869146342384 -1.2435591883553474 -1.2741337726951782
]