Naoki.c_o_m_p_a_n_i_e_s.315 [ 0.0  0.3323147355008087  0.4535388505285417  0.3507532968586308  0.44155069246321926  0.42011775922009226  0.45422247678997535  0.46701248434897547  0.499443092203253  0.435951456965589  0.5056884107576229  0.439701452707016  0.44112898552446095  0.4542854924337379  0.4163013136007501  0.49654122591279165
0.0  0.3323147355008087  0.4535388505285417  0.3507532968586308  0.44155069246321926  0.42011775922009226  0.45422247678997535  0.46701248434897547  0.499443092203253  0.435951456965589  0.5056884107576229  0.439701452707016  0.44112898552446095  0.4542854924337379  0.4163013136007501  0.49654122591279165
0.0  0.3323147355008087  0.4535388505285417  0.3507532968586308  0.44155069246321926  0.42011775922009226  0.45422247678997535  0.46701248434897547  0.499443092203253  0.435951456965589  0.5056884107576229  0.439701452707016  0.44112898552446095  0.4542854924337379  0.4163013136007501  0.49654122591279165
0.0  0.3323147355008087  0.4535388505285417  0.3507532968586308  0.44155069246321926  0.42011775922009226  0.45422247678997535  0.46701248434897547  0.499443092203253  0.435951456965589  0.5056884107576229  0.439701452707016  0.44112898552446095  0.4542854924337379  0.4163013136007501  0.49654122591279165
0.0  0.3323147355008087  0.4535388505285417  0.3507532968586308  0.44155069246321926  0.42011775922009226  0.45422247678997535  0.46701248434897547  0.499443092203253  0.435951456965589  0.5056884107576229  0.439701452707016  0.44112898552446095  0.4542854924337379  0.4163013136007501  0.49654122591279165
0.0  0.3323147355008087  0.4535388505285417  0.3507532968586308  0.44155069246321926  0.42011775922009226  0.45422247678997535  0.46701248434897547  0.499443092203253  0.435951456965589  0.5056884107576229  0.439701452707016  0.44112898552446095  0.4542854924337379  0.4163013136007501  0.49654122591279165
0.0  0.3323147355008087  0.4535388505285417  0.3507532968586308  0.44155069246321926  0.42011775922009226  0.45422247678997535  0.46701248434897547  0.499443092203253  0.435951456965589  0.5056884107576229  0.439701452707016  0.44112898552446095  0.4542854924337379  0.4163013136007501  0.49654122591279165
0.0  0.3323147355008087  0.4535388505285417  0.3507532968586308  0.44155069246321926  0.42011775922009226  0.45422247678997535  0.46701248434897547  0.499443092203253  0.435951456965589  0.5056884107576229  0.439701452707016  0.44112898552446095  0.4542854924337379  0.4163013136007501  0.49654122591279165
0.0  0.3323147355008087  0.4535388505285417  0.3507532968586308  0.44155069246321926  0.42011775922009226  0.45422247678997535  0.46701248434897547  0.499443092203253  0.435951456965589  0.5056884107576229  0.439701452707016  0.44112898552446095  0.4542854924337379  0.4163013136007501  0.49654122591279165
0.0  0.3323147355008087  0.4535388505285417  0.3507532968586308  0.44155069246321926  0.42011775922009226  0.45422247678997535  0.46701248434897547  0.499443092203253  0.435951456965589  0.5056884107576229  0.439701452707016  0.44112898552446095  0.4542854924337379  0.4163013136007501  0.49654122591279165
0.0  0.3323147355008087  0.4535388505285417  0.3507532968586308  0.44155069246321926  0.42011775922009226  0.45422247678997535  0.46701248434897547  0.499443092203253  0.435951456965589  0.5056884107576229  0.439701452707016  0.44112898552446095  0.4542854924337379  0.4163013136007501  0.49654122591279165
0.0  0.3323147355008087  0.4535388505285417  0.3507532968586308  0.44155069246321926  0.42011775922009226  0.45422247678997535  0.46701248434897547  0.499443092203253  0.435951456965589  0.5056884107576229  0.439701452707016  0.44112898552446095  0.4542854924337379  0.4163013136007501  0.49654122591279165
0.0  0.3323147355008087  0.4535388505285417  0.3507532968586308  0.44155069246321926  0.42011775922009226  0.45422247678997535  0.46701248434897547  0.499443092203253  0.435951456965589  0.5056884107576229  0.439701452707016  0.44112898552446095  0.4542854924337379  0.4163013136007501  0.49654122591279165
0.0  0.3323147355008087  0.4535388505285417  0.3507532968586308  0.44155069246321926  0.42011775922009226  0.45422247678997535  0.46701248434897547  0.499443092203253  0.435951456965589  0.5056884107576229  0.439701452707016  0.44112898552446095  0.4542854924337379  0.4163013136007501  0.49654122591279165
0.0  0.3323147355008087  0.4535388505285417  0.3507532968586308  0.44155069246321926  0.42011775922009226  0.45422247678997535  0.46701248434897547  0.499443092203253  0.435951456965589  0.5056884107576229  0.439701452707016  0.44112898552446095  0.4542854924337379  0.4163013136007501  0.49654122591279165
0.0  0.3323147355008087  0.4535388505285417  0.3507532968586308  0.44155069246321926  0.42011775922009226  0.45422247678997535  0.46701248434897547  0.499443092203253  0.435951456965589  0.5056884107576229  0.439701452707016  0.44112898552446095  0.4542854924337379  0.4163013136007501  0.49654122591279165
0.0  0.3323147355008087  0.4535388505285417  0.3507532968586308  0.44155069246321926  0.42011775922009226  0.45422247678997535  0.46701248434897547  0.499443092203253  0.435951456965589  0.5056884107576229  0.439701452707016  0.44112898552446095  0.4542854924337379  0.4163013136007501  0.49654122591279165
0.0  0.3323147355008087  0.4535388505285417  0.3507532968586308  0.44155069246321926  0.42011775922009226  0.45422247678997535  0.46701248434897547  0.499443092203253  0.435951456965589  0.5056884107576229  0.439701452707016  0.44112898552446095  0.4542854924337379  0.4163013136007501  0.49654122591279165
0.0  0.3323147355008087  0.4535388505285417  0.3507532968586308  0.44155069246321926  0.42011775922009226  0.45422247678997535  0.46701248434897547  0.499443092203253  0.435951456965589  0.5056884107576229  0.439701452707016  0.44112898552446095  0.4542854924337379  0.4163013136007501  0.49654122591279165
0.0  0.3323147355008087  0.4535388505285417  0.3507532968586308  0.44155069246321926  0.42011775922009226  0.45422247678997535  0.46701248434897547  0.499443092203253  0.435951456965589  0.5056884107576229  0.439701452707016  0.44112898552446095  0.4542854924337379  0.4163013136007501  0.49654122591279165
0.0  0.3323147355008087  0.4535388505285417  0.3507532968586308  0.44155069246321926  0.42011775922009226  0.45422247678997535  0.46701248434897547  0.499443092203253  0.435951456965589  0.5056884107576229  0.439701452707016  0.44112898552446095  0.4542854924337379  0.4163013136007501  0.49654122591279165
0.0  0.3323147355008087  0.4535388505285417  0.3507532968586308  0.44155069246321926  0.42011775922009226  0.45422247678997535  0.46701248434897547  0.499443092203253  0.435951456965589  0.5056884107576229  0.439701452707016  0.44112898552446095  0.4542854924337379  0.4163013136007501  0.49654122591279165
0.0  0.3323147355008087  0.4535388505285417  0.3507532968586308  0.44155069246321926  0.42011775922009226  0.45422247678997535  0.46701248434897547  0.499443092203253  0.435951456965589  0.5056884107576229  0.439701452707016  0.44112898552446095  0.4542854924337379  0.4163013136007501  0.49654122591279165
0.0  0.3323147355008087  0.4535388505285417  0.3507532968586308  0.44155069246321926  0.42011775922009226  0.45422247678997535  0.46701248434897547  0.499443092203253  0.435951456965589  0.5056884107576229  0.439701452707016  0.44112898552446095  0.4542854924337379  0.4163013136007501  0.49654122591279165
0.0  0.3323147355008087  0.4535388505285417  0.3507532968586308  0.44155069246321926  0.42011775922009226  0.45422247678997535  0.46701248434897547  0.499443092203253  0.435951456965589  0.5056884107576229  0.439701452707016  0.44112898552446095  0.4542854924337379  0.4163013136007501  0.49654122591279165
0.0  0.3323147355008087  0.4535388505285417  0.3507532968586308  0.44155069246321926  0.42011775922009226  0.45422247678997535  0.46701248434897547  0.499443092203253  0.435951456965589  0.5056884107576229  0.439701452707016  0.44112898552446095  0.4542854924337379  0.4163013136007501  0.49654122591279165
0.0  0.3323147355008087  0.4535388505285417  0.3507532968586308  0.44155069246321926  0.42011775922009226  0.45422247678997535  0.46701248434897547  0.499443092203253  0.435951456965589  0.5056884107576229  0.439701452707016  0.44112898552446095  0.4542854924337379  0.4163013136007501  0.49654122591279165
0.0  0.3323147355008087  0.4535388505285417  0.3507532968586308  0.44155069246321926  0.42011775922009226  0.45422247678997535  0.46701248434897547  0.499443092203253  0.435951456965589  0.5056884107576229  0.439701452707016  0.44112898552446095  0.4542854924337379  0.4163013136007501  0.49654122591279165
0.0  0.3323147355008087  0.4535388505285417  0.3507532968586308  0.44155069246321926  0.42011775922009226  0.45422247678997535  0.46701248434897547  0.499443092203253  0.435951456965589  0.5056884107576229  0.439701452707016  0.44112898552446095  0.4542854924337379  0.4163013136007501  0.49654122591279165
0.0  0.3323147355008087  0.4535388505285417  0.3507532968586308  0.44155069246321926  0.42011775922009226  0.45422247678997535  0.46701248434897547  0.499443092203253  0.435951456965589  0.5056884107576229  0.439701452707016  0.44112898552446095  0.4542854924337379  0.4163013136007501  0.49654122591279165
0.0  0.3323147355008087  0.4535388505285417  0.3507532968586308  0.44155069246321926  0.42011775922009226  0.45422247678997535  0.46701248434897547  0.499443092203253  0.435951456965589  0.5056884107576229  0.439701452707016  0.44112898552446095  0.4542854924337379  0.4163013136007501  0.49654122591279165
0.0  0.3323147355008087  0.4535388505285417  0.3507532968586308  0.44155069246321926  0.42011775922009226  0.45422247678997535  0.46701248434897547  0.499443092203253  0.435951456965589  0.5056884107576229  0.439701452707016  0.44112898552446095  0.4542854924337379  0.4163013136007501  0.49654122591279165
0.0  0.3323147355008087  0.4535388505285417  0.3507532968586308  0.44155069246321926  0.42011775922009226  0.45422247678997535  0.46701248434897547  0.499443092203253  0.435951456965589  0.5056884107576229  0.439701452707016  0.44112898552446095  0.4542854924337379  0.4163013136007501  0.49654122591279165
0.0  0.3323147355008087  0.4535388505285417  0.3507532968586308  0.44155069246321926  0.42011775922009226  0.45422247678997535  0.46701248434897547  0.499443092203253  0.435951456965589  0.5056884107576229  0.439701452707016  0.44112898552446095  0.4542854924337379  0.4163013136007501  0.49654122591279165
0.0  0.3323147355008087  0.4535388505285417  0.3507532968586308  0.44155069246321926  0.42011775922009226  0.45422247678997535  0.46701248434897547  0.499443092203253  0.435951456965589  0.5056884107576229  0.439701452707016  0.44112898552446095  0.4542854924337379  0.4163013136007501  0.49654122591279165
0.0  0.3323147355008087  0.4535388505285417  0.3507532968586308  0.44155069246321926  0.42011775922009226  0.45422247678997535  0.46701248434897547  0.499443092203253  0.435951456965589  0.5056884107576229  0.439701452707016  0.44112898552446095  0.4542854924337379  0.4163013136007501  0.49654122591279165
0.0  0.3323147355008087  0.4535388505285417  0.3507532968586308  0.44155069246321926  0.42011775922009226  0.45422247678997535  0.46701248434897547  0.499443092203253  0.435951456965589  0.5056884107576229  0.439701452707016  0.44112898552446095  0.4542854924337379  0.4163013136007501  0.49654122591279165
0.0  0.3323147355008087  0.4535388505285417  0.3507532968586308  0.44155069246321926  0.42011775922009226  0.45422247678997535  0.46701248434897547  0.499443092203253  0.435951456965589  0.5056884107576229  0.439701452707016  0.44112898552446095  0.4542854924337379  0.4163013136007501  0.49654122591279165
0.0  0.3323147355008087  0.4535388505285417  0.3507532968586308  0.44155069246321926  0.42011775922009226  0.45422247678997535  0.46701248434897547  0.499443092203253  0.435951456965589  0.5056884107576229  0.439701452707016  0.44112898552446095  0.4542854924337379  0.4163013136007501  0.49654122591279165
0.0  0.3323147355008087  0.4535388505285417  0.3507532968586308  0.44155069246321926  0.42011775922009226  0.45422247678997535  0.46701248434897547  0.499443092203253  0.435951456965589  0.5056884107576229  0.439701452707016  0.44112898552446095  0.4542854924337379  0.4163013136007501  0.49654122591279165
0.0  0.3323147355008087  0.4535388505285417  0.3507532968586308  0.44155069246321926  0.42011775922009226  0.45422247678997535  0.46701248434897547  0.499443092203253  0.435951456965589  0.5056884107576229  0.439701452707016  0.44112898552446095  0.4542854924337379  0.4163013136007501  0.49654122591279165
0.0  0.3323147355008087  0.4535388505285417  0.3507532968586308  0.44155069246321926  0.42011775922009226  0.45422247678997535  0.46701248434897547  0.499443092203253  0.435951456965589  0.5056884107576229  0.439701452707016  0.44112898552446095  0.4542854924337379  0.4163013136007501  0.49654122591279165
0.0  0.3323147355008087  0.4535388505285417  0.3507532968586308  0.44155069246321926  0.42011775922009226  0.45422247678997535  0.46701248434897547  0.499443092203253  0.435951456965589  0.5056884107576229  0.439701452707016  0.44112898552446095  0.4542854924337379  0.4163013136007501  0.49654122591279165
0.0  0.3323147355008087  0.4535388505285417  0.3507532968586308  0.44155069246321926  0.42011775922009226  0.45422247678997535  0.46701248434897547  0.499443092203253  0.435951456965589  0.5056884107576229  0.439701452707016  0.44112898552446095  0.4542854924337379  0.4163013136007501  0.49654122591279165
0.0  0.3323147355008087  0.4535388505285417  0.3507532968586308  0.44155069246321926  0.42011775922009226  0.45422247678997535  0.46701248434897547  0.499443092203253  0.435951456965589  0.5056884107576229  0.439701452707016  0.44112898552446095  0.4542854924337379  0.4163013136007501  0.49654122591279165
0.0  0.3323147355008087  0.4535388505285417  0.3507532968586308  0.44155069246321926  0.42011775922009226  0.45422247678997535  0.46701248434897547  0.499443092203253  0.435951456965589  0.5056884107576229  0.439701452707016  0.44112898552446095  0.4542854924337379  0.4163013136007501  0.49654122591279165
0.0  0.3323147355008087  0.4535388505285417  0.3507532968586308  0.44155069246321926  0.42011775922009226  0.45422247678997535  0.46701248434897547  0.499443092203253  0.435951456965589  0.5056884107576229  0.439701452707016  0.44112898552446095  0.4542854924337379  0.4163013136007501  0.49654122591279165
0.0  0.3323147355008087  0.4535388505285417  0.3507532968586308  0.44155069246321926  0.42011775922009226  0.45422247678997535  0.46701248434897547  0.499443092203253  0.435951456965589  0.5056884107576229  0.439701452707016  0.44112898552446095  0.4542854924337379  0.4163013136007501  0.49654122591279165
0.0  0.3323147355008087  0.4535388505285417  0.3507532968586308  0.44155069246321926  0.42011775922009226  0.45422247678997535  0.46701248434897547  0.499443092203253  0.435951456965589  0.5056884107576229  0.439701452707016  0.44112898552446095  0.4542854924337379  0.4163013136007501  0.49654122591279165
0.0  0.3323147355008087  0.4535388505285417  0.3507532968586308  0.44155069246321926  0.42011775922009226  0.45422247678997535  0.46701248434897547  0.499443092203253  0.435951456965589  0.5056884107576229  0.439701452707016  0.44112898552446095  0.4542854924337379  0.4163013136007501  0.49654122591279165
0.0  0.3323147355008087  0.4535388505285417  0.3507532968586308  0.44155069246321926  0.42011775922009226  0.45422247678997535  0.46701248434897547  0.499443092203253  0.435951456965589  0.5056884107576229  0.439701452707016  0.44112898552446095  0.4542854924337379  0.4163013136007501  0.49654122591279165
0.0  0.3323147355008087  0.4535388505285417  0.3507532968586308  0.44155069246321926  0.42011775922009226  0.45422247678997535  0.46701248434897547  0.499443092203253  0.435951456965589  0.5056884107576229  0.439701452707016  0.44112898552446095  0.4542854924337379  0.4163013136007501  0.49654122591279165
0.0  0.3323147355008087  0.4535388505285417  0.3507532968586308  0.44155069246321926  0.42011775922009226  0.45422247678997535  0.46701248434897547  0.499443092203253  0.435951456965589  0.5056884107576229  0.439701452707016  0.44112898552446095  0.4542854924337379  0.4163013136007501  0.49654122591279165
0.0  0.3323147355008087  0.4535388505285417  0.3507532968586308  0.44155069246321926  0.42011775922009226  0.45422247678997535  0.46701248434897547  0.499443092203253  0.435951456965589  0.5056884107576229  0.439701452707016  0.44112898552446095  0.4542854924337379  0.4163013136007501  0.49654122591279165
0.0  0.3323147355008087  0.4535388505285417  0.3507532968586308  0.44155069246321926  0.42011775922009226  0.45422247678997535  0.46701248434897547  0.499443092203253  0.435951456965589  0.5056884107576229  0.439701452707016  0.44112898552446095  0.4542854924337379  0.4163013136007501  0.49654122591279165
0.0  0.3323147355008087  0.4535388505285417  0.3507532968586308  0.44155069246321926  0.42011775922009226  0.45422247678997535  0.46701248434897547  0.499443092203253  0.435951456965589  0.5056884107576229  0.439701452707016  0.44112898552446095  0.4542854924337379  0.4163013136007501  0.49654122591279165
0.0  0.3323147355008087  0.4535388505285417  0.3507532968586308  0.44155069246321926  0.42011775922009226  0.45422247678997535  0.46701248434897547  0.499443092203253  0.435951456965589  0.5056884107576229  0.439701452707016  0.44112898552446095  0.4542854924337379  0.4163013136007501  0.49654122591279165
0.0  0.3323147355008087  0.4535388505285417  0.3507532968586308  0.44155069246321926  0.42011775922009226  0.45422247678997535  0.46701248434897547  0.499443092203253  0.435951456965589  0.5056884107576229  0.439701452707016  0.44112898552446095  0.4542854924337379  0.4163013136007501  0.49654122591279165
0.0  0.3323147355008087  0.4535388505285417  0.3507532968586308  0.44155069246321926  0.42011775922009226  0.45422247678997535  0.46701248434897547  0.499443092203253  0.435951456965589  0.5056884107576229  0.439701452707016  0.44112898552446095  0.4542854924337379  0.4163013136007501  0.49654122591279165
0.0  0.3323147355008087  0.4535388505285417  0.3507532968586308  0.44155069246321926  0.42011775922009226  0.45422247678997535  0.46701248434897547  0.499443092203253  0.435951456965589  0.5056884107576229  0.439701452707016  0.44112898552446095  0.4542854924337379  0.4163013136007501  0.49654122591279165
0.0  0.3323147355008087  0.4535388505285417  0.3507532968586308  0.44155069246321926  0.42011775922009226  0.45422247678997535  0.46701248434897547  0.499443092203253  0.435951456965589  0.5056884107576229  0.439701452707016  0.44112898552446095  0.4542854924337379  0.4163013136007501  0.49654122591279165
0.0  0.3323147355008087  0.4535388505285417  0.3507532968586308  0.44155069246321926  0.42011775922009226  0.45422247678997535  0.46701248434897547  0.499443092203253  0.435951456965589  0.5056884107576229  0.439701452707016  0.44112898552446095  0.4542854924337379  0.4163013136007501  0.49654122591279165
0.013585109620367186  0.32362276018867014  0.45798039031550775  0.35195971683713045  0.44542161822508664  0.39556176989469066  0.4690505087489864  0.5288173783943605  0.491616941578989  0.41746580438190284  0.5466656781349839  0.4284834412566132  0.47126923363817197  0.42262713155002  0.42586155225052846  0.4502269828879548
0.08155643916080307  0.26087154571267307  0.49063173218781136  0.4288773083720537  0.4007997239574124  0.3830936353074713  0.41771286575039385  0.5912764182150031  0.433710085341392  0.3309142391124037  0.5654029892253734  0.3834193509245766  0.5151112788255717  0.4216645305711584  0.45521779046493743  0.32366566509435446
0.10902131691036426  0.2351743891054511  0.5021533717863523  0.45880178040001274  0.3858381562903442  0.381749130993613  0.40014659180136847  0.6038544518245016  0.4227520104246151  0.30266533776743465  0.5767975981251001  0.37709961112093143  0.5050878369324687  0.5067464947013888  0.44411800437690885  0.3397068625780363
0.19144511208792964  0.16220576565486586  0.5350825598578656  0.5358442268054462  0.3550547823714533  0.37886934457316285  0.3942179795203499  0.6569524292111811  0.40962706904990537  0.2856732579029564  0.5946143848280021  0.37672384910248674  0.49376458133768963  0.6193411919175539  0.4031252563286993  0.4390057115269963
0.2683838759084574  0.13695528580046715  0.5619594288357166  0.49326717120437735  0.37613737479533227  0.25438618898870136  0.46337330835372936  0.7748598995632885  0.3708623707201062  0.2274284301217331  0.6201156370120056  0.3624156343610623  0.4467094122701011  0.515232365149527  0.4698540088695419  0.48140893819995606
0.33696819103678594  0.1403047026129031  0.6130476141844895  0.4440788750917144  0.34718003389002694  0.13014908170323675  0.4330349617123683  0.7627019046471883  0.36087012260289175  0.2678194644637574  0.6822940164751441  0.41428675905219414  0.4601249761917907  0.44835794159765047  0.3415246621481911  0.5581523378949487
0.3993148087812131  0.1634091366088095  0.7120514708356226  0.43663412475941865  0.30952983586109917  0.11175419350279497  0.35479860723288925  0.6628157269519396  0.46655267443087334  0.1527338888660692  0.6982012720832141  0.5796047311062689  0.2959172020435502  0.4403969932260461  0.45259939151986117  0.4655971951191794
0.45621431403300683  0.16636504321158324  0.7217092962366071  0.3819600803715837  0.3707682462016103  0.0909876366677439  0.41666655753495135  0.6298585256770765  0.5022355748115162  0.21471262326325818  0.5905231204097592  0.590719124717378  0.2699033907082846  0.5122839732232021  0.4000445493780752  0.5757532939846798
0.4928612312055052  0.15306488763888842  0.7409655816687468  0.3856614545362454  0.34542828631602907  0.09396610890584911  0.41523429971707615  0.5541241124411734  0.5332696290633518  0.2924479294495877  0.6063517279405799  0.61700951189961  0.261379904191133  0.48070434626500613  0.40009372039429003  0.5943330326789353
0.5292418294187765  0.1906998484633708  0.7881034621196097  0.3346407766269716  0.3238170554596441  0.1137653326005969  0.44005542018811566  0.5357260113138  0.5515954510654854  0.23920122367186314  0.5455542208646521  0.5615250597644882  0.26711429946715254  0.4885266317264379  0.5050015721482866  0.6729351280478576
0.574270411980679  0.20385659339065376  0.803519480024824  0.2910837447830846  0.3382508108058276  0.10007524084034175  0.42531805507194476  0.4753506668068535  0.5585215130351284  0.25348275040836743  0.426005254697578  0.7054008188565695  0.38703688691178434  0.443032936496057  0.3969406335671563  0.6122820914211027
0.5864844973946297  0.2044828804918165  0.7936301653734515  0.2686295141660972  0.3505597834325379  0.09429314578943865  0.4307404249206788  0.45363987030544783  0.5270473520498623  0.23774663532199208  0.3679182926068819  0.6945616192982462  0.3748223404551442  0.44756661844236134  0.39987803820761375  0.5829337234478355
0.6249048066175109  0.22002334127453943  0.7931031725818081  0.23933786382932082  0.38942046580168255  0.11986971833075549  0.47238039130954546  0.382151410528244  0.5160196069122005  0.27805842586409063  0.3495853643971121  0.6992381242892413  0.3550655187426293  0.5211337296277045  0.4991118917913944  0.5116063302954836
0.6208835387614542  0.20949360133043304  0.7879978846571245  0.2271928422488611  0.36963930922260146  0.12164784683219937  0.47964652064598473  0.3948163554571963  0.5385365965283855  0.2697125879950088  0.32040335454277424  0.6686758042321461  0.36395720051519315  0.5104450765820336  0.4552651384091417  0.5397151411476532
0.6825183965333301  0.19442807521515504  0.7269243481606564  0.17684755903258784  0.4408656025650133  0.2239920691386516  0.5006868020563822  0.2662569297031029  0.5955715106872794  0.31341983549994323  0.3384136260020781  0.6943904957665628  0.3713898246214352  0.5076214828975756  0.42269032544676033  0.5000252266294762
0.7057954506802364  0.1946720404555699  0.6910109665872985  0.14661175578191493  0.470617417639284  0.2680589185981451  0.47695096652700103  0.24579243158744327  0.6155246322704497  0.24459636781877778  0.4440091945086457  0.6717187619252417  0.40750900773112536  0.4286212523782072  0.4393035649974051  0.5117277213322022
0.7024025082284296  0.17916849762490847  0.6372805523498456  0.13273178248946188  0.40663743097774113  0.27082271807198743  0.49157206417125365  0.2253357584584303  0.5363054117452682  0.32056729528455014  0.5085361529664526  0.7152699226131329  0.457958101731604  0.48975483548310056  0.4865424854417607  0.5158313441885203
0.6784321976178607  0.14134788177931923  0.5824332526575672  0.16167912023123193  0.4398422013177343  0.24016027962747288  0.47771473058159253  0.22327032720887557  0.47997502079927007  0.34846005536107855  0.5152219464950916  0.778323696151055  0.4449119490537726  0.47680783191142995  0.388629703244537  0.4822440339339556
0.6719716429349158  0.12971681751476682  0.563102666807107  0.16357833240168712  0.4265505871649139  0.24792225439505233  0.49166350463453334  0.2286239719587428  0.4540549194397057  0.3732638348755171  0.5127258609431481  0.7565937546314658  0.49651054376470205  0.46966444870008167  0.40414930332800214  0.5353565627360046
0.6686366310672026  0.1240037357391264  0.550696274082797  0.16709112928005274  0.41880742731246917  0.24655406907710348  0.5029143704297211  0.21906580012383092  0.42556680921035733  0.4282261146140211  0.5499347083870061  0.6569574497341565  0.4524111705327311  0.45805929335438744  0.4059941761434649  0.5487319671034138
0.676365421283619  0.13305782258351528  0.5308015499356596  0.16637037793005796  0.4039111709365728  0.23959197231773097  0.4728046239913557  0.25700442922816147  0.4413417139206317  0.46875102178842615  0.5248256914554829  0.6787926623325327  0.44406805513039405  0.46019485400274557  0.4096367487381375  0.565040447081808
0.6870362053547813  0.13647252087480538  0.5099215595667199  0.15138109571179117  0.41052045074665244  0.2628669149649343  0.4414021327118983  0.261527779685405  0.4406520598883297  0.43056258809787423  0.5639539045509164  0.6696652942261068  0.4399183393563722  0.4772418151243838  0.39063364154263847  0.5764915716889996
0.6995925149680027  0.13213018190872516  0.4477192181523903  0.13638220073440777  0.43167073688036145  0.30560935191207406  0.3741447434099605  0.29177916814503047  0.4143394292223133  0.3834745855783131  0.6265162718809989  0.6509798901185816  0.4494219072002323  0.4994445126200128  0.31380767839065776  0.5445149253891352
0.674594167389934  0.08972142424806895  0.32123602095449755  0.19596779849314858  0.48230827320534986  0.38481156783948495  0.3505930403409857  0.4443181610399272  0.37783471157476844  0.42063907473689865  0.5067755299270835  0.575104707123766  0.5888841767024264  0.40338941523398514  0.23834747419772173  0.6011167375128381
0.6650605854047328  0.08024135492259857  0.30373723331244495  0.21322774944062722  0.4974636472488738  0.40761013996339296  0.3606428454523509  0.46047099593741514  0.36905426603704605  0.4190351109297944  0.4685500038905531  0.5613938972514227  0.6028070935924164  0.41249149971174726  0.23147099678320457  0.5644104763025699
0.6437797988822109  0.06464085079335558  0.2894433392590169  0.2575159522223156  0.5355048218887127  0.45663019544552813  0.37848925877405165  0.5071954688975909  0.39837730282406175  0.34665932523027143  0.45445115803410435  0.5619248589214242  0.5239060645450238  0.421561773526427  0.30906686662263744  0.5327148938921131
0.5956820693597897  0.02825081886123343  0.33071336168702126  0.3255977270641033  0.6020537310627128  0.5007166716686217  0.4763419743898326  0.49715935047249704  0.4446040166090989  0.22817329798988828  0.45079841672973653  0.5268284027563855  0.456726472461411  0.3546466327850655  0.44724497231418936  0.48892205416290196
0.5956820693597897  0.02825081886123343  0.33071336168702126  0.3255977270641033  0.6020537310627128  0.5007166716686217  0.4763419743898326  0.49715935047249704  0.4446040166090989  0.22817329798988828  0.45079841672973653  0.5268284027563855  0.456726472461411  0.3546466327850655  0.44724497231418936  0.48892205416290196
0.5171644123359367  0.004916232526358977  0.43155027882203456  0.43546946464450254  0.5767211180760026  0.4892510880020132  0.6006761640813382  0.4534538268828293  0.5035204474278605  0.3684856001741817  0.5019674810586079  0.4201670202441438  0.38809394729497826  0.48209898375449006  0.47380818715039164  0.5092642046600447
0.5171644123359367  0.004916232526358977  0.43155027882203456  0.43546946464450254  0.5767211180760026  0.4892510880020132  0.6006761640813382  0.4534538268828293  0.5035204474278605  0.3684856001741817  0.5019674810586079  0.4201670202441438  0.38809394729497826  0.48209898375449006  0.47380818715039164  0.5092642046600447
0.42859713898243224  0.01937251477098434  0.4790925144379311  0.5490904656042881  0.48088822591942926  0.5485334734418874  0.5181828310253219  0.4283566098108189  0.6206575850166582  0.4919712098147454  0.6777052765873322  0.4751233079072918  0.48506405135578035  0.4964196319210338  0.39547909920586194  0.5356167168302363
0.3385026585443222  0.05002114632624835  0.5295289081075034  0.6207141192053622  0.3742210913704314  0.5319259885102211  0.4204649967928625  0.39850598818683797  0.58827348696542  0.5472598978532115  0.6186712486449678  0.49056251670689976  0.515258383672527  0.45000953970757773  0.3298895567260416  0.5134987915492503
0.14853908027357077  0.1927380620590598  0.5068783177515518  0.5302894576210373  0.3425466262985143  0.5321869542361581  0.3136390071976274  0.22660842523359925  0.4913668925207866  0.48635144249797185  0.3545184940445594  0.44483233308907394  0.4149381056417202  0.25485477824365854  0.4556891878779056  0.48336088207477984
0.05377478834169344  0.2782474055764936  0.4801742126332776  0.42956585923004453  0.3857983915552546  0.4597419524186119  0.3698354082964609  0.36624082617866327  0.46133688838802556  0.40841390911936437  0.401994540435887  0.4211865886709909  0.4000599413377446  0.3723767443175782  0.46543838168629087  0.5124810519932304
0.05377478834169344  0.2782474055764936  0.4801742126332776  0.42956585923004453  0.3857983915552546  0.4597419524186119  0.3698354082964609  0.36624082617866327  0.46133688838802556  0.40841390911936437  0.401994540435887  0.4211865886709909  0.4000599413377446  0.3723767443175782  0.46543838168629087  0.5124810519932304
0.013341312580118725  0.31907622849658923  0.4596940340863864  0.3698096283785633  0.428253798338184  0.43270927224433153  0.4349043211995518  0.4323429348490846  0.49319377149511157  0.44014629274226513  0.47336268138050647  0.43962842492613224  0.42964239887433076  0.4060607510203427  0.4298963953221739  0.5013468048502981
0.0  0.3323147355008087  0.4535388505285417  0.3507532968586308  0.44155069246321926  0.42011775922009226  0.45422247678997535  0.46701248434897547  0.499443092203253  0.435951456965589  0.5056884107576229  0.439701452707016  0.44112898552446095  0.4542854924337379  0.4163013136007501  0.49654122591279165
0.0  0.3323147355008087  0.4535388505285417  0.3507532968586308  0.44155069246321926  0.42011775922009226  0.45422247678997535  0.46701248434897547  0.499443092203253  0.435951456965589  0.5056884107576229  0.439701452707016  0.44112898552446095  0.4542854924337379  0.4163013136007501  0.49654122591279165
0.0  0.3323147355008087  0.4535388505285417  0.3507532968586308  0.44155069246321926  0.42011775922009226  0.45422247678997535  0.46701248434897547  0.499443092203253  0.435951456965589  0.5056884107576229  0.439701452707016  0.44112898552446095  0.4542854924337379  0.4163013136007501  0.49654122591279165
0.0  0.3323147355008087  0.4535388505285417  0.3507532968586308  0.44155069246321926  0.42011775922009226  0.45422247678997535  0.46701248434897547  0.499443092203253  0.435951456965589  0.5056884107576229  0.439701452707016  0.44112898552446095  0.4542854924337379  0.4163013136007501  0.49654122591279165
0.0  0.3323147355008087  0.4535388505285417  0.3507532968586308  0.44155069246321926  0.42011775922009226  0.45422247678997535  0.46701248434897547  0.499443092203253  0.435951456965589  0.5056884107576229  0.439701452707016  0.44112898552446095  0.4542854924337379  0.4163013136007501  0.49654122591279165
0.0  0.3323147355008087  0.4535388505285417  0.3507532968586308  0.44155069246321926  0.42011775922009226  0.45422247678997535  0.46701248434897547  0.499443092203253  0.435951456965589  0.5056884107576229  0.439701452707016  0.44112898552446095  0.4542854924337379  0.4163013136007501  0.49654122591279165
0.0  0.3323147355008087  0.4535388505285417  0.3507532968586308  0.44155069246321926  0.42011775922009226  0.45422247678997535  0.46701248434897547  0.499443092203253  0.435951456965589  0.5056884107576229  0.439701452707016  0.44112898552446095  0.4542854924337379  0.4163013136007501  0.49654122591279165
0.0  0.3323147355008087  0.4535388505285417  0.3507532968586308  0.44155069246321926  0.42011775922009226  0.45422247678997535  0.46701248434897547  0.499443092203253  0.435951456965589  0.5056884107576229  0.439701452707016  0.44112898552446095  0.4542854924337379  0.4163013136007501  0.49654122591279165
0.0  0.3323147355008087  0.4535388505285417  0.3507532968586308  0.44155069246321926  0.42011775922009226  0.45422247678997535  0.46701248434897547  0.499443092203253  0.435951456965589  0.5056884107576229  0.439701452707016  0.44112898552446095  0.4542854924337379  0.4163013136007501  0.49654122591279165
0.0  0.3323147355008087  0.4535388505285417  0.3507532968586308  0.44155069246321926  0.42011775922009226  0.45422247678997535  0.46701248434897547  0.499443092203253  0.435951456965589  0.5056884107576229  0.439701452707016  0.44112898552446095  0.4542854924337379  0.4163013136007501  0.49654122591279165
0.0  0.3323147355008087  0.4535388505285417  0.3507532968586308  0.44155069246321926  0.42011775922009226  0.45422247678997535  0.46701248434897547  0.499443092203253  0.435951456965589  0.5056884107576229  0.439701452707016  0.44112898552446095  0.4542854924337379  0.4163013136007501  0.49654122591279165
0.02678153115946419  0.30549677548269943  0.46697607443297257  0.39034915183824753  0.4130359157307928  0.4439320971226782  0.41242768101280436  0.4081658192778054  0.481066705571458  0.4322010187745997  0.44419472016820244  0.4329865486573487  0.42070657591671223  0.38619688668513463  0.44280889173190624  0.5109104039980362
0.06740699166948697  0.26488021591562977  0.4880689151432318  0.44900672903304495  0.37336609093570766  0.4663126424682601  0.35359395181703657  0.3665679274650643  0.44954795700574346  0.397367834816088  0.39240889391021094  0.4135318824794494  0.4031834972952438  0.3875138020874972  0.46318921896286647  0.5181120367876781
0.09461801414506735  0.23783515750475306  0.5016294032960977  0.48744066923711066  0.34727144296441165  0.482905141981417  0.31636775241413717  0.32888853747294594  0.4317754450627096  0.38480169985991974  0.3516407696841234  0.40462492091161084  0.3894943403144187  0.35734865999530996  0.4766528805170556  0.5199764966861633
0.14949018494548896  0.18579657127841792  0.5259847438576528  0.552103430449236  0.31253849637016784  0.4905727398207507  0.278429978273138  0.3347938589880529  0.411596803068305  0.34940344438596704  0.35423964711592754  0.3941676379589434  0.3833394153157515  0.44533690764424816  0.45848527898925123  0.5363678397023997
0.16306673240338374  0.17524984647199812  0.5257699083494939  0.5591708254398369  0.3164869778006503  0.5035075351594346  0.290905004711708  0.30604599806339505  0.4435101121927456  0.4018319582785117  0.3671664359334308  0.4193642912151846  0.39852933492357445  0.40729587232022085  0.4384704625832849  0.5379568671290837
0.16306673240338374  0.17524984647199812  0.5257699083494939  0.5591708254398369  0.3164869778006503  0.5035075351594346  0.290905004711708  0.30604599806339505  0.4435101121927456  0.4018319582785117  0.3671664359334308  0.4193642912151846  0.39852933492357445  0.40729587232022085  0.4384704625832849  0.5379568671290837
0.16306673240338374  0.17524984647199812  0.5257699083494939  0.5591708254398369  0.3164869778006503  0.5035075351594346  0.290905004711708  0.30604599806339505  0.4435101121927456  0.4018319582785117  0.3671664359334308  0.4193642912151846  0.39852933492357445  0.40729587232022085  0.4384704625832849  0.5379568671290837
0.190693396578315  0.15246249780456425  0.5358525461127817  0.5776862612198242  0.3146515126948898  0.48419921568788776  0.30812254974267406  0.37632180410753696  0.43933618956588866  0.38777661684244014  0.4186479575770357  0.41756162038012323  0.42312484040829534  0.4626241298892392  0.41395179341416577  0.5233622856764267
0.190693396578315  0.15246249780456425  0.5358525461127817  0.5776862612198242  0.3146515126948898  0.48419921568788776  0.30812254974267406  0.37632180410753696  0.43933618956588866  0.38777661684244014  0.4186479575770357  0.41756162038012323  0.42312484040829534  0.4626241298892392  0.41395179341416577  0.5233622856764267
0.190693396578315  0.15246249780456425  0.5358525461127817  0.5776862612198242  0.3146515126948898  0.48419921568788776  0.30812254974267406  0.37632180410753696  0.43933618956588866  0.38777661684244014  0.4186479575770357  0.41756162038012323  0.42312484040829534  0.4626241298892392  0.41395179341416577  0.5233622856764267
0.190693396578315  0.15246249780456425  0.5358525461127817  0.5776862612198242  0.3146515126948898  0.48419921568788776  0.30812254974267406  0.37632180410753696  0.43933618956588866  0.38777661684244014  0.4186479575770357  0.41756162038012323  0.42312484040829534  0.4626241298892392  0.41395179341416577  0.5233622856764267
0.190693396578315  0.15246249780456425  0.5358525461127817  0.5776862612198242  0.3146515126948898  0.48419921568788776  0.30812254974267406  0.37632180410753696  0.43933618956588866  0.38777661684244014  0.4186479575770357  0.41756162038012323  0.42312484040829534  0.4626241298892392  0.41395179341416577  0.5233622856764267
0.16306673240338374  0.17524984647199812  0.5257699083494939  0.5591708254398369  0.3164869778006503  0.5035075351594346  0.290905004711708  0.30604599806339505  0.4435101121927456  0.4018319582785117  0.3671664359334308  0.4193642912151846  0.39852933492357445  0.40729587232022085  0.4384704625832849  0.5379568671290837
0.1788552015610545  0.16749708989932677  0.5323962323066084  0.5779557217826281  0.31857983777687326  0.4949993041876831  0.28803278911204966  0.3421618165810672  0.4250286663412199  0.3691480593500841  0.3887216445817077  0.4700370185977926  0.4590112759816364  0.4210477505598391  0.5021189114929496  0.4828030739730951
0.18287646941711128  0.1780268298434332  0.5375015202312919  0.5901007433630876  0.33836099435595435  0.4932211756862393  0.28076665977561044  0.32949687165211483  0.4025116767250349  0.3774938972191659  0.4179036544360456  0.5005993386548878  0.45011959420907255  0.43173640360551013  0.5459656648752025  0.4546942631209255
0.19974762609481955  0.17571898971851607  0.5449643043877208  0.620733441990286  0.3531891217239107  0.4946100900018083  0.2652337854963845  0.31417471401226094  0.36314925336581955  0.39908461259158884  0.450921374516301  0.5188143236677053  0.44957479217056356  0.460355485427908  0.6039354754466648  0.4626940078007095
0.2270599851168054  0.14947499437153633  0.5564070415013013  0.6496760517985218  0.3373106641844262  0.4967632590414933  0.25271051137069145  0.32020652557129525  0.35986305738523916  0.3891997377516036  0.45813602859358377  0.5111336129499771  0.44323387334017983  0.5054737212461494  0.5796512764390254  0.4735383496526231
0.24468017393103228  0.1506381566104718  0.5613824965981847  0.6657046350643301  0.37011418043466227  0.506636023048297  0.26480056801029117  0.30075463441851846  0.3649896252050868  0.4628173259243821  0.49899224865797065  0.5517301548130931  0.4456813064794884  0.5214686662564889  0.5897030566226855  0.4825957462630189
0.2613410030891368  0.14939186967421936  0.5674585471335446  0.6866314271804765  0.39497974433166305  0.49766681936141366  0.27539205070830286  0.32900529697977704  0.3393342491911191  0.4977000284924288  0.5542739055700053  0.5684521415437643  0.4530565724125469  0.570164448990807  0.6068957896639351  0.5218422856341717
0.2889474241849925  0.1283760400373798  0.5757862735334882  0.6981422031489162  0.40033442591579654  0.4701516374440632  0.30583542289107757  0.4146154215194334  0.3450141150323178  0.4908850529111958  0.6254550895943305  0.5676333541193246  0.4920261710709452  0.5790290661635421  0.5895157815353207  0.484282803295108
0.34650944006154083  0.10314707187501457  0.5850583073555401  0.7093888292842854  0.4611895142588772  0.41511498940515296  0.396790753962519  0.5537573741090875  0.34162243760924027  0.5404951866694588  0.748034224804547  0.5907004991568827  0.5176668837593082  0.6174772730029843  0.6235985778379217  0.5097567884250523
0.3595981305606688  0.09480189871561268  0.5787764307738974  0.7114632773788844  0.47244399914656104  0.44129944058856235  0.41146366746412066  0.509383817157254  0.37888753936072106  0.6029997580495727  0.7579602334981652  0.611051926343527  0.5459306853093433  0.5431690738681023  0.6133334279495537  0.46310449354296035
0.3996513123324559  0.07510711308827414  0.5665259599506263  0.6906683835760957  0.5218213090278191  0.4442217871368333  0.4924424501009263  0.5053531508251531  0.4190829176290296  0.6655152716285162  0.7452012485625562  0.6305226217558196  0.5284812495603994  0.5348495709132266  0.6395803058714256  0.4535953755187626
0.3996513123324559  0.07510711308827414  0.5665259599506263  0.6906683835760957  0.5218213090278191  0.4442217871368333  0.4924424501009263  0.5053531508251531  0.4190829176290296  0.6655152716285162  0.7452012485625562  0.6305226217558196  0.5284812495603994  0.5348495709132266  0.6395803058714256  0.4535953755187626
0.46497855817552947  0.0559282609759337  0.5414926375185023  0.6181034803745111  0.607878063067984  0.4054640119244049  0.6026464947692249  0.5013133586851315  0.39165264368329156  0.6537756193004399  0.6100952184631512  0.6077743999278393  0.43941250562138306  0.4950554516133465  0.7436027137581003  0.4495197788657713
0.48121078135172246  0.06609475993286665  0.5384572778859096  0.6112205241250106  0.6581673250636311  0.40838567212102034  0.5987996063443375  0.48132899946721425  0.3491756405508176  0.6688532706081026  0.5679545959721168  0.5995698926595401  0.41587946820422966  0.5266202247536853  0.7578993102855208  0.4263601108750053
0.5172801205460023  0.06703170652179599  0.5011132226902195  0.5530529420261985  0.6983383583993557  0.421261835102919  0.6009321956020864  0.43289922415289067  0.299747968871543  0.606129017690223  0.5067101785281811  0.5676584721719727  0.4170963146324551  0.48917429625745595  0.7749953013229443  0.38995945688473777
0.5433990238360121  0.06961489318139116  0.4648754629124723  0.5127413887894801  0.7314852813591972  0.4692610685998859  0.570100535911346  0.4121680892388677  0.30401291194596725  0.46609370333433514  0.5297671472808939  0.6889302205193327  0.49676619666482846  0.47949411725011604  0.7895286493805135  0.4149360047348337
0.5786721962525622  0.07650208222834207  0.4415772184192301  0.44965489895114985  0.7417204298746696  0.43802017622834233  0.5425585444418097  0.3890720585556183  0.2257526180858726  0.41934693433285325  0.4620301698602534  0.6713850604452132  0.504881153637352  0.4545897251695694  0.7343420972545067  0.4309018217047912
0.5991857240261  0.09289615633315557  0.4625290182817378  0.40943025235161284  0.7093100527684826  0.3911711298562651  0.5230035018360597  0.3517252161378028  0.20947414170547007  0.45645578954539917  0.49374981430952325  0.6869946996708776  0.543194793588214  0.4404499966785283  0.6950122193581751  0.4938928901560396
0.622441427232201  0.0934372676357551  0.45740123313850967  0.33163955428036934  0.6339825179029934  0.3697252659581174  0.4932026443328646  0.31323359774472176  0.2708850494817744  0.3785708958748959  0.5648951219868321  0.7020523718543636  0.4923033664161436  0.44897003957259635  0.6369681691305026  0.4841539636278573
0.6535631451847749  0.10325508206451797  0.3922815626206435  0.2965931784921073  0.6507835312355292  0.43419275816074604  0.4013402321789944  0.34816172612774876  0.28333644846202577  0.2946564846165602  0.7014813100713901  0.6808365367714753  0.48837180175718214  0.4143495103583991  0.6087155649408302  0.49068760364101327
0.6793947416845241  0.11899185177822671  0.42299608103892683  0.23292957828365587  0.6029053246628067  0.3591313756045624  0.3679012557732998  0.2986953103154449  0.3173218025822234  0.30966042217870765  0.702675101562793  0.7094375479911622  0.4908227014971643  0.39578291197888  0.48803111439689795  0.4845315491338567
0.6793947416845241  0.11899185177822671  0.42299608103892683  0.23292957828365587  0.6029053246628067  0.3591313756045624  0.3679012557732998  0.2986953103154449  0.3173218025822234  0.30966042217870765  0.702675101562793  0.7094375479911622  0.4908227014971643  0.39578291197888  0.48803111439689795  0.4845315491338567
0.6811486319610149  0.10762470308823766  0.4036882502751742  0.19507426426571306  0.5368868621966875  0.364901534942063  0.3686193147683382  0.3180199968298254  0.35868577045887606  0.2983497273588849  0.6520919933994864  0.7027539262288999  0.5196092097775535  0.43043785378997595  0.3461878767133856  0.4845703880838498
0.6790845626935023  0.10354449942544716  0.4032078639379692  0.18827620820367205  0.5297002087630444  0.36263398877207326  0.3709519786377402  0.31843385600703644  0.36546300103923085  0.3113457560395723  0.6542138879685906  0.643199850244847  0.4809056832495554  0.42583026537415586  0.28117338432157896  0.49573010490175173
0.6850343881279607  0.10571823016076301  0.37400805173329404  0.17569979013026643  0.4887770014356675  0.3619076005880241  0.3423670415062351  0.38678719181662635  0.41097555378683415  0.322285717656833  0.5656594492564556  0.7353962095741735  0.5285751649146693  0.4208115306663518  0.2530949343255654  0.547882700755575
0.6922661523342644  0.11430658620367545  0.3522313711105826  0.17957977489219182  0.4778072178595093  0.3497798496142125  0.31495656761538593  0.42675299970624153  0.4279539907845234  0.3666146525592009  0.5328358190494453  0.746010505575913  0.5006286098721712  0.4162758034964069  0.26947349276847243  0.5532983068293853
0.6922661523342644  0.11430658620367545  0.3522313711105826  0.17957977489219182  0.4778072178595093  0.3497798496142125  0.31495656761538593  0.42675299970624153  0.4279539907845234  0.3666146525592009  0.5328358190494453  0.746010505575913  0.5006286098721712  0.4162758034964069  0.26947349276847243  0.5532983068293853
0.7067872271064998  0.13139702433806147  0.3088595766194543  0.18754505024250037  0.4566996297049308  0.3243389211928708  0.2592433797459403  0.5053544033849929  0.4719127184526369  0.4502149921909784  0.4726417080396435  0.7578262886341788  0.46902345019409475  0.40472083111096313  0.32218493175609586  0.5773121655600919
0.7067872271064998  0.13139702433806147  0.3088595766194543  0.18754505024250037  0.4566996297049308  0.3243389211928708  0.2592433797459403  0.5053544033849929  0.4719127184526369  0.4502149921909784  0.4726417080396435  0.7578262886341788  0.46902345019409475  0.40472083111096313  0.32218493175609586  0.5773121655600919
0.7067872271064998  0.13139702433806147  0.3088595766194543  0.18754505024250037  0.4566996297049308  0.3243389211928708  0.2592433797459403  0.5053544033849929  0.4719127184526369  0.4502149921909784  0.4726417080396435  0.7578262886341788  0.46902345019409475  0.40472083111096313  0.32218493175609586  0.5773121655600919
0.7067872271064998  0.13139702433806147  0.3088595766194543  0.18754505024250037  0.4566996297049308  0.3243389211928708  0.2592433797459403  0.5053544033849929  0.4719127184526369  0.4502149921909784  0.4726417080396435  0.7578262886341788  0.46902345019409475  0.40472083111096313  0.32218493175609586  0.5773121655600919
0.7067872271064998  0.13139702433806147  0.3088595766194543  0.18754505024250037  0.4566996297049308  0.3243389211928708  0.2592433797459403  0.5053544033849929  0.4719127184526369  0.4502149921909784  0.4726417080396435  0.7578262886341788  0.46902345019409475  0.40472083111096313  0.32218493175609586  0.5773121655600919
0.6996082720038016  0.12026481623621157  0.2882272285462759  0.1919859896109374  0.44807397749214417  0.34491288174147144  0.277549588891549  0.5149452557084152  0.4441061307246189  0.4797834320841945  0.4549872927898767  0.7185493065053735  0.5148656525518683  0.4050280117599594  0.33283755880878485  0.5743130779692986
0.6996082720038016  0.12026481623621157  0.2882272285462759  0.1919859896109374  0.44807397749214417  0.34491288174147144  0.277549588891549  0.5149452557084152  0.4441061307246189  0.4797834320841945  0.4549872927898767  0.7185493065053735  0.5148656525518683  0.4050280117599594  0.33283755880878485  0.5743130779692986
0.6996082720038016  0.12026481623621157  0.2882272285462759  0.1919859896109374  0.44807397749214417  0.34491288174147144  0.277549588891549  0.5149452557084152  0.4441061307246189  0.4797834320841945  0.4549872927898767  0.7185493065053735  0.5148656525518683  0.4050280117599594  0.33283755880878485  0.5743130779692986
0.6996082720038016  0.12026481623621157  0.2882272285462759  0.1919859896109374  0.44807397749214417  0.34491288174147144  0.277549588891549  0.5149452557084152  0.4441061307246189  0.4797834320841945  0.4549872927898767  0.7185493065053735  0.5148656525518683  0.4050280117599594  0.33283755880878485  0.5743130779692986
0.6996082720038016  0.12026481623621157  0.2882272285462759  0.1919859896109374  0.44807397749214417  0.34491288174147144  0.277549588891549  0.5149452557084152  0.4441061307246189  0.4797834320841945  0.4549872927898767  0.7185493065053735  0.5148656525518683  0.4050280117599594  0.33283755880878485  0.5743130779692986
0.6996082720038016  0.12026481623621157  0.2882272285462759  0.1919859896109374  0.44807397749214417  0.34491288174147144  0.277549588891549  0.5149452557084152  0.4441061307246189  0.4797834320841945  0.4549872927898767  0.7185493065053735  0.5148656525518683  0.4050280117599594  0.33283755880878485  0.5743130779692986
0.6996082720038016  0.12026481623621157  0.2882272285462759  0.1919859896109374  0.44807397749214417  0.34491288174147144  0.277549588891549  0.5149452557084152  0.4441061307246189  0.4797834320841945  0.4549872927898767  0.7185493065053735  0.5148656525518683  0.4050280117599594  0.33283755880878485  0.5743130779692986
0.6996082720038016  0.12026481623621157  0.2882272285462759  0.1919859896109374  0.44807397749214417  0.34491288174147144  0.277549588891549  0.5149452557084152  0.4441061307246189  0.4797834320841945  0.4549872927898767  0.7185493065053735  0.5148656525518683  0.4050280117599594  0.33283755880878485  0.5743130779692986
0.6909869078598414  0.11082535725603809  0.30052489958398765  0.20240444005787567  0.47021026196717497  0.3391968216393638  0.2922426498645243  0.5110339094024957  0.46606044004545594  0.4424260533400786  0.44868905950461035  0.6980722455530712  0.4862609026618229  0.3552473269452536  0.38840625121207184  0.5915390721654242
0.6909869078598414  0.11082535725603809  0.30052489958398765  0.20240444005787567  0.47021026196717497  0.3391968216393638  0.2922426498645243  0.5110339094024957  0.46606044004545594  0.4424260533400786  0.44868905950461035  0.6980722455530712  0.4862609026618229  0.3552473269452536  0.38840625121207184  0.5915390721654242
0.6803269541431672  0.10305293402411622  0.2966669194973844  0.22505919133299876  0.4892175650323054  0.35944685085859074  0.3000453483794643  0.5377592831578552  0.48275281524399394  0.39826890665493986  0.4538060679607353  0.7045744687463098  0.44016253146601236  0.351570388362552  0.428158479275177  0.5964614219996358
0.6780846510690686  0.09940355018908281  0.3008667196302387  0.22476983647594986  0.4954633594047048  0.35498927078471115  0.30578666840904334  0.5200095213815482  0.4755321568228499  0.41950801434300244  0.48806947988700944  0.6036510019582642  0.3930416161711253  0.3480360306730432  0.41603274848361027  0.5887261169763764
0.6457792675440984  0.06302947271050319  0.3121769242635535  0.24630095116268863  0.5386072347890349  0.42214410908051225  0.3831386049402662  0.4832850233868552  0.40770095055642097  0.33752058550053976  0.4673687790614118  0.5474190594923591  0.5281039725065603  0.3590338763143398  0.32679191724959666  0.5865588203329071
0.6200308547288775  0.037094079670528024  0.34212449087635477  0.2663987851102848  0.5859663620458666  0.46779262433061786  0.450872306215932  0.42517696336464056  0.3833229014188738  0.22683384325978764  0.5034472578848448  0.5097719933942968  0.5122765656548617  0.37209439458476457  0.33759199342448487  0.5154823382135449
0.6090509089405407  0.030180074891184905  0.33867147865589964  0.2893634807623431  0.6032213651085295  0.491843098578787  0.4603775437103168  0.4463709708849681  0.4083818233369989  0.19132895185434615  0.5099531394721053  0.5078731640409757  0.4600400088140096  0.3771320385980436  0.3837983487353338  0.4891975309725646
0.5982996563868321  0.02363983501552841  0.33030793800541636  0.31153319371032523  0.6191106852835674  0.5265171527242208  0.4748732265186735  0.46501662640649044  0.418696350404563  0.16166354732774307  0.49381951628853327  0.5024036027925677  0.453287102933663  0.39655657992217025  0.4137325854352451  0.4835832787505797
0.5395943537410152  0.008090483790098635  0.39897447133909214  0.40503414924564324  0.5960521568801136  0.5049180910948583  0.5763073896576991  0.4486268087592059  0.4877809911914347  0.33124253961606404  0.5040496131022886  0.40042585033210426  0.3796541427041805  0.4328470498222916  0.4835955516633279  0.47476870749354094
0.4334080310163345  0.004207563993036623  0.5236224809258351  0.5587704920056364  0.48237549759997944  0.4373014263189141  0.6252458885989287  0.5114482190711228  0.5745524627722989  0.5718730982022858  0.4977740046422065  0.4842265010729062  0.40899452677438963  0.5151167975755333  0.4457678341354357  0.48003662070286973
0.39443937486621816  0.014256311380481612  0.5416029235476569  0.6071407140761764  0.42846365086536875  0.4601125024092582  0.5606171983714913  0.5192476671974577  0.6039979202175546  0.597630434963114  0.6014398565715117  0.5033361478737909  0.48131857513556303  0.5133269530936491  0.3721084659216348  0.4780041584096404
0.35435767751635283  0.032344667307426356  0.5542239936775684  0.6345856551160388  0.37416783389433533  0.46766680024305285  0.4755788779663773  0.5096396106352331  0.5736173593594578  0.5606188606644179  0.6252789488178893  0.493461712735253  0.5224636783109146  0.4831504657777741  0.3284062753819094  0.46929364344531044
0.2724128280284263  0.08559136742248821  0.5515069878401981  0.6342972936697473  0.31371853957529494  0.5052227368955551  0.3326498146334379  0.37313921143294915  0.49605583247933  0.4708302092949692  0.49330912372545577  0.45318418150392403  0.48048526386922263  0.44433507403347  0.3621129958435813  0.47063603066350185
0.2180076598189859  0.12519593113435915  0.5490653343193864  0.6156459360397581  0.29017483228585755  0.4975839357030003  0.26703297082867106  0.3427976102662483  0.42478034455360586  0.36773122925073354  0.3992886128242928  0.40872664358758326  0.4107961248969255  0.4850599926311931  0.41765000816897857  0.5122554717135913
0.16300019323169235  0.17272768770892685  0.5319131141557888  0.5687296136881304  0.30201362266682585  0.4926682734802613  0.2547869633739004  0.3192792547442166  0.3986698629644513  0.32451561715806415  0.3425484750561405  0.3838695119422455  0.36601175207583053  0.47182598711080914  0.4767989970381422  0.523541172512344
0.16300019323169235  0.17272768770892685  0.5319131141557888  0.5687296136881304  0.30201362266682585  0.4926682734802613  0.2547869633739004  0.3192792547442166  0.3986698629644513  0.32451561715806415  0.3425484750561405  0.3838695119422455  0.36601175207583053  0.47182598711080914  0.4767989970381422  0.523541172512344
0.14942273450411786  0.18614664695582897  0.5251111285768877  0.5494662260439399  0.3151102129752025  0.48200627305964766  0.2724422254995049  0.34338003495468405  0.40574151501520345  0.3229067918886588  0.36743911139001606  0.38569934427901936  0.37227790228437807  0.5041248715848081  0.4711446994992987  0.518450566262658
0.14942273450411786  0.18614664695582897  0.5251111285768877  0.5494662260439399  0.3151102129752025  0.48200627305964766  0.2724422254995049  0.34338003495468405  0.40574151501520345  0.3229067918886588  0.36743911139001606  0.38569934427901936  0.37227790228437807  0.5041248715848081  0.4711446994992987  0.518450566262658
0.14942273450411786  0.18614664695582897  0.5251111285768877  0.5494662260439399  0.3151102129752025  0.48200627305964766  0.2724422254995049  0.34338003495468405  0.40574151501520345  0.3229067918886588  0.36743911139001606  0.38569934427901936  0.37227790228437807  0.5041248715848081  0.4711446994992987  0.518450566262658
0.13608142192399914  0.19938515396004847  0.518955945019043  0.5304098945240074  0.3284071071002378  0.46941476003540833  0.2917603810899284  0.3780495844545749  0.4119908357233449  0.3187119561119827  0.3997648407671326  0.3857723720599031  0.3837644889345082  0.5523496129982033  0.4575496177778749  0.5136449873251514
0.13608142192399914  0.19938515396004847  0.518955945019043  0.5304098945240074  0.3284071071002378  0.46941476003540833  0.2917603810899284  0.3780495844545749  0.4119908357233449  0.3187119561119827  0.3997648407671326  0.3857723720599031  0.3837644889345082  0.5523496129982033  0.4575496177778749  0.5136449873251514
0.16330704611786112  0.1739049440455201  0.5304083569969869  0.5617567987864568  0.31171105133298627  0.4804566193669152  0.2770918541145577  0.3610160014452363  0.4094066874455615  0.32610662595815587  0.38509585185397227  0.3904797290291571  0.3757023917586867  0.5459796717854378  0.4484752203156555  0.5441475157752605
0.19085365363351664  0.14916161518768112  0.5424781842486441  0.5893151534049669  0.2993229411637517  0.4739871399437028  0.2722132065157055  0.3956462514013736  0.39993868747991745  0.31369389008878357  0.4112524603406651  0.3853598226681159  0.4018723554976501  0.5553999124292195  0.4320105270361013  0.5055758380372213
0.21812562266562305  0.12541197962122871  0.5543456714957526  0.6149480972742435  0.28616788476047683  0.46601926379112363  0.2649672675765687  0.42606533249328704  0.3865253509135841  0.2991963812893265  0.42688972868823905  0.37483099082485816  0.42895935653923517  0.5045136515869643  0.4386283304254708  0.45942616786786244
0.28707353310493183  0.07577325418325948  0.56869279819422  0.6322623831604761  0.3159417060661873  0.4163231850371787  0.3658403401308266  0.5846634091033918  0.43379867658098464  0.3457282831017443  0.566317909678383  0.4068484075116515  0.47326498048309296  0.5823875522585873  0.37516600286702034  0.5033263776038596
0.32808162371355354  0.04837979500868053  0.5679553372640236  0.6341555252347852  0.3465529821924885  0.41568826996553826  0.43674222613903474  0.5921040832453269  0.5003316066221154  0.43706581912276604  0.6108810712212314  0.4545486165707775  0.4779847217408111  0.5824232756775287  0.34988519302006066  0.5428506551814145
0.341699576530013  0.04135999904848264  0.5693721073522995  0.6275670721785906  0.3578765760180626  0.3909363603665422  0.46401292382282555  0.6371701467042457  0.49496233314704824  0.42602725099233624  0.6205706438549897  0.44975476711600754  0.47465461939723097  0.564308541999013  0.3646437987579095  0.5368602393645103
0.40736129550967853  0.01372450095944966  0.5422210514084731  0.5823273635906802  0.4384055891090432  0.41160475634516897  0.5751825474210934  0.5571653418084239  0.5487601555952973  0.5355758868700512  0.536360415876116  0.4803375753750272  0.4425115401202156  0.4698144907637122  0.4178040331314422  0.5012519279492168
0.40736129550967853  0.01372450095944966  0.5422210514084731  0.5823273635906802  0.4384055891090432  0.41160475634516897  0.5751825474210934  0.5571653418084239  0.5487601555952973  0.5355758868700512  0.536360415876116  0.4803375753750272  0.4425115401202156  0.4698144907637122  0.4178040331314422  0.5012519279492168
0.45904573946225646  0.0  0.5131876583589018  0.5231344768907148  0.5121472873299135  0.4091402137670669  0.6543791918545288  0.517822088477816  0.5303576279215589  0.53327272855188  0.42402954122040504  0.4609316381962088  0.37236669793352417  0.4861606475988451  0.4845455098514304  0.4610568033004463
0.5293784977498872  0.005542519627521725  0.4216609641706621  0.41301523402751517  0.589030090702713  0.48346899295111007  0.6060985339300722  0.43174303038142364  0.47204628644259433  0.3527494850878064  0.4438805189679119  0.4093278206858206  0.37587940083833815  0.48663266570079433  0.47674559179084913  0.47991583668677745
0.5671779384342585  0.013822020586765515  0.3954276085232825  0.3465795694985873  0.6023096719510315  0.46204966052159224  0.5667356386725436  0.4300884980234635  0.4062449514243116  0.24557795858607886  0.35723332820397524  0.5236194378754561  0.4572186675926245  0.43117710913636753  0.4419851896249173  0.47704963873742373
0.5671779384342585  0.013822020586765515  0.3954276085232825  0.3465795694985873  0.6023096719510315  0.46204966052159224  0.5667356386725436  0.4300884980234635  0.4062449514243116  0.24557795858607886  0.35723332820397524  0.5236194378754561  0.4572186675926245  0.43117710913636753  0.4419851896249173  0.47704963873742373
0.5982996563868321  0.02363983501552841  0.33030793800541636  0.31153319371032523  0.6191106852835674  0.5265171527242208  0.4748732265186735  0.46501662640649044  0.418696350404563  0.16166354732774307  0.49381951628853327  0.5024036027925677  0.453287102933663  0.39655657992217025  0.4137325854352451  0.4835832787505797
0.5982996563868321  0.02363983501552841  0.33030793800541636  0.31153319371032523  0.6191106852835674  0.5265171527242208  0.4748732265186735  0.46501662640649044  0.418696350404563  0.16166354732774307  0.49381951628853327  0.5024036027925677  0.453287102933663  0.39655657992217025  0.4137325854352451  0.4835832787505797
0.5982996563868321  0.02363983501552841  0.33030793800541636  0.31153319371032523  0.6191106852835674  0.5265171527242208  0.4748732265186735  0.46501662640649044  0.418696350404563  0.16166354732774307  0.49381951628853327  0.5024036027925677  0.453287102933663  0.39655657992217025  0.4137325854352451  0.4835832787505797
0.5982996563868321  0.02363983501552841  0.33030793800541636  0.31153319371032523  0.6191106852835674  0.5265171527242208  0.4748732265186735  0.46501662640649044  0.418696350404563  0.16166354732774307  0.49381951628853327  0.5024036027925677  0.453287102933663  0.39655657992217025  0.4137325854352451  0.4835832787505797
0.5982996563868321  0.02363983501552841  0.33030793800541636  0.31153319371032523  0.6191106852835674  0.5265171527242208  0.4748732265186735  0.46501662640649044  0.418696350404563  0.16166354732774307  0.49381951628853327  0.5024036027925677  0.453287102933663  0.39655657992217025  0.4137325854352451  0.4835832787505797
0.5982996563868321  0.02363983501552841  0.33030793800541636  0.31153319371032523  0.6191106852835674  0.5265171527242208  0.4748732265186735  0.46501662640649044  0.418696350404563  0.16166354732774307  0.49381951628853327  0.5024036027925677  0.453287102933663  0.39655657992217025  0.4137325854352451  0.4835832787505797
0.5982996563868321  0.02363983501552841  0.33030793800541636  0.31153319371032523  0.6191106852835674  0.5265171527242208  0.4748732265186735  0.46501662640649044  0.418696350404563  0.16166354732774307  0.49381951628853327  0.5024036027925677  0.453287102933663  0.39655657992217025  0.4137325854352451  0.4835832787505797
0.5879532791433735  0.019196732016844575  0.35060808583415853  0.32631847841409806  0.6169499874386091  0.5076787684279942  0.506451720828198  0.4592207213681665  0.4288291118988245  0.18764839081548335  0.4759074336612597  0.5049931901580093  0.4650695878637481  0.35251107213670735  0.4436023997195168  0.4726135741845077
0.5285651523445388  0.005041686845843052  0.4172898119567928  0.4228908071993934  0.5887546242927588  0.48693580658282  0.5991100075121486  0.4595642307188884  0.5017673852922965  0.3678843698984888  0.4962984294875965  0.39983962583711175  0.3878434606091866  0.38489713011164994  0.5102524224339295  0.4500556247756931
0.45904573946225646  0.0  0.5131876583589018  0.5231344768907148  0.5121472873299135  0.4091402137670669  0.6543791918545288  0.517822088477816  0.5303576279215589  0.53327272855188  0.42402954122040504  0.4609316381962088  0.37236669793352417  0.4861606475988451  0.4845455098514304  0.4610568033004463
0.4334080310163345  0.004207563993036623  0.5236224809258351  0.5587704920056364  0.48237549759997944  0.4373014263189141  0.6252458885989287  0.5114482190711228  0.5745524627722989  0.5718730982022858  0.4977740046422065  0.4842265010729062  0.40899452677438963  0.5151167975755333  0.4457678341354357  0.48003662070286973
0.3812234959844686  0.020339836221940133  0.5494229898591098  0.6154350795265956  0.40718477696143035  0.44479506769721855  0.532393922277442  0.5436998599613926  0.5777920866419046  0.5620859040818235  0.6080480949792406  0.4943707391697144  0.48879908754190227  0.499795573587771  0.3658669210535643  0.48668924227512483
0.35435767751635283  0.032344667307426356  0.5542239936775684  0.6345856551160388  0.37416783389433533  0.46766680024305285  0.4755788779663773  0.5096396106352331  0.5736173593594578  0.5606188606644179  0.6252789488178893  0.493461712735253  0.5224636783109146  0.4831504657777741  0.3284062753819094  0.46929364344531044
0.31373877106195464  0.056881356217437756  0.5621960861044184  0.6414042262456758  0.33114467238435363  0.45544243155927194  0.39298828007099834  0.5115419912269004  0.502977087456906  0.46066136837440286  0.5891707071895046  0.45239648795453696  0.516718701640951  0.4700383177996779  0.3448860365726861  0.45826311014845167
0.2729092471496654  0.08524456526975152  0.562230404208807  0.6334292655536478  0.30633498044947854  0.45448229638674414  0.3328049330908473  0.4793176624301676  0.45096458010358526  0.38983998533116904  0.5243603824091985  0.421614742866877  0.48236171043289866  0.48698491228463414  0.3819383843817277  0.470974082520757
0.24561299657076313  0.10576561587711816  0.562723911426097  0.6226831127519804  0.2932971388740039  0.4329307321359164  0.2975523962968022  0.5216163548879307  0.3862294929336342  0.2863432575173089  0.49567141449182384  0.3706916571408389  0.46191669560760323  0.5190392584484665  0.4250359433882719  0.44251141972845537
0.24561299657076313  0.10576561587711816  0.562723911426097  0.6226831127519804  0.2932971388740039  0.4329307321359164  0.2975523962968022  0.5216163548879307  0.3862294929336342  0.2863432575173089  0.49567141449182384  0.3706916571408389  0.46191669560760323  0.5190392584484665  0.4250359433882719  0.44251141972845537
0.2594419191926006  0.0964327333014956  0.5657092451716149  0.623442405606056  0.30143919824216336  0.4165917214691925  0.3230287807790444  0.5671239773992216  0.38895534817869426  0.2853687106927993  0.5199024512356363  0.3732417629598105  0.46239343785735487  0.5489488695574012  0.41659225944673856  0.4627719481582609
0.28716532173331316  0.076804482190276  0.570930584366814  0.6274516918323986  0.31688861477399455  0.39060390720784943  0.37038965514194855  0.6398977305352831  0.4071464007568357  0.2948817329526886  0.576276903378024  0.384137924078249  0.467888426899024  0.5889602618441133  0.39589622266218427  0.48140196508405614
0.30078327454977255  0.06978468623007814  0.5723473544550898  0.6208632387762041  0.32821220859956873  0.3658519976088534  0.39766035282573936  0.6849637939942019  0.40177712728176856  0.2838431648222587  0.5859664760117823  0.379344074623479  0.46455832455544394  0.5708455281655976  0.41065482840003303  0.47541154926715196
0.4208483979455886  0.21234911549570273  0.788289845487888  0.608418539293946  0.5688618585817184  0.3250148094535653  0.28387697739711676  0.8066702034975204  0.5406854070154022  0.25801049077124794  0.43655780263978394  0.39911771857446726  0.4246237846164919  0.4635029830750066  0.24029069205674797  0.5030761436501291
0.5266319350617437  0.2678381668458838  0.8873222948773585  0.525729222577104  0.6010778224771998  0.2931077696197736  0.31996926771348644  0.7427038701636501  0.6421388479498513  0.3702202829121201  0.433783034259271  0.41037797338756116  0.37448405273843194  0.40770896851305116  0.2751409682673873  0.60309932917426
0.5483200167501778  0.2765916220587734  0.8937801802136032  0.4955759662763259  0.6003461973741584  0.29964015438716396  0.3542768459492392  0.7187026328217785  0.6406146314471369  0.3797975465133171  0.394308899331199  0.3845908193018158  0.3655797752604976  0.4581466603054168  0.33730762285063615  0.6083580830812734
0.5828166821544493  0.28610860134655786  0.9002540079555785  0.4429933980442183  0.5835838966382576  0.2659375336170684  0.36465370872158775  0.647525967097668  0.637497428235771  0.48771786309413057  0.401799506779919  0.3930252663358909  0.4370002919015509  0.462607765996615  0.26595329787927385  0.6313685816262455
0.6189277891190893  0.296511720651306  0.8953719546658983  0.38126479120867385  0.6107838181786525  0.2529229457098619  0.3711244368342104  0.587073624800297  0.6050498744160012  0.3907983861444493  0.28465914474065546  0.5438454400786619  0.39921939133668966  0.5111251030488048  0.3355248037796397  0.5485309090789698
0.6812287307490826  0.28458347270560325  0.8644258044773403  0.3210134886862573  0.6561436740315446  0.28544814195000967  0.42771828609968815  0.4404394181951037  0.6213890178513038  0.5348728844561115  0.2024860058331761  0.5687416830319378  0.45768385735151834  0.4431192583880184  0.29249919160701987  0.45938011322971606
0.6931735455199034  0.28697745493102367  0.8569726323069966  0.29744058317246924  0.6598599222952248  0.271865023769321  0.42616660549294755  0.4213940328364054  0.5862265309435684  0.5292590079087984  0.15095614269280505  0.5610986329945925  0.46429392629867833  0.4323883801391769  0.2804261876674851  0.4382239125243082
0.6931735455199034  0.28697745493102367  0.8569726323069966  0.29744058317246924  0.6598599222952248  0.271865023769321  0.42616660549294755  0.4213940328364054  0.5862265309435684  0.5292590079087984  0.15095614269280505  0.5610986329945925  0.46429392629867833  0.4323883801391769  0.2804261876674851  0.4382239125243082
0.7321478456695076  0.31401939406376017  0.8447758595235848  0.24635710529635246  0.6497238983647277  0.35609009116925144  0.4286079885373774  0.3993829135923545  0.5806251411324509  0.4556411297997777  0.22661480166765502  0.5051994441315212  0.535271938307411  0.43416109330813346  0.3517544471047838  0.5072987193697119
0.7369326876594982  0.29209953603243194  0.8109440507192198  0.20542712794263357  0.6004642277248043  0.3760071432314835  0.44862793796395267  0.3764462313098036  0.6402269129535426  0.3553274364736688  0.283125432241612  0.49749043329564113  0.5314431540406545  0.37834824510774173  0.37420187960970436  0.48016615699418397
0.7285149353053115  0.2818310967583559  0.7950933243132362  0.2192871828851638  0.6098043566411006  0.39271112223604804  0.46038664765405524  0.40196757986328885  0.6208795108748882  0.36093004992049293  0.2378178324402162  0.46755878778563575  0.6016630143630712  0.36660217323728905  0.33752653021397144  0.5259845164692003
0.7176869938352668  0.25802495983524343  0.7749087345897459  0.2015464341180597  0.5418763204702123  0.3928614179448196  0.497684997470309  0.39029099329191563  0.6555441125940049  0.36470351530248035  0.28443518880272334  0.3164820805625742  0.5266955736451411  0.356351602068393  0.3398964279649071  0.5249572730428108
0.7032235529528519  0.22494509566350362  0.725139647941017  0.18859933920062347  0.49026679963744213  0.42536621025235977  0.5443287897201072  0.40393056360734214  0.6191590078147481  0.3267774295984423  0.21580719945773053  0.40180117033410706  0.6831250056154096  0.347687058996457  0.39096591861478996  0.5620355906769383
0.6552177247977036  0.14545996715350473  0.5730082811406984  0.24200846138053805  0.48688185766399694  0.49979401772365917  0.5932061668309947  0.43349671316479527  0.5111556195722652  0.3702259992429362  0.30434429619132564  0.32394586015226656  0.6840973404693282  0.3098965014843267  0.5213069823373861  0.5444244017098832
0.5701388133604457  0.042139070480295915  0.4628548583161404  0.35082387109446106  0.5430670186950382  0.44031310190960604  0.6140079561367571  0.4495833512712709  0.44488679365585315  0.3904315071386804  0.31807370750608344  0.4589607323058796  0.5660294890261689  0.3199342281412697  0.5136973340542171  0.39560459449729574
0.5053164195143133  0.004660067053767647  0.4647876878511255  0.45724518567187566  0.5446601458892245  0.4117678481816  0.6138637005746369  0.5122366084850997  0.49850623803669564  0.4599156541993855  0.46224411537307586  0.41960087531004076  0.39643459438182277  0.32254539191610654  0.4865671941369929  0.44181036901637705
0.3811915092145619  0.019241346505769974  0.5478206974543913  0.619702836609425  0.4067703016238479  0.4582323253560965  0.5310728517442175  0.5302534813302169  0.5944539194600406  0.5851248234152786  0.6283602830439188  0.4976332719845595  0.5116530635609953  0.47856711160513643  0.3494064259878288  0.4546181437629218
0.31263720846978676  0.0631440253599298  0.5375220935757534  0.6218393007330878  0.363548868473568  0.5288789787701625  0.41464060665490987  0.34962372779755685  0.568943076974669  0.5713037037860182  0.5197427879369305  0.4845287425378867  0.49189780456996396  0.42672926731596744  0.35959736186429153  0.4242767519843708
0.23048812241540997  0.12365717233303705  0.5284524744943425  0.5947864015509015  0.3306978060927841  0.5413764308689524  0.3255184943204008  0.2737011232073685  0.5070595389610912  0.5063394201200694  0.42420361074088647  0.4498548735147317  0.4699823428025044  0.31842260685258816  0.4061797993445799  0.4204474868749447
0.23048812241540997  0.12365717233303705  0.5284524744943425  0.5947864015509015  0.3306978060927841  0.5413764308689524  0.3255184943204008  0.2737011232073685  0.5070595389610912  0.5063394201200694  0.42420361074088647  0.4498548735147317  0.4699823428025044  0.31842260685258816  0.4061797993445799  0.4204474868749447
0.09476770176133065  0.2418111675070561  0.4980550950319989  0.4704182825500357  0.36499691488707475  0.45424962622637394  0.3510781690391962  0.3924651008484007  0.4428434503369324  0.38753311709279165  0.41622151486672876  0.40641838507642086  0.4235922262861995  0.33488712368878115  0.4741940338971617  0.4618487431261397
0.040360370378744403  0.2917477709439968  0.47340052803172344  0.40958115095317643  0.4002051163187885  0.44877235753985895  0.39092785724790324  0.39205760863426525  0.4703184564981913  0.41488860482215706  0.42884756708288396  0.424819879319089  0.4124533046901489  0.3827424236424881  0.4555988686258681  0.49060095628731104
0.013341312580118725  0.31907622849658923  0.4596940340863864  0.3698096283785633  0.428253798338184  0.43270927224433153  0.4349043211995518  0.4323429348490846  0.49319377149511157  0.44014629274226513  0.47336268138050647  0.43962842492613224  0.42964239887433076  0.4060607510203427  0.4298963953221739  0.5013468048502981
0.0  0.3323147355008087  0.4535388505285417  0.3507532968586308  0.44155069246321926  0.42011775922009226  0.45422247678997535  0.46701248434897547  0.499443092203253  0.435951456965589  0.5056884107576229  0.439701452707016  0.44112898552446095  0.4542854924337379  0.4163013136007501  0.49654122591279165
0.0  0.3323147355008087  0.4535388505285417  0.3507532968586308  0.44155069246321926  0.42011775922009226  0.45422247678997535  0.46701248434897547  0.499443092203253  0.435951456965589  0.5056884107576229  0.439701452707016  0.44112898552446095  0.4542854924337379  0.4163013136007501  0.49654122591279165
0.0  0.3323147355008087  0.4535388505285417  0.3507532968586308  0.44155069246321926  0.42011775922009226  0.45422247678997535  0.46701248434897547  0.499443092203253  0.435951456965589  0.5056884107576229  0.439701452707016  0.44112898552446095  0.4542854924337379  0.4163013136007501  0.49654122591279165
0.0  0.3323147355008087  0.4535388505285417  0.3507532968586308  0.44155069246321926  0.42011775922009226  0.45422247678997535  0.46701248434897547  0.499443092203253  0.435951456965589  0.5056884107576229  0.439701452707016  0.44112898552446095  0.4542854924337379  0.4163013136007501  0.49654122591279165
0.0  0.3323147355008087  0.4535388505285417  0.3507532968586308  0.44155069246321926  0.42011775922009226  0.45422247678997535  0.46701248434897547  0.499443092203253  0.435951456965589  0.5056884107576229  0.439701452707016  0.44112898552446095  0.4542854924337379  0.4163013136007501  0.49654122591279165
0.0  0.3323147355008087  0.4535388505285417  0.3507532968586308  0.44155069246321926  0.42011775922009226  0.45422247678997535  0.46701248434897547  0.499443092203253  0.435951456965589  0.5056884107576229  0.439701452707016  0.44112898552446095  0.4542854924337379  0.4163013136007501  0.49654122591279165
0.0  0.3323147355008087  0.4535388505285417  0.3507532968586308  0.44155069246321926  0.42011775922009226  0.45422247678997535  0.46701248434897547  0.499443092203253  0.435951456965589  0.5056884107576229  0.439701452707016  0.44112898552446095  0.4542854924337379  0.4163013136007501  0.49654122591279165
0.0  0.3323147355008087  0.4535388505285417  0.3507532968586308  0.44155069246321926  0.42011775922009226  0.45422247678997535  0.46701248434897547  0.499443092203253  0.435951456965589  0.5056884107576229  0.439701452707016  0.44112898552446095  0.4542854924337379  0.4163013136007501  0.49654122591279165
0.0  0.3323147355008087  0.4535388505285417  0.3507532968586308  0.44155069246321926  0.42011775922009226  0.45422247678997535  0.46701248434897547  0.499443092203253  0.435951456965589  0.5056884107576229  0.439701452707016  0.44112898552446095  0.4542854924337379  0.4163013136007501  0.49654122591279165
0.0  0.3323147355008087  0.4535388505285417  0.3507532968586308  0.44155069246321926  0.42011775922009226  0.45422247678997535  0.46701248434897547  0.499443092203253  0.435951456965589  0.5056884107576229  0.439701452707016  0.44112898552446095  0.4542854924337379  0.4163013136007501  0.49654122591279165
0.0  0.3323147355008087  0.4535388505285417  0.3507532968586308  0.44155069246321926  0.42011775922009226  0.45422247678997535  0.46701248434897547  0.499443092203253  0.435951456965589  0.5056884107576229  0.439701452707016  0.44112898552446095  0.4542854924337379  0.4163013136007501  0.49654122591279165
0.0  0.3323147355008087  0.4535388505285417  0.3507532968586308  0.44155069246321926  0.42011775922009226  0.45422247678997535  0.46701248434897547  0.499443092203253  0.435951456965589  0.5056884107576229  0.439701452707016  0.44112898552446095  0.4542854924337379  0.4163013136007501  0.49654122591279165
0.0  0.3323147355008087  0.4535388505285417  0.3507532968586308  0.44155069246321926  0.42011775922009226  0.45422247678997535  0.46701248434897547  0.499443092203253  0.435951456965589  0.5056884107576229  0.439701452707016  0.44112898552446095  0.4542854924337379  0.4163013136007501  0.49654122591279165
0.0  0.3323147355008087  0.4535388505285417  0.3507532968586308  0.44155069246321926  0.42011775922009226  0.45422247678997535  0.46701248434897547  0.499443092203253  0.435951456965589  0.5056884107576229  0.439701452707016  0.44112898552446095  0.4542854924337379  0.4163013136007501  0.49654122591279165
0.0  0.3323147355008087  0.4535388505285417  0.3507532968586308  0.44155069246321926  0.42011775922009226  0.45422247678997535  0.46701248434897547  0.499443092203253  0.435951456965589  0.5056884107576229  0.439701452707016  0.44112898552446095  0.4542854924337379  0.4163013136007501  0.49654122591279165
0.0  0.3323147355008087  0.4535388505285417  0.3507532968586308  0.44155069246321926  0.42011775922009226  0.45422247678997535  0.46701248434897547  0.499443092203253  0.435951456965589  0.5056884107576229  0.439701452707016  0.44112898552446095  0.4542854924337379  0.4163013136007501  0.49654122591279165
0.0  0.3323147355008087  0.4535388505285417  0.3507532968586308  0.44155069246321926  0.42011775922009226  0.45422247678997535  0.46701248434897547  0.499443092203253  0.435951456965589  0.5056884107576229  0.439701452707016  0.44112898552446095  0.4542854924337379  0.4163013136007501  0.49654122591279165
0.20513354086272367  0.14602076475151285  0.5435261551506764  0.565321112557029  0.3327831438704316  0.4017369729191629  0.3542753900866892  0.6037109056546454  0.4072028254391002  0.28901023414359084  0.5737674940020763  0.37670439939329203  0.49066713180892163  0.612602356852359  0.3955351559450121  0.43200143955768777
0.38116753333202835  0.02750990393748798  0.562419797724966  0.593661371616962  0.39595030904230266  0.3546779545555282  0.5229113821257458  0.6522244562443749  0.48457221519036575  0.44295653888595954  0.5760028528236569  0.4433060980290735  0.46820133943779335  0.42699769865291404  0.4018113577298251  0.5088598230838304
0.4835734962588111  0.0008955406761762541  0.4941380344828478  0.47876394424109053  0.5383578685748751  0.39941568672438427  0.6694708049601845  0.47703755166771644  0.467930477039224  0.5021714272566333  0.3026943837725178  0.44012147615100305  0.3507700492530227  0.5009546073108092  0.4929505037003574  0.4218160213852617
0.565982733279992  0.01822371767269626  0.39342189201417643  0.34559133424400235  0.5905099177052269  0.4582873547932376  0.5481161682109259  0.44352964156601166  0.38311271072699016  0.25121606672097163  0.31505467082729716  0.5321311089523761  0.4226226875538125  0.5274625051300238  0.40342437815214915  0.4851792153785786
0.5987437541123782  0.028864294084873343  0.3568524109235897  0.29685952721707404  0.5930813160410363  0.48481802536124563  0.49686167227610667  0.42140747427334885  0.3862692704571846  0.22732763948462423  0.42853341369803166  0.5048033499530452  0.49561073226363117  0.45401913438337466  0.3671303974996612  0.4838080581096046
0.6285609200358032  0.047765722006966826  0.3253212592747631  0.2554952963362056  0.560712094680743  0.48793270935893235  0.44287222953637334  0.4210085914367229  0.3549907439670629  0.2786829641624394  0.48849485953041405  0.5182772699049525  0.580226780860371  0.44497655930629876  0.27220530965800416  0.4877197419612229
0.6541423072643711  0.07323624579158919  0.2940857684717392  0.23702107824157095  0.5158121831539799  0.44007283536284003  0.37530829440039803  0.47891392922585235  0.37511342408654874  0.3917554452535965  0.4497780667044544  0.5566980400283055  0.5767397682671178  0.4298291803873304  0.25438279891925597  0.5460617602580958
0.6797005918654808  0.10511528201423795  0.29686882227246303  0.20521339064066366  0.4475262598574843  0.45320322088224774  0.37904151594372254  0.47571931536810924  0.33493552915664226  0.4733619525016947  0.48748437426863944  0.5499860140600266  0.6185886732324151  0.48979236783079344  0.2235446088202476  0.4155270633572076
0.6986510813902304  0.12671455591786357  0.28316575766439533  0.19217793677271994  0.41246945073119473  0.42390645506433244  0.34027563549231077  0.5043879184975605  0.36934270614461595  0.5162522448817849  0.45560432534511297  0.6535216544232081  0.640444569362278  0.49487904495126417  0.2745176174880396  0.41602668160600553
0.7210819180446938  0.15477394825842802  0.2620941815026612  0.1903008094079494  0.37717283253358125  0.36618142713554935  0.29212259479448105  0.53721858980606  0.42593759712558493  0.5803220127527456  0.43469328507421356  0.6604256835451516  0.6211009646735361  0.4928307846214066  0.32520487378825  0.4561501509703889
0.7468334386126786  0.18819391864172538  0.30993911779662464  0.14862218844594172  0.3349432059071614  0.3442364701289279  0.2802061916646218  0.48022658200620943  0.4741942199420321  0.5806787170715836  0.5252347500902868  0.6797852396508927  0.5228451540598561  0.5376851508374206  0.43050434566944873  0.3677444685115493
0.7468334386126786  0.18819391864172538  0.30993911779662464  0.14862218844594172  0.3349432059071614  0.3442364701289279  0.2802061916646218  0.48022658200620943  0.4741942199420321  0.5806787170715836  0.5252347500902868  0.6797852396508927  0.5228451540598561  0.5376851508374206  0.43050434566944873  0.3677444685115493
0.7468334386126786  0.18819391864172538  0.30993911779662464  0.14862218844594172  0.3349432059071614  0.3442364701289279  0.2802061916646218  0.48022658200620943  0.4741942199420321  0.5806787170715836  0.5252347500902868  0.6797852396508927  0.5228451540598561  0.5376851508374206  0.43050434566944873  0.3677444685115493
0.7468334386126786  0.18819391864172538  0.30993911779662464  0.14862218844594172  0.3349432059071614  0.3442364701289279  0.2802061916646218  0.48022658200620943  0.4741942199420321  0.5806787170715836  0.5252347500902868  0.6797852396508927  0.5228451540598561  0.5376851508374206  0.43050434566944873  0.3677444685115493
0.7468334386126786  0.18819391864172538  0.30993911779662464  0.14862218844594172  0.3349432059071614  0.3442364701289279  0.2802061916646218  0.48022658200620943  0.4741942199420321  0.5806787170715836  0.5252347500902868  0.6797852396508927  0.5228451540598561  0.5376851508374206  0.43050434566944873  0.3677444685115493
0.7468334386126786  0.18819391864172538  0.30993911779662464  0.14862218844594172  0.3349432059071614  0.3442364701289279  0.2802061916646218  0.48022658200620943  0.4741942199420321  0.5806787170715836  0.5252347500902868  0.6797852396508927  0.5228451540598561  0.5376851508374206  0.43050434566944873  0.3677444685115493
0.7468334386126786  0.18819391864172538  0.30993911779662464  0.14862218844594172  0.3349432059071614  0.3442364701289279  0.2802061916646218  0.48022658200620943  0.4741942199420321  0.5806787170715836  0.5252347500902868  0.6797852396508927  0.5228451540598561  0.5376851508374206  0.43050434566944873  0.3677444685115493
0.7439487530195433  0.18716750807646704  0.31030957919952296  0.15483873887202282  0.3312105203970399  0.33970756832206705  0.28342722202760623  0.4742458560978462  0.4750320011687799  0.6395568711637021  0.5755219929143244  0.5382348697857194  0.4536604464090775  0.5373333567322975  0.41773195928447654  0.37331452532020426
0.7468334386126786  0.18819391864172538  0.30993911779662464  0.14862218844594172  0.3349432059071614  0.3442364701289279  0.2802061916646218  0.48022658200620943  0.4741942199420321  0.5806787170715836  0.5252347500902868  0.6797852396508927  0.5228451540598561  0.5376851508374206  0.43050434566944873  0.3677444685115493
0.7468334386126786  0.18819391864172538  0.30993911779662464  0.14862218844594172  0.3349432059071614  0.3442364701289279  0.2802061916646218  0.48022658200620943  0.4741942199420321  0.5806787170715836  0.5252347500902868  0.6797852396508927  0.5228451540598561  0.5376851508374206  0.43050434566944873  0.3677444685115493
0.7468334386126786  0.18819391864172538  0.30993911779662464  0.14862218844594172  0.3349432059071614  0.3442364701289279  0.2802061916646218  0.48022658200620943  0.4741942199420321  0.5806787170715836  0.5252347500902868  0.6797852396508927  0.5228451540598561  0.5376851508374206  0.43050434566944873  0.3677444685115493
0.7239650906529014  0.15691112494720902  0.3726040058804029  0.13367076135617942  0.37622650080954684  0.3816674426192958  0.3541604937190308  0.37555468491958444  0.40338421136736696  0.4989271135213845  0.6437437452555137  0.5638333410148705  0.48948804196605805  0.5249614083516492  0.3709252633975163  0.3402834753557805
0.7020357736262215  0.12353511576409601  0.4010675307888018  0.13759982956775987  0.43630169277935676  0.34938753914797116  0.36406453720625565  0.32167076969975406  0.4105226575773466  0.4053288672200745  0.6521798556802187  0.5740397371497404  0.47736506696163783  0.45467978544810195  0.34251877081575693  0.4705686356442465
0.6667749102925127  0.08209191839470145  0.3666258931152676  0.1925448929372276  0.5040385846564008  0.37423968512589156  0.39166451825823023  0.37196694958556964  0.39906152360432595  0.3584751931220852  0.5543426725539751  0.5340805654397407  0.5089240761482491  0.3790672279178654  0.3200462619865276  0.5098833842181305
0.5164709044411173  0.013552883242091529  0.48399248765090114  0.42529961665929333  0.5185266218871042  0.34090998583089627  0.6107753610074462  0.48219080610910314  0.4400297448583362  0.5155901338013082  0.3667571354123253  0.4285286449634653  0.3869840741006025  0.3446298605513317  0.4358689563090503  0.423428292608037
0.407472102712906  0.013081205936627593  0.5483178548318703  0.5874414542611417  0.42848366783392483  0.39617984045097715  0.5658075717213967  0.5833987065286064  0.5480431505174965  0.541005641147364  0.5793206231095464  0.47262293391979415  0.48898462858148917  0.36622087902391004  0.39778775270952765  0.453522444336254
0.3406358758104666  0.04320283372240416  0.5584011753604756  0.6283607636480585  0.3597755417318981  0.4307653232250519  0.44897203109165196  0.5737514604594501  0.5069761891435516  0.45982472025645516  0.6132911424259435  0.44345382404419575  0.5242272007333705  0.4335316829418157  0.36916109435591554  0.40344356495773187
0.24528727974388495  0.1061732795026703  0.5585723757745599  0.6232219122433439  0.29398729195282675  0.45439806980440595  0.2922703259741498  0.4591223656140141  0.4106125094137607  0.3331392425981849  0.48079378488310337  0.38880963263069657  0.47428952426076915  0.43481425537921903  0.42817375266928287  0.4147009522697096
0.23171073228599018  0.11672000430909016  0.5587872112827187  0.6161545172527431  0.29003881052234426  0.44146327446572203  0.2797952995355798  0.487870226538672  0.37869920028932014  0.2807107287056403  0.4678669960656001  0.36361297937445536  0.4590996046529462  0.4728552907032464  0.4481885690752492  0.4131119248430256
0.23171073228599018  0.11672000430909016  0.5587872112827187  0.6161545172527431  0.29003881052234426  0.44146327446572203  0.2797952995355798  0.487870226538672  0.37869920028932014  0.2807107287056403  0.4678669960656001  0.36361297937445536  0.4590996046529462  0.4728552907032464  0.4481885690752492  0.4131119248430256
0.27305208764316213  0.09007195723767267  0.5654253205661935  0.6135753504228911  0.3168118208797496  0.3907235506053829  0.3544268715822747  0.6057100431336522  0.3915209793923944  0.27918518283509974  0.5339310208417462  0.3697152910381239  0.46126449135103526  0.49475194931144284  0.4422511380285436  0.4257515259519167
0.313722555467998  0.07686305266515525  0.5666893282747242  0.5695455249079882  0.3632224689346809  0.29120799967949473  0.45171322839334227  0.7727785686924822  0.3616156790473659  0.23552914677766804  0.5692525454545264  0.3544067643395975  0.453376476226068  0.5067240369977664  0.44544107340030814  0.46951027090297764
0.33936302429736975  0.0650689555382106  0.5753147801273711  0.5669449300571288  0.34914694247408273  0.26815945400084085  0.4292073797945726  0.7449957958277227  0.32625494548772715  0.23523292038260019  0.5129685181824485  0.3438454020269471  0.4515840955063074  0.3963758620420245  0.4425794777058617  0.4867247847980015
0.3774476467448254  0.10004955373850843  0.6322453704599101  0.5014408752866658  0.3076940288935992  0.16134284091999024  0.3763119679224813  0.6806073538804738  0.3398967900974257  0.26515248783747536  0.6041979369648915  0.408274016799741  0.43137453999047237  0.354794843193758  0.37102544959145084  0.5686623180657162
0.4184118615898714  0.1437540581195861  0.6959396906188549  0.4276576536604174  0.25592523759361613  0.08955144023642597  0.32984625419765423  0.5969988209330622  0.3907566024620819  0.25502911531799566  0.6754110067548603  0.5539660342740826  0.40318364622937164  0.39368726071435134  0.4033211508194405  0.4930432189845897
0.4545558399536381  0.20499504577205202  0.7983331815261462  0.39979305721671643  0.265545905849545  0.10406641811080664  0.31136216388519455  0.6102423815306572  0.5203083390137114  0.15271672194649422  0.6443831167867158  0.5288259773219145  0.3187584475383669  0.3769497673983558  0.43913402131061624  0.5394159117090936
0.4545558399536381  0.20499504577205202  0.7983331815261462  0.39979305721671643  0.265545905849545  0.10406641811080664  0.31136216388519455  0.6102423815306572  0.5203083390137114  0.15271672194649422  0.6443831167867158  0.5288259773219145  0.3187584475383669  0.3769497673983558  0.43913402131061624  0.5394159117090936
0.5070821536335843  0.22442265342906287  0.8129461463654176  0.3379797368997772  0.29682812221314825  0.09292692417064902  0.34189204360707837  0.55823065965277  0.5080632226249472  0.15574817096854426  0.5322821567303917  0.5144852829590187  0.3116941330462374  0.40332230619467113  0.4141085295890327  0.5332344565735754
0.5208018567545918  0.21444832762811605  0.8126674746562863  0.3416584947108438  0.30591748235814054  0.10154369308279287  0.3646695539625535  0.5446798281196648  0.5408850006704575  0.20681638488985976  0.5480443358302631  0.5402117154288156  0.31694922826370986  0.40930899535486603  0.3910257869884548  0.560108091939193
0.5208018567545918  0.21444832762811605  0.8126674746562863  0.3416584947108438  0.30591748235814054  0.10154369308279287  0.3646695539625535  0.5446798281196648  0.5408850006704575  0.20681638488985976  0.5480443358302631  0.5402117154288156  0.31694922826370986  0.40930899535486603  0.3910257869884548  0.560108091939193
0.562429322472171  0.20582694438170138  0.7879453209516046  0.2863974730489602  0.3706227527772528  0.1086537329440378  0.4281800786489152  0.5063488659506038  0.5227752232464206  0.139452637751313  0.3744441839432648  0.6751472725766009  0.29555250620601026  0.4978296307289814  0.4688336743794068  0.574602617475593
0.562429322472171  0.20582694438170138  0.7879453209516046  0.2863974730489602  0.3706227527772528  0.1086537329440378  0.4281800786489152  0.5063488659506038  0.5227752232464206  0.139452637751313  0.3744441839432648  0.6751472725766009  0.29555250620601026  0.4978296307289814  0.4688336743794068  0.574602617475593
0.5760058699300659  0.19528021957528155  0.7877304854434457  0.293464868039561  0.3745712342077353  0.12158852828272165  0.44065510508748523  0.477601005025946  0.5546885323708611  0.19188115164385774  0.38737097276076804  0.700343925832842  0.31074242581383316  0.45978859540495404  0.4488188579734405  0.5761916449022771
0.5760058699300659  0.19528021957528155  0.7877304854434457  0.293464868039561  0.3745712342077353  0.12158852828272165  0.44065510508748523  0.477601005025946  0.5546885323708611  0.19188115164385774  0.38737097276076804  0.700343925832842  0.31074242581383316  0.45978859540495404  0.4488188579734405  0.5761916449022771
0.5866658236467399  0.20305264280720345  0.791588465530049  0.2708101167644379  0.35556393114260487  0.10133849906349474  0.43285240657254526  0.4508756312705866  0.5379961571723232  0.23603829832899648  0.38225396430464303  0.6938417026396033  0.3568407970096437  0.4634655339876557  0.4090666299103353  0.5712692950680655
0.5866658236467399  0.20305264280720345  0.791588465530049  0.2708101167644379  0.35556393114260487  0.10133849906349474  0.43285240657254526  0.4508756312705866  0.5379961571723232  0.23603829832899648  0.38225396430464303  0.6938417026396033  0.3568407970096437  0.4634655339876557  0.4090666299103353  0.5712692950680655
0.5866658236467399  0.20305264280720345  0.791588465530049  0.2708101167644379  0.35556393114260487  0.10133849906349474  0.43285240657254526  0.4508756312705866  0.5379961571723232  0.23603829832899648  0.38225396430464303  0.6938417026396033  0.3568407970096437  0.4634655339876557  0.4090666299103353  0.5712692950680655
0.6047829742865694  0.2145507156066332  0.7961884123714758  0.24170375812536138  0.3446277498085416  0.10180151031329904  0.4546442749149199  0.41328782231276795  0.5131685441794834  0.2930462112058369  0.3772988357745407  0.5181600256628964  0.30225300527075377  0.4965619029710324  0.4362512071560989  0.5539702818217925
0.6047829742865694  0.2145507156066332  0.7961884123714758  0.24170375812536138  0.3446277498085416  0.10180151031329904  0.4546442749149199  0.41328782231276795  0.5131685441794834  0.2930462112058369  0.3772988357745407  0.5181600256628964  0.30225300527075377  0.4965619029710324  0.4362512071560989  0.5539702818217925
0.6208835387614542  0.20949360133043304  0.7879978846571245  0.2271928422488611  0.36963930922260146  0.12164784683219937  0.47964652064598473  0.3948163554571963  0.5385365965283855  0.2697125879950088  0.32040335454277424  0.6686758042321461  0.36395720051519315  0.5104450765820336  0.4552651384091417  0.5397151411476532
0.6339722292605823  0.20114842817103115  0.7817160080754817  0.22926729034346008  0.3808937941102853  0.1478322980156087  0.4943194341475864  0.35044279850536275  0.5758016982798663  0.33221715937512275  0.3303293632363925  0.6890272314187904  0.39222100206522814  0.43613687744715157  0.44499998852077366  0.49306284626556124
0.6129703930276176  0.18862394480634304  0.7774865226369534  0.2645901994086176  0.3880972899342271  0.1428403849589437  0.47574859616819626  0.3820498815548182  0.601467092499454  0.33408740059040093  0.38557173459053246  0.7231585385303241  0.37762408615333953  0.4026887143586517  0.4050430248900379  0.5159319163204891
0.5798516491471142  0.14198486960254134  0.7115217323731875  0.29696358404366285  0.36846137528527834  0.14104428801692126  0.5110734849989281  0.3637273578959907  0.5394835410494161  0.4084296731134166  0.5140924875368578  0.6341739775497186  0.27780819333070805  0.42406802433149826  0.5070478680416236  0.4990071325822025
0.4855202761484462  0.086350282651948  0.6568102944108125  0.42597919922575095  0.3284257704993243  0.1838306775401932  0.5100705026925222  0.4913775575118606  0.5157326475143469  0.5020120679828725  0.6854558382896067  0.51436364338031  0.31062235649836384  0.36555378185618037  0.497851545652568  0.5772099639084909
0.41365285131564794  0.04431940439834012  0.5919199847354739  0.5362935476586537  0.3590211005616989  0.2619556416725972  0.48568737637353865  0.6180301011669225  0.455171171574646  0.4711909462664987  0.6118578439393767  0.4537878928268711  0.48277418088848617  0.287004050938669  0.363245538889976  0.543841693445521
0.3548374592171494  0.03824643836277719  0.5691020782286278  0.6112060055109328  0.3687239088265238  0.3601480092955468  0.4813955654531928  0.6621035231523869  0.4727422142806364  0.4034349151729603  0.5963629236829886  0.4373484127824144  0.4612503675892286  0.5070776527054288  0.3889036306748049  0.5331875150185786
0.341699576530013  0.04135999904848264  0.5693721073522995  0.6275670721785906  0.3578765760180626  0.3909363603665422  0.46401292382282555  0.6371701467042457  0.49496233314704824  0.42602725099233624  0.6205706438549897  0.44975476711600754  0.47465461939723097  0.564308541999013  0.3646437987579095  0.5368602393645103
0.2865271999661248  0.07822476930955366  0.5636471742970828  0.6268408124974534  0.31765857427505273  0.4297303867877481  0.36007563077463817  0.5243837258890862  0.4455953066285181  0.3788014172007392  0.5340499550429567  0.41682089341210704  0.47903160808931855  0.46887017860611846  0.3966969901195765  0.4649836667038528
0.20430341504012584  0.13832234824360576  0.5484217818640047  0.5993765829364835  0.29346220147229124  0.4617129660725948  0.26930636344516456  0.427964760232033  0.3842891356080572  0.29192124691095866  0.4244102234189274  0.37106954858445446  0.4245678073303356  0.5042377007669808  0.453726980222883  0.454003769267815
0.17665340180563374  0.16355813613793513  0.5373234731570189  0.5714136298795205  0.3047341578570652  0.4629306840852163  0.27335673157777507  0.40570659568519707  0.38425487409225234  0.3001950259902678  0.4004198018108387  0.3683219485020286  0.42427584247143363  0.42274999087955517  0.4840756188876109  0.417302046733628
0.14923385814434112  0.18799861122999553  0.5256724961305287  0.5447621253308719  0.31666321373553313  0.4714841412662102  0.28402339239085395  0.37501139129681277  0.39789369303469524  0.32479560120025097  0.3758380579448827  0.3784340832341003  0.40950968442928565  0.39071087583200065  0.4863767968975611  0.45346226521126526
0.09483014020153935  0.23810300570258228  0.5011268985101357  0.484702663387114  0.3510520466758409  0.47325884788872546  0.3229783051738374  0.35523724669447027  0.43071165104011233  0.3713848701787428  0.3764603277747694  0.4009399480648536  0.39896253590172404  0.39692875208187955  0.4708015383437434  0.49361865790690757
0.0404592763779712  0.2914068249343265  0.4745273848204649  0.41106434289292815  0.3982841278364327  0.4474036693939663  0.3877693726515793  0.40255004256287696  0.46444071128267916  0.4027484950778156  0.4320053352476964  0.4182510308311892  0.41500406838266046  0.4111033007206752  0.45491628331417666  0.4953589764975426
0.02701905779862565  0.3049862779482163  0.4672453444738787  0.3905248194332439  0.41350201044382384  0.43618084451561967  0.4102460128383268  0.4267271581341562  0.47656777720633275  0.410693769045481  0.4611732964600004  0.42489290709997274  0.42393989134027904  0.4309671650558833  0.4420037869044443  0.48579537734980455
0.013560684400346246  0.3187170528775357  0.4597794376672166  0.36979557788945927  0.4284581719002034  0.4280580049919928  0.4344729007161164  0.4436882632926192  0.4917907324566806  0.42748081929322557  0.48480869695836254  0.4355915705722205  0.4301312861818202  0.44124601991723955  0.42655272178374254  0.49715502089636676
0.013560684400346246  0.3187170528775357  0.4597794376672166  0.36979557788945927  0.4284581719002034  0.4280580049919928  0.4344729007161164  0.4436882632926192  0.4917907324566806  0.42748081929322557  0.48480869695836254  0.4355915705722205  0.4301312861818202  0.44124601991723955  0.42655272178374254  0.49715502089636676
0.0  0.3323147355008087  0.4535388505285417  0.3507532968586308  0.44155069246321926  0.42011775922009226  0.45422247678997535  0.46701248434897547  0.499443092203253  0.435951456965589  0.5056884107576229  0.439701452707016  0.44112898552446095  0.4542854924337379  0.4163013136007501  0.49654122591279165
0.0  0.3323147355008087  0.4535388505285417  0.3507532968586308  0.44155069246321926  0.42011775922009226  0.45422247678997535  0.46701248434897547  0.499443092203253  0.435951456965589  0.5056884107576229  0.439701452707016  0.44112898552446095  0.4542854924337379  0.4163013136007501  0.49654122591279165
0.0  0.3323147355008087  0.4535388505285417  0.3507532968586308  0.44155069246321926  0.42011775922009226  0.45422247678997535  0.46701248434897547  0.499443092203253  0.435951456965589  0.5056884107576229  0.439701452707016  0.44112898552446095  0.4542854924337379  0.4163013136007501  0.49654122591279165
0.0  0.3323147355008087  0.4535388505285417  0.3507532968586308  0.44155069246321926  0.42011775922009226  0.45422247678997535  0.46701248434897547  0.499443092203253  0.435951456965589  0.5056884107576229  0.439701452707016  0.44112898552446095  0.4542854924337379  0.4163013136007501  0.49654122591279165
0.0  0.3323147355008087  0.4535388505285417  0.3507532968586308  0.44155069246321926  0.42011775922009226  0.45422247678997535  0.46701248434897547  0.499443092203253  0.435951456965589  0.5056884107576229  0.439701452707016  0.44112898552446095  0.4542854924337379  0.4163013136007501  0.49654122591279165
0.0  0.3323147355008087  0.4535388505285417  0.3507532968586308  0.44155069246321926  0.42011775922009226  0.45422247678997535  0.46701248434897547  0.499443092203253  0.435951456965589  0.5056884107576229  0.439701452707016  0.44112898552446095  0.4542854924337379  0.4163013136007501  0.49654122591279165
0.0  0.3323147355008087  0.4535388505285417  0.3507532968586308  0.44155069246321926  0.42011775922009226  0.45422247678997535  0.46701248434897547  0.499443092203253  0.435951456965589  0.5056884107576229  0.439701452707016  0.44112898552446095  0.4542854924337379  0.4163013136007501  0.49654122591279165
0.0  0.3323147355008087  0.4535388505285417  0.3507532968586308  0.44155069246321926  0.42011775922009226  0.45422247678997535  0.46701248434897547  0.499443092203253  0.435951456965589  0.5056884107576229  0.439701452707016  0.44112898552446095  0.4542854924337379  0.4163013136007501  0.49654122591279165
0.0  0.3323147355008087  0.4535388505285417  0.3507532968586308  0.44155069246321926  0.42011775922009226  0.45422247678997535  0.46701248434897547  0.499443092203253  0.435951456965589  0.5056884107576229  0.439701452707016  0.44112898552446095  0.4542854924337379  0.4163013136007501  0.49654122591279165
0.0  0.3323147355008087  0.4535388505285417  0.3507532968586308  0.44155069246321926  0.42011775922009226  0.45422247678997535  0.46701248434897547  0.499443092203253  0.435951456965589  0.5056884107576229  0.439701452707016  0.44112898552446095  0.4542854924337379  0.4163013136007501  0.49654122591279165
0.0  0.3323147355008087  0.4535388505285417  0.3507532968586308  0.44155069246321926  0.42011775922009226  0.45422247678997535  0.46701248434897547  0.499443092203253  0.435951456965589  0.5056884107576229  0.439701452707016  0.44112898552446095  0.4542854924337379  0.4163013136007501  0.49654122591279165
0.0  0.3323147355008087  0.4535388505285417  0.3507532968586308  0.44155069246321926  0.42011775922009226  0.45422247678997535  0.46701248434897547  0.499443092203253  0.435951456965589  0.5056884107576229  0.439701452707016  0.44112898552446095  0.4542854924337379  0.4163013136007501  0.49654122591279165
0.0  0.3323147355008087  0.4535388505285417  0.3507532968586308  0.44155069246321926  0.42011775922009226  0.45422247678997535  0.46701248434897547  0.499443092203253  0.435951456965589  0.5056884107576229  0.439701452707016  0.44112898552446095  0.4542854924337379  0.4163013136007501  0.49654122591279165
0.0  0.3323147355008087  0.4535388505285417  0.3507532968586308  0.44155069246321926  0.42011775922009226  0.45422247678997535  0.46701248434897547  0.499443092203253  0.435951456965589  0.5056884107576229  0.439701452707016  0.44112898552446095  0.4542854924337379  0.4163013136007501  0.49654122591279165
0.0  0.3323147355008087  0.4535388505285417  0.3507532968586308  0.44155069246321926  0.42011775922009226  0.45422247678997535  0.46701248434897547  0.499443092203253  0.435951456965589  0.5056884107576229  0.439701452707016  0.44112898552446095  0.4542854924337379  0.4163013136007501  0.49654122591279165
]