HCompV -A -T 2 -C configs/hcompv.conf -v 2.0 -f 0.01 -m -S lists/train.data -M models/hmm0 models/prototype 
Stream 1
 Mean Vector 
       0.34     0.40     0.28     0.44     0.43     0.45     0.42     0.42     0.43     0.50     0.50     0.48 ...
 Variance Vector 
       2.00     2.00     2.00     2.00     2.00     2.00     2.00     2.00     2.00     2.00     2.00     2.00 ...
HRest -A -i 60 -C configs/hrest.conf -v 0.1 -I all_labels.mlf -M models/hmm1 -S lists/train.data models/hmm0/sil0 
HRest -A -i 60 -C configs/hrest.conf -v 0.1 -I all_labels.mlf -M models/hmm1 -S lists/train.data models/hmm0/r 
HRest -A -i 60 -C configs/hrest.conf -v 0.1 -I all_labels.mlf -M models/hmm1 -S lists/train.data models/hmm0/t 
HRest -A -i 60 -C configs/hrest.conf -v 0.1 -I all_labels.mlf -M models/hmm1 -S lists/train.data models/hmm0/b 
HRest -A -i 60 -C configs/hrest.conf -v 0.1 -I all_labels.mlf -M models/hmm1 -S lists/train.data models/hmm0/a 
HRest -A -i 60 -C configs/hrest.conf -v 0.1 -I all_labels.mlf -M models/hmm1 -S lists/train.data models/hmm0/o 
HRest -A -i 60 -C configs/hrest.conf -v 0.1 -I all_labels.mlf -M models/hmm1 -S lists/train.data models/hmm0/f 
HRest -A -i 60 -C configs/hrest.conf -v 0.1 -I all_labels.mlf -M models/hmm1 -S lists/train.data models/hmm0/sil1 
HRest -A -i 60 -C configs/hrest.conf -v 0.1 -I all_labels.mlf -M models/hmm1 -S lists/train.data models/hmm0/p 
HRest -A -i 60 -C configs/hrest.conf -v 0.1 -I all_labels.mlf -M models/hmm1 -S lists/train.data models/hmm0/n 
HRest -A -i 60 -C configs/hrest.conf -v 0.1 -I all_labels.mlf -M models/hmm1 -S lists/train.data models/hmm0/i 
HRest -A -i 60 -C configs/hrest.conf -v 0.1 -I all_labels.mlf -M models/hmm1 -S lists/train.data models/hmm0/s 
HRest -A -i 60 -C configs/hrest.conf -v 0.1 -I all_labels.mlf -M models/hmm1 -S lists/train.data models/hmm0/m 
HRest -A -i 60 -C configs/hrest.conf -v 0.1 -I all_labels.mlf -M models/hmm1 -S lists/train.data models/hmm0/x 
HRest -A -i 60 -C configs/hrest.conf -v 0.1 -I all_labels.mlf -M models/hmm1 -S lists/train.data models/hmm0/k 
HRest -A -i 60 -C configs/hrest.conf -v 0.1 -I all_labels.mlf -M models/hmm1 -S lists/train.data models/hmm0/d 
HRest -A -i 60 -C configs/hrest.conf -v 0.1 -I all_labels.mlf -M models/hmm1 -S lists/train.data models/hmm0/prototype 
HRest -A -i 60 -C configs/hrest.conf -v 0.1 -I all_labels.mlf -M models/hmm1 -S lists/train.data models/hmm0/y 
HRest -A -i 60 -C configs/hrest.conf -v 0.1 -I all_labels.mlf -M models/hmm1 -S lists/train.data models/hmm0/h 
HRest -A -i 60 -C configs/hrest.conf -v 0.1 -I all_labels.mlf -M models/hmm1 -S lists/train.data models/hmm0/l 
HRest -A -i 60 -C configs/hrest.conf -v 0.1 -I all_labels.mlf -M models/hmm1 -S lists/train.data models/hmm0/u 
HRest -A -i 60 -C configs/hrest.conf -v 0.1 -I all_labels.mlf -M models/hmm1 -S lists/train.data models/hmm0/j 
HRest -A -i 60 -C configs/hrest.conf -v 0.1 -I all_labels.mlf -M models/hmm1 -S lists/train.data models/hmm0/c 
HRest -A -i 60 -C configs/hrest.conf -v 0.1 -I all_labels.mlf -M models/hmm1 -S lists/train.data models/hmm0/w 
HRest -A -i 60 -C configs/hrest.conf -v 0.1 -I all_labels.mlf -M models/hmm1 -S lists/train.data models/hmm0/e 
HRest -A -i 60 -C configs/hrest.conf -v 0.1 -I all_labels.mlf -M models/hmm1 -S lists/train.data models/hmm0/q 
HRest -A -i 60 -C configs/hrest.conf -v 0.1 -I all_labels.mlf -M models/hmm1 -S lists/train.data models/hmm0/z 
HRest -A -i 60 -C configs/hrest.conf -v 0.1 -I all_labels.mlf -M models/hmm1 -S lists/train.data models/hmm0/v 
HRest -A -i 60 -C configs/hrest.conf -v 0.1 -I all_labels.mlf -M models/hmm1 -S lists/train.data models/hmm0/g 
HERest -A -d models/hmm1 -c 500.0 -v 0.0005 -I all_labels.mlf -M models/hmm2 -S lists/train.data -T 1 wordList 
HERest  ML Updating: Transitions Means Variances 

 System is PLAIN
28 Logical/28 Physical Models Loaded, VecSize=16
Pruning-Off
 Processing Data: Naoki.a_n_d.1589.htk; Label Naoki.a_n_d.1589.lab
 Utterance prob per frame = 1.990819e+00
 Processing Data: Naoki.b_i_t_e.1104.htk; Label Naoki.b_i_t_e.1104.lab
 Utterance prob per frame = 2.023459e+00
 Processing Data: Naoki.b_i_g.2098.htk; Label Naoki.b_i_g.2098.lab
 Utterance prob per frame = 2.051176e+00
 Processing Data: Naoki.b_o_o_k_s.2008.htk; Label Naoki.b_o_o_k_s.2008.lab
 Utterance prob per frame = 2.062894e+00
 Processing Data: Naoki.a_h_e_a_d.2231.htk; Label Naoki.a_h_e_a_d.2231.lab
 Utterance prob per frame = 1.815886e+00
 Processing Data: Naoki.b_o_s_s.1396.htk; Label Naoki.b_o_s_s.1396.lab
 Utterance prob per frame = 2.138711e+00
 Processing Data: Naoki.a_m.1850.htk; Label Naoki.a_m.1850.lab
 Utterance prob per frame = 2.579379e+00
 Processing Data: Naoki.a_f_t_e_r.975.htk; Label Naoki.a_f_t_e_r.975.lab
 Utterance prob per frame = 2.110815e+00
 Processing Data: Naoki.b_o_y_s.2050.htk; Label Naoki.b_o_y_s.2050.lab
 Utterance prob per frame = 2.327044e+00
 Processing Data: Naoki.b_a_n_k.1700.htk; Label Naoki.b_a_n_k.1700.lab
 Utterance prob per frame = 1.976331e+00
 Processing Data: Naoki.a_n_d.425.htk; Label Naoki.a_n_d.425.lab
 Utterance prob per frame = 2.028178e+00
 Processing Data: Naoki.a_h_e_a_d.1067.htk; Label Naoki.a_h_e_a_d.1067.lab
 Utterance prob per frame = 1.927919e+00
 Processing Data: Naoki.a_p_p_l_e.1983.htk; Label Naoki.a_p_p_l_e.1983.lab
 Utterance prob per frame = 2.335111e+00
 Processing Data: Naoki.b_i_l_l.381.htk; Label Naoki.b_i_l_l.381.lab
 Utterance prob per frame = 2.583127e+00
 Processing Data: Naoki.b_o_n_e.214.htk; Label Naoki.b_o_n_e.214.lab
 Utterance prob per frame = 2.281334e+00
 Processing Data: Naoki.a_l_l.123.htk; Label Naoki.a_l_l.123.lab
 Utterance prob per frame = 2.530881e+00
 Processing Data: Naoki.b_e_e_s.2001.htk; Label Naoki.b_e_e_s.2001.lab
 Utterance prob per frame = 2.222952e+00
 Processing Data: Naoki.a_n.1620.htk; Label Naoki.a_n.1620.lab
 Utterance prob per frame = 2.349572e+00
 Processing Data: Naoki.a_w_a_y.1807.htk; Label Naoki.a_w_a_y.1807.lab
 Utterance prob per frame = 2.187303e+00
 Processing Data: Naoki.a_r_e.1373.htk; Label Naoki.a_r_e.1373.lab
 Utterance prob per frame = 2.242052e+00
 Processing Data: Naoki.b_o_n_e.1378.htk; Label Naoki.b_o_n_e.1378.lab
 Utterance prob per frame = 2.255701e+00
 Processing Data: Naoki.b_e_e_r.2243.htk; Label Naoki.b_e_e_r.2243.lab
 Utterance prob per frame = 2.259393e+00
 Processing Data: Naoki.a_d_u_l_t.802.htk; Label Naoki.a_d_u_l_t.802.lab
 Utterance prob per frame = 1.957325e+00
 Processing Data: Naoki.a_g_a_i_n.812.htk; Label Naoki.a_g_a_i_n.812.lab
 Utterance prob per frame = 1.751029e+00
 Processing Data: Naoki.b_l_o_w.1110.htk; Label Naoki.b_l_o_w.1110.lab
 Utterance prob per frame = 2.259343e+00
 Processing Data: Naoki.b_a_r_e.1969.htk; Label Naoki.b_a_r_e.1969.lab
 Utterance prob per frame = 1.897694e+00
 Processing Data: Naoki.b_e_s_t.1540.htk; Label Naoki.b_e_s_t.1540.lab
 Utterance prob per frame = 1.828618e+00
 Processing Data: Naoki.b_i_r_t_h.697.htk; Label Naoki.b_i_r_t_h.697.lab
 Utterance prob per frame = 2.036460e+00
 Processing Data: Naoki.b_i_g.934.htk; Label Naoki.b_i_g.934.lab
 Utterance prob per frame = 2.253172e+00
 Processing Data: Naoki.b_e_e_n.2100.htk; Label Naoki.b_e_e_n.2100.lab
 Utterance prob per frame = 2.044058e+00
 Processing Data: Naoki.a_w_a_y.643.htk; Label Naoki.a_w_a_y.643.lab
 Utterance prob per frame = 2.327391e+00
 Processing Data: Naoki.b_i_l_l.1545.htk; Label Naoki.b_i_l_l.1545.lab
 Utterance prob per frame = 2.429011e+00
 Processing Data: Naoki.b_i_t_e.2268.htk; Label Naoki.b_i_t_e.2268.lab
 Utterance prob per frame = 1.709670e+00
 Processing Data: Naoki.b_e_e_s.837.htk; Label Naoki.b_e_e_s.837.lab
 Utterance prob per frame = 1.970828e+00
 Processing Data: Naoki.a_s.1985.htk; Label Naoki.a_s.1985.lab
 Utterance prob per frame = 2.570885e+00
 Processing Data: Naoki.b_i_r_d.1012.htk; Label Naoki.b_i_r_d.1012.lab
 Utterance prob per frame = 2.204661e+00
 Processing Data: Naoki.a_t_e.875.htk; Label Naoki.a_t_e.875.lab
 Utterance prob per frame = 2.022030e+00
 Processing Data: Naoki.b_o_y_s.886.htk; Label Naoki.b_o_y_s.886.lab
 Utterance prob per frame = 2.488111e+00
 Processing Data: Naoki.b_o_s_s.232.htk; Label Naoki.b_o_s_s.232.lab
 Utterance prob per frame = 2.174255e+00
 Processing Data: Naoki.b_i_k_e.1431.htk; Label Naoki.b_i_k_e.1431.lab
 Utterance prob per frame = 1.573997e+00
 Processing Data: Naoki.a_n_y.1639.htk; Label Naoki.a_n_y.1639.lab
 Utterance prob per frame = 2.370062e+00
 Processing Data: Naoki.a_t.1787.htk; Label Naoki.a_t.1787.lab
 Utterance prob per frame = 2.165106e+00
 Processing Data: Naoki.a_n_y.475.htk; Label Naoki.a_n_y.475.lab
 Utterance prob per frame = 2.054762e+00
 Processing Data: Naoki.a_s_k.2022.htk; Label Naoki.a_s_k.2022.lab
 Utterance prob per frame = 1.940726e+00
 Processing Data: Naoki.b_a_s_e_s.2081.htk; Label Naoki.b_a_s_e_s.2081.lab
 Utterance prob per frame = 1.778573e+00
 Processing Data: Naoki.b_e_a_r_s.2163.htk; Label Naoki.b_e_a_r_s.2163.lab
 Utterance prob per frame = 1.975139e+00
 Processing Data: Naoki.a_w_a_r_e.1556.htk; Label Naoki.a_w_a_r_e.1556.lab
 Utterance prob per frame = 2.199101e+00
 Processing Data: Naoki.a_s_k_e_d.2120.htk; Label Naoki.a_s_k_e_d.2120.lab
 Utterance prob per frame = 1.546974e+00
 Processing Data: Naoki.a_g_r_e_e.586.htk; Label Naoki.a_g_r_e_e.586.lab
 Utterance prob per frame = 1.970128e+00
 Processing Data: Naoki.b_a_r_e.805.htk; Label Naoki.b_a_r_e.805.lab
 Utterance prob per frame = 2.402970e+00
 Processing Data: Naoki.a_p_p_l_e.819.htk; Label Naoki.a_p_p_l_e.819.lab
 Utterance prob per frame = 2.252058e+00
 Processing Data: Naoki.a_t_e.2039.htk; Label Naoki.a_t_e.2039.lab
 Utterance prob per frame = 1.811679e+00
 Processing Data: Naoki.b_e.610.htk; Label Naoki.b_e.610.lab
 Utterance prob per frame = 2.361301e+00
 Processing Data: Naoki.b_e_e_r.1079.htk; Label Naoki.b_e_e_r.1079.lab
 Utterance prob per frame = 2.142234e+00
 Processing Data: Naoki.b_o_o_k_s.844.htk; Label Naoki.b_o_o_k_s.844.lab
 Utterance prob per frame = 2.093683e+00
 Processing Data: Naoki.a_s.821.htk; Label Naoki.a_s.821.lab
 Utterance prob per frame = 2.169612e+00
 Processing Data: Naoki.a_g_e_s.2220.htk; Label Naoki.a_g_e_s.2220.lab
 Utterance prob per frame = 1.794062e+00
 Processing Data: Naoki.b_a_n_k.536.htk; Label Naoki.b_a_n_k.536.lab
 Utterance prob per frame = 1.672437e+00
 Processing Data: Naoki.a.637.htk; Label Naoki.a.637.lab
 Utterance prob per frame = 2.450959e+00
 Processing Data: Naoki.b_i_r_t_h.1861.htk; Label Naoki.b_i_r_t_h.1861.lab
 Utterance prob per frame = 2.058811e+00
 Processing Data: Naoki.b_a_l_l.1542.htk; Label Naoki.b_a_l_l.1542.lab
 Utterance prob per frame = 2.491988e+00
 Processing Data: Naoki.a_g_a_i_n.1976.htk; Label Naoki.a_g_a_i_n.1976.lab
 Utterance prob per frame = 2.029100e+00
 Processing Data: Naoki.b_i_l_l_s.1725.htk; Label Naoki.b_i_l_l_s.1725.lab
 Utterance prob per frame = 2.472000e+00
 Processing Data: Naoki.a_w_a_r_e.392.htk; Label Naoki.a_w_a_r_e.392.lab
 Utterance prob per frame = 2.092886e+00
 Processing Data: Naoki.a_b_o_u_t.1572.htk; Label Naoki.a_b_o_u_t.1572.lab
 Utterance prob per frame = 2.232838e+00
 Processing Data: Naoki.b_a_t_h.1437.htk; Label Naoki.b_a_t_h.1437.lab
 Utterance prob per frame = 1.661406e+00
 Processing Data: Naoki.a_b_o_u_t.408.htk; Label Naoki.a_b_o_u_t.408.lab
 Utterance prob per frame = 2.147621e+00
 Processing Data: Naoki.b_l_o_w.2274.htk; Label Naoki.b_l_o_w.2274.lab
 Utterance prob per frame = 2.202681e+00
 Processing Data: Naoki.a.1801.htk; Label Naoki.a.1801.lab
 Utterance prob per frame = 2.427446e+00
 Processing Data: Naoki.b_i_t_e_s.1018.htk; Label Naoki.b_i_t_e_s.1018.lab
 Utterance prob per frame = 2.061110e+00
 Processing Data: Naoki.a_g_e_s.1056.htk; Label Naoki.a_g_e_s.1056.lab
 Utterance prob per frame = 1.829101e+00
 Processing Data: Naoki.b_a_d.1972.htk; Label Naoki.b_a_d.1972.lab
 Utterance prob per frame = 2.261124e+00
 Processing Data: Naoki.a_l_l.1287.htk; Label Naoki.a_l_l.1287.lab
 Utterance prob per frame = 2.321191e+00
 Processing Data: Naoki.b_l_u_e_s.353.htk; Label Naoki.b_l_u_e_s.353.lab
 Utterance prob per frame = 2.122285e+00
 Processing Data: Naoki.b_l_a_s_t.951.htk; Label Naoki.b_l_a_s_t.951.lab
 Utterance prob per frame = 2.063063e+00
 Processing Data: Naoki.b_a_c_k.1125.htk; Label Naoki.b_a_c_k.1125.lab
 Utterance prob per frame = 1.667066e+00
 Processing Data: Naoki.a_r_e.209.htk; Label Naoki.a_r_e.209.lab
 Utterance prob per frame = 2.368520e+00
 Processing Data: Naoki.b_a_d.808.htk; Label Naoki.b_a_d.808.lab
 Utterance prob per frame = 2.115599e+00
 Processing Data: Naoki.b_l_a_s_t.2115.htk; Label Naoki.b_l_a_s_t.2115.lab
 Utterance prob per frame = 2.177034e+00
 Processing Data: Naoki.b_l_u_e_s.1517.htk; Label Naoki.b_l_u_e_s.1517.lab
 Utterance prob per frame = 1.692432e+00
 Processing Data: Naoki.a_t.623.htk; Label Naoki.a_t.623.lab
 Utterance prob per frame = 2.172341e+00
 Processing Data: Naoki.a_s_k_e_d.956.htk; Label Naoki.a_s_k_e_d.956.lab
 Utterance prob per frame = 1.912555e+00
 Processing Data: Naoki.b_e_a_r_s.999.htk; Label Naoki.b_e_a_r_s.999.lab
 Utterance prob per frame = 2.174183e+00
 Processing Data: Naoki.b_i_k_e.267.htk; Label Naoki.b_i_k_e.267.lab
 Utterance prob per frame = 2.158997e+00
 Processing Data: Naoki.b_i_t_e_s.2182.htk; Label Naoki.b_i_t_e_s.2182.lab
 Utterance prob per frame = 2.101102e+00
 Processing Data: Naoki.a_s_k.858.htk; Label Naoki.a_s_k.858.lab
 Utterance prob per frame = 1.865094e+00
 Processing Data: Naoki.b_a_l_l.378.htk; Label Naoki.b_a_l_l.378.lab
 Utterance prob per frame = 2.552651e+00
 Processing Data: Naoki.a_d_u_l_t.1966.htk; Label Naoki.a_d_u_l_t.1966.lab
 Utterance prob per frame = 2.007115e+00
 Processing Data: Naoki.b_a_s_e_s.917.htk; Label Naoki.b_a_s_e_s.917.lab
 Utterance prob per frame = 2.118032e+00
 Processing Data: Naoki.a_f_t_e_r.2139.htk; Label Naoki.a_f_t_e_r.2139.lab
 Utterance prob per frame = 1.976919e+00
 WARNING [-2331]  UpdateModels: c[3] copied: only 1 egs
 in HERest
 WARNING [-2331]  UpdateModels: f[6] copied: only 2 egs
 in HERest
 WARNING [-2331]  UpdateModels: j[10] copied: only 0 egs
 in HERest
 WARNING [-2331]  UpdateModels: m[13] copied: only 1 egs
 in HERest
 WARNING [-2331]  UpdateModels: q[17] copied: only 0 egs
 in HERest
 WARNING [-2331]  UpdateModels: v[22] copied: only 0 egs
 in HERest
 WARNING [-2331]  UpdateModels: x[24] copied: only 0 egs
 in HERest
 WARNING [-2331]  UpdateModels: z[26] copied: only 0 egs
 in HERest
Saving hmm's to dir models/hmm2
Reestimation complete - average log prob per frame = 2.115132e+00
     - total frames seen          = 1.857700e+04
HERest -A -c 500.0 -v 0.0005 -A -H models/hmm2/newMacros -I all_labels.mlf -M models/hmm3 -S lists/train.data -T 1 wordList 
HERest -A -c 500.0 -v 0.0005 -A -H models/hmm2/newMacros -I all_labels.mlf -M models/hmm3 -S lists/train.data -T 1 wordList 
HERest  ML Updating: Transitions Means Variances 

 System is PLAIN
28 Logical/28 Physical Models Loaded, VecSize=16
1 MMF input files
Pruning-Off
 Processing Data: Naoki.a_n_d.1589.htk; Label Naoki.a_n_d.1589.lab
 Utterance prob per frame = 1.713504e+01
 Processing Data: Naoki.b_i_t_e.1104.htk; Label Naoki.b_i_t_e.1104.lab
 Utterance prob per frame = 1.840462e+01
 Processing Data: Naoki.b_i_g.2098.htk; Label Naoki.b_i_g.2098.lab
 Utterance prob per frame = 1.827291e+01
 Processing Data: Naoki.b_o_o_k_s.2008.htk; Label Naoki.b_o_o_k_s.2008.lab
 Utterance prob per frame = 1.786183e+01
 Processing Data: Naoki.a_h_e_a_d.2231.htk; Label Naoki.a_h_e_a_d.2231.lab
 Utterance prob per frame = 1.740562e+01
 Processing Data: Naoki.b_o_s_s.1396.htk; Label Naoki.b_o_s_s.1396.lab
 Utterance prob per frame = 1.817086e+01
 Processing Data: Naoki.a_m.1850.htk; Label Naoki.a_m.1850.lab
 Utterance prob per frame = 2.069633e+01
 Processing Data: Naoki.a_f_t_e_r.975.htk; Label Naoki.a_f_t_e_r.975.lab
 Utterance prob per frame = 1.766955e+01
 Processing Data: Naoki.b_o_y_s.2050.htk; Label Naoki.b_o_y_s.2050.lab
 Utterance prob per frame = 1.928651e+01
 Processing Data: Naoki.b_a_n_k.1700.htk; Label Naoki.b_a_n_k.1700.lab
 Utterance prob per frame = 1.748484e+01
 Processing Data: Naoki.a_n_d.425.htk; Label Naoki.a_n_d.425.lab
 Utterance prob per frame = 1.885794e+01
 Processing Data: Naoki.a_h_e_a_d.1067.htk; Label Naoki.a_h_e_a_d.1067.lab
 Utterance prob per frame = 1.719114e+01
 Processing Data: Naoki.a_p_p_l_e.1983.htk; Label Naoki.a_p_p_l_e.1983.lab
 Utterance prob per frame = 2.088469e+01
 Processing Data: Naoki.b_i_l_l.381.htk; Label Naoki.b_i_l_l.381.lab
 Utterance prob per frame = 2.096791e+01
 Processing Data: Naoki.b_o_n_e.214.htk; Label Naoki.b_o_n_e.214.lab
 Utterance prob per frame = 1.989362e+01
 Processing Data: Naoki.a_l_l.123.htk; Label Naoki.a_l_l.123.lab
 Utterance prob per frame = 2.061568e+01
 Processing Data: Naoki.b_e_e_s.2001.htk; Label Naoki.b_e_e_s.2001.lab
 Utterance prob per frame = 1.957802e+01
 Processing Data: Naoki.a_n.1620.htk; Label Naoki.a_n.1620.lab
 Utterance prob per frame = 1.981734e+01
 Processing Data: Naoki.a_w_a_y.1807.htk; Label Naoki.a_w_a_y.1807.lab
 Utterance prob per frame = 1.691040e+01
 Processing Data: Naoki.a_r_e.1373.htk; Label Naoki.a_r_e.1373.lab
 Utterance prob per frame = 1.874578e+01
 Processing Data: Naoki.b_o_n_e.1378.htk; Label Naoki.b_o_n_e.1378.lab
 Utterance prob per frame = 1.909115e+01
 Processing Data: Naoki.b_e_e_r.2243.htk; Label Naoki.b_e_e_r.2243.lab
 Utterance prob per frame = 1.920633e+01
 Processing Data: Naoki.a_d_u_l_t.802.htk; Label Naoki.a_d_u_l_t.802.lab
 Utterance prob per frame = 1.460602e+01
 Processing Data: Naoki.a_g_a_i_n.812.htk; Label Naoki.a_g_a_i_n.812.lab
 Utterance prob per frame = 1.551895e+01
 Processing Data: Naoki.b_l_o_w.1110.htk; Label Naoki.b_l_o_w.1110.lab
 Utterance prob per frame = 1.723569e+01
 Processing Data: Naoki.b_a_r_e.1969.htk; Label Naoki.b_a_r_e.1969.lab
 Utterance prob per frame = 1.567162e+01
 Processing Data: Naoki.b_e_s_t.1540.htk; Label Naoki.b_e_s_t.1540.lab
 Utterance prob per frame = 1.665638e+01
 Processing Data: Naoki.b_i_r_t_h.697.htk; Label Naoki.b_i_r_t_h.697.lab
 Utterance prob per frame = 1.636685e+01
 Processing Data: Naoki.b_i_g.934.htk; Label Naoki.b_i_g.934.lab
 Utterance prob per frame = 2.029411e+01
 Processing Data: Naoki.b_e_e_n.2100.htk; Label Naoki.b_e_e_n.2100.lab
 Utterance prob per frame = 1.903375e+01
 Processing Data: Naoki.a_w_a_y.643.htk; Label Naoki.a_w_a_y.643.lab
 Utterance prob per frame = 1.878851e+01
 Processing Data: Naoki.b_i_l_l.1545.htk; Label Naoki.b_i_l_l.1545.lab
 Utterance prob per frame = 1.943002e+01
 Processing Data: Naoki.b_i_t_e.2268.htk; Label Naoki.b_i_t_e.2268.lab
 Utterance prob per frame = 1.645709e+01
 Processing Data: Naoki.b_e_e_s.837.htk; Label Naoki.b_e_e_s.837.lab
 Utterance prob per frame = 1.841092e+01
 Processing Data: Naoki.a_s.1985.htk; Label Naoki.a_s.1985.lab
 Utterance prob per frame = 2.228037e+01
 Processing Data: Naoki.b_i_r_d.1012.htk; Label Naoki.b_i_r_d.1012.lab
 Utterance prob per frame = 1.795483e+01
 Processing Data: Naoki.a_t_e.875.htk; Label Naoki.a_t_e.875.lab
 Utterance prob per frame = 1.844134e+01
 Processing Data: Naoki.b_o_y_s.886.htk; Label Naoki.b_o_y_s.886.lab
 Utterance prob per frame = 2.102427e+01
 Processing Data: Naoki.b_o_s_s.232.htk; Label Naoki.b_o_s_s.232.lab
 Utterance prob per frame = 1.876231e+01
 Processing Data: Naoki.b_i_k_e.1431.htk; Label Naoki.b_i_k_e.1431.lab
 Utterance prob per frame = 1.669243e+01
 Processing Data: Naoki.a_n_y.1639.htk; Label Naoki.a_n_y.1639.lab
 Utterance prob per frame = 1.953355e+01
 Processing Data: Naoki.a_t.1787.htk; Label Naoki.a_t.1787.lab
 Utterance prob per frame = 1.895528e+01
 Processing Data: Naoki.a_n_y.475.htk; Label Naoki.a_n_y.475.lab
 Utterance prob per frame = 1.721685e+01
 Processing Data: Naoki.a_s_k.2022.htk; Label Naoki.a_s_k.2022.lab
 Utterance prob per frame = 1.804754e+01
 Processing Data: Naoki.b_a_s_e_s.2081.htk; Label Naoki.b_a_s_e_s.2081.lab
 Utterance prob per frame = 1.621591e+01
 Processing Data: Naoki.b_e_a_r_s.2163.htk; Label Naoki.b_e_a_r_s.2163.lab
 Utterance prob per frame = 1.682437e+01
 Processing Data: Naoki.a_w_a_r_e.1556.htk; Label Naoki.a_w_a_r_e.1556.lab
 Utterance prob per frame = 1.756814e+01
 Processing Data: Naoki.a_s_k_e_d.2120.htk; Label Naoki.a_s_k_e_d.2120.lab
 Utterance prob per frame = 1.617690e+01
 Processing Data: Naoki.a_g_r_e_e.586.htk; Label Naoki.a_g_r_e_e.586.lab
 Utterance prob per frame = 1.785632e+01
 Processing Data: Naoki.b_a_r_e.805.htk; Label Naoki.b_a_r_e.805.lab
 Utterance prob per frame = 1.999341e+01
 Processing Data: Naoki.a_p_p_l_e.819.htk; Label Naoki.a_p_p_l_e.819.lab
 Utterance prob per frame = 1.924263e+01
 Processing Data: Naoki.a_t_e.2039.htk; Label Naoki.a_t_e.2039.lab
 Utterance prob per frame = 1.728109e+01
 Processing Data: Naoki.b_e.610.htk; Label Naoki.b_e.610.lab
 Utterance prob per frame = 2.063357e+01
 Processing Data: Naoki.b_e_e_r.1079.htk; Label Naoki.b_e_e_r.1079.lab
 Utterance prob per frame = 1.855733e+01
 Processing Data: Naoki.b_o_o_k_s.844.htk; Label Naoki.b_o_o_k_s.844.lab
 Utterance prob per frame = 1.728186e+01
 Processing Data: Naoki.a_s.821.htk; Label Naoki.a_s.821.lab
 Utterance prob per frame = 2.015104e+01
 Processing Data: Naoki.a_g_e_s.2220.htk; Label Naoki.a_g_e_s.2220.lab
 Utterance prob per frame = 1.793509e+01
 Processing Data: Naoki.b_a_n_k.536.htk; Label Naoki.b_a_n_k.536.lab
 Utterance prob per frame = 1.648159e+01
 Processing Data: Naoki.a.637.htk; Label Naoki.a.637.lab
 Utterance prob per frame = 2.122067e+01
 Processing Data: Naoki.b_i_r_t_h.1861.htk; Label Naoki.b_i_r_t_h.1861.lab
 Utterance prob per frame = 1.684548e+01
 Processing Data: Naoki.b_a_l_l.1542.htk; Label Naoki.b_a_l_l.1542.lab
 Utterance prob per frame = 2.026954e+01
 Processing Data: Naoki.a_g_a_i_n.1976.htk; Label Naoki.a_g_a_i_n.1976.lab
 Utterance prob per frame = 1.725423e+01
 Processing Data: Naoki.b_i_l_l_s.1725.htk; Label Naoki.b_i_l_l_s.1725.lab
 Utterance prob per frame = 1.996797e+01
 Processing Data: Naoki.a_w_a_r_e.392.htk; Label Naoki.a_w_a_r_e.392.lab
 Utterance prob per frame = 1.701200e+01
 Processing Data: Naoki.a_b_o_u_t.1572.htk; Label Naoki.a_b_o_u_t.1572.lab
 Utterance prob per frame = 1.874101e+01
 Processing Data: Naoki.b_a_t_h.1437.htk; Label Naoki.b_a_t_h.1437.lab
 Utterance prob per frame = 1.432422e+01
 Processing Data: Naoki.a_b_o_u_t.408.htk; Label Naoki.a_b_o_u_t.408.lab
 Utterance prob per frame = 1.809654e+01
 Processing Data: Naoki.b_l_o_w.2274.htk; Label Naoki.b_l_o_w.2274.lab
 Utterance prob per frame = 1.640372e+01
 Processing Data: Naoki.a.1801.htk; Label Naoki.a.1801.lab
 Utterance prob per frame = 2.044276e+01
 Processing Data: Naoki.b_i_t_e_s.1018.htk; Label Naoki.b_i_t_e_s.1018.lab
 Utterance prob per frame = 1.794264e+01
 Processing Data: Naoki.a_g_e_s.1056.htk; Label Naoki.a_g_e_s.1056.lab
 Utterance prob per frame = 1.733967e+01
 Processing Data: Naoki.b_a_d.1972.htk; Label Naoki.b_a_d.1972.lab
 Utterance prob per frame = 1.956708e+01
 Processing Data: Naoki.a_l_l.1287.htk; Label Naoki.a_l_l.1287.lab
 Utterance prob per frame = 1.947502e+01
 Processing Data: Naoki.b_l_u_e_s.353.htk; Label Naoki.b_l_u_e_s.353.lab
 Utterance prob per frame = 1.750325e+01
 Processing Data: Naoki.b_l_a_s_t.951.htk; Label Naoki.b_l_a_s_t.951.lab
 Utterance prob per frame = 1.614868e+01
 Processing Data: Naoki.b_a_c_k.1125.htk; Label Naoki.b_a_c_k.1125.lab
 Utterance prob per frame = 1.604119e+01
 Processing Data: Naoki.a_r_e.209.htk; Label Naoki.a_r_e.209.lab
 Utterance prob per frame = 1.881054e+01
 Processing Data: Naoki.b_a_d.808.htk; Label Naoki.b_a_d.808.lab
 Utterance prob per frame = 1.794500e+01
 Processing Data: Naoki.b_l_a_s_t.2115.htk; Label Naoki.b_l_a_s_t.2115.lab
 Utterance prob per frame = 1.783304e+01
 Processing Data: Naoki.b_l_u_e_s.1517.htk; Label Naoki.b_l_u_e_s.1517.lab
 Utterance prob per frame = 1.470037e+01
 Processing Data: Naoki.a_t.623.htk; Label Naoki.a_t.623.lab
 Utterance prob per frame = 1.955459e+01
 Processing Data: Naoki.a_s_k_e_d.956.htk; Label Naoki.a_s_k_e_d.956.lab
 Utterance prob per frame = 1.774001e+01
 Processing Data: Naoki.b_e_a_r_s.999.htk; Label Naoki.b_e_a_r_s.999.lab
 Utterance prob per frame = 1.750060e+01
 Processing Data: Naoki.b_i_k_e.267.htk; Label Naoki.b_i_k_e.267.lab
 Utterance prob per frame = 1.986729e+01
 Processing Data: Naoki.b_i_t_e_s.2182.htk; Label Naoki.b_i_t_e_s.2182.lab
 Utterance prob per frame = 1.872175e+01
 Processing Data: Naoki.a_s_k.858.htk; Label Naoki.a_s_k.858.lab
 Utterance prob per frame = 1.819921e+01
 Processing Data: Naoki.b_a_l_l.378.htk; Label Naoki.b_a_l_l.378.lab
 Utterance prob per frame = 2.081553e+01
 Processing Data: Naoki.a_d_u_l_t.1966.htk; Label Naoki.a_d_u_l_t.1966.lab
 Utterance prob per frame = 1.684266e+01
 Processing Data: Naoki.b_a_s_e_s.917.htk; Label Naoki.b_a_s_e_s.917.lab
 Utterance prob per frame = 1.847400e+01
 Processing Data: Naoki.a_f_t_e_r.2139.htk; Label Naoki.a_f_t_e_r.2139.lab
 Utterance prob per frame = 1.620416e+01
 WARNING [-2331]  UpdateModels: c[3] copied: only 1 egs
 in HERest
 WARNING [-2331]  UpdateModels: f[6] copied: only 2 egs
 in HERest
 WARNING [-2331]  UpdateModels: j[10] copied: only 0 egs
 in HERest
 WARNING [-2331]  UpdateModels: m[13] copied: only 1 egs
 in HERest
 WARNING [-2331]  UpdateModels: q[17] copied: only 0 egs
 in HERest
 WARNING [-2331]  UpdateModels: v[22] copied: only 0 egs
 in HERest
 WARNING [-2331]  UpdateModels: x[24] copied: only 0 egs
 in HERest
 WARNING [-2331]  UpdateModels: z[26] copied: only 0 egs
 in HERest
Total 26 floored variance elements in 2 different mixes
Saving hmm's to dir models/hmm3
Reestimation complete - average log prob per frame = 1.818006e+01
     - total frames seen          = 1.857700e+04
HERest -A -c 500.0 -v 0.0005 -A -H models/hmm3/newMacros -I all_labels.mlf -M models/hmm4 -S lists/train.data -T 1 wordList 
HERest -A -c 500.0 -v 0.0005 -A -H models/hmm3/newMacros -I all_labels.mlf -M models/hmm4 -S lists/train.data -T 1 wordList 
HERest  ML Updating: Transitions Means Variances 

 System is PLAIN
28 Logical/28 Physical Models Loaded, VecSize=16
1 MMF input files
Pruning-Off
 Processing Data: Naoki.a_n_d.1589.htk; Label Naoki.a_n_d.1589.lab
 Utterance prob per frame = 2.336639e+01
 Processing Data: Naoki.b_i_t_e.1104.htk; Label Naoki.b_i_t_e.1104.lab
 Utterance prob per frame = 2.573062e+01
 Processing Data: Naoki.b_i_g.2098.htk; Label Naoki.b_i_g.2098.lab
 Utterance prob per frame = 2.618863e+01
 Processing Data: Naoki.b_o_o_k_s.2008.htk; Label Naoki.b_o_o_k_s.2008.lab
 Utterance prob per frame = 2.437742e+01
 Processing Data: Naoki.a_h_e_a_d.2231.htk; Label Naoki.a_h_e_a_d.2231.lab
 Utterance prob per frame = 2.439012e+01
 Processing Data: Naoki.b_o_s_s.1396.htk; Label Naoki.b_o_s_s.1396.lab
 Utterance prob per frame = 2.283807e+01
 Processing Data: Naoki.a_m.1850.htk; Label Naoki.a_m.1850.lab
 Utterance prob per frame = 2.911913e+01
 Processing Data: Naoki.a_f_t_e_r.975.htk; Label Naoki.a_f_t_e_r.975.lab
 Utterance prob per frame = 2.555929e+01
 Processing Data: Naoki.b_o_y_s.2050.htk; Label Naoki.b_o_y_s.2050.lab
 Utterance prob per frame = 2.631411e+01
 Processing Data: Naoki.b_a_n_k.1700.htk; Label Naoki.b_a_n_k.1700.lab
 Utterance prob per frame = 2.483608e+01
 Processing Data: Naoki.a_n_d.425.htk; Label Naoki.a_n_d.425.lab
 Utterance prob per frame = 2.729278e+01
 Processing Data: Naoki.a_h_e_a_d.1067.htk; Label Naoki.a_h_e_a_d.1067.lab
 Utterance prob per frame = 2.391503e+01
 Processing Data: Naoki.a_p_p_l_e.1983.htk; Label Naoki.a_p_p_l_e.1983.lab
 Utterance prob per frame = 2.911314e+01
 Processing Data: Naoki.b_i_l_l.381.htk; Label Naoki.b_i_l_l.381.lab
 Utterance prob per frame = 3.057703e+01
 Processing Data: Naoki.b_o_n_e.214.htk; Label Naoki.b_o_n_e.214.lab
 Utterance prob per frame = 2.825619e+01
 Processing Data: Naoki.a_l_l.123.htk; Label Naoki.a_l_l.123.lab
 Utterance prob per frame = 2.958619e+01
 Processing Data: Naoki.b_e_e_s.2001.htk; Label Naoki.b_e_e_s.2001.lab
 Utterance prob per frame = 2.774207e+01
 Processing Data: Naoki.a_n.1620.htk; Label Naoki.a_n.1620.lab
 Utterance prob per frame = 2.856900e+01
 Processing Data: Naoki.a_w_a_y.1807.htk; Label Naoki.a_w_a_y.1807.lab
 Utterance prob per frame = 2.195390e+01
 Processing Data: Naoki.a_r_e.1373.htk; Label Naoki.a_r_e.1373.lab
 Utterance prob per frame = 2.674056e+01
 Processing Data: Naoki.b_o_n_e.1378.htk; Label Naoki.b_o_n_e.1378.lab
 Utterance prob per frame = 2.700092e+01
 Processing Data: Naoki.b_e_e_r.2243.htk; Label Naoki.b_e_e_r.2243.lab
 Utterance prob per frame = 2.818042e+01
 Processing Data: Naoki.a_d_u_l_t.802.htk; Label Naoki.a_d_u_l_t.802.lab
 Utterance prob per frame = 1.736476e+01
 Processing Data: Naoki.a_g_a_i_n.812.htk; Label Naoki.a_g_a_i_n.812.lab
 Utterance prob per frame = 2.335732e+01
 Processing Data: Naoki.b_l_o_w.1110.htk; Label Naoki.b_l_o_w.1110.lab
 Utterance prob per frame = 2.311841e+01
 Processing Data: Naoki.b_a_r_e.1969.htk; Label Naoki.b_a_r_e.1969.lab
 Utterance prob per frame = 1.907698e+01
 Processing Data: Naoki.b_e_s_t.1540.htk; Label Naoki.b_e_s_t.1540.lab
 Utterance prob per frame = 2.403629e+01
 Processing Data: Naoki.b_i_r_t_h.697.htk; Label Naoki.b_i_r_t_h.697.lab
 Utterance prob per frame = 2.160476e+01
 Processing Data: Naoki.b_i_g.934.htk; Label Naoki.b_i_g.934.lab
 Utterance prob per frame = 2.961560e+01
 Processing Data: Naoki.b_e_e_n.2100.htk; Label Naoki.b_e_e_n.2100.lab
 Utterance prob per frame = 2.736257e+01
 Processing Data: Naoki.a_w_a_y.643.htk; Label Naoki.a_w_a_y.643.lab
 Utterance prob per frame = 2.579498e+01
 Processing Data: Naoki.b_i_l_l.1545.htk; Label Naoki.b_i_l_l.1545.lab
 Utterance prob per frame = 2.872003e+01
 Processing Data: Naoki.b_i_t_e.2268.htk; Label Naoki.b_i_t_e.2268.lab
 Utterance prob per frame = 2.344811e+01
 Processing Data: Naoki.b_e_e_s.837.htk; Label Naoki.b_e_e_s.837.lab
 Utterance prob per frame = 2.688454e+01
 Processing Data: Naoki.a_s.1985.htk; Label Naoki.a_s.1985.lab
 Utterance prob per frame = 3.541652e+01
 Processing Data: Naoki.b_i_r_d.1012.htk; Label Naoki.b_i_r_d.1012.lab
 Utterance prob per frame = 2.402796e+01
 Processing Data: Naoki.a_t_e.875.htk; Label Naoki.a_t_e.875.lab
 Utterance prob per frame = 2.614818e+01
 Processing Data: Naoki.b_o_y_s.886.htk; Label Naoki.b_o_y_s.886.lab
 Utterance prob per frame = 2.872935e+01
 Processing Data: Naoki.b_o_s_s.232.htk; Label Naoki.b_o_s_s.232.lab
 Utterance prob per frame = 2.715479e+01
 Processing Data: Naoki.b_i_k_e.1431.htk; Label Naoki.b_i_k_e.1431.lab
 Utterance prob per frame = 2.434705e+01
 Processing Data: Naoki.a_n_y.1639.htk; Label Naoki.a_n_y.1639.lab
 Utterance prob per frame = 2.773577e+01
 Processing Data: Naoki.a_t.1787.htk; Label Naoki.a_t.1787.lab
 Utterance prob per frame = 2.732536e+01
 Processing Data: Naoki.a_n_y.475.htk; Label Naoki.a_n_y.475.lab
 Utterance prob per frame = 2.380793e+01
 Processing Data: Naoki.a_s_k.2022.htk; Label Naoki.a_s_k.2022.lab
 Utterance prob per frame = 2.504126e+01
 Processing Data: Naoki.b_a_s_e_s.2081.htk; Label Naoki.b_a_s_e_s.2081.lab
 Utterance prob per frame = 2.163004e+01
 Processing Data: Naoki.b_e_a_r_s.2163.htk; Label Naoki.b_e_a_r_s.2163.lab
 Utterance prob per frame = 2.300640e+01
 Processing Data: Naoki.a_w_a_r_e.1556.htk; Label Naoki.a_w_a_r_e.1556.lab
 Utterance prob per frame = 2.326838e+01
 Processing Data: Naoki.a_s_k_e_d.2120.htk; Label Naoki.a_s_k_e_d.2120.lab
 Utterance prob per frame = 2.342901e+01
 Processing Data: Naoki.a_g_r_e_e.586.htk; Label Naoki.a_g_r_e_e.586.lab
 Utterance prob per frame = 2.552488e+01
 Processing Data: Naoki.b_a_r_e.805.htk; Label Naoki.b_a_r_e.805.lab
 Utterance prob per frame = 3.011709e+01
 Processing Data: Naoki.a_p_p_l_e.819.htk; Label Naoki.a_p_p_l_e.819.lab
 Utterance prob per frame = 2.623878e+01
 Processing Data: Naoki.a_t_e.2039.htk; Label Naoki.a_t_e.2039.lab
 Utterance prob per frame = 2.555018e+01
 Processing Data: Naoki.b_e.610.htk; Label Naoki.b_e.610.lab
 Utterance prob per frame = 3.006462e+01
 Processing Data: Naoki.b_e_e_r.1079.htk; Label Naoki.b_e_e_r.1079.lab
 Utterance prob per frame = 2.763429e+01
 Processing Data: Naoki.b_o_o_k_s.844.htk; Label Naoki.b_o_o_k_s.844.lab
 Utterance prob per frame = 2.434517e+01
 Processing Data: Naoki.a_s.821.htk; Label Naoki.a_s.821.lab
 Utterance prob per frame = 3.032434e+01
 Processing Data: Naoki.a_g_e_s.2220.htk; Label Naoki.a_g_e_s.2220.lab
 Utterance prob per frame = 2.705077e+01
 Processing Data: Naoki.b_a_n_k.536.htk; Label Naoki.b_a_n_k.536.lab
 Utterance prob per frame = 2.271562e+01
 Processing Data: Naoki.a.637.htk; Label Naoki.a.637.lab
 Utterance prob per frame = 3.138881e+01
 Processing Data: Naoki.b_i_r_t_h.1861.htk; Label Naoki.b_i_r_t_h.1861.lab
 Utterance prob per frame = 2.160538e+01
 Processing Data: Naoki.b_a_l_l.1542.htk; Label Naoki.b_a_l_l.1542.lab
 Utterance prob per frame = 2.926047e+01
 Processing Data: Naoki.a_g_a_i_n.1976.htk; Label Naoki.a_g_a_i_n.1976.lab
 Utterance prob per frame = 2.454264e+01
 Processing Data: Naoki.b_i_l_l_s.1725.htk; Label Naoki.b_i_l_l_s.1725.lab
 Utterance prob per frame = 2.901134e+01
 Processing Data: Naoki.a_w_a_r_e.392.htk; Label Naoki.a_w_a_r_e.392.lab
 Utterance prob per frame = 2.341831e+01
 Processing Data: Naoki.a_b_o_u_t.1572.htk; Label Naoki.a_b_o_u_t.1572.lab
 Utterance prob per frame = 2.579800e+01
 Processing Data: Naoki.b_a_t_h.1437.htk; Label Naoki.b_a_t_h.1437.lab
 Utterance prob per frame = 1.731298e+01
 Processing Data: Naoki.a_b_o_u_t.408.htk; Label Naoki.a_b_o_u_t.408.lab
 Utterance prob per frame = 2.398744e+01
 Processing Data: Naoki.b_l_o_w.2274.htk; Label Naoki.b_l_o_w.2274.lab
 Utterance prob per frame = 2.085908e+01
 Processing Data: Naoki.a.1801.htk; Label Naoki.a.1801.lab
 Utterance prob per frame = 2.958478e+01
 Processing Data: Naoki.b_i_t_e_s.1018.htk; Label Naoki.b_i_t_e_s.1018.lab
 Utterance prob per frame = 2.545295e+01
 Processing Data: Naoki.a_g_e_s.1056.htk; Label Naoki.a_g_e_s.1056.lab
 Utterance prob per frame = 2.566367e+01
 Processing Data: Naoki.b_a_d.1972.htk; Label Naoki.b_a_d.1972.lab
 Utterance prob per frame = 2.830895e+01
 Processing Data: Naoki.a_l_l.1287.htk; Label Naoki.a_l_l.1287.lab
 Utterance prob per frame = 2.941947e+01
 Processing Data: Naoki.b_l_u_e_s.353.htk; Label Naoki.b_l_u_e_s.353.lab
 Utterance prob per frame = 2.479495e+01
 Processing Data: Naoki.b_l_a_s_t.951.htk; Label Naoki.b_l_a_s_t.951.lab
 Utterance prob per frame = 2.247990e+01
 Processing Data: Naoki.b_a_c_k.1125.htk; Label Naoki.b_a_c_k.1125.lab
 Utterance prob per frame = 2.220928e+01
 Processing Data: Naoki.a_r_e.209.htk; Label Naoki.a_r_e.209.lab
 Utterance prob per frame = 2.627154e+01
 Processing Data: Naoki.b_a_d.808.htk; Label Naoki.b_a_d.808.lab
 Utterance prob per frame = 2.485908e+01
 Processing Data: Naoki.b_l_a_s_t.2115.htk; Label Naoki.b_l_a_s_t.2115.lab
 Utterance prob per frame = 2.594591e+01
 Processing Data: Naoki.b_l_u_e_s.1517.htk; Label Naoki.b_l_u_e_s.1517.lab
 Utterance prob per frame = 1.922562e+01
 Processing Data: Naoki.a_t.623.htk; Label Naoki.a_t.623.lab
 Utterance prob per frame = 2.890566e+01
 Processing Data: Naoki.a_s_k_e_d.956.htk; Label Naoki.a_s_k_e_d.956.lab
 Utterance prob per frame = 2.481578e+01
 Processing Data: Naoki.b_e_a_r_s.999.htk; Label Naoki.b_e_a_r_s.999.lab
 Utterance prob per frame = 2.436356e+01
 Processing Data: Naoki.b_i_k_e.267.htk; Label Naoki.b_i_k_e.267.lab
 Utterance prob per frame = 2.874011e+01
 Processing Data: Naoki.b_i_t_e_s.2182.htk; Label Naoki.b_i_t_e_s.2182.lab
 Utterance prob per frame = 2.713605e+01
 Processing Data: Naoki.a_s_k.858.htk; Label Naoki.a_s_k.858.lab
 Utterance prob per frame = 2.578317e+01
 Processing Data: Naoki.b_a_l_l.378.htk; Label Naoki.b_a_l_l.378.lab
 Utterance prob per frame = 3.134743e+01
 Processing Data: Naoki.a_d_u_l_t.1966.htk; Label Naoki.a_d_u_l_t.1966.lab
 Utterance prob per frame = 2.352579e+01
 Processing Data: Naoki.b_a_s_e_s.917.htk; Label Naoki.b_a_s_e_s.917.lab
 Utterance prob per frame = 2.723784e+01
 Processing Data: Naoki.a_f_t_e_r.2139.htk; Label Naoki.a_f_t_e_r.2139.lab
 Utterance prob per frame = 2.340296e+01
 WARNING [-2331]  UpdateModels: c[3] copied: only 1 egs
 in HERest
 WARNING [-2331]  UpdateModels: f[6] copied: only 2 egs
 in HERest
 WARNING [-2331]  UpdateModels: j[10] copied: only 0 egs
 in HERest
 WARNING [-2331]  UpdateModels: m[13] copied: only 1 egs
 in HERest
 WARNING [-2331]  UpdateModels: q[17] copied: only 0 egs
 in HERest
 WARNING [-2331]  UpdateModels: v[22] copied: only 0 egs
 in HERest
 WARNING [-2331]  UpdateModels: x[24] copied: only 0 egs
 in HERest
 WARNING [-2331]  UpdateModels: z[26] copied: only 0 egs
 in HERest
Total 33 floored variance elements in 3 different mixes
Saving hmm's to dir models/hmm4
Reestimation complete - average log prob per frame = 2.566547e+01
     - total frames seen          = 1.857700e+04
HERest -A -c 500.0 -v 0.0005 -A -H models/hmm4/newMacros -I all_labels.mlf -M models/hmm5 -S lists/train.data -T 1 wordList 
HERest -A -c 500.0 -v 0.0005 -A -H models/hmm4/newMacros -I all_labels.mlf -M models/hmm5 -S lists/train.data -T 1 wordList 
HERest  ML Updating: Transitions Means Variances 

 System is PLAIN
28 Logical/28 Physical Models Loaded, VecSize=16
1 MMF input files
Pruning-Off
 Processing Data: Naoki.a_n_d.1589.htk; Label Naoki.a_n_d.1589.lab
 Utterance prob per frame = 2.358771e+01
 Processing Data: Naoki.b_i_t_e.1104.htk; Label Naoki.b_i_t_e.1104.lab
 Utterance prob per frame = 2.596199e+01
 Processing Data: Naoki.b_i_g.2098.htk; Label Naoki.b_i_g.2098.lab
 Utterance prob per frame = 2.667098e+01
 Processing Data: Naoki.b_o_o_k_s.2008.htk; Label Naoki.b_o_o_k_s.2008.lab
 Utterance prob per frame = 2.453835e+01
 Processing Data: Naoki.a_h_e_a_d.2231.htk; Label Naoki.a_h_e_a_d.2231.lab
 Utterance prob per frame = 2.462679e+01
 Processing Data: Naoki.b_o_s_s.1396.htk; Label Naoki.b_o_s_s.1396.lab
 Utterance prob per frame = 2.188056e+01
 Processing Data: Naoki.a_m.1850.htk; Label Naoki.a_m.1850.lab
 Utterance prob per frame = 2.960789e+01
 Processing Data: Naoki.a_f_t_e_r.975.htk; Label Naoki.a_f_t_e_r.975.lab
 Utterance prob per frame = 2.579077e+01
 Processing Data: Naoki.b_o_y_s.2050.htk; Label Naoki.b_o_y_s.2050.lab
 Utterance prob per frame = 2.695927e+01
 Processing Data: Naoki.b_a_n_k.1700.htk; Label Naoki.b_a_n_k.1700.lab
 Utterance prob per frame = 2.555902e+01
 Processing Data: Naoki.a_n_d.425.htk; Label Naoki.a_n_d.425.lab
 Utterance prob per frame = 2.773723e+01
 Processing Data: Naoki.a_h_e_a_d.1067.htk; Label Naoki.a_h_e_a_d.1067.lab
 Utterance prob per frame = 2.411569e+01
 Processing Data: Naoki.a_p_p_l_e.1983.htk; Label Naoki.a_p_p_l_e.1983.lab
 Utterance prob per frame = 2.938452e+01
 Processing Data: Naoki.b_i_l_l.381.htk; Label Naoki.b_i_l_l.381.lab
 Utterance prob per frame = 3.134467e+01
 Processing Data: Naoki.b_o_n_e.214.htk; Label Naoki.b_o_n_e.214.lab
 Utterance prob per frame = 2.876509e+01
 Processing Data: Naoki.a_l_l.123.htk; Label Naoki.a_l_l.123.lab
 Utterance prob per frame = 3.020622e+01
 Processing Data: Naoki.b_e_e_s.2001.htk; Label Naoki.b_e_e_s.2001.lab
 Utterance prob per frame = 2.804831e+01
 Processing Data: Naoki.a_n.1620.htk; Label Naoki.a_n.1620.lab
 Utterance prob per frame = 2.893342e+01
 Processing Data: Naoki.a_w_a_y.1807.htk; Label Naoki.a_w_a_y.1807.lab
 Utterance prob per frame = 2.227294e+01
 Processing Data: Naoki.a_r_e.1373.htk; Label Naoki.a_r_e.1373.lab
 Utterance prob per frame = 2.722032e+01
 Processing Data: Naoki.b_o_n_e.1378.htk; Label Naoki.b_o_n_e.1378.lab
 Utterance prob per frame = 2.752240e+01
 Processing Data: Naoki.b_e_e_r.2243.htk; Label Naoki.b_e_e_r.2243.lab
 Utterance prob per frame = 2.854911e+01
 Processing Data: Naoki.a_d_u_l_t.802.htk; Label Naoki.a_d_u_l_t.802.lab
 Utterance prob per frame = 1.729414e+01
 Processing Data: Naoki.a_g_a_i_n.812.htk; Label Naoki.a_g_a_i_n.812.lab
 Utterance prob per frame = 2.380439e+01
 Processing Data: Naoki.b_l_o_w.1110.htk; Label Naoki.b_l_o_w.1110.lab
 Utterance prob per frame = 2.342748e+01
 Processing Data: Naoki.b_a_r_e.1969.htk; Label Naoki.b_a_r_e.1969.lab
 Utterance prob per frame = 1.815125e+01
 Processing Data: Naoki.b_e_s_t.1540.htk; Label Naoki.b_e_s_t.1540.lab
 Utterance prob per frame = 2.440200e+01
 Processing Data: Naoki.b_i_r_t_h.697.htk; Label Naoki.b_i_r_t_h.697.lab
 Utterance prob per frame = 2.162734e+01
 Processing Data: Naoki.b_i_g.934.htk; Label Naoki.b_i_g.934.lab
 Utterance prob per frame = 3.002826e+01
 Processing Data: Naoki.b_e_e_n.2100.htk; Label Naoki.b_e_e_n.2100.lab
 Utterance prob per frame = 2.768213e+01
 Processing Data: Naoki.a_w_a_y.643.htk; Label Naoki.a_w_a_y.643.lab
 Utterance prob per frame = 2.612442e+01
 Processing Data: Naoki.b_i_l_l.1545.htk; Label Naoki.b_i_l_l.1545.lab
 Utterance prob per frame = 2.927254e+01
 Processing Data: Naoki.b_i_t_e.2268.htk; Label Naoki.b_i_t_e.2268.lab
 Utterance prob per frame = 2.380664e+01
 Processing Data: Naoki.b_e_e_s.837.htk; Label Naoki.b_e_e_s.837.lab
 Utterance prob per frame = 2.716069e+01
 Processing Data: Naoki.a_s.1985.htk; Label Naoki.a_s.1985.lab
 Utterance prob per frame = 3.617414e+01
 Processing Data: Naoki.b_i_r_d.1012.htk; Label Naoki.b_i_r_d.1012.lab
 Utterance prob per frame = 2.393051e+01
 Processing Data: Naoki.a_t_e.875.htk; Label Naoki.a_t_e.875.lab
 Utterance prob per frame = 2.639267e+01
 Processing Data: Naoki.b_o_y_s.886.htk; Label Naoki.b_o_y_s.886.lab
 Utterance prob per frame = 2.959998e+01
 Processing Data: Naoki.b_o_s_s.232.htk; Label Naoki.b_o_s_s.232.lab
 Utterance prob per frame = 2.786184e+01
 Processing Data: Naoki.b_i_k_e.1431.htk; Label Naoki.b_i_k_e.1431.lab
 Utterance prob per frame = 2.464550e+01
 Processing Data: Naoki.a_n_y.1639.htk; Label Naoki.a_n_y.1639.lab
 Utterance prob per frame = 2.795663e+01
 Processing Data: Naoki.a_t.1787.htk; Label Naoki.a_t.1787.lab
 Utterance prob per frame = 2.780975e+01
 Processing Data: Naoki.a_n_y.475.htk; Label Naoki.a_n_y.475.lab
 Utterance prob per frame = 2.406991e+01
 Processing Data: Naoki.a_s_k.2022.htk; Label Naoki.a_s_k.2022.lab
 Utterance prob per frame = 2.520760e+01
 Processing Data: Naoki.b_a_s_e_s.2081.htk; Label Naoki.b_a_s_e_s.2081.lab
 Utterance prob per frame = 2.182934e+01
 Processing Data: Naoki.b_e_a_r_s.2163.htk; Label Naoki.b_e_a_r_s.2163.lab
 Utterance prob per frame = 2.312631e+01
 Processing Data: Naoki.a_w_a_r_e.1556.htk; Label Naoki.a_w_a_r_e.1556.lab
 Utterance prob per frame = 2.352838e+01
 Processing Data: Naoki.a_s_k_e_d.2120.htk; Label Naoki.a_s_k_e_d.2120.lab
 Utterance prob per frame = 2.364635e+01
 Processing Data: Naoki.a_g_r_e_e.586.htk; Label Naoki.a_g_r_e_e.586.lab
 Utterance prob per frame = 2.573549e+01
 Processing Data: Naoki.b_a_r_e.805.htk; Label Naoki.b_a_r_e.805.lab
 Utterance prob per frame = 3.096641e+01
 Processing Data: Naoki.a_p_p_l_e.819.htk; Label Naoki.a_p_p_l_e.819.lab
 Utterance prob per frame = 2.614718e+01
 Processing Data: Naoki.a_t_e.2039.htk; Label Naoki.a_t_e.2039.lab
 Utterance prob per frame = 2.607007e+01
 Processing Data: Naoki.b_e.610.htk; Label Naoki.b_e.610.lab
 Utterance prob per frame = 3.049288e+01
 Processing Data: Naoki.b_e_e_r.1079.htk; Label Naoki.b_e_e_r.1079.lab
 Utterance prob per frame = 2.806819e+01
 Processing Data: Naoki.b_o_o_k_s.844.htk; Label Naoki.b_o_o_k_s.844.lab
 Utterance prob per frame = 2.497575e+01
 Processing Data: Naoki.a_s.821.htk; Label Naoki.a_s.821.lab
 Utterance prob per frame = 3.078702e+01
 Processing Data: Naoki.a_g_e_s.2220.htk; Label Naoki.a_g_e_s.2220.lab
 Utterance prob per frame = 2.736374e+01
 Processing Data: Naoki.b_a_n_k.536.htk; Label Naoki.b_a_n_k.536.lab
 Utterance prob per frame = 2.284100e+01
 Processing Data: Naoki.a.637.htk; Label Naoki.a.637.lab
 Utterance prob per frame = 3.187296e+01
 Processing Data: Naoki.b_i_r_t_h.1861.htk; Label Naoki.b_i_r_t_h.1861.lab
 Utterance prob per frame = 2.149653e+01
 Processing Data: Naoki.b_a_l_l.1542.htk; Label Naoki.b_a_l_l.1542.lab
 Utterance prob per frame = 2.985933e+01
 Processing Data: Naoki.a_g_a_i_n.1976.htk; Label Naoki.a_g_a_i_n.1976.lab
 Utterance prob per frame = 2.498409e+01
 Processing Data: Naoki.b_i_l_l_s.1725.htk; Label Naoki.b_i_l_l_s.1725.lab
 Utterance prob per frame = 2.963799e+01
 Processing Data: Naoki.a_w_a_r_e.392.htk; Label Naoki.a_w_a_r_e.392.lab
 Utterance prob per frame = 2.380051e+01
 Processing Data: Naoki.a_b_o_u_t.1572.htk; Label Naoki.a_b_o_u_t.1572.lab
 Utterance prob per frame = 2.623749e+01
 Processing Data: Naoki.b_a_t_h.1437.htk; Label Naoki.b_a_t_h.1437.lab
 Utterance prob per frame = 1.719149e+01
 Processing Data: Naoki.a_b_o_u_t.408.htk; Label Naoki.a_b_o_u_t.408.lab
 Utterance prob per frame = 2.449286e+01
 Processing Data: Naoki.b_l_o_w.2274.htk; Label Naoki.b_l_o_w.2274.lab
 Utterance prob per frame = 2.116624e+01
 Processing Data: Naoki.a.1801.htk; Label Naoki.a.1801.lab
 Utterance prob per frame = 2.983023e+01
 Processing Data: Naoki.b_i_t_e_s.1018.htk; Label Naoki.b_i_t_e_s.1018.lab
 Utterance prob per frame = 2.575735e+01
 Processing Data: Naoki.a_g_e_s.1056.htk; Label Naoki.a_g_e_s.1056.lab
 Utterance prob per frame = 2.604911e+01
 Processing Data: Naoki.b_a_d.1972.htk; Label Naoki.b_a_d.1972.lab
 Utterance prob per frame = 2.888426e+01
 Processing Data: Naoki.a_l_l.1287.htk; Label Naoki.a_l_l.1287.lab
 Utterance prob per frame = 2.982388e+01
 Processing Data: Naoki.b_l_u_e_s.353.htk; Label Naoki.b_l_u_e_s.353.lab
 Utterance prob per frame = 2.537611e+01
 Processing Data: Naoki.b_l_a_s_t.951.htk; Label Naoki.b_l_a_s_t.951.lab
 Utterance prob per frame = 2.288983e+01
 Processing Data: Naoki.b_a_c_k.1125.htk; Label Naoki.b_a_c_k.1125.lab
 Utterance prob per frame = 2.254005e+01
 Processing Data: Naoki.a_r_e.209.htk; Label Naoki.a_r_e.209.lab
 Utterance prob per frame = 2.664506e+01
 Processing Data: Naoki.b_a_d.808.htk; Label Naoki.b_a_d.808.lab
 Utterance prob per frame = 2.535053e+01
 Processing Data: Naoki.b_l_a_s_t.2115.htk; Label Naoki.b_l_a_s_t.2115.lab
 Utterance prob per frame = 2.652842e+01
 Processing Data: Naoki.b_l_u_e_s.1517.htk; Label Naoki.b_l_u_e_s.1517.lab
 Utterance prob per frame = 1.934870e+01
 Processing Data: Naoki.a_t.623.htk; Label Naoki.a_t.623.lab
 Utterance prob per frame = 2.944584e+01
 Processing Data: Naoki.a_s_k_e_d.956.htk; Label Naoki.a_s_k_e_d.956.lab
 Utterance prob per frame = 2.497081e+01
 Processing Data: Naoki.b_e_a_r_s.999.htk; Label Naoki.b_e_a_r_s.999.lab
 Utterance prob per frame = 2.471021e+01
 Processing Data: Naoki.b_i_k_e.267.htk; Label Naoki.b_i_k_e.267.lab
 Utterance prob per frame = 2.916135e+01
 Processing Data: Naoki.b_i_t_e_s.2182.htk; Label Naoki.b_i_t_e_s.2182.lab
 Utterance prob per frame = 2.743954e+01
 Processing Data: Naoki.a_s_k.858.htk; Label Naoki.a_s_k.858.lab
 Utterance prob per frame = 2.595212e+01
 Processing Data: Naoki.b_a_l_l.378.htk; Label Naoki.b_a_l_l.378.lab
 Utterance prob per frame = 3.223787e+01
 Processing Data: Naoki.a_d_u_l_t.1966.htk; Label Naoki.a_d_u_l_t.1966.lab
 Utterance prob per frame = 2.396096e+01
 Processing Data: Naoki.b_a_s_e_s.917.htk; Label Naoki.b_a_s_e_s.917.lab
 Utterance prob per frame = 2.775828e+01
 Processing Data: Naoki.a_f_t_e_r.2139.htk; Label Naoki.a_f_t_e_r.2139.lab
 Utterance prob per frame = 2.377370e+01
 WARNING [-2331]  UpdateModels: c[3] copied: only 1 egs
 in HERest
 WARNING [-2331]  UpdateModels: f[6] copied: only 2 egs
 in HERest
 WARNING [-2331]  UpdateModels: j[10] copied: only 0 egs
 in HERest
 WARNING [-2331]  UpdateModels: m[13] copied: only 1 egs
 in HERest
 WARNING [-2331]  UpdateModels: q[17] copied: only 0 egs
 in HERest
 WARNING [-2331]  UpdateModels: v[22] copied: only 0 egs
 in HERest
 WARNING [-2331]  UpdateModels: x[24] copied: only 0 egs
 in HERest
 WARNING [-2331]  UpdateModels: z[26] copied: only 0 egs
 in HERest
Total 35 floored variance elements in 4 different mixes
Saving hmm's to dir models/hmm5
Reestimation complete - average log prob per frame = 2.601627e+01
     - total frames seen          = 1.857700e+04
HERest -A -c 500.0 -v 0.0005 -A -H models/hmm5/newMacros -I all_labels.mlf -M models/hmm6 -S lists/train.data -T 1 wordList 
HERest -A -c 500.0 -v 0.0005 -A -H models/hmm5/newMacros -I all_labels.mlf -M models/hmm6 -S lists/train.data -T 1 wordList 
HERest  ML Updating: Transitions Means Variances 

 System is PLAIN
28 Logical/28 Physical Models Loaded, VecSize=16
1 MMF input files
Pruning-Off
 Processing Data: Naoki.a_n_d.1589.htk; Label Naoki.a_n_d.1589.lab
 Utterance prob per frame = 2.360631e+01
 Processing Data: Naoki.b_i_t_e.1104.htk; Label Naoki.b_i_t_e.1104.lab
 Utterance prob per frame = 2.603651e+01
 Processing Data: Naoki.b_i_g.2098.htk; Label Naoki.b_i_g.2098.lab
 Utterance prob per frame = 2.687771e+01
 Processing Data: Naoki.b_o_o_k_s.2008.htk; Label Naoki.b_o_o_k_s.2008.lab
 Utterance prob per frame = 2.526990e+01
 Processing Data: Naoki.a_h_e_a_d.2231.htk; Label Naoki.a_h_e_a_d.2231.lab
 Utterance prob per frame = 2.458542e+01
 Processing Data: Naoki.b_o_s_s.1396.htk; Label Naoki.b_o_s_s.1396.lab
 Utterance prob per frame = 2.277759e+01
 Processing Data: Naoki.a_m.1850.htk; Label Naoki.a_m.1850.lab
 Utterance prob per frame = 2.955448e+01
 Processing Data: Naoki.a_f_t_e_r.975.htk; Label Naoki.a_f_t_e_r.975.lab
 Utterance prob per frame = 2.581770e+01
 Processing Data: Naoki.b_o_y_s.2050.htk; Label Naoki.b_o_y_s.2050.lab
 Utterance prob per frame = 2.720213e+01
 Processing Data: Naoki.b_a_n_k.1700.htk; Label Naoki.b_a_n_k.1700.lab
 Utterance prob per frame = 2.565158e+01
 Processing Data: Naoki.a_n_d.425.htk; Label Naoki.a_n_d.425.lab
 Utterance prob per frame = 2.776353e+01
 Processing Data: Naoki.a_h_e_a_d.1067.htk; Label Naoki.a_h_e_a_d.1067.lab
 Utterance prob per frame = 2.418967e+01
 Processing Data: Naoki.a_p_p_l_e.1983.htk; Label Naoki.a_p_p_l_e.1983.lab
 Utterance prob per frame = 2.925418e+01
 Processing Data: Naoki.b_i_l_l.381.htk; Label Naoki.b_i_l_l.381.lab
 Utterance prob per frame = 3.149328e+01
 Processing Data: Naoki.b_o_n_e.214.htk; Label Naoki.b_o_n_e.214.lab
 Utterance prob per frame = 2.894408e+01
 Processing Data: Naoki.a_l_l.123.htk; Label Naoki.a_l_l.123.lab
 Utterance prob per frame = 3.033375e+01
 Processing Data: Naoki.b_e_e_s.2001.htk; Label Naoki.b_e_e_s.2001.lab
 Utterance prob per frame = 2.804258e+01
 Processing Data: Naoki.a_n.1620.htk; Label Naoki.a_n.1620.lab
 Utterance prob per frame = 2.896127e+01
 Processing Data: Naoki.a_w_a_y.1807.htk; Label Naoki.a_w_a_y.1807.lab
 Utterance prob per frame = 2.231720e+01
 Processing Data: Naoki.a_r_e.1373.htk; Label Naoki.a_r_e.1373.lab
 Utterance prob per frame = 2.725557e+01
 Processing Data: Naoki.b_o_n_e.1378.htk; Label Naoki.b_o_n_e.1378.lab
 Utterance prob per frame = 2.787756e+01
 Processing Data: Naoki.b_e_e_r.2243.htk; Label Naoki.b_e_e_r.2243.lab
 Utterance prob per frame = 2.861643e+01
 Processing Data: Naoki.a_d_u_l_t.802.htk; Label Naoki.a_d_u_l_t.802.lab
 Utterance prob per frame = 1.733756e+01
 Processing Data: Naoki.a_g_a_i_n.812.htk; Label Naoki.a_g_a_i_n.812.lab
 Utterance prob per frame = 2.376684e+01
 Processing Data: Naoki.b_l_o_w.1110.htk; Label Naoki.b_l_o_w.1110.lab
 Utterance prob per frame = 2.333877e+01
 Processing Data: Naoki.b_a_r_e.1969.htk; Label Naoki.b_a_r_e.1969.lab
 Utterance prob per frame = 1.822203e+01
 Processing Data: Naoki.b_e_s_t.1540.htk; Label Naoki.b_e_s_t.1540.lab
 Utterance prob per frame = 2.441801e+01
 Processing Data: Naoki.b_i_r_t_h.697.htk; Label Naoki.b_i_r_t_h.697.lab
 Utterance prob per frame = 2.162100e+01
 Processing Data: Naoki.b_i_g.934.htk; Label Naoki.b_i_g.934.lab
 Utterance prob per frame = 3.014464e+01
 Processing Data: Naoki.b_e_e_n.2100.htk; Label Naoki.b_e_e_n.2100.lab
 Utterance prob per frame = 2.770299e+01
 Processing Data: Naoki.a_w_a_y.643.htk; Label Naoki.a_w_a_y.643.lab
 Utterance prob per frame = 2.614552e+01
 Processing Data: Naoki.b_i_l_l.1545.htk; Label Naoki.b_i_l_l.1545.lab
 Utterance prob per frame = 2.930168e+01
 Processing Data: Naoki.b_i_t_e.2268.htk; Label Naoki.b_i_t_e.2268.lab
 Utterance prob per frame = 2.393545e+01
 Processing Data: Naoki.b_e_e_s.837.htk; Label Naoki.b_e_e_s.837.lab
 Utterance prob per frame = 2.719964e+01
 Processing Data: Naoki.a_s.1985.htk; Label Naoki.a_s.1985.lab
 Utterance prob per frame = 3.610203e+01
 Processing Data: Naoki.b_i_r_d.1012.htk; Label Naoki.b_i_r_d.1012.lab
 Utterance prob per frame = 2.403471e+01
 Processing Data: Naoki.a_t_e.875.htk; Label Naoki.a_t_e.875.lab
 Utterance prob per frame = 2.640903e+01
 Processing Data: Naoki.b_o_y_s.886.htk; Label Naoki.b_o_y_s.886.lab
 Utterance prob per frame = 2.981541e+01
 Processing Data: Naoki.b_o_s_s.232.htk; Label Naoki.b_o_s_s.232.lab
 Utterance prob per frame = 2.795408e+01
 Processing Data: Naoki.b_i_k_e.1431.htk; Label Naoki.b_i_k_e.1431.lab
 Utterance prob per frame = 2.462845e+01
 Processing Data: Naoki.a_n_y.1639.htk; Label Naoki.a_n_y.1639.lab
 Utterance prob per frame = 2.794433e+01
 Processing Data: Naoki.a_t.1787.htk; Label Naoki.a_t.1787.lab
 Utterance prob per frame = 2.784674e+01
 Processing Data: Naoki.a_n_y.475.htk; Label Naoki.a_n_y.475.lab
 Utterance prob per frame = 2.403956e+01
 Processing Data: Naoki.a_s_k.2022.htk; Label Naoki.a_s_k.2022.lab
 Utterance prob per frame = 2.513667e+01
 Processing Data: Naoki.b_a_s_e_s.2081.htk; Label Naoki.b_a_s_e_s.2081.lab
 Utterance prob per frame = 2.187208e+01
 Processing Data: Naoki.b_e_a_r_s.2163.htk; Label Naoki.b_e_a_r_s.2163.lab
 Utterance prob per frame = 2.313375e+01
 Processing Data: Naoki.a_w_a_r_e.1556.htk; Label Naoki.a_w_a_r_e.1556.lab
 Utterance prob per frame = 2.357057e+01
 Processing Data: Naoki.a_s_k_e_d.2120.htk; Label Naoki.a_s_k_e_d.2120.lab
 Utterance prob per frame = 2.364555e+01
 Processing Data: Naoki.a_g_r_e_e.586.htk; Label Naoki.a_g_r_e_e.586.lab
 Utterance prob per frame = 2.573718e+01
 Processing Data: Naoki.b_a_r_e.805.htk; Label Naoki.b_a_r_e.805.lab
 Utterance prob per frame = 3.105614e+01
 Processing Data: Naoki.a_p_p_l_e.819.htk; Label Naoki.a_p_p_l_e.819.lab
 Utterance prob per frame = 2.584715e+01
 Processing Data: Naoki.a_t_e.2039.htk; Label Naoki.a_t_e.2039.lab
 Utterance prob per frame = 2.608691e+01
 Processing Data: Naoki.b_e.610.htk; Label Naoki.b_e.610.lab
 Utterance prob per frame = 3.060107e+01
 Processing Data: Naoki.b_e_e_r.1079.htk; Label Naoki.b_e_e_r.1079.lab
 Utterance prob per frame = 2.809446e+01
 Processing Data: Naoki.b_o_o_k_s.844.htk; Label Naoki.b_o_o_k_s.844.lab
 Utterance prob per frame = 2.502816e+01
 Processing Data: Naoki.a_s.821.htk; Label Naoki.a_s.821.lab
 Utterance prob per frame = 3.079770e+01
 Processing Data: Naoki.a_g_e_s.2220.htk; Label Naoki.a_g_e_s.2220.lab
 Utterance prob per frame = 2.734920e+01
 Processing Data: Naoki.b_a_n_k.536.htk; Label Naoki.b_a_n_k.536.lab
 Utterance prob per frame = 2.282231e+01
 Processing Data: Naoki.a.637.htk; Label Naoki.a.637.lab
 Utterance prob per frame = 3.180172e+01
 Processing Data: Naoki.b_i_r_t_h.1861.htk; Label Naoki.b_i_r_t_h.1861.lab
 Utterance prob per frame = 2.163411e+01
 Processing Data: Naoki.b_a_l_l.1542.htk; Label Naoki.b_a_l_l.1542.lab
 Utterance prob per frame = 3.005950e+01
 Processing Data: Naoki.a_g_a_i_n.1976.htk; Label Naoki.a_g_a_i_n.1976.lab
 Utterance prob per frame = 2.501898e+01
 Processing Data: Naoki.b_i_l_l_s.1725.htk; Label Naoki.b_i_l_l_s.1725.lab
 Utterance prob per frame = 2.980802e+01
 Processing Data: Naoki.a_w_a_r_e.392.htk; Label Naoki.a_w_a_r_e.392.lab
 Utterance prob per frame = 2.384231e+01
 Processing Data: Naoki.a_b_o_u_t.1572.htk; Label Naoki.a_b_o_u_t.1572.lab
 Utterance prob per frame = 2.673974e+01
 Processing Data: Naoki.b_a_t_h.1437.htk; Label Naoki.b_a_t_h.1437.lab
 Utterance prob per frame = 1.724356e+01
 Processing Data: Naoki.a_b_o_u_t.408.htk; Label Naoki.a_b_o_u_t.408.lab
 Utterance prob per frame = 2.485656e+01
 Processing Data: Naoki.b_l_o_w.2274.htk; Label Naoki.b_l_o_w.2274.lab
 Utterance prob per frame = 2.134722e+01
 Processing Data: Naoki.a.1801.htk; Label Naoki.a.1801.lab
 Utterance prob per frame = 2.961972e+01
 Processing Data: Naoki.b_i_t_e_s.1018.htk; Label Naoki.b_i_t_e_s.1018.lab
 Utterance prob per frame = 2.585371e+01
 Processing Data: Naoki.a_g_e_s.1056.htk; Label Naoki.a_g_e_s.1056.lab
 Utterance prob per frame = 2.605850e+01
 Processing Data: Naoki.b_a_d.1972.htk; Label Naoki.b_a_d.1972.lab
 Utterance prob per frame = 2.898805e+01
 Processing Data: Naoki.a_l_l.1287.htk; Label Naoki.a_l_l.1287.lab
 Utterance prob per frame = 2.988044e+01
 Processing Data: Naoki.b_l_u_e_s.353.htk; Label Naoki.b_l_u_e_s.353.lab
 Utterance prob per frame = 2.555047e+01
 Processing Data: Naoki.b_l_a_s_t.951.htk; Label Naoki.b_l_a_s_t.951.lab
 Utterance prob per frame = 2.296917e+01
 Processing Data: Naoki.b_a_c_k.1125.htk; Label Naoki.b_a_c_k.1125.lab
 Utterance prob per frame = 2.258927e+01
 Processing Data: Naoki.a_r_e.209.htk; Label Naoki.a_r_e.209.lab
 Utterance prob per frame = 2.667085e+01
 Processing Data: Naoki.b_a_d.808.htk; Label Naoki.b_a_d.808.lab
 Utterance prob per frame = 2.544987e+01
 Processing Data: Naoki.b_l_a_s_t.2115.htk; Label Naoki.b_l_a_s_t.2115.lab
 Utterance prob per frame = 2.662432e+01
 Processing Data: Naoki.b_l_u_e_s.1517.htk; Label Naoki.b_l_u_e_s.1517.lab
 Utterance prob per frame = 1.936522e+01
 Processing Data: Naoki.a_t.623.htk; Label Naoki.a_t.623.lab
 Utterance prob per frame = 2.946642e+01
 Processing Data: Naoki.a_s_k_e_d.956.htk; Label Naoki.a_s_k_e_d.956.lab
 Utterance prob per frame = 2.494779e+01
 Processing Data: Naoki.b_e_a_r_s.999.htk; Label Naoki.b_e_a_r_s.999.lab
 Utterance prob per frame = 2.475621e+01
 Processing Data: Naoki.b_i_k_e.267.htk; Label Naoki.b_i_k_e.267.lab
 Utterance prob per frame = 2.921295e+01
 Processing Data: Naoki.b_i_t_e_s.2182.htk; Label Naoki.b_i_t_e_s.2182.lab
 Utterance prob per frame = 2.751405e+01
 Processing Data: Naoki.a_s_k.858.htk; Label Naoki.a_s_k.858.lab
 Utterance prob per frame = 2.589692e+01
 Processing Data: Naoki.b_a_l_l.378.htk; Label Naoki.b_a_l_l.378.lab
 Utterance prob per frame = 3.238217e+01
 Processing Data: Naoki.a_d_u_l_t.1966.htk; Label Naoki.a_d_u_l_t.1966.lab
 Utterance prob per frame = 2.401095e+01
 Processing Data: Naoki.b_a_s_e_s.917.htk; Label Naoki.b_a_s_e_s.917.lab
 Utterance prob per frame = 2.779593e+01
 Processing Data: Naoki.a_f_t_e_r.2139.htk; Label Naoki.a_f_t_e_r.2139.lab
 Utterance prob per frame = 2.380164e+01
 WARNING [-2331]  UpdateModels: c[3] copied: only 1 egs
 in HERest
 WARNING [-2331]  UpdateModels: f[6] copied: only 2 egs
 in HERest
 WARNING [-2331]  UpdateModels: j[10] copied: only 0 egs
 in HERest
 WARNING [-2331]  UpdateModels: m[13] copied: only 1 egs
 in HERest
 WARNING [-2331]  UpdateModels: q[17] copied: only 0 egs
 in HERest
 WARNING [-2331]  UpdateModels: v[22] copied: only 0 egs
 in HERest
 WARNING [-2331]  UpdateModels: x[24] copied: only 0 egs
 in HERest
 WARNING [-2331]  UpdateModels: z[26] copied: only 0 egs
 in HERest
Total 36 floored variance elements in 4 different mixes
Saving hmm's to dir models/hmm6
Reestimation complete - average log prob per frame = 2.608827e+01
     - total frames seen          = 1.857700e+04
HERest -A -c 500.0 -v 0.0005 -A -H models/hmm6/newMacros -I all_labels.mlf -M models/hmm7 -S lists/train.data -T 1 wordList 
HERest -A -c 500.0 -v 0.0005 -A -H models/hmm6/newMacros -I all_labels.mlf -M models/hmm7 -S lists/train.data -T 1 wordList 
HERest  ML Updating: Transitions Means Variances 

 System is PLAIN
28 Logical/28 Physical Models Loaded, VecSize=16
1 MMF input files
Pruning-Off
 Processing Data: Naoki.a_n_d.1589.htk; Label Naoki.a_n_d.1589.lab
 Utterance prob per frame = 2.360298e+01
 Processing Data: Naoki.b_i_t_e.1104.htk; Label Naoki.b_i_t_e.1104.lab
 Utterance prob per frame = 2.623299e+01
 Processing Data: Naoki.b_i_g.2098.htk; Label Naoki.b_i_g.2098.lab
 Utterance prob per frame = 2.687002e+01
 Processing Data: Naoki.b_o_o_k_s.2008.htk; Label Naoki.b_o_o_k_s.2008.lab
 Utterance prob per frame = 2.561653e+01
 Processing Data: Naoki.a_h_e_a_d.2231.htk; Label Naoki.a_h_e_a_d.2231.lab
 Utterance prob per frame = 2.458317e+01
 Processing Data: Naoki.b_o_s_s.1396.htk; Label Naoki.b_o_s_s.1396.lab
 Utterance prob per frame = 2.317273e+01
 Processing Data: Naoki.a_m.1850.htk; Label Naoki.a_m.1850.lab
 Utterance prob per frame = 2.955361e+01
 Processing Data: Naoki.a_f_t_e_r.975.htk; Label Naoki.a_f_t_e_r.975.lab
 Utterance prob per frame = 2.582184e+01
 Processing Data: Naoki.b_o_y_s.2050.htk; Label Naoki.b_o_y_s.2050.lab
 Utterance prob per frame = 2.798213e+01
 Processing Data: Naoki.b_a_n_k.1700.htk; Label Naoki.b_a_n_k.1700.lab
 Utterance prob per frame = 2.561581e+01
 Processing Data: Naoki.a_n_d.425.htk; Label Naoki.a_n_d.425.lab
 Utterance prob per frame = 2.776299e+01
 Processing Data: Naoki.a_h_e_a_d.1067.htk; Label Naoki.a_h_e_a_d.1067.lab
 Utterance prob per frame = 2.419132e+01
 Processing Data: Naoki.a_p_p_l_e.1983.htk; Label Naoki.a_p_p_l_e.1983.lab
 Utterance prob per frame = 2.924767e+01
 Processing Data: Naoki.b_i_l_l.381.htk; Label Naoki.b_i_l_l.381.lab
 Utterance prob per frame = 3.162484e+01
 Processing Data: Naoki.b_o_n_e.214.htk; Label Naoki.b_o_n_e.214.lab
 Utterance prob per frame = 2.895133e+01
 Processing Data: Naoki.a_l_l.123.htk; Label Naoki.a_l_l.123.lab
 Utterance prob per frame = 3.033211e+01
 Processing Data: Naoki.b_e_e_s.2001.htk; Label Naoki.b_e_e_s.2001.lab
 Utterance prob per frame = 2.798205e+01
 Processing Data: Naoki.a_n.1620.htk; Label Naoki.a_n.1620.lab
 Utterance prob per frame = 2.896831e+01
 Processing Data: Naoki.a_w_a_y.1807.htk; Label Naoki.a_w_a_y.1807.lab
 Utterance prob per frame = 2.229745e+01
 Processing Data: Naoki.a_r_e.1373.htk; Label Naoki.a_r_e.1373.lab
 Utterance prob per frame = 2.725431e+01
 Processing Data: Naoki.b_o_n_e.1378.htk; Label Naoki.b_o_n_e.1378.lab
 Utterance prob per frame = 2.792946e+01
 Processing Data: Naoki.b_e_e_r.2243.htk; Label Naoki.b_e_e_r.2243.lab
 Utterance prob per frame = 2.862846e+01
 Processing Data: Naoki.a_d_u_l_t.802.htk; Label Naoki.a_d_u_l_t.802.lab
 Utterance prob per frame = 1.734097e+01
 Processing Data: Naoki.a_g_a_i_n.812.htk; Label Naoki.a_g_a_i_n.812.lab
 Utterance prob per frame = 2.389349e+01
 Processing Data: Naoki.b_l_o_w.1110.htk; Label Naoki.b_l_o_w.1110.lab
 Utterance prob per frame = 2.324923e+01
 Processing Data: Naoki.b_a_r_e.1969.htk; Label Naoki.b_a_r_e.1969.lab
 Utterance prob per frame = 1.828865e+01
 Processing Data: Naoki.b_e_s_t.1540.htk; Label Naoki.b_e_s_t.1540.lab
 Utterance prob per frame = 2.441305e+01
 Processing Data: Naoki.b_i_r_t_h.697.htk; Label Naoki.b_i_r_t_h.697.lab
 Utterance prob per frame = 2.189017e+01
 Processing Data: Naoki.b_i_g.934.htk; Label Naoki.b_i_g.934.lab
 Utterance prob per frame = 3.047330e+01
 Processing Data: Naoki.b_e_e_n.2100.htk; Label Naoki.b_e_e_n.2100.lab
 Utterance prob per frame = 2.770068e+01
 Processing Data: Naoki.a_w_a_y.643.htk; Label Naoki.a_w_a_y.643.lab
 Utterance prob per frame = 2.623027e+01
 Processing Data: Naoki.b_i_l_l.1545.htk; Label Naoki.b_i_l_l.1545.lab
 Utterance prob per frame = 2.910910e+01
 Processing Data: Naoki.b_i_t_e.2268.htk; Label Naoki.b_i_t_e.2268.lab
 Utterance prob per frame = 2.404452e+01
 Processing Data: Naoki.b_e_e_s.837.htk; Label Naoki.b_e_e_s.837.lab
 Utterance prob per frame = 2.720413e+01
 Processing Data: Naoki.a_s.1985.htk; Label Naoki.a_s.1985.lab
 Utterance prob per frame = 3.609768e+01
 Processing Data: Naoki.b_i_r_d.1012.htk; Label Naoki.b_i_r_d.1012.lab
 Utterance prob per frame = 2.482285e+01
 Processing Data: Naoki.a_t_e.875.htk; Label Naoki.a_t_e.875.lab
 Utterance prob per frame = 2.640873e+01
 Processing Data: Naoki.b_o_y_s.886.htk; Label Naoki.b_o_y_s.886.lab
 Utterance prob per frame = 3.050234e+01
 Processing Data: Naoki.b_o_s_s.232.htk; Label Naoki.b_o_s_s.232.lab
 Utterance prob per frame = 2.778527e+01
 Processing Data: Naoki.b_i_k_e.1431.htk; Label Naoki.b_i_k_e.1431.lab
 Utterance prob per frame = 2.452308e+01
 Processing Data: Naoki.a_n_y.1639.htk; Label Naoki.a_n_y.1639.lab
 Utterance prob per frame = 2.808512e+01
 Processing Data: Naoki.a_t.1787.htk; Label Naoki.a_t.1787.lab
 Utterance prob per frame = 2.784608e+01
 Processing Data: Naoki.a_n_y.475.htk; Label Naoki.a_n_y.475.lab
 Utterance prob per frame = 2.403092e+01
 Processing Data: Naoki.a_s_k.2022.htk; Label Naoki.a_s_k.2022.lab
 Utterance prob per frame = 2.513291e+01
 Processing Data: Naoki.b_a_s_e_s.2081.htk; Label Naoki.b_a_s_e_s.2081.lab
 Utterance prob per frame = 2.189174e+01
 Processing Data: Naoki.b_e_a_r_s.2163.htk; Label Naoki.b_e_a_r_s.2163.lab
 Utterance prob per frame = 2.312217e+01
 Processing Data: Naoki.a_w_a_r_e.1556.htk; Label Naoki.a_w_a_r_e.1556.lab
 Utterance prob per frame = 2.356882e+01
 Processing Data: Naoki.a_s_k_e_d.2120.htk; Label Naoki.a_s_k_e_d.2120.lab
 Utterance prob per frame = 2.364451e+01
 Processing Data: Naoki.a_g_r_e_e.586.htk; Label Naoki.a_g_r_e_e.586.lab
 Utterance prob per frame = 2.573853e+01
 Processing Data: Naoki.b_a_r_e.805.htk; Label Naoki.b_a_r_e.805.lab
 Utterance prob per frame = 3.110877e+01
 Processing Data: Naoki.a_p_p_l_e.819.htk; Label Naoki.a_p_p_l_e.819.lab
 Utterance prob per frame = 2.583634e+01
 Processing Data: Naoki.a_t_e.2039.htk; Label Naoki.a_t_e.2039.lab
 Utterance prob per frame = 2.609065e+01
 Processing Data: Naoki.b_e.610.htk; Label Naoki.b_e.610.lab
 Utterance prob per frame = 3.071003e+01
 Processing Data: Naoki.b_e_e_r.1079.htk; Label Naoki.b_e_e_r.1079.lab
 Utterance prob per frame = 2.808844e+01
 Processing Data: Naoki.b_o_o_k_s.844.htk; Label Naoki.b_o_o_k_s.844.lab
 Utterance prob per frame = 2.476530e+01
 Processing Data: Naoki.a_s.821.htk; Label Naoki.a_s.821.lab
 Utterance prob per frame = 3.079681e+01
 Processing Data: Naoki.a_g_e_s.2220.htk; Label Naoki.a_g_e_s.2220.lab
 Utterance prob per frame = 2.734708e+01
 Processing Data: Naoki.b_a_n_k.536.htk; Label Naoki.b_a_n_k.536.lab
 Utterance prob per frame = 2.284693e+01
 Processing Data: Naoki.a.637.htk; Label Naoki.a.637.lab
 Utterance prob per frame = 3.179513e+01
 Processing Data: Naoki.b_i_r_t_h.1861.htk; Label Naoki.b_i_r_t_h.1861.lab
 Utterance prob per frame = 2.209478e+01
 Processing Data: Naoki.b_a_l_l.1542.htk; Label Naoki.b_a_l_l.1542.lab
 Utterance prob per frame = 3.009278e+01
 Processing Data: Naoki.a_g_a_i_n.1976.htk; Label Naoki.a_g_a_i_n.1976.lab
 Utterance prob per frame = 2.505301e+01
 Processing Data: Naoki.b_i_l_l_s.1725.htk; Label Naoki.b_i_l_l_s.1725.lab
 Utterance prob per frame = 2.982635e+01
 Processing Data: Naoki.a_w_a_r_e.392.htk; Label Naoki.a_w_a_r_e.392.lab
 Utterance prob per frame = 2.384322e+01
 Processing Data: Naoki.a_b_o_u_t.1572.htk; Label Naoki.a_b_o_u_t.1572.lab
 Utterance prob per frame = 2.698090e+01
 Processing Data: Naoki.b_a_t_h.1437.htk; Label Naoki.b_a_t_h.1437.lab
 Utterance prob per frame = 1.722454e+01
 Processing Data: Naoki.a_b_o_u_t.408.htk; Label Naoki.a_b_o_u_t.408.lab
 Utterance prob per frame = 2.498749e+01
 Processing Data: Naoki.b_l_o_w.2274.htk; Label Naoki.b_l_o_w.2274.lab
 Utterance prob per frame = 2.171394e+01
 Processing Data: Naoki.a.1801.htk; Label Naoki.a.1801.lab
 Utterance prob per frame = 2.960708e+01
 Processing Data: Naoki.b_i_t_e_s.1018.htk; Label Naoki.b_i_t_e_s.1018.lab
 Utterance prob per frame = 2.611083e+01
 Processing Data: Naoki.a_g_e_s.1056.htk; Label Naoki.a_g_e_s.1056.lab
 Utterance prob per frame = 2.605864e+01
 Processing Data: Naoki.b_a_d.1972.htk; Label Naoki.b_a_d.1972.lab
 Utterance prob per frame = 2.907748e+01
 Processing Data: Naoki.a_l_l.1287.htk; Label Naoki.a_l_l.1287.lab
 Utterance prob per frame = 2.991646e+01
 Processing Data: Naoki.b_l_u_e_s.353.htk; Label Naoki.b_l_u_e_s.353.lab
 Utterance prob per frame = 2.562186e+01
 Processing Data: Naoki.b_l_a_s_t.951.htk; Label Naoki.b_l_a_s_t.951.lab
 Utterance prob per frame = 2.299657e+01
 Processing Data: Naoki.b_a_c_k.1125.htk; Label Naoki.b_a_c_k.1125.lab
 Utterance prob per frame = 2.262572e+01
 Processing Data: Naoki.a_r_e.209.htk; Label Naoki.a_r_e.209.lab
 Utterance prob per frame = 2.666760e+01
 Processing Data: Naoki.b_a_d.808.htk; Label Naoki.b_a_d.808.lab
 Utterance prob per frame = 2.550340e+01
 Processing Data: Naoki.b_l_a_s_t.2115.htk; Label Naoki.b_l_a_s_t.2115.lab
 Utterance prob per frame = 2.665711e+01
 Processing Data: Naoki.b_l_u_e_s.1517.htk; Label Naoki.b_l_u_e_s.1517.lab
 Utterance prob per frame = 1.934588e+01
 Processing Data: Naoki.a_t.623.htk; Label Naoki.a_t.623.lab
 Utterance prob per frame = 2.946800e+01
 Processing Data: Naoki.a_s_k_e_d.956.htk; Label Naoki.a_s_k_e_d.956.lab
 Utterance prob per frame = 2.494778e+01
 Processing Data: Naoki.b_e_a_r_s.999.htk; Label Naoki.b_e_a_r_s.999.lab
 Utterance prob per frame = 2.476296e+01
 Processing Data: Naoki.b_i_k_e.267.htk; Label Naoki.b_i_k_e.267.lab
 Utterance prob per frame = 2.919797e+01
 Processing Data: Naoki.b_i_t_e_s.2182.htk; Label Naoki.b_i_t_e_s.2182.lab
 Utterance prob per frame = 2.751522e+01
 Processing Data: Naoki.a_s_k.858.htk; Label Naoki.a_s_k.858.lab
 Utterance prob per frame = 2.589681e+01
 Processing Data: Naoki.b_a_l_l.378.htk; Label Naoki.b_a_l_l.378.lab
 Utterance prob per frame = 3.240617e+01
 Processing Data: Naoki.a_d_u_l_t.1966.htk; Label Naoki.a_d_u_l_t.1966.lab
 Utterance prob per frame = 2.401655e+01
 Processing Data: Naoki.b_a_s_e_s.917.htk; Label Naoki.b_a_s_e_s.917.lab
 Utterance prob per frame = 2.781820e+01
 Processing Data: Naoki.a_f_t_e_r.2139.htk; Label Naoki.a_f_t_e_r.2139.lab
 Utterance prob per frame = 2.380811e+01
 WARNING [-2331]  UpdateModels: c[3] copied: only 1 egs
 in HERest
 WARNING [-2331]  UpdateModels: f[6] copied: only 2 egs
 in HERest
 WARNING [-2331]  UpdateModels: j[10] copied: only 0 egs
 in HERest
 WARNING [-2331]  UpdateModels: m[13] copied: only 1 egs
 in HERest
 WARNING [-2331]  UpdateModels: q[17] copied: only 0 egs
 in HERest
 WARNING [-2331]  UpdateModels: v[22] copied: only 0 egs
 in HERest
 WARNING [-2331]  UpdateModels: x[24] copied: only 0 egs
 in HERest
 WARNING [-2331]  UpdateModels: z[26] copied: only 0 egs
 in HERest
Total 36 floored variance elements in 4 different mixes
Saving hmm's to dir models/hmm7
Reestimation complete - average log prob per frame = 2.615173e+01
     - total frames seen          = 1.857700e+04
HERest -A -c 500.0 -v 0.0005 -A -H models/hmm7/newMacros -I all_labels.mlf -M models/hmm8 -S lists/train.data -T 1 wordList 
HERest -A -c 500.0 -v 0.0005 -A -H models/hmm7/newMacros -I all_labels.mlf -M models/hmm8 -S lists/train.data -T 1 wordList 
HERest  ML Updating: Transitions Means Variances 

 System is PLAIN
28 Logical/28 Physical Models Loaded, VecSize=16
1 MMF input files
Pruning-Off
 Processing Data: Naoki.a_n_d.1589.htk; Label Naoki.a_n_d.1589.lab
 Utterance prob per frame = 2.359071e+01
 Processing Data: Naoki.b_i_t_e.1104.htk; Label Naoki.b_i_t_e.1104.lab
 Utterance prob per frame = 2.630190e+01
 Processing Data: Naoki.b_i_g.2098.htk; Label Naoki.b_i_g.2098.lab
 Utterance prob per frame = 2.684680e+01
 Processing Data: Naoki.b_o_o_k_s.2008.htk; Label Naoki.b_o_o_k_s.2008.lab
 Utterance prob per frame = 2.592413e+01
 Processing Data: Naoki.a_h_e_a_d.2231.htk; Label Naoki.a_h_e_a_d.2231.lab
 Utterance prob per frame = 2.458444e+01
 Processing Data: Naoki.b_o_s_s.1396.htk; Label Naoki.b_o_s_s.1396.lab
 Utterance prob per frame = 2.354157e+01
 Processing Data: Naoki.a_m.1850.htk; Label Naoki.a_m.1850.lab
 Utterance prob per frame = 2.954531e+01
 Processing Data: Naoki.a_f_t_e_r.975.htk; Label Naoki.a_f_t_e_r.975.lab
 Utterance prob per frame = 2.582358e+01
 Processing Data: Naoki.b_o_y_s.2050.htk; Label Naoki.b_o_y_s.2050.lab
 Utterance prob per frame = 2.847466e+01
 Processing Data: Naoki.b_a_n_k.1700.htk; Label Naoki.b_a_n_k.1700.lab
 Utterance prob per frame = 2.565424e+01
 Processing Data: Naoki.a_n_d.425.htk; Label Naoki.a_n_d.425.lab
 Utterance prob per frame = 2.775722e+01
 Processing Data: Naoki.a_h_e_a_d.1067.htk; Label Naoki.a_h_e_a_d.1067.lab
 Utterance prob per frame = 2.419783e+01
 Processing Data: Naoki.a_p_p_l_e.1983.htk; Label Naoki.a_p_p_l_e.1983.lab
 Utterance prob per frame = 2.921325e+01
 Processing Data: Naoki.b_i_l_l.381.htk; Label Naoki.b_i_l_l.381.lab
 Utterance prob per frame = 3.167783e+01
 Processing Data: Naoki.b_o_n_e.214.htk; Label Naoki.b_o_n_e.214.lab
 Utterance prob per frame = 2.906061e+01
 Processing Data: Naoki.a_l_l.123.htk; Label Naoki.a_l_l.123.lab
 Utterance prob per frame = 3.035300e+01
 Processing Data: Naoki.b_e_e_s.2001.htk; Label Naoki.b_e_e_s.2001.lab
 Utterance prob per frame = 2.793751e+01
 Processing Data: Naoki.a_n.1620.htk; Label Naoki.a_n.1620.lab
 Utterance prob per frame = 2.898834e+01
 Processing Data: Naoki.a_w_a_y.1807.htk; Label Naoki.a_w_a_y.1807.lab
 Utterance prob per frame = 2.229438e+01
 Processing Data: Naoki.a_r_e.1373.htk; Label Naoki.a_r_e.1373.lab
 Utterance prob per frame = 2.723111e+01
 Processing Data: Naoki.b_o_n_e.1378.htk; Label Naoki.b_o_n_e.1378.lab
 Utterance prob per frame = 2.807446e+01
 Processing Data: Naoki.b_e_e_r.2243.htk; Label Naoki.b_e_e_r.2243.lab
 Utterance prob per frame = 2.863074e+01
 Processing Data: Naoki.a_d_u_l_t.802.htk; Label Naoki.a_d_u_l_t.802.lab
 Utterance prob per frame = 1.737101e+01
 Processing Data: Naoki.a_g_a_i_n.812.htk; Label Naoki.a_g_a_i_n.812.lab
 Utterance prob per frame = 2.401137e+01
 Processing Data: Naoki.b_l_o_w.1110.htk; Label Naoki.b_l_o_w.1110.lab
 Utterance prob per frame = 2.337726e+01
 Processing Data: Naoki.b_a_r_e.1969.htk; Label Naoki.b_a_r_e.1969.lab
 Utterance prob per frame = 1.826806e+01
 Processing Data: Naoki.b_e_s_t.1540.htk; Label Naoki.b_e_s_t.1540.lab
 Utterance prob per frame = 2.442017e+01
 Processing Data: Naoki.b_i_r_t_h.697.htk; Label Naoki.b_i_r_t_h.697.lab
 Utterance prob per frame = 2.177196e+01
 Processing Data: Naoki.b_i_g.934.htk; Label Naoki.b_i_g.934.lab
 Utterance prob per frame = 3.056265e+01
 Processing Data: Naoki.b_e_e_n.2100.htk; Label Naoki.b_e_e_n.2100.lab
 Utterance prob per frame = 2.772805e+01
 Processing Data: Naoki.a_w_a_y.643.htk; Label Naoki.a_w_a_y.643.lab
 Utterance prob per frame = 2.624078e+01
 Processing Data: Naoki.b_i_l_l.1545.htk; Label Naoki.b_i_l_l.1545.lab
 Utterance prob per frame = 2.930501e+01
 Processing Data: Naoki.b_i_t_e.2268.htk; Label Naoki.b_i_t_e.2268.lab
 Utterance prob per frame = 2.406760e+01
 Processing Data: Naoki.b_e_e_s.837.htk; Label Naoki.b_e_e_s.837.lab
 Utterance prob per frame = 2.719932e+01
 Processing Data: Naoki.a_s.1985.htk; Label Naoki.a_s.1985.lab
 Utterance prob per frame = 3.610707e+01
 Processing Data: Naoki.b_i_r_d.1012.htk; Label Naoki.b_i_r_d.1012.lab
 Utterance prob per frame = 2.508404e+01
 Processing Data: Naoki.a_t_e.875.htk; Label Naoki.a_t_e.875.lab
 Utterance prob per frame = 2.640133e+01
 Processing Data: Naoki.b_o_y_s.886.htk; Label Naoki.b_o_y_s.886.lab
 Utterance prob per frame = 3.100674e+01
 Processing Data: Naoki.b_o_s_s.232.htk; Label Naoki.b_o_s_s.232.lab
 Utterance prob per frame = 2.763051e+01
 Processing Data: Naoki.b_i_k_e.1431.htk; Label Naoki.b_i_k_e.1431.lab
 Utterance prob per frame = 2.457900e+01
 Processing Data: Naoki.a_n_y.1639.htk; Label Naoki.a_n_y.1639.lab
 Utterance prob per frame = 2.807354e+01
 Processing Data: Naoki.a_t.1787.htk; Label Naoki.a_t.1787.lab
 Utterance prob per frame = 2.784562e+01
 Processing Data: Naoki.a_n_y.475.htk; Label Naoki.a_n_y.475.lab
 Utterance prob per frame = 2.405212e+01
 Processing Data: Naoki.a_s_k.2022.htk; Label Naoki.a_s_k.2022.lab
 Utterance prob per frame = 2.513270e+01
 Processing Data: Naoki.b_a_s_e_s.2081.htk; Label Naoki.b_a_s_e_s.2081.lab
 Utterance prob per frame = 2.189712e+01
 Processing Data: Naoki.b_e_a_r_s.2163.htk; Label Naoki.b_e_a_r_s.2163.lab
 Utterance prob per frame = 2.310423e+01
 Processing Data: Naoki.a_w_a_r_e.1556.htk; Label Naoki.a_w_a_r_e.1556.lab
 Utterance prob per frame = 2.356091e+01
 Processing Data: Naoki.a_s_k_e_d.2120.htk; Label Naoki.a_s_k_e_d.2120.lab
 Utterance prob per frame = 2.363985e+01
 Processing Data: Naoki.a_g_r_e_e.586.htk; Label Naoki.a_g_r_e_e.586.lab
 Utterance prob per frame = 2.573846e+01
 Processing Data: Naoki.b_a_r_e.805.htk; Label Naoki.b_a_r_e.805.lab
 Utterance prob per frame = 3.108990e+01
 Processing Data: Naoki.a_p_p_l_e.819.htk; Label Naoki.a_p_p_l_e.819.lab
 Utterance prob per frame = 2.579820e+01
 Processing Data: Naoki.a_t_e.2039.htk; Label Naoki.a_t_e.2039.lab
 Utterance prob per frame = 2.608392e+01
 Processing Data: Naoki.b_e.610.htk; Label Naoki.b_e.610.lab
 Utterance prob per frame = 3.069664e+01
 Processing Data: Naoki.b_e_e_r.1079.htk; Label Naoki.b_e_e_r.1079.lab
 Utterance prob per frame = 2.808693e+01
 Processing Data: Naoki.b_o_o_k_s.844.htk; Label Naoki.b_o_o_k_s.844.lab
 Utterance prob per frame = 2.420585e+01
 Processing Data: Naoki.a_s.821.htk; Label Naoki.a_s.821.lab
 Utterance prob per frame = 3.079750e+01
 Processing Data: Naoki.a_g_e_s.2220.htk; Label Naoki.a_g_e_s.2220.lab
 Utterance prob per frame = 2.734599e+01
 Processing Data: Naoki.b_a_n_k.536.htk; Label Naoki.b_a_n_k.536.lab
 Utterance prob per frame = 2.284991e+01
 Processing Data: Naoki.a.637.htk; Label Naoki.a.637.lab
 Utterance prob per frame = 3.182479e+01
 Processing Data: Naoki.b_i_r_t_h.1861.htk; Label Naoki.b_i_r_t_h.1861.lab
 Utterance prob per frame = 2.224072e+01
 Processing Data: Naoki.b_a_l_l.1542.htk; Label Naoki.b_a_l_l.1542.lab
 Utterance prob per frame = 3.013625e+01
 Processing Data: Naoki.a_g_a_i_n.1976.htk; Label Naoki.a_g_a_i_n.1976.lab
 Utterance prob per frame = 2.519070e+01
 Processing Data: Naoki.b_i_l_l_s.1725.htk; Label Naoki.b_i_l_l_s.1725.lab
 Utterance prob per frame = 2.984624e+01
 Processing Data: Naoki.a_w_a_r_e.392.htk; Label Naoki.a_w_a_r_e.392.lab
 Utterance prob per frame = 2.382281e+01
 Processing Data: Naoki.a_b_o_u_t.1572.htk; Label Naoki.a_b_o_u_t.1572.lab
 Utterance prob per frame = 2.717867e+01
 Processing Data: Naoki.b_a_t_h.1437.htk; Label Naoki.b_a_t_h.1437.lab
 Utterance prob per frame = 1.722130e+01
 Processing Data: Naoki.a_b_o_u_t.408.htk; Label Naoki.a_b_o_u_t.408.lab
 Utterance prob per frame = 2.507121e+01
 Processing Data: Naoki.b_l_o_w.2274.htk; Label Naoki.b_l_o_w.2274.lab
 Utterance prob per frame = 2.196776e+01
 Processing Data: Naoki.a.1801.htk; Label Naoki.a.1801.lab
 Utterance prob per frame = 2.964357e+01
 Processing Data: Naoki.b_i_t_e_s.1018.htk; Label Naoki.b_i_t_e_s.1018.lab
 Utterance prob per frame = 2.618164e+01
 Processing Data: Naoki.a_g_e_s.1056.htk; Label Naoki.a_g_e_s.1056.lab
 Utterance prob per frame = 2.605636e+01
 Processing Data: Naoki.b_a_d.1972.htk; Label Naoki.b_a_d.1972.lab
 Utterance prob per frame = 2.907591e+01
 Processing Data: Naoki.a_l_l.1287.htk; Label Naoki.a_l_l.1287.lab
 Utterance prob per frame = 2.991818e+01
 Processing Data: Naoki.b_l_u_e_s.353.htk; Label Naoki.b_l_u_e_s.353.lab
 Utterance prob per frame = 2.562083e+01
 Processing Data: Naoki.b_l_a_s_t.951.htk; Label Naoki.b_l_a_s_t.951.lab
 Utterance prob per frame = 2.299046e+01
 Processing Data: Naoki.b_a_c_k.1125.htk; Label Naoki.b_a_c_k.1125.lab
 Utterance prob per frame = 2.263354e+01
 Processing Data: Naoki.a_r_e.209.htk; Label Naoki.a_r_e.209.lab
 Utterance prob per frame = 2.664925e+01
 Processing Data: Naoki.b_a_d.808.htk; Label Naoki.b_a_d.808.lab
 Utterance prob per frame = 2.550127e+01
 Processing Data: Naoki.b_l_a_s_t.2115.htk; Label Naoki.b_l_a_s_t.2115.lab
 Utterance prob per frame = 2.667683e+01
 Processing Data: Naoki.b_l_u_e_s.1517.htk; Label Naoki.b_l_u_e_s.1517.lab
 Utterance prob per frame = 1.934257e+01
 Processing Data: Naoki.a_t.623.htk; Label Naoki.a_t.623.lab
 Utterance prob per frame = 2.947062e+01
 Processing Data: Naoki.a_s_k_e_d.956.htk; Label Naoki.a_s_k_e_d.956.lab
 Utterance prob per frame = 2.494498e+01
 Processing Data: Naoki.b_e_a_r_s.999.htk; Label Naoki.b_e_a_r_s.999.lab
 Utterance prob per frame = 2.473604e+01
 Processing Data: Naoki.b_i_k_e.267.htk; Label Naoki.b_i_k_e.267.lab
 Utterance prob per frame = 2.922761e+01
 Processing Data: Naoki.b_i_t_e_s.2182.htk; Label Naoki.b_i_t_e_s.2182.lab
 Utterance prob per frame = 2.752875e+01
 Processing Data: Naoki.a_s_k.858.htk; Label Naoki.a_s_k.858.lab
 Utterance prob per frame = 2.590819e+01
 Processing Data: Naoki.b_a_l_l.378.htk; Label Naoki.b_a_l_l.378.lab
 Utterance prob per frame = 3.244352e+01
 Processing Data: Naoki.a_d_u_l_t.1966.htk; Label Naoki.a_d_u_l_t.1966.lab
 Utterance prob per frame = 2.402247e+01
 Processing Data: Naoki.b_a_s_e_s.917.htk; Label Naoki.b_a_s_e_s.917.lab
 Utterance prob per frame = 2.782516e+01
 Processing Data: Naoki.a_f_t_e_r.2139.htk; Label Naoki.a_f_t_e_r.2139.lab
 Utterance prob per frame = 2.381244e+01
 WARNING [-2331]  UpdateModels: c[3] copied: only 1 egs
 in HERest
 WARNING [-2331]  UpdateModels: f[6] copied: only 2 egs
 in HERest
 WARNING [-2331]  UpdateModels: j[10] copied: only 0 egs
 in HERest
 WARNING [-2331]  UpdateModels: m[13] copied: only 1 egs
 in HERest
 WARNING [-2331]  UpdateModels: q[17] copied: only 0 egs
 in HERest
 WARNING [-2331]  UpdateModels: v[22] copied: only 0 egs
 in HERest
 WARNING [-2331]  UpdateModels: x[24] copied: only 0 egs
 in HERest
 WARNING [-2331]  UpdateModels: z[26] copied: only 0 egs
 in HERest
Total 38 floored variance elements in 5 different mixes
Saving hmm's to dir models/hmm8
Reestimation complete - average log prob per frame = 2.618504e+01
     - total frames seen          = 1.857700e+04
HERest -A -c 500.0 -v 0.0005 -A -H models/hmm8/newMacros -I all_labels.mlf -M models/hmm9 -S lists/train.data -T 1 wordList 
HERest -A -c 500.0 -v 0.0005 -A -H models/hmm8/newMacros -I all_labels.mlf -M models/hmm9 -S lists/train.data -T 1 wordList 
HERest  ML Updating: Transitions Means Variances 

 System is PLAIN
28 Logical/28 Physical Models Loaded, VecSize=16
1 MMF input files
Pruning-Off
 Processing Data: Naoki.a_n_d.1589.htk; Label Naoki.a_n_d.1589.lab
 Utterance prob per frame = 2.358917e+01
 Processing Data: Naoki.b_i_t_e.1104.htk; Label Naoki.b_i_t_e.1104.lab
 Utterance prob per frame = 2.635401e+01
 Processing Data: Naoki.b_i_g.2098.htk; Label Naoki.b_i_g.2098.lab
 Utterance prob per frame = 2.683683e+01
 Processing Data: Naoki.b_o_o_k_s.2008.htk; Label Naoki.b_o_o_k_s.2008.lab
 Utterance prob per frame = 2.629944e+01
 Processing Data: Naoki.a_h_e_a_d.2231.htk; Label Naoki.a_h_e_a_d.2231.lab
 Utterance prob per frame = 2.458563e+01
 Processing Data: Naoki.b_o_s_s.1396.htk; Label Naoki.b_o_s_s.1396.lab
 Utterance prob per frame = 2.395866e+01
 Processing Data: Naoki.a_m.1850.htk; Label Naoki.a_m.1850.lab
 Utterance prob per frame = 2.954580e+01
 Processing Data: Naoki.a_f_t_e_r.975.htk; Label Naoki.a_f_t_e_r.975.lab
 Utterance prob per frame = 2.582489e+01
 Processing Data: Naoki.b_o_y_s.2050.htk; Label Naoki.b_o_y_s.2050.lab
 Utterance prob per frame = 2.898755e+01
 Processing Data: Naoki.b_a_n_k.1700.htk; Label Naoki.b_a_n_k.1700.lab
 Utterance prob per frame = 2.569089e+01
 Processing Data: Naoki.a_n_d.425.htk; Label Naoki.a_n_d.425.lab
 Utterance prob per frame = 2.775757e+01
 Processing Data: Naoki.a_h_e_a_d.1067.htk; Label Naoki.a_h_e_a_d.1067.lab
 Utterance prob per frame = 2.419915e+01
 Processing Data: Naoki.a_p_p_l_e.1983.htk; Label Naoki.a_p_p_l_e.1983.lab
 Utterance prob per frame = 2.920382e+01
 Processing Data: Naoki.b_i_l_l.381.htk; Label Naoki.b_i_l_l.381.lab
 Utterance prob per frame = 3.171264e+01
 Processing Data: Naoki.b_o_n_e.214.htk; Label Naoki.b_o_n_e.214.lab
 Utterance prob per frame = 2.910300e+01
 Processing Data: Naoki.a_l_l.123.htk; Label Naoki.a_l_l.123.lab
 Utterance prob per frame = 3.035655e+01
 Processing Data: Naoki.b_e_e_s.2001.htk; Label Naoki.b_e_e_s.2001.lab
 Utterance prob per frame = 2.791151e+01
 Processing Data: Naoki.a_n.1620.htk; Label Naoki.a_n.1620.lab
 Utterance prob per frame = 2.899118e+01
 Processing Data: Naoki.a_w_a_y.1807.htk; Label Naoki.a_w_a_y.1807.lab
 Utterance prob per frame = 2.228666e+01
 Processing Data: Naoki.a_r_e.1373.htk; Label Naoki.a_r_e.1373.lab
 Utterance prob per frame = 2.723063e+01
 Processing Data: Naoki.b_o_n_e.1378.htk; Label Naoki.b_o_n_e.1378.lab
 Utterance prob per frame = 2.829570e+01
 Processing Data: Naoki.b_e_e_r.2243.htk; Label Naoki.b_e_e_r.2243.lab
 Utterance prob per frame = 2.864287e+01
 Processing Data: Naoki.a_d_u_l_t.802.htk; Label Naoki.a_d_u_l_t.802.lab
 Utterance prob per frame = 1.737635e+01
 Processing Data: Naoki.a_g_a_i_n.812.htk; Label Naoki.a_g_a_i_n.812.lab
 Utterance prob per frame = 2.400954e+01
 Processing Data: Naoki.b_l_o_w.1110.htk; Label Naoki.b_l_o_w.1110.lab
 Utterance prob per frame = 2.351433e+01
 Processing Data: Naoki.b_a_r_e.1969.htk; Label Naoki.b_a_r_e.1969.lab
 Utterance prob per frame = 1.824623e+01
 Processing Data: Naoki.b_e_s_t.1540.htk; Label Naoki.b_e_s_t.1540.lab
 Utterance prob per frame = 2.443280e+01
 Processing Data: Naoki.b_i_r_t_h.697.htk; Label Naoki.b_i_r_t_h.697.lab
 Utterance prob per frame = 2.189480e+01
 Processing Data: Naoki.b_i_g.934.htk; Label Naoki.b_i_g.934.lab
 Utterance prob per frame = 3.059365e+01
 Processing Data: Naoki.b_e_e_n.2100.htk; Label Naoki.b_e_e_n.2100.lab
 Utterance prob per frame = 2.773960e+01
 Processing Data: Naoki.a_w_a_y.643.htk; Label Naoki.a_w_a_y.643.lab
 Utterance prob per frame = 2.624645e+01
 Processing Data: Naoki.b_i_l_l.1545.htk; Label Naoki.b_i_l_l.1545.lab
 Utterance prob per frame = 2.948208e+01
 Processing Data: Naoki.b_i_t_e.2268.htk; Label Naoki.b_i_t_e.2268.lab
 Utterance prob per frame = 2.408663e+01
 Processing Data: Naoki.b_e_e_s.837.htk; Label Naoki.b_e_e_s.837.lab
 Utterance prob per frame = 2.721160e+01
 Processing Data: Naoki.a_s.1985.htk; Label Naoki.a_s.1985.lab
 Utterance prob per frame = 3.610421e+01
 Processing Data: Naoki.b_i_r_d.1012.htk; Label Naoki.b_i_r_d.1012.lab
 Utterance prob per frame = 2.531024e+01
 Processing Data: Naoki.a_t_e.875.htk; Label Naoki.a_t_e.875.lab
 Utterance prob per frame = 2.640209e+01
 Processing Data: Naoki.b_o_y_s.886.htk; Label Naoki.b_o_y_s.886.lab
 Utterance prob per frame = 3.163752e+01
 Processing Data: Naoki.b_o_s_s.232.htk; Label Naoki.b_o_s_s.232.lab
 Utterance prob per frame = 2.761838e+01
 Processing Data: Naoki.b_i_k_e.1431.htk; Label Naoki.b_i_k_e.1431.lab
 Utterance prob per frame = 2.460396e+01
 Processing Data: Naoki.a_n_y.1639.htk; Label Naoki.a_n_y.1639.lab
 Utterance prob per frame = 2.807044e+01
 Processing Data: Naoki.a_t.1787.htk; Label Naoki.a_t.1787.lab
 Utterance prob per frame = 2.784501e+01
 Processing Data: Naoki.a_n_y.475.htk; Label Naoki.a_n_y.475.lab
 Utterance prob per frame = 2.406349e+01
 Processing Data: Naoki.a_s_k.2022.htk; Label Naoki.a_s_k.2022.lab
 Utterance prob per frame = 2.513378e+01
 Processing Data: Naoki.b_a_s_e_s.2081.htk; Label Naoki.b_a_s_e_s.2081.lab
 Utterance prob per frame = 2.188761e+01
 Processing Data: Naoki.b_e_a_r_s.2163.htk; Label Naoki.b_e_a_r_s.2163.lab
 Utterance prob per frame = 2.311066e+01
 Processing Data: Naoki.a_w_a_r_e.1556.htk; Label Naoki.a_w_a_r_e.1556.lab
 Utterance prob per frame = 2.355667e+01
 Processing Data: Naoki.a_s_k_e_d.2120.htk; Label Naoki.a_s_k_e_d.2120.lab
 Utterance prob per frame = 2.362996e+01
 Processing Data: Naoki.a_g_r_e_e.586.htk; Label Naoki.a_g_r_e_e.586.lab
 Utterance prob per frame = 2.573970e+01
 Processing Data: Naoki.b_a_r_e.805.htk; Label Naoki.b_a_r_e.805.lab
 Utterance prob per frame = 3.108270e+01
 Processing Data: Naoki.a_p_p_l_e.819.htk; Label Naoki.a_p_p_l_e.819.lab
 Utterance prob per frame = 2.578528e+01
 Processing Data: Naoki.a_t_e.2039.htk; Label Naoki.a_t_e.2039.lab
 Utterance prob per frame = 2.608500e+01
 Processing Data: Naoki.b_e.610.htk; Label Naoki.b_e.610.lab
 Utterance prob per frame = 3.067232e+01
 Processing Data: Naoki.b_e_e_r.1079.htk; Label Naoki.b_e_e_r.1079.lab
 Utterance prob per frame = 2.809484e+01
 Processing Data: Naoki.b_o_o_k_s.844.htk; Label Naoki.b_o_o_k_s.844.lab
 Utterance prob per frame = 2.399396e+01
 Processing Data: Naoki.a_s.821.htk; Label Naoki.a_s.821.lab
 Utterance prob per frame = 3.079426e+01
 Processing Data: Naoki.a_g_e_s.2220.htk; Label Naoki.a_g_e_s.2220.lab
 Utterance prob per frame = 2.734848e+01
 Processing Data: Naoki.b_a_n_k.536.htk; Label Naoki.b_a_n_k.536.lab
 Utterance prob per frame = 2.283541e+01
 Processing Data: Naoki.a.637.htk; Label Naoki.a.637.lab
 Utterance prob per frame = 3.182483e+01
 Processing Data: Naoki.b_i_r_t_h.1861.htk; Label Naoki.b_i_r_t_h.1861.lab
 Utterance prob per frame = 2.233086e+01
 Processing Data: Naoki.b_a_l_l.1542.htk; Label Naoki.b_a_l_l.1542.lab
 Utterance prob per frame = 3.015546e+01
 Processing Data: Naoki.a_g_a_i_n.1976.htk; Label Naoki.a_g_a_i_n.1976.lab
 Utterance prob per frame = 2.514683e+01
 Processing Data: Naoki.b_i_l_l_s.1725.htk; Label Naoki.b_i_l_l_s.1725.lab
 Utterance prob per frame = 2.985868e+01
 Processing Data: Naoki.a_w_a_r_e.392.htk; Label Naoki.a_w_a_r_e.392.lab
 Utterance prob per frame = 2.382202e+01
 Processing Data: Naoki.a_b_o_u_t.1572.htk; Label Naoki.a_b_o_u_t.1572.lab
 Utterance prob per frame = 2.739060e+01
 Processing Data: Naoki.b_a_t_h.1437.htk; Label Naoki.b_a_t_h.1437.lab
 Utterance prob per frame = 1.722384e+01
 Processing Data: Naoki.a_b_o_u_t.408.htk; Label Naoki.a_b_o_u_t.408.lab
 Utterance prob per frame = 2.513776e+01
 Processing Data: Naoki.b_l_o_w.2274.htk; Label Naoki.b_l_o_w.2274.lab
 Utterance prob per frame = 2.225583e+01
 Processing Data: Naoki.a.1801.htk; Label Naoki.a.1801.lab
 Utterance prob per frame = 2.964356e+01
 Processing Data: Naoki.b_i_t_e_s.1018.htk; Label Naoki.b_i_t_e_s.1018.lab
 Utterance prob per frame = 2.623526e+01
 Processing Data: Naoki.a_g_e_s.1056.htk; Label Naoki.a_g_e_s.1056.lab
 Utterance prob per frame = 2.605466e+01
 Processing Data: Naoki.b_a_d.1972.htk; Label Naoki.b_a_d.1972.lab
 Utterance prob per frame = 2.906870e+01
 Processing Data: Naoki.a_l_l.1287.htk; Label Naoki.a_l_l.1287.lab
 Utterance prob per frame = 2.992122e+01
 Processing Data: Naoki.b_l_u_e_s.353.htk; Label Naoki.b_l_u_e_s.353.lab
 Utterance prob per frame = 2.561693e+01
 Processing Data: Naoki.b_l_a_s_t.951.htk; Label Naoki.b_l_a_s_t.951.lab
 Utterance prob per frame = 2.298531e+01
 Processing Data: Naoki.b_a_c_k.1125.htk; Label Naoki.b_a_c_k.1125.lab
 Utterance prob per frame = 2.263441e+01
 Processing Data: Naoki.a_r_e.209.htk; Label Naoki.a_r_e.209.lab
 Utterance prob per frame = 2.664705e+01
 Processing Data: Naoki.b_a_d.808.htk; Label Naoki.b_a_d.808.lab
 Utterance prob per frame = 2.549137e+01
 Processing Data: Naoki.b_l_a_s_t.2115.htk; Label Naoki.b_l_a_s_t.2115.lab
 Utterance prob per frame = 2.668466e+01
 Processing Data: Naoki.b_l_u_e_s.1517.htk; Label Naoki.b_l_u_e_s.1517.lab
 Utterance prob per frame = 1.934969e+01
 Processing Data: Naoki.a_t.623.htk; Label Naoki.a_t.623.lab
 Utterance prob per frame = 2.947025e+01
 Processing Data: Naoki.a_s_k_e_d.956.htk; Label Naoki.a_s_k_e_d.956.lab
 Utterance prob per frame = 2.493960e+01
 Processing Data: Naoki.b_e_a_r_s.999.htk; Label Naoki.b_e_a_r_s.999.lab
 Utterance prob per frame = 2.474933e+01
 Processing Data: Naoki.b_i_k_e.267.htk; Label Naoki.b_i_k_e.267.lab
 Utterance prob per frame = 2.921886e+01
 Processing Data: Naoki.b_i_t_e_s.2182.htk; Label Naoki.b_i_t_e_s.2182.lab
 Utterance prob per frame = 2.751889e+01
 Processing Data: Naoki.a_s_k.858.htk; Label Naoki.a_s_k.858.lab
 Utterance prob per frame = 2.590922e+01
 Processing Data: Naoki.b_a_l_l.378.htk; Label Naoki.b_a_l_l.378.lab
 Utterance prob per frame = 3.246342e+01
 Processing Data: Naoki.a_d_u_l_t.1966.htk; Label Naoki.a_d_u_l_t.1966.lab
 Utterance prob per frame = 2.402441e+01
 Processing Data: Naoki.b_a_s_e_s.917.htk; Label Naoki.b_a_s_e_s.917.lab
 Utterance prob per frame = 2.781811e+01
 Processing Data: Naoki.a_f_t_e_r.2139.htk; Label Naoki.a_f_t_e_r.2139.lab
 Utterance prob per frame = 2.381345e+01
 WARNING [-2331]  UpdateModels: c[3] copied: only 1 egs
 in HERest
 WARNING [-2331]  UpdateModels: f[6] copied: only 2 egs
 in HERest
 WARNING [-2331]  UpdateModels: j[10] copied: only 0 egs
 in HERest
 WARNING [-2331]  UpdateModels: m[13] copied: only 1 egs
 in HERest
 WARNING [-2331]  UpdateModels: q[17] copied: only 0 egs
 in HERest
 WARNING [-2331]  UpdateModels: v[22] copied: only 0 egs
 in HERest
 WARNING [-2331]  UpdateModels: x[24] copied: only 0 egs
 in HERest
 WARNING [-2331]  UpdateModels: z[26] copied: only 0 egs
 in HERest
Total 42 floored variance elements in 5 different mixes
Saving hmm's to dir models/hmm9
Reestimation complete - average log prob per frame = 2.622368e+01
     - total frames seen          = 1.857700e+04
HERest -A -c 500.0 -v 0.0005 -A -H models/hmm9/newMacros -I all_labels.mlf -M models/hmm10 -S lists/train.data -T 1 wordList 
HERest -A -c 500.0 -v 0.0005 -A -H models/hmm9/newMacros -I all_labels.mlf -M models/hmm10 -S lists/train.data -T 1 wordList 
HERest  ML Updating: Transitions Means Variances 

 System is PLAIN
28 Logical/28 Physical Models Loaded, VecSize=16
1 MMF input files
Pruning-Off
 Processing Data: Naoki.a_n_d.1589.htk; Label Naoki.a_n_d.1589.lab
 Utterance prob per frame = 2.360061e+01
 Processing Data: Naoki.b_i_t_e.1104.htk; Label Naoki.b_i_t_e.1104.lab
 Utterance prob per frame = 2.639449e+01
 Processing Data: Naoki.b_i_g.2098.htk; Label Naoki.b_i_g.2098.lab
 Utterance prob per frame = 2.682872e+01
 Processing Data: Naoki.b_o_o_k_s.2008.htk; Label Naoki.b_o_o_k_s.2008.lab
 Utterance prob per frame = 2.716411e+01
 Processing Data: Naoki.a_h_e_a_d.2231.htk; Label Naoki.a_h_e_a_d.2231.lab
 Utterance prob per frame = 2.458903e+01
 Processing Data: Naoki.b_o_s_s.1396.htk; Label Naoki.b_o_s_s.1396.lab
 Utterance prob per frame = 2.484480e+01
 Processing Data: Naoki.a_m.1850.htk; Label Naoki.a_m.1850.lab
 Utterance prob per frame = 2.954631e+01
 Processing Data: Naoki.a_f_t_e_r.975.htk; Label Naoki.a_f_t_e_r.975.lab
 Utterance prob per frame = 2.582857e+01
 Processing Data: Naoki.b_o_y_s.2050.htk; Label Naoki.b_o_y_s.2050.lab
 Utterance prob per frame = 3.011501e+01
 Processing Data: Naoki.b_a_n_k.1700.htk; Label Naoki.b_a_n_k.1700.lab
 Utterance prob per frame = 2.570507e+01
 Processing Data: Naoki.a_n_d.425.htk; Label Naoki.a_n_d.425.lab
 Utterance prob per frame = 2.776309e+01
 Processing Data: Naoki.a_h_e_a_d.1067.htk; Label Naoki.a_h_e_a_d.1067.lab
 Utterance prob per frame = 2.420191e+01
 Processing Data: Naoki.a_p_p_l_e.1983.htk; Label Naoki.a_p_p_l_e.1983.lab
 Utterance prob per frame = 2.921946e+01
 Processing Data: Naoki.b_i_l_l.381.htk; Label Naoki.b_i_l_l.381.lab
 Utterance prob per frame = 3.173591e+01
 Processing Data: Naoki.b_o_n_e.214.htk; Label Naoki.b_o_n_e.214.lab
 Utterance prob per frame = 2.933814e+01
 Processing Data: Naoki.a_l_l.123.htk; Label Naoki.a_l_l.123.lab
 Utterance prob per frame = 3.033039e+01
 Processing Data: Naoki.b_e_e_s.2001.htk; Label Naoki.b_e_e_s.2001.lab
 Utterance prob per frame = 2.789931e+01
 Processing Data: Naoki.a_n.1620.htk; Label Naoki.a_n.1620.lab
 Utterance prob per frame = 2.899398e+01
 Processing Data: Naoki.a_w_a_y.1807.htk; Label Naoki.a_w_a_y.1807.lab
 Utterance prob per frame = 2.228269e+01
 Processing Data: Naoki.a_r_e.1373.htk; Label Naoki.a_r_e.1373.lab
 Utterance prob per frame = 2.722993e+01
 Processing Data: Naoki.b_o_n_e.1378.htk; Label Naoki.b_o_n_e.1378.lab
 Utterance prob per frame = 2.878554e+01
 Processing Data: Naoki.b_e_e_r.2243.htk; Label Naoki.b_e_e_r.2243.lab
 Utterance prob per frame = 2.865265e+01
 Processing Data: Naoki.a_d_u_l_t.802.htk; Label Naoki.a_d_u_l_t.802.lab
 Utterance prob per frame = 1.735548e+01
 Processing Data: Naoki.a_g_a_i_n.812.htk; Label Naoki.a_g_a_i_n.812.lab
 Utterance prob per frame = 2.387997e+01
 Processing Data: Naoki.b_l_o_w.1110.htk; Label Naoki.b_l_o_w.1110.lab
 Utterance prob per frame = 2.371520e+01
 Processing Data: Naoki.b_a_r_e.1969.htk; Label Naoki.b_a_r_e.1969.lab
 Utterance prob per frame = 1.822719e+01
 Processing Data: Naoki.b_e_s_t.1540.htk; Label Naoki.b_e_s_t.1540.lab
 Utterance prob per frame = 2.444169e+01
 Processing Data: Naoki.b_i_r_t_h.697.htk; Label Naoki.b_i_r_t_h.697.lab
 Utterance prob per frame = 2.201156e+01
 Processing Data: Naoki.b_i_g.934.htk; Label Naoki.b_i_g.934.lab
 Utterance prob per frame = 3.061645e+01
 Processing Data: Naoki.b_e_e_n.2100.htk; Label Naoki.b_e_e_n.2100.lab
 Utterance prob per frame = 2.776359e+01
 Processing Data: Naoki.a_w_a_y.643.htk; Label Naoki.a_w_a_y.643.lab
 Utterance prob per frame = 2.624863e+01
 Processing Data: Naoki.b_i_l_l.1545.htk; Label Naoki.b_i_l_l.1545.lab
 Utterance prob per frame = 2.946778e+01
 Processing Data: Naoki.b_i_t_e.2268.htk; Label Naoki.b_i_t_e.2268.lab
 Utterance prob per frame = 2.408858e+01
 Processing Data: Naoki.b_e_e_s.837.htk; Label Naoki.b_e_e_s.837.lab
 Utterance prob per frame = 2.722435e+01
 Processing Data: Naoki.a_s.1985.htk; Label Naoki.a_s.1985.lab
 Utterance prob per frame = 3.610212e+01
 Processing Data: Naoki.b_i_r_d.1012.htk; Label Naoki.b_i_r_d.1012.lab
 Utterance prob per frame = 2.549700e+01
 Processing Data: Naoki.a_t_e.875.htk; Label Naoki.a_t_e.875.lab
 Utterance prob per frame = 2.640490e+01
 Processing Data: Naoki.b_o_y_s.886.htk; Label Naoki.b_o_y_s.886.lab
 Utterance prob per frame = 3.305132e+01
 Processing Data: Naoki.b_o_s_s.232.htk; Label Naoki.b_o_s_s.232.lab
 Utterance prob per frame = 2.761051e+01
 Processing Data: Naoki.b_i_k_e.1431.htk; Label Naoki.b_i_k_e.1431.lab
 Utterance prob per frame = 2.456889e+01
 Processing Data: Naoki.a_n_y.1639.htk; Label Naoki.a_n_y.1639.lab
 Utterance prob per frame = 2.805899e+01
 Processing Data: Naoki.a_t.1787.htk; Label Naoki.a_t.1787.lab
 Utterance prob per frame = 2.784504e+01
 Processing Data: Naoki.a_n_y.475.htk; Label Naoki.a_n_y.475.lab
 Utterance prob per frame = 2.406476e+01
 Processing Data: Naoki.a_s_k.2022.htk; Label Naoki.a_s_k.2022.lab
 Utterance prob per frame = 2.513320e+01
 Processing Data: Naoki.b_a_s_e_s.2081.htk; Label Naoki.b_a_s_e_s.2081.lab
 Utterance prob per frame = 2.187181e+01
 Processing Data: Naoki.b_e_a_r_s.2163.htk; Label Naoki.b_e_a_r_s.2163.lab
 Utterance prob per frame = 2.311587e+01
 Processing Data: Naoki.a_w_a_r_e.1556.htk; Label Naoki.a_w_a_r_e.1556.lab
 Utterance prob per frame = 2.355396e+01
 Processing Data: Naoki.a_s_k_e_d.2120.htk; Label Naoki.a_s_k_e_d.2120.lab
 Utterance prob per frame = 2.362312e+01
 Processing Data: Naoki.a_g_r_e_e.586.htk; Label Naoki.a_g_r_e_e.586.lab
 Utterance prob per frame = 2.574075e+01
 Processing Data: Naoki.b_a_r_e.805.htk; Label Naoki.b_a_r_e.805.lab
 Utterance prob per frame = 3.107261e+01
 Processing Data: Naoki.a_p_p_l_e.819.htk; Label Naoki.a_p_p_l_e.819.lab
 Utterance prob per frame = 2.583050e+01
 Processing Data: Naoki.a_t_e.2039.htk; Label Naoki.a_t_e.2039.lab
 Utterance prob per frame = 2.609007e+01
 Processing Data: Naoki.b_e.610.htk; Label Naoki.b_e.610.lab
 Utterance prob per frame = 3.065218e+01
 Processing Data: Naoki.b_e_e_r.1079.htk; Label Naoki.b_e_e_r.1079.lab
 Utterance prob per frame = 2.810499e+01
 Processing Data: Naoki.b_o_o_k_s.844.htk; Label Naoki.b_o_o_k_s.844.lab
 Utterance prob per frame = 2.395071e+01
 Processing Data: Naoki.a_s.821.htk; Label Naoki.a_s.821.lab
 Utterance prob per frame = 3.079069e+01
 Processing Data: Naoki.a_g_e_s.2220.htk; Label Naoki.a_g_e_s.2220.lab
 Utterance prob per frame = 2.734429e+01
 Processing Data: Naoki.b_a_n_k.536.htk; Label Naoki.b_a_n_k.536.lab
 Utterance prob per frame = 2.282269e+01
 Processing Data: Naoki.a.637.htk; Label Naoki.a.637.lab
 Utterance prob per frame = 3.182428e+01
 Processing Data: Naoki.b_i_r_t_h.1861.htk; Label Naoki.b_i_r_t_h.1861.lab
 Utterance prob per frame = 2.240759e+01
 Processing Data: Naoki.b_a_l_l.1542.htk; Label Naoki.b_a_l_l.1542.lab
 Utterance prob per frame = 3.012960e+01
 Processing Data: Naoki.a_g_a_i_n.1976.htk; Label Naoki.a_g_a_i_n.1976.lab
 Utterance prob per frame = 2.522943e+01
 Processing Data: Naoki.b_i_l_l_s.1725.htk; Label Naoki.b_i_l_l_s.1725.lab
 Utterance prob per frame = 2.991318e+01
 Processing Data: Naoki.a_w_a_r_e.392.htk; Label Naoki.a_w_a_r_e.392.lab
 Utterance prob per frame = 2.382159e+01
 Processing Data: Naoki.a_b_o_u_t.1572.htk; Label Naoki.a_b_o_u_t.1572.lab
 Utterance prob per frame = 2.792685e+01
 Processing Data: Naoki.b_a_t_h.1437.htk; Label Naoki.b_a_t_h.1437.lab
 Utterance prob per frame = 1.722670e+01
 Processing Data: Naoki.a_b_o_u_t.408.htk; Label Naoki.a_b_o_u_t.408.lab
 Utterance prob per frame = 2.538544e+01
 Processing Data: Naoki.b_l_o_w.2274.htk; Label Naoki.b_l_o_w.2274.lab
 Utterance prob per frame = 2.292033e+01
 Processing Data: Naoki.a.1801.htk; Label Naoki.a.1801.lab
 Utterance prob per frame = 2.964292e+01
 Processing Data: Naoki.b_i_t_e_s.1018.htk; Label Naoki.b_i_t_e_s.1018.lab
 Utterance prob per frame = 2.627666e+01
 Processing Data: Naoki.a_g_e_s.1056.htk; Label Naoki.a_g_e_s.1056.lab
 Utterance prob per frame = 2.604844e+01
 Processing Data: Naoki.b_a_d.1972.htk; Label Naoki.b_a_d.1972.lab
 Utterance prob per frame = 2.906159e+01
 Processing Data: Naoki.a_l_l.1287.htk; Label Naoki.a_l_l.1287.lab
 Utterance prob per frame = 2.995255e+01
 Processing Data: Naoki.b_l_u_e_s.353.htk; Label Naoki.b_l_u_e_s.353.lab
 Utterance prob per frame = 2.561838e+01
 Processing Data: Naoki.b_l_a_s_t.951.htk; Label Naoki.b_l_a_s_t.951.lab
 Utterance prob per frame = 2.297591e+01
 Processing Data: Naoki.b_a_c_k.1125.htk; Label Naoki.b_a_c_k.1125.lab
 Utterance prob per frame = 2.262827e+01
 Processing Data: Naoki.a_r_e.209.htk; Label Naoki.a_r_e.209.lab
 Utterance prob per frame = 2.664473e+01
 Processing Data: Naoki.b_a_d.808.htk; Label Naoki.b_a_d.808.lab
 Utterance prob per frame = 2.547973e+01
 Processing Data: Naoki.b_l_a_s_t.2115.htk; Label Naoki.b_l_a_s_t.2115.lab
 Utterance prob per frame = 2.668280e+01
 Processing Data: Naoki.b_l_u_e_s.1517.htk; Label Naoki.b_l_u_e_s.1517.lab
 Utterance prob per frame = 1.935726e+01
 Processing Data: Naoki.a_t.623.htk; Label Naoki.a_t.623.lab
 Utterance prob per frame = 2.947061e+01
 Processing Data: Naoki.a_s_k_e_d.956.htk; Label Naoki.a_s_k_e_d.956.lab
 Utterance prob per frame = 2.493314e+01
 Processing Data: Naoki.b_e_a_r_s.999.htk; Label Naoki.b_e_a_r_s.999.lab
 Utterance prob per frame = 2.475931e+01
 Processing Data: Naoki.b_i_k_e.267.htk; Label Naoki.b_i_k_e.267.lab
 Utterance prob per frame = 2.919943e+01
 Processing Data: Naoki.b_i_t_e_s.2182.htk; Label Naoki.b_i_t_e_s.2182.lab
 Utterance prob per frame = 2.747902e+01
 Processing Data: Naoki.a_s_k.858.htk; Label Naoki.a_s_k.858.lab
 Utterance prob per frame = 2.591190e+01
 Processing Data: Naoki.b_a_l_l.378.htk; Label Naoki.b_a_l_l.378.lab
 Utterance prob per frame = 3.246313e+01
 Processing Data: Naoki.a_d_u_l_t.1966.htk; Label Naoki.a_d_u_l_t.1966.lab
 Utterance prob per frame = 2.403306e+01
 Processing Data: Naoki.b_a_s_e_s.917.htk; Label Naoki.b_a_s_e_s.917.lab
 Utterance prob per frame = 2.781201e+01
 Processing Data: Naoki.a_f_t_e_r.2139.htk; Label Naoki.a_f_t_e_r.2139.lab
 Utterance prob per frame = 2.381543e+01
 WARNING [-2331]  UpdateModels: c[3] copied: only 1 egs
 in HERest
 WARNING [-2331]  UpdateModels: f[6] copied: only 2 egs
 in HERest
 WARNING [-2331]  UpdateModels: j[10] copied: only 0 egs
 in HERest
 WARNING [-2331]  UpdateModels: m[13] copied: only 1 egs
 in HERest
 WARNING [-2331]  UpdateModels: q[17] copied: only 0 egs
 in HERest
 WARNING [-2331]  UpdateModels: v[22] copied: only 0 egs
 in HERest
 WARNING [-2331]  UpdateModels: x[24] copied: only 0 egs
 in HERest
 WARNING [-2331]  UpdateModels: z[26] copied: only 0 egs
 in HERest
Total 49 floored variance elements in 5 different mixes
Saving hmm's to dir models/hmm10
Reestimation complete - average log prob per frame = 2.630306e+01
     - total frames seen          = 1.857700e+04
HERest -A -c 500.0 -v 0.0005 -A -H models/hmm10/newMacros -I all_labels.mlf -M models/hmm11 -S lists/train.data -T 1 wordList 
HERest -A -c 500.0 -v 0.0005 -A -H models/hmm10/newMacros -I all_labels.mlf -M models/hmm11 -S lists/train.data -T 1 wordList 
HERest  ML Updating: Transitions Means Variances 

 System is PLAIN
28 Logical/28 Physical Models Loaded, VecSize=16
1 MMF input files
Pruning-Off
 Processing Data: Naoki.a_n_d.1589.htk; Label Naoki.a_n_d.1589.lab
 Utterance prob per frame = 2.360338e+01
 Processing Data: Naoki.b_i_t_e.1104.htk; Label Naoki.b_i_t_e.1104.lab
 Utterance prob per frame = 2.642053e+01
 Processing Data: Naoki.b_i_g.2098.htk; Label Naoki.b_i_g.2098.lab
 Utterance prob per frame = 2.680503e+01
 Processing Data: Naoki.b_o_o_k_s.2008.htk; Label Naoki.b_o_o_k_s.2008.lab
 Utterance prob per frame = 2.754439e+01
 Processing Data: Naoki.a_h_e_a_d.2231.htk; Label Naoki.a_h_e_a_d.2231.lab
 Utterance prob per frame = 2.459304e+01
 Processing Data: Naoki.b_o_s_s.1396.htk; Label Naoki.b_o_s_s.1396.lab
 Utterance prob per frame = 2.515021e+01
 Processing Data: Naoki.a_m.1850.htk; Label Naoki.a_m.1850.lab
 Utterance prob per frame = 2.954621e+01
 Processing Data: Naoki.a_f_t_e_r.975.htk; Label Naoki.a_f_t_e_r.975.lab
 Utterance prob per frame = 2.583272e+01
 Processing Data: Naoki.b_o_y_s.2050.htk; Label Naoki.b_o_y_s.2050.lab
 Utterance prob per frame = 3.061955e+01
 Processing Data: Naoki.b_a_n_k.1700.htk; Label Naoki.b_a_n_k.1700.lab
 Utterance prob per frame = 2.571503e+01
 Processing Data: Naoki.a_n_d.425.htk; Label Naoki.a_n_d.425.lab
 Utterance prob per frame = 2.776594e+01
 Processing Data: Naoki.a_h_e_a_d.1067.htk; Label Naoki.a_h_e_a_d.1067.lab
 Utterance prob per frame = 2.420532e+01
 Processing Data: Naoki.a_p_p_l_e.1983.htk; Label Naoki.a_p_p_l_e.1983.lab
 Utterance prob per frame = 2.922931e+01
 Processing Data: Naoki.b_i_l_l.381.htk; Label Naoki.b_i_l_l.381.lab
 Utterance prob per frame = 3.171610e+01
 Processing Data: Naoki.b_o_n_e.214.htk; Label Naoki.b_o_n_e.214.lab
 Utterance prob per frame = 2.943834e+01
 Processing Data: Naoki.a_l_l.123.htk; Label Naoki.a_l_l.123.lab
 Utterance prob per frame = 3.030829e+01
 Processing Data: Naoki.b_e_e_s.2001.htk; Label Naoki.b_e_e_s.2001.lab
 Utterance prob per frame = 2.788974e+01
 Processing Data: Naoki.a_n.1620.htk; Label Naoki.a_n.1620.lab
 Utterance prob per frame = 2.899951e+01
 Processing Data: Naoki.a_w_a_y.1807.htk; Label Naoki.a_w_a_y.1807.lab
 Utterance prob per frame = 2.228384e+01
 Processing Data: Naoki.a_r_e.1373.htk; Label Naoki.a_r_e.1373.lab
 Utterance prob per frame = 2.722803e+01
 Processing Data: Naoki.b_o_n_e.1378.htk; Label Naoki.b_o_n_e.1378.lab
 Utterance prob per frame = 2.892752e+01
 Processing Data: Naoki.b_e_e_r.2243.htk; Label Naoki.b_e_e_r.2243.lab
 Utterance prob per frame = 2.865752e+01
 Processing Data: Naoki.a_d_u_l_t.802.htk; Label Naoki.a_d_u_l_t.802.lab
 Utterance prob per frame = 1.734041e+01
 Processing Data: Naoki.a_g_a_i_n.812.htk; Label Naoki.a_g_a_i_n.812.lab
 Utterance prob per frame = 2.389383e+01
 Processing Data: Naoki.b_l_o_w.1110.htk; Label Naoki.b_l_o_w.1110.lab
 Utterance prob per frame = 2.363708e+01
 Processing Data: Naoki.b_a_r_e.1969.htk; Label Naoki.b_a_r_e.1969.lab
 Utterance prob per frame = 1.820820e+01
 Processing Data: Naoki.b_e_s_t.1540.htk; Label Naoki.b_e_s_t.1540.lab
 Utterance prob per frame = 2.444362e+01
 Processing Data: Naoki.b_i_r_t_h.697.htk; Label Naoki.b_i_r_t_h.697.lab
 Utterance prob per frame = 2.207537e+01
 Processing Data: Naoki.b_i_g.934.htk; Label Naoki.b_i_g.934.lab
 Utterance prob per frame = 3.062378e+01
 Processing Data: Naoki.b_e_e_n.2100.htk; Label Naoki.b_e_e_n.2100.lab
 Utterance prob per frame = 2.777687e+01
 Processing Data: Naoki.a_w_a_y.643.htk; Label Naoki.a_w_a_y.643.lab
 Utterance prob per frame = 2.625147e+01
 Processing Data: Naoki.b_i_l_l.1545.htk; Label Naoki.b_i_l_l.1545.lab
 Utterance prob per frame = 2.941631e+01
 Processing Data: Naoki.b_i_t_e.2268.htk; Label Naoki.b_i_t_e.2268.lab
 Utterance prob per frame = 2.408028e+01
 Processing Data: Naoki.b_e_e_s.837.htk; Label Naoki.b_e_e_s.837.lab
 Utterance prob per frame = 2.723369e+01
 Processing Data: Naoki.a_s.1985.htk; Label Naoki.a_s.1985.lab
 Utterance prob per frame = 3.610018e+01
 Processing Data: Naoki.b_i_r_d.1012.htk; Label Naoki.b_i_r_d.1012.lab
 Utterance prob per frame = 2.561535e+01
 Processing Data: Naoki.a_t_e.875.htk; Label Naoki.a_t_e.875.lab
 Utterance prob per frame = 2.640893e+01
 Processing Data: Naoki.b_o_y_s.886.htk; Label Naoki.b_o_y_s.886.lab
 Utterance prob per frame = 3.363210e+01
 Processing Data: Naoki.b_o_s_s.232.htk; Label Naoki.b_o_s_s.232.lab
 Utterance prob per frame = 2.758059e+01
 Processing Data: Naoki.b_i_k_e.1431.htk; Label Naoki.b_i_k_e.1431.lab
 Utterance prob per frame = 2.455003e+01
 Processing Data: Naoki.a_n_y.1639.htk; Label Naoki.a_n_y.1639.lab
 Utterance prob per frame = 2.804970e+01
 Processing Data: Naoki.a_t.1787.htk; Label Naoki.a_t.1787.lab
 Utterance prob per frame = 2.784550e+01
 Processing Data: Naoki.a_n_y.475.htk; Label Naoki.a_n_y.475.lab
 Utterance prob per frame = 2.406870e+01
 Processing Data: Naoki.a_s_k.2022.htk; Label Naoki.a_s_k.2022.lab
 Utterance prob per frame = 2.513567e+01
 Processing Data: Naoki.b_a_s_e_s.2081.htk; Label Naoki.b_a_s_e_s.2081.lab
 Utterance prob per frame = 2.186273e+01
 Processing Data: Naoki.b_e_a_r_s.2163.htk; Label Naoki.b_e_a_r_s.2163.lab
 Utterance prob per frame = 2.311901e+01
 Processing Data: Naoki.a_w_a_r_e.1556.htk; Label Naoki.a_w_a_r_e.1556.lab
 Utterance prob per frame = 2.355115e+01
 Processing Data: Naoki.a_s_k_e_d.2120.htk; Label Naoki.a_s_k_e_d.2120.lab
 Utterance prob per frame = 2.361609e+01
 Processing Data: Naoki.a_g_r_e_e.586.htk; Label Naoki.a_g_r_e_e.586.lab
 Utterance prob per frame = 2.574517e+01
 Processing Data: Naoki.b_a_r_e.805.htk; Label Naoki.b_a_r_e.805.lab
 Utterance prob per frame = 3.106871e+01
 Processing Data: Naoki.a_p_p_l_e.819.htk; Label Naoki.a_p_p_l_e.819.lab
 Utterance prob per frame = 2.585931e+01
 Processing Data: Naoki.a_t_e.2039.htk; Label Naoki.a_t_e.2039.lab
 Utterance prob per frame = 2.609690e+01
 Processing Data: Naoki.b_e.610.htk; Label Naoki.b_e.610.lab
 Utterance prob per frame = 3.064223e+01
 Processing Data: Naoki.b_e_e_r.1079.htk; Label Naoki.b_e_e_r.1079.lab
 Utterance prob per frame = 2.811285e+01
 Processing Data: Naoki.b_o_o_k_s.844.htk; Label Naoki.b_o_o_k_s.844.lab
 Utterance prob per frame = 2.379923e+01
 Processing Data: Naoki.a_s.821.htk; Label Naoki.a_s.821.lab
 Utterance prob per frame = 3.078810e+01
 Processing Data: Naoki.a_g_e_s.2220.htk; Label Naoki.a_g_e_s.2220.lab
 Utterance prob per frame = 2.734207e+01
 Processing Data: Naoki.b_a_n_k.536.htk; Label Naoki.b_a_n_k.536.lab
 Utterance prob per frame = 2.281487e+01
 Processing Data: Naoki.a.637.htk; Label Naoki.a.637.lab
 Utterance prob per frame = 3.182360e+01
 Processing Data: Naoki.b_i_r_t_h.1861.htk; Label Naoki.b_i_r_t_h.1861.lab
 Utterance prob per frame = 2.243690e+01
 Processing Data: Naoki.b_a_l_l.1542.htk; Label Naoki.b_a_l_l.1542.lab
 Utterance prob per frame = 3.011332e+01
 Processing Data: Naoki.a_g_a_i_n.1976.htk; Label Naoki.a_g_a_i_n.1976.lab
 Utterance prob per frame = 2.528694e+01
 Processing Data: Naoki.b_i_l_l_s.1725.htk; Label Naoki.b_i_l_l_s.1725.lab
 Utterance prob per frame = 2.995168e+01
 Processing Data: Naoki.a_w_a_r_e.392.htk; Label Naoki.a_w_a_r_e.392.lab
 Utterance prob per frame = 2.382121e+01
 Processing Data: Naoki.a_b_o_u_t.1572.htk; Label Naoki.a_b_o_u_t.1572.lab
 Utterance prob per frame = 2.812374e+01
 Processing Data: Naoki.b_a_t_h.1437.htk; Label Naoki.b_a_t_h.1437.lab
 Utterance prob per frame = 1.722799e+01
 Processing Data: Naoki.a_b_o_u_t.408.htk; Label Naoki.a_b_o_u_t.408.lab
 Utterance prob per frame = 2.548354e+01
 Processing Data: Naoki.b_l_o_w.2274.htk; Label Naoki.b_l_o_w.2274.lab
 Utterance prob per frame = 2.317260e+01
 Processing Data: Naoki.a.1801.htk; Label Naoki.a.1801.lab
 Utterance prob per frame = 2.964181e+01
 Processing Data: Naoki.b_i_t_e_s.1018.htk; Label Naoki.b_i_t_e_s.1018.lab
 Utterance prob per frame = 2.629727e+01
 Processing Data: Naoki.a_g_e_s.1056.htk; Label Naoki.a_g_e_s.1056.lab
 Utterance prob per frame = 2.604771e+01
 Processing Data: Naoki.b_a_d.1972.htk; Label Naoki.b_a_d.1972.lab
 Utterance prob per frame = 2.905443e+01
 Processing Data: Naoki.a_l_l.1287.htk; Label Naoki.a_l_l.1287.lab
 Utterance prob per frame = 2.999499e+01
 Processing Data: Naoki.b_l_u_e_s.353.htk; Label Naoki.b_l_u_e_s.353.lab
 Utterance prob per frame = 2.562580e+01
 Processing Data: Naoki.b_l_a_s_t.951.htk; Label Naoki.b_l_a_s_t.951.lab
 Utterance prob per frame = 2.296686e+01
 Processing Data: Naoki.b_a_c_k.1125.htk; Label Naoki.b_a_c_k.1125.lab
 Utterance prob per frame = 2.261804e+01
 Processing Data: Naoki.a_r_e.209.htk; Label Naoki.a_r_e.209.lab
 Utterance prob per frame = 2.664069e+01
 Processing Data: Naoki.b_a_d.808.htk; Label Naoki.b_a_d.808.lab
 Utterance prob per frame = 2.547479e+01
 Processing Data: Naoki.b_l_a_s_t.2115.htk; Label Naoki.b_l_a_s_t.2115.lab
 Utterance prob per frame = 2.668240e+01
 Processing Data: Naoki.b_l_u_e_s.1517.htk; Label Naoki.b_l_u_e_s.1517.lab
 Utterance prob per frame = 1.937356e+01
 Processing Data: Naoki.a_t.623.htk; Label Naoki.a_t.623.lab
 Utterance prob per frame = 2.947109e+01
 Processing Data: Naoki.a_s_k_e_d.956.htk; Label Naoki.a_s_k_e_d.956.lab
 Utterance prob per frame = 2.493045e+01
 Processing Data: Naoki.b_e_a_r_s.999.htk; Label Naoki.b_e_a_r_s.999.lab
 Utterance prob per frame = 2.476630e+01
 Processing Data: Naoki.b_i_k_e.267.htk; Label Naoki.b_i_k_e.267.lab
 Utterance prob per frame = 2.918282e+01
 Processing Data: Naoki.b_i_t_e_s.2182.htk; Label Naoki.b_i_t_e_s.2182.lab
 Utterance prob per frame = 2.744672e+01
 Processing Data: Naoki.a_s_k.858.htk; Label Naoki.a_s_k.858.lab
 Utterance prob per frame = 2.591415e+01
 Processing Data: Naoki.b_a_l_l.378.htk; Label Naoki.b_a_l_l.378.lab
 Utterance prob per frame = 3.245762e+01
 Processing Data: Naoki.a_d_u_l_t.1966.htk; Label Naoki.a_d_u_l_t.1966.lab
 Utterance prob per frame = 2.405291e+01
 Processing Data: Naoki.b_a_s_e_s.917.htk; Label Naoki.b_a_s_e_s.917.lab
 Utterance prob per frame = 2.780773e+01
 Processing Data: Naoki.a_f_t_e_r.2139.htk; Label Naoki.a_f_t_e_r.2139.lab
 Utterance prob per frame = 2.381780e+01
 WARNING [-2331]  UpdateModels: c[3] copied: only 1 egs
 in HERest
 WARNING [-2331]  UpdateModels: f[6] copied: only 2 egs
 in HERest
 WARNING [-2331]  UpdateModels: j[10] copied: only 0 egs
 in HERest
 WARNING [-2331]  UpdateModels: m[13] copied: only 1 egs
 in HERest
 WARNING [-2331]  UpdateModels: q[17] copied: only 0 egs
 in HERest
 WARNING [-2331]  UpdateModels: v[22] copied: only 0 egs
 in HERest
 WARNING [-2331]  UpdateModels: x[24] copied: only 0 egs
 in HERest
 WARNING [-2331]  UpdateModels: z[26] copied: only 0 egs
 in HERest
Total 50 floored variance elements in 5 different mixes
Saving hmm's to dir models/hmm11
Reestimation complete - average log prob per frame = 2.633228e+01
     - total frames seen          = 1.857700e+04
HERest -A -c 500.0 -v 0.0005 -A -H models/hmm11/newMacros -I all_labels.mlf -M models/hmm12 -S lists/train.data -T 1 wordList 
HERest -A -c 500.0 -v 0.0005 -A -H models/hmm11/newMacros -I all_labels.mlf -M models/hmm12 -S lists/train.data -T 1 wordList 
HERest  ML Updating: Transitions Means Variances 

 System is PLAIN
28 Logical/28 Physical Models Loaded, VecSize=16
1 MMF input files
Pruning-Off
 Processing Data: Naoki.a_n_d.1589.htk; Label Naoki.a_n_d.1589.lab
 Utterance prob per frame = 2.360308e+01
 Processing Data: Naoki.b_i_t_e.1104.htk; Label Naoki.b_i_t_e.1104.lab
 Utterance prob per frame = 2.646058e+01
 Processing Data: Naoki.b_i_g.2098.htk; Label Naoki.b_i_g.2098.lab
 Utterance prob per frame = 2.676240e+01
 Processing Data: Naoki.b_o_o_k_s.2008.htk; Label Naoki.b_o_o_k_s.2008.lab
 Utterance prob per frame = 2.762740e+01
 Processing Data: Naoki.a_h_e_a_d.2231.htk; Label Naoki.a_h_e_a_d.2231.lab
 Utterance prob per frame = 2.459601e+01
 Processing Data: Naoki.b_o_s_s.1396.htk; Label Naoki.b_o_s_s.1396.lab
 Utterance prob per frame = 2.519144e+01
 Processing Data: Naoki.a_m.1850.htk; Label Naoki.a_m.1850.lab
 Utterance prob per frame = 2.954626e+01
 Processing Data: Naoki.a_f_t_e_r.975.htk; Label Naoki.a_f_t_e_r.975.lab
 Utterance prob per frame = 2.583565e+01
 Processing Data: Naoki.b_o_y_s.2050.htk; Label Naoki.b_o_y_s.2050.lab
 Utterance prob per frame = 3.072684e+01
 Processing Data: Naoki.b_a_n_k.1700.htk; Label Naoki.b_a_n_k.1700.lab
 Utterance prob per frame = 2.571484e+01
 Processing Data: Naoki.a_n_d.425.htk; Label Naoki.a_n_d.425.lab
 Utterance prob per frame = 2.776851e+01
 Processing Data: Naoki.a_h_e_a_d.1067.htk; Label Naoki.a_h_e_a_d.1067.lab
 Utterance prob per frame = 2.420789e+01
 Processing Data: Naoki.a_p_p_l_e.1983.htk; Label Naoki.a_p_p_l_e.1983.lab
 Utterance prob per frame = 2.923003e+01
 Processing Data: Naoki.b_i_l_l.381.htk; Label Naoki.b_i_l_l.381.lab
 Utterance prob per frame = 3.167871e+01
 Processing Data: Naoki.b_o_n_e.214.htk; Label Naoki.b_o_n_e.214.lab
 Utterance prob per frame = 2.945260e+01
 Processing Data: Naoki.a_l_l.123.htk; Label Naoki.a_l_l.123.lab
 Utterance prob per frame = 3.030053e+01
 Processing Data: Naoki.b_e_e_s.2001.htk; Label Naoki.b_e_e_s.2001.lab
 Utterance prob per frame = 2.788154e+01
 Processing Data: Naoki.a_n.1620.htk; Label Naoki.a_n.1620.lab
 Utterance prob per frame = 2.901114e+01
 Processing Data: Naoki.a_w_a_y.1807.htk; Label Naoki.a_w_a_y.1807.lab
 Utterance prob per frame = 2.228374e+01
 Processing Data: Naoki.a_r_e.1373.htk; Label Naoki.a_r_e.1373.lab
 Utterance prob per frame = 2.722592e+01
 Processing Data: Naoki.b_o_n_e.1378.htk; Label Naoki.b_o_n_e.1378.lab
 Utterance prob per frame = 2.894385e+01
 Processing Data: Naoki.b_e_e_r.2243.htk; Label Naoki.b_e_e_r.2243.lab
 Utterance prob per frame = 2.865862e+01
 Processing Data: Naoki.a_d_u_l_t.802.htk; Label Naoki.a_d_u_l_t.802.lab
 Utterance prob per frame = 1.733883e+01
 Processing Data: Naoki.a_g_a_i_n.812.htk; Label Naoki.a_g_a_i_n.812.lab
 Utterance prob per frame = 2.393652e+01
 Processing Data: Naoki.b_l_o_w.1110.htk; Label Naoki.b_l_o_w.1110.lab
 Utterance prob per frame = 2.358788e+01
 Processing Data: Naoki.b_a_r_e.1969.htk; Label Naoki.b_a_r_e.1969.lab
 Utterance prob per frame = 1.819666e+01
 Processing Data: Naoki.b_e_s_t.1540.htk; Label Naoki.b_e_s_t.1540.lab
 Utterance prob per frame = 2.443847e+01
 Processing Data: Naoki.b_i_r_t_h.697.htk; Label Naoki.b_i_r_t_h.697.lab
 Utterance prob per frame = 2.212913e+01
 Processing Data: Naoki.b_i_g.934.htk; Label Naoki.b_i_g.934.lab
 Utterance prob per frame = 3.065535e+01
 Processing Data: Naoki.b_e_e_n.2100.htk; Label Naoki.b_e_e_n.2100.lab
 Utterance prob per frame = 2.779483e+01
 Processing Data: Naoki.a_w_a_y.643.htk; Label Naoki.a_w_a_y.643.lab
 Utterance prob per frame = 2.625185e+01
 Processing Data: Naoki.b_i_l_l.1545.htk; Label Naoki.b_i_l_l.1545.lab
 Utterance prob per frame = 2.926364e+01
 Processing Data: Naoki.b_i_t_e.2268.htk; Label Naoki.b_i_t_e.2268.lab
 Utterance prob per frame = 2.407065e+01
 Processing Data: Naoki.b_e_e_s.837.htk; Label Naoki.b_e_e_s.837.lab
 Utterance prob per frame = 2.723818e+01
 Processing Data: Naoki.a_s.1985.htk; Label Naoki.a_s.1985.lab
 Utterance prob per frame = 3.609832e+01
 Processing Data: Naoki.b_i_r_d.1012.htk; Label Naoki.b_i_r_d.1012.lab
 Utterance prob per frame = 2.580471e+01
 Processing Data: Naoki.a_t_e.875.htk; Label Naoki.a_t_e.875.lab
 Utterance prob per frame = 2.641192e+01
 Processing Data: Naoki.b_o_y_s.886.htk; Label Naoki.b_o_y_s.886.lab
 Utterance prob per frame = 3.375072e+01
 Processing Data: Naoki.b_o_s_s.232.htk; Label Naoki.b_o_s_s.232.lab
 Utterance prob per frame = 2.759700e+01
 Processing Data: Naoki.b_i_k_e.1431.htk; Label Naoki.b_i_k_e.1431.lab
 Utterance prob per frame = 2.445687e+01
 Processing Data: Naoki.a_n_y.1639.htk; Label Naoki.a_n_y.1639.lab
 Utterance prob per frame = 2.803109e+01
 Processing Data: Naoki.a_t.1787.htk; Label Naoki.a_t.1787.lab
 Utterance prob per frame = 2.784646e+01
 Processing Data: Naoki.a_n_y.475.htk; Label Naoki.a_n_y.475.lab
 Utterance prob per frame = 2.406270e+01
 Processing Data: Naoki.a_s_k.2022.htk; Label Naoki.a_s_k.2022.lab
 Utterance prob per frame = 2.513997e+01
 Processing Data: Naoki.b_a_s_e_s.2081.htk; Label Naoki.b_a_s_e_s.2081.lab
 Utterance prob per frame = 2.186176e+01
 Processing Data: Naoki.b_e_a_r_s.2163.htk; Label Naoki.b_e_a_r_s.2163.lab
 Utterance prob per frame = 2.311975e+01
 Processing Data: Naoki.a_w_a_r_e.1556.htk; Label Naoki.a_w_a_r_e.1556.lab
 Utterance prob per frame = 2.354871e+01
 Processing Data: Naoki.a_s_k_e_d.2120.htk; Label Naoki.a_s_k_e_d.2120.lab
 Utterance prob per frame = 2.354778e+01
 Processing Data: Naoki.a_g_r_e_e.586.htk; Label Naoki.a_g_r_e_e.586.lab
 Utterance prob per frame = 2.575024e+01
 Processing Data: Naoki.b_a_r_e.805.htk; Label Naoki.b_a_r_e.805.lab
 Utterance prob per frame = 3.107317e+01
 Processing Data: Naoki.a_p_p_l_e.819.htk; Label Naoki.a_p_p_l_e.819.lab
 Utterance prob per frame = 2.586686e+01
 Processing Data: Naoki.a_t_e.2039.htk; Label Naoki.a_t_e.2039.lab
 Utterance prob per frame = 2.610157e+01
 Processing Data: Naoki.b_e.610.htk; Label Naoki.b_e.610.lab
 Utterance prob per frame = 3.064703e+01
 Processing Data: Naoki.b_e_e_r.1079.htk; Label Naoki.b_e_e_r.1079.lab
 Utterance prob per frame = 2.811701e+01
 Processing Data: Naoki.b_o_o_k_s.844.htk; Label Naoki.b_o_o_k_s.844.lab
 Utterance prob per frame = 2.405949e+01
 Processing Data: Naoki.a_s.821.htk; Label Naoki.a_s.821.lab
 Utterance prob per frame = 3.078376e+01
 Processing Data: Naoki.a_g_e_s.2220.htk; Label Naoki.a_g_e_s.2220.lab
 Utterance prob per frame = 2.733754e+01
 Processing Data: Naoki.b_a_n_k.536.htk; Label Naoki.b_a_n_k.536.lab
 Utterance prob per frame = 2.279670e+01
 Processing Data: Naoki.a.637.htk; Label Naoki.a.637.lab
 Utterance prob per frame = 3.182320e+01
 Processing Data: Naoki.b_i_r_t_h.1861.htk; Label Naoki.b_i_r_t_h.1861.lab
 Utterance prob per frame = 2.246708e+01
 Processing Data: Naoki.b_a_l_l.1542.htk; Label Naoki.b_a_l_l.1542.lab
 Utterance prob per frame = 3.011100e+01
 Processing Data: Naoki.a_g_a_i_n.1976.htk; Label Naoki.a_g_a_i_n.1976.lab
 Utterance prob per frame = 2.537986e+01
 Processing Data: Naoki.b_i_l_l_s.1725.htk; Label Naoki.b_i_l_l_s.1725.lab
 Utterance prob per frame = 3.004203e+01
 Processing Data: Naoki.a_w_a_r_e.392.htk; Label Naoki.a_w_a_r_e.392.lab
 Utterance prob per frame = 2.382207e+01
 Processing Data: Naoki.a_b_o_u_t.1572.htk; Label Naoki.a_b_o_u_t.1572.lab
 Utterance prob per frame = 2.813227e+01
 Processing Data: Naoki.b_a_t_h.1437.htk; Label Naoki.b_a_t_h.1437.lab
 Utterance prob per frame = 1.722762e+01
 Processing Data: Naoki.a_b_o_u_t.408.htk; Label Naoki.a_b_o_u_t.408.lab
 Utterance prob per frame = 2.548774e+01
 Processing Data: Naoki.b_l_o_w.2274.htk; Label Naoki.b_l_o_w.2274.lab
 Utterance prob per frame = 2.323478e+01
 Processing Data: Naoki.a.1801.htk; Label Naoki.a.1801.lab
 Utterance prob per frame = 2.964100e+01
 Processing Data: Naoki.b_i_t_e_s.1018.htk; Label Naoki.b_i_t_e_s.1018.lab
 Utterance prob per frame = 2.633421e+01
 Processing Data: Naoki.a_g_e_s.1056.htk; Label Naoki.a_g_e_s.1056.lab
 Utterance prob per frame = 2.604498e+01
 Processing Data: Naoki.b_a_d.1972.htk; Label Naoki.b_a_d.1972.lab
 Utterance prob per frame = 2.905274e+01
 Processing Data: Naoki.a_l_l.1287.htk; Label Naoki.a_l_l.1287.lab
 Utterance prob per frame = 3.002241e+01
 Processing Data: Naoki.b_l_u_e_s.353.htk; Label Naoki.b_l_u_e_s.353.lab
 Utterance prob per frame = 2.563064e+01
 Processing Data: Naoki.b_l_a_s_t.951.htk; Label Naoki.b_l_a_s_t.951.lab
 Utterance prob per frame = 2.296211e+01
 Processing Data: Naoki.b_a_c_k.1125.htk; Label Naoki.b_a_c_k.1125.lab
 Utterance prob per frame = 2.260315e+01
 Processing Data: Naoki.a_r_e.209.htk; Label Naoki.a_r_e.209.lab
 Utterance prob per frame = 2.663602e+01
 Processing Data: Naoki.b_a_d.808.htk; Label Naoki.b_a_d.808.lab
 Utterance prob per frame = 2.547857e+01
 Processing Data: Naoki.b_l_a_s_t.2115.htk; Label Naoki.b_l_a_s_t.2115.lab
 Utterance prob per frame = 2.668392e+01
 Processing Data: Naoki.b_l_u_e_s.1517.htk; Label Naoki.b_l_u_e_s.1517.lab
 Utterance prob per frame = 1.940405e+01
 Processing Data: Naoki.a_t.623.htk; Label Naoki.a_t.623.lab
 Utterance prob per frame = 2.947177e+01
 Processing Data: Naoki.a_s_k_e_d.956.htk; Label Naoki.a_s_k_e_d.956.lab
 Utterance prob per frame = 2.492267e+01
 Processing Data: Naoki.b_e_a_r_s.999.htk; Label Naoki.b_e_a_r_s.999.lab
 Utterance prob per frame = 2.477167e+01
 Processing Data: Naoki.b_i_k_e.267.htk; Label Naoki.b_i_k_e.267.lab
 Utterance prob per frame = 2.916286e+01
 Processing Data: Naoki.b_i_t_e_s.2182.htk; Label Naoki.b_i_t_e_s.2182.lab
 Utterance prob per frame = 2.740616e+01
 Processing Data: Naoki.a_s_k.858.htk; Label Naoki.a_s_k.858.lab
 Utterance prob per frame = 2.592980e+01
 Processing Data: Naoki.b_a_l_l.378.htk; Label Naoki.b_a_l_l.378.lab
 Utterance prob per frame = 3.245049e+01
 Processing Data: Naoki.a_d_u_l_t.1966.htk; Label Naoki.a_d_u_l_t.1966.lab
 Utterance prob per frame = 2.407287e+01
 Processing Data: Naoki.b_a_s_e_s.917.htk; Label Naoki.b_a_s_e_s.917.lab
 Utterance prob per frame = 2.780819e+01
 Processing Data: Naoki.a_f_t_e_r.2139.htk; Label Naoki.a_f_t_e_r.2139.lab
 Utterance prob per frame = 2.382034e+01
 WARNING [-2331]  UpdateModels: c[3] copied: only 1 egs
 in HERest
 WARNING [-2331]  UpdateModels: f[6] copied: only 2 egs
 in HERest
 WARNING [-2331]  UpdateModels: j[10] copied: only 0 egs
 in HERest
 WARNING [-2331]  UpdateModels: m[13] copied: only 1 egs
 in HERest
 WARNING [-2331]  UpdateModels: q[17] copied: only 0 egs
 in HERest
 WARNING [-2331]  UpdateModels: v[22] copied: only 0 egs
 in HERest
 WARNING [-2331]  UpdateModels: x[24] copied: only 0 egs
 in HERest
 WARNING [-2331]  UpdateModels: z[26] copied: only 0 egs
 in HERest
Total 51 floored variance elements in 5 different mixes
Saving hmm's to dir models/hmm12
Reestimation complete - average log prob per frame = 2.634362e+01
     - total frames seen          = 1.857700e+04
HERest -A -c 500.0 -v 0.0005 -A -H models/hmm12/newMacros -I all_labels.mlf -M models/hmm13 -S lists/train.data -T 1 wordList 
HERest -A -c 500.0 -v 0.0005 -A -H models/hmm12/newMacros -I all_labels.mlf -M models/hmm13 -S lists/train.data -T 1 wordList 
HERest  ML Updating: Transitions Means Variances 

 System is PLAIN
28 Logical/28 Physical Models Loaded, VecSize=16
1 MMF input files
Pruning-Off
 Processing Data: Naoki.a_n_d.1589.htk; Label Naoki.a_n_d.1589.lab
 Utterance prob per frame = 2.360281e+01
 Processing Data: Naoki.b_i_t_e.1104.htk; Label Naoki.b_i_t_e.1104.lab
 Utterance prob per frame = 2.648728e+01
 Processing Data: Naoki.b_i_g.2098.htk; Label Naoki.b_i_g.2098.lab
 Utterance prob per frame = 2.671721e+01
 Processing Data: Naoki.b_o_o_k_s.2008.htk; Label Naoki.b_o_o_k_s.2008.lab
 Utterance prob per frame = 2.765576e+01
 Processing Data: Naoki.a_h_e_a_d.2231.htk; Label Naoki.a_h_e_a_d.2231.lab
 Utterance prob per frame = 2.459983e+01
 Processing Data: Naoki.b_o_s_s.1396.htk; Label Naoki.b_o_s_s.1396.lab
 Utterance prob per frame = 2.519551e+01
 Processing Data: Naoki.a_m.1850.htk; Label Naoki.a_m.1850.lab
 Utterance prob per frame = 2.954626e+01
 Processing Data: Naoki.a_f_t_e_r.975.htk; Label Naoki.a_f_t_e_r.975.lab
 Utterance prob per frame = 2.583982e+01
 Processing Data: Naoki.b_o_y_s.2050.htk; Label Naoki.b_o_y_s.2050.lab
 Utterance prob per frame = 3.076451e+01
 Processing Data: Naoki.b_a_n_k.1700.htk; Label Naoki.b_a_n_k.1700.lab
 Utterance prob per frame = 2.571345e+01
 Processing Data: Naoki.a_n_d.425.htk; Label Naoki.a_n_d.425.lab
 Utterance prob per frame = 2.776955e+01
 Processing Data: Naoki.a_h_e_a_d.1067.htk; Label Naoki.a_h_e_a_d.1067.lab
 Utterance prob per frame = 2.421122e+01
 Processing Data: Naoki.a_p_p_l_e.1983.htk; Label Naoki.a_p_p_l_e.1983.lab
 Utterance prob per frame = 2.925703e+01
 Processing Data: Naoki.b_i_l_l.381.htk; Label Naoki.b_i_l_l.381.lab
 Utterance prob per frame = 3.161809e+01
 Processing Data: Naoki.b_o_n_e.214.htk; Label Naoki.b_o_n_e.214.lab
 Utterance prob per frame = 2.945128e+01
 Processing Data: Naoki.a_l_l.123.htk; Label Naoki.a_l_l.123.lab
 Utterance prob per frame = 3.026291e+01
 Processing Data: Naoki.b_e_e_s.2001.htk; Label Naoki.b_e_e_s.2001.lab
 Utterance prob per frame = 2.787983e+01
 Processing Data: Naoki.a_n.1620.htk; Label Naoki.a_n.1620.lab
 Utterance prob per frame = 2.901389e+01
 Processing Data: Naoki.a_w_a_y.1807.htk; Label Naoki.a_w_a_y.1807.lab
 Utterance prob per frame = 2.228395e+01
 Processing Data: Naoki.a_r_e.1373.htk; Label Naoki.a_r_e.1373.lab
 Utterance prob per frame = 2.722282e+01
 Processing Data: Naoki.b_o_n_e.1378.htk; Label Naoki.b_o_n_e.1378.lab
 Utterance prob per frame = 2.894427e+01
 Processing Data: Naoki.b_e_e_r.2243.htk; Label Naoki.b_e_e_r.2243.lab
 Utterance prob per frame = 2.866371e+01
 Processing Data: Naoki.a_d_u_l_t.802.htk; Label Naoki.a_d_u_l_t.802.lab
 Utterance prob per frame = 1.734303e+01
 Processing Data: Naoki.a_g_a_i_n.812.htk; Label Naoki.a_g_a_i_n.812.lab
 Utterance prob per frame = 2.397324e+01
 Processing Data: Naoki.b_l_o_w.1110.htk; Label Naoki.b_l_o_w.1110.lab
 Utterance prob per frame = 2.357720e+01
 Processing Data: Naoki.b_a_r_e.1969.htk; Label Naoki.b_a_r_e.1969.lab
 Utterance prob per frame = 1.817425e+01
 Processing Data: Naoki.b_e_s_t.1540.htk; Label Naoki.b_e_s_t.1540.lab
 Utterance prob per frame = 2.444202e+01
 Processing Data: Naoki.b_i_r_t_h.697.htk; Label Naoki.b_i_r_t_h.697.lab
 Utterance prob per frame = 2.218029e+01
 Processing Data: Naoki.b_i_g.934.htk; Label Naoki.b_i_g.934.lab
 Utterance prob per frame = 3.066964e+01
 Processing Data: Naoki.b_e_e_n.2100.htk; Label Naoki.b_e_e_n.2100.lab
 Utterance prob per frame = 2.780355e+01
 Processing Data: Naoki.a_w_a_y.643.htk; Label Naoki.a_w_a_y.643.lab
 Utterance prob per frame = 2.625134e+01
 Processing Data: Naoki.b_i_l_l.1545.htk; Label Naoki.b_i_l_l.1545.lab
 Utterance prob per frame = 2.910415e+01
 Processing Data: Naoki.b_i_t_e.2268.htk; Label Naoki.b_i_t_e.2268.lab
 Utterance prob per frame = 2.405387e+01
 Processing Data: Naoki.b_e_e_s.837.htk; Label Naoki.b_e_e_s.837.lab
 Utterance prob per frame = 2.724746e+01
 Processing Data: Naoki.a_s.1985.htk; Label Naoki.a_s.1985.lab
 Utterance prob per frame = 3.609769e+01
 Processing Data: Naoki.b_i_r_d.1012.htk; Label Naoki.b_i_r_d.1012.lab
 Utterance prob per frame = 2.592879e+01
 Processing Data: Naoki.a_t_e.875.htk; Label Naoki.a_t_e.875.lab
 Utterance prob per frame = 2.641145e+01
 Processing Data: Naoki.b_o_y_s.886.htk; Label Naoki.b_o_y_s.886.lab
 Utterance prob per frame = 3.379269e+01
 Processing Data: Naoki.b_o_s_s.232.htk; Label Naoki.b_o_s_s.232.lab
 Utterance prob per frame = 2.760930e+01
 Processing Data: Naoki.b_i_k_e.1431.htk; Label Naoki.b_i_k_e.1431.lab
 Utterance prob per frame = 2.444393e+01
 Processing Data: Naoki.a_n_y.1639.htk; Label Naoki.a_n_y.1639.lab
 Utterance prob per frame = 2.802891e+01
 Processing Data: Naoki.a_t.1787.htk; Label Naoki.a_t.1787.lab
 Utterance prob per frame = 2.784828e+01
 Processing Data: Naoki.a_n_y.475.htk; Label Naoki.a_n_y.475.lab
 Utterance prob per frame = 2.406552e+01
 Processing Data: Naoki.a_s_k.2022.htk; Label Naoki.a_s_k.2022.lab
 Utterance prob per frame = 2.514415e+01
 Processing Data: Naoki.b_a_s_e_s.2081.htk; Label Naoki.b_a_s_e_s.2081.lab
 Utterance prob per frame = 2.185916e+01
 Processing Data: Naoki.b_e_a_r_s.2163.htk; Label Naoki.b_e_a_r_s.2163.lab
 Utterance prob per frame = 2.312694e+01
 Processing Data: Naoki.a_w_a_r_e.1556.htk; Label Naoki.a_w_a_r_e.1556.lab
 Utterance prob per frame = 2.354426e+01
 Processing Data: Naoki.a_s_k_e_d.2120.htk; Label Naoki.a_s_k_e_d.2120.lab
 Utterance prob per frame = 2.353258e+01
 Processing Data: Naoki.a_g_r_e_e.586.htk; Label Naoki.a_g_r_e_e.586.lab
 Utterance prob per frame = 2.575500e+01
 Processing Data: Naoki.b_a_r_e.805.htk; Label Naoki.b_a_r_e.805.lab
 Utterance prob per frame = 3.106991e+01
 Processing Data: Naoki.a_p_p_l_e.819.htk; Label Naoki.a_p_p_l_e.819.lab
 Utterance prob per frame = 2.591681e+01
 Processing Data: Naoki.a_t_e.2039.htk; Label Naoki.a_t_e.2039.lab
 Utterance prob per frame = 2.610726e+01
 Processing Data: Naoki.b_e.610.htk; Label Naoki.b_e.610.lab
 Utterance prob per frame = 3.063973e+01
 Processing Data: Naoki.b_e_e_r.1079.htk; Label Naoki.b_e_e_r.1079.lab
 Utterance prob per frame = 2.812600e+01
 Processing Data: Naoki.b_o_o_k_s.844.htk; Label Naoki.b_o_o_k_s.844.lab
 Utterance prob per frame = 2.408953e+01
 Processing Data: Naoki.a_s.821.htk; Label Naoki.a_s.821.lab
 Utterance prob per frame = 3.078301e+01
 Processing Data: Naoki.a_g_e_s.2220.htk; Label Naoki.a_g_e_s.2220.lab
 Utterance prob per frame = 2.733621e+01
 Processing Data: Naoki.b_a_n_k.536.htk; Label Naoki.b_a_n_k.536.lab
 Utterance prob per frame = 2.279039e+01
 Processing Data: Naoki.a.637.htk; Label Naoki.a.637.lab
 Utterance prob per frame = 3.182278e+01
 Processing Data: Naoki.b_i_r_t_h.1861.htk; Label Naoki.b_i_r_t_h.1861.lab
 Utterance prob per frame = 2.247131e+01
 Processing Data: Naoki.b_a_l_l.1542.htk; Label Naoki.b_a_l_l.1542.lab
 Utterance prob per frame = 3.007127e+01
 Processing Data: Naoki.a_g_a_i_n.1976.htk; Label Naoki.a_g_a_i_n.1976.lab
 Utterance prob per frame = 2.543046e+01
 Processing Data: Naoki.b_i_l_l_s.1725.htk; Label Naoki.b_i_l_l_s.1725.lab
 Utterance prob per frame = 3.008318e+01
 Processing Data: Naoki.a_w_a_r_e.392.htk; Label Naoki.a_w_a_r_e.392.lab
 Utterance prob per frame = 2.382097e+01
 Processing Data: Naoki.a_b_o_u_t.1572.htk; Label Naoki.a_b_o_u_t.1572.lab
 Utterance prob per frame = 2.813517e+01
 Processing Data: Naoki.b_a_t_h.1437.htk; Label Naoki.b_a_t_h.1437.lab
 Utterance prob per frame = 1.723208e+01
 Processing Data: Naoki.a_b_o_u_t.408.htk; Label Naoki.a_b_o_u_t.408.lab
 Utterance prob per frame = 2.548328e+01
 Processing Data: Naoki.b_l_o_w.2274.htk; Label Naoki.b_l_o_w.2274.lab
 Utterance prob per frame = 2.326389e+01
 Processing Data: Naoki.a.1801.htk; Label Naoki.a.1801.lab
 Utterance prob per frame = 2.963870e+01
 Processing Data: Naoki.b_i_t_e_s.1018.htk; Label Naoki.b_i_t_e_s.1018.lab
 Utterance prob per frame = 2.635927e+01
 Processing Data: Naoki.a_g_e_s.1056.htk; Label Naoki.a_g_e_s.1056.lab
 Utterance prob per frame = 2.604475e+01
 Processing Data: Naoki.b_a_d.1972.htk; Label Naoki.b_a_d.1972.lab
 Utterance prob per frame = 2.904845e+01
 Processing Data: Naoki.a_l_l.1287.htk; Label Naoki.a_l_l.1287.lab
 Utterance prob per frame = 3.003243e+01
 Processing Data: Naoki.b_l_u_e_s.353.htk; Label Naoki.b_l_u_e_s.353.lab
 Utterance prob per frame = 2.566545e+01
 Processing Data: Naoki.b_l_a_s_t.951.htk; Label Naoki.b_l_a_s_t.951.lab
 Utterance prob per frame = 2.295097e+01
 Processing Data: Naoki.b_a_c_k.1125.htk; Label Naoki.b_a_c_k.1125.lab
 Utterance prob per frame = 2.258618e+01
 Processing Data: Naoki.a_r_e.209.htk; Label Naoki.a_r_e.209.lab
 Utterance prob per frame = 2.662629e+01
 Processing Data: Naoki.b_a_d.808.htk; Label Naoki.b_a_d.808.lab
 Utterance prob per frame = 2.547316e+01
 Processing Data: Naoki.b_l_a_s_t.2115.htk; Label Naoki.b_l_a_s_t.2115.lab
 Utterance prob per frame = 2.667761e+01
 Processing Data: Naoki.b_l_u_e_s.1517.htk; Label Naoki.b_l_u_e_s.1517.lab
 Utterance prob per frame = 1.946507e+01
 Processing Data: Naoki.a_t.623.htk; Label Naoki.a_t.623.lab
 Utterance prob per frame = 2.947264e+01
 Processing Data: Naoki.a_s_k_e_d.956.htk; Label Naoki.a_s_k_e_d.956.lab
 Utterance prob per frame = 2.492615e+01
 Processing Data: Naoki.b_e_a_r_s.999.htk; Label Naoki.b_e_a_r_s.999.lab
 Utterance prob per frame = 2.477858e+01
 Processing Data: Naoki.b_i_k_e.267.htk; Label Naoki.b_i_k_e.267.lab
 Utterance prob per frame = 2.914833e+01
 Processing Data: Naoki.b_i_t_e_s.2182.htk; Label Naoki.b_i_t_e_s.2182.lab
 Utterance prob per frame = 2.738392e+01
 Processing Data: Naoki.a_s_k.858.htk; Label Naoki.a_s_k.858.lab
 Utterance prob per frame = 2.593432e+01
 Processing Data: Naoki.b_a_l_l.378.htk; Label Naoki.b_a_l_l.378.lab
 Utterance prob per frame = 3.243418e+01
 Processing Data: Naoki.a_d_u_l_t.1966.htk; Label Naoki.a_d_u_l_t.1966.lab
 Utterance prob per frame = 2.407679e+01
 Processing Data: Naoki.b_a_s_e_s.917.htk; Label Naoki.b_a_s_e_s.917.lab
 Utterance prob per frame = 2.780895e+01
 Processing Data: Naoki.a_f_t_e_r.2139.htk; Label Naoki.a_f_t_e_r.2139.lab
 Utterance prob per frame = 2.382338e+01
 WARNING [-2331]  UpdateModels: c[3] copied: only 1 egs
 in HERest
 WARNING [-2331]  UpdateModels: f[6] copied: only 2 egs
 in HERest
 WARNING [-2331]  UpdateModels: j[10] copied: only 0 egs
 in HERest
 WARNING [-2331]  UpdateModels: m[13] copied: only 1 egs
 in HERest
 WARNING [-2331]  UpdateModels: q[17] copied: only 0 egs
 in HERest
 WARNING [-2331]  UpdateModels: v[22] copied: only 0 egs
 in HERest
 WARNING [-2331]  UpdateModels: x[24] copied: only 0 egs
 in HERest
 WARNING [-2331]  UpdateModels: z[26] copied: only 0 egs
 in HERest
Total 52 floored variance elements in 5 different mixes
Saving hmm's to dir models/hmm13
Reestimation complete - average log prob per frame = 2.634772e+01
     - total frames seen          = 1.857700e+04
HERest -A -c 500.0 -v 0.0005 -A -H models/hmm13/newMacros -I all_labels.mlf -M models/hmm14 -S lists/train.data -T 1 wordList 
HERest -A -c 500.0 -v 0.0005 -A -H models/hmm13/newMacros -I all_labels.mlf -M models/hmm14 -S lists/train.data -T 1 wordList 
HERest  ML Updating: Transitions Means Variances 

 System is PLAIN
28 Logical/28 Physical Models Loaded, VecSize=16
1 MMF input files
Pruning-Off
 Processing Data: Naoki.a_n_d.1589.htk; Label Naoki.a_n_d.1589.lab
 Utterance prob per frame = 2.360392e+01
 Processing Data: Naoki.b_i_t_e.1104.htk; Label Naoki.b_i_t_e.1104.lab
 Utterance prob per frame = 2.651512e+01
 Processing Data: Naoki.b_i_g.2098.htk; Label Naoki.b_i_g.2098.lab
 Utterance prob per frame = 2.667351e+01
 Processing Data: Naoki.b_o_o_k_s.2008.htk; Label Naoki.b_o_o_k_s.2008.lab
 Utterance prob per frame = 2.765778e+01
 Processing Data: Naoki.a_h_e_a_d.2231.htk; Label Naoki.a_h_e_a_d.2231.lab
 Utterance prob per frame = 2.460030e+01
 Processing Data: Naoki.b_o_s_s.1396.htk; Label Naoki.b_o_s_s.1396.lab
 Utterance prob per frame = 2.519485e+01
 Processing Data: Naoki.a_m.1850.htk; Label Naoki.a_m.1850.lab
 Utterance prob per frame = 2.954585e+01
 Processing Data: Naoki.a_f_t_e_r.975.htk; Label Naoki.a_f_t_e_r.975.lab
 Utterance prob per frame = 2.583777e+01
 Processing Data: Naoki.b_o_y_s.2050.htk; Label Naoki.b_o_y_s.2050.lab
 Utterance prob per frame = 3.076485e+01
 Processing Data: Naoki.b_a_n_k.1700.htk; Label Naoki.b_a_n_k.1700.lab
 Utterance prob per frame = 2.571213e+01
 Processing Data: Naoki.a_n_d.425.htk; Label Naoki.a_n_d.425.lab
 Utterance prob per frame = 2.776970e+01
 Processing Data: Naoki.a_h_e_a_d.1067.htk; Label Naoki.a_h_e_a_d.1067.lab
 Utterance prob per frame = 2.421179e+01
 Processing Data: Naoki.a_p_p_l_e.1983.htk; Label Naoki.a_p_p_l_e.1983.lab
 Utterance prob per frame = 2.927586e+01
 Processing Data: Naoki.b_i_l_l.381.htk; Label Naoki.b_i_l_l.381.lab
 Utterance prob per frame = 3.155989e+01
 Processing Data: Naoki.b_o_n_e.214.htk; Label Naoki.b_o_n_e.214.lab
 Utterance prob per frame = 2.945220e+01
 Processing Data: Naoki.a_l_l.123.htk; Label Naoki.a_l_l.123.lab
 Utterance prob per frame = 3.024524e+01
 Processing Data: Naoki.b_e_e_s.2001.htk; Label Naoki.b_e_e_s.2001.lab
 Utterance prob per frame = 2.787904e+01
 Processing Data: Naoki.a_n.1620.htk; Label Naoki.a_n.1620.lab
 Utterance prob per frame = 2.901502e+01
 Processing Data: Naoki.a_w_a_y.1807.htk; Label Naoki.a_w_a_y.1807.lab
 Utterance prob per frame = 2.228421e+01
 Processing Data: Naoki.a_r_e.1373.htk; Label Naoki.a_r_e.1373.lab
 Utterance prob per frame = 2.722217e+01
 Processing Data: Naoki.b_o_n_e.1378.htk; Label Naoki.b_o_n_e.1378.lab
 Utterance prob per frame = 2.894403e+01
 Processing Data: Naoki.b_e_e_r.2243.htk; Label Naoki.b_e_e_r.2243.lab
 Utterance prob per frame = 2.866465e+01
 Processing Data: Naoki.a_d_u_l_t.802.htk; Label Naoki.a_d_u_l_t.802.lab
 Utterance prob per frame = 1.735574e+01
 Processing Data: Naoki.a_g_a_i_n.812.htk; Label Naoki.a_g_a_i_n.812.lab
 Utterance prob per frame = 2.400129e+01
 Processing Data: Naoki.b_l_o_w.1110.htk; Label Naoki.b_l_o_w.1110.lab
 Utterance prob per frame = 2.357888e+01
 Processing Data: Naoki.b_a_r_e.1969.htk; Label Naoki.b_a_r_e.1969.lab
 Utterance prob per frame = 1.816921e+01
 Processing Data: Naoki.b_e_s_t.1540.htk; Label Naoki.b_e_s_t.1540.lab
 Utterance prob per frame = 2.444489e+01
 Processing Data: Naoki.b_i_r_t_h.697.htk; Label Naoki.b_i_r_t_h.697.lab
 Utterance prob per frame = 2.221039e+01
 Processing Data: Naoki.b_i_g.934.htk; Label Naoki.b_i_g.934.lab
 Utterance prob per frame = 3.067480e+01
 Processing Data: Naoki.b_e_e_n.2100.htk; Label Naoki.b_e_e_n.2100.lab
 Utterance prob per frame = 2.780573e+01
 Processing Data: Naoki.a_w_a_y.643.htk; Label Naoki.a_w_a_y.643.lab
 Utterance prob per frame = 2.625164e+01
 Processing Data: Naoki.b_i_l_l.1545.htk; Label Naoki.b_i_l_l.1545.lab
 Utterance prob per frame = 2.897124e+01
 Processing Data: Naoki.b_i_t_e.2268.htk; Label Naoki.b_i_t_e.2268.lab
 Utterance prob per frame = 2.406144e+01
 Processing Data: Naoki.b_e_e_s.837.htk; Label Naoki.b_e_e_s.837.lab
 Utterance prob per frame = 2.725021e+01
 Processing Data: Naoki.a_s.1985.htk; Label Naoki.a_s.1985.lab
 Utterance prob per frame = 3.609700e+01
 Processing Data: Naoki.b_i_r_d.1012.htk; Label Naoki.b_i_r_d.1012.lab
 Utterance prob per frame = 2.600771e+01
 Processing Data: Naoki.a_t_e.875.htk; Label Naoki.a_t_e.875.lab
 Utterance prob per frame = 2.640767e+01
 Processing Data: Naoki.b_o_y_s.886.htk; Label Naoki.b_o_y_s.886.lab
 Utterance prob per frame = 3.379287e+01
 Processing Data: Naoki.b_o_s_s.232.htk; Label Naoki.b_o_s_s.232.lab
 Utterance prob per frame = 2.761013e+01
 Processing Data: Naoki.b_i_k_e.1431.htk; Label Naoki.b_i_k_e.1431.lab
 Utterance prob per frame = 2.444218e+01
 Processing Data: Naoki.a_n_y.1639.htk; Label Naoki.a_n_y.1639.lab
 Utterance prob per frame = 2.802814e+01
 Processing Data: Naoki.a_t.1787.htk; Label Naoki.a_t.1787.lab
 Utterance prob per frame = 2.785160e+01
 Processing Data: Naoki.a_n_y.475.htk; Label Naoki.a_n_y.475.lab
 Utterance prob per frame = 2.406574e+01
 Processing Data: Naoki.a_s_k.2022.htk; Label Naoki.a_s_k.2022.lab
 Utterance prob per frame = 2.514374e+01
 Processing Data: Naoki.b_a_s_e_s.2081.htk; Label Naoki.b_a_s_e_s.2081.lab
 Utterance prob per frame = 2.185815e+01
 Processing Data: Naoki.b_e_a_r_s.2163.htk; Label Naoki.b_e_a_r_s.2163.lab
 Utterance prob per frame = 2.312879e+01
 Processing Data: Naoki.a_w_a_r_e.1556.htk; Label Naoki.a_w_a_r_e.1556.lab
 Utterance prob per frame = 2.354323e+01
 Processing Data: Naoki.a_s_k_e_d.2120.htk; Label Naoki.a_s_k_e_d.2120.lab
 Utterance prob per frame = 2.353277e+01
 Processing Data: Naoki.a_g_r_e_e.586.htk; Label Naoki.a_g_r_e_e.586.lab
 Utterance prob per frame = 2.575652e+01
 Processing Data: Naoki.b_a_r_e.805.htk; Label Naoki.b_a_r_e.805.lab
 Utterance prob per frame = 3.106923e+01
 Processing Data: Naoki.a_p_p_l_e.819.htk; Label Naoki.a_p_p_l_e.819.lab
 Utterance prob per frame = 2.594064e+01
 Processing Data: Naoki.a_t_e.2039.htk; Label Naoki.a_t_e.2039.lab
 Utterance prob per frame = 2.610342e+01
 Processing Data: Naoki.b_e.610.htk; Label Naoki.b_e.610.lab
 Utterance prob per frame = 3.063726e+01
 Processing Data: Naoki.b_e_e_r.1079.htk; Label Naoki.b_e_e_r.1079.lab
 Utterance prob per frame = 2.812772e+01
 Processing Data: Naoki.b_o_o_k_s.844.htk; Label Naoki.b_o_o_k_s.844.lab
 Utterance prob per frame = 2.409379e+01
 Processing Data: Naoki.a_s.821.htk; Label Naoki.a_s.821.lab
 Utterance prob per frame = 3.078303e+01
 Processing Data: Naoki.a_g_e_s.2220.htk; Label Naoki.a_g_e_s.2220.lab
 Utterance prob per frame = 2.733615e+01
 Processing Data: Naoki.b_a_n_k.536.htk; Label Naoki.b_a_n_k.536.lab
 Utterance prob per frame = 2.278863e+01
 Processing Data: Naoki.a.637.htk; Label Naoki.a.637.lab
 Utterance prob per frame = 3.182245e+01
 Processing Data: Naoki.b_i_r_t_h.1861.htk; Label Naoki.b_i_r_t_h.1861.lab
 Utterance prob per frame = 2.245909e+01
 Processing Data: Naoki.b_a_l_l.1542.htk; Label Naoki.b_a_l_l.1542.lab
 Utterance prob per frame = 3.005487e+01
 Processing Data: Naoki.a_g_a_i_n.1976.htk; Label Naoki.a_g_a_i_n.1976.lab
 Utterance prob per frame = 2.546307e+01
 Processing Data: Naoki.b_i_l_l_s.1725.htk; Label Naoki.b_i_l_l_s.1725.lab
 Utterance prob per frame = 3.011719e+01
 Processing Data: Naoki.a_w_a_r_e.392.htk; Label Naoki.a_w_a_r_e.392.lab
 Utterance prob per frame = 2.382151e+01
 Processing Data: Naoki.a_b_o_u_t.1572.htk; Label Naoki.a_b_o_u_t.1572.lab
 Utterance prob per frame = 2.813660e+01
 Processing Data: Naoki.b_a_t_h.1437.htk; Label Naoki.b_a_t_h.1437.lab
 Utterance prob per frame = 1.723997e+01
 Processing Data: Naoki.a_b_o_u_t.408.htk; Label Naoki.a_b_o_u_t.408.lab
 Utterance prob per frame = 2.548666e+01
 Processing Data: Naoki.b_l_o_w.2274.htk; Label Naoki.b_l_o_w.2274.lab
 Utterance prob per frame = 2.326503e+01
 Processing Data: Naoki.a.1801.htk; Label Naoki.a.1801.lab
 Utterance prob per frame = 2.963484e+01
 Processing Data: Naoki.b_i_t_e_s.1018.htk; Label Naoki.b_i_t_e_s.1018.lab
 Utterance prob per frame = 2.637821e+01
 Processing Data: Naoki.a_g_e_s.1056.htk; Label Naoki.a_g_e_s.1056.lab
 Utterance prob per frame = 2.604462e+01
 Processing Data: Naoki.b_a_d.1972.htk; Label Naoki.b_a_d.1972.lab
 Utterance prob per frame = 2.904944e+01
 Processing Data: Naoki.a_l_l.1287.htk; Label Naoki.a_l_l.1287.lab
 Utterance prob per frame = 3.002998e+01
 Processing Data: Naoki.b_l_u_e_s.353.htk; Label Naoki.b_l_u_e_s.353.lab
 Utterance prob per frame = 2.567240e+01
 Processing Data: Naoki.b_l_a_s_t.951.htk; Label Naoki.b_l_a_s_t.951.lab
 Utterance prob per frame = 2.294306e+01
 Processing Data: Naoki.b_a_c_k.1125.htk; Label Naoki.b_a_c_k.1125.lab
 Utterance prob per frame = 2.258334e+01
 Processing Data: Naoki.a_r_e.209.htk; Label Naoki.a_r_e.209.lab
 Utterance prob per frame = 2.662397e+01
 Processing Data: Naoki.b_a_d.808.htk; Label Naoki.b_a_d.808.lab
 Utterance prob per frame = 2.546707e+01
 Processing Data: Naoki.b_l_a_s_t.2115.htk; Label Naoki.b_l_a_s_t.2115.lab
 Utterance prob per frame = 2.667645e+01
 Processing Data: Naoki.b_l_u_e_s.1517.htk; Label Naoki.b_l_u_e_s.1517.lab
 Utterance prob per frame = 1.948362e+01
 Processing Data: Naoki.a_t.623.htk; Label Naoki.a_t.623.lab
 Utterance prob per frame = 2.947275e+01
 Processing Data: Naoki.a_s_k_e_d.956.htk; Label Naoki.a_s_k_e_d.956.lab
 Utterance prob per frame = 2.492563e+01
 Processing Data: Naoki.b_e_a_r_s.999.htk; Label Naoki.b_e_a_r_s.999.lab
 Utterance prob per frame = 2.477998e+01
 Processing Data: Naoki.b_i_k_e.267.htk; Label Naoki.b_i_k_e.267.lab
 Utterance prob per frame = 2.913309e+01
 Processing Data: Naoki.b_i_t_e_s.2182.htk; Label Naoki.b_i_t_e_s.2182.lab
 Utterance prob per frame = 2.738427e+01
 Processing Data: Naoki.a_s_k.858.htk; Label Naoki.a_s_k.858.lab
 Utterance prob per frame = 2.593447e+01
 Processing Data: Naoki.b_a_l_l.378.htk; Label Naoki.b_a_l_l.378.lab
 Utterance prob per frame = 3.242717e+01
 Processing Data: Naoki.a_d_u_l_t.1966.htk; Label Naoki.a_d_u_l_t.1966.lab
 Utterance prob per frame = 2.408411e+01
 Processing Data: Naoki.b_a_s_e_s.917.htk; Label Naoki.b_a_s_e_s.917.lab
 Utterance prob per frame = 2.780897e+01
 Processing Data: Naoki.a_f_t_e_r.2139.htk; Label Naoki.a_f_t_e_r.2139.lab
 Utterance prob per frame = 2.382056e+01
 WARNING [-2331]  UpdateModels: c[3] copied: only 1 egs
 in HERest
 WARNING [-2331]  UpdateModels: f[6] copied: only 2 egs
 in HERest
 WARNING [-2331]  UpdateModels: j[10] copied: only 0 egs
 in HERest
 WARNING [-2331]  UpdateModels: m[13] copied: only 1 egs
 in HERest
 WARNING [-2331]  UpdateModels: q[17] copied: only 0 egs
 in HERest
 WARNING [-2331]  UpdateModels: v[22] copied: only 0 egs
 in HERest
 WARNING [-2331]  UpdateModels: x[24] copied: only 0 egs
 in HERest
 WARNING [-2331]  UpdateModels: z[26] copied: only 0 egs
 in HERest
Total 52 floored variance elements in 5 different mixes
Saving hmm's to dir models/hmm14
Reestimation complete - average log prob per frame = 2.634872e+01
     - total frames seen          = 1.857700e+04
HERest -A -c 500.0 -v 0.0005 -A -H models/hmm14/newMacros -I all_labels.mlf -M models/hmm15 -S lists/train.data -T 1 wordList 
HERest -A -c 500.0 -v 0.0005 -A -H models/hmm14/newMacros -I all_labels.mlf -M models/hmm15 -S lists/train.data -T 1 wordList 
HERest  ML Updating: Transitions Means Variances 

 System is PLAIN
28 Logical/28 Physical Models Loaded, VecSize=16
1 MMF input files
Pruning-Off
 Processing Data: Naoki.a_n_d.1589.htk; Label Naoki.a_n_d.1589.lab
 Utterance prob per frame = 2.360985e+01
 Processing Data: Naoki.b_i_t_e.1104.htk; Label Naoki.b_i_t_e.1104.lab
 Utterance prob per frame = 2.652258e+01
 Processing Data: Naoki.b_i_g.2098.htk; Label Naoki.b_i_g.2098.lab
 Utterance prob per frame = 2.666621e+01
 Processing Data: Naoki.b_o_o_k_s.2008.htk; Label Naoki.b_o_o_k_s.2008.lab
 Utterance prob per frame = 2.765854e+01
 Processing Data: Naoki.a_h_e_a_d.2231.htk; Label Naoki.a_h_e_a_d.2231.lab
 Utterance prob per frame = 2.459949e+01
 Processing Data: Naoki.b_o_s_s.1396.htk; Label Naoki.b_o_s_s.1396.lab
 Utterance prob per frame = 2.519449e+01
 Processing Data: Naoki.a_m.1850.htk; Label Naoki.a_m.1850.lab
 Utterance prob per frame = 2.954549e+01
 Processing Data: Naoki.a_f_t_e_r.975.htk; Label Naoki.a_f_t_e_r.975.lab
 Utterance prob per frame = 2.583681e+01
 Processing Data: Naoki.b_o_y_s.2050.htk; Label Naoki.b_o_y_s.2050.lab
 Utterance prob per frame = 3.076506e+01
 Processing Data: Naoki.b_a_n_k.1700.htk; Label Naoki.b_a_n_k.1700.lab
 Utterance prob per frame = 2.571131e+01
 Processing Data: Naoki.a_n_d.425.htk; Label Naoki.a_n_d.425.lab
 Utterance prob per frame = 2.776842e+01
 Processing Data: Naoki.a_h_e_a_d.1067.htk; Label Naoki.a_h_e_a_d.1067.lab
 Utterance prob per frame = 2.421084e+01
 Processing Data: Naoki.a_p_p_l_e.1983.htk; Label Naoki.a_p_p_l_e.1983.lab
 Utterance prob per frame = 2.928016e+01
 Processing Data: Naoki.b_i_l_l.381.htk; Label Naoki.b_i_l_l.381.lab
 Utterance prob per frame = 3.153826e+01
 Processing Data: Naoki.b_o_n_e.214.htk; Label Naoki.b_o_n_e.214.lab
 Utterance prob per frame = 2.945275e+01
 Processing Data: Naoki.a_l_l.123.htk; Label Naoki.a_l_l.123.lab
 Utterance prob per frame = 3.024089e+01
 Processing Data: Naoki.b_e_e_s.2001.htk; Label Naoki.b_e_e_s.2001.lab
 Utterance prob per frame = 2.787871e+01
 Processing Data: Naoki.a_n.1620.htk; Label Naoki.a_n.1620.lab
 Utterance prob per frame = 2.901534e+01
 Processing Data: Naoki.a_w_a_y.1807.htk; Label Naoki.a_w_a_y.1807.lab
 Utterance prob per frame = 2.228439e+01
 Processing Data: Naoki.a_r_e.1373.htk; Label Naoki.a_r_e.1373.lab
 Utterance prob per frame = 2.722217e+01
 Processing Data: Naoki.b_o_n_e.1378.htk; Label Naoki.b_o_n_e.1378.lab
 Utterance prob per frame = 2.894422e+01
 Processing Data: Naoki.b_e_e_r.2243.htk; Label Naoki.b_e_e_r.2243.lab
 Utterance prob per frame = 2.866455e+01
 Processing Data: Naoki.a_d_u_l_t.802.htk; Label Naoki.a_d_u_l_t.802.lab
 Utterance prob per frame = 1.740355e+01
 Processing Data: Naoki.a_g_a_i_n.812.htk; Label Naoki.a_g_a_i_n.812.lab
 Utterance prob per frame = 2.400796e+01
 Processing Data: Naoki.b_l_o_w.1110.htk; Label Naoki.b_l_o_w.1110.lab
 Utterance prob per frame = 2.357952e+01
 Processing Data: Naoki.b_a_r_e.1969.htk; Label Naoki.b_a_r_e.1969.lab
 Utterance prob per frame = 1.816794e+01
 Processing Data: Naoki.b_e_s_t.1540.htk; Label Naoki.b_e_s_t.1540.lab
 Utterance prob per frame = 2.444528e+01
 Processing Data: Naoki.b_i_r_t_h.697.htk; Label Naoki.b_i_r_t_h.697.lab
 Utterance prob per frame = 2.221881e+01
 Processing Data: Naoki.b_i_g.934.htk; Label Naoki.b_i_g.934.lab
 Utterance prob per frame = 3.067935e+01
 Processing Data: Naoki.b_e_e_n.2100.htk; Label Naoki.b_e_e_n.2100.lab
 Utterance prob per frame = 2.780600e+01
 Processing Data: Naoki.a_w_a_y.643.htk; Label Naoki.a_w_a_y.643.lab
 Utterance prob per frame = 2.625175e+01
 Processing Data: Naoki.b_i_l_l.1545.htk; Label Naoki.b_i_l_l.1545.lab
 Utterance prob per frame = 2.893241e+01
 Processing Data: Naoki.b_i_t_e.2268.htk; Label Naoki.b_i_t_e.2268.lab
 Utterance prob per frame = 2.406256e+01
 Processing Data: Naoki.b_e_e_s.837.htk; Label Naoki.b_e_e_s.837.lab
 Utterance prob per frame = 2.725053e+01
 Processing Data: Naoki.a_s.1985.htk; Label Naoki.a_s.1985.lab
 Utterance prob per frame = 3.609656e+01
 Processing Data: Naoki.b_i_r_d.1012.htk; Label Naoki.b_i_r_d.1012.lab
 Utterance prob per frame = 2.602529e+01
 Processing Data: Naoki.a_t_e.875.htk; Label Naoki.a_t_e.875.lab
 Utterance prob per frame = 2.640616e+01
 Processing Data: Naoki.b_o_y_s.886.htk; Label Naoki.b_o_y_s.886.lab
 Utterance prob per frame = 3.379299e+01
 Processing Data: Naoki.b_o_s_s.232.htk; Label Naoki.b_o_s_s.232.lab
 Utterance prob per frame = 2.761046e+01
 Processing Data: Naoki.b_i_k_e.1431.htk; Label Naoki.b_i_k_e.1431.lab
 Utterance prob per frame = 2.443874e+01
 Processing Data: Naoki.a_n_y.1639.htk; Label Naoki.a_n_y.1639.lab
 Utterance prob per frame = 2.802798e+01
 Processing Data: Naoki.a_t.1787.htk; Label Naoki.a_t.1787.lab
 Utterance prob per frame = 2.785320e+01
 Processing Data: Naoki.a_n_y.475.htk; Label Naoki.a_n_y.475.lab
 Utterance prob per frame = 2.406595e+01
 Processing Data: Naoki.a_s_k.2022.htk; Label Naoki.a_s_k.2022.lab
 Utterance prob per frame = 2.514359e+01
 Processing Data: Naoki.b_a_s_e_s.2081.htk; Label Naoki.b_a_s_e_s.2081.lab
 Utterance prob per frame = 2.185797e+01
 Processing Data: Naoki.b_e_a_r_s.2163.htk; Label Naoki.b_e_a_r_s.2163.lab
 Utterance prob per frame = 2.312908e+01
 Processing Data: Naoki.a_w_a_r_e.1556.htk; Label Naoki.a_w_a_r_e.1556.lab
 Utterance prob per frame = 2.354290e+01
 Processing Data: Naoki.a_s_k_e_d.2120.htk; Label Naoki.a_s_k_e_d.2120.lab
 Utterance prob per frame = 2.353948e+01
 Processing Data: Naoki.a_g_r_e_e.586.htk; Label Naoki.a_g_r_e_e.586.lab
 Utterance prob per frame = 2.575635e+01
 Processing Data: Naoki.b_a_r_e.805.htk; Label Naoki.b_a_r_e.805.lab
 Utterance prob per frame = 3.106905e+01
 Processing Data: Naoki.a_p_p_l_e.819.htk; Label Naoki.a_p_p_l_e.819.lab
 Utterance prob per frame = 2.594592e+01
 Processing Data: Naoki.a_t_e.2039.htk; Label Naoki.a_t_e.2039.lab
 Utterance prob per frame = 2.610165e+01
 Processing Data: Naoki.b_e.610.htk; Label Naoki.b_e.610.lab
 Utterance prob per frame = 3.063636e+01
 Processing Data: Naoki.b_e_e_r.1079.htk; Label Naoki.b_e_e_r.1079.lab
 Utterance prob per frame = 2.812782e+01
 Processing Data: Naoki.b_o_o_k_s.844.htk; Label Naoki.b_o_o_k_s.844.lab
 Utterance prob per frame = 2.409456e+01
 Processing Data: Naoki.a_s.821.htk; Label Naoki.a_s.821.lab
 Utterance prob per frame = 3.078329e+01
 Processing Data: Naoki.a_g_e_s.2220.htk; Label Naoki.a_g_e_s.2220.lab
 Utterance prob per frame = 2.733533e+01
 Processing Data: Naoki.b_a_n_k.536.htk; Label Naoki.b_a_n_k.536.lab
 Utterance prob per frame = 2.278822e+01
 Processing Data: Naoki.a.637.htk; Label Naoki.a.637.lab
 Utterance prob per frame = 3.182228e+01
 Processing Data: Naoki.b_i_r_t_h.1861.htk; Label Naoki.b_i_r_t_h.1861.lab
 Utterance prob per frame = 2.245402e+01
 Processing Data: Naoki.b_a_l_l.1542.htk; Label Naoki.b_a_l_l.1542.lab
 Utterance prob per frame = 3.005076e+01
 Processing Data: Naoki.a_g_a_i_n.1976.htk; Label Naoki.a_g_a_i_n.1976.lab
 Utterance prob per frame = 2.547167e+01
 Processing Data: Naoki.b_i_l_l_s.1725.htk; Label Naoki.b_i_l_l_s.1725.lab
 Utterance prob per frame = 3.012811e+01
 Processing Data: Naoki.a_w_a_r_e.392.htk; Label Naoki.a_w_a_r_e.392.lab
 Utterance prob per frame = 2.382186e+01
 Processing Data: Naoki.a_b_o_u_t.1572.htk; Label Naoki.a_b_o_u_t.1572.lab
 Utterance prob per frame = 2.811436e+01
 Processing Data: Naoki.b_a_t_h.1437.htk; Label Naoki.b_a_t_h.1437.lab
 Utterance prob per frame = 1.724116e+01
 Processing Data: Naoki.a_b_o_u_t.408.htk; Label Naoki.a_b_o_u_t.408.lab
 Utterance prob per frame = 2.549489e+01
 Processing Data: Naoki.b_l_o_w.2274.htk; Label Naoki.b_l_o_w.2274.lab
 Utterance prob per frame = 2.326547e+01
 Processing Data: Naoki.a.1801.htk; Label Naoki.a.1801.lab
 Utterance prob per frame = 2.963179e+01
 Processing Data: Naoki.b_i_t_e_s.1018.htk; Label Naoki.b_i_t_e_s.1018.lab
 Utterance prob per frame = 2.638368e+01
 Processing Data: Naoki.a_g_e_s.1056.htk; Label Naoki.a_g_e_s.1056.lab
 Utterance prob per frame = 2.604310e+01
 Processing Data: Naoki.b_a_d.1972.htk; Label Naoki.b_a_d.1972.lab
 Utterance prob per frame = 2.905854e+01
 Processing Data: Naoki.a_l_l.1287.htk; Label Naoki.a_l_l.1287.lab
 Utterance prob per frame = 3.002901e+01
 Processing Data: Naoki.b_l_u_e_s.353.htk; Label Naoki.b_l_u_e_s.353.lab
 Utterance prob per frame = 2.569892e+01
 Processing Data: Naoki.b_l_a_s_t.951.htk; Label Naoki.b_l_a_s_t.951.lab
 Utterance prob per frame = 2.294112e+01
 Processing Data: Naoki.b_a_c_k.1125.htk; Label Naoki.b_a_c_k.1125.lab
 Utterance prob per frame = 2.258240e+01
 Processing Data: Naoki.a_r_e.209.htk; Label Naoki.a_r_e.209.lab
 Utterance prob per frame = 2.662362e+01
 Processing Data: Naoki.b_a_d.808.htk; Label Naoki.b_a_d.808.lab
 Utterance prob per frame = 2.544581e+01
 Processing Data: Naoki.b_l_a_s_t.2115.htk; Label Naoki.b_l_a_s_t.2115.lab
 Utterance prob per frame = 2.667628e+01
 Processing Data: Naoki.b_l_u_e_s.1517.htk; Label Naoki.b_l_u_e_s.1517.lab
 Utterance prob per frame = 1.949204e+01
 Processing Data: Naoki.a_t.623.htk; Label Naoki.a_t.623.lab
 Utterance prob per frame = 2.947346e+01
 Processing Data: Naoki.a_s_k_e_d.956.htk; Label Naoki.a_s_k_e_d.956.lab
 Utterance prob per frame = 2.492097e+01
 Processing Data: Naoki.b_e_a_r_s.999.htk; Label Naoki.b_e_a_r_s.999.lab
 Utterance prob per frame = 2.477994e+01
 Processing Data: Naoki.b_i_k_e.267.htk; Label Naoki.b_i_k_e.267.lab
 Utterance prob per frame = 2.912616e+01
 Processing Data: Naoki.b_i_t_e_s.2182.htk; Label Naoki.b_i_t_e_s.2182.lab
 Utterance prob per frame = 2.738310e+01
 Processing Data: Naoki.a_s_k.858.htk; Label Naoki.a_s_k.858.lab
 Utterance prob per frame = 2.593453e+01
 Processing Data: Naoki.b_a_l_l.378.htk; Label Naoki.b_a_l_l.378.lab
 Utterance prob per frame = 3.242512e+01
 Processing Data: Naoki.a_d_u_l_t.1966.htk; Label Naoki.a_d_u_l_t.1966.lab
 Utterance prob per frame = 2.407602e+01
 Processing Data: Naoki.b_a_s_e_s.917.htk; Label Naoki.b_a_s_e_s.917.lab
 Utterance prob per frame = 2.780894e+01
 Processing Data: Naoki.a_f_t_e_r.2139.htk; Label Naoki.a_f_t_e_r.2139.lab
 Utterance prob per frame = 2.381947e+01
 WARNING [-2331]  UpdateModels: c[3] copied: only 1 egs
 in HERest
 WARNING [-2331]  UpdateModels: f[6] copied: only 2 egs
 in HERest
 WARNING [-2331]  UpdateModels: j[10] copied: only 0 egs
 in HERest
 WARNING [-2331]  UpdateModels: m[13] copied: only 1 egs
 in HERest
 WARNING [-2331]  UpdateModels: q[17] copied: only 0 egs
 in HERest
 WARNING [-2331]  UpdateModels: v[22] copied: only 0 egs
 in HERest
 WARNING [-2331]  UpdateModels: x[24] copied: only 0 egs
 in HERest
 WARNING [-2331]  UpdateModels: z[26] copied: only 0 egs
 in HERest
Total 53 floored variance elements in 5 different mixes
Saving hmm's to dir models/hmm15
Reestimation complete - average log prob per frame = 2.634924e+01
     - total frames seen          = 1.857700e+04
HERest -A -c 500.0 -v 0.0005 -A -H models/hmm15/newMacros -I all_labels.mlf -M models/hmm16 -S lists/train.data -T 1 wordList 
HERest -A -c 500.0 -v 0.0005 -A -H models/hmm15/newMacros -I all_labels.mlf -M models/hmm16 -S lists/train.data -T 1 wordList 
HERest  ML Updating: Transitions Means Variances 

 System is PLAIN
28 Logical/28 Physical Models Loaded, VecSize=16
1 MMF input files
Pruning-Off
 Processing Data: Naoki.a_n_d.1589.htk; Label Naoki.a_n_d.1589.lab
 Utterance prob per frame = 2.361082e+01
 Processing Data: Naoki.b_i_t_e.1104.htk; Label Naoki.b_i_t_e.1104.lab
 Utterance prob per frame = 2.652442e+01
 Processing Data: Naoki.b_i_g.2098.htk; Label Naoki.b_i_g.2098.lab
 Utterance prob per frame = 2.666744e+01
 Processing Data: Naoki.b_o_o_k_s.2008.htk; Label Naoki.b_o_o_k_s.2008.lab
 Utterance prob per frame = 2.765912e+01
 Processing Data: Naoki.a_h_e_a_d.2231.htk; Label Naoki.a_h_e_a_d.2231.lab
 Utterance prob per frame = 2.459891e+01
 Processing Data: Naoki.b_o_s_s.1396.htk; Label Naoki.b_o_s_s.1396.lab
 Utterance prob per frame = 2.519409e+01
 Processing Data: Naoki.a_m.1850.htk; Label Naoki.a_m.1850.lab
 Utterance prob per frame = 2.954507e+01
 Processing Data: Naoki.a_f_t_e_r.975.htk; Label Naoki.a_f_t_e_r.975.lab
 Utterance prob per frame = 2.583680e+01
 Processing Data: Naoki.b_o_y_s.2050.htk; Label Naoki.b_o_y_s.2050.lab
 Utterance prob per frame = 3.076526e+01
 Processing Data: Naoki.b_a_n_k.1700.htk; Label Naoki.b_a_n_k.1700.lab
 Utterance prob per frame = 2.571064e+01
 Processing Data: Naoki.a_n_d.425.htk; Label Naoki.a_n_d.425.lab
 Utterance prob per frame = 2.776786e+01
 Processing Data: Naoki.a_h_e_a_d.1067.htk; Label Naoki.a_h_e_a_d.1067.lab
 Utterance prob per frame = 2.421035e+01
 Processing Data: Naoki.a_p_p_l_e.1983.htk; Label Naoki.a_p_p_l_e.1983.lab
 Utterance prob per frame = 2.928078e+01
 Processing Data: Naoki.b_i_l_l.381.htk; Label Naoki.b_i_l_l.381.lab
 Utterance prob per frame = 3.153396e+01
 Processing Data: Naoki.b_o_n_e.214.htk; Label Naoki.b_o_n_e.214.lab
 Utterance prob per frame = 2.945311e+01
 Processing Data: Naoki.a_l_l.123.htk; Label Naoki.a_l_l.123.lab
 Utterance prob per frame = 3.024014e+01
 Processing Data: Naoki.b_e_e_s.2001.htk; Label Naoki.b_e_e_s.2001.lab
 Utterance prob per frame = 2.787860e+01
 Processing Data: Naoki.a_n.1620.htk; Label Naoki.a_n.1620.lab
 Utterance prob per frame = 2.901557e+01
 Processing Data: Naoki.a_w_a_y.1807.htk; Label Naoki.a_w_a_y.1807.lab
 Utterance prob per frame = 2.228450e+01
 Processing Data: Naoki.a_r_e.1373.htk; Label Naoki.a_r_e.1373.lab
 Utterance prob per frame = 2.722233e+01
 Processing Data: Naoki.b_o_n_e.1378.htk; Label Naoki.b_o_n_e.1378.lab
 Utterance prob per frame = 2.894453e+01
 Processing Data: Naoki.b_e_e_r.2243.htk; Label Naoki.b_e_e_r.2243.lab
 Utterance prob per frame = 2.866424e+01
 Processing Data: Naoki.a_d_u_l_t.802.htk; Label Naoki.a_d_u_l_t.802.lab
 Utterance prob per frame = 1.741727e+01
 Processing Data: Naoki.a_g_a_i_n.812.htk; Label Naoki.a_g_a_i_n.812.lab
 Utterance prob per frame = 2.400759e+01
 Processing Data: Naoki.b_l_o_w.1110.htk; Label Naoki.b_l_o_w.1110.lab
 Utterance prob per frame = 2.357988e+01
 Processing Data: Naoki.b_a_r_e.1969.htk; Label Naoki.b_a_r_e.1969.lab
 Utterance prob per frame = 1.816709e+01
 Processing Data: Naoki.b_e_s_t.1540.htk; Label Naoki.b_e_s_t.1540.lab
 Utterance prob per frame = 2.444509e+01
 Processing Data: Naoki.b_i_r_t_h.697.htk; Label Naoki.b_i_r_t_h.697.lab
 Utterance prob per frame = 2.222070e+01
 Processing Data: Naoki.b_i_g.934.htk; Label Naoki.b_i_g.934.lab
 Utterance prob per frame = 3.068188e+01
 Processing Data: Naoki.b_e_e_n.2100.htk; Label Naoki.b_e_e_n.2100.lab
 Utterance prob per frame = 2.780593e+01
 Processing Data: Naoki.a_w_a_y.643.htk; Label Naoki.a_w_a_y.643.lab
 Utterance prob per frame = 2.625181e+01
 Processing Data: Naoki.b_i_l_l.1545.htk; Label Naoki.b_i_l_l.1545.lab
 Utterance prob per frame = 2.892374e+01
 Processing Data: Naoki.b_i_t_e.2268.htk; Label Naoki.b_i_t_e.2268.lab
 Utterance prob per frame = 2.406234e+01
 Processing Data: Naoki.b_e_e_s.837.htk; Label Naoki.b_e_e_s.837.lab
 Utterance prob per frame = 2.725031e+01
 Processing Data: Naoki.a_s.1985.htk; Label Naoki.a_s.1985.lab
 Utterance prob per frame = 3.609613e+01
 Processing Data: Naoki.b_i_r_d.1012.htk; Label Naoki.b_i_r_d.1012.lab
 Utterance prob per frame = 2.602845e+01
 Processing Data: Naoki.a_t_e.875.htk; Label Naoki.a_t_e.875.lab
 Utterance prob per frame = 2.640616e+01
 Processing Data: Naoki.b_o_y_s.886.htk; Label Naoki.b_o_y_s.886.lab
 Utterance prob per frame = 3.379311e+01
 Processing Data: Naoki.b_o_s_s.232.htk; Label Naoki.b_o_s_s.232.lab
 Utterance prob per frame = 2.761077e+01
 Processing Data: Naoki.b_i_k_e.1431.htk; Label Naoki.b_i_k_e.1431.lab
 Utterance prob per frame = 2.443749e+01
 Processing Data: Naoki.a_n_y.1639.htk; Label Naoki.a_n_y.1639.lab
 Utterance prob per frame = 2.802790e+01
 Processing Data: Naoki.a_t.1787.htk; Label Naoki.a_t.1787.lab
 Utterance prob per frame = 2.785396e+01
 Processing Data: Naoki.a_n_y.475.htk; Label Naoki.a_n_y.475.lab
 Utterance prob per frame = 2.406600e+01
 Processing Data: Naoki.a_s_k.2022.htk; Label Naoki.a_s_k.2022.lab
 Utterance prob per frame = 2.514354e+01
 Processing Data: Naoki.b_a_s_e_s.2081.htk; Label Naoki.b_a_s_e_s.2081.lab
 Utterance prob per frame = 2.185787e+01
 Processing Data: Naoki.b_e_a_r_s.2163.htk; Label Naoki.b_e_a_r_s.2163.lab
 Utterance prob per frame = 2.312924e+01
 Processing Data: Naoki.a_w_a_r_e.1556.htk; Label Naoki.a_w_a_r_e.1556.lab
 Utterance prob per frame = 2.354259e+01
 Processing Data: Naoki.a_s_k_e_d.2120.htk; Label Naoki.a_s_k_e_d.2120.lab
 Utterance prob per frame = 2.354200e+01
 Processing Data: Naoki.a_g_r_e_e.586.htk; Label Naoki.a_g_r_e_e.586.lab
 Utterance prob per frame = 2.575620e+01
 Processing Data: Naoki.b_a_r_e.805.htk; Label Naoki.b_a_r_e.805.lab
 Utterance prob per frame = 3.106900e+01
 Processing Data: Naoki.a_p_p_l_e.819.htk; Label Naoki.a_p_p_l_e.819.lab
 Utterance prob per frame = 2.594658e+01
 Processing Data: Naoki.a_t_e.2039.htk; Label Naoki.a_t_e.2039.lab
 Utterance prob per frame = 2.610152e+01
 Processing Data: Naoki.b_e.610.htk; Label Naoki.b_e.610.lab
 Utterance prob per frame = 3.063593e+01
 Processing Data: Naoki.b_e_e_r.1079.htk; Label Naoki.b_e_e_r.1079.lab
 Utterance prob per frame = 2.812779e+01
 Processing Data: Naoki.b_o_o_k_s.844.htk; Label Naoki.b_o_o_k_s.844.lab
 Utterance prob per frame = 2.409506e+01
 Processing Data: Naoki.a_s.821.htk; Label Naoki.a_s.821.lab
 Utterance prob per frame = 3.078346e+01
 Processing Data: Naoki.a_g_e_s.2220.htk; Label Naoki.a_g_e_s.2220.lab
 Utterance prob per frame = 2.733468e+01
 Processing Data: Naoki.b_a_n_k.536.htk; Label Naoki.b_a_n_k.536.lab
 Utterance prob per frame = 2.278825e+01
 Processing Data: Naoki.a.637.htk; Label Naoki.a.637.lab
 Utterance prob per frame = 3.182216e+01
 Processing Data: Naoki.b_i_r_t_h.1861.htk; Label Naoki.b_i_r_t_h.1861.lab
 Utterance prob per frame = 2.245368e+01
 Processing Data: Naoki.b_a_l_l.1542.htk; Label Naoki.b_a_l_l.1542.lab
 Utterance prob per frame = 3.004970e+01
 Processing Data: Naoki.a_g_a_i_n.1976.htk; Label Naoki.a_g_a_i_n.1976.lab
 Utterance prob per frame = 2.547342e+01
 Processing Data: Naoki.b_i_l_l_s.1725.htk; Label Naoki.b_i_l_l_s.1725.lab
 Utterance prob per frame = 3.013094e+01
 Processing Data: Naoki.a_w_a_r_e.392.htk; Label Naoki.a_w_a_r_e.392.lab
 Utterance prob per frame = 2.382217e+01
 Processing Data: Naoki.a_b_o_u_t.1572.htk; Label Naoki.a_b_o_u_t.1572.lab
 Utterance prob per frame = 2.810594e+01
 Processing Data: Naoki.b_a_t_h.1437.htk; Label Naoki.b_a_t_h.1437.lab
 Utterance prob per frame = 1.724157e+01
 Processing Data: Naoki.a_b_o_u_t.408.htk; Label Naoki.a_b_o_u_t.408.lab
 Utterance prob per frame = 2.549716e+01
 Processing Data: Naoki.b_l_o_w.2274.htk; Label Naoki.b_l_o_w.2274.lab
 Utterance prob per frame = 2.326575e+01
 Processing Data: Naoki.a.1801.htk; Label Naoki.a.1801.lab
 Utterance prob per frame = 2.962856e+01
 Processing Data: Naoki.b_i_t_e_s.1018.htk; Label Naoki.b_i_t_e_s.1018.lab
 Utterance prob per frame = 2.638476e+01
 Processing Data: Naoki.a_g_e_s.1056.htk; Label Naoki.a_g_e_s.1056.lab
 Utterance prob per frame = 2.604206e+01
 Processing Data: Naoki.b_a_d.1972.htk; Label Naoki.b_a_d.1972.lab
 Utterance prob per frame = 2.905996e+01
 Processing Data: Naoki.a_l_l.1287.htk; Label Naoki.a_l_l.1287.lab
 Utterance prob per frame = 3.002943e+01
 Processing Data: Naoki.b_l_u_e_s.353.htk; Label Naoki.b_l_u_e_s.353.lab
 Utterance prob per frame = 2.570493e+01
 Processing Data: Naoki.b_l_a_s_t.951.htk; Label Naoki.b_l_a_s_t.951.lab
 Utterance prob per frame = 2.294135e+01
 Processing Data: Naoki.b_a_c_k.1125.htk; Label Naoki.b_a_c_k.1125.lab
 Utterance prob per frame = 2.258155e+01
 Processing Data: Naoki.a_r_e.209.htk; Label Naoki.a_r_e.209.lab
 Utterance prob per frame = 2.662361e+01
 Processing Data: Naoki.b_a_d.808.htk; Label Naoki.b_a_d.808.lab
 Utterance prob per frame = 2.543870e+01
 Processing Data: Naoki.b_l_a_s_t.2115.htk; Label Naoki.b_l_a_s_t.2115.lab
 Utterance prob per frame = 2.667634e+01
 Processing Data: Naoki.b_l_u_e_s.1517.htk; Label Naoki.b_l_u_e_s.1517.lab
 Utterance prob per frame = 1.949418e+01
 Processing Data: Naoki.a_t.623.htk; Label Naoki.a_t.623.lab
 Utterance prob per frame = 2.947380e+01
 Processing Data: Naoki.a_s_k_e_d.956.htk; Label Naoki.a_s_k_e_d.956.lab
 Utterance prob per frame = 2.491954e+01
 Processing Data: Naoki.b_e_a_r_s.999.htk; Label Naoki.b_e_a_r_s.999.lab
 Utterance prob per frame = 2.477964e+01
 Processing Data: Naoki.b_i_k_e.267.htk; Label Naoki.b_i_k_e.267.lab
 Utterance prob per frame = 2.912416e+01
 Processing Data: Naoki.b_i_t_e_s.2182.htk; Label Naoki.b_i_t_e_s.2182.lab
 Utterance prob per frame = 2.738300e+01
 Processing Data: Naoki.a_s_k.858.htk; Label Naoki.a_s_k.858.lab
 Utterance prob per frame = 2.593458e+01
 Processing Data: Naoki.b_a_l_l.378.htk; Label Naoki.b_a_l_l.378.lab
 Utterance prob per frame = 3.242423e+01
 Processing Data: Naoki.a_d_u_l_t.1966.htk; Label Naoki.a_d_u_l_t.1966.lab
 Utterance prob per frame = 2.407174e+01
 Processing Data: Naoki.b_a_s_e_s.917.htk; Label Naoki.b_a_s_e_s.917.lab
 Utterance prob per frame = 2.780898e+01
 Processing Data: Naoki.a_f_t_e_r.2139.htk; Label Naoki.a_f_t_e_r.2139.lab
 Utterance prob per frame = 2.381926e+01
 WARNING [-2331]  UpdateModels: c[3] copied: only 1 egs
 in HERest
 WARNING [-2331]  UpdateModels: f[6] copied: only 2 egs
 in HERest
 WARNING [-2331]  UpdateModels: j[10] copied: only 0 egs
 in HERest
 WARNING [-2331]  UpdateModels: m[13] copied: only 1 egs
 in HERest
 WARNING [-2331]  UpdateModels: q[17] copied: only 0 egs
 in HERest
 WARNING [-2331]  UpdateModels: v[22] copied: only 0 egs
 in HERest
 WARNING [-2331]  UpdateModels: x[24] copied: only 0 egs
 in HERest
 WARNING [-2331]  UpdateModels: z[26] copied: only 0 egs
 in HERest
Total 53 floored variance elements in 5 different mixes
Saving hmm's to dir models/hmm16
Reestimation complete - average log prob per frame = 2.634928e+01
     - total frames seen          = 1.857700e+04
HERest -A -c 500.0 -v 0.0005 -A -H models/hmm16/newMacros -I all_labels.mlf -M models/hmm17 -S lists/train.data -T 1 wordList 
HERest -A -c 500.0 -v 0.0005 -A -H models/hmm16/newMacros -I all_labels.mlf -M models/hmm17 -S lists/train.data -T 1 wordList 
HERest  ML Updating: Transitions Means Variances 

 System is PLAIN
28 Logical/28 Physical Models Loaded, VecSize=16
1 MMF input files
Pruning-Off
 Processing Data: Naoki.a_n_d.1589.htk; Label Naoki.a_n_d.1589.lab
 Utterance prob per frame = 2.361081e+01
 Processing Data: Naoki.b_i_t_e.1104.htk; Label Naoki.b_i_t_e.1104.lab
 Utterance prob per frame = 2.652514e+01
 Processing Data: Naoki.b_i_g.2098.htk; Label Naoki.b_i_g.2098.lab
 Utterance prob per frame = 2.666824e+01
 Processing Data: Naoki.b_o_o_k_s.2008.htk; Label Naoki.b_o_o_k_s.2008.lab
 Utterance prob per frame = 2.765977e+01
 Processing Data: Naoki.a_h_e_a_d.2231.htk; Label Naoki.a_h_e_a_d.2231.lab
 Utterance prob per frame = 2.459835e+01
 Processing Data: Naoki.b_o_s_s.1396.htk; Label Naoki.b_o_s_s.1396.lab
 Utterance prob per frame = 2.519350e+01
 Processing Data: Naoki.a_m.1850.htk; Label Naoki.a_m.1850.lab
 Utterance prob per frame = 2.954449e+01
 Processing Data: Naoki.a_f_t_e_r.975.htk; Label Naoki.a_f_t_e_r.975.lab
 Utterance prob per frame = 2.583699e+01
 Processing Data: Naoki.b_o_y_s.2050.htk; Label Naoki.b_o_y_s.2050.lab
 Utterance prob per frame = 3.076549e+01
 Processing Data: Naoki.b_a_n_k.1700.htk; Label Naoki.b_a_n_k.1700.lab
 Utterance prob per frame = 2.570976e+01
 Processing Data: Naoki.a_n_d.425.htk; Label Naoki.a_n_d.425.lab
 Utterance prob per frame = 2.776804e+01
 Processing Data: Naoki.a_h_e_a_d.1067.htk; Label Naoki.a_h_e_a_d.1067.lab
 Utterance prob per frame = 2.421031e+01
 Processing Data: Naoki.a_p_p_l_e.1983.htk; Label Naoki.a_p_p_l_e.1983.lab
 Utterance prob per frame = 2.928102e+01
 Processing Data: Naoki.b_i_l_l.381.htk; Label Naoki.b_i_l_l.381.lab
 Utterance prob per frame = 3.153330e+01
 Processing Data: Naoki.b_o_n_e.214.htk; Label Naoki.b_o_n_e.214.lab
 Utterance prob per frame = 2.945345e+01
 Processing Data: Naoki.a_l_l.123.htk; Label Naoki.a_l_l.123.lab
 Utterance prob per frame = 3.023998e+01
 Processing Data: Naoki.b_e_e_s.2001.htk; Label Naoki.b_e_e_s.2001.lab
 Utterance prob per frame = 2.787855e+01
 Processing Data: Naoki.a_n.1620.htk; Label Naoki.a_n.1620.lab
 Utterance prob per frame = 2.901580e+01
 Processing Data: Naoki.a_w_a_y.1807.htk; Label Naoki.a_w_a_y.1807.lab
 Utterance prob per frame = 2.228462e+01
 Processing Data: Naoki.a_r_e.1373.htk; Label Naoki.a_r_e.1373.lab
 Utterance prob per frame = 2.722255e+01
 Processing Data: Naoki.b_o_n_e.1378.htk; Label Naoki.b_o_n_e.1378.lab
 Utterance prob per frame = 2.894492e+01
 Processing Data: Naoki.b_e_e_r.2243.htk; Label Naoki.b_e_e_r.2243.lab
 Utterance prob per frame = 2.866378e+01
 Processing Data: Naoki.a_d_u_l_t.802.htk; Label Naoki.a_d_u_l_t.802.lab
 Utterance prob per frame = 1.741976e+01
 Processing Data: Naoki.a_g_a_i_n.812.htk; Label Naoki.a_g_a_i_n.812.lab
 Utterance prob per frame = 2.400622e+01
 Processing Data: Naoki.b_l_o_w.1110.htk; Label Naoki.b_l_o_w.1110.lab
 Utterance prob per frame = 2.358021e+01
 Processing Data: Naoki.b_a_r_e.1969.htk; Label Naoki.b_a_r_e.1969.lab
 Utterance prob per frame = 1.816618e+01
 Processing Data: Naoki.b_e_s_t.1540.htk; Label Naoki.b_e_s_t.1540.lab
 Utterance prob per frame = 2.444481e+01
 Processing Data: Naoki.b_i_r_t_h.697.htk; Label Naoki.b_i_r_t_h.697.lab
 Utterance prob per frame = 2.222123e+01
 Processing Data: Naoki.b_i_g.934.htk; Label Naoki.b_i_g.934.lab
 Utterance prob per frame = 3.068325e+01
 Processing Data: Naoki.b_e_e_n.2100.htk; Label Naoki.b_e_e_n.2100.lab
 Utterance prob per frame = 2.780569e+01
 Processing Data: Naoki.a_w_a_y.643.htk; Label Naoki.a_w_a_y.643.lab
 Utterance prob per frame = 2.625186e+01
 Processing Data: Naoki.b_i_l_l.1545.htk; Label Naoki.b_i_l_l.1545.lab
 Utterance prob per frame = 2.892119e+01
 Processing Data: Naoki.b_i_t_e.2268.htk; Label Naoki.b_i_t_e.2268.lab
 Utterance prob per frame = 2.406191e+01
 Processing Data: Naoki.b_e_e_s.837.htk; Label Naoki.b_e_e_s.837.lab
 Utterance prob per frame = 2.724990e+01
 Processing Data: Naoki.a_s.1985.htk; Label Naoki.a_s.1985.lab
 Utterance prob per frame = 3.609557e+01
 Processing Data: Naoki.b_i_r_d.1012.htk; Label Naoki.b_i_r_d.1012.lab
 Utterance prob per frame = 2.602940e+01
 Processing Data: Naoki.a_t_e.875.htk; Label Naoki.a_t_e.875.lab
 Utterance prob per frame = 2.640650e+01
 Processing Data: Naoki.b_o_y_s.886.htk; Label Naoki.b_o_y_s.886.lab
 Utterance prob per frame = 3.379320e+01
 Processing Data: Naoki.b_o_s_s.232.htk; Label Naoki.b_o_s_s.232.lab
 Utterance prob per frame = 2.761116e+01
 Processing Data: Naoki.b_i_k_e.1431.htk; Label Naoki.b_i_k_e.1431.lab
 Utterance prob per frame = 2.443706e+01
 Processing Data: Naoki.a_n_y.1639.htk; Label Naoki.a_n_y.1639.lab
 Utterance prob per frame = 2.802786e+01
 Processing Data: Naoki.a_t.1787.htk; Label Naoki.a_t.1787.lab
 Utterance prob per frame = 2.785452e+01
 Processing Data: Naoki.a_n_y.475.htk; Label Naoki.a_n_y.475.lab
 Utterance prob per frame = 2.406612e+01
 Processing Data: Naoki.a_s_k.2022.htk; Label Naoki.a_s_k.2022.lab
 Utterance prob per frame = 2.514342e+01
 Processing Data: Naoki.b_a_s_e_s.2081.htk; Label Naoki.b_a_s_e_s.2081.lab
 Utterance prob per frame = 2.185775e+01
 Processing Data: Naoki.b_e_a_r_s.2163.htk; Label Naoki.b_e_a_r_s.2163.lab
 Utterance prob per frame = 2.312942e+01
 Processing Data: Naoki.a_w_a_r_e.1556.htk; Label Naoki.a_w_a_r_e.1556.lab
 Utterance prob per frame = 2.354223e+01
 Processing Data: Naoki.a_s_k_e_d.2120.htk; Label Naoki.a_s_k_e_d.2120.lab
 Utterance prob per frame = 2.354260e+01
 Processing Data: Naoki.a_g_r_e_e.586.htk; Label Naoki.a_g_r_e_e.586.lab
 Utterance prob per frame = 2.575637e+01
 Processing Data: Naoki.b_a_r_e.805.htk; Label Naoki.b_a_r_e.805.lab
 Utterance prob per frame = 3.106900e+01
 Processing Data: Naoki.a_p_p_l_e.819.htk; Label Naoki.a_p_p_l_e.819.lab
 Utterance prob per frame = 2.594673e+01
 Processing Data: Naoki.a_t_e.2039.htk; Label Naoki.a_t_e.2039.lab
 Utterance prob per frame = 2.610184e+01
 Processing Data: Naoki.b_e.610.htk; Label Naoki.b_e.610.lab
 Utterance prob per frame = 3.063544e+01
 Processing Data: Naoki.b_e_e_r.1079.htk; Label Naoki.b_e_e_r.1079.lab
 Utterance prob per frame = 2.812768e+01
 Processing Data: Naoki.b_o_o_k_s.844.htk; Label Naoki.b_o_o_k_s.844.lab
 Utterance prob per frame = 2.409563e+01
 Processing Data: Naoki.a_s.821.htk; Label Naoki.a_s.821.lab
 Utterance prob per frame = 3.078363e+01
 Processing Data: Naoki.a_g_e_s.2220.htk; Label Naoki.a_g_e_s.2220.lab
 Utterance prob per frame = 2.733460e+01
 Processing Data: Naoki.b_a_n_k.536.htk; Label Naoki.b_a_n_k.536.lab
 Utterance prob per frame = 2.278874e+01
 Processing Data: Naoki.a.637.htk; Label Naoki.a.637.lab
 Utterance prob per frame = 3.182194e+01
 Processing Data: Naoki.b_i_r_t_h.1861.htk; Label Naoki.b_i_r_t_h.1861.lab
 Utterance prob per frame = 2.245377e+01
 Processing Data: Naoki.b_a_l_l.1542.htk; Label Naoki.b_a_l_l.1542.lab
 Utterance prob per frame = 3.004899e+01
 Processing Data: Naoki.a_g_a_i_n.1976.htk; Label Naoki.a_g_a_i_n.1976.lab
 Utterance prob per frame = 2.547414e+01
 Processing Data: Naoki.b_i_l_l_s.1725.htk; Label Naoki.b_i_l_l_s.1725.lab
 Utterance prob per frame = 3.013184e+01
 Processing Data: Naoki.a_w_a_r_e.392.htk; Label Naoki.a_w_a_r_e.392.lab
 Utterance prob per frame = 2.382258e+01
 Processing Data: Naoki.a_b_o_u_t.1572.htk; Label Naoki.a_b_o_u_t.1572.lab
 Utterance prob per frame = 2.810596e+01
 Processing Data: Naoki.b_a_t_h.1437.htk; Label Naoki.b_a_t_h.1437.lab
 Utterance prob per frame = 1.724184e+01
 Processing Data: Naoki.a_b_o_u_t.408.htk; Label Naoki.a_b_o_u_t.408.lab
 Utterance prob per frame = 2.549781e+01
 Processing Data: Naoki.b_l_o_w.2274.htk; Label Naoki.b_l_o_w.2274.lab
 Utterance prob per frame = 2.326603e+01
 Processing Data: Naoki.a.1801.htk; Label Naoki.a.1801.lab
 Utterance prob per frame = 2.962436e+01
 Processing Data: Naoki.b_i_t_e_s.1018.htk; Label Naoki.b_i_t_e_s.1018.lab
 Utterance prob per frame = 2.638480e+01
 Processing Data: Naoki.a_g_e_s.1056.htk; Label Naoki.a_g_e_s.1056.lab
 Utterance prob per frame = 2.604186e+01
 Processing Data: Naoki.b_a_d.1972.htk; Label Naoki.b_a_d.1972.lab
 Utterance prob per frame = 2.905881e+01
 Processing Data: Naoki.a_l_l.1287.htk; Label Naoki.a_l_l.1287.lab
 Utterance prob per frame = 3.003021e+01
 Processing Data: Naoki.b_l_u_e_s.353.htk; Label Naoki.b_l_u_e_s.353.lab
 Utterance prob per frame = 2.570545e+01
 Processing Data: Naoki.b_l_a_s_t.951.htk; Label Naoki.b_l_a_s_t.951.lab
 Utterance prob per frame = 2.294215e+01
 Processing Data: Naoki.b_a_c_k.1125.htk; Label Naoki.b_a_c_k.1125.lab
 Utterance prob per frame = 2.258053e+01
 Processing Data: Naoki.a_r_e.209.htk; Label Naoki.a_r_e.209.lab
 Utterance prob per frame = 2.662370e+01
 Processing Data: Naoki.b_a_d.808.htk; Label Naoki.b_a_d.808.lab
 Utterance prob per frame = 2.543692e+01
 Processing Data: Naoki.b_l_a_s_t.2115.htk; Label Naoki.b_l_a_s_t.2115.lab
 Utterance prob per frame = 2.667650e+01
 Processing Data: Naoki.b_l_u_e_s.1517.htk; Label Naoki.b_l_u_e_s.1517.lab
 Utterance prob per frame = 1.949474e+01
 Processing Data: Naoki.a_t.623.htk; Label Naoki.a_t.623.lab
 Utterance prob per frame = 2.947417e+01
 Processing Data: Naoki.a_s_k_e_d.956.htk; Label Naoki.a_s_k_e_d.956.lab
 Utterance prob per frame = 2.491950e+01
 Processing Data: Naoki.b_e_a_r_s.999.htk; Label Naoki.b_e_a_r_s.999.lab
 Utterance prob per frame = 2.477931e+01
 Processing Data: Naoki.b_i_k_e.267.htk; Label Naoki.b_i_k_e.267.lab
 Utterance prob per frame = 2.912382e+01
 Processing Data: Naoki.b_i_t_e_s.2182.htk; Label Naoki.b_i_t_e_s.2182.lab
 Utterance prob per frame = 2.738359e+01
 Processing Data: Naoki.a_s_k.858.htk; Label Naoki.a_s_k.858.lab
 Utterance prob per frame = 2.593457e+01
 Processing Data: Naoki.b_a_l_l.378.htk; Label Naoki.b_a_l_l.378.lab
 Utterance prob per frame = 3.242331e+01
 Processing Data: Naoki.a_d_u_l_t.1966.htk; Label Naoki.a_d_u_l_t.1966.lab
 Utterance prob per frame = 2.407150e+01
 Processing Data: Naoki.b_a_s_e_s.917.htk; Label Naoki.b_a_s_e_s.917.lab
 Utterance prob per frame = 2.780911e+01
 Processing Data: Naoki.a_f_t_e_r.2139.htk; Label Naoki.a_f_t_e_r.2139.lab
 Utterance prob per frame = 2.381925e+01
 WARNING [-2331]  UpdateModels: c[3] copied: only 1 egs
 in HERest
 WARNING [-2331]  UpdateModels: f[6] copied: only 2 egs
 in HERest
 WARNING [-2331]  UpdateModels: j[10] copied: only 0 egs
 in HERest
 WARNING [-2331]  UpdateModels: m[13] copied: only 1 egs
 in HERest
 WARNING [-2331]  UpdateModels: q[17] copied: only 0 egs
 in HERest
 WARNING [-2331]  UpdateModels: v[22] copied: only 0 egs
 in HERest
 WARNING [-2331]  UpdateModels: x[24] copied: only 0 egs
 in HERest
 WARNING [-2331]  UpdateModels: z[26] copied: only 0 egs
 in HERest
Total 53 floored variance elements in 5 different mixes
Saving hmm's to dir models/hmm17
Reestimation complete - average log prob per frame = 2.634928e+01
     - total frames seen          = 1.857700e+04
HERest -A -c 500.0 -v 0.0005 -A -H models/hmm17/newMacros -I all_labels.mlf -M models/hmm18 -S lists/train.data -T 1 wordList 
HERest -A -c 500.0 -v 0.0005 -A -H models/hmm17/newMacros -I all_labels.mlf -M models/hmm18 -S lists/train.data -T 1 wordList 
HERest  ML Updating: Transitions Means Variances 

 System is PLAIN
28 Logical/28 Physical Models Loaded, VecSize=16
1 MMF input files
Pruning-Off
 Processing Data: Naoki.a_n_d.1589.htk; Label Naoki.a_n_d.1589.lab
 Utterance prob per frame = 2.361078e+01
 Processing Data: Naoki.b_i_t_e.1104.htk; Label Naoki.b_i_t_e.1104.lab
 Utterance prob per frame = 2.652570e+01
 Processing Data: Naoki.b_i_g.2098.htk; Label Naoki.b_i_g.2098.lab
 Utterance prob per frame = 2.666867e+01
 Processing Data: Naoki.b_o_o_k_s.2008.htk; Label Naoki.b_o_o_k_s.2008.lab
 Utterance prob per frame = 2.766066e+01
 Processing Data: Naoki.a_h_e_a_d.2231.htk; Label Naoki.a_h_e_a_d.2231.lab
 Utterance prob per frame = 2.459758e+01
 Processing Data: Naoki.b_o_s_s.1396.htk; Label Naoki.b_o_s_s.1396.lab
 Utterance prob per frame = 2.519259e+01
 Processing Data: Naoki.a_m.1850.htk; Label Naoki.a_m.1850.lab
 Utterance prob per frame = 2.954367e+01
 Processing Data: Naoki.a_f_t_e_r.975.htk; Label Naoki.a_f_t_e_r.975.lab
 Utterance prob per frame = 2.583731e+01
 Processing Data: Naoki.b_o_y_s.2050.htk; Label Naoki.b_o_y_s.2050.lab
 Utterance prob per frame = 3.076579e+01
 Processing Data: Naoki.b_a_n_k.1700.htk; Label Naoki.b_a_n_k.1700.lab
 Utterance prob per frame = 2.570848e+01
 Processing Data: Naoki.a_n_d.425.htk; Label Naoki.a_n_d.425.lab
 Utterance prob per frame = 2.776846e+01
 Processing Data: Naoki.a_h_e_a_d.1067.htk; Label Naoki.a_h_e_a_d.1067.lab
 Utterance prob per frame = 2.421030e+01
 Processing Data: Naoki.a_p_p_l_e.1983.htk; Label Naoki.a_p_p_l_e.1983.lab
 Utterance prob per frame = 2.928140e+01
 Processing Data: Naoki.b_i_l_l.381.htk; Label Naoki.b_i_l_l.381.lab
 Utterance prob per frame = 3.153371e+01
 Processing Data: Naoki.b_o_n_e.214.htk; Label Naoki.b_o_n_e.214.lab
 Utterance prob per frame = 2.945390e+01
 Processing Data: Naoki.a_l_l.123.htk; Label Naoki.a_l_l.123.lab
 Utterance prob per frame = 3.023987e+01
 Processing Data: Naoki.b_e_e_s.2001.htk; Label Naoki.b_e_e_s.2001.lab
 Utterance prob per frame = 2.787855e+01
 Processing Data: Naoki.a_n.1620.htk; Label Naoki.a_n.1620.lab
 Utterance prob per frame = 2.901611e+01
 Processing Data: Naoki.a_w_a_y.1807.htk; Label Naoki.a_w_a_y.1807.lab
 Utterance prob per frame = 2.228480e+01
 Processing Data: Naoki.a_r_e.1373.htk; Label Naoki.a_r_e.1373.lab
 Utterance prob per frame = 2.722286e+01
 Processing Data: Naoki.b_o_n_e.1378.htk; Label Naoki.b_o_n_e.1378.lab
 Utterance prob per frame = 2.894549e+01
 Processing Data: Naoki.b_e_e_r.2243.htk; Label Naoki.b_e_e_r.2243.lab
 Utterance prob per frame = 2.866309e+01
 Processing Data: Naoki.a_d_u_l_t.802.htk; Label Naoki.a_d_u_l_t.802.lab
 Utterance prob per frame = 1.742157e+01
 Processing Data: Naoki.a_g_a_i_n.812.htk; Label Naoki.a_g_a_i_n.812.lab
 Utterance prob per frame = 2.400425e+01
 Processing Data: Naoki.b_l_o_w.1110.htk; Label Naoki.b_l_o_w.1110.lab
 Utterance prob per frame = 2.358064e+01
 Processing Data: Naoki.b_a_r_e.1969.htk; Label Naoki.b_a_r_e.1969.lab
 Utterance prob per frame = 1.816495e+01
 Processing Data: Naoki.b_e_s_t.1540.htk; Label Naoki.b_e_s_t.1540.lab
 Utterance prob per frame = 2.444446e+01
 Processing Data: Naoki.b_i_r_t_h.697.htk; Label Naoki.b_i_r_t_h.697.lab
 Utterance prob per frame = 2.222146e+01
 Processing Data: Naoki.b_i_g.934.htk; Label Naoki.b_i_g.934.lab
 Utterance prob per frame = 3.068449e+01
 Processing Data: Naoki.b_e_e_n.2100.htk; Label Naoki.b_e_e_n.2100.lab
 Utterance prob per frame = 2.780527e+01
 Processing Data: Naoki.a_w_a_y.643.htk; Label Naoki.a_w_a_y.643.lab
 Utterance prob per frame = 2.625194e+01
 Processing Data: Naoki.b_i_l_l.1545.htk; Label Naoki.b_i_l_l.1545.lab
 Utterance prob per frame = 2.891994e+01
 Processing Data: Naoki.b_i_t_e.2268.htk; Label Naoki.b_i_t_e.2268.lab
 Utterance prob per frame = 2.406125e+01
 Processing Data: Naoki.b_e_e_s.837.htk; Label Naoki.b_e_e_s.837.lab
 Utterance prob per frame = 2.724929e+01
 Processing Data: Naoki.a_s.1985.htk; Label Naoki.a_s.1985.lab
 Utterance prob per frame = 3.609479e+01
 Processing Data: Naoki.b_i_r_d.1012.htk; Label Naoki.b_i_r_d.1012.lab
 Utterance prob per frame = 2.602978e+01
 Processing Data: Naoki.a_t_e.875.htk; Label Naoki.a_t_e.875.lab
 Utterance prob per frame = 2.640705e+01
 Processing Data: Naoki.b_o_y_s.886.htk; Label Naoki.b_o_y_s.886.lab
 Utterance prob per frame = 3.379330e+01
 Processing Data: Naoki.b_o_s_s.232.htk; Label Naoki.b_o_s_s.232.lab
 Utterance prob per frame = 2.761166e+01
 Processing Data: Naoki.b_i_k_e.1431.htk; Label Naoki.b_i_k_e.1431.lab
 Utterance prob per frame = 2.443678e+01
 Processing Data: Naoki.a_n_y.1639.htk; Label Naoki.a_n_y.1639.lab
 Utterance prob per frame = 2.802784e+01
 Processing Data: Naoki.a_t.1787.htk; Label Naoki.a_t.1787.lab
 Utterance prob per frame = 2.785512e+01
 Processing Data: Naoki.a_n_y.475.htk; Label Naoki.a_n_y.475.lab
 Utterance prob per frame = 2.406635e+01
 Processing Data: Naoki.a_s_k.2022.htk; Label Naoki.a_s_k.2022.lab
 Utterance prob per frame = 2.514321e+01
 Processing Data: Naoki.b_a_s_e_s.2081.htk; Label Naoki.b_a_s_e_s.2081.lab
 Utterance prob per frame = 2.185760e+01
 Processing Data: Naoki.b_e_a_r_s.2163.htk; Label Naoki.b_e_a_r_s.2163.lab
 Utterance prob per frame = 2.312965e+01
 Processing Data: Naoki.a_w_a_r_e.1556.htk; Label Naoki.a_w_a_r_e.1556.lab
 Utterance prob per frame = 2.354172e+01
 Processing Data: Naoki.a_s_k_e_d.2120.htk; Label Naoki.a_s_k_e_d.2120.lab
 Utterance prob per frame = 2.354295e+01
 Processing Data: Naoki.a_g_r_e_e.586.htk; Label Naoki.a_g_r_e_e.586.lab
 Utterance prob per frame = 2.575670e+01
 Processing Data: Naoki.b_a_r_e.805.htk; Label Naoki.b_a_r_e.805.lab
 Utterance prob per frame = 3.106901e+01
 Processing Data: Naoki.a_p_p_l_e.819.htk; Label Naoki.a_p_p_l_e.819.lab
 Utterance prob per frame = 2.594698e+01
 Processing Data: Naoki.a_t_e.2039.htk; Label Naoki.a_t_e.2039.lab
 Utterance prob per frame = 2.610249e+01
 Processing Data: Naoki.b_e.610.htk; Label Naoki.b_e.610.lab
 Utterance prob per frame = 3.063474e+01
 Processing Data: Naoki.b_e_e_r.1079.htk; Label Naoki.b_e_e_r.1079.lab
 Utterance prob per frame = 2.812747e+01
 Processing Data: Naoki.b_o_o_k_s.844.htk; Label Naoki.b_o_o_k_s.844.lab
 Utterance prob per frame = 2.409641e+01
 Processing Data: Naoki.a_s.821.htk; Label Naoki.a_s.821.lab
 Utterance prob per frame = 3.078386e+01
 Processing Data: Naoki.a_g_e_s.2220.htk; Label Naoki.a_g_e_s.2220.lab
 Utterance prob per frame = 2.733479e+01
 Processing Data: Naoki.b_a_n_k.536.htk; Label Naoki.b_a_n_k.536.lab
 Utterance prob per frame = 2.279026e+01
 Processing Data: Naoki.a.637.htk; Label Naoki.a.637.lab
 Utterance prob per frame = 3.182160e+01
 Processing Data: Naoki.b_i_r_t_h.1861.htk; Label Naoki.b_i_r_t_h.1861.lab
 Utterance prob per frame = 2.245393e+01
 Processing Data: Naoki.b_a_l_l.1542.htk; Label Naoki.b_a_l_l.1542.lab
 Utterance prob per frame = 3.004807e+01
 Processing Data: Naoki.a_g_a_i_n.1976.htk; Label Naoki.a_g_a_i_n.1976.lab
 Utterance prob per frame = 2.547478e+01
 Processing Data: Naoki.b_i_l_l_s.1725.htk; Label Naoki.b_i_l_l_s.1725.lab
 Utterance prob per frame = 3.013228e+01
 Processing Data: Naoki.a_w_a_r_e.392.htk; Label Naoki.a_w_a_r_e.392.lab
 Utterance prob per frame = 2.382317e+01
 Processing Data: Naoki.a_b_o_u_t.1572.htk; Label Naoki.a_b_o_u_t.1572.lab
 Utterance prob per frame = 2.810731e+01
 Processing Data: Naoki.b_a_t_h.1437.htk; Label Naoki.b_a_t_h.1437.lab
 Utterance prob per frame = 1.724210e+01
 Processing Data: Naoki.a_b_o_u_t.408.htk; Label Naoki.a_b_o_u_t.408.lab
 Utterance prob per frame = 2.549852e+01
 Processing Data: Naoki.b_l_o_w.2274.htk; Label Naoki.b_l_o_w.2274.lab
 Utterance prob per frame = 2.326641e+01
 Processing Data: Naoki.a.1801.htk; Label Naoki.a.1801.lab
 Utterance prob per frame = 2.961838e+01
 Processing Data: Naoki.b_i_t_e_s.1018.htk; Label Naoki.b_i_t_e_s.1018.lab
 Utterance prob per frame = 2.638446e+01
 Processing Data: Naoki.a_g_e_s.1056.htk; Label Naoki.a_g_e_s.1056.lab
 Utterance prob per frame = 2.604209e+01
 Processing Data: Naoki.b_a_d.1972.htk; Label Naoki.b_a_d.1972.lab
 Utterance prob per frame = 2.905689e+01
 Processing Data: Naoki.a_l_l.1287.htk; Label Naoki.a_l_l.1287.lab
 Utterance prob per frame = 3.003129e+01
 Processing Data: Naoki.b_l_u_e_s.353.htk; Label Naoki.b_l_u_e_s.353.lab
 Utterance prob per frame = 2.570546e+01
 Processing Data: Naoki.b_l_a_s_t.951.htk; Label Naoki.b_l_a_s_t.951.lab
 Utterance prob per frame = 2.294336e+01
 Processing Data: Naoki.b_a_c_k.1125.htk; Label Naoki.b_a_c_k.1125.lab
 Utterance prob per frame = 2.257910e+01
 Processing Data: Naoki.a_r_e.209.htk; Label Naoki.a_r_e.209.lab
 Utterance prob per frame = 2.662388e+01
 Processing Data: Naoki.b_a_d.808.htk; Label Naoki.b_a_d.808.lab
 Utterance prob per frame = 2.543525e+01
 Processing Data: Naoki.b_l_a_s_t.2115.htk; Label Naoki.b_l_a_s_t.2115.lab
 Utterance prob per frame = 2.667671e+01
 Processing Data: Naoki.b_l_u_e_s.1517.htk; Label Naoki.b_l_u_e_s.1517.lab
 Utterance prob per frame = 1.949517e+01
 Processing Data: Naoki.a_t.623.htk; Label Naoki.a_t.623.lab
 Utterance prob per frame = 2.947471e+01
 Processing Data: Naoki.a_s_k_e_d.956.htk; Label Naoki.a_s_k_e_d.956.lab
 Utterance prob per frame = 2.491958e+01
 Processing Data: Naoki.b_e_a_r_s.999.htk; Label Naoki.b_e_a_r_s.999.lab
 Utterance prob per frame = 2.477887e+01
 Processing Data: Naoki.b_i_k_e.267.htk; Label Naoki.b_i_k_e.267.lab
 Utterance prob per frame = 2.912397e+01
 Processing Data: Naoki.b_i_t_e_s.2182.htk; Label Naoki.b_i_t_e_s.2182.lab
 Utterance prob per frame = 2.738466e+01
 Processing Data: Naoki.a_s_k.858.htk; Label Naoki.a_s_k.858.lab
 Utterance prob per frame = 2.593453e+01
 Processing Data: Naoki.b_a_l_l.378.htk; Label Naoki.b_a_l_l.378.lab
 Utterance prob per frame = 3.242203e+01
 Processing Data: Naoki.a_d_u_l_t.1966.htk; Label Naoki.a_d_u_l_t.1966.lab
 Utterance prob per frame = 2.407161e+01
 Processing Data: Naoki.b_a_s_e_s.917.htk; Label Naoki.b_a_s_e_s.917.lab
 Utterance prob per frame = 2.780933e+01
 Processing Data: Naoki.a_f_t_e_r.2139.htk; Label Naoki.a_f_t_e_r.2139.lab
 Utterance prob per frame = 2.381929e+01
 WARNING [-2331]  UpdateModels: c[3] copied: only 1 egs
 in HERest
 WARNING [-2331]  UpdateModels: f[6] copied: only 2 egs
 in HERest
 WARNING [-2331]  UpdateModels: j[10] copied: only 0 egs
 in HERest
 WARNING [-2331]  UpdateModels: m[13] copied: only 1 egs
 in HERest
 WARNING [-2331]  UpdateModels: q[17] copied: only 0 egs
 in HERest
 WARNING [-2331]  UpdateModels: v[22] copied: only 0 egs
 in HERest
 WARNING [-2331]  UpdateModels: x[24] copied: only 0 egs
 in HERest
 WARNING [-2331]  UpdateModels: z[26] copied: only 0 egs
 in HERest
Total 53 floored variance elements in 5 different mixes
Saving hmm's to dir models/hmm18
Reestimation complete - average log prob per frame = 2.634929e+01
     - total frames seen          = 1.857700e+04
HERest -A -c 500.0 -v 0.0005 -A -H models/hmm18/newMacros -I all_labels.mlf -M models/hmm19 -S lists/train.data -T 1 wordList 
HERest -A -c 500.0 -v 0.0005 -A -H models/hmm18/newMacros -I all_labels.mlf -M models/hmm19 -S lists/train.data -T 1 wordList 
HERest  ML Updating: Transitions Means Variances 

 System is PLAIN
28 Logical/28 Physical Models Loaded, VecSize=16
1 MMF input files
Pruning-Off
 Processing Data: Naoki.a_n_d.1589.htk; Label Naoki.a_n_d.1589.lab
 Utterance prob per frame = 2.361073e+01
 Processing Data: Naoki.b_i_t_e.1104.htk; Label Naoki.b_i_t_e.1104.lab
 Utterance prob per frame = 2.652628e+01
 Processing Data: Naoki.b_i_g.2098.htk; Label Naoki.b_i_g.2098.lab
 Utterance prob per frame = 2.666900e+01
 Processing Data: Naoki.b_o_o_k_s.2008.htk; Label Naoki.b_o_o_k_s.2008.lab
 Utterance prob per frame = 2.766176e+01
 Processing Data: Naoki.a_h_e_a_d.2231.htk; Label Naoki.a_h_e_a_d.2231.lab
 Utterance prob per frame = 2.459659e+01
 Processing Data: Naoki.b_o_s_s.1396.htk; Label Naoki.b_o_s_s.1396.lab
 Utterance prob per frame = 2.519142e+01
 Processing Data: Naoki.a_m.1850.htk; Label Naoki.a_m.1850.lab
 Utterance prob per frame = 2.954256e+01
 Processing Data: Naoki.a_f_t_e_r.975.htk; Label Naoki.a_f_t_e_r.975.lab
 Utterance prob per frame = 2.583772e+01
 Processing Data: Naoki.b_o_y_s.2050.htk; Label Naoki.b_o_y_s.2050.lab
 Utterance prob per frame = 3.076617e+01
 Processing Data: Naoki.b_a_n_k.1700.htk; Label Naoki.b_a_n_k.1700.lab
 Utterance prob per frame = 2.570684e+01
 Processing Data: Naoki.a_n_d.425.htk; Label Naoki.a_n_d.425.lab
 Utterance prob per frame = 2.776900e+01
 Processing Data: Naoki.a_h_e_a_d.1067.htk; Label Naoki.a_h_e_a_d.1067.lab
 Utterance prob per frame = 2.421029e+01
 Processing Data: Naoki.a_p_p_l_e.1983.htk; Label Naoki.a_p_p_l_e.1983.lab
 Utterance prob per frame = 2.928191e+01
 Processing Data: Naoki.b_i_l_l.381.htk; Label Naoki.b_i_l_l.381.lab
 Utterance prob per frame = 3.153452e+01
 Processing Data: Naoki.b_o_n_e.214.htk; Label Naoki.b_o_n_e.214.lab
 Utterance prob per frame = 2.945445e+01
 Processing Data: Naoki.a_l_l.123.htk; Label Naoki.a_l_l.123.lab
 Utterance prob per frame = 3.023974e+01
 Processing Data: Naoki.b_e_e_s.2001.htk; Label Naoki.b_e_e_s.2001.lab
 Utterance prob per frame = 2.787852e+01
 Processing Data: Naoki.a_n.1620.htk; Label Naoki.a_n.1620.lab
 Utterance prob per frame = 2.901648e+01
 Processing Data: Naoki.a_w_a_y.1807.htk; Label Naoki.a_w_a_y.1807.lab
 Utterance prob per frame = 2.228501e+01
 Processing Data: Naoki.a_r_e.1373.htk; Label Naoki.a_r_e.1373.lab
 Utterance prob per frame = 2.722323e+01
 Processing Data: Naoki.b_o_n_e.1378.htk; Label Naoki.b_o_n_e.1378.lab
 Utterance prob per frame = 2.894621e+01
 Processing Data: Naoki.b_e_e_r.2243.htk; Label Naoki.b_e_e_r.2243.lab
 Utterance prob per frame = 2.866218e+01
 Processing Data: Naoki.a_d_u_l_t.802.htk; Label Naoki.a_d_u_l_t.802.lab
 Utterance prob per frame = 1.742373e+01
 Processing Data: Naoki.a_g_a_i_n.812.htk; Label Naoki.a_g_a_i_n.812.lab
 Utterance prob per frame = 2.400171e+01
 Processing Data: Naoki.b_l_o_w.1110.htk; Label Naoki.b_l_o_w.1110.lab
 Utterance prob per frame = 2.358114e+01
 Processing Data: Naoki.b_a_r_e.1969.htk; Label Naoki.b_a_r_e.1969.lab
 Utterance prob per frame = 1.816337e+01
 Processing Data: Naoki.b_e_s_t.1540.htk; Label Naoki.b_e_s_t.1540.lab
 Utterance prob per frame = 2.444403e+01
 Processing Data: Naoki.b_i_r_t_h.697.htk; Label Naoki.b_i_r_t_h.697.lab
 Utterance prob per frame = 2.222162e+01
 Processing Data: Naoki.b_i_g.934.htk; Label Naoki.b_i_g.934.lab
 Utterance prob per frame = 3.068587e+01
 Processing Data: Naoki.b_e_e_n.2100.htk; Label Naoki.b_e_e_n.2100.lab
 Utterance prob per frame = 2.780471e+01
 Processing Data: Naoki.a_w_a_y.643.htk; Label Naoki.a_w_a_y.643.lab
 Utterance prob per frame = 2.625203e+01
 Processing Data: Naoki.b_i_l_l.1545.htk; Label Naoki.b_i_l_l.1545.lab
 Utterance prob per frame = 2.891884e+01
 Processing Data: Naoki.b_i_t_e.2268.htk; Label Naoki.b_i_t_e.2268.lab
 Utterance prob per frame = 2.406036e+01
 Processing Data: Naoki.b_e_e_s.837.htk; Label Naoki.b_e_e_s.837.lab
 Utterance prob per frame = 2.724850e+01
 Processing Data: Naoki.a_s.1985.htk; Label Naoki.a_s.1985.lab
 Utterance prob per frame = 3.609378e+01
 Processing Data: Naoki.b_i_r_d.1012.htk; Label Naoki.b_i_r_d.1012.lab
 Utterance prob per frame = 2.603001e+01
 Processing Data: Naoki.a_t_e.875.htk; Label Naoki.a_t_e.875.lab
 Utterance prob per frame = 2.640776e+01
 Processing Data: Naoki.b_o_y_s.886.htk; Label Naoki.b_o_y_s.886.lab
 Utterance prob per frame = 3.379342e+01
 Processing Data: Naoki.b_o_s_s.232.htk; Label Naoki.b_o_s_s.232.lab
 Utterance prob per frame = 2.761230e+01
 Processing Data: Naoki.b_i_k_e.1431.htk; Label Naoki.b_i_k_e.1431.lab
 Utterance prob per frame = 2.443646e+01
 Processing Data: Naoki.a_n_y.1639.htk; Label Naoki.a_n_y.1639.lab
 Utterance prob per frame = 2.802781e+01
 Processing Data: Naoki.a_t.1787.htk; Label Naoki.a_t.1787.lab
 Utterance prob per frame = 2.785584e+01
 Processing Data: Naoki.a_n_y.475.htk; Label Naoki.a_n_y.475.lab
 Utterance prob per frame = 2.406663e+01
 Processing Data: Naoki.a_s_k.2022.htk; Label Naoki.a_s_k.2022.lab
 Utterance prob per frame = 2.514292e+01
 Processing Data: Naoki.b_a_s_e_s.2081.htk; Label Naoki.b_a_s_e_s.2081.lab
 Utterance prob per frame = 2.185747e+01
 Processing Data: Naoki.b_e_a_r_s.2163.htk; Label Naoki.b_e_a_r_s.2163.lab
 Utterance prob per frame = 2.312994e+01
 Processing Data: Naoki.a_w_a_r_e.1556.htk; Label Naoki.a_w_a_r_e.1556.lab
 Utterance prob per frame = 2.354107e+01
 Processing Data: Naoki.a_s_k_e_d.2120.htk; Label Naoki.a_s_k_e_d.2120.lab
 Utterance prob per frame = 2.354332e+01
 Processing Data: Naoki.a_g_r_e_e.586.htk; Label Naoki.a_g_r_e_e.586.lab
 Utterance prob per frame = 2.575713e+01
 Processing Data: Naoki.b_a_r_e.805.htk; Label Naoki.b_a_r_e.805.lab
 Utterance prob per frame = 3.106901e+01
 Processing Data: Naoki.a_p_p_l_e.819.htk; Label Naoki.a_p_p_l_e.819.lab
 Utterance prob per frame = 2.594731e+01
 Processing Data: Naoki.a_t_e.2039.htk; Label Naoki.a_t_e.2039.lab
 Utterance prob per frame = 2.610337e+01
 Processing Data: Naoki.b_e.610.htk; Label Naoki.b_e.610.lab
 Utterance prob per frame = 3.063386e+01
 Processing Data: Naoki.b_e_e_r.1079.htk; Label Naoki.b_e_e_r.1079.lab
 Utterance prob per frame = 2.812717e+01
 Processing Data: Naoki.b_o_o_k_s.844.htk; Label Naoki.b_o_o_k_s.844.lab
 Utterance prob per frame = 2.409738e+01
 Processing Data: Naoki.a_s.821.htk; Label Naoki.a_s.821.lab
 Utterance prob per frame = 3.078417e+01
 Processing Data: Naoki.a_g_e_s.2220.htk; Label Naoki.a_g_e_s.2220.lab
 Utterance prob per frame = 2.733512e+01
 Processing Data: Naoki.b_a_n_k.536.htk; Label Naoki.b_a_n_k.536.lab
 Utterance prob per frame = 2.279319e+01
 Processing Data: Naoki.a.637.htk; Label Naoki.a.637.lab
 Utterance prob per frame = 3.182113e+01
 Processing Data: Naoki.b_i_r_t_h.1861.htk; Label Naoki.b_i_r_t_h.1861.lab
 Utterance prob per frame = 2.245414e+01
 Processing Data: Naoki.b_a_l_l.1542.htk; Label Naoki.b_a_l_l.1542.lab
 Utterance prob per frame = 3.004689e+01
 Processing Data: Naoki.a_g_a_i_n.1976.htk; Label Naoki.a_g_a_i_n.1976.lab
 Utterance prob per frame = 2.547553e+01
 Processing Data: Naoki.b_i_l_l_s.1725.htk; Label Naoki.b_i_l_l_s.1725.lab
 Utterance prob per frame = 3.013265e+01
 Processing Data: Naoki.a_w_a_r_e.392.htk; Label Naoki.a_w_a_r_e.392.lab
 Utterance prob per frame = 2.382390e+01
 Processing Data: Naoki.a_b_o_u_t.1572.htk; Label Naoki.a_b_o_u_t.1572.lab
 Utterance prob per frame = 2.810913e+01
 Processing Data: Naoki.b_a_t_h.1437.htk; Label Naoki.b_a_t_h.1437.lab
 Utterance prob per frame = 1.724239e+01
 Processing Data: Naoki.a_b_o_u_t.408.htk; Label Naoki.a_b_o_u_t.408.lab
 Utterance prob per frame = 2.549939e+01
 Processing Data: Naoki.b_l_o_w.2274.htk; Label Naoki.b_l_o_w.2274.lab
 Utterance prob per frame = 2.326688e+01
 Processing Data: Naoki.a.1801.htk; Label Naoki.a.1801.lab
 Utterance prob per frame = 2.961066e+01
 Processing Data: Naoki.b_i_t_e_s.1018.htk; Label Naoki.b_i_t_e_s.1018.lab
 Utterance prob per frame = 2.638395e+01
 Processing Data: Naoki.a_g_e_s.1056.htk; Label Naoki.a_g_e_s.1056.lab
 Utterance prob per frame = 2.604252e+01
 Processing Data: Naoki.b_a_d.1972.htk; Label Naoki.b_a_d.1972.lab
 Utterance prob per frame = 2.905442e+01
 Processing Data: Naoki.a_l_l.1287.htk; Label Naoki.a_l_l.1287.lab
 Utterance prob per frame = 3.003267e+01
 Processing Data: Naoki.b_l_u_e_s.353.htk; Label Naoki.b_l_u_e_s.353.lab
 Utterance prob per frame = 2.570538e+01
 Processing Data: Naoki.b_l_a_s_t.951.htk; Label Naoki.b_l_a_s_t.951.lab
 Utterance prob per frame = 2.294492e+01
 Processing Data: Naoki.b_a_c_k.1125.htk; Label Naoki.b_a_c_k.1125.lab
 Utterance prob per frame = 2.257727e+01
 Processing Data: Naoki.a_r_e.209.htk; Label Naoki.a_r_e.209.lab
 Utterance prob per frame = 2.662412e+01
 Processing Data: Naoki.b_a_d.808.htk; Label Naoki.b_a_d.808.lab
 Utterance prob per frame = 2.543321e+01
 Processing Data: Naoki.b_l_a_s_t.2115.htk; Label Naoki.b_l_a_s_t.2115.lab
 Utterance prob per frame = 2.667698e+01
 Processing Data: Naoki.b_l_u_e_s.1517.htk; Label Naoki.b_l_u_e_s.1517.lab
 Utterance prob per frame = 1.949564e+01
 Processing Data: Naoki.a_t.623.htk; Label Naoki.a_t.623.lab
 Utterance prob per frame = 2.947541e+01
 Processing Data: Naoki.a_s_k_e_d.956.htk; Label Naoki.a_s_k_e_d.956.lab
 Utterance prob per frame = 2.491970e+01
 Processing Data: Naoki.b_e_a_r_s.999.htk; Label Naoki.b_e_a_r_s.999.lab
 Utterance prob per frame = 2.477831e+01
 Processing Data: Naoki.b_i_k_e.267.htk; Label Naoki.b_i_k_e.267.lab
 Utterance prob per frame = 2.912428e+01
 Processing Data: Naoki.b_i_t_e_s.2182.htk; Label Naoki.b_i_t_e_s.2182.lab
 Utterance prob per frame = 2.738603e+01
 Processing Data: Naoki.a_s_k.858.htk; Label Naoki.a_s_k.858.lab
 Utterance prob per frame = 2.593446e+01
 Processing Data: Naoki.b_a_l_l.378.htk; Label Naoki.b_a_l_l.378.lab
 Utterance prob per frame = 3.242038e+01
 Processing Data: Naoki.a_d_u_l_t.1966.htk; Label Naoki.a_d_u_l_t.1966.lab
 Utterance prob per frame = 2.407178e+01
 Processing Data: Naoki.b_a_s_e_s.917.htk; Label Naoki.b_a_s_e_s.917.lab
 Utterance prob per frame = 2.780962e+01
 Processing Data: Naoki.a_f_t_e_r.2139.htk; Label Naoki.a_f_t_e_r.2139.lab
 Utterance prob per frame = 2.381935e+01
 WARNING [-2331]  UpdateModels: c[3] copied: only 1 egs
 in HERest
 WARNING [-2331]  UpdateModels: f[6] copied: only 2 egs
 in HERest
 WARNING [-2331]  UpdateModels: j[10] copied: only 0 egs
 in HERest
 WARNING [-2331]  UpdateModels: m[13] copied: only 1 egs
 in HERest
 WARNING [-2331]  UpdateModels: q[17] copied: only 0 egs
 in HERest
 WARNING [-2331]  UpdateModels: v[22] copied: only 0 egs
 in HERest
 WARNING [-2331]  UpdateModels: x[24] copied: only 0 egs
 in HERest
 WARNING [-2331]  UpdateModels: z[26] copied: only 0 egs
 in HERest
Total 53 floored variance elements in 5 different mixes
Saving hmm's to dir models/hmm19
Reestimation complete - average log prob per frame = 2.634930e+01
     - total frames seen          = 1.857700e+04
HERest -A -c 500.0 -v 0.0005 -A -H models/hmm19/newMacros -I all_labels.mlf -M models/hmm20 -S lists/train.data -T 1 wordList 
HERest -A -c 500.0 -v 0.0005 -A -H models/hmm19/newMacros -I all_labels.mlf -M models/hmm20 -S lists/train.data -T 1 wordList 
HERest  ML Updating: Transitions Means Variances 

 System is PLAIN
28 Logical/28 Physical Models Loaded, VecSize=16
1 MMF input files
Pruning-Off
 Processing Data: Naoki.a_n_d.1589.htk; Label Naoki.a_n_d.1589.lab
 Utterance prob per frame = 2.361069e+01
 Processing Data: Naoki.b_i_t_e.1104.htk; Label Naoki.b_i_t_e.1104.lab
 Utterance prob per frame = 2.652670e+01
 Processing Data: Naoki.b_i_g.2098.htk; Label Naoki.b_i_g.2098.lab
 Utterance prob per frame = 2.666924e+01
 Processing Data: Naoki.b_o_o_k_s.2008.htk; Label Naoki.b_o_o_k_s.2008.lab
 Utterance prob per frame = 2.766265e+01
 Processing Data: Naoki.a_h_e_a_d.2231.htk; Label Naoki.a_h_e_a_d.2231.lab
 Utterance prob per frame = 2.459573e+01
 Processing Data: Naoki.b_o_s_s.1396.htk; Label Naoki.b_o_s_s.1396.lab
 Utterance prob per frame = 2.519050e+01
 Processing Data: Naoki.a_m.1850.htk; Label Naoki.a_m.1850.lab
 Utterance prob per frame = 2.954167e+01
 Processing Data: Naoki.a_f_t_e_r.975.htk; Label Naoki.a_f_t_e_r.975.lab
 Utterance prob per frame = 2.583807e+01
 Processing Data: Naoki.b_o_y_s.2050.htk; Label Naoki.b_o_y_s.2050.lab
 Utterance prob per frame = 3.076648e+01
 Processing Data: Naoki.b_a_n_k.1700.htk; Label Naoki.b_a_n_k.1700.lab
 Utterance prob per frame = 2.570552e+01
 Processing Data: Naoki.a_n_d.425.htk; Label Naoki.a_n_d.425.lab
 Utterance prob per frame = 2.776943e+01
 Processing Data: Naoki.a_h_e_a_d.1067.htk; Label Naoki.a_h_e_a_d.1067.lab
 Utterance prob per frame = 2.421029e+01
 Processing Data: Naoki.a_p_p_l_e.1983.htk; Label Naoki.a_p_p_l_e.1983.lab
 Utterance prob per frame = 2.928234e+01
 Processing Data: Naoki.b_i_l_l.381.htk; Label Naoki.b_i_l_l.381.lab
 Utterance prob per frame = 3.153522e+01
 Processing Data: Naoki.b_o_n_e.214.htk; Label Naoki.b_o_n_e.214.lab
 Utterance prob per frame = 2.945487e+01
 Processing Data: Naoki.a_l_l.123.htk; Label Naoki.a_l_l.123.lab
 Utterance prob per frame = 3.023960e+01
 Processing Data: Naoki.b_e_e_s.2001.htk; Label Naoki.b_e_e_s.2001.lab
 Utterance prob per frame = 2.787842e+01
 Processing Data: Naoki.a_n.1620.htk; Label Naoki.a_n.1620.lab
 Utterance prob per frame = 2.901677e+01
 Processing Data: Naoki.a_w_a_y.1807.htk; Label Naoki.a_w_a_y.1807.lab
 Utterance prob per frame = 2.228518e+01
 Processing Data: Naoki.a_r_e.1373.htk; Label Naoki.a_r_e.1373.lab
 Utterance prob per frame = 2.722349e+01
 Processing Data: Naoki.b_o_n_e.1378.htk; Label Naoki.b_o_n_e.1378.lab
 Utterance prob per frame = 2.894680e+01
 Processing Data: Naoki.b_e_e_r.2243.htk; Label Naoki.b_e_e_r.2243.lab
 Utterance prob per frame = 2.866144e+01
 Processing Data: Naoki.a_d_u_l_t.802.htk; Label Naoki.a_d_u_l_t.802.lab
 Utterance prob per frame = 1.742561e+01
 Processing Data: Naoki.a_g_a_i_n.812.htk; Label Naoki.a_g_a_i_n.812.lab
 Utterance prob per frame = 2.399960e+01
 Processing Data: Naoki.b_l_o_w.1110.htk; Label Naoki.b_l_o_w.1110.lab
 Utterance prob per frame = 2.358145e+01
 Processing Data: Naoki.b_a_r_e.1969.htk; Label Naoki.b_a_r_e.1969.lab
 Utterance prob per frame = 1.816208e+01
 Processing Data: Naoki.b_e_s_t.1540.htk; Label Naoki.b_e_s_t.1540.lab
 Utterance prob per frame = 2.444376e+01
 Processing Data: Naoki.b_i_r_t_h.697.htk; Label Naoki.b_i_r_t_h.697.lab
 Utterance prob per frame = 2.222169e+01
 Processing Data: Naoki.b_i_g.934.htk; Label Naoki.b_i_g.934.lab
 Utterance prob per frame = 3.068692e+01
 Processing Data: Naoki.b_e_e_n.2100.htk; Label Naoki.b_e_e_n.2100.lab
 Utterance prob per frame = 2.780427e+01
 Processing Data: Naoki.a_w_a_y.643.htk; Label Naoki.a_w_a_y.643.lab
 Utterance prob per frame = 2.625208e+01
 Processing Data: Naoki.b_i_l_l.1545.htk; Label Naoki.b_i_l_l.1545.lab
 Utterance prob per frame = 2.891799e+01
 Processing Data: Naoki.b_i_t_e.2268.htk; Label Naoki.b_i_t_e.2268.lab
 Utterance prob per frame = 2.405961e+01
 Processing Data: Naoki.b_e_e_s.837.htk; Label Naoki.b_e_e_s.837.lab
 Utterance prob per frame = 2.724786e+01
 Processing Data: Naoki.a_s.1985.htk; Label Naoki.a_s.1985.lab
 Utterance prob per frame = 3.609296e+01
 Processing Data: Naoki.b_i_r_d.1012.htk; Label Naoki.b_i_r_d.1012.lab
 Utterance prob per frame = 2.603015e+01
 Processing Data: Naoki.a_t_e.875.htk; Label Naoki.a_t_e.875.lab
 Utterance prob per frame = 2.640833e+01
 Processing Data: Naoki.b_o_y_s.886.htk; Label Naoki.b_o_y_s.886.lab
 Utterance prob per frame = 3.379354e+01
 Processing Data: Naoki.b_o_s_s.232.htk; Label Naoki.b_o_s_s.232.lab
 Utterance prob per frame = 2.761284e+01
 Processing Data: Naoki.b_i_k_e.1431.htk; Label Naoki.b_i_k_e.1431.lab
 Utterance prob per frame = 2.443622e+01
 Processing Data: Naoki.a_n_y.1639.htk; Label Naoki.a_n_y.1639.lab
 Utterance prob per frame = 2.802774e+01
 Processing Data: Naoki.a_t.1787.htk; Label Naoki.a_t.1787.lab
 Utterance prob per frame = 2.785642e+01
 Processing Data: Naoki.a_n_y.475.htk; Label Naoki.a_n_y.475.lab
 Utterance prob per frame = 2.406686e+01
 Processing Data: Naoki.a_s_k.2022.htk; Label Naoki.a_s_k.2022.lab
 Utterance prob per frame = 2.514270e+01
 Processing Data: Naoki.b_a_s_e_s.2081.htk; Label Naoki.b_a_s_e_s.2081.lab
 Utterance prob per frame = 2.185754e+01
 Processing Data: Naoki.b_e_a_r_s.2163.htk; Label Naoki.b_e_a_r_s.2163.lab
 Utterance prob per frame = 2.313014e+01
 Processing Data: Naoki.a_w_a_r_e.1556.htk; Label Naoki.a_w_a_r_e.1556.lab
 Utterance prob per frame = 2.354054e+01
 Processing Data: Naoki.a_s_k_e_d.2120.htk; Label Naoki.a_s_k_e_d.2120.lab
 Utterance prob per frame = 2.354361e+01
 Processing Data: Naoki.a_g_r_e_e.586.htk; Label Naoki.a_g_r_e_e.586.lab
 Utterance prob per frame = 2.575744e+01
 Processing Data: Naoki.b_a_r_e.805.htk; Label Naoki.b_a_r_e.805.lab
 Utterance prob per frame = 3.106900e+01
 Processing Data: Naoki.a_p_p_l_e.819.htk; Label Naoki.a_p_p_l_e.819.lab
 Utterance prob per frame = 2.594760e+01
 Processing Data: Naoki.a_t_e.2039.htk; Label Naoki.a_t_e.2039.lab
 Utterance prob per frame = 2.610408e+01
 Processing Data: Naoki.b_e.610.htk; Label Naoki.b_e.610.lab
 Utterance prob per frame = 3.063319e+01
 Processing Data: Naoki.b_e_e_r.1079.htk; Label Naoki.b_e_e_r.1079.lab
 Utterance prob per frame = 2.812690e+01
 Processing Data: Naoki.b_o_o_k_s.844.htk; Label Naoki.b_o_o_k_s.844.lab
 Utterance prob per frame = 2.409813e+01
 Processing Data: Naoki.a_s.821.htk; Label Naoki.a_s.821.lab
 Utterance prob per frame = 3.078445e+01
 Processing Data: Naoki.a_g_e_s.2220.htk; Label Naoki.a_g_e_s.2220.lab
 Utterance prob per frame = 2.733542e+01
 Processing Data: Naoki.b_a_n_k.536.htk; Label Naoki.b_a_n_k.536.lab
 Utterance prob per frame = 2.279593e+01
 Processing Data: Naoki.a.637.htk; Label Naoki.a.637.lab
 Utterance prob per frame = 3.182072e+01
 Processing Data: Naoki.b_i_r_t_h.1861.htk; Label Naoki.b_i_r_t_h.1861.lab
 Utterance prob per frame = 2.245430e+01
 Processing Data: Naoki.b_a_l_l.1542.htk; Label Naoki.b_a_l_l.1542.lab
 Utterance prob per frame = 3.004593e+01
 Processing Data: Naoki.a_g_a_i_n.1976.htk; Label Naoki.a_g_a_i_n.1976.lab
 Utterance prob per frame = 2.547610e+01
 Processing Data: Naoki.b_i_l_l_s.1725.htk; Label Naoki.b_i_l_l_s.1725.lab
 Utterance prob per frame = 3.013288e+01
 Processing Data: Naoki.a_w_a_r_e.392.htk; Label Naoki.a_w_a_r_e.392.lab
 Utterance prob per frame = 2.382444e+01
 Processing Data: Naoki.a_b_o_u_t.1572.htk; Label Naoki.a_b_o_u_t.1572.lab
 Utterance prob per frame = 2.811060e+01
 Processing Data: Naoki.b_a_t_h.1437.htk; Label Naoki.b_a_t_h.1437.lab
 Utterance prob per frame = 1.724264e+01
 Processing Data: Naoki.a_b_o_u_t.408.htk; Label Naoki.a_b_o_u_t.408.lab
 Utterance prob per frame = 2.550006e+01
 Processing Data: Naoki.b_l_o_w.2274.htk; Label Naoki.b_l_o_w.2274.lab
 Utterance prob per frame = 2.326723e+01
 Processing Data: Naoki.a.1801.htk; Label Naoki.a.1801.lab
 Utterance prob per frame = 2.960448e+01
 Processing Data: Naoki.b_i_t_e_s.1018.htk; Label Naoki.b_i_t_e_s.1018.lab
 Utterance prob per frame = 2.638351e+01
 Processing Data: Naoki.a_g_e_s.1056.htk; Label Naoki.a_g_e_s.1056.lab
 Utterance prob per frame = 2.604286e+01
 Processing Data: Naoki.b_a_d.1972.htk; Label Naoki.b_a_d.1972.lab
 Utterance prob per frame = 2.905244e+01
 Processing Data: Naoki.a_l_l.1287.htk; Label Naoki.a_l_l.1287.lab
 Utterance prob per frame = 3.003381e+01
 Processing Data: Naoki.b_l_u_e_s.353.htk; Label Naoki.b_l_u_e_s.353.lab
 Utterance prob per frame = 2.570533e+01
 Processing Data: Naoki.b_l_a_s_t.951.htk; Label Naoki.b_l_a_s_t.951.lab
 Utterance prob per frame = 2.294624e+01
 Processing Data: Naoki.b_a_c_k.1125.htk; Label Naoki.b_a_c_k.1125.lab
 Utterance prob per frame = 2.257579e+01
 Processing Data: Naoki.a_r_e.209.htk; Label Naoki.a_r_e.209.lab
 Utterance prob per frame = 2.662431e+01
 Processing Data: Naoki.b_a_d.808.htk; Label Naoki.b_a_d.808.lab
 Utterance prob per frame = 2.543154e+01
 Processing Data: Naoki.b_l_a_s_t.2115.htk; Label Naoki.b_l_a_s_t.2115.lab
 Utterance prob per frame = 2.667725e+01
 Processing Data: Naoki.b_l_u_e_s.1517.htk; Label Naoki.b_l_u_e_s.1517.lab
 Utterance prob per frame = 1.949598e+01
 Processing Data: Naoki.a_t.623.htk; Label Naoki.a_t.623.lab
 Utterance prob per frame = 2.947601e+01
 Processing Data: Naoki.a_s_k_e_d.956.htk; Label Naoki.a_s_k_e_d.956.lab
 Utterance prob per frame = 2.491982e+01
 Processing Data: Naoki.b_e_a_r_s.999.htk; Label Naoki.b_e_a_r_s.999.lab
 Utterance prob per frame = 2.477781e+01
 Processing Data: Naoki.b_i_k_e.267.htk; Label Naoki.b_i_k_e.267.lab
 Utterance prob per frame = 2.912452e+01
 Processing Data: Naoki.b_i_t_e_s.2182.htk; Label Naoki.b_i_t_e_s.2182.lab
 Utterance prob per frame = 2.738701e+01
 Processing Data: Naoki.a_s_k.858.htk; Label Naoki.a_s_k.858.lab
 Utterance prob per frame = 2.593444e+01
 Processing Data: Naoki.b_a_l_l.378.htk; Label Naoki.b_a_l_l.378.lab
 Utterance prob per frame = 3.241900e+01
 Processing Data: Naoki.a_d_u_l_t.1966.htk; Label Naoki.a_d_u_l_t.1966.lab
 Utterance prob per frame = 2.407191e+01
 Processing Data: Naoki.b_a_s_e_s.917.htk; Label Naoki.b_a_s_e_s.917.lab
 Utterance prob per frame = 2.780984e+01
 Processing Data: Naoki.a_f_t_e_r.2139.htk; Label Naoki.a_f_t_e_r.2139.lab
 Utterance prob per frame = 2.381937e+01
 WARNING [-2331]  UpdateModels: c[3] copied: only 1 egs
 in HERest
 WARNING [-2331]  UpdateModels: f[6] copied: only 2 egs
 in HERest
 WARNING [-2331]  UpdateModels: j[10] copied: only 0 egs
 in HERest
 WARNING [-2331]  UpdateModels: m[13] copied: only 1 egs
 in HERest
 WARNING [-2331]  UpdateModels: q[17] copied: only 0 egs
 in HERest
 WARNING [-2331]  UpdateModels: v[22] copied: only 0 egs
 in HERest
 WARNING [-2331]  UpdateModels: x[24] copied: only 0 egs
 in HERest
 WARNING [-2331]  UpdateModels: z[26] copied: only 0 egs
 in HERest
Total 53 floored variance elements in 5 different mixes
Saving hmm's to dir models/hmm20
Reestimation complete - average log prob per frame = 2.634931e+01
     - total frames seen          = 1.857700e+04
HERest -A -c 500.0 -v 0.0005 -A -H models/hmm20/newMacros -I all_labels.mlf -M models/hmm21 -S lists/train.data -T 1 wordList 
HERest -A -c 500.0 -v 0.0005 -A -H models/hmm20/newMacros -I all_labels.mlf -M models/hmm21 -S lists/train.data -T 1 wordList 
HERest  ML Updating: Transitions Means Variances 

 System is PLAIN
28 Logical/28 Physical Models Loaded, VecSize=16
1 MMF input files
Pruning-Off
 Processing Data: Naoki.a_n_d.1589.htk; Label Naoki.a_n_d.1589.lab
 Utterance prob per frame = 2.361067e+01
 Processing Data: Naoki.b_i_t_e.1104.htk; Label Naoki.b_i_t_e.1104.lab
 Utterance prob per frame = 2.652686e+01
 Processing Data: Naoki.b_i_g.2098.htk; Label Naoki.b_i_g.2098.lab
 Utterance prob per frame = 2.666935e+01
 Processing Data: Naoki.b_o_o_k_s.2008.htk; Label Naoki.b_o_o_k_s.2008.lab
 Utterance prob per frame = 2.766302e+01
 Processing Data: Naoki.a_h_e_a_d.2231.htk; Label Naoki.a_h_e_a_d.2231.lab
 Utterance prob per frame = 2.459529e+01
 Processing Data: Naoki.b_o_s_s.1396.htk; Label Naoki.b_o_s_s.1396.lab
 Utterance prob per frame = 2.519015e+01
 Processing Data: Naoki.a_m.1850.htk; Label Naoki.a_m.1850.lab
 Utterance prob per frame = 2.954132e+01
 Processing Data: Naoki.a_f_t_e_r.975.htk; Label Naoki.a_f_t_e_r.975.lab
 Utterance prob per frame = 2.583824e+01
 Processing Data: Naoki.b_o_y_s.2050.htk; Label Naoki.b_o_y_s.2050.lab
 Utterance prob per frame = 3.076663e+01
 Processing Data: Naoki.b_a_n_k.1700.htk; Label Naoki.b_a_n_k.1700.lab
 Utterance prob per frame = 2.570498e+01
 Processing Data: Naoki.a_n_d.425.htk; Label Naoki.a_n_d.425.lab
 Utterance prob per frame = 2.776960e+01
 Processing Data: Naoki.a_h_e_a_d.1067.htk; Label Naoki.a_h_e_a_d.1067.lab
 Utterance prob per frame = 2.421029e+01
 Processing Data: Naoki.a_p_p_l_e.1983.htk; Label Naoki.a_p_p_l_e.1983.lab
 Utterance prob per frame = 2.928255e+01
 Processing Data: Naoki.b_i_l_l.381.htk; Label Naoki.b_i_l_l.381.lab
 Utterance prob per frame = 3.153552e+01
 Processing Data: Naoki.b_o_n_e.214.htk; Label Naoki.b_o_n_e.214.lab
 Utterance prob per frame = 2.945504e+01
 Processing Data: Naoki.a_l_l.123.htk; Label Naoki.a_l_l.123.lab
 Utterance prob per frame = 3.023949e+01
 Processing Data: Naoki.b_e_e_s.2001.htk; Label Naoki.b_e_e_s.2001.lab
 Utterance prob per frame = 2.787827e+01
 Processing Data: Naoki.a_n.1620.htk; Label Naoki.a_n.1620.lab
 Utterance prob per frame = 2.901690e+01
 Processing Data: Naoki.a_w_a_y.1807.htk; Label Naoki.a_w_a_y.1807.lab
 Utterance prob per frame = 2.228525e+01
 Processing Data: Naoki.a_r_e.1373.htk; Label Naoki.a_r_e.1373.lab
 Utterance prob per frame = 2.722357e+01
 Processing Data: Naoki.b_o_n_e.1378.htk; Label Naoki.b_o_n_e.1378.lab
 Utterance prob per frame = 2.894704e+01
 Processing Data: Naoki.b_e_e_r.2243.htk; Label Naoki.b_e_e_r.2243.lab
 Utterance prob per frame = 2.866111e+01
 Processing Data: Naoki.a_d_u_l_t.802.htk; Label Naoki.a_d_u_l_t.802.lab
 Utterance prob per frame = 1.742659e+01
 Processing Data: Naoki.a_g_a_i_n.812.htk; Label Naoki.a_g_a_i_n.812.lab
 Utterance prob per frame = 2.399867e+01
 Processing Data: Naoki.b_l_o_w.1110.htk; Label Naoki.b_l_o_w.1110.lab
 Utterance prob per frame = 2.358151e+01
 Processing Data: Naoki.b_a_r_e.1969.htk; Label Naoki.b_a_r_e.1969.lab
 Utterance prob per frame = 1.816154e+01
 Processing Data: Naoki.b_e_s_t.1540.htk; Label Naoki.b_e_s_t.1540.lab
 Utterance prob per frame = 2.444374e+01
 Processing Data: Naoki.b_i_r_t_h.697.htk; Label Naoki.b_i_r_t_h.697.lab
 Utterance prob per frame = 2.222169e+01
 Processing Data: Naoki.b_i_g.934.htk; Label Naoki.b_i_g.934.lab
 Utterance prob per frame = 3.068734e+01
 Processing Data: Naoki.b_e_e_n.2100.htk; Label Naoki.b_e_e_n.2100.lab
 Utterance prob per frame = 2.780411e+01
 Processing Data: Naoki.a_w_a_y.643.htk; Label Naoki.a_w_a_y.643.lab
 Utterance prob per frame = 2.625207e+01
 Processing Data: Naoki.b_i_l_l.1545.htk; Label Naoki.b_i_l_l.1545.lab
 Utterance prob per frame = 2.891759e+01
 Processing Data: Naoki.b_i_t_e.2268.htk; Label Naoki.b_i_t_e.2268.lab
 Utterance prob per frame = 2.405929e+01
 Processing Data: Naoki.b_e_e_s.837.htk; Label Naoki.b_e_e_s.837.lab
 Utterance prob per frame = 2.724760e+01
 Processing Data: Naoki.a_s.1985.htk; Label Naoki.a_s.1985.lab
 Utterance prob per frame = 3.609261e+01
 Processing Data: Naoki.b_i_r_d.1012.htk; Label Naoki.b_i_r_d.1012.lab
 Utterance prob per frame = 2.603019e+01
 Processing Data: Naoki.a_t_e.875.htk; Label Naoki.a_t_e.875.lab
 Utterance prob per frame = 2.640856e+01
 Processing Data: Naoki.b_o_y_s.886.htk; Label Naoki.b_o_y_s.886.lab
 Utterance prob per frame = 3.379365e+01
 Processing Data: Naoki.b_o_s_s.232.htk; Label Naoki.b_o_s_s.232.lab
 Utterance prob per frame = 2.761314e+01
 Processing Data: Naoki.b_i_k_e.1431.htk; Label Naoki.b_i_k_e.1431.lab
 Utterance prob per frame = 2.443612e+01
 Processing Data: Naoki.a_n_y.1639.htk; Label Naoki.a_n_y.1639.lab
 Utterance prob per frame = 2.802765e+01
 Processing Data: Naoki.a_t.1787.htk; Label Naoki.a_t.1787.lab
 Utterance prob per frame = 2.785666e+01
 Processing Data: Naoki.a_n_y.475.htk; Label Naoki.a_n_y.475.lab
 Utterance prob per frame = 2.406695e+01
 Processing Data: Naoki.a_s_k.2022.htk; Label Naoki.a_s_k.2022.lab
 Utterance prob per frame = 2.514268e+01
 Processing Data: Naoki.b_a_s_e_s.2081.htk; Label Naoki.b_a_s_e_s.2081.lab
 Utterance prob per frame = 2.185778e+01
 Processing Data: Naoki.b_e_a_r_s.2163.htk; Label Naoki.b_e_a_r_s.2163.lab
 Utterance prob per frame = 2.313019e+01
 Processing Data: Naoki.a_w_a_r_e.1556.htk; Label Naoki.a_w_a_r_e.1556.lab
 Utterance prob per frame = 2.354032e+01
 Processing Data: Naoki.a_s_k_e_d.2120.htk; Label Naoki.a_s_k_e_d.2120.lab
 Utterance prob per frame = 2.354372e+01
 Processing Data: Naoki.a_g_r_e_e.586.htk; Label Naoki.a_g_r_e_e.586.lab
 Utterance prob per frame = 2.575752e+01
 Processing Data: Naoki.b_a_r_e.805.htk; Label Naoki.b_a_r_e.805.lab
 Utterance prob per frame = 3.106897e+01
 Processing Data: Naoki.a_p_p_l_e.819.htk; Label Naoki.a_p_p_l_e.819.lab
 Utterance prob per frame = 2.594775e+01
 Processing Data: Naoki.a_t_e.2039.htk; Label Naoki.a_t_e.2039.lab
 Utterance prob per frame = 2.610437e+01
 Processing Data: Naoki.b_e.610.htk; Label Naoki.b_e.610.lab
 Utterance prob per frame = 3.063296e+01
 Processing Data: Naoki.b_e_e_r.1079.htk; Label Naoki.b_e_e_r.1079.lab
 Utterance prob per frame = 2.812675e+01
 Processing Data: Naoki.b_o_o_k_s.844.htk; Label Naoki.b_o_o_k_s.844.lab
 Utterance prob per frame = 2.409841e+01
 Processing Data: Naoki.a_s.821.htk; Label Naoki.a_s.821.lab
 Utterance prob per frame = 3.078461e+01
 Processing Data: Naoki.a_g_e_s.2220.htk; Label Naoki.a_g_e_s.2220.lab
 Utterance prob per frame = 2.733558e+01
 Processing Data: Naoki.b_a_n_k.536.htk; Label Naoki.b_a_n_k.536.lab
 Utterance prob per frame = 2.279705e+01
 Processing Data: Naoki.a.637.htk; Label Naoki.a.637.lab
 Utterance prob per frame = 3.182056e+01
 Processing Data: Naoki.b_i_r_t_h.1861.htk; Label Naoki.b_i_r_t_h.1861.lab
 Utterance prob per frame = 2.245437e+01
 Processing Data: Naoki.b_a_l_l.1542.htk; Label Naoki.b_a_l_l.1542.lab
 Utterance prob per frame = 3.004554e+01
 Processing Data: Naoki.a_g_a_i_n.1976.htk; Label Naoki.a_g_a_i_n.1976.lab
 Utterance prob per frame = 2.547630e+01
 Processing Data: Naoki.b_i_l_l_s.1725.htk; Label Naoki.b_i_l_l_s.1725.lab
 Utterance prob per frame = 3.013292e+01
 Processing Data: Naoki.a_w_a_r_e.392.htk; Label Naoki.a_w_a_r_e.392.lab
 Utterance prob per frame = 2.382462e+01
 Processing Data: Naoki.a_b_o_u_t.1572.htk; Label Naoki.a_b_o_u_t.1572.lab
 Utterance prob per frame = 2.811120e+01
 Processing Data: Naoki.b_a_t_h.1437.htk; Label Naoki.b_a_t_h.1437.lab
 Utterance prob per frame = 1.724274e+01
 Processing Data: Naoki.a_b_o_u_t.408.htk; Label Naoki.a_b_o_u_t.408.lab
 Utterance prob per frame = 2.550032e+01
 Processing Data: Naoki.b_l_o_w.2274.htk; Label Naoki.b_l_o_w.2274.lab
 Utterance prob per frame = 2.326738e+01
 Processing Data: Naoki.a.1801.htk; Label Naoki.a.1801.lab
 Utterance prob per frame = 2.960205e+01
 Processing Data: Naoki.b_i_t_e_s.1018.htk; Label Naoki.b_i_t_e_s.1018.lab
 Utterance prob per frame = 2.638331e+01
 Processing Data: Naoki.a_g_e_s.1056.htk; Label Naoki.a_g_e_s.1056.lab
 Utterance prob per frame = 2.604294e+01
 Processing Data: Naoki.b_a_d.1972.htk; Label Naoki.b_a_d.1972.lab
 Utterance prob per frame = 2.905164e+01
 Processing Data: Naoki.a_l_l.1287.htk; Label Naoki.a_l_l.1287.lab
 Utterance prob per frame = 3.003432e+01
 Processing Data: Naoki.b_l_u_e_s.353.htk; Label Naoki.b_l_u_e_s.353.lab
 Utterance prob per frame = 2.570533e+01
 Processing Data: Naoki.b_l_a_s_t.951.htk; Label Naoki.b_l_a_s_t.951.lab
 Utterance prob per frame = 2.294688e+01
 Processing Data: Naoki.b_a_c_k.1125.htk; Label Naoki.b_a_c_k.1125.lab
 Utterance prob per frame = 2.257517e+01
 Processing Data: Naoki.a_r_e.209.htk; Label Naoki.a_r_e.209.lab
 Utterance prob per frame = 2.662440e+01
 Processing Data: Naoki.b_a_d.808.htk; Label Naoki.b_a_d.808.lab
 Utterance prob per frame = 2.543082e+01
 Processing Data: Naoki.b_l_a_s_t.2115.htk; Label Naoki.b_l_a_s_t.2115.lab
 Utterance prob per frame = 2.667745e+01
 Processing Data: Naoki.b_l_u_e_s.1517.htk; Label Naoki.b_l_u_e_s.1517.lab
 Utterance prob per frame = 1.949608e+01
 Processing Data: Naoki.a_t.623.htk; Label Naoki.a_t.623.lab
 Utterance prob per frame = 2.947627e+01
 Processing Data: Naoki.a_s_k_e_d.956.htk; Label Naoki.a_s_k_e_d.956.lab
 Utterance prob per frame = 2.491991e+01
 Processing Data: Naoki.b_e_a_r_s.999.htk; Label Naoki.b_e_a_r_s.999.lab
 Utterance prob per frame = 2.477752e+01
 Processing Data: Naoki.b_i_k_e.267.htk; Label Naoki.b_i_k_e.267.lab
 Utterance prob per frame = 2.912460e+01
 Processing Data: Naoki.b_i_t_e_s.2182.htk; Label Naoki.b_i_t_e_s.2182.lab
 Utterance prob per frame = 2.738725e+01
 Processing Data: Naoki.a_s_k.858.htk; Label Naoki.a_s_k.858.lab
 Utterance prob per frame = 2.593448e+01
 Processing Data: Naoki.b_a_l_l.378.htk; Label Naoki.b_a_l_l.378.lab
 Utterance prob per frame = 3.241838e+01
 Processing Data: Naoki.a_d_u_l_t.1966.htk; Label Naoki.a_d_u_l_t.1966.lab
 Utterance prob per frame = 2.407196e+01
 Processing Data: Naoki.b_a_s_e_s.917.htk; Label Naoki.b_a_s_e_s.917.lab
 Utterance prob per frame = 2.780991e+01
 Processing Data: Naoki.a_f_t_e_r.2139.htk; Label Naoki.a_f_t_e_r.2139.lab
 Utterance prob per frame = 2.381935e+01
 WARNING [-2331]  UpdateModels: c[3] copied: only 1 egs
 in HERest
 WARNING [-2331]  UpdateModels: f[6] copied: only 2 egs
 in HERest
 WARNING [-2331]  UpdateModels: j[10] copied: only 0 egs
 in HERest
 WARNING [-2331]  UpdateModels: m[13] copied: only 1 egs
 in HERest
 WARNING [-2331]  UpdateModels: q[17] copied: only 0 egs
 in HERest
 WARNING [-2331]  UpdateModels: v[22] copied: only 0 egs
 in HERest
 WARNING [-2331]  UpdateModels: x[24] copied: only 0 egs
 in HERest
 WARNING [-2331]  UpdateModels: z[26] copied: only 0 egs
 in HERest
Total 53 floored variance elements in 5 different mixes
Saving hmm's to dir models/hmm21
Reestimation complete - average log prob per frame = 2.634931e+01
     - total frames seen          = 1.857700e+04
HERest -A -c 500.0 -v 0.0005 -A -H models/hmm21/newMacros -I all_labels.mlf -M models/hmm22 -S lists/train.data -T 1 wordList 
HERest -A -c 500.0 -v 0.0005 -A -H models/hmm21/newMacros -I all_labels.mlf -M models/hmm22 -S lists/train.data -T 1 wordList 
HERest  ML Updating: Transitions Means Variances 

 System is PLAIN
28 Logical/28 Physical Models Loaded, VecSize=16
1 MMF input files
Pruning-Off
 Processing Data: Naoki.a_n_d.1589.htk; Label Naoki.a_n_d.1589.lab
 Utterance prob per frame = 2.361065e+01
 Processing Data: Naoki.b_i_t_e.1104.htk; Label Naoki.b_i_t_e.1104.lab
 Utterance prob per frame = 2.652689e+01
 Processing Data: Naoki.b_i_g.2098.htk; Label Naoki.b_i_g.2098.lab
 Utterance prob per frame = 2.666939e+01
 Processing Data: Naoki.b_o_o_k_s.2008.htk; Label Naoki.b_o_o_k_s.2008.lab
 Utterance prob per frame = 2.766314e+01
 Processing Data: Naoki.a_h_e_a_d.2231.htk; Label Naoki.a_h_e_a_d.2231.lab
 Utterance prob per frame = 2.459512e+01
 Processing Data: Naoki.b_o_s_s.1396.htk; Label Naoki.b_o_s_s.1396.lab
 Utterance prob per frame = 2.519008e+01
 Processing Data: Naoki.a_m.1850.htk; Label Naoki.a_m.1850.lab
 Utterance prob per frame = 2.954123e+01
 Processing Data: Naoki.a_f_t_e_r.975.htk; Label Naoki.a_f_t_e_r.975.lab
 Utterance prob per frame = 2.583830e+01
 Processing Data: Naoki.b_o_y_s.2050.htk; Label Naoki.b_o_y_s.2050.lab
 Utterance prob per frame = 3.076669e+01
 Processing Data: Naoki.b_a_n_k.1700.htk; Label Naoki.b_a_n_k.1700.lab
 Utterance prob per frame = 2.570483e+01
 Processing Data: Naoki.a_n_d.425.htk; Label Naoki.a_n_d.425.lab
 Utterance prob per frame = 2.776964e+01
 Processing Data: Naoki.a_h_e_a_d.1067.htk; Label Naoki.a_h_e_a_d.1067.lab
 Utterance prob per frame = 2.421030e+01
 Processing Data: Naoki.a_p_p_l_e.1983.htk; Label Naoki.a_p_p_l_e.1983.lab
 Utterance prob per frame = 2.928263e+01
 Processing Data: Naoki.b_i_l_l.381.htk; Label Naoki.b_i_l_l.381.lab
 Utterance prob per frame = 3.153561e+01
 Processing Data: Naoki.b_o_n_e.214.htk; Label Naoki.b_o_n_e.214.lab
 Utterance prob per frame = 2.945508e+01
 Processing Data: Naoki.a_l_l.123.htk; Label Naoki.a_l_l.123.lab
 Utterance prob per frame = 3.023943e+01
 Processing Data: Naoki.b_e_e_s.2001.htk; Label Naoki.b_e_e_s.2001.lab
 Utterance prob per frame = 2.787816e+01
 Processing Data: Naoki.a_n.1620.htk; Label Naoki.a_n.1620.lab
 Utterance prob per frame = 2.901694e+01
 Processing Data: Naoki.a_w_a_y.1807.htk; Label Naoki.a_w_a_y.1807.lab
 Utterance prob per frame = 2.228527e+01
 Processing Data: Naoki.a_r_e.1373.htk; Label Naoki.a_r_e.1373.lab
 Utterance prob per frame = 2.722358e+01
 Processing Data: Naoki.b_o_n_e.1378.htk; Label Naoki.b_o_n_e.1378.lab
 Utterance prob per frame = 2.894712e+01
 Processing Data: Naoki.b_e_e_r.2243.htk; Label Naoki.b_e_e_r.2243.lab
 Utterance prob per frame = 2.866100e+01
 Processing Data: Naoki.a_d_u_l_t.802.htk; Label Naoki.a_d_u_l_t.802.lab
 Utterance prob per frame = 1.742700e+01
 Processing Data: Naoki.a_g_a_i_n.812.htk; Label Naoki.a_g_a_i_n.812.lab
 Utterance prob per frame = 2.399839e+01
 Processing Data: Naoki.b_l_o_w.1110.htk; Label Naoki.b_l_o_w.1110.lab
 Utterance prob per frame = 2.358149e+01
 Processing Data: Naoki.b_a_r_e.1969.htk; Label Naoki.b_a_r_e.1969.lab
 Utterance prob per frame = 1.816138e+01
 Processing Data: Naoki.b_e_s_t.1540.htk; Label Naoki.b_e_s_t.1540.lab
 Utterance prob per frame = 2.444379e+01
 Processing Data: Naoki.b_i_r_t_h.697.htk; Label Naoki.b_i_r_t_h.697.lab
 Utterance prob per frame = 2.222168e+01
 Processing Data: Naoki.b_i_g.934.htk; Label Naoki.b_i_g.934.lab
 Utterance prob per frame = 3.068744e+01
 Processing Data: Naoki.b_e_e_n.2100.htk; Label Naoki.b_e_e_n.2100.lab
 Utterance prob per frame = 2.780408e+01
 Processing Data: Naoki.a_w_a_y.643.htk; Label Naoki.a_w_a_y.643.lab
 Utterance prob per frame = 2.625204e+01
 Processing Data: Naoki.b_i_l_l.1545.htk; Label Naoki.b_i_l_l.1545.lab
 Utterance prob per frame = 2.891745e+01
 Processing Data: Naoki.b_i_t_e.2268.htk; Label Naoki.b_i_t_e.2268.lab
 Utterance prob per frame = 2.405920e+01
 Processing Data: Naoki.b_e_e_s.837.htk; Label Naoki.b_e_e_s.837.lab
 Utterance prob per frame = 2.724752e+01
 Processing Data: Naoki.a_s.1985.htk; Label Naoki.a_s.1985.lab
 Utterance prob per frame = 3.609253e+01
 Processing Data: Naoki.b_i_r_d.1012.htk; Label Naoki.b_i_r_d.1012.lab
 Utterance prob per frame = 2.603020e+01
 Processing Data: Naoki.a_t_e.875.htk; Label Naoki.a_t_e.875.lab
 Utterance prob per frame = 2.640862e+01
 Processing Data: Naoki.b_o_y_s.886.htk; Label Naoki.b_o_y_s.886.lab
 Utterance prob per frame = 3.379373e+01
 Processing Data: Naoki.b_o_s_s.232.htk; Label Naoki.b_o_s_s.232.lab
 Utterance prob per frame = 2.761326e+01
 Processing Data: Naoki.b_i_k_e.1431.htk; Label Naoki.b_i_k_e.1431.lab
 Utterance prob per frame = 2.443609e+01
 Processing Data: Naoki.a_n_y.1639.htk; Label Naoki.a_n_y.1639.lab
 Utterance prob per frame = 2.802759e+01
 Processing Data: Naoki.a_t.1787.htk; Label Naoki.a_t.1787.lab
 Utterance prob per frame = 2.785673e+01
 Processing Data: Naoki.a_n_y.475.htk; Label Naoki.a_n_y.475.lab
 Utterance prob per frame = 2.406698e+01
 Processing Data: Naoki.a_s_k.2022.htk; Label Naoki.a_s_k.2022.lab
 Utterance prob per frame = 2.514272e+01
 Processing Data: Naoki.b_a_s_e_s.2081.htk; Label Naoki.b_a_s_e_s.2081.lab
 Utterance prob per frame = 2.185798e+01
 Processing Data: Naoki.b_e_a_r_s.2163.htk; Label Naoki.b_e_a_r_s.2163.lab
 Utterance prob per frame = 2.313017e+01
 Processing Data: Naoki.a_w_a_r_e.1556.htk; Label Naoki.a_w_a_r_e.1556.lab
 Utterance prob per frame = 2.354026e+01
 Processing Data: Naoki.a_s_k_e_d.2120.htk; Label Naoki.a_s_k_e_d.2120.lab
 Utterance prob per frame = 2.354374e+01
 Processing Data: Naoki.a_g_r_e_e.586.htk; Label Naoki.a_g_r_e_e.586.lab
 Utterance prob per frame = 2.575752e+01
 Processing Data: Naoki.b_a_r_e.805.htk; Label Naoki.b_a_r_e.805.lab
 Utterance prob per frame = 3.106894e+01
 Processing Data: Naoki.a_p_p_l_e.819.htk; Label Naoki.a_p_p_l_e.819.lab
 Utterance prob per frame = 2.594782e+01
 Processing Data: Naoki.a_t_e.2039.htk; Label Naoki.a_t_e.2039.lab
 Utterance prob per frame = 2.610445e+01
 Processing Data: Naoki.b_e.610.htk; Label Naoki.b_e.610.lab
 Utterance prob per frame = 3.063291e+01
 Processing Data: Naoki.b_e_e_r.1079.htk; Label Naoki.b_e_e_r.1079.lab
 Utterance prob per frame = 2.812669e+01
 Processing Data: Naoki.b_o_o_k_s.844.htk; Label Naoki.b_o_o_k_s.844.lab
 Utterance prob per frame = 2.409848e+01
 Processing Data: Naoki.a_s.821.htk; Label Naoki.a_s.821.lab
 Utterance prob per frame = 3.078470e+01
 Processing Data: Naoki.a_g_e_s.2220.htk; Label Naoki.a_g_e_s.2220.lab
 Utterance prob per frame = 2.733565e+01
 Processing Data: Naoki.b_a_n_k.536.htk; Label Naoki.b_a_n_k.536.lab
 Utterance prob per frame = 2.279733e+01
 Processing Data: Naoki.a.637.htk; Label Naoki.a.637.lab
 Utterance prob per frame = 3.182053e+01
 Processing Data: Naoki.b_i_r_t_h.1861.htk; Label Naoki.b_i_r_t_h.1861.lab
 Utterance prob per frame = 2.245438e+01
 Processing Data: Naoki.b_a_l_l.1542.htk; Label Naoki.b_a_l_l.1542.lab
 Utterance prob per frame = 3.004543e+01
 Processing Data: Naoki.a_g_a_i_n.1976.htk; Label Naoki.a_g_a_i_n.1976.lab
 Utterance prob per frame = 2.547634e+01
 Processing Data: Naoki.b_i_l_l_s.1725.htk; Label Naoki.b_i_l_l_s.1725.lab
 Utterance prob per frame = 3.013289e+01
 Processing Data: Naoki.a_w_a_r_e.392.htk; Label Naoki.a_w_a_r_e.392.lab
 Utterance prob per frame = 2.382463e+01
 Processing Data: Naoki.a_b_o_u_t.1572.htk; Label Naoki.a_b_o_u_t.1572.lab
 Utterance prob per frame = 2.811135e+01
 Processing Data: Naoki.b_a_t_h.1437.htk; Label Naoki.b_a_t_h.1437.lab
 Utterance prob per frame = 1.724277e+01
 Processing Data: Naoki.a_b_o_u_t.408.htk; Label Naoki.a_b_o_u_t.408.lab
 Utterance prob per frame = 2.550039e+01
 Processing Data: Naoki.b_l_o_w.2274.htk; Label Naoki.b_l_o_w.2274.lab
 Utterance prob per frame = 2.326742e+01
 Processing Data: Naoki.a.1801.htk; Label Naoki.a.1801.lab
 Utterance prob per frame = 2.960145e+01
 Processing Data: Naoki.b_i_t_e_s.1018.htk; Label Naoki.b_i_t_e_s.1018.lab
 Utterance prob per frame = 2.638325e+01
 Processing Data: Naoki.a_g_e_s.1056.htk; Label Naoki.a_g_e_s.1056.lab
 Utterance prob per frame = 2.604293e+01
 Processing Data: Naoki.b_a_d.1972.htk; Label Naoki.b_a_d.1972.lab
 Utterance prob per frame = 2.905141e+01
 Processing Data: Naoki.a_l_l.1287.htk; Label Naoki.a_l_l.1287.lab
 Utterance prob per frame = 3.003450e+01
 Processing Data: Naoki.b_l_u_e_s.353.htk; Label Naoki.b_l_u_e_s.353.lab
 Utterance prob per frame = 2.570535e+01
 Processing Data: Naoki.b_l_a_s_t.951.htk; Label Naoki.b_l_a_s_t.951.lab
 Utterance prob per frame = 2.294713e+01
 Processing Data: Naoki.b_a_c_k.1125.htk; Label Naoki.b_a_c_k.1125.lab
 Utterance prob per frame = 2.257500e+01
 Processing Data: Naoki.a_r_e.209.htk; Label Naoki.a_r_e.209.lab
 Utterance prob per frame = 2.662443e+01
 Processing Data: Naoki.b_a_d.808.htk; Label Naoki.b_a_d.808.lab
 Utterance prob per frame = 2.543059e+01
 Processing Data: Naoki.b_l_a_s_t.2115.htk; Label Naoki.b_l_a_s_t.2115.lab
 Utterance prob per frame = 2.667759e+01
 Processing Data: Naoki.b_l_u_e_s.1517.htk; Label Naoki.b_l_u_e_s.1517.lab
 Utterance prob per frame = 1.949609e+01
 Processing Data: Naoki.a_t.623.htk; Label Naoki.a_t.623.lab
 Utterance prob per frame = 2.947635e+01
 Processing Data: Naoki.a_s_k_e_d.956.htk; Label Naoki.a_s_k_e_d.956.lab
 Utterance prob per frame = 2.491996e+01
 Processing Data: Naoki.b_e_a_r_s.999.htk; Label Naoki.b_e_a_r_s.999.lab
 Utterance prob per frame = 2.477739e+01
 Processing Data: Naoki.b_i_k_e.267.htk; Label Naoki.b_i_k_e.267.lab
 Utterance prob per frame = 2.912461e+01
 Processing Data: Naoki.b_i_t_e_s.2182.htk; Label Naoki.b_i_t_e_s.2182.lab
 Utterance prob per frame = 2.738721e+01
 Processing Data: Naoki.a_s_k.858.htk; Label Naoki.a_s_k.858.lab
 Utterance prob per frame = 2.593455e+01
 Processing Data: Naoki.b_a_l_l.378.htk; Label Naoki.b_a_l_l.378.lab
 Utterance prob per frame = 3.241818e+01
 Processing Data: Naoki.a_d_u_l_t.1966.htk; Label Naoki.a_d_u_l_t.1966.lab
 Utterance prob per frame = 2.407197e+01
 Processing Data: Naoki.b_a_s_e_s.917.htk; Label Naoki.b_a_s_e_s.917.lab
 Utterance prob per frame = 2.780991e+01
 Processing Data: Naoki.a_f_t_e_r.2139.htk; Label Naoki.a_f_t_e_r.2139.lab
 Utterance prob per frame = 2.381932e+01
 WARNING [-2331]  UpdateModels: c[3] copied: only 1 egs
 in HERest
 WARNING [-2331]  UpdateModels: f[6] copied: only 2 egs
 in HERest
 WARNING [-2331]  UpdateModels: j[10] copied: only 0 egs
 in HERest
 WARNING [-2331]  UpdateModels: m[13] copied: only 1 egs
 in HERest
 WARNING [-2331]  UpdateModels: q[17] copied: only 0 egs
 in HERest
 WARNING [-2331]  UpdateModels: v[22] copied: only 0 egs
 in HERest
 WARNING [-2331]  UpdateModels: x[24] copied: only 0 egs
 in HERest
 WARNING [-2331]  UpdateModels: z[26] copied: only 0 egs
 in HERest
Total 53 floored variance elements in 5 different mixes
Saving hmm's to dir models/hmm22
Reestimation complete - average log prob per frame = 2.634931e+01
     - total frames seen          = 1.857700e+04
HERest -A -c 500.0 -v 0.0005 -A -H models/hmm22/newMacros -I all_labels.mlf -M models/hmm23 -S lists/train.data -T 1 wordList 
HERest -A -c 500.0 -v 0.0005 -A -H models/hmm22/newMacros -I all_labels.mlf -M models/hmm23 -S lists/train.data -T 1 wordList 
HERest  ML Updating: Transitions Means Variances 

 System is PLAIN
28 Logical/28 Physical Models Loaded, VecSize=16
1 MMF input files
Pruning-Off
 Processing Data: Naoki.a_n_d.1589.htk; Label Naoki.a_n_d.1589.lab
 Utterance prob per frame = 2.361065e+01
 Processing Data: Naoki.b_i_t_e.1104.htk; Label Naoki.b_i_t_e.1104.lab
 Utterance prob per frame = 2.652690e+01
 Processing Data: Naoki.b_i_g.2098.htk; Label Naoki.b_i_g.2098.lab
 Utterance prob per frame = 2.666941e+01
 Processing Data: Naoki.b_o_o_k_s.2008.htk; Label Naoki.b_o_o_k_s.2008.lab
 Utterance prob per frame = 2.766318e+01
 Processing Data: Naoki.a_h_e_a_d.2231.htk; Label Naoki.a_h_e_a_d.2231.lab
 Utterance prob per frame = 2.459505e+01
 Processing Data: Naoki.b_o_s_s.1396.htk; Label Naoki.b_o_s_s.1396.lab
 Utterance prob per frame = 2.519007e+01
 Processing Data: Naoki.a_m.1850.htk; Label Naoki.a_m.1850.lab
 Utterance prob per frame = 2.954121e+01
 Processing Data: Naoki.a_f_t_e_r.975.htk; Label Naoki.a_f_t_e_r.975.lab
 Utterance prob per frame = 2.583833e+01
 Processing Data: Naoki.b_o_y_s.2050.htk; Label Naoki.b_o_y_s.2050.lab
 Utterance prob per frame = 3.076672e+01
 Processing Data: Naoki.b_a_n_k.1700.htk; Label Naoki.b_a_n_k.1700.lab
 Utterance prob per frame = 2.570479e+01
 Processing Data: Naoki.a_n_d.425.htk; Label Naoki.a_n_d.425.lab
 Utterance prob per frame = 2.776964e+01
 Processing Data: Naoki.a_h_e_a_d.1067.htk; Label Naoki.a_h_e_a_d.1067.lab
 Utterance prob per frame = 2.421030e+01
 Processing Data: Naoki.a_p_p_l_e.1983.htk; Label Naoki.a_p_p_l_e.1983.lab
 Utterance prob per frame = 2.928266e+01
 Processing Data: Naoki.b_i_l_l.381.htk; Label Naoki.b_i_l_l.381.lab
 Utterance prob per frame = 3.153564e+01
 Processing Data: Naoki.b_o_n_e.214.htk; Label Naoki.b_o_n_e.214.lab
 Utterance prob per frame = 2.945509e+01
 Processing Data: Naoki.a_l_l.123.htk; Label Naoki.a_l_l.123.lab
 Utterance prob per frame = 3.023940e+01
 Processing Data: Naoki.b_e_e_s.2001.htk; Label Naoki.b_e_e_s.2001.lab
 Utterance prob per frame = 2.787811e+01
 Processing Data: Naoki.a_n.1620.htk; Label Naoki.a_n.1620.lab
 Utterance prob per frame = 2.901696e+01
 Processing Data: Naoki.a_w_a_y.1807.htk; Label Naoki.a_w_a_y.1807.lab
 Utterance prob per frame = 2.228526e+01
 Processing Data: Naoki.a_r_e.1373.htk; Label Naoki.a_r_e.1373.lab
 Utterance prob per frame = 2.722358e+01
 Processing Data: Naoki.b_o_n_e.1378.htk; Label Naoki.b_o_n_e.1378.lab
 Utterance prob per frame = 2.894714e+01
 Processing Data: Naoki.b_e_e_r.2243.htk; Label Naoki.b_e_e_r.2243.lab
 Utterance prob per frame = 2.866097e+01
 Processing Data: Naoki.a_d_u_l_t.802.htk; Label Naoki.a_d_u_l_t.802.lab
 Utterance prob per frame = 1.742718e+01
 Processing Data: Naoki.a_g_a_i_n.812.htk; Label Naoki.a_g_a_i_n.812.lab
 Utterance prob per frame = 2.399830e+01
 Processing Data: Naoki.b_l_o_w.1110.htk; Label Naoki.b_l_o_w.1110.lab
 Utterance prob per frame = 2.358148e+01
 Processing Data: Naoki.b_a_r_e.1969.htk; Label Naoki.b_a_r_e.1969.lab
 Utterance prob per frame = 1.816133e+01
 Processing Data: Naoki.b_e_s_t.1540.htk; Label Naoki.b_e_s_t.1540.lab
 Utterance prob per frame = 2.444384e+01
 Processing Data: Naoki.b_i_r_t_h.697.htk; Label Naoki.b_i_r_t_h.697.lab
 Utterance prob per frame = 2.222167e+01
 Processing Data: Naoki.b_i_g.934.htk; Label Naoki.b_i_g.934.lab
 Utterance prob per frame = 3.068747e+01
 Processing Data: Naoki.b_e_e_n.2100.htk; Label Naoki.b_e_e_n.2100.lab
 Utterance prob per frame = 2.780407e+01
 Processing Data: Naoki.a_w_a_y.643.htk; Label Naoki.a_w_a_y.643.lab
 Utterance prob per frame = 2.625203e+01
 Processing Data: Naoki.b_i_l_l.1545.htk; Label Naoki.b_i_l_l.1545.lab
 Utterance prob per frame = 2.891741e+01
 Processing Data: Naoki.b_i_t_e.2268.htk; Label Naoki.b_i_t_e.2268.lab
 Utterance prob per frame = 2.405917e+01
 Processing Data: Naoki.b_e_e_s.837.htk; Label Naoki.b_e_e_s.837.lab
 Utterance prob per frame = 2.724750e+01
 Processing Data: Naoki.a_s.1985.htk; Label Naoki.a_s.1985.lab
 Utterance prob per frame = 3.609251e+01
 Processing Data: Naoki.b_i_r_d.1012.htk; Label Naoki.b_i_r_d.1012.lab
 Utterance prob per frame = 2.603020e+01
 Processing Data: Naoki.a_t_e.875.htk; Label Naoki.a_t_e.875.lab
 Utterance prob per frame = 2.640864e+01
 Processing Data: Naoki.b_o_y_s.886.htk; Label Naoki.b_o_y_s.886.lab
 Utterance prob per frame = 3.379378e+01
 Processing Data: Naoki.b_o_s_s.232.htk; Label Naoki.b_o_s_s.232.lab
 Utterance prob per frame = 2.761331e+01
 Processing Data: Naoki.b_i_k_e.1431.htk; Label Naoki.b_i_k_e.1431.lab
 Utterance prob per frame = 2.443608e+01
 Processing Data: Naoki.a_n_y.1639.htk; Label Naoki.a_n_y.1639.lab
 Utterance prob per frame = 2.802755e+01
 Processing Data: Naoki.a_t.1787.htk; Label Naoki.a_t.1787.lab
 Utterance prob per frame = 2.785674e+01
 Processing Data: Naoki.a_n_y.475.htk; Label Naoki.a_n_y.475.lab
 Utterance prob per frame = 2.406699e+01
 Processing Data: Naoki.a_s_k.2022.htk; Label Naoki.a_s_k.2022.lab
 Utterance prob per frame = 2.514276e+01
 Processing Data: Naoki.b_a_s_e_s.2081.htk; Label Naoki.b_a_s_e_s.2081.lab
 Utterance prob per frame = 2.185809e+01
 Processing Data: Naoki.b_e_a_r_s.2163.htk; Label Naoki.b_e_a_r_s.2163.lab
 Utterance prob per frame = 2.313014e+01
 Processing Data: Naoki.a_w_a_r_e.1556.htk; Label Naoki.a_w_a_r_e.1556.lab
 Utterance prob per frame = 2.354024e+01
 Processing Data: Naoki.a_s_k_e_d.2120.htk; Label Naoki.a_s_k_e_d.2120.lab
 Utterance prob per frame = 2.354375e+01
 Processing Data: Naoki.a_g_r_e_e.586.htk; Label Naoki.a_g_r_e_e.586.lab
 Utterance prob per frame = 2.575751e+01
 Processing Data: Naoki.b_a_r_e.805.htk; Label Naoki.b_a_r_e.805.lab
 Utterance prob per frame = 3.106892e+01
 Processing Data: Naoki.a_p_p_l_e.819.htk; Label Naoki.a_p_p_l_e.819.lab
 Utterance prob per frame = 2.594786e+01
 Processing Data: Naoki.a_t_e.2039.htk; Label Naoki.a_t_e.2039.lab
 Utterance prob per frame = 2.610447e+01
 Processing Data: Naoki.b_e.610.htk; Label Naoki.b_e.610.lab
 Utterance prob per frame = 3.063291e+01
 Processing Data: Naoki.b_e_e_r.1079.htk; Label Naoki.b_e_e_r.1079.lab
 Utterance prob per frame = 2.812667e+01
 Processing Data: Naoki.b_o_o_k_s.844.htk; Label Naoki.b_o_o_k_s.844.lab
 Utterance prob per frame = 2.409848e+01
 Processing Data: Naoki.a_s.821.htk; Label Naoki.a_s.821.lab
 Utterance prob per frame = 3.078474e+01
 Processing Data: Naoki.a_g_e_s.2220.htk; Label Naoki.a_g_e_s.2220.lab
 Utterance prob per frame = 2.733569e+01
 Processing Data: Naoki.b_a_n_k.536.htk; Label Naoki.b_a_n_k.536.lab
 Utterance prob per frame = 2.279740e+01
 Processing Data: Naoki.a.637.htk; Label Naoki.a.637.lab
 Utterance prob per frame = 3.182054e+01
 Processing Data: Naoki.b_i_r_t_h.1861.htk; Label Naoki.b_i_r_t_h.1861.lab
 Utterance prob per frame = 2.245438e+01
 Processing Data: Naoki.b_a_l_l.1542.htk; Label Naoki.b_a_l_l.1542.lab
 Utterance prob per frame = 3.004540e+01
 Processing Data: Naoki.a_g_a_i_n.1976.htk; Label Naoki.a_g_a_i_n.1976.lab
 Utterance prob per frame = 2.547634e+01
 Processing Data: Naoki.b_i_l_l_s.1725.htk; Label Naoki.b_i_l_l_s.1725.lab
 Utterance prob per frame = 3.013286e+01
 Processing Data: Naoki.a_w_a_r_e.392.htk; Label Naoki.a_w_a_r_e.392.lab
 Utterance prob per frame = 2.382461e+01
 Processing Data: Naoki.a_b_o_u_t.1572.htk; Label Naoki.a_b_o_u_t.1572.lab
 Utterance prob per frame = 2.811138e+01
 Processing Data: Naoki.b_a_t_h.1437.htk; Label Naoki.b_a_t_h.1437.lab
 Utterance prob per frame = 1.724278e+01
 Processing Data: Naoki.a_b_o_u_t.408.htk; Label Naoki.a_b_o_u_t.408.lab
 Utterance prob per frame = 2.550040e+01
 Processing Data: Naoki.b_l_o_w.2274.htk; Label Naoki.b_l_o_w.2274.lab
 Utterance prob per frame = 2.326743e+01
 Processing Data: Naoki.a.1801.htk; Label Naoki.a.1801.lab
 Utterance prob per frame = 2.960132e+01
 Processing Data: Naoki.b_i_t_e_s.1018.htk; Label Naoki.b_i_t_e_s.1018.lab
 Utterance prob per frame = 2.638323e+01
 Processing Data: Naoki.a_g_e_s.1056.htk; Label Naoki.a_g_e_s.1056.lab
 Utterance prob per frame = 2.604291e+01
 Processing Data: Naoki.b_a_d.1972.htk; Label Naoki.b_a_d.1972.lab
 Utterance prob per frame = 2.905135e+01
 Processing Data: Naoki.a_l_l.1287.htk; Label Naoki.a_l_l.1287.lab
 Utterance prob per frame = 3.003457e+01
 Processing Data: Naoki.b_l_u_e_s.353.htk; Label Naoki.b_l_u_e_s.353.lab
 Utterance prob per frame = 2.570536e+01
 Processing Data: Naoki.b_l_a_s_t.951.htk; Label Naoki.b_l_a_s_t.951.lab
 Utterance prob per frame = 2.294723e+01
 Processing Data: Naoki.b_a_c_k.1125.htk; Label Naoki.b_a_c_k.1125.lab
 Utterance prob per frame = 2.257494e+01
 Processing Data: Naoki.a_r_e.209.htk; Label Naoki.a_r_e.209.lab
 Utterance prob per frame = 2.662445e+01
 Processing Data: Naoki.b_a_d.808.htk; Label Naoki.b_a_d.808.lab
 Utterance prob per frame = 2.543052e+01
 Processing Data: Naoki.b_l_a_s_t.2115.htk; Label Naoki.b_l_a_s_t.2115.lab
 Utterance prob per frame = 2.667766e+01
 Processing Data: Naoki.b_l_u_e_s.1517.htk; Label Naoki.b_l_u_e_s.1517.lab
 Utterance prob per frame = 1.949608e+01
 Processing Data: Naoki.a_t.623.htk; Label Naoki.a_t.623.lab
 Utterance prob per frame = 2.947637e+01
 Processing Data: Naoki.a_s_k_e_d.956.htk; Label Naoki.a_s_k_e_d.956.lab
 Utterance prob per frame = 2.491998e+01
 Processing Data: Naoki.b_e_a_r_s.999.htk; Label Naoki.b_e_a_r_s.999.lab
 Utterance prob per frame = 2.477732e+01
 Processing Data: Naoki.b_i_k_e.267.htk; Label Naoki.b_i_k_e.267.lab
 Utterance prob per frame = 2.912461e+01
 Processing Data: Naoki.b_i_t_e_s.2182.htk; Label Naoki.b_i_t_e_s.2182.lab
 Utterance prob per frame = 2.738714e+01
 Processing Data: Naoki.a_s_k.858.htk; Label Naoki.a_s_k.858.lab
 Utterance prob per frame = 2.593458e+01
 Processing Data: Naoki.b_a_l_l.378.htk; Label Naoki.b_a_l_l.378.lab
 Utterance prob per frame = 3.241811e+01
 Processing Data: Naoki.a_d_u_l_t.1966.htk; Label Naoki.a_d_u_l_t.1966.lab
 Utterance prob per frame = 2.407197e+01
 Processing Data: Naoki.b_a_s_e_s.917.htk; Label Naoki.b_a_s_e_s.917.lab
 Utterance prob per frame = 2.780990e+01
 Processing Data: Naoki.a_f_t_e_r.2139.htk; Label Naoki.a_f_t_e_r.2139.lab
 Utterance prob per frame = 2.381931e+01
 WARNING [-2331]  UpdateModels: c[3] copied: only 1 egs
 in HERest
 WARNING [-2331]  UpdateModels: f[6] copied: only 2 egs
 in HERest
 WARNING [-2331]  UpdateModels: j[10] copied: only 0 egs
 in HERest
 WARNING [-2331]  UpdateModels: m[13] copied: only 1 egs
 in HERest
 WARNING [-2331]  UpdateModels: q[17] copied: only 0 egs
 in HERest
 WARNING [-2331]  UpdateModels: v[22] copied: only 0 egs
 in HERest
 WARNING [-2331]  UpdateModels: x[24] copied: only 0 egs
 in HERest
 WARNING [-2331]  UpdateModels: z[26] copied: only 0 egs
 in HERest
Total 53 floored variance elements in 5 different mixes
Saving hmm's to dir models/hmm23
Reestimation complete - average log prob per frame = 2.634931e+01
     - total frames seen          = 1.857700e+04
HERest -A -c 500.0 -v 0.0005 -A -H models/hmm23/newMacros -I all_labels.mlf -M models/hmm24 -S lists/train.data -T 1 wordList 
HERest -A -c 500.0 -v 0.0005 -A -H models/hmm23/newMacros -I all_labels.mlf -M models/hmm24 -S lists/train.data -T 1 wordList 
HERest  ML Updating: Transitions Means Variances 

 System is PLAIN
28 Logical/28 Physical Models Loaded, VecSize=16
1 MMF input files
Pruning-Off
 Processing Data: Naoki.a_n_d.1589.htk; Label Naoki.a_n_d.1589.lab
 Utterance prob per frame = 2.361064e+01
 Processing Data: Naoki.b_i_t_e.1104.htk; Label Naoki.b_i_t_e.1104.lab
 Utterance prob per frame = 2.652690e+01
 Processing Data: Naoki.b_i_g.2098.htk; Label Naoki.b_i_g.2098.lab
 Utterance prob per frame = 2.666941e+01
 Processing Data: Naoki.b_o_o_k_s.2008.htk; Label Naoki.b_o_o_k_s.2008.lab
 Utterance prob per frame = 2.766319e+01
 Processing Data: Naoki.a_h_e_a_d.2231.htk; Label Naoki.a_h_e_a_d.2231.lab
 Utterance prob per frame = 2.459503e+01
 Processing Data: Naoki.b_o_s_s.1396.htk; Label Naoki.b_o_s_s.1396.lab
 Utterance prob per frame = 2.519008e+01
 Processing Data: Naoki.a_m.1850.htk; Label Naoki.a_m.1850.lab
 Utterance prob per frame = 2.954120e+01
 Processing Data: Naoki.a_f_t_e_r.975.htk; Label Naoki.a_f_t_e_r.975.lab
 Utterance prob per frame = 2.583834e+01
 Processing Data: Naoki.b_o_y_s.2050.htk; Label Naoki.b_o_y_s.2050.lab
 Utterance prob per frame = 3.076674e+01
 Processing Data: Naoki.b_a_n_k.1700.htk; Label Naoki.b_a_n_k.1700.lab
 Utterance prob per frame = 2.570478e+01
 Processing Data: Naoki.a_n_d.425.htk; Label Naoki.a_n_d.425.lab
 Utterance prob per frame = 2.776964e+01
 Processing Data: Naoki.a_h_e_a_d.1067.htk; Label Naoki.a_h_e_a_d.1067.lab
 Utterance prob per frame = 2.421030e+01
 Processing Data: Naoki.a_p_p_l_e.1983.htk; Label Naoki.a_p_p_l_e.1983.lab
 Utterance prob per frame = 2.928267e+01
 Processing Data: Naoki.b_i_l_l.381.htk; Label Naoki.b_i_l_l.381.lab
 Utterance prob per frame = 3.153564e+01
 Processing Data: Naoki.b_o_n_e.214.htk; Label Naoki.b_o_n_e.214.lab
 Utterance prob per frame = 2.945509e+01
 Processing Data: Naoki.a_l_l.123.htk; Label Naoki.a_l_l.123.lab
 Utterance prob per frame = 3.023939e+01
 Processing Data: Naoki.b_e_e_s.2001.htk; Label Naoki.b_e_e_s.2001.lab
 Utterance prob per frame = 2.787808e+01
 Processing Data: Naoki.a_n.1620.htk; Label Naoki.a_n.1620.lab
 Utterance prob per frame = 2.901697e+01
 Processing Data: Naoki.a_w_a_y.1807.htk; Label Naoki.a_w_a_y.1807.lab
 Utterance prob per frame = 2.228526e+01
 Processing Data: Naoki.a_r_e.1373.htk; Label Naoki.a_r_e.1373.lab
 Utterance prob per frame = 2.722358e+01
 Processing Data: Naoki.b_o_n_e.1378.htk; Label Naoki.b_o_n_e.1378.lab
 Utterance prob per frame = 2.894715e+01
 Processing Data: Naoki.b_e_e_r.2243.htk; Label Naoki.b_e_e_r.2243.lab
 Utterance prob per frame = 2.866096e+01
 Processing Data: Naoki.a_d_u_l_t.802.htk; Label Naoki.a_d_u_l_t.802.lab
 Utterance prob per frame = 1.742726e+01
 Processing Data: Naoki.a_g_a_i_n.812.htk; Label Naoki.a_g_a_i_n.812.lab
 Utterance prob per frame = 2.399826e+01
 Processing Data: Naoki.b_l_o_w.1110.htk; Label Naoki.b_l_o_w.1110.lab
 Utterance prob per frame = 2.358148e+01
 Processing Data: Naoki.b_a_r_e.1969.htk; Label Naoki.b_a_r_e.1969.lab
 Utterance prob per frame = 1.816131e+01
 Processing Data: Naoki.b_e_s_t.1540.htk; Label Naoki.b_e_s_t.1540.lab
 Utterance prob per frame = 2.444386e+01
 Processing Data: Naoki.b_i_r_t_h.697.htk; Label Naoki.b_i_r_t_h.697.lab
 Utterance prob per frame = 2.222167e+01
 Processing Data: Naoki.b_i_g.934.htk; Label Naoki.b_i_g.934.lab
 Utterance prob per frame = 3.068748e+01
 Processing Data: Naoki.b_e_e_n.2100.htk; Label Naoki.b_e_e_n.2100.lab
 Utterance prob per frame = 2.780407e+01
 Processing Data: Naoki.a_w_a_y.643.htk; Label Naoki.a_w_a_y.643.lab
 Utterance prob per frame = 2.625202e+01
 Processing Data: Naoki.b_i_l_l.1545.htk; Label Naoki.b_i_l_l.1545.lab
 Utterance prob per frame = 2.891739e+01
 Processing Data: Naoki.b_i_t_e.2268.htk; Label Naoki.b_i_t_e.2268.lab
 Utterance prob per frame = 2.405917e+01
 Processing Data: Naoki.b_e_e_s.837.htk; Label Naoki.b_e_e_s.837.lab
 Utterance prob per frame = 2.724749e+01
 Processing Data: Naoki.a_s.1985.htk; Label Naoki.a_s.1985.lab
 Utterance prob per frame = 3.609250e+01
 Processing Data: Naoki.b_i_r_d.1012.htk; Label Naoki.b_i_r_d.1012.lab
 Utterance prob per frame = 2.603021e+01
 Processing Data: Naoki.a_t_e.875.htk; Label Naoki.a_t_e.875.lab
 Utterance prob per frame = 2.640865e+01
 Processing Data: Naoki.b_o_y_s.886.htk; Label Naoki.b_o_y_s.886.lab
 Utterance prob per frame = 3.379380e+01
 Processing Data: Naoki.b_o_s_s.232.htk; Label Naoki.b_o_s_s.232.lab
 Utterance prob per frame = 2.761334e+01
 Processing Data: Naoki.b_i_k_e.1431.htk; Label Naoki.b_i_k_e.1431.lab
 Utterance prob per frame = 2.443608e+01
 Processing Data: Naoki.a_n_y.1639.htk; Label Naoki.a_n_y.1639.lab
 Utterance prob per frame = 2.802754e+01
 Processing Data: Naoki.a_t.1787.htk; Label Naoki.a_t.1787.lab
 Utterance prob per frame = 2.785673e+01
 Processing Data: Naoki.a_n_y.475.htk; Label Naoki.a_n_y.475.lab
 Utterance prob per frame = 2.406699e+01
 Processing Data: Naoki.a_s_k.2022.htk; Label Naoki.a_s_k.2022.lab
 Utterance prob per frame = 2.514278e+01
 Processing Data: Naoki.b_a_s_e_s.2081.htk; Label Naoki.b_a_s_e_s.2081.lab
 Utterance prob per frame = 2.185814e+01
 Processing Data: Naoki.b_e_a_r_s.2163.htk; Label Naoki.b_e_a_r_s.2163.lab
 Utterance prob per frame = 2.313013e+01
 Processing Data: Naoki.a_w_a_r_e.1556.htk; Label Naoki.a_w_a_r_e.1556.lab
 Utterance prob per frame = 2.354023e+01
 Processing Data: Naoki.a_s_k_e_d.2120.htk; Label Naoki.a_s_k_e_d.2120.lab
 Utterance prob per frame = 2.354375e+01
 Processing Data: Naoki.a_g_r_e_e.586.htk; Label Naoki.a_g_r_e_e.586.lab
 Utterance prob per frame = 2.575750e+01
 Processing Data: Naoki.b_a_r_e.805.htk; Label Naoki.b_a_r_e.805.lab
 Utterance prob per frame = 3.106891e+01
 Processing Data: Naoki.a_p_p_l_e.819.htk; Label Naoki.a_p_p_l_e.819.lab
 Utterance prob per frame = 2.594788e+01
 Processing Data: Naoki.a_t_e.2039.htk; Label Naoki.a_t_e.2039.lab
 Utterance prob per frame = 2.610448e+01
 Processing Data: Naoki.b_e.610.htk; Label Naoki.b_e.610.lab
 Utterance prob per frame = 3.063291e+01
 Processing Data: Naoki.b_e_e_r.1079.htk; Label Naoki.b_e_e_r.1079.lab
 Utterance prob per frame = 2.812666e+01
 Processing Data: Naoki.b_o_o_k_s.844.htk; Label Naoki.b_o_o_k_s.844.lab
 Utterance prob per frame = 2.409848e+01
 Processing Data: Naoki.a_s.821.htk; Label Naoki.a_s.821.lab
 Utterance prob per frame = 3.078476e+01
 Processing Data: Naoki.a_g_e_s.2220.htk; Label Naoki.a_g_e_s.2220.lab
 Utterance prob per frame = 2.733570e+01
 Processing Data: Naoki.b_a_n_k.536.htk; Label Naoki.b_a_n_k.536.lab
 Utterance prob per frame = 2.279742e+01
 Processing Data: Naoki.a.637.htk; Label Naoki.a.637.lab
 Utterance prob per frame = 3.182055e+01
 Processing Data: Naoki.b_i_r_t_h.1861.htk; Label Naoki.b_i_r_t_h.1861.lab
 Utterance prob per frame = 2.245439e+01
 Processing Data: Naoki.b_a_l_l.1542.htk; Label Naoki.b_a_l_l.1542.lab
 Utterance prob per frame = 3.004539e+01
 Processing Data: Naoki.a_g_a_i_n.1976.htk; Label Naoki.a_g_a_i_n.1976.lab
 Utterance prob per frame = 2.547633e+01
 Processing Data: Naoki.b_i_l_l_s.1725.htk; Label Naoki.b_i_l_l_s.1725.lab
 Utterance prob per frame = 3.013284e+01
 Processing Data: Naoki.a_w_a_r_e.392.htk; Label Naoki.a_w_a_r_e.392.lab
 Utterance prob per frame = 2.382461e+01
 Processing Data: Naoki.a_b_o_u_t.1572.htk; Label Naoki.a_b_o_u_t.1572.lab
 Utterance prob per frame = 2.811139e+01
 Processing Data: Naoki.b_a_t_h.1437.htk; Label Naoki.b_a_t_h.1437.lab
 Utterance prob per frame = 1.724278e+01
 Processing Data: Naoki.a_b_o_u_t.408.htk; Label Naoki.a_b_o_u_t.408.lab
 Utterance prob per frame = 2.550041e+01
 Processing Data: Naoki.b_l_o_w.2274.htk; Label Naoki.b_l_o_w.2274.lab
 Utterance prob per frame = 2.326743e+01
 Processing Data: Naoki.a.1801.htk; Label Naoki.a.1801.lab
 Utterance prob per frame = 2.960128e+01
 Processing Data: Naoki.b_i_t_e_s.1018.htk; Label Naoki.b_i_t_e_s.1018.lab
 Utterance prob per frame = 2.638322e+01
 Processing Data: Naoki.a_g_e_s.1056.htk; Label Naoki.a_g_e_s.1056.lab
 Utterance prob per frame = 2.604289e+01
 Processing Data: Naoki.b_a_d.1972.htk; Label Naoki.b_a_d.1972.lab
 Utterance prob per frame = 2.905133e+01
 Processing Data: Naoki.a_l_l.1287.htk; Label Naoki.a_l_l.1287.lab
 Utterance prob per frame = 3.003459e+01
 Processing Data: Naoki.b_l_u_e_s.353.htk; Label Naoki.b_l_u_e_s.353.lab
 Utterance prob per frame = 2.570536e+01
 Processing Data: Naoki.b_l_a_s_t.951.htk; Label Naoki.b_l_a_s_t.951.lab
 Utterance prob per frame = 2.294728e+01
 Processing Data: Naoki.b_a_c_k.1125.htk; Label Naoki.b_a_c_k.1125.lab
 Utterance prob per frame = 2.257493e+01
 Processing Data: Naoki.a_r_e.209.htk; Label Naoki.a_r_e.209.lab
 Utterance prob per frame = 2.662445e+01
 Processing Data: Naoki.b_a_d.808.htk; Label Naoki.b_a_d.808.lab
 Utterance prob per frame = 2.543049e+01
 Processing Data: Naoki.b_l_a_s_t.2115.htk; Label Naoki.b_l_a_s_t.2115.lab
 Utterance prob per frame = 2.667770e+01
 Processing Data: Naoki.b_l_u_e_s.1517.htk; Label Naoki.b_l_u_e_s.1517.lab
 Utterance prob per frame = 1.949607e+01
 Processing Data: Naoki.a_t.623.htk; Label Naoki.a_t.623.lab
 Utterance prob per frame = 2.947637e+01
 Processing Data: Naoki.a_s_k_e_d.956.htk; Label Naoki.a_s_k_e_d.956.lab
 Utterance prob per frame = 2.491999e+01
 Processing Data: Naoki.b_e_a_r_s.999.htk; Label Naoki.b_e_a_r_s.999.lab
 Utterance prob per frame = 2.477729e+01
 Processing Data: Naoki.b_i_k_e.267.htk; Label Naoki.b_i_k_e.267.lab
 Utterance prob per frame = 2.912461e+01
 Processing Data: Naoki.b_i_t_e_s.2182.htk; Label Naoki.b_i_t_e_s.2182.lab
 Utterance prob per frame = 2.738711e+01
 Processing Data: Naoki.a_s_k.858.htk; Label Naoki.a_s_k.858.lab
 Utterance prob per frame = 2.593461e+01
 Processing Data: Naoki.b_a_l_l.378.htk; Label Naoki.b_a_l_l.378.lab
 Utterance prob per frame = 3.241809e+01
 Processing Data: Naoki.a_d_u_l_t.1966.htk; Label Naoki.a_d_u_l_t.1966.lab
 Utterance prob per frame = 2.407197e+01
 Processing Data: Naoki.b_a_s_e_s.917.htk; Label Naoki.b_a_s_e_s.917.lab
 Utterance prob per frame = 2.780990e+01
 Processing Data: Naoki.a_f_t_e_r.2139.htk; Label Naoki.a_f_t_e_r.2139.lab
 Utterance prob per frame = 2.381930e+01
 WARNING [-2331]  UpdateModels: c[3] copied: only 1 egs
 in HERest
 WARNING [-2331]  UpdateModels: f[6] copied: only 2 egs
 in HERest
 WARNING [-2331]  UpdateModels: j[10] copied: only 0 egs
 in HERest
 WARNING [-2331]  UpdateModels: m[13] copied: only 1 egs
 in HERest
 WARNING [-2331]  UpdateModels: q[17] copied: only 0 egs
 in HERest
 WARNING [-2331]  UpdateModels: v[22] copied: only 0 egs
 in HERest
 WARNING [-2331]  UpdateModels: x[24] copied: only 0 egs
 in HERest
 WARNING [-2331]  UpdateModels: z[26] copied: only 0 egs
 in HERest
Total 53 floored variance elements in 5 different mixes
Saving hmm's to dir models/hmm24
Reestimation complete - average log prob per frame = 2.634931e+01
     - total frames seen          = 1.857700e+04
HERest -A -c 500.0 -v 0.0005 -A -H models/hmm24/newMacros -I all_labels.mlf -M models/hmm25 -S lists/train.data -T 1 wordList 
HERest -A -c 500.0 -v 0.0005 -A -H models/hmm24/newMacros -I all_labels.mlf -M models/hmm25 -S lists/train.data -T 1 wordList 
HERest  ML Updating: Transitions Means Variances 

 System is PLAIN
28 Logical/28 Physical Models Loaded, VecSize=16
1 MMF input files
Pruning-Off
 Processing Data: Naoki.a_n_d.1589.htk; Label Naoki.a_n_d.1589.lab
 Utterance prob per frame = 2.361064e+01
 Processing Data: Naoki.b_i_t_e.1104.htk; Label Naoki.b_i_t_e.1104.lab
 Utterance prob per frame = 2.652690e+01
 Processing Data: Naoki.b_i_g.2098.htk; Label Naoki.b_i_g.2098.lab
 Utterance prob per frame = 2.666942e+01
 Processing Data: Naoki.b_o_o_k_s.2008.htk; Label Naoki.b_o_o_k_s.2008.lab
 Utterance prob per frame = 2.766320e+01
 Processing Data: Naoki.a_h_e_a_d.2231.htk; Label Naoki.a_h_e_a_d.2231.lab
 Utterance prob per frame = 2.459501e+01
 Processing Data: Naoki.b_o_s_s.1396.htk; Label Naoki.b_o_s_s.1396.lab
 Utterance prob per frame = 2.519008e+01
 Processing Data: Naoki.a_m.1850.htk; Label Naoki.a_m.1850.lab
 Utterance prob per frame = 2.954119e+01
 Processing Data: Naoki.a_f_t_e_r.975.htk; Label Naoki.a_f_t_e_r.975.lab
 Utterance prob per frame = 2.583835e+01
 Processing Data: Naoki.b_o_y_s.2050.htk; Label Naoki.b_o_y_s.2050.lab
 Utterance prob per frame = 3.076674e+01
 Processing Data: Naoki.b_a_n_k.1700.htk; Label Naoki.b_a_n_k.1700.lab
 Utterance prob per frame = 2.570478e+01
 Processing Data: Naoki.a_n_d.425.htk; Label Naoki.a_n_d.425.lab
 Utterance prob per frame = 2.776964e+01
 Processing Data: Naoki.a_h_e_a_d.1067.htk; Label Naoki.a_h_e_a_d.1067.lab
 Utterance prob per frame = 2.421030e+01
 Processing Data: Naoki.a_p_p_l_e.1983.htk; Label Naoki.a_p_p_l_e.1983.lab
 Utterance prob per frame = 2.928268e+01
 Processing Data: Naoki.b_i_l_l.381.htk; Label Naoki.b_i_l_l.381.lab
 Utterance prob per frame = 3.153565e+01
 Processing Data: Naoki.b_o_n_e.214.htk; Label Naoki.b_o_n_e.214.lab
 Utterance prob per frame = 2.945509e+01
 Processing Data: Naoki.a_l_l.123.htk; Label Naoki.a_l_l.123.lab
 Utterance prob per frame = 3.023938e+01
 Processing Data: Naoki.b_e_e_s.2001.htk; Label Naoki.b_e_e_s.2001.lab
 Utterance prob per frame = 2.787806e+01
 Processing Data: Naoki.a_n.1620.htk; Label Naoki.a_n.1620.lab
 Utterance prob per frame = 2.901697e+01
 Processing Data: Naoki.a_w_a_y.1807.htk; Label Naoki.a_w_a_y.1807.lab
 Utterance prob per frame = 2.228526e+01
 Processing Data: Naoki.a_r_e.1373.htk; Label Naoki.a_r_e.1373.lab
 Utterance prob per frame = 2.722358e+01
 Processing Data: Naoki.b_o_n_e.1378.htk; Label Naoki.b_o_n_e.1378.lab
 Utterance prob per frame = 2.894715e+01
 Processing Data: Naoki.b_e_e_r.2243.htk; Label Naoki.b_e_e_r.2243.lab
 Utterance prob per frame = 2.866096e+01
 Processing Data: Naoki.a_d_u_l_t.802.htk; Label Naoki.a_d_u_l_t.802.lab
 Utterance prob per frame = 1.742729e+01
 Processing Data: Naoki.a_g_a_i_n.812.htk; Label Naoki.a_g_a_i_n.812.lab
 Utterance prob per frame = 2.399825e+01
 Processing Data: Naoki.b_l_o_w.1110.htk; Label Naoki.b_l_o_w.1110.lab
 Utterance prob per frame = 2.358148e+01
 Processing Data: Naoki.b_a_r_e.1969.htk; Label Naoki.b_a_r_e.1969.lab
 Utterance prob per frame = 1.816131e+01
 Processing Data: Naoki.b_e_s_t.1540.htk; Label Naoki.b_e_s_t.1540.lab
 Utterance prob per frame = 2.444387e+01
 Processing Data: Naoki.b_i_r_t_h.697.htk; Label Naoki.b_i_r_t_h.697.lab
 Utterance prob per frame = 2.222167e+01
 Processing Data: Naoki.b_i_g.934.htk; Label Naoki.b_i_g.934.lab
 Utterance prob per frame = 3.068749e+01
 Processing Data: Naoki.b_e_e_n.2100.htk; Label Naoki.b_e_e_n.2100.lab
 Utterance prob per frame = 2.780406e+01
 Processing Data: Naoki.a_w_a_y.643.htk; Label Naoki.a_w_a_y.643.lab
 Utterance prob per frame = 2.625202e+01
 Processing Data: Naoki.b_i_l_l.1545.htk; Label Naoki.b_i_l_l.1545.lab
 Utterance prob per frame = 2.891739e+01
 Processing Data: Naoki.b_i_t_e.2268.htk; Label Naoki.b_i_t_e.2268.lab
 Utterance prob per frame = 2.405916e+01
 Processing Data: Naoki.b_e_e_s.837.htk; Label Naoki.b_e_e_s.837.lab
 Utterance prob per frame = 2.724749e+01
 Processing Data: Naoki.a_s.1985.htk; Label Naoki.a_s.1985.lab
 Utterance prob per frame = 3.609250e+01
 Processing Data: Naoki.b_i_r_d.1012.htk; Label Naoki.b_i_r_d.1012.lab
 Utterance prob per frame = 2.603021e+01
 Processing Data: Naoki.a_t_e.875.htk; Label Naoki.a_t_e.875.lab
 Utterance prob per frame = 2.640865e+01
 Processing Data: Naoki.b_o_y_s.886.htk; Label Naoki.b_o_y_s.886.lab
 Utterance prob per frame = 3.379381e+01
 Processing Data: Naoki.b_o_s_s.232.htk; Label Naoki.b_o_s_s.232.lab
 Utterance prob per frame = 2.761335e+01
 Processing Data: Naoki.b_i_k_e.1431.htk; Label Naoki.b_i_k_e.1431.lab
 Utterance prob per frame = 2.443608e+01
 Processing Data: Naoki.a_n_y.1639.htk; Label Naoki.a_n_y.1639.lab
 Utterance prob per frame = 2.802753e+01
 Processing Data: Naoki.a_t.1787.htk; Label Naoki.a_t.1787.lab
 Utterance prob per frame = 2.785673e+01
 Processing Data: Naoki.a_n_y.475.htk; Label Naoki.a_n_y.475.lab
 Utterance prob per frame = 2.406699e+01
 Processing Data: Naoki.a_s_k.2022.htk; Label Naoki.a_s_k.2022.lab
 Utterance prob per frame = 2.514279e+01
 Processing Data: Naoki.b_a_s_e_s.2081.htk; Label Naoki.b_a_s_e_s.2081.lab
 Utterance prob per frame = 2.185816e+01
 Processing Data: Naoki.b_e_a_r_s.2163.htk; Label Naoki.b_e_a_r_s.2163.lab
 Utterance prob per frame = 2.313012e+01
 Processing Data: Naoki.a_w_a_r_e.1556.htk; Label Naoki.a_w_a_r_e.1556.lab
 Utterance prob per frame = 2.354023e+01
 Processing Data: Naoki.a_s_k_e_d.2120.htk; Label Naoki.a_s_k_e_d.2120.lab
 Utterance prob per frame = 2.354375e+01
 Processing Data: Naoki.a_g_r_e_e.586.htk; Label Naoki.a_g_r_e_e.586.lab
 Utterance prob per frame = 2.575749e+01
 Processing Data: Naoki.b_a_r_e.805.htk; Label Naoki.b_a_r_e.805.lab
 Utterance prob per frame = 3.106890e+01
 Processing Data: Naoki.a_p_p_l_e.819.htk; Label Naoki.a_p_p_l_e.819.lab
 Utterance prob per frame = 2.594788e+01
 Processing Data: Naoki.a_t_e.2039.htk; Label Naoki.a_t_e.2039.lab
 Utterance prob per frame = 2.610448e+01
 Processing Data: Naoki.b_e.610.htk; Label Naoki.b_e.610.lab
 Utterance prob per frame = 3.063290e+01
 Processing Data: Naoki.b_e_e_r.1079.htk; Label Naoki.b_e_e_r.1079.lab
 Utterance prob per frame = 2.812666e+01
 Processing Data: Naoki.b_o_o_k_s.844.htk; Label Naoki.b_o_o_k_s.844.lab
 Utterance prob per frame = 2.409848e+01
 Processing Data: Naoki.a_s.821.htk; Label Naoki.a_s.821.lab
 Utterance prob per frame = 3.078477e+01
 Processing Data: Naoki.a_g_e_s.2220.htk; Label Naoki.a_g_e_s.2220.lab
 Utterance prob per frame = 2.733571e+01
 Processing Data: Naoki.b_a_n_k.536.htk; Label Naoki.b_a_n_k.536.lab
 Utterance prob per frame = 2.279742e+01
 Processing Data: Naoki.a.637.htk; Label Naoki.a.637.lab
 Utterance prob per frame = 3.182055e+01
 Processing Data: Naoki.b_i_r_t_h.1861.htk; Label Naoki.b_i_r_t_h.1861.lab
 Utterance prob per frame = 2.245438e+01
 Processing Data: Naoki.b_a_l_l.1542.htk; Label Naoki.b_a_l_l.1542.lab
 Utterance prob per frame = 3.004539e+01
 Processing Data: Naoki.a_g_a_i_n.1976.htk; Label Naoki.a_g_a_i_n.1976.lab
 Utterance prob per frame = 2.547633e+01
 Processing Data: Naoki.b_i_l_l_s.1725.htk; Label Naoki.b_i_l_l_s.1725.lab
 Utterance prob per frame = 3.013283e+01
 Processing Data: Naoki.a_w_a_r_e.392.htk; Label Naoki.a_w_a_r_e.392.lab
 Utterance prob per frame = 2.382460e+01
 Processing Data: Naoki.a_b_o_u_t.1572.htk; Label Naoki.a_b_o_u_t.1572.lab
 Utterance prob per frame = 2.811139e+01
 Processing Data: Naoki.b_a_t_h.1437.htk; Label Naoki.b_a_t_h.1437.lab
 Utterance prob per frame = 1.724278e+01
 Processing Data: Naoki.a_b_o_u_t.408.htk; Label Naoki.a_b_o_u_t.408.lab
 Utterance prob per frame = 2.550041e+01
 Processing Data: Naoki.b_l_o_w.2274.htk; Label Naoki.b_l_o_w.2274.lab
 Utterance prob per frame = 2.326744e+01
 Processing Data: Naoki.a.1801.htk; Label Naoki.a.1801.lab
 Utterance prob per frame = 2.960127e+01
 Processing Data: Naoki.b_i_t_e_s.1018.htk; Label Naoki.b_i_t_e_s.1018.lab
 Utterance prob per frame = 2.638322e+01
 Processing Data: Naoki.a_g_e_s.1056.htk; Label Naoki.a_g_e_s.1056.lab
 Utterance prob per frame = 2.604289e+01
 Processing Data: Naoki.b_a_d.1972.htk; Label Naoki.b_a_d.1972.lab
 Utterance prob per frame = 2.905132e+01
 Processing Data: Naoki.a_l_l.1287.htk; Label Naoki.a_l_l.1287.lab
 Utterance prob per frame = 3.003460e+01
 Processing Data: Naoki.b_l_u_e_s.353.htk; Label Naoki.b_l_u_e_s.353.lab
 Utterance prob per frame = 2.570537e+01
 Processing Data: Naoki.b_l_a_s_t.951.htk; Label Naoki.b_l_a_s_t.951.lab
 Utterance prob per frame = 2.294730e+01
 Processing Data: Naoki.b_a_c_k.1125.htk; Label Naoki.b_a_c_k.1125.lab
 Utterance prob per frame = 2.257492e+01
 Processing Data: Naoki.a_r_e.209.htk; Label Naoki.a_r_e.209.lab
 Utterance prob per frame = 2.662445e+01
 Processing Data: Naoki.b_a_d.808.htk; Label Naoki.b_a_d.808.lab
 Utterance prob per frame = 2.543048e+01
 Processing Data: Naoki.b_l_a_s_t.2115.htk; Label Naoki.b_l_a_s_t.2115.lab
 Utterance prob per frame = 2.667771e+01
 Processing Data: Naoki.b_l_u_e_s.1517.htk; Label Naoki.b_l_u_e_s.1517.lab
 Utterance prob per frame = 1.949607e+01
 Processing Data: Naoki.a_t.623.htk; Label Naoki.a_t.623.lab
 Utterance prob per frame = 2.947637e+01
 Processing Data: Naoki.a_s_k_e_d.956.htk; Label Naoki.a_s_k_e_d.956.lab
 Utterance prob per frame = 2.492000e+01
 Processing Data: Naoki.b_e_a_r_s.999.htk; Label Naoki.b_e_a_r_s.999.lab
 Utterance prob per frame = 2.477728e+01
 Processing Data: Naoki.b_i_k_e.267.htk; Label Naoki.b_i_k_e.267.lab
 Utterance prob per frame = 2.912460e+01
 Processing Data: Naoki.b_i_t_e_s.2182.htk; Label Naoki.b_i_t_e_s.2182.lab
 Utterance prob per frame = 2.738709e+01
 Processing Data: Naoki.a_s_k.858.htk; Label Naoki.a_s_k.858.lab
 Utterance prob per frame = 2.593462e+01
 Processing Data: Naoki.b_a_l_l.378.htk; Label Naoki.b_a_l_l.378.lab
 Utterance prob per frame = 3.241808e+01
 Processing Data: Naoki.a_d_u_l_t.1966.htk; Label Naoki.a_d_u_l_t.1966.lab
 Utterance prob per frame = 2.407197e+01
 Processing Data: Naoki.b_a_s_e_s.917.htk; Label Naoki.b_a_s_e_s.917.lab
 Utterance prob per frame = 2.780989e+01
 Processing Data: Naoki.a_f_t_e_r.2139.htk; Label Naoki.a_f_t_e_r.2139.lab
 Utterance prob per frame = 2.381930e+01
 WARNING [-2331]  UpdateModels: c[3] copied: only 1 egs
 in HERest
 WARNING [-2331]  UpdateModels: f[6] copied: only 2 egs
 in HERest
 WARNING [-2331]  UpdateModels: j[10] copied: only 0 egs
 in HERest
 WARNING [-2331]  UpdateModels: m[13] copied: only 1 egs
 in HERest
 WARNING [-2331]  UpdateModels: q[17] copied: only 0 egs
 in HERest
 WARNING [-2331]  UpdateModels: v[22] copied: only 0 egs
 in HERest
 WARNING [-2331]  UpdateModels: x[24] copied: only 0 egs
 in HERest
 WARNING [-2331]  UpdateModels: z[26] copied: only 0 egs
 in HERest
Total 53 floored variance elements in 5 different mixes
Saving hmm's to dir models/hmm25
Reestimation complete - average log prob per frame = 2.634931e+01
     - total frames seen          = 1.857700e+04
HERest -A -c 500.0 -v 0.0005 -A -H models/hmm25/newMacros -I all_labels.mlf -M models/hmm26 -S lists/train.data -T 1 wordList 
HERest -A -c 500.0 -v 0.0005 -A -H models/hmm25/newMacros -I all_labels.mlf -M models/hmm26 -S lists/train.data -T 1 wordList 
HERest  ML Updating: Transitions Means Variances MixWeights 

 System is PLAIN
28 Logical/28 Physical Models Loaded, VecSize=16
1 MMF input files
Pruning-Off
 Processing Data: Naoki.a_n_d.1589.htk; Label Naoki.a_n_d.1589.lab
 Utterance prob per frame = 2.343117e+01
 Processing Data: Naoki.b_i_t_e.1104.htk; Label Naoki.b_i_t_e.1104.lab
 Utterance prob per frame = 2.633214e+01
 Processing Data: Naoki.b_i_g.2098.htk; Label Naoki.b_i_g.2098.lab
 Utterance prob per frame = 2.658603e+01
 Processing Data: Naoki.b_o_o_k_s.2008.htk; Label Naoki.b_o_o_k_s.2008.lab
 Utterance prob per frame = 2.741575e+01
 Processing Data: Naoki.a_h_e_a_d.2231.htk; Label Naoki.a_h_e_a_d.2231.lab
 Utterance prob per frame = 2.447164e+01
 Processing Data: Naoki.b_o_s_s.1396.htk; Label Naoki.b_o_s_s.1396.lab
 Utterance prob per frame = 2.498287e+01
 Processing Data: Naoki.a_m.1850.htk; Label Naoki.a_m.1850.lab
 Utterance prob per frame = 2.930263e+01
 Processing Data: Naoki.a_f_t_e_r.975.htk; Label Naoki.a_f_t_e_r.975.lab
 Utterance prob per frame = 2.560800e+01
 Processing Data: Naoki.b_o_y_s.2050.htk; Label Naoki.b_o_y_s.2050.lab
 Utterance prob per frame = 3.051712e+01
 Processing Data: Naoki.b_a_n_k.1700.htk; Label Naoki.b_a_n_k.1700.lab
 Utterance prob per frame = 2.549478e+01
 Processing Data: Naoki.a_n_d.425.htk; Label Naoki.a_n_d.425.lab
 Utterance prob per frame = 2.755087e+01
 Processing Data: Naoki.a_h_e_a_d.1067.htk; Label Naoki.a_h_e_a_d.1067.lab
 Utterance prob per frame = 2.401146e+01
 Processing Data: Naoki.a_p_p_l_e.1983.htk; Label Naoki.a_p_p_l_e.1983.lab
 Utterance prob per frame = 2.908252e+01
 Processing Data: Naoki.b_i_l_l.381.htk; Label Naoki.b_i_l_l.381.lab
 Utterance prob per frame = 3.135999e+01
 Processing Data: Naoki.b_o_n_e.214.htk; Label Naoki.b_o_n_e.214.lab
 Utterance prob per frame = 2.920208e+01
 Processing Data: Naoki.a_l_l.123.htk; Label Naoki.a_l_l.123.lab
 Utterance prob per frame = 3.001995e+01
 Processing Data: Naoki.b_e_e_s.2001.htk; Label Naoki.b_e_e_s.2001.lab
 Utterance prob per frame = 2.759749e+01
 Processing Data: Naoki.a_n.1620.htk; Label Naoki.a_n.1620.lab
 Utterance prob per frame = 2.882250e+01
 Processing Data: Naoki.a_w_a_y.1807.htk; Label Naoki.a_w_a_y.1807.lab
 Utterance prob per frame = 2.210629e+01
 Processing Data: Naoki.a_r_e.1373.htk; Label Naoki.a_r_e.1373.lab
 Utterance prob per frame = 2.698282e+01
 Processing Data: Naoki.b_o_n_e.1378.htk; Label Naoki.b_o_n_e.1378.lab
 Utterance prob per frame = 2.870801e+01
 Processing Data: Naoki.b_e_e_r.2243.htk; Label Naoki.b_e_e_r.2243.lab
 Utterance prob per frame = 2.839042e+01
 Processing Data: Naoki.a_d_u_l_t.802.htk; Label Naoki.a_d_u_l_t.802.lab
 Utterance prob per frame = 1.728654e+01
 Processing Data: Naoki.a_g_a_i_n.812.htk; Label Naoki.a_g_a_i_n.812.lab
 Utterance prob per frame = 2.382834e+01
 Processing Data: Naoki.b_l_o_w.1110.htk; Label Naoki.b_l_o_w.1110.lab
 Utterance prob per frame = 2.342212e+01
 Processing Data: Naoki.b_a_r_e.1969.htk; Label Naoki.b_a_r_e.1969.lab
 Utterance prob per frame = 1.797322e+01
 Processing Data: Naoki.b_e_s_t.1540.htk; Label Naoki.b_e_s_t.1540.lab
 Utterance prob per frame = 2.436846e+01
 Processing Data: Naoki.b_i_r_t_h.697.htk; Label Naoki.b_i_r_t_h.697.lab
 Utterance prob per frame = 2.205939e+01
 Processing Data: Naoki.b_i_g.934.htk; Label Naoki.b_i_g.934.lab
 Utterance prob per frame = 3.050064e+01
 Processing Data: Naoki.b_e_e_n.2100.htk; Label Naoki.b_e_e_n.2100.lab
 Utterance prob per frame = 2.756761e+01
 Processing Data: Naoki.a_w_a_y.643.htk; Label Naoki.a_w_a_y.643.lab
 Utterance prob per frame = 2.606487e+01
 Processing Data: Naoki.b_i_l_l.1545.htk; Label Naoki.b_i_l_l.1545.lab
 Utterance prob per frame = 2.878686e+01
 Processing Data: Naoki.b_i_t_e.2268.htk; Label Naoki.b_i_t_e.2268.lab
 Utterance prob per frame = 2.391993e+01
 Processing Data: Naoki.b_e_e_s.837.htk; Label Naoki.b_e_e_s.837.lab
 Utterance prob per frame = 2.701398e+01
 Processing Data: Naoki.a_s.1985.htk; Label Naoki.a_s.1985.lab
 Utterance prob per frame = 3.585118e+01
 Processing Data: Naoki.b_i_r_d.1012.htk; Label Naoki.b_i_r_d.1012.lab
 Utterance prob per frame = 2.581245e+01
 Processing Data: Naoki.a_t_e.875.htk; Label Naoki.a_t_e.875.lab
 Utterance prob per frame = 2.614524e+01
 Processing Data: Naoki.b_o_y_s.886.htk; Label Naoki.b_o_y_s.886.lab
 Utterance prob per frame = 3.354397e+01
 Processing Data: Naoki.b_o_s_s.232.htk; Label Naoki.b_o_s_s.232.lab
 Utterance prob per frame = 2.738040e+01
 Processing Data: Naoki.b_i_k_e.1431.htk; Label Naoki.b_i_k_e.1431.lab
 Utterance prob per frame = 2.426820e+01
 Processing Data: Naoki.a_n_y.1639.htk; Label Naoki.a_n_y.1639.lab
 Utterance prob per frame = 2.780017e+01
 Processing Data: Naoki.a_t.1787.htk; Label Naoki.a_t.1787.lab
 Utterance prob per frame = 2.763173e+01
 Processing Data: Naoki.a_n_y.475.htk; Label Naoki.a_n_y.475.lab
 Utterance prob per frame = 2.383373e+01
 Processing Data: Naoki.a_s_k.2022.htk; Label Naoki.a_s_k.2022.lab
 Utterance prob per frame = 2.498363e+01
 Processing Data: Naoki.b_a_s_e_s.2081.htk; Label Naoki.b_a_s_e_s.2081.lab
 Utterance prob per frame = 2.165945e+01
 Processing Data: Naoki.b_e_a_r_s.2163.htk; Label Naoki.b_e_a_r_s.2163.lab
 Utterance prob per frame = 2.290660e+01
 Processing Data: Naoki.a_w_a_r_e.1556.htk; Label Naoki.a_w_a_r_e.1556.lab
 Utterance prob per frame = 2.334025e+01
 Processing Data: Naoki.a_s_k_e_d.2120.htk; Label Naoki.a_s_k_e_d.2120.lab
 Utterance prob per frame = 2.338259e+01
 Processing Data: Naoki.a_g_r_e_e.586.htk; Label Naoki.a_g_r_e_e.586.lab
 Utterance prob per frame = 2.554454e+01
 Processing Data: Naoki.b_a_r_e.805.htk; Label Naoki.b_a_r_e.805.lab
 Utterance prob per frame = 3.081778e+01
 Processing Data: Naoki.a_p_p_l_e.819.htk; Label Naoki.a_p_p_l_e.819.lab
 Utterance prob per frame = 2.586332e+01
 Processing Data: Naoki.a_t_e.2039.htk; Label Naoki.a_t_e.2039.lab
 Utterance prob per frame = 2.605178e+01
 Processing Data: Naoki.b_e.610.htk; Label Naoki.b_e.610.lab
 Utterance prob per frame = 3.033750e+01
 Processing Data: Naoki.b_e_e_r.1079.htk; Label Naoki.b_e_e_r.1079.lab
 Utterance prob per frame = 2.787456e+01
 Processing Data: Naoki.b_o_o_k_s.844.htk; Label Naoki.b_o_o_k_s.844.lab
 Utterance prob per frame = 2.387385e+01
 Processing Data: Naoki.a_s.821.htk; Label Naoki.a_s.821.lab
 Utterance prob per frame = 3.051031e+01
 Processing Data: Naoki.a_g_e_s.2220.htk; Label Naoki.a_g_e_s.2220.lab
 Utterance prob per frame = 2.716674e+01
 Processing Data: Naoki.b_a_n_k.536.htk; Label Naoki.b_a_n_k.536.lab
 Utterance prob per frame = 2.261995e+01
 Processing Data: Naoki.a.637.htk; Label Naoki.a.637.lab
 Utterance prob per frame = 3.155901e+01
 Processing Data: Naoki.b_i_r_t_h.1861.htk; Label Naoki.b_i_r_t_h.1861.lab
 Utterance prob per frame = 2.230656e+01
 Processing Data: Naoki.b_a_l_l.1542.htk; Label Naoki.b_a_l_l.1542.lab
 Utterance prob per frame = 2.988133e+01
 Processing Data: Naoki.a_g_a_i_n.1976.htk; Label Naoki.a_g_a_i_n.1976.lab
 Utterance prob per frame = 2.525386e+01
 Processing Data: Naoki.b_i_l_l_s.1725.htk; Label Naoki.b_i_l_l_s.1725.lab
 Utterance prob per frame = 2.992446e+01
 Processing Data: Naoki.a_w_a_r_e.392.htk; Label Naoki.a_w_a_r_e.392.lab
 Utterance prob per frame = 2.359365e+01
 Processing Data: Naoki.a_b_o_u_t.1572.htk; Label Naoki.a_b_o_u_t.1572.lab
 Utterance prob per frame = 2.787209e+01
 Processing Data: Naoki.b_a_t_h.1437.htk; Label Naoki.b_a_t_h.1437.lab
 Utterance prob per frame = 1.728976e+01
 Processing Data: Naoki.a_b_o_u_t.408.htk; Label Naoki.a_b_o_u_t.408.lab
 Utterance prob per frame = 2.530953e+01
 Processing Data: Naoki.b_l_o_w.2274.htk; Label Naoki.b_l_o_w.2274.lab
 Utterance prob per frame = 2.311765e+01
 Processing Data: Naoki.a.1801.htk; Label Naoki.a.1801.lab
 Utterance prob per frame = 2.935317e+01
 Processing Data: Naoki.b_i_t_e_s.1018.htk; Label Naoki.b_i_t_e_s.1018.lab
 Utterance prob per frame = 2.621519e+01
 Processing Data: Naoki.a_g_e_s.1056.htk; Label Naoki.a_g_e_s.1056.lab
 Utterance prob per frame = 2.586024e+01
 Processing Data: Naoki.b_a_d.1972.htk; Label Naoki.b_a_d.1972.lab
 Utterance prob per frame = 2.879740e+01
 Processing Data: Naoki.a_l_l.1287.htk; Label Naoki.a_l_l.1287.lab
 Utterance prob per frame = 2.982470e+01
 Processing Data: Naoki.b_l_u_e_s.353.htk; Label Naoki.b_l_u_e_s.353.lab
 Utterance prob per frame = 2.546996e+01
 Processing Data: Naoki.b_l_a_s_t.951.htk; Label Naoki.b_l_a_s_t.951.lab
 Utterance prob per frame = 2.271250e+01
 Processing Data: Naoki.b_a_c_k.1125.htk; Label Naoki.b_a_c_k.1125.lab
 Utterance prob per frame = 2.245099e+01
 Processing Data: Naoki.a_r_e.209.htk; Label Naoki.a_r_e.209.lab
 Utterance prob per frame = 2.644331e+01
 Processing Data: Naoki.b_a_d.808.htk; Label Naoki.b_a_d.808.lab
 Utterance prob per frame = 2.518376e+01
 Processing Data: Naoki.b_l_a_s_t.2115.htk; Label Naoki.b_l_a_s_t.2115.lab
 Utterance prob per frame = 2.649405e+01
 Processing Data: Naoki.b_l_u_e_s.1517.htk; Label Naoki.b_l_u_e_s.1517.lab
 Utterance prob per frame = 1.936307e+01
 Processing Data: Naoki.a_t.623.htk; Label Naoki.a_t.623.lab
 Utterance prob per frame = 2.924529e+01
 Processing Data: Naoki.a_s_k_e_d.956.htk; Label Naoki.a_s_k_e_d.956.lab
 Utterance prob per frame = 2.472466e+01
 Processing Data: Naoki.b_e_a_r_s.999.htk; Label Naoki.b_e_a_r_s.999.lab
 Utterance prob per frame = 2.456518e+01
 Processing Data: Naoki.b_i_k_e.267.htk; Label Naoki.b_i_k_e.267.lab
 Utterance prob per frame = 2.892013e+01
 Processing Data: Naoki.b_i_t_e_s.2182.htk; Label Naoki.b_i_t_e_s.2182.lab
 Utterance prob per frame = 2.718423e+01
 Processing Data: Naoki.a_s_k.858.htk; Label Naoki.a_s_k.858.lab
 Utterance prob per frame = 2.570919e+01
 Processing Data: Naoki.b_a_l_l.378.htk; Label Naoki.b_a_l_l.378.lab
 Utterance prob per frame = 3.229744e+01
 Processing Data: Naoki.a_d_u_l_t.1966.htk; Label Naoki.a_d_u_l_t.1966.lab
 Utterance prob per frame = 2.387609e+01
 Processing Data: Naoki.b_a_s_e_s.917.htk; Label Naoki.b_a_s_e_s.917.lab
 Utterance prob per frame = 2.757282e+01
 Processing Data: Naoki.a_f_t_e_r.2139.htk; Label Naoki.a_f_t_e_r.2139.lab
 Utterance prob per frame = 2.359912e+01
 WARNING [-2331]  UpdateModels: c[3] copied: only 1 egs
 in HERest
 WARNING [-2331]  UpdateModels: f[6] copied: only 2 egs
 in HERest
 WARNING [-2331]  UpdateModels: j[10] copied: only 0 egs
 in HERest
 WARNING [-2331]  UpdateModels: m[13] copied: only 1 egs
 in HERest
 WARNING [-2331]  UpdateModels: q[17] copied: only 0 egs
 in HERest
 WARNING [-2331]  UpdateModels: v[22] copied: only 0 egs
 in HERest
 WARNING [-2331]  UpdateModels: x[24] copied: only 0 egs
 in HERest
 WARNING [-2331]  UpdateModels: z[26] copied: only 0 egs
 in HERest
Total 105 floored variance elements in 11 different mixes
Saving hmm's to dir models/hmm26
Reestimation complete - average log prob per frame = 2.615134e+01
     - total frames seen          = 1.857700e+04
HERest -A -c 500.0 -v 0.0005 -A -H models/hmm26/newMacros -I all_labels.mlf -M models/hmm27 -S lists/train.data -T 1 wordList 
HERest -A -c 500.0 -v 0.0005 -A -H models/hmm26/newMacros -I all_labels.mlf -M models/hmm27 -S lists/train.data -T 1 wordList 
HERest  ML Updating: Transitions Means Variances MixWeights 

 System is PLAIN
28 Logical/28 Physical Models Loaded, VecSize=16
1 MMF input files
Pruning-Off
 Processing Data: Naoki.a_n_d.1589.htk; Label Naoki.a_n_d.1589.lab
 Utterance prob per frame = 2.383259e+01
 Processing Data: Naoki.b_i_t_e.1104.htk; Label Naoki.b_i_t_e.1104.lab
 Utterance prob per frame = 2.691531e+01
 Processing Data: Naoki.b_i_g.2098.htk; Label Naoki.b_i_g.2098.lab
 Utterance prob per frame = 2.787920e+01
 Processing Data: Naoki.b_o_o_k_s.2008.htk; Label Naoki.b_o_o_k_s.2008.lab
 Utterance prob per frame = 2.788442e+01
 Processing Data: Naoki.a_h_e_a_d.2231.htk; Label Naoki.a_h_e_a_d.2231.lab
 Utterance prob per frame = 2.520737e+01
 Processing Data: Naoki.b_o_s_s.1396.htk; Label Naoki.b_o_s_s.1396.lab
 Utterance prob per frame = 2.533097e+01
 Processing Data: Naoki.a_m.1850.htk; Label Naoki.a_m.1850.lab
 Utterance prob per frame = 2.962487e+01
 Processing Data: Naoki.a_f_t_e_r.975.htk; Label Naoki.a_f_t_e_r.975.lab
 Utterance prob per frame = 2.600482e+01
 Processing Data: Naoki.b_o_y_s.2050.htk; Label Naoki.b_o_y_s.2050.lab
 Utterance prob per frame = 3.085947e+01
 Processing Data: Naoki.b_a_n_k.1700.htk; Label Naoki.b_a_n_k.1700.lab
 Utterance prob per frame = 2.596916e+01
 Processing Data: Naoki.a_n_d.425.htk; Label Naoki.a_n_d.425.lab
 Utterance prob per frame = 2.794048e+01
 Processing Data: Naoki.a_h_e_a_d.1067.htk; Label Naoki.a_h_e_a_d.1067.lab
 Utterance prob per frame = 2.454136e+01
 Processing Data: Naoki.a_p_p_l_e.1983.htk; Label Naoki.a_p_p_l_e.1983.lab
 Utterance prob per frame = 3.042773e+01
 Processing Data: Naoki.b_i_l_l.381.htk; Label Naoki.b_i_l_l.381.lab
 Utterance prob per frame = 3.291907e+01
 Processing Data: Naoki.b_o_n_e.214.htk; Label Naoki.b_o_n_e.214.lab
 Utterance prob per frame = 2.957957e+01
 Processing Data: Naoki.a_l_l.123.htk; Label Naoki.a_l_l.123.lab
 Utterance prob per frame = 3.173639e+01
 Processing Data: Naoki.b_e_e_s.2001.htk; Label Naoki.b_e_e_s.2001.lab
 Utterance prob per frame = 2.797201e+01
 Processing Data: Naoki.a_n.1620.htk; Label Naoki.a_n.1620.lab
 Utterance prob per frame = 2.915985e+01
 Processing Data: Naoki.a_w_a_y.1807.htk; Label Naoki.a_w_a_y.1807.lab
 Utterance prob per frame = 2.255618e+01
 Processing Data: Naoki.a_r_e.1373.htk; Label Naoki.a_r_e.1373.lab
 Utterance prob per frame = 2.748315e+01
 Processing Data: Naoki.b_o_n_e.1378.htk; Label Naoki.b_o_n_e.1378.lab
 Utterance prob per frame = 2.910344e+01
 Processing Data: Naoki.b_e_e_r.2243.htk; Label Naoki.b_e_e_r.2243.lab
 Utterance prob per frame = 2.871794e+01
 Processing Data: Naoki.a_d_u_l_t.802.htk; Label Naoki.a_d_u_l_t.802.lab
 Utterance prob per frame = 1.847148e+01
 Processing Data: Naoki.a_g_a_i_n.812.htk; Label Naoki.a_g_a_i_n.812.lab
 Utterance prob per frame = 2.457408e+01
 Processing Data: Naoki.b_l_o_w.1110.htk; Label Naoki.b_l_o_w.1110.lab
 Utterance prob per frame = 2.380274e+01
 Processing Data: Naoki.b_a_r_e.1969.htk; Label Naoki.b_a_r_e.1969.lab
 Utterance prob per frame = 1.844519e+01
 Processing Data: Naoki.b_e_s_t.1540.htk; Label Naoki.b_e_s_t.1540.lab
 Utterance prob per frame = 2.474182e+01
 Processing Data: Naoki.b_i_r_t_h.697.htk; Label Naoki.b_i_r_t_h.697.lab
 Utterance prob per frame = 2.267570e+01
 Processing Data: Naoki.b_i_g.934.htk; Label Naoki.b_i_g.934.lab
 Utterance prob per frame = 3.156893e+01
 Processing Data: Naoki.b_e_e_n.2100.htk; Label Naoki.b_e_e_n.2100.lab
 Utterance prob per frame = 2.782585e+01
 Processing Data: Naoki.a_w_a_y.643.htk; Label Naoki.a_w_a_y.643.lab
 Utterance prob per frame = 2.651370e+01
 Processing Data: Naoki.b_i_l_l.1545.htk; Label Naoki.b_i_l_l.1545.lab
 Utterance prob per frame = 3.063659e+01
 Processing Data: Naoki.b_i_t_e.2268.htk; Label Naoki.b_i_t_e.2268.lab
 Utterance prob per frame = 2.446511e+01
 Processing Data: Naoki.b_e_e_s.837.htk; Label Naoki.b_e_e_s.837.lab
 Utterance prob per frame = 2.737833e+01
 Processing Data: Naoki.a_s.1985.htk; Label Naoki.a_s.1985.lab
 Utterance prob per frame = 3.620580e+01
 Processing Data: Naoki.b_i_r_d.1012.htk; Label Naoki.b_i_r_d.1012.lab
 Utterance prob per frame = 2.635120e+01
 Processing Data: Naoki.a_t_e.875.htk; Label Naoki.a_t_e.875.lab
 Utterance prob per frame = 2.661174e+01
 Processing Data: Naoki.b_o_y_s.886.htk; Label Naoki.b_o_y_s.886.lab
 Utterance prob per frame = 3.388742e+01
 Processing Data: Naoki.b_o_s_s.232.htk; Label Naoki.b_o_s_s.232.lab
 Utterance prob per frame = 2.774197e+01
 Processing Data: Naoki.b_i_k_e.1431.htk; Label Naoki.b_i_k_e.1431.lab
 Utterance prob per frame = 2.520041e+01
 Processing Data: Naoki.a_n_y.1639.htk; Label Naoki.a_n_y.1639.lab
 Utterance prob per frame = 2.823124e+01
 Processing Data: Naoki.a_t.1787.htk; Label Naoki.a_t.1787.lab
 Utterance prob per frame = 2.800139e+01
 Processing Data: Naoki.a_n_y.475.htk; Label Naoki.a_n_y.475.lab
 Utterance prob per frame = 2.420819e+01
 Processing Data: Naoki.a_s_k.2022.htk; Label Naoki.a_s_k.2022.lab
 Utterance prob per frame = 2.548626e+01
 Processing Data: Naoki.b_a_s_e_s.2081.htk; Label Naoki.b_a_s_e_s.2081.lab
 Utterance prob per frame = 2.199259e+01
 Processing Data: Naoki.b_e_a_r_s.2163.htk; Label Naoki.b_e_a_r_s.2163.lab
 Utterance prob per frame = 2.326431e+01
 Processing Data: Naoki.a_w_a_r_e.1556.htk; Label Naoki.a_w_a_r_e.1556.lab
 Utterance prob per frame = 2.377415e+01
 Processing Data: Naoki.a_s_k_e_d.2120.htk; Label Naoki.a_s_k_e_d.2120.lab
 Utterance prob per frame = 2.399964e+01
 Processing Data: Naoki.a_g_r_e_e.586.htk; Label Naoki.a_g_r_e_e.586.lab
 Utterance prob per frame = 2.608944e+01
 Processing Data: Naoki.b_a_r_e.805.htk; Label Naoki.b_a_r_e.805.lab
 Utterance prob per frame = 3.124539e+01
 Processing Data: Naoki.a_p_p_l_e.819.htk; Label Naoki.a_p_p_l_e.819.lab
 Utterance prob per frame = 2.776267e+01
 Processing Data: Naoki.a_t_e.2039.htk; Label Naoki.a_t_e.2039.lab
 Utterance prob per frame = 2.640673e+01
 Processing Data: Naoki.b_e.610.htk; Label Naoki.b_e.610.lab
 Utterance prob per frame = 3.069050e+01
 Processing Data: Naoki.b_e_e_r.1079.htk; Label Naoki.b_e_e_r.1079.lab
 Utterance prob per frame = 2.830822e+01
 Processing Data: Naoki.b_o_o_k_s.844.htk; Label Naoki.b_o_o_k_s.844.lab
 Utterance prob per frame = 2.459674e+01
 Processing Data: Naoki.a_s.821.htk; Label Naoki.a_s.821.lab
 Utterance prob per frame = 3.091064e+01
 Processing Data: Naoki.a_g_e_s.2220.htk; Label Naoki.a_g_e_s.2220.lab
 Utterance prob per frame = 2.783544e+01
 Processing Data: Naoki.b_a_n_k.536.htk; Label Naoki.b_a_n_k.536.lab
 Utterance prob per frame = 2.321364e+01
 Processing Data: Naoki.a.637.htk; Label Naoki.a.637.lab
 Utterance prob per frame = 3.184130e+01
 Processing Data: Naoki.b_i_r_t_h.1861.htk; Label Naoki.b_i_r_t_h.1861.lab
 Utterance prob per frame = 2.336911e+01
 Processing Data: Naoki.b_a_l_l.1542.htk; Label Naoki.b_a_l_l.1542.lab
 Utterance prob per frame = 3.150611e+01
 Processing Data: Naoki.a_g_a_i_n.1976.htk; Label Naoki.a_g_a_i_n.1976.lab
 Utterance prob per frame = 2.593213e+01
 Processing Data: Naoki.b_i_l_l_s.1725.htk; Label Naoki.b_i_l_l_s.1725.lab
 Utterance prob per frame = 3.171608e+01
 Processing Data: Naoki.a_w_a_r_e.392.htk; Label Naoki.a_w_a_r_e.392.lab
 Utterance prob per frame = 2.405653e+01
 Processing Data: Naoki.a_b_o_u_t.1572.htk; Label Naoki.a_b_o_u_t.1572.lab
 Utterance prob per frame = 2.830207e+01
 Processing Data: Naoki.b_a_t_h.1437.htk; Label Naoki.b_a_t_h.1437.lab
 Utterance prob per frame = 1.822434e+01
 Processing Data: Naoki.a_b_o_u_t.408.htk; Label Naoki.a_b_o_u_t.408.lab
 Utterance prob per frame = 2.570171e+01
 Processing Data: Naoki.b_l_o_w.2274.htk; Label Naoki.b_l_o_w.2274.lab
 Utterance prob per frame = 2.381870e+01
 Processing Data: Naoki.a.1801.htk; Label Naoki.a.1801.lab
 Utterance prob per frame = 2.970604e+01
 Processing Data: Naoki.b_i_t_e_s.1018.htk; Label Naoki.b_i_t_e_s.1018.lab
 Utterance prob per frame = 2.660647e+01
 Processing Data: Naoki.a_g_e_s.1056.htk; Label Naoki.a_g_e_s.1056.lab
 Utterance prob per frame = 2.652880e+01
 Processing Data: Naoki.b_a_d.1972.htk; Label Naoki.b_a_d.1972.lab
 Utterance prob per frame = 2.915207e+01
 Processing Data: Naoki.a_l_l.1287.htk; Label Naoki.a_l_l.1287.lab
 Utterance prob per frame = 3.126326e+01
 Processing Data: Naoki.b_l_u_e_s.353.htk; Label Naoki.b_l_u_e_s.353.lab
 Utterance prob per frame = 2.611184e+01
 Processing Data: Naoki.b_l_a_s_t.951.htk; Label Naoki.b_l_a_s_t.951.lab
 Utterance prob per frame = 2.348287e+01
 Processing Data: Naoki.b_a_c_k.1125.htk; Label Naoki.b_a_c_k.1125.lab
 Utterance prob per frame = 2.303966e+01
 Processing Data: Naoki.a_r_e.209.htk; Label Naoki.a_r_e.209.lab
 Utterance prob per frame = 2.679446e+01
 Processing Data: Naoki.b_a_d.808.htk; Label Naoki.b_a_d.808.lab
 Utterance prob per frame = 2.553076e+01
 Processing Data: Naoki.b_l_a_s_t.2115.htk; Label Naoki.b_l_a_s_t.2115.lab
 Utterance prob per frame = 2.699601e+01
 Processing Data: Naoki.b_l_u_e_s.1517.htk; Label Naoki.b_l_u_e_s.1517.lab
 Utterance prob per frame = 1.998984e+01
 Processing Data: Naoki.a_t.623.htk; Label Naoki.a_t.623.lab
 Utterance prob per frame = 2.954011e+01
 Processing Data: Naoki.a_s_k_e_d.956.htk; Label Naoki.a_s_k_e_d.956.lab
 Utterance prob per frame = 2.517703e+01
 Processing Data: Naoki.b_e_a_r_s.999.htk; Label Naoki.b_e_a_r_s.999.lab
 Utterance prob per frame = 2.492405e+01
 Processing Data: Naoki.b_i_k_e.267.htk; Label Naoki.b_i_k_e.267.lab
 Utterance prob per frame = 2.948781e+01
 Processing Data: Naoki.b_i_t_e_s.2182.htk; Label Naoki.b_i_t_e_s.2182.lab
 Utterance prob per frame = 2.767224e+01
 Processing Data: Naoki.a_s_k.858.htk; Label Naoki.a_s_k.858.lab
 Utterance prob per frame = 2.621637e+01
 Processing Data: Naoki.b_a_l_l.378.htk; Label Naoki.b_a_l_l.378.lab
 Utterance prob per frame = 3.332869e+01
 Processing Data: Naoki.a_d_u_l_t.1966.htk; Label Naoki.a_d_u_l_t.1966.lab
 Utterance prob per frame = 2.449195e+01
 Processing Data: Naoki.b_a_s_e_s.917.htk; Label Naoki.b_a_s_e_s.917.lab
 Utterance prob per frame = 2.790692e+01
 Processing Data: Naoki.a_f_t_e_r.2139.htk; Label Naoki.a_f_t_e_r.2139.lab
 Utterance prob per frame = 2.403042e+01
 WARNING [-2331]  UpdateModels: c[3] copied: only 1 egs
 in HERest
 WARNING [-2331]  UpdateModels: f[6] copied: only 2 egs
 in HERest
 WARNING [-2331]  UpdateModels: j[10] copied: only 0 egs
 in HERest
 WARNING [-2331]  UpdateModels: m[13] copied: only 1 egs
 in HERest
 WARNING [-2331]  UpdateModels: q[17] copied: only 0 egs
 in HERest
 WARNING [-2331]  UpdateModels: v[22] copied: only 0 egs
 in HERest
 WARNING [-2331]  UpdateModels: x[24] copied: only 0 egs
 in HERest
 WARNING [-2331]  UpdateModels: z[26] copied: only 0 egs
 in HERest
Total 116 floored variance elements in 12 different mixes
Saving hmm's to dir models/hmm27
Reestimation complete - average log prob per frame = 2.677243e+01
     - total frames seen          = 1.857700e+04
HERest -A -c 500.0 -v 0.0005 -A -H models/hmm27/newMacros -I all_labels.mlf -M models/hmm28 -S lists/train.data -T 1 wordList 
HERest -A -c 500.0 -v 0.0005 -A -H models/hmm27/newMacros -I all_labels.mlf -M models/hmm28 -S lists/train.data -T 1 wordList 
HERest  ML Updating: Transitions Means Variances MixWeights 

 System is PLAIN
28 Logical/28 Physical Models Loaded, VecSize=16
1 MMF input files
Pruning-Off
 Processing Data: Naoki.a_n_d.1589.htk; Label Naoki.a_n_d.1589.lab
 Utterance prob per frame = 2.411784e+01
 Processing Data: Naoki.b_i_t_e.1104.htk; Label Naoki.b_i_t_e.1104.lab
 Utterance prob per frame = 2.796322e+01
 Processing Data: Naoki.b_i_g.2098.htk; Label Naoki.b_i_g.2098.lab
 Utterance prob per frame = 2.839254e+01
 Processing Data: Naoki.b_o_o_k_s.2008.htk; Label Naoki.b_o_o_k_s.2008.lab
 Utterance prob per frame = 2.862608e+01
 Processing Data: Naoki.a_h_e_a_d.2231.htk; Label Naoki.a_h_e_a_d.2231.lab
 Utterance prob per frame = 2.615251e+01
 Processing Data: Naoki.b_o_s_s.1396.htk; Label Naoki.b_o_s_s.1396.lab
 Utterance prob per frame = 2.577726e+01
 Processing Data: Naoki.a_m.1850.htk; Label Naoki.a_m.1850.lab
 Utterance prob per frame = 3.019005e+01
 Processing Data: Naoki.a_f_t_e_r.975.htk; Label Naoki.a_f_t_e_r.975.lab
 Utterance prob per frame = 2.659459e+01
 Processing Data: Naoki.b_o_y_s.2050.htk; Label Naoki.b_o_y_s.2050.lab
 Utterance prob per frame = 3.115404e+01
 Processing Data: Naoki.b_a_n_k.1700.htk; Label Naoki.b_a_n_k.1700.lab
 Utterance prob per frame = 2.667635e+01
 Processing Data: Naoki.a_n_d.425.htk; Label Naoki.a_n_d.425.lab
 Utterance prob per frame = 2.823469e+01
 Processing Data: Naoki.a_h_e_a_d.1067.htk; Label Naoki.a_h_e_a_d.1067.lab
 Utterance prob per frame = 2.512762e+01
 Processing Data: Naoki.a_p_p_l_e.1983.htk; Label Naoki.a_p_p_l_e.1983.lab
 Utterance prob per frame = 3.162811e+01
 Processing Data: Naoki.b_i_l_l.381.htk; Label Naoki.b_i_l_l.381.lab
 Utterance prob per frame = 3.421938e+01
 Processing Data: Naoki.b_o_n_e.214.htk; Label Naoki.b_o_n_e.214.lab
 Utterance prob per frame = 3.023884e+01
 Processing Data: Naoki.a_l_l.123.htk; Label Naoki.a_l_l.123.lab
 Utterance prob per frame = 3.293917e+01
 Processing Data: Naoki.b_e_e_s.2001.htk; Label Naoki.b_e_e_s.2001.lab
 Utterance prob per frame = 2.863395e+01
 Processing Data: Naoki.a_n.1620.htk; Label Naoki.a_n.1620.lab
 Utterance prob per frame = 2.959174e+01
 Processing Data: Naoki.a_w_a_y.1807.htk; Label Naoki.a_w_a_y.1807.lab
 Utterance prob per frame = 2.324191e+01
 Processing Data: Naoki.a_r_e.1373.htk; Label Naoki.a_r_e.1373.lab
 Utterance prob per frame = 2.820753e+01
 Processing Data: Naoki.b_o_n_e.1378.htk; Label Naoki.b_o_n_e.1378.lab
 Utterance prob per frame = 2.980387e+01
 Processing Data: Naoki.b_e_e_r.2243.htk; Label Naoki.b_e_e_r.2243.lab
 Utterance prob per frame = 2.933090e+01
 Processing Data: Naoki.a_d_u_l_t.802.htk; Label Naoki.a_d_u_l_t.802.lab
 Utterance prob per frame = 1.954114e+01
 Processing Data: Naoki.a_g_a_i_n.812.htk; Label Naoki.a_g_a_i_n.812.lab
 Utterance prob per frame = 2.541510e+01
 Processing Data: Naoki.b_l_o_w.1110.htk; Label Naoki.b_l_o_w.1110.lab
 Utterance prob per frame = 2.408773e+01
 Processing Data: Naoki.b_a_r_e.1969.htk; Label Naoki.b_a_r_e.1969.lab
 Utterance prob per frame = 1.948005e+01
 Processing Data: Naoki.b_e_s_t.1540.htk; Label Naoki.b_e_s_t.1540.lab
 Utterance prob per frame = 2.506117e+01
 Processing Data: Naoki.b_i_r_t_h.697.htk; Label Naoki.b_i_r_t_h.697.lab
 Utterance prob per frame = 2.336186e+01
 Processing Data: Naoki.b_i_g.934.htk; Label Naoki.b_i_g.934.lab
 Utterance prob per frame = 3.238969e+01
 Processing Data: Naoki.b_e_e_n.2100.htk; Label Naoki.b_e_e_n.2100.lab
 Utterance prob per frame = 2.794893e+01
 Processing Data: Naoki.a_w_a_y.643.htk; Label Naoki.a_w_a_y.643.lab
 Utterance prob per frame = 2.716366e+01
 Processing Data: Naoki.b_i_l_l.1545.htk; Label Naoki.b_i_l_l.1545.lab
 Utterance prob per frame = 3.239149e+01
 Processing Data: Naoki.b_i_t_e.2268.htk; Label Naoki.b_i_t_e.2268.lab
 Utterance prob per frame = 2.520321e+01
 Processing Data: Naoki.b_e_e_s.837.htk; Label Naoki.b_e_e_s.837.lab
 Utterance prob per frame = 2.804863e+01
 Processing Data: Naoki.a_s.1985.htk; Label Naoki.a_s.1985.lab
 Utterance prob per frame = 3.655560e+01
 Processing Data: Naoki.b_i_r_d.1012.htk; Label Naoki.b_i_r_d.1012.lab
 Utterance prob per frame = 2.726261e+01
 Processing Data: Naoki.a_t_e.875.htk; Label Naoki.a_t_e.875.lab
 Utterance prob per frame = 2.755574e+01
 Processing Data: Naoki.b_o_y_s.886.htk; Label Naoki.b_o_y_s.886.lab
 Utterance prob per frame = 3.418518e+01
 Processing Data: Naoki.b_o_s_s.232.htk; Label Naoki.b_o_s_s.232.lab
 Utterance prob per frame = 2.810924e+01
 Processing Data: Naoki.b_i_k_e.1431.htk; Label Naoki.b_i_k_e.1431.lab
 Utterance prob per frame = 2.637622e+01
 Processing Data: Naoki.a_n_y.1639.htk; Label Naoki.a_n_y.1639.lab
 Utterance prob per frame = 2.869786e+01
 Processing Data: Naoki.a_t.1787.htk; Label Naoki.a_t.1787.lab
 Utterance prob per frame = 2.830706e+01
 Processing Data: Naoki.a_n_y.475.htk; Label Naoki.a_n_y.475.lab
 Utterance prob per frame = 2.461339e+01
 Processing Data: Naoki.a_s_k.2022.htk; Label Naoki.a_s_k.2022.lab
 Utterance prob per frame = 2.633688e+01
 Processing Data: Naoki.b_a_s_e_s.2081.htk; Label Naoki.b_a_s_e_s.2081.lab
 Utterance prob per frame = 2.243911e+01
 Processing Data: Naoki.b_e_a_r_s.2163.htk; Label Naoki.b_e_a_r_s.2163.lab
 Utterance prob per frame = 2.368834e+01
 Processing Data: Naoki.a_w_a_r_e.1556.htk; Label Naoki.a_w_a_r_e.1556.lab
 Utterance prob per frame = 2.438682e+01
 Processing Data: Naoki.a_s_k_e_d.2120.htk; Label Naoki.a_s_k_e_d.2120.lab
 Utterance prob per frame = 2.485968e+01
 Processing Data: Naoki.a_g_r_e_e.586.htk; Label Naoki.a_g_r_e_e.586.lab
 Utterance prob per frame = 2.699812e+01
 Processing Data: Naoki.b_a_r_e.805.htk; Label Naoki.b_a_r_e.805.lab
 Utterance prob per frame = 3.183118e+01
 Processing Data: Naoki.a_p_p_l_e.819.htk; Label Naoki.a_p_p_l_e.819.lab
 Utterance prob per frame = 2.918027e+01
 Processing Data: Naoki.a_t_e.2039.htk; Label Naoki.a_t_e.2039.lab
 Utterance prob per frame = 2.704888e+01
 Processing Data: Naoki.b_e.610.htk; Label Naoki.b_e.610.lab
 Utterance prob per frame = 3.130546e+01
 Processing Data: Naoki.b_e_e_r.1079.htk; Label Naoki.b_e_e_r.1079.lab
 Utterance prob per frame = 2.910542e+01
 Processing Data: Naoki.b_o_o_k_s.844.htk; Label Naoki.b_o_o_k_s.844.lab
 Utterance prob per frame = 2.545984e+01
 Processing Data: Naoki.a_s.821.htk; Label Naoki.a_s.821.lab
 Utterance prob per frame = 3.136399e+01
 Processing Data: Naoki.a_g_e_s.2220.htk; Label Naoki.a_g_e_s.2220.lab
 Utterance prob per frame = 2.853620e+01
 Processing Data: Naoki.b_a_n_k.536.htk; Label Naoki.b_a_n_k.536.lab
 Utterance prob per frame = 2.437284e+01
 Processing Data: Naoki.a.637.htk; Label Naoki.a.637.lab
 Utterance prob per frame = 3.226952e+01
 Processing Data: Naoki.b_i_r_t_h.1861.htk; Label Naoki.b_i_r_t_h.1861.lab
 Utterance prob per frame = 2.486745e+01
 Processing Data: Naoki.b_a_l_l.1542.htk; Label Naoki.b_a_l_l.1542.lab
 Utterance prob per frame = 3.267336e+01
 Processing Data: Naoki.a_g_a_i_n.1976.htk; Label Naoki.a_g_a_i_n.1976.lab
 Utterance prob per frame = 2.663272e+01
 Processing Data: Naoki.b_i_l_l_s.1725.htk; Label Naoki.b_i_l_l_s.1725.lab
 Utterance prob per frame = 3.405494e+01
 Processing Data: Naoki.a_w_a_r_e.392.htk; Label Naoki.a_w_a_r_e.392.lab
 Utterance prob per frame = 2.465686e+01
 Processing Data: Naoki.a_b_o_u_t.1572.htk; Label Naoki.a_b_o_u_t.1572.lab
 Utterance prob per frame = 2.881109e+01
 Processing Data: Naoki.b_a_t_h.1437.htk; Label Naoki.b_a_t_h.1437.lab
 Utterance prob per frame = 1.926715e+01
 Processing Data: Naoki.a_b_o_u_t.408.htk; Label Naoki.a_b_o_u_t.408.lab
 Utterance prob per frame = 2.615575e+01
 Processing Data: Naoki.b_l_o_w.2274.htk; Label Naoki.b_l_o_w.2274.lab
 Utterance prob per frame = 2.435335e+01
 Processing Data: Naoki.a.1801.htk; Label Naoki.a.1801.lab
 Utterance prob per frame = 3.044767e+01
 Processing Data: Naoki.b_i_t_e_s.1018.htk; Label Naoki.b_i_t_e_s.1018.lab
 Utterance prob per frame = 2.720793e+01
 Processing Data: Naoki.a_g_e_s.1056.htk; Label Naoki.a_g_e_s.1056.lab
 Utterance prob per frame = 2.726477e+01
 Processing Data: Naoki.b_a_d.1972.htk; Label Naoki.b_a_d.1972.lab
 Utterance prob per frame = 2.936744e+01
 Processing Data: Naoki.a_l_l.1287.htk; Label Naoki.a_l_l.1287.lab
 Utterance prob per frame = 3.256982e+01
 Processing Data: Naoki.b_l_u_e_s.353.htk; Label Naoki.b_l_u_e_s.353.lab
 Utterance prob per frame = 2.665957e+01
 Processing Data: Naoki.b_l_a_s_t.951.htk; Label Naoki.b_l_a_s_t.951.lab
 Utterance prob per frame = 2.423365e+01
 Processing Data: Naoki.b_a_c_k.1125.htk; Label Naoki.b_a_c_k.1125.lab
 Utterance prob per frame = 2.356805e+01
 Processing Data: Naoki.a_r_e.209.htk; Label Naoki.a_r_e.209.lab
 Utterance prob per frame = 2.722041e+01
 Processing Data: Naoki.b_a_d.808.htk; Label Naoki.b_a_d.808.lab
 Utterance prob per frame = 2.586558e+01
 Processing Data: Naoki.b_l_a_s_t.2115.htk; Label Naoki.b_l_a_s_t.2115.lab
 Utterance prob per frame = 2.725702e+01
 Processing Data: Naoki.b_l_u_e_s.1517.htk; Label Naoki.b_l_u_e_s.1517.lab
 Utterance prob per frame = 2.077269e+01
 Processing Data: Naoki.a_t.623.htk; Label Naoki.a_t.623.lab
 Utterance prob per frame = 2.965058e+01
 Processing Data: Naoki.a_s_k_e_d.956.htk; Label Naoki.a_s_k_e_d.956.lab
 Utterance prob per frame = 2.577506e+01
 Processing Data: Naoki.b_e_a_r_s.999.htk; Label Naoki.b_e_a_r_s.999.lab
 Utterance prob per frame = 2.545438e+01
 Processing Data: Naoki.b_i_k_e.267.htk; Label Naoki.b_i_k_e.267.lab
 Utterance prob per frame = 3.040618e+01
 Processing Data: Naoki.b_i_t_e_s.2182.htk; Label Naoki.b_i_t_e_s.2182.lab
 Utterance prob per frame = 2.826591e+01
 Processing Data: Naoki.a_s_k.858.htk; Label Naoki.a_s_k.858.lab
 Utterance prob per frame = 2.703950e+01
 Processing Data: Naoki.b_a_l_l.378.htk; Label Naoki.b_a_l_l.378.lab
 Utterance prob per frame = 3.407236e+01
 Processing Data: Naoki.a_d_u_l_t.1966.htk; Label Naoki.a_d_u_l_t.1966.lab
 Utterance prob per frame = 2.490340e+01
 Processing Data: Naoki.b_a_s_e_s.917.htk; Label Naoki.b_a_s_e_s.917.lab
 Utterance prob per frame = 2.833201e+01
 Processing Data: Naoki.a_f_t_e_r.2139.htk; Label Naoki.a_f_t_e_r.2139.lab
 Utterance prob per frame = 2.467524e+01
 WARNING [-2331]  UpdateModels: c[3] copied: only 1 egs
 in HERest
 WARNING [-2331]  UpdateModels: f[6] copied: only 2 egs
 in HERest
 WARNING [-2331]  UpdateModels: j[10] copied: only 0 egs
 in HERest
 WARNING [-2331]  UpdateModels: m[13] copied: only 1 egs
 in HERest
 WARNING [-2331]  UpdateModels: q[17] copied: only 0 egs
 in HERest
 WARNING [-2331]  UpdateModels: v[22] copied: only 0 egs
 in HERest
 WARNING [-2331]  UpdateModels: x[24] copied: only 0 egs
 in HERest
 WARNING [-2331]  UpdateModels: z[26] copied: only 0 egs
 in HERest
Total 123 floored variance elements in 13 different mixes
Saving hmm's to dir models/hmm28
Reestimation complete - average log prob per frame = 2.748342e+01
     - total frames seen          = 1.857700e+04
HERest -A -c 500.0 -v 0.0005 -A -H models/hmm28/newMacros -I all_labels.mlf -M models/hmm29 -S lists/train.data -T 1 wordList 
HERest -A -c 500.0 -v 0.0005 -A -H models/hmm28/newMacros -I all_labels.mlf -M models/hmm29 -S lists/train.data -T 1 wordList 
HERest  ML Updating: Transitions Means Variances MixWeights 

 System is PLAIN
28 Logical/28 Physical Models Loaded, VecSize=16
1 MMF input files
Pruning-Off
 Processing Data: Naoki.a_n_d.1589.htk; Label Naoki.a_n_d.1589.lab
 Utterance prob per frame = 2.431661e+01
 Processing Data: Naoki.b_i_t_e.1104.htk; Label Naoki.b_i_t_e.1104.lab
 Utterance prob per frame = 2.901948e+01
 Processing Data: Naoki.b_i_g.2098.htk; Label Naoki.b_i_g.2098.lab
 Utterance prob per frame = 2.874095e+01
 Processing Data: Naoki.b_o_o_k_s.2008.htk; Label Naoki.b_o_o_k_s.2008.lab
 Utterance prob per frame = 2.938265e+01
 Processing Data: Naoki.a_h_e_a_d.2231.htk; Label Naoki.a_h_e_a_d.2231.lab
 Utterance prob per frame = 2.655082e+01
 Processing Data: Naoki.b_o_s_s.1396.htk; Label Naoki.b_o_s_s.1396.lab
 Utterance prob per frame = 2.662580e+01
 Processing Data: Naoki.a_m.1850.htk; Label Naoki.a_m.1850.lab
 Utterance prob per frame = 3.037648e+01
 Processing Data: Naoki.a_f_t_e_r.975.htk; Label Naoki.a_f_t_e_r.975.lab
 Utterance prob per frame = 2.772351e+01
 Processing Data: Naoki.b_o_y_s.2050.htk; Label Naoki.b_o_y_s.2050.lab
 Utterance prob per frame = 3.168192e+01
 Processing Data: Naoki.b_a_n_k.1700.htk; Label Naoki.b_a_n_k.1700.lab
 Utterance prob per frame = 2.681257e+01
 Processing Data: Naoki.a_n_d.425.htk; Label Naoki.a_n_d.425.lab
 Utterance prob per frame = 2.839904e+01
 Processing Data: Naoki.a_h_e_a_d.1067.htk; Label Naoki.a_h_e_a_d.1067.lab
 Utterance prob per frame = 2.554729e+01
 Processing Data: Naoki.a_p_p_l_e.1983.htk; Label Naoki.a_p_p_l_e.1983.lab
 Utterance prob per frame = 3.181590e+01
 Processing Data: Naoki.b_i_l_l.381.htk; Label Naoki.b_i_l_l.381.lab
 Utterance prob per frame = 3.472857e+01
 Processing Data: Naoki.b_o_n_e.214.htk; Label Naoki.b_o_n_e.214.lab
 Utterance prob per frame = 3.121098e+01
 Processing Data: Naoki.a_l_l.123.htk; Label Naoki.a_l_l.123.lab
 Utterance prob per frame = 3.318942e+01
 Processing Data: Naoki.b_e_e_s.2001.htk; Label Naoki.b_e_e_s.2001.lab
 Utterance prob per frame = 3.005192e+01
 Processing Data: Naoki.a_n.1620.htk; Label Naoki.a_n.1620.lab
 Utterance prob per frame = 3.014416e+01
 Processing Data: Naoki.a_w_a_y.1807.htk; Label Naoki.a_w_a_y.1807.lab
 Utterance prob per frame = 2.382306e+01
 Processing Data: Naoki.a_r_e.1373.htk; Label Naoki.a_r_e.1373.lab
 Utterance prob per frame = 2.880735e+01
 Processing Data: Naoki.b_o_n_e.1378.htk; Label Naoki.b_o_n_e.1378.lab
 Utterance prob per frame = 3.074113e+01
 Processing Data: Naoki.b_e_e_r.2243.htk; Label Naoki.b_e_e_r.2243.lab
 Utterance prob per frame = 3.071185e+01
 Processing Data: Naoki.a_d_u_l_t.802.htk; Label Naoki.a_d_u_l_t.802.lab
 Utterance prob per frame = 1.980182e+01
 Processing Data: Naoki.a_g_a_i_n.812.htk; Label Naoki.a_g_a_i_n.812.lab
 Utterance prob per frame = 2.601766e+01
 Processing Data: Naoki.b_l_o_w.1110.htk; Label Naoki.b_l_o_w.1110.lab
 Utterance prob per frame = 2.395099e+01
 Processing Data: Naoki.b_a_r_e.1969.htk; Label Naoki.b_a_r_e.1969.lab
 Utterance prob per frame = 2.067147e+01
 Processing Data: Naoki.b_e_s_t.1540.htk; Label Naoki.b_e_s_t.1540.lab
 Utterance prob per frame = 2.552657e+01
 Processing Data: Naoki.b_i_r_t_h.697.htk; Label Naoki.b_i_r_t_h.697.lab
 Utterance prob per frame = 2.368537e+01
 Processing Data: Naoki.b_i_g.934.htk; Label Naoki.b_i_g.934.lab
 Utterance prob per frame = 3.283092e+01
 Processing Data: Naoki.b_e_e_n.2100.htk; Label Naoki.b_e_e_n.2100.lab
 Utterance prob per frame = 2.858698e+01
 Processing Data: Naoki.a_w_a_y.643.htk; Label Naoki.a_w_a_y.643.lab
 Utterance prob per frame = 2.758548e+01
 Processing Data: Naoki.b_i_l_l.1545.htk; Label Naoki.b_i_l_l.1545.lab
 Utterance prob per frame = 3.273799e+01
 Processing Data: Naoki.b_i_t_e.2268.htk; Label Naoki.b_i_t_e.2268.lab
 Utterance prob per frame = 2.559604e+01
 Processing Data: Naoki.b_e_e_s.837.htk; Label Naoki.b_e_e_s.837.lab
 Utterance prob per frame = 2.952135e+01
 Processing Data: Naoki.a_s.1985.htk; Label Naoki.a_s.1985.lab
 Utterance prob per frame = 3.697523e+01
 Processing Data: Naoki.b_i_r_d.1012.htk; Label Naoki.b_i_r_d.1012.lab
 Utterance prob per frame = 2.801735e+01
 Processing Data: Naoki.a_t_e.875.htk; Label Naoki.a_t_e.875.lab
 Utterance prob per frame = 2.872434e+01
 Processing Data: Naoki.b_o_y_s.886.htk; Label Naoki.b_o_y_s.886.lab
 Utterance prob per frame = 3.469304e+01
 Processing Data: Naoki.b_o_s_s.232.htk; Label Naoki.b_o_s_s.232.lab
 Utterance prob per frame = 2.883656e+01
 Processing Data: Naoki.b_i_k_e.1431.htk; Label Naoki.b_i_k_e.1431.lab
 Utterance prob per frame = 2.659594e+01
 Processing Data: Naoki.a_n_y.1639.htk; Label Naoki.a_n_y.1639.lab
 Utterance prob per frame = 2.903151e+01
 Processing Data: Naoki.a_t.1787.htk; Label Naoki.a_t.1787.lab
 Utterance prob per frame = 2.851311e+01
 Processing Data: Naoki.a_n_y.475.htk; Label Naoki.a_n_y.475.lab
 Utterance prob per frame = 2.505121e+01
 Processing Data: Naoki.a_s_k.2022.htk; Label Naoki.a_s_k.2022.lab
 Utterance prob per frame = 2.665050e+01
 Processing Data: Naoki.b_a_s_e_s.2081.htk; Label Naoki.b_a_s_e_s.2081.lab
 Utterance prob per frame = 2.388508e+01
 Processing Data: Naoki.b_e_a_r_s.2163.htk; Label Naoki.b_e_a_r_s.2163.lab
 Utterance prob per frame = 2.449373e+01
 Processing Data: Naoki.a_w_a_r_e.1556.htk; Label Naoki.a_w_a_r_e.1556.lab
 Utterance prob per frame = 2.499154e+01
 Processing Data: Naoki.a_s_k_e_d.2120.htk; Label Naoki.a_s_k_e_d.2120.lab
 Utterance prob per frame = 2.504612e+01
 Processing Data: Naoki.a_g_r_e_e.586.htk; Label Naoki.a_g_r_e_e.586.lab
 Utterance prob per frame = 2.815094e+01
 Processing Data: Naoki.b_a_r_e.805.htk; Label Naoki.b_a_r_e.805.lab
 Utterance prob per frame = 3.249602e+01
 Processing Data: Naoki.a_p_p_l_e.819.htk; Label Naoki.a_p_p_l_e.819.lab
 Utterance prob per frame = 2.965208e+01
 Processing Data: Naoki.a_t_e.2039.htk; Label Naoki.a_t_e.2039.lab
 Utterance prob per frame = 2.807136e+01
 Processing Data: Naoki.b_e.610.htk; Label Naoki.b_e.610.lab
 Utterance prob per frame = 3.223927e+01
 Processing Data: Naoki.b_e_e_r.1079.htk; Label Naoki.b_e_e_r.1079.lab
 Utterance prob per frame = 3.052133e+01
 Processing Data: Naoki.b_o_o_k_s.844.htk; Label Naoki.b_o_o_k_s.844.lab
 Utterance prob per frame = 2.621708e+01
 Processing Data: Naoki.a_s.821.htk; Label Naoki.a_s.821.lab
 Utterance prob per frame = 3.204934e+01
 Processing Data: Naoki.a_g_e_s.2220.htk; Label Naoki.a_g_e_s.2220.lab
 Utterance prob per frame = 2.923397e+01
 Processing Data: Naoki.b_a_n_k.536.htk; Label Naoki.b_a_n_k.536.lab
 Utterance prob per frame = 2.488374e+01
 Processing Data: Naoki.a.637.htk; Label Naoki.a.637.lab
 Utterance prob per frame = 3.287139e+01
 Processing Data: Naoki.b_i_r_t_h.1861.htk; Label Naoki.b_i_r_t_h.1861.lab
 Utterance prob per frame = 2.546210e+01
 Processing Data: Naoki.b_a_l_l.1542.htk; Label Naoki.b_a_l_l.1542.lab
 Utterance prob per frame = 3.281300e+01
 Processing Data: Naoki.a_g_a_i_n.1976.htk; Label Naoki.a_g_a_i_n.1976.lab
 Utterance prob per frame = 2.739522e+01
 Processing Data: Naoki.b_i_l_l_s.1725.htk; Label Naoki.b_i_l_l_s.1725.lab
 Utterance prob per frame = 3.524375e+01
 Processing Data: Naoki.a_w_a_r_e.392.htk; Label Naoki.a_w_a_r_e.392.lab
 Utterance prob per frame = 2.525370e+01
 Processing Data: Naoki.a_b_o_u_t.1572.htk; Label Naoki.a_b_o_u_t.1572.lab
 Utterance prob per frame = 2.947963e+01
 Processing Data: Naoki.b_a_t_h.1437.htk; Label Naoki.b_a_t_h.1437.lab
 Utterance prob per frame = 1.943526e+01
 Processing Data: Naoki.a_b_o_u_t.408.htk; Label Naoki.a_b_o_u_t.408.lab
 Utterance prob per frame = 2.687601e+01
 Processing Data: Naoki.b_l_o_w.2274.htk; Label Naoki.b_l_o_w.2274.lab
 Utterance prob per frame = 2.481954e+01
 Processing Data: Naoki.a.1801.htk; Label Naoki.a.1801.lab
 Utterance prob per frame = 3.093693e+01
 Processing Data: Naoki.b_i_t_e_s.1018.htk; Label Naoki.b_i_t_e_s.1018.lab
 Utterance prob per frame = 2.805972e+01
 Processing Data: Naoki.a_g_e_s.1056.htk; Label Naoki.a_g_e_s.1056.lab
 Utterance prob per frame = 2.832450e+01
 Processing Data: Naoki.b_a_d.1972.htk; Label Naoki.b_a_d.1972.lab
 Utterance prob per frame = 2.955989e+01
 Processing Data: Naoki.a_l_l.1287.htk; Label Naoki.a_l_l.1287.lab
 Utterance prob per frame = 3.318801e+01
 Processing Data: Naoki.b_l_u_e_s.353.htk; Label Naoki.b_l_u_e_s.353.lab
 Utterance prob per frame = 2.718690e+01
 Processing Data: Naoki.b_l_a_s_t.951.htk; Label Naoki.b_l_a_s_t.951.lab
 Utterance prob per frame = 2.473822e+01
 Processing Data: Naoki.b_a_c_k.1125.htk; Label Naoki.b_a_c_k.1125.lab
 Utterance prob per frame = 2.370650e+01
 Processing Data: Naoki.a_r_e.209.htk; Label Naoki.a_r_e.209.lab
 Utterance prob per frame = 2.768830e+01
 Processing Data: Naoki.b_a_d.808.htk; Label Naoki.b_a_d.808.lab
 Utterance prob per frame = 2.635605e+01
 Processing Data: Naoki.b_l_a_s_t.2115.htk; Label Naoki.b_l_a_s_t.2115.lab
 Utterance prob per frame = 2.754729e+01
 Processing Data: Naoki.b_l_u_e_s.1517.htk; Label Naoki.b_l_u_e_s.1517.lab
 Utterance prob per frame = 2.164218e+01
 Processing Data: Naoki.a_t.623.htk; Label Naoki.a_t.623.lab
 Utterance prob per frame = 2.994681e+01
 Processing Data: Naoki.a_s_k_e_d.956.htk; Label Naoki.a_s_k_e_d.956.lab
 Utterance prob per frame = 2.603344e+01
 Processing Data: Naoki.b_e_a_r_s.999.htk; Label Naoki.b_e_a_r_s.999.lab
 Utterance prob per frame = 2.646703e+01
 Processing Data: Naoki.b_i_k_e.267.htk; Label Naoki.b_i_k_e.267.lab
 Utterance prob per frame = 3.111924e+01
 Processing Data: Naoki.b_i_t_e_s.2182.htk; Label Naoki.b_i_t_e_s.2182.lab
 Utterance prob per frame = 2.925362e+01
 Processing Data: Naoki.a_s_k.858.htk; Label Naoki.a_s_k.858.lab
 Utterance prob per frame = 2.730606e+01
 Processing Data: Naoki.b_a_l_l.378.htk; Label Naoki.b_a_l_l.378.lab
 Utterance prob per frame = 3.436316e+01
 Processing Data: Naoki.a_d_u_l_t.1966.htk; Label Naoki.a_d_u_l_t.1966.lab
 Utterance prob per frame = 2.519817e+01
 Processing Data: Naoki.b_a_s_e_s.917.htk; Label Naoki.b_a_s_e_s.917.lab
 Utterance prob per frame = 2.925782e+01
 Processing Data: Naoki.a_f_t_e_r.2139.htk; Label Naoki.a_f_t_e_r.2139.lab
 Utterance prob per frame = 2.561865e+01
 WARNING [-2331]  UpdateModels: c[3] copied: only 1 egs
 in HERest
 WARNING [-2331]  UpdateModels: f[6] copied: only 2 egs
 in HERest
 WARNING [-2331]  UpdateModels: j[10] copied: only 0 egs
 in HERest
 WARNING [-2331]  UpdateModels: m[13] copied: only 1 egs
 in HERest
 WARNING [-2331]  UpdateModels: q[17] copied: only 0 egs
 in HERest
 WARNING [-2331]  UpdateModels: v[22] copied: only 0 egs
 in HERest
 WARNING [-2331]  UpdateModels: x[24] copied: only 0 egs
 in HERest
 WARNING [-2331]  UpdateModels: z[26] copied: only 0 egs
 in HERest
Total 130 floored variance elements in 14 different mixes
Saving hmm's to dir models/hmm29
Reestimation complete - average log prob per frame = 2.809706e+01
     - total frames seen          = 1.857700e+04
HERest -A -c 500.0 -v 0.0005 -A -H models/hmm29/newMacros -I all_labels.mlf -M models/hmm30 -S lists/train.data -T 1 wordList 
HERest -A -c 500.0 -v 0.0005 -A -H models/hmm29/newMacros -I all_labels.mlf -M models/hmm30 -S lists/train.data -T 1 wordList 
HERest  ML Updating: Transitions Means Variances MixWeights 

 System is PLAIN
28 Logical/28 Physical Models Loaded, VecSize=16
1 MMF input files
Pruning-Off
 Processing Data: Naoki.a_n_d.1589.htk; Label Naoki.a_n_d.1589.lab
 Utterance prob per frame = 2.442569e+01
 Processing Data: Naoki.b_i_t_e.1104.htk; Label Naoki.b_i_t_e.1104.lab
 Utterance prob per frame = 2.923365e+01
 Processing Data: Naoki.b_i_g.2098.htk; Label Naoki.b_i_g.2098.lab
 Utterance prob per frame = 2.876336e+01
 Processing Data: Naoki.b_o_o_k_s.2008.htk; Label Naoki.b_o_o_k_s.2008.lab
 Utterance prob per frame = 2.982331e+01
 Processing Data: Naoki.a_h_e_a_d.2231.htk; Label Naoki.a_h_e_a_d.2231.lab
 Utterance prob per frame = 2.662128e+01
 Processing Data: Naoki.b_o_s_s.1396.htk; Label Naoki.b_o_s_s.1396.lab
 Utterance prob per frame = 2.702662e+01
 Processing Data: Naoki.a_m.1850.htk; Label Naoki.a_m.1850.lab
 Utterance prob per frame = 3.031304e+01
 Processing Data: Naoki.a_f_t_e_r.975.htk; Label Naoki.a_f_t_e_r.975.lab
 Utterance prob per frame = 2.804846e+01
 Processing Data: Naoki.b_o_y_s.2050.htk; Label Naoki.b_o_y_s.2050.lab
 Utterance prob per frame = 3.195652e+01
 Processing Data: Naoki.b_a_n_k.1700.htk; Label Naoki.b_a_n_k.1700.lab
 Utterance prob per frame = 2.677721e+01
 Processing Data: Naoki.a_n_d.425.htk; Label Naoki.a_n_d.425.lab
 Utterance prob per frame = 2.846625e+01
 Processing Data: Naoki.a_h_e_a_d.1067.htk; Label Naoki.a_h_e_a_d.1067.lab
 Utterance prob per frame = 2.566115e+01
 Processing Data: Naoki.a_p_p_l_e.1983.htk; Label Naoki.a_p_p_l_e.1983.lab
 Utterance prob per frame = 3.169431e+01
 Processing Data: Naoki.b_i_l_l.381.htk; Label Naoki.b_i_l_l.381.lab
 Utterance prob per frame = 3.485957e+01
 Processing Data: Naoki.b_o_n_e.214.htk; Label Naoki.b_o_n_e.214.lab
 Utterance prob per frame = 3.151071e+01
 Processing Data: Naoki.a_l_l.123.htk; Label Naoki.a_l_l.123.lab
 Utterance prob per frame = 3.330956e+01
 Processing Data: Naoki.b_e_e_s.2001.htk; Label Naoki.b_e_e_s.2001.lab
 Utterance prob per frame = 3.090647e+01
 Processing Data: Naoki.a_n.1620.htk; Label Naoki.a_n.1620.lab
 Utterance prob per frame = 3.045577e+01
 Processing Data: Naoki.a_w_a_y.1807.htk; Label Naoki.a_w_a_y.1807.lab
 Utterance prob per frame = 2.412830e+01
 Processing Data: Naoki.a_r_e.1373.htk; Label Naoki.a_r_e.1373.lab
 Utterance prob per frame = 2.879913e+01
 Processing Data: Naoki.b_o_n_e.1378.htk; Label Naoki.b_o_n_e.1378.lab
 Utterance prob per frame = 3.096147e+01
 Processing Data: Naoki.b_e_e_r.2243.htk; Label Naoki.b_e_e_r.2243.lab
 Utterance prob per frame = 3.104308e+01
 Processing Data: Naoki.a_d_u_l_t.802.htk; Label Naoki.a_d_u_l_t.802.lab
 Utterance prob per frame = 1.979101e+01
 Processing Data: Naoki.a_g_a_i_n.812.htk; Label Naoki.a_g_a_i_n.812.lab
 Utterance prob per frame = 2.649066e+01
 Processing Data: Naoki.b_l_o_w.1110.htk; Label Naoki.b_l_o_w.1110.lab
 Utterance prob per frame = 2.446466e+01
 Processing Data: Naoki.b_a_r_e.1969.htk; Label Naoki.b_a_r_e.1969.lab
 Utterance prob per frame = 2.084020e+01
 Processing Data: Naoki.b_e_s_t.1540.htk; Label Naoki.b_e_s_t.1540.lab
 Utterance prob per frame = 2.563679e+01
 Processing Data: Naoki.b_i_r_t_h.697.htk; Label Naoki.b_i_r_t_h.697.lab
 Utterance prob per frame = 2.404544e+01
 Processing Data: Naoki.b_i_g.934.htk; Label Naoki.b_i_g.934.lab
 Utterance prob per frame = 3.325042e+01
 Processing Data: Naoki.b_e_e_n.2100.htk; Label Naoki.b_e_e_n.2100.lab
 Utterance prob per frame = 2.897220e+01
 Processing Data: Naoki.a_w_a_y.643.htk; Label Naoki.a_w_a_y.643.lab
 Utterance prob per frame = 2.781387e+01
 Processing Data: Naoki.b_i_l_l.1545.htk; Label Naoki.b_i_l_l.1545.lab
 Utterance prob per frame = 3.273255e+01
 Processing Data: Naoki.b_i_t_e.2268.htk; Label Naoki.b_i_t_e.2268.lab
 Utterance prob per frame = 2.590618e+01
 Processing Data: Naoki.b_e_e_s.837.htk; Label Naoki.b_e_e_s.837.lab
 Utterance prob per frame = 2.989126e+01
 Processing Data: Naoki.a_s.1985.htk; Label Naoki.a_s.1985.lab
 Utterance prob per frame = 3.728778e+01
 Processing Data: Naoki.b_i_r_d.1012.htk; Label Naoki.b_i_r_d.1012.lab
 Utterance prob per frame = 2.876289e+01
 Processing Data: Naoki.a_t_e.875.htk; Label Naoki.a_t_e.875.lab
 Utterance prob per frame = 2.891933e+01
 Processing Data: Naoki.b_o_y_s.886.htk; Label Naoki.b_o_y_s.886.lab
 Utterance prob per frame = 3.502160e+01
 Processing Data: Naoki.b_o_s_s.232.htk; Label Naoki.b_o_s_s.232.lab
 Utterance prob per frame = 2.951071e+01
 Processing Data: Naoki.b_i_k_e.1431.htk; Label Naoki.b_i_k_e.1431.lab
 Utterance prob per frame = 2.655623e+01
 Processing Data: Naoki.a_n_y.1639.htk; Label Naoki.a_n_y.1639.lab
 Utterance prob per frame = 2.919799e+01
 Processing Data: Naoki.a_t.1787.htk; Label Naoki.a_t.1787.lab
 Utterance prob per frame = 2.856842e+01
 Processing Data: Naoki.a_n_y.475.htk; Label Naoki.a_n_y.475.lab
 Utterance prob per frame = 2.510030e+01
 Processing Data: Naoki.a_s_k.2022.htk; Label Naoki.a_s_k.2022.lab
 Utterance prob per frame = 2.667175e+01
 Processing Data: Naoki.b_a_s_e_s.2081.htk; Label Naoki.b_a_s_e_s.2081.lab
 Utterance prob per frame = 2.467321e+01
 Processing Data: Naoki.b_e_a_r_s.2163.htk; Label Naoki.b_e_a_r_s.2163.lab
 Utterance prob per frame = 2.494365e+01
 Processing Data: Naoki.a_w_a_r_e.1556.htk; Label Naoki.a_w_a_r_e.1556.lab
 Utterance prob per frame = 2.508915e+01
 Processing Data: Naoki.a_s_k_e_d.2120.htk; Label Naoki.a_s_k_e_d.2120.lab
 Utterance prob per frame = 2.499092e+01
 Processing Data: Naoki.a_g_r_e_e.586.htk; Label Naoki.a_g_r_e_e.586.lab
 Utterance prob per frame = 2.833534e+01
 Processing Data: Naoki.b_a_r_e.805.htk; Label Naoki.b_a_r_e.805.lab
 Utterance prob per frame = 3.262130e+01
 Processing Data: Naoki.a_p_p_l_e.819.htk; Label Naoki.a_p_p_l_e.819.lab
 Utterance prob per frame = 2.966230e+01
 Processing Data: Naoki.a_t_e.2039.htk; Label Naoki.a_t_e.2039.lab
 Utterance prob per frame = 2.820320e+01
 Processing Data: Naoki.b_e.610.htk; Label Naoki.b_e.610.lab
 Utterance prob per frame = 3.237775e+01
 Processing Data: Naoki.b_e_e_r.1079.htk; Label Naoki.b_e_e_r.1079.lab
 Utterance prob per frame = 3.079668e+01
 Processing Data: Naoki.b_o_o_k_s.844.htk; Label Naoki.b_o_o_k_s.844.lab
 Utterance prob per frame = 2.658451e+01
 Processing Data: Naoki.a_s.821.htk; Label Naoki.a_s.821.lab
 Utterance prob per frame = 3.263455e+01
 Processing Data: Naoki.a_g_e_s.2220.htk; Label Naoki.a_g_e_s.2220.lab
 Utterance prob per frame = 2.956558e+01
 Processing Data: Naoki.b_a_n_k.536.htk; Label Naoki.b_a_n_k.536.lab
 Utterance prob per frame = 2.509483e+01
 Processing Data: Naoki.a.637.htk; Label Naoki.a.637.lab
 Utterance prob per frame = 3.297874e+01
 Processing Data: Naoki.b_i_r_t_h.1861.htk; Label Naoki.b_i_r_t_h.1861.lab
 Utterance prob per frame = 2.591726e+01
 Processing Data: Naoki.b_a_l_l.1542.htk; Label Naoki.b_a_l_l.1542.lab
 Utterance prob per frame = 3.275754e+01
 Processing Data: Naoki.a_g_a_i_n.1976.htk; Label Naoki.a_g_a_i_n.1976.lab
 Utterance prob per frame = 2.803635e+01
 Processing Data: Naoki.b_i_l_l_s.1725.htk; Label Naoki.b_i_l_l_s.1725.lab
 Utterance prob per frame = 3.555304e+01
 Processing Data: Naoki.a_w_a_r_e.392.htk; Label Naoki.a_w_a_r_e.392.lab
 Utterance prob per frame = 2.543396e+01
 Processing Data: Naoki.a_b_o_u_t.1572.htk; Label Naoki.a_b_o_u_t.1572.lab
 Utterance prob per frame = 2.978374e+01
 Processing Data: Naoki.b_a_t_h.1437.htk; Label Naoki.b_a_t_h.1437.lab
 Utterance prob per frame = 1.943092e+01
 Processing Data: Naoki.a_b_o_u_t.408.htk; Label Naoki.a_b_o_u_t.408.lab
 Utterance prob per frame = 2.735574e+01
 Processing Data: Naoki.b_l_o_w.2274.htk; Label Naoki.b_l_o_w.2274.lab
 Utterance prob per frame = 2.506147e+01
 Processing Data: Naoki.a.1801.htk; Label Naoki.a.1801.lab
 Utterance prob per frame = 3.105360e+01
 Processing Data: Naoki.b_i_t_e_s.1018.htk; Label Naoki.b_i_t_e_s.1018.lab
 Utterance prob per frame = 2.852698e+01
 Processing Data: Naoki.a_g_e_s.1056.htk; Label Naoki.a_g_e_s.1056.lab
 Utterance prob per frame = 2.870651e+01
 Processing Data: Naoki.b_a_d.1972.htk; Label Naoki.b_a_d.1972.lab
 Utterance prob per frame = 2.981376e+01
 Processing Data: Naoki.a_l_l.1287.htk; Label Naoki.a_l_l.1287.lab
 Utterance prob per frame = 3.325895e+01
 Processing Data: Naoki.b_l_u_e_s.353.htk; Label Naoki.b_l_u_e_s.353.lab
 Utterance prob per frame = 2.726579e+01
 Processing Data: Naoki.b_l_a_s_t.951.htk; Label Naoki.b_l_a_s_t.951.lab
 Utterance prob per frame = 2.500980e+01
 Processing Data: Naoki.b_a_c_k.1125.htk; Label Naoki.b_a_c_k.1125.lab
 Utterance prob per frame = 2.384448e+01
 Processing Data: Naoki.a_r_e.209.htk; Label Naoki.a_r_e.209.lab
 Utterance prob per frame = 2.768655e+01
 Processing Data: Naoki.b_a_d.808.htk; Label Naoki.b_a_d.808.lab
 Utterance prob per frame = 2.667576e+01
 Processing Data: Naoki.b_l_a_s_t.2115.htk; Label Naoki.b_l_a_s_t.2115.lab
 Utterance prob per frame = 2.765250e+01
 Processing Data: Naoki.b_l_u_e_s.1517.htk; Label Naoki.b_l_u_e_s.1517.lab
 Utterance prob per frame = 2.207752e+01
 Processing Data: Naoki.a_t.623.htk; Label Naoki.a_t.623.lab
 Utterance prob per frame = 3.012478e+01
 Processing Data: Naoki.a_s_k_e_d.956.htk; Label Naoki.a_s_k_e_d.956.lab
 Utterance prob per frame = 2.599345e+01
 Processing Data: Naoki.b_e_a_r_s.999.htk; Label Naoki.b_e_a_r_s.999.lab
 Utterance prob per frame = 2.688228e+01
 Processing Data: Naoki.b_i_k_e.267.htk; Label Naoki.b_i_k_e.267.lab
 Utterance prob per frame = 3.131051e+01
 Processing Data: Naoki.b_i_t_e_s.2182.htk; Label Naoki.b_i_t_e_s.2182.lab
 Utterance prob per frame = 2.965626e+01
 Processing Data: Naoki.a_s_k.858.htk; Label Naoki.a_s_k.858.lab
 Utterance prob per frame = 2.738281e+01
 Processing Data: Naoki.b_a_l_l.378.htk; Label Naoki.b_a_l_l.378.lab
 Utterance prob per frame = 3.443061e+01
 Processing Data: Naoki.a_d_u_l_t.1966.htk; Label Naoki.a_d_u_l_t.1966.lab
 Utterance prob per frame = 2.546167e+01
 Processing Data: Naoki.b_a_s_e_s.917.htk; Label Naoki.b_a_s_e_s.917.lab
 Utterance prob per frame = 2.973657e+01
 Processing Data: Naoki.a_f_t_e_r.2139.htk; Label Naoki.a_f_t_e_r.2139.lab
 Utterance prob per frame = 2.584750e+01
 WARNING [-2331]  UpdateModels: c[3] copied: only 1 egs
 in HERest
 WARNING [-2331]  UpdateModels: f[6] copied: only 2 egs
 in HERest
 WARNING [-2331]  UpdateModels: j[10] copied: only 0 egs
 in HERest
 WARNING [-2331]  UpdateModels: m[13] copied: only 1 egs
 in HERest
 WARNING [-2331]  UpdateModels: q[17] copied: only 0 egs
 in HERest
 WARNING [-2331]  UpdateModels: v[22] copied: only 0 egs
 in HERest
 WARNING [-2331]  UpdateModels: x[24] copied: only 0 egs
 in HERest
 WARNING [-2331]  UpdateModels: z[26] copied: only 0 egs
 in HERest
Total 129 floored variance elements in 13 different mixes
Saving hmm's to dir models/hmm30
Reestimation complete - average log prob per frame = 2.834194e+01
     - total frames seen          = 1.857700e+04
HERest -A -c 500.0 -v 0.0005 -A -H models/hmm30/newMacros -I all_labels.mlf -M models/hmm31 -S lists/train.data -T 1 wordList 
HERest -A -c 500.0 -v 0.0005 -A -H models/hmm30/newMacros -I all_labels.mlf -M models/hmm31 -S lists/train.data -T 1 wordList 
HERest  ML Updating: Transitions Means Variances MixWeights 

 System is PLAIN
28 Logical/28 Physical Models Loaded, VecSize=16
1 MMF input files
Pruning-Off
 Processing Data: Naoki.a_n_d.1589.htk; Label Naoki.a_n_d.1589.lab
 Utterance prob per frame = 2.450657e+01
 Processing Data: Naoki.b_i_t_e.1104.htk; Label Naoki.b_i_t_e.1104.lab
 Utterance prob per frame = 2.936351e+01
 Processing Data: Naoki.b_i_g.2098.htk; Label Naoki.b_i_g.2098.lab
 Utterance prob per frame = 2.861516e+01
 Processing Data: Naoki.b_o_o_k_s.2008.htk; Label Naoki.b_o_o_k_s.2008.lab
 Utterance prob per frame = 2.990365e+01
 Processing Data: Naoki.a_h_e_a_d.2231.htk; Label Naoki.a_h_e_a_d.2231.lab
 Utterance prob per frame = 2.665593e+01
 Processing Data: Naoki.b_o_s_s.1396.htk; Label Naoki.b_o_s_s.1396.lab
 Utterance prob per frame = 2.719050e+01
 Processing Data: Naoki.a_m.1850.htk; Label Naoki.a_m.1850.lab
 Utterance prob per frame = 3.010824e+01
 Processing Data: Naoki.a_f_t_e_r.975.htk; Label Naoki.a_f_t_e_r.975.lab
 Utterance prob per frame = 2.835260e+01
 Processing Data: Naoki.b_o_y_s.2050.htk; Label Naoki.b_o_y_s.2050.lab
 Utterance prob per frame = 3.229772e+01
 Processing Data: Naoki.b_a_n_k.1700.htk; Label Naoki.b_a_n_k.1700.lab
 Utterance prob per frame = 2.679360e+01
 Processing Data: Naoki.a_n_d.425.htk; Label Naoki.a_n_d.425.lab
 Utterance prob per frame = 2.846754e+01
 Processing Data: Naoki.a_h_e_a_d.1067.htk; Label Naoki.a_h_e_a_d.1067.lab
 Utterance prob per frame = 2.575028e+01
 Processing Data: Naoki.a_p_p_l_e.1983.htk; Label Naoki.a_p_p_l_e.1983.lab
 Utterance prob per frame = 3.168092e+01
 Processing Data: Naoki.b_i_l_l.381.htk; Label Naoki.b_i_l_l.381.lab
 Utterance prob per frame = 3.475786e+01
 Processing Data: Naoki.b_o_n_e.214.htk; Label Naoki.b_o_n_e.214.lab
 Utterance prob per frame = 3.156334e+01
 Processing Data: Naoki.a_l_l.123.htk; Label Naoki.a_l_l.123.lab
 Utterance prob per frame = 3.345935e+01
 Processing Data: Naoki.b_e_e_s.2001.htk; Label Naoki.b_e_e_s.2001.lab
 Utterance prob per frame = 3.132502e+01
 Processing Data: Naoki.a_n.1620.htk; Label Naoki.a_n.1620.lab
 Utterance prob per frame = 3.055270e+01
 Processing Data: Naoki.a_w_a_y.1807.htk; Label Naoki.a_w_a_y.1807.lab
 Utterance prob per frame = 2.460792e+01
 Processing Data: Naoki.a_r_e.1373.htk; Label Naoki.a_r_e.1373.lab
 Utterance prob per frame = 2.890826e+01
 Processing Data: Naoki.b_o_n_e.1378.htk; Label Naoki.b_o_n_e.1378.lab
 Utterance prob per frame = 3.101896e+01
 Processing Data: Naoki.b_e_e_r.2243.htk; Label Naoki.b_e_e_r.2243.lab
 Utterance prob per frame = 3.138218e+01
 Processing Data: Naoki.a_d_u_l_t.802.htk; Label Naoki.a_d_u_l_t.802.lab
 Utterance prob per frame = 1.973657e+01
 Processing Data: Naoki.a_g_a_i_n.812.htk; Label Naoki.a_g_a_i_n.812.lab
 Utterance prob per frame = 2.675961e+01
 Processing Data: Naoki.b_l_o_w.1110.htk; Label Naoki.b_l_o_w.1110.lab
 Utterance prob per frame = 2.484542e+01
 Processing Data: Naoki.b_a_r_e.1969.htk; Label Naoki.b_a_r_e.1969.lab
 Utterance prob per frame = 2.087490e+01
 Processing Data: Naoki.b_e_s_t.1540.htk; Label Naoki.b_e_s_t.1540.lab
 Utterance prob per frame = 2.566310e+01
 Processing Data: Naoki.b_i_r_t_h.697.htk; Label Naoki.b_i_r_t_h.697.lab
 Utterance prob per frame = 2.484317e+01
 Processing Data: Naoki.b_i_g.934.htk; Label Naoki.b_i_g.934.lab
 Utterance prob per frame = 3.356331e+01
 Processing Data: Naoki.b_e_e_n.2100.htk; Label Naoki.b_e_e_n.2100.lab
 Utterance prob per frame = 2.908980e+01
 Processing Data: Naoki.a_w_a_y.643.htk; Label Naoki.a_w_a_y.643.lab
 Utterance prob per frame = 2.815016e+01
 Processing Data: Naoki.b_i_l_l.1545.htk; Label Naoki.b_i_l_l.1545.lab
 Utterance prob per frame = 3.264547e+01
 Processing Data: Naoki.b_i_t_e.2268.htk; Label Naoki.b_i_t_e.2268.lab
 Utterance prob per frame = 2.612092e+01
 Processing Data: Naoki.b_e_e_s.837.htk; Label Naoki.b_e_e_s.837.lab
 Utterance prob per frame = 2.984107e+01
 Processing Data: Naoki.a_s.1985.htk; Label Naoki.a_s.1985.lab
 Utterance prob per frame = 3.740421e+01
 Processing Data: Naoki.b_i_r_d.1012.htk; Label Naoki.b_i_r_d.1012.lab
 Utterance prob per frame = 2.928721e+01
 Processing Data: Naoki.a_t_e.875.htk; Label Naoki.a_t_e.875.lab
 Utterance prob per frame = 2.894057e+01
 Processing Data: Naoki.b_o_y_s.886.htk; Label Naoki.b_o_y_s.886.lab
 Utterance prob per frame = 3.522249e+01
 Processing Data: Naoki.b_o_s_s.232.htk; Label Naoki.b_o_s_s.232.lab
 Utterance prob per frame = 2.968019e+01
 Processing Data: Naoki.b_i_k_e.1431.htk; Label Naoki.b_i_k_e.1431.lab
 Utterance prob per frame = 2.648737e+01
 Processing Data: Naoki.a_n_y.1639.htk; Label Naoki.a_n_y.1639.lab
 Utterance prob per frame = 2.954247e+01
 Processing Data: Naoki.a_t.1787.htk; Label Naoki.a_t.1787.lab
 Utterance prob per frame = 2.863526e+01
 Processing Data: Naoki.a_n_y.475.htk; Label Naoki.a_n_y.475.lab
 Utterance prob per frame = 2.527496e+01
 Processing Data: Naoki.a_s_k.2022.htk; Label Naoki.a_s_k.2022.lab
 Utterance prob per frame = 2.664246e+01
 Processing Data: Naoki.b_a_s_e_s.2081.htk; Label Naoki.b_a_s_e_s.2081.lab
 Utterance prob per frame = 2.492904e+01
 Processing Data: Naoki.b_e_a_r_s.2163.htk; Label Naoki.b_e_a_r_s.2163.lab
 Utterance prob per frame = 2.505631e+01
 Processing Data: Naoki.a_w_a_r_e.1556.htk; Label Naoki.a_w_a_r_e.1556.lab
 Utterance prob per frame = 2.518248e+01
 Processing Data: Naoki.a_s_k_e_d.2120.htk; Label Naoki.a_s_k_e_d.2120.lab
 Utterance prob per frame = 2.507316e+01
 Processing Data: Naoki.a_g_r_e_e.586.htk; Label Naoki.a_g_r_e_e.586.lab
 Utterance prob per frame = 2.847842e+01
 Processing Data: Naoki.b_a_r_e.805.htk; Label Naoki.b_a_r_e.805.lab
 Utterance prob per frame = 3.277001e+01
 Processing Data: Naoki.a_p_p_l_e.819.htk; Label Naoki.a_p_p_l_e.819.lab
 Utterance prob per frame = 2.963956e+01
 Processing Data: Naoki.a_t_e.2039.htk; Label Naoki.a_t_e.2039.lab
 Utterance prob per frame = 2.821772e+01
 Processing Data: Naoki.b_e.610.htk; Label Naoki.b_e.610.lab
 Utterance prob per frame = 3.240843e+01
 Processing Data: Naoki.b_e_e_r.1079.htk; Label Naoki.b_e_e_r.1079.lab
 Utterance prob per frame = 3.105384e+01
 Processing Data: Naoki.b_o_o_k_s.844.htk; Label Naoki.b_o_o_k_s.844.lab
 Utterance prob per frame = 2.669112e+01
 Processing Data: Naoki.a_s.821.htk; Label Naoki.a_s.821.lab
 Utterance prob per frame = 3.275265e+01
 Processing Data: Naoki.a_g_e_s.2220.htk; Label Naoki.a_g_e_s.2220.lab
 Utterance prob per frame = 2.962937e+01
 Processing Data: Naoki.b_a_n_k.536.htk; Label Naoki.b_a_n_k.536.lab
 Utterance prob per frame = 2.512033e+01
 Processing Data: Naoki.a.637.htk; Label Naoki.a.637.lab
 Utterance prob per frame = 3.307372e+01
 Processing Data: Naoki.b_i_r_t_h.1861.htk; Label Naoki.b_i_r_t_h.1861.lab
 Utterance prob per frame = 2.614484e+01
 Processing Data: Naoki.b_a_l_l.1542.htk; Label Naoki.b_a_l_l.1542.lab
 Utterance prob per frame = 3.274126e+01
 Processing Data: Naoki.a_g_a_i_n.1976.htk; Label Naoki.a_g_a_i_n.1976.lab
 Utterance prob per frame = 2.838282e+01
 Processing Data: Naoki.b_i_l_l_s.1725.htk; Label Naoki.b_i_l_l_s.1725.lab
 Utterance prob per frame = 3.562488e+01
 Processing Data: Naoki.a_w_a_r_e.392.htk; Label Naoki.a_w_a_r_e.392.lab
 Utterance prob per frame = 2.566251e+01
 Processing Data: Naoki.a_b_o_u_t.1572.htk; Label Naoki.a_b_o_u_t.1572.lab
 Utterance prob per frame = 2.992461e+01
 Processing Data: Naoki.b_a_t_h.1437.htk; Label Naoki.b_a_t_h.1437.lab
 Utterance prob per frame = 1.941224e+01
 Processing Data: Naoki.a_b_o_u_t.408.htk; Label Naoki.a_b_o_u_t.408.lab
 Utterance prob per frame = 2.762450e+01
 Processing Data: Naoki.b_l_o_w.2274.htk; Label Naoki.b_l_o_w.2274.lab
 Utterance prob per frame = 2.518459e+01
 Processing Data: Naoki.a.1801.htk; Label Naoki.a.1801.lab
 Utterance prob per frame = 3.116473e+01
 Processing Data: Naoki.b_i_t_e_s.1018.htk; Label Naoki.b_i_t_e_s.1018.lab
 Utterance prob per frame = 2.867474e+01
 Processing Data: Naoki.a_g_e_s.1056.htk; Label Naoki.a_g_e_s.1056.lab
 Utterance prob per frame = 2.875007e+01
 Processing Data: Naoki.b_a_d.1972.htk; Label Naoki.b_a_d.1972.lab
 Utterance prob per frame = 3.000358e+01
 Processing Data: Naoki.a_l_l.1287.htk; Label Naoki.a_l_l.1287.lab
 Utterance prob per frame = 3.323282e+01
 Processing Data: Naoki.b_l_u_e_s.353.htk; Label Naoki.b_l_u_e_s.353.lab
 Utterance prob per frame = 2.709186e+01
 Processing Data: Naoki.b_l_a_s_t.951.htk; Label Naoki.b_l_a_s_t.951.lab
 Utterance prob per frame = 2.503325e+01
 Processing Data: Naoki.b_a_c_k.1125.htk; Label Naoki.b_a_c_k.1125.lab
 Utterance prob per frame = 2.393886e+01
 Processing Data: Naoki.a_r_e.209.htk; Label Naoki.a_r_e.209.lab
 Utterance prob per frame = 2.765648e+01
 Processing Data: Naoki.b_a_d.808.htk; Label Naoki.b_a_d.808.lab
 Utterance prob per frame = 2.706022e+01
 Processing Data: Naoki.b_l_a_s_t.2115.htk; Label Naoki.b_l_a_s_t.2115.lab
 Utterance prob per frame = 2.764841e+01
 Processing Data: Naoki.b_l_u_e_s.1517.htk; Label Naoki.b_l_u_e_s.1517.lab
 Utterance prob per frame = 2.219188e+01
 Processing Data: Naoki.a_t.623.htk; Label Naoki.a_t.623.lab
 Utterance prob per frame = 3.018094e+01
 Processing Data: Naoki.a_s_k_e_d.956.htk; Label Naoki.a_s_k_e_d.956.lab
 Utterance prob per frame = 2.614247e+01
 Processing Data: Naoki.b_e_a_r_s.999.htk; Label Naoki.b_e_a_r_s.999.lab
 Utterance prob per frame = 2.716411e+01
 Processing Data: Naoki.b_i_k_e.267.htk; Label Naoki.b_i_k_e.267.lab
 Utterance prob per frame = 3.136321e+01
 Processing Data: Naoki.b_i_t_e_s.2182.htk; Label Naoki.b_i_t_e_s.2182.lab
 Utterance prob per frame = 2.975638e+01
 Processing Data: Naoki.a_s_k.858.htk; Label Naoki.a_s_k.858.lab
 Utterance prob per frame = 2.743769e+01
 Processing Data: Naoki.b_a_l_l.378.htk; Label Naoki.b_a_l_l.378.lab
 Utterance prob per frame = 3.455340e+01
 Processing Data: Naoki.a_d_u_l_t.1966.htk; Label Naoki.a_d_u_l_t.1966.lab
 Utterance prob per frame = 2.554736e+01
 Processing Data: Naoki.b_a_s_e_s.917.htk; Label Naoki.b_a_s_e_s.917.lab
 Utterance prob per frame = 2.983426e+01
 Processing Data: Naoki.a_f_t_e_r.2139.htk; Label Naoki.a_f_t_e_r.2139.lab
 Utterance prob per frame = 2.616555e+01
 WARNING [-2331]  UpdateModels: c[3] copied: only 1 egs
 in HERest
 WARNING [-2331]  UpdateModels: f[6] copied: only 2 egs
 in HERest
 WARNING [-2331]  UpdateModels: j[10] copied: only 0 egs
 in HERest
 WARNING [-2331]  UpdateModels: m[13] copied: only 1 egs
 in HERest
 WARNING [-2331]  UpdateModels: q[17] copied: only 0 egs
 in HERest
 WARNING [-2331]  UpdateModels: v[22] copied: only 0 egs
 in HERest
 WARNING [-2331]  UpdateModels: x[24] copied: only 0 egs
 in HERest
 WARNING [-2331]  UpdateModels: z[26] copied: only 0 egs
 in HERest
Total 139 floored variance elements in 15 different mixes
Saving hmm's to dir models/hmm31
Reestimation complete - average log prob per frame = 2.847401e+01
     - total frames seen          = 1.857700e+04
HERest -A -c 500.0 -v 0.0005 -A -H models/hmm31/newMacros -I all_labels.mlf -M models/hmm32 -S lists/train.data -T 1 wordList 
HERest -A -c 500.0 -v 0.0005 -A -H models/hmm31/newMacros -I all_labels.mlf -M models/hmm32 -S lists/train.data -T 1 wordList 
HERest  ML Updating: Transitions Means Variances MixWeights 

 System is PLAIN
28 Logical/28 Physical Models Loaded, VecSize=16
1 MMF input files
Pruning-Off
 Processing Data: Naoki.a_n_d.1589.htk; Label Naoki.a_n_d.1589.lab
 Utterance prob per frame = 2.472463e+01
 Processing Data: Naoki.b_i_t_e.1104.htk; Label Naoki.b_i_t_e.1104.lab
 Utterance prob per frame = 2.946797e+01
 Processing Data: Naoki.b_i_g.2098.htk; Label Naoki.b_i_g.2098.lab
 Utterance prob per frame = 2.868443e+01
 Processing Data: Naoki.b_o_o_k_s.2008.htk; Label Naoki.b_o_o_k_s.2008.lab
 Utterance prob per frame = 2.994815e+01
 Processing Data: Naoki.a_h_e_a_d.2231.htk; Label Naoki.a_h_e_a_d.2231.lab
 Utterance prob per frame = 2.665988e+01
 Processing Data: Naoki.b_o_s_s.1396.htk; Label Naoki.b_o_s_s.1396.lab
 Utterance prob per frame = 2.733184e+01
 Processing Data: Naoki.a_m.1850.htk; Label Naoki.a_m.1850.lab
 Utterance prob per frame = 3.001434e+01
 Processing Data: Naoki.a_f_t_e_r.975.htk; Label Naoki.a_f_t_e_r.975.lab
 Utterance prob per frame = 2.845922e+01
 Processing Data: Naoki.b_o_y_s.2050.htk; Label Naoki.b_o_y_s.2050.lab
 Utterance prob per frame = 3.244043e+01
 Processing Data: Naoki.b_a_n_k.1700.htk; Label Naoki.b_a_n_k.1700.lab
 Utterance prob per frame = 2.684275e+01
 Processing Data: Naoki.a_n_d.425.htk; Label Naoki.a_n_d.425.lab
 Utterance prob per frame = 2.856806e+01
 Processing Data: Naoki.a_h_e_a_d.1067.htk; Label Naoki.a_h_e_a_d.1067.lab
 Utterance prob per frame = 2.589221e+01
 Processing Data: Naoki.a_p_p_l_e.1983.htk; Label Naoki.a_p_p_l_e.1983.lab
 Utterance prob per frame = 3.171105e+01
 Processing Data: Naoki.b_i_l_l.381.htk; Label Naoki.b_i_l_l.381.lab
 Utterance prob per frame = 3.478820e+01
 Processing Data: Naoki.b_o_n_e.214.htk; Label Naoki.b_o_n_e.214.lab
 Utterance prob per frame = 3.159689e+01
 Processing Data: Naoki.a_l_l.123.htk; Label Naoki.a_l_l.123.lab
 Utterance prob per frame = 3.353075e+01
 Processing Data: Naoki.b_e_e_s.2001.htk; Label Naoki.b_e_e_s.2001.lab
 Utterance prob per frame = 3.148361e+01
 Processing Data: Naoki.a_n.1620.htk; Label Naoki.a_n.1620.lab
 Utterance prob per frame = 3.066364e+01
 Processing Data: Naoki.a_w_a_y.1807.htk; Label Naoki.a_w_a_y.1807.lab
 Utterance prob per frame = 2.489998e+01
 Processing Data: Naoki.a_r_e.1373.htk; Label Naoki.a_r_e.1373.lab
 Utterance prob per frame = 2.894972e+01
 Processing Data: Naoki.b_o_n_e.1378.htk; Label Naoki.b_o_n_e.1378.lab
 Utterance prob per frame = 3.115518e+01
 Processing Data: Naoki.b_e_e_r.2243.htk; Label Naoki.b_e_e_r.2243.lab
 Utterance prob per frame = 3.150353e+01
 Processing Data: Naoki.a_d_u_l_t.802.htk; Label Naoki.a_d_u_l_t.802.lab
 Utterance prob per frame = 1.980120e+01
 Processing Data: Naoki.a_g_a_i_n.812.htk; Label Naoki.a_g_a_i_n.812.lab
 Utterance prob per frame = 2.706758e+01
 Processing Data: Naoki.b_l_o_w.1110.htk; Label Naoki.b_l_o_w.1110.lab
 Utterance prob per frame = 2.515259e+01
 Processing Data: Naoki.b_a_r_e.1969.htk; Label Naoki.b_a_r_e.1969.lab
 Utterance prob per frame = 2.087393e+01
 Processing Data: Naoki.b_e_s_t.1540.htk; Label Naoki.b_e_s_t.1540.lab
 Utterance prob per frame = 2.567742e+01
 Processing Data: Naoki.b_i_r_t_h.697.htk; Label Naoki.b_i_r_t_h.697.lab
 Utterance prob per frame = 2.492321e+01
 Processing Data: Naoki.b_i_g.934.htk; Label Naoki.b_i_g.934.lab
 Utterance prob per frame = 3.373481e+01
 Processing Data: Naoki.b_e_e_n.2100.htk; Label Naoki.b_e_e_n.2100.lab
 Utterance prob per frame = 2.918191e+01
 Processing Data: Naoki.a_w_a_y.643.htk; Label Naoki.a_w_a_y.643.lab
 Utterance prob per frame = 2.847923e+01
 Processing Data: Naoki.b_i_l_l.1545.htk; Label Naoki.b_i_l_l.1545.lab
 Utterance prob per frame = 3.261189e+01
 Processing Data: Naoki.b_i_t_e.2268.htk; Label Naoki.b_i_t_e.2268.lab
 Utterance prob per frame = 2.615322e+01
 Processing Data: Naoki.b_e_e_s.837.htk; Label Naoki.b_e_e_s.837.lab
 Utterance prob per frame = 2.987023e+01
 Processing Data: Naoki.a_s.1985.htk; Label Naoki.a_s.1985.lab
 Utterance prob per frame = 3.745317e+01
 Processing Data: Naoki.b_i_r_d.1012.htk; Label Naoki.b_i_r_d.1012.lab
 Utterance prob per frame = 2.967163e+01
 Processing Data: Naoki.a_t_e.875.htk; Label Naoki.a_t_e.875.lab
 Utterance prob per frame = 2.896218e+01
 Processing Data: Naoki.b_o_y_s.886.htk; Label Naoki.b_o_y_s.886.lab
 Utterance prob per frame = 3.524773e+01
 Processing Data: Naoki.b_o_s_s.232.htk; Label Naoki.b_o_s_s.232.lab
 Utterance prob per frame = 2.993777e+01
 Processing Data: Naoki.b_i_k_e.1431.htk; Label Naoki.b_i_k_e.1431.lab
 Utterance prob per frame = 2.651789e+01
 Processing Data: Naoki.a_n_y.1639.htk; Label Naoki.a_n_y.1639.lab
 Utterance prob per frame = 3.003329e+01
 Processing Data: Naoki.a_t.1787.htk; Label Naoki.a_t.1787.lab
 Utterance prob per frame = 2.871121e+01
 Processing Data: Naoki.a_n_y.475.htk; Label Naoki.a_n_y.475.lab
 Utterance prob per frame = 2.696996e+01
 Processing Data: Naoki.a_s_k.2022.htk; Label Naoki.a_s_k.2022.lab
 Utterance prob per frame = 2.660763e+01
 Processing Data: Naoki.b_a_s_e_s.2081.htk; Label Naoki.b_a_s_e_s.2081.lab
 Utterance prob per frame = 2.497451e+01
 Processing Data: Naoki.b_e_a_r_s.2163.htk; Label Naoki.b_e_a_r_s.2163.lab
 Utterance prob per frame = 2.502422e+01
 Processing Data: Naoki.a_w_a_r_e.1556.htk; Label Naoki.a_w_a_r_e.1556.lab
 Utterance prob per frame = 2.518176e+01
 Processing Data: Naoki.a_s_k_e_d.2120.htk; Label Naoki.a_s_k_e_d.2120.lab
 Utterance prob per frame = 2.515471e+01
 Processing Data: Naoki.a_g_r_e_e.586.htk; Label Naoki.a_g_r_e_e.586.lab
 Utterance prob per frame = 2.851110e+01
 Processing Data: Naoki.b_a_r_e.805.htk; Label Naoki.b_a_r_e.805.lab
 Utterance prob per frame = 3.279757e+01
 Processing Data: Naoki.a_p_p_l_e.819.htk; Label Naoki.a_p_p_l_e.819.lab
 Utterance prob per frame = 2.964222e+01
 Processing Data: Naoki.a_t_e.2039.htk; Label Naoki.a_t_e.2039.lab
 Utterance prob per frame = 2.825391e+01
 Processing Data: Naoki.b_e.610.htk; Label Naoki.b_e.610.lab
 Utterance prob per frame = 3.240144e+01
 Processing Data: Naoki.b_e_e_r.1079.htk; Label Naoki.b_e_e_r.1079.lab
 Utterance prob per frame = 3.114215e+01
 Processing Data: Naoki.b_o_o_k_s.844.htk; Label Naoki.b_o_o_k_s.844.lab
 Utterance prob per frame = 2.682522e+01
 Processing Data: Naoki.a_s.821.htk; Label Naoki.a_s.821.lab
 Utterance prob per frame = 3.277214e+01
 Processing Data: Naoki.a_g_e_s.2220.htk; Label Naoki.a_g_e_s.2220.lab
 Utterance prob per frame = 2.966360e+01
 Processing Data: Naoki.b_a_n_k.536.htk; Label Naoki.b_a_n_k.536.lab
 Utterance prob per frame = 2.511494e+01
 Processing Data: Naoki.a.637.htk; Label Naoki.a.637.lab
 Utterance prob per frame = 3.312300e+01
 Processing Data: Naoki.b_i_r_t_h.1861.htk; Label Naoki.b_i_r_t_h.1861.lab
 Utterance prob per frame = 2.629546e+01
 Processing Data: Naoki.b_a_l_l.1542.htk; Label Naoki.b_a_l_l.1542.lab
 Utterance prob per frame = 3.273201e+01
 Processing Data: Naoki.a_g_a_i_n.1976.htk; Label Naoki.a_g_a_i_n.1976.lab
 Utterance prob per frame = 2.867174e+01
 Processing Data: Naoki.b_i_l_l_s.1725.htk; Label Naoki.b_i_l_l_s.1725.lab
 Utterance prob per frame = 3.562254e+01
 Processing Data: Naoki.a_w_a_r_e.392.htk; Label Naoki.a_w_a_r_e.392.lab
 Utterance prob per frame = 2.575417e+01
 Processing Data: Naoki.a_b_o_u_t.1572.htk; Label Naoki.a_b_o_u_t.1572.lab
 Utterance prob per frame = 3.013752e+01
 Processing Data: Naoki.b_a_t_h.1437.htk; Label Naoki.b_a_t_h.1437.lab
 Utterance prob per frame = 1.941398e+01
 Processing Data: Naoki.a_b_o_u_t.408.htk; Label Naoki.a_b_o_u_t.408.lab
 Utterance prob per frame = 2.789774e+01
 Processing Data: Naoki.b_l_o_w.2274.htk; Label Naoki.b_l_o_w.2274.lab
 Utterance prob per frame = 2.530028e+01
 Processing Data: Naoki.a.1801.htk; Label Naoki.a.1801.lab
 Utterance prob per frame = 3.123497e+01
 Processing Data: Naoki.b_i_t_e_s.1018.htk; Label Naoki.b_i_t_e_s.1018.lab
 Utterance prob per frame = 2.875739e+01
 Processing Data: Naoki.a_g_e_s.1056.htk; Label Naoki.a_g_e_s.1056.lab
 Utterance prob per frame = 2.878682e+01
 Processing Data: Naoki.b_a_d.1972.htk; Label Naoki.b_a_d.1972.lab
 Utterance prob per frame = 3.009950e+01
 Processing Data: Naoki.a_l_l.1287.htk; Label Naoki.a_l_l.1287.lab
 Utterance prob per frame = 3.315879e+01
 Processing Data: Naoki.b_l_u_e_s.353.htk; Label Naoki.b_l_u_e_s.353.lab
 Utterance prob per frame = 2.714924e+01
 Processing Data: Naoki.b_l_a_s_t.951.htk; Label Naoki.b_l_a_s_t.951.lab
 Utterance prob per frame = 2.509455e+01
 Processing Data: Naoki.b_a_c_k.1125.htk; Label Naoki.b_a_c_k.1125.lab
 Utterance prob per frame = 2.394051e+01
 Processing Data: Naoki.a_r_e.209.htk; Label Naoki.a_r_e.209.lab
 Utterance prob per frame = 2.764547e+01
 Processing Data: Naoki.b_a_d.808.htk; Label Naoki.b_a_d.808.lab
 Utterance prob per frame = 2.746645e+01
 Processing Data: Naoki.b_l_a_s_t.2115.htk; Label Naoki.b_l_a_s_t.2115.lab
 Utterance prob per frame = 2.765678e+01
 Processing Data: Naoki.b_l_u_e_s.1517.htk; Label Naoki.b_l_u_e_s.1517.lab
 Utterance prob per frame = 2.223229e+01
 Processing Data: Naoki.a_t.623.htk; Label Naoki.a_t.623.lab
 Utterance prob per frame = 3.022208e+01
 Processing Data: Naoki.a_s_k_e_d.956.htk; Label Naoki.a_s_k_e_d.956.lab
 Utterance prob per frame = 2.630843e+01
 Processing Data: Naoki.b_e_a_r_s.999.htk; Label Naoki.b_e_a_r_s.999.lab
 Utterance prob per frame = 2.722856e+01
 Processing Data: Naoki.b_i_k_e.267.htk; Label Naoki.b_i_k_e.267.lab
 Utterance prob per frame = 3.139556e+01
 Processing Data: Naoki.b_i_t_e_s.2182.htk; Label Naoki.b_i_t_e_s.2182.lab
 Utterance prob per frame = 2.980751e+01
 Processing Data: Naoki.a_s_k.858.htk; Label Naoki.a_s_k.858.lab
 Utterance prob per frame = 2.745861e+01
 Processing Data: Naoki.b_a_l_l.378.htk; Label Naoki.b_a_l_l.378.lab
 Utterance prob per frame = 3.460137e+01
 Processing Data: Naoki.a_d_u_l_t.1966.htk; Label Naoki.a_d_u_l_t.1966.lab
 Utterance prob per frame = 2.576126e+01
 Processing Data: Naoki.b_a_s_e_s.917.htk; Label Naoki.b_a_s_e_s.917.lab
 Utterance prob per frame = 2.982572e+01
 Processing Data: Naoki.a_f_t_e_r.2139.htk; Label Naoki.a_f_t_e_r.2139.lab
 Utterance prob per frame = 2.629701e+01
 WARNING [-2331]  UpdateModels: c[3] copied: only 1 egs
 in HERest
 WARNING [-2331]  UpdateModels: f[6] copied: only 2 egs
 in HERest
 WARNING [-2331]  UpdateModels: j[10] copied: only 0 egs
 in HERest
 WARNING [-2331]  UpdateModels: m[13] copied: only 1 egs
 in HERest
 WARNING [-2331]  UpdateModels: q[17] copied: only 0 egs
 in HERest
 WARNING [-2331]  UpdateModels: v[22] copied: only 0 egs
 in HERest
 WARNING [-2331]  UpdateModels: x[24] copied: only 0 egs
 in HERest
 WARNING [-2331]  UpdateModels: z[26] copied: only 0 egs
 in HERest
Total 140 floored variance elements in 15 different mixes
Saving hmm's to dir models/hmm32
Reestimation complete - average log prob per frame = 2.857996e+01
     - total frames seen          = 1.857700e+04
HERest -A -c 500.0 -v 0.0005 -A -H models/hmm32/newMacros -I all_labels.mlf -M models/hmm33 -S lists/train.data -T 1 wordList 
HERest -A -c 500.0 -v 0.0005 -A -H models/hmm32/newMacros -I all_labels.mlf -M models/hmm33 -S lists/train.data -T 1 wordList 
HERest  ML Updating: Transitions Means Variances MixWeights 

 System is PLAIN
28 Logical/28 Physical Models Loaded, VecSize=16
1 MMF input files
Pruning-Off
 Processing Data: Naoki.a_n_d.1589.htk; Label Naoki.a_n_d.1589.lab
 Utterance prob per frame = 2.498200e+01
 Processing Data: Naoki.b_i_t_e.1104.htk; Label Naoki.b_i_t_e.1104.lab
 Utterance prob per frame = 2.946248e+01
 Processing Data: Naoki.b_i_g.2098.htk; Label Naoki.b_i_g.2098.lab
 Utterance prob per frame = 2.869205e+01
 Processing Data: Naoki.b_o_o_k_s.2008.htk; Label Naoki.b_o_o_k_s.2008.lab
 Utterance prob per frame = 2.994140e+01
 Processing Data: Naoki.a_h_e_a_d.2231.htk; Label Naoki.a_h_e_a_d.2231.lab
 Utterance prob per frame = 2.665428e+01
 Processing Data: Naoki.b_o_s_s.1396.htk; Label Naoki.b_o_s_s.1396.lab
 Utterance prob per frame = 2.734344e+01
 Processing Data: Naoki.a_m.1850.htk; Label Naoki.a_m.1850.lab
 Utterance prob per frame = 3.001883e+01
 Processing Data: Naoki.a_f_t_e_r.975.htk; Label Naoki.a_f_t_e_r.975.lab
 Utterance prob per frame = 2.853103e+01
 Processing Data: Naoki.b_o_y_s.2050.htk; Label Naoki.b_o_y_s.2050.lab
 Utterance prob per frame = 3.252642e+01
 Processing Data: Naoki.b_a_n_k.1700.htk; Label Naoki.b_a_n_k.1700.lab
 Utterance prob per frame = 2.684780e+01
 Processing Data: Naoki.a_n_d.425.htk; Label Naoki.a_n_d.425.lab
 Utterance prob per frame = 2.893666e+01
 Processing Data: Naoki.a_h_e_a_d.1067.htk; Label Naoki.a_h_e_a_d.1067.lab
 Utterance prob per frame = 2.601105e+01
 Processing Data: Naoki.a_p_p_l_e.1983.htk; Label Naoki.a_p_p_l_e.1983.lab
 Utterance prob per frame = 3.178550e+01
 Processing Data: Naoki.b_i_l_l.381.htk; Label Naoki.b_i_l_l.381.lab
 Utterance prob per frame = 3.476347e+01
 Processing Data: Naoki.b_o_n_e.214.htk; Label Naoki.b_o_n_e.214.lab
 Utterance prob per frame = 3.167654e+01
 Processing Data: Naoki.a_l_l.123.htk; Label Naoki.a_l_l.123.lab
 Utterance prob per frame = 3.357505e+01
 Processing Data: Naoki.b_e_e_s.2001.htk; Label Naoki.b_e_e_s.2001.lab
 Utterance prob per frame = 3.154603e+01
 Processing Data: Naoki.a_n.1620.htk; Label Naoki.a_n.1620.lab
 Utterance prob per frame = 3.075349e+01
 Processing Data: Naoki.a_w_a_y.1807.htk; Label Naoki.a_w_a_y.1807.lab
 Utterance prob per frame = 2.510211e+01
 Processing Data: Naoki.a_r_e.1373.htk; Label Naoki.a_r_e.1373.lab
 Utterance prob per frame = 2.901022e+01
 Processing Data: Naoki.b_o_n_e.1378.htk; Label Naoki.b_o_n_e.1378.lab
 Utterance prob per frame = 3.122639e+01
 Processing Data: Naoki.b_e_e_r.2243.htk; Label Naoki.b_e_e_r.2243.lab
 Utterance prob per frame = 3.157514e+01
 Processing Data: Naoki.a_d_u_l_t.802.htk; Label Naoki.a_d_u_l_t.802.lab
 Utterance prob per frame = 2.015534e+01
 Processing Data: Naoki.a_g_a_i_n.812.htk; Label Naoki.a_g_a_i_n.812.lab
 Utterance prob per frame = 2.735907e+01
 Processing Data: Naoki.b_l_o_w.1110.htk; Label Naoki.b_l_o_w.1110.lab
 Utterance prob per frame = 2.524019e+01
 Processing Data: Naoki.b_a_r_e.1969.htk; Label Naoki.b_a_r_e.1969.lab
 Utterance prob per frame = 2.085299e+01
 Processing Data: Naoki.b_e_s_t.1540.htk; Label Naoki.b_e_s_t.1540.lab
 Utterance prob per frame = 2.570530e+01
 Processing Data: Naoki.b_i_r_t_h.697.htk; Label Naoki.b_i_r_t_h.697.lab
 Utterance prob per frame = 2.490179e+01
 Processing Data: Naoki.b_i_g.934.htk; Label Naoki.b_i_g.934.lab
 Utterance prob per frame = 3.373095e+01
 Processing Data: Naoki.b_e_e_n.2100.htk; Label Naoki.b_e_e_n.2100.lab
 Utterance prob per frame = 2.926872e+01
 Processing Data: Naoki.a_w_a_y.643.htk; Label Naoki.a_w_a_y.643.lab
 Utterance prob per frame = 2.871498e+01
 Processing Data: Naoki.b_i_l_l.1545.htk; Label Naoki.b_i_l_l.1545.lab
 Utterance prob per frame = 3.254428e+01
 Processing Data: Naoki.b_i_t_e.2268.htk; Label Naoki.b_i_t_e.2268.lab
 Utterance prob per frame = 2.614499e+01
 Processing Data: Naoki.b_e_e_s.837.htk; Label Naoki.b_e_e_s.837.lab
 Utterance prob per frame = 2.992103e+01
 Processing Data: Naoki.a_s.1985.htk; Label Naoki.a_s.1985.lab
 Utterance prob per frame = 3.747755e+01
 Processing Data: Naoki.b_i_r_d.1012.htk; Label Naoki.b_i_r_d.1012.lab
 Utterance prob per frame = 2.978717e+01
 Processing Data: Naoki.a_t_e.875.htk; Label Naoki.a_t_e.875.lab
 Utterance prob per frame = 2.899373e+01
 Processing Data: Naoki.b_o_y_s.886.htk; Label Naoki.b_o_y_s.886.lab
 Utterance prob per frame = 3.513652e+01
 Processing Data: Naoki.b_o_s_s.232.htk; Label Naoki.b_o_s_s.232.lab
 Utterance prob per frame = 3.000606e+01
 Processing Data: Naoki.b_i_k_e.1431.htk; Label Naoki.b_i_k_e.1431.lab
 Utterance prob per frame = 2.653093e+01
 Processing Data: Naoki.a_n_y.1639.htk; Label Naoki.a_n_y.1639.lab
 Utterance prob per frame = 3.038709e+01
 Processing Data: Naoki.a_t.1787.htk; Label Naoki.a_t.1787.lab
 Utterance prob per frame = 2.882039e+01
 Processing Data: Naoki.a_n_y.475.htk; Label Naoki.a_n_y.475.lab
 Utterance prob per frame = 2.724393e+01
 Processing Data: Naoki.a_s_k.2022.htk; Label Naoki.a_s_k.2022.lab
 Utterance prob per frame = 2.658855e+01
 Processing Data: Naoki.b_a_s_e_s.2081.htk; Label Naoki.b_a_s_e_s.2081.lab
 Utterance prob per frame = 2.498696e+01
 Processing Data: Naoki.b_e_a_r_s.2163.htk; Label Naoki.b_e_a_r_s.2163.lab
 Utterance prob per frame = 2.493694e+01
 Processing Data: Naoki.a_w_a_r_e.1556.htk; Label Naoki.a_w_a_r_e.1556.lab
 Utterance prob per frame = 2.517328e+01
 Processing Data: Naoki.a_s_k_e_d.2120.htk; Label Naoki.a_s_k_e_d.2120.lab
 Utterance prob per frame = 2.513446e+01
 Processing Data: Naoki.a_g_r_e_e.586.htk; Label Naoki.a_g_r_e_e.586.lab
 Utterance prob per frame = 2.855694e+01
 Processing Data: Naoki.b_a_r_e.805.htk; Label Naoki.b_a_r_e.805.lab
 Utterance prob per frame = 3.282383e+01
 Processing Data: Naoki.a_p_p_l_e.819.htk; Label Naoki.a_p_p_l_e.819.lab
 Utterance prob per frame = 2.968985e+01
 Processing Data: Naoki.a_t_e.2039.htk; Label Naoki.a_t_e.2039.lab
 Utterance prob per frame = 2.831621e+01
 Processing Data: Naoki.b_e.610.htk; Label Naoki.b_e.610.lab
 Utterance prob per frame = 3.238486e+01
 Processing Data: Naoki.b_e_e_r.1079.htk; Label Naoki.b_e_e_r.1079.lab
 Utterance prob per frame = 3.119181e+01
 Processing Data: Naoki.b_o_o_k_s.844.htk; Label Naoki.b_o_o_k_s.844.lab
 Utterance prob per frame = 2.689258e+01
 Processing Data: Naoki.a_s.821.htk; Label Naoki.a_s.821.lab
 Utterance prob per frame = 3.277647e+01
 Processing Data: Naoki.a_g_e_s.2220.htk; Label Naoki.a_g_e_s.2220.lab
 Utterance prob per frame = 2.969759e+01
 Processing Data: Naoki.b_a_n_k.536.htk; Label Naoki.b_a_n_k.536.lab
 Utterance prob per frame = 2.507117e+01
 Processing Data: Naoki.a.637.htk; Label Naoki.a.637.lab
 Utterance prob per frame = 3.316051e+01
 Processing Data: Naoki.b_i_r_t_h.1861.htk; Label Naoki.b_i_r_t_h.1861.lab
 Utterance prob per frame = 2.625798e+01
 Processing Data: Naoki.b_a_l_l.1542.htk; Label Naoki.b_a_l_l.1542.lab
 Utterance prob per frame = 3.272721e+01
 Processing Data: Naoki.a_g_a_i_n.1976.htk; Label Naoki.a_g_a_i_n.1976.lab
 Utterance prob per frame = 2.887203e+01
 Processing Data: Naoki.b_i_l_l_s.1725.htk; Label Naoki.b_i_l_l_s.1725.lab
 Utterance prob per frame = 3.559502e+01
 Processing Data: Naoki.a_w_a_r_e.392.htk; Label Naoki.a_w_a_r_e.392.lab
 Utterance prob per frame = 2.581741e+01
 Processing Data: Naoki.a_b_o_u_t.1572.htk; Label Naoki.a_b_o_u_t.1572.lab
 Utterance prob per frame = 3.015347e+01
 Processing Data: Naoki.b_a_t_h.1437.htk; Label Naoki.b_a_t_h.1437.lab
 Utterance prob per frame = 1.936677e+01
 Processing Data: Naoki.a_b_o_u_t.408.htk; Label Naoki.a_b_o_u_t.408.lab
 Utterance prob per frame = 2.790805e+01
 Processing Data: Naoki.b_l_o_w.2274.htk; Label Naoki.b_l_o_w.2274.lab
 Utterance prob per frame = 2.532390e+01
 Processing Data: Naoki.a.1801.htk; Label Naoki.a.1801.lab
 Utterance prob per frame = 3.123863e+01
 Processing Data: Naoki.b_i_t_e_s.1018.htk; Label Naoki.b_i_t_e_s.1018.lab
 Utterance prob per frame = 2.878497e+01
 Processing Data: Naoki.a_g_e_s.1056.htk; Label Naoki.a_g_e_s.1056.lab
 Utterance prob per frame = 2.883755e+01
 Processing Data: Naoki.b_a_d.1972.htk; Label Naoki.b_a_d.1972.lab
 Utterance prob per frame = 3.009751e+01
 Processing Data: Naoki.a_l_l.1287.htk; Label Naoki.a_l_l.1287.lab
 Utterance prob per frame = 3.307508e+01
 Processing Data: Naoki.b_l_u_e_s.353.htk; Label Naoki.b_l_u_e_s.353.lab
 Utterance prob per frame = 2.706505e+01
 Processing Data: Naoki.b_l_a_s_t.951.htk; Label Naoki.b_l_a_s_t.951.lab
 Utterance prob per frame = 2.519370e+01
 Processing Data: Naoki.b_a_c_k.1125.htk; Label Naoki.b_a_c_k.1125.lab
 Utterance prob per frame = 2.391497e+01
 Processing Data: Naoki.a_r_e.209.htk; Label Naoki.a_r_e.209.lab
 Utterance prob per frame = 2.768573e+01
 Processing Data: Naoki.b_a_d.808.htk; Label Naoki.b_a_d.808.lab
 Utterance prob per frame = 2.769909e+01
 Processing Data: Naoki.b_l_a_s_t.2115.htk; Label Naoki.b_l_a_s_t.2115.lab
 Utterance prob per frame = 2.767859e+01
 Processing Data: Naoki.b_l_u_e_s.1517.htk; Label Naoki.b_l_u_e_s.1517.lab
 Utterance prob per frame = 2.225327e+01
 Processing Data: Naoki.a_t.623.htk; Label Naoki.a_t.623.lab
 Utterance prob per frame = 3.027458e+01
 Processing Data: Naoki.a_s_k_e_d.956.htk; Label Naoki.a_s_k_e_d.956.lab
 Utterance prob per frame = 2.630930e+01
 Processing Data: Naoki.b_e_a_r_s.999.htk; Label Naoki.b_e_a_r_s.999.lab
 Utterance prob per frame = 2.726977e+01
 Processing Data: Naoki.b_i_k_e.267.htk; Label Naoki.b_i_k_e.267.lab
 Utterance prob per frame = 3.139980e+01
 Processing Data: Naoki.b_i_t_e_s.2182.htk; Label Naoki.b_i_t_e_s.2182.lab
 Utterance prob per frame = 2.980879e+01
 Processing Data: Naoki.a_s_k.858.htk; Label Naoki.a_s_k.858.lab
 Utterance prob per frame = 2.745710e+01
 Processing Data: Naoki.b_a_l_l.378.htk; Label Naoki.b_a_l_l.378.lab
 Utterance prob per frame = 3.461862e+01
 Processing Data: Naoki.a_d_u_l_t.1966.htk; Label Naoki.a_d_u_l_t.1966.lab
 Utterance prob per frame = 2.587987e+01
 Processing Data: Naoki.b_a_s_e_s.917.htk; Label Naoki.b_a_s_e_s.917.lab
 Utterance prob per frame = 2.981214e+01
 Processing Data: Naoki.a_f_t_e_r.2139.htk; Label Naoki.a_f_t_e_r.2139.lab
 Utterance prob per frame = 2.637572e+01
 WARNING [-2331]  UpdateModels: c[3] copied: only 1 egs
 in HERest
 WARNING [-2331]  UpdateModels: f[6] copied: only 2 egs
 in HERest
 WARNING [-2331]  UpdateModels: j[10] copied: only 0 egs
 in HERest
 WARNING [-2331]  UpdateModels: m[13] copied: only 1 egs
 in HERest
 WARNING [-2331]  UpdateModels: q[17] copied: only 0 egs
 in HERest
 WARNING [-2331]  UpdateModels: v[22] copied: only 0 egs
 in HERest
 WARNING [-2331]  UpdateModels: x[24] copied: only 0 egs
 in HERest
 WARNING [-2331]  UpdateModels: z[26] copied: only 0 egs
 in HERest
Total 136 floored variance elements in 15 different mixes
Saving hmm's to dir models/hmm33
Reestimation complete - average log prob per frame = 2.862973e+01
     - total frames seen          = 1.857700e+04
HERest -A -c 500.0 -v 0.0005 -A -H models/hmm33/newMacros -I all_labels.mlf -M models/hmm34 -S lists/train.data -T 1 wordList 
HERest -A -c 500.0 -v 0.0005 -A -H models/hmm33/newMacros -I all_labels.mlf -M models/hmm34 -S lists/train.data -T 1 wordList 
HERest  ML Updating: Transitions Means Variances MixWeights 

 System is PLAIN
28 Logical/28 Physical Models Loaded, VecSize=16
1 MMF input files
Pruning-Off
 Processing Data: Naoki.a_n_d.1589.htk; Label Naoki.a_n_d.1589.lab
 Utterance prob per frame = 2.502391e+01
 Processing Data: Naoki.b_i_t_e.1104.htk; Label Naoki.b_i_t_e.1104.lab
 Utterance prob per frame = 2.944469e+01
 Processing Data: Naoki.b_i_g.2098.htk; Label Naoki.b_i_g.2098.lab
 Utterance prob per frame = 2.869955e+01
 Processing Data: Naoki.b_o_o_k_s.2008.htk; Label Naoki.b_o_o_k_s.2008.lab
 Utterance prob per frame = 2.995078e+01
 Processing Data: Naoki.a_h_e_a_d.2231.htk; Label Naoki.a_h_e_a_d.2231.lab
 Utterance prob per frame = 2.669373e+01
 Processing Data: Naoki.b_o_s_s.1396.htk; Label Naoki.b_o_s_s.1396.lab
 Utterance prob per frame = 2.734610e+01
 Processing Data: Naoki.a_m.1850.htk; Label Naoki.a_m.1850.lab
 Utterance prob per frame = 3.019204e+01
 Processing Data: Naoki.a_f_t_e_r.975.htk; Label Naoki.a_f_t_e_r.975.lab
 Utterance prob per frame = 2.868775e+01
 Processing Data: Naoki.b_o_y_s.2050.htk; Label Naoki.b_o_y_s.2050.lab
 Utterance prob per frame = 3.260973e+01
 Processing Data: Naoki.b_a_n_k.1700.htk; Label Naoki.b_a_n_k.1700.lab
 Utterance prob per frame = 2.682256e+01
 Processing Data: Naoki.a_n_d.425.htk; Label Naoki.a_n_d.425.lab
 Utterance prob per frame = 2.901356e+01
 Processing Data: Naoki.a_h_e_a_d.1067.htk; Label Naoki.a_h_e_a_d.1067.lab
 Utterance prob per frame = 2.610626e+01
 Processing Data: Naoki.a_p_p_l_e.1983.htk; Label Naoki.a_p_p_l_e.1983.lab
 Utterance prob per frame = 3.184870e+01
 Processing Data: Naoki.b_i_l_l.381.htk; Label Naoki.b_i_l_l.381.lab
 Utterance prob per frame = 3.475471e+01
 Processing Data: Naoki.b_o_n_e.214.htk; Label Naoki.b_o_n_e.214.lab
 Utterance prob per frame = 3.173069e+01
 Processing Data: Naoki.a_l_l.123.htk; Label Naoki.a_l_l.123.lab
 Utterance prob per frame = 3.358647e+01
 Processing Data: Naoki.b_e_e_s.2001.htk; Label Naoki.b_e_e_s.2001.lab
 Utterance prob per frame = 3.157451e+01
 Processing Data: Naoki.a_n.1620.htk; Label Naoki.a_n.1620.lab
 Utterance prob per frame = 3.083269e+01
 Processing Data: Naoki.a_w_a_y.1807.htk; Label Naoki.a_w_a_y.1807.lab
 Utterance prob per frame = 2.513463e+01
 Processing Data: Naoki.a_r_e.1373.htk; Label Naoki.a_r_e.1373.lab
 Utterance prob per frame = 2.915469e+01
 Processing Data: Naoki.b_o_n_e.1378.htk; Label Naoki.b_o_n_e.1378.lab
 Utterance prob per frame = 3.120248e+01
 Processing Data: Naoki.b_e_e_r.2243.htk; Label Naoki.b_e_e_r.2243.lab
 Utterance prob per frame = 3.172148e+01
 Processing Data: Naoki.a_d_u_l_t.802.htk; Label Naoki.a_d_u_l_t.802.lab
 Utterance prob per frame = 2.035435e+01
 Processing Data: Naoki.a_g_a_i_n.812.htk; Label Naoki.a_g_a_i_n.812.lab
 Utterance prob per frame = 2.740749e+01
 Processing Data: Naoki.b_l_o_w.1110.htk; Label Naoki.b_l_o_w.1110.lab
 Utterance prob per frame = 2.524092e+01
 Processing Data: Naoki.b_a_r_e.1969.htk; Label Naoki.b_a_r_e.1969.lab
 Utterance prob per frame = 2.090584e+01
 Processing Data: Naoki.b_e_s_t.1540.htk; Label Naoki.b_e_s_t.1540.lab
 Utterance prob per frame = 2.575013e+01
 Processing Data: Naoki.b_i_r_t_h.697.htk; Label Naoki.b_i_r_t_h.697.lab
 Utterance prob per frame = 2.495534e+01
 Processing Data: Naoki.b_i_g.934.htk; Label Naoki.b_i_g.934.lab
 Utterance prob per frame = 3.372804e+01
 Processing Data: Naoki.b_e_e_n.2100.htk; Label Naoki.b_e_e_n.2100.lab
 Utterance prob per frame = 2.925822e+01
 Processing Data: Naoki.a_w_a_y.643.htk; Label Naoki.a_w_a_y.643.lab
 Utterance prob per frame = 2.878898e+01
 Processing Data: Naoki.b_i_l_l.1545.htk; Label Naoki.b_i_l_l.1545.lab
 Utterance prob per frame = 3.252342e+01
 Processing Data: Naoki.b_i_t_e.2268.htk; Label Naoki.b_i_t_e.2268.lab
 Utterance prob per frame = 2.612140e+01
 Processing Data: Naoki.b_e_e_s.837.htk; Label Naoki.b_e_e_s.837.lab
 Utterance prob per frame = 2.994839e+01
 Processing Data: Naoki.a_s.1985.htk; Label Naoki.a_s.1985.lab
 Utterance prob per frame = 3.748848e+01
 Processing Data: Naoki.b_i_r_d.1012.htk; Label Naoki.b_i_r_d.1012.lab
 Utterance prob per frame = 2.975902e+01
 Processing Data: Naoki.a_t_e.875.htk; Label Naoki.a_t_e.875.lab
 Utterance prob per frame = 2.902626e+01
 Processing Data: Naoki.b_o_y_s.886.htk; Label Naoki.b_o_y_s.886.lab
 Utterance prob per frame = 3.508964e+01
 Processing Data: Naoki.b_o_s_s.232.htk; Label Naoki.b_o_s_s.232.lab
 Utterance prob per frame = 3.003486e+01
 Processing Data: Naoki.b_i_k_e.1431.htk; Label Naoki.b_i_k_e.1431.lab
 Utterance prob per frame = 2.652961e+01
 Processing Data: Naoki.a_n_y.1639.htk; Label Naoki.a_n_y.1639.lab
 Utterance prob per frame = 3.048392e+01
 Processing Data: Naoki.a_t.1787.htk; Label Naoki.a_t.1787.lab
 Utterance prob per frame = 2.896759e+01
 Processing Data: Naoki.a_n_y.475.htk; Label Naoki.a_n_y.475.lab
 Utterance prob per frame = 2.731514e+01
 Processing Data: Naoki.a_s_k.2022.htk; Label Naoki.a_s_k.2022.lab
 Utterance prob per frame = 2.659227e+01
 Processing Data: Naoki.b_a_s_e_s.2081.htk; Label Naoki.b_a_s_e_s.2081.lab
 Utterance prob per frame = 2.498647e+01
 Processing Data: Naoki.b_e_a_r_s.2163.htk; Label Naoki.b_e_a_r_s.2163.lab
 Utterance prob per frame = 2.465699e+01
 Processing Data: Naoki.a_w_a_r_e.1556.htk; Label Naoki.a_w_a_r_e.1556.lab
 Utterance prob per frame = 2.513476e+01
 Processing Data: Naoki.a_s_k_e_d.2120.htk; Label Naoki.a_s_k_e_d.2120.lab
 Utterance prob per frame = 2.514845e+01
 Processing Data: Naoki.a_g_r_e_e.586.htk; Label Naoki.a_g_r_e_e.586.lab
 Utterance prob per frame = 2.867637e+01
 Processing Data: Naoki.b_a_r_e.805.htk; Label Naoki.b_a_r_e.805.lab
 Utterance prob per frame = 3.290528e+01
 Processing Data: Naoki.a_p_p_l_e.819.htk; Label Naoki.a_p_p_l_e.819.lab
 Utterance prob per frame = 2.970373e+01
 Processing Data: Naoki.a_t_e.2039.htk; Label Naoki.a_t_e.2039.lab
 Utterance prob per frame = 2.840566e+01
 Processing Data: Naoki.b_e.610.htk; Label Naoki.b_e.610.lab
 Utterance prob per frame = 3.236830e+01
 Processing Data: Naoki.b_e_e_r.1079.htk; Label Naoki.b_e_e_r.1079.lab
 Utterance prob per frame = 3.128494e+01
 Processing Data: Naoki.b_o_o_k_s.844.htk; Label Naoki.b_o_o_k_s.844.lab
 Utterance prob per frame = 2.694786e+01
 Processing Data: Naoki.a_s.821.htk; Label Naoki.a_s.821.lab
 Utterance prob per frame = 3.278404e+01
 Processing Data: Naoki.a_g_e_s.2220.htk; Label Naoki.a_g_e_s.2220.lab
 Utterance prob per frame = 2.973337e+01
 Processing Data: Naoki.b_a_n_k.536.htk; Label Naoki.b_a_n_k.536.lab
 Utterance prob per frame = 2.505050e+01
 Processing Data: Naoki.a.637.htk; Label Naoki.a.637.lab
 Utterance prob per frame = 3.323664e+01
 Processing Data: Naoki.b_i_r_t_h.1861.htk; Label Naoki.b_i_r_t_h.1861.lab
 Utterance prob per frame = 2.626155e+01
 Processing Data: Naoki.b_a_l_l.1542.htk; Label Naoki.b_a_l_l.1542.lab
 Utterance prob per frame = 3.275262e+01
 Processing Data: Naoki.a_g_a_i_n.1976.htk; Label Naoki.a_g_a_i_n.1976.lab
 Utterance prob per frame = 2.895241e+01
 Processing Data: Naoki.b_i_l_l_s.1725.htk; Label Naoki.b_i_l_l_s.1725.lab
 Utterance prob per frame = 3.559209e+01
 Processing Data: Naoki.a_w_a_r_e.392.htk; Label Naoki.a_w_a_r_e.392.lab
 Utterance prob per frame = 2.591160e+01
 Processing Data: Naoki.a_b_o_u_t.1572.htk; Label Naoki.a_b_o_u_t.1572.lab
 Utterance prob per frame = 3.016747e+01
 Processing Data: Naoki.b_a_t_h.1437.htk; Label Naoki.b_a_t_h.1437.lab
 Utterance prob per frame = 1.930979e+01
 Processing Data: Naoki.a_b_o_u_t.408.htk; Label Naoki.a_b_o_u_t.408.lab
 Utterance prob per frame = 2.796063e+01
 Processing Data: Naoki.b_l_o_w.2274.htk; Label Naoki.b_l_o_w.2274.lab
 Utterance prob per frame = 2.535203e+01
 Processing Data: Naoki.a.1801.htk; Label Naoki.a.1801.lab
 Utterance prob per frame = 3.127033e+01
 Processing Data: Naoki.b_i_t_e_s.1018.htk; Label Naoki.b_i_t_e_s.1018.lab
 Utterance prob per frame = 2.879400e+01
 Processing Data: Naoki.a_g_e_s.1056.htk; Label Naoki.a_g_e_s.1056.lab
 Utterance prob per frame = 2.890520e+01
 Processing Data: Naoki.b_a_d.1972.htk; Label Naoki.b_a_d.1972.lab
 Utterance prob per frame = 3.012779e+01
 Processing Data: Naoki.a_l_l.1287.htk; Label Naoki.a_l_l.1287.lab
 Utterance prob per frame = 3.303836e+01
 Processing Data: Naoki.b_l_u_e_s.353.htk; Label Naoki.b_l_u_e_s.353.lab
 Utterance prob per frame = 2.703757e+01
 Processing Data: Naoki.b_l_a_s_t.951.htk; Label Naoki.b_l_a_s_t.951.lab
 Utterance prob per frame = 2.522591e+01
 Processing Data: Naoki.b_a_c_k.1125.htk; Label Naoki.b_a_c_k.1125.lab
 Utterance prob per frame = 2.385289e+01
 Processing Data: Naoki.a_r_e.209.htk; Label Naoki.a_r_e.209.lab
 Utterance prob per frame = 2.776767e+01
 Processing Data: Naoki.b_a_d.808.htk; Label Naoki.b_a_d.808.lab
 Utterance prob per frame = 2.772298e+01
 Processing Data: Naoki.b_l_a_s_t.2115.htk; Label Naoki.b_l_a_s_t.2115.lab
 Utterance prob per frame = 2.768428e+01
 Processing Data: Naoki.b_l_u_e_s.1517.htk; Label Naoki.b_l_u_e_s.1517.lab
 Utterance prob per frame = 2.226985e+01
 Processing Data: Naoki.a_t.623.htk; Label Naoki.a_t.623.lab
 Utterance prob per frame = 3.032575e+01
 Processing Data: Naoki.a_s_k_e_d.956.htk; Label Naoki.a_s_k_e_d.956.lab
 Utterance prob per frame = 2.629653e+01
 Processing Data: Naoki.b_e_a_r_s.999.htk; Label Naoki.b_e_a_r_s.999.lab
 Utterance prob per frame = 2.731574e+01
 Processing Data: Naoki.b_i_k_e.267.htk; Label Naoki.b_i_k_e.267.lab
 Utterance prob per frame = 3.139789e+01
 Processing Data: Naoki.b_i_t_e_s.2182.htk; Label Naoki.b_i_t_e_s.2182.lab
 Utterance prob per frame = 2.980067e+01
 Processing Data: Naoki.a_s_k.858.htk; Label Naoki.a_s_k.858.lab
 Utterance prob per frame = 2.745783e+01
 Processing Data: Naoki.b_a_l_l.378.htk; Label Naoki.b_a_l_l.378.lab
 Utterance prob per frame = 3.464078e+01
 Processing Data: Naoki.a_d_u_l_t.1966.htk; Label Naoki.a_d_u_l_t.1966.lab
 Utterance prob per frame = 2.598607e+01
 Processing Data: Naoki.b_a_s_e_s.917.htk; Label Naoki.b_a_s_e_s.917.lab
 Utterance prob per frame = 2.979628e+01
 Processing Data: Naoki.a_f_t_e_r.2139.htk; Label Naoki.a_f_t_e_r.2139.lab
 Utterance prob per frame = 2.651477e+01
 WARNING [-2331]  UpdateModels: c[3] copied: only 1 egs
 in HERest
 WARNING [-2331]  UpdateModels: f[6] copied: only 2 egs
 in HERest
 WARNING [-2331]  UpdateModels: j[10] copied: only 0 egs
 in HERest
 WARNING [-2331]  UpdateModels: m[13] copied: only 1 egs
 in HERest
 WARNING [-2331]  UpdateModels: q[17] copied: only 0 egs
 in HERest
 WARNING [-2331]  UpdateModels: v[22] copied: only 0 egs
 in HERest
 WARNING [-2331]  UpdateModels: x[24] copied: only 0 egs
 in HERest
 WARNING [-2331]  UpdateModels: z[26] copied: only 0 egs
 in HERest
Total 140 floored variance elements in 15 different mixes
Saving hmm's to dir models/hmm34
Reestimation complete - average log prob per frame = 2.866156e+01
     - total frames seen          = 1.857700e+04
HERest -A -c 500.0 -v 0.0005 -A -H models/hmm34/newMacros -I all_labels.mlf -M models/hmm35 -S lists/train.data -T 1 wordList 
HERest -A -c 500.0 -v 0.0005 -A -H models/hmm34/newMacros -I all_labels.mlf -M models/hmm35 -S lists/train.data -T 1 wordList 
HERest  ML Updating: Transitions Means Variances MixWeights 

 System is PLAIN
28 Logical/28 Physical Models Loaded, VecSize=16
1 MMF input files
Pruning-Off
 Processing Data: Naoki.a_n_d.1589.htk; Label Naoki.a_n_d.1589.lab
 Utterance prob per frame = 2.508726e+01
 Processing Data: Naoki.b_i_t_e.1104.htk; Label Naoki.b_i_t_e.1104.lab
 Utterance prob per frame = 2.943889e+01
 Processing Data: Naoki.b_i_g.2098.htk; Label Naoki.b_i_g.2098.lab
 Utterance prob per frame = 2.875352e+01
 Processing Data: Naoki.b_o_o_k_s.2008.htk; Label Naoki.b_o_o_k_s.2008.lab
 Utterance prob per frame = 2.997587e+01
 Processing Data: Naoki.a_h_e_a_d.2231.htk; Label Naoki.a_h_e_a_d.2231.lab
 Utterance prob per frame = 2.674950e+01
 Processing Data: Naoki.b_o_s_s.1396.htk; Label Naoki.b_o_s_s.1396.lab
 Utterance prob per frame = 2.734601e+01
 Processing Data: Naoki.a_m.1850.htk; Label Naoki.a_m.1850.lab
 Utterance prob per frame = 3.043766e+01
 Processing Data: Naoki.a_f_t_e_r.975.htk; Label Naoki.a_f_t_e_r.975.lab
 Utterance prob per frame = 2.884630e+01
 Processing Data: Naoki.b_o_y_s.2050.htk; Label Naoki.b_o_y_s.2050.lab
 Utterance prob per frame = 3.263354e+01
 Processing Data: Naoki.b_a_n_k.1700.htk; Label Naoki.b_a_n_k.1700.lab
 Utterance prob per frame = 2.679177e+01
 Processing Data: Naoki.a_n_d.425.htk; Label Naoki.a_n_d.425.lab
 Utterance prob per frame = 2.908146e+01
 Processing Data: Naoki.a_h_e_a_d.1067.htk; Label Naoki.a_h_e_a_d.1067.lab
 Utterance prob per frame = 2.622301e+01
 Processing Data: Naoki.a_p_p_l_e.1983.htk; Label Naoki.a_p_p_l_e.1983.lab
 Utterance prob per frame = 3.189932e+01
 Processing Data: Naoki.b_i_l_l.381.htk; Label Naoki.b_i_l_l.381.lab
 Utterance prob per frame = 3.475155e+01
 Processing Data: Naoki.b_o_n_e.214.htk; Label Naoki.b_o_n_e.214.lab
 Utterance prob per frame = 3.177974e+01
 Processing Data: Naoki.a_l_l.123.htk; Label Naoki.a_l_l.123.lab
 Utterance prob per frame = 3.358167e+01
 Processing Data: Naoki.b_e_e_s.2001.htk; Label Naoki.b_e_e_s.2001.lab
 Utterance prob per frame = 3.158025e+01
 Processing Data: Naoki.a_n.1620.htk; Label Naoki.a_n.1620.lab
 Utterance prob per frame = 3.090227e+01
 Processing Data: Naoki.a_w_a_y.1807.htk; Label Naoki.a_w_a_y.1807.lab
 Utterance prob per frame = 2.517737e+01
 Processing Data: Naoki.a_r_e.1373.htk; Label Naoki.a_r_e.1373.lab
 Utterance prob per frame = 2.934749e+01
 Processing Data: Naoki.b_o_n_e.1378.htk; Label Naoki.b_o_n_e.1378.lab
 Utterance prob per frame = 3.118358e+01
 Processing Data: Naoki.b_e_e_r.2243.htk; Label Naoki.b_e_e_r.2243.lab
 Utterance prob per frame = 3.183672e+01
 Processing Data: Naoki.a_d_u_l_t.802.htk; Label Naoki.a_d_u_l_t.802.lab
 Utterance prob per frame = 2.058829e+01
 Processing Data: Naoki.a_g_a_i_n.812.htk; Label Naoki.a_g_a_i_n.812.lab
 Utterance prob per frame = 2.741855e+01
 Processing Data: Naoki.b_l_o_w.1110.htk; Label Naoki.b_l_o_w.1110.lab
 Utterance prob per frame = 2.523017e+01
 Processing Data: Naoki.b_a_r_e.1969.htk; Label Naoki.b_a_r_e.1969.lab
 Utterance prob per frame = 2.093982e+01
 Processing Data: Naoki.b_e_s_t.1540.htk; Label Naoki.b_e_s_t.1540.lab
 Utterance prob per frame = 2.581740e+01
 Processing Data: Naoki.b_i_r_t_h.697.htk; Label Naoki.b_i_r_t_h.697.lab
 Utterance prob per frame = 2.497825e+01
 Processing Data: Naoki.b_i_g.934.htk; Label Naoki.b_i_g.934.lab
 Utterance prob per frame = 3.373172e+01
 Processing Data: Naoki.b_e_e_n.2100.htk; Label Naoki.b_e_e_n.2100.lab
 Utterance prob per frame = 2.925929e+01
 Processing Data: Naoki.a_w_a_y.643.htk; Label Naoki.a_w_a_y.643.lab
 Utterance prob per frame = 2.885505e+01
 Processing Data: Naoki.b_i_l_l.1545.htk; Label Naoki.b_i_l_l.1545.lab
 Utterance prob per frame = 3.251778e+01
 Processing Data: Naoki.b_i_t_e.2268.htk; Label Naoki.b_i_t_e.2268.lab
 Utterance prob per frame = 2.612049e+01
 Processing Data: Naoki.b_e_e_s.837.htk; Label Naoki.b_e_e_s.837.lab
 Utterance prob per frame = 2.996655e+01
 Processing Data: Naoki.a_s.1985.htk; Label Naoki.a_s.1985.lab
 Utterance prob per frame = 3.748894e+01
 Processing Data: Naoki.b_i_r_d.1012.htk; Label Naoki.b_i_r_d.1012.lab
 Utterance prob per frame = 2.973994e+01
 Processing Data: Naoki.a_t_e.875.htk; Label Naoki.a_t_e.875.lab
 Utterance prob per frame = 2.907228e+01
 Processing Data: Naoki.b_o_y_s.886.htk; Label Naoki.b_o_y_s.886.lab
 Utterance prob per frame = 3.504404e+01
 Processing Data: Naoki.b_o_s_s.232.htk; Label Naoki.b_o_s_s.232.lab
 Utterance prob per frame = 3.002662e+01
 Processing Data: Naoki.b_i_k_e.1431.htk; Label Naoki.b_i_k_e.1431.lab
 Utterance prob per frame = 2.653125e+01
 Processing Data: Naoki.a_n_y.1639.htk; Label Naoki.a_n_y.1639.lab
 Utterance prob per frame = 3.055751e+01
 Processing Data: Naoki.a_t.1787.htk; Label Naoki.a_t.1787.lab
 Utterance prob per frame = 2.919046e+01
 Processing Data: Naoki.a_n_y.475.htk; Label Naoki.a_n_y.475.lab
 Utterance prob per frame = 2.737950e+01
 Processing Data: Naoki.a_s_k.2022.htk; Label Naoki.a_s_k.2022.lab
 Utterance prob per frame = 2.659894e+01
 Processing Data: Naoki.b_a_s_e_s.2081.htk; Label Naoki.b_a_s_e_s.2081.lab
 Utterance prob per frame = 2.495512e+01
 Processing Data: Naoki.b_e_a_r_s.2163.htk; Label Naoki.b_e_a_r_s.2163.lab
 Utterance prob per frame = 2.443291e+01
 Processing Data: Naoki.a_w_a_r_e.1556.htk; Label Naoki.a_w_a_r_e.1556.lab
 Utterance prob per frame = 2.504133e+01
 Processing Data: Naoki.a_s_k_e_d.2120.htk; Label Naoki.a_s_k_e_d.2120.lab
 Utterance prob per frame = 2.517629e+01
 Processing Data: Naoki.a_g_r_e_e.586.htk; Label Naoki.a_g_r_e_e.586.lab
 Utterance prob per frame = 2.882792e+01
 Processing Data: Naoki.b_a_r_e.805.htk; Label Naoki.b_a_r_e.805.lab
 Utterance prob per frame = 3.296583e+01
 Processing Data: Naoki.a_p_p_l_e.819.htk; Label Naoki.a_p_p_l_e.819.lab
 Utterance prob per frame = 2.970670e+01
 Processing Data: Naoki.a_t_e.2039.htk; Label Naoki.a_t_e.2039.lab
 Utterance prob per frame = 2.850746e+01
 Processing Data: Naoki.b_e.610.htk; Label Naoki.b_e.610.lab
 Utterance prob per frame = 3.235626e+01
 Processing Data: Naoki.b_e_e_r.1079.htk; Label Naoki.b_e_e_r.1079.lab
 Utterance prob per frame = 3.133506e+01
 Processing Data: Naoki.b_o_o_k_s.844.htk; Label Naoki.b_o_o_k_s.844.lab
 Utterance prob per frame = 2.698534e+01
 Processing Data: Naoki.a_s.821.htk; Label Naoki.a_s.821.lab
 Utterance prob per frame = 3.280149e+01
 Processing Data: Naoki.a_g_e_s.2220.htk; Label Naoki.a_g_e_s.2220.lab
 Utterance prob per frame = 2.976271e+01
 Processing Data: Naoki.b_a_n_k.536.htk; Label Naoki.b_a_n_k.536.lab
 Utterance prob per frame = 2.501959e+01
 Processing Data: Naoki.a.637.htk; Label Naoki.a.637.lab
 Utterance prob per frame = 3.334385e+01
 Processing Data: Naoki.b_i_r_t_h.1861.htk; Label Naoki.b_i_r_t_h.1861.lab
 Utterance prob per frame = 2.627694e+01
 Processing Data: Naoki.b_a_l_l.1542.htk; Label Naoki.b_a_l_l.1542.lab
 Utterance prob per frame = 3.279816e+01
 Processing Data: Naoki.a_g_a_i_n.1976.htk; Label Naoki.a_g_a_i_n.1976.lab
 Utterance prob per frame = 2.902272e+01
 Processing Data: Naoki.b_i_l_l_s.1725.htk; Label Naoki.b_i_l_l_s.1725.lab
 Utterance prob per frame = 3.559373e+01
 Processing Data: Naoki.a_w_a_r_e.392.htk; Label Naoki.a_w_a_r_e.392.lab
 Utterance prob per frame = 2.602901e+01
 Processing Data: Naoki.a_b_o_u_t.1572.htk; Label Naoki.a_b_o_u_t.1572.lab
 Utterance prob per frame = 3.022018e+01
 Processing Data: Naoki.b_a_t_h.1437.htk; Label Naoki.b_a_t_h.1437.lab
 Utterance prob per frame = 1.933999e+01
 Processing Data: Naoki.a_b_o_u_t.408.htk; Label Naoki.a_b_o_u_t.408.lab
 Utterance prob per frame = 2.802489e+01
 Processing Data: Naoki.b_l_o_w.2274.htk; Label Naoki.b_l_o_w.2274.lab
 Utterance prob per frame = 2.538471e+01
 Processing Data: Naoki.a.1801.htk; Label Naoki.a.1801.lab
 Utterance prob per frame = 3.129008e+01
 Processing Data: Naoki.b_i_t_e_s.1018.htk; Label Naoki.b_i_t_e_s.1018.lab
 Utterance prob per frame = 2.880922e+01
 Processing Data: Naoki.a_g_e_s.1056.htk; Label Naoki.a_g_e_s.1056.lab
 Utterance prob per frame = 2.896793e+01
 Processing Data: Naoki.b_a_d.1972.htk; Label Naoki.b_a_d.1972.lab
 Utterance prob per frame = 3.017767e+01
 Processing Data: Naoki.a_l_l.1287.htk; Label Naoki.a_l_l.1287.lab
 Utterance prob per frame = 3.302599e+01
 Processing Data: Naoki.b_l_u_e_s.353.htk; Label Naoki.b_l_u_e_s.353.lab
 Utterance prob per frame = 2.703326e+01
 Processing Data: Naoki.b_l_a_s_t.951.htk; Label Naoki.b_l_a_s_t.951.lab
 Utterance prob per frame = 2.526701e+01
 Processing Data: Naoki.b_a_c_k.1125.htk; Label Naoki.b_a_c_k.1125.lab
 Utterance prob per frame = 2.377083e+01
 Processing Data: Naoki.a_r_e.209.htk; Label Naoki.a_r_e.209.lab
 Utterance prob per frame = 2.783282e+01
 Processing Data: Naoki.b_a_d.808.htk; Label Naoki.b_a_d.808.lab
 Utterance prob per frame = 2.774741e+01
 Processing Data: Naoki.b_l_a_s_t.2115.htk; Label Naoki.b_l_a_s_t.2115.lab
 Utterance prob per frame = 2.769872e+01
 Processing Data: Naoki.b_l_u_e_s.1517.htk; Label Naoki.b_l_u_e_s.1517.lab
 Utterance prob per frame = 2.227736e+01
 Processing Data: Naoki.a_t.623.htk; Label Naoki.a_t.623.lab
 Utterance prob per frame = 3.040382e+01
 Processing Data: Naoki.a_s_k_e_d.956.htk; Label Naoki.a_s_k_e_d.956.lab
 Utterance prob per frame = 2.627988e+01
 Processing Data: Naoki.b_e_a_r_s.999.htk; Label Naoki.b_e_a_r_s.999.lab
 Utterance prob per frame = 2.733542e+01
 Processing Data: Naoki.b_i_k_e.267.htk; Label Naoki.b_i_k_e.267.lab
 Utterance prob per frame = 3.139620e+01
 Processing Data: Naoki.b_i_t_e_s.2182.htk; Label Naoki.b_i_t_e_s.2182.lab
 Utterance prob per frame = 2.979749e+01
 Processing Data: Naoki.a_s_k.858.htk; Label Naoki.a_s_k.858.lab
 Utterance prob per frame = 2.746714e+01
 Processing Data: Naoki.b_a_l_l.378.htk; Label Naoki.b_a_l_l.378.lab
 Utterance prob per frame = 3.467043e+01
 Processing Data: Naoki.a_d_u_l_t.1966.htk; Label Naoki.a_d_u_l_t.1966.lab
 Utterance prob per frame = 2.610271e+01
 Processing Data: Naoki.b_a_s_e_s.917.htk; Label Naoki.b_a_s_e_s.917.lab
 Utterance prob per frame = 2.977141e+01
 Processing Data: Naoki.a_f_t_e_r.2139.htk; Label Naoki.a_f_t_e_r.2139.lab
 Utterance prob per frame = 2.665848e+01
 WARNING [-2331]  UpdateModels: c[3] copied: only 1 egs
 in HERest
 WARNING [-2331]  UpdateModels: f[6] copied: only 2 egs
 in HERest
 WARNING [-2331]  UpdateModels: j[10] copied: only 0 egs
 in HERest
 WARNING [-2331]  UpdateModels: m[13] copied: only 1 egs
 in HERest
 WARNING [-2331]  UpdateModels: q[17] copied: only 0 egs
 in HERest
 WARNING [-2331]  UpdateModels: v[22] copied: only 0 egs
 in HERest
 WARNING [-2331]  UpdateModels: x[24] copied: only 0 egs
 in HERest
 WARNING [-2331]  UpdateModels: z[26] copied: only 0 egs
 in HERest
Total 140 floored variance elements in 15 different mixes
Saving hmm's to dir models/hmm35
Reestimation complete - average log prob per frame = 2.869594e+01
     - total frames seen          = 1.857700e+04
HERest -A -c 500.0 -v 0.0005 -A -H models/hmm35/newMacros -I all_labels.mlf -M models/hmm36 -S lists/train.data -T 1 wordList 
HERest -A -c 500.0 -v 0.0005 -A -H models/hmm35/newMacros -I all_labels.mlf -M models/hmm36 -S lists/train.data -T 1 wordList 
HERest  ML Updating: Transitions Means Variances MixWeights 

 System is PLAIN
28 Logical/28 Physical Models Loaded, VecSize=16
1 MMF input files
Pruning-Off
 Processing Data: Naoki.a_n_d.1589.htk; Label Naoki.a_n_d.1589.lab
 Utterance prob per frame = 2.513826e+01
 Processing Data: Naoki.b_i_t_e.1104.htk; Label Naoki.b_i_t_e.1104.lab
 Utterance prob per frame = 2.947002e+01
 Processing Data: Naoki.b_i_g.2098.htk; Label Naoki.b_i_g.2098.lab
 Utterance prob per frame = 2.879673e+01
 Processing Data: Naoki.b_o_o_k_s.2008.htk; Label Naoki.b_o_o_k_s.2008.lab
 Utterance prob per frame = 2.997847e+01
 Processing Data: Naoki.a_h_e_a_d.2231.htk; Label Naoki.a_h_e_a_d.2231.lab
 Utterance prob per frame = 2.678994e+01
 Processing Data: Naoki.b_o_s_s.1396.htk; Label Naoki.b_o_s_s.1396.lab
 Utterance prob per frame = 2.733852e+01
 Processing Data: Naoki.a_m.1850.htk; Label Naoki.a_m.1850.lab
 Utterance prob per frame = 3.077963e+01
 Processing Data: Naoki.a_f_t_e_r.975.htk; Label Naoki.a_f_t_e_r.975.lab
 Utterance prob per frame = 2.908091e+01
 Processing Data: Naoki.b_o_y_s.2050.htk; Label Naoki.b_o_y_s.2050.lab
 Utterance prob per frame = 3.262515e+01
 Processing Data: Naoki.b_a_n_k.1700.htk; Label Naoki.b_a_n_k.1700.lab
 Utterance prob per frame = 2.675881e+01
 Processing Data: Naoki.a_n_d.425.htk; Label Naoki.a_n_d.425.lab
 Utterance prob per frame = 2.914494e+01
 Processing Data: Naoki.a_h_e_a_d.1067.htk; Label Naoki.a_h_e_a_d.1067.lab
 Utterance prob per frame = 2.630872e+01
 Processing Data: Naoki.a_p_p_l_e.1983.htk; Label Naoki.a_p_p_l_e.1983.lab
 Utterance prob per frame = 3.194272e+01
 Processing Data: Naoki.b_i_l_l.381.htk; Label Naoki.b_i_l_l.381.lab
 Utterance prob per frame = 3.475391e+01
 Processing Data: Naoki.b_o_n_e.214.htk; Label Naoki.b_o_n_e.214.lab
 Utterance prob per frame = 3.182575e+01
 Processing Data: Naoki.a_l_l.123.htk; Label Naoki.a_l_l.123.lab
 Utterance prob per frame = 3.353058e+01
 Processing Data: Naoki.b_e_e_s.2001.htk; Label Naoki.b_e_e_s.2001.lab
 Utterance prob per frame = 3.156821e+01
 Processing Data: Naoki.a_n.1620.htk; Label Naoki.a_n.1620.lab
 Utterance prob per frame = 3.093151e+01
 Processing Data: Naoki.a_w_a_y.1807.htk; Label Naoki.a_w_a_y.1807.lab
 Utterance prob per frame = 2.518926e+01
 Processing Data: Naoki.a_r_e.1373.htk; Label Naoki.a_r_e.1373.lab
 Utterance prob per frame = 2.963511e+01
 Processing Data: Naoki.b_o_n_e.1378.htk; Label Naoki.b_o_n_e.1378.lab
 Utterance prob per frame = 3.117078e+01
 Processing Data: Naoki.b_e_e_r.2243.htk; Label Naoki.b_e_e_r.2243.lab
 Utterance prob per frame = 3.204734e+01
 Processing Data: Naoki.a_d_u_l_t.802.htk; Label Naoki.a_d_u_l_t.802.lab
 Utterance prob per frame = 2.075413e+01
 Processing Data: Naoki.a_g_a_i_n.812.htk; Label Naoki.a_g_a_i_n.812.lab
 Utterance prob per frame = 2.741746e+01
 Processing Data: Naoki.b_l_o_w.1110.htk; Label Naoki.b_l_o_w.1110.lab
 Utterance prob per frame = 2.520885e+01
 Processing Data: Naoki.b_a_r_e.1969.htk; Label Naoki.b_a_r_e.1969.lab
 Utterance prob per frame = 2.100209e+01
 Processing Data: Naoki.b_e_s_t.1540.htk; Label Naoki.b_e_s_t.1540.lab
 Utterance prob per frame = 2.591355e+01
 Processing Data: Naoki.b_i_r_t_h.697.htk; Label Naoki.b_i_r_t_h.697.lab
 Utterance prob per frame = 2.495426e+01
 Processing Data: Naoki.b_i_g.934.htk; Label Naoki.b_i_g.934.lab
 Utterance prob per frame = 3.374347e+01
 Processing Data: Naoki.b_e_e_n.2100.htk; Label Naoki.b_e_e_n.2100.lab
 Utterance prob per frame = 2.926187e+01
 Processing Data: Naoki.a_w_a_y.643.htk; Label Naoki.a_w_a_y.643.lab
 Utterance prob per frame = 2.888094e+01
 Processing Data: Naoki.b_i_l_l.1545.htk; Label Naoki.b_i_l_l.1545.lab
 Utterance prob per frame = 3.251256e+01
 Processing Data: Naoki.b_i_t_e.2268.htk; Label Naoki.b_i_t_e.2268.lab
 Utterance prob per frame = 2.616204e+01
 Processing Data: Naoki.b_e_e_s.837.htk; Label Naoki.b_e_e_s.837.lab
 Utterance prob per frame = 3.000963e+01
 Processing Data: Naoki.a_s.1985.htk; Label Naoki.a_s.1985.lab
 Utterance prob per frame = 3.747552e+01
 Processing Data: Naoki.b_i_r_d.1012.htk; Label Naoki.b_i_r_d.1012.lab
 Utterance prob per frame = 2.978624e+01
 Processing Data: Naoki.a_t_e.875.htk; Label Naoki.a_t_e.875.lab
 Utterance prob per frame = 2.916284e+01
 Processing Data: Naoki.b_o_y_s.886.htk; Label Naoki.b_o_y_s.886.lab
 Utterance prob per frame = 3.503145e+01
 Processing Data: Naoki.b_o_s_s.232.htk; Label Naoki.b_o_s_s.232.lab
 Utterance prob per frame = 3.004921e+01
 Processing Data: Naoki.b_i_k_e.1431.htk; Label Naoki.b_i_k_e.1431.lab
 Utterance prob per frame = 2.653045e+01
 Processing Data: Naoki.a_n_y.1639.htk; Label Naoki.a_n_y.1639.lab
 Utterance prob per frame = 3.060071e+01
 Processing Data: Naoki.a_t.1787.htk; Label Naoki.a_t.1787.lab
 Utterance prob per frame = 2.947447e+01
 Processing Data: Naoki.a_n_y.475.htk; Label Naoki.a_n_y.475.lab
 Utterance prob per frame = 2.740118e+01
 Processing Data: Naoki.a_s_k.2022.htk; Label Naoki.a_s_k.2022.lab
 Utterance prob per frame = 2.660357e+01
 Processing Data: Naoki.b_a_s_e_s.2081.htk; Label Naoki.b_a_s_e_s.2081.lab
 Utterance prob per frame = 2.489258e+01
 Processing Data: Naoki.b_e_a_r_s.2163.htk; Label Naoki.b_e_a_r_s.2163.lab
 Utterance prob per frame = 2.452208e+01
 Processing Data: Naoki.a_w_a_r_e.1556.htk; Label Naoki.a_w_a_r_e.1556.lab
 Utterance prob per frame = 2.522327e+01
 Processing Data: Naoki.a_s_k_e_d.2120.htk; Label Naoki.a_s_k_e_d.2120.lab
 Utterance prob per frame = 2.521427e+01
 Processing Data: Naoki.a_g_r_e_e.586.htk; Label Naoki.a_g_r_e_e.586.lab
 Utterance prob per frame = 2.909483e+01
 Processing Data: Naoki.b_a_r_e.805.htk; Label Naoki.b_a_r_e.805.lab
 Utterance prob per frame = 3.313000e+01
 Processing Data: Naoki.a_p_p_l_e.819.htk; Label Naoki.a_p_p_l_e.819.lab
 Utterance prob per frame = 2.970754e+01
 Processing Data: Naoki.a_t_e.2039.htk; Label Naoki.a_t_e.2039.lab
 Utterance prob per frame = 2.862048e+01
 Processing Data: Naoki.b_e.610.htk; Label Naoki.b_e.610.lab
 Utterance prob per frame = 3.234656e+01
 Processing Data: Naoki.b_e_e_r.1079.htk; Label Naoki.b_e_e_r.1079.lab
 Utterance prob per frame = 3.145889e+01
 Processing Data: Naoki.b_o_o_k_s.844.htk; Label Naoki.b_o_o_k_s.844.lab
 Utterance prob per frame = 2.699374e+01
 Processing Data: Naoki.a_s.821.htk; Label Naoki.a_s.821.lab
 Utterance prob per frame = 3.281961e+01
 Processing Data: Naoki.a_g_e_s.2220.htk; Label Naoki.a_g_e_s.2220.lab
 Utterance prob per frame = 2.977866e+01
 Processing Data: Naoki.b_a_n_k.536.htk; Label Naoki.b_a_n_k.536.lab
 Utterance prob per frame = 2.504813e+01
 Processing Data: Naoki.a.637.htk; Label Naoki.a.637.lab
 Utterance prob per frame = 3.346821e+01
 Processing Data: Naoki.b_i_r_t_h.1861.htk; Label Naoki.b_i_r_t_h.1861.lab
 Utterance prob per frame = 2.628029e+01
 Processing Data: Naoki.b_a_l_l.1542.htk; Label Naoki.b_a_l_l.1542.lab
 Utterance prob per frame = 3.283417e+01
 Processing Data: Naoki.a_g_a_i_n.1976.htk; Label Naoki.a_g_a_i_n.1976.lab
 Utterance prob per frame = 2.907449e+01
 Processing Data: Naoki.b_i_l_l_s.1725.htk; Label Naoki.b_i_l_l_s.1725.lab
 Utterance prob per frame = 3.559507e+01
 Processing Data: Naoki.a_w_a_r_e.392.htk; Label Naoki.a_w_a_r_e.392.lab
 Utterance prob per frame = 2.632221e+01
 Processing Data: Naoki.a_b_o_u_t.1572.htk; Label Naoki.a_b_o_u_t.1572.lab
 Utterance prob per frame = 3.027675e+01
 Processing Data: Naoki.b_a_t_h.1437.htk; Label Naoki.b_a_t_h.1437.lab
 Utterance prob per frame = 1.950246e+01
 Processing Data: Naoki.a_b_o_u_t.408.htk; Label Naoki.a_b_o_u_t.408.lab
 Utterance prob per frame = 2.812059e+01
 Processing Data: Naoki.b_l_o_w.2274.htk; Label Naoki.b_l_o_w.2274.lab
 Utterance prob per frame = 2.538711e+01
 Processing Data: Naoki.a.1801.htk; Label Naoki.a.1801.lab
 Utterance prob per frame = 3.132964e+01
 Processing Data: Naoki.b_i_t_e_s.1018.htk; Label Naoki.b_i_t_e_s.1018.lab
 Utterance prob per frame = 2.886838e+01
 Processing Data: Naoki.a_g_e_s.1056.htk; Label Naoki.a_g_e_s.1056.lab
 Utterance prob per frame = 2.901064e+01
 Processing Data: Naoki.b_a_d.1972.htk; Label Naoki.b_a_d.1972.lab
 Utterance prob per frame = 3.019581e+01
 Processing Data: Naoki.a_l_l.1287.htk; Label Naoki.a_l_l.1287.lab
 Utterance prob per frame = 3.303586e+01
 Processing Data: Naoki.b_l_u_e_s.353.htk; Label Naoki.b_l_u_e_s.353.lab
 Utterance prob per frame = 2.703851e+01
 Processing Data: Naoki.b_l_a_s_t.951.htk; Label Naoki.b_l_a_s_t.951.lab
 Utterance prob per frame = 2.533497e+01
 Processing Data: Naoki.b_a_c_k.1125.htk; Label Naoki.b_a_c_k.1125.lab
 Utterance prob per frame = 2.375412e+01
 Processing Data: Naoki.a_r_e.209.htk; Label Naoki.a_r_e.209.lab
 Utterance prob per frame = 2.798346e+01
 Processing Data: Naoki.b_a_d.808.htk; Label Naoki.b_a_d.808.lab
 Utterance prob per frame = 2.774260e+01
 Processing Data: Naoki.b_l_a_s_t.2115.htk; Label Naoki.b_l_a_s_t.2115.lab
 Utterance prob per frame = 2.775003e+01
 Processing Data: Naoki.b_l_u_e_s.1517.htk; Label Naoki.b_l_u_e_s.1517.lab
 Utterance prob per frame = 2.226596e+01
 Processing Data: Naoki.a_t.623.htk; Label Naoki.a_t.623.lab
 Utterance prob per frame = 3.053097e+01
 Processing Data: Naoki.a_s_k_e_d.956.htk; Label Naoki.a_s_k_e_d.956.lab
 Utterance prob per frame = 2.628646e+01
 Processing Data: Naoki.b_e_a_r_s.999.htk; Label Naoki.b_e_a_r_s.999.lab
 Utterance prob per frame = 2.748999e+01
 Processing Data: Naoki.b_i_k_e.267.htk; Label Naoki.b_i_k_e.267.lab
 Utterance prob per frame = 3.139741e+01
 Processing Data: Naoki.b_i_t_e_s.2182.htk; Label Naoki.b_i_t_e_s.2182.lab
 Utterance prob per frame = 2.981550e+01
 Processing Data: Naoki.a_s_k.858.htk; Label Naoki.a_s_k.858.lab
 Utterance prob per frame = 2.747210e+01
 Processing Data: Naoki.b_a_l_l.378.htk; Label Naoki.b_a_l_l.378.lab
 Utterance prob per frame = 3.468376e+01
 Processing Data: Naoki.a_d_u_l_t.1966.htk; Label Naoki.a_d_u_l_t.1966.lab
 Utterance prob per frame = 2.622271e+01
 Processing Data: Naoki.b_a_s_e_s.917.htk; Label Naoki.b_a_s_e_s.917.lab
 Utterance prob per frame = 2.972831e+01
 Processing Data: Naoki.a_f_t_e_r.2139.htk; Label Naoki.a_f_t_e_r.2139.lab
 Utterance prob per frame = 2.690008e+01
 WARNING [-2331]  UpdateModels: c[3] copied: only 1 egs
 in HERest
 WARNING [-2331]  UpdateModels: f[6] copied: only 2 egs
 in HERest
 WARNING [-2331]  UpdateModels: j[10] copied: only 0 egs
 in HERest
 WARNING [-2331]  UpdateModels: m[13] copied: only 1 egs
 in HERest
 WARNING [-2331]  UpdateModels: q[17] copied: only 0 egs
 in HERest
 WARNING [-2331]  UpdateModels: v[22] copied: only 0 egs
 in HERest
 WARNING [-2331]  UpdateModels: x[24] copied: only 0 egs
 in HERest
 WARNING [-2331]  UpdateModels: z[26] copied: only 0 egs
 in HERest
Total 145 floored variance elements in 16 different mixes
Saving hmm's to dir models/hmm36
Reestimation complete - average log prob per frame = 2.875313e+01
     - total frames seen          = 1.857700e+04
HERest -A -c 500.0 -v 0.0005 -A -H models/hmm36/newMacros -I all_labels.mlf -M models/hmm37 -S lists/train.data -T 1 wordList 
HERest -A -c 500.0 -v 0.0005 -A -H models/hmm36/newMacros -I all_labels.mlf -M models/hmm37 -S lists/train.data -T 1 wordList 
HERest  ML Updating: Transitions Means Variances MixWeights 

 System is PLAIN
28 Logical/28 Physical Models Loaded, VecSize=16
1 MMF input files
Pruning-Off
 Processing Data: Naoki.a_n_d.1589.htk; Label Naoki.a_n_d.1589.lab
 Utterance prob per frame = 2.517678e+01
 Processing Data: Naoki.b_i_t_e.1104.htk; Label Naoki.b_i_t_e.1104.lab
 Utterance prob per frame = 2.947452e+01
 Processing Data: Naoki.b_i_g.2098.htk; Label Naoki.b_i_g.2098.lab
 Utterance prob per frame = 2.884239e+01
 Processing Data: Naoki.b_o_o_k_s.2008.htk; Label Naoki.b_o_o_k_s.2008.lab
 Utterance prob per frame = 2.997757e+01
 Processing Data: Naoki.a_h_e_a_d.2231.htk; Label Naoki.a_h_e_a_d.2231.lab
 Utterance prob per frame = 2.683280e+01
 Processing Data: Naoki.b_o_s_s.1396.htk; Label Naoki.b_o_s_s.1396.lab
 Utterance prob per frame = 2.732263e+01
 Processing Data: Naoki.a_m.1850.htk; Label Naoki.a_m.1850.lab
 Utterance prob per frame = 3.122291e+01
 Processing Data: Naoki.a_f_t_e_r.975.htk; Label Naoki.a_f_t_e_r.975.lab
 Utterance prob per frame = 2.947791e+01
 Processing Data: Naoki.b_o_y_s.2050.htk; Label Naoki.b_o_y_s.2050.lab
 Utterance prob per frame = 3.263174e+01
 Processing Data: Naoki.b_a_n_k.1700.htk; Label Naoki.b_a_n_k.1700.lab
 Utterance prob per frame = 2.670764e+01
 Processing Data: Naoki.a_n_d.425.htk; Label Naoki.a_n_d.425.lab
 Utterance prob per frame = 2.919724e+01
 Processing Data: Naoki.a_h_e_a_d.1067.htk; Label Naoki.a_h_e_a_d.1067.lab
 Utterance prob per frame = 2.636069e+01
 Processing Data: Naoki.a_p_p_l_e.1983.htk; Label Naoki.a_p_p_l_e.1983.lab
 Utterance prob per frame = 3.198441e+01
 Processing Data: Naoki.b_i_l_l.381.htk; Label Naoki.b_i_l_l.381.lab
 Utterance prob per frame = 3.475691e+01
 Processing Data: Naoki.b_o_n_e.214.htk; Label Naoki.b_o_n_e.214.lab
 Utterance prob per frame = 3.184625e+01
 Processing Data: Naoki.a_l_l.123.htk; Label Naoki.a_l_l.123.lab
 Utterance prob per frame = 3.341609e+01
 Processing Data: Naoki.b_e_e_s.2001.htk; Label Naoki.b_e_e_s.2001.lab
 Utterance prob per frame = 3.157851e+01
 Processing Data: Naoki.a_n.1620.htk; Label Naoki.a_n.1620.lab
 Utterance prob per frame = 3.091851e+01
 Processing Data: Naoki.a_w_a_y.1807.htk; Label Naoki.a_w_a_y.1807.lab
 Utterance prob per frame = 2.517339e+01
 Processing Data: Naoki.a_r_e.1373.htk; Label Naoki.a_r_e.1373.lab
 Utterance prob per frame = 3.009738e+01
 Processing Data: Naoki.b_o_n_e.1378.htk; Label Naoki.b_o_n_e.1378.lab
 Utterance prob per frame = 3.114254e+01
 Processing Data: Naoki.b_e_e_r.2243.htk; Label Naoki.b_e_e_r.2243.lab
 Utterance prob per frame = 3.258326e+01
 Processing Data: Naoki.a_d_u_l_t.802.htk; Label Naoki.a_d_u_l_t.802.lab
 Utterance prob per frame = 2.082587e+01
 Processing Data: Naoki.a_g_a_i_n.812.htk; Label Naoki.a_g_a_i_n.812.lab
 Utterance prob per frame = 2.740799e+01
 Processing Data: Naoki.b_l_o_w.1110.htk; Label Naoki.b_l_o_w.1110.lab
 Utterance prob per frame = 2.517383e+01
 Processing Data: Naoki.b_a_r_e.1969.htk; Label Naoki.b_a_r_e.1969.lab
 Utterance prob per frame = 2.125346e+01
 Processing Data: Naoki.b_e_s_t.1540.htk; Label Naoki.b_e_s_t.1540.lab
 Utterance prob per frame = 2.591580e+01
 Processing Data: Naoki.b_i_r_t_h.697.htk; Label Naoki.b_i_r_t_h.697.lab
 Utterance prob per frame = 2.493115e+01
 Processing Data: Naoki.b_i_g.934.htk; Label Naoki.b_i_g.934.lab
 Utterance prob per frame = 3.375550e+01
 Processing Data: Naoki.b_e_e_n.2100.htk; Label Naoki.b_e_e_n.2100.lab
 Utterance prob per frame = 2.925928e+01
 Processing Data: Naoki.a_w_a_y.643.htk; Label Naoki.a_w_a_y.643.lab
 Utterance prob per frame = 2.889169e+01
 Processing Data: Naoki.b_i_l_l.1545.htk; Label Naoki.b_i_l_l.1545.lab
 Utterance prob per frame = 3.250607e+01
 Processing Data: Naoki.b_i_t_e.2268.htk; Label Naoki.b_i_t_e.2268.lab
 Utterance prob per frame = 2.616632e+01
 Processing Data: Naoki.b_e_e_s.837.htk; Label Naoki.b_e_e_s.837.lab
 Utterance prob per frame = 3.002740e+01
 Processing Data: Naoki.a_s.1985.htk; Label Naoki.a_s.1985.lab
 Utterance prob per frame = 3.745437e+01
 Processing Data: Naoki.b_i_r_d.1012.htk; Label Naoki.b_i_r_d.1012.lab
 Utterance prob per frame = 2.980152e+01
 Processing Data: Naoki.a_t_e.875.htk; Label Naoki.a_t_e.875.lab
 Utterance prob per frame = 2.922029e+01
 Processing Data: Naoki.b_o_y_s.886.htk; Label Naoki.b_o_y_s.886.lab
 Utterance prob per frame = 3.502329e+01
 Processing Data: Naoki.b_o_s_s.232.htk; Label Naoki.b_o_s_s.232.lab
 Utterance prob per frame = 3.015166e+01
 Processing Data: Naoki.b_i_k_e.1431.htk; Label Naoki.b_i_k_e.1431.lab
 Utterance prob per frame = 2.652376e+01
 Processing Data: Naoki.a_n_y.1639.htk; Label Naoki.a_n_y.1639.lab
 Utterance prob per frame = 3.062723e+01
 Processing Data: Naoki.a_t.1787.htk; Label Naoki.a_t.1787.lab
 Utterance prob per frame = 2.962901e+01
 Processing Data: Naoki.a_n_y.475.htk; Label Naoki.a_n_y.475.lab
 Utterance prob per frame = 2.741162e+01
 Processing Data: Naoki.a_s_k.2022.htk; Label Naoki.a_s_k.2022.lab
 Utterance prob per frame = 2.654980e+01
 Processing Data: Naoki.b_a_s_e_s.2081.htk; Label Naoki.b_a_s_e_s.2081.lab
 Utterance prob per frame = 2.482880e+01
 Processing Data: Naoki.b_e_a_r_s.2163.htk; Label Naoki.b_e_a_r_s.2163.lab
 Utterance prob per frame = 2.504955e+01
 Processing Data: Naoki.a_w_a_r_e.1556.htk; Label Naoki.a_w_a_r_e.1556.lab
 Utterance prob per frame = 2.567309e+01
 Processing Data: Naoki.a_s_k_e_d.2120.htk; Label Naoki.a_s_k_e_d.2120.lab
 Utterance prob per frame = 2.523866e+01
 Processing Data: Naoki.a_g_r_e_e.586.htk; Label Naoki.a_g_r_e_e.586.lab
 Utterance prob per frame = 2.957966e+01
 Processing Data: Naoki.b_a_r_e.805.htk; Label Naoki.b_a_r_e.805.lab
 Utterance prob per frame = 3.349946e+01
 Processing Data: Naoki.a_p_p_l_e.819.htk; Label Naoki.a_p_p_l_e.819.lab
 Utterance prob per frame = 2.969763e+01
 Processing Data: Naoki.a_t_e.2039.htk; Label Naoki.a_t_e.2039.lab
 Utterance prob per frame = 2.868690e+01
 Processing Data: Naoki.b_e.610.htk; Label Naoki.b_e.610.lab
 Utterance prob per frame = 3.233706e+01
 Processing Data: Naoki.b_e_e_r.1079.htk; Label Naoki.b_e_e_r.1079.lab
 Utterance prob per frame = 3.179130e+01
 Processing Data: Naoki.b_o_o_k_s.844.htk; Label Naoki.b_o_o_k_s.844.lab
 Utterance prob per frame = 2.699247e+01
 Processing Data: Naoki.a_s.821.htk; Label Naoki.a_s.821.lab
 Utterance prob per frame = 3.287142e+01
 Processing Data: Naoki.a_g_e_s.2220.htk; Label Naoki.a_g_e_s.2220.lab
 Utterance prob per frame = 2.978167e+01
 Processing Data: Naoki.b_a_n_k.536.htk; Label Naoki.b_a_n_k.536.lab
 Utterance prob per frame = 2.506942e+01
 Processing Data: Naoki.a.637.htk; Label Naoki.a.637.lab
 Utterance prob per frame = 3.355996e+01
 Processing Data: Naoki.b_i_r_t_h.1861.htk; Label Naoki.b_i_r_t_h.1861.lab
 Utterance prob per frame = 2.627896e+01
 Processing Data: Naoki.b_a_l_l.1542.htk; Label Naoki.b_a_l_l.1542.lab
 Utterance prob per frame = 3.286500e+01
 Processing Data: Naoki.a_g_a_i_n.1976.htk; Label Naoki.a_g_a_i_n.1976.lab
 Utterance prob per frame = 2.908897e+01
 Processing Data: Naoki.b_i_l_l_s.1725.htk; Label Naoki.b_i_l_l_s.1725.lab
 Utterance prob per frame = 3.559831e+01
 Processing Data: Naoki.a_w_a_r_e.392.htk; Label Naoki.a_w_a_r_e.392.lab
 Utterance prob per frame = 2.680472e+01
 Processing Data: Naoki.a_b_o_u_t.1572.htk; Label Naoki.a_b_o_u_t.1572.lab
 Utterance prob per frame = 3.033461e+01
 Processing Data: Naoki.b_a_t_h.1437.htk; Label Naoki.b_a_t_h.1437.lab
 Utterance prob per frame = 1.959110e+01
 Processing Data: Naoki.a_b_o_u_t.408.htk; Label Naoki.a_b_o_u_t.408.lab
 Utterance prob per frame = 2.815870e+01
 Processing Data: Naoki.b_l_o_w.2274.htk; Label Naoki.b_l_o_w.2274.lab
 Utterance prob per frame = 2.536589e+01
 Processing Data: Naoki.a.1801.htk; Label Naoki.a.1801.lab
 Utterance prob per frame = 3.135783e+01
 Processing Data: Naoki.b_i_t_e_s.1018.htk; Label Naoki.b_i_t_e_s.1018.lab
 Utterance prob per frame = 2.889101e+01
 Processing Data: Naoki.a_g_e_s.1056.htk; Label Naoki.a_g_e_s.1056.lab
 Utterance prob per frame = 2.903212e+01
 Processing Data: Naoki.b_a_d.1972.htk; Label Naoki.b_a_d.1972.lab
 Utterance prob per frame = 3.020781e+01
 Processing Data: Naoki.a_l_l.1287.htk; Label Naoki.a_l_l.1287.lab
 Utterance prob per frame = 3.297674e+01
 Processing Data: Naoki.b_l_u_e_s.353.htk; Label Naoki.b_l_u_e_s.353.lab
 Utterance prob per frame = 2.704110e+01
 Processing Data: Naoki.b_l_a_s_t.951.htk; Label Naoki.b_l_a_s_t.951.lab
 Utterance prob per frame = 2.542521e+01
 Processing Data: Naoki.b_a_c_k.1125.htk; Label Naoki.b_a_c_k.1125.lab
 Utterance prob per frame = 2.377513e+01
 Processing Data: Naoki.a_r_e.209.htk; Label Naoki.a_r_e.209.lab
 Utterance prob per frame = 2.838321e+01
 Processing Data: Naoki.b_a_d.808.htk; Label Naoki.b_a_d.808.lab
 Utterance prob per frame = 2.772509e+01
 Processing Data: Naoki.b_l_a_s_t.2115.htk; Label Naoki.b_l_a_s_t.2115.lab
 Utterance prob per frame = 2.774507e+01
 Processing Data: Naoki.b_l_u_e_s.1517.htk; Label Naoki.b_l_u_e_s.1517.lab
 Utterance prob per frame = 2.225158e+01
 Processing Data: Naoki.a_t.623.htk; Label Naoki.a_t.623.lab
 Utterance prob per frame = 3.063756e+01
 Processing Data: Naoki.a_s_k_e_d.956.htk; Label Naoki.a_s_k_e_d.956.lab
 Utterance prob per frame = 2.630178e+01
 Processing Data: Naoki.b_e_a_r_s.999.htk; Label Naoki.b_e_a_r_s.999.lab
 Utterance prob per frame = 2.795589e+01
 Processing Data: Naoki.b_i_k_e.267.htk; Label Naoki.b_i_k_e.267.lab
 Utterance prob per frame = 3.139527e+01
 Processing Data: Naoki.b_i_t_e_s.2182.htk; Label Naoki.b_i_t_e_s.2182.lab
 Utterance prob per frame = 2.982476e+01
 Processing Data: Naoki.a_s_k.858.htk; Label Naoki.a_s_k.858.lab
 Utterance prob per frame = 2.745680e+01
 Processing Data: Naoki.b_a_l_l.378.htk; Label Naoki.b_a_l_l.378.lab
 Utterance prob per frame = 3.470698e+01
 Processing Data: Naoki.a_d_u_l_t.1966.htk; Label Naoki.a_d_u_l_t.1966.lab
 Utterance prob per frame = 2.629644e+01
 Processing Data: Naoki.b_a_s_e_s.917.htk; Label Naoki.b_a_s_e_s.917.lab
 Utterance prob per frame = 2.966460e+01
 Processing Data: Naoki.a_f_t_e_r.2139.htk; Label Naoki.a_f_t_e_r.2139.lab
 Utterance prob per frame = 2.729317e+01
 WARNING [-2331]  UpdateModels: c[3] copied: only 1 egs
 in HERest
 WARNING [-2331]  UpdateModels: f[6] copied: only 2 egs
 in HERest
 WARNING [-2331]  UpdateModels: j[10] copied: only 0 egs
 in HERest
 WARNING [-2331]  UpdateModels: m[13] copied: only 1 egs
 in HERest
 WARNING [-2331]  UpdateModels: q[17] copied: only 0 egs
 in HERest
 WARNING [-2331]  UpdateModels: v[22] copied: only 0 egs
 in HERest
 WARNING [-2331]  UpdateModels: x[24] copied: only 0 egs
 in HERest
 WARNING [-2331]  UpdateModels: z[26] copied: only 0 egs
 in HERest
Total 146 floored variance elements in 16 different mixes
Saving hmm's to dir models/hmm37
Reestimation complete - average log prob per frame = 2.883477e+01
     - total frames seen          = 1.857700e+04
HERest -A -c 500.0 -v 0.0005 -A -H models/hmm37/newMacros -I all_labels.mlf -M models/hmm38 -S lists/train.data -T 1 wordList 
HERest -A -c 500.0 -v 0.0005 -A -H models/hmm37/newMacros -I all_labels.mlf -M models/hmm38 -S lists/train.data -T 1 wordList 
HERest  ML Updating: Transitions Means Variances MixWeights 

 System is PLAIN
28 Logical/28 Physical Models Loaded, VecSize=16
1 MMF input files
Pruning-Off
 Processing Data: Naoki.a_n_d.1589.htk; Label Naoki.a_n_d.1589.lab
 Utterance prob per frame = 2.519209e+01
 Processing Data: Naoki.b_i_t_e.1104.htk; Label Naoki.b_i_t_e.1104.lab
 Utterance prob per frame = 2.947701e+01
 Processing Data: Naoki.b_i_g.2098.htk; Label Naoki.b_i_g.2098.lab
 Utterance prob per frame = 2.884546e+01
 Processing Data: Naoki.b_o_o_k_s.2008.htk; Label Naoki.b_o_o_k_s.2008.lab
 Utterance prob per frame = 2.997579e+01
 Processing Data: Naoki.a_h_e_a_d.2231.htk; Label Naoki.a_h_e_a_d.2231.lab
 Utterance prob per frame = 2.686734e+01
 Processing Data: Naoki.b_o_s_s.1396.htk; Label Naoki.b_o_s_s.1396.lab
 Utterance prob per frame = 2.734414e+01
 Processing Data: Naoki.a_m.1850.htk; Label Naoki.a_m.1850.lab
 Utterance prob per frame = 3.152233e+01
 Processing Data: Naoki.a_f_t_e_r.975.htk; Label Naoki.a_f_t_e_r.975.lab
 Utterance prob per frame = 2.992102e+01
 Processing Data: Naoki.b_o_y_s.2050.htk; Label Naoki.b_o_y_s.2050.lab
 Utterance prob per frame = 3.267028e+01
 Processing Data: Naoki.b_a_n_k.1700.htk; Label Naoki.b_a_n_k.1700.lab
 Utterance prob per frame = 2.668438e+01
 Processing Data: Naoki.a_n_d.425.htk; Label Naoki.a_n_d.425.lab
 Utterance prob per frame = 2.923545e+01
 Processing Data: Naoki.a_h_e_a_d.1067.htk; Label Naoki.a_h_e_a_d.1067.lab
 Utterance prob per frame = 2.637475e+01
 Processing Data: Naoki.a_p_p_l_e.1983.htk; Label Naoki.a_p_p_l_e.1983.lab
 Utterance prob per frame = 3.198379e+01
 Processing Data: Naoki.b_i_l_l.381.htk; Label Naoki.b_i_l_l.381.lab
 Utterance prob per frame = 3.477761e+01
 Processing Data: Naoki.b_o_n_e.214.htk; Label Naoki.b_o_n_e.214.lab
 Utterance prob per frame = 3.188236e+01
 Processing Data: Naoki.a_l_l.123.htk; Label Naoki.a_l_l.123.lab
 Utterance prob per frame = 3.325390e+01
 Processing Data: Naoki.b_e_e_s.2001.htk; Label Naoki.b_e_e_s.2001.lab
 Utterance prob per frame = 3.159445e+01
 Processing Data: Naoki.a_n.1620.htk; Label Naoki.a_n.1620.lab
 Utterance prob per frame = 3.087943e+01
 Processing Data: Naoki.a_w_a_y.1807.htk; Label Naoki.a_w_a_y.1807.lab
 Utterance prob per frame = 2.512979e+01
 Processing Data: Naoki.a_r_e.1373.htk; Label Naoki.a_r_e.1373.lab
 Utterance prob per frame = 3.045891e+01
 Processing Data: Naoki.b_o_n_e.1378.htk; Label Naoki.b_o_n_e.1378.lab
 Utterance prob per frame = 3.111592e+01
 Processing Data: Naoki.b_e_e_r.2243.htk; Label Naoki.b_e_e_r.2243.lab
 Utterance prob per frame = 3.296776e+01
 Processing Data: Naoki.a_d_u_l_t.802.htk; Label Naoki.a_d_u_l_t.802.lab
 Utterance prob per frame = 2.081548e+01
 Processing Data: Naoki.a_g_a_i_n.812.htk; Label Naoki.a_g_a_i_n.812.lab
 Utterance prob per frame = 2.741206e+01
 Processing Data: Naoki.b_l_o_w.1110.htk; Label Naoki.b_l_o_w.1110.lab
 Utterance prob per frame = 2.513567e+01
 Processing Data: Naoki.b_a_r_e.1969.htk; Label Naoki.b_a_r_e.1969.lab
 Utterance prob per frame = 2.160040e+01
 Processing Data: Naoki.b_e_s_t.1540.htk; Label Naoki.b_e_s_t.1540.lab
 Utterance prob per frame = 2.590155e+01
 Processing Data: Naoki.b_i_r_t_h.697.htk; Label Naoki.b_i_r_t_h.697.lab
 Utterance prob per frame = 2.493571e+01
 Processing Data: Naoki.b_i_g.934.htk; Label Naoki.b_i_g.934.lab
 Utterance prob per frame = 3.375467e+01
 Processing Data: Naoki.b_e_e_n.2100.htk; Label Naoki.b_e_e_n.2100.lab
 Utterance prob per frame = 2.926208e+01
 Processing Data: Naoki.a_w_a_y.643.htk; Label Naoki.a_w_a_y.643.lab
 Utterance prob per frame = 2.891379e+01
 Processing Data: Naoki.b_i_l_l.1545.htk; Label Naoki.b_i_l_l.1545.lab
 Utterance prob per frame = 3.251690e+01
 Processing Data: Naoki.b_i_t_e.2268.htk; Label Naoki.b_i_t_e.2268.lab
 Utterance prob per frame = 2.618084e+01
 Processing Data: Naoki.b_e_e_s.837.htk; Label Naoki.b_e_e_s.837.lab
 Utterance prob per frame = 3.003423e+01
 Processing Data: Naoki.a_s.1985.htk; Label Naoki.a_s.1985.lab
 Utterance prob per frame = 3.744793e+01
 Processing Data: Naoki.b_i_r_d.1012.htk; Label Naoki.b_i_r_d.1012.lab
 Utterance prob per frame = 2.982137e+01
 Processing Data: Naoki.a_t_e.875.htk; Label Naoki.a_t_e.875.lab
 Utterance prob per frame = 2.924942e+01
 Processing Data: Naoki.b_o_y_s.886.htk; Label Naoki.b_o_y_s.886.lab
 Utterance prob per frame = 3.500663e+01
 Processing Data: Naoki.b_o_s_s.232.htk; Label Naoki.b_o_s_s.232.lab
 Utterance prob per frame = 3.037057e+01
 Processing Data: Naoki.b_i_k_e.1431.htk; Label Naoki.b_i_k_e.1431.lab
 Utterance prob per frame = 2.652561e+01
 Processing Data: Naoki.a_n_y.1639.htk; Label Naoki.a_n_y.1639.lab
 Utterance prob per frame = 3.062743e+01
 Processing Data: Naoki.a_t.1787.htk; Label Naoki.a_t.1787.lab
 Utterance prob per frame = 2.970774e+01
 Processing Data: Naoki.a_n_y.475.htk; Label Naoki.a_n_y.475.lab
 Utterance prob per frame = 2.739539e+01
 Processing Data: Naoki.a_s_k.2022.htk; Label Naoki.a_s_k.2022.lab
 Utterance prob per frame = 2.650311e+01
 Processing Data: Naoki.b_a_s_e_s.2081.htk; Label Naoki.b_a_s_e_s.2081.lab
 Utterance prob per frame = 2.479202e+01
 Processing Data: Naoki.b_e_a_r_s.2163.htk; Label Naoki.b_e_a_r_s.2163.lab
 Utterance prob per frame = 2.551743e+01
 Processing Data: Naoki.a_w_a_r_e.1556.htk; Label Naoki.a_w_a_r_e.1556.lab
 Utterance prob per frame = 2.595729e+01
 Processing Data: Naoki.a_s_k_e_d.2120.htk; Label Naoki.a_s_k_e_d.2120.lab
 Utterance prob per frame = 2.524672e+01
 Processing Data: Naoki.a_g_r_e_e.586.htk; Label Naoki.a_g_r_e_e.586.lab
 Utterance prob per frame = 2.994034e+01
 Processing Data: Naoki.b_a_r_e.805.htk; Label Naoki.b_a_r_e.805.lab
 Utterance prob per frame = 3.382652e+01
 Processing Data: Naoki.a_p_p_l_e.819.htk; Label Naoki.a_p_p_l_e.819.lab
 Utterance prob per frame = 2.967539e+01
 Processing Data: Naoki.a_t_e.2039.htk; Label Naoki.a_t_e.2039.lab
 Utterance prob per frame = 2.872480e+01
 Processing Data: Naoki.b_e.610.htk; Label Naoki.b_e.610.lab
 Utterance prob per frame = 3.233718e+01
 Processing Data: Naoki.b_e_e_r.1079.htk; Label Naoki.b_e_e_r.1079.lab
 Utterance prob per frame = 3.206922e+01
 Processing Data: Naoki.b_o_o_k_s.844.htk; Label Naoki.b_o_o_k_s.844.lab
 Utterance prob per frame = 2.698864e+01
 Processing Data: Naoki.a_s.821.htk; Label Naoki.a_s.821.lab
 Utterance prob per frame = 3.290551e+01
 Processing Data: Naoki.a_g_e_s.2220.htk; Label Naoki.a_g_e_s.2220.lab
 Utterance prob per frame = 2.979928e+01
 Processing Data: Naoki.b_a_n_k.536.htk; Label Naoki.b_a_n_k.536.lab
 Utterance prob per frame = 2.507552e+01
 Processing Data: Naoki.a.637.htk; Label Naoki.a.637.lab
 Utterance prob per frame = 3.361990e+01
 Processing Data: Naoki.b_i_r_t_h.1861.htk; Label Naoki.b_i_r_t_h.1861.lab
 Utterance prob per frame = 2.629727e+01
 Processing Data: Naoki.b_a_l_l.1542.htk; Label Naoki.b_a_l_l.1542.lab
 Utterance prob per frame = 3.288069e+01
 Processing Data: Naoki.a_g_a_i_n.1976.htk; Label Naoki.a_g_a_i_n.1976.lab
 Utterance prob per frame = 2.909266e+01
 Processing Data: Naoki.b_i_l_l_s.1725.htk; Label Naoki.b_i_l_l_s.1725.lab
 Utterance prob per frame = 3.561717e+01
 Processing Data: Naoki.a_w_a_r_e.392.htk; Label Naoki.a_w_a_r_e.392.lab
 Utterance prob per frame = 2.724371e+01
 Processing Data: Naoki.a_b_o_u_t.1572.htk; Label Naoki.a_b_o_u_t.1572.lab
 Utterance prob per frame = 3.036436e+01
 Processing Data: Naoki.b_a_t_h.1437.htk; Label Naoki.b_a_t_h.1437.lab
 Utterance prob per frame = 1.964062e+01
 Processing Data: Naoki.a_b_o_u_t.408.htk; Label Naoki.a_b_o_u_t.408.lab
 Utterance prob per frame = 2.816808e+01
 Processing Data: Naoki.b_l_o_w.2274.htk; Label Naoki.b_l_o_w.2274.lab
 Utterance prob per frame = 2.535904e+01
 Processing Data: Naoki.a.1801.htk; Label Naoki.a.1801.lab
 Utterance prob per frame = 3.136255e+01
 Processing Data: Naoki.b_i_t_e_s.1018.htk; Label Naoki.b_i_t_e_s.1018.lab
 Utterance prob per frame = 2.889685e+01
 Processing Data: Naoki.a_g_e_s.1056.htk; Label Naoki.a_g_e_s.1056.lab
 Utterance prob per frame = 2.905742e+01
 Processing Data: Naoki.b_a_d.1972.htk; Label Naoki.b_a_d.1972.lab
 Utterance prob per frame = 3.021890e+01
 Processing Data: Naoki.a_l_l.1287.htk; Label Naoki.a_l_l.1287.lab
 Utterance prob per frame = 3.298580e+01
 Processing Data: Naoki.b_l_u_e_s.353.htk; Label Naoki.b_l_u_e_s.353.lab
 Utterance prob per frame = 2.705713e+01
 Processing Data: Naoki.b_l_a_s_t.951.htk; Label Naoki.b_l_a_s_t.951.lab
 Utterance prob per frame = 2.549344e+01
 Processing Data: Naoki.b_a_c_k.1125.htk; Label Naoki.b_a_c_k.1125.lab
 Utterance prob per frame = 2.379032e+01
 Processing Data: Naoki.a_r_e.209.htk; Label Naoki.a_r_e.209.lab
 Utterance prob per frame = 2.877365e+01
 Processing Data: Naoki.b_a_d.808.htk; Label Naoki.b_a_d.808.lab
 Utterance prob per frame = 2.773071e+01
 Processing Data: Naoki.b_l_a_s_t.2115.htk; Label Naoki.b_l_a_s_t.2115.lab
 Utterance prob per frame = 2.771635e+01
 Processing Data: Naoki.b_l_u_e_s.1517.htk; Label Naoki.b_l_u_e_s.1517.lab
 Utterance prob per frame = 2.226258e+01
 Processing Data: Naoki.a_t.623.htk; Label Naoki.a_t.623.lab
 Utterance prob per frame = 3.069343e+01
 Processing Data: Naoki.a_s_k_e_d.956.htk; Label Naoki.a_s_k_e_d.956.lab
 Utterance prob per frame = 2.631003e+01
 Processing Data: Naoki.b_e_a_r_s.999.htk; Label Naoki.b_e_a_r_s.999.lab
 Utterance prob per frame = 2.833969e+01
 Processing Data: Naoki.b_i_k_e.267.htk; Label Naoki.b_i_k_e.267.lab
 Utterance prob per frame = 3.139751e+01
 Processing Data: Naoki.b_i_t_e_s.2182.htk; Label Naoki.b_i_t_e_s.2182.lab
 Utterance prob per frame = 2.983267e+01
 Processing Data: Naoki.a_s_k.858.htk; Label Naoki.a_s_k.858.lab
 Utterance prob per frame = 2.744504e+01
 Processing Data: Naoki.b_a_l_l.378.htk; Label Naoki.b_a_l_l.378.lab
 Utterance prob per frame = 3.473411e+01
 Processing Data: Naoki.a_d_u_l_t.1966.htk; Label Naoki.a_d_u_l_t.1966.lab
 Utterance prob per frame = 2.632205e+01
 Processing Data: Naoki.b_a_s_e_s.917.htk; Label Naoki.b_a_s_e_s.917.lab
 Utterance prob per frame = 2.962991e+01
 Processing Data: Naoki.a_f_t_e_r.2139.htk; Label Naoki.a_f_t_e_r.2139.lab
 Utterance prob per frame = 2.759781e+01
 WARNING [-2331]  UpdateModels: c[3] copied: only 1 egs
 in HERest
 WARNING [-2331]  UpdateModels: f[6] copied: only 2 egs
 in HERest
 WARNING [-2331]  UpdateModels: j[10] copied: only 0 egs
 in HERest
 WARNING [-2331]  UpdateModels: m[13] copied: only 1 egs
 in HERest
 WARNING [-2331]  UpdateModels: q[17] copied: only 0 egs
 in HERest
 WARNING [-2331]  UpdateModels: v[22] copied: only 0 egs
 in HERest
 WARNING [-2331]  UpdateModels: x[24] copied: only 0 egs
 in HERest
 WARNING [-2331]  UpdateModels: z[26] copied: only 0 egs
 in HERest
Total 152 floored variance elements in 16 different mixes
Saving hmm's to dir models/hmm38
Reestimation complete - average log prob per frame = 2.890221e+01
     - total frames seen          = 1.857700e+04
HERest -A -c 500.0 -v 0.0005 -A -H models/hmm38/newMacros -I all_labels.mlf -M models/hmm39 -S lists/train.data -T 1 wordList 
HERest -A -c 500.0 -v 0.0005 -A -H models/hmm38/newMacros -I all_labels.mlf -M models/hmm39 -S lists/train.data -T 1 wordList 
HERest  ML Updating: Transitions Means Variances MixWeights 

 System is PLAIN
28 Logical/28 Physical Models Loaded, VecSize=16
1 MMF input files
Pruning-Off
 Processing Data: Naoki.a_n_d.1589.htk; Label Naoki.a_n_d.1589.lab
 Utterance prob per frame = 2.520124e+01
 Processing Data: Naoki.b_i_t_e.1104.htk; Label Naoki.b_i_t_e.1104.lab
 Utterance prob per frame = 2.948873e+01
 Processing Data: Naoki.b_i_g.2098.htk; Label Naoki.b_i_g.2098.lab
 Utterance prob per frame = 2.886612e+01
 Processing Data: Naoki.b_o_o_k_s.2008.htk; Label Naoki.b_o_o_k_s.2008.lab
 Utterance prob per frame = 2.998432e+01
 Processing Data: Naoki.a_h_e_a_d.2231.htk; Label Naoki.a_h_e_a_d.2231.lab
 Utterance prob per frame = 2.688563e+01
 Processing Data: Naoki.b_o_s_s.1396.htk; Label Naoki.b_o_s_s.1396.lab
 Utterance prob per frame = 2.735293e+01
 Processing Data: Naoki.a_m.1850.htk; Label Naoki.a_m.1850.lab
 Utterance prob per frame = 3.167587e+01
 Processing Data: Naoki.a_f_t_e_r.975.htk; Label Naoki.a_f_t_e_r.975.lab
 Utterance prob per frame = 3.002330e+01
 Processing Data: Naoki.b_o_y_s.2050.htk; Label Naoki.b_o_y_s.2050.lab
 Utterance prob per frame = 3.269216e+01
 Processing Data: Naoki.b_a_n_k.1700.htk; Label Naoki.b_a_n_k.1700.lab
 Utterance prob per frame = 2.668672e+01
 Processing Data: Naoki.a_n_d.425.htk; Label Naoki.a_n_d.425.lab
 Utterance prob per frame = 2.926671e+01
 Processing Data: Naoki.a_h_e_a_d.1067.htk; Label Naoki.a_h_e_a_d.1067.lab
 Utterance prob per frame = 2.638303e+01
 Processing Data: Naoki.a_p_p_l_e.1983.htk; Label Naoki.a_p_p_l_e.1983.lab
 Utterance prob per frame = 3.198356e+01
 Processing Data: Naoki.b_i_l_l.381.htk; Label Naoki.b_i_l_l.381.lab
 Utterance prob per frame = 3.478362e+01
 Processing Data: Naoki.b_o_n_e.214.htk; Label Naoki.b_o_n_e.214.lab
 Utterance prob per frame = 3.192341e+01
 Processing Data: Naoki.a_l_l.123.htk; Label Naoki.a_l_l.123.lab
 Utterance prob per frame = 3.316413e+01
 Processing Data: Naoki.b_e_e_s.2001.htk; Label Naoki.b_e_e_s.2001.lab
 Utterance prob per frame = 3.161573e+01
 Processing Data: Naoki.a_n.1620.htk; Label Naoki.a_n.1620.lab
 Utterance prob per frame = 3.084332e+01
 Processing Data: Naoki.a_w_a_y.1807.htk; Label Naoki.a_w_a_y.1807.lab
 Utterance prob per frame = 2.513603e+01
 Processing Data: Naoki.a_r_e.1373.htk; Label Naoki.a_r_e.1373.lab
 Utterance prob per frame = 3.079759e+01
 Processing Data: Naoki.b_o_n_e.1378.htk; Label Naoki.b_o_n_e.1378.lab
 Utterance prob per frame = 3.112549e+01
 Processing Data: Naoki.b_e_e_r.2243.htk; Label Naoki.b_e_e_r.2243.lab
 Utterance prob per frame = 3.320028e+01
 Processing Data: Naoki.a_d_u_l_t.802.htk; Label Naoki.a_d_u_l_t.802.lab
 Utterance prob per frame = 2.080391e+01
 Processing Data: Naoki.a_g_a_i_n.812.htk; Label Naoki.a_g_a_i_n.812.lab
 Utterance prob per frame = 2.740574e+01
 Processing Data: Naoki.b_l_o_w.1110.htk; Label Naoki.b_l_o_w.1110.lab
 Utterance prob per frame = 2.511373e+01
 Processing Data: Naoki.b_a_r_e.1969.htk; Label Naoki.b_a_r_e.1969.lab
 Utterance prob per frame = 2.168790e+01
 Processing Data: Naoki.b_e_s_t.1540.htk; Label Naoki.b_e_s_t.1540.lab
 Utterance prob per frame = 2.589008e+01
 Processing Data: Naoki.b_i_r_t_h.697.htk; Label Naoki.b_i_r_t_h.697.lab
 Utterance prob per frame = 2.502914e+01
 Processing Data: Naoki.b_i_g.934.htk; Label Naoki.b_i_g.934.lab
 Utterance prob per frame = 3.375767e+01
 Processing Data: Naoki.b_e_e_n.2100.htk; Label Naoki.b_e_e_n.2100.lab
 Utterance prob per frame = 2.926621e+01
 Processing Data: Naoki.a_w_a_y.643.htk; Label Naoki.a_w_a_y.643.lab
 Utterance prob per frame = 2.892800e+01
 Processing Data: Naoki.b_i_l_l.1545.htk; Label Naoki.b_i_l_l.1545.lab
 Utterance prob per frame = 3.251695e+01
 Processing Data: Naoki.b_i_t_e.2268.htk; Label Naoki.b_i_t_e.2268.lab
 Utterance prob per frame = 2.620435e+01
 Processing Data: Naoki.b_e_e_s.837.htk; Label Naoki.b_e_e_s.837.lab
 Utterance prob per frame = 3.001718e+01
 Processing Data: Naoki.a_s.1985.htk; Label Naoki.a_s.1985.lab
 Utterance prob per frame = 3.746838e+01
 Processing Data: Naoki.b_i_r_d.1012.htk; Label Naoki.b_i_r_d.1012.lab
 Utterance prob per frame = 2.981627e+01
 Processing Data: Naoki.a_t_e.875.htk; Label Naoki.a_t_e.875.lab
 Utterance prob per frame = 2.927021e+01
 Processing Data: Naoki.b_o_y_s.886.htk; Label Naoki.b_o_y_s.886.lab
 Utterance prob per frame = 3.498925e+01
 Processing Data: Naoki.b_o_s_s.232.htk; Label Naoki.b_o_s_s.232.lab
 Utterance prob per frame = 3.047820e+01
 Processing Data: Naoki.b_i_k_e.1431.htk; Label Naoki.b_i_k_e.1431.lab
 Utterance prob per frame = 2.653621e+01
 Processing Data: Naoki.a_n_y.1639.htk; Label Naoki.a_n_y.1639.lab
 Utterance prob per frame = 3.062433e+01
 Processing Data: Naoki.a_t.1787.htk; Label Naoki.a_t.1787.lab
 Utterance prob per frame = 2.975173e+01
 Processing Data: Naoki.a_n_y.475.htk; Label Naoki.a_n_y.475.lab
 Utterance prob per frame = 2.738185e+01
 Processing Data: Naoki.a_s_k.2022.htk; Label Naoki.a_s_k.2022.lab
 Utterance prob per frame = 2.648581e+01
 Processing Data: Naoki.b_a_s_e_s.2081.htk; Label Naoki.b_a_s_e_s.2081.lab
 Utterance prob per frame = 2.480582e+01
 Processing Data: Naoki.b_e_a_r_s.2163.htk; Label Naoki.b_e_a_r_s.2163.lab
 Utterance prob per frame = 2.602804e+01
 Processing Data: Naoki.a_w_a_r_e.1556.htk; Label Naoki.a_w_a_r_e.1556.lab
 Utterance prob per frame = 2.620157e+01
 Processing Data: Naoki.a_s_k_e_d.2120.htk; Label Naoki.a_s_k_e_d.2120.lab
 Utterance prob per frame = 2.524559e+01
 Processing Data: Naoki.a_g_r_e_e.586.htk; Label Naoki.a_g_r_e_e.586.lab
 Utterance prob per frame = 3.022749e+01
 Processing Data: Naoki.b_a_r_e.805.htk; Label Naoki.b_a_r_e.805.lab
 Utterance prob per frame = 3.392351e+01
 Processing Data: Naoki.a_p_p_l_e.819.htk; Label Naoki.a_p_p_l_e.819.lab
 Utterance prob per frame = 2.968092e+01
 Processing Data: Naoki.a_t_e.2039.htk; Label Naoki.a_t_e.2039.lab
 Utterance prob per frame = 2.876123e+01
 Processing Data: Naoki.b_e.610.htk; Label Naoki.b_e.610.lab
 Utterance prob per frame = 3.234175e+01
 Processing Data: Naoki.b_e_e_r.1079.htk; Label Naoki.b_e_e_r.1079.lab
 Utterance prob per frame = 3.206020e+01
 Processing Data: Naoki.b_o_o_k_s.844.htk; Label Naoki.b_o_o_k_s.844.lab
 Utterance prob per frame = 2.700225e+01
 Processing Data: Naoki.a_s.821.htk; Label Naoki.a_s.821.lab
 Utterance prob per frame = 3.294411e+01
 Processing Data: Naoki.a_g_e_s.2220.htk; Label Naoki.a_g_e_s.2220.lab
 Utterance prob per frame = 2.982600e+01
 Processing Data: Naoki.b_a_n_k.536.htk; Label Naoki.b_a_n_k.536.lab
 Utterance prob per frame = 2.508191e+01
 Processing Data: Naoki.a.637.htk; Label Naoki.a.637.lab
 Utterance prob per frame = 3.366827e+01
 Processing Data: Naoki.b_i_r_t_h.1861.htk; Label Naoki.b_i_r_t_h.1861.lab
 Utterance prob per frame = 2.634194e+01
 Processing Data: Naoki.b_a_l_l.1542.htk; Label Naoki.b_a_l_l.1542.lab
 Utterance prob per frame = 3.289113e+01
 Processing Data: Naoki.a_g_a_i_n.1976.htk; Label Naoki.a_g_a_i_n.1976.lab
 Utterance prob per frame = 2.908543e+01
 Processing Data: Naoki.b_i_l_l_s.1725.htk; Label Naoki.b_i_l_l_s.1725.lab
 Utterance prob per frame = 3.562403e+01
 Processing Data: Naoki.a_w_a_r_e.392.htk; Label Naoki.a_w_a_r_e.392.lab
 Utterance prob per frame = 2.750983e+01
 Processing Data: Naoki.a_b_o_u_t.1572.htk; Label Naoki.a_b_o_u_t.1572.lab
 Utterance prob per frame = 3.036744e+01
 Processing Data: Naoki.b_a_t_h.1437.htk; Label Naoki.b_a_t_h.1437.lab
 Utterance prob per frame = 1.966432e+01
 Processing Data: Naoki.a_b_o_u_t.408.htk; Label Naoki.a_b_o_u_t.408.lab
 Utterance prob per frame = 2.822063e+01
 Processing Data: Naoki.b_l_o_w.2274.htk; Label Naoki.b_l_o_w.2274.lab
 Utterance prob per frame = 2.534972e+01
 Processing Data: Naoki.a.1801.htk; Label Naoki.a.1801.lab
 Utterance prob per frame = 3.133130e+01
 Processing Data: Naoki.b_i_t_e_s.1018.htk; Label Naoki.b_i_t_e_s.1018.lab
 Utterance prob per frame = 2.887511e+01
 Processing Data: Naoki.a_g_e_s.1056.htk; Label Naoki.a_g_e_s.1056.lab
 Utterance prob per frame = 2.908025e+01
 Processing Data: Naoki.b_a_d.1972.htk; Label Naoki.b_a_d.1972.lab
 Utterance prob per frame = 3.022580e+01
 Processing Data: Naoki.a_l_l.1287.htk; Label Naoki.a_l_l.1287.lab
 Utterance prob per frame = 3.300501e+01
 Processing Data: Naoki.b_l_u_e_s.353.htk; Label Naoki.b_l_u_e_s.353.lab
 Utterance prob per frame = 2.705932e+01
 Processing Data: Naoki.b_l_a_s_t.951.htk; Label Naoki.b_l_a_s_t.951.lab
 Utterance prob per frame = 2.552339e+01
 Processing Data: Naoki.b_a_c_k.1125.htk; Label Naoki.b_a_c_k.1125.lab
 Utterance prob per frame = 2.379885e+01
 Processing Data: Naoki.a_r_e.209.htk; Label Naoki.a_r_e.209.lab
 Utterance prob per frame = 2.900395e+01
 Processing Data: Naoki.b_a_d.808.htk; Label Naoki.b_a_d.808.lab
 Utterance prob per frame = 2.773507e+01
 Processing Data: Naoki.b_l_a_s_t.2115.htk; Label Naoki.b_l_a_s_t.2115.lab
 Utterance prob per frame = 2.769742e+01
 Processing Data: Naoki.b_l_u_e_s.1517.htk; Label Naoki.b_l_u_e_s.1517.lab
 Utterance prob per frame = 2.228800e+01
 Processing Data: Naoki.a_t.623.htk; Label Naoki.a_t.623.lab
 Utterance prob per frame = 3.073485e+01
 Processing Data: Naoki.a_s_k_e_d.956.htk; Label Naoki.a_s_k_e_d.956.lab
 Utterance prob per frame = 2.632003e+01
 Processing Data: Naoki.b_e_a_r_s.999.htk; Label Naoki.b_e_a_r_s.999.lab
 Utterance prob per frame = 2.853194e+01
 Processing Data: Naoki.b_i_k_e.267.htk; Label Naoki.b_i_k_e.267.lab
 Utterance prob per frame = 3.140423e+01
 Processing Data: Naoki.b_i_t_e_s.2182.htk; Label Naoki.b_i_t_e_s.2182.lab
 Utterance prob per frame = 2.983668e+01
 Processing Data: Naoki.a_s_k.858.htk; Label Naoki.a_s_k.858.lab
 Utterance prob per frame = 2.744796e+01
 Processing Data: Naoki.b_a_l_l.378.htk; Label Naoki.b_a_l_l.378.lab
 Utterance prob per frame = 3.474316e+01
 Processing Data: Naoki.a_d_u_l_t.1966.htk; Label Naoki.a_d_u_l_t.1966.lab
 Utterance prob per frame = 2.633088e+01
 Processing Data: Naoki.b_a_s_e_s.917.htk; Label Naoki.b_a_s_e_s.917.lab
 Utterance prob per frame = 2.960794e+01
 Processing Data: Naoki.a_f_t_e_r.2139.htk; Label Naoki.a_f_t_e_r.2139.lab
 Utterance prob per frame = 2.772527e+01
 WARNING [-2331]  UpdateModels: c[3] copied: only 1 egs
 in HERest
 WARNING [-2331]  UpdateModels: f[6] copied: only 2 egs
 in HERest
 WARNING [-2331]  UpdateModels: j[10] copied: only 0 egs
 in HERest
 WARNING [-2331]  UpdateModels: m[13] copied: only 1 egs
 in HERest
 WARNING [-2331]  UpdateModels: q[17] copied: only 0 egs
 in HERest
 WARNING [-2331]  UpdateModels: v[22] copied: only 0 egs
 in HERest
 WARNING [-2331]  UpdateModels: x[24] copied: only 0 egs
 in HERest
 WARNING [-2331]  UpdateModels: z[26] copied: only 0 egs
 in HERest
Total 156 floored variance elements in 17 different mixes
Saving hmm's to dir models/hmm39
Reestimation complete - average log prob per frame = 2.894449e+01
     - total frames seen          = 1.857700e+04
HERest -A -c 500.0 -v 0.0005 -A -H models/hmm39/newMacros -I all_labels.mlf -M models/hmm40 -S lists/train.data -T 1 wordList 
HERest -A -c 500.0 -v 0.0005 -A -H models/hmm39/newMacros -I all_labels.mlf -M models/hmm40 -S lists/train.data -T 1 wordList 
HERest  ML Updating: Transitions Means Variances MixWeights 

 System is PLAIN
28 Logical/28 Physical Models Loaded, VecSize=16
1 MMF input files
Pruning-Off
 Processing Data: Naoki.a_n_d.1589.htk; Label Naoki.a_n_d.1589.lab
 Utterance prob per frame = 2.520826e+01
 Processing Data: Naoki.b_i_t_e.1104.htk; Label Naoki.b_i_t_e.1104.lab
 Utterance prob per frame = 2.952704e+01
 Processing Data: Naoki.b_i_g.2098.htk; Label Naoki.b_i_g.2098.lab
 Utterance prob per frame = 2.877279e+01
 Processing Data: Naoki.b_o_o_k_s.2008.htk; Label Naoki.b_o_o_k_s.2008.lab
 Utterance prob per frame = 2.998283e+01
 Processing Data: Naoki.a_h_e_a_d.2231.htk; Label Naoki.a_h_e_a_d.2231.lab
 Utterance prob per frame = 2.689810e+01
 Processing Data: Naoki.b_o_s_s.1396.htk; Label Naoki.b_o_s_s.1396.lab
 Utterance prob per frame = 2.735171e+01
 Processing Data: Naoki.a_m.1850.htk; Label Naoki.a_m.1850.lab
 Utterance prob per frame = 3.176570e+01
 Processing Data: Naoki.a_f_t_e_r.975.htk; Label Naoki.a_f_t_e_r.975.lab
 Utterance prob per frame = 2.991803e+01
 Processing Data: Naoki.b_o_y_s.2050.htk; Label Naoki.b_o_y_s.2050.lab
 Utterance prob per frame = 3.268441e+01
 Processing Data: Naoki.b_a_n_k.1700.htk; Label Naoki.b_a_n_k.1700.lab
 Utterance prob per frame = 2.669200e+01
 Processing Data: Naoki.a_n_d.425.htk; Label Naoki.a_n_d.425.lab
 Utterance prob per frame = 2.928795e+01
 Processing Data: Naoki.a_h_e_a_d.1067.htk; Label Naoki.a_h_e_a_d.1067.lab
 Utterance prob per frame = 2.639115e+01
 Processing Data: Naoki.a_p_p_l_e.1983.htk; Label Naoki.a_p_p_l_e.1983.lab
 Utterance prob per frame = 3.198493e+01
 Processing Data: Naoki.b_i_l_l.381.htk; Label Naoki.b_i_l_l.381.lab
 Utterance prob per frame = 3.487578e+01
 Processing Data: Naoki.b_o_n_e.214.htk; Label Naoki.b_o_n_e.214.lab
 Utterance prob per frame = 3.194875e+01
 Processing Data: Naoki.a_l_l.123.htk; Label Naoki.a_l_l.123.lab
 Utterance prob per frame = 3.315393e+01
 Processing Data: Naoki.b_e_e_s.2001.htk; Label Naoki.b_e_e_s.2001.lab
 Utterance prob per frame = 3.162040e+01
 Processing Data: Naoki.a_n.1620.htk; Label Naoki.a_n.1620.lab
 Utterance prob per frame = 3.082054e+01
 Processing Data: Naoki.a_w_a_y.1807.htk; Label Naoki.a_w_a_y.1807.lab
 Utterance prob per frame = 2.517797e+01
 Processing Data: Naoki.a_r_e.1373.htk; Label Naoki.a_r_e.1373.lab
 Utterance prob per frame = 3.090124e+01
 Processing Data: Naoki.b_o_n_e.1378.htk; Label Naoki.b_o_n_e.1378.lab
 Utterance prob per frame = 3.118124e+01
 Processing Data: Naoki.b_e_e_r.2243.htk; Label Naoki.b_e_e_r.2243.lab
 Utterance prob per frame = 3.314756e+01
 Processing Data: Naoki.a_d_u_l_t.802.htk; Label Naoki.a_d_u_l_t.802.lab
 Utterance prob per frame = 2.075990e+01
 Processing Data: Naoki.a_g_a_i_n.812.htk; Label Naoki.a_g_a_i_n.812.lab
 Utterance prob per frame = 2.742868e+01
 Processing Data: Naoki.b_l_o_w.1110.htk; Label Naoki.b_l_o_w.1110.lab
 Utterance prob per frame = 2.509224e+01
 Processing Data: Naoki.b_a_r_e.1969.htk; Label Naoki.b_a_r_e.1969.lab
 Utterance prob per frame = 2.173497e+01
 Processing Data: Naoki.b_e_s_t.1540.htk; Label Naoki.b_e_s_t.1540.lab
 Utterance prob per frame = 2.588182e+01
 Processing Data: Naoki.b_i_r_t_h.697.htk; Label Naoki.b_i_r_t_h.697.lab
 Utterance prob per frame = 2.531401e+01
 Processing Data: Naoki.b_i_g.934.htk; Label Naoki.b_i_g.934.lab
 Utterance prob per frame = 3.373164e+01
 Processing Data: Naoki.b_e_e_n.2100.htk; Label Naoki.b_e_e_n.2100.lab
 Utterance prob per frame = 2.926642e+01
 Processing Data: Naoki.a_w_a_y.643.htk; Label Naoki.a_w_a_y.643.lab
 Utterance prob per frame = 2.892233e+01
 Processing Data: Naoki.b_i_l_l.1545.htk; Label Naoki.b_i_l_l.1545.lab
 Utterance prob per frame = 3.254675e+01
 Processing Data: Naoki.b_i_t_e.2268.htk; Label Naoki.b_i_t_e.2268.lab
 Utterance prob per frame = 2.624997e+01
 Processing Data: Naoki.b_e_e_s.837.htk; Label Naoki.b_e_e_s.837.lab
 Utterance prob per frame = 3.001101e+01
 Processing Data: Naoki.a_s.1985.htk; Label Naoki.a_s.1985.lab
 Utterance prob per frame = 3.748043e+01
 Processing Data: Naoki.b_i_r_d.1012.htk; Label Naoki.b_i_r_d.1012.lab
 Utterance prob per frame = 2.985413e+01
 Processing Data: Naoki.a_t_e.875.htk; Label Naoki.a_t_e.875.lab
 Utterance prob per frame = 2.929291e+01
 Processing Data: Naoki.b_o_y_s.886.htk; Label Naoki.b_o_y_s.886.lab
 Utterance prob per frame = 3.500302e+01
 Processing Data: Naoki.b_o_s_s.232.htk; Label Naoki.b_o_s_s.232.lab
 Utterance prob per frame = 3.065451e+01
 Processing Data: Naoki.b_i_k_e.1431.htk; Label Naoki.b_i_k_e.1431.lab
 Utterance prob per frame = 2.658746e+01
 Processing Data: Naoki.a_n_y.1639.htk; Label Naoki.a_n_y.1639.lab
 Utterance prob per frame = 3.062455e+01
 Processing Data: Naoki.a_t.1787.htk; Label Naoki.a_t.1787.lab
 Utterance prob per frame = 2.980191e+01
 Processing Data: Naoki.a_n_y.475.htk; Label Naoki.a_n_y.475.lab
 Utterance prob per frame = 2.736757e+01
 Processing Data: Naoki.a_s_k.2022.htk; Label Naoki.a_s_k.2022.lab
 Utterance prob per frame = 2.648840e+01
 Processing Data: Naoki.b_a_s_e_s.2081.htk; Label Naoki.b_a_s_e_s.2081.lab
 Utterance prob per frame = 2.480023e+01
 Processing Data: Naoki.b_e_a_r_s.2163.htk; Label Naoki.b_e_a_r_s.2163.lab
 Utterance prob per frame = 2.623607e+01
 Processing Data: Naoki.a_w_a_r_e.1556.htk; Label Naoki.a_w_a_r_e.1556.lab
 Utterance prob per frame = 2.627934e+01
 Processing Data: Naoki.a_s_k_e_d.2120.htk; Label Naoki.a_s_k_e_d.2120.lab
 Utterance prob per frame = 2.524906e+01
 Processing Data: Naoki.a_g_r_e_e.586.htk; Label Naoki.a_g_r_e_e.586.lab
 Utterance prob per frame = 3.035731e+01
 Processing Data: Naoki.b_a_r_e.805.htk; Label Naoki.b_a_r_e.805.lab
 Utterance prob per frame = 3.391314e+01
 Processing Data: Naoki.a_p_p_l_e.819.htk; Label Naoki.a_p_p_l_e.819.lab
 Utterance prob per frame = 2.968393e+01
 Processing Data: Naoki.a_t_e.2039.htk; Label Naoki.a_t_e.2039.lab
 Utterance prob per frame = 2.879471e+01
 Processing Data: Naoki.b_e.610.htk; Label Naoki.b_e.610.lab
 Utterance prob per frame = 3.234617e+01
 Processing Data: Naoki.b_e_e_r.1079.htk; Label Naoki.b_e_e_r.1079.lab
 Utterance prob per frame = 3.196258e+01
 Processing Data: Naoki.b_o_o_k_s.844.htk; Label Naoki.b_o_o_k_s.844.lab
 Utterance prob per frame = 2.700516e+01
 Processing Data: Naoki.a_s.821.htk; Label Naoki.a_s.821.lab
 Utterance prob per frame = 3.296043e+01
 Processing Data: Naoki.a_g_e_s.2220.htk; Label Naoki.a_g_e_s.2220.lab
 Utterance prob per frame = 2.985706e+01
 Processing Data: Naoki.b_a_n_k.536.htk; Label Naoki.b_a_n_k.536.lab
 Utterance prob per frame = 2.508639e+01
 Processing Data: Naoki.a.637.htk; Label Naoki.a.637.lab
 Utterance prob per frame = 3.370807e+01
 Processing Data: Naoki.b_i_r_t_h.1861.htk; Label Naoki.b_i_r_t_h.1861.lab
 Utterance prob per frame = 2.638542e+01
 Processing Data: Naoki.b_a_l_l.1542.htk; Label Naoki.b_a_l_l.1542.lab
 Utterance prob per frame = 3.289820e+01
 Processing Data: Naoki.a_g_a_i_n.1976.htk; Label Naoki.a_g_a_i_n.1976.lab
 Utterance prob per frame = 2.912738e+01
 Processing Data: Naoki.b_i_l_l_s.1725.htk; Label Naoki.b_i_l_l_s.1725.lab
 Utterance prob per frame = 3.563657e+01
 Processing Data: Naoki.a_w_a_r_e.392.htk; Label Naoki.a_w_a_r_e.392.lab
 Utterance prob per frame = 2.755345e+01
 Processing Data: Naoki.a_b_o_u_t.1572.htk; Label Naoki.a_b_o_u_t.1572.lab
 Utterance prob per frame = 3.036704e+01
 Processing Data: Naoki.b_a_t_h.1437.htk; Label Naoki.b_a_t_h.1437.lab
 Utterance prob per frame = 1.969196e+01
 Processing Data: Naoki.a_b_o_u_t.408.htk; Label Naoki.a_b_o_u_t.408.lab
 Utterance prob per frame = 2.827964e+01
 Processing Data: Naoki.b_l_o_w.2274.htk; Label Naoki.b_l_o_w.2274.lab
 Utterance prob per frame = 2.532364e+01
 Processing Data: Naoki.a.1801.htk; Label Naoki.a.1801.lab
 Utterance prob per frame = 3.130102e+01
 Processing Data: Naoki.b_i_t_e_s.1018.htk; Label Naoki.b_i_t_e_s.1018.lab
 Utterance prob per frame = 2.888873e+01
 Processing Data: Naoki.a_g_e_s.1056.htk; Label Naoki.a_g_e_s.1056.lab
 Utterance prob per frame = 2.914535e+01
 Processing Data: Naoki.b_a_d.1972.htk; Label Naoki.b_a_d.1972.lab
 Utterance prob per frame = 3.022807e+01
 Processing Data: Naoki.a_l_l.1287.htk; Label Naoki.a_l_l.1287.lab
 Utterance prob per frame = 3.302368e+01
 Processing Data: Naoki.b_l_u_e_s.353.htk; Label Naoki.b_l_u_e_s.353.lab
 Utterance prob per frame = 2.706812e+01
 Processing Data: Naoki.b_l_a_s_t.951.htk; Label Naoki.b_l_a_s_t.951.lab
 Utterance prob per frame = 2.553379e+01
 Processing Data: Naoki.b_a_c_k.1125.htk; Label Naoki.b_a_c_k.1125.lab
 Utterance prob per frame = 2.380512e+01
 Processing Data: Naoki.a_r_e.209.htk; Label Naoki.a_r_e.209.lab
 Utterance prob per frame = 2.904532e+01
 Processing Data: Naoki.b_a_d.808.htk; Label Naoki.b_a_d.808.lab
 Utterance prob per frame = 2.773033e+01
 Processing Data: Naoki.b_l_a_s_t.2115.htk; Label Naoki.b_l_a_s_t.2115.lab
 Utterance prob per frame = 2.768389e+01
 Processing Data: Naoki.b_l_u_e_s.1517.htk; Label Naoki.b_l_u_e_s.1517.lab
 Utterance prob per frame = 2.229608e+01
 Processing Data: Naoki.a_t.623.htk; Label Naoki.a_t.623.lab
 Utterance prob per frame = 3.078042e+01
 Processing Data: Naoki.a_s_k_e_d.956.htk; Label Naoki.a_s_k_e_d.956.lab
 Utterance prob per frame = 2.632627e+01
 Processing Data: Naoki.b_e_a_r_s.999.htk; Label Naoki.b_e_a_r_s.999.lab
 Utterance prob per frame = 2.852266e+01
 Processing Data: Naoki.b_i_k_e.267.htk; Label Naoki.b_i_k_e.267.lab
 Utterance prob per frame = 3.144857e+01
 Processing Data: Naoki.b_i_t_e_s.2182.htk; Label Naoki.b_i_t_e_s.2182.lab
 Utterance prob per frame = 2.988211e+01
 Processing Data: Naoki.a_s_k.858.htk; Label Naoki.a_s_k.858.lab
 Utterance prob per frame = 2.745444e+01
 Processing Data: Naoki.b_a_l_l.378.htk; Label Naoki.b_a_l_l.378.lab
 Utterance prob per frame = 3.474744e+01
 Processing Data: Naoki.a_d_u_l_t.1966.htk; Label Naoki.a_d_u_l_t.1966.lab
 Utterance prob per frame = 2.632523e+01
 Processing Data: Naoki.b_a_s_e_s.917.htk; Label Naoki.b_a_s_e_s.917.lab
 Utterance prob per frame = 2.958087e+01
 Processing Data: Naoki.a_f_t_e_r.2139.htk; Label Naoki.a_f_t_e_r.2139.lab
 Utterance prob per frame = 2.771182e+01
 WARNING [-2331]  UpdateModels: c[3] copied: only 1 egs
 in HERest
 WARNING [-2331]  UpdateModels: f[6] copied: only 2 egs
 in HERest
 WARNING [-2331]  UpdateModels: j[10] copied: only 0 egs
 in HERest
 WARNING [-2331]  UpdateModels: m[13] copied: only 1 egs
 in HERest
 WARNING [-2331]  UpdateModels: q[17] copied: only 0 egs
 in HERest
 WARNING [-2331]  UpdateModels: v[22] copied: only 0 egs
 in HERest
 WARNING [-2331]  UpdateModels: x[24] copied: only 0 egs
 in HERest
 WARNING [-2331]  UpdateModels: z[26] copied: only 0 egs
 in HERest
Total 156 floored variance elements in 17 different mixes
Saving hmm's to dir models/hmm40
Reestimation complete - average log prob per frame = 2.896483e+01
     - total frames seen          = 1.857700e+04
HERest -A -c 500.0 -v 0.0005 -A -H models/hmm40/newMacros -I all_labels.mlf -M models/hmm41 -S lists/train.data -T 1 wordList 
HERest -A -c 500.0 -v 0.0005 -A -H models/hmm40/newMacros -I all_labels.mlf -M models/hmm41 -S lists/train.data -T 1 wordList 
HERest  ML Updating: Transitions Means Variances MixWeights 

 System is PLAIN
28 Logical/28 Physical Models Loaded, VecSize=16
1 MMF input files
Pruning-Off
 Processing Data: Naoki.a_n_d.1589.htk; Label Naoki.a_n_d.1589.lab
 Utterance prob per frame = 2.522711e+01
 Processing Data: Naoki.b_i_t_e.1104.htk; Label Naoki.b_i_t_e.1104.lab
 Utterance prob per frame = 2.953996e+01
 Processing Data: Naoki.b_i_g.2098.htk; Label Naoki.b_i_g.2098.lab
 Utterance prob per frame = 2.876520e+01
 Processing Data: Naoki.b_o_o_k_s.2008.htk; Label Naoki.b_o_o_k_s.2008.lab
 Utterance prob per frame = 3.004573e+01
 Processing Data: Naoki.a_h_e_a_d.2231.htk; Label Naoki.a_h_e_a_d.2231.lab
 Utterance prob per frame = 2.690047e+01
 Processing Data: Naoki.b_o_s_s.1396.htk; Label Naoki.b_o_s_s.1396.lab
 Utterance prob per frame = 2.732625e+01
 Processing Data: Naoki.a_m.1850.htk; Label Naoki.a_m.1850.lab
 Utterance prob per frame = 3.180557e+01
 Processing Data: Naoki.a_f_t_e_r.975.htk; Label Naoki.a_f_t_e_r.975.lab
 Utterance prob per frame = 2.986364e+01
 Processing Data: Naoki.b_o_y_s.2050.htk; Label Naoki.b_o_y_s.2050.lab
 Utterance prob per frame = 3.266267e+01
 Processing Data: Naoki.b_a_n_k.1700.htk; Label Naoki.b_a_n_k.1700.lab
 Utterance prob per frame = 2.668478e+01
 Processing Data: Naoki.a_n_d.425.htk; Label Naoki.a_n_d.425.lab
 Utterance prob per frame = 2.931060e+01
 Processing Data: Naoki.a_h_e_a_d.1067.htk; Label Naoki.a_h_e_a_d.1067.lab
 Utterance prob per frame = 2.639340e+01
 Processing Data: Naoki.a_p_p_l_e.1983.htk; Label Naoki.a_p_p_l_e.1983.lab
 Utterance prob per frame = 3.199138e+01
 Processing Data: Naoki.b_i_l_l.381.htk; Label Naoki.b_i_l_l.381.lab
 Utterance prob per frame = 3.488676e+01
 Processing Data: Naoki.b_o_n_e.214.htk; Label Naoki.b_o_n_e.214.lab
 Utterance prob per frame = 3.199501e+01
 Processing Data: Naoki.a_l_l.123.htk; Label Naoki.a_l_l.123.lab
 Utterance prob per frame = 3.316342e+01
 Processing Data: Naoki.b_e_e_s.2001.htk; Label Naoki.b_e_e_s.2001.lab
 Utterance prob per frame = 3.163472e+01
 Processing Data: Naoki.a_n.1620.htk; Label Naoki.a_n.1620.lab
 Utterance prob per frame = 3.081575e+01
 Processing Data: Naoki.a_w_a_y.1807.htk; Label Naoki.a_w_a_y.1807.lab
 Utterance prob per frame = 2.519237e+01
 Processing Data: Naoki.a_r_e.1373.htk; Label Naoki.a_r_e.1373.lab
 Utterance prob per frame = 3.094143e+01
 Processing Data: Naoki.b_o_n_e.1378.htk; Label Naoki.b_o_n_e.1378.lab
 Utterance prob per frame = 3.123975e+01
 Processing Data: Naoki.b_e_e_r.2243.htk; Label Naoki.b_e_e_r.2243.lab
 Utterance prob per frame = 3.310016e+01
 Processing Data: Naoki.a_d_u_l_t.802.htk; Label Naoki.a_d_u_l_t.802.lab
 Utterance prob per frame = 2.074678e+01
 Processing Data: Naoki.a_g_a_i_n.812.htk; Label Naoki.a_g_a_i_n.812.lab
 Utterance prob per frame = 2.739881e+01
 Processing Data: Naoki.b_l_o_w.1110.htk; Label Naoki.b_l_o_w.1110.lab
 Utterance prob per frame = 2.510290e+01
 Processing Data: Naoki.b_a_r_e.1969.htk; Label Naoki.b_a_r_e.1969.lab
 Utterance prob per frame = 2.176241e+01
 Processing Data: Naoki.b_e_s_t.1540.htk; Label Naoki.b_e_s_t.1540.lab
 Utterance prob per frame = 2.586672e+01
 Processing Data: Naoki.b_i_r_t_h.697.htk; Label Naoki.b_i_r_t_h.697.lab
 Utterance prob per frame = 2.542814e+01
 Processing Data: Naoki.b_i_g.934.htk; Label Naoki.b_i_g.934.lab
 Utterance prob per frame = 3.372594e+01
 Processing Data: Naoki.b_e_e_n.2100.htk; Label Naoki.b_e_e_n.2100.lab
 Utterance prob per frame = 2.926222e+01
 Processing Data: Naoki.a_w_a_y.643.htk; Label Naoki.a_w_a_y.643.lab
 Utterance prob per frame = 2.891490e+01
 Processing Data: Naoki.b_i_l_l.1545.htk; Label Naoki.b_i_l_l.1545.lab
 Utterance prob per frame = 3.251212e+01
 Processing Data: Naoki.b_i_t_e.2268.htk; Label Naoki.b_i_t_e.2268.lab
 Utterance prob per frame = 2.624919e+01
 Processing Data: Naoki.b_e_e_s.837.htk; Label Naoki.b_e_e_s.837.lab
 Utterance prob per frame = 3.000347e+01
 Processing Data: Naoki.a_s.1985.htk; Label Naoki.a_s.1985.lab
 Utterance prob per frame = 3.749682e+01
 Processing Data: Naoki.b_i_r_d.1012.htk; Label Naoki.b_i_r_d.1012.lab
 Utterance prob per frame = 2.985456e+01
 Processing Data: Naoki.a_t_e.875.htk; Label Naoki.a_t_e.875.lab
 Utterance prob per frame = 2.930819e+01
 Processing Data: Naoki.b_o_y_s.886.htk; Label Naoki.b_o_y_s.886.lab
 Utterance prob per frame = 3.502820e+01
 Processing Data: Naoki.b_o_s_s.232.htk; Label Naoki.b_o_s_s.232.lab
 Utterance prob per frame = 3.090859e+01
 Processing Data: Naoki.b_i_k_e.1431.htk; Label Naoki.b_i_k_e.1431.lab
 Utterance prob per frame = 2.659282e+01
 Processing Data: Naoki.a_n_y.1639.htk; Label Naoki.a_n_y.1639.lab
 Utterance prob per frame = 3.062024e+01
 Processing Data: Naoki.a_t.1787.htk; Label Naoki.a_t.1787.lab
 Utterance prob per frame = 2.984245e+01
 Processing Data: Naoki.a_n_y.475.htk; Label Naoki.a_n_y.475.lab
 Utterance prob per frame = 2.735898e+01
 Processing Data: Naoki.a_s_k.2022.htk; Label Naoki.a_s_k.2022.lab
 Utterance prob per frame = 2.650311e+01
 Processing Data: Naoki.b_a_s_e_s.2081.htk; Label Naoki.b_a_s_e_s.2081.lab
 Utterance prob per frame = 2.479311e+01
 Processing Data: Naoki.b_e_a_r_s.2163.htk; Label Naoki.b_e_a_r_s.2163.lab
 Utterance prob per frame = 2.631387e+01
 Processing Data: Naoki.a_w_a_r_e.1556.htk; Label Naoki.a_w_a_r_e.1556.lab
 Utterance prob per frame = 2.632323e+01
 Processing Data: Naoki.a_s_k_e_d.2120.htk; Label Naoki.a_s_k_e_d.2120.lab
 Utterance prob per frame = 2.525667e+01
 Processing Data: Naoki.a_g_r_e_e.586.htk; Label Naoki.a_g_r_e_e.586.lab
 Utterance prob per frame = 3.039127e+01
 Processing Data: Naoki.b_a_r_e.805.htk; Label Naoki.b_a_r_e.805.lab
 Utterance prob per frame = 3.390876e+01
 Processing Data: Naoki.a_p_p_l_e.819.htk; Label Naoki.a_p_p_l_e.819.lab
 Utterance prob per frame = 2.970193e+01
 Processing Data: Naoki.a_t_e.2039.htk; Label Naoki.a_t_e.2039.lab
 Utterance prob per frame = 2.881804e+01
 Processing Data: Naoki.b_e.610.htk; Label Naoki.b_e.610.lab
 Utterance prob per frame = 3.234435e+01
 Processing Data: Naoki.b_e_e_r.1079.htk; Label Naoki.b_e_e_r.1079.lab
 Utterance prob per frame = 3.190939e+01
 Processing Data: Naoki.b_o_o_k_s.844.htk; Label Naoki.b_o_o_k_s.844.lab
 Utterance prob per frame = 2.725211e+01
 Processing Data: Naoki.a_s.821.htk; Label Naoki.a_s.821.lab
 Utterance prob per frame = 3.296553e+01
 Processing Data: Naoki.a_g_e_s.2220.htk; Label Naoki.a_g_e_s.2220.lab
 Utterance prob per frame = 2.986330e+01
 Processing Data: Naoki.b_a_n_k.536.htk; Label Naoki.b_a_n_k.536.lab
 Utterance prob per frame = 2.511675e+01
 Processing Data: Naoki.a.637.htk; Label Naoki.a.637.lab
 Utterance prob per frame = 3.374934e+01
 Processing Data: Naoki.b_i_r_t_h.1861.htk; Label Naoki.b_i_r_t_h.1861.lab
 Utterance prob per frame = 2.640046e+01
 Processing Data: Naoki.b_a_l_l.1542.htk; Label Naoki.b_a_l_l.1542.lab
 Utterance prob per frame = 3.288546e+01
 Processing Data: Naoki.a_g_a_i_n.1976.htk; Label Naoki.a_g_a_i_n.1976.lab
 Utterance prob per frame = 2.911866e+01
 Processing Data: Naoki.b_i_l_l_s.1725.htk; Label Naoki.b_i_l_l_s.1725.lab
 Utterance prob per frame = 3.564307e+01
 Processing Data: Naoki.a_w_a_r_e.392.htk; Label Naoki.a_w_a_r_e.392.lab
 Utterance prob per frame = 2.755664e+01
 Processing Data: Naoki.a_b_o_u_t.1572.htk; Label Naoki.a_b_o_u_t.1572.lab
 Utterance prob per frame = 3.036769e+01
 Processing Data: Naoki.b_a_t_h.1437.htk; Label Naoki.b_a_t_h.1437.lab
 Utterance prob per frame = 1.969426e+01
 Processing Data: Naoki.a_b_o_u_t.408.htk; Label Naoki.a_b_o_u_t.408.lab
 Utterance prob per frame = 2.831862e+01
 Processing Data: Naoki.b_l_o_w.2274.htk; Label Naoki.b_l_o_w.2274.lab
 Utterance prob per frame = 2.532336e+01
 Processing Data: Naoki.a.1801.htk; Label Naoki.a.1801.lab
 Utterance prob per frame = 3.128700e+01
 Processing Data: Naoki.b_i_t_e_s.1018.htk; Label Naoki.b_i_t_e_s.1018.lab
 Utterance prob per frame = 2.889140e+01
 Processing Data: Naoki.a_g_e_s.1056.htk; Label Naoki.a_g_e_s.1056.lab
 Utterance prob per frame = 2.917570e+01
 Processing Data: Naoki.b_a_d.1972.htk; Label Naoki.b_a_d.1972.lab
 Utterance prob per frame = 3.022164e+01
 Processing Data: Naoki.a_l_l.1287.htk; Label Naoki.a_l_l.1287.lab
 Utterance prob per frame = 3.305558e+01
 Processing Data: Naoki.b_l_u_e_s.353.htk; Label Naoki.b_l_u_e_s.353.lab
 Utterance prob per frame = 2.708501e+01
 Processing Data: Naoki.b_l_a_s_t.951.htk; Label Naoki.b_l_a_s_t.951.lab
 Utterance prob per frame = 2.554634e+01
 Processing Data: Naoki.b_a_c_k.1125.htk; Label Naoki.b_a_c_k.1125.lab
 Utterance prob per frame = 2.380231e+01
 Processing Data: Naoki.a_r_e.209.htk; Label Naoki.a_r_e.209.lab
 Utterance prob per frame = 2.905820e+01
 Processing Data: Naoki.b_a_d.808.htk; Label Naoki.b_a_d.808.lab
 Utterance prob per frame = 2.772437e+01
 Processing Data: Naoki.b_l_a_s_t.2115.htk; Label Naoki.b_l_a_s_t.2115.lab
 Utterance prob per frame = 2.766180e+01
 Processing Data: Naoki.b_l_u_e_s.1517.htk; Label Naoki.b_l_u_e_s.1517.lab
 Utterance prob per frame = 2.229170e+01
 Processing Data: Naoki.a_t.623.htk; Label Naoki.a_t.623.lab
 Utterance prob per frame = 3.081363e+01
 Processing Data: Naoki.a_s_k_e_d.956.htk; Label Naoki.a_s_k_e_d.956.lab
 Utterance prob per frame = 2.633825e+01
 Processing Data: Naoki.b_e_a_r_s.999.htk; Label Naoki.b_e_a_r_s.999.lab
 Utterance prob per frame = 2.849583e+01
 Processing Data: Naoki.b_i_k_e.267.htk; Label Naoki.b_i_k_e.267.lab
 Utterance prob per frame = 3.146471e+01
 Processing Data: Naoki.b_i_t_e_s.2182.htk; Label Naoki.b_i_t_e_s.2182.lab
 Utterance prob per frame = 2.989251e+01
 Processing Data: Naoki.a_s_k.858.htk; Label Naoki.a_s_k.858.lab
 Utterance prob per frame = 2.746710e+01
 Processing Data: Naoki.b_a_l_l.378.htk; Label Naoki.b_a_l_l.378.lab
 Utterance prob per frame = 3.474109e+01
 Processing Data: Naoki.a_d_u_l_t.1966.htk; Label Naoki.a_d_u_l_t.1966.lab
 Utterance prob per frame = 2.632540e+01
 Processing Data: Naoki.b_a_s_e_s.917.htk; Label Naoki.b_a_s_e_s.917.lab
 Utterance prob per frame = 2.959968e+01
 Processing Data: Naoki.a_f_t_e_r.2139.htk; Label Naoki.a_f_t_e_r.2139.lab
 Utterance prob per frame = 2.769192e+01
 WARNING [-2331]  UpdateModels: c[3] copied: only 1 egs
 in HERest
 WARNING [-2331]  UpdateModels: f[6] copied: only 2 egs
 in HERest
 WARNING [-2331]  UpdateModels: j[10] copied: only 0 egs
 in HERest
 WARNING [-2331]  UpdateModels: m[13] copied: only 1 egs
 in HERest
 WARNING [-2331]  UpdateModels: q[17] copied: only 0 egs
 in HERest
 WARNING [-2331]  UpdateModels: v[22] copied: only 0 egs
 in HERest
 WARNING [-2331]  UpdateModels: x[24] copied: only 0 egs
 in HERest
 WARNING [-2331]  UpdateModels: z[26] copied: only 0 egs
 in HERest
Total 157 floored variance elements in 17 different mixes
Saving hmm's to dir models/hmm41
Reestimation complete - average log prob per frame = 2.897874e+01
     - total frames seen          = 1.857700e+04
HERest -A -c 500.0 -v 0.0005 -A -H models/hmm41/newMacros -I all_labels.mlf -M models/hmm42 -S lists/train.data -T 1 wordList 
HERest -A -c 500.0 -v 0.0005 -A -H models/hmm41/newMacros -I all_labels.mlf -M models/hmm42 -S lists/train.data -T 1 wordList 
HERest  ML Updating: Transitions Means Variances MixWeights 

 System is PLAIN
28 Logical/28 Physical Models Loaded, VecSize=16
1 MMF input files
Pruning-Off
 Processing Data: Naoki.a_n_d.1589.htk; Label Naoki.a_n_d.1589.lab
 Utterance prob per frame = 2.524265e+01
 Processing Data: Naoki.b_i_t_e.1104.htk; Label Naoki.b_i_t_e.1104.lab
 Utterance prob per frame = 2.954478e+01
 Processing Data: Naoki.b_i_g.2098.htk; Label Naoki.b_i_g.2098.lab
 Utterance prob per frame = 2.876331e+01
 Processing Data: Naoki.b_o_o_k_s.2008.htk; Label Naoki.b_o_o_k_s.2008.lab
 Utterance prob per frame = 3.012413e+01
 Processing Data: Naoki.a_h_e_a_d.2231.htk; Label Naoki.a_h_e_a_d.2231.lab
 Utterance prob per frame = 2.690205e+01
 Processing Data: Naoki.b_o_s_s.1396.htk; Label Naoki.b_o_s_s.1396.lab
 Utterance prob per frame = 2.733462e+01
 Processing Data: Naoki.a_m.1850.htk; Label Naoki.a_m.1850.lab
 Utterance prob per frame = 3.182624e+01
 Processing Data: Naoki.a_f_t_e_r.975.htk; Label Naoki.a_f_t_e_r.975.lab
 Utterance prob per frame = 2.983282e+01
 Processing Data: Naoki.b_o_y_s.2050.htk; Label Naoki.b_o_y_s.2050.lab
 Utterance prob per frame = 3.259999e+01
 Processing Data: Naoki.b_a_n_k.1700.htk; Label Naoki.b_a_n_k.1700.lab
 Utterance prob per frame = 2.669478e+01
 Processing Data: Naoki.a_n_d.425.htk; Label Naoki.a_n_d.425.lab
 Utterance prob per frame = 2.932822e+01
 Processing Data: Naoki.a_h_e_a_d.1067.htk; Label Naoki.a_h_e_a_d.1067.lab
 Utterance prob per frame = 2.639291e+01
 Processing Data: Naoki.a_p_p_l_e.1983.htk; Label Naoki.a_p_p_l_e.1983.lab
 Utterance prob per frame = 3.200078e+01
 Processing Data: Naoki.b_i_l_l.381.htk; Label Naoki.b_i_l_l.381.lab
 Utterance prob per frame = 3.488537e+01
 Processing Data: Naoki.b_o_n_e.214.htk; Label Naoki.b_o_n_e.214.lab
 Utterance prob per frame = 3.197683e+01
 Processing Data: Naoki.a_l_l.123.htk; Label Naoki.a_l_l.123.lab
 Utterance prob per frame = 3.316091e+01
 Processing Data: Naoki.b_e_e_s.2001.htk; Label Naoki.b_e_e_s.2001.lab
 Utterance prob per frame = 3.163597e+01
 Processing Data: Naoki.a_n.1620.htk; Label Naoki.a_n.1620.lab
 Utterance prob per frame = 3.081081e+01
 Processing Data: Naoki.a_w_a_y.1807.htk; Label Naoki.a_w_a_y.1807.lab
 Utterance prob per frame = 2.522337e+01
 Processing Data: Naoki.a_r_e.1373.htk; Label Naoki.a_r_e.1373.lab
 Utterance prob per frame = 3.095776e+01
 Processing Data: Naoki.b_o_n_e.1378.htk; Label Naoki.b_o_n_e.1378.lab
 Utterance prob per frame = 3.127420e+01
 Processing Data: Naoki.b_e_e_r.2243.htk; Label Naoki.b_e_e_r.2243.lab
 Utterance prob per frame = 3.307616e+01
 Processing Data: Naoki.a_d_u_l_t.802.htk; Label Naoki.a_d_u_l_t.802.lab
 Utterance prob per frame = 2.073863e+01
 Processing Data: Naoki.a_g_a_i_n.812.htk; Label Naoki.a_g_a_i_n.812.lab
 Utterance prob per frame = 2.737509e+01
 Processing Data: Naoki.b_l_o_w.1110.htk; Label Naoki.b_l_o_w.1110.lab
 Utterance prob per frame = 2.506043e+01
 Processing Data: Naoki.b_a_r_e.1969.htk; Label Naoki.b_a_r_e.1969.lab
 Utterance prob per frame = 2.176969e+01
 Processing Data: Naoki.b_e_s_t.1540.htk; Label Naoki.b_e_s_t.1540.lab
 Utterance prob per frame = 2.585780e+01
 Processing Data: Naoki.b_i_r_t_h.697.htk; Label Naoki.b_i_r_t_h.697.lab
 Utterance prob per frame = 2.547911e+01
 Processing Data: Naoki.b_i_g.934.htk; Label Naoki.b_i_g.934.lab
 Utterance prob per frame = 3.372113e+01
 Processing Data: Naoki.b_e_e_n.2100.htk; Label Naoki.b_e_e_n.2100.lab
 Utterance prob per frame = 2.926245e+01
 Processing Data: Naoki.a_w_a_y.643.htk; Label Naoki.a_w_a_y.643.lab
 Utterance prob per frame = 2.889358e+01
 Processing Data: Naoki.b_i_l_l.1545.htk; Label Naoki.b_i_l_l.1545.lab
 Utterance prob per frame = 3.249015e+01
 Processing Data: Naoki.b_i_t_e.2268.htk; Label Naoki.b_i_t_e.2268.lab
 Utterance prob per frame = 2.624882e+01
 Processing Data: Naoki.b_e_e_s.837.htk; Label Naoki.b_e_e_s.837.lab
 Utterance prob per frame = 3.000275e+01
 Processing Data: Naoki.a_s.1985.htk; Label Naoki.a_s.1985.lab
 Utterance prob per frame = 3.750498e+01
 Processing Data: Naoki.b_i_r_d.1012.htk; Label Naoki.b_i_r_d.1012.lab
 Utterance prob per frame = 2.984806e+01
 Processing Data: Naoki.a_t_e.875.htk; Label Naoki.a_t_e.875.lab
 Utterance prob per frame = 2.931821e+01
 Processing Data: Naoki.b_o_y_s.886.htk; Label Naoki.b_o_y_s.886.lab
 Utterance prob per frame = 3.502375e+01
 Processing Data: Naoki.b_o_s_s.232.htk; Label Naoki.b_o_s_s.232.lab
 Utterance prob per frame = 3.102092e+01
 Processing Data: Naoki.b_i_k_e.1431.htk; Label Naoki.b_i_k_e.1431.lab
 Utterance prob per frame = 2.667168e+01
 Processing Data: Naoki.a_n_y.1639.htk; Label Naoki.a_n_y.1639.lab
 Utterance prob per frame = 3.062029e+01
 Processing Data: Naoki.a_t.1787.htk; Label Naoki.a_t.1787.lab
 Utterance prob per frame = 2.986499e+01
 Processing Data: Naoki.a_n_y.475.htk; Label Naoki.a_n_y.475.lab
 Utterance prob per frame = 2.734741e+01
 Processing Data: Naoki.a_s_k.2022.htk; Label Naoki.a_s_k.2022.lab
 Utterance prob per frame = 2.649931e+01
 Processing Data: Naoki.b_a_s_e_s.2081.htk; Label Naoki.b_a_s_e_s.2081.lab
 Utterance prob per frame = 2.479731e+01
 Processing Data: Naoki.b_e_a_r_s.2163.htk; Label Naoki.b_e_a_r_s.2163.lab
 Utterance prob per frame = 2.634547e+01
 Processing Data: Naoki.a_w_a_r_e.1556.htk; Label Naoki.a_w_a_r_e.1556.lab
 Utterance prob per frame = 2.636600e+01
 Processing Data: Naoki.a_s_k_e_d.2120.htk; Label Naoki.a_s_k_e_d.2120.lab
 Utterance prob per frame = 2.530304e+01
 Processing Data: Naoki.a_g_r_e_e.586.htk; Label Naoki.a_g_r_e_e.586.lab
 Utterance prob per frame = 3.040377e+01
 Processing Data: Naoki.b_a_r_e.805.htk; Label Naoki.b_a_r_e.805.lab
 Utterance prob per frame = 3.390248e+01
 Processing Data: Naoki.a_p_p_l_e.819.htk; Label Naoki.a_p_p_l_e.819.lab
 Utterance prob per frame = 2.971973e+01
 Processing Data: Naoki.a_t_e.2039.htk; Label Naoki.a_t_e.2039.lab
 Utterance prob per frame = 2.883060e+01
 Processing Data: Naoki.b_e.610.htk; Label Naoki.b_e.610.lab
 Utterance prob per frame = 3.234898e+01
 Processing Data: Naoki.b_e_e_r.1079.htk; Label Naoki.b_e_e_r.1079.lab
 Utterance prob per frame = 3.188824e+01
 Processing Data: Naoki.b_o_o_k_s.844.htk; Label Naoki.b_o_o_k_s.844.lab
 Utterance prob per frame = 2.797604e+01
 Processing Data: Naoki.a_s.821.htk; Label Naoki.a_s.821.lab
 Utterance prob per frame = 3.297264e+01
 Processing Data: Naoki.a_g_e_s.2220.htk; Label Naoki.a_g_e_s.2220.lab
 Utterance prob per frame = 2.986748e+01
 Processing Data: Naoki.b_a_n_k.536.htk; Label Naoki.b_a_n_k.536.lab
 Utterance prob per frame = 2.512089e+01
 Processing Data: Naoki.a.637.htk; Label Naoki.a.637.lab
 Utterance prob per frame = 3.376809e+01
 Processing Data: Naoki.b_i_r_t_h.1861.htk; Label Naoki.b_i_r_t_h.1861.lab
 Utterance prob per frame = 2.640816e+01
 Processing Data: Naoki.b_a_l_l.1542.htk; Label Naoki.b_a_l_l.1542.lab
 Utterance prob per frame = 3.287126e+01
 Processing Data: Naoki.a_g_a_i_n.1976.htk; Label Naoki.a_g_a_i_n.1976.lab
 Utterance prob per frame = 2.911360e+01
 Processing Data: Naoki.b_i_l_l_s.1725.htk; Label Naoki.b_i_l_l_s.1725.lab
 Utterance prob per frame = 3.564061e+01
 Processing Data: Naoki.a_w_a_r_e.392.htk; Label Naoki.a_w_a_r_e.392.lab
 Utterance prob per frame = 2.758576e+01
 Processing Data: Naoki.a_b_o_u_t.1572.htk; Label Naoki.a_b_o_u_t.1572.lab
 Utterance prob per frame = 3.035610e+01
 Processing Data: Naoki.b_a_t_h.1437.htk; Label Naoki.b_a_t_h.1437.lab
 Utterance prob per frame = 1.969592e+01
 Processing Data: Naoki.a_b_o_u_t.408.htk; Label Naoki.a_b_o_u_t.408.lab
 Utterance prob per frame = 2.832883e+01
 Processing Data: Naoki.b_l_o_w.2274.htk; Label Naoki.b_l_o_w.2274.lab
 Utterance prob per frame = 2.525734e+01
 Processing Data: Naoki.a.1801.htk; Label Naoki.a.1801.lab
 Utterance prob per frame = 3.126061e+01
 Processing Data: Naoki.b_i_t_e_s.1018.htk; Label Naoki.b_i_t_e_s.1018.lab
 Utterance prob per frame = 2.889546e+01
 Processing Data: Naoki.a_g_e_s.1056.htk; Label Naoki.a_g_e_s.1056.lab
 Utterance prob per frame = 2.919079e+01
 Processing Data: Naoki.b_a_d.1972.htk; Label Naoki.b_a_d.1972.lab
 Utterance prob per frame = 3.022300e+01
 Processing Data: Naoki.a_l_l.1287.htk; Label Naoki.a_l_l.1287.lab
 Utterance prob per frame = 3.306914e+01
 Processing Data: Naoki.b_l_u_e_s.353.htk; Label Naoki.b_l_u_e_s.353.lab
 Utterance prob per frame = 2.708634e+01
 Processing Data: Naoki.b_l_a_s_t.951.htk; Label Naoki.b_l_a_s_t.951.lab
 Utterance prob per frame = 2.554388e+01
 Processing Data: Naoki.b_a_c_k.1125.htk; Label Naoki.b_a_c_k.1125.lab
 Utterance prob per frame = 2.376151e+01
 Processing Data: Naoki.a_r_e.209.htk; Label Naoki.a_r_e.209.lab
 Utterance prob per frame = 2.906807e+01
 Processing Data: Naoki.b_a_d.808.htk; Label Naoki.b_a_d.808.lab
 Utterance prob per frame = 2.773058e+01
 Processing Data: Naoki.b_l_a_s_t.2115.htk; Label Naoki.b_l_a_s_t.2115.lab
 Utterance prob per frame = 2.764764e+01
 Processing Data: Naoki.b_l_u_e_s.1517.htk; Label Naoki.b_l_u_e_s.1517.lab
 Utterance prob per frame = 2.229032e+01
 Processing Data: Naoki.a_t.623.htk; Label Naoki.a_t.623.lab
 Utterance prob per frame = 3.083373e+01
 Processing Data: Naoki.a_s_k_e_d.956.htk; Label Naoki.a_s_k_e_d.956.lab
 Utterance prob per frame = 2.640301e+01
 Processing Data: Naoki.b_e_a_r_s.999.htk; Label Naoki.b_e_a_r_s.999.lab
 Utterance prob per frame = 2.847771e+01
 Processing Data: Naoki.b_i_k_e.267.htk; Label Naoki.b_i_k_e.267.lab
 Utterance prob per frame = 3.151062e+01
 Processing Data: Naoki.b_i_t_e_s.2182.htk; Label Naoki.b_i_t_e_s.2182.lab
 Utterance prob per frame = 2.989379e+01
 Processing Data: Naoki.a_s_k.858.htk; Label Naoki.a_s_k.858.lab
 Utterance prob per frame = 2.746322e+01
 Processing Data: Naoki.b_a_l_l.378.htk; Label Naoki.b_a_l_l.378.lab
 Utterance prob per frame = 3.473837e+01
 Processing Data: Naoki.a_d_u_l_t.1966.htk; Label Naoki.a_d_u_l_t.1966.lab
 Utterance prob per frame = 2.633096e+01
 Processing Data: Naoki.b_a_s_e_s.917.htk; Label Naoki.b_a_s_e_s.917.lab
 Utterance prob per frame = 2.960489e+01
 Processing Data: Naoki.a_f_t_e_r.2139.htk; Label Naoki.a_f_t_e_r.2139.lab
 Utterance prob per frame = 2.768171e+01
 WARNING [-2331]  UpdateModels: c[3] copied: only 1 egs
 in HERest
 WARNING [-2331]  UpdateModels: f[6] copied: only 2 egs
 in HERest
 WARNING [-2331]  UpdateModels: j[10] copied: only 0 egs
 in HERest
 WARNING [-2331]  UpdateModels: m[13] copied: only 1 egs
 in HERest
 WARNING [-2331]  UpdateModels: q[17] copied: only 0 egs
 in HERest
 WARNING [-2331]  UpdateModels: v[22] copied: only 0 egs
 in HERest
 WARNING [-2331]  UpdateModels: x[24] copied: only 0 egs
 in HERest
 WARNING [-2331]  UpdateModels: z[26] copied: only 0 egs
 in HERest
Total 157 floored variance elements in 17 different mixes
Saving hmm's to dir models/hmm42
Reestimation complete - average log prob per frame = 2.899341e+01
     - total frames seen          = 1.857700e+04
HERest -A -c 500.0 -v 0.0005 -A -H models/hmm42/newMacros -I all_labels.mlf -M models/hmm43 -S lists/train.data -T 1 wordList 
HERest -A -c 500.0 -v 0.0005 -A -H models/hmm42/newMacros -I all_labels.mlf -M models/hmm43 -S lists/train.data -T 1 wordList 
HERest  ML Updating: Transitions Means Variances MixWeights 

 System is PLAIN
28 Logical/28 Physical Models Loaded, VecSize=16
1 MMF input files
Pruning-Off
 Processing Data: Naoki.a_n_d.1589.htk; Label Naoki.a_n_d.1589.lab
 Utterance prob per frame = 2.524566e+01
 Processing Data: Naoki.b_i_t_e.1104.htk; Label Naoki.b_i_t_e.1104.lab
 Utterance prob per frame = 2.954785e+01
 Processing Data: Naoki.b_i_g.2098.htk; Label Naoki.b_i_g.2098.lab
 Utterance prob per frame = 2.876195e+01
 Processing Data: Naoki.b_o_o_k_s.2008.htk; Label Naoki.b_o_o_k_s.2008.lab
 Utterance prob per frame = 3.013427e+01
 Processing Data: Naoki.a_h_e_a_d.2231.htk; Label Naoki.a_h_e_a_d.2231.lab
 Utterance prob per frame = 2.690328e+01
 Processing Data: Naoki.b_o_s_s.1396.htk; Label Naoki.b_o_s_s.1396.lab
 Utterance prob per frame = 2.738032e+01
 Processing Data: Naoki.a_m.1850.htk; Label Naoki.a_m.1850.lab
 Utterance prob per frame = 3.184052e+01
 Processing Data: Naoki.a_f_t_e_r.975.htk; Label Naoki.a_f_t_e_r.975.lab
 Utterance prob per frame = 2.982111e+01
 Processing Data: Naoki.b_o_y_s.2050.htk; Label Naoki.b_o_y_s.2050.lab
 Utterance prob per frame = 3.257216e+01
 Processing Data: Naoki.b_a_n_k.1700.htk; Label Naoki.b_a_n_k.1700.lab
 Utterance prob per frame = 2.669369e+01
 Processing Data: Naoki.a_n_d.425.htk; Label Naoki.a_n_d.425.lab
 Utterance prob per frame = 2.933387e+01
 Processing Data: Naoki.a_h_e_a_d.1067.htk; Label Naoki.a_h_e_a_d.1067.lab
 Utterance prob per frame = 2.639253e+01
 Processing Data: Naoki.a_p_p_l_e.1983.htk; Label Naoki.a_p_p_l_e.1983.lab
 Utterance prob per frame = 3.200708e+01
 Processing Data: Naoki.b_i_l_l.381.htk; Label Naoki.b_i_l_l.381.lab
 Utterance prob per frame = 3.488168e+01
 Processing Data: Naoki.b_o_n_e.214.htk; Label Naoki.b_o_n_e.214.lab
 Utterance prob per frame = 3.196293e+01
 Processing Data: Naoki.a_l_l.123.htk; Label Naoki.a_l_l.123.lab
 Utterance prob per frame = 3.315999e+01
 Processing Data: Naoki.b_e_e_s.2001.htk; Label Naoki.b_e_e_s.2001.lab
 Utterance prob per frame = 3.163704e+01
 Processing Data: Naoki.a_n.1620.htk; Label Naoki.a_n.1620.lab
 Utterance prob per frame = 3.080633e+01
 Processing Data: Naoki.a_w_a_y.1807.htk; Label Naoki.a_w_a_y.1807.lab
 Utterance prob per frame = 2.523002e+01
 Processing Data: Naoki.a_r_e.1373.htk; Label Naoki.a_r_e.1373.lab
 Utterance prob per frame = 3.096391e+01
 Processing Data: Naoki.b_o_n_e.1378.htk; Label Naoki.b_o_n_e.1378.lab
 Utterance prob per frame = 3.129585e+01
 Processing Data: Naoki.b_e_e_r.2243.htk; Label Naoki.b_e_e_r.2243.lab
 Utterance prob per frame = 3.307094e+01
 Processing Data: Naoki.a_d_u_l_t.802.htk; Label Naoki.a_d_u_l_t.802.lab
 Utterance prob per frame = 2.073533e+01
 Processing Data: Naoki.a_g_a_i_n.812.htk; Label Naoki.a_g_a_i_n.812.lab
 Utterance prob per frame = 2.736706e+01
 Processing Data: Naoki.b_l_o_w.1110.htk; Label Naoki.b_l_o_w.1110.lab
 Utterance prob per frame = 2.515537e+01
 Processing Data: Naoki.b_a_r_e.1969.htk; Label Naoki.b_a_r_e.1969.lab
 Utterance prob per frame = 2.178428e+01
 Processing Data: Naoki.b_e_s_t.1540.htk; Label Naoki.b_e_s_t.1540.lab
 Utterance prob per frame = 2.585137e+01
 Processing Data: Naoki.b_i_r_t_h.697.htk; Label Naoki.b_i_r_t_h.697.lab
 Utterance prob per frame = 2.549366e+01
 Processing Data: Naoki.b_i_g.934.htk; Label Naoki.b_i_g.934.lab
 Utterance prob per frame = 3.371623e+01
 Processing Data: Naoki.b_e_e_n.2100.htk; Label Naoki.b_e_e_n.2100.lab
 Utterance prob per frame = 2.926185e+01
 Processing Data: Naoki.a_w_a_y.643.htk; Label Naoki.a_w_a_y.643.lab
 Utterance prob per frame = 2.889079e+01
 Processing Data: Naoki.b_i_l_l.1545.htk; Label Naoki.b_i_l_l.1545.lab
 Utterance prob per frame = 3.247716e+01
 Processing Data: Naoki.b_i_t_e.2268.htk; Label Naoki.b_i_t_e.2268.lab
 Utterance prob per frame = 2.625190e+01
 Processing Data: Naoki.b_e_e_s.837.htk; Label Naoki.b_e_e_s.837.lab
 Utterance prob per frame = 3.000404e+01
 Processing Data: Naoki.a_s.1985.htk; Label Naoki.a_s.1985.lab
 Utterance prob per frame = 3.750527e+01
 Processing Data: Naoki.b_i_r_d.1012.htk; Label Naoki.b_i_r_d.1012.lab
 Utterance prob per frame = 2.985076e+01
 Processing Data: Naoki.a_t_e.875.htk; Label Naoki.a_t_e.875.lab
 Utterance prob per frame = 2.932372e+01
 Processing Data: Naoki.b_o_y_s.886.htk; Label Naoki.b_o_y_s.886.lab
 Utterance prob per frame = 3.502151e+01
 Processing Data: Naoki.b_o_s_s.232.htk; Label Naoki.b_o_s_s.232.lab
 Utterance prob per frame = 3.104193e+01
 Processing Data: Naoki.b_i_k_e.1431.htk; Label Naoki.b_i_k_e.1431.lab
 Utterance prob per frame = 2.667982e+01
 Processing Data: Naoki.a_n_y.1639.htk; Label Naoki.a_n_y.1639.lab
 Utterance prob per frame = 3.061571e+01
 Processing Data: Naoki.a_t.1787.htk; Label Naoki.a_t.1787.lab
 Utterance prob per frame = 2.987504e+01
 Processing Data: Naoki.a_n_y.475.htk; Label Naoki.a_n_y.475.lab
 Utterance prob per frame = 2.733859e+01
 Processing Data: Naoki.a_s_k.2022.htk; Label Naoki.a_s_k.2022.lab
 Utterance prob per frame = 2.650023e+01
 Processing Data: Naoki.b_a_s_e_s.2081.htk; Label Naoki.b_a_s_e_s.2081.lab
 Utterance prob per frame = 2.480348e+01
 Processing Data: Naoki.b_e_a_r_s.2163.htk; Label Naoki.b_e_a_r_s.2163.lab
 Utterance prob per frame = 2.635414e+01
 Processing Data: Naoki.a_w_a_r_e.1556.htk; Label Naoki.a_w_a_r_e.1556.lab
 Utterance prob per frame = 2.637053e+01
 Processing Data: Naoki.a_s_k_e_d.2120.htk; Label Naoki.a_s_k_e_d.2120.lab
 Utterance prob per frame = 2.530526e+01
 Processing Data: Naoki.a_g_r_e_e.586.htk; Label Naoki.a_g_r_e_e.586.lab
 Utterance prob per frame = 3.040856e+01
 Processing Data: Naoki.b_a_r_e.805.htk; Label Naoki.b_a_r_e.805.lab
 Utterance prob per frame = 3.390184e+01
 Processing Data: Naoki.a_p_p_l_e.819.htk; Label Naoki.a_p_p_l_e.819.lab
 Utterance prob per frame = 2.972834e+01
 Processing Data: Naoki.a_t_e.2039.htk; Label Naoki.a_t_e.2039.lab
 Utterance prob per frame = 2.883750e+01
 Processing Data: Naoki.b_e.610.htk; Label Naoki.b_e.610.lab
 Utterance prob per frame = 3.235436e+01
 Processing Data: Naoki.b_e_e_r.1079.htk; Label Naoki.b_e_e_r.1079.lab
 Utterance prob per frame = 3.188543e+01
 Processing Data: Naoki.b_o_o_k_s.844.htk; Label Naoki.b_o_o_k_s.844.lab
 Utterance prob per frame = 2.804455e+01
 Processing Data: Naoki.a_s.821.htk; Label Naoki.a_s.821.lab
 Utterance prob per frame = 3.297744e+01
 Processing Data: Naoki.a_g_e_s.2220.htk; Label Naoki.a_g_e_s.2220.lab
 Utterance prob per frame = 2.987176e+01
 Processing Data: Naoki.b_a_n_k.536.htk; Label Naoki.b_a_n_k.536.lab
 Utterance prob per frame = 2.512156e+01
 Processing Data: Naoki.a.637.htk; Label Naoki.a.637.lab
 Utterance prob per frame = 3.377414e+01
 Processing Data: Naoki.b_i_r_t_h.1861.htk; Label Naoki.b_i_r_t_h.1861.lab
 Utterance prob per frame = 2.641478e+01
 Processing Data: Naoki.b_a_l_l.1542.htk; Label Naoki.b_a_l_l.1542.lab
 Utterance prob per frame = 3.286660e+01
 Processing Data: Naoki.a_g_a_i_n.1976.htk; Label Naoki.a_g_a_i_n.1976.lab
 Utterance prob per frame = 2.911700e+01
 Processing Data: Naoki.b_i_l_l_s.1725.htk; Label Naoki.b_i_l_l_s.1725.lab
 Utterance prob per frame = 3.563895e+01
 Processing Data: Naoki.a_w_a_r_e.392.htk; Label Naoki.a_w_a_r_e.392.lab
 Utterance prob per frame = 2.759447e+01
 Processing Data: Naoki.a_b_o_u_t.1572.htk; Label Naoki.a_b_o_u_t.1572.lab
 Utterance prob per frame = 3.040794e+01
 Processing Data: Naoki.b_a_t_h.1437.htk; Label Naoki.b_a_t_h.1437.lab
 Utterance prob per frame = 1.970036e+01
 Processing Data: Naoki.a_b_o_u_t.408.htk; Label Naoki.a_b_o_u_t.408.lab
 Utterance prob per frame = 2.837673e+01
 Processing Data: Naoki.b_l_o_w.2274.htk; Label Naoki.b_l_o_w.2274.lab
 Utterance prob per frame = 2.523146e+01
 Processing Data: Naoki.a.1801.htk; Label Naoki.a.1801.lab
 Utterance prob per frame = 3.122232e+01
 Processing Data: Naoki.b_i_t_e_s.1018.htk; Label Naoki.b_i_t_e_s.1018.lab
 Utterance prob per frame = 2.889858e+01
 Processing Data: Naoki.a_g_e_s.1056.htk; Label Naoki.a_g_e_s.1056.lab
 Utterance prob per frame = 2.920122e+01
 Processing Data: Naoki.b_a_d.1972.htk; Label Naoki.b_a_d.1972.lab
 Utterance prob per frame = 3.022089e+01
 Processing Data: Naoki.a_l_l.1287.htk; Label Naoki.a_l_l.1287.lab
 Utterance prob per frame = 3.306337e+01
 Processing Data: Naoki.b_l_u_e_s.353.htk; Label Naoki.b_l_u_e_s.353.lab
 Utterance prob per frame = 2.708612e+01
 Processing Data: Naoki.b_l_a_s_t.951.htk; Label Naoki.b_l_a_s_t.951.lab
 Utterance prob per frame = 2.554487e+01
 Processing Data: Naoki.b_a_c_k.1125.htk; Label Naoki.b_a_c_k.1125.lab
 Utterance prob per frame = 2.376407e+01
 Processing Data: Naoki.a_r_e.209.htk; Label Naoki.a_r_e.209.lab
 Utterance prob per frame = 2.907519e+01
 Processing Data: Naoki.b_a_d.808.htk; Label Naoki.b_a_d.808.lab
 Utterance prob per frame = 2.773517e+01
 Processing Data: Naoki.b_l_a_s_t.2115.htk; Label Naoki.b_l_a_s_t.2115.lab
 Utterance prob per frame = 2.764511e+01
 Processing Data: Naoki.b_l_u_e_s.1517.htk; Label Naoki.b_l_u_e_s.1517.lab
 Utterance prob per frame = 2.229160e+01
 Processing Data: Naoki.a_t.623.htk; Label Naoki.a_t.623.lab
 Utterance prob per frame = 3.084223e+01
 Processing Data: Naoki.a_s_k_e_d.956.htk; Label Naoki.a_s_k_e_d.956.lab
 Utterance prob per frame = 2.641036e+01
 Processing Data: Naoki.b_e_a_r_s.999.htk; Label Naoki.b_e_a_r_s.999.lab
 Utterance prob per frame = 2.846127e+01
 Processing Data: Naoki.b_i_k_e.267.htk; Label Naoki.b_i_k_e.267.lab
 Utterance prob per frame = 3.151817e+01
 Processing Data: Naoki.b_i_t_e_s.2182.htk; Label Naoki.b_i_t_e_s.2182.lab
 Utterance prob per frame = 2.989528e+01
 Processing Data: Naoki.a_s_k.858.htk; Label Naoki.a_s_k.858.lab
 Utterance prob per frame = 2.746863e+01
 Processing Data: Naoki.b_a_l_l.378.htk; Label Naoki.b_a_l_l.378.lab
 Utterance prob per frame = 3.474001e+01
 Processing Data: Naoki.a_d_u_l_t.1966.htk; Label Naoki.a_d_u_l_t.1966.lab
 Utterance prob per frame = 2.633152e+01
 Processing Data: Naoki.b_a_s_e_s.917.htk; Label Naoki.b_a_s_e_s.917.lab
 Utterance prob per frame = 2.960942e+01
 Processing Data: Naoki.a_f_t_e_r.2139.htk; Label Naoki.a_f_t_e_r.2139.lab
 Utterance prob per frame = 2.767330e+01
 WARNING [-2331]  UpdateModels: c[3] copied: only 1 egs
 in HERest
 WARNING [-2331]  UpdateModels: f[6] copied: only 2 egs
 in HERest
 WARNING [-2331]  UpdateModels: j[10] copied: only 0 egs
 in HERest
 WARNING [-2331]  UpdateModels: m[13] copied: only 1 egs
 in HERest
 WARNING [-2331]  UpdateModels: q[17] copied: only 0 egs
 in HERest
 WARNING [-2331]  UpdateModels: v[22] copied: only 0 egs
 in HERest
 WARNING [-2331]  UpdateModels: x[24] copied: only 0 egs
 in HERest
 WARNING [-2331]  UpdateModels: z[26] copied: only 0 egs
 in HERest
Total 155 floored variance elements in 17 different mixes
Saving hmm's to dir models/hmm43
Reestimation complete - average log prob per frame = 2.899795e+01
     - total frames seen          = 1.857700e+04
HERest -A -c 500.0 -v 0.0005 -A -H models/hmm43/newMacros -I all_labels.mlf -M models/hmm44 -S lists/train.data -T 1 wordList 
HERest -A -c 500.0 -v 0.0005 -A -H models/hmm43/newMacros -I all_labels.mlf -M models/hmm44 -S lists/train.data -T 1 wordList 
HERest  ML Updating: Transitions Means Variances MixWeights 

 System is PLAIN
28 Logical/28 Physical Models Loaded, VecSize=16
1 MMF input files
Pruning-Off
 Processing Data: Naoki.a_n_d.1589.htk; Label Naoki.a_n_d.1589.lab
 Utterance prob per frame = 2.524909e+01
 Processing Data: Naoki.b_i_t_e.1104.htk; Label Naoki.b_i_t_e.1104.lab
 Utterance prob per frame = 2.955566e+01
 Processing Data: Naoki.b_i_g.2098.htk; Label Naoki.b_i_g.2098.lab
 Utterance prob per frame = 2.876437e+01
 Processing Data: Naoki.b_o_o_k_s.2008.htk; Label Naoki.b_o_o_k_s.2008.lab
 Utterance prob per frame = 3.013162e+01
 Processing Data: Naoki.a_h_e_a_d.2231.htk; Label Naoki.a_h_e_a_d.2231.lab
 Utterance prob per frame = 2.690280e+01
 Processing Data: Naoki.b_o_s_s.1396.htk; Label Naoki.b_o_s_s.1396.lab
 Utterance prob per frame = 2.743521e+01
 Processing Data: Naoki.a_m.1850.htk; Label Naoki.a_m.1850.lab
 Utterance prob per frame = 3.185608e+01
 Processing Data: Naoki.a_f_t_e_r.975.htk; Label Naoki.a_f_t_e_r.975.lab
 Utterance prob per frame = 2.981839e+01
 Processing Data: Naoki.b_o_y_s.2050.htk; Label Naoki.b_o_y_s.2050.lab
 Utterance prob per frame = 3.253334e+01
 Processing Data: Naoki.b_a_n_k.1700.htk; Label Naoki.b_a_n_k.1700.lab
 Utterance prob per frame = 2.668787e+01
 Processing Data: Naoki.a_n_d.425.htk; Label Naoki.a_n_d.425.lab
 Utterance prob per frame = 2.933627e+01
 Processing Data: Naoki.a_h_e_a_d.1067.htk; Label Naoki.a_h_e_a_d.1067.lab
 Utterance prob per frame = 2.639153e+01
 Processing Data: Naoki.a_p_p_l_e.1983.htk; Label Naoki.a_p_p_l_e.1983.lab
 Utterance prob per frame = 3.206516e+01
 Processing Data: Naoki.b_i_l_l.381.htk; Label Naoki.b_i_l_l.381.lab
 Utterance prob per frame = 3.489844e+01
 Processing Data: Naoki.b_o_n_e.214.htk; Label Naoki.b_o_n_e.214.lab
 Utterance prob per frame = 3.195930e+01
 Processing Data: Naoki.a_l_l.123.htk; Label Naoki.a_l_l.123.lab
 Utterance prob per frame = 3.308867e+01
 Processing Data: Naoki.b_e_e_s.2001.htk; Label Naoki.b_e_e_s.2001.lab
 Utterance prob per frame = 3.164651e+01
 Processing Data: Naoki.a_n.1620.htk; Label Naoki.a_n.1620.lab
 Utterance prob per frame = 3.080395e+01
 Processing Data: Naoki.a_w_a_y.1807.htk; Label Naoki.a_w_a_y.1807.lab
 Utterance prob per frame = 2.523154e+01
 Processing Data: Naoki.a_r_e.1373.htk; Label Naoki.a_r_e.1373.lab
 Utterance prob per frame = 3.096422e+01
 Processing Data: Naoki.b_o_n_e.1378.htk; Label Naoki.b_o_n_e.1378.lab
 Utterance prob per frame = 3.128386e+01
 Processing Data: Naoki.b_e_e_r.2243.htk; Label Naoki.b_e_e_r.2243.lab
 Utterance prob per frame = 3.306650e+01
 Processing Data: Naoki.a_d_u_l_t.802.htk; Label Naoki.a_d_u_l_t.802.lab
 Utterance prob per frame = 2.078106e+01
 Processing Data: Naoki.a_g_a_i_n.812.htk; Label Naoki.a_g_a_i_n.812.lab
 Utterance prob per frame = 2.736112e+01
 Processing Data: Naoki.b_l_o_w.1110.htk; Label Naoki.b_l_o_w.1110.lab
 Utterance prob per frame = 2.546322e+01
 Processing Data: Naoki.b_a_r_e.1969.htk; Label Naoki.b_a_r_e.1969.lab
 Utterance prob per frame = 2.184707e+01
 Processing Data: Naoki.b_e_s_t.1540.htk; Label Naoki.b_e_s_t.1540.lab
 Utterance prob per frame = 2.585260e+01
 Processing Data: Naoki.b_i_r_t_h.697.htk; Label Naoki.b_i_r_t_h.697.lab
 Utterance prob per frame = 2.550216e+01
 Processing Data: Naoki.b_i_g.934.htk; Label Naoki.b_i_g.934.lab
 Utterance prob per frame = 3.371083e+01
 Processing Data: Naoki.b_e_e_n.2100.htk; Label Naoki.b_e_e_n.2100.lab
 Utterance prob per frame = 2.926036e+01
 Processing Data: Naoki.a_w_a_y.643.htk; Label Naoki.a_w_a_y.643.lab
 Utterance prob per frame = 2.888928e+01
 Processing Data: Naoki.b_i_l_l.1545.htk; Label Naoki.b_i_l_l.1545.lab
 Utterance prob per frame = 3.241137e+01
 Processing Data: Naoki.b_i_t_e.2268.htk; Label Naoki.b_i_t_e.2268.lab
 Utterance prob per frame = 2.624995e+01
 Processing Data: Naoki.b_e_e_s.837.htk; Label Naoki.b_e_e_s.837.lab
 Utterance prob per frame = 3.000819e+01
 Processing Data: Naoki.a_s.1985.htk; Label Naoki.a_s.1985.lab
 Utterance prob per frame = 3.750068e+01
 Processing Data: Naoki.b_i_r_d.1012.htk; Label Naoki.b_i_r_d.1012.lab
 Utterance prob per frame = 2.985516e+01
 Processing Data: Naoki.a_t_e.875.htk; Label Naoki.a_t_e.875.lab
 Utterance prob per frame = 2.932668e+01
 Processing Data: Naoki.b_o_y_s.886.htk; Label Naoki.b_o_y_s.886.lab
 Utterance prob per frame = 3.500146e+01
 Processing Data: Naoki.b_o_s_s.232.htk; Label Naoki.b_o_s_s.232.lab
 Utterance prob per frame = 3.102448e+01
 Processing Data: Naoki.b_i_k_e.1431.htk; Label Naoki.b_i_k_e.1431.lab
 Utterance prob per frame = 2.668376e+01
 Processing Data: Naoki.a_n_y.1639.htk; Label Naoki.a_n_y.1639.lab
 Utterance prob per frame = 3.060730e+01
 Processing Data: Naoki.a_t.1787.htk; Label Naoki.a_t.1787.lab
 Utterance prob per frame = 2.988050e+01
 Processing Data: Naoki.a_n_y.475.htk; Label Naoki.a_n_y.475.lab
 Utterance prob per frame = 2.732953e+01
 Processing Data: Naoki.a_s_k.2022.htk; Label Naoki.a_s_k.2022.lab
 Utterance prob per frame = 2.649978e+01
 Processing Data: Naoki.b_a_s_e_s.2081.htk; Label Naoki.b_a_s_e_s.2081.lab
 Utterance prob per frame = 2.481427e+01
 Processing Data: Naoki.b_e_a_r_s.2163.htk; Label Naoki.b_e_a_r_s.2163.lab
 Utterance prob per frame = 2.635684e+01
 Processing Data: Naoki.a_w_a_r_e.1556.htk; Label Naoki.a_w_a_r_e.1556.lab
 Utterance prob per frame = 2.636866e+01
 Processing Data: Naoki.a_s_k_e_d.2120.htk; Label Naoki.a_s_k_e_d.2120.lab
 Utterance prob per frame = 2.530576e+01
 Processing Data: Naoki.a_g_r_e_e.586.htk; Label Naoki.a_g_r_e_e.586.lab
 Utterance prob per frame = 3.041111e+01
 Processing Data: Naoki.b_a_r_e.805.htk; Label Naoki.b_a_r_e.805.lab
 Utterance prob per frame = 3.390383e+01
 Processing Data: Naoki.a_p_p_l_e.819.htk; Label Naoki.a_p_p_l_e.819.lab
 Utterance prob per frame = 2.982205e+01
 Processing Data: Naoki.a_t_e.2039.htk; Label Naoki.a_t_e.2039.lab
 Utterance prob per frame = 2.884078e+01
 Processing Data: Naoki.b_e.610.htk; Label Naoki.b_e.610.lab
 Utterance prob per frame = 3.236942e+01
 Processing Data: Naoki.b_e_e_r.1079.htk; Label Naoki.b_e_e_r.1079.lab
 Utterance prob per frame = 3.189161e+01
 Processing Data: Naoki.b_o_o_k_s.844.htk; Label Naoki.b_o_o_k_s.844.lab
 Utterance prob per frame = 2.813810e+01
 Processing Data: Naoki.a_s.821.htk; Label Naoki.a_s.821.lab
 Utterance prob per frame = 3.297956e+01
 Processing Data: Naoki.a_g_e_s.2220.htk; Label Naoki.a_g_e_s.2220.lab
 Utterance prob per frame = 2.988021e+01
 Processing Data: Naoki.b_a_n_k.536.htk; Label Naoki.b_a_n_k.536.lab
 Utterance prob per frame = 2.511874e+01
 Processing Data: Naoki.a.637.htk; Label Naoki.a.637.lab
 Utterance prob per frame = 3.377323e+01
 Processing Data: Naoki.b_i_r_t_h.1861.htk; Label Naoki.b_i_r_t_h.1861.lab
 Utterance prob per frame = 2.643155e+01
 Processing Data: Naoki.b_a_l_l.1542.htk; Label Naoki.b_a_l_l.1542.lab
 Utterance prob per frame = 3.283739e+01
 Processing Data: Naoki.a_g_a_i_n.1976.htk; Label Naoki.a_g_a_i_n.1976.lab
 Utterance prob per frame = 2.911981e+01
 Processing Data: Naoki.b_i_l_l_s.1725.htk; Label Naoki.b_i_l_l_s.1725.lab
 Utterance prob per frame = 3.562366e+01
 Processing Data: Naoki.a_w_a_r_e.392.htk; Label Naoki.a_w_a_r_e.392.lab
 Utterance prob per frame = 2.759946e+01
 Processing Data: Naoki.a_b_o_u_t.1572.htk; Label Naoki.a_b_o_u_t.1572.lab
 Utterance prob per frame = 3.045281e+01
 Processing Data: Naoki.b_a_t_h.1437.htk; Label Naoki.b_a_t_h.1437.lab
 Utterance prob per frame = 1.970515e+01
 Processing Data: Naoki.a_b_o_u_t.408.htk; Label Naoki.a_b_o_u_t.408.lab
 Utterance prob per frame = 2.838763e+01
 Processing Data: Naoki.b_l_o_w.2274.htk; Label Naoki.b_l_o_w.2274.lab
 Utterance prob per frame = 2.521802e+01
 Processing Data: Naoki.a.1801.htk; Label Naoki.a.1801.lab
 Utterance prob per frame = 3.118615e+01
 Processing Data: Naoki.b_i_t_e_s.1018.htk; Label Naoki.b_i_t_e_s.1018.lab
 Utterance prob per frame = 2.890549e+01
 Processing Data: Naoki.a_g_e_s.1056.htk; Label Naoki.a_g_e_s.1056.lab
 Utterance prob per frame = 2.920985e+01
 Processing Data: Naoki.b_a_d.1972.htk; Label Naoki.b_a_d.1972.lab
 Utterance prob per frame = 3.022118e+01
 Processing Data: Naoki.a_l_l.1287.htk; Label Naoki.a_l_l.1287.lab
 Utterance prob per frame = 3.300104e+01
 Processing Data: Naoki.b_l_u_e_s.353.htk; Label Naoki.b_l_u_e_s.353.lab
 Utterance prob per frame = 2.708183e+01
 Processing Data: Naoki.b_l_a_s_t.951.htk; Label Naoki.b_l_a_s_t.951.lab
 Utterance prob per frame = 2.554259e+01
 Processing Data: Naoki.b_a_c_k.1125.htk; Label Naoki.b_a_c_k.1125.lab
 Utterance prob per frame = 2.377080e+01
 Processing Data: Naoki.a_r_e.209.htk; Label Naoki.a_r_e.209.lab
 Utterance prob per frame = 2.908041e+01
 Processing Data: Naoki.b_a_d.808.htk; Label Naoki.b_a_d.808.lab
 Utterance prob per frame = 2.772982e+01
 Processing Data: Naoki.b_l_a_s_t.2115.htk; Label Naoki.b_l_a_s_t.2115.lab
 Utterance prob per frame = 2.761821e+01
 Processing Data: Naoki.b_l_u_e_s.1517.htk; Label Naoki.b_l_u_e_s.1517.lab
 Utterance prob per frame = 2.231026e+01
 Processing Data: Naoki.a_t.623.htk; Label Naoki.a_t.623.lab
 Utterance prob per frame = 3.084450e+01
 Processing Data: Naoki.a_s_k_e_d.956.htk; Label Naoki.a_s_k_e_d.956.lab
 Utterance prob per frame = 2.641408e+01
 Processing Data: Naoki.b_e_a_r_s.999.htk; Label Naoki.b_e_a_r_s.999.lab
 Utterance prob per frame = 2.844977e+01
 Processing Data: Naoki.b_i_k_e.267.htk; Label Naoki.b_i_k_e.267.lab
 Utterance prob per frame = 3.152301e+01
 Processing Data: Naoki.b_i_t_e_s.2182.htk; Label Naoki.b_i_t_e_s.2182.lab
 Utterance prob per frame = 2.990037e+01
 Processing Data: Naoki.a_s_k.858.htk; Label Naoki.a_s_k.858.lab
 Utterance prob per frame = 2.747228e+01
 Processing Data: Naoki.b_a_l_l.378.htk; Label Naoki.b_a_l_l.378.lab
 Utterance prob per frame = 3.473502e+01
 Processing Data: Naoki.a_d_u_l_t.1966.htk; Label Naoki.a_d_u_l_t.1966.lab
 Utterance prob per frame = 2.632185e+01
 Processing Data: Naoki.b_a_s_e_s.917.htk; Label Naoki.b_a_s_e_s.917.lab
 Utterance prob per frame = 2.961383e+01
 Processing Data: Naoki.a_f_t_e_r.2139.htk; Label Naoki.a_f_t_e_r.2139.lab
 Utterance prob per frame = 2.766598e+01
 WARNING [-2331]  UpdateModels: c[3] copied: only 1 egs
 in HERest
 WARNING [-2331]  UpdateModels: f[6] copied: only 2 egs
 in HERest
 WARNING [-2331]  UpdateModels: j[10] copied: only 0 egs
 in HERest
 WARNING [-2331]  UpdateModels: m[13] copied: only 1 egs
 in HERest
 WARNING [-2331]  UpdateModels: q[17] copied: only 0 egs
 in HERest
 WARNING [-2331]  UpdateModels: v[22] copied: only 0 egs
 in HERest
 WARNING [-2331]  UpdateModels: x[24] copied: only 0 egs
 in HERest
 WARNING [-2331]  UpdateModels: z[26] copied: only 0 egs
 in HERest
Total 154 floored variance elements in 17 different mixes
Saving hmm's to dir models/hmm44
Reestimation complete - average log prob per frame = 2.900383e+01
     - total frames seen          = 1.857700e+04
HERest -A -c 500.0 -v 0.0005 -A -H models/hmm44/newMacros -I all_labels.mlf -M models/hmm45 -S lists/train.data -T 1 wordList 
HERest -A -c 500.0 -v 0.0005 -A -H models/hmm44/newMacros -I all_labels.mlf -M models/hmm45 -S lists/train.data -T 1 wordList 
HERest  ML Updating: Transitions Means Variances MixWeights 

 System is PLAIN
28 Logical/28 Physical Models Loaded, VecSize=16
1 MMF input files
Pruning-Off
 Processing Data: Naoki.a_n_d.1589.htk; Label Naoki.a_n_d.1589.lab
 Utterance prob per frame = 2.525186e+01
 Processing Data: Naoki.b_i_t_e.1104.htk; Label Naoki.b_i_t_e.1104.lab
 Utterance prob per frame = 2.956479e+01
 Processing Data: Naoki.b_i_g.2098.htk; Label Naoki.b_i_g.2098.lab
 Utterance prob per frame = 2.875951e+01
 Processing Data: Naoki.b_o_o_k_s.2008.htk; Label Naoki.b_o_o_k_s.2008.lab
 Utterance prob per frame = 3.012349e+01
 Processing Data: Naoki.a_h_e_a_d.2231.htk; Label Naoki.a_h_e_a_d.2231.lab
 Utterance prob per frame = 2.690023e+01
 Processing Data: Naoki.b_o_s_s.1396.htk; Label Naoki.b_o_s_s.1396.lab
 Utterance prob per frame = 2.754996e+01
 Processing Data: Naoki.a_m.1850.htk; Label Naoki.a_m.1850.lab
 Utterance prob per frame = 3.187085e+01
 Processing Data: Naoki.a_f_t_e_r.975.htk; Label Naoki.a_f_t_e_r.975.lab
 Utterance prob per frame = 2.982093e+01
 Processing Data: Naoki.b_o_y_s.2050.htk; Label Naoki.b_o_y_s.2050.lab
 Utterance prob per frame = 3.252124e+01
 Processing Data: Naoki.b_a_n_k.1700.htk; Label Naoki.b_a_n_k.1700.lab
 Utterance prob per frame = 2.669336e+01
 Processing Data: Naoki.a_n_d.425.htk; Label Naoki.a_n_d.425.lab
 Utterance prob per frame = 2.933927e+01
 Processing Data: Naoki.a_h_e_a_d.1067.htk; Label Naoki.a_h_e_a_d.1067.lab
 Utterance prob per frame = 2.639789e+01
 Processing Data: Naoki.a_p_p_l_e.1983.htk; Label Naoki.a_p_p_l_e.1983.lab
 Utterance prob per frame = 3.207607e+01
 Processing Data: Naoki.b_i_l_l.381.htk; Label Naoki.b_i_l_l.381.lab
 Utterance prob per frame = 3.488758e+01
 Processing Data: Naoki.b_o_n_e.214.htk; Label Naoki.b_o_n_e.214.lab
 Utterance prob per frame = 3.196373e+01
 Processing Data: Naoki.a_l_l.123.htk; Label Naoki.a_l_l.123.lab
 Utterance prob per frame = 3.307012e+01
 Processing Data: Naoki.b_e_e_s.2001.htk; Label Naoki.b_e_e_s.2001.lab
 Utterance prob per frame = 3.164038e+01
 Processing Data: Naoki.a_n.1620.htk; Label Naoki.a_n.1620.lab
 Utterance prob per frame = 3.080063e+01
 Processing Data: Naoki.a_w_a_y.1807.htk; Label Naoki.a_w_a_y.1807.lab
 Utterance prob per frame = 2.522922e+01
 Processing Data: Naoki.a_r_e.1373.htk; Label Naoki.a_r_e.1373.lab
 Utterance prob per frame = 3.096383e+01
 Processing Data: Naoki.b_o_n_e.1378.htk; Label Naoki.b_o_n_e.1378.lab
 Utterance prob per frame = 3.127654e+01
 Processing Data: Naoki.b_e_e_r.2243.htk; Label Naoki.b_e_e_r.2243.lab
 Utterance prob per frame = 3.306784e+01
 Processing Data: Naoki.a_d_u_l_t.802.htk; Label Naoki.a_d_u_l_t.802.lab
 Utterance prob per frame = 2.081299e+01
 Processing Data: Naoki.a_g_a_i_n.812.htk; Label Naoki.a_g_a_i_n.812.lab
 Utterance prob per frame = 2.735376e+01
 Processing Data: Naoki.b_l_o_w.1110.htk; Label Naoki.b_l_o_w.1110.lab
 Utterance prob per frame = 2.553825e+01
 Processing Data: Naoki.b_a_r_e.1969.htk; Label Naoki.b_a_r_e.1969.lab
 Utterance prob per frame = 2.193842e+01
 Processing Data: Naoki.b_e_s_t.1540.htk; Label Naoki.b_e_s_t.1540.lab
 Utterance prob per frame = 2.585038e+01
 Processing Data: Naoki.b_i_r_t_h.697.htk; Label Naoki.b_i_r_t_h.697.lab
 Utterance prob per frame = 2.551614e+01
 Processing Data: Naoki.b_i_g.934.htk; Label Naoki.b_i_g.934.lab
 Utterance prob per frame = 3.370177e+01
 Processing Data: Naoki.b_e_e_n.2100.htk; Label Naoki.b_e_e_n.2100.lab
 Utterance prob per frame = 2.926325e+01
 Processing Data: Naoki.a_w_a_y.643.htk; Label Naoki.a_w_a_y.643.lab
 Utterance prob per frame = 2.888535e+01
 Processing Data: Naoki.b_i_l_l.1545.htk; Label Naoki.b_i_l_l.1545.lab
 Utterance prob per frame = 3.240000e+01
 Processing Data: Naoki.b_i_t_e.2268.htk; Label Naoki.b_i_t_e.2268.lab
 Utterance prob per frame = 2.626342e+01
 Processing Data: Naoki.b_e_e_s.837.htk; Label Naoki.b_e_e_s.837.lab
 Utterance prob per frame = 3.000956e+01
 Processing Data: Naoki.a_s.1985.htk; Label Naoki.a_s.1985.lab
 Utterance prob per frame = 3.748842e+01
 Processing Data: Naoki.b_i_r_d.1012.htk; Label Naoki.b_i_r_d.1012.lab
 Utterance prob per frame = 2.986701e+01
 Processing Data: Naoki.a_t_e.875.htk; Label Naoki.a_t_e.875.lab
 Utterance prob per frame = 2.933240e+01
 Processing Data: Naoki.b_o_y_s.886.htk; Label Naoki.b_o_y_s.886.lab
 Utterance prob per frame = 3.499114e+01
 Processing Data: Naoki.b_o_s_s.232.htk; Label Naoki.b_o_s_s.232.lab
 Utterance prob per frame = 3.100481e+01
 Processing Data: Naoki.b_i_k_e.1431.htk; Label Naoki.b_i_k_e.1431.lab
 Utterance prob per frame = 2.669209e+01
 Processing Data: Naoki.a_n_y.1639.htk; Label Naoki.a_n_y.1639.lab
 Utterance prob per frame = 3.059431e+01
 Processing Data: Naoki.a_t.1787.htk; Label Naoki.a_t.1787.lab
 Utterance prob per frame = 2.988313e+01
 Processing Data: Naoki.a_n_y.475.htk; Label Naoki.a_n_y.475.lab
 Utterance prob per frame = 2.732000e+01
 Processing Data: Naoki.a_s_k.2022.htk; Label Naoki.a_s_k.2022.lab
 Utterance prob per frame = 2.649619e+01
 Processing Data: Naoki.b_a_s_e_s.2081.htk; Label Naoki.b_a_s_e_s.2081.lab
 Utterance prob per frame = 2.482127e+01
 Processing Data: Naoki.b_e_a_r_s.2163.htk; Label Naoki.b_e_a_r_s.2163.lab
 Utterance prob per frame = 2.635738e+01
 Processing Data: Naoki.a_w_a_r_e.1556.htk; Label Naoki.a_w_a_r_e.1556.lab
 Utterance prob per frame = 2.636510e+01
 Processing Data: Naoki.a_s_k_e_d.2120.htk; Label Naoki.a_s_k_e_d.2120.lab
 Utterance prob per frame = 2.530728e+01
 Processing Data: Naoki.a_g_r_e_e.586.htk; Label Naoki.a_g_r_e_e.586.lab
 Utterance prob per frame = 3.041916e+01
 Processing Data: Naoki.b_a_r_e.805.htk; Label Naoki.b_a_r_e.805.lab
 Utterance prob per frame = 3.390153e+01
 Processing Data: Naoki.a_p_p_l_e.819.htk; Label Naoki.a_p_p_l_e.819.lab
 Utterance prob per frame = 2.983517e+01
 Processing Data: Naoki.a_t_e.2039.htk; Label Naoki.a_t_e.2039.lab
 Utterance prob per frame = 2.884419e+01
 Processing Data: Naoki.b_e.610.htk; Label Naoki.b_e.610.lab
 Utterance prob per frame = 3.238999e+01
 Processing Data: Naoki.b_e_e_r.1079.htk; Label Naoki.b_e_e_r.1079.lab
 Utterance prob per frame = 3.190862e+01
 Processing Data: Naoki.b_o_o_k_s.844.htk; Label Naoki.b_o_o_k_s.844.lab
 Utterance prob per frame = 2.815365e+01
 Processing Data: Naoki.a_s.821.htk; Label Naoki.a_s.821.lab
 Utterance prob per frame = 3.297809e+01
 Processing Data: Naoki.a_g_e_s.2220.htk; Label Naoki.a_g_e_s.2220.lab
 Utterance prob per frame = 2.989137e+01
 Processing Data: Naoki.b_a_n_k.536.htk; Label Naoki.b_a_n_k.536.lab
 Utterance prob per frame = 2.513418e+01
 Processing Data: Naoki.a.637.htk; Label Naoki.a.637.lab
 Utterance prob per frame = 3.376582e+01
 Processing Data: Naoki.b_i_r_t_h.1861.htk; Label Naoki.b_i_r_t_h.1861.lab
 Utterance prob per frame = 2.644525e+01
 Processing Data: Naoki.b_a_l_l.1542.htk; Label Naoki.b_a_l_l.1542.lab
 Utterance prob per frame = 3.282581e+01
 Processing Data: Naoki.a_g_a_i_n.1976.htk; Label Naoki.a_g_a_i_n.1976.lab
 Utterance prob per frame = 2.911800e+01
 Processing Data: Naoki.b_i_l_l_s.1725.htk; Label Naoki.b_i_l_l_s.1725.lab
 Utterance prob per frame = 3.561827e+01
 Processing Data: Naoki.a_w_a_r_e.392.htk; Label Naoki.a_w_a_r_e.392.lab
 Utterance prob per frame = 2.761161e+01
 Processing Data: Naoki.a_b_o_u_t.1572.htk; Label Naoki.a_b_o_u_t.1572.lab
 Utterance prob per frame = 3.046740e+01
 Processing Data: Naoki.b_a_t_h.1437.htk; Label Naoki.b_a_t_h.1437.lab
 Utterance prob per frame = 1.971572e+01
 Processing Data: Naoki.a_b_o_u_t.408.htk; Label Naoki.a_b_o_u_t.408.lab
 Utterance prob per frame = 2.840296e+01
 Processing Data: Naoki.b_l_o_w.2274.htk; Label Naoki.b_l_o_w.2274.lab
 Utterance prob per frame = 2.522856e+01
 Processing Data: Naoki.a.1801.htk; Label Naoki.a.1801.lab
 Utterance prob per frame = 3.116626e+01
 Processing Data: Naoki.b_i_t_e_s.1018.htk; Label Naoki.b_i_t_e_s.1018.lab
 Utterance prob per frame = 2.890856e+01
 Processing Data: Naoki.a_g_e_s.1056.htk; Label Naoki.a_g_e_s.1056.lab
 Utterance prob per frame = 2.921596e+01
 Processing Data: Naoki.b_a_d.1972.htk; Label Naoki.b_a_d.1972.lab
 Utterance prob per frame = 3.021710e+01
 Processing Data: Naoki.a_l_l.1287.htk; Label Naoki.a_l_l.1287.lab
 Utterance prob per frame = 3.297990e+01
 Processing Data: Naoki.b_l_u_e_s.353.htk; Label Naoki.b_l_u_e_s.353.lab
 Utterance prob per frame = 2.707478e+01
 Processing Data: Naoki.b_l_a_s_t.951.htk; Label Naoki.b_l_a_s_t.951.lab
 Utterance prob per frame = 2.554116e+01
 Processing Data: Naoki.b_a_c_k.1125.htk; Label Naoki.b_a_c_k.1125.lab
 Utterance prob per frame = 2.379254e+01
 Processing Data: Naoki.a_r_e.209.htk; Label Naoki.a_r_e.209.lab
 Utterance prob per frame = 2.910021e+01
 Processing Data: Naoki.b_a_d.808.htk; Label Naoki.b_a_d.808.lab
 Utterance prob per frame = 2.773133e+01
 Processing Data: Naoki.b_l_a_s_t.2115.htk; Label Naoki.b_l_a_s_t.2115.lab
 Utterance prob per frame = 2.761113e+01
 Processing Data: Naoki.b_l_u_e_s.1517.htk; Label Naoki.b_l_u_e_s.1517.lab
 Utterance prob per frame = 2.232685e+01
 Processing Data: Naoki.a_t.623.htk; Label Naoki.a_t.623.lab
 Utterance prob per frame = 3.084136e+01
 Processing Data: Naoki.a_s_k_e_d.956.htk; Label Naoki.a_s_k_e_d.956.lab
 Utterance prob per frame = 2.641473e+01
 Processing Data: Naoki.b_e_a_r_s.999.htk; Label Naoki.b_e_a_r_s.999.lab
 Utterance prob per frame = 2.843684e+01
 Processing Data: Naoki.b_i_k_e.267.htk; Label Naoki.b_i_k_e.267.lab
 Utterance prob per frame = 3.153379e+01
 Processing Data: Naoki.b_i_t_e_s.2182.htk; Label Naoki.b_i_t_e_s.2182.lab
 Utterance prob per frame = 2.990474e+01
 Processing Data: Naoki.a_s_k.858.htk; Label Naoki.a_s_k.858.lab
 Utterance prob per frame = 2.747897e+01
 Processing Data: Naoki.b_a_l_l.378.htk; Label Naoki.b_a_l_l.378.lab
 Utterance prob per frame = 3.472776e+01
 Processing Data: Naoki.a_d_u_l_t.1966.htk; Label Naoki.a_d_u_l_t.1966.lab
 Utterance prob per frame = 2.631267e+01
 Processing Data: Naoki.b_a_s_e_s.917.htk; Label Naoki.b_a_s_e_s.917.lab
 Utterance prob per frame = 2.961400e+01
 Processing Data: Naoki.a_f_t_e_r.2139.htk; Label Naoki.a_f_t_e_r.2139.lab
 Utterance prob per frame = 2.765932e+01
 WARNING [-2331]  UpdateModels: c[3] copied: only 1 egs
 in HERest
 WARNING [-2331]  UpdateModels: f[6] copied: only 2 egs
 in HERest
 WARNING [-2331]  UpdateModels: j[10] copied: only 0 egs
 in HERest
 WARNING [-2331]  UpdateModels: m[13] copied: only 1 egs
 in HERest
 WARNING [-2331]  UpdateModels: q[17] copied: only 0 egs
 in HERest
 WARNING [-2331]  UpdateModels: v[22] copied: only 0 egs
 in HERest
 WARNING [-2331]  UpdateModels: x[24] copied: only 0 egs
 in HERest
 WARNING [-2331]  UpdateModels: z[26] copied: only 0 egs
 in HERest
Total 153 floored variance elements in 17 different mixes
Saving hmm's to dir models/hmm45
Reestimation complete - average log prob per frame = 2.900806e+01
     - total frames seen          = 1.857700e+04
HERest -A -c 500.0 -v 0.0005 -A -H models/hmm45/newMacros -I all_labels.mlf -M models/hmm46 -S lists/train.data -T 1 wordList 
HERest -A -c 500.0 -v 0.0005 -A -H models/hmm45/newMacros -I all_labels.mlf -M models/hmm46 -S lists/train.data -T 1 wordList 
HERest  ML Updating: Transitions Means Variances MixWeights 

 System is PLAIN
28 Logical/28 Physical Models Loaded, VecSize=16
1 MMF input files
Pruning-Off
 Processing Data: Naoki.a_n_d.1589.htk; Label Naoki.a_n_d.1589.lab
 Utterance prob per frame = 2.526023e+01
 Processing Data: Naoki.b_i_t_e.1104.htk; Label Naoki.b_i_t_e.1104.lab
 Utterance prob per frame = 2.958427e+01
 Processing Data: Naoki.b_i_g.2098.htk; Label Naoki.b_i_g.2098.lab
 Utterance prob per frame = 2.875768e+01
 Processing Data: Naoki.b_o_o_k_s.2008.htk; Label Naoki.b_o_o_k_s.2008.lab
 Utterance prob per frame = 3.012059e+01
 Processing Data: Naoki.a_h_e_a_d.2231.htk; Label Naoki.a_h_e_a_d.2231.lab
 Utterance prob per frame = 2.690218e+01
 Processing Data: Naoki.b_o_s_s.1396.htk; Label Naoki.b_o_s_s.1396.lab
 Utterance prob per frame = 2.776372e+01
 Processing Data: Naoki.a_m.1850.htk; Label Naoki.a_m.1850.lab
 Utterance prob per frame = 3.188177e+01
 Processing Data: Naoki.a_f_t_e_r.975.htk; Label Naoki.a_f_t_e_r.975.lab
 Utterance prob per frame = 2.983664e+01
 Processing Data: Naoki.b_o_y_s.2050.htk; Label Naoki.b_o_y_s.2050.lab
 Utterance prob per frame = 3.251419e+01
 Processing Data: Naoki.b_a_n_k.1700.htk; Label Naoki.b_a_n_k.1700.lab
 Utterance prob per frame = 2.669062e+01
 Processing Data: Naoki.a_n_d.425.htk; Label Naoki.a_n_d.425.lab
 Utterance prob per frame = 2.934597e+01
 Processing Data: Naoki.a_h_e_a_d.1067.htk; Label Naoki.a_h_e_a_d.1067.lab
 Utterance prob per frame = 2.641131e+01
 Processing Data: Naoki.a_p_p_l_e.1983.htk; Label Naoki.a_p_p_l_e.1983.lab
 Utterance prob per frame = 3.207887e+01
 Processing Data: Naoki.b_i_l_l.381.htk; Label Naoki.b_i_l_l.381.lab
 Utterance prob per frame = 3.488057e+01
 Processing Data: Naoki.b_o_n_e.214.htk; Label Naoki.b_o_n_e.214.lab
 Utterance prob per frame = 3.197547e+01
 Processing Data: Naoki.a_l_l.123.htk; Label Naoki.a_l_l.123.lab
 Utterance prob per frame = 3.306662e+01
 Processing Data: Naoki.b_e_e_s.2001.htk; Label Naoki.b_e_e_s.2001.lab
 Utterance prob per frame = 3.163422e+01
 Processing Data: Naoki.a_n.1620.htk; Label Naoki.a_n.1620.lab
 Utterance prob per frame = 3.080033e+01
 Processing Data: Naoki.a_w_a_y.1807.htk; Label Naoki.a_w_a_y.1807.lab
 Utterance prob per frame = 2.523027e+01
 Processing Data: Naoki.a_r_e.1373.htk; Label Naoki.a_r_e.1373.lab
 Utterance prob per frame = 3.096825e+01
 Processing Data: Naoki.b_o_n_e.1378.htk; Label Naoki.b_o_n_e.1378.lab
 Utterance prob per frame = 3.127745e+01
 Processing Data: Naoki.b_e_e_r.2243.htk; Label Naoki.b_e_e_r.2243.lab
 Utterance prob per frame = 3.307606e+01
 Processing Data: Naoki.a_d_u_l_t.802.htk; Label Naoki.a_d_u_l_t.802.lab
 Utterance prob per frame = 2.088443e+01
 Processing Data: Naoki.a_g_a_i_n.812.htk; Label Naoki.a_g_a_i_n.812.lab
 Utterance prob per frame = 2.734911e+01
 Processing Data: Naoki.b_l_o_w.1110.htk; Label Naoki.b_l_o_w.1110.lab
 Utterance prob per frame = 2.560661e+01
 Processing Data: Naoki.b_a_r_e.1969.htk; Label Naoki.b_a_r_e.1969.lab
 Utterance prob per frame = 2.209546e+01
 Processing Data: Naoki.b_e_s_t.1540.htk; Label Naoki.b_e_s_t.1540.lab
 Utterance prob per frame = 2.585400e+01
 Processing Data: Naoki.b_i_r_t_h.697.htk; Label Naoki.b_i_r_t_h.697.lab
 Utterance prob per frame = 2.553962e+01
 Processing Data: Naoki.b_i_g.934.htk; Label Naoki.b_i_g.934.lab
 Utterance prob per frame = 3.369385e+01
 Processing Data: Naoki.b_e_e_n.2100.htk; Label Naoki.b_e_e_n.2100.lab
 Utterance prob per frame = 2.926939e+01
 Processing Data: Naoki.a_w_a_y.643.htk; Label Naoki.a_w_a_y.643.lab
 Utterance prob per frame = 2.888095e+01
 Processing Data: Naoki.b_i_l_l.1545.htk; Label Naoki.b_i_l_l.1545.lab
 Utterance prob per frame = 3.239443e+01
 Processing Data: Naoki.b_i_t_e.2268.htk; Label Naoki.b_i_t_e.2268.lab
 Utterance prob per frame = 2.628706e+01
 Processing Data: Naoki.b_e_e_s.837.htk; Label Naoki.b_e_e_s.837.lab
 Utterance prob per frame = 3.001581e+01
 Processing Data: Naoki.a_s.1985.htk; Label Naoki.a_s.1985.lab
 Utterance prob per frame = 3.747721e+01
 Processing Data: Naoki.b_i_r_d.1012.htk; Label Naoki.b_i_r_d.1012.lab
 Utterance prob per frame = 2.989115e+01
 Processing Data: Naoki.a_t_e.875.htk; Label Naoki.a_t_e.875.lab
 Utterance prob per frame = 2.933969e+01
 Processing Data: Naoki.b_o_y_s.886.htk; Label Naoki.b_o_y_s.886.lab
 Utterance prob per frame = 3.498667e+01
 Processing Data: Naoki.b_o_s_s.232.htk; Label Naoki.b_o_s_s.232.lab
 Utterance prob per frame = 3.099784e+01
 Processing Data: Naoki.b_i_k_e.1431.htk; Label Naoki.b_i_k_e.1431.lab
 Utterance prob per frame = 2.671126e+01
 Processing Data: Naoki.a_n_y.1639.htk; Label Naoki.a_n_y.1639.lab
 Utterance prob per frame = 3.058528e+01
 Processing Data: Naoki.a_t.1787.htk; Label Naoki.a_t.1787.lab
 Utterance prob per frame = 2.987972e+01
 Processing Data: Naoki.a_n_y.475.htk; Label Naoki.a_n_y.475.lab
 Utterance prob per frame = 2.731328e+01
 Processing Data: Naoki.a_s_k.2022.htk; Label Naoki.a_s_k.2022.lab
 Utterance prob per frame = 2.649246e+01
 Processing Data: Naoki.b_a_s_e_s.2081.htk; Label Naoki.b_a_s_e_s.2081.lab
 Utterance prob per frame = 2.483377e+01
 Processing Data: Naoki.b_e_a_r_s.2163.htk; Label Naoki.b_e_a_r_s.2163.lab
 Utterance prob per frame = 2.635955e+01
 Processing Data: Naoki.a_w_a_r_e.1556.htk; Label Naoki.a_w_a_r_e.1556.lab
 Utterance prob per frame = 2.636668e+01
 Processing Data: Naoki.a_s_k_e_d.2120.htk; Label Naoki.a_s_k_e_d.2120.lab
 Utterance prob per frame = 2.531413e+01
 Processing Data: Naoki.a_g_r_e_e.586.htk; Label Naoki.a_g_r_e_e.586.lab
 Utterance prob per frame = 3.043451e+01
 Processing Data: Naoki.b_a_r_e.805.htk; Label Naoki.b_a_r_e.805.lab
 Utterance prob per frame = 3.390744e+01
 Processing Data: Naoki.a_p_p_l_e.819.htk; Label Naoki.a_p_p_l_e.819.lab
 Utterance prob per frame = 2.983173e+01
 Processing Data: Naoki.a_t_e.2039.htk; Label Naoki.a_t_e.2039.lab
 Utterance prob per frame = 2.885047e+01
 Processing Data: Naoki.b_e.610.htk; Label Naoki.b_e.610.lab
 Utterance prob per frame = 3.243863e+01
 Processing Data: Naoki.b_e_e_r.1079.htk; Label Naoki.b_e_e_r.1079.lab
 Utterance prob per frame = 3.194621e+01
 Processing Data: Naoki.b_o_o_k_s.844.htk; Label Naoki.b_o_o_k_s.844.lab
 Utterance prob per frame = 2.816276e+01
 Processing Data: Naoki.a_s.821.htk; Label Naoki.a_s.821.lab
 Utterance prob per frame = 3.297491e+01
 Processing Data: Naoki.a_g_e_s.2220.htk; Label Naoki.a_g_e_s.2220.lab
 Utterance prob per frame = 2.991676e+01
 Processing Data: Naoki.b_a_n_k.536.htk; Label Naoki.b_a_n_k.536.lab
 Utterance prob per frame = 2.517006e+01
 Processing Data: Naoki.a.637.htk; Label Naoki.a.637.lab
 Utterance prob per frame = 3.375715e+01
 Processing Data: Naoki.b_i_r_t_h.1861.htk; Label Naoki.b_i_r_t_h.1861.lab
 Utterance prob per frame = 2.646888e+01
 Processing Data: Naoki.b_a_l_l.1542.htk; Label Naoki.b_a_l_l.1542.lab
 Utterance prob per frame = 3.284103e+01
 Processing Data: Naoki.a_g_a_i_n.1976.htk; Label Naoki.a_g_a_i_n.1976.lab
 Utterance prob per frame = 2.911557e+01
 Processing Data: Naoki.b_i_l_l_s.1725.htk; Label Naoki.b_i_l_l_s.1725.lab
 Utterance prob per frame = 3.562186e+01
 Processing Data: Naoki.a_w_a_r_e.392.htk; Label Naoki.a_w_a_r_e.392.lab
 Utterance prob per frame = 2.763118e+01
 Processing Data: Naoki.a_b_o_u_t.1572.htk; Label Naoki.a_b_o_u_t.1572.lab
 Utterance prob per frame = 3.047208e+01
 Processing Data: Naoki.b_a_t_h.1437.htk; Label Naoki.b_a_t_h.1437.lab
 Utterance prob per frame = 1.972840e+01
 Processing Data: Naoki.a_b_o_u_t.408.htk; Label Naoki.a_b_o_u_t.408.lab
 Utterance prob per frame = 2.841347e+01
 Processing Data: Naoki.b_l_o_w.2274.htk; Label Naoki.b_l_o_w.2274.lab
 Utterance prob per frame = 2.526937e+01
 Processing Data: Naoki.a.1801.htk; Label Naoki.a.1801.lab
 Utterance prob per frame = 3.118715e+01
 Processing Data: Naoki.b_i_t_e_s.1018.htk; Label Naoki.b_i_t_e_s.1018.lab
 Utterance prob per frame = 2.891698e+01
 Processing Data: Naoki.a_g_e_s.1056.htk; Label Naoki.a_g_e_s.1056.lab
 Utterance prob per frame = 2.922371e+01
 Processing Data: Naoki.b_a_d.1972.htk; Label Naoki.b_a_d.1972.lab
 Utterance prob per frame = 3.021541e+01
 Processing Data: Naoki.a_l_l.1287.htk; Label Naoki.a_l_l.1287.lab
 Utterance prob per frame = 3.297348e+01
 Processing Data: Naoki.b_l_u_e_s.353.htk; Label Naoki.b_l_u_e_s.353.lab
 Utterance prob per frame = 2.706524e+01
 Processing Data: Naoki.b_l_a_s_t.951.htk; Label Naoki.b_l_a_s_t.951.lab
 Utterance prob per frame = 2.554462e+01
 Processing Data: Naoki.b_a_c_k.1125.htk; Label Naoki.b_a_c_k.1125.lab
 Utterance prob per frame = 2.383298e+01
 Processing Data: Naoki.a_r_e.209.htk; Label Naoki.a_r_e.209.lab
 Utterance prob per frame = 2.914232e+01
 Processing Data: Naoki.b_a_d.808.htk; Label Naoki.b_a_d.808.lab
 Utterance prob per frame = 2.773701e+01
 Processing Data: Naoki.b_l_a_s_t.2115.htk; Label Naoki.b_l_a_s_t.2115.lab
 Utterance prob per frame = 2.761211e+01
 Processing Data: Naoki.b_l_u_e_s.1517.htk; Label Naoki.b_l_u_e_s.1517.lab
 Utterance prob per frame = 2.235259e+01
 Processing Data: Naoki.a_t.623.htk; Label Naoki.a_t.623.lab
 Utterance prob per frame = 3.083606e+01
 Processing Data: Naoki.a_s_k_e_d.956.htk; Label Naoki.a_s_k_e_d.956.lab
 Utterance prob per frame = 2.641426e+01
 Processing Data: Naoki.b_e_a_r_s.999.htk; Label Naoki.b_e_a_r_s.999.lab
 Utterance prob per frame = 2.843414e+01
 Processing Data: Naoki.b_i_k_e.267.htk; Label Naoki.b_i_k_e.267.lab
 Utterance prob per frame = 3.156075e+01
 Processing Data: Naoki.b_i_t_e_s.2182.htk; Label Naoki.b_i_t_e_s.2182.lab
 Utterance prob per frame = 2.991277e+01
 Processing Data: Naoki.a_s_k.858.htk; Label Naoki.a_s_k.858.lab
 Utterance prob per frame = 2.749071e+01
 Processing Data: Naoki.b_a_l_l.378.htk; Label Naoki.b_a_l_l.378.lab
 Utterance prob per frame = 3.472554e+01
 Processing Data: Naoki.a_d_u_l_t.1966.htk; Label Naoki.a_d_u_l_t.1966.lab
 Utterance prob per frame = 2.631105e+01
 Processing Data: Naoki.b_a_s_e_s.917.htk; Label Naoki.b_a_s_e_s.917.lab
 Utterance prob per frame = 2.962314e+01
 Processing Data: Naoki.a_f_t_e_r.2139.htk; Label Naoki.a_f_t_e_r.2139.lab
 Utterance prob per frame = 2.765698e+01
 WARNING [-2331]  UpdateModels: c[3] copied: only 1 egs
 in HERest
 WARNING [-2331]  UpdateModels: f[6] copied: only 2 egs
 in HERest
 WARNING [-2331]  UpdateModels: j[10] copied: only 0 egs
 in HERest
 WARNING [-2331]  UpdateModels: m[13] copied: only 1 egs
 in HERest
 WARNING [-2331]  UpdateModels: q[17] copied: only 0 egs
 in HERest
 WARNING [-2331]  UpdateModels: v[22] copied: only 0 egs
 in HERest
 WARNING [-2331]  UpdateModels: x[24] copied: only 0 egs
 in HERest
 WARNING [-2331]  UpdateModels: z[26] copied: only 0 egs
 in HERest
Total 150 floored variance elements in 17 different mixes
Saving hmm's to dir models/hmm46
Reestimation complete - average log prob per frame = 2.901997e+01
     - total frames seen          = 1.857700e+04
HERest -A -c 500.0 -v 0.0005 -A -H models/hmm46/newMacros -I all_labels.mlf -M models/hmm47 -S lists/train.data -T 1 wordList 
HERest -A -c 500.0 -v 0.0005 -A -H models/hmm46/newMacros -I all_labels.mlf -M models/hmm47 -S lists/train.data -T 1 wordList 
HERest  ML Updating: Transitions Means Variances MixWeights 

 System is PLAIN
28 Logical/28 Physical Models Loaded, VecSize=16
1 MMF input files
Pruning-Off
 Processing Data: Naoki.a_n_d.1589.htk; Label Naoki.a_n_d.1589.lab
 Utterance prob per frame = 2.529570e+01
 Processing Data: Naoki.b_i_t_e.1104.htk; Label Naoki.b_i_t_e.1104.lab
 Utterance prob per frame = 2.962330e+01
 Processing Data: Naoki.b_i_g.2098.htk; Label Naoki.b_i_g.2098.lab
 Utterance prob per frame = 2.876944e+01
 Processing Data: Naoki.b_o_o_k_s.2008.htk; Label Naoki.b_o_o_k_s.2008.lab
 Utterance prob per frame = 3.012475e+01
 Processing Data: Naoki.a_h_e_a_d.2231.htk; Label Naoki.a_h_e_a_d.2231.lab
 Utterance prob per frame = 2.693959e+01
 Processing Data: Naoki.b_o_s_s.1396.htk; Label Naoki.b_o_s_s.1396.lab
 Utterance prob per frame = 2.837222e+01
 Processing Data: Naoki.a_m.1850.htk; Label Naoki.a_m.1850.lab
 Utterance prob per frame = 3.192713e+01
 Processing Data: Naoki.a_f_t_e_r.975.htk; Label Naoki.a_f_t_e_r.975.lab
 Utterance prob per frame = 2.988972e+01
 Processing Data: Naoki.b_o_y_s.2050.htk; Label Naoki.b_o_y_s.2050.lab
 Utterance prob per frame = 3.252907e+01
 Processing Data: Naoki.b_a_n_k.1700.htk; Label Naoki.b_a_n_k.1700.lab
 Utterance prob per frame = 2.669990e+01
 Processing Data: Naoki.a_n_d.425.htk; Label Naoki.a_n_d.425.lab
 Utterance prob per frame = 2.936890e+01
 Processing Data: Naoki.a_h_e_a_d.1067.htk; Label Naoki.a_h_e_a_d.1067.lab
 Utterance prob per frame = 2.644121e+01
 Processing Data: Naoki.a_p_p_l_e.1983.htk; Label Naoki.a_p_p_l_e.1983.lab
 Utterance prob per frame = 3.209778e+01
 Processing Data: Naoki.b_i_l_l.381.htk; Label Naoki.b_i_l_l.381.lab
 Utterance prob per frame = 3.489271e+01
 Processing Data: Naoki.b_o_n_e.214.htk; Label Naoki.b_o_n_e.214.lab
 Utterance prob per frame = 3.200523e+01
 Processing Data: Naoki.a_l_l.123.htk; Label Naoki.a_l_l.123.lab
 Utterance prob per frame = 3.311264e+01
 Processing Data: Naoki.b_e_e_s.2001.htk; Label Naoki.b_e_e_s.2001.lab
 Utterance prob per frame = 3.163267e+01
 Processing Data: Naoki.a_n.1620.htk; Label Naoki.a_n.1620.lab
 Utterance prob per frame = 3.081037e+01
 Processing Data: Naoki.a_w_a_y.1807.htk; Label Naoki.a_w_a_y.1807.lab
 Utterance prob per frame = 2.524860e+01
 Processing Data: Naoki.a_r_e.1373.htk; Label Naoki.a_r_e.1373.lab
 Utterance prob per frame = 3.098693e+01
 Processing Data: Naoki.b_o_n_e.1378.htk; Label Naoki.b_o_n_e.1378.lab
 Utterance prob per frame = 3.129417e+01
 Processing Data: Naoki.b_e_e_r.2243.htk; Label Naoki.b_e_e_r.2243.lab
 Utterance prob per frame = 3.311178e+01
 Processing Data: Naoki.a_d_u_l_t.802.htk; Label Naoki.a_d_u_l_t.802.lab
 Utterance prob per frame = 2.108282e+01
 Processing Data: Naoki.a_g_a_i_n.812.htk; Label Naoki.a_g_a_i_n.812.lab
 Utterance prob per frame = 2.735115e+01
 Processing Data: Naoki.b_l_o_w.1110.htk; Label Naoki.b_l_o_w.1110.lab
 Utterance prob per frame = 2.571331e+01
 Processing Data: Naoki.b_a_r_e.1969.htk; Label Naoki.b_a_r_e.1969.lab
 Utterance prob per frame = 2.257233e+01
 Processing Data: Naoki.b_e_s_t.1540.htk; Label Naoki.b_e_s_t.1540.lab
 Utterance prob per frame = 2.588403e+01
 Processing Data: Naoki.b_i_r_t_h.697.htk; Label Naoki.b_i_r_t_h.697.lab
 Utterance prob per frame = 2.557899e+01
 Processing Data: Naoki.b_i_g.934.htk; Label Naoki.b_i_g.934.lab
 Utterance prob per frame = 3.369628e+01
 Processing Data: Naoki.b_e_e_n.2100.htk; Label Naoki.b_e_e_n.2100.lab
 Utterance prob per frame = 2.929960e+01
 Processing Data: Naoki.a_w_a_y.643.htk; Label Naoki.a_w_a_y.643.lab
 Utterance prob per frame = 2.888356e+01
 Processing Data: Naoki.b_i_l_l.1545.htk; Label Naoki.b_i_l_l.1545.lab
 Utterance prob per frame = 3.240986e+01
 Processing Data: Naoki.b_i_t_e.2268.htk; Label Naoki.b_i_t_e.2268.lab
 Utterance prob per frame = 2.632762e+01
 Processing Data: Naoki.b_e_e_s.837.htk; Label Naoki.b_e_e_s.837.lab
 Utterance prob per frame = 3.004860e+01
 Processing Data: Naoki.a_s.1985.htk; Label Naoki.a_s.1985.lab
 Utterance prob per frame = 3.750027e+01
 Processing Data: Naoki.b_i_r_d.1012.htk; Label Naoki.b_i_r_d.1012.lab
 Utterance prob per frame = 2.994371e+01
 Processing Data: Naoki.a_t_e.875.htk; Label Naoki.a_t_e.875.lab
 Utterance prob per frame = 2.943716e+01
 Processing Data: Naoki.b_o_y_s.886.htk; Label Naoki.b_o_y_s.886.lab
 Utterance prob per frame = 3.501117e+01
 Processing Data: Naoki.b_o_s_s.232.htk; Label Naoki.b_o_s_s.232.lab
 Utterance prob per frame = 3.101990e+01
 Processing Data: Naoki.b_i_k_e.1431.htk; Label Naoki.b_i_k_e.1431.lab
 Utterance prob per frame = 2.676047e+01
 Processing Data: Naoki.a_n_y.1639.htk; Label Naoki.a_n_y.1639.lab
 Utterance prob per frame = 3.059272e+01
 Processing Data: Naoki.a_t.1787.htk; Label Naoki.a_t.1787.lab
 Utterance prob per frame = 2.988384e+01
 Processing Data: Naoki.a_n_y.475.htk; Label Naoki.a_n_y.475.lab
 Utterance prob per frame = 2.732187e+01
 Processing Data: Naoki.a_s_k.2022.htk; Label Naoki.a_s_k.2022.lab
 Utterance prob per frame = 2.649259e+01
 Processing Data: Naoki.b_a_s_e_s.2081.htk; Label Naoki.b_a_s_e_s.2081.lab
 Utterance prob per frame = 2.486861e+01
 Processing Data: Naoki.b_e_a_r_s.2163.htk; Label Naoki.b_e_a_r_s.2163.lab
 Utterance prob per frame = 2.637855e+01
 Processing Data: Naoki.a_w_a_r_e.1556.htk; Label Naoki.a_w_a_r_e.1556.lab
 Utterance prob per frame = 2.638731e+01
 Processing Data: Naoki.a_s_k_e_d.2120.htk; Label Naoki.a_s_k_e_d.2120.lab
 Utterance prob per frame = 2.534093e+01
 Processing Data: Naoki.a_g_r_e_e.586.htk; Label Naoki.a_g_r_e_e.586.lab
 Utterance prob per frame = 3.046458e+01
 Processing Data: Naoki.b_a_r_e.805.htk; Label Naoki.b_a_r_e.805.lab
 Utterance prob per frame = 3.394349e+01
 Processing Data: Naoki.a_p_p_l_e.819.htk; Label Naoki.a_p_p_l_e.819.lab
 Utterance prob per frame = 2.982309e+01
 Processing Data: Naoki.a_t_e.2039.htk; Label Naoki.a_t_e.2039.lab
 Utterance prob per frame = 2.887127e+01
 Processing Data: Naoki.b_e.610.htk; Label Naoki.b_e.610.lab
 Utterance prob per frame = 3.255160e+01
 Processing Data: Naoki.b_e_e_r.1079.htk; Label Naoki.b_e_e_r.1079.lab
 Utterance prob per frame = 3.204162e+01
 Processing Data: Naoki.b_o_o_k_s.844.htk; Label Naoki.b_o_o_k_s.844.lab
 Utterance prob per frame = 2.817148e+01
 Processing Data: Naoki.a_s.821.htk; Label Naoki.a_s.821.lab
 Utterance prob per frame = 3.298241e+01
 Processing Data: Naoki.a_g_e_s.2220.htk; Label Naoki.a_g_e_s.2220.lab
 Utterance prob per frame = 3.000669e+01
 Processing Data: Naoki.b_a_n_k.536.htk; Label Naoki.b_a_n_k.536.lab
 Utterance prob per frame = 2.523087e+01
 Processing Data: Naoki.a.637.htk; Label Naoki.a.637.lab
 Utterance prob per frame = 3.376106e+01
 Processing Data: Naoki.b_i_r_t_h.1861.htk; Label Naoki.b_i_r_t_h.1861.lab
 Utterance prob per frame = 2.651151e+01
 Processing Data: Naoki.b_a_l_l.1542.htk; Label Naoki.b_a_l_l.1542.lab
 Utterance prob per frame = 3.296401e+01
 Processing Data: Naoki.a_g_a_i_n.1976.htk; Label Naoki.a_g_a_i_n.1976.lab
 Utterance prob per frame = 2.914391e+01
 Processing Data: Naoki.b_i_l_l_s.1725.htk; Label Naoki.b_i_l_l_s.1725.lab
 Utterance prob per frame = 3.565183e+01
 Processing Data: Naoki.a_w_a_r_e.392.htk; Label Naoki.a_w_a_r_e.392.lab
 Utterance prob per frame = 2.766651e+01
 Processing Data: Naoki.a_b_o_u_t.1572.htk; Label Naoki.a_b_o_u_t.1572.lab
 Utterance prob per frame = 3.048781e+01
 Processing Data: Naoki.b_a_t_h.1437.htk; Label Naoki.b_a_t_h.1437.lab
 Utterance prob per frame = 1.996964e+01
 Processing Data: Naoki.a_b_o_u_t.408.htk; Label Naoki.a_b_o_u_t.408.lab
 Utterance prob per frame = 2.845524e+01
 Processing Data: Naoki.b_l_o_w.2274.htk; Label Naoki.b_l_o_w.2274.lab
 Utterance prob per frame = 2.534043e+01
 Processing Data: Naoki.a.1801.htk; Label Naoki.a.1801.lab
 Utterance prob per frame = 3.127870e+01
 Processing Data: Naoki.b_i_t_e_s.1018.htk; Label Naoki.b_i_t_e_s.1018.lab
 Utterance prob per frame = 2.895090e+01
 Processing Data: Naoki.a_g_e_s.1056.htk; Label Naoki.a_g_e_s.1056.lab
 Utterance prob per frame = 2.925554e+01
 Processing Data: Naoki.b_a_d.1972.htk; Label Naoki.b_a_d.1972.lab
 Utterance prob per frame = 3.022626e+01
 Processing Data: Naoki.a_l_l.1287.htk; Label Naoki.a_l_l.1287.lab
 Utterance prob per frame = 3.299794e+01
 Processing Data: Naoki.b_l_u_e_s.353.htk; Label Naoki.b_l_u_e_s.353.lab
 Utterance prob per frame = 2.706928e+01
 Processing Data: Naoki.b_l_a_s_t.951.htk; Label Naoki.b_l_a_s_t.951.lab
 Utterance prob per frame = 2.555571e+01
 Processing Data: Naoki.b_a_c_k.1125.htk; Label Naoki.b_a_c_k.1125.lab
 Utterance prob per frame = 2.389950e+01
 Processing Data: Naoki.a_r_e.209.htk; Label Naoki.a_r_e.209.lab
 Utterance prob per frame = 2.922633e+01
 Processing Data: Naoki.b_a_d.808.htk; Label Naoki.b_a_d.808.lab
 Utterance prob per frame = 2.776099e+01
 Processing Data: Naoki.b_l_a_s_t.2115.htk; Label Naoki.b_l_a_s_t.2115.lab
 Utterance prob per frame = 2.763494e+01
 Processing Data: Naoki.b_l_u_e_s.1517.htk; Label Naoki.b_l_u_e_s.1517.lab
 Utterance prob per frame = 2.242714e+01
 Processing Data: Naoki.a_t.623.htk; Label Naoki.a_t.623.lab
 Utterance prob per frame = 3.084089e+01
 Processing Data: Naoki.a_s_k_e_d.956.htk; Label Naoki.a_s_k_e_d.956.lab
 Utterance prob per frame = 2.641642e+01
 Processing Data: Naoki.b_e_a_r_s.999.htk; Label Naoki.b_e_a_r_s.999.lab
 Utterance prob per frame = 2.845689e+01
 Processing Data: Naoki.b_i_k_e.267.htk; Label Naoki.b_i_k_e.267.lab
 Utterance prob per frame = 3.162282e+01
 Processing Data: Naoki.b_i_t_e_s.2182.htk; Label Naoki.b_i_t_e_s.2182.lab
 Utterance prob per frame = 2.994753e+01
 Processing Data: Naoki.a_s_k.858.htk; Label Naoki.a_s_k.858.lab
 Utterance prob per frame = 2.755699e+01
 Processing Data: Naoki.b_a_l_l.378.htk; Label Naoki.b_a_l_l.378.lab
 Utterance prob per frame = 3.474898e+01
 Processing Data: Naoki.a_d_u_l_t.1966.htk; Label Naoki.a_d_u_l_t.1966.lab
 Utterance prob per frame = 2.632144e+01
 Processing Data: Naoki.b_a_s_e_s.917.htk; Label Naoki.b_a_s_e_s.917.lab
 Utterance prob per frame = 2.966818e+01
 Processing Data: Naoki.a_f_t_e_r.2139.htk; Label Naoki.a_f_t_e_r.2139.lab
 Utterance prob per frame = 2.767310e+01
 WARNING [-2331]  UpdateModels: c[3] copied: only 1 egs
 in HERest
 WARNING [-2331]  UpdateModels: f[6] copied: only 2 egs
 in HERest
 WARNING [-2331]  UpdateModels: j[10] copied: only 0 egs
 in HERest
 WARNING [-2331]  UpdateModels: m[13] copied: only 1 egs
 in HERest
 WARNING [-2331]  UpdateModels: q[17] copied: only 0 egs
 in HERest
 WARNING [-2331]  UpdateModels: v[22] copied: only 0 egs
 in HERest
 WARNING [-2331]  UpdateModels: x[24] copied: only 0 egs
 in HERest
 WARNING [-2331]  UpdateModels: z[26] copied: only 0 egs
 in HERest
Total 150 floored variance elements in 17 different mixes
Saving hmm's to dir models/hmm47
Reestimation complete - average log prob per frame = 2.906651e+01
     - total frames seen          = 1.857700e+04
HERest -A -c 500.0 -v 0.0005 -A -H models/hmm47/newMacros -I all_labels.mlf -M models/hmm48 -S lists/train.data -T 1 wordList 
HERest -A -c 500.0 -v 0.0005 -A -H models/hmm47/newMacros -I all_labels.mlf -M models/hmm48 -S lists/train.data -T 1 wordList 
HERest  ML Updating: Transitions Means Variances MixWeights 

 System is PLAIN
28 Logical/28 Physical Models Loaded, VecSize=16
1 MMF input files
Pruning-Off
 Processing Data: Naoki.a_n_d.1589.htk; Label Naoki.a_n_d.1589.lab
 Utterance prob per frame = 2.543370e+01
 Processing Data: Naoki.b_i_t_e.1104.htk; Label Naoki.b_i_t_e.1104.lab
 Utterance prob per frame = 2.968126e+01
 Processing Data: Naoki.b_i_g.2098.htk; Label Naoki.b_i_g.2098.lab
 Utterance prob per frame = 2.888610e+01
 Processing Data: Naoki.b_o_o_k_s.2008.htk; Label Naoki.b_o_o_k_s.2008.lab
 Utterance prob per frame = 3.013753e+01
 Processing Data: Naoki.a_h_e_a_d.2231.htk; Label Naoki.a_h_e_a_d.2231.lab
 Utterance prob per frame = 2.701748e+01
 Processing Data: Naoki.b_o_s_s.1396.htk; Label Naoki.b_o_s_s.1396.lab
 Utterance prob per frame = 2.926565e+01
 Processing Data: Naoki.a_m.1850.htk; Label Naoki.a_m.1850.lab
 Utterance prob per frame = 3.198252e+01
 Processing Data: Naoki.a_f_t_e_r.975.htk; Label Naoki.a_f_t_e_r.975.lab
 Utterance prob per frame = 2.995469e+01
 Processing Data: Naoki.b_o_y_s.2050.htk; Label Naoki.b_o_y_s.2050.lab
 Utterance prob per frame = 3.256727e+01
 Processing Data: Naoki.b_a_n_k.1700.htk; Label Naoki.b_a_n_k.1700.lab
 Utterance prob per frame = 2.679489e+01
 Processing Data: Naoki.a_n_d.425.htk; Label Naoki.a_n_d.425.lab
 Utterance prob per frame = 2.948593e+01
 Processing Data: Naoki.a_h_e_a_d.1067.htk; Label Naoki.a_h_e_a_d.1067.lab
 Utterance prob per frame = 2.648993e+01
 Processing Data: Naoki.a_p_p_l_e.1983.htk; Label Naoki.a_p_p_l_e.1983.lab
 Utterance prob per frame = 3.211257e+01
 Processing Data: Naoki.b_i_l_l.381.htk; Label Naoki.b_i_l_l.381.lab
 Utterance prob per frame = 3.491589e+01
 Processing Data: Naoki.b_o_n_e.214.htk; Label Naoki.b_o_n_e.214.lab
 Utterance prob per frame = 3.205505e+01
 Processing Data: Naoki.a_l_l.123.htk; Label Naoki.a_l_l.123.lab
 Utterance prob per frame = 3.378569e+01
 Processing Data: Naoki.b_e_e_s.2001.htk; Label Naoki.b_e_e_s.2001.lab
 Utterance prob per frame = 3.162874e+01
 Processing Data: Naoki.a_n.1620.htk; Label Naoki.a_n.1620.lab
 Utterance prob per frame = 3.088893e+01
 Processing Data: Naoki.a_w_a_y.1807.htk; Label Naoki.a_w_a_y.1807.lab
 Utterance prob per frame = 2.533325e+01
 Processing Data: Naoki.a_r_e.1373.htk; Label Naoki.a_r_e.1373.lab
 Utterance prob per frame = 3.103846e+01
 Processing Data: Naoki.b_o_n_e.1378.htk; Label Naoki.b_o_n_e.1378.lab
 Utterance prob per frame = 3.133091e+01
 Processing Data: Naoki.b_e_e_r.2243.htk; Label Naoki.b_e_e_r.2243.lab
 Utterance prob per frame = 3.316040e+01
 Processing Data: Naoki.a_d_u_l_t.802.htk; Label Naoki.a_d_u_l_t.802.lab
 Utterance prob per frame = 2.131348e+01
 Processing Data: Naoki.a_g_a_i_n.812.htk; Label Naoki.a_g_a_i_n.812.lab
 Utterance prob per frame = 2.740230e+01
 Processing Data: Naoki.b_l_o_w.1110.htk; Label Naoki.b_l_o_w.1110.lab
 Utterance prob per frame = 2.586079e+01
 Processing Data: Naoki.b_a_r_e.1969.htk; Label Naoki.b_a_r_e.1969.lab
 Utterance prob per frame = 2.302184e+01
 Processing Data: Naoki.b_e_s_t.1540.htk; Label Naoki.b_e_s_t.1540.lab
 Utterance prob per frame = 2.593864e+01
 Processing Data: Naoki.b_i_r_t_h.697.htk; Label Naoki.b_i_r_t_h.697.lab
 Utterance prob per frame = 2.576530e+01
 Processing Data: Naoki.b_i_g.934.htk; Label Naoki.b_i_g.934.lab
 Utterance prob per frame = 3.379065e+01
 Processing Data: Naoki.b_e_e_n.2100.htk; Label Naoki.b_e_e_n.2100.lab
 Utterance prob per frame = 2.934531e+01
 Processing Data: Naoki.a_w_a_y.643.htk; Label Naoki.a_w_a_y.643.lab
 Utterance prob per frame = 2.894732e+01
 Processing Data: Naoki.b_i_l_l.1545.htk; Label Naoki.b_i_l_l.1545.lab
 Utterance prob per frame = 3.243463e+01
 Processing Data: Naoki.b_i_t_e.2268.htk; Label Naoki.b_i_t_e.2268.lab
 Utterance prob per frame = 2.638651e+01
 Processing Data: Naoki.b_e_e_s.837.htk; Label Naoki.b_e_e_s.837.lab
 Utterance prob per frame = 3.015843e+01
 Processing Data: Naoki.a_s.1985.htk; Label Naoki.a_s.1985.lab
 Utterance prob per frame = 3.755848e+01
 Processing Data: Naoki.b_i_r_d.1012.htk; Label Naoki.b_i_r_d.1012.lab
 Utterance prob per frame = 3.001996e+01
 Processing Data: Naoki.a_t_e.875.htk; Label Naoki.a_t_e.875.lab
 Utterance prob per frame = 2.961211e+01
 Processing Data: Naoki.b_o_y_s.886.htk; Label Naoki.b_o_y_s.886.lab
 Utterance prob per frame = 3.505253e+01
 Processing Data: Naoki.b_o_s_s.232.htk; Label Naoki.b_o_s_s.232.lab
 Utterance prob per frame = 3.106657e+01
 Processing Data: Naoki.b_i_k_e.1431.htk; Label Naoki.b_i_k_e.1431.lab
 Utterance prob per frame = 2.684503e+01
 Processing Data: Naoki.a_n_y.1639.htk; Label Naoki.a_n_y.1639.lab
 Utterance prob per frame = 3.071488e+01
 Processing Data: Naoki.a_t.1787.htk; Label Naoki.a_t.1787.lab
 Utterance prob per frame = 2.990263e+01
 Processing Data: Naoki.a_n_y.475.htk; Label Naoki.a_n_y.475.lab
 Utterance prob per frame = 2.745444e+01
 Processing Data: Naoki.a_s_k.2022.htk; Label Naoki.a_s_k.2022.lab
 Utterance prob per frame = 2.647325e+01
 Processing Data: Naoki.b_a_s_e_s.2081.htk; Label Naoki.b_a_s_e_s.2081.lab
 Utterance prob per frame = 2.493378e+01
 Processing Data: Naoki.b_e_a_r_s.2163.htk; Label Naoki.b_e_a_r_s.2163.lab
 Utterance prob per frame = 2.646706e+01
 Processing Data: Naoki.a_w_a_r_e.1556.htk; Label Naoki.a_w_a_r_e.1556.lab
 Utterance prob per frame = 2.643512e+01
 Processing Data: Naoki.a_s_k_e_d.2120.htk; Label Naoki.a_s_k_e_d.2120.lab
 Utterance prob per frame = 2.539454e+01
 Processing Data: Naoki.a_g_r_e_e.586.htk; Label Naoki.a_g_r_e_e.586.lab
 Utterance prob per frame = 3.051189e+01
 Processing Data: Naoki.b_a_r_e.805.htk; Label Naoki.b_a_r_e.805.lab
 Utterance prob per frame = 3.404500e+01
 Processing Data: Naoki.a_p_p_l_e.819.htk; Label Naoki.a_p_p_l_e.819.lab
 Utterance prob per frame = 2.987616e+01
 Processing Data: Naoki.a_t_e.2039.htk; Label Naoki.a_t_e.2039.lab
 Utterance prob per frame = 2.890960e+01
 Processing Data: Naoki.b_e.610.htk; Label Naoki.b_e.610.lab
 Utterance prob per frame = 3.272167e+01
 Processing Data: Naoki.b_e_e_r.1079.htk; Label Naoki.b_e_e_r.1079.lab
 Utterance prob per frame = 3.218146e+01
 Processing Data: Naoki.b_o_o_k_s.844.htk; Label Naoki.b_o_o_k_s.844.lab
 Utterance prob per frame = 2.818547e+01
 Processing Data: Naoki.a_s.821.htk; Label Naoki.a_s.821.lab
 Utterance prob per frame = 3.308057e+01
 Processing Data: Naoki.a_g_e_s.2220.htk; Label Naoki.a_g_e_s.2220.lab
 Utterance prob per frame = 3.013487e+01
 Processing Data: Naoki.b_a_n_k.536.htk; Label Naoki.b_a_n_k.536.lab
 Utterance prob per frame = 2.540736e+01
 Processing Data: Naoki.a.637.htk; Label Naoki.a.637.lab
 Utterance prob per frame = 3.378672e+01
 Processing Data: Naoki.b_i_r_t_h.1861.htk; Label Naoki.b_i_r_t_h.1861.lab
 Utterance prob per frame = 2.653965e+01
 Processing Data: Naoki.b_a_l_l.1542.htk; Label Naoki.b_a_l_l.1542.lab
 Utterance prob per frame = 3.336411e+01
 Processing Data: Naoki.a_g_a_i_n.1976.htk; Label Naoki.a_g_a_i_n.1976.lab
 Utterance prob per frame = 2.920202e+01
 Processing Data: Naoki.b_i_l_l_s.1725.htk; Label Naoki.b_i_l_l_s.1725.lab
 Utterance prob per frame = 3.570825e+01
 Processing Data: Naoki.a_w_a_r_e.392.htk; Label Naoki.a_w_a_r_e.392.lab
 Utterance prob per frame = 2.771823e+01
 Processing Data: Naoki.a_b_o_u_t.1572.htk; Label Naoki.a_b_o_u_t.1572.lab
 Utterance prob per frame = 3.052021e+01
 Processing Data: Naoki.b_a_t_h.1437.htk; Label Naoki.b_a_t_h.1437.lab
 Utterance prob per frame = 2.072643e+01
 Processing Data: Naoki.a_b_o_u_t.408.htk; Label Naoki.a_b_o_u_t.408.lab
 Utterance prob per frame = 2.857754e+01
 Processing Data: Naoki.b_l_o_w.2274.htk; Label Naoki.b_l_o_w.2274.lab
 Utterance prob per frame = 2.561772e+01
 Processing Data: Naoki.a.1801.htk; Label Naoki.a.1801.lab
 Utterance prob per frame = 3.143178e+01
 Processing Data: Naoki.b_i_t_e_s.1018.htk; Label Naoki.b_i_t_e_s.1018.lab
 Utterance prob per frame = 2.899527e+01
 Processing Data: Naoki.a_g_e_s.1056.htk; Label Naoki.a_g_e_s.1056.lab
 Utterance prob per frame = 2.931468e+01
 Processing Data: Naoki.b_a_d.1972.htk; Label Naoki.b_a_d.1972.lab
 Utterance prob per frame = 3.023996e+01
 Processing Data: Naoki.a_l_l.1287.htk; Label Naoki.a_l_l.1287.lab
 Utterance prob per frame = 3.299710e+01
 Processing Data: Naoki.b_l_u_e_s.353.htk; Label Naoki.b_l_u_e_s.353.lab
 Utterance prob per frame = 2.708166e+01
 Processing Data: Naoki.b_l_a_s_t.951.htk; Label Naoki.b_l_a_s_t.951.lab
 Utterance prob per frame = 2.563249e+01
 Processing Data: Naoki.b_a_c_k.1125.htk; Label Naoki.b_a_c_k.1125.lab
 Utterance prob per frame = 2.398988e+01
 Processing Data: Naoki.a_r_e.209.htk; Label Naoki.a_r_e.209.lab
 Utterance prob per frame = 2.940589e+01
 Processing Data: Naoki.b_a_d.808.htk; Label Naoki.b_a_d.808.lab
 Utterance prob per frame = 2.779601e+01
 Processing Data: Naoki.b_l_a_s_t.2115.htk; Label Naoki.b_l_a_s_t.2115.lab
 Utterance prob per frame = 2.768025e+01
 Processing Data: Naoki.b_l_u_e_s.1517.htk; Label Naoki.b_l_u_e_s.1517.lab
 Utterance prob per frame = 2.254127e+01
 Processing Data: Naoki.a_t.623.htk; Label Naoki.a_t.623.lab
 Utterance prob per frame = 3.095461e+01
 Processing Data: Naoki.a_s_k_e_d.956.htk; Label Naoki.a_s_k_e_d.956.lab
 Utterance prob per frame = 2.643023e+01
 Processing Data: Naoki.b_e_a_r_s.999.htk; Label Naoki.b_e_a_r_s.999.lab
 Utterance prob per frame = 2.848463e+01
 Processing Data: Naoki.b_i_k_e.267.htk; Label Naoki.b_i_k_e.267.lab
 Utterance prob per frame = 3.172258e+01
 Processing Data: Naoki.b_i_t_e_s.2182.htk; Label Naoki.b_i_t_e_s.2182.lab
 Utterance prob per frame = 2.999437e+01
 Processing Data: Naoki.a_s_k.858.htk; Label Naoki.a_s_k.858.lab
 Utterance prob per frame = 2.769176e+01
 Processing Data: Naoki.b_a_l_l.378.htk; Label Naoki.b_a_l_l.378.lab
 Utterance prob per frame = 3.476554e+01
 Processing Data: Naoki.a_d_u_l_t.1966.htk; Label Naoki.a_d_u_l_t.1966.lab
 Utterance prob per frame = 2.638408e+01
 Processing Data: Naoki.b_a_s_e_s.917.htk; Label Naoki.b_a_s_e_s.917.lab
 Utterance prob per frame = 2.974455e+01
 Processing Data: Naoki.a_f_t_e_r.2139.htk; Label Naoki.a_f_t_e_r.2139.lab
 Utterance prob per frame = 2.773627e+01
 WARNING [-2331]  UpdateModels: c[3] copied: only 1 egs
 in HERest
 WARNING [-2331]  UpdateModels: f[6] copied: only 2 egs
 in HERest
 WARNING [-2331]  UpdateModels: j[10] copied: only 0 egs
 in HERest
 WARNING [-2331]  UpdateModels: m[13] copied: only 1 egs
 in HERest
 WARNING [-2331]  UpdateModels: q[17] copied: only 0 egs
 in HERest
 WARNING [-2331]  UpdateModels: v[22] copied: only 0 egs
 in HERest
 WARNING [-2331]  UpdateModels: x[24] copied: only 0 egs
 in HERest
 WARNING [-2331]  UpdateModels: z[26] copied: only 0 egs
 in HERest
Total 149 floored variance elements in 17 different mixes
Saving hmm's to dir models/hmm48
Reestimation complete - average log prob per frame = 2.916804e+01
     - total frames seen          = 1.857700e+04
HERest -A -c 500.0 -v 0.0005 -A -H models/hmm48/newMacros -I all_labels.mlf -M models/hmm49 -S lists/train.data -T 1 wordList 
HERest -A -c 500.0 -v 0.0005 -A -H models/hmm48/newMacros -I all_labels.mlf -M models/hmm49 -S lists/train.data -T 1 wordList 
HERest  ML Updating: Transitions Means Variances MixWeights 

 System is PLAIN
28 Logical/28 Physical Models Loaded, VecSize=16
1 MMF input files
Pruning-Off
 Processing Data: Naoki.a_n_d.1589.htk; Label Naoki.a_n_d.1589.lab
 Utterance prob per frame = 2.548979e+01
 Processing Data: Naoki.b_i_t_e.1104.htk; Label Naoki.b_i_t_e.1104.lab
 Utterance prob per frame = 2.966397e+01
 Processing Data: Naoki.b_i_g.2098.htk; Label Naoki.b_i_g.2098.lab
 Utterance prob per frame = 2.885600e+01
 Processing Data: Naoki.b_o_o_k_s.2008.htk; Label Naoki.b_o_o_k_s.2008.lab
 Utterance prob per frame = 3.015093e+01
 Processing Data: Naoki.a_h_e_a_d.2231.htk; Label Naoki.a_h_e_a_d.2231.lab
 Utterance prob per frame = 2.704260e+01
 Processing Data: Naoki.b_o_s_s.1396.htk; Label Naoki.b_o_s_s.1396.lab
 Utterance prob per frame = 2.947764e+01
 Processing Data: Naoki.a_m.1850.htk; Label Naoki.a_m.1850.lab
 Utterance prob per frame = 3.192356e+01
 Processing Data: Naoki.a_f_t_e_r.975.htk; Label Naoki.a_f_t_e_r.975.lab
 Utterance prob per frame = 2.996346e+01
 Processing Data: Naoki.b_o_y_s.2050.htk; Label Naoki.b_o_y_s.2050.lab
 Utterance prob per frame = 3.257169e+01
 Processing Data: Naoki.b_a_n_k.1700.htk; Label Naoki.b_a_n_k.1700.lab
 Utterance prob per frame = 2.682196e+01
 Processing Data: Naoki.a_n_d.425.htk; Label Naoki.a_n_d.425.lab
 Utterance prob per frame = 2.953074e+01
 Processing Data: Naoki.a_h_e_a_d.1067.htk; Label Naoki.a_h_e_a_d.1067.lab
 Utterance prob per frame = 2.648083e+01
 Processing Data: Naoki.a_p_p_l_e.1983.htk; Label Naoki.a_p_p_l_e.1983.lab
 Utterance prob per frame = 3.207814e+01
 Processing Data: Naoki.b_i_l_l.381.htk; Label Naoki.b_i_l_l.381.lab
 Utterance prob per frame = 3.492944e+01
 Processing Data: Naoki.b_o_n_e.214.htk; Label Naoki.b_o_n_e.214.lab
 Utterance prob per frame = 3.204278e+01
 Processing Data: Naoki.a_l_l.123.htk; Label Naoki.a_l_l.123.lab
 Utterance prob per frame = 3.420836e+01
 Processing Data: Naoki.b_e_e_s.2001.htk; Label Naoki.b_e_e_s.2001.lab
 Utterance prob per frame = 3.161236e+01
 Processing Data: Naoki.a_n.1620.htk; Label Naoki.a_n.1620.lab
 Utterance prob per frame = 3.089826e+01
 Processing Data: Naoki.a_w_a_y.1807.htk; Label Naoki.a_w_a_y.1807.lab
 Utterance prob per frame = 2.537170e+01
 Processing Data: Naoki.a_r_e.1373.htk; Label Naoki.a_r_e.1373.lab
 Utterance prob per frame = 3.108510e+01
 Processing Data: Naoki.b_o_n_e.1378.htk; Label Naoki.b_o_n_e.1378.lab
 Utterance prob per frame = 3.135058e+01
 Processing Data: Naoki.b_e_e_r.2243.htk; Label Naoki.b_e_e_r.2243.lab
 Utterance prob per frame = 3.316565e+01
 Processing Data: Naoki.a_d_u_l_t.802.htk; Label Naoki.a_d_u_l_t.802.lab
 Utterance prob per frame = 2.138645e+01
 Processing Data: Naoki.a_g_a_i_n.812.htk; Label Naoki.a_g_a_i_n.812.lab
 Utterance prob per frame = 2.743239e+01
 Processing Data: Naoki.b_l_o_w.1110.htk; Label Naoki.b_l_o_w.1110.lab
 Utterance prob per frame = 2.586885e+01
 Processing Data: Naoki.b_a_r_e.1969.htk; Label Naoki.b_a_r_e.1969.lab
 Utterance prob per frame = 2.316962e+01
 Processing Data: Naoki.b_e_s_t.1540.htk; Label Naoki.b_e_s_t.1540.lab
 Utterance prob per frame = 2.594645e+01
 Processing Data: Naoki.b_i_r_t_h.697.htk; Label Naoki.b_i_r_t_h.697.lab
 Utterance prob per frame = 2.583875e+01
 Processing Data: Naoki.b_i_g.934.htk; Label Naoki.b_i_g.934.lab
 Utterance prob per frame = 3.381215e+01
 Processing Data: Naoki.b_e_e_n.2100.htk; Label Naoki.b_e_e_n.2100.lab
 Utterance prob per frame = 2.935000e+01
 Processing Data: Naoki.a_w_a_y.643.htk; Label Naoki.a_w_a_y.643.lab
 Utterance prob per frame = 2.897603e+01
 Processing Data: Naoki.b_i_l_l.1545.htk; Label Naoki.b_i_l_l.1545.lab
 Utterance prob per frame = 3.244639e+01
 Processing Data: Naoki.b_i_t_e.2268.htk; Label Naoki.b_i_t_e.2268.lab
 Utterance prob per frame = 2.637334e+01
 Processing Data: Naoki.b_e_e_s.837.htk; Label Naoki.b_e_e_s.837.lab
 Utterance prob per frame = 3.019173e+01
 Processing Data: Naoki.a_s.1985.htk; Label Naoki.a_s.1985.lab
 Utterance prob per frame = 3.755011e+01
 Processing Data: Naoki.b_i_r_d.1012.htk; Label Naoki.b_i_r_d.1012.lab
 Utterance prob per frame = 3.004996e+01
 Processing Data: Naoki.a_t_e.875.htk; Label Naoki.a_t_e.875.lab
 Utterance prob per frame = 2.964262e+01
 Processing Data: Naoki.b_o_y_s.886.htk; Label Naoki.b_o_y_s.886.lab
 Utterance prob per frame = 3.504497e+01
 Processing Data: Naoki.b_o_s_s.232.htk; Label Naoki.b_o_s_s.232.lab
 Utterance prob per frame = 3.107168e+01
 Processing Data: Naoki.b_i_k_e.1431.htk; Label Naoki.b_i_k_e.1431.lab
 Utterance prob per frame = 2.685719e+01
 Processing Data: Naoki.a_n_y.1639.htk; Label Naoki.a_n_y.1639.lab
 Utterance prob per frame = 3.075847e+01
 Processing Data: Naoki.a_t.1787.htk; Label Naoki.a_t.1787.lab
 Utterance prob per frame = 2.994965e+01
 Processing Data: Naoki.a_n_y.475.htk; Label Naoki.a_n_y.475.lab
 Utterance prob per frame = 2.750227e+01
 Processing Data: Naoki.a_s_k.2022.htk; Label Naoki.a_s_k.2022.lab
 Utterance prob per frame = 2.647127e+01
 Processing Data: Naoki.b_a_s_e_s.2081.htk; Label Naoki.b_a_s_e_s.2081.lab
 Utterance prob per frame = 2.498127e+01
 Processing Data: Naoki.b_e_a_r_s.2163.htk; Label Naoki.b_e_a_r_s.2163.lab
 Utterance prob per frame = 2.649686e+01
 Processing Data: Naoki.a_w_a_r_e.1556.htk; Label Naoki.a_w_a_r_e.1556.lab
 Utterance prob per frame = 2.647402e+01
 Processing Data: Naoki.a_s_k_e_d.2120.htk; Label Naoki.a_s_k_e_d.2120.lab
 Utterance prob per frame = 2.540441e+01
 Processing Data: Naoki.a_g_r_e_e.586.htk; Label Naoki.a_g_r_e_e.586.lab
 Utterance prob per frame = 3.051402e+01
 Processing Data: Naoki.b_a_r_e.805.htk; Label Naoki.b_a_r_e.805.lab
 Utterance prob per frame = 3.407429e+01
 Processing Data: Naoki.a_p_p_l_e.819.htk; Label Naoki.a_p_p_l_e.819.lab
 Utterance prob per frame = 2.990087e+01
 Processing Data: Naoki.a_t_e.2039.htk; Label Naoki.a_t_e.2039.lab
 Utterance prob per frame = 2.892792e+01
 Processing Data: Naoki.b_e.610.htk; Label Naoki.b_e.610.lab
 Utterance prob per frame = 3.275956e+01
 Processing Data: Naoki.b_e_e_r.1079.htk; Label Naoki.b_e_e_r.1079.lab
 Utterance prob per frame = 3.225348e+01
 Processing Data: Naoki.b_o_o_k_s.844.htk; Label Naoki.b_o_o_k_s.844.lab
 Utterance prob per frame = 2.819902e+01
 Processing Data: Naoki.a_s.821.htk; Label Naoki.a_s.821.lab
 Utterance prob per frame = 3.311275e+01
 Processing Data: Naoki.a_g_e_s.2220.htk; Label Naoki.a_g_e_s.2220.lab
 Utterance prob per frame = 3.016208e+01
 Processing Data: Naoki.b_a_n_k.536.htk; Label Naoki.b_a_n_k.536.lab
 Utterance prob per frame = 2.541743e+01
 Processing Data: Naoki.a.637.htk; Label Naoki.a.637.lab
 Utterance prob per frame = 3.385029e+01
 Processing Data: Naoki.b_i_r_t_h.1861.htk; Label Naoki.b_i_r_t_h.1861.lab
 Utterance prob per frame = 2.655564e+01
 Processing Data: Naoki.b_a_l_l.1542.htk; Label Naoki.b_a_l_l.1542.lab
 Utterance prob per frame = 3.347624e+01
 Processing Data: Naoki.a_g_a_i_n.1976.htk; Label Naoki.a_g_a_i_n.1976.lab
 Utterance prob per frame = 2.922736e+01
 Processing Data: Naoki.b_i_l_l_s.1725.htk; Label Naoki.b_i_l_l_s.1725.lab
 Utterance prob per frame = 3.569098e+01
 Processing Data: Naoki.a_w_a_r_e.392.htk; Label Naoki.a_w_a_r_e.392.lab
 Utterance prob per frame = 2.771120e+01
 Processing Data: Naoki.a_b_o_u_t.1572.htk; Label Naoki.a_b_o_u_t.1572.lab
 Utterance prob per frame = 3.051725e+01
 Processing Data: Naoki.b_a_t_h.1437.htk; Label Naoki.b_a_t_h.1437.lab
 Utterance prob per frame = 2.099624e+01
 Processing Data: Naoki.a_b_o_u_t.408.htk; Label Naoki.a_b_o_u_t.408.lab
 Utterance prob per frame = 2.861177e+01
 Processing Data: Naoki.b_l_o_w.2274.htk; Label Naoki.b_l_o_w.2274.lab
 Utterance prob per frame = 2.575929e+01
 Processing Data: Naoki.a.1801.htk; Label Naoki.a.1801.lab
 Utterance prob per frame = 3.146267e+01
 Processing Data: Naoki.b_i_t_e_s.1018.htk; Label Naoki.b_i_t_e_s.1018.lab
 Utterance prob per frame = 2.900144e+01
 Processing Data: Naoki.a_g_e_s.1056.htk; Label Naoki.a_g_e_s.1056.lab
 Utterance prob per frame = 2.934306e+01
 Processing Data: Naoki.b_a_d.1972.htk; Label Naoki.b_a_d.1972.lab
 Utterance prob per frame = 3.022722e+01
 Processing Data: Naoki.a_l_l.1287.htk; Label Naoki.a_l_l.1287.lab
 Utterance prob per frame = 3.301585e+01
 Processing Data: Naoki.b_l_u_e_s.353.htk; Label Naoki.b_l_u_e_s.353.lab
 Utterance prob per frame = 2.707611e+01
 Processing Data: Naoki.b_l_a_s_t.951.htk; Label Naoki.b_l_a_s_t.951.lab
 Utterance prob per frame = 2.567751e+01
 Processing Data: Naoki.b_a_c_k.1125.htk; Label Naoki.b_a_c_k.1125.lab
 Utterance prob per frame = 2.402302e+01
 Processing Data: Naoki.a_r_e.209.htk; Label Naoki.a_r_e.209.lab
 Utterance prob per frame = 2.943441e+01
 Processing Data: Naoki.b_a_d.808.htk; Label Naoki.b_a_d.808.lab
 Utterance prob per frame = 2.783222e+01
 Processing Data: Naoki.b_l_a_s_t.2115.htk; Label Naoki.b_l_a_s_t.2115.lab
 Utterance prob per frame = 2.765026e+01
 Processing Data: Naoki.b_l_u_e_s.1517.htk; Label Naoki.b_l_u_e_s.1517.lab
 Utterance prob per frame = 2.260720e+01
 Processing Data: Naoki.a_t.623.htk; Label Naoki.a_t.623.lab
 Utterance prob per frame = 3.101577e+01
 Processing Data: Naoki.a_s_k_e_d.956.htk; Label Naoki.a_s_k_e_d.956.lab
 Utterance prob per frame = 2.646713e+01
 Processing Data: Naoki.b_e_a_r_s.999.htk; Label Naoki.b_e_a_r_s.999.lab
 Utterance prob per frame = 2.847099e+01
 Processing Data: Naoki.b_i_k_e.267.htk; Label Naoki.b_i_k_e.267.lab
 Utterance prob per frame = 3.172642e+01
 Processing Data: Naoki.b_i_t_e_s.2182.htk; Label Naoki.b_i_t_e_s.2182.lab
 Utterance prob per frame = 2.999346e+01
 Processing Data: Naoki.a_s_k.858.htk; Label Naoki.a_s_k.858.lab
 Utterance prob per frame = 2.772088e+01
 Processing Data: Naoki.b_a_l_l.378.htk; Label Naoki.b_a_l_l.378.lab
 Utterance prob per frame = 3.474476e+01
 Processing Data: Naoki.a_d_u_l_t.1966.htk; Label Naoki.a_d_u_l_t.1966.lab
 Utterance prob per frame = 2.639658e+01
 Processing Data: Naoki.b_a_s_e_s.917.htk; Label Naoki.b_a_s_e_s.917.lab
 Utterance prob per frame = 2.975685e+01
 Processing Data: Naoki.a_f_t_e_r.2139.htk; Label Naoki.a_f_t_e_r.2139.lab
 Utterance prob per frame = 2.776972e+01
 WARNING [-2331]  UpdateModels: c[3] copied: only 1 egs
 in HERest
 WARNING [-2331]  UpdateModels: f[6] copied: only 2 egs
 in HERest
 WARNING [-2331]  UpdateModels: j[10] copied: only 0 egs
 in HERest
 WARNING [-2331]  UpdateModels: m[13] copied: only 1 egs
 in HERest
 WARNING [-2331]  UpdateModels: q[17] copied: only 0 egs
 in HERest
 WARNING [-2331]  UpdateModels: v[22] copied: only 0 egs
 in HERest
 WARNING [-2331]  UpdateModels: x[24] copied: only 0 egs
 in HERest
 WARNING [-2331]  UpdateModels: z[26] copied: only 0 egs
 in HERest
Total 147 floored variance elements in 17 different mixes
Saving hmm's to dir models/hmm49
Reestimation complete - average log prob per frame = 2.919736e+01
     - total frames seen          = 1.857700e+04
HERest -A -c 500.0 -v 0.0005 -A -H models/hmm49/newMacros -I all_labels.mlf -M models/hmm50 -S lists/train.data -T 1 wordList 
HERest -A -c 500.0 -v 0.0005 -A -H models/hmm49/newMacros -I all_labels.mlf -M models/hmm50 -S lists/train.data -T 1 wordList 
HERest  ML Updating: Transitions Means Variances MixWeights 

 System is PLAIN
28 Logical/28 Physical Models Loaded, VecSize=16
1 MMF input files
Pruning-Off
 Processing Data: Naoki.a_n_d.1589.htk; Label Naoki.a_n_d.1589.lab
 Utterance prob per frame = 2.551046e+01
 Processing Data: Naoki.b_i_t_e.1104.htk; Label Naoki.b_i_t_e.1104.lab
 Utterance prob per frame = 2.964300e+01
 Processing Data: Naoki.b_i_g.2098.htk; Label Naoki.b_i_g.2098.lab
 Utterance prob per frame = 2.891775e+01
 Processing Data: Naoki.b_o_o_k_s.2008.htk; Label Naoki.b_o_o_k_s.2008.lab
 Utterance prob per frame = 3.015917e+01
 Processing Data: Naoki.a_h_e_a_d.2231.htk; Label Naoki.a_h_e_a_d.2231.lab
 Utterance prob per frame = 2.704988e+01
 Processing Data: Naoki.b_o_s_s.1396.htk; Label Naoki.b_o_s_s.1396.lab
 Utterance prob per frame = 2.941110e+01
 Processing Data: Naoki.a_m.1850.htk; Label Naoki.a_m.1850.lab
 Utterance prob per frame = 3.189769e+01
 Processing Data: Naoki.a_f_t_e_r.975.htk; Label Naoki.a_f_t_e_r.975.lab
 Utterance prob per frame = 2.995886e+01
 Processing Data: Naoki.b_o_y_s.2050.htk; Label Naoki.b_o_y_s.2050.lab
 Utterance prob per frame = 3.257338e+01
 Processing Data: Naoki.b_a_n_k.1700.htk; Label Naoki.b_a_n_k.1700.lab
 Utterance prob per frame = 2.682938e+01
 Processing Data: Naoki.a_n_d.425.htk; Label Naoki.a_n_d.425.lab
 Utterance prob per frame = 2.954473e+01
 Processing Data: Naoki.a_h_e_a_d.1067.htk; Label Naoki.a_h_e_a_d.1067.lab
 Utterance prob per frame = 2.646592e+01
 Processing Data: Naoki.a_p_p_l_e.1983.htk; Label Naoki.a_p_p_l_e.1983.lab
 Utterance prob per frame = 3.207299e+01
 Processing Data: Naoki.b_i_l_l.381.htk; Label Naoki.b_i_l_l.381.lab
 Utterance prob per frame = 3.492886e+01
 Processing Data: Naoki.b_o_n_e.214.htk; Label Naoki.b_o_n_e.214.lab
 Utterance prob per frame = 3.202761e+01
 Processing Data: Naoki.a_l_l.123.htk; Label Naoki.a_l_l.123.lab
 Utterance prob per frame = 3.431367e+01
 Processing Data: Naoki.b_e_e_s.2001.htk; Label Naoki.b_e_e_s.2001.lab
 Utterance prob per frame = 3.160848e+01
 Processing Data: Naoki.a_n.1620.htk; Label Naoki.a_n.1620.lab
 Utterance prob per frame = 3.091011e+01
 Processing Data: Naoki.a_w_a_y.1807.htk; Label Naoki.a_w_a_y.1807.lab
 Utterance prob per frame = 2.538033e+01
 Processing Data: Naoki.a_r_e.1373.htk; Label Naoki.a_r_e.1373.lab
 Utterance prob per frame = 3.109290e+01
 Processing Data: Naoki.b_o_n_e.1378.htk; Label Naoki.b_o_n_e.1378.lab
 Utterance prob per frame = 3.137447e+01
 Processing Data: Naoki.b_e_e_r.2243.htk; Label Naoki.b_e_e_r.2243.lab
 Utterance prob per frame = 3.319391e+01
 Processing Data: Naoki.a_d_u_l_t.802.htk; Label Naoki.a_d_u_l_t.802.lab
 Utterance prob per frame = 2.145154e+01
 Processing Data: Naoki.a_g_a_i_n.812.htk; Label Naoki.a_g_a_i_n.812.lab
 Utterance prob per frame = 2.743819e+01
 Processing Data: Naoki.b_l_o_w.1110.htk; Label Naoki.b_l_o_w.1110.lab
 Utterance prob per frame = 2.587109e+01
 Processing Data: Naoki.b_a_r_e.1969.htk; Label Naoki.b_a_r_e.1969.lab
 Utterance prob per frame = 2.333788e+01
 Processing Data: Naoki.b_e_s_t.1540.htk; Label Naoki.b_e_s_t.1540.lab
 Utterance prob per frame = 2.594137e+01
 Processing Data: Naoki.b_i_r_t_h.697.htk; Label Naoki.b_i_r_t_h.697.lab
 Utterance prob per frame = 2.584134e+01
 Processing Data: Naoki.b_i_g.934.htk; Label Naoki.b_i_g.934.lab
 Utterance prob per frame = 3.382257e+01
 Processing Data: Naoki.b_e_e_n.2100.htk; Label Naoki.b_e_e_n.2100.lab
 Utterance prob per frame = 2.935081e+01
 Processing Data: Naoki.a_w_a_y.643.htk; Label Naoki.a_w_a_y.643.lab
 Utterance prob per frame = 2.897857e+01
 Processing Data: Naoki.b_i_l_l.1545.htk; Label Naoki.b_i_l_l.1545.lab
 Utterance prob per frame = 3.244699e+01
 Processing Data: Naoki.b_i_t_e.2268.htk; Label Naoki.b_i_t_e.2268.lab
 Utterance prob per frame = 2.635364e+01
 Processing Data: Naoki.b_e_e_s.837.htk; Label Naoki.b_e_e_s.837.lab
 Utterance prob per frame = 3.019348e+01
 Processing Data: Naoki.a_s.1985.htk; Label Naoki.a_s.1985.lab
 Utterance prob per frame = 3.755318e+01
 Processing Data: Naoki.b_i_r_d.1012.htk; Label Naoki.b_i_r_d.1012.lab
 Utterance prob per frame = 3.007792e+01
 Processing Data: Naoki.a_t_e.875.htk; Label Naoki.a_t_e.875.lab
 Utterance prob per frame = 2.963263e+01
 Processing Data: Naoki.b_o_y_s.886.htk; Label Naoki.b_o_y_s.886.lab
 Utterance prob per frame = 3.503752e+01
 Processing Data: Naoki.b_o_s_s.232.htk; Label Naoki.b_o_s_s.232.lab
 Utterance prob per frame = 3.108285e+01
 Processing Data: Naoki.b_i_k_e.1431.htk; Label Naoki.b_i_k_e.1431.lab
 Utterance prob per frame = 2.684929e+01
 Processing Data: Naoki.a_n_y.1639.htk; Label Naoki.a_n_y.1639.lab
 Utterance prob per frame = 3.075833e+01
 Processing Data: Naoki.a_t.1787.htk; Label Naoki.a_t.1787.lab
 Utterance prob per frame = 2.999291e+01
 Processing Data: Naoki.a_n_y.475.htk; Label Naoki.a_n_y.475.lab
 Utterance prob per frame = 2.750161e+01
 Processing Data: Naoki.a_s_k.2022.htk; Label Naoki.a_s_k.2022.lab
 Utterance prob per frame = 2.650504e+01
 Processing Data: Naoki.b_a_s_e_s.2081.htk; Label Naoki.b_a_s_e_s.2081.lab
 Utterance prob per frame = 2.499816e+01
 Processing Data: Naoki.b_e_a_r_s.2163.htk; Label Naoki.b_e_a_r_s.2163.lab
 Utterance prob per frame = 2.650998e+01
 Processing Data: Naoki.a_w_a_r_e.1556.htk; Label Naoki.a_w_a_r_e.1556.lab
 Utterance prob per frame = 2.648662e+01
 Processing Data: Naoki.a_s_k_e_d.2120.htk; Label Naoki.a_s_k_e_d.2120.lab
 Utterance prob per frame = 2.542138e+01
 Processing Data: Naoki.a_g_r_e_e.586.htk; Label Naoki.a_g_r_e_e.586.lab
 Utterance prob per frame = 3.049954e+01
 Processing Data: Naoki.b_a_r_e.805.htk; Label Naoki.b_a_r_e.805.lab
 Utterance prob per frame = 3.407525e+01
 Processing Data: Naoki.a_p_p_l_e.819.htk; Label Naoki.a_p_p_l_e.819.lab
 Utterance prob per frame = 2.991062e+01
 Processing Data: Naoki.a_t_e.2039.htk; Label Naoki.a_t_e.2039.lab
 Utterance prob per frame = 2.895619e+01
 Processing Data: Naoki.b_e.610.htk; Label Naoki.b_e.610.lab
 Utterance prob per frame = 3.274962e+01
 Processing Data: Naoki.b_e_e_r.1079.htk; Label Naoki.b_e_e_r.1079.lab
 Utterance prob per frame = 3.228736e+01
 Processing Data: Naoki.b_o_o_k_s.844.htk; Label Naoki.b_o_o_k_s.844.lab
 Utterance prob per frame = 2.820954e+01
 Processing Data: Naoki.a_s.821.htk; Label Naoki.a_s.821.lab
 Utterance prob per frame = 3.312600e+01
 Processing Data: Naoki.a_g_e_s.2220.htk; Label Naoki.a_g_e_s.2220.lab
 Utterance prob per frame = 3.015497e+01
 Processing Data: Naoki.b_a_n_k.536.htk; Label Naoki.b_a_n_k.536.lab
 Utterance prob per frame = 2.538687e+01
 Processing Data: Naoki.a.637.htk; Label Naoki.a.637.lab
 Utterance prob per frame = 3.389532e+01
 Processing Data: Naoki.b_i_r_t_h.1861.htk; Label Naoki.b_i_r_t_h.1861.lab
 Utterance prob per frame = 2.658162e+01
 Processing Data: Naoki.b_a_l_l.1542.htk; Label Naoki.b_a_l_l.1542.lab
 Utterance prob per frame = 3.346802e+01
 Processing Data: Naoki.a_g_a_i_n.1976.htk; Label Naoki.a_g_a_i_n.1976.lab
 Utterance prob per frame = 2.923029e+01
 Processing Data: Naoki.b_i_l_l_s.1725.htk; Label Naoki.b_i_l_l_s.1725.lab
 Utterance prob per frame = 3.567972e+01
 Processing Data: Naoki.a_w_a_r_e.392.htk; Label Naoki.a_w_a_r_e.392.lab
 Utterance prob per frame = 2.769468e+01
 Processing Data: Naoki.a_b_o_u_t.1572.htk; Label Naoki.a_b_o_u_t.1572.lab
 Utterance prob per frame = 3.051237e+01
 Processing Data: Naoki.b_a_t_h.1437.htk; Label Naoki.b_a_t_h.1437.lab
 Utterance prob per frame = 2.102812e+01
 Processing Data: Naoki.a_b_o_u_t.408.htk; Label Naoki.a_b_o_u_t.408.lab
 Utterance prob per frame = 2.861412e+01
 Processing Data: Naoki.b_l_o_w.2274.htk; Label Naoki.b_l_o_w.2274.lab
 Utterance prob per frame = 2.576205e+01
 Processing Data: Naoki.a.1801.htk; Label Naoki.a.1801.lab
 Utterance prob per frame = 3.145392e+01
 Processing Data: Naoki.b_i_t_e_s.1018.htk; Label Naoki.b_i_t_e_s.1018.lab
 Utterance prob per frame = 2.900372e+01
 Processing Data: Naoki.a_g_e_s.1056.htk; Label Naoki.a_g_e_s.1056.lab
 Utterance prob per frame = 2.934437e+01
 Processing Data: Naoki.b_a_d.1972.htk; Label Naoki.b_a_d.1972.lab
 Utterance prob per frame = 3.024040e+01
 Processing Data: Naoki.a_l_l.1287.htk; Label Naoki.a_l_l.1287.lab
 Utterance prob per frame = 3.302465e+01
 Processing Data: Naoki.b_l_u_e_s.353.htk; Label Naoki.b_l_u_e_s.353.lab
 Utterance prob per frame = 2.706805e+01
 Processing Data: Naoki.b_l_a_s_t.951.htk; Label Naoki.b_l_a_s_t.951.lab
 Utterance prob per frame = 2.568914e+01
 Processing Data: Naoki.b_a_c_k.1125.htk; Label Naoki.b_a_c_k.1125.lab
 Utterance prob per frame = 2.401701e+01
 Processing Data: Naoki.a_r_e.209.htk; Label Naoki.a_r_e.209.lab
 Utterance prob per frame = 2.941739e+01
 Processing Data: Naoki.b_a_d.808.htk; Label Naoki.b_a_d.808.lab
 Utterance prob per frame = 2.786634e+01
 Processing Data: Naoki.b_l_a_s_t.2115.htk; Label Naoki.b_l_a_s_t.2115.lab
 Utterance prob per frame = 2.764323e+01
 Processing Data: Naoki.b_l_u_e_s.1517.htk; Label Naoki.b_l_u_e_s.1517.lab
 Utterance prob per frame = 2.262506e+01
 Processing Data: Naoki.a_t.623.htk; Label Naoki.a_t.623.lab
 Utterance prob per frame = 3.103914e+01
 Processing Data: Naoki.a_s_k_e_d.956.htk; Label Naoki.a_s_k_e_d.956.lab
 Utterance prob per frame = 2.650514e+01
 Processing Data: Naoki.b_e_a_r_s.999.htk; Label Naoki.b_e_a_r_s.999.lab
 Utterance prob per frame = 2.846218e+01
 Processing Data: Naoki.b_i_k_e.267.htk; Label Naoki.b_i_k_e.267.lab
 Utterance prob per frame = 3.171114e+01
 Processing Data: Naoki.b_i_t_e_s.2182.htk; Label Naoki.b_i_t_e_s.2182.lab
 Utterance prob per frame = 2.998728e+01
 Processing Data: Naoki.a_s_k.858.htk; Label Naoki.a_s_k.858.lab
 Utterance prob per frame = 2.772267e+01
 Processing Data: Naoki.b_a_l_l.378.htk; Label Naoki.b_a_l_l.378.lab
 Utterance prob per frame = 3.474210e+01
 Processing Data: Naoki.a_d_u_l_t.1966.htk; Label Naoki.a_d_u_l_t.1966.lab
 Utterance prob per frame = 2.640359e+01
 Processing Data: Naoki.b_a_s_e_s.917.htk; Label Naoki.b_a_s_e_s.917.lab
 Utterance prob per frame = 2.975067e+01
 Processing Data: Naoki.a_f_t_e_r.2139.htk; Label Naoki.a_f_t_e_r.2139.lab
 Utterance prob per frame = 2.778162e+01
 WARNING [-2331]  UpdateModels: c[3] copied: only 1 egs
 in HERest
 WARNING [-2331]  UpdateModels: f[6] copied: only 2 egs
 in HERest
 WARNING [-2331]  UpdateModels: j[10] copied: only 0 egs
 in HERest
 WARNING [-2331]  UpdateModels: m[13] copied: only 1 egs
 in HERest
 WARNING [-2331]  UpdateModels: q[17] copied: only 0 egs
 in HERest
 WARNING [-2331]  UpdateModels: v[22] copied: only 0 egs
 in HERest
 WARNING [-2331]  UpdateModels: x[24] copied: only 0 egs
 in HERest
 WARNING [-2331]  UpdateModels: z[26] copied: only 0 egs
 in HERest
Total 147 floored variance elements in 17 different mixes
Saving hmm's to dir models/hmm50
Reestimation complete - average log prob per frame = 2.920463e+01
     - total frames seen          = 1.857700e+04
