lion_above_box_1_92 [ 0.22295140538827735 -0.9528495285923597 -0.20584082854650082 -0.09439721062360017 -0.9851951720369689 0.14310709144389344 0.18406453863176717 -0.964319356932482 -0.1902851109876942 0.12456177974529203 -0.9420592908139874 0.3114621254947902 0.5180520592809129 -0.7190788760276083 0.46319286903586615 0.6437910680527354 0.05109594615301815 0.7634934609950803 0.5933189047041303 -0.09986975247500025 0.7987482143086602 0.25198037931217465 -0.6111319943959771 -0.7503489680590545 0.5946744294823731 -0.43385695075628133 0.6768533587124139 0.8229977571860839 -0.5637485231303685 -0.06973015369984446 0.7203032057561772 -0.6936473074105237 -0.004087138302579212 0.8011545165959372 0.12674729748326305 0.584881665910823 -0.9950024470737246 0.09983044099178234 0.002003339383679388 -0.978947595206918 0.12979140552226265 0.1575303046754742 0.2928287098482176 0.12371015638637861
0.22974412729489974 -0.9540501577489268 -0.19236926072726113 -0.09441104706312915 -0.9850027988029687 0.1444162059561256 0.1893575060673395 -0.9658278173008283 -0.17697559782036426 0.12801729009540977 -0.9391244296011123 0.31883675942872913 0.47722508265326696 -0.7268001586572939 0.4939815278553593 0.5864172372367098 0.07416683976850574 0.8066065358961687 0.5836732065891718 -0.2106337276241177 0.7841932291833965 0.22819181391625223 -0.6312844368310618 -0.7412209224492382 0.556881857097691 -0.48821747609889354 0.6719570620709727 0.7986955448899425 -0.6012628003460705 -0.02384264022627027 0.26630806650181743 -0.8341435133477406 0.48299545842166197 0.7411114399910783 0.015134410403905767 0.6712114295332555 -0.9950011986458768 0.09971001772519444 -0.005525129727869366 -0.9765199745481388 0.15715850228871672 0.14734294848030532 0.29551118931463566 0.12457945795340063
0.2591654003565844 -0.9443794140353045 -0.2024371942216802 -0.08434540569729411 -0.9836868586060181 0.1588899516759407 0.17574894987481451 -0.969883100239817 -0.168638899685396 0.1619541919695948 -0.9309725168011648 0.3272017919638899 0.4319193958370789 -0.6340850223555254 0.6413905361978189 0.40716133004519994 0.2516873955809862 0.8779937962317752 0.5386033033430673 -0.39806301438544706 0.7425983559140885 0.24695265228372656 -0.7710226108233044 -0.5869740378664529 0.49066968055004284 -0.5196991006548413 0.6993969612226436 0.7242212201229086 -0.6493229608170094 0.2321278029007257 0.2524368059562304 -0.7866695752485328 0.5634062818046223 0.6720442695097207 0.020515736997224098 0.7402267249664839 -0.9934622637364667 0.11337028539968495 -0.013413013084646309 -0.9648755797426924 0.1910672816604478 0.18030088600750244 0.3017708236083169 0.13094018894031426
0.26448307810779564 -0.9438274462101939 -0.19808698386054835 -0.08302123759733973 -0.982694180613667 0.16558871186116447 0.18084425864468934 -0.9693125058569083 -0.16651912834462568 0.15976652613267808 -0.9260732827262992 0.341852208049081 0.4295874371623917 -0.6461852429117324 0.6307925694516014 0.41256268179140376 0.18561351929760708 0.8918181737591143 0.5159306880596797 -0.44026592358833266 0.7348342953654096 0.22752640886036857 -0.7718739330473825 -0.5936685647337826 0.47691022733147675 -0.5461424992253671 0.6886835308082438 0.6816130422102025 -0.6945332734375287 0.23027634002889608 0.22571582701883613 -0.8099176011908528 0.5413740340231119 0.6639556665036397 0.02164361456782482 0.7474586455892708 -0.9929290863169763 0.11525724442051956 -0.028418253892928843 -0.9643610107613126 0.19241253150166987 0.18161844246809947 0.3053274085214847 0.13007850070845506
0.2639117854084299 -0.945209582124715 -0.19217027705177686 -0.08026910195794686 -0.9822312569580904 0.16964265125667666 0.17550187855106839 -0.9715317380712095 -0.15913884675144813 0.16191217059185647 -0.9226433683954574 0.3500195191273166 0.4481484379650672 -0.6402784574060137 0.6238641474962684 0.4629068274898932 0.15681519194789478 0.8724255066408749 0.5183587492394304 -0.46975227473928854 0.7145886981083575 0.22233505546867305 -0.7403188838988802 -0.6344249941895875 0.48625051377050527 -0.5569357075958254 0.6733372523948582 0.7169094928785107 -0.6781963204842034 0.16152563233853703 0.24497248031783794 -0.7994722942305408 0.5484820276405435 0.6774099708775784 0.02492307572655794 0.7351833592050127 -0.9924735470479803 0.11926153830891331 -0.027801868465842414 -0.9624073636462083 0.20711073890514553 0.17571911742812693 0.30793528921561647 0.13196927275313028
0.26442025076756254 -0.9454587272236883 -0.19023597478022553 -0.08005212104213937 -0.9825259906510344 0.16803075793395128 0.1757959197691912 -0.971783747032752 -0.15726456560677682 0.1616734859984923 -0.923383768163643 0.3481725155968044 0.4445645689068806 -0.6378474957247076 0.6288981763929344 0.4637753685010721 0.1572870914754194 0.8718791076903367 0.5149680483306939 -0.46087541994791886 0.7227736550859514 0.21251760250840407 -0.7291482543927363 -0.6505221685231838 0.4829196643433093 -0.5514110784006533 0.6802458529146459 0.7204524703402926 -0.6780526334232898 0.14557769158875775 0.2402858413316024 -0.7988946792823998 0.5513891600946065 0.6798729521189011 0.026942915406159146 0.7328348028625189 -0.992529482507652 0.11867933420210584 -0.028292083458758027 -0.9643505562422295 0.20677941141170092 0.16513715418261607 0.3073709544583455 0.13216522024225394
0.2644206712650298 -0.9454589144474591 -0.19023445981100054 -0.08005215800711366 -0.9825261717813402 0.1680296811968303 0.17579633422962784 -0.9717837743852689 -0.15726393328715244 0.1616728489715233 -0.9233843617805382 0.3481712370724774 0.44456209177091816 -0.6378466762034475 0.6289007586388176 0.46377738387328693 0.15728733726624827 0.8718779913172159 0.5149658116692285 -0.46087221341088036 0.7227772933052121 0.21253199071842868 -0.7291530567816442 -0.6505120849817059 0.4829173658029183 -0.5514091030594352 0.68024908590101 0.7204577876316455 -0.6780452894693554 0.14558558194180105 0.24028577694367315 -0.7988955478611307 0.5513879296885627 0.6798761222353261 0.026943870671230306 0.7328318267157261 -0.9925295163664926 0.1186789516936636 -0.028292500175653653 -0.964351109303927 0.20677789500742802 0.16513582325038542 0.30737045982613154 0.13216521954239469
0.2644206712650298 -0.9454589144474591 -0.19023445981100054 -0.08005215800711366 -0.9825261717813402 0.1680296811968303 0.17579633422962784 -0.9717837743852689 -0.15726393328715244 0.1616728489715233 -0.9233843617805382 0.3481712370724774 0.44456209177091816 -0.6378466762034475 0.6289007586388176 0.46377738387328693 0.15728733726624827 0.8718779913172159 0.5149658116692285 -0.46087221341088036 0.7227772933052121 0.21253199071842868 -0.7291530567816442 -0.6505120849817059 0.4829173658029183 -0.5514091030594352 0.68024908590101 0.7204577876316455 -0.6780452894693554 0.14558558194180105 0.24028577694367315 -0.7988955478611307 0.5513879296885627 0.6798761222353261 0.026943870671230306 0.7328318267157261 -0.9925295163664926 0.1186789516936636 -0.028292500175653653 -0.964351109303927 0.20677789500742802 0.16513582325038542 0.30737045982613154 0.13216521954239469
0.264612808539096 -0.9454419136759624 -0.19005170197024251 -0.07916896511722071 -0.9824457187996256 0.16891620577835367 0.17612122158535076 -0.9717421304421889 -0.15715771451303193 0.16314525163765348 -0.9226813634840104 0.3493461440282031 0.4441643271281168 -0.6382474101588301 0.628775233237103 0.4683086612839693 0.15879569560938037 0.8691783043900426 0.5144328070426833 -0.4599522697340115 0.7237422169562283 0.21932355351307417 -0.7312649795028026 -0.6458705045341238 0.4824885220431682 -0.5511857615032725 0.6807342230361692 0.7256770391738998 -0.672215570326136 0.14669376887553884 0.24214039765919776 -0.8006040708582058 0.5480886329296699 0.6855006689339112 0.029494212652434914 0.7274743461533014 -0.992549712210503 0.11847582967949728 -0.028434953360301267 -0.9639360378252171 0.20737508687181933 0.16680194341411944 0.3078276944922334 0.1321007826114686
0.2646169250475796 -0.9454679844944396 -0.18991622699070715 -0.07914155456720455 -0.9824267522860082 0.16903931712312584 0.176094613308389 -0.9717691475267887 -0.1570204161210492 0.1632061763602159 -0.9226082883692823 0.3495106439440455 0.4438280081524382 -0.6381337568175404 0.6291279739364412 0.46746794118814655 0.15913995389329127 0.869567823137538 0.5141181487553155 -0.45963691979186977 0.7241660245307353 0.219566326344505 -0.7315024778675545 -0.6455189797435907 0.4821666898921371 -0.5509749490564848 0.6811327981169778 0.7253573346838494 -0.6723746718735057 0.1475433415757469 0.24173274319734456 -0.8003682844851531 0.5486126958579975 0.6844530523924137 0.029492465934937692 0.7284601660515038 -0.9925490033629458 0.11846762460876754 -0.028493821133346083 -0.9639399927427774 0.2073844646542629 0.166767425509657 0.3078646280306388 0.1321170852067603
0.2646706943893171 -0.9454766322046283 -0.18979821254814497 -0.07906329917613608 -0.9824177503231812 0.16912823115412903 0.17616164742658844 -0.971774963500186 -0.156909191222702 0.16331025202063762 -0.9225469647499277 0.34962388278784895 0.4438491736403619 -0.6380341006870851 0.6292141109504701 0.46708359906542735 0.15938120492015562 0.8697301552793754 0.5141044879049991 -0.4594952692469433 0.7242656094663185 0.22006147292430894 -0.731684311126583 -0.645144183098322 0.4821710111480164 -0.5508542588359201 0.6812273493708458 0.7253946531043853 -0.6722103666592996 0.14810746167340277 0.2419726891213398 -0.8004700487048624 0.5483583854066816 0.68406052369888 0.02962631877518615 0.7288233538743425 -0.9925548268513025 0.11841027508897939 -0.02852932609672339 -0.9639389742233097 0.2073543299240708 0.16681077853380186 0.30788598498220976 0.13211572236212368
0.2646214324979744 -0.9455376453569633 -0.1895628093153549 -0.0788525361022107 -0.9823779757405247 0.16945734073860255 0.17605895993055576 -0.9718331330185722 -0.1566639849980749 0.16374049058497916 -0.9222946346202324 0.3500880727670143 0.443419548548943 -0.6380195373723593 0.6295317100002289 0.4671176930874678 0.160193822159209 0.8695625337758441 0.5136864529604834 -0.4593406553268585 0.7246601896121859 0.22225168794404312 -0.7324790448839875 -0.6434894218336965 0.4817488356239723 -0.5507729597581741 0.6815916711449514 0.7263665746983379 -0.6708507112640707 0.14950224867036027 0.2418970636648555 -0.8007034842699523 0.5480508560966573 0.6843211632283842 0.030556387656682487 0.7285402203935797 -0.9925561210141864 0.11838644225693368 -0.028583158100838345 -0.9637859835040126 0.20769384630837712 0.16727176751273795 0.30804353780307636 0.13214620559805834
0.26462138212451036 -0.9455376577007709 -0.18956281806370578 -0.0788517724610904 -0.9823777724396336 0.16945887464599727 0.17605920101562586 -0.9718331838086546 -0.15666339899948917 0.1637423274568321 -0.9222938362044255 0.3500893170297317 0.4434205043854657 -0.6380192007736196 0.6295313778793961 0.4671193487714621 0.16019870355526697 0.8695607450791099 0.5136870441153871 -0.4593422496685134 0.7246587599535836 0.22226317966377207 -0.7324824501354174 -0.6434815764335182 0.48174954670424164 -0.5507735551844819 0.6815906874068219 0.7263733661152045 -0.6708420774490865 0.149507993506237 0.24189886382361186 -0.800703618627313 0.5480498652476545 0.6843241178981905 0.03056555000841325 0.7285370607014765 -0.9925561352716474 0.11838642516401159 -0.028582733800266595 -0.9637849832876012 0.2076955206587624 0.16727545153908197 0.30804401210153437 0.13214619066335584
0.266132966927876 -0.9458922538039526 -0.1856369793652248 -0.07193723098825712 -0.9825113415167307 0.17174544706843392 0.17638778093011578 -0.9725503810121295 -0.15176662061109208 0.16669713333391353 -0.9186894748522695 0.35808059781830787 0.45933032494668596 -0.6184420464376251 0.6376088830799131 0.4290965358230926 0.17327252847058525 0.8864833860947602 0.5083823333609998 -0.5700508685273881 0.645437379160516 0.2271407494609904 -0.7373640224871774 -0.6361614404188837 0.4844431983190684 -0.5943121505976268 0.6419562720734299 0.7109596639934466 -0.6799571280099942 0.17942870518043083 0.25144922523449864 -0.7970863125184136 0.5490234034399338 0.6605037807866384 0.01850891796453782 0.7505945480233241 -0.9918437238403514 0.12247852689257129 -0.035285094993931114 -0.9557709502997022 0.23150048989041352 0.18140951944069247 0.30861761713430896 0.13078590885247207
0.2662417318407612 -0.9459481210926375 -0.18519582184201963 -0.07169947924603282 -0.9824816780400202 0.17201435112081181 0.17640100301090247 -0.9726185720343222 -0.1513135799281204 0.1670208241359652 -0.9185105723637774 0.3583885778884549 0.4581453017541372 -0.6176726152856402 0.6392053056779239 0.42964850517123 0.17368174313876636 0.8861358891865329 0.507448862714145 -0.5669959883010258 0.648853759317663 0.22693839309907768 -0.737084673244353 -0.636557263885877 0.48340194764978445 -0.5924060393303797 0.644497976391926 0.711594561974411 -0.6794899509993475 0.17868012161219968 0.25020661201338157 -0.7962951321556273 0.5507365194083621 0.6617278089448879 0.019081258822980715 0.7495013091587821 -0.99185956435544 0.12233055306554406 -0.03535308166645465 -0.9560977082805963 0.23113489531746215 0.18014947234776335 0.3086913989282136 0.1308456243662024
0.2662001842198718 -0.9459169926009818 -0.18541441429948333 -0.07171140260429351 -0.9825610064424712 0.17155565672773085 0.176403258943967 -0.9725840734259096 -0.15153253892221552 0.16695661157949093 -0.9187575186261409 0.3577850078159106 0.4585238837681773 -0.6178304823360994 0.6387811386621319 0.43064502868548593 0.1730410280433457 0.8857774336040509 0.5077930146611441 -0.5674021651060905 0.6482291549246053 0.226063220718927 -0.7362546467641441 -0.6378279668973376 0.4837613542984089 -0.5926873671407633 0.6439694378766118 0.7119831749346619 -0.6795440310316917 0.17691768848579795 0.250861640881652 -0.796810079929874 0.5496927629651978 0.6630541528103161 0.018666878916291513 0.7483386519968874 -0.9918645044012584 0.12235966049043574 -0.03511293769412296 -0.9561591015424216 0.23111159720107888 0.17985327958298541 0.3085757832782105 0.13083023798764767
0.2662004837737864 -0.945917008196588 -0.18541390466472096 -0.07171159012373261 -0.9825610833270423 0.17155513799684005 0.17640368845466162 -0.9725839982578415 -0.15153252136878645 0.16695594985714532 -0.918758093896453 0.3577838393598219 0.4585246129254174 -0.6178298696961125 0.6387812078113136 0.4306438564439232 0.17303627899850824 0.8857789312562452 0.5077938764206739 -0.5673970411896592 0.6482329648505124 0.22605988335190821 -0.736257920568324 -0.6378253707240951 0.4837621882427953 -0.5926845051285922 0.6439714454904177 0.7119758305304912 -0.6795506795636882 0.17692170767021956 0.25086384435777315 -0.7968107880212152 0.5496907309451825 0.6630500093233377 0.018655759167913077 0.7483426005421518 -0.9918644993369441 0.12235958120579159 -0.0351133570342746 -0.9561602383797974 0.23110816917051305 0.17985164076021856 0.3085753357854332 0.13083012237504799
0.2662258078494803 -0.9459374569400372 -0.18527316803225147 -0.07170127472147891 -0.9825542993422455 0.17159829849792788 0.1764001837144618 -0.9726069099272279 -0.15138947766378408 0.1669383264310802 -0.9187444535944449 0.35782708695378973 0.4582036446513493 -0.6176779324096061 0.6391583464544714 0.4305518575819033 0.17283493181104628 0.8858629602137361 0.5075195874173216 -0.5668369702734297 0.6489373756526823 0.22600425759699708 -0.7365099163343038 -0.6375540907948649 0.48346782779376907 -0.5923296704363018 0.6445187514798904 0.7116019200619852 -0.6798508615145561 0.17727242724691242 0.25038964570579003 -0.7966866080637363 0.5500867875664963 0.6628762572646443 0.018286261177693833 0.7485056313795897 -0.9918647829793656 0.1223356799978647 -0.03518854479452089 -0.9562587154123515 0.23091822528386 0.17957183083566242 0.30856688185621434 0.13084597149528235
0.268851256918375 -0.9460767367413667 -0.18071471951730037 -0.07114492639984762 -0.982542458282107 0.17189740289054517 0.18395421323601752 -0.9716285682222706 -0.14865656005389857 0.17078766829878458 -0.9186780183321379 0.3561773027445746 0.43766639323581086 -0.6156950833830398 0.6552615451328639 0.4394668229887371 0.14451635128166537 0.8865573504880665 0.4893553486371236 -0.5153876549942571 0.7034962031452335 0.2171828976569585 -0.7089840096726402 -0.6709495234321528 0.4646978555251445 -0.5660032206923087 0.6809524632720448 0.7167628487490568 -0.6830720551350183 0.1402269094958564 0.2350985488890094 -0.797101061027431 0.5562001176008738 0.6784462940559163 0.013147166687984593 0.7345323533309281 -0.9918634905090066 0.12199839953814949 -0.03637590831058266 -0.9628968533450359 0.22194332880348175 0.15352787570294166 0.3081292841572858 0.12888124510359894
0.26871795309897756 -0.9460578974624034 -0.18101137072380946 -0.07121075944600869 -0.9825548211780841 0.1717994502867394 0.18386513620415298 -0.9716022613770158 -0.14893843485043573 0.1707723805524481 -0.9187403060364988 0.3560239375441069 0.43790554570416035 -0.6162556947477645 0.6545744050392527 0.43856169038909515 0.14599280549938456 0.8867636350603684 0.48961781879252875 -0.5161915836093823 0.7027237298766026 0.21856343823172084 -0.7092259364455671 -0.6702451749481207 0.4649460785117968 -0.5666844063185172 0.6802160889834433 0.7176043717661472 -0.6819653777053432 0.14130530504309383 0.2352292703953176 -0.7981703862076976 0.5546090739704331 0.6769588937262193 0.01638488939837595 0.7358384276486084 -0.991858848909206 0.12210469868580241 -0.03614507434429349 -0.9626442229643758 0.22245953262016532 0.1543627427189955 0.3081170972624037 0.1288555959353992
0.2687482202808672 -0.9460364653715062 -0.1810784368257396 -0.0713862820016569 -0.9825859676707699 0.17154828730849167 0.18406825651428163 -0.9715443963081409 -0.14906496216764908 0.17040558817149853 -0.9189459769495982 0.3556687039480337 0.43913340410431834 -0.616400412302083 0.6536148599240805 0.4380117216058831 0.14471853808551907 0.8872442034018821 0.4907444268669205 -0.5166162010890742 0.7016249769437737 0.21894612490251206 -0.7104608821085271 -0.6688108322864899 0.46612025752444114 -0.5669656076617328 0.6791773739268048 0.7159555717071115 -0.683302641959321 0.14319608525708713 0.23762128482956948 -0.7994697159298118 0.5517103391337258 0.675568644066029 0.013906821672731178 0.7371659293983612 -0.9918488581720825 0.12215917837529962 -0.036235033895497946 -0.9627366931866231 0.22174130537146813 0.15481877497333163 0.30797375351949413 0.12877980136244732
0.2685368124257522 -0.9459219813903836 -0.18198787183410645 -0.07142525095905114 -0.9826831055205095 0.17097469885922775 0.18405746150353414 -0.9714071594139878 -0.14996993533412775 0.1703436287811581 -0.9192973743451531 0.3547892129924109 0.44085096876454694 -0.6170194865347722 0.6518722087769402 0.439394966800915 0.143648358049025 0.8867340144484376 0.49244295863491405 -0.5172809964829713 0.6999430713768631 0.22225499117902506 -0.7119136395950374 -0.6661694143793745 0.46783107986853706 -0.5676086416544909 0.6774618148856675 0.7169015273279192 -0.6819553741612618 0.14487604276577296 0.23851404317550048 -0.8010747171974251 0.5489902992541317 0.6770710286065836 0.013156806071171513 0.7358000548217078 -0.9918512542833399 0.12234938763831421 -0.0355206520364586 -0.9625217922412167 0.22128598170365052 0.1567938575397894 0.3078505389208395 0.12868895053563553
0.2685898752978582 -0.9450571510095379 -0.18635036950115355 -0.07288439970751306 -0.9845099061851584 0.15946193559143168 0.17451105095171313 -0.9731847214071621 -0.14985790307952765 0.1758404397886236 -0.9226473090565182 0.34322308026371023 0.4741556993818794 -0.6169043443052957 0.6281762513187952 0.42572897718175895 0.17262194772054806 0.8882322337952715 0.5189946494143912 -0.5985942147962955 0.610188102056767 0.2137864179298635 -0.7398388799281257 -0.6379136299338759 0.4970112379997265 -0.6078417569321544 0.6192804113094575 0.6996160835981882 -0.6911596590433197 0.18120612926127863 0.24576175389698096 -0.7965353052543633 0.5523881495876048 0.6579192943414309 0.040342201618182014 0.7520071202467911 -0.9919757496661166 0.12454315533358187 -0.021751196148746887 -0.9547166243384106 0.23331282072287501 0.18461119927622396 0.3079735144593567 0.13236592480909348
0.2685898752978582 -0.9450571510095379 -0.18635036950115355 -0.07288439970751306 -0.9845099061851584 0.15946193559143168 0.17451105095171313 -0.9731847214071621 -0.14985790307952765 0.1758404397886236 -0.9226473090565182 0.34322308026371023 0.4741556993818794 -0.6169043443052957 0.6281762513187952 0.42572897718175895 0.17262194772054806 0.8882322337952715 0.5189946494143912 -0.5985942147962955 0.610188102056767 0.2137864179298635 -0.7398388799281257 -0.6379136299338759 0.4970112379997265 -0.6078417569321544 0.6192804113094575 0.6996160835981882 -0.6911596590433197 0.18120612926127863 0.24576175389698096 -0.7965353052543633 0.5523881495876048 0.6579192943414309 0.040342201618182014 0.7520071202467911 -0.9919757496661166 0.12454315533358187 -0.021751196148746887 -0.9547166243384106 0.23331282072287501 0.18461119927622396 0.3079735144593567 0.13236592480909348
0.2685898752978582 -0.9450571510095379 -0.18635036950115355 -0.07288439970751306 -0.9845099061851584 0.15946193559143168 0.17451105095171313 -0.9731847214071621 -0.14985790307952765 0.1758404397886236 -0.9226473090565182 0.34322308026371023 0.4741556993818794 -0.6169043443052957 0.6281762513187952 0.42572897718175895 0.17262194772054806 0.8882322337952715 0.5189946494143912 -0.5985942147962955 0.610188102056767 0.2137864179298635 -0.7398388799281257 -0.6379136299338759 0.4970112379997265 -0.6078417569321544 0.6192804113094575 0.6996160835981882 -0.6911596590433197 0.18120612926127863 0.24576175389698096 -0.7965353052543633 0.5523881495876048 0.6579192943414309 0.040342201618182014 0.7520071202467911 -0.9919757496661166 0.12454315533358187 -0.021751196148746887 -0.9547166243384106 0.23331282072287501 0.18461119927622396 0.3079735144593567 0.13236592480909348
0.26926406908037637 -0.9452103211600932 -0.1845922801059458 -0.07255499392132336 -0.9844570137908408 0.15993799065605668 0.17491444218652652 -0.9733770134598767 -0.14812875339550802 0.17584464953071202 -0.922436402661674 0.3437873503723065 0.46937919916711285 -0.6141366045775262 0.6344441648460699 0.42752488022739793 0.16931090210531044 0.8880069229543399 0.5154821558181434 -0.5853127025348317 0.6258491729517991 0.21065984164516877 -0.7417021859240529 -0.6367890533870021 0.4928952163002439 -0.5997781376343233 0.6303336349618657 0.6958145495959194 -0.694838627323139 0.18177292028881553 0.2435533013571832 -0.7945039993381218 0.5562779740684929 0.6582914310910789 0.03071528255989986 0.7521362663569181 -0.9920239628724378 0.12398305977399371 -0.022730111657060934 -0.9567710437703524 0.2294600497707735 0.17870997555196688 0.3078844438412394 0.13251267149059498
0.2692889793942222 -0.9452143485899962 -0.18453531043246785 -0.07254802863106467 -0.9844453071116402 0.1600131896051525 0.1749446629812102 -0.9733794783512606 -0.14807685848578306 0.17584309113507507 -0.9224034417835771 0.34387657362180496 0.46934573562764115 -0.6140666272636311 0.6345366480584214 0.4275511305087988 0.16922838900789075 0.8880100129809586 0.5154749194547377 -0.584976171366464 0.6261696945290192 0.21075590335360642 -0.7418786753859588 -0.6365516320057474 0.4928758680040411 -0.599574255419478 0.6305426956023212 0.6957087198670908 -0.6948879817273527 0.1819892028439608 0.2437901500148587 -0.7945370780241543 0.5561269588867022 0.6581907355513418 0.03039378923163529 0.7522374447011572 -0.9920238405317071 0.12397402530119798 -0.022784662984999857 -0.9568054102918203 0.2293468092893863 0.1786713404692518 0.3078943498565145 0.13251009160303473
0.27256915614583005 -0.9447432211666827 -0.18211617494761512 -0.061896336809014435 -0.983774938243176 0.1683915507804962 0.18634554302774614 -0.9712142576948247 -0.14838532354645176 0.1674175946390549 -0.9242844204946543 0.3430301138910899 0.40107919214960014 -0.6460343317629805 0.6494421635589911 0.46585733870758683 0.13899062018854177 0.873875590385662 0.44769985353018027 -0.44794310634902273 0.7738939298272361 0.22432901038773767 -0.7808043842530054 -0.5831132039576391 0.42772320241254475 -0.5497184093671771 0.7175392201969019 0.6821587740859428 -0.7007875811792847 0.2087011571660565 0.2640454472425296 -0.8259884896765601 0.4980190927186705 0.6769070272424306 0.02119852694948218 0.7357632084611104 -0.9920343390087863 0.12268384483489161 -0.028575241800001896 -0.9671839577305689 0.1982865770621553 0.1588635429090239 0.3039799489666166 0.12982163542851252
0.2726970956543508 -0.9446547463249982 -0.18238339910017914 -0.06163217393472785 -0.9835111600671488 0.17002139029972324 0.18553734444329867 -0.9713665887571944 -0.14840095708296583 0.1675182378636877 -0.9231585302625372 0.3459999537377962 0.4260724625433351 -0.6515646847429788 0.6276350199423554 0.49126419359494056 0.14905610773570613 0.8581618546860461 0.4751904314569949 -0.5258028598984067 0.7054965672307496 0.271690923967319 -0.7660843052403755 -0.5824936730112659 0.45230271111343684 -0.5897189422708541 0.6690693735677787 0.7327138759426259 -0.6539885503024669 0.18822686331767824 0.24967754338964554 -0.8113199160981192 0.528602987193085 0.7071385877044926 -0.0030962743659944504 0.7070681939278178 -0.9919462775532871 0.12264843881663076 -0.031621873822090654 -0.9588944186936831 0.22262712942415583 0.1759507176525963 0.30471357586677855 0.1300002262361001
0.2726970956543508 -0.9446547463249982 -0.18238339910017914 -0.06163217393472785 -0.9835111600671488 0.17002139029972324 0.18553734444329867 -0.9713665887571944 -0.14840095708296583 0.1675182378636877 -0.9231585302625372 0.3459999537377962 0.4260724625433351 -0.6515646847429788 0.6276350199423554 0.49126419359494056 0.14905610773570613 0.8581618546860461 0.4751904314569949 -0.5258028598984067 0.7054965672307496 0.271690923967319 -0.7660843052403755 -0.5824936730112659 0.45230271111343684 -0.5897189422708541 0.6690693735677787 0.7327138759426259 -0.6539885503024669 0.18822686331767824 0.24967754338964554 -0.8113199160981192 0.528602987193085 0.7071385877044926 -0.0030962743659944504 0.7070681939278178 -0.9919462775532871 0.12264843881663076 -0.031621873822090654 -0.9588944186936831 0.22262712942415583 0.1759507176525963 0.30471357586677855 0.1300002262361001
0.27356069498231 -0.9448795397630277 -0.17990886998145567 -0.06234194942693098 -0.9830485845462973 0.17242088551904386 0.18626468355018913 -0.9715647122968358 -0.14617618643785507 0.1664588506357515 -0.9221627288487174 0.349152334328888 0.42717459759382465 -0.6476858738121634 0.6308921239282739 0.47830950460380056 0.15615900562121052 0.8641958011753248 0.47541425742853005 -0.5181722834472307 0.7109703007163957 0.2654960354665281 -0.7633241675713025 -0.5889380870287929 0.4530320296405608 -0.584013819512767 0.6735650219079545 0.7287893105101999 -0.6575903274834239 0.19089552662729073 0.25126216952726926 -0.8100870191823755 0.5297417705983392 0.6956309534704732 0.008789278543291467 0.7183455471821683 -0.9918662430030467 0.12263398737683541 -0.034091951118688034 -0.9598732461510071 0.2219328633685709 0.1714326558172484 0.3051069286279104 0.13006082856451537
0.2732560208627103 -0.9444790197024431 -0.18245692205063144 -0.06227550064233374 -0.9831741110614897 0.17172777689761268 0.18654112622380842 -0.9711295450118053 -0.14869369533479657 0.16669295697612826 -0.9224456086013376 0.3482923445421424 0.43251353519395597 -0.6511205597633216 0.6236778483540404 0.4810961621796146 0.15536467121546216 0.8627909953599177 0.4810479252354588 -0.5283606402975335 0.6995912573860832 0.25982396358818693 -0.7595562875197712 -0.5962933456231985 0.45840365719755 -0.5907152741575551 0.6640192406435792 0.7300051599431157 -0.658492530045197 0.1829755566492463 0.25865481261257184 -0.8164776118522811 0.5161995711508789 0.7000377213566807 0.009812371870829853 0.7140384485698336 -0.9918839845502192 0.12284185836155609 -0.032803033808779816 -0.9585860576345809 0.22416065293907347 0.1756837265728387 0.30509001729642 0.12974983870748258
0.2732560208627103 -0.9444790197024431 -0.18245692205063144 -0.06227550064233374 -0.9831741110614897 0.17172777689761268 0.18654112622380842 -0.9711295450118053 -0.14869369533479657 0.16669295697612826 -0.9224456086013376 0.3482923445421424 0.43251353519395597 -0.6511205597633216 0.6236778483540404 0.4810961621796146 0.15536467121546216 0.8627909953599177 0.4810479252354588 -0.5283606402975335 0.6995912573860832 0.25982396358818693 -0.7595562875197712 -0.5962933456231985 0.45840365719755 -0.5907152741575551 0.6640192406435792 0.7300051599431157 -0.658492530045197 0.1829755566492463 0.25865481261257184 -0.8164776118522811 0.5161995711508789 0.7000377213566807 0.009812371870829853 0.7140384485698336 -0.9918839845502192 0.12284185836155609 -0.032803033808779816 -0.9585860576345809 0.22416065293907347 0.1756837265728387 0.30509001729642 0.12974983870748258
0.2732560208627103 -0.9444790197024431 -0.18245692205063144 -0.06227550064233374 -0.9831741110614897 0.17172777689761268 0.18654112622380842 -0.9711295450118053 -0.14869369533479657 0.16669295697612826 -0.9224456086013376 0.3482923445421424 0.43251353519395597 -0.6511205597633216 0.6236778483540404 0.4810961621796146 0.15536467121546216 0.8627909953599177 0.4810479252354588 -0.5283606402975335 0.6995912573860832 0.25982396358818693 -0.7595562875197712 -0.5962933456231985 0.45840365719755 -0.5907152741575551 0.6640192406435792 0.7300051599431157 -0.658492530045197 0.1829755566492463 0.25865481261257184 -0.8164776118522811 0.5161995711508789 0.7000377213566807 0.009812371870829853 0.7140384485698336 -0.9918839845502192 0.12284185836155609 -0.032803033808779816 -0.9585860576345809 0.22416065293907347 0.1756837265728387 0.30509001729642 0.12974983870748258
0.2732560208627103 -0.9444790197024431 -0.18245692205063144 -0.06227550064233374 -0.9831741110614897 0.17172777689761268 0.18654112622380842 -0.9711295450118053 -0.14869369533479657 0.16669295697612826 -0.9224456086013376 0.3482923445421424 0.43251353519395597 -0.6511205597633216 0.6236778483540404 0.4810961621796146 0.15536467121546216 0.8627909953599177 0.4810479252354588 -0.5283606402975335 0.6995912573860832 0.25982396358818693 -0.7595562875197712 -0.5962933456231985 0.45840365719755 -0.5907152741575551 0.6640192406435792 0.7300051599431157 -0.658492530045197 0.1829755566492463 0.25865481261257184 -0.8164776118522811 0.5161995711508789 0.7000377213566807 0.009812371870829853 0.7140384485698336 -0.9918839845502192 0.12284185836155609 -0.032803033808779816 -0.9585860576345809 0.22416065293907347 0.1756837265728387 0.30509001729642 0.12974983870748258
0.2732560208627103 -0.9444790197024431 -0.18245692205063144 -0.06227550064233374 -0.9831741110614897 0.17172777689761268 0.18654112622380842 -0.9711295450118053 -0.14869369533479657 0.16669295697612826 -0.9224456086013376 0.3482923445421424 0.43251353519395597 -0.6511205597633216 0.6236778483540404 0.4810961621796146 0.15536467121546216 0.8627909953599177 0.4810479252354588 -0.5283606402975335 0.6995912573860832 0.25982396358818693 -0.7595562875197712 -0.5962933456231985 0.45840365719755 -0.5907152741575551 0.6640192406435792 0.7300051599431157 -0.658492530045197 0.1829755566492463 0.25865481261257184 -0.8164776118522811 0.5161995711508789 0.7000377213566807 0.009812371870829853 0.7140384485698336 -0.9918839845502192 0.12284185836155609 -0.032803033808779816 -0.9585860576345809 0.22416065293907347 0.1756837265728387 0.30509001729642 0.12974983870748258
0.2732560208627103 -0.9444790197024431 -0.18245692205063144 -0.06227550064233374 -0.9831741110614897 0.17172777689761268 0.18654112622380842 -0.9711295450118053 -0.14869369533479657 0.16669295697612826 -0.9224456086013376 0.3482923445421424 0.43251353519395597 -0.6511205597633216 0.6236778483540404 0.4810961621796146 0.15536467121546216 0.8627909953599177 0.4810479252354588 -0.5283606402975335 0.6995912573860832 0.25982396358818693 -0.7595562875197712 -0.5962933456231985 0.45840365719755 -0.5907152741575551 0.6640192406435792 0.7300051599431157 -0.658492530045197 0.1829755566492463 0.25865481261257184 -0.8164776118522811 0.5161995711508789 0.7000377213566807 0.009812371870829853 0.7140384485698336 -0.9918839845502192 0.12284185836155609 -0.032803033808779816 -0.9585860576345809 0.22416065293907347 0.1756837265728387 0.30509001729642 0.12974983870748258
0.27315852444811634 -0.9441237521566613 -0.18443091154943336 -0.06262476832927576 -0.9832962633894747 0.17089937623058013 0.18691266552263955 -0.9707496043017645 -0.15069459583936523 0.16609074428100065 -0.9229697761467706 0.34718965564049226 0.43648928015151234 -0.6534993507350971 0.6183976931567752 0.47769610877206553 0.15470713937841366 0.8647960040896207 0.4851325200081983 -0.5349601103430737 0.6917110078437538 0.2533905220333085 -0.757130212889259 -0.6021188288651608 0.46236509511072477 -0.5951385428572663 0.657288850984847 0.7267853783941358 -0.6627553456803102 0.18038393920930232 0.2645321657025758 -0.8213873275958179 0.5053173175082222 0.6951408651332682 0.00865115176979372 0.7188214904931735 -0.9918855428326226 0.12304541363241212 -0.03198274696867277 -0.9579346977067363 0.22477117300006 0.17843495934844367 0.30485499963525425 0.12949015443558703
0.27662777493958285 -0.9436703225119248 -0.18155824559136696 -0.056227111756276496 -0.9803356166368583 0.1891575815471798 0.18189838235028474 -0.9727031066168798 -0.14408901719499875 0.16404969739229638 -0.9174087517888149 0.36255879375183375 0.44181887482419446 -0.5597493109828595 0.7010540569052409 0.4493156723176969 0.1424555570225933 0.8819420847669526 0.5002565401337012 -0.5206779212711297 0.6918366110247665 0.2519491894671943 -0.7005984812481898 -0.6675952171784589 0.47168628605631985 -0.5403177060090151 0.696827686102921 0.7440830728266337 -0.6543073792855607 0.1349897557051491 0.23640712825094906 -0.7596026494517822 0.6059005567401075 0.6820054415008423 0.016057672705092417 0.7311707932559515 -0.991549417240821 0.12040547799686124 -0.04829362315808947 -0.9650100023537983 0.21470543312231943 0.1505233282414375 0.305298255808292 0.13155078784305005
0.2805157327477017 -0.9409407431208564 -0.1895822819152425 -0.05586508016299092 -0.9805209881247158 0.18830211009256756 0.18228636506342916 -0.9718144456529091 -0.14949369328600853 0.18350207270082058 -0.9146892553900156 0.3600979802617082 0.40891057340761433 -0.5033906038390014 0.7611767488054675 0.42416998945627676 0.22278821316045888 0.8777500966228554 0.47880643871747647 -0.5267659012249728 0.7023261917010711 0.19061398689347278 -0.8109571776198538 -0.5531860121762082 0.4447744559919486 -0.5157928622278815 0.7322113127860262 0.6562159275340973 -0.7067688732491342 0.2643074275473802 0.23355621898172976 -0.7411093184884734 0.6294509278923249 0.637344446464774 0.009066633085745117 0.7705256989387176 -0.9916757722967824 0.12254099801504502 -0.03953310568443858 -0.9654194806598829 0.19576714076260668 0.17216402922804697 0.3103460525020789 0.13156358409458627
0.2867593460655336 -0.9426341871361483 -0.17090894267486542 -0.05917866432161284 -0.9842559862873747 0.16654740810525176 0.16569770726825164 -0.9789966861088026 -0.11878450401473856 0.18870363780360258 -0.9173931090533153 0.3504009425517844 0.5268676611922323 -0.4413501951295892 0.7263748845113662 0.4000625492513777 0.12165370949440665 0.9083778573108988 0.5883323922613826 -0.7082497085057523 0.3901888601914664 0.2677173711829895 -0.7465469167120916 -0.6090936794242237 0.5715643569062804 -0.590451522328558 0.5698080252981689 0.6822950696783645 -0.6974887301083439 0.21905001544041375 0.26700444037038157 -0.6673921690884854 0.6951951678930642 0.6368867376757164 -0.011886773505987384 0.7708657392752648 -0.9936032121352852 0.11109789727108227 -0.020246334393850728 -0.9579706991493112 0.20131516505937466 0.20436326452789105 0.30992939013864584 0.1435796420006491
0.28721701117667664 -0.9424905536729871 -0.17093257363043243 -0.05912268978872804 -0.9842357636140653 0.16668673965011052 0.16649095503685898 -0.9788432461582491 -0.11893973827655695 0.1887137285898982 -0.9173383141765293 0.35053893647562373 0.5296845789750405 -0.4389781919246071 0.7257633180387646 0.3992171158144273 0.12209063065766848 0.9086911314337908 0.5927177893509502 -0.7015423756880353 0.3956310368271304 0.2673599012144881 -0.7463545536069861 -0.6094863111938575 0.5748007322798792 -0.5853038461806356 0.5718597081598507 0.6819667643699516 -0.6977591980299379 0.219210934625526 0.27572142934980276 -0.6705279499985013 0.6887452080908506 0.6356674056799678 -0.011622900329259335 0.7718755453724617 -0.9936212036037807 0.11092755087927388 -0.02029734477463703 -0.9587238266485869 0.19894134107760672 0.20315257080956078 0.30991423166107684 0.14342342642650424
0.33960512458639497 -0.929692290992202 -0.14262048739339658 -0.04791172264733411 -0.9824393270089097 0.18032591488536936 0.1779195863900548 -0.9821902696333816 -0.06038952737269031 0.1953465717661558 -0.9077851616618106 0.3711681790857757 0.27209140771741436 -0.16993999360901632 0.9471465907759598 0.3642685168097152 0.126080660900001 0.9227199545952549 0.3568364593874546 -0.41016184556352003 0.8393062621568795 0.262833923399992 -0.7561417060584198 -0.5993063065488543 0.31803075366501177 -0.2943269116361019 0.9012369881501862 0.6530161542560625 -0.7156350652108688 0.24786358288634897 0.3149380342208985 -0.6623404266979331 0.6797934934689183 0.5992275977116904 -0.007443196936260023 0.8005441180597386 -0.9982939468843448 0.057193381472063605 -0.011752137246819372 -0.9974985143276828 0.047802393523974904 0.0520734585700305 0.30779300267676646 0.16061228328510305
0.36568058681010157 -0.9064610130030327 -0.21120165798529006 -0.06601583187579443 -0.9875417000666539 0.14284012241387184 0.17841635676748754 -0.9760364916242564 -0.1245807796396758 0.22772526488443084 -0.8905655581551448 0.3937438131083855 0.4651024589339547 -0.19752100626098268 0.862939832653029 0.39574580781870244 0.09119228377342505 0.9138212204660765 0.06083616768699184 -0.27183559141786023 0.9604188523449871 0.28036283291817515 -0.7515414964506199 -0.5971449246463194 0.266545883939465 -0.24055257356937496 0.9333208189599542 0.6683231739508615 -0.707642204678889 0.22931778238385248 0.1314920462978773 -0.7575406658540288 0.6394075236794071 0.6183668223271961 -0.025079486813427733 0.7854893330823411 -0.999661658976888 0.023537652017241537 0.011070072677784005 -0.9915493010394931 -0.023625451433616395 0.1275610506880939 0.3242816356449671 0.164549449291894
0.37680727317660623 -0.8547422970550023 -0.3569760279155294 -0.04719900723425217 -0.9907898872201255 0.1269159292541018 0.29207733654018336 -0.8994840169967487 -0.32499128087840295 0.21138714608478584 -0.903714118676962 0.37231205483310786 -0.030945050367905593 -0.3096829621301149 0.9503361862120402 0.3870254890768058 0.12732016480726713 0.9132364679743739 0.10530422814348415 -0.2761154331907158 0.9553383102801899 0.33847929431836005 -0.7815382088751606 -0.5240513289611534 0.03809466904637027 -0.29342081699774314 0.9552240681340816 0.6843007302428432 -0.6689783045323797 0.29017329073175224 -0.05993743408795557 -0.9318076618343955 0.35796925195003654 0.6111954654360742 -0.007022149020364153 0.7914485406225199 -0.9997308208049801 0.016977861798566887 -0.015812594390216934 -0.952432447049512 -0.08601674543300344 0.292358603965049 0.320051625970552 0.1123137338332685
0.4033048276211211 -0.8114166012105356 -0.4230228307047275 -0.05734967033117607 -0.9877854239470788 0.14488261300306218 0.2412108617400346 -0.8944016828351017 -0.3766469831558036 0.2805568885877776 -0.8259825394187227 0.48891786308268953 -0.19517576539416165 0.39554246388949504 0.8974700997041799 0.3623658124368901 0.04266399953225266 0.9310589675852248 -0.4247167192540589 -0.2366857487267463 0.8738395531994009 0.2791745921717939 -0.7756234261813559 -0.5661005633669757 -0.330607895080848 0.08030087988666594 0.9403457812951779 0.6094328598968541 -0.7465889348415378 0.26682681958551224 -0.7156251909099628 0.4326640675104876 -0.5483451384122591 0.5989966665627688 -0.05079478513730788 0.7991388385315444 -0.9967190768193771 -0.004909661373016292 -0.08078970930465686 -0.829572710044948 -0.3191077615283054 0.45823504370691104 0.3673889598637853 0.13077499772950138
0.42284175693422266 -0.6756515600943566 -0.6039038151351933 -0.060399239138818665 -0.9901035265647846 0.12667651161690768 0.227509733797236 -0.8126221058283917 -0.5365488180459828 0.2757762892573346 -0.8326920643241545 0.4801784712948229 -0.39193986009425064 0.9192399054161138 0.037163723708388066 0.37617079644422863 0.042020068613873814 0.9255970212442347 -0.14887985023014258 -0.05789104166679556 0.98715926652703 0.31688114876335816 -0.7320628812365213 -0.6030508067104273 -0.37260843183619213 0.5885171422413815 0.7175029824416141 0.6666206045080717 -0.7100764823658748 0.22673411484864528 -0.7383500046186515 0.6662071733573682 0.10491555102472995 0.5687017742942362 -0.017788889033738778 0.8223514135341005 -0.9974478430576172 -0.006497830937702352 -0.0711025918853322 -0.6174728814684163 -0.4736085546829647 0.6280303954286007 0.36377117777648993 0.12883344866272456
0.5819014046308579 -0.49327917527431553 -0.6465805522356249 -0.0832632351253654 -0.9936161580224762 0.07611940746689894 0.25306937013680864 -0.7628889424862974 -0.5949423126074476 0.3209733487323652 -0.805308119683229 0.4984525471655187 -0.3207542683245681 0.9178698130085842 0.23373426304065376 0.3602023241073417 -0.03449021187240019 0.932236402954029 -0.4721609837646882 0.09629926788099442 0.8762365299483618 0.3360325168110212 -0.7642236907664387 -0.5504945940851496 -0.46753872567518723 0.5908011735800175 0.6575420239729898 0.6147705320522594 -0.7438312848101518 0.2622445664982604 -0.9220596588318867 0.3783022369068853 0.08181322085134922 0.5696868938041814 -0.056208864678774575 0.8199374406375566 -0.9959838365673086 -0.02263001117282554 -0.08662609243745527 -0.5809901615732498 -0.5748167054041873 0.576225812805505 0.37856617773861617 0.1511947665338611
0.5812789687098704 -0.3337299009159955 -0.7421179918114028 -0.09161220531794989 -0.9955407738332382 0.022489363536992945 0.0230895258971854 -0.784312257877141 -0.6199364128178827 0.3730816637541477 -0.7717835543869742 0.5149371003804692 -0.49474633801495943 0.8650458005585155 0.08319749970320295 0.25499568379457177 -0.09874375652166646 0.9618871408819896 -0.6812065996077614 0.554994623761136 0.47742909028154773 0.4146447327989036 -0.7918478211868971 -0.44838239667017415 -0.6113843348008968 0.7349394005938292 0.29338246814499314 0.5517800687795162 -0.7563354851748427 0.35141910813586646 -0.8011712629457906 0.4255503451010274 0.4207511274069786 0.49716878427855127 -0.11903562198090008 0.8594496614919384 -0.9985416115465687 -0.03378534872706185 -0.04210938400609082 -0.3637235727541761 -0.6432445059383526 0.6737519337286257 0.39563119714593015 0.23014476235812606
0.6026066020592193 -0.16001375913939475 -0.7818317466314102 -0.08961492314841855 -0.9958286135947891 0.017162106367899624 0.05212562168217482 -0.704366684505338 -0.7079198353791228 0.38095232704967813 -0.7662898225657792 0.5173733974099768 -0.32297381078985604 0.9447799715676277 0.05548624035336019 0.24070830949718014 -0.08874842458103605 0.9665315446861494 -0.7447795491519003 0.1650874297209417 0.6465675244807965 0.3912219733372814 -0.7598718927151361 -0.5191724898717189 -0.6338340467745458 0.6501593728416672 0.4189835212219364 0.5557779108222051 -0.7697747248260938 0.31393914515558036 -0.7659093549752045 0.624622744877539 0.1524115695841848 0.48888884559588996 -0.11500370357398677 0.8647322387977591 -0.9981594781663692 -0.04930734102060169 -0.03530498928083382 -0.3781830945796284 -0.6564460064604073 0.6527297967584741 0.39720604940308485 0.23115294100820766
0.4569245726095303 0.10768364395991105 -0.8829632878943005 -0.10224745213506635 -0.9947170333231994 0.00913685660280498 0.03259778219844341 -0.4223722371335716 -0.9058361208819866 0.36998206904658976 -0.7680639120959677 0.5226768557338674 -0.6709858684713388 0.7178425518559135 0.18568800461191137 0.31935390857023277 -0.08962662849055747 0.9433875918975886 -0.7558570142859997 0.5639278724787933 0.33266428812873156 0.46604048515590285 -0.7619665612334586 -0.44968124906171997 -0.7186635558051397 0.644198152172588 0.26178509181184473 0.6288030298120556 -0.7052041105023995 0.32755749454057476 -0.7523294138514754 0.22788448775348016 0.6181173944286225 0.5381553062314894 -0.1076179270238613 0.8359469170694864 -0.9992271223098581 -0.037635991624952306 0.011344169196839641 -0.20417865543668348 -0.717861049225124 0.6655723782350589 0.39588742641720776 0.19873951180179453
0.45133707103532317 0.24859814741772848 -0.8570261427807959 -0.10347377188921197 -0.9946282791472058 -0.0027865483465221025 0.06752293917817764 -0.28249018026383643 -0.9568907726272865 0.36632978528985827 -0.7784278526076888 0.5097573606080334 -0.5869435453897076 0.8004307568030389 0.121687625044927 0.3041439211051036 -0.10931511634695315 0.9463332819851917 -0.7996893593890934 0.5302193559508355 0.28171681358226175 0.3990925561421547 -0.7134553244818144 -0.5759397812275777 -0.7074368130567982 0.6759637813690524 0.2064125040042215 0.6174069665905197 -0.7470741783123744 0.24635098884393264 -0.9017849827268973 0.3894988338058844 0.1872818821779231 0.5241350010423753 -0.13032089311555148 0.8416049937469919 -0.9987415557922898 -0.04599346192014168 0.019997654717413733 -0.2118547402442107 -0.7548955187618939 0.620685366984972 0.39311685953391223 0.18803193727747755
0.383786252328889 0.4022980089073182 -0.8311825458661615 -0.12290768704231246 -0.991719950047613 0.03721882780890376 0.04108033235334307 -0.05214606825857281 -0.9977941640733881 0.2948065907586178 -0.7391786395936415 0.6055609076003623 -0.6108208034702786 0.7855362410928977 0.09915018899409317 0.4267922655258333 -0.15602264374189204 0.8907891426859205 -0.9573256290004735 0.21129531808659707 0.1971850111279544 0.2703064186233826 -0.8105979369300255 -0.5194857309838136 -0.835604850578779 0.526084072036322 0.15811414496780005 0.5498128925747936 -0.8024721561127814 0.231828000513834 -0.9044187798708087 0.40929679739091945 -0.12042758098763912 0.6386427532270239 -0.19603759706176302 0.7441133611815182 -0.9998025873727028 -0.019868711173007272 -0.00014352411847446246 -0.17951709323803514 -0.7633431249203523 0.6205488593754711 0.40273043986464085 0.18741119490371097
0.6297607472648724 0.3980752976245886 -0.6670363248170857 -0.0399899364406533 -0.9882883832177156 0.14726464810125345 -0.7786760088031477 0.5649985215409571 -0.2728375780037143 0.38857389632263034 -0.5559125754103785 0.7348275550067851 -0.6787984027894358 0.693761003691998 0.24068319037020924 0.19056030630227558 -0.2749114386061081 0.9423961325183284 -0.7315335395899412 0.20137165468108162 -0.6513893898015342 0.20772288320278076 -0.7661470924257746 -0.6081692499308522 -0.8202288645253061 0.5169117076303029 -0.24500386999851886 0.3420069987076093 -0.9159669618560331 0.20984693856056552 -0.7498533018924355 -0.02836743312396899 -0.6609956992136706 0.419443892170408 -0.2262707481004597 0.8791293248862748 -0.9942567045076894 0.041456894934297064 -0.0986657559841106 -0.06670571225947317 -0.8567033528582729 0.5114779693724353 0.4429009847993026 0.4986547670224502
0.6071078960740626 0.5833660880541515 -0.5395405543913463 -0.06328379868348663 -0.9863776097323971 0.15183666172170324 -0.8244282114193465 0.5133847810061288 -0.2382313809034956 0.445743362333549 -0.538282114685062 0.7152378764759038 -0.6786566443226224 0.6227662565124557 0.3893422002123838 0.08001712900994679 -0.2589936345916769 0.9625588586190449 -0.8844719079990614 0.004821926185119836 -0.466568529787817 0.31142787157307866 -0.8028871471347437 -0.5083157579431257 -0.9284674242616191 0.3677675691979595 -0.05191586589106076 0.3309874206159851 -0.8939294378510821 0.30222092504858944 -0.7123763407809821 0.19309282970686312 -0.6747111294556318 0.3555532558982683 -0.2531876385709284 0.8997098987423766 -0.9964813889432504 0.03465725171737954 -0.07631327796084261 -0.024677170716975783 -0.8885676461230937 0.45808140707593653 0.4400745561322424 0.5347173362722949
0.5533778193333082 0.6613992014151474 -0.5062845893737216 -0.06957436128492575 -0.9846851257273267 0.15985809777159732 -0.7390869214192893 0.6320789335316844 -0.23286636591059182 0.4695847911670135 -0.5237367484529707 0.7107671504962382 -0.47314309374424257 0.45035798429628016 0.7571745497721898 0.04738157208713978 -0.2325379102180883 0.9714325025126324 -0.678013731109016 0.22598150573134956 -0.6994495975372513 0.2560937809127263 -0.800635616308713 -0.5416627966510085 -0.8631649549916098 0.5040267193302339 0.03005539345165402 0.2712231297529287 -0.9163228850624975 0.2946020777214018 -0.6839546620005207 0.4668475844236021 -0.5605883991357663 0.36757646973642416 -0.22674639481780556 0.9019277195724918 -0.9979229005442177 0.02782102789837352 -0.05810228030028726 -0.07661938033572652 -0.9042241566814332 0.42012872435804755 0.428902868588758 0.5538781461161717
0.5117186428360339 0.7383039215642601 -0.4393760917219809 -0.07044090414084403 -0.9833326396477698 0.16761562823069226 -0.6376552515023092 0.7104850927632018 -0.2976687978152751 0.496172188808714 -0.5071865646306406 0.7046807416915399 -0.6457485307060216 0.3719515694628855 0.6668289623772431 0.012236258006358715 -0.2439053376070729 0.9697218468595938 -0.9409729522701722 0.20077868515692085 -0.2725028856408942 0.3042782531748546 -0.7799151832398948 -0.546943371471618 -0.91794290400276 0.3294011435110957 0.22107851918393678 0.28837983229779235 -0.9124649647661838 0.2902494795828996 -0.84982359922794 0.3301932885107288 -0.41081898984557685 0.36575485549860703 -0.19441085757528034 0.9101800943417941 -0.9990231579673386 0.017173784441643067 -0.040715979331436246 -0.03396389931660397 -0.9232738337933749 0.38263805531558787 0.4281016043215692 0.5568806815858838
0.50395812002866 0.7783160496948247 -0.3745001202197697 -0.0713180787250172 -0.9809460855098393 0.1807166538255266 -0.5954378118632908 0.7276968993055652 -0.34045709706881183 0.5091351349658856 -0.5090858251451732 0.6939834558399268 -0.6191798115989284 0.48565689311389343 0.6170524637980758 0.008334781022843034 -0.23543402009100473 0.9718545948901458 -0.9695038399280989 0.02462004895652728 -0.2438363335396295 0.23778822884849113 -0.7512108576813581 -0.6157426455287436 -0.9315805673191566 0.2951758932330469 0.21219999681289156 0.23972302141518917 -0.9394918155985025 0.24472025136265696 -0.9267170532172074 0.3228016294217813 -0.19233983289755285 0.36192798898183764 -0.2032215787037557 0.909785205826472 -0.9994858609931359 0.0019865199543305533 -0.03200105331517861 -0.04675528232652222 -0.9273436865375412 0.37127837347942816 0.43176096063992325 0.5484278429101148
0.5363341479517131 0.7792782693345712 -0.3241466653905688 -0.08774742451213702 -0.9772644662528863 0.1930143841555546 -0.5668799754343505 0.7206128823216306 -0.3992044179160119 0.5276388245307158 -0.5151781873691903 0.6754174310060704 -0.7137294396138202 0.5055708099760382 0.48475606559249457 0.013925834235366459 -0.21516050307687315 0.9764794053417389 -0.9531260472558012 0.08816458974760973 -0.2894438514758399 0.2216447203920003 -0.6982812533577952 -0.6806444807176641 -0.9379388521645068 0.3306911826124944 0.10447033714254757 0.2491002846351373 -0.9472345175454555 0.20173204248488058 -0.8823930642367191 0.44230450047784 -0.16046560081208022 0.3590639543353483 -0.1957378707951458 0.9125567174886423 -0.9995757884409635 0.005159680486724867 -0.02866392959629126 -0.05528244463601872 -0.9227197489210489 0.3814867183351763 0.4309771036285634 0.5447169639672526
0.5608442539947428 0.7354956277195344 -0.380131430384977 -0.09006364934959665 -0.9781668908108239 0.1872914114083154 -0.5444461461412016 0.6417999416924939 -0.5400659485613815 0.5330584102786611 -0.5117265848344665 0.6737838181530039 -0.6495060276034619 0.5947305155041956 0.4737483868414592 0.021342931596010483 -0.24210258871967186 0.9700158843060878 -0.9015929934500948 0.37408579701234457 0.21723234251679985 0.20167795423908788 -0.7316691448654976 -0.65114227725262 -0.7949584579837401 0.49419995737130495 0.35186283153284953 0.22160774734676178 -0.9513260212253998 0.21417004378610938 -0.7258122503667267 0.2577302445434301 0.6377865616843708 0.3755917346331521 -0.20178232141233607 0.9045522337823884 -0.9999547051659382 0.006041021286569864 -0.007354840468465059 -0.07896609128286187 -0.9218913936948424 0.37931598260406557 0.4299699996267202 0.5064800170024992
0.633118284424423 0.6789511942106216 -0.3717344668004925 -0.08733066918527214 -0.9794586033378866 0.1817531253295229 -0.5158474971487917 0.6590453258441813 -0.5473213116335451 0.5253905597878594 -0.49485690426225104 0.6921570659827009 -0.576069089567874 0.5807995156986603 0.5751663469020442 0.08452465802857033 -0.26233630724285933 0.9612675195216643 -0.850025323052742 0.421025585397735 0.316535000607478 0.1780907907533331 -0.6637618737866663 -0.726432271554662 -0.7301439549585272 0.5107544285010273 0.453893951054769 0.2691103555470299 -0.9531327161145428 0.13826656142923918 -0.8506308455707499 0.5237544191085528 0.045918112198277454 0.38774614200500507 -0.2209873745890174 0.8948840760861083 -0.9997264599367621 0.008474010688996758 0.02179900101271757 -0.11830026030737964 -0.9219669435538534 0.3687573774247397 0.42982751361688804 0.49636281179496666
0.6694496628588538 0.6104577118533263 -0.42329485106361525 -0.09617801079387228 -0.9790997729027445 0.1792021901136474 -0.6118537538346567 0.6105550804031539 -0.5028493588663882 0.5384082077043826 -0.5039164039531229 0.6754145835733097 -0.46192728500222363 0.6991466149921933 0.5457262996369446 0.054823186303502504 -0.27146733159038494 0.9608849598795517 -0.7883286704520773 0.5606995795601001 0.2532861796948009 0.1534592448218129 -0.6895207899769632 -0.707821545566581 -0.6443358367175125 0.6463843632268634 0.40867907274210324 0.20972827770829436 -0.9655693479582053 0.15391518382888314 -0.8967135219699418 0.017046209216882074 0.44228303863883 0.3704659417530611 -0.20765112455850723 0.9053375041776437 -0.998908579869 0.014568054101923519 0.044378157507733634 -0.1279382921646009 -0.9143360079438533 0.38421537967044367 0.42871368781131697 0.5025982260839718
0.775464686063512 0.4821697497422364 -0.4076356867374689 -0.11848977996878905 -0.9764156497856541 0.1804789486245054 -0.7015471446411442 0.580276327941313 -0.41365563827512775 0.540661646710561 -0.48340890349739574 0.6884771715864442 -0.32051275178579497 0.6320555527294788 0.7055333827725876 0.09662684798930295 -0.31930371220901316 0.9427133135885988 -0.761500402773266 0.538637525516128 0.3605367563536569 0.1793622166400681 -0.6442277628832076 -0.7435050670792088 -0.5669762703711471 0.6098591299325056 0.55372353252683 0.2734595532870533 -0.9567230871077884 0.0995028005183191 -0.8603324702800298 -0.06918555910812282 0.5050162363654838 0.40945159733985326 -0.24159847318106645 0.8797610852910125 -0.9979820844746079 0.023032112331567392 0.059171622161831125 -0.16325497704882777 -0.9186578548499129 0.3597437396138297 0.4300797801053386 0.5000102232815279
0.7361490395536611 0.3587634672363342 -0.5739105907201801 -0.12216146377444559 -0.9760220601346546 0.180159692770024 -0.5739879114544936 0.692284848657019 -0.43735519412033597 0.5403995370820254 -0.48190923692421955 0.6897331568720246 -0.7176476673213232 -0.3256356189590912 0.6155836817634082 0.10691620129052865 -0.3149456681687603 0.9430684768368288 -0.23344917856963204 0.6685417425827821 0.7060831533534425 0.23208395832683676 -0.6581001079529752 -0.7162690026796006 -0.568039472073363 0.21326407639836636 0.7948896727751386 0.3267329235780494 -0.9369590224978908 0.12390878423234382 -0.9477336730578926 0.14709455703139804 0.28313261246972654 0.41776702233124813 -0.21962510652162115 0.881609623154063 -0.997844100338061 0.020224688592312422 0.06243487320296006 -0.20754921338019028 -0.8833197332472205 0.42032079758361185 0.4319846951887728 0.4612384197311849
0.8188420617980053 0.10791946432810104 -0.5637828190442906 -0.12917357268653937 -0.973780358340174 0.18725918356726196 -0.7410883292901296 0.6178218632017916 -0.26283879763047036 0.5456567536601894 -0.47761634865577673 0.688579211624739 -0.4210982751813461 0.5355575965306874 0.7320206987767277 0.13825679304123104 -0.3168699967708221 0.9383381396513802 -0.4853042661880528 0.6022199405316658 0.6338855673114134 0.2868100744268161 -0.6418217345696824 -0.7111995797532844 -0.454623313664773 0.5705896534648262 0.6839189206560607 0.40246448656962613 -0.9071753107965819 0.12270001031528972 -0.8714441716422388 0.4726872620660061 -0.13096491129808388 0.45749327704504417 -0.22325399920092295 0.8607308251128112 -0.9973422870350335 0.029889555337291925 0.06644529308738001 -0.19009288316836767 -0.9037522759408375 0.3835316408075008 0.4311811032321192 0.4490920999914877
0.8104386300748412 -0.04135207101148537 -0.5843622447638758 -0.14054589339285922 -0.9762826015899675 0.16467888050119783 -0.7109294306310009 0.6804340626635058 -0.1777324703871449 0.5518703796096386 -0.47340600213441525 0.6865317481752928 -0.16639856630796793 0.5863623492727542 0.7927740614361632 0.1451034337026659 -0.2924813650140752 0.9451982038954577 -0.31883577226871673 0.550076718856916 0.771854489974257 0.17273312004815053 -0.6921308614779258 -0.7007982161993961 -0.24430007632381692 0.5697833506204958 0.7846428525538599 0.2992074395470532 -0.9438336194065184 0.14018918288401536 -0.5829614128121572 0.6073801155407736 0.5396715542047126 0.48852777138755465 -0.24582675857205555 0.8372035722290401 -0.9961671821671664 0.03557513567182185 0.07990841567106037 -0.2691458197719831 -0.8968496399387133 0.3510288464514955 0.4292103818007393 0.4257051059537217
0.781253510224838 -0.23918867406274902 -0.576568929930735 -0.15463078899875055 -0.9725114373217525 0.17410003840322036 -0.7218565984233283 0.6889502656470898 -0.06534969607814599 0.5392480612463902 -0.4761297768543186 0.6946308113197011 0.043002661096019204 0.886484739005564 0.4607554434283961 0.23960169224403316 -0.34608721646769186 0.9070913226745367 -0.4830552138054831 0.8263022587228933 0.2896243043060847 0.058074883901908694 -0.7117602533068814 -0.7000176066873631 -0.2323702788270693 0.8912153508727282 0.389537227857146 0.2559201020462123 -0.9612925541446486 0.10208587911515522 -0.4785987540175388 0.8427756912354568 0.24631761389607792 0.5413645685276608 -0.32705669457433045 0.7745697660488516 -0.9941804937646207 0.04812497226813891 0.09638014765565428 -0.26185608733973104 -0.8729968485681631 0.4114704022322663 0.4296320338823457 0.3842884818690914
0.7049323072194946 -0.3716623969185859 -0.6041005751983122 -0.14877643511815922 -0.9731765007370528 0.17547954515189923 -0.6444650554519409 0.764160786610691 -0.026890230714088647 0.5464730750709336 -0.47892569805439905 0.6870206357640389 0.139189825625506 0.9048513998809687 0.4023308794708559 0.21049650973383 -0.33332394950729904 0.9190137997194228 -0.43497790034699285 0.823896021053061 0.36330369211261204 0.1487600508925208 -0.7054370275409158 -0.6929856040587654 -0.1581782391233943 0.902836679065741 0.39983193419406426 0.31585223810068636 -0.9414021917559808 0.11831854057510571 -0.49146382448276793 0.7638305636394668 0.41836130231533775 0.5059857321501532 -0.3176435175858247 0.8019233346125908 -0.9922667569057603 0.05486035134119742 0.11134192826803871 -0.26727344437204376 -0.8658655744088125 0.4228968112757548 0.430658328644424 0.3696927099150043
0.6274536360656737 -0.5243348820517612 -0.5756516881341797 -0.16353011987866664 -0.9734396502096548 0.16022842223580042 -0.5701043479449637 0.8102105389039214 -0.1361613568648068 0.5605448795915552 -0.4909947544307057 0.6668684945963634 0.28288675359111376 0.9130504534938877 0.293792365485025 0.2849132987040791 -0.3314989559850726 0.8994069459384707 -0.37141320118096094 0.7577641943914382 0.5365124972326422 0.12062303361389946 -0.7508952938610751 -0.6493122064300576 -0.05161614079207406 0.8935005934652995 0.44608571316159684 0.3338912961266516 -0.9327949279218661 0.13568428359285103 -0.20713667422056609 0.8490211768344524 0.48606320523105273 0.5842342414375975 -0.371535388602206 0.7215482008487326 -0.9906353978846976 0.05659354509780342 0.12425248130757624 -0.29020474562892545 -0.8479673263726515 0.44354550952395816 0.4289384794108608 0.38173075046966076
0.5999654539726598 -0.6377045229461162 -0.4830883930021986 -0.16869681394252506 -0.9710604866998358 0.1690648282048019 -0.5396929611011327 0.8338857263096736 -0.1156118644209121 0.5457759055926192 -0.4675781062190236 0.6953411935583768 0.209703815282474 0.976808470666747 -0.04323796352356212 0.42001869534360625 -0.3355186706233484 0.8432149887335945 -0.28384460596274863 0.8698205849972279 0.4035398240334304 0.24888620619236212 -0.6945592157678908 -0.6750134459098319 -0.042534455602731856 0.98003706069968 0.1942116879637036 0.530231082107586 -0.8453562842927643 0.0650211671207874 -0.3483363678531905 0.8705433161791929 0.3475861180866989 0.7199345886086483 -0.4239316320006996 0.5495235750303344 -0.991275504731964 0.04477807780079409 0.12396692085736426 -0.26826640052497713 -0.8394383224329204 0.47262716932099563 0.43100498190808895 0.36563248540814797
0.5957832872185836 -0.7391946466849657 -0.3140597856830884 -0.1750141807087245 -0.9639811931187499 0.20027554984122597 -0.5734200981493556 0.816948738988318 -0.06151543630488593 0.5350610547811472 -0.45370394579725914 0.7126446500356849 0.10028609572337521 0.8987014877994095 0.42694066898304506 0.41089297414455067 -0.3770582655704481 0.8300566415393897 -0.04688924464244163 0.8377453061869821 0.5440443003088452 0.19334501377645782 -0.623841868245037 -0.7572575711554974 0.025938526552020977 0.8721272699800197 0.48859105374280837 0.5035368675137876 -0.8638293537304567 -0.01579464111728933 -0.23590438473450842 0.8422174926549998 0.4847873929146245 0.732652130765156 -0.4350128337525134 0.5234354685688436 -0.9947247823084034 0.04313455236196962 0.09306996214693458 -0.326381694618309 -0.8777465601213353 0.35076482949868837 0.4324458290203077 0.32411762804835487
0.5931625395550402 -0.7964083490703165 -0.11786408782877139 -0.17825834873438778 -0.9618004015645654 0.20775935275392562 -0.5216593573204547 0.7231233129668941 -0.45272970872673396 0.537587108422098 -0.45269110193526346 0.7113865806205542 0.14244448269984367 0.9880702013743997 -0.058539273179012 0.4119297412759959 -0.3783327754567402 0.8289621217326464 -0.006965171131144299 0.9984752853902532 0.05475939057336385 0.13420328899820336 -0.6110206665015859 -0.7801558961707733 0.067135858412616 0.9977431063554096 -0.0012125326630378988 0.4670455129970056 -0.8833906449676794 -0.03859348614664462 -0.20737349158181365 0.978261663703126 -0.0005935637789018321 0.7130380956488293 -0.451124165288713 0.5367156245592754 -0.9945702567827863 0.041513261127448936 0.095428787446907 -0.33673533100844477 -0.7949505852895004 0.5046413417453172 0.4329820669370466 0.4130294990458432
0.507048304252494 -0.8578462028839001 -0.08367741243815152 -0.22825398985756823 -0.9466556364363987 0.2274713654887098 -0.5194707289942777 0.8519820996225521 0.06539620509556746 0.533441725107863 -0.3841945942090182 0.753547901393478 0.22436891365183612 0.8020633352806199 0.5534916411159457 0.3882584312655083 -0.45832870150236904 0.7994937097503637 -0.14915348765995734 0.6484095677626581 0.7465375205257361 0.04925071934712268 -0.596267213063238 -0.8012738466152443 0.036277082533133304 0.743162706082352 0.6681266089381861 0.3648547666830742 -0.927448779126288 -0.08197415035117636 0.09246561017033529 0.8331981242547778 0.545188955018485 0.6533469667848604 -0.4031108662678416 0.6408114937248027 -0.9932870723091473 0.02678395841596576 0.11253182463238996 -0.4057526153152748 -0.8878386759564084 0.21704216327890385 0.444364849664719 0.23026494612762582
0.502269851459032 -0.8534643766644824 -0.1390091870346288 -0.2542195930513033 -0.9379787963272933 0.23572903119732988 -0.40493823652942046 0.8862254524971265 0.22500993743100878 0.5425170117865794 -0.33544225282719264 0.7701647790832675 0.004370175870270581 0.5549595126095035 0.8318658791698847 0.44671592525274323 -0.49044408096004 0.7482709974179456 -0.18320287933356827 0.48065474877395303 0.8575591626733038 0.026192932071628944 -0.5920573298345763 -0.8054700792075661 -0.09101849628899125 0.5200549535554674 0.8492693792994727 0.3782348870433553 -0.9174213647922558 -0.12359777362887682 -0.4060077604551785 0.5250576294334378 0.7479787324676479 0.6981476064948271 -0.401163603714679 0.5930073208655994 -0.9941300059520852 0.0234011329497441 0.10563104771976468 -0.4432669526754964 -0.8875666464612287 0.1254585858175819 0.4534456614839021 0.18826906949289626
0.5121866420087489 -0.8175832439406017 -0.26310165901294547 -0.35091616409176035 -0.9030800508414699 0.24759698615147308 -0.3400357401963982 0.9248522289502947 0.17036446224127574 0.5768115644996025 -0.28672816999942846 0.7649022000153352 0.15121889346035033 -0.13644118280132986 0.9790386355483635 0.6082156455937611 -0.5047398999981705 0.6126266087959298 -0.2234621982289939 0.09676112331364162 0.9698978971921468 0.2318294877065242 -0.560567676979119 -0.7949962063783479 -0.03934971829306824 -0.018900796780851166 0.9990467254094301 0.5967302264046359 -0.7791210950563573 -0.19205039998202209 -0.6750094572173945 0.020792130694973085 0.7375160472615099 0.8464899016543097 -0.36794857397215136 0.3847969507534296 -0.9970933296127696 0.01907792503477203 0.07376262480476392 -0.5497851467001663 -0.8218277109972988 0.1494506805097154 0.4583462392429279 0.25291934062838634
0.5709067879594684 -0.7607508828384801 -0.3087450950578415 -0.3906588675216969 -0.8716667109476331 0.2959439038946412 -0.4682825454783917 0.825436816437284 0.31522296818309364 0.6624419119659917 -0.249515711081485 0.7063374711809803 0.324567937339928 -0.7669635866659218 0.5535544334385278 0.6504532227328769 -0.6536977386573396 0.38676849860180595 -0.17898785276260448 0.126535465263489 0.9756803393499249 0.03197971262158562 -0.3874424087047955 -0.9213390678342405 0.08382258999302608 -0.37831972680116543 0.9218719855380966 0.4765137487670611 -0.7557024053314495 -0.44927555220846777 -0.5186305089495687 -0.8362616942883268 0.17801340919360037 0.5653600461542493 -0.3025561354955022 -0.7673511602170758 -0.9996145854711678 0.02711498353972823 -0.005954677232703572 -0.6778228490646194 -0.7309963122367976 0.07874374122509382 0.47225447787720226 0.14768136632056864
0.6202275928144795 -0.7069846207911559 -0.3398389016524472 -0.4464356842534983 -0.8416742714098504 0.30377557616077083 -0.35029633186190934 0.7176176326800017 0.6019280797162078 0.6307689063100417 -0.1571973567987683 0.7598812919449422 0.28934970977484636 -0.8568519688178504 0.42671002916053613 0.9490978760681066 -0.28744389547522764 -0.12879917933370227 -0.47269123082700365 0.16063217713418448 0.8664642542934962 0.43239621924760396 -0.45883789265600683 -0.7762095708269595 -0.13006998750064938 -0.46208069644673844 0.8772475296761332 0.745600844968497 -0.4170753238098263 -0.5197379669133205 -0.3024553980467947 -0.2976147719779456 0.905508796032855 0.8244741526637339 -0.2772588150815263 0.49332537036828533 -0.9984311811908874 0.012298829533365432 0.05462522510597662 -0.7072926401306865 -0.7069208618550211 -0.00012763666206141257 0.4717963310985829 0.17037003011678603
0.6481622494973809 -0.7139591867167988 -0.2648546356573399 -0.43423239620513243 -0.8284708722227145 0.35366402130338814 -0.25099100037734223 0.720117790717586 0.6468646575765321 0.6667298751802845 -0.1215361815600756 0.7353232147252516 0.05735906867453023 -0.9489953779159813 0.31002856309523213 0.862371695046171 -0.3128739408239478 -0.39802632668767884 -0.4734904992686401 0.22296266345710058 0.8521117284760547 0.32727252790046407 -0.4024510158735765 -0.8549420286218045 -0.2950249494791519 -0.49708008819841226 0.8160095986576891 0.6195583750723961 -0.3851935073291327 -0.6839396039045652 -0.4977244370857733 -0.3909556995664882 0.7742247901637663 0.8993691571716702 -0.22747676719913593 0.373348951401969 -0.9991210157691816 0.0015339926172164328 0.04189084285388984 -0.7439441417910431 -0.6529692821669731 -0.14205009834961843 0.48062072971950365 0.25055562087179695
0.751099914192782 -0.6439179155595356 -0.1456661831759807 -0.4975915806903739 -0.7704552572635307 0.3984988273270597 -0.4408338035053263 0.48971260161440144 0.7522281073631069 0.7494466116316636 -0.01654289006901214 0.6618580732317035 -0.13512366058500624 -0.00636602177993927 -0.9908082913040269 0.9157916928251896 -0.11983933937198962 -0.3833589807103244 -0.048034571347975244 -0.2878087855470801 0.9564825052855547 0.5101166395349281 -0.36596726440926075 -0.7783630100733169 -0.5217447746837159 -0.85253432156551 -0.031106601278088435 0.7371603561034872 -0.2627767908149272 -0.6225294913483119 -0.20320391363174803 -0.43167387706975535 -0.8788434635020659 0.9673736120395555 -0.18712600558212292 0.17079857366038764 -0.9994901142833341 0.0032542419475999887 0.03176352246263408 -0.8128699129847092 -0.5789875185752236 0.06337158589096675 0.48390015009085724 0.27341387172975345
0.7766620945690483 -0.6078275879943974 -0.16535299855923935 -0.5570922068151223 -0.7381427050015104 0.38051756879139015 -0.4519279820043189 0.42117403193636005 0.7863673021584594 0.7964647101351768 0.020607350798336668 0.604333767550981 0.23899505177483202 -0.2375428708521906 -0.9415172593927553 0.9989339590888091 -0.0442494932187888 -0.013150198821233 -0.8832005448358411 0.0326357364468298 -0.46785863923651827 0.5168144904967252 -0.2419134880193649 -0.8212068233562816 -0.4207622661070887 -0.12899987038379218 -0.8979521974255602 0.8480595156491326 -0.16957768694143469 -0.5020343275200922 -0.43352287110626747 -0.1349298084931138 -0.8909836513695356 0.9891147471501126 -0.07197184035754377 0.12834356690429483 -0.9987731383968739 -0.006250798103627531 0.049123777744865364 -0.6387116199510123 -0.46770046606299825 0.6109858759284112 0.4722693989439158 0.2983417085923414
0.7776126332037983 -0.6259705433423189 0.05898704560814324 -0.5516723112976 -0.7180214728195946 0.4243852324451736 -0.6639615750877949 0.5383658013744476 0.5189578891561273 0.8657530431115139 0.04600120629038074 0.49835284424088827 0.5558138745806854 -0.29463073976079623 -0.7773439804948722 0.9968310764140296 0.020654577621595917 -0.07681922622963994 -0.6662273635260453 -0.10299733355448931 -0.7386018205838651 0.2699002438841805 -0.2773629062056739 -0.9220757434248026 -0.07964858190351642 -0.2516056861290233 -0.9645468791657055 0.749241368112454 -0.16751533301679664 -0.6407620350124138 -0.021421461321171165 -0.3249965242369789 -0.9454725697918201 0.9477539734785667 -0.039214744149594964 0.31658270577665815 -0.999573725664514 -0.022635921220919453 -0.018438601672660353 -0.7236054345528051 -0.4724683764374542 0.5031588301443214 0.46811720064054385 0.20703834999043588
0.7418462692335726 -0.6643882268704234 0.09084270372575057 -0.6134162732185002 -0.677844088142039 0.405275052182606 -0.5869729559479108 0.809574841199358 0.007164180539751776 0.9041192348382754 0.06341992765004552 0.42254741979133464 -0.19630942116246244 -0.5388785484958648 -0.8191901617657825 0.9806175857664329 0.12938673659073457 0.14713335067214486 -0.29153812398901097 0.2995962529371004 0.9084313994391746 0.3988568449530451 -0.15368374489485756 -0.9040434302560885 -0.8872477950515674 -0.4158245987278212 0.19970291252001926 0.8544462996754929 -0.025766617902948017 -0.5189003780810931 -0.7679686543591219 -0.3367379423454379 -0.5448226354574488 0.9501770871941746 0.068201290417505 0.3041579967000392 -0.997965039577268 -0.030272107807972296 0.05611933063040001 -0.6606109973332143 -0.6320217591069859 0.4051439327174072 0.4496752107111936 0.24812381754811522
0.6874668871754284 -0.6181972082277015 0.3810793759530982 -0.6098758546953666 -0.6560490109986998 0.44457973078765506 -0.6295381360338679 0.6695969381464492 -0.3941087105151364 0.9807590797081659 0.09233174983470126 0.1720071961938036 -0.5775423601870764 -0.7374960348670299 -0.3500634524553368 0.7735948056451863 0.18332743530546278 0.6065823341831739 0.16389612916611573 0.612379751348536 0.7733880649342018 0.49428717215862983 -0.10610458844929216 -0.8627989381944274 -0.6685189786334199 -0.17979880300734108 0.721633401142198 0.9638340971425949 0.046631779651425946 -0.2623915210365225 -0.9584794849975575 0.179708825017779 0.2214087059027859 0.7773512996994891 0.05778672543707811 0.6264069373967491 -0.9965026954762966 -0.061443794756188934 0.056630715997899914 -0.6601159714347871 -0.6467162014367724 0.38210608351071745 0.4386547975683242 0.41520105654986894
0.6277479961142686 -0.6138191363674269 0.4787050461439345 -0.5689354430330336 -0.64810245932305 0.5062367666223189 -0.61173007409388 0.6239853409005693 -0.48623925262189227 0.9754370485612293 0.09940514115825118 0.19657360505791807 -0.6537917076974745 -0.7492074788399639 -0.10604035362202938 0.8414540091452296 0.2108873044414573 0.4974753213163803 0.41152867648867064 0.6610383107185785 0.6274332635347055 0.5540690939612738 -0.04056663241114118 -0.8314816819700556 -0.39412686764207966 -0.12226764389744085 0.9108867303119589 0.952862353882573 0.10768932914715355 -0.28364827329140935 -0.9420628965283611 0.04303254177374172 0.33266454474903945 0.848275290240741 0.03817065160479709 0.5281780318444265 -0.9975232555400302 -0.054829412698250764 0.04405780475675692 -0.6632829465398812 -0.6252000166561297 0.4113157813682189 0.4558609576119417 0.45233418690538335
0.5363825960374755 -0.6209316046803663 0.5716097033616239 -0.5051803841171486 -0.660954204250638 0.5549164976702857 -0.6691860894355692 0.5889247554355861 -0.4531639991670405 0.9352695924006106 0.12475388226037026 0.33122086044173227 -0.7419893982652908 -0.4236585700328771 0.5195817057014321 0.8161427774463387 0.13065567825584354 -0.5628854773057139 0.7766052316074312 0.44285855062425705 -0.4480631856992386 0.6476143759332151 0.0379895012948156 -0.7610206422141279 0.6209862174232685 0.34786029155326725 0.702402545077121 0.7340348338077255 0.08244272282736136 -0.6740890595534657 -0.8465196520819456 -0.06283999480013791 0.5286356152328185 0.9933179256054931 0.01133089878257501 0.11485255505899335 -0.9972824235419352 -0.04888311486046429 0.05511994898276811 -0.6418841771715572 -0.7047212427530951 0.3022460473014099 0.4777260177842063 0.4484594841617851
0.5124198614163653 -0.6097045313088132 0.6047199931600853 -0.49732602227275463 -0.6483322237936576 0.5764825714287729 -0.7230799137402826 0.518056528611617 -0.4569167008418782 0.9465810109414299 0.11405652728212957 0.30162144868931584 -0.5740798886683083 0.018078925833708036 0.8185996786386385 0.7785582752033408 0.1617961445888167 -0.6063571717301559 0.6496791062194986 0.12589570279371556 -0.7497114984845237 0.619633657522918 0.06871488281520115 -0.7818774810316924 0.5069211577285203 0.8150919512786425 0.28045686086803345 0.7001918849825366 0.11349578195275471 -0.7048758980725154 -0.7472045234168714 0.6061117852101485 -0.2726057666571509 0.9970166188580403 0.07481269852595687 0.018997943576758547 -0.9973852620842821 -0.03924538647986057 0.06068309992999837 -0.6365272356978483 -0.7264357760095499 0.25908327145583754 0.4871236012996221 0.4640213052330515
0.5407340345393308 -0.6076680047156242 0.5816754249027115 -0.481901219886461 -0.6545041278143288 0.5825766567121837 -0.7976143052817041 0.42534082610751356 -0.4276641224795021 0.9387196907585321 0.11554924021266998 0.3247363781107387 -0.48337412672968316 0.18708272287118263 0.8551897499452507 0.7294764709445781 0.16236503844891423 -0.6644559222610078 0.5804984863164672 0.1355632162353705 -0.8028973295435803 0.5888344213690946 0.10569840314247998 -0.8013125930522078 0.3216632153395506 0.9421244508841808 0.09452139939507072 0.6585399912839417 0.13309458378999747 -0.7406827334598217 -0.7369421752609188 0.6524023660702065 -0.1768823989765556 0.9933885481759807 0.09422714191667168 -0.06557772547925797 -0.9985129609184239 -0.03300586479720762 0.04338755313348115 -0.6594898900360449 -0.7131089917972361 0.23779960209843704 0.4907368560083993 0.4714306470482297
0.5625448568578411 -0.61097168326338 0.5570070791947829 -0.47629959969721364 -0.6576633511103748 0.5836245436361857 -0.8170556563027316 0.4219752169876512 -0.3928828969959592 0.938756950830256 0.11885805207377209 0.3234318331969027 -0.42445855069125604 0.19281853288792397 0.884678445606101 0.7333597212855084 0.16635313862276546 -0.659173840854138 0.5348345809379 0.13452651145253508 -0.8341789908343363 0.5966160915308951 0.10982106545055355 -0.7949770895501982 0.3484638223584206 0.9334501550452472 0.08511035514767452 0.6644000924434803 0.1371512311287406 -0.7346850052648181 -0.7394330018467015 0.6632527757790689 -0.11547550043769629 0.99382595511672 0.10202548797459364 -0.04359782953181462 -0.9980786994581838 -0.03810251702069044 0.04885803807510607 -0.6584210278824386 -0.7093131751784619 0.2517073093107977 0.4935044658094412 0.45618928113563945
0.5982281325287208 -0.623357518831174 0.5035360018586971 -0.4698288739288403 -0.6576982641225219 0.5888071183273681 -0.883248041973744 0.3903612651653334 -0.2597902596481778 0.9366819527963484 0.12536815410468172 0.32697055714850554 -0.17805569363961496 0.3073550558022216 0.9347882325079454 0.7633348627022144 0.16523898621161312 -0.624512581794114 0.33930405701969446 0.10305734881903543 -0.9350144061694278 0.5915886435793383 0.10789599741621148 -0.7989876911001317 0.3792844768142178 0.9238430247523083 -0.05154950304582014 0.6778801887676916 0.13599275987995457 -0.722484891839623 -0.5793244130780485 0.7739307879015394 -0.25576231143363753 0.9932180182074172 0.1060563992039113 -0.04764460615884419 -0.9979304953458409 -0.04737561546412711 0.043477321883938345 -0.6508453682819909 -0.7304918770225028 0.20683791767956905 0.4959414155802233 0.41744521164485343
0.6448366400564721 -0.6117880254142125 0.45814966943179025 -0.4267525848857783 -0.6549355026928562 0.6236519210310848 -0.826964709863136 0.5234901539157949 -0.20515220543342164 0.9536313783563357 0.13208811342978516 0.27044393967097047 -0.05893230088677783 0.1443947244172614 0.9877637103440545 0.8087415116428113 0.20713547624664658 -0.5504834800661828 0.12819776066747832 -0.084285252587625 -0.9881605792360288 0.5417745030570912 0.07412468319692692 -0.8372490186188318 0.7542796506929594 0.6048642341067877 -0.25534577899177463 0.6822860689932081 0.13981686709329041 -0.7175910839287319 -0.46768229378322845 0.6596801648100936 -0.588298693044431 0.9510386367706077 0.12242784281860761 -0.28379030052538173 -0.997111123479591 -0.06453451561385165 0.04005875344732541 -0.6628185173170313 -0.7235875262914662 0.19259466476787215 0.50274702656946 0.32492795147421305
0.6494755760771256 -0.6044020961271549 0.46138875395525974 -0.41066691258611754 -0.6672698500057541 0.6213723796406503 -0.7921026266471825 0.5581681342457031 -0.24702583421841742 0.9460876027053033 0.16548684178723802 0.27844632014558496 0.011258411202426384 0.22477275872769098 0.9743461680076235 0.8142342155173614 0.16193523368584054 -0.5574940559072709 0.06267689907991116 -0.05010671538442325 -0.9967752622307152 0.5564848628562211 0.06583227040721225 -0.8282455611622224 0.38731356826758095 0.8901812309752702 -0.2399282723131774 0.6908862930651167 0.11323970172007258 -0.7140398448329691 -0.6636221562698222 0.5522822985250736 -0.504569020495366 0.8914524249172397 0.09235775415716423 -0.44360187032542797 -0.9969569245667099 -0.059523348557996965 0.05033747644579122 -0.5991090040521477 -0.7552039414779783 0.2659612904912481 0.5024637338993726 0.33626398831310844
0.6718796733973162 -0.5634650476966309 0.48071285035845374 -0.38169411719811724 -0.6644402996006408 0.6425174621463301 -0.7693556294004685 0.5465084600201866 -0.33078757327954916 0.9663206800584161 0.17266144593064217 0.1908202514949092 0.15668000967622145 0.2958437385343731 0.9422992395931691 0.726725852747608 0.1534730400255886 -0.6695637093910974 -0.14070881941848554 -0.012736517810501502 -0.9899690950993969 0.7338031571234415 0.10494809449001248 -0.6712069904720788 0.0429319549056725 0.9683347921951766 -0.24593612478101196 0.7306873671804542 0.1278524720882789 -0.6706338172384477 -0.8944812368658682 0.3768518569762973 -0.24059508471376312 0.6534527685205476 0.1255025273265298 -0.7464908538940618 -0.9980394322150076 -0.048475161355930094 0.03959104034326415 -0.4836900524203612 -0.8232565515081592 0.2971406797940694 0.49323896567018327 0.3836860575716132
0.6748418831325842 -0.5457856182538426 0.49669557243581147 -0.425567181620109 -0.6531794500443903 0.6262979961389187 -0.760381714940721 0.5232756802652602 -0.3847105535681826 0.9336804616856025 0.1651616190899625 0.31774586550597683 -0.08170703512883079 0.39135752205910135 0.9166041950254297 0.5866205963853858 0.05284701518931283 -0.8081357985400937 -0.196476083020027 0.08866042716739628 -0.976491923907004 0.6536454608536145 0.14721442284589495 -0.7423446135128995 -0.5005639414384937 0.8529403296934925 -0.14808286367408163 0.6234402455503616 0.10297413982000195 -0.775060376200742 -0.9483870350639334 0.2974526636350992 0.10992699677070322 0.8791973387116973 0.09394557090337835 -0.4671041311205751 -0.9981220119814933 -0.044786706160645076 0.04179234558260187 -0.4804794594392719 -0.8146683882984851 0.3247382117400011 0.4867497690223725 0.40793709743875717
0.6159997848949107 -0.5285131991615495 0.5841387363644428 -0.4141364661485964 -0.6630948199302839 0.6235352814296693 -0.7522640217864629 0.5051985627443838 -0.4229341009266871 0.9375479235963053 0.17552404886281756 0.30032515584123065 -0.3339657367229816 0.6406204329794878 0.6914277601776269 0.6299118483277263 0.10008826592674781 -0.7701904974486016 0.04924416078584347 -0.07344003638001131 -0.996083115851785 0.6707728742671819 0.10246469991454843 -0.7345507037766452 -0.39768562710824795 0.7930546223826294 -0.4614222663776261 0.651757490926079 0.10138208321695247 -0.7516208127934808 -0.9253850099829867 0.3750184728956259 0.05498843774667983 0.8662076579594887 0.10164261201665414 -0.4892372356176185 -0.9972461470013778 -0.05854409429416128 0.045527039374229895 -0.3377764025606437 -0.8653881673808329 0.3701491883422597 0.47463510497127287 0.44446697207192465
0.5745401834519234 -0.5350112747731605 0.6194081961555142 -0.41277949255167795 -0.6705847368657181 0.6163839722214677 -0.727616452301049 0.506937302136195 -0.46215675916696425 0.9387109031907793 0.17887914917144607 0.2946592781883016 -0.463139458401274 0.7064735389779214 0.5351607055789745 0.6347284479812937 0.10673659058133932 -0.7653280979778081 0.21814646935531634 -0.11625928116895189 -0.9689664067705797 0.6710244230154684 0.0958491820166012 -0.735213681879973 -0.3064370988381029 0.7510070163993293 -0.5848801294065856 0.6541119166374708 0.10100905401654219 -0.7496230863037354 -0.9271711124119923 0.3379591110879106 -0.161670552486772 0.8144799322053056 0.09107349907207522 -0.5729991778367659 -0.9977081738203813 -0.0593708502645648 0.03245769601901042 -0.3177779813336902 -0.8638964615740842 0.390768548196067 0.47063656528144715 0.46737471758948645
0.48230040481150566 -0.5735421152799729 0.6621448191436915 -0.4445844178130907 -0.6811365777563381 0.5817195697930225 -0.8123275101981353 0.5081542504984919 -0.28618748029152896 0.9280120523254434 0.1793265117354043 0.3265511183988356 -0.3454331805341727 0.3588203849490475 -0.86713542721484 0.5920878099486809 0.09900487682529949 -0.7997687538751322 0.49989479713924173 0.5226323247816617 -0.6906233741240098 0.6437672712528717 0.15416621228006724 -0.7495308395622216 0.09164880603527892 0.4917391515467818 -0.8659059436153324 0.6200514673536754 0.12830475455203735 -0.7739987518025435 -0.5527704817672118 0.4106149415854813 -0.7251483739439788 0.7366907030118705 0.0989849825372419 -0.668946022731265 -0.9962940655831574 -0.07392948686071449 0.04396095831865809 -0.3132214406555303 -0.7776515087485716 0.5451150888158797 0.4586072103186842 0.4120940427795694
0.4858569524407738 -0.5753604307358225 0.6579539471030268 -0.4400183758004604 -0.675781159567714 0.5913574666233957 -0.8864855561110238 0.4460839822247369 -0.12309524608631156 0.9247899091298776 0.17611655175386684 0.3372633750792997 -0.04954152077380251 0.23779306059002275 -0.9700515955631682 0.5744835838547582 0.07399496129313539 -0.8151646199293859 0.270331411381829 0.7357141049711906 -0.6210037711373002 0.625409517736337 0.1708408070245074 -0.7613647967827365 0.11960073746013691 0.5214883785157111 -0.8448346197168093 0.6025291578772699 0.12543748618458125 -0.7881776772831116 -0.3481986186938686 0.4423518971161365 -0.8264880646793618 0.7034385988231703 0.0935574811507465 -0.70457159707614 -0.9969040037492156 -0.07309784342016402 0.028967440275338697 -0.31922018441239647 -0.8376183245875056 0.4432764557011071 0.4609963742044334 0.42242269867515747
0.4975052720427648 -0.5769361664485122 0.6477909879994852 -0.43750831585018185 -0.6914083695514334 0.5749268997674105 -0.8818861566069545 0.46129599160064694 -0.09737974593410083 0.9182579665866966 0.18539272667704979 0.3499026203035836 -0.07085649807525056 0.17917328497441423 -0.9812626002411329 0.5746561769725758 0.07768624961690027 -0.8146994076883354 0.25467765841428414 0.7711537385050885 -0.5834905328231493 0.6323616834302187 0.16038280699506488 -0.7578892112635486 0.10203730811574215 0.5203709034832719 -0.8478222163640773 0.6061821441005778 0.12161755207378915 -0.7859722509104283 -0.3564002416998858 0.40636281416917397 -0.8413371089977979 0.7067689093591665 0.08543534621708206 -0.7022666946253551 -0.9975462526251297 -0.06282033665930901 0.03090435528484377 -0.3257744232964397 -0.8476059727447076 0.41884978225298164 0.4610306816314156 0.4012839326281516
0.5642888229642848 -0.5919163243829791 0.5755112415987422 -0.40909944306274393 -0.6997019195368567 0.5857088606826695 -0.8408757966978636 0.5379611872948457 0.05937723041750317 0.9384334677662164 0.1858547611533726 0.2912054847232388 0.14160055941168576 0.12719272206866442 -0.9817185406352786 0.4110635970528483 0.09388353419001787 -0.9067593954219417 -0.12361442951826604 0.6582100504365449 -0.7426163224163569 0.8775535714717488 0.1580842754615367 -0.4526688536325193 0.007804914284389096 0.4178645845292623 -0.9084757962153974 0.6958791645638676 0.13524519298629473 -0.7053090996860835 -0.29723795755139315 0.27220995429055156 -0.9151783090610333 0.49404672522561743 0.13605400183126917 -0.8587241360760395 -0.9990203256414102 -0.04421577561662778 0.0018314316670114317 -0.2792439481005041 -0.8443492623054498 0.4572714081303198 0.4683902301159535 0.27765662300062427
0.5830418854908757 -0.6232434325505207 0.5211811427381935 -0.396090310818273 -0.7201905618465896 0.569594610493268 -0.7651715094345315 0.6279739428824631 0.14199045112377712 0.9128882663131562 0.1750714582306104 0.3687614374372239 0.1640655328451133 0.13302078653457586 -0.9774394975045626 0.526010606024796 0.15067395610281847 -0.837024612124251 -0.17510762616137968 0.568746650648139 -0.8036569956372248 0.8172684977062885 0.1784817222358641 -0.5479201378710462 -0.007903211098758595 0.3693149502460737 -0.929270685418984 0.6948246145151397 0.1689781847202252 -0.6990458698487139 -0.3912338254583242 0.16067135628536652 -0.9061571657757093 0.6798259841164871 0.16993802542018835 -0.7134127128362215 -0.999012715218872 -0.04290119315963411 0.011536136983274754 -0.3431331176536367 -0.8007641202376752 0.49095466930183845 0.47709925717646984 0.16501218270695178
0.6457596678116815 -0.6469560380757822 0.40551490259302925 -0.4262484504923979 -0.7474423133943437 0.5095510245309506 -0.7003957431834127 0.6873058828751649 0.19250045791048145 0.8552090978808322 0.20217168541597455 0.47722532258663464 0.020501790914793136 0.19716452093132966 -0.9801560224041913 0.8550070991213791 0.1483420842938957 -0.4969481728303135 -0.33489394775480613 0.5459065158577163 -0.7680052862456678 0.6581302268720525 0.02169927959544881 -0.752591353752074 -0.16551266110693175 0.3881168045217683 -0.9066261109526426 0.7624023046427328 0.0826223652086545 -0.6418070353640393 -0.5393229988244103 0.16397690916887436 -0.8259795858242913 0.9910914650781384 0.04547566059044089 -0.12517856103635422 -0.9996490213144409 -0.02647640068742754 -0.0009134504470272623 -0.3206535718532068 -0.77758787987553 0.5408681687143907 0.459940531392744 0.08597596330882647
0.6505487244500242 -0.6469374246781159 0.39781694994971434 -0.4560129057676736 -0.7621959448708657 0.4594666161928754 -0.6925869161218013 0.6852527922515856 0.2252819884684482 0.8174288087592926 0.23822664945925165 0.5244599184854671 -0.014601517231457821 0.28501750396792386 -0.9584110903607251 0.808469692845438 0.10519543738897627 -0.5790601658747949 -0.3402559259840707 0.49570425295663884 -0.7990639514040306 0.6070608212781027 0.028572789058362216 -0.7941415207597333 -0.18346845729847996 0.40053146288014413 -0.8977270589770633 0.7102191144382666 0.06543921419507277 -0.7009326064123824 -0.5388789995844878 0.259407453289289 -0.8014469395941236 0.9997885877291643 -0.0026107325144369684 -0.020395193606857064 -0.998979487261786 -0.013449685136807119 0.04311716595394566 -0.4125273958621989 -0.7537859211616273 0.5114957797691685 0.43696104821105186 0.08616218213875594
0.6529284649113452 -0.6562398258301861 0.3781979781845498 -0.47001205430796605 -0.7731590515424467 0.42580952293624164 -0.6579680132068567 0.6905154540554901 0.30044384052125606 0.7867178478267802 0.254191986684055 0.5625490750293811 -0.12143864100273044 0.3602976978707019 -0.9248990352359994 0.9078778779405661 0.11391076203435793 -0.40346263400578564 -0.25546422666535473 0.39989576200915117 -0.8802394040381245 0.6125208165253908 0.05073361939444839 -0.7888246631452441 -0.18977037840042804 0.3813627276964479 -0.9047373505088 0.7752092041027143 0.08302185803414132 -0.6262252477846889 -0.5603559436100161 0.3130687165015276 -0.766804535203734 0.998378636262842 0.0431208415400151 0.03715765975985222 -0.9988695553257041 -0.017271764001425157 0.044286539848006595 -0.43476466362278904 -0.7197760315460544 0.5412043529728642 0.42496333503838907 0.13674211799529015
0.6483820177612885 -0.6592500928258213 0.3807756217944452 -0.4727286396969367 -0.7748360224065499 0.4197103424881027 -0.6481022238551426 0.6846199024460632 0.3335552377174754 0.7829686241693705 0.2556173034776783 0.5671154447986084 -0.13330377209783592 0.3848228565360945 -0.9133134584751769 0.9044769510628125 0.1308047226067121 -0.40596991211159933 -0.28014773051064956 0.41976690401229766 -0.8633151194005946 0.5858329566896561 0.06432688448065929 -0.8078748657986999 -0.20826987913478587 0.40378346552525085 -0.8908325153549349 0.7618094727431753 0.09900898918526725 -0.6401902430522328 -0.5460586511234622 0.31679460689027406 -0.775539248896187 0.9978028164816793 0.06052340375455036 0.0269528666228985 -0.999091672366797 -0.015637504734625128 0.03963960964731215 -0.4554756623733118 -0.7375036397922503 0.4986284210499596 0.42251773645293206 0.17216054349198914
0.6061094208027884 -0.6357967970818023 0.4779056421874823 -0.501456452756858 -0.7903030171214375 0.3520831820994324 -0.5208561536578197 0.6035139857382439 0.6037215717655952 0.7631118665951564 0.3533981535624268 0.5410822711199507 -0.30235710271673777 0.45975092119408967 -0.8349905825205012 0.8719867754832443 0.4851782876043906 -0.06512367173006511 -0.4753885838634 0.5790653588163439 -0.6623360208770546 0.46143590763364467 0.04506171044315095 -0.8860284111687684 -0.3935719403949048 0.5250045041733538 -0.7546332873200602 0.7603655174693604 0.29311126365759754 -0.5795947437309951 -0.7975577306926063 0.40393095500052034 0.4480417947076229 0.9722449756453205 0.22135791433186464 0.07576530271223782 -0.9954861905996992 -0.012976623682016427 0.09401516666535495 -0.6220988750084873 -0.7669087285269568 0.15761976976997827 0.3711699644021011 0.43280171511660215
0.5931304520802825 -0.6059637841107401 0.5300982542522018 -0.5119165867624933 -0.7860106808231624 0.3465957556424306 -0.5325924976403873 0.6024150890851271 0.5945092866387643 0.7667853793231985 0.40090230694494816 0.5013157910363459 -0.3683594178376086 0.6265558770662072 -0.6868326376957736 0.8703354778020013 0.49233631063203853 0.011005149358138079 -0.6378535485315896 0.6565450971597927 -0.40260574514169256 0.416421385365664 0.1825430586563519 -0.8906577690373136 -0.5147558174064311 0.6544776704233113 -0.5537918628541886 0.7417161505804183 0.3865870458815335 -0.5480945246257761 -0.7794841675373989 0.4825019086813505 0.399495107200804 0.9694823103454325 0.2412123591946168 0.04382519479762262 -0.9947974887546917 -0.011127817247520433 0.10126266859344069 -0.5333848041131913 -0.8372617658054446 -0.12038848060126559 0.3385621098369314 0.45129220653666285
0.5836246943674382 -0.6003926944752953 0.546727380460508 -0.5122392225794659 -0.7834023346141435 0.3519826145881269 -0.5490476043924428 0.5936028404627479 0.5883726675377409 0.7668315151646854 0.4678004083274916 0.4394680936300895 -0.4560928900908348 0.7687866921702907 -0.4482703398067423 0.8836676858260731 0.4576831050606553 0.09827307041519383 -0.6449206964361816 0.7371791283765078 -0.2016041368482369 0.35015066297666436 0.3750592900827005 -0.8583268853645813 -0.5584923032510829 0.7621368318813054 -0.32746571835724614 0.7193245036573369 0.49504259592093003 -0.48734493601759404 -0.7419787309642845 0.5436855500661182 0.39226723728337604 0.9633273451865564 0.253742545812596 -0.08726480653942864 -0.9956872230916327 -0.013488126110661707 0.09178793072128949 -0.47914195612274274 -0.7864483773924312 -0.38977164542804243 0.29853531711613174 0.47033226150460516
0.5657144959563584 -0.6159617391453593 0.5482319262628432 -0.4739607610817098 -0.7908202337180272 0.38725257248598255 -0.5813956173131767 0.5819402155995481 0.5686164978586021 0.6604289360393265 0.5147116851726431 0.546722508763542 -0.5838970097133894 0.8100619252741565 -0.05351597209141202 0.8504890209713611 0.49650205348356535 -0.17364946326948008 -0.34666629503547586 0.4849120362990551 -0.8029214139246009 0.05355669427480447 0.4968034402995952 -0.866208994530097 -0.5125126760603393 0.7132469445458809 -0.4781313135253065 0.5049017526548023 0.5844134381769014 -0.6352441683670632 -0.7610185001348344 0.5459065626841166 0.3504809085684123 0.9006235242001268 0.43217198367393167 -0.045876401174051444 -0.9972475684367407 -0.03349817453001701 0.06614498885149761 -0.7855147662399429 -0.5586649613332543 -0.266195441353757 0.34477493994061953 0.5036510560241944
0.5526829161622693 -0.6058577802867986 0.5722568865888145 -0.4777367573424031 -0.7812927337045132 0.40168302795176 -0.5816143424436716 0.5604796557556821 0.5895653586734957 0.6650540435878992 0.5163910562021924 0.5394843799238017 -0.6074463454312166 0.752416192617175 -0.2547131926495632 0.8179032029522602 0.5611621178568456 -0.12700955902156993 -0.23108782622379456 0.413142460259722 -0.8808585153710585 0.03998355200185174 0.5141225674703073 -0.8567842792599866 -0.45557457189850686 0.6344570586740601 -0.6244325825404633 0.48048163538530997 0.6338036053028852 -0.6061603648891294 -0.7839190593261364 0.5626767598901721 0.262422888301922 0.893604539396532 0.4469215462438682 -0.0416180089973339 -0.9965896429075827 -0.03774594151146634 0.07337797727349714 -0.8844417671163364 -0.4485538459574007 -0.12869424173970154 0.3454243173180218 0.5279166598086296
0.5586346972687426 -0.6079422251641962 0.5642105332851081 -0.4927474201500738 -0.7733309674989539 0.3989476088944242 -0.5893239990099156 0.5574671643757342 0.5847457437500841 0.6783535742600242 0.5089072456373014 0.5299526805541277 -0.5650688775064803 0.581877898900835 -0.5849062099553366 0.7528407346834545 0.607586629719812 -0.2531191726973612 -0.40630893546055336 0.5696144364149891 -0.7144595459454274 0.04734874316845051 0.4240229084907193 -0.9044128866814313 -0.48730542601007293 0.5787282822548463 -0.6539166591389886 0.4351101940845045 0.584881574021879 -0.6845382848120579 -0.7748326512479842 0.6321070325293401 -0.008663832118163118 0.871983139696753 0.48941247218761036 -0.010992549831791178 -0.996382359832751 -0.02965786757225699 0.07964046650531824 -0.8764723227524649 -0.4653147516838753 -0.12360602458728448 0.3419820843777201 0.5085687196996695
0.5499645934536187 -0.6247635528180202 0.5542647824078315 -0.4769522888057724 -0.760181575840799 0.4411807860221641 -0.6733588150016023 0.4854307195694831 0.5576243563169491 0.6808414970646823 0.49743443903080153 0.53760006951342 0.23176546647418886 0.08774042573350894 -0.968806681563512 0.6476188073140982 0.6406669788730799 -0.4124750933022572 -0.20832960927843944 -0.17297104625781992 -0.9626420887611178 0.24749728200461418 0.1642574339080241 -0.9548636503743765 0.009377663910637872 -0.04570664482208692 -0.9989108879368003 0.47854714798610015 0.42664613968726395 -0.7674410066215677 -0.8763310163378231 -0.12361452582010082 0.46557856352133503 0.8863125432092179 0.46219367364687486 -0.028759064498247323 -0.99796342085401 -0.04368351956534731 0.04648398386268089 -0.9709390095581525 0.18238431161096438 0.15496258450486852 0.3682048277872095 0.5184903563842181
0.5491056549203928 -0.6315490362448476 0.547383589955573 -0.47406561806236924 -0.7439823950697336 0.47090549539949783 -0.7802146230423785 0.35604684531053105 0.5142915378802746 0.7304436376426592 0.42053365764083467 0.5381482463211981 -0.3599478600397212 0.29808778650416184 -0.8840708170672045 0.4629587295441387 0.3846705217223544 -0.7985598314821055 -0.31239075987708287 0.3720679648351596 -0.874058031647122 0.38743879615622273 0.2603378490071099 -0.8843728758885406 -0.33621210226736714 0.3358527503403799 -0.8798660991183601 0.4245369236845869 0.3200656816953643 -0.8469512145509379 -0.8563395785230193 0.05238610270545055 0.5137491824794972 0.8720065263138925 0.47130582753565975 -0.13219468596318762 -0.9980997957726838 -0.023956687335303803 0.05677036912373767 -0.9659912725054715 -0.23952335721820586 0.0974136683950458 0.41345737744668615 0.5308390980033569
0.5221151978884769 -0.656220381569193 0.5447664921294804 -0.4891146255872802 -0.7528966882832332 0.4403560602611875 -0.816406934929126 0.23860088547302133 0.5258795813217321 0.7939139562407592 0.2788115304996284 0.540337635693277 -0.4204937039993534 0.2643442423912124 -0.8679326969365309 0.5850870958246587 0.35917959600130744 -0.7270922280672544 -0.31184156547452724 0.36916962790594315 -0.8754819380627927 0.3396870458875015 0.47552309345453664 -0.8114742746678113 -0.3665611942309693 0.31829901668635446 -0.8742531823564988 0.45998333823321375 0.4250037188326795 -0.7796070596949604 -0.9617276475276367 0.2478845106824208 0.11676130071515368 0.7849403829615902 0.5087161769464625 -0.35366148575875156 -0.9978567488835276 -0.015974361424162076 0.06345650860775848 -0.973535579868788 -0.009076179547910346 0.22835520071668397 0.43516374476970154 0.5586503189679046
0.5090615719622806 -0.7002515829781383 0.5005037826909038 -0.4537242800527155 -0.7618422090801693 0.46231020554871244 -0.8072479673253071 0.2049616818291259 0.5534811904942535 0.8236214377647937 0.283566420397403 0.49115966088152796 -0.4249522359485221 0.2784536117437922 -0.8613240872454394 0.5228123518700356 0.3883052688081294 -0.7588717038788365 -0.4498559717246727 0.403122088883277 -0.7969455352519605 0.21565812318272395 0.4486987069342528 -0.8672721858222104 -0.43866894311293875 0.3424092817589982 -0.830858256331045 0.3654268495174666 0.426106202796563 -0.8275848727411788 -0.9779256631370947 -0.09287045876787078 0.1871803282028291 0.4913576774907205 0.0425958738168858 -0.8699156420623215 -0.997961930658622 -0.024476273945690474 0.05893129024424329 -0.9834164568298995 0.1768121709264724 -0.04036742063092676 0.43456308773586866 0.5498836615505411
0.448924114819997 -0.7231050404241242 0.5249630840795455 -0.45964190024479573 -0.7759769732961445 0.43195955881715126 -0.7780630616811587 0.2578028456537506 0.5728486404105101 0.7909730782586281 0.23966892932147432 0.5629568311939811 -0.42722551553525073 0.2686569362334185 -0.8633086409212594 0.598844970998723 0.4916293444677077 -0.6322066816854998 -0.416074493988869 0.32162738009551134 -0.8505514939289708 0.2272155569491144 0.2949485691694604 -0.928104752829761 -0.42174587033609057 0.29557564602041925 -0.8571846115826307 0.4162786992361386 0.40106241197657105 -0.8160030553017579 -0.9749695693427116 0.184827891197863 -0.12358393702677771 0.7384334999105883 0.4258026884656612 -0.5228843435265723 -0.9970399573804208 -0.02057335683498419 0.07408144420426098 -0.971909520350693 -0.10429752849196378 0.21098319791432188 0.44731530171651784 0.5518351671233158
0.4544158215988447 -0.7316383914966239 0.5081451811922256 -0.4850719459897893 -0.791959829095231 0.3708164455807368 -0.7367919791485167 0.2564076474188523 0.6256138567899062 0.8017375761742355 0.23562389468489003 0.5492706429473415 -0.3519952020031948 0.30851213463052024 -0.8836965771985598 0.7889972173196717 0.5744244294670267 -0.2179907472653269 -0.5102843707108062 0.2793473238610336 -0.813372567560497 0.270493078940545 0.20183374536138937 -0.9413270597824424 -0.4337694706850569 0.2948932491955446 -0.8514000339913667 0.5874405023895274 0.4306406112489737 -0.6851732044493933 -0.698089187050443 0.7148436072859273 0.040866906485498525 0.8052570744532516 0.48619545732650654 -0.33937445590094073 -0.9966969551302729 -0.021561245773579145 0.07829618327054012 -0.8700133774476614 -0.21158262364333874 0.4453195666421074 0.42495957044017935 0.5493453283252866
0.44690832291560056 -0.7681353907230034 0.4585204165875103 -0.4569717910267503 -0.8275215555378197 0.3261669163573633 -0.6925672366790496 0.40279970347869615 0.598417096644322 0.6822494146526126 0.3501974342241174 0.6417924066775895 -0.37253308984667527 0.34787332616250594 -0.8603506528816747 0.8115314576282605 0.5433757632193912 -0.21484755810922085 -0.27460313105170236 0.43039990928690847 -0.8598540797730871 0.21406047633166245 0.28467448797490613 -0.934418829202883 -0.32364202957290356 0.3904351218885802 -0.861867885635485 0.5665004127692954 0.46474365015772806 -0.6805076208025074 -0.7990687777950756 0.374170931850072 0.47062214366892363 0.8484736266052602 0.5189146502284526 -0.10401966512924476 -0.9967347752672792 -0.027858752187574054 0.07578705495952381 -0.8385572573364297 -0.2904824250157636 0.4609139691150248 0.41033112786801995 0.5000087889201152
0.44147476379328937 -0.8356655997853156 0.3267461373438224 -0.4132185702204067 -0.8659255113913485 0.2818216136967394 -0.5854748633443345 0.4770846249870475 0.6554459893789123 0.5204100553223371 0.40335436124658997 0.7526477486731475 -0.12750578629389475 0.44340182496224456 -0.8872074707089243 0.7528511809832631 0.642817279503627 -0.14142504892578986 -0.5830246831180782 0.33614942589585317 -0.739652474034227 0.28880563060560804 0.3476705942381495 -0.8920294085020902 -0.36929570211215884 0.4013956147541918 -0.8381540698807065 0.5730412443645347 0.5496397333352528 -0.6078814817020649 -0.7482114237232013 0.6017962992740997 0.2793221788367304 0.8593580990246327 0.48206795348733966 0.17062867830847733 -0.9984916749069943 -0.029045741015525827 0.04659098700697448 -0.857049122070818 -0.08913495794618874 0.5074660201723574 0.4222319724646968 0.44704079108482103
0.47860859221608343 -0.8483947775316305 0.22618602280864764 -0.4346291451940606 -0.8750166300128844 0.2131745841998413 -0.42824350922962806 0.5012244091312592 0.751918604965799 0.36740321598879255 0.596021366482673 0.7139841788003567 0.02586774160919828 0.33061222212874625 -0.9434121148910122 0.6078256834478692 0.6830113783374657 0.4050227099838795 -0.4771750004632655 0.569498155869848 -0.6693099949901578 0.1883711401823827 0.501915206164146 -0.8441548669335455 -0.24056096399809054 0.474941592052343 -0.8464992065791291 0.5162335649495231 0.7853305709584701 -0.3416998693847422 -0.7323933400392164 0.6586343881328546 0.17262890324352198 0.6327912084986537 0.6639071094108537 0.3985004849690124 -0.9965067168128077 -0.028187549404784497 0.07861186555165608 -0.9029880785541067 0.10898353903716894 0.41561414582289685 0.3688652490671021 0.40982529093542347
0.4546601564083343 -0.8823441297026294 0.12146184155552105 -0.4003558531764467 -0.9162731471127937 0.012598043791643445 -0.4278420498120701 0.6421549934618381 0.6360724367433577 0.3218975459952199 0.6350584255096079 0.702198523262128 0.31451791113479416 0.45531869078060094 -0.8329245904649744 0.09185835609528732 0.15009569185015767 0.9843949033307182 -0.3710097156664085 0.7225396688886746 -0.5833422818237808 0.11039058217693033 0.16536031857175945 -0.9800356546618519 -0.03513630252840777 0.6408655515627396 -0.76684860635253 0.5194098998905549 0.8081392979406008 -0.27771249705361956 -0.33506202048907674 0.42716921961790555 -0.8397975352647845 0.47729858123206953 0.22138933028010174 0.8503956895422163 -0.9997423729793994 -0.01982660870030062 -0.011049581755187667 -0.9207151109251238 -0.2637354995778344 0.2876234878735864 0.29581298198841705 0.3040057227771954
0.4546691031360421 -0.8870253536544169 0.08038674410450895 -0.37245889582545016 -0.9270583862900429 -0.04286163004119414 -0.3660497923868002 0.6686677683549221 0.647217865217601 0.29751371430627876 0.7479558324938967 0.5933360451194953 0.4187905483323712 0.43777111335677016 -0.7955947014264523 -0.06877670745261363 0.06699793680323138 0.9953798475838698 -0.2872858688688917 0.6818310593521526 -0.6727356360792605 0.11531075220901846 0.08485225519437808 -0.989698704259745 0.06644114071959412 0.6063924997160246 -0.7923848251374013 0.29144786811076 0.7799094721158734 -0.5538947151558975 -0.2857129018177656 0.46824005016878917 -0.8361335976701341 0.22869970616286284 0.15854124479958442 0.9605004518991225 -0.9984735373827082 -0.031883428605575026 0.04510035617170784 -0.9411977786595609 -0.23179576673059024 0.2457996419283115 0.23880189284182363 0.2887953940317229
0.4491252905429847 -0.8932570031761132 0.01945249782184024 -0.35118872250981925 -0.93621054783867 -0.01327747331153954 -0.30649634693899014 0.7770835646074888 0.5497282264264522 0.265899017224082 0.9037948517815769 0.3353394974237075 0.5438166982681225 0.1780588095573814 -0.8200966156641339 -0.5343375185843592 -0.24224657264061925 0.8098148024560818 0.5034001998881483 0.6519107026890194 -0.5670984698199081 0.42659824065772 0.3741721717419594 -0.8234130961805525 0.5434449062858815 0.4338717250876464 -0.7186257440430306 -0.25477545877450275 0.8134555346693416 -0.5228571111901006 0.14684294065067663 0.43964379738951936 -0.8860871752812953 0.004518650704554377 0.062421536297763126 0.998039645305755 -0.9986105395700945 -0.026474425604060665 0.04556418602872089 -0.9806802775361606 -0.10877257839404907 0.16258757468241386 0.19257723033211044 0.20783367646134715
0.4062527766573693 -0.9128452975961298 -0.040891858784002186 -0.34291227206529284 -0.9359812001272179 0.07968918794561529 -0.1864127911193839 0.5400523802206284 0.8207275418341429 0.17332290146445653 0.7296276781960509 0.6615153989425963 0.4351543094280036 0.4136454676889756 -0.7997112941847238 -0.38176780897107987 -0.9009028817204217 0.20646388967870602 0.4564619911769655 0.5273648045142814 -0.716609247477573 0.021327172384489973 0.9809613134226568 0.19302863333241066 0.4470718257144664 0.47238996667017114 -0.7595883767157634 -0.6074755013437608 0.339315781589533 0.7182188493985875 -0.026629316299838404 0.029690516517389257 -0.9992043598495424 0.027992012410283935 -0.1035007158695952 0.994235409274737 -0.9995792627329765 0.005618719262813176 0.02845571134315368 -0.9433067104407611 -0.05939277383035632 0.32656538159175164 0.33606618919326897 0.37351360120263166
0.34007364965103537 -0.9403642131836575 -0.008065939282299772 -0.308792365101203 -0.9510358149264636 -0.013347433549658467 -0.11678233437580642 0.39177734979182033 0.912618427694639 0.1791404393688158 0.48625507325937184 0.8552570997730862 0.2831095381834996 0.2716799403949928 -0.9198037830844678 -0.535397007758099 -0.1632671193286417 -0.8286699534976522 0.3262202709432114 0.41504339881848173 -0.8493051936276738 0.08645634939239832 0.3008487708313415 0.9497448692880687 0.30597359756344594 0.34540968414875645 -0.8871709574204617 -0.8302810845978823 0.3301723688149097 0.44902063140808524 -0.10418830369626693 0.1242813460699614 -0.9867618478599246 0.09234855032988716 0.416195988104685 0.9045731837377965 -0.9983727517492305 0.01177983816005669 0.05579501749791222 -0.9343554083101632 -0.04838314168600399 0.35304255063963613 0.39602455538957687 0.42910937911614233
0.316751498549485 -0.9461842015086976 0.06636222556548096 -0.28662134552977 -0.9554832933407138 0.06999914594827164 -0.08746408159928384 0.3515495544444307 0.932074538435589 0.12740282355978946 0.38816666907618896 0.9127404656129199 0.42275685700664156 0.09351167604032327 -0.9014056835287848 -0.42071825041849886 -0.07199958533628979 -0.9043297039665343 0.07904722265766902 0.11417567264267879 -0.9903107857469293 0.12440681992918523 0.287639759602052 0.9496243003689306 0.2528594960003569 0.10565155916846061 -0.9617171223014171 -0.6860046723527566 0.6119587713400645 0.3935785203617518 0.12411704142693013 0.19861787286703722 -0.9721861450386954 0.4038932555307625 0.8702584432054971 0.2819937590910603 -0.9987458557313745 0.005995366684483766 0.04970685302574226 -0.9217478519135089 0.02446797895717657 0.3870170739109365 0.4406973384095072 0.45856498705072746
0.3095055825222543 -0.947936800912482 0.07498076995716631 -0.2836204788671322 -0.9518603887584756 0.1162807992737508 -0.07610540687760364 0.33420455759004436 0.9394228444795438 0.12989023538635844 0.3189917371762414 0.9388145708096781 0.3745371886480461 0.08197657423732474 -0.9235809307234155 -0.41001248969357357 0.12705742713654525 -0.903186674228932 0.143426255627651 0.057235355836932275 -0.9880045664058701 0.17173939979697772 0.1817595315271119 0.9682298545574903 0.25948252177673015 0.06996744784109078 -0.9632099340927671 -0.49799987980797517 0.7586258615678805 0.420098704915444 -0.09176153723459402 0.4521403402776687 -0.887214141556557 0.4461520597249102 0.8944259628738438 -0.030830772621157666 -0.9992123263626115 0.009963121495949353 0.03841175672987507 -0.9106799844754396 0.03442254245409566 0.4116759094807578 0.45382606356761124 0.4611995810337786
0.3099258227614121 -0.9479179470751163 0.07346802024390443 -0.2838687421574107 -0.9519643035918274 0.11481507702778643 -0.07572016543815976 0.3329960315187782 0.9398830243912072 0.12941591764836063 0.31817776367047557 0.9391562335228829 0.37488952766039085 0.08506572750100516 -0.9231585259614373 -0.40127938659997225 0.09969737217983483 -0.910513749413146 0.14724042413011196 0.06181765792896621 -0.9871670753576428 0.15995261432306526 0.21017489110330792 0.9644903712950842 0.2615453174134133 0.0738244018611788 -0.9623637589960232 -0.5071021460537187 0.7671909733180948 0.39276637321306845 -0.08946027074415772 0.4595726911442223 -0.8836231105583642 0.44150568106562316 0.8950495648421622 -0.06292066482989611 -0.9992153859322225 0.009916545323185236 0.0383441605094299 -0.9118843957362386 0.03382625506502568 0.40905089326516686 0.4536314718931262 0.46106393809074553
0.31893562950429427 -0.9474620432343026 0.024407803321477538 -0.2869162335020229 -0.9532703729406906 0.09462912356420354 -0.06752309291653323 0.311747368793603 0.9477627392830184 0.12735582010839702 0.31530857206798873 0.9404046998313883 0.36033733867904094 0.19728672731718797 -0.9117208726239516 -0.3992466159646089 -0.0010821004707556993 -0.9168429356762146 0.2635575647740635 0.2159378822092846 -0.9401639437232925 0.1393545952687787 0.3388585759944591 0.9304596510609593 0.3117746037184589 0.20699711487146005 -0.927334239048192 -0.5190427265228801 0.8103209620563885 0.2719826952136917 -0.22576890462665797 0.6663429405041572 -0.7106444169512289 0.401316271790626 0.8541875531244509 -0.33061892577911517 -0.9990708494707937 0.008085431838626592 0.04233277134431134 -0.9190427826292884 -0.0014899121743969118 0.394154974418346 0.45028055736727474 0.45439012182701854
0.32517356934250796 -0.9456154535187844 -0.008576938120150862 -0.301054013348733 -0.9536069500222184 -0.0005156703823146535 -0.03214324968634981 0.3339607236635697 0.9420387712561017 0.1336384560569763 0.33994109268598577 0.9309032262089146 0.38100277487922485 0.4459883063488056 -0.8098958674634997 -0.34717965012216684 0.3795145382529729 -0.8575750729794347 0.23500453764403179 0.3608341684140441 -0.9025361877463197 0.21650520336052406 0.08783431852803866 0.9723222867992553 0.30855979182926385 0.40478183407803703 -0.8607801819667446 -0.19224545142080993 0.8817843284233854 0.43069488568466685 -0.36253458816922934 0.6538977325009141 -0.6640680897401487 0.32579232630331645 0.9341279078890059 -0.1458232211438985 -0.9987814313919359 -0.005009953843989047 0.04909737945305039 -0.9284942973340358 -0.06288206925027613 0.36598385918641085 0.4311765220893404 0.45053707044183505
0.35060165422765355 -0.9361444550148261 -0.026684066366037824 -0.3206635606743787 -0.9465226495076933 -0.03563361930207781 -0.06608568022073645 0.36329288456865005 0.9293282320534291 0.17862936510792052 0.36268184824560196 0.9146329465278928 0.3443302960776975 0.39899048387893793 -0.8498489518597384 -0.36749043750197374 0.28606610248788705 -0.8849389602407601 0.29814068054238835 0.4321805198847958 -0.8510770428332732 0.26271071187069933 0.23739198805245745 0.9352155504892401 0.321087063093398 0.415953794925393 -0.8508146322209206 -0.1251167270943737 0.9508806606247583 0.2831462057860129 -0.27999683788382146 0.7849114047878714 -0.5527348889015342 0.31892606744451096 0.8658046503187775 0.3855755062121537 -0.998261104651986 -0.006432764964921246 0.058595106228275136 -0.9329331670072794 -0.0611282358208246 0.35482255379724875 0.4190956947728594 0.4406172345815342
0.35417244838087536 -0.9346634960434581 -0.03108095834617555 -0.3184410649436885 -0.9472903009712706 -0.035162108060936545 -0.06366045205401752 0.36344616514980826 0.9294375890193899 0.17982798868658428 0.3589349134550109 0.915875331247644 0.3551010972971533 0.398495246117883 -0.8456386636855044 -0.37444707270957023 0.2797846702612222 -0.8840305017509593 0.31804512386094985 0.4362485462676006 -0.8417449168647699 0.2711635685641261 0.2055938480893727 0.9403198863745105 0.33646813289293886 0.4177463433714406 -0.8439651581358856 -0.12922112739921945 0.9401868435701842 0.3151993010956852 -0.2249039771559269 0.7627517080227258 -0.6063233732653399 0.3149174773101785 0.8686618499034549 0.3824311349862885 -0.9980117935920553 -0.008357551450045343 0.06247088269689084 -0.9318120571198449 -0.0719601811531926 0.3557358887355656 0.4196770321895198 0.43971227985400113
0.34505554482482786 -0.9365799484986354 -0.06127537071234149 -0.3209271077058139 -0.946877682166788 0.020698950553883207 -0.057160328372141585 0.3646345241262635 0.9293946205329586 0.17928281877715702 0.29944016241640836 0.9371196615285328 0.6984713248798857 0.3791576723060448 -0.6069409096872602 -0.3529573044694687 0.08288737400137043 -0.9319607419053678 0.30071025567487897 0.5845802683177356 -0.753551094502233 0.2598676742399135 0.24094396982620958 0.9351014892991695 0.5115847307784714 0.4970899851673304 -0.7008442122759252 -0.1626131991540273 0.9363708974967119 0.311073126100753 -0.2484161629497697 0.9081426859455121 0.3369959524222579 0.4651226425794711 0.8665000883740014 0.18121402872773754 -0.9983149402502752 -0.0029692591975251084 0.057952252526603666 -0.9383859524233289 -0.13422244971000755 0.3184590056638471 0.4365677307781078 0.43353226044686877
0.33524121304037846 -0.93887727115853 -0.07824831487723867 -0.3012320458462965 -0.9432938224141652 0.1394848348406667 -0.016042615677754255 0.31762085833561815 0.9480820770547036 0.16003220909148932 0.23512888885444996 0.9586991695413997 0.7088696322598543 0.09500847497487475 -0.698911463736808 -0.3300724015884976 -0.016658631832525417 -0.943808613912307 0.2196375299231415 0.28672349192486474 -0.932496109711817 0.307991703711829 0.2968705863542451 0.9038854824602349 0.48163940089771273 0.20048541611521586 -0.8531289969447768 0.04786856888430756 0.9749687130138451 0.2171280929707047 0.06770975540585471 0.9964119631644416 -0.0507798058844537 0.504046980490426 0.6630767756028155 -0.5534128938818265 -0.997629357890261 -0.008119065424661934 0.0683355328661139 -0.9073163482815674 -0.04623934457342532 0.4178982736916025 0.46088419359272814 0.4421515635246846
0.35479285038637487 -0.9213312570616453 -0.15896775797601215 -0.3132113776414442 -0.9482741670811325 0.05171785922225313 0.029567453360916734 0.0974712528702823 0.9947990352657402 0.20396957480273908 0.17790161685887787 0.9626772186323861 0.5409708733902858 0.11676553101164214 -0.8328963470390061 -0.291031211311279 0.016368442115131752 -0.9565735246939533 0.47718704562126346 0.18858614928584191 -0.8583284847823637 0.5100926595581082 0.33377718927662064 0.7927157539645184 0.5093234523602819 0.15329795616367928 -0.8468112880163102 0.5786010241199229 0.8038772935943239 -0.1378482924480448 -0.2849741537955888 0.8993188369894566 0.33168563596336126 0.6196254487399706 0.7685277958386717 0.15946576528253034 -0.9983174509227812 -0.002851781359280107 0.05791489036611483 -0.9196732570809166 0.03317086425977632 0.39128096551511116 0.44709275240769264 0.4516147010809818
0.3632157352213798 -0.9020047199038722 -0.2333705528954531 -0.2680067891918007 -0.962626032766527 -0.03903180737909623 0.10381756416551612 -0.13948547561195146 0.9847668330442728 0.16478462366019528 0.09272632552034243 0.9819612295608535 0.5861543980774025 -0.03055713337451476 -0.8096229265617728 -0.24371106683490681 0.20956341205011342 -0.9469361605895649 0.6646575705344065 -0.08426908780454812 -0.7423806535544214 0.31076026542720475 0.2506954285212517 -0.9168314237362064 0.6269432369127019 -0.05783497959513326 -0.7769152417250251 0.05151080854646509 0.2408012812853236 -0.9692065721683051 0.4010744728817097 0.4894715704806659 0.7743105635943819 0.6726232479895543 0.5445080157175439 0.5010878037662914 -0.9986941964563256 0.013863161664470637 0.04917026248779717 -0.9835826469712748 0.16864582814777515 0.06421651832146967 0.448126987679689 0.4445089482520804
0.3596196413726234 -0.8605728039307537 -0.36067736645620835 -0.2781938579888984 -0.9518287957421184 -0.12895782633621486 0.15305142313087422 -0.4289319129605189 0.8902767411999731 0.1750262957235638 -0.060027952487315864 0.9827321307077876 0.7570004624303661 -0.19674044331090831 -0.6230918855562468 -0.0987344298293376 0.03787557418904623 -0.9943927560305966 0.6949573581301551 -0.27657521801979895 -0.6637321893339634 0.04191806334519851 0.2295789375070402 -0.972386953541915 0.7266842833331236 -0.23749168236959492 -0.6446143445207251 -0.024535329568564437 0.14024398725849965 -0.9898129326498011 0.3024629230509361 0.11224643585816192 0.9465288784905735 0.6645709789520847 0.3823214904745329 0.642009105742278 -0.9976503555072614 0.021678935394854517 0.06499070638468765 -0.973332594046539 0.2214885642590583 0.05971999053161661 0.44347959381796864 0.41689150186923973
0.3559822460892906 -0.8302437631933873 -0.42891949611518754 -0.26910211204366374 -0.9575452985194323 -0.10339755595259903 0.20071380475829204 -0.6024572140509088 0.7725019571609302 0.16490498952387062 -0.12266454242040223 0.9786520088687938 0.7057893701482082 -0.3743137235749527 -0.6014570652417756 -0.1830528690165495 -0.18800661436227548 -0.964958631289883 0.7267890796511427 -0.4504067914986758 -0.5185666359029603 -0.04861338976582502 -0.0034401421357108117 -0.9988117459048838 0.7175917978103813 -0.4134964634538327 -0.5604308043161422 -0.11271498616513946 -0.09101816160130476 -0.9894498603529697 0.3336219123506967 -0.24823557179560155 0.9094369249677379 0.7167445474189562 0.1895434566089276 0.6710816133689963 -0.9982545184030993 0.032507167973843246 0.04930720553951962 -0.9690818120594799 0.22588430891820796 0.09928101792416558 0.44303814327888114 0.3851147934501849
0.3395244038125532 -0.8278436356002963 -0.4465401372909431 -0.2784076213367697 -0.9313149973227847 -0.23482242683198593 0.25371087450487795 -0.7260689216982503 0.6391046182761553 0.3019798244498697 -0.4353191547250036 0.8481187529790474 0.5644490096411352 -0.5782164631394956 -0.5891205625927464 -0.054617980338183304 -0.2667924008066311 -0.9622051190341964 0.777454850006237 -0.532773997547679 -0.33423917146086474 -0.09832985616362365 -0.14063576154954416 -0.9851663930322739 0.6818830296859719 -0.5631894687587696 -0.4667474221733795 -0.07791023213643603 -0.20054256596523665 -0.9765821393843559 0.44694580749026874 -0.8694783734348168 0.21034924125372279 0.9009673241261371 0.09528069596391266 0.4232959600960312 -0.9979645009366241 0.038627721428191056 0.05074203393224109 -0.9791665031972789 0.20038063612763804 0.032871867630178735 0.4234765666195571 0.35082104407093173
0.34770517376183474 -0.84224671230536 -0.41197279976967477 -0.26087152181993273 -0.9553282589183725 -0.13890272429057476 0.18425785201755573 -0.8356529533317774 0.5174294015203956 0.2805200548613487 -0.36329864862003647 0.8884382875199837 0.7842716326240365 -0.6086006154740304 0.12051264292952667 0.5686300161589385 -0.01992730945207519 -0.8223519970554498 0.7162123466761249 -0.4892440544611668 -0.4976747227286888 0.6534233778155059 -0.2703138934425928 -0.7070843572983927 0.7904992546594208 -0.5779350462359608 -0.20273630832965742 0.6199240065837989 -0.15392945423936008 -0.7694153294409093 0.18897592453375228 -0.5818743367431701 0.7910185561580142 0.8750500230874477 0.17542371847558028 -0.45112523326772314 -0.9967788259530703 0.059008885401889706 0.054313198904553134 -0.9324849568632089 0.3414469108634331 0.1178380765526927 0.435086554298775 0.3220691445098281
0.3519553268457346 -0.8240878313182306 -0.44385436144993273 -0.24762752091409604 -0.9614102959283615 -0.11987849585676037 0.18539329582636155 -0.8885906746890628 0.41956636986092605 0.2936074905853392 -0.39213435737025315 0.871794291815448 0.6086728400539788 -0.7934047820265053 -0.005121097352819668 0.11648743528442268 -0.2457505669415775 -0.9623083374203668 0.6097820205575153 -0.4892407082771394 -0.623545841754459 0.7722771748792048 -0.5877324864785519 -0.24116071300759767 0.6489755202906813 -0.6812047666315535 -0.33880796918297285 0.5406762927820346 -0.49787585331526196 -0.6780772678014472 0.19939019116806442 -0.7470411251023403 0.6341711985511422 0.8294574335215095 0.2011170527106184 -0.5211068000754786 -0.9965106668418692 0.07535191918816998 0.035896784605765654 -0.9180400839524868 0.28114962545738226 0.2795662575520958 0.4345448883570068 0.29935596929271663
0.33931299048458696 -0.8503133712784224 -0.40228580028821587 -0.2169777167629806 -0.9709936581869483 -0.10045887809970651 0.14905611566571278 -0.928278268869357 0.34070768985680283 0.3123243386440006 -0.46452358146726935 0.8286563520250169 0.537803918314613 -0.6474393473511203 0.5399900341182277 -0.1587011160588551 -0.5945196440374168 -0.7882641363244285 0.5256470243938342 -0.6956520900727001 0.4896563849511122 0.7456484365340578 -0.18420030730045625 0.6403738407248789 0.53198514025604 -0.6722569679133936 0.514842091945338 0.6445617928124188 -0.7616777806265227 -0.06623483785965986 0.3096885252833827 -0.6699345358314694 0.6747449407058027 0.8269759670145269 -0.23037836050542662 -0.512870900901211 -0.9956046899639909 0.07951566613645537 0.049482927970981125 -0.9289275090282585 0.32039407627005584 0.1855837246679039 0.42995043366656466 0.2771694669552906
0.33812800781467917 -0.8474152575805887 -0.4093370634952334 -0.21141995219170695 -0.9715796799810191 -0.10646374623897444 0.15252941319319052 -0.9315450622616247 0.3300887382006949 0.31232365504078824 -0.48519605413351 0.8167243865314876 0.5373113695611729 -0.6528504110030298 0.533931487171783 -0.1092767135923399 -0.5455288786899583 -0.830937327589593 0.431131159699644 -0.648414102771988 0.6274432838611295 0.6799290474159433 -0.33390541668896484 0.6528427553291961 0.4847971041042016 -0.6522410689782098 0.5827120693707503 0.5769395987302773 -0.8121610691030238 -0.08680493793777078 0.30577430749580414 -0.6934412340798878 0.6524119310322456 0.884320873614023 -0.31366148137084365 -0.3458223063869346 -0.9954743113625476 0.07747667561486386 0.05502962977279362 -0.9431209567684684 0.2896112788560737 0.16324266618589178 0.4270684437384198 0.2753851367328112
0.33307428633963504 -0.8492115308390127 -0.4097576059933524 -0.20888423349511645 -0.9738130152892985 -0.08975292892336258 0.15519576141324254 -0.9325465444847263 0.3259926655754085 0.3210295153612144 -0.4885761623501338 0.8113158348326251 0.5396083454190289 -0.6569077516724274 0.5265881116649088 -0.05597419441909463 -0.5106060860364944 -0.8579908591946801 0.3137814088589498 -0.5730899787983791 0.7570396975425833 0.5668231871573045 -0.4711354939520166 0.6758275081997067 0.43136756257718173 -0.6232107117825617 0.6523269384869018 0.48567784822005405 -0.8701499218779308 -0.08340348436467754 0.2977114013424128 -0.7024617041931566 0.6464638239319993 0.8952833553865984 -0.28165388640211275 0.3451648908019172 -0.9947394429734617 0.07863960171259571 0.06564490563121787 -0.9526928498152409 0.25973927129808555 0.15783486578210182 0.4265976602946778 0.27364294385681387
0.3363734760633464 -0.8496658044964119 -0.4061045496796685 -0.16399796513472872 -0.9851687948917169 -0.05046893106922919 0.16598062323921833 -0.9197573481833898 0.35566396102469966 0.3272005782673329 -0.46562674143281596 0.8222721685939397 0.5878405454872423 -0.6753376460960708 0.44537911586274403 0.22957668270223072 -0.6862862518769235 -0.6901490616121733 0.25712119893612945 -0.6144823244223898 0.7458553224520854 0.02926013518031011 -0.17215235056081393 0.9846356751030385 0.4316009791963161 -0.6615778233571515 0.6132172358950737 0.26054927917031984 -0.8732271726686492 0.41181109508723024 0.295239683761419 -0.7528482517853583 0.5882627294977876 0.6848212102223132 -0.3375116572222484 0.6458372792497642 -0.9935535689987783 0.08905278432356968 0.07014917771442102 -0.9192690559616216 0.2872514362987491 0.2691301081182387 0.4290818756340496 0.278033217292549
0.3341824196973911 -0.8538291825662796 -0.39912133163161745 -0.15675396445677903 -0.9861728550739618 -0.05377075917590886 0.1791382788373718 -0.921143280247263 0.345549611937991 0.31875509901085364 -0.46420840059606067 0.826381115267422 0.599494111540468 -0.6867464978922547 0.41107913819729186 0.1769722157759912 -0.5738788781318569 -0.7995898123897386 0.21087492092678992 -0.5731517357552802 0.7918515362899977 0.0017761558550856793 -0.3428143054247494 0.9394015101470324 0.41935886684440105 -0.6550639364185266 0.6285136275394866 0.1775790492698459 -0.951140540010331 0.25258138175501677 0.3001438251527357 -0.7638615456721263 0.5713398491844186 0.6974470620408839 -0.32524123229482266 0.6385810335939243 -0.9935037821177315 0.0979927774895317 0.05785888417218225 -0.9327756215705768 0.27604849300058587 0.23179057210277046 0.42772342916160344 0.2723640764109944
0.3307848969639839 -0.8521239376713305 -0.4055442599618851 -0.14910223023207753 -0.9881431149272308 -0.03662935109621942 0.1915067989357193 -0.9188665873759497 0.3449773044208417 0.3175161659802028 -0.45913566707405307 0.8296854365129573 0.593403933743065 -0.714645716663558 0.3703421000543763 0.043585306665381233 -0.7044313050139037 -0.7084326768009034 0.19533861680156178 -0.46890944650298133 0.8613749217189459 -0.05612697662302445 0.0011523876277647045 0.9984229737430493 0.41665552875833606 -0.6274685153171244 0.6577852481173738 -0.02379571441503023 -0.8625845636759264 0.5053529800876708 0.32142056871804786 -0.7559998235653176 0.5702219609714932 0.6633170078322365 -0.30394027890496716 0.6838353997707778 -0.9941844953762758 0.0941742280191561 0.05223412610942873 -0.9228736550219993 0.29035052109175424 0.25298377767770563 0.4273288882313229 0.2713231501049801
0.33057954843335896 -0.8519824379851044 -0.40600872838222846 -0.1488317937913014 -0.9881297615776464 -0.038061416702052125 0.1914354089993875 -0.9191480082613914 0.3442665000989122 0.31692642831369344 -0.45981858449359675 0.8295327048348548 0.5939854202307194 -0.7157199958066297 0.3673230297107624 0.07256232088719973 -0.6877048353457151 -0.7223550159233241 0.1982009445354255 -0.47034832666603243 0.8599353680293238 -0.0687727113768621 -0.02944271479123115 0.9971977941790671 0.41847476241241854 -0.6287678768801249 0.6553852532881176 -0.0056041790534643405 -0.8760817428650943 0.482130037433466 0.32311214109697034 -0.7580938657205304 0.5664735077941722 0.6603610928898246 -0.300944521652007 0.688008446085512 -0.994183503943956 0.09422673323126785 0.052158251794720875 -0.9238062916697809 0.2885028833339432 0.2516903291334986 0.4272544698996635 0.27130936874603145
0.3288973823983575 -0.8505691653682809 -0.41031525291684523 -0.16841049851899967 -0.9835042446341241 -0.06600988392084105 0.18975005655654978 -0.9172159287759893 0.35029966605234664 0.3182120413837162 -0.47524465862617626 0.8202948318535825 0.6034699994043368 -0.7189104157970723 0.3449518428381131 0.21836087623732825 -0.636369701453962 -0.7398325018544816 0.24016064479658353 -0.334248409964084 0.9113730658338389 -0.17977861505915105 -0.2510201019158158 0.9511406615225673 0.4551953856963039 -0.5687001845398307 0.6851111303614587 0.017052244971423974 -0.9417319902773367 0.3359316588678725 0.3425393394102733 -0.7636570194327259 0.5472611420770698 0.7105757249031565 -0.2550880533313744 0.6557531732488708 -0.993339991850304 0.10022242218167919 0.05684300029797238 -0.9474923872587753 0.23030062788583877 0.22185535125855219 0.4244008689217604 0.27266906497898447
0.3289056279652805 -0.8506529431028043 -0.41013492692442305 -0.16842945155658273 -0.9835025216950971 -0.06598719320999859 0.1896674056791527 -0.917138478647244 0.3505471240896985 0.3181889442366298 -0.4751207685046783 0.8203755549143957 0.6030891994979685 -0.7186246022153299 0.3462110606837373 0.21915004646859954 -0.6343057733399375 -0.7413699771641918 0.23826544158211643 -0.3330510228650037 0.9123083883842426 -0.17928693278797733 -0.24913513013835578 0.9517288913668766 0.45404697480513645 -0.5680098154845258 0.6864446038709452 0.01850795946556823 -0.9415079893935541 0.33648203717959196 0.34196105707693636 -0.7633525789395335 0.5480469648389521 0.711305439186007 -0.2554172860953974 0.6548332475890817 -0.9933442465852917 0.10023455433253387 0.05674717520421132 -0.9474740542066498 0.2309732935937435 0.2212334835680911 0.42439853361733926 0.2726663548992797
0.33270103252593414 -0.8449108876242458 -0.41885034908686225 -0.1718068819669683 -0.9825054584140003 -0.07187085289241596 0.17806369109621095 -0.9248750693473816 0.3360051011709038 0.33966807811461475 -0.4799497385886085 0.8088719584326375 0.5851799543381412 -0.7051302300739999 0.4004444776452774 0.03604157278840704 -0.566281088638883 -0.8234237874150221 0.2942523934278608 -0.3652363964922076 0.8831862225144607 0.19398578658701696 -0.23551285718018278 0.9523146584533093 0.46379345986910325 -0.564578637636185 0.6827492867132969 0.28116175831939627 -0.920386231278645 0.27173010678141274 0.36352687584234805 -0.7489331439309906 0.5540282993331155 0.6725799235219335 -0.35632636212980845 0.6485890610599031 -0.9922136597982101 0.10740206650471018 0.06306226621649216 -0.939962775985067 0.26268876915420486 0.21786369666076932 0.4249913101655666 0.2693403837806237
0.3292219989359833 -0.8479345412779719 -0.41547549762207503 -0.18138075620566044 -0.9816101816558482 -0.05951867394217844 0.1783045547761677 -0.9263149186439392 0.3318857593265259 0.3522002709598629 -0.4823087650173342 0.8020805597464964 0.5945401727622679 -0.7043051040530555 0.38791275227379085 0.34012699820155906 -0.4018210369628254 -0.8502079036027107 0.286683333630919 -0.3698778209557888 0.8837437772246324 -0.16097465092088806 -0.6108037218441684 0.775245751450603 0.465893123121032 -0.5681699655684777 0.678326240134086 0.14511735963911945 -0.9892515872365936 0.01795129748097919 0.33308857035307554 -0.7532270788679577 0.5671868933254608 0.627343655269408 -0.31029196621478167 0.7142540401676303 -0.9925046823498884 0.10619434433478966 0.06047492657995776 -0.9586694927057036 0.21873851431224944 0.1819512740044949 0.42540410829745784 0.2681820463609987
0.3292219989359833 -0.8479345412779719 -0.41547549762207503 -0.18138075620566044 -0.9816101816558482 -0.05951867394217844 0.1783045547761677 -0.9263149186439392 0.3318857593265259 0.3522002709598629 -0.4823087650173342 0.8020805597464964 0.5945401727622679 -0.7043051040530555 0.38791275227379085 0.34012699820155906 -0.4018210369628254 -0.8502079036027107 0.286683333630919 -0.3698778209557888 0.8837437772246324 -0.16097465092088806 -0.6108037218441684 0.775245751450603 0.465893123121032 -0.5681699655684777 0.678326240134086 0.14511735963911945 -0.9892515872365936 0.01795129748097919 0.33308857035307554 -0.7532270788679577 0.5671868933254608 0.627343655269408 -0.31029196621478167 0.7142540401676303 -0.9925046823498884 0.10619434433478966 0.06047492657995776 -0.9586694927057036 0.21873851431224944 0.1819512740044949 0.42540410829745784 0.2681820463609987
0.32899827254125225 -0.8488713080524042 -0.4137361949724392 -0.18261802782169873 -0.981423770692426 -0.058805086806956 0.17735837042547217 -0.9255772736416337 0.33444090503127955 0.35160143029514074 -0.48202833176081483 0.8025117579165412 0.5915563563231023 -0.7030513907349514 0.3946895226369528 0.32448245360235045 -0.4194253900807696 -0.8478168902892846 0.27931678613664546 -0.36542126467110086 0.8879467508293888 -0.1627344944861528 -0.558047526197941 0.8136955467548624 0.46052062080066936 -0.5653028754102462 0.6843635122288987 0.13419121983700863 -0.9890307476849871 0.061732460280884395 0.32607607525237453 -0.7472689830479471 0.5790193952904297 0.6374729546606178 -0.2964998285877435 0.7111371764460783 -0.9925093494811857 0.1066248488371701 0.059634996460838516 -0.9565780340359431 0.22496566897515063 0.18533459629139146 0.42538185590221084 0.26855201693641534
0.32899827254125225 -0.8488713080524042 -0.4137361949724392 -0.18261802782169873 -0.981423770692426 -0.058805086806956 0.17735837042547217 -0.9255772736416337 0.33444090503127955 0.35160143029514074 -0.48202833176081483 0.8025117579165412 0.5915563563231023 -0.7030513907349514 0.3946895226369528 0.32448245360235045 -0.4194253900807696 -0.8478168902892846 0.27931678613664546 -0.36542126467110086 0.8879467508293888 -0.1627344944861528 -0.558047526197941 0.8136955467548624 0.46052062080066936 -0.5653028754102462 0.6843635122288987 0.13419121983700863 -0.9890307476849871 0.061732460280884395 0.32607607525237453 -0.7472689830479471 0.5790193952904297 0.6374729546606178 -0.2964998285877435 0.7111371764460783 -0.9925093494811857 0.1066248488371701 0.059634996460838516 -0.9565780340359431 0.22496566897515063 0.18533459629139146 0.42538185590221084 0.26855201693641534
0.3246032119607521 -0.8568328260219865 -0.4005873975001452 -0.1717122937916194 -0.9834625527383198 -0.0575872861163654 0.2069437779013822 -0.9275544238156307 0.3111544048345723 0.35743043612508046 -0.4937821261648946 0.7927311620035576 0.5621700746438872 -0.7235514152590637 0.4005473213635213 0.1295362229011595 -0.4931967978265908 -0.8602193241087402 0.22193145463742708 -0.3553941290928686 0.9079875783560241 0.04774829094871623 -0.4314219170996938 0.9008858030613545 0.4174486210906822 -0.5750660764477367 0.7035877034659532 0.18208287401626505 -0.9717970063910127 0.14985461407458486 0.2869149119511711 -0.7322080778001437 0.6176982791818917 0.7330271845148327 -0.2612342203961127 0.6280348946167663 -0.9925122847476786 0.10254257658908611 0.06636553782961718 -0.9495927315383023 0.2392752059637364 0.2025364659033958 0.42433335756849805 0.2612800802235545
0.3245566481570703 -0.8567652454717707 -0.40076962994810916 -0.17191561449110557 -0.9833998766149191 -0.05804915303350715 0.20693758962030756 -0.92763992478487 0.3109035283609017 0.3572926909545226 -0.4943786586229897 0.7924213998174263 0.5621107678335947 -0.7238184575086832 0.40014787923376155 0.12814484225437742 -0.4919232308783181 -0.8611564517123691 0.22218650092860048 -0.3560788955118729 0.9076568619121158 0.048069882711262384 -0.4281408906432331 0.9024326368961534 0.417528386586196 -0.5755409322976239 0.7031519619859635 0.18194158534765234 -0.9715867224434799 0.1513819681888147 0.2867940195381626 -0.732409511114946 0.6175155855405673 0.733755155332847 -0.263183902295508 0.6263685860537533 -0.9925093025158374 0.10256927934190851 0.06636887338811462 -0.9494027852314638 0.24002346142254694 0.20254157440258586 0.4242670889802593 0.2612687056300444
0.3245566481570703 -0.8567652454717707 -0.40076962994810916 -0.17191561449110557 -0.9833998766149191 -0.05804915303350715 0.20693758962030756 -0.92763992478487 0.3109035283609017 0.3572926909545226 -0.4943786586229897 0.7924213998174263 0.5621107678335947 -0.7238184575086832 0.40014787923376155 0.12814484225437742 -0.4919232308783181 -0.8611564517123691 0.22218650092860048 -0.3560788955118729 0.9076568619121158 0.048069882711262384 -0.4281408906432331 0.9024326368961534 0.417528386586196 -0.5755409322976239 0.7031519619859635 0.18194158534765234 -0.9715867224434799 0.1513819681888147 0.2867940195381626 -0.732409511114946 0.6175155855405673 0.733755155332847 -0.263183902295508 0.6263685860537533 -0.9925093025158374 0.10256927934190851 0.06636887338811462 -0.9494027852314638 0.24002346142254694 0.20254157440258586 0.4242670889802593 0.2612687056300444
0.3215849346168024 -0.8550909505326731 -0.40669717990740545 -0.17500748249508466 -0.9825406743231241 -0.06313639498255373 0.20776928132899913 -0.9296599556290088 0.3042438045973994 0.3625567603568789 -0.5029809621669002 0.7845780695489672 0.5548286907095326 -0.7304286604356842 0.39829523720436033 0.1487892211706307 -0.45282813609257916 -0.8790952433191512 0.222606137096226 -0.3820774002556125 0.8969188190360423 0.08085254933973396 -0.3538799992675801 0.9317895746270418 0.41225616078378485 -0.5907531200404054 0.6935817248589674 0.26654570117084764 -0.9458428445821679 0.18529625614149406 0.2985797560741166 -0.7520948698715809 0.5875401569046756 0.6895475691204597 -0.2821570823575631 0.6670168894379904 -0.9918780796373456 0.10405774374184913 0.0731427447002577 -0.9395729396696979 0.26791179207901933 0.21313367332603872 0.4236985575732268 0.2602370661827275
0.3242550060150167 -0.8546596255160122 -0.4054819546996282 -0.16886670926433328 -0.9835544087103992 -0.06406839789297246 0.2091453599819704 -0.9289814335637551 0.3053714369286075 0.3526484490114122 -0.49702498021982583 0.7928462905553175 0.5472563845947418 -0.7377840072317661 0.39520274315005627 0.21301576701855496 -0.5785520718630955 -0.7873384171653357 0.23372576607774126 -0.3856649036296145 0.8925440316195797 -0.0421115283444825 -0.3908032082504648 0.9195104521437676 0.4136383366355117 -0.5956563563908992 0.688546898588996 0.1565088994947358 -0.9603220315482109 0.23083881844712303 0.3014198748190453 -0.7329614110663116 0.6098472177125617 0.6771244226426055 -0.2456755360285785 0.6936469182934418 -0.9921112879915857 0.10380423846406871 0.07028422523277575 -0.9446759154877026 0.2375286969777304 0.22620241556962303 0.4235068639251358 0.259453539961254
0.3244641067542923 -0.8551388197148752 -0.4043026619313672 -0.1691523247036092 -0.983505500459923 -0.06406576006293128 0.20868188397461232 -0.9283818683190924 0.30750443554062395 0.3523224199524768 -0.4967182965606055 0.7931833623196851 0.545640775259175 -0.7362076511482426 0.4003429014799114 0.21915128122316344 -0.5701569294710104 -0.7917662481530993 0.22762747439672207 -0.3794258661876071 0.8967841127983668 -0.04699909235372114 -0.3669793380805069 0.929041038243155 0.4098083948736489 -0.5919064565615273 0.6940488643977887 0.1620300757712797 -0.9561056126891836 0.24414813521670414 0.29615570227035576 -0.7296862452134201 0.6163195466307173 0.6756243918465277 -0.24723147340343302 0.694556174618567 -0.99215451954836 0.10382873628105524 0.06963478198459436 -0.9439300988776197 0.24269939292521478 0.22381459538336443 0.4235807402115062 0.2598470904231647
0.3244641206789104 -0.8551401235149486 -0.40429989308296843 -0.16915336471060785 -0.9835057827989419 -0.06405867941286954 0.2086794831956278 -0.9283806854799052 0.3075096358182409 0.35232917495860505 -0.496710112373311 0.7931854869695243 0.5456368379096616 -0.7362050781622985 0.4003529992444038 0.21921672653928062 -0.5700599124066126 -0.7918179860753148 0.22761123681690987 -0.37940591884216907 0.8967966735120096 -0.04702105290984979 -0.3668386814866237 0.9290954753675235 0.4097989750568136 -0.5918963510848674 0.6940630444093708 0.16210697461937773 -0.9560761624655358 0.24421240825340304 0.2961316035009459 -0.7296862948316808 0.6163310673191577 0.6756125422208461 -0.24725805197353856 0.6945582398389184 -0.9921546349710687 0.1038284940219964 0.06963349865222802 -0.9439186144666724 0.24274610151742074 0.22381237557698125 0.4235828148140119 0.25984841938167436
0.32446484517639695 -0.8551409580121586 -0.4042975465850669 -0.1691529408370613 -0.9835058552596828 -0.06405868618769464 0.20867932318694235 -0.928379743274335 0.307512588932745 0.3523291090379603 -0.4967098554895785 0.7931856771173059 0.545636352054539 -0.7362037658659626 0.4003560745653676 0.21922070160084586 -0.5700514845458063 -0.7918229530373285 0.22760542300969597 -0.37939918478123685 0.8968009979944883 -0.047019503402773215 -0.3668266114454605 0.929100319360185 0.4097960342899196 -0.5918926933015064 0.69406790006205 0.16211551966128473 -0.956073135104048 0.24421858778002228 0.29612822419992746 -0.7296837185086708 0.6163357411148216 0.675616936335283 -0.24725891063788752 0.6945536598759605 -0.9921546829891077 0.10382831501839648 0.06963308138538535 -0.9439186867923286 0.24274895190321408 0.2238089789846175 0.4235828018897898 0.259848803267131
0.33021123527900637 -0.8497536577826911 -0.4109492197102336 -0.1761967476559702 -0.9824950730126608 -0.0604825398053409 0.20698428305306285 -0.9255355579372186 0.3170826983025895 0.36093553455674876 -0.4937830249691353 0.7911408623921308 0.5564100112792355 -0.7641720266507971 0.32626524950208025 0.19273876191506256 -0.38475659252788824 -0.902670556826674 0.18594828259361165 -0.3265397962700297 0.9267119280835948 -0.017679184520850325 -0.36803263850626067 0.9296447834677488 0.40553390024317637 -0.5965382651890277 0.6925924876280588 0.2087481915526362 -0.9631406209608288 0.16965947300016251 0.25802940196542434 -0.6957776047110255 0.6703091469642597 0.6984604172973404 -0.2541388587614194 0.6690041000892808 -0.9923531108628914 0.10177890187481671 0.0698309279180693 -0.93951775887681 0.26809913297462123 0.21314135134542223 0.4244984582866731 0.2610933686884197
0.33071771768378033 -0.8499276697900561 -0.41018135907824577 -0.17696511450944516 -0.9830537780250976 -0.047839499968551795 0.2034144060507026 -0.925965211536824 0.318136773156774 0.3773966005907544 -0.4886864822566523 0.7866112940469144 0.57381713311828 -0.7538331142246802 0.3201086278722246 0.330899149441075 -0.33465263981199805 -0.8823340430732763 0.2018177061678621 -0.3658402864449982 0.9085320568317797 -0.25090992496085723 -0.25303966476335654 0.9343527907661994 0.4203894160255665 -0.6078352685408064 0.6736534904619798 0.07680696536781846 -0.962920439964367 0.2586211831420939 0.29371703403665966 -0.738331061963957 0.60712234916521 0.6491712640286925 -0.22813744009296008 0.7256238546156133 -0.9931769577405897 0.09568871206651107 0.06665734015244941 -0.9303068297865893 0.2954478733329735 0.21734708784671883 0.4237197556837784 0.26165999310567994
0.31580943300874414 -0.8591000288018278 -0.40275494104404774 -0.16466533686896437 -0.9850262066190788 -0.05107542567084663 0.20269709984081577 -0.9235768545939969 0.3254530371257605 0.34883745078039996 -0.4788857213839381 0.8055935071657525 0.6260825228002492 -0.698420033883464 0.34674216777642763 0.38315417869067264 -0.25285138724543993 -0.8884025277541329 0.19285741367159237 -0.47525398196347796 0.8584519034982463 -0.19116671158131715 -0.5739362477822096 0.7962741185451551 0.4349050027781825 -0.6258514387528384 0.6474315524976453 0.1847840659884776 -0.9827630637380684 0.005622233446885579 0.30910279673157215 -0.7272177083519233 0.6128701866725916 0.6440882728224404 -0.23923892050373313 0.7265776185162971 -0.99472955821032 0.08603961480481113 0.0557699803383618 -0.9446439688432585 0.26596460408764266 0.19212131974499969 0.4249607981572201 0.2628042632632546
0.3150187528137365 -0.8601803542229475 -0.4010647623321734 -0.16526014211372986 -0.9849624064364505 -0.05037998943495687 0.20082436216587082 -0.9238102168554053 0.3259513135335402 0.34767231103285035 -0.4779959132494998 0.8066249878709768 0.6225150818956472 -0.7044665300912805 0.3408839696929246 0.3609972853485931 -0.3005906253300106 -0.882794560435586 0.20600036692250145 -0.4932640879700122 0.8451357218499919 -0.14994177382893692 -0.6294682373597129 0.7624219321453758 0.4384448346125422 -0.6363395196279713 0.6346953149041067 0.18793300285325817 -0.9818224118836849 -0.02656949305991886 0.3069746098805546 -0.724252454238207 0.6174341838759941 0.6656769542068892 -0.20845456271009583 0.7165339405242307 -0.994774481161105 0.08667405567262798 0.05395683185577577 -0.9483753600005993 0.2539868821626113 0.18993377854675947 0.42539619257439887 0.2626728038780305
0.3150187528137365 -0.8601803542229475 -0.4010647623321734 -0.16526014211372986 -0.9849624064364505 -0.05037998943495687 0.20082436216587082 -0.9238102168554053 0.3259513135335402 0.34767231103285035 -0.4779959132494998 0.8066249878709768 0.6225150818956472 -0.7044665300912805 0.3408839696929246 0.3609972853485931 -0.3005906253300106 -0.882794560435586 0.20600036692250145 -0.4932640879700122 0.8451357218499919 -0.14994177382893692 -0.6294682373597129 0.7624219321453758 0.4384448346125422 -0.6363395196279713 0.6346953149041067 0.18793300285325817 -0.9818224118836849 -0.02656949305991886 0.3069746098805546 -0.724252454238207 0.6174341838759941 0.6656769542068892 -0.20845456271009583 0.7165339405242307 -0.994774481161105 0.08667405567262798 0.05395683185577577 -0.9483753600005993 0.2539868821626113 0.18993377854675947 0.42539619257439887 0.2626728038780305
0.3155184149414655 -0.8597942307340121 -0.4014997019044143 -0.16740481068647803 -0.9843508068728543 -0.05503742697279019 0.2005053873415751 -0.9251954520414863 0.32219709056531654 0.344298089022837 -0.4854175164147775 0.8036346562045044 0.6186121171921322 -0.7140614583216672 0.32777321764079753 0.3014182834921246 -0.3664048139443188 -0.880280938504913 0.22453014266850663 -0.5237937498625411 0.8217215602855982 -0.12269066128912315 -0.566047222697759 0.8151917218106373 0.44406198467348657 -0.6544261504892142 0.6119929471192563 0.16124707527232576 -0.9863297877086568 0.033954831684416355 0.31298579913708935 -0.7287626332607369 0.6090524722069474 0.69255217388084 -0.21512370034458508 0.6885443195633639 -0.9949083972269134 0.08668321346266754 0.05141304923032558 -0.945156928005286 0.256609735663581 0.2020639131717431 0.42374803569129993 0.26147577225544766
0.32342053601737947 -0.8623625742330531 -0.3895252847304947 -0.16587547087294702 -0.9854357821175731 -0.037438582839164805 0.20712903663939142 -0.9277261025439824 0.31051866423677366 0.35077557670638176 -0.48190379005255685 0.8029478388533632 0.5929702450692094 -0.6868927773834979 0.42019590769181236 0.2313104238560661 -0.541977509822189 -0.807933083035016 0.21324614797725766 -0.5356339653951081 0.817081596591169 -0.0957156362262304 -0.09040578274856974 0.9912947651568761 0.4181416381285182 -0.636728726388866 0.6478688906363786 0.17148849132736552 -0.8905311341344646 0.4213620729010245 0.29878287829739253 -0.7307675953673437 0.6137650309339527 0.7111229588991252 -0.26174231068071385 0.6525297695324511 -0.9950667013220458 0.08659524188788567 0.048409957678573944 -0.9210173750452179 0.31244211773512615 0.23260893776896432 0.42359018936757964 0.2558593264699643
0.32341874732022585 -0.8623607022225679 -0.38953091423405095 -0.16587119096141026 -0.9854362722372826 -0.037444644051341625 0.20713100698292627 -0.9277283615891563 0.31051060054262 0.3507739499468422 -0.4819092986699048 0.8029452433971889 0.5929848089593093 -0.68689442698992 0.42017265797964637 0.2313366604319429 -0.5419151188489255 -0.807967421065448 0.21328109335555967 -0.5356426889482687 0.8170667567545049 -0.09566273673293181 -0.09087422483715098 0.991257038341223 0.4181669867525464 -0.6367332412759695 0.6478480922596697 0.17151377197942194 -0.8906864938242033 0.4210232722077705 0.29880602083721886 -0.7307578838082237 0.6137653274367609 0.7110556041125238 -0.26179624467141255 0.6525815306428153 -0.9950666132398115 0.08659436962642762 0.048413328376109954 -0.9210404708120916 0.3123699723388663 0.23261438370671844 0.4235889417954828 0.25585840248803665
0.3240053546284784 -0.8610763231734041 -0.3918776541756944 -0.16169008381228644 -0.9858227561013455 -0.044830908417325684 0.20721894074861832 -0.9281271459181203 0.30925767832812945 0.35817287141304877 -0.4767887407689443 0.8027357540683585 0.6060686499001747 -0.7184735061963716 0.3412867013261308 0.28021675418589537 -0.474383439566338 -0.8345291624255752 0.19572958677226884 -0.4835179079599463 0.8531707692742373 -0.04003801781291783 -0.4162387819071002 0.9083733998560867 0.42505819875996753 -0.6396574460814638 0.6404403792231335 0.23818055382201173 -0.9530351655110494 0.18706682517316256 0.3120787992467564 -0.7154392579776262 0.6251027845123763 0.6794762894962301 -0.2596494563280234 0.6862172628555748 -0.9954167746914013 0.0826202901023483 0.048159446906829134 -0.9365784471920525 0.26676910928089237 0.22727748368195858 0.42453738946165154 0.2559898087453667
]