08-08-20_Ishan_4k.snake_in_grey_wagon.0000000000 [ 2288.495846 3665.640068 1967.34436 -52638.523645 -23857.239642 89382.91607 1715.590267 4771.86615 341.621704 10931.34506 464664.789727 136713.049094 2038.857632 5231.745453 979.642334 470973.995027 419447.983051 358223.919319 2259.614315 5801.340027 1712.65686 1315130.003236 464629.027184 419134.631528 1378.813457 4578.265686 -54.924316 318943.412634 109798.756487 23822.991198 -1799.008121 3267.728992 3239.130249 424.370376 31603.367305 211637.070621 -2130.851231 5311.094208 3366.983032 -163113.610219 348934.64811 438497.632059 -2435.062504 6110.751953 3040.995483 -175865.148515 401542.935826 509328.029574 -2533.8241 6461.78833 2176.882935 -122965.760788 299450.422495 414291.093413 -2511.910648 6405.166016 3416.895142 -412803.910179 380635.289938 771509.649566
2261.469555 3797.556 1908.012085 -58524.456955 8332.25158 29591.700825 1737.785778 4735.032959 128.521118 29385.332028 384252.522548 2628.170292 1741.149426 5132.974243 894.155884 185456.371331 317839.164431 285017.61155 1336.816616 5673.14682 1588.627319 247702.178054 367397.825615 340808.643036 1178.024044 4851.073303 -114.284058 126249.87559 222857.288827 8907.910655 -1834.83614 3347.723761 3274.076538 -74.511157 115889.614405 214269.509063 -2260.558796 5408.234711 3327.057495 -234473.945441 382686.829264 405537.920459 -2560.788441 6160.337219 2871.644897 -218164.382035 407925.294945 410041.378226 -2617.04668 6572.218628 2015.479126 -139348.955669 319983.853223 329082.390939 -2388.601551 6265.734558 2740.988159 -325051.288542 322869.208775 403705.568289
2260.210342 3798.077087 1909.37561 -59685.105277 8605.886496 30140.223535 1736.755905 4735.99762 129.959717 28953.462568 385419.269845 2791.229281 1737.350388 5130.600586 897.365723 182601.408751 316185.16019 286787.479176 1327.970886 5668.11615 1590.993042 241545.694658 364576.763145 341830.952603 1166.304245 4859.793854 -99.299927 116870.868155 227741.437925 10861.867583 -1835.856247 3349.776678 3270.90271 -106.054909 120872.888395 212245.832893 -2260.951309 5410.587158 3320.292358 -234609.819232 383979.457051 402329.725965 -2560.390244 6161.804504 2862.831421 -217907.061975 408491.024116 405797.999258 -2616.080246 6572.658691 2006.09436 -139028.842334 320123.19259 325066.722523 -2384.843979 6270.91217 2733.726196 -322798.09056 324571.111374 400432.96813
2260.060043 3798.127785 1909.451904 -59826.134657 8648.297349 30140.223535 1736.603317 4736.061554 130.037842 28885.882372 385537.43615 2791.482235 1736.893692 5130.434875 897.563477 182258.319105 316096.026172 286859.991207 1326.800461 5667.72644 1590.944824 240733.929591 364378.967555 341771.016312 1165.057602 4860.70343 -97.774658 115895.372069 228272.581396 11064.346228 -1835.930862 3349.949293 3270.621338 -108.246818 121379.598382 212034.398103 -2260.954666 5410.788269 3319.645996 -234595.878833 384108.653264 401999.513214 -2560.311356 6161.906738 2861.966553 -217863.62484 408543.708871 405358.164774 -2615.931168 6572.623901 2005.15625 -138981.866599 320125.142744 324644.947217 -2384.424515 6271.38031 2733.013916 -322547.044915 324736.415855 400089.761874
2260.029526 3798.146248 1909.436035 -59856.35277 8657.026015 30129.443256 1736.5728 4736.054077 130.006714 28871.677552 385529.784546 2786.341086 1736.79039 5130.393372 897.550659 182179.22748 316066.537683 286848.69476 1326.540604 5667.644043 1590.872803 240552.585076 364332.435216 341733.411911 1164.783859 4860.827789 -97.502441 115680.295488 228342.37346 11101.73594 -1835.950546 3350.000391 3270.543213 -108.947763 121501.775801 211984.62162 -2260.959244 5410.846405 3319.476318 -234596.866722 384139.861379 401919.211692 -2560.307236 6161.939087 2861.745605 -217860.494403 408555.738848 405252.092552 -2615.937119 6572.641907 2004.929199 -138982.617481 320130.099412 324548.043577 -2384.332809 6271.481018 2732.813721 -322493.175523 324769.244479 400000.0
2260.029526 3798.146248 1909.436035 -59856.35277 8657.026015 30129.443256 1736.5728 4736.054077 130.006714 28871.677552 385529.784546 2786.341086 1736.79039 5130.393372 897.550659 182179.22748 316066.537683 286848.69476 1326.540604 5667.644043 1590.872803 240552.585076 364332.435216 341733.411911 1164.783859 4860.827789 -97.502441 115680.295488 228342.37346 11101.73594 -1835.950546 3350.000391 3270.543213 -108.947763 121501.775801 211984.62162 -2260.959244 5410.846405 3319.476318 -234596.866722 384139.861379 401919.211692 -2560.307236 6161.939087 2861.745605 -217860.494403 408555.738848 405252.092552 -2615.937119 6572.641907 2004.929199 -138982.617481 320130.099412 324548.043577 -2384.332809 6271.481018 2732.813721 -322493.175523 324769.244479 400000.0
2260.029526 3798.146248 1909.436035 -59856.35277 8657.026015 30129.443256 1736.5728 4736.054077 130.006714 28871.677552 385529.784546 2786.341086 1736.79039 5130.393372 897.550659 182179.22748 316066.537683 286848.69476 1326.540604 5667.644043 1590.872803 240552.585076 364332.435216 341733.411911 1164.783859 4860.827789 -97.502441 115680.295488 228342.37346 11101.73594 -1835.950546 3350.000391 3270.543213 -108.947763 121501.775801 211984.62162 -2260.959244 5410.846405 3319.476318 -234596.866722 384139.861379 401919.211692 -2560.307236 6161.939087 2861.745605 -217860.494403 408555.738848 405252.092552 -2615.937119 6572.641907 2004.929199 -138982.617481 320130.099412 324548.043577 -2384.332809 6271.481018 2732.813721 -322493.175523 324769.244479 400000.0
2260.029526 3798.146248 1909.436035 -59856.35277 8657.026015 30129.443256 1736.5728 4736.054077 130.006714 28871.677552 385529.784546 2786.341086 1736.79039 5130.393372 897.550659 182179.22748 316066.537683 286848.69476 1326.540604 5667.644043 1590.872803 240552.585076 364332.435216 341733.411911 1164.783859 4860.827789 -97.502441 115680.295488 228342.37346 11101.73594 -1835.950546 3350.000391 3270.543213 -108.947763 121501.775801 211984.62162 -2260.959244 5410.846405 3319.476318 -234596.866722 384139.861379 401919.211692 -2560.307236 6161.939087 2861.745605 -217860.494403 408555.738848 405252.092552 -2615.937119 6572.641907 2004.929199 -138982.617481 320130.099412 324548.043577 -2384.332809 6271.481018 2732.813721 -322493.175523 324769.244479 400000.0
2260.029526 3798.146248 1909.436035 -59856.35277 8657.026015 30129.443256 1736.5728 4736.054077 130.006714 28871.677552 385529.784546 2786.341086 1736.79039 5130.393372 897.550659 182179.22748 316066.537683 286848.69476 1326.540604 5667.644043 1590.872803 240552.585076 364332.435216 341733.411911 1164.783859 4860.827789 -97.502441 115680.295488 228342.37346 11101.73594 -1835.950546 3350.000391 3270.543213 -108.947763 121501.775801 211984.62162 -2260.959244 5410.846405 3319.476318 -234596.866722 384139.861379 401919.211692 -2560.307236 6161.939087 2861.745605 -217860.494403 408555.738848 405252.092552 -2615.937119 6572.641907 2004.929199 -138982.617481 320130.099412 324548.043577 -2384.332809 6271.481018 2732.813721 -322493.175523 324769.244479 400000.0
2260.029526 3798.146248 1909.436035 -59856.35277 8657.026015 30129.443256 1736.5728 4736.054077 130.006714 28871.677552 385529.784546 2786.341086 1736.79039 5130.393372 897.550659 182179.22748 316066.537683 286848.69476 1326.540604 5667.644043 1590.872803 240552.585076 364332.435216 341733.411911 1164.783859 4860.827789 -97.502441 115680.295488 228342.37346 11101.73594 -1835.950546 3350.000391 3270.543213 -108.947763 121501.775801 211984.62162 -2260.959244 5410.846405 3319.476318 -234596.866722 384139.861379 401919.211692 -2560.307236 6161.939087 2861.745605 -217860.494403 408555.738848 405252.092552 -2615.937119 6572.641907 2004.929199 -138982.617481 320130.099412 324548.043577 -2384.332809 6271.481018 2732.813721 -322493.175523 324769.244479 400000.0
2280.481625 3846.499214 1905.894775 -40061.320426 26405.635615 39151.180904 1754.163876 4695.700989 73.517456 38279.842124 321089.143213 36.398569 1530.299282 5135.459137 785.754395 55225.29707 305305.897179 235055.057915 1238.215771 5730.431213 1497.150879 181727.855926 389012.54923 307503.121654 930.572109 4935.791626 -80.771484 4305.80537 260002.079425 16994.23545 -1848.826084 3368.86694 3275.69458 -1466.164703 118562.54442 227553.923059 -2316.017704 5429.938812 3254.401855 -276478.232447 383595.319968 381917.182588 -2624.106998 6110.94696 2696.090088 -246333.160358 383012.767208 340378.072467 -2843.932133 6706.959839 1982.058105 -208560.919876 351259.478315 323658.323319 -2501.227055 6689.260559 3101.656494 -392733.736281 466401.079904 587450.873388
2282.673931 3854.631004 1898.737183 -36697.246372 28692.859997 37904.515058 1754.262829 4689.754333 61.010742 39307.187568 309723.490869 -15.196984 1551.887798 5108.549194 791.842041 65775.234674 282884.622018 241036.443262 1294.927044 5771.78772 1454.463501 219299.353655 410479.978002 290496.690011 965.073147 4950.040131 -230.012817 11620.160923 265344.358675 1159.313197 -1862.070484 3358.249016 3273.579712 -3849.375748 84252.346454 229268.634052 -2345.294666 5415.147705 3251.773071 -298510.155817 372987.900281 382933.788964 -2639.031849 6125.410156 2723.309937 -252423.742298 386247.231529 354272.690042 -2966.847401 6820.122681 2155.054321 -251166.115905 381978.740817 401703.809372 -2780.313892 6558.349915 3068.362427 -585755.415529 414998.841441 572580.491843
2282.673931 3854.631004 1898.737183 -36697.246372 28692.859997 37904.515058 1754.262829 4689.754333 61.010742 39307.187568 309723.490869 -15.196984 1551.887798 5108.549194 791.842041 65775.234674 282884.622018 241036.443262 1294.927044 5771.78772 1454.463501 219299.353655 410479.978002 290496.690011 965.073147 4950.040131 -230.012817 11620.160923 265344.358675 1159.313197 -1862.070484 3358.249016 3273.579712 -3849.375748 84252.346454 229268.634052 -2345.294666 5415.147705 3251.773071 -298510.155817 372987.900281 382933.788964 -2639.031849 6125.410156 2723.309937 -252423.742298 386247.231529 354272.690042 -2966.847401 6820.122681 2155.054321 -251166.115905 381978.740817 401703.809372 -2780.313892 6558.349915 3068.362427 -585755.415529 414998.841441 572580.491843
2322.205009 3872.157669 1862.246704 -5630.73585 27451.361666 37497.227824 1766.751213 4621.152496 21.220703 55569.063863 228378.466082 -84.3173 1317.177544 4802.966919 -685.118408 2534.725545 104775.157565 -97547.55221 1210.472679 5480.879974 -11.758423 173150.270206 244647.837886 -2492.435342 1110.162239 4686.272278 -965.06958 84856.495321 122392.520149 -187147.407975 -1916.286507 3248.32891 3245.321655 -21963.104041 -21581.908103 233894.888904 -2442.189827 5228.983002 2835.636597 -371373.87826 273305.199162 232105.552551 -3073.110542 5742.924652 2401.067505 -483952.32925 256892.729554 240189.195463 -3016.260567 5474.124298 1496.856079 -265104.646763 88122.936639 165455.929168 -2619.571724 5734.207458 2034.151001 -461074.902444 163619.969518 170781.220783
2294.89809 3917.669029 1774.827881 -19574.903746 52830.940368 12885.26791 1725.362263 4659.710083 -62.2052 28997.181554 245081.124377 -6098.762269 1350.87183 4737.21405 -827.874146 6440.472789 72395.139293 -140454.840704 1067.532825 5430.584412 -226.773071 97454.117717 213222.635703 -15824.872399 1126.133976 4771.56601 -1038.319092 95077.319034 150807.450884 -212510.266687 -1966.365948 3234.317722 3177.141113 -64120.136243 -67738.880313 211217.793619 -2617.177868 5170.041962 2744.272461 -548156.452827 239316.696332 211529.638052 -2660.334911 5127.096405 1824.760742 -257363.227774 105928.823392 84047.325004 -2672.94569 5033.014526 885.537109 -151716.372459 35529.146824 38020.340568 -2859.646435 5281.667023 1640.701904 -639494.621873 73075.733454 83226.669996
2279.518051 3935.110092 1735.095825 -19854.05992 66122.760893 9896.327959 1673.628922 4644.880676 -94.113159 12992.745918 226628.841156 -6536.454827 1340.996857 4739.387207 -873.388672 7214.918896 70962.389968 -147095.92172 1035.261002 5396.197815 -248.591309 89816.905148 195863.081911 -15008.778332 1108.96698 4788.876038 -1070.091553 93480.077172 155825.221876 -213724.5314 -2014.425583 3222.340331 3033.50769 -102918.630994 -103931.705789 149408.725411 -2560.70015 4998.106689 2099.400024 -472437.356147 170399.228922 56801.620445 -2634.382401 4966.233521 1184.956665 -238717.23245 77131.467194 4368.438405 -1811.827469 4926.275787 730.996094 -4663.234213 26206.190507 22347.086744 -2459.95491 4674.078979 1353.120728 -351039.499058 9176.006592 39929.588867
2312.719288 3983.76976 1701.316528 -15450.884904 132925.547036 10799.466232 1678.229084 4609.687347 -165.542603 6635.010562 193605.34536 -15866.829699 1334.815083 4721.543274 -944.770508 3056.601804 63378.232922 -162197.813281 1010.637531 5418.022614 -362.821045 69346.93525 202952.700278 -23819.8652 1148.222523 4725.94574 -1202.495117 103294.264634 126067.60127 -276696.531507 -2105.128307 3398.754177 2597.703247 -312133.729734 66978.448201 17044.882049 -2533.44389 4788.493042 1089.818726 -471012.224905 102929.407931 -12564.379379 -2561.99522 4027.396774 565.335693 -218354.468325 67.991561 -21816.233466 -3170.234661 3841.578903 1267.420044 -331602.990975 -8933.204671 128606.060598 -2510.526714 4038.953552 420.925293 -397756.808519 -7427.453119 -11689.197805
2354.214478 3998.013458 1693.644409 -369.378995 133213.493342 17759.027565 1588.230133 4605.434265 -108.292847 -2366.627114 179396.365591 -194.298665 1282.770691 4720.178986 -894.373779 137.419495 58488.360988 -128736.842573 1101.112823 5499.036255 -372.317505 110276.372919 232367.907626 -21473.87011 1114.192123 4729.761047 -1164.935913 82628.523076 121842.454336 -232304.92235 -1952.352295 3419.677067 2630.536499 -56051.648921 79518.001392 28857.516562 -2142.072296 4082.017059 672.207031 -153646.058857 144.400944 -63655.206197 -2337.625732 3391.711164 102.078247 -131246.272416 -31427.186839 -94398.089604 -2550.613098 3170.32197 989.160767 -120292.772026 -65420.772336 71553.064884 -2085.154877 3339.121165 149.716797 -172747.392249 -83602.002872 -36718.636324
2356.838951 4000.761337 1631.265869 -180.447237 117372.344408 14972.612182 1536.23867 4595.366592 -129.715576 -16462.170444 163123.287521 871.499959 1254.741325 4758.265839 -908.012695 -203.907503 66910.292812 -112850.796551 1118.39489 5528.152161 -374.49707 118664.91478 240279.404014 -15608.085637 1067.434425 4746.469727 -1169.956665 54174.634183 123833.158401 -201468.35712 -1880.475197 3453.395519 2280.57373 -8135.926143 126828.536152 -385.285478 -1943.579903 3665.546227 235.048218 -59841.648381 -29428.711623 -152179.229684 -2027.242622 3269.047289 -577.772217 -48488.293552 -46519.352393 -287970.182616 -2159.873848 2724.386749 164.781494 -41447.343162 -132125.41592 -175.798837 -1710.252876 2928.317413 -313.841553 -52128.761527 -167522.483883 -110400.020637
2324.800797 3997.825241 1606.49292 -3710.753958 100280.207541 11318.981719 1529.775925 4584.120789 -149.136963 -14713.779909 149746.538093 472.672563 1227.465134 4764.54483 -907.767944 -858.840754 66471.589518 -107773.24305 1113.854218 5534.512177 -383.35022 121911.803619 239705.247593 -15136.739203 1036.10733 4732.903442 -1172.895508 43704.53357 115279.06694 -195208.832143 -1859.656448 3522.501583 1950.874023 -634.089329 318810.624795 -49535.109919 -1818.432236 3393.726759 -84.598389 -20590.045459 -84855.703388 -250408.333476 -1382.071762 2868.546143 -671.697998 6439.339905 -110360.83168 -320523.857521 -1688.731155 2294.302826 -18.115845 -717.521095 -217601.341792 -5633.597221 -1315.237503 2549.904556 -487.182007 -645.398367 -269397.119772 -149965.83943
2316.20285 3978.276291 1575.703125 -1891.694436 71431.822635 11831.929962 1489.544373 4535.454407 -165.952759 -24937.563402 117526.052378 1782.188915 1214.613419 4760.927429 -919.42627 -681.854123 65105.647175 -100289.306011 1027.805481 5560.009918 -471.495361 89358.395912 251363.429163 -21301.15904 1044.673767 4683.061371 -1219.440308 56695.004347 96154.209709 -203592.376078 -1853.34137 3481.192446 1986.871338 440.023487 178739.790774 -31905.974577 -1617.969513 3314.406502 -24.735107 305.459968 -105965.469624 -218220.382863 -986.880188 2870.177879 -482.042236 72171.676517 -110152.811703 -234881.711622 -1211.809845 2158.762665 54.414673 23734.870644 -248497.995742 -1350.997587 -1080.527802 2506.638489 -635.172119 10006.015235 -282478.225736 -182317.427729
2251.033516 3942.162743 1694.922485 -13872.155165 31931.464077 28768.998012 1485.602608 4493.629227 -45.799561 -13109.032312 93259.6738 9944.79889 1186.234474 4728.747711 -774.353027 -504.730831 55032.000545 -77438.991981 1082.800484 5570.275574 -411.081543 130906.677959 256288.661574 -23236.194257 1021.281013 4660.798492 -1082.970581 61769.090647 88291.589301 -168897.344479 -1924.805412 3472.107544 1806.983032 -3470.572859 153928.418412 -117609.435092 -1336.22448 3250.97003 -96.870117 62850.957971 -124372.444789 -270992.54326 -733.673592 2682.549896 -408.605347 159500.743912 -148559.548141 -235853.434791 -798.756294 1853.188629 -769.110107 100719.641232 -325323.900512 -133165.046101 -784.17614 2523.203964 -752.44812 69839.594141 -277462.669699 -243565.276287
2292.76104 3930.604858 1690.881348 -4782.189211 18172.060259 63728.151282 1445.563011 4513.058624 -5.50415 -42728.553464 100603.135057 54905.911568 1183.521767 4740.319366 -752.42981 -1909.186886 56634.347475 -53424.479482 1136.44352 5569.630737 -347.421875 148901.894159 252992.870821 -10086.658631 1026.61869 4682.402649 -1062.062988 53427.707065 93692.22676 -126173.303443 -1801.032295 3473.024931 1702.805176 23229.427297 139982.118193 -136595.794055 -1177.129555 3082.579861 -166.223145 125193.193361 -182777.574347 -273510.507709 -419.886284 2697.803802 -420.776978 284924.642284 -146591.942736 -218205.236113 -230.392113 1810.702209 -373.38562 268684.012931 -338546.420745 -39094.748088 -422.021484 2429.73587 -674.871216 189346.878276 -308142.322053 -198281.960221
2292.756767 3930.60688 1690.886841 -4781.568833 18171.579579 63730.764132 1445.561409 4513.060379 -5.499878 -42725.609417 100602.570474 54907.407409 1183.52047 4740.323944 -752.424316 -1908.785821 56634.906383 -53423.535923 1136.440697 5569.631348 -347.409058 148903.802366 252991.858055 -10085.750164 1026.615181 4682.411041 -1062.055054 53429.190306 93694.246604 -126170.409982 -1801.034126 3473.026485 1702.781372 23232.18014 139979.094113 -136607.954377 -1177.123451 3082.564507 -166.240234 125199.688461 -182784.207387 -273517.637746 -419.879799 2697.791977 -420.797119 284930.869971 -146595.128763 -218212.768047 -230.361481 1810.69519 -373.408203 268698.035013 -338549.094727 -39098.269638 -422.020874 2429.725113 -674.909668 189349.86446 -308146.584201 -198294.300164
2240.697918 3939.480057 1714.712524 -11132.012796 15525.106931 79287.224363 1419.062786 4511.49765 6.049194 -36938.311628 92472.430045 60134.554213 1157.057858 4780.753632 -725.278931 -1216.697329 65310.202191 -47434.885572 1088.235912 5582.261047 -273.556519 142186.715425 252806.556032 -5090.278444 955.674191 4759.203186 -992.034912 36216.955286 117898.415921 -96486.600589 -1791.692219 3476.725101 1390.05188 59983.012171 117330.055569 -327591.861944 -1058.520527 2835.036087 -362.783813 219613.099257 -290732.299433 -353971.811438 -238.523655 2502.751465 -392.474976 401064.405498 -195614.53477 -209690.041474 -62.28447 1649.722443 -140.127563 351864.268468 -387867.4119 -12953.916046 -402.085094 2296.517334 55.199585 214448.211193 -356027.574719 -38133.162758
2222.402649 3933.432693 1730.08728 -15203.546993 12800.08006 92477.831906 1393.922272 4508.872452 30.977173 -46099.884833 91798.260872 77589.893857 1151.55571 4816.129303 -690.029907 -919.535105 77916.514385 -39138.806385 1085.922928 5594.685516 -203.217773 146627.420129 259394.704815 -1777.233402 930.506516 4798.92807 -944.091187 29959.190645 134975.149864 -77425.385075 -1783.633575 3462.458992 1425.176392 79884.50102 89326.118556 -301900.316518 -1007.517014 2753.745995 -277.566528 264449.697381 -328833.091134 -318153.738609 -181.858673 2463.109512 -396.078491 440914.835376 -205395.444596 -210713.073068 33.738594 1639.852753 -88.621216 399692.939102 -390357.337804 -8991.419152 -351.108398 2238.826904 165.108032 243808.4149 -375384.937403 -24736.753793
2251.08736 3851.791573 1785.437622 -9124.361977 -4595.59508 158824.031002 1376.92934 4562.553711 198.967896 -70652.404624 128458.940661 263346.769957 1218.301334 4880.470276 -526.552124 264.77729 106005.969806 -10065.256063 1100.508289 5621.452484 -17.785645 145628.605809 276397.350382 1513.514197 897.501698 4898.303833 -658.172607 13311.419142 185065.572961 -6368.775894 -1715.628948 3380.863159 1355.739136 150508.777097 2467.741302 -344163.499674 -1004.283504 2879.264984 -412.047729 254489.717715 -266441.086602 -370112.521915 -250.917454 2471.275558 -562.304688 390483.994816 -201210.107197 -266066.539175 108.387361 1666.019745 -690.470581 427154.70065 -380350.213839 -96201.582363 -171.97237 2341.397934 -800.725708 330730.449832 -337825.157883 -235753.392531
2255.017509 3848.769684 1708.847656 -19949.955453 -11189.04579 114563.716407 1387.128105 4592.145538 133.064575 -82456.545856 139741.288261 222391.635478 1250.306511 4886.029205 -607.201538 554.244719 103159.732774 -15945.370053 1115.562172 5608.014526 -75.2771 140671.971116 263731.873117 856.786668 909.450035 4862.107239 -740.166016 10225.681637 161427.38308 -12492.382374 -1656.050911 3391.232526 1259.575195 211836.653476 1825.097168 -392487.371644 -973.613777 2953.428383 -537.108154 259398.311861 -239824.124315 -411062.989158 -285.402145 2422.456512 -497.506104 357653.648375 -217202.436357 -229951.369177 -358.006287 1536.457062 -562.819824 224397.126768 -422674.050569 -63085.39113 -177.17556 2278.323669 -681.906128 314074.661896 -363234.8138 -187444.382598
2176.64176 3902.484589 1705.894775 -41818.498067 1611.169936 52421.885192 1482.980261 4511.203156 -6.102295 -4013.546322 93768.033241 36933.632353 1179.350653 4839.403992 -678.478394 20.451185 86952.868441 -43077.309938 1003.876944 5636.551208 -285.080566 109514.454281 280516.610613 -7707.152971 995.598059 4729.202728 -1000.209961 67932.137776 107181.386504 -112253.781496 -1822.484217 3531.744747 1414.655762 49936.991758 289528.24815 -330401.051446 -1127.393885 3155.241947 -389.257812 187095.330736 -160661.116245 -377895.413027 -684.544458 2419.500122 -525.070801 192170.184796 -216498.322186 -267286.139157 -673.707056 1546.486969 -349.165039 141700.323979 -417904.306062 -40171.264937 -620.398493 2365.642319 -660.17395 132587.875895 -332090.354658 -203503.825424
2204.649925 3922.426262 1653.615723 -39372.158735 8333.056759 62788.412251 1458.319054 4529.325485 -51.206055 -19554.627702 104484.637425 49089.83708 1225.481224 4807.467041 -778.452148 565.471959 75592.922049 -50898.78863 1094.942055 5545.404053 -258.774414 143092.521829 237250.204677 -2414.771971 1008.387718 4776.14151 -1026.407471 60514.381399 126247.947275 -94513.3022 -1699.001656 3524.351273 1476.04126 179597.80356 266149.398451 -242108.503193 -1278.714943 3171.427727 -428.737183 90823.381528 -154861.382042 -365552.330775 -1343.271675 2352.923965 -731.352539 15670.021582 -234313.957186 -322498.141503 -1437.510567 1489.09729 -951.431274 7583.960475 -435281.592457 -156384.970106 -1292.405586 2370.174408 -939.912109 245.206814 -330329.058206 -274669.749775
2277.56094 4014.817505 1706.013794 -2834.711735 50519.513818 105120.077864 1513.731747 4679.779968 -14.243774 -4674.803263 179806.503799 72639.240112 1305.509396 4883.809204 -790.049438 8061.56031 89669.452534 -53930.320096 1065.669537 5573.091736 -213.62793 123146.416405 232481.066444 -940.687284 990.482082 4922.74704 -897.48291 46184.862531 175316.552346 -49100.514123 -1665.466709 3604.727097 1534.168091 225107.461444 434441.885218 -206956.219039 -1480.764408 3164.310875 -430.098267 20984.441614 -170498.804459 -366268.744627 -1599.069309 2478.300629 -988.388062 16.611657 -210817.455354 -438643.103924 -1673.932133 1642.911682 -1351.907959 -7.810939 -400104.370258 -293365.397155 -1367.693577 2430.396042 -1256.003418 -692.50582 -323148.766618 -400575.234648
2286.116657 4012.319145 1708.511963 -197.257573 46450.249633 106201.151529 1524.374104 4714.641266 1.677246 -1494.278791 206287.56825 83292.24891 1336.649418 4881.044006 -788.421631 16060.643372 88130.560222 -53851.031642 1136.817493 5553.597565 -177.646484 166858.645169 223145.188875 -269.015017 1007.13892 4904.018097 -890.072021 59838.255108 165671.206658 -47316.169283 -1629.019451 3607.668877 1627.254639 321206.372423 441995.532931 -156843.94663 -1525.87019 3291.787739 -367.225342 13896.412739 -128753.131034 -339919.479174 -1760.635357 2508.137589 -724.228516 -4339.940964 -203391.043161 -320201.904517 -2148.735332 2066.03302 -1424.189453 -30161.239394 -284381.81415 -323168.130895 -1768.240643 2441.041107 -1007.158813 -49323.428098 -320122.136632 -300053.609252
2288.829041 4014.099312 1692.236328 1264.301196 36168.700653 93675.630183 1465.316315 4823.283997 66.043701 -9922.404572 292504.232162 141148.155519 1306.800842 4940.915222 -738.078003 13664.678375 107266.274403 -41105.35638 1098.308182 5611.64032 -129.851685 155703.877782 244078.003811 17.646871 955.341797 4978.850555 -813.779297 42669.549057 196868.355985 -27261.571268 -1597.414246 3604.763069 1794.056396 449543.368302 377014.087713 -82684.194913 -1515.210266 3515.662918 -221.903687 19620.63453 -71852.984936 -280751.97463 -1625.340118 2708.786774 -584.711304 23.693815 -157727.457557 -264040.146636 -1873.974304 2283.020706 -1353.456421 -4339.712151 -235284.005202 -293610.469124 -1502.585297 2627.345352 -901.065674 -6357.001862 -266528.801869 -260615.994222
2261.910076 3978.707085 1674.14856 164.675785 16141.930459 71060.755619 1445.785656 4860.623779 104.909058 -10750.126962 339974.044713 171080.933815 1308.42329 4959.347382 -698.025513 17958.884286 119422.052279 -34564.677727 1007.121487 5586.031494 -94.42749 116329.92474 236739.088798 216.842454 895.806789 5049.759064 -665.9552 24563.123859 240907.117186 -5335.658676 -1624.364491 3513.220453 1855.879517 422380.156136 113334.586395 -64618.290232 -1464.489002 3594.290733 -137.544556 36201.456743 -52986.205982 -253029.169496 -1392.235889 2895.754547 -673.66394 14236.823247 -116272.965311 -302613.519039 -1700.658436 2609.200821 -1474.86084 14.883653 -164854.032099 -347789.285136 -1040.467396 2897.156296 -803.610229 25480.782869 -190789.591974 -230760.868656
2246.359377 3891.913033 1710.238647 151.932016 -1334.361513 100205.703849 1404.176302 4939.942322 298.949585 -20707.231421 452202.897832 444037.621613 1296.394396 4983.495483 -501.904907 18786.24033 139933.342377 -5930.108571 974.729357 5628.982086 49.917603 108097.297837 266632.379077 5454.265069 827.443209 5091.336517 -375.161743 8981.471599 277709.177922 14525.493545 -1564.193907 3448.434358 1908.515015 646388.595538 34528.976067 -48790.660521 -1354.253569 3877.695847 -6.644287 80377.472434 -10006.185498 -208045.726515 -804.529371 3228.759537 -196.134644 156354.362337 -57654.54363 -140743.819497 -527.778769 2826.021996 -943.084106 193187.968987 -122660.54714 -156843.281356 -815.593977 3206.123886 -659.971924 78209.071193 -117778.985659 -185948.745841
2193.462968 3845.818138 1762.04834 -331.338763 -21912.45751 135516.491873 1337.681642 4889.537048 366.359863 -34360.51808 394281.274437 539447.438005 1230.885835 5028.262939 -420.474243 12745.409675 162633.71308 -1612.527923 990.292192 5655.106201 185.628662 135690.461756 279881.222852 15232.073926 769.903092 5152.392426 -272.208252 5413.342036 317093.94541 32042.452971 -1591.779799 3421.283741 2120.230713 685725.028407 9288.527214 -8996.136669 -1157.776198 3936.640472 273.140259 210377.015695 -5541.334739 -130204.90104 -657.730803 3568.526917 879.546509 231039.638003 -20415.734942 193.184237 -302.301078 2781.927757 666.42334 287994.769608 -129905.439118 34390.504728 -204.142718 3318.091521 -209.275513 365901.155261 -96808.232635 -79221.274977
2178.04163 3819.619598 1766.046143 -209.888894 -36545.869509 132594.797079 1323.359165 4836.09314 358.956909 -32822.74517 345429.109226 512476.0371 1213.604145 4996.387787 -420.483398 12700.011894 150847.537706 -1932.775411 957.184772 5665.130157 126.834717 127311.864576 289275.77094 9294.041409 742.788792 5167.554932 -167.123413 3823.608874 332967.342102 59817.468995 -1653.082638 3378.064085 2257.147217 544353.086885 -431.954917 -129.072173 -1012.669888 4021.574478 520.844727 335352.824245 -1178.438428 -75106.564015 -580.613155 3641.762829 1166.713867 274352.795906 -14280.357026 13632.989506 -252.637691 2841.314926 975.031738 314853.551309 -118619.947641 87334.128286 -159.932404 3369.963926 -23.545532 403882.51823 -86395.685331 -48366.963054
2135.120652 3782.884026 1757.302856 -6192.645011 -59168.000136 103130.682932 1311.926301 4741.037903 311.02417 -31129.066844 266671.883295 390450.264931 1180.503571 4947.941895 -447.596436 9121.262419 134912.678547 -5063.799792 926.800721 5612.527313 94.891357 119293.341932 270804.587874 5524.74867 733.72287 4925.069275 -388.71521 4653.418081 197509.76453 6762.937855 -1763.385208 3251.760759 2495.387573 294139.000801 -156974.96069 16284.858666 -1042.161682 4225.402069 974.454956 322606.363012 3563.712749 -14029.102767 -546.687248 3741.524048 1481.621704 298084.982243 -7494.733566 50331.637987 -86.563804 3208.419504 954.997559 393553.613669 -64704.540133 78572.156944 -315.612571 3428.881397 1034.838867 319204.145137 -74396.2462 18676.323677
2085.513558 3795.619736 1622.975464 -24152.500881 -51766.563057 14661.429246 1377.767129 4392.335815 -65.209351 -2671.914514 39126.50678 15255.140588 1191.016564 4855.975647 -688.997192 14339.662962 92572.345564 -43992.803686 1023.068795 5544.844818 -139.616089 181486.632374 235711.87696 -634.796635 825.055718 4909.246063 -701.167603 37336.207113 186162.874147 -17186.418377 -1813.801475 3239.642963 2562.536011 222273.211639 -210488.244351 27574.87839 -1033.187308 4319.033127 1138.826294 343740.39595 9429.429547 -3823.56404 -520.007644 3794.620514 1588.703003 319639.306939 -5361.664861 68110.195812 -88.215976 3336.196678 971.658325 400034.125156 -50984.714984 80510.108882 -267.459102 3536.246338 1040.932007 356266.69428 -59554.460919 18568.546344
2108.271809 3774.282303 1723.296509 -19288.234395 -59408.96056 68374.489627 1389.860859 4482.326508 83.364258 -3229.048521 85140.240797 100166.170603 1115.2672 4815.839233 -589.165039 1249.167077 82928.55249 -23913.704055 986.054325 5570.437622 -121.804199 150721.994786 254532.296267 -333.439715 873.76749 4731.863098 -843.54248 53862.101867 113178.324539 -51415.56766 -1773.711529 3268.509469 2542.398071 272218.855932 -96684.148167 23260.261844 -1025.35162 4424.308319 1162.055054 337142.981055 22064.768529 -2896.013202 -327.47076 4097.285843 1545.127563 417892.628459 302.898572 59846.959406 -8.539147 3525.64867 954.512329 430378.781665 -31595.356015 76804.5843 -79.76141 4070.535126 470.490112 466429.217809 -7735.960474 -3633.26532
2084.417424 3793.70018 1694.664307 -51597.001196 -48035.353744 56892.624834 1392.292027 4503.044434 38.137817 -5826.484906 91154.171025 74829.812691 1127.074208 4805.469666 -655.030518 1038.298424 75776.739269 -34021.894653 1000.257573 5566.701813 -193.284912 150176.788147 248310.222362 -1813.924007 859.446034 4797.684326 -838.047485 39053.92473 136438.077066 -46147.811384 -1741.250606 3314.627542 2452.828369 310265.411876 -34805.122695 10604.683276 -1155.471263 4550.591431 1056.23291 223484.358218 39450.674872 -7652.46804 -391.447101 4328.489532 1390.229492 372349.962567 6516.55775 36997.028441 46.027174 3678.467636 980.982056 449536.069927 -20739.338757 84860.13153 -273.8866 4257.79747 239.608154 334504.36758 -1398.659343 -18341.892775
2095.83065 3811.192131 1689.75769 -51614.873013 -37676.186737 59676.860227 1416.883354 4534.952774 27.109375 -3157.668348 104974.630498 73377.054818 1181.465263 4827.717896 -683.59375 5181.530795 81145.767464 -38165.963766 1022.717781 5539.805145 -153.056641 156396.359836 232507.488001 -498.580584 905.007515 4793.376465 -867.121582 56401.982712 131471.838599 -52086.381281 -1767.224007 3328.191099 2417.520142 231053.702546 -27335.158786 7411.143586 -1238.142433 4586.014786 1009.447632 162297.273811 44383.496086 -10220.377493 -490.769386 4344.720383 1373.322144 313036.530183 6934.657792 35887.600973 13.129077 3712.80632 1008.670654 428004.75682 -18947.494767 92833.06327 -343.618011 4403.349991 170.206299 289234.82159 3.626303 -24402.353869
2189.357891 3945.584183 1797.994385 -6217.596795 3935.220099 169631.481708 1516.945934 4739.912872 114.130249 2935.80711 231373.603563 158546.925848 1286.145611 4899.837952 -658.248291 20453.581514 97271.842873 -30788.750866 1068.00848 5568.329926 -61.575928 166441.756232 231845.529673 383.844288 933.545055 4984.564819 -676.222534 56739.662074 208665.934489 -8823.059212 -1827.084675 3420.468597 2442.5354 90912.626356 2102.842001 11833.408501 -1546.682453 4517.229156 788.201294 23408.668705 28340.047321 -31356.208273 -1023.992252 4485.856934 1501.529541 91550.486395 13227.644747 57733.087499 -254.900875 4085.401001 1237.265625 297791.374117 -3252.862459 153538.012193 -569.449482 4365.023117 203.668213 168918.510513 -306.781272 -19921.576476
2203.325329 3952.072906 1804.202271 -2265.766912 2962.907622 189840.238123 1519.120922 4776.708374 142.371216 3281.647778 255208.226228 201640.605203 1333.280163 4908.538971 -646.30249 34783.365029 96807.824937 -26524.994527 1059.723263 5594.528351 -95.675659 161523.393564 239318.824307 98.885684 945.679989 4987.342072 -632.185059 63606.989616 204900.268097 -3297.971226 -1873.592854 3408.874782 2365.308228 42560.647519 -722.69425 4364.692796 -1634.319935 4423.856659 655.916748 7710.576456 15401.244314 -48793.736107 -1200.291309 4400.450974 1425.571899 49189.546331 7710.65979 46794.588434 -363.313885 4093.397293 1267.22229 255932.126762 -3303.140516 165369.007076 -636.983662 4340.71785 155.103149 142261.286157 -741.397231 -23771.509103
2251.094084 3944.875069 1668.873291 5549.820794 1503.420178 87729.986465 1521.64691 4869.237823 85.369263 4995.087361 346872.556236 178399.599684 1325.121794 4956.526031 -705.171509 34119.05249 117270.541149 -30721.574455 977.282133 5559.566956 -104.736328 120416.062998 223840.544972 452.944738 872.276716 5091.081543 -511.582031 30181.73921 263960.697135 2253.999527 -1926.010561 3325.222511 2411.517334 12551.080456 -94651.973592 14210.767002 -1816.982851 4170.953293 604.285278 -1867.365725 258.30396 -51215.162717 -1549.938021 4094.030304 1441.485596 4166.90374 0.311756 55502.214998 -694.008684 4308.831253 1635.950928 149711.397243 -43.374654 307470.374278 -992.341738 4255.427628 272.412109 41090.500007 -2625.433428 -10249.638306
2276.497006 3913.790932 1707.062378 27344.922649 -1087.680863 146977.550559 1536.553464 4788.172302 115.214844 13479.470497 268254.686275 242187.362793 1305.45445 4901.118317 -657.288208 32468.350757 94951.509149 -18356.341813 881.786542 5478.941345 -90.38147 83451.684254 190116.068656 1359.350101 875.897641 5042.380524 -474.248047 38112.284457 236612.999214 7757.314831 -2011.826968 3203.439026 2251.096802 -1085.08606 -509839.151072 982.574166 -1817.154117 3941.443787 417.664185 -1047.486917 -6637.102058 -81266.761787 -1668.997989 3872.489319 1278.965454 282.469147 -3862.588257 34071.17943 -1212.080569 4156.882477 1997.892456 40960.065522 -1754.667272 483153.019721 -1249.455295 3689.870071 543.693237 6660.152145 -44722.018347 0.024122
2252.825212 3952.986984 1514.203491 5414.520108 193.78942 28883.220212 1500.475817 4645.414429 -160.046997 1225.915776 138210.674463 34946.050843 1180.69478 4785.855865 -895.83374 2407.766169 48979.725447 -60088.044095 809.389467 5336.275787 -267.754517 50426.919253 129097.335681 -358.419873 877.805071 4956.380615 -918.007202 31574.695269 180120.810703 -32448.907148 -1993.934431 3300.498505 1680.689087 -957.60421 -205414.280282 -94779.608595 -1762.004347 3652.639389 -260.667114 -15.773528 -45739.53275 -264594.157081 -1708.76277 3426.080632 584.847412 -83.610642 -38164.110633 -2997.195995 -1675.084333 3092.750683 1418.395386 697.839092 -88216.943895 248978.81369 -1041.18762 3633.486519 -3.451538 31411.134344 -54395.107325 -30155.84334
2289.203949 3950.55603 1507.810059 21971.05408 401.027016 29833.145305 1573.778076 4409.486389 -273.476562 20170.167733 27049.339644 2456.790451 1172.453918 4634.924622 -951.381226 1468.634059 16299.741455 -73675.326241 848.05748 5150.958099 -262.937622 62490.057184 75229.665999 -182.500978 869.579239 4626.807251 -1033.914185 26944.082518 55071.863984 -63456.642911 -1954.632721 3348.651357 1924.399414 1796.382543 -74707.174791 -21346.128136 -1826.325226 3708.42804 -37.431641 -2941.874696 -35288.859873 -185719.31093 -1891.994476 3174.173107 661.622314 -8945.291489 -70691.453723 -552.801974 -2076.405029 2555.94574 1294.593506 -14876.523517 -178224.621957 208728.925974 -1424.033356 3061.643219 401.178589 -248.581346 -155550.5545 -998.752424
2263.563223 3965.63076 1403.723145 5703.977739 1154.6552 1871.453104 1509.52529 4330.97496 -383.775635 1138.583914 7323.663898 -6135.584486 1128.786459 4528.207703 -1082.260132 -65.872012 2830.481059 -113857.097558 712.463484 5026.126709 -430.635376 21797.597929 44529.053036 -5992.715672 715.428305 4415.988998 -843.569336 -553.684737 11231.079291 -13587.159782 -1937.132578 3374.719715 1884.526367 4200.859343 -47012.709127 -26793.331116 -1838.42454 3631.371555 -95.595703 -4631.858195 -50583.009438 -200178.194947 -2090.027475 2926.959953 372.667236 -35430.208377 -115021.158516 -15613.82144 -2343.543406 2179.584961 813.572388 -49420.107374 -263103.114149 81776.52362 -1928.300638 3377.851267 1070.614014 -73446.229418 -94358.170964 41187.797617
2236.293316 3986.040039 1263.451538 -115.605811 504.728591 -13810.096271 1390.701122 4083.03154 -518.002319 -27136.954624 -25416.78328 -48036.420164 1047.322598 4235.997696 -1246.408081 -8757.973507 -22585.743335 -171518.6938 632.888393 4646.931381 -535.481567 6805.226356 419.768588 -12026.869458 703.42104 4442.781219 -1168.128662 -2527.096182 11442.913151 -99516.508105 -1915.046406 3483.770928 1881.798706 7687.285906 4599.158536 -22032.089458 -1844.745197 3270.409203 -104.871826 -6534.024571 -152378.429711 -194664.565713 -1894.668598 2533.711014 -588.312378 -10767.591045 -210306.968489 -218859.533947 -1679.004993 1810.453949 -1086.101685 301.581932 -366866.705413 -157826.649505 -1496.831837 2366.588593 -622.124634 -3701.054153 -362163.335513 -137030.265318
2213.58408 3953.972435 1012.130737 -3260.25612 -417.235253 -218990.028693 1376.373844 3903.337097 -765.302124 -33587.381012 -94584.10294 -289591.736806 1086.319294 3998.218994 -1522.052612 -3073.958153 -86079.244188 -320274.450773 177.54365 4047.260666 -1421.517944 -59459.068962 -65141.467259 -223788.894287 791.285114 3961.9664 -1642.791138 3020.099988 -27379.512311 -396884.664385 -1908.422146 3497.757721 1784.469604 11175.490626 27170.541366 -43579.219955 -1794.735165 2979.95369 -133.893433 -1768.354614 -258640.169838 -202918.613213 -1953.332882 2183.942871 -470.195923 -16799.471298 -307227.696265 -179153.599859 -1646.545162 1623.878326 -1104.404907 904.792486 -417514.374699 -162196.576768 -1472.299709 1946.230164 -576.277466 -2253.482052 -514294.760116 -124793.839438
2158.666315 4021.894531 923.395386 -31630.918952 1339.796944 -286041.815747 1299.745798 3931.158981 -855.306396 -88922.711191 -104151.424213 -361991.834418 892.260675 3868.401222 -1565.182495 -54587.727352 -164298.22581 -321355.024641 261.378851 3875.111313 -893.966675 -33259.485204 -127765.209573 -57038.869925 590.056505 3925.587807 -1706.613159 -31804.307902 -45314.651827 -415944.900125 -1951.5763 3513.113174 1560.765991 430.357255 4254.04408 -106103.666816 -1776.722021 2775.28862 -292.450562 -758.849764 -378782.768276 -242720.413287 -1875.300055 1954.163513 -604.404297 -8684.374197 -400261.003338 -209133.166638 -1538.330297 1511.738739 -1318.953247 4944.246501 -466579.914132 -217049.212968 -1395.857458 1729.945374 -672.153931 -72.460295 -626233.377328 -138378.951906
2158.38335 4006.850548 812.764282 -40961.378805 -3133.335762 -446489.074813 1298.438663 3798.574066 -967.888794 -100090.438989 -213418.025558 -529398.495735 846.541996 3746.229095 -1656.738892 -81644.044782 -248179.149012 -370702.710563 -3.508015 3852.106781 -1304.163208 -144970.079227 -143588.835689 -160807.594303 593.763065 3788.81258 -1847.000732 -34727.541618 -93640.219853 -529655.369137 -1961.63496 3473.92467 1294.46106 -455.847047 -20799.935011 -236393.967667 -1678.749828 2547.793121 -470.925903 1395.684564 -522198.484636 -303723.286307 -1748.47929 1691.441956 -698.613892 -1597.109524 -509974.366006 -236112.348403 -1397.421093 1324.318848 -1454.28833 13949.208123 -536529.746501 -259407.623354 -1275.220013 1559.374084 -979.213867 2161.407247 -716161.055131 -222802.898536
2144.12693 4003.752365 782.06543 -44417.504424 -4935.167775 -503417.795554 1292.675667 3758.86982 -997.549438 -95502.575111 -250027.352946 -584413.243383 861.571999 3669.620266 -1695.665894 -68671.868765 -301445.424361 -396569.226975 -64.226055 3674.251251 -1670.667725 -173784.203318 -215319.468746 -303922.462663 619.052963 3696.389523 -1902.603149 -20873.953373 -130754.437254 -583551.104137 -1959.432182 3474.319615 1257.177734 21.994143 -23119.96111 -259278.527183 -1663.60714 2529.242172 -495.525513 3185.868996 -535447.186198 -312982.262503 -1718.152275 1668.487396 -709.627075 -451.353652 -520491.806564 -239531.701754 -1368.499565 1279.002838 -1454.452515 17578.03614 -553210.332958 -258927.08199 -1167.937279 1649.845123 -1140.628052 11104.390986 -674553.605074 -277769.966155
2103.818092 4024.39045 778.735962 -101248.524628 -10403.223852 -463098.30879 1286.583595 3659.470072 -990.118408 -108490.91601 -383561.024 -523547.245933 771.879921 3591.011229 -1628.687134 -123714.557305 -385597.503226 -335367.8989 -41.719713 3574.924121 -2065.439453 -164717.08664 -277354.172338 -495604.056276 531.143494 3556.378527 -1807.918091 -65323.973158 -214392.556564 -468953.856359 -1943.070488 3452.849264 1021.887817 546.616252 -114621.178161 -415869.343593 -1534.393883 2439.797897 -662.368774 21623.084539 -615363.820868 -373275.285393 -937.970772 1786.633911 -607.989502 110664.402821 -486220.58062 -196581.627886 -1167.254448 1734.655304 -1484.811401 41506.089573 -415328.254503 -261346.762885 -978.061409 1772.841644 -1477.862549 38675.810195 -633427.681476 -403008.346666
2099.787455 4024.431152 763.324585 -114960.959359 -10649.470893 -476330.930078 1277.430353 3648.905506 -1000.178833 -123436.766108 -395990.029324 -526352.436258 755.465593 3571.631675 -1631.448364 -138183.791638 -401616.577771 -331622.293203 -70.035353 3548.581829 -2044.241333 -184889.30299 -290853.012756 -478493.835715 518.950472 3535.685174 -1818.249512 -76119.749354 -226031.381921 -470556.193031 -1943.724661 3452.01169 1026.702881 130.917537 -117778.630708 -404856.559651 -1536.485281 2438.152924 -656.608887 20060.954026 -616826.139156 -366989.323263 -940.182867 1785.701752 -597.427368 108419.431226 -486802.393267 -190403.036564 -1118.479528 1665.343018 -1479.049683 48272.265056 -436779.65988 -256025.702968 -977.141256 1761.607819 -1459.580688 37840.067699 -638761.565357 -391362.868991
1965.203161 3955.891418 712.178955 -318926.108995 -107766.20681 -657328.550342 1129.827719 3584.120097 -1018.885498 -274539.80967 -501287.294561 -631481.036471 491.571836 3362.79707 -1470.839233 -340789.331361 -612127.009398 -255434.258192 -376.169481 3356.262646 -1751.613159 -391134.10121 -410579.701424 -342620.456791 311.132555 3333.517246 -1815.92041 -228509.921584 -368441.375152 -500177.182208 -2047.572107 3415.202179 1020.873413 -16769.889441 -297921.12626 -438198.227872 -1303.279963 2851.498871 -728.001709 116040.447834 -382017.998553 -414523.460518 -1002.50741 2043.719177 -879.32251 100275.218242 -397654.800613 -305064.311394 -576.124811 2423.113861 -1570.667114 186042.826662 -238137.995728 -304569.383961 -518.755121 2438.643723 -1476.409302 194455.699303 -376112.693464 -413627.151084
1948.078575 3973.338394 678.894043 -482540.697472 -105727.929888 -547849.604407 1118.800621 3507.114058 -1034.680176 -363061.647063 -626686.540638 -499120.264987 493.674393 3302.564774 -1513.743896 -383344.588577 -691207.253867 -233216.610138 -319.471512 3229.767723 -1922.701416 -376525.567999 -501269.632245 -386268.026719 339.778709 3149.713326 -1829.129639 -241741.104442 -523979.324775 -436262.586952 -1986.709023 3317.052364 997.753296 -7671.594787 -871260.371557 -388610.076134 -1283.613167 2896.56723 -810.041504 105823.43876 -366866.327774 -413968.108643 -646.716042 2297.322235 -756.303101 212611.419767 -316754.093266 -227194.228371 -410.213432 2517.028122 -1593.758545 227886.279617 -220620.783402 -280836.267362 -363.989487 2611.066589 -1474.058228 248161.725791 -323604.012808 -376626.884443
1975.000906 3920.75798 713.43689 -403544.536864 -157131.42142 -459428.963204 1099.063635 3435.883074 -958.331299 -401637.623823 -696155.02445 -352999.445457 463.623648 3238.762741 -1418.616333 -419342.162454 -734720.01435 -180253.470074 -326.605501 3109.650803 -1846.425781 -383440.847625 -567733.628623 -343580.964415 326.08964 3039.482269 -1739.937134 -258498.52665 -599819.35499 -353534.415691 -1952.607126 3277.680798 1020.69519 -373.584361 -973802.971909 -363021.985833 -1229.799509 3010.253525 -795.883179 133065.197081 -299044.712278 -403034.446795 -807.510538 2511.579819 -219.880371 149907.296081 -244916.193379 -76349.764477 -1083.299799 2970.039635 -934.034424 53055.21056 -127843.769137 -81687.432012 -429.176531 2760.744095 -1494.920654 216463.329291 -269979.765999 -381403.55721
1992.799826 3936.096268 801.692505 -368300.861384 -129648.851502 -306328.260088 1129.821692 3453.604021 -876.943359 -353691.116562 -670708.579164 -238220.759267 465.221548 3342.934074 -1324.431763 -423733.144443 -625233.29472 -138544.137214 -295.487642 3187.185669 -1794.345703 -360717.521471 -514388.396075 -319028.822287 320.26 3073.39119 -1655.048828 -271828.972983 -570019.282466 -289570.691476 -1929.295969 3289.975681 942.842407 307.218468 -896927.455081 -425944.317879 -1175.715952 2978.751869 -853.627319 160835.978198 -314266.043208 -430006.690469 -587.662134 2554.92775 -370.944824 235643.930299 -232975.95691 -110116.866745 -1067.960062 2931.987648 -1021.342163 54772.908609 -134424.852657 -100966.46729 -257.095385 2702.199249 -1558.669434 300987.830083 -287726.198546 -409084.416721
1955.503483 3949.223862 771.782837 -491065.463045 -103260.302395 -388863.824104 1094.636402 3555.815346 -936.017456 -429047.258022 -525483.150962 -349376.235828 488.497219 3540.78672 -1474.072876 -401083.991196 -438448.639773 -217721.047671 -336.590824 3364.257774 -1813.974609 -400991.233163 -400088.947036 -337586.344836 222.128181 3241.191387 -1684.354858 -410798.86283 -429555.414581 -325843.437157 -1972.595577 3327.469616 1050.50354 -6312.464379 -657858.691899 -355458.024204 -1293.53323 3027.941437 -782.180786 96359.702576 -289866.208817 -405909.145043 -680.034237 2417.512436 -668.918457 194663.556828 -271611.916091 -201062.250545 -598.519039 2537.825928 -1551.155396 163714.329964 -210469.891874 -268521.718729 -438.93507 2646.973724 -1505.197144 207613.702903 -303995.083582 -394364.354527
1966.047449 4005.399017 800.966797 -449368.929106 -42228.291848 -387775.975792 1091.660471 3659.693174 -930.411987 -429191.031931 -409390.958671 -385764.160305 548.09144 3652.491922 -1541.606445 -331164.729875 -355621.939485 -270575.308235 -325.465727 3527.238474 -1794.024048 -388297.284058 -313595.746397 -341720.632761 181.656947 3501.050639 -1673.132324 -468978.808672 -258927.550443 -339190.45628 -2010.654821 3418.660889 1107.808838 -22860.091188 -283788.343805 -333806.738071 -1304.849463 2931.718445 -693.679199 92520.502387 -340498.16098 -378861.178001 -915.60729 2154.776459 -836.966553 112010.428491 -358529.68288 -270960.972614 -529.009771 2462.037888 -1592.033081 185905.636593 -229191.463757 -295414.500755 -479.327002 2599.641342 -1466.087036 190893.193449 -321937.163835 -389822.514066
1991.837454 4003.540878 866.272583 -287476.780888 -17381.771216 -400009.38262 1150.343847 3712.47818 -888.847656 -264192.873697 -318021.661217 -437126.365709 593.271513 3747.184811 -1485.576782 -252613.136852 -265450.32295 -280034.488265 -272.24576 3681.005363 -1780.820923 -314324.971551 -223296.12796 -370707.950899 246.38854 3538.234786 -1650.814819 -324916.694422 -219524.339965 -379073.463496 -2018.49534 3483.68392 1093.748169 -9748.210863 -41808.051004 -400839.132773 -1326.172495 2710.019684 -607.453613 98125.294781 -442100.769543 -372667.482883 -1118.162928 1915.063324 -921.722412 66202.872736 -433144.13821 -334232.618686 -516.28541 2178.884735 -1538.455811 200824.043196 -289317.221823 -302845.61734 -584.568033 2359.183121 -1399.713745 160870.586141 -392770.181349 -392330.354876
2027.670708 4002.516747 858.790894 -192962.848987 -18526.286274 -432966.382763 1158.496361 3708.852901 -876.529541 -240873.289749 -322426.790702 -434145.374912 641.154556 3798.746395 -1499.753418 -204121.53159 -232910.990468 -294835.265695 -222.988949 3739.902992 -1793.131714 -270526.166711 -198132.453108 -382277.716455 253.543262 3582.824025 -1655.982056 -306320.774731 -196153.717718 -392132.572807 -1972.309761 3519.024712 1032.4823 96.79018 -7581.92161 -461355.7111 -1317.42588 2518.727493 -555.516357 105595.024644 -558298.536966 -354702.459655 -1187.31739 1816.387329 -1065.158691 52371.634747 -471301.936051 -402770.951996 -385.284653 2154.965668 -1288.953857 248740.953755 -295585.62828 -214527.727828 -597.855873 2221.031189 -1302.37854 158365.747708 -443810.692496 -355843.27246
2029.213028 4005.273209 861.036987 -217891.411225 -6502.443212 -433886.272375 1151.020508 3717.779408 -872.414551 -273743.714184 -293821.870067 -431780.509858 674.761124 3774.138699 -1532.045288 -187820.669333 -235899.642235 -316421.037924 -203.086185 3734.300404 -1787.601318 -265905.977989 -192222.77808 -380858.756363 263.800659 3594.323483 -1670.841675 -310800.276296 -180288.500464 -406979.667714 -1956.803207 3483.291061 1079.44519 182.425951 -19911.737224 -423609.013344 -1318.371658 2421.587906 -476.907349 98640.716157 -608932.560353 -322891.852528 -1371.053848 1654.147797 -900.395508 19167.886542 -528798.471264 -330849.166066 -642.253647 1761.027832 -1416.724243 159593.229125 -399061.28034 -260891.263184 -685.412903 2104.240265 -1306.785889 120650.39327 -481311.198534 -358782.53424
2029.069118 3998.205757 901.431274 -213803.90018 -7948.849997 -399915.561376 1169.287472 3691.911354 -832.754517 -242119.60553 -315879.410266 -401597.681855 673.362751 3765.280342 -1473.562012 -187266.855584 -239183.993533 -293821.667203 -227.931385 3730.669498 -1615.029907 -283076.261431 -192233.718535 -308088.477843 260.692835 3533.37013 -1610.809326 -312128.369268 -209872.818899 -375058.360627 -1963.619328 3479.188335 1034.977417 14.898868 -20391.340402 -480752.159002 -1314.253483 2421.83876 -513.770752 101557.471619 -606356.642477 -347346.929697 -1102.115498 1580.556335 -634.881592 68926.214032 -558260.16182 -235967.643876 -549.877415 1793.003082 -1309.591064 188467.461392 -388554.18069 -230055.26495 -597.026768 2197.669678 -1327.492676 154103.07966 -443796.358898 -376500.89068
2064.623032 4011.787949 931.466675 -175497.217884 -9107.272774 -340617.321547 1191.455078 3700.437813 -796.334229 -233412.73048 -323598.927871 -336695.395652 636.137581 3760.690727 -1388.515015 -232624.525151 -252359.848258 -242219.604074 -226.884117 3697.962074 -1681.288452 -294911.345863 -212947.435182 -336972.572636 359.420033 3441.38134 -1624.931641 -213845.61184 -271759.597725 -382986.929924 -2032.451248 3443.774471 1019.130249 -28881.108916 -100838.905119 -490927.777466 -1303.36647 2638.730698 -643.082886 98996.346206 -479764.234967 -402384.179463 -1049.270172 1803.294373 -718.918457 77983.525945 -473589.06696 -265181.518702 -744.310226 2169.206085 -1480.053101 127340.540802 -290108.778929 -291800.177289 -540.369568 2330.188446 -1491.217651 170329.904737 -400807.38325 -446723.098506
2062.413597 3987.276764 889.763794 -271365.652003 -29635.417159 -297417.5238 1144.372444 3615.513496 -802.874756 -385411.929499 -423872.380996 -248884.313709 564.610023 3660.368357 -1372.775879 -345995.466783 -326010.94678 -198069.364349 -319.116707 3508.975828 -1548.457031 -410081.651862 -306554.636636 -247499.454183 329.537144 3309.649658 -1633.406982 -299706.753706 -362634.777155 -334797.931881 -2039.705391 3350.220222 1158.720093 -74145.125658 -432106.901357 -321424.726471 -1314.774666 2782.133865 -600.761108 75245.291195 -402023.527274 -353205.062569 -809.677696 2097.179565 -811.141968 136391.054108 -367446.714508 -274114.25047 -593.928032 2545.370941 -1558.859863 157020.866221 -204012.597642 -295764.5407 -501.214867 2495.792389 -1385.860596 168789.200173 -345640.916085 -370243.916861
1982.458897 3988.290443 884.51416 -479802.532527 -46120.496128 -296836.421526 1074.487247 3547.957299 -788.466797 -520744.277309 -530171.014774 -223435.755237 438.721638 3514.463851 -1291.088867 -491427.555631 -457384.343448 -157120.432772 -436.158772 3402.814732 -1516.05896 -520972.410268 -374967.480572 -232168.785595 246.829691 3138.768082 -1532.224121 -408823.930804 -508041.173461 -257396.217568 -1965.806332 3374.92691 1175.526123 -12839.52379 -404173.262338 -305308.531049 -1279.642239 2955.354729 -632.114258 92034.135361 -322253.550699 -364307.66017 -582.493267 2430.841141 -591.528931 225778.001723 -266401.822791 -194407.642353 -385.925617 2640.018311 -1438.912964 224670.139567 -188114.169431 -248043.268557 -404.574795 2690.467072 -1320.55542 212643.611418 -289208.442745 -341148.026825
1933.374691 3981.564713 924.616699 -677341.470373 -36613.996723 -242770.715351 1031.70126 3529.467319 -744.498901 -640287.132298 -533112.574249 -175918.71404 427.167492 3407.006178 -1269.007568 -517860.727617 -539930.272837 -148900.117503 -408.192883 3176.543961 -1542.053223 -500982.506224 -505987.251951 -243906.670855 229.936137 3053.472481 -1475.469971 -447715.545697 -567197.452947 -222428.799338 -1940.210056 3368.391466 1180.008545 -6165.916856 -363415.218254 -304419.241001 -1180.23859 3047.083931 -614.276733 137521.740175 -271858.643155 -357981.410991 -451.791592 2581.001663 -504.052124 282054.637247 -219613.889064 -168104.147979 -392.120152 2704.583588 -1386.505737 219574.286526 -171982.304792 -230497.119998 -285.351734 2786.035004 -1313.397827 266708.312757 -256030.766758 -339570.750241
1928.260498 3982.716942 930.06897 -686559.94719 -30885.758617 -259682.033462 1015.717316 3632.74827 -760.562134 -673366.356825 -400446.799286 -214522.208317 425.82777 3546.05629 -1309.945679 -516122.268679 -412544.067458 -175047.599279 -413.654861 3272.729454 -1529.593506 -503857.550604 -440300.097844 -245916.420046 210.417585 3149.947662 -1509.89563 -474480.488936 -481234.894923 -256240.352754 -1948.267212 3419.941807 1199.871216 -8022.175849 -168490.809181 -302672.133877 -1197.632599 3103.711166 -602.114868 129518.882652 -244933.057669 -360239.72284 -467.801323 2644.238434 -466.966553 275593.031013 -201683.728121 -162231.172922 -390.999298 2696.816635 -1356.35437 220870.571427 -172485.326912 -226050.012279 -254.310951 2894.449234 -1303.818359 284378.90943 -224389.947516 -342709.785316
1950.450344 3993.306274 994.470215 -611602.669451 -16224.678659 -215071.589783 1042.565975 3678.893433 -715.020142 -611474.883139 -340190.862438 -198398.541709 443.979168 3634.241991 -1265.043335 -494359.309214 -336310.458188 -169067.322854 -440.619183 3446.058731 -1394.296265 -533495.256864 -333608.874759 -205536.07654 199.94103 3264.948635 -1464.140015 -494130.225826 -385891.579853 -247010.551634 -1949.118137 3443.939815 1262.13623 -8946.881555 -89018.654239 -281657.32876 -1214.63068 3127.46994 -555.50354 119763.956474 -231203.603281 -353934.919426 -483.601475 2662.785568 -420.979614 267287.474844 -194662.670169 -158114.217786 -392.415829 2685.189972 -1314.047241 219828.88638 -172984.753039 -222478.360547 -247.958126 2930.125847 -1253.428345 286912.543857 -212499.190339 -335331.160921
1981.30003 4007.513657 1018.373413 -510324.720105 -13524.427476 -193067.078842 1073.73373 3698.086567 -693.822021 -541231.71558 -330328.858253 -181829.934271 460.95562 3651.087904 -1228.687134 -473683.708118 -331017.990106 -155730.836708 -433.265514 3492.875481 -1334.418945 -526748.527059 -313709.424006 -186151.706593 211.037216 3272.174568 -1413.73291 -477559.681497 -387691.78588 -218846.288864 -1929.2943 3468.406487 1279.782104 -3137.076776 -61656.359635 -274225.250727 -1212.871113 3176.323318 -550.675049 120195.69567 -215349.34536 -354721.318304 -491.561222 2725.465012 -336.237793 263100.040006 -181544.054344 -136151.878804 -399.966221 2686.487732 -1229.348145 216926.056949 -174633.695169 -196436.98158 -251.037579 2948.314056 -1251.885986 284775.301628 -210280.894967 -337373.726787
1989.37973 4014.99794 1029.453735 -486483.479558 -10267.284214 -186974.906349 1084.882202 3696.431503 -690.57251 -517769.624671 -333487.455257 -185061.70232 450.396423 3635.410547 -1202.581787 -488022.471505 -343739.966578 -147069.828331 -430.552406 3448.746743 -1378.081665 -524554.575873 -338205.41879 -204262.417552 189.203501 3219.13805 -1359.09668 -514486.851256 -428320.179078 -189612.360925 -1921.685333 3484.510348 1287.401733 -1741.441948 -39385.623042 -273228.49313 -1211.096039 3175.841942 -550.17395 120795.213092 -216098.271286 -357143.30663 -533.407211 2771.751556 -159.788818 243535.653137 -170786.93437 -93941.09155 -443.088074 2692.210693 -1053.514404 202245.803508 -173784.552298 -145400.879214 -263.328781 2906.616211 -1237.509766 277934.97354 -221667.791495 -334088.891621
2021.357584 3972.606697 1010.621338 -368802.764725 -20552.144354 -223259.979381 1110.878382 3674.13681 -698.249512 -445802.428264 -330375.939754 -204938.131054 457.691202 3602.976599 -1177.700195 -468563.362914 -349122.573447 -140585.67942 -420.066977 3420.228381 -1348.641968 -505543.293213 -339969.683129 -196925.425584 145.260936 3171.321106 -1244.665527 -576647.344724 -445714.318772 -133555.325738 -1913.863058 3466.578741 1353.129883 -92.749432 -30090.011804 -236834.467403 -1250.671988 3200.82077 -497.717896 105000.981025 -196527.359495 -338903.589413 -563.017645 2659.162903 -470.559082 233826.705869 -192006.443808 -179796.074874 -575.745382 2970.708542 -1311.785278 163196.472049 -119294.783686 -229440.621832 -373.300734 2896.483841 -1190.310669 226758.623285 -217625.045172 -319283.652513
2024.010725 3964.463615 1050.931396 -329690.809321 -20613.587219 -191392.59832 1168.737745 3651.794319 -682.966309 -314505.627056 -345277.579274 -205228.669962 510.284605 3592.176914 -1156.274414 -390310.085652 -351204.96681 -138131.652827 -385.071192 3459.972279 -1271.879272 -458573.019257 -314207.483802 -175187.241373 196.058455 3221.5695 -1250.69519 -470639.270554 -401379.451931 -144277.055294 -1913.005266 3461.212969 1380.820312 274.939447 -27009.06289 -229298.942625 -1284.345293 3257.861423 -489.157104 94823.142877 -172570.150326 -341832.644948 -641.13759 2672.023849 -391.433716 205460.014472 -186808.21272 -160552.054128 -590.929689 2942.664566 -1244.992676 162250.398403 -122565.734847 -211877.07562 -433.441133 2908.462601 -1193.131714 204420.036098 -212343.415165 -326456.221335
2066.888714 3957.989349 1069.373779 -221574.643033 -21024.94221 -187416.744104 1223.351269 3674.292889 -676.242065 -223573.060655 -315984.136106 -215403.472762 573.183079 3648.247318 -1164.453735 -317950.691663 -305683.563043 -147991.802742 -294.959698 3421.806674 -1332.764282 -372357.196043 -331488.832406 -202392.697432 293.682289 3295.390549 -1341.397095 -323338.806175 -344520.8967 -202962.881786 -1925.365925 3444.186876 1507.872314 -7.675479 -40836.814815 -165712.876228 -1393.585529 3421.811428 -403.601685 52417.770274 -117392.169708 -312840.069384 -803.240299 2779.841156 -484.525146 144685.983478 -159796.813194 -193975.203197 -577.776203 2965.189362 -1332.987061 167020.524546 -117928.247089 -247949.032693 -555.868397 3086.113358 -1146.332397 153968.171634 -166976.52683 -314157.928925
2109.731102 3926.475792 1095.200195 -102772.889211 -42904.37767 -169925.175327 1327.948189 3734.386978 -677.591553 -76588.90181 -252593.801035 -230877.548919 693.667564 3670.376453 -1174.589233 -185387.220365 -285886.770041 -157273.924182 -161.303234 3497.435765 -1423.387451 -247002.760919 -288541.606909 -241858.949154 303.047333 3368.61577 -1172.997437 -281089.583352 -292151.964924 -119439.623589 -1853.81443 3430.474567 1468.221436 36600.659087 -51694.413179 -193335.046165 -1401.301613 3505.768862 -449.334106 57940.109683 -92393.702768 -336197.22277 -848.267174 2868.686714 -663.348389 137302.054132 -138825.410984 -260242.917063 -517.682533 3003.355064 -1480.366211 193028.982806 -110858.911302 -308890.674985 -553.295555 3209.421387 -1189.605713 164383.030179 -138231.19345 -335505.029112
2202.174168 3912.939682 1229.79187 -9243.801301 -22942.431859 -67930.102037 1435.187321 3751.420593 -566.353149 -10452.08339 -206887.591576 -137482.839468 942.800846 3594.648085 -1194.800415 -37516.340256 -313662.396131 -178989.32081 194.802132 3491.655712 -1708.068848 -55522.028221 -273362.258401 -384695.473826 411.465244 3357.948189 -1107.444458 -156481.458987 -276265.48619 -102456.844018 -1859.454403 3429.977554 1520.701294 37517.714615 -11329.796949 -179398.263419 -1449.73074 3552.425594 -417.202759 44015.631392 -72075.151218 -334191.092877 -1234.442654 2793.426437 -798.00293 38749.628956 -147268.004188 -324410.881397 -935.427074 2940.643845 -1631.225586 83332.8501 -115057.258132 -385356.705542 -648.3074 3058.118858 -1190.266724 130584.273367 -163641.707134 -346748.082452
2272.445793 3867.700691 1286.695557 7091.261998 -26271.224109 -40555.884393 1604.860191 3773.974419 -553.320923 29552.231384 -158315.107592 -139374.018166 1145.91404 3616.073265 -1206.26709 9.420003 -270473.920242 -191677.25973 419.558945 3418.78866 -1722.948608 -4480.324644 -289331.057832 -400093.481018 581.570549 3212.06686 -933.413086 -34517.099731 -344507.301326 -45774.616494 -1950.653114 3367.550979 1511.560059 725.315201 -32163.33452 -192748.553491 -1634.833412 3705.51651 -418.203735 6301.949865 -34343.397132 -340879.370847 -1481.008186 2978.244514 45.234985 7797.184904 -101953.260486 -70583.00737 -1115.89138 2991.634636 -774.384766 51067.820103 -100853.078827 -98408.516747 -918.430977 3012.929153 -964.674072 53415.907845 -164624.500747 -266678.33784
2379.93494 3882.26162 1491.358032 87940.813078 -18723.603618 2428.067544 1756.379642 3815.899467 -375.023193 146662.8891 -132585.093246 -30938.901301 1427.495823 3587.558308 -1087.686157 63050.357821 -292803.548864 -149709.841319 783.567142 3456.12309 -1727.58606 34384.182615 -272823.260995 -416890.618548 1297.220173 3295.333099 -1200.720215 402377.192819 -292461.609931 -168536.988614 -1879.073238 3419.592054 1226.266479 21106.004693 -305.522235 -409118.463934 -1633.774929 3535.070248 -749.047241 4911.127323 -67708.706764 -508186.091907 -2054.047298 3221.12608 -42.319336 -32503.017692 -63091.403856 -94746.701205 -1525.182552 2892.619781 -694.471436 5030.563158 -116883.741841 -86732.928403 -1135.586452 2826.231918 -1130.961304 13412.41115 -211633.629626 -339877.394667
2449.166212 3888.681107 1464.025879 187541.760503 -14280.527684 420.692282 1822.758741 3814.491806 -425.394287 221818.535044 -133095.845732 -54115.500231 1527.362013 3627.561073 -1174.866943 112441.196243 -265283.782778 -186301.307873 999.925489 3496.6856 -1927.108154 112133.858063 -252921.714484 -525535.472383 1211.731138 3291.52833 -774.653931 274695.226707 -294473.790761 -14776.691221 -1870.563707 3442.859831 1267.703857 20896.972301 4035.701914 -370338.476247 -1650.98012 3630.767708 -728.633423 2572.64627 -47929.184797 -494214.076638 -2088.583117 3358.575191 -2.484741 -40062.436885 -44840.773317 -84468.110941 -1764.331865 3013.584633 -782.15332 -400.437147 -98139.56938 -104938.188349 -1427.370195 2834.832382 -1253.875732 -1185.147913 -209226.969116 -387964.759388
2505.905323 3878.960152 1627.832031 369467.243404 -44344.081107 45478.618728 1889.027271 3855.368423 -259.093018 364604.704413 -124358.229623 -2605.368674 1691.69939 3726.625252 -1048.953857 256479.095456 -219995.854495 -141920.996685 1040.733204 3522.278023 -1673.4375 143681.12004 -253734.165201 -399159.162335 1030.664234 3283.582354 -957.300415 113302.675897 -317256.35874 -68503.40017 -1928.253307 3474.302874 2081.502686 4728.511146 6014.901509 -10795.009205 -1769.205761 3834.39949 109.944458 -475.776205 -20551.840971 -168725.957252 -2281.754589 3191.115665 -223.399048 -77947.331391 -71484.480799 -145730.105243 -2061.809978 3238.40147 -1104.268799 -14774.54334 -71181.2811 -203789.75092 -1508.716106 3046.139984 -849.779053 -4199.873381 -164108.981067 -243346.916943
2490.424433 3875.537949 1658.886719 358872.128465 -47823.016941 56571.322872 1897.680597 3857.044487 -235.079346 402989.361793 -123219.357316 -1406.11349 1757.268305 3724.450626 -1036.088867 333918.618514 -221229.083832 -142252.347896 1186.434183 3484.00136 -1722.544556 242395.885458 -272170.012328 -432474.487931 1173.518686 3226.835327 -1032.714844 267320.970833 -355625.804937 -103148.445358 -1941.862707 3475.685396 2042.330322 4181.022529 6835.191733 -18988.677491 -1762.63236 3829.562263 72.103882 -69.183491 -21134.631799 -184310.970116 -2268.091497 3194.255619 -285.635986 -71622.802664 -70986.475601 -167764.777196 -2042.365637 3255.567341 -1163.842163 -12137.024965 -69026.575507 -228618.118747 -1491.617956 3082.323761 -913.864136 -2546.830386 -155851.879701 -270442.865957
2509.678116 3773.987503 1688.748169 458961.7606 -164237.799762 78826.452472 2010.90538 3981.596146 -181.027832 691664.75482 -46741.173032 1144.427158 2101.577225 3878.804855 -977.346191 829535.613688 -125938.460019 -118432.64993 1479.398575 3224.139042 -1057.684937 510409.381132 -399492.043965 -147231.972728 1329.575043 3307.591124 -733.671265 514580.359024 -285294.384888 -14707.754554 -2082.552567 3257.557201 2109.968872 -36477.620644 -324534.48483 -8848.884952 -2040.536423 3875.462761 238.90564 -41305.900973 -13154.01875 -136189.259635 -1801.929855 3711.180592 -581.468506 -2221.478586 -12432.549838 -268270.925701 -1439.742661 3174.649162 -1194.068604 13559.759033 -76022.275867 -239102.217801 -1562.323074 3430.298834 -254.960327 -6098.543899 -83260.542952 -85983.323554
2386.547184 3803.0336 1383.521118 206321.92143 -98685.473989 -27121.783884 1877.098789 3904.727936 -491.523438 441250.940741 -77283.244892 -148357.217134 1996.317844 3606.825314 -1232.84668 698832.137394 -274757.483799 -242179.088565 1636.439762 3004.066734 -659.414062 714206.047958 -535824.73246 -50113.583896 1549.016361 3245.757656 6.176758 1004405.620196 -319894.310938 133782.352621 -2085.947323 3215.041695 2289.486694 -21934.500591 -471562.265249 216.740957 -2053.604641 3958.308029 465.033569 -37953.301756 -5739.423767 -84780.477357 -1655.263882 3507.700834 -163.267212 973.09944 -27994.634201 -135551.8051 -1158.677807 3392.850671 -894.061279 52190.919823 -49505.100258 -146840.771217 -1209.503841 3548.918781 -164.37561 12191.325751 -63783.283273 -70494.769211
2392.699733 3787.645111 1451.080322 245073.944654 -115371.999909 -3538.477682 1868.196712 3816.290359 -418.028564 447366.403821 -124509.505574 -78446.080191 1986.013331 3557.967644 -1172.427979 701303.09617 -305025.465988 -206664.21002 1547.26089 3155.726376 -491.369629 623235.002625 -433179.930366 -23056.750761 1626.64474 3154.12571 133.920898 1224970.747022 -379717.538926 207573.959773 -2021.878209 3224.738102 2348.812256 48.094219 -405560.551919 3273.321294 -1829.926457 4114.849167 606.289062 -395.047323 -42.534099 -56548.587646 -1342.540441 3430.44848 823.775024 32336.401528 -35322.124008 -12.199622 -663.375554 3520.090189 257.069092 171749.396072 -36625.778792 1535.705607 -982.834783 3604.398899 1131.134033 52730.438419 -55392.466162 33294.07782
2390.04282 3770.658646 1498.109131 278353.62058 -156363.134872 -174.180657 1845.782719 3719.632149 -366.603394 436449.831205 -197752.745447 -53597.358876 1820.688267 3630.479431 -1168.02063 490289.546069 -259521.884529 -211694.31005 1687.718143 3215.865002 -374.317627 815200.515781 -400056.459481 -11997.34735 1543.255253 3155.768166 95.081787 1059430.318491 -382633.010571 176534.650227 -2001.847591 3265.816402 2324.227295 6823.594866 -267123.377828 1041.733744 -1658.360195 3948.692436 510.977783 14445.408654 -6426.728946 -76884.104369 -975.737514 3628.724346 79.477539 126429.473477 -17676.328388 -79421.89738 -292.133503 3741.265068 -478.944702 310025.021634 -19789.098391 -54980.371566 -658.305874 3797.779579 85.439453 160258.101245 -33122.473998 -33168.581084
2399.535308 3762.760429 1549.698486 295596.165459 -163470.749259 2529.751471 1854.946074 3763.001213 -315.415039 450282.757032 -161549.066926 -30030.261249 1825.707335 3678.260193 -1117.089233 493722.659762 -226616.378927 -189595.728312 1630.340667 3262.996168 -336.849365 739345.563091 -369990.838187 -9379.578368 1503.809447 3304.593592 174.678345 961248.880196 -279941.624499 219804.318676 -1993.773255 3266.470261 2321.234131 8880.525396 -250095.381328 680.30045 -1643.095918 3936.337357 504.7229 16837.844955 -6993.199084 -79485.581607 -954.435639 3614.230061 84.735718 132667.095449 -18459.907664 -79711.589943 -263.086514 3735.536499 -462.053833 321011.349765 -19884.760305 -53243.900149 -632.391191 3810.320473 82.041626 169814.637081 -31404.211287 -34440.367434
2398.899603 3763.23555 1550.037231 292049.964688 -162455.624018 2594.187366 1853.631659 3764.488411 -314.863892 445928.931113 -160452.181356 -29730.665846 1822.850409 3681.068592 -1116.61438 488963.814518 -224882.961276 -189311.135423 1626.237402 3265.087967 -337.075806 733271.994199 -368771.912196 -9388.73063 1496.715918 3306.878147 172.623901 943228.351354 -278508.404798 218590.398313 -1993.42309 3266.844034 2320.007935 8704.221439 -248707.814911 643.502558 -1642.905359 3935.077591 502.878418 16718.518384 -7081.191042 -79837.977098 -956.019602 3610.606079 81.818237 131869.563929 -18739.333378 -80293.95322 -265.70281 3728.278885 -467.056274 319588.996399 -20366.87565 -54070.338411 -634.465876 3803.760605 78.152466 168628.312909 -32064.985565 -34924.308949
2511.99316 3653.426342 1732.260742 457822.649073 -397463.985662 114707.393611 1844.458981 3982.861366 -39.356079 328167.212134 -35729.567653 46548.363013 1297.328548 3534.338169 -408.109741 26883.940051 -310448.041439 -799.430076 911.623974 4030.867233 229.212646 92169.24957 -56732.09063 21038.698143 751.219311 3848.390617 -248.446045 1489.244401 -40452.015222 40334.997062 -1997.535801 3189.569588 2218.190918 -527.729154 -492512.587637 -688.391045 -1884.91785 3954.02462 432.199097 -8041.000892 -4703.982972 -90185.460398 -2166.317234 3813.574715 1231.575928 -46309.945213 -5473.099735 21417.403446 -1798.086796 3553.940563 475.692139 -253.799814 -32273.036473 14195.189551 -1029.070683 3383.206787 302.398071 34983.512572 -86252.215762 -10483.005291
2541.653509 3636.182747 1965.617065 401059.988664 -501388.39689 472037.763019 1756.501837 3984.876289 231.188965 132176.101726 -40025.518747 344177.548914 1152.600546 3475.266752 85.130615 -230.118751 -365111.75196 64504.504084 561.77928 3932.219086 590.335693 271.627191 -84927.95089 89481.52918 741.467314 3724.305687 -16.578979 -890.083491 -79529.947982 132748.404238 -1928.680506 3267.892056 1992.714233 320.758747 -235042.095593 -26401.882692 -1819.206934 3962.895622 163.308716 -5949.133502 -5029.717008 -154009.246974 -2037.737665 3792.619896 982.981567 -31926.869909 -7064.717023 3595.835817 -1785.125513 3555.569782 167.147827 -845.664437 -33354.774021 130.040555 -1336.472406 3159.256821 -196.188965 81.498319 -130627.492708 -72551.546732
2574.747181 3643.271637 2047.609863 390523.219573 -503065.39854 658679.983628 1689.073505 3918.740578 313.00354 41647.247382 -70864.056036 492319.18764 1047.00449 3417.649012 372.705078 -21595.92376 -417380.963337 174458.648564 319.995918 3850.323982 724.87915 -33910.151396 -111280.215716 127485.367094 621.253643 3700.291786 220.585327 -45474.739879 -90281.131469 277417.416493 -1933.602123 3292.56073 2023.187256 -4519.837583 -182195.711835 -19318.692916 -1747.512798 3920.105171 141.886597 -2623.07946 -8556.875857 -158361.372731 -2323.340435 3808.224564 796.921997 -106466.157336 -6684.332882 -36.594395 -1926.783581 3710.682888 -5.93811 -8932.804886 -21879.220205 -2449.313586 -1509.684887 3265.449018 -458.491821 -9200.155282 -111146.988606 -127781.141874
2537.76516 3697.102299 2000.194702 243930.802954 -451539.053223 610744.699022 1658.949089 3788.446693 238.278198 15853.014929 -174571.575373 407186.893991 864.875679 3606.727695 160.380859 -112168.307873 -302047.762985 98533.328484 189.420134 3778.733635 758.202515 -86013.123132 -148647.292981 145560.378761 516.476936 3657.79356 263.253784 -129692.42999 -121034.7204 327881.070369 -1871.524849 3375.304127 1960.825806 278.337102 -76957.963208 -26324.294557 -1712.408485 3989.526443 68.366089 -1657.477053 -6292.042216 -172243.78229 -2176.237221 3862.506828 806.650391 -72111.959507 -5975.11083 50.475904 -1876.14872 3801.911926 -42.440796 -6994.416441 -18373.30215 -2838.410119 -1442.764778 3449.536898 -543.841553 -5321.735121 -85290.4815 -142760.674982
2527.29063 3708.302364 1874.13208 263899.557963 -383013.620036 356391.3729 1733.636608 3774.769554 72.76062 72701.723464 -177052.277038 172907.013837 944.710217 3594.644203 190.22522 -59157.230361 -303249.380421 107597.597554 290.9373 3741.581783 817.086182 -42565.504497 -158535.182593 163142.094365 761.841412 3838.685532 -81.956787 -2604.002869 -55752.80435 115082.272367 -1901.13039 3352.797008 2057.514648 -20.015192 -101457.468285 -10628.155315 -1840.514698 4429.897537 379.940796 -14776.182343 12963.153256 -92656.84064 -2212.513905 3767.178192 824.464111 -76362.505446 -10313.078297 143.662454 -1912.368488 3925.975533 -11.099854 -8074.656895 -10798.057963 -1891.390231 -1341.09026 3430.873543 -138.428955 -156.953276 -86671.383523 -57571.891164
2485.603065 3715.43787 1695.778809 363791.118401 -320861.060658 89271.553617 1777.989082 3635.101376 -133.38562 213269.25225 -284495.591594 10732.654015 1044.231606 3577.362213 216.462402 -5764.942845 -305443.891498 105258.823562 412.544556 3566.535082 877.617188 -3627.403349 -224654.608676 172539.764556 1070.937157 3367.169247 -550.74707 163980.382519 -253399.881941 21.255858 -1988.050194 3344.041767 2142.229004 -258.139054 -90078.666533 -4857.134099 -1666.678276 3775.559311 228.673706 4605.22553 -25758.94896 -137390.789251 -1392.840233 3945.088463 1044.891357 18535.457188 -2181.571175 6540.959606 -1482.419395 3965.358543 150.724487 9521.026108 -8337.569068 13.100299 -840.498314 3463.720942 -27.918091 77407.619463 -78978.174226 -45439.991755
2487.113743 3741.412506 1606.713867 407439.243948 -256803.454518 22951.687938 1861.596928 3747.421494 -254.665527 373596.54025 -188465.302168 -5592.381345 1802.14838 3709.8703 557.556152 407710.401471 -219761.767167 256136.673738 904.928074 3742.270775 733.266602 92712.01515 -153634.909063 122297.637194 1339.439716 3400.510019 -530.325928 540220.433586 -235131.154087 65.941766 -2036.538448 3336.980996 2229.425049 -7460.593976 -108810.915262 -550.636305 -1717.572384 3920.251617 355.300903 1639.587311 -9844.231822 -109233.268107 -859.030285 4020.197182 508.47168 149750.857332 -663.081388 -14763.080787 -908.512325 3807.580032 -363.853149 98065.588025 -16599.128079 -35949.124025 -817.636623 3743.094711 234.711914 88007.849737 -40842.038978 -16395.939126
2570.968704 3691.973953 1791.518555 722085.685636 -400282.277198 151656.752017 1978.159103 3800.48027 -65.187378 646984.987971 -150610.402641 22938.794482 1874.014206 3988.600655 716.204224 509747.4151 -84773.024251 342653.049843 1012.761383 3730.200062 852.323608 151395.709843 -158783.882234 153632.495635 1868.527603 3433.129206 1014.395752 1861397.139709 -217962.026929 1056702.361947 -2026.742477 3315.439205 2283.776855 -2179.808405 -167143.998127 0.755149 -1578.908463 3944.113388 463.927002 22689.403645 -8053.677138 -88381.1057 -741.947021 4058.327637 682.802734 198026.369023 -236.033229 -4041.003929 -729.743652 3811.648636 -176.305542 146108.133259 -16458.932437 -16176.828061 -629.85199 3832.440224 536.485596 156279.981732 -31397.077906 -893.999135
2570.327764 3676.782551 1812.458496 695628.788226 -406670.144185 172326.259234 1916.366429 3758.354568 -28.974609 490207.431868 -171469.837012 38099.591677 1914.458623 3962.704811 756.880493 555859.710725 -89600.760834 367840.942096 1023.616796 3780.117493 814.293823 153955.290773 -135980.941897 140750.538043 1611.44959 3447.813234 947.685547 1116516.651281 -203039.77571 963543.015528 -2004.197383 3301.562214 2345.0354 -183.618178 -169172.890271 1475.304645 -1464.461665 3929.730568 545.940552 53330.636725 -8148.997343 -72219.462737 -622.097163 4081.974869 723.775024 246995.964614 -23.597802 -2455.052425 -552.164493 3791.534424 -120.552979 198060.83605 -16882.240692 -11633.596271 -510.643306 3822.100449 578.465576 204070.091758 -31114.867087 -269.275904
2567.189903 3673.984146 1901.159058 664778.379334 -480138.615118 284641.936762 1937.091637 3791.3451 60.958862 524185.195381 -161696.977126 93843.890571 1260.691719 4030.432358 434.877319 18426.061285 -72091.953158 180017.633205 1175.211449 3841.724739 -448.991699 247854.519638 -121787.805201 -21588.53678 1218.775444 3365.940223 971.638184 350404.748874 -260026.585239 988641.434775 -1898.541298 3342.877059 2316.570435 36709.166325 -114142.456281 288.553076 -1431.747475 3956.696663 500.199585 63209.856065 -7592.534689 -82361.905576 -599.720497 4162.632599 655.424805 254905.506744 157.804945 -5841.707407 -642.678947 3750.035057 -134.619141 168075.01026 -20828.074616 -13175.244914 -1054.513206 3744.284096 67.929688 31469.136315 -41657.529192 -37522.083441
2576.936207 3621.090374 2015.817261 458570.527901 -629252.872123 514682.524035 1788.666401 3842.75856 241.405029 150920.660652 -119106.002367 316387.563971 1018.412037 3976.613884 458.344116 -23733.049282 -87172.839719 198906.67613 1181.78606 3773.94455 -414.084473 203910.617811 -140789.598327 -15923.646675 688.943501 3897.926254 548.55835 -12042.005689 -36848.511543 521726.648924 -1866.998577 3344.53526 2396.549683 12407.966217 -84791.044529 6122.017543 -1567.017498 4046.880646 570.880127 9673.865457 -1874.636918 -65509.526448 -763.990154 4196.201248 261.038208 157795.78468 655.511544 -46421.699248 -570.601864 3684.221764 -447.004395 168446.063996 -24635.409023 -49765.312579 -684.955807 3892.883377 218.216553 106711.654969 -25095.437405 -18684.266023
2495.33268 3632.614708 2179.362183 170244.497231 -644072.844815 924588.55794 1645.003242 3941.447525 437.470703 13108.882607 -73055.890897 690348.326223 871.471138 4123.073883 618.358154 -104205.174738 -44578.409297 291940.597072 1063.232384 3759.386559 -198.432007 116072.425282 -151547.223788 -1129.784018 524.028282 3955.390816 714.16748 -118150.528036 -27995.448198 703874.238264 -1851.840935 3410.313072 2260.049438 4912.799541 -14414.512591 -11.808936 -1592.498436 4223.636856 465.048218 2824.884671 670.717021 -84538.119329 -1033.742485 3931.948738 -145.338745 66318.487758 -2939.281853 -130448.62964 -461.339226 3769.469376 -819.017944 191412.048525 -19739.715732 -126316.0915 -817.446251 4067.148438 -246.90979 58938.562133 -12819.559398 -86144.932624
2340.550709 3707.278214 2002.363281 618.228933 -266844.096283 499656.116687 1443.096485 4059.587555 289.58313 -48395.946495 -16117.506371 401068.203789 807.860928 4284.141083 749.938965 -157705.743348 -6588.418025 374362.607616 1182.477894 3533.164921 383.64563 171856.972562 -226864.50281 41897.280064 502.531452 4233.473816 729.834595 -150802.140232 380.248729 717865.593836 -1810.15028 3344.08371 2341.403809 14670.928367 -41447.923784 2180.607535 -1507.145824 4181.860809 561.542969 10845.642335 666.619707 -66128.61082 -1520.985088 3815.981064 -237.148438 718.284561 -5692.885868 -156854.573248 -806.998501 3840.0774 -784.634399 92810.281216 -13018.317577 -118368.762203 -812.483425 3701.651993 -288.658447 56128.738807 -42150.461112 -95466.523129
2335.114775 3724.861946 1633.64563 13063.667934 -206465.517677 43643.440554 1545.400724 3961.737518 -123.963013 29.027775 -43203.269553 12996.358716 897.067289 4342.047958 167.008667 -74489.265698 -1528.600044 87648.923097 680.072851 3660.86422 721.019287 7247.25643 -170151.425516 122715.034745 598.066092 4255.879211 -178.267212 -50258.26115 1375.760897 63600.425 -1845.740175 3256.050854 2276.472778 19682.968683 -226520.881928 240.73631 -1655.997438 4158.387146 540.167236 729.576215 363.174097 -67064.575661 -1750.321474 3882.546654 -277.240601 -3318.295083 -2942.842459 -163832.903599 -887.109957 3886.141701 -489.831543 85128.536063 -10291.73037 -53156.812232 -951.920977 3663.625107 -281.119995 35991.898962 -45765.40075 -90458.107439
2501.664 3630.132732 2125.521851 243479.402324 -506042.500353 791473.548342 1750.780516 4098.94577 391.572266 103271.98199 -8736.902976 600204.88716 1181.603422 4096.727905 -182.301025 -73.215859 -41075.195336 9159.135474 669.358244 4014.910736 561.705933 6117.745654 -62615.140967 78702.859721 950.282774 4048.854675 -362.432861 35555.91236 -8025.766607 15011.233556 -1883.010073 3252.16032 2155.289917 4423.198219 -272643.431743 -4729.035259 -1739.347963 4169.505234 416.154175 -1160.001826 386.028439 -94436.251344 -1608.629732 3966.250534 -419.899902 60.505253 -1097.583215 -212365.380378 -1582.102175 3683.62175 -1265.011597 1394.785268 -22919.716246 -267297.046007 -1260.682802 3835.895233 -512.981567 1294.441124 -28131.092726 -147461.146834
2505.746717 3647.603455 2085.192261 257690.6866 -463713.312246 696760.414413 1755.587873 4108.474655 347.220459 110273.506643 -8011.621926 516464.177351 1217.18852 4135.520172 -255.805664 697.445544 -32786.512633 3085.68014 670.606833 4096.196976 467.748413 6511.854698 -45937.684208 58787.397313 1019.908171 4144.116135 -499.470215 74234.801462 -1361.824133 1027.157 -1880.908251 3253.681574 2176.09436 5666.507542 -285503.026443 -2967.993664 -1747.518663 4175.900192 437.097168 -1481.966142 407.941989 -89540.52472 -1621.646471 3963.790932 -398.157349 7.973889 -1245.4942 -204591.156496 -1608.660479 3662.72665 -1237.883301 807.336901 -24810.010591 -256623.075959 -1285.183153 3820.652275 -488.416138 616.629655 -30105.664468 -140665.900022
2459.565115 3704.868183 1975.330811 195781.649498 -314277.576369 512198.053649 1753.234701 4196.608429 218.432007 126058.963965 -320.445109 340794.707537 1413.654318 4127.756119 -516.18103 50316.198198 -36632.09343 -5669.239107 626.065893 4397.211151 -144.951782 3736.342251 -5836.597355 0.594385 1147.402334 4254.849854 -690.38208 195082.472656 526.197861 -6123.05868 -1907.755136 3271.23723 2172.034912 3128.031166 -253075.703756 -1651.75849 -1780.707407 4196.031342 424.599609 -2524.643719 637.710229 -86733.125341 -1521.478281 3970.456085 -379.60083 3207.757401 -1279.37934 -190190.26621 -1561.746683 3582.845993 -1186.282959 2702.236551 -31779.826887 -228878.9863 -1217.25831 3659.981632 -361.610107 4549.978057 -49087.123695 -104086.927303
2443.165646 3719.635544 1919.683228 171525.386222 -267604.309166 405000.729165 1767.551479 4189.495544 142.810669 146603.700568 -472.611889 234558.590052 1452.13232 4169.627075 -606.223145 69439.209701 -26479.320419 -15809.400669 645.207157 4402.65686 -250.101929 6037.819264 -5255.535281 -1823.782927 1147.910137 4291.059341 -728.137207 199634.111127 2093.679724 -10763.923831 -1871.396732 3348.652205 2068.294067 19055.786804 -53363.935263 -11558.312003 -1766.271 4356.598511 363.833008 -1342.916091 9078.675729 -100211.54317 -1529.050541 4019.227867 -408.273315 3019.007013 -442.410383 -199626.664187 -1585.430851 3577.175446 -1186.411133 1999.939697 -32018.146748 -229083.312133 -1238.617649 3667.368221 -343.4198 3447.761918 -47807.929866 -100188.405411
2413.239622 3755.13855 1849.30542 126808.385598 -181749.841633 287104.515403 1741.417265 4218.544693 58.765259 122085.097847 32.025987 139423.653117 1239.390516 4220.409546 -585.739136 4978.072476 -16694.087538 -13170.078533 1481.679106 4258.812103 297.572632 466731.559372 -19484.40289 33282.768763 1011.104689 4370.359344 -816.697388 85241.790058 8642.891629 -26691.758692 -1865.507631 3376.854378 2093.001709 25198.792776 -16995.153116 -8494.083807 -1700.968447 4314.880829 342.628174 225.189369 6090.116926 -105292.235133 -1490.421114 4091.681595 -481.756592 5562.074249 0.005969 -224722.433343 -1658.780489 3656.22839 -1252.478638 375.796381 -25595.504092 -253023.298609 -1151.499605 3687.566833 -412.697144 10894.630664 -45150.353602 -116027.054344
2348.834124 3807.953796 1796.884766 75626.918144 -108547.83563 198855.786414 1665.472918 4262.731705 -11.297607 76658.794478 1105.478931 71378.45927 1345.706987 4254.58725 -771.151123 38168.826108 -13434.442467 -50328.155878 1000.812731 4590.043869 19.032593 127750.883857 103.656917 3989.076612 1007.772036 4522.04216 -793.370972 103305.092286 30191.116776 -24110.856517 -1865.801954 3479.233718 2096.405029 46824.713135 29291.822873 -9440.006074 -1616.232252 4576.877213 430.064697 9826.164131 34063.240542 -88219.580668 -1389.303389 4006.945763 -211.549683 17941.044281 -781.446276 -143650.949005 -691.133146 3695.625706 -704.040527 147958.183559 -23678.598011 -94281.441106 -742.962828 3983.240967 -89.896851 104195.207579 -17490.264273 -54496.523346
2316.069565 3886.353645 1731.278687 33788.074089 -35196.049248 138674.22739 1625.421829 4375.610886 -74.789429 41623.711959 13441.612528 40760.567194 1347.102509 4413.773804 -853.759766 35971.95668 -735.147327 -69075.66904 1097.431564 4740.02121 -20.285645 177713.415559 5054.144777 2762.184596 892.583847 4615.90744 -583.462524 31691.423841 46870.595904 -37.845716 -1764.175186 3555.584822 2039.078979 166758.778992 129392.438762 -15685.944615 -1462.286148 4507.682724 283.522339 43194.536949 21322.807909 -118974.089645 -1084.400711 4097.575073 -412.164307 72944.400268 -63.947219 -200384.813241 -606.841278 3840.877457 -1147.198486 170393.972232 -15519.891864 -215061.363531 -494.838371 4215.190582 -360.909424 196254.758455 -5213.375006 -103682.423781
2287.454395 3886.201935 1660.380859 28981.409595 -32648.89431 63581.047231 1648.356953 4359.245148 -154.174805 74919.187343 10797.566017 6329.265508 1322.727451 4435.158997 -905.645142 35355.525486 -132.2198 -89789.676581 1116.661777 4791.740723 -79.664307 204027.794138 9382.4988 495.975059 1072.996922 4591.600342 -1045.808105 172379.803547 41625.297634 -105070.793643 -1757.182751 3545.209131 2085.550537 219751.986208 111945.331139 -10925.628325 -1431.770611 4627.100449 427.70813 61149.946076 39391.143817 -88858.570171 -1048.207836 4104.153061 -175.36438 88212.455155 -27.798961 -133930.604012 -500.639591 3818.971786 -840.097656 211617.812956 -16650.281836 -127382.699707 -322.835064 4126.840668 160.306396 291879.437617 -9308.020238 -21785.460543
2253.646622 3883.487473 1528.634644 5153.732255 -27290.557366 4886.934962 1582.559433 4381.038589 -267.970581 25009.898584 17306.595827 -4301.169628 1327.851639 4490.973282 -1042.369385 33771.181078 904.516232 -140104.197897 638.677406 4958.450012 -644.18335 10090.79676 32283.810315 -43675.934544 909.003525 4661.142578 -907.299805 45050.608689 62465.084301 -52837.161781 -1692.547226 3562.033367 1955.881958 337365.450309 178228.861788 -34579.183048 -1247.961807 4537.815857 260.029297 141795.305263 26918.876673 -127806.161556 -812.218399 3894.807129 -165.568237 160479.819318 -3902.755015 -130574.513999 -276.230278 3770.532951 -887.014771 290235.72781 -19130.48445 -139133.526429 -395.952606 4209.789047 -471.505127 248860.511967 -4946.989038 -132468.366782
2279.327078 3886.745224 1457.878418 6939.247463 -4143.762595 120.259107 1517.113638 4400.343094 -323.529663 702.02193 33391.979748 -10048.948407 1355.557928 4570.51033 -1121.987915 36235.460416 11083.92236 -161999.488175 583.424788 4955.396423 -1479.464111 2100.665863 38423.655973 -292573.409438 896.036367 4820.474091 -947.1875 29946.943521 133293.484189 -56215.117879 -1717.025156 3554.201527 1901.661377 238982.324808 274087.162322 -40848.23495 -885.275583 4357.636719 233.361816 397654.103973 10613.271729 -127193.884101 -234.483347 3816.647873 -61.158447 429927.110796 -5478.256315 -97584.047445 -109.874868 3746.44783 -967.88147 350680.233389 -18252.608029 -153591.246625 -53.741674 4060.358047 -574.839478 435043.991059 -10422.338093 -151721.158233
2285.691423 3865.32814 1420.368042 11298.627609 -6982.554656 -3356.78466 1500.815477 4428.931351 -320.325928 54.41405 48667.215278 -12268.486043 1400.35985 4635.399628 -1114.356689 55385.308193 24219.603996 -163626.913598 588.676119 4973.326569 -1409.770508 2740.95575 44473.136794 -267123.649723 1140.274935 4726.800385 -1290.580444 214188.521669 101319.919412 -224441.812865 -1740.416365 3515.994864 1810.193481 201496.409945 193747.283986 -71838.46864 -800.01071 4362.398529 240.505371 485447.132006 12298.124299 -128251.174937 -126.56291 3810.391998 56.618652 499624.250234 -5171.589357 -74692.095109 -18.678026 3748.038826 -846.516724 393148.932886 -17298.570502 -123722.902418 24.316254 4061.445007 -586.204224 490680.790788 -9586.363099 -157841.260583
2342.325621 3821.133232 1338.051147 42044.147075 -10043.946179 -17570.385275 1529.405394 4462.397308 -376.791382 978.838143 80780.049286 -21315.204643 1428.63101 4624.591675 -1186.2323 62253.894901 29823.582392 -183285.304266 893.080931 5034.901733 -1831.034546 68771.852237 66328.015739 -459841.774812 1121.907759 4693.48877 -1319.348755 181650.401447 102855.327209 -223969.705195 -1737.780275 3462.496099 1678.048706 183017.407983 148740.088969 -111481.276173 -629.067202 4309.845276 205.726929 662686.456868 10901.988974 -129612.862524 15.005865 3698.666306 89.589233 586330.908152 -8672.961654 -62686.099873 48.844295 3645.224648 -825.541382 418635.333026 -21582.672961 -111106.353526 116.750247 3884.730721 -643.400269 547893.532971 -18908.655527 -165497.236647
2354.719028 3868.922234 1381.873169 40607.776015 -1921.889505 -4050.793351 1557.289371 4571.18927 -320.539551 2766.666463 129258.928315 -4355.452229 1310.805531 4761.049042 -1093.432617 16267.154908 59661.864537 -139608.034615 908.355732 5060.048523 -1882.564087 69270.992627 66395.446419 -486222.256857 1107.567234 4774.158783 -1319.522705 154566.939276 124835.630741 -220969.406009 -1640.620937 3510.850449 1630.421753 357134.765829 216492.006895 -130524.551299 -661.129818 4202.121811 -10.501099 608216.45032 2264.572022 -190217.136437 -30.564938 3627.155209 -287.2052 545335.374304 -14555.778168 -149620.707711 -27.183514 3720.304565 -1201.439819 377028.583419 -18250.905487 -219616.936415 43.882036 3879.925957 -918.466187 485545.546905 -21299.842569 -249726.649003
2353.193178 3864.426651 1393.85498 40389.875737 -1343.832006 -2504.065894 1556.418886 4572.830353 -305.327148 2834.028817 135168.188891 -2419.179291 1304.894991 4761.169586 -1076.589966 15193.796082 62045.984252 -133638.642482 906.046801 5058.426361 -1867.741699 68883.914221 67809.778913 -479090.198582 1091.7278 4777.04895 -1293.387451 141488.652217 129127.493322 -206301.724259 -1636.243467 3510.23798 1659.024658 371083.781323 238483.912486 -118636.841511 -653.890562 4210.825195 24.832153 618131.684023 2969.737694 -179994.383682 -52.534838 3626.513329 -293.035889 531438.590863 -14092.895288 -151952.956732 -52.05945 3726.120911 -1206.207886 366481.423671 -17419.416266 -222058.530353 4.178734 3910.042686 -926.673584 459160.006344 -18299.295212 -253370.624916
2329.491043 3864.2873 1485.22644 31484.640556 -4199.533365 3765.158458 1592.860794 4714.823303 -160.064087 16729.522208 235153.729414 15459.63896 1374.780045 4873.744354 -942.366333 40098.944291 98619.41094 -88651.001553 956.386261 4986.240997 -1763.710938 95040.263609 48866.247043 -428367.090279 957.96669 4803.50235 -1155.797119 55425.537269 135569.303078 -137460.300703 -1637.221451 3535.423126 1644.868774 402341.266241 286666.513365 -130731.235955 -856.574326 4519.287338 64.729614 416765.422201 33068.968394 -171728.000615 -872.062225 4146.541901 873.889771 129503.035936 704.298793 1138.582976 -929.830856 4207.552109 -34.996948 83176.888998 -456.346321 -2362.504758 -584.344788 3836.256714 -662.665405 152226.972583 -25428.923941 -173774.96364
2347.808819 3763.367195 1510.282593 88285.369239 -106602.919556 10801.617513 1554.249249 4841.761017 123.703613 15183.435524 352750.602705 251960.089939 1648.713665 5613.505096 313.103638 236009.049188 616143.234104 163892.413919 845.474224 5498.340302 697.706299 64178.858508 211436.400489 130257.991953 1040.28471 5191.061859 -114.546509 138397.592074 349864.636405 107230.38825 -1729.856434 3376.320717 1788.451538 266140.620936 -506.277232 -70847.934653 -1231.621113 4092.580185 42.409668 154265.279813 -11.33972 -176917.846059 -1416.095448 3625.102711 -657.4823 16034.277026 -15352.228831 -276960.867523 -1602.514973 3223.438826 -1421.026611 2964.258505 -64621.921182 -305047.013201 -1144.62328 3482.48374 -855.952148 16250.718851 -68430.270508 -231941.704574
2352.040253 3775.050774 1430.648193 80245.152867 -108978.42733 339.998211 1576.090698 4908.158875 77.965698 19822.895791 411786.440376 218255.117401 1599.58786 5392.800903 714.394531 185550.283798 403189.49306 408535.157617 1236.60408 5788.762817 1434.075928 278320.066199 348681.481185 451505.682587 1008.871765 5337.533417 371.002808 104473.612888 448102.378017 441216.428783 -1693.670807 3398.242412 1507.487793 323304.338099 52.160324 -188527.207645 -1355.691223 3945.350723 -335.578003 85814.061592 -5198.839255 -302390.019891 -1889.962769 3471.968775 -818.257446 -9039.364678 -29372.113099 -334360.545209 -1844.981537 3186.116676 -1652.197876 -1463.572672 -70801.456346 -396459.438499 -1347.37442 3329.854779 -1316.032715 440.352418 -95309.237849 -401032.710017
2355.098596 3793.856697 1384.238892 109763.141446 -87154.61349 -4062.659358 1579.293542 4875.726013 -18.846436 30107.519322 370221.201595 105789.924379 1517.860131 5337.551575 635.183716 138341.307013 355905.503224 346300.095767 1293.364587 5805.765381 1371.613159 338179.480022 355608.15517 411383.889863 967.763772 5257.489319 359.366455 87877.562832 384310.042717 420733.200603 -1795.210547 3406.363907 1604.540405 158786.305078 364.725832 -143983.305893 -1534.51551 3952.827377 -258.170166 30153.21347 -5023.701252 -276931.805607 -1997.770057 3546.803474 -864.873047 -18526.170942 -22902.200901 -359582.185104 -2178.750434 3176.85112 -1648.999634 -23707.264118 -72550.677227 -400394.367278 -1824.662147 3359.444731 -1109.812012 -43446.535118 -90976.358389 -320784.843204
2365.770531 3801.282616 1412.991943 112777.066676 -70839.171948 -898.929742 1581.001091 4898.65799 20.679932 26521.779695 400656.579637 137321.516966 1572.862511 5378.360138 666.959229 172075.458211 391330.133828 364177.954521 1399.531517 5869.884644 1404.621582 424770.857434 395157.269838 426380.625904 1025.503349 5322.974548 500.809937 125144.65284 436606.607272 547273.446829 -1803.719368 3408.539276 1588.935547 132069.021927 1709.999446 -154125.077969 -1549.875221 3947.990952 -281.610718 24273.422918 -5050.91785 -287768.769436 -2044.0839 3583.723354 -893.284912 -26013.524694 -19471.455022 -374374.2768 -2264.540291 3258.702993 -1689.487915 -35573.073693 -62030.88864 -421603.293838 -1789.898415 3422.913795 -1214.255981 -38181.519378 -79711.161049 -364788.107043
2365.346136 3793.393059 1411.724854 111581.627604 -69975.280846 -1440.072007 1572.842932 4880.380554 19.400024 22444.061043 389683.983347 131901.478669 1538.440161 5369.830475 656.040039 146401.143972 391347.519167 353965.344248 1296.121664 5844.147186 1383.928223 332938.196342 385039.999958 413011.959493 971.642752 5290.272522 262.280884 84340.226894 418154.173845 333726.649414 -1777.385798 3415.96467 1574.552002 173397.460405 9123.244181 -163719.445697 -1521.412745 3923.535881 -301.752319 31210.394277 -6066.176277 -297321.241827 -2056.754541 3551.482315 -870.939941 -27974.353778 -21404.881447 -366347.169563 -2411.449518 3196.065292 -1601.594238 -58858.870316 -68532.133931 -382968.736978 -1658.581781 3361.781908 -1265.065308 -16890.171308 -88375.193964 -388074.870184
2368.376932 3813.721542 1390.996704 109979.07877 -56087.629003 -4817.626135 1544.02894 4877.885284 -13.341675 9891.504873 376837.342069 101359.202065 1640.255289 5390.814362 603.02124 223789.910864 400967.226748 318709.353093 1379.05427 5809.669342 1363.060913 401683.436642 359992.631263 401242.939874 1023.384256 5278.414307 -32.799072 119765.991223 402487.806628 144215.581991 -1763.429251 3430.715513 1357.605591 190562.692806 13175.008142 -296840.082158 -1445.25466 3748.694458 -560.264893 52982.08052 -24555.96433 -408269.2547 -1806.768942 3478.75123 -1303.648071 -2989.314006 -28784.299568 -584603.450127 -2092.482443 3262.668419 -2119.250488 -16168.666736 -61627.293472 -653218.702756 -1452.67333 3301.233273 -1602.940674 -847.566045 -100533.84202 -547157.458867
2369.545994 3816.297646 1441.004028 119680.13137 -38209.987267 -2014.005239 1475.566502 4883.538513 57.18811 6.735244 399067.431286 135347.468306 1414.879551 5337.782745 731.079102 72498.320421 370076.826148 381580.142972 1155.821476 5676.899719 1539.898071 227276.075533 296078.916711 479968.727411 869.006901 5311.823883 110.429688 29503.183128 438592.527333 205706.584265 -1697.229519 3490.52906 1504.172974 338922.743602 133824.367519 -222523.343169 -1244.421597 3884.811935 -390.774536 146804.262253 -8513.156745 -347697.705274 -1639.097347 3251.869984 -852.924805 598.159533 -53072.291454 -373563.271498 -1614.316463 3325.225725 -1748.470459 2506.348383 -52982.484692 -469068.631196 -1162.197704 3362.749335 -1484.105835 14071.176533 -87341.215946 -504179.24428
2372.249589 3830.801086 1487.196655 134679.706197 -28278.9941 50.050466 1469.467759 4887.78183 73.842773 11.307802 400022.75833 142387.808955 1594.243455 5254.06189 800.224609 194804.319042 305219.932017 423808.506543 1146.080995 5868.620453 1324.059448 225124.919256 400539.901737 360070.81673 831.079164 5051.094513 20.233765 18270.766099 257967.132002 149822.080445 -1687.340865 3500.847073 1423.274536 379236.040678 151530.536059 -280571.617279 -1091.998839 3957.074471 -438.804932 251242.461399 -3938.180066 -372539.163734 -685.172668 3439.017048 -1031.587524 215512.561011 -31652.281472 -462686.388158 -1319.716964 3282.030258 -1661.491089 25761.163393 -58150.113436 -431122.620979 -851.06317 3542.933865 -1501.046753 76950.29461 -60161.3671 -517142.147628
2368.242073 3830.722466 1543.093262 141646.570313 -16766.05399 4591.979512 1361.347084 4871.778412 168.399658 -22382.385584 399795.204162 234289.688437 1587.331581 5377.151031 785.508423 195818.878366 411573.637446 403969.191227 1081.588326 5866.144257 1394.237061 188267.403265 408529.097088 388900.30698 829.487343 5126.105499 87.473755 20401.229707 314694.649777 179180.20306 -1711.050072 3504.680309 1610.847168 341140.625296 207789.00585 -174413.247169 -926.592903 3852.154198 -220.244141 397057.61404 -10190.471944 -287600.584108 -504.952316 3645.827484 -979.484253 303027.751485 -13075.928876 -443349.325744 -114.274082 3390.574403 -1765.849609 366612.76643 -44895.136235 -489142.808318 -537.434731 3767.769699 -1241.500854 192017.522957 -31282.114145 -402344.379009
2364.88061 3828.597221 1525.83313 134069.537859 -16251.008878 2468.867945 1354.806757 4854.375 143.623047 -26042.48228 383551.084439 209291.758027 1578.531885 5337.678223 778.361206 187752.933043 382061.483423 402073.451367 1033.188944 5816.998596 1359.163208 158573.24493 381166.861307 373344.177529 844.50448 5171.703033 67.021484 25290.719819 347323.998157 170264.055354 -1710.057592 3504.50531 1625.55603 340762.417062 216422.934023 -164285.407696 -922.025595 3864.13311 -200.402222 400261.080996 -8940.469331 -278283.403633 -472.402678 3663.379478 -944.342651 319061.557283 -11772.056658 -424206.781753 -22.105837 3412.246513 -1698.919678 408139.967655 -42474.541938 -453393.420434 -481.23065 3790.337982 -1196.911011 216884.741538 -28769.518004 -381222.323575
2323.396282 3799.943886 1546.797485 87708.690038 -25516.375452 3138.073762 1334.010525 4878.997955 200.305786 -31359.608356 429489.268848 260139.613421 1602.55537 5266.859436 878.077393 216489.143819 339492.534733 463057.231793 956.234798 5753.342285 1330.060425 122762.626934 353680.704823 350761.846795 812.381039 5111.903687 96.410522 17903.945991 317505.533572 177444.852861 -1736.562977 3472.141457 1669.210815 303761.282816 166606.66289 -150454.845766 -754.944248 3995.993271 -9.801636 584545.638077 -984.906545 -216035.8726 -362.682323 3624.765701 -716.127319 384290.641779 -13245.104834 -329046.472025 60.116668 3182.600937 -1390.928345 452750.437769 -65778.056648 -321509.319824 -151.0186 3901.628685 -958.589478 404474.341647 -17838.166933 -292819.976146
2323.994994 3796.63456 1597.512817 83954.037753 -23398.734225 13559.629247 1322.071471 4876.752625 251.899414 -40243.50473 433990.371728 321593.820869 1602.87683 5267.038574 926.468506 213817.994221 344172.99338 494238.873084 992.223067 5742.49054 1441.383667 139742.114641 351001.094159 402979.710406 803.989043 5164.165039 198.430176 14398.228865 357078.895075 234268.313926 -1674.577546 3505.227013 1675.78186 449758.446457 292564.220673 -151144.175536 -664.005265 3982.380829 -7.572021 688133.424427 -1198.473171 -217957.291832 -279.180131 3705.049477 -762.918701 431086.327045 -8178.259728 -352494.296315 88.625698 3381.246791 -1534.0979 465208.547742 -43390.929681 -387058.433209 -50.247979 3883.098946 -907.731934 468710.500109 -18797.489148 -277066.706879
2331.417809 3804.58519 1580.598755 85174.172512 -18568.023903 9539.237968 1320.125618 4869.356995 226.633911 -45592.50113 423932.927019 290307.840174 1637.216148 5228.126068 903.701782 238314.47461 314679.605213 479353.063834 1046.900673 5689.317322 1455.755005 166889.485054 321315.498259 412441.801666 803.956718 5129.884033 166.92688 12626.467819 332754.144109 216606.891098 -1628.282051 3534.00095 1586.434937 565301.230654 402595.973366 -196942.930052 -623.891487 3927.09137 -124.706421 730175.915392 -3458.833388 -257812.67542 -265.777931 3669.758301 -901.097412 435249.041474 -10169.022597 -413552.602996 110.271795 3324.002502 -1659.824219 472817.590801 -49305.101489 -444456.863542 11.204925 3830.492973 -1002.250977 507068.824124 -23222.466117 -310956.566051
2316.136427 3778.116608 1637.579956 85931.111605 -35270.484542 32983.453682 1366.004591 4821.150055 255.049438 -14175.74264 375515.501111 335378.277487 1569.252729 5354.029541 844.379883 193552.996798 416339.827627 436444.178274 1062.856398 5786.110535 1479.819946 186131.456082 378302.78655 426566.378758 853.79405 5100.530701 155.078125 35760.761912 316876.756229 210791.011974 -1650.070086 3545.647316 1683.909302 547236.162143 479817.722392 -144153.383736 -754.368715 4059.154282 -29.422607 591951.477382 0.022614 -223305.371691 -1459.644365 3582.827263 -264.87854 14491.663258 -15397.632384 -167083.03664 -1837.604876 2763.682785 -331.230469 -432.131481 -124320.888767 -32829.321736 -1039.33507 4759.665985 -967.981567 38039.948996 12844.028891 -297040.673468
2301.922131 3758.060112 1569.170532 62244.757839 -44822.21567 8508.290912 1387.393169 4863.684082 223.250732 -8858.68352 435912.728078 296260.097168 1627.848797 5385.559387 803.704834 239578.725774 451710.062397 410684.954894 936.215115 5923.110352 1073.331909 113272.593423 468540.186929 238048.866959 827.650127 5157.47406 197.435913 23292.887726 362689.41131 240916.069607 -1647.1982 3524.442978 1594.006958 540562.347461 430136.036607 -188403.417937 -944.288273 4072.854919 -187.576294 390088.356038 109.249797 -278435.150876 -1518.821735 3592.753277 273.728027 8273.175217 -13995.271434 -43782.906416 -1903.654346 3054.763699 885.332642 -2196.96094 -79337.1849 69926.431516 -1629.393787 3263.123202 97.650757 -10478.897752 -95591.322881 -31223.094261
2332.854476 3721.372337 1609.075317 112950.948017 -90620.288443 27629.47272 1477.633834 4914.696045 341.036987 3050.022694 498931.182495 510600.65616 1395.615401 5164.769592 1102.224731 79155.686451 281685.906408 662871.632181 1323.103271 5972.740479 703.810425 385008.145846 501359.315307 116213.63894 1216.593108 4526.842957 -173.959351 378922.194888 54716.270518 63153.373426 -1764.910417 3460.751486 1699.935913 260123.707292 194659.59847 -128227.025597 -1313.873734 3906.37001 -159.422607 126438.82917 -3688.907073 -263212.180684 -1977.281632 3400.755644 -396.626587 -13358.434526 -29933.611285 -203072.154582 -2550.726151 2733.045197 -517.004395 -79203.659776 -127648.68254 -58818.623368 -1196.187043 3558.032303 -1227.91626 13874.955792 -50729.544549 -394841.487632
2344.376569 3743.399582 1476.524048 133053.655322 -98415.756959 15.908785 1546.949964 4828.595276 97.004395 26592.400295 365658.167202 175328.353463 1409.436994 5373.814545 666.602173 87151.217179 419089.602858 337863.986546 1003.982816 5860.961151 1302.96814 153274.478411 412906.145145 353871.220331 936.80264 5285.842438 166.708374 84148.596482 437702.417656 240567.548943 -1859.174457 3460.756311 1584.790649 102413.256096 121847.503961 -176897.304809 -1627.595935 3784.415703 -326.470947 15246.182751 -15538.052241 -321297.205953 -1840.340075 3506.432056 -1113.966064 -2740.305258 -22680.83883 -500303.453196 -2600.962176 3097.707653 -1297.720947 -89655.382047 -77212.367744 -271251.405841 -2288.528705 3115.184383 -645.452271 -182745.80824 -128777.640081 -178011.363866
2318.349326 3752.99942 1468.330078 133270.227414 -106723.605347 -80.116153 1580.75289 4853.652649 85.897217 64935.086744 376793.467417 162362.705611 1430.077994 5340.963745 695.669556 114600.610095 380399.204212 356319.862527 1153.985922 5858.595428 1367.713623 268708.521593 402530.853841 385801.386555 950.353034 5305.123444 355.970459 113212.155691 441117.124688 379616.966986 -1921.572397 3459.121866 1749.691162 60547.028217 85908.566032 -99468.622189 -1825.19285 3864.509697 -144.086304 -14.704998 -9350.948252 -251471.747177 -2142.868326 3509.651375 -855.316772 -31999.387695 -23694.183724 -375491.839864 -2714.763772 3069.351444 -1353.265381 -109932.528754 -82968.792138 -293145.257368 -2253.151987 3408.013563 -889.951172 -157400.780003 -78308.566931 -256383.635823
2326.311831 3755.071411 1457.246094 125110.101243 -106864.665558 -333.578217 1580.639377 4856.719208 78.953857 55123.365162 377793.131377 159791.694429 1455.645175 5350.822601 689.451294 122621.773587 386514.176136 355173.05177 1207.408404 5877.559052 1365.716553 299750.55478 412642.42847 387079.111509 944.462008 5253.317108 289.285889 98861.373911 400218.932326 330199.62311 -1924.75018 3452.116785 1779.707031 45404.0087 68660.520236 -85990.031224 -1848.145261 3876.287498 -111.600952 -931.48877 -8570.740205 -238287.675737 -2182.633634 3530.503292 -819.971313 -41223.007461 -22079.622244 -357791.408693 -2776.163144 3097.917786 -1299.603882 -128761.937236 -79427.931361 -270625.651469 -2315.101438 3454.283037 -872.060547 -188514.521864 -71447.590505 -248645.972774
2330.714316 3783.180923 1429.870605 142148.807228 -66035.004459 -7733.007007 1591.388907 4836.975555 -5.483398 67742.520104 356668.824883 67953.246507 1453.950553 5316.438293 620.587158 125368.516457 359826.92965 297416.709914 1167.372718 5828.110504 1300.944824 273442.468175 383431.538548 343939.696213 933.743033 5184.408875 186.976929 95359.427379 351108.942761 241793.68212 -1991.318154 3504.553814 1725.357666 7972.467273 194375.296293 -117094.726775 -2064.947 3835.016556 -197.505493 -35017.391403 -12128.469583 -277725.265065 -2527.195077 3333.234305 -724.161377 -128225.932595 -41953.587558 -326097.000821 -3355.363259 3059.066715 -860.126343 -323806.47131 -84620.657656 -135362.316803 -2536.217141 3564.922543 -1093.414307 -293465.88944 -55579.421339 -339101.385118
2332.002883 3796.160812 1424.161987 141368.539296 -61153.057978 -8166.075419 1582.393203 4841.642456 -17.623901 59455.974967 351992.593194 62511.215783 1474.954391 5334.540253 606.129761 138307.167085 366829.606651 291087.245107 1150.653396 5827.735443 1285.806274 259710.841609 377953.715375 338577.349438 941.570525 5229.39209 220.914307 99796.892833 376440.312404 267324.529975 -2010.71135 3504.258547 1727.549438 2129.463634 167459.334479 -114395.526463 -2089.326158 3830.492325 -200.197754 -42654.832755 -13443.089328 -277232.751157 -2557.774186 3331.183836 -726.831665 -139044.630952 -43261.300399 -325544.271347 -3375.294023 3038.302879 -896.629028 -332915.560124 -88750.410414 -144229.21556 -2533.173356 3577.183857 -1111.240845 -292764.093002 -55149.023801 -344666.937429
2334.841042 3807.534714 1467.062378 147195.701852 -42173.622943 -2701.516043 1565.885048 4855.02121 26.829224 48146.552257 372568.821768 82696.392647 1465.325661 5337.3703 663.855591 132130.799207 373463.568722 316890.159534 1136.88549 5826.57196 1349.055786 250101.955556 380570.397426 361724.631456 945.702858 5292.813568 412.331543 103285.671664 427618.372385 402297.682935 -2027.008324 3512.187157 1768.806763 196.499759 207319.962538 -103583.93026 -2135.49511 3827.073288 -167.10022 -57794.130568 -13220.181846 -270684.250795 -2550.349388 3311.480956 -727.431641 -136333.589812 -44943.915497 -332418.910216 -3390.924034 3060.264645 -866.629028 -339325.111437 -84918.648106 -140303.860867 -2541.023216 3570.159149 -1112.575073 -296722.751027 -55329.871685 -351594.588014
2334.494729 3808.541451 1461.322632 143669.744293 -41659.71168 -2888.073759 1563.285012 4853.021545 20.397339 45303.57116 369839.396169 81243.401162 1465.722146 5341.076813 653.419189 131256.498261 375983.897085 313170.294235 1162.000909 5846.714478 1337.958374 267254.544751 392079.611172 358460.506408 928.842416 5261.047363 285.317383 89821.021441 403315.100821 305265.880322 -2025.799003 3511.52153 1777.404175 169.531251 203747.661498 -98247.938333 -2138.788047 3832.228851 -157.072144 -59589.893116 -12765.006418 -265268.72105 -2555.206809 3318.496065 -717.803955 -138559.053047 -44158.233311 -326472.315977 -3396.240439 3068.314877 -855.465698 -342328.141236 -83885.925281 -136058.933124 -2546.20626 3577.527637 -1101.858521 -300480.738596 -54414.617463 -345418.685366
2423.322588 3861.963959 1490.377808 468866.25547 1810.362831 -2650.65176 1211.426531 4786.350861 148.791504 -64833.836702 348521.876555 173883.910862 1510.508868 5285.029297 759.150391 199495.028098 368784.374421 363901.681198 1051.632067 5787.400055 1416.366577 221716.111462 384757.147657 384016.743185 762.138125 5207.0578 59.846191 25318.478919 398032.304464 147246.210269 -2176.843122 3583.948231 1866.447144 -40249.639248 732303.268801 -75034.472096 -2315.247358 3890.10479 -162.146606 -116092.504842 -4637.668181 -277479.416799 -2663.844312 3463.880548 -883.748779 -160600.396472 -24103.132251 -412599.208002 -3085.598463 3051.152992 -1602.338867 -206287.397852 -79888.385769 -424190.120978 -2576.489271 3503.07373 -1153.924561 -291738.507824 -58137.469475 -378319.403819
2345.261173 4073.256607 1418.990479 417235.10844 123318.630266 -35049.048115 1027.712193 4812.959595 -76.394043 -195849.225692 288599.33568 8162.822433 1540.541019 5367.851257 379.751587 281759.150836 366444.110148 142909.599145 954.736271 5717.590637 1097.661133 197977.05499 299141.062905 228802.072085 673.723316 5132.87796 -465.168457 16123.83077 288784.912595 286.410667 -2318.417873 3798.705711 1836.507568 -133413.575097 1671400.714327 -95458.510221 -2475.674648 4129.647522 -284.849854 -171918.176939 -4.948191 -336231.138399 -2828.539181 3501.625471 -904.649658 -200946.740658 -28554.753862 -434354.792708 -3251.8363 2974.977913 -1605.466309 -242862.970947 -102890.263445 -437495.875365 -2835.435543 3475.068579 -1132.780762 -408440.616214 -74790.999218 -379809.196057
2337.557364 4126.375198 1529.129028 368226.652274 166478.352777 -985.750896 1025.222006 4787.289429 -6.530762 -212560.29781 237414.810497 33069.42808 1466.44515 5521.906128 -216.968384 205528.431672 469086.717239 2071.433326 731.562719 5672.041321 429.447632 76900.820587 261457.923131 41327.61116 832.167196 4874.5401 -807.838135 90515.549686 136070.471181 -44799.537733 -2402.799997 3756.0812 1939.508667 -310303.746722 1095356.051374 -58943.899634 -2461.736002 4314.74556 -138.180542 -169254.334978 4127.099738 -277695.831686 -3228.696299 3808.195724 102.357788 -404338.47099 -8103.060472 -83827.976096 -3079.924021 3377.939281 -757.88147 -187745.081418 -54293.581409 -124068.006195 -2949.802866 3866.085968 -953.027954 -491457.137048 -29189.311097 -307376.434128
2337.747412 4125.820694 1529.308472 364844.958603 167861.384885 -1011.589761 1024.288702 4787.187347 -5.064087 -215900.923768 238412.733752 33545.638877 1473.144751 5517.122803 -215.484619 209978.428117 465980.999487 2123.249817 742.065039 5675.229645 433.270264 80569.241367 263597.539099 41890.902702 827.84873 4886.890869 -804.317017 86523.408076 141994.064009 -43941.443054 -2401.760492 3754.502831 1948.532104 -311181.064107 1092970.867033 -56308.340101 -2463.619471 4319.531631 -127.250977 -171281.966366 4465.7117 -273738.024683 -3230.969324 3813.0933 112.108765 -406494.647113 -7790.534195 -81867.450818 -3073.060694 3389.059033 -749.541016 -186021.066741 -52946.525203 -122053.58751 -2949.59878 3868.493347 -943.796387 -492312.998807 -28835.878896 -304043.415727
2308.548641 4112.915955 1582.612915 309920.817039 204988.464139 -679.365764 996.865139 4832.680817 64.481201 -243990.841899 309560.897309 43973.645981 1113.052425 5016.172791 -793.387451 17588.892398 145056.162609 -92093.780678 839.213238 5512.930756 21.680298 129434.445839 203634.370454 223.681556 875.287762 4644.94133 -1087.294312 129046.196221 64107.028438 -186032.338043 -2455.724277 3617.215405 2433.258667 -423906.079688 466630.510468 1778.562653 -2564.742527 4603.208008 516.233521 -233107.63398 40574.615463 -95549.619262 -3449.030552 4403.353424 809.442139 -538199.03931 7911.92645 -2336.244578 -3140.670261 4071.472702 -55.133057 -205261.554231 -3890.809028 -13004.591186 -2753.259373 3978.20034 -408.930664 -359282.510649 -16894.614015 -147736.503617
2255.412941 4090.752563 1447.728882 269608.352467 153038.889996 -55060.680415 1142.233086 4727.893219 -243.585205 -46466.321534 211402.234387 -43971.202966 1105.60009 4819.995575 -1119.25354 25462.284079 64119.199625 -242247.062792 622.860832 5537.259216 -639.233398 53034.435648 212868.012492 -68836.954677 630.816841 4936.822968 -1094.279175 13540.755654 178167.17923 -197548.696477 -2560.935173 3530.977449 2508.596802 -625948.756209 145197.237806 6782.643063 -2626.307487 4924.210815 873.028564 -251377.51316 114093.676132 -34280.837992 -3415.666618 4690.823822 401.012573 -492246.214882 28971.889655 -41151.5157 -3019.490776 4656.798325 -485.957642 -156197.160294 5576.602805 -76077.061854 -2786.417351 4525.475464 -330.629272 -357243.141815 614.604137 -130904.932955
2253.202324 4073.503952 1470.431519 220263.830303 143447.508138 -46616.188986 1170.638008 4755.435791 -209.258423 -41002.04991 245454.626516 -31384.303141 1059.234734 4807.113495 -1077.233887 9657.837348 63892.82134 -224701.681677 637.68322 5601.976929 -679.568481 51375.655914 247624.190158 -80009.445228 698.598671 4898.129425 -1171.871338 29701.697396 165328.897103 -252548.011892 -2574.5998 3378.560854 2717.011108 -738898.992907 -8903.966807 44119.432862 -2784.537849 5097.137604 1462.282104 -401483.971634 173981.181298 563.572 -3189.864388 5133.323669 610.637207 -368829.515442 90020.015493 -16746.646362 -3013.93177 5225.550995 -335.643311 -160370.294472 44677.290087 -50371.853517 -2761.31031 5192.994995 297.689209 -354117.376348 47533.894794 -22182.206093
2206.967263 4095.267563 1464.326172 74695.701536 205449.432572 -59623.438475 1304.999948 4704.524689 -349.318237 -3455.465671 209218.562436 -143218.081075 1096.505532 4768.974762 -1199.934082 9088.638696 54654.244531 -302680.016136 625.215096 5630.832062 -1278.35022 35552.332678 265469.917478 -286321.742304 761.551309 4844.278259 -1303.248901 39454.507854 144492.187648 -359384.56941 -2477.463431 3425.046248 2310.202637 -553389.022723 8492.129026 -3592.636692 -2821.345115 5408.5849 1578.52417 -477476.718834 307185.616053 3673.614465 -3149.587607 5149.660492 730.435791 -368924.391251 94331.05868 -8200.033191 -3241.836753 5493.309021 -170.449829 -248859.301494 76386.056584 -28646.508485 -2807.029014 5693.305206 360.039062 -407217.79309 131536.75259 -17495.950467
2178.81784 4112.291946 1519.32373 41927.770443 250152.55123 -32238.701377 1340.447631 4684.432526 -351.540527 -61.605013 194659.175214 -154809.609462 1088.28073 4771.150055 -1194.016724 7348.258773 55924.445514 -304735.883791 637.009902 5654.116669 -1196.35437 38216.796406 277909.244921 -255174.402543 766.630034 4845.508118 -1306.784668 40820.03098 145947.006264 -369698.354015 -2444.632936 3405.698237 2404.055176 -464185.0772 1119.830794 -31.978117 -2888.16855 5467.305603 1958.166504 -550897.812451 336727.103243 37654.321542 -3229.198823 5367.55722 1075.536499 -415806.961067 136847.627277 1067.15226 -3368.851533 5660.156097 156.359253 -298358.817526 99930.740643 -2854.587454 -2793.894868 5884.58313 777.227173 -400249.632855 174420.542261 64.613792
2244.61194 4153.744431 1492.489624 87053.047226 348782.092148 -49881.166054 1318.507051 4655.059433 -409.631958 -6561.906813 168619.894892 -225469.641204 1121.204805 4771.143188 -1282.774048 8510.415919 54508.157843 -364591.410767 684.45714 5679.57901 -1182.920532 44534.384149 288325.406772 -251329.081925 770.237398 4838.086853 -1387.505493 30988.320883 140588.152462 -441780.252703 -2448.643217 3381.948775 2664.562378 -550991.706876 -3963.750579 25235.511737 -2794.167967 5481.309967 2098.186646 -478352.178784 341374.640146 59047.125272 -3130.189085 5552.668915 1189.014282 -373740.62551 177614.012239 5296.828337 -3534.062376 6014.568176 404.929199 -379806.500681 158727.822057 1276.094823 -2661.621275 6078.844299 905.824585 -335797.720136 222339.531129 2584.93947
2281.920713 4159.278183 1501.700439 112898.305796 387830.974321 -43563.906398 1330.706723 4641.434784 -409.195557 -8411.334076 164172.43459 -223521.762671 1158.620389 4756.325684 -1293.848877 11905.653041 52353.437533 -371311.907879 746.12489 5688.592072 -1283.567505 58379.295614 296768.853073 -294083.169113 758.484738 4845.528107 -1340.783691 19566.522098 147234.487314 -400346.900199 -2423.058993 3382.171335 2881.582031 -531811.11109 -1340.296659 89314.584942 -2741.036288 5486.37207 2263.483887 -444129.566986 347719.745107 91783.114519 -3096.295688 5689.822845 1375.039062 -365558.956319 214145.584603 20008.136517 -3501.799533 6214.725342 623.873901 -373924.636191 200059.008926 13455.247439 -2627.626254 6251.430054 1156.898804 -327282.310538 273256.218212 18931.847712
2336.254888 4164.069824 1516.499023 185810.611933 403206.278578 -40902.624995 1318.703465 4647.63588 -370.980835 -16615.489211 168843.859121 -190249.418292 1262.110906 4786.185913 -1271.226196 37446.489124 61539.970778 -362932.35302 722.780004 5656.173553 -1240.241089 46633.377421 280445.087813 -279484.975784 703.591008 4965.536804 -1060.316162 3768.456806 206069.525092 -204655.614151 -2398.871455 3351.306413 3125.98999 -497014.832321 -19780.647997 201731.383383 -2720.005336 5431.229401 2400.92041 -435529.439804 320493.514725 121655.310768 -3095.971217 5780.034027 1562.756348 -372218.973248 238697.401123 42673.976132 -3518.364711 6346.55426 845.913086 -386980.371764 228809.650051 37349.096387 -2594.642482 6371.52832 1424.378662 -315562.727872 310173.463463 51113.110541
2339.037423 4153.729324 1508.75 176918.353488 396196.690404 -40304.762392 1317.073007 4657.752533 -368.758545 -20368.673606 182534.824825 -177887.466487 1273.28608 4789.205017 -1269.983521 38811.045405 65124.425066 -356220.244793 728.379617 5653.553009 -1216.260986 46075.156559 283180.232826 -265398.950203 709.544473 4955.631561 -1074.868774 3563.890584 205105.857458 -208144.290994 -2381.18566 3329.098625 3164.833984 -467857.191777 -35538.213516 230130.657943 -2699.817252 5433.683777 2520.181885 -423085.055992 325628.99589 155967.902213 -3122.725883 5842.274017 1734.007568 -391544.379494 258721.253433 74331.847113 -3539.403434 6473.943481 1071.549072 -400062.364988 260322.177002 77712.230774 -2630.712333 6412.3703 1585.876465 -340439.723399 325860.651512 81030.00772
2345.378835 4146.880112 1510.819092 167130.980434 415867.270847 -45240.990331 1316.06777 4637.689056 -376.669312 -26226.304407 177252.955914 -198791.128803 1285.815694 4774.677887 -1281.395264 39165.571647 64666.091778 -370959.589939 717.403753 5620.536194 -1151.355591 39371.141986 273290.51266 -242830.466353 699.898183 4935.273743 -1059.563599 1219.854148 201294.816067 -205239.379658 -2345.525095 3319.7788 3236.453857 -402990.787706 -30841.598787 269289.366985 -2642.297556 5450.919342 2638.918457 -379850.271205 340647.848938 188283.059961 -3151.172984 5879.642944 1911.593018 -414803.146672 273595.329547 111514.104216 -3677.785838 6638.948975 1504.294434 -472633.304804 304849.071496 187295.522805 -2643.379099 6472.106323 1738.946533 -354713.67355 349937.760573 111349.269686
2365.960875 4159.808426 1497.74292 166281.172626 440005.897434 -49352.44767 1312.943602 4644.302216 -390.950317 -39570.914785 178150.151054 -208102.4219 1303.610716 4782.046509 -1300.55603 37985.076482 65300.849536 -379683.957897 715.995054 5616.684113 -1145.855103 33216.1156 268737.323387 -238031.826428 705.046568 4945.608368 -1079.436035 267.643533 203876.4445 -213474.928184 -2307.609987 3362.395171 3256.223145 -360457.762938 -2454.306007 286991.086406 -2597.527285 5495.019379 2620.834961 -358441.10997 360269.348241 184643.38067 -3134.69861 6015.984497 1971.723633 -417501.459398 314095.494247 128409.415256 -3748.018312 6823.563232 2009.537354 -519769.696346 353185.056169 383647.392146 -2563.844728 6483.914795 1790.316162 -320751.174193 352087.337437 125001.81981
2360.854235 4154.893417 1493.592529 161780.542017 441816.836427 -51049.117638 1302.816973 4648.655853 -397.36084 -44253.74451 185668.756402 -214036.104751 1310.960741 4790.85968 -1308.961182 41678.144623 70066.007874 -384461.857382 699.922533 5613.635559 -1161.861572 29785.892714 269921.479623 -243906.670855 698.889666 4954.909515 -1081.018677 150.371899 211746.041432 -213543.808618 -2315.56819 3366.714234 3275.566406 -373584.184012 -267.541698 301480.882327 -2629.900312 5516.621094 2689.154053 -385358.107634 374331.350342 206883.863403 -3113.57646 6051.298523 2005.695801 -403554.860226 327283.25659 137898.572555 -3725.876875 6859.5578 2092.260742 -506745.481124 364876.556541 422633.399152 -2593.509626 6526.063843 1882.565918 -336224.866917 368335.870995 148835.736852
2361.407242 4154.600525 1491.004028 160818.243942 441436.943983 -52461.862424 1302.535095 4646.888885 -399.822388 -45136.673917 184441.007373 -216547.881029 1310.099869 4788.227234 -1311.546631 40946.891178 69234.737849 -385979.966754 698.853378 5610.777588 -1164.174194 29253.350456 268610.068813 -244688.59974 698.42453 4952.626038 -1083.875732 109.294317 210614.455186 -215067.277886 -2313.405685 3367.408063 3276.559448 -370895.437465 -179.707066 302457.200932 -2626.968155 5517.358551 2690.043335 -383654.933477 374810.904201 207303.747278 -3106.369705 6051.537476 2003.214722 -400000.371152 327419.057478 137329.676779 -3720.72731 6859.684448 2074.744263 -504624.733049 364962.791513 414550.782592 -2586.594315 6527.08313 1883.471069 -332853.302339 368748.687487 149179.991561
2361.409049 4154.598541 1490.987549 160806.897548 441436.445217 -52472.135714 1302.530951 4646.87561 -399.837646 -45144.611113 184432.186864 -216565.705234 1310.092826 4788.201599 -1311.564331 40941.233207 69226.704579 -385991.802433 698.847098 5610.755157 -1164.209595 29249.817046 268600.006029 -244702.769453 698.420539 4952.604675 -1083.898315 109.000087 210603.978818 -215080.877696 -2313.392282 3367.406381 3276.572266 -370882.162259 -179.693523 302466.679124 -2626.956429 5517.359009 2690.067139 -383651.564597 374812.105272 207311.756825 -3106.355233 6051.542053 2003.239746 -399996.659636 327421.151544 137336.647933 -3720.715585 6859.688416 2074.750977 -504622.82533 364964.439967 414554.222729 -2586.584725 6527.098694 1883.50708 -332852.422507 368754.693413 149189.722045
2372.339911 4151.481552 1473.156738 155451.728341 442299.982187 -60462.053048 1305.072074 4636.201782 -415.36438 -52838.814853 178854.180739 -228405.015718 1312.387443 4772.023773 -1328.093262 36706.941185 64975.524934 -393369.550831 692.479224 5589.803009 -1189.312134 24468.16776 260085.179063 -252575.451092 701.020141 4936.932983 -1103.603516 -7.675359 204063.070002 -223693.768061 -2287.932 3363.552078 3310.179443 -342723.916084 -225.282325 331016.067422 -2603.842797 5520.169067 2748.389893 -375230.348757 378067.96477 228926.078467 -3069.000878 6068.165283 2062.398682 -386533.604782 333990.264813 155606.574059 -3683.680749 6878.940125 2091.273193 -492647.490905 371427.243477 425165.31285 -2564.3677 6561.711731 1970.892334 -328078.981663 381989.515921 175013.861494
2380.839248 4141.884232 1461.627197 156227.332204 421068.692282 -66724.284473 1300.483718 4635.085297 -413.260498 -62114.979229 180308.381028 -222391.409694 1333.853927 4772.94281 -1323.693848 41613.473772 66272.578068 -388393.538472 682.628188 5567.397614 -1206.136475 20598.08077 250854.322272 -258436.945122 707.531295 4938.485413 -1096.773682 -21.026733 206488.947689 -217693.546767 -2277.904038 3350.5752 3353.377686 -338049.312286 -2375.169281 365807.904994 -2608.363633 5513.807526 2841.190186 -386767.89821 376313.424178 263048.806166 -3011.325669 5976.919556 2061.815186 -358806.049519 305511.59147 156231.579264 -3542.295823 6791.202698 1765.323486 -426415.199365 347529.680076 285323.271131 -2582.771897 6562.576904 1998.891602 -343406.351793 383359.038614 183972.274824
2380.839248 4141.884232 1461.627197 156227.332204 421068.692282 -66724.284473 1300.483718 4635.085297 -413.260498 -62114.979229 180308.381028 -222391.409694 1333.853927 4772.94281 -1323.693848 41613.473772 66272.578068 -388393.538472 682.628188 5567.397614 -1206.136475 20598.08077 250854.322272 -258436.945122 707.531295 4938.485413 -1096.773682 -21.026733 206488.947689 -217693.546767 -2277.904038 3350.5752 3353.377686 -338049.312286 -2375.169281 365807.904994 -2608.363633 5513.807526 2841.190186 -386767.89821 376313.424178 263048.806166 -3011.325669 5976.919556 2061.815186 -358806.049519 305511.59147 156231.579264 -3542.295823 6791.202698 1765.323486 -426415.199365 347529.680076 285323.271131 -2582.771897 6562.576904 1998.891602 -343406.351793 383359.038614 183972.274824
2380.462313 4133.199234 1459.278564 157619.077079 400423.711432 -68680.292732 1291.603289 4636.329193 -414.740601 -68148.137611 182893.953872 -224605.815484 1346.426973 4767.952881 -1327.428589 46958.055006 65333.861895 -391209.446783 674.119959 5543.341675 -1181.506958 19105.809871 240613.405286 -248358.237671 704.808397 4936.166992 -1098.492432 -41.197114 206392.518895 -218959.481586 -2274.77664 3362.142959 3372.103271 -327965.907381 -5.17574 380242.060932 -2581.050291 5538.130646 2873.996582 -360920.989906 390354.830379 275194.573678 -3023.541441 6036.566772 2135.720215 -364899.299852 325323.869352 178306.522007 -3529.17285 6887.155151 1892.841797 -419605.933285 375274.717408 337044.462005 -2594.279966 6586.166382 2034.456787 -349497.394064 392469.198854 194521.491772
2391.532755 4128.357849 1455.580444 161608.215122 390714.495435 -68305.5841 1300.160913 4637.532501 -414.700928 -68392.042855 185131.777843 -219376.940854 1353.230448 4781.20224 -1325.447388 46135.728864 70328.023244 -386908.349946 684.192591 5550.329742 -1138.827515 19347.467565 244648.691536 -229492.851302 715.16057 4946.51001 -1099.550171 -21.888289 212838.695224 -216998.581409 -2261.678152 3369.203584 3373.483276 -318139.496201 752.77078 384674.868272 -2562.790976 5545.167999 2874.603882 -352585.422398 395049.813919 277016.470531 -2982.935019 6049.897461 2127.920532 -347551.607701 330239.026053 177194.309548 -3477.333212 6901.494446 1867.147827 -399438.933867 379913.871342 328004.8856 -2579.072714 6610.638428 2056.316528 -345758.754196 401848.233728 202509.985578
2391.582727 4128.321762 1455.684814 161675.913932 390728.338065 -68240.678749 1300.221872 4637.61734 -414.564209 -68353.457555 185228.645313 -219229.708977 1353.266001 4781.464386 -1325.281982 46144.798948 70431.034136 -386805.094172 684.242067 5550.501404 -1138.250732 19354.828132 244747.65384 -229271.900424 715.222673 4946.724701 -1099.381714 -21.352062 212976.36973 -216904.106423 -2261.627722 3369.180281 3373.537598 -318052.734617 755.98979 384704.992404 -2562.722692 5545.153656 2874.705811 -352536.441886 395063.953261 277048.877152 -2982.874975 6049.931641 2128.061523 -347526.072675 330263.562231 177232.772827 -3477.234716 6901.596375 1867.445068 -399399.189998 379955.211266 328122.197382 -2579.07218 6610.585938 2056.420898 -345765.928043 401843.943972 202537.195115
2373.316941 4125.861969 1437.339478 145600.597736 389480.906653 -83229.232886 1288.799272 4628.190765 -442.484131 -70147.750808 179577.701728 -255998.150869 1342.889314 4777.261505 -1353.622437 45675.966462 69701.413289 -407377.776638 675.717645 5548.488007 -1160.968628 19489.352592 244766.50946 -238697.472927 701.333718 4947.143707 -1116.965332 -102.103093 214312.297786 -228576.431926 -2265.399184 3376.270247 3384.53064 -305691.892148 3421.564509 392742.222124 -2565.494552 5552.43042 2871.747437 -346895.409587 400106.771471 275568.907105 -2921.345687 6060.486755 2092.74353 -310396.644287 334414.401047 166205.860591 -3429.772201 6916.069031 1869.009399 -373573.01709 384764.301062 328379.336538 -2567.057967 6602.876282 2055.628052 -333414.167329 399808.020534 201998.258086
2374.28184 4125.251541 1439.737549 147316.989478 389176.209479 -81001.890161 1290.059123 4630.219574 -439.371948 -69108.755455 181514.620069 -251435.41201 1343.541865 4783.128967 -1349.846802 45945.099777 71878.111288 -404446.181024 676.410518 5551.815948 -1147.523193 19634.327391 246560.034062 -233179.384182 701.924357 4951.507111 -1111.889648 -88.047714 216957.971506 -225126.169681 -2264.857259 3375.527515 3385.285645 -304409.866735 3330.341542 393633.277406 -2564.858785 5551.740417 2873.339844 -346316.097599 400009.818708 276304.929102 -2920.451741 6060.269775 2094.614258 -309927.104485 334511.557047 166871.539795 -3428.621297 6916.047058 1871.356201 -373045.351811 384907.114675 329508.571587 -2566.994405 6602.958374 2058.283691 -333362.039451 400021.333896 202929.29078
2375.295043 4121.360855 1447.352295 147838.723961 384846.123942 -75615.496915 1289.470382 4629.811401 -428.792725 -70159.933836 183099.077833 -238781.144772 1333.371139 4777.472534 -1340.253906 41728.353881 70788.572946 -398238.970566 683.02362 5544.781036 -1086.740723 20843.201986 244430.916916 -209941.808632 701.355948 4942.97226 -1114.478149 -118.377915 213671.92263 -227279.071872 -2257.089143 3366.534004 3399.633789 -288729.136607 1268.313145 404615.945726 -2557.117677 5545.485077 2903.735352 -340200.554705 397963.570717 287626.716835 -2897.085938 6070.665283 2129.625244 -298486.687175 338776.148339 177283.30936 -3390.064149 6939.037781 1923.540039 -356287.499566 392378.304802 351375.594593 -2564.730897 6619.706116 2118.294678 -332467.871619 406964.177522 221692.16415
2375.654311 4121.181412 1447.55127 148209.375229 384589.100278 -75371.877773 1289.837127 4630.13504 -428.408813 -69981.314269 183420.877044 -238144.429471 1333.524947 4778.639526 -1339.725952 41731.209882 71219.963456 -397786.983071 683.287902 5545.318756 -1084.118042 20867.752578 244725.952988 -208910.353025 701.470237 4943.893127 -1113.445435 -119.191901 214221.240438 -226549.572404 -2256.808 3366.951687 3399.099121 -288433.377823 1395.185856 404273.18948 -2556.310105 5545.719147 2902.279053 -339627.919035 398141.641479 287108.52952 -2894.415574 6070.30365 2126.976318 -297225.25513 338687.603992 176501.17898 -3386.495652 6938.327942 1917.406006 -354791.079439 392197.145671 348777.526174 -2561.678758 6618.114014 2114.918213 -330795.398677 406421.414364 220636.939919
2375.654311 4121.181412 1447.55127 148209.375229 384589.100278 -75371.877773 1289.837127 4630.13504 -428.408813 -69981.314269 183420.877044 -238144.429471 1333.524947 4778.639526 -1339.725952 41731.209882 71219.963456 -397786.983071 683.287902 5545.318756 -1084.118042 20867.752578 244725.952988 -208910.353025 701.470237 4943.893127 -1113.445435 -119.191901 214221.240438 -226549.572404 -2256.808 3366.951687 3399.099121 -288433.377823 1395.185856 404273.18948 -2556.310105 5545.719147 2902.279053 -339627.919035 398141.641479 287108.52952 -2894.415574 6070.30365 2126.976318 -297225.25513 338687.603992 176501.17898 -3386.495652 6938.327942 1917.406006 -354791.079439 392197.145671 348777.526174 -2561.678758 6618.114014 2114.918213 -330795.398677 406421.414364 220636.939919
2375.658751 4121.179276 1447.559814 148212.563355 384592.824646 -75367.141999 1289.840879 4630.140991 -428.397827 -69980.387772 183428.031347 -238133.526213 1333.526487 4778.655396 -1339.712524 41730.805997 71226.544575 -397779.25902 683.2899 5545.328217 -1084.083252 20867.625582 244731.92952 -208898.179326 701.472082 4943.905792 -1113.428955 -119.211362 214229.907802 -226540.654937 -2256.804323 3366.946542 3399.108887 -288431.036447 1394.73303 404279.166542 -2556.307192 5545.715485 2902.296143 -339627.654894 398141.476427 287114.185094 -2894.419374 6070.305176 2126.999512 -297228.454513 338689.226694 176507.576687 -3386.499147 6938.334961 1917.452393 -354793.745478 392200.203621 348796.459087 -2561.676455 6618.104553 2114.931641 -330795.574099 406419.202004 220640.489967
2385.210919 4114.902725 1449.336548 154085.588675 378902.697057 -80555.738178 1295.975614 4626.657104 -423.353882 -70042.847413 184136.410393 -242374.087431 1335.683637 4768.028564 -1335.801392 40211.68762 69112.538381 -400908.03437 685.467877 5538.141937 -1091.547852 20036.736673 243436.590397 -214892.974312 700.166173 4942.043152 -1091.784668 -388.104695 215607.267708 -218176.117741 -2245.249896 3364.777114 3407.529907 -276838.707353 2018.139396 404334.954585 -2541.830859 5544.877167 2916.865845 -332512.108479 400072.605036 289519.533333 -2889.938769 6078.948059 2152.800903 -298093.375633 343039.172052 181927.954598 -3368.009143 6958.278198 1959.557495 -349450.864619 399408.698638 363489.751243 -2525.00072 6555.027771 2080.731812 -313516.033788 385430.359584 207104.535719
2386.058197 4114.446335 1449.661865 154020.85246 379020.539245 -79965.38703 1296.494446 4627.167511 -422.475586 -70338.719141 184911.740137 -240715.965694 1335.935745 4769.70993 -1334.717407 39977.577254 69848.440447 -399852.848191 685.956001 5539.109802 -1087.765503 19956.156457 244117.511716 -213295.044524 700.496101 4943.31604 -1090.3302 -414.013495 216567.96205 -217014.139503 -2243.506012 3363.56462 3410.134277 -274994.593529 1805.596322 406800.4339 -2540.519257 5544.08493 2921.989746 -332145.783166 399911.637055 291669.791349 -2890.041046 6079.639893 2159.658203 -298586.544396 343436.332207 184210.318544 -3367.958527 6959.99115 1970.931396 -349812.122503 400065.72715 368691.851985 -2524.480133 6555.188293 2087.218018 -313719.293125 385661.892487 209269.753797
2386.798735 4114.026337 1448.766479 153786.940442 378565.677159 -80786.014481 1296.57794 4626.443176 -423.067627 -70980.472688 184561.104888 -241641.584692 1336.076307 4768.094635 -1335.444336 39707.193052 69393.077986 -400456.256539 686.134367 5538.383026 -1091.185303 19815.193368 243904.732631 -214646.571722 700.666723 4942.029572 -1091.268921 -448.045315 216015.310154 -217678.34439 -2241.49869 3362.536378 3413.071899 -272570.722999 1593.685522 409103.031351 -2538.865633 5543.583527 2927.521362 -331477.407645 399786.094591 293776.038243 -2890.089388 6080.882263 2167.2052 -299047.416945 343942.559191 186554.108961 -3367.664461 6962.651672 1984.336548 -350062.995499 400938.422027 374596.093753 -2522.856112 6555.172424 2093.692017 -313298.670457 385751.550697 211271.343785
2386.891298 4113.973541 1448.625488 153684.65983 378552.744496 -80926.300908 1296.571321 4626.319275 -423.171387 -71108.425969 184502.992101 -241818.131829 1336.054125 4767.816925 -1335.57312 39643.620564 69315.662978 -400570.791923 686.122713 5538.24585 -1091.726685 19782.381857 243863.466364 -214865.951628 700.656862 4941.819 -1091.412354 -455.997882 215927.289496 -217788.573651 -2241.220732 3362.404258 3413.474121 -272298.635882 1571.138177 409405.723422 -2538.638487 5543.527222 2928.286133 -331411.650823 399781.877104 294061.672797 -2890.098448 6081.055298 2168.238525 -299127.192975 344016.762209 186871.115606 -3367.658873 6962.973022 1986.043701 -350125.760904 401048.644388 375343.695682 -2522.730894 6555.422974 2094.763184 -313312.669595 385857.171089 211599.558953
2382.219839 4109.128723 1474.639282 130417.432165 389486.060128 -71584.64926 1315.319815 4612.936401 -409.968262 -63367.582318 180705.473829 -242893.712572 1352.438879 4758.533936 -1320.775757 42415.840897 69028.286766 -400035.716363 696.479025 5528.69278 -1098.063965 20060.169624 243341.511831 -222713.01524 713.949537 4930.548706 -1064.695435 -266.595606 214388.014771 -209963.694761 -2217.152872 3359.226422 3415.962524 -241131.313508 3300.14897 399975.22802 -2507.826395 5549.147186 2980.580444 -313016.163543 407433.165704 309199.334102 -2903.16453 6089.201355 2245.755005 -310275.217764 349591.403396 207549.900891 -3346.604776 6985.578918 2054.489136 -344910.406046 410351.65132 400053.506056 -2485.074625 6547.562561 2122.177124 -297481.17359 386058.752155 215853.252784
2382.244291 4109.117813 1474.662476 130417.432165 389495.664424 -71561.574454 1315.344419 4612.957916 -409.934692 -63367.464767 180732.598641 -242841.017209 1352.456007 4758.607483 -1320.734253 42413.048814 69057.804988 -400001.290925 696.488485 5528.72818 -1097.915649 20057.111361 243364.499274 -222652.542933 713.964796 4930.592957 -1064.641724 -266.946422 214419.560579 -209926.370681 -2217.135134 3359.214025 3415.985718 -241144.770156 3300.787918 400000.0 -2507.811708 5549.137878 2980.630493 -313024.278216 407435.753688 309222.321797 -2903.133974 6089.205322 2245.807495 -310272.104576 349597.482686 207569.89792 -3346.596193 6985.533752 2054.365845 -344917.240567 410342.267619 400000.0 -2485.066652 6547.61322 2122.280884 -297490.156769 386081.608518 215888.757775
2382.244291 4109.117813 1474.662476 130417.432165 389495.664424 -71561.574454 1315.344419 4612.957916 -409.934692 -63367.464767 180732.598641 -242841.017209 1352.456007 4758.607483 -1320.734253 42413.048814 69057.804988 -400001.290925 696.488485 5528.72818 -1097.915649 20057.111361 243364.499274 -222652.542933 713.964796 4930.592957 -1064.641724 -266.946422 214419.560579 -209926.370681 -2217.135134 3359.214025 3415.985718 -241144.770156 3300.787918 400000.0 -2507.811708 5549.137878 2980.630493 -313024.278216 407435.753688 309222.321797 -2903.133974 6089.205322 2245.807495 -310272.104576 349597.482686 207569.89792 -3346.596193 6985.533752 2054.365845 -344917.240567 410342.267619 400000.0 -2485.066652 6547.61322 2122.280884 -297490.156769 386081.608518 215888.757775
2382.245245 4109.117355 1474.664917 130418.927486 389497.06994 -71559.72863 1315.345221 4612.960663 -409.931641 -63366.877014 180735.392728 -242837.084948 1352.45635 4758.614044 -1320.730591 42413.165149 69060.325129 -399998.709077 696.488676 5528.731995 -1097.902832 20057.142487 243366.698747 -222647.563226 713.965368 4930.597839 -1064.638062 -266.926036 214422.698771 -209924.131341 -2217.134943 3359.213405 3415.985718 -241144.464319 3300.903083 400000.0 -2507.81106 5549.137573 2980.631714 -313023.771045 407436.087622 309222.810906 -2903.131189 6089.205933 2245.807495 -310270.703646 349597.997882 207569.89792 -3346.593409 6985.531921 2054.352417 -344916.057665 410341.991629 399993.804793 -2485.062342 6547.612915 2122.282104 -297487.827784 386081.824147 215889.147956
2382.246065 4109.117203 1474.662476 130418.678265 389496.601434 -71561.574454 1315.345659 4612.9599 -409.933472 -63367.288441 180734.810625 -242839.444301 1352.456865 4758.613281 -1320.732422 42412.990647 69060.067969 -400000.0 696.48839 5528.731079 -1097.906494 20056.885696 243366.273042 -222648.985994 713.965502 4930.596924 -1064.639282 -266.958071 214422.203266 -209924.877787 -2217.133818 3359.214001 3415.985718 -241144.158482 3301.135279 400000.0 -2507.809782 5549.138184 2980.631714 -313023.517461 407436.421556 309222.810906 -2903.127775 6089.206848 2245.807495 -310269.458378 349598.307001 207569.89792 -3346.5903 6985.53009 2054.341431 -344915.137631 410341.43965 399988.736023 -2485.057402 6547.619629 2122.284546 -297485.665163 386084.196073 215889.928319
2382.246065 4109.117203 1474.662476 130418.678265 389496.601434 -71561.574454 1315.345659 4612.9599 -409.933472 -63367.288441 180734.810625 -242839.444301 1352.456865 4758.613281 -1320.732422 42412.990647 69060.067969 -400000.0 696.48839 5528.731079 -1097.906494 20056.885696 243366.273042 -222648.985994 713.965502 4930.596924 -1064.639282 -266.958071 214422.203266 -209924.877787 -2217.133818 3359.214001 3415.985718 -241144.158482 3301.135279 400000.0 -2507.809782 5549.138184 2980.631714 -313023.517461 407436.421556 309222.810906 -2903.127775 6089.206848 2245.807495 -310269.458378 349598.307001 207569.89792 -3346.5903 6985.53009 2054.341431 -344915.137631 410341.43965 399988.736023 -2485.057402 6547.619629 2122.284546 -297485.665163 386084.196073 215889.928319
2382.246065 4109.117203 1474.662476 130418.678265 389496.601434 -71561.574454 1315.345659 4612.9599 -409.933472 -63367.288441 180734.810625 -242839.444301 1352.456865 4758.613281 -1320.732422 42412.990647 69060.067969 -400000.0 696.48839 5528.731079 -1097.906494 20056.885696 243366.273042 -222648.985994 713.965502 4930.596924 -1064.639282 -266.958071 214422.203266 -209924.877787 -2217.133818 3359.214001 3415.985718 -241144.158482 3301.135279 400000.0 -2507.809782 5549.138184 2980.631714 -313023.517461 407436.421556 309222.810906 -2903.127775 6089.206848 2245.807495 -310269.458378 349598.307001 207569.89792 -3346.5903 6985.53009 2054.341431 -344915.137631 410341.43965 399988.736023 -2485.057402 6547.619629 2122.284546 -297485.665163 386084.196073 215889.928319
]