07-24-20_Matthew_4K.lion_above_bed.0000000002 [ -0.7230356702437624 -0.7159985181556868 -0.7021599751756218 -0.6974233755452061 -0.735691809065138 -0.7409500604863389 -0.7602192903405159 -0.7405385739733916 -1.3742576995653177 -1.9099566266210326 -2.535699392342361 -3.095715588532639 -2.4921164984503603 -2.5168116771770186 -1.467039043349314 -2.4444325536228098 -0.876463107400935 -1.820315832082437 -1.8896984199826405 -1.9832424350083457 -2.4998627784872234 -2.5950311489669744 -1.3473851736702405 -1.2233988360332841 -1.282179913920291 -0.8098293374601303 -1.2907522769196202 -0.7960485214563071 -0.7907253305377889 -0.7984340392800993 -0.7966294813181051 -0.796168260855541 -1.1579063453110492 -1.118009452142459 -1.2004751377791423 -1.1986224012353597 -1.1118136533862042 -1.1683268346454188 -1.105965167703818 -1.129231667158084 -0.709588778356066 -0.744108342493399 -0.7456482268983652 -0.7354615546020623 -0.7539370762696418 -0.7447525809589949 -0.7438555954331607 -0.7441163281205921 -0.8636082950598809 -1.4883327417027576 -1.3997867306607668 -2.568982149619228 -3.278578122355097 -2.0229050986510684 -0.9592148245784344 -0.8391085261122815 -1.2194501267338016 -1.2442218500506104 -1.205084741154935 -1.7860888491806912 -1.3346425190586562 -1.2728402848290266 -1.7999427775170542 -0.8264092626416026 -0.787465940113343 -0.8151616993917988 -1.2562052042204177 -0.9176811693353044 -1.2213280671483744 -2.350967468395825 -0.8577421604692109 -1.2181639311387573 -0.9221094327479791 -0.9322396590824856 -1.3389446303375878 -1.2630186099864904 -1.2930674779868063 -1.7455833239923138 -1.7575138298667732 -0.8318458281041675 -1.2433386289871828 -1.301271357498794 -1.7975070045439334 -2.4130404166127533 -1.8258526214901443 -1.2729734362676357 -1.3318125886716636 -0.8777336561757557 -1.8084028170181516 -1.2733847038624586 -1.1533066620367844 -1.123079290535876 -0.8979097221386536 -0.8454718570485594 -0.8460685365920639 -0.8119158586471937 -1.9602092966102014 -2.433102953952023 -1.9512628143358248 -1.2865515241201402 -1.3648931753344837 -1.2454697304531457 -1.2767904454298207 -0.8308164145788595 -1.1885442270948097 -1.8504142185891503 -0.8316245506614903 -1.6130140859236293 -1.7839180962255485 -1.4003720870521017 -1.202545592221533 -0.7929033024330719 -1.8121764484532101 -1.8886027014402482 -1.423903896840903 -2.675581885876134 -1.996986942077479 -1.4323949224857249 -0.8302554411866528 -1.3460047008125262 -0.865750315929249 -1.2618745592373397 -1.3191058731518512 -1.0172037037677892 -0.8105841595381804 -1.833989896350459 -0.9760340691503102 -1.7820879489945263 -0.8473323802064172 -0.8196857915560813 -1.2098425651925757 -1.2606245642242355 -0.8357969449124197 -1.2858549663815069 -0.853221870927109 -1.2900413780217164 -1.2832647208081778 -1.8946004293170031 -1.341732316894265 -1.3074184533499604 -1.9303287342631967 -1.2617905200910937 -1.3309872991379903 -0.8002506563615402 -0.819609914025854 -0.8722794074519432 -1.7660767878682793 -1.2123008708287093 -0.8011142871813853 -0.7754141277655151 -1.1887846927090646 -1.0138187954987614 -1.8697385082933637 -1.806360069689016 -1.835492727288866 -1.2661481856568655 -1.2865670905403435 -1.2327169245294523 -0.8336030421728303 -1.2464165140013805
-0.7230356702437624 -0.7275850028536808 -0.712304464556172 -0.69349341644873 -0.735691809065138 -0.7409500604863389 -0.7602192903405159 -0.7514754695135137 -1.3742576995653177 -1.9099566266210326 -2.535699392342361 -3.095715588532639 -2.4921164984503603 -2.5168116771770186 -1.467039043349314 -2.4444325536228098 -0.876463107400935 -1.8402501683388865 -1.8996408917931398 -1.9832424350083457 -2.4998627784872234 -2.5950311489669744 -1.3569124534840005 -1.2336608717498123 -1.290924901157067 -0.8098293374601303 -1.2907522769196202 -0.7960485214563071 -0.7907253305377889 -0.8117559609797775 -0.7966294813181051 -0.796168260855541 -1.1579063453110492 -1.118009452142459 -1.2086398990351586 -1.1986224012353597 -1.1118136533862042 -1.1683268346454188 -1.105965167703818 -1.129231667158084 -0.7044350202565227 -0.744108342493399 -0.7407250527579122 -0.739019634578235 -0.7496055369039522 -0.7447525809589949 -0.7475608573505018 -0.7441163281205921 -0.8771659554121524 -1.499693341999418 -1.3997867306607668 -2.568982149619228 -3.278578122355097 -2.0229050986510684 -0.9592148245784344 -0.8391085261122815 -1.2194501267338016 -1.2442218500506104 -1.205084741154935 -1.7860888491806912 -1.3267499394181377 -1.2728402848290266 -1.7999427775170542 -0.8264092626416026 -0.7931455931809264 -0.8151616993917988 -1.2562052042204177 -0.8896248672116764 -1.2213280671483744 -2.323661472089509 -0.8577421604692109 -1.2181639311387573 -0.9221094327479791 -0.9161069262679562 -1.3389446303375878 -1.2630186099864904 -1.2930674779868063 -1.7455833239923138 -1.7575138298667732 -0.8318458281041675 -1.2433386289871828 -1.301271357498794 -1.7975070045439334 -2.4130404166127533 -1.8258526214901443 -1.2729734362676357 -1.3053314186807163 -0.8618494564901656 -1.8084028170181516 -1.2733847038624586 -1.1533066620367844 -1.123079290535876 -0.8865570051813808 -0.8454718570485594 -0.8460685365920639 -0.814252975120208 -1.9241668057294887 -2.433102953952023 -1.9512628143358248 -1.2865515241201402 -1.3648931753344837 -1.2454697304531457 -1.2767904454298207 -0.7885256857935944 -1.1993225281595175 -1.8758800590740696 -0.8141677173677982 -1.6130140859236293 -1.7839180962255485 -1.4003720870521017 -1.1807162122641368 -0.7929033024330719 -1.8121764484532101 -1.8886027014402482 -1.423903896840903 -2.665275860371358 -1.996986942077479 -1.4467758133660877 -0.8302554411866528 -1.3460047008125262 -0.865750315929249 -1.2618745592373397 -1.3191058731518512 -1.0275095535542451 -0.8172504078566045 -1.833989896350459 -0.985450888591058 -1.7820879489945263 -0.8473323802064172 -0.8324514884899322 -1.2098425651925757 -1.2606245642242355 -0.8357969449124197 -1.2858549663815069 -0.853221870927109 -1.2900413780217164 -1.2832647208081778 -1.8946004293170031 -1.341732316894265 -1.3074184533499604 -1.9303287342631967 -1.2617905200910937 -1.3309872991379903 -0.8002506563615402 -0.819609914025854 -0.8408107894624626 -1.7753730794863136 -1.2123008708287093 -0.8011142871813853 -0.7803376906492734 -1.1887846927090646 -1.0138187954987614 -1.8697385082933637 -1.806360069689016 -1.835492727288866 -1.2776222031135474 -1.3041983159442891 -1.2327169245294523 -0.8529153759205123 -1.2464165140013805
-0.7230356702437624 -0.7275850028536808 -0.712304464556172 -0.69349341644873 -0.735691809065138 -0.7409500604863389 -0.7602192903405159 -0.7514754695135137 -1.3742576995653177 -1.9099566266210326 -2.535699392342361 -3.095715588532639 -2.4921164984503603 -2.5168116771770186 -1.4539311226544558 -2.4527545742619243 -0.876463107400935 -1.8402501683388865 -1.8996408917931398 -1.9832424350083457 -2.507011501386718 -2.5950311489669744 -1.3569124534840005 -1.2336608717498123 -1.2843843981991714 -0.8098293374601303 -1.2907522769196202 -0.7891771063777218 -0.7907253305377889 -0.8117559609797775 -0.7966294813181051 -0.796168260855541 -1.1579063453110492 -1.118009452142459 -1.2086398990351586 -1.2075236367720905 -1.1118136533862042 -1.1683268346454188 -1.1249252603600652 -1.1274268032474133 -0.7044350202565227 -0.744108342493399 -0.7407250527579122 -0.739019634578235 -0.7308443798217543 -0.7447525809589949 -0.7415088827440853 -0.7441163281205921 -0.8885499473871241 -1.499693341999418 -1.3997867306607668 -2.568982149619228 -3.278578122355097 -2.0229050986510684 -0.9592148245784344 -0.8391085261122815 -1.2194501267338016 -1.2442218500506104 -1.205084741154935 -1.7860888491806912 -1.3267499394181377 -1.261772513693213 -1.7999427775170542 -0.8264092626416026 -0.7931455931809264 -0.8151616993917988 -1.2253483712450552 -0.8896248672116764 -1.2213280671483744 -2.323661472089509 -0.8883132401042737 -1.2181639311387573 -0.9221094327479791 -0.9161069262679562 -1.3389446303375878 -1.2630186099864904 -1.2930674779868063 -1.7455833239923138 -1.7631427301875697 -0.8286776267961464 -1.2433386289871828 -1.301271357498794 -1.7975070045439334 -2.4130404166127533 -1.8258526214901443 -1.2729734362676357 -1.3053314186807163 -0.8618494564901656 -1.8084028170181516 -1.2733847038624586 -1.1533066620367844 -1.123079290535876 -0.8865570051813808 -0.8374670545657039 -0.8460685365920639 -0.814252975120208 -1.9146641433956089 -2.433102953952023 -1.88920246261093 -1.2865515241201402 -1.3648931753344837 -1.1970517273565058 -1.2767904454298207 -0.7885256857935944 -1.1993225281595175 -2.2374863398671616 -0.8141677173677982 -1.6130140859236293 -1.7839180962255485 -1.4210427395274285 -1.1807162122641368 -0.7929033024330719 -1.8121764484532101 -1.8886027014402482 -1.423903896840903 -2.665275860371358 -1.996986942077479 -1.4467758133660877 -0.8302554411866528 -1.3460047008125262 -0.865750315929249 -1.2618745592373397 -1.3191058731518512 -1.0275095535542451 -0.8341800718905154 -1.8186467426802293 -0.985450888591058 -1.7820879489945263 -0.8473323802064172 -0.8324514884899322 -1.2098425651925757 -1.272448256931272 -0.8173647661483586 -1.2858549663815069 -0.853221870927109 -1.2900413780217164 -1.2832647208081778 -1.8946004293170031 -1.341732316894265 -1.3074184533499604 -1.9303287342631967 -1.2617905200910937 -1.3309872991379903 -0.8002506563615402 -0.819609914025854 -0.8408107894624626 -1.7753730794863136 -1.2123008708287093 -0.8080499117796511 -0.8043733685445053 -1.1887846927090646 -1.0138187954987614 -1.8697385082933637 -1.806360069689016 -1.835492727288866 -1.2869403536947979 -1.3041983159442891 -1.2451876567697715 -0.8529153759205123 -1.2464165140013805
-0.7326469600350353 -0.7336446268086696 -0.7078754559705785 -0.69349341644873 -0.735691809065138 -0.7409500604863389 -0.7602192903405159 -0.7514754695135137 -1.3742576995653177 -1.9099566266210326 -2.535699392342361 -3.095715588532639 -2.4921164984503603 -2.5168116771770186 -1.4539311226544558 -2.4527545742619243 -0.8998232838190201 -1.8402501683388865 -1.8996408917931398 -1.9832424350083457 -2.5164949837642427 -2.5950311489669744 -1.3569124534840005 -1.2336608717498123 -1.2843843981991714 -0.8207189074206567 -1.2907522769196202 -0.7891771063777218 -0.7907253305377889 -0.8117559609797775 -0.7856958758635576 -0.796168260855541 -1.1579063453110492 -1.1254232826479798 -1.2086398990351586 -1.2075236367720905 -1.1249737633288646 -1.1683268346454188 -1.1249252603600652 -1.1566584069130355 -0.709588778356066 -0.744108342493399 -0.7456482268983652 -0.739019634578235 -0.7308443798217543 -0.7447525809589949 -0.7415088827440853 -0.7441163281205921 -0.8885499473871241 -1.499693341999418 -1.3997867306607668 -2.568982149619228 -3.278578122355097 -2.0229050986510684 -0.9592148245784344 -0.8391085261122815 -1.2194501267338016 -1.2442218500506104 -1.205084741154935 -1.7860888491806912 -0.8526765150341206 -1.261772513693213 -1.7999427775170542 -0.8264092626416026 -0.7931455931809264 -0.8151616993917988 -1.2253483712450552 -0.8896248672116764 -1.2213280671483744 -2.323661472089509 -0.8883132401042737 -1.2181639311387573 -0.9221094327479791 -0.9161069262679562 -1.3389446303375878 -1.2630186099864904 -1.2930674779868063 -1.7367945661317699 -1.7631427301875697 -0.8286776267961464 -1.2433386289871828 -1.2914975471989476 -1.7975070045439334 -2.4130404166127533 -1.8258526214901443 -1.2729734362676357 -1.3053314186807163 -0.8208352208126534 -1.8201558748106197 -1.2733847038624586 -1.1533066620367844 -1.123079290535876 -0.8945502926219059 -0.8374670545657039 -0.8460685365920639 -0.814252975120208 -1.8789019285451212 -2.433102953952023 -1.88920246261093 -1.2865515241201402 -1.3648931753344837 -1.1970517273565058 -1.2767904454298207 -0.7885256857935944 -1.1993225281595175 -2.2374863398671616 -0.8141677173677982 -1.6130140859236293 -1.7946298798695868 -1.4210427395274285 -1.1807162122641368 -0.7979391399282936 -1.8121764484532101 -1.8886027014402482 -1.423903896840903 -2.677504160578571 -1.996986942077479 -1.4467758133660877 -0.8736856808937293 -1.3460047008125262 -0.865750315929249 -1.2618745592373397 -1.3191058731518512 -1.0275095535542451 -0.8341800718905154 -1.8186467426802293 -0.985450888591058 -1.7722517792975445 -0.8473323802064172 -0.8324514884899322 -1.2098425651925757 -1.272448256931272 -0.8173647661483586 -1.2858549663815069 -0.853221870927109 -1.2900413780217164 -1.2832647208081778 -1.8946004293170031 -1.341732316894265 -1.3074184533499604 -1.9303287342631967 -1.2617905200910937 -1.3309872991379903 -0.8002506563615402 -0.819609914025854 -0.8408107894624626 -1.7753730794863136 -1.2123008708287093 -0.8080499117796511 -0.8043733685445053 -1.1887846927090646 -1.0138187954987614 -1.2990269796882503 -1.806360069689016 -1.835492727288866 -1.2869403536947979 -1.3277990665163792 -1.2451876567697715 -0.8529153759205123 -1.2264826365704802
-0.7326469600350353 -0.7336446268086696 -0.7078754559705785 -0.69349341644873 -0.735691809065138 -0.7409500604863389 -0.7602192903405159 -0.7514754695135137 -1.3828265876758403 -1.9099566266210326 -2.535699392342361 -3.095715588532639 -2.5078614019467316 -2.5168116771770186 -1.5109268965334381 -2.4527545742619243 -0.8685484431897199 -1.8402501683388865 -1.8996408917931398 -1.9832424350083457 -2.5164949837642427 -2.5950311489669744 -1.3569124534840005 -1.2336608717498123 -1.2843843981991714 -0.8207189074206567 -1.2907522769196202 -0.7891771063777218 -0.7907253305377889 -0.8117559609797775 -0.7856958758635576 -0.796168260855541 -1.1579063453110492 -1.1360070301503058 -1.2316708312049582 -1.2075236367720905 -1.1249737633288646 -1.1683268346454188 -1.1249252603600652 -1.1566584069130355 -0.709588778356066 -0.744108342493399 -0.7456482268983652 -0.7349941145326337 -0.7308443798217543 -0.747435048155523 -0.758770835269951 -0.7441163281205921 -0.8885499473871241 -1.499693341999418 -1.3997867306607668 -2.568982149619228 -3.278578122355097 -2.0229050986510684 -0.9592148245784344 -0.8391085261122815 -1.2194501267338016 -1.2442218500506104 -1.205084741154935 -1.7860888491806912 -1.3267499394181377 -1.261772513693213 -1.7999427775170542 -0.8264092626416026 -0.7931455931809264 -0.8151616993917988 -1.2253483712450552 -0.8896248672116764 -1.2213280671483744 -2.3126564373343435 -0.8883132401042737 -1.2181639311387573 -0.9221094327479791 -0.9161069262679562 -1.3389446303375878 -1.2630186099864904 -1.2930674779868063 -1.7367945661317699 -1.7631427301875697 -0.8286776267961464 -1.2433386289871828 -1.2914975471989476 -1.7975070045439334 -2.4130404166127533 -1.8258526214901443 -1.2729734362676357 -1.3053314186807163 -0.8208352208126534 -1.8084028170181516 -1.2733847038624586 -1.1533066620367844 -1.123079290535876 -0.8945502926219059 -0.8374670545657039 -0.8460685365920639 -0.8044330887430504 -1.8789019285451212 -2.433102953952023 -1.88920246261093 -1.8550806054531725 -1.3648931753344837 -1.1970517273565058 -1.2767904454298207 -0.7885256857935944 -1.2058735600350514 -2.2374863398671616 -0.8141677173677982 -1.6130140859236293 -1.7839180962255485 -1.4210427395274285 -1.1807162122641368 -0.7979391399282936 -1.8121764484532101 -1.8886027014402482 -1.423903896840903 -2.677504160578571 -1.996986942077479 -1.4467758133660877 -0.8736856808937293 -1.3460047008125262 -0.865750315929249 -1.2494949712871346 -1.3191058731518512 -1.0275095535542451 -0.8341800718905154 -1.8186467426802293 -0.985450888591058 -1.7722517792975445 -0.8473323802064172 -0.8324514884899322 -1.2327209884588135 -1.272448256931272 -0.8173647661483586 -1.2858549663815069 -0.853221870927109 -1.3102464619729097 -1.2832647208081778 -1.8946004293170031 -1.341732316894265 -1.3357128238907963 -1.9303287342631967 -1.2617905200910937 -1.3309872991379903 -0.8002506563615402 -0.8346146765592604 -0.8408107894624626 -1.7753730794863136 -1.2123008708287093 -0.8080499117796511 -0.8043733685445053 -1.209467033000046 -1.0138187954987614 -1.3092132053145995 -1.806360069689016 -1.835492727288866 -1.2869403536947979 -1.3277990665163792 -1.2451876567697715 -0.8529153759205123 -1.2264826365704802
-0.7326469600350353 -0.7336446268086696 -0.7078754559705785 -0.69349341644873 -0.735691809065138 -0.7409500604863389 -0.7602192903405159 -0.7514754695135137 -1.3828265876758403 -1.9099566266210326 -2.535699392342361 -3.095715588532639 -2.5078614019467316 -2.5168116771770186 -1.5109268965334381 -2.4527545742619243 -0.8917777839885486 -1.8402501683388865 -1.8996408917931398 -1.9832424350083457 -2.5164949837642427 -2.5950311489669744 -1.3569124534840005 -1.2336608717498123 -1.2843843981991714 -0.8207189074206567 -1.2907522769196202 -0.7891771063777218 -0.7907253305377889 -0.7984340392800993 -0.7856958758635576 -0.796168260855541 -1.1579063453110492 -1.1360070301503058 -1.2316708312049582 -1.2075236367720905 -1.1249737633288646 -1.1583363374426041 -1.1249252603600652 -1.1566584069130355 -0.709588778356066 -0.744108342493399 -0.7456482268983652 -0.7349941145326337 -0.7308443798217543 -0.747435048155523 -0.758770835269951 -0.7441163281205921 -0.8754100157502831 -1.499693341999418 -1.3997867306607668 -2.568982149619228 -3.278578122355097 -2.0229050986510684 -0.9592148245784344 -0.8391085261122815 -1.2194501267338016 -1.2442218500506104 -1.192962286804528 -1.7860888491806912 -1.3267499394181377 -1.261772513693213 -1.7999427775170542 -0.8264092626416026 -0.7746054650182507 -0.8151616993917988 -1.2253483712450552 -0.8896248672116764 -1.2213280671483744 -2.3126564373343435 -0.8883132401042737 -1.2181639311387573 -0.9221094327479791 -0.9161069262679562 -1.3389446303375878 -1.2630186099864904 -1.2930674779868063 -1.7367945661317699 -1.7631427301875697 -0.8286776267961464 -1.2433386289871828 -1.2914975471989476 -1.7975070045439334 -2.4130404166127533 -1.8258526214901443 -1.2729734362676357 -1.3053314186807163 -0.8208352208126534 -1.8084028170181516 -1.2733847038624586 -1.1533066620367844 -1.123079290535876 -0.8945502926219059 -0.8374670545657039 -0.8460685365920639 -0.8044330887430504 -1.8789019285451212 -2.433102953952023 -1.88920246261093 -1.2865515241201402 -1.3648931753344837 -1.1970517273565058 -1.2767904454298207 -0.7885256857935944 -1.2058735600350514 -2.2374863398671616 -0.8141677173677982 -1.6130140859236293 -1.7839180962255485 -1.4210427395274285 -1.1807162122641368 -0.7979391399282936 -1.8121764484532101 -1.8886027014402482 -1.423903896840903 -2.677504160578571 -1.996986942077479 -1.4467758133660877 -0.8736856808937293 -1.3460047008125262 -0.865750315929249 -1.2494949712871346 -1.3191058731518512 -1.0275095535542451 -0.8341800718905154 -1.8186467426802293 -0.985450888591058 -1.7722517792975445 -0.8473323802064172 -0.8324514884899322 -1.2327209884588135 -1.272448256931272 -0.8173647661483586 -1.2858549663815069 -0.853221870927109 -1.3102464619729097 -1.2832647208081778 -1.8946004293170031 -1.341732316894265 -1.3357128238907963 -1.9303287342631967 -1.2617905200910937 -1.3309872991379903 -0.8002506563615402 -0.8346146765592604 -0.8408107894624626 -1.7753730794863136 -1.220726380240951 -0.8080499117796511 -0.8043733685445053 -1.209467033000046 -1.0138187954987614 -1.3092132053145995 -1.806360069689016 -1.835492727288866 -1.2869403536947979 -1.3277990665163792 -1.2451876567697715 -0.8529153759205123 -1.2264826365704802
-0.7326469600350353 -0.7336446268086696 -0.7078754559705785 -0.69349341644873 -0.735691809065138 -0.7409500604863389 -0.7602192903405159 -0.7514754695135137 -1.3742576995653177 -1.9099566266210326 -2.535699392342361 -3.095715588532639 -2.4921164984503603 -2.5168116771770186 -1.5109268965334381 -2.4527545742619243 -0.8685484431897199 -1.8402501683388865 -1.8996408917931398 -1.9832424350083457 -2.5164949837642427 -2.5950311489669744 -1.3569124534840005 -1.2336608717498123 -1.2843843981991714 -0.8207189074206567 -1.2907522769196202 -0.7891771063777218 -0.7907253305377889 -0.7984340392800993 -0.7856958758635576 -0.796168260855541 -1.1579063453110492 -1.1360070301503058 -1.2316708312049582 -1.2075236367720905 -1.1249737633288646 -1.1583363374426041 -1.1249252603600652 -1.1566584069130355 -0.709588778356066 -0.744108342493399 -0.7456482268983652 -0.739019634578235 -0.7308443798217543 -0.7447525809589949 -0.7649167546750214 -0.7441163281205921 -0.8754100157502831 -1.499693341999418 -1.3997867306607668 -2.568982149619228 -3.278578122355097 -2.0229050986510684 -0.9592148245784344 -0.8391085261122815 -1.2194501267338016 -1.2442218500506104 -1.192962286804528 -1.7860888491806912 -1.3267499394181377 -1.261772513693213 -1.7999427775170542 -0.8264092626416026 -0.7746054650182507 -0.8151616993917988 -1.2253483712450552 -0.8896248672116764 -1.2213280671483744 -2.323661472089509 -0.8883132401042737 -1.2181639311387573 -0.9221094327479791 -0.9161069262679562 -1.3389446303375878 -1.2630186099864904 -1.2930674779868063 -1.7367945661317699 -1.7631427301875697 -0.8286776267961464 -1.2433386289871828 -1.2914975471989476 -1.7975070045439334 -2.4130404166127533 -1.8258526214901443 -1.2729734362676357 -1.3053314186807163 -0.8618494564901656 -1.8201558748106197 -1.2733847038624586 -1.1533066620367844 -1.123079290535876 -0.8945502926219059 -0.8374670545657039 -0.8460685365920639 -0.814252975120208 -1.8789019285451212 -2.433102953952023 -1.88920246261093 -1.2865515241201402 -1.3648931753344837 -1.1970517273565058 -1.2767904454298207 -0.8225495442924274 -1.1993225281595175 -2.2374863398671616 -0.8141677173677982 -1.6130140859236293 -1.7839180962255485 -1.4210427395274285 -1.1807162122641368 -0.7979391399282936 -1.8121764484532101 -1.8886027014402482 -1.423903896840903 -2.677504160578571 -1.996986942077479 -1.4467758133660877 -0.8736856808937293 -1.3460047008125262 -0.865750315929249 -1.2494949712871346 -1.3191058731518512 -1.0275095535542451 -0.8341800718905154 -1.8186467426802293 -0.985450888591058 -1.7722517792975445 -0.8473323802064172 -0.8324514884899322 -1.2327209884588135 -1.272448256931272 -0.8173647661483586 -1.2858549663815069 -0.853221870927109 -1.2900413780217164 -1.2832647208081778 -1.8946004293170031 -1.341732316894265 -1.3357128238907963 -1.9303287342631967 -1.2617905200910937 -1.3309872991379903 -0.8002506563615402 -0.819609914025854 -0.8408107894624626 -1.7753730794863136 -1.2123008708287093 -0.8080499117796511 -0.8043733685445053 -1.1887846927090646 -1.0138187954987614 -1.3092132053145995 -1.806360069689016 -1.835492727288866 -1.2869403536947979 -1.3277990665163792 -1.2451876567697715 -0.8529153759205123 -1.2264826365704802
-0.7326469600350353 -0.7336446268086696 -0.7078754559705785 -0.69349341644873 -0.735691809065138 -0.7409500604863389 -0.7602192903405159 -0.7514754695135137 -1.3828265876758403 -1.9099566266210326 -2.535699392342361 -3.095715588532639 -2.5078614019467316 -2.5168116771770186 -1.5109268965334381 -2.4527545742619243 -0.8917777839885486 -1.8402501683388865 -1.8996408917931398 -1.9832424350083457 -2.5164949837642427 -2.5950311489669744 -1.3569124534840005 -1.2336608717498123 -1.2843843981991714 -0.8207189074206567 -1.2907522769196202 -0.7891771063777218 -0.7907253305377889 -0.7984340392800993 -0.7856958758635576 -0.796168260855541 -1.1579063453110492 -1.1360070301503058 -1.2316708312049582 -1.2075236367720905 -1.1249737633288646 -1.1683268346454188 -1.1249252603600652 -1.1453023421722903 -0.709588778356066 -0.744108342493399 -0.7456482268983652 -0.7349941145326337 -0.7371606724256807 -0.747435048155523 -0.7649167546750214 -0.7441163281205921 -0.8885499473871241 -1.499693341999418 -1.3997867306607668 -2.568982149619228 -3.278578122355097 -2.0229050986510684 -0.9592148245784344 -0.8391085261122815 -1.2194501267338016 -1.2442218500506104 -1.205084741154935 -1.7860888491806912 -1.3267499394181377 -1.261772513693213 -1.7999427775170542 -0.8264092626416026 -0.7814530738905124 -0.8151616993917988 -1.2253483712450552 -0.8896248672116764 -1.2213280671483744 -2.3126564373343435 -0.8883132401042737 -1.2181639311387573 -0.9221094327479791 -0.9161069262679562 -1.3389446303375878 -1.2630186099864904 -1.2930674779868063 -1.7367945661317699 -1.7631427301875697 -0.8286776267961464 -1.2433386289871828 -1.2914975471989476 -1.7975070045439334 -2.4130404166127533 -1.8258526214901443 -1.2729734362676357 -1.3053314186807163 -0.8618494564901656 -1.8084028170181516 -1.2733847038624586 -1.1533066620367844 -1.123079290535876 -0.8945502926219059 -0.8374670545657039 -0.8460685365920639 -0.8044330887430504 -1.8789019285451212 -2.433102953952023 -1.88920246261093 -1.2865515241201402 -1.3648931753344837 -1.1970517273565058 -1.2767904454298207 -0.8225495442924274 -1.2058735600350514 -2.2374863398671616 -0.8141677173677982 -1.6130140859236293 -1.7839180962255485 -1.4210427395274285 -1.1807162122641368 -0.7979391399282936 -1.8121764484532101 -1.8886027014402482 -1.423903896840903 -2.677504160578571 -1.996986942077479 -1.4467758133660877 -0.8736856808937293 -1.3460047008125262 -0.865750315929249 -1.2494949712871346 -1.3191058731518512 -1.0275095535542451 -0.8341800718905154 -1.8186467426802293 -0.985450888591058 -1.7722517792975445 -0.8473323802064172 -0.8324514884899322 -1.2327209884588135 -1.272448256931272 -0.8357969449124197 -1.2858549663815069 -0.853221870927109 -1.3102464619729097 -1.2832647208081778 -1.8946004293170031 -1.341732316894265 -1.3074184533499604 -1.9303287342631967 -1.2617905200910937 -1.3309872991379903 -0.8002506563615402 -0.8346146765592604 -0.8408107894624626 -1.7753730794863136 -1.220726380240951 -0.8080499117796511 -0.8043733685445053 -1.209467033000046 -1.0138187954987614 -1.3092132053145995 -1.806360069689016 -1.835492727288866 -1.2869403536947979 -1.3277990665163792 -1.2451876567697715 -0.8453173023128476 -1.2264826365704802
-0.7326469600350353 -0.7336446268086696 -0.7078754559705785 -0.69349341644873 -0.735691809065138 -0.7409500604863389 -0.7602192903405159 -0.7514754695135137 -1.3742576995653177 -1.9099566266210326 -2.535699392342361 -3.095715588532639 -2.4921164984503603 -2.5168116771770186 -1.4539311226544558 -2.4527545742619243 -0.8917777839885486 -1.8402501683388865 -1.8996408917931398 -1.9832424350083457 -2.5164949837642427 -2.5950311489669744 -1.3569124534840005 -1.2336608717498123 -1.2843843981991714 -0.8207189074206567 -1.2907522769196202 -0.7891771063777218 -0.7907253305377889 -0.7984340392800993 -0.7856958758635576 -0.796168260855541 -1.1579063453110492 -1.1254232826479798 -1.2086398990351586 -1.2075236367720905 -1.1118136533862042 -1.1683268346454188 -1.1249252603600652 -1.1566584069130355 -0.709588778356066 -0.744108342493399 -0.7456482268983652 -0.739019634578235 -0.7308443798217543 -0.7447525809589949 -0.7649167546750214 -0.7441163281205921 -0.8885499473871241 -1.499693341999418 -1.3997867306607668 -2.568982149619228 -3.278578122355097 -2.0229050986510684 -0.9592148245784344 -0.8391085261122815 -1.2194501267338016 -1.2442218500506104 -1.205084741154935 -1.7860888491806912 -1.3267499394181377 -1.261772513693213 -1.7999427775170542 -0.8264092626416026 -0.7931455931809264 -0.8151616993917988 -1.2253483712450552 -0.8896248672116764 -1.2213280671483744 -2.323661472089509 -0.8883132401042737 -1.2181639311387573 -0.9221094327479791 -0.9161069262679562 -1.3389446303375878 -1.2630186099864904 -1.2930674779868063 -1.7367945661317699 -1.7575138298667732 -0.8286776267961464 -1.2433386289871828 -1.2914975471989476 -1.7975070045439334 -2.4130404166127533 -1.8258526214901443 -1.2729734362676357 -1.3053314186807163 -0.8208352208126534 -1.8084028170181516 -1.2733847038624586 -1.1533066620367844 -1.123079290535876 -0.8945502926219059 -0.8454718570485594 -0.8460685365920639 -0.814252975120208 -1.8789019285451212 -2.433102953952023 -1.88920246261093 -1.2865515241201402 -1.3648931753344837 -1.1970517273565058 -1.2767904454298207 -0.8225495442924274 -1.1993225281595175 -2.2374863398671616 -0.8141677173677982 -1.6130140859236293 -1.7839180962255485 -1.4210427395274285 -1.1807162122641368 -0.7979391399282936 -1.8121764484532101 -1.8886027014402482 -1.423903896840903 -2.665275860371358 -1.996986942077479 -1.4467758133660877 -0.8736856808937293 -1.3460047008125262 -0.865750315929249 -1.2494949712871346 -1.3191058731518512 -1.0275095535542451 -0.8341800718905154 -1.833989896350459 -0.985450888591058 -1.7722517792975445 -0.8473323802064172 -0.8324514884899322 -1.2327209884588135 -1.272448256931272 -0.8173647661483586 -1.2858549663815069 -0.853221870927109 -1.2900413780217164 -1.2832647208081778 -1.8946004293170031 -1.341732316894265 -1.3074184533499604 -1.9303287342631967 -1.2617905200910937 -1.3309872991379903 -0.8002506563615402 -0.819609914025854 -0.8408107894624626 -1.7753730794863136 -1.2123008708287093 -0.8080499117796511 -0.8043733685445053 -1.1887846927090646 -1.0138187954987614 -1.2990269796882503 -1.806360069689016 -1.835492727288866 -1.2869403536947979 -1.3277990665163792 -1.2451876567697715 -0.8529153759205123 -1.2264826365704802
-0.7326469600350353 -0.7336446268086696 -0.7078754559705785 -0.69349341644873 -0.735691809065138 -0.7409500604863389 -0.7602192903405159 -0.7514754695135137 -1.3742576995653177 -1.9099566266210326 -2.535699392342361 -3.095715588532639 -2.4921164984503603 -2.5168116771770186 -1.5109268965334381 -2.4527545742619243 -0.8685484431897199 -1.8402501683388865 -1.8996408917931398 -1.9832424350083457 -2.5164949837642427 -2.5950311489669744 -1.3569124534840005 -1.2336608717498123 -1.2843843981991714 -0.8207189074206567 -1.2907522769196202 -0.7891771063777218 -0.7907253305377889 -0.8117559609797775 -0.7856958758635576 -0.796168260855541 -1.1579063453110492 -1.1360070301503058 -1.2086398990351586 -1.2075236367720905 -1.1249737633288646 -1.1683268346454188 -1.1249252603600652 -1.1566584069130355 -0.709588778356066 -0.744108342493399 -0.7456482268983652 -0.739019634578235 -0.7308443798217543 -0.7447525809589949 -0.7649167546750214 -0.7441163281205921 -0.8885499473871241 -1.499693341999418 -1.3997867306607668 -2.568982149619228 -3.278578122355097 -2.0229050986510684 -0.9592148245784344 -0.8391085261122815 -1.2194501267338016 -1.2442218500506104 -1.205084741154935 -1.7860888491806912 -1.3267499394181377 -1.261772513693213 -1.7999427775170542 -0.8264092626416026 -0.7931455931809264 -0.8151616993917988 -1.2253483712450552 -0.8896248672116764 -1.2213280671483744 -2.323661472089509 -0.8883132401042737 -1.2181639311387573 -0.9221094327479791 -0.9161069262679562 -1.3389446303375878 -1.2630186099864904 -1.2930674779868063 -1.7367945661317699 -1.7631427301875697 -0.8286776267961464 -1.2433386289871828 -1.2914975471989476 -1.7975070045439334 -2.4130404166127533 -1.8258526214901443 -1.2729734362676357 -1.3053314186807163 -0.8618494564901656 -1.8084028170181516 -1.2733847038624586 -1.1533066620367844 -1.123079290535876 -0.8945502926219059 -0.8374670545657039 -0.8460685365920639 -0.814252975120208 -1.8789019285451212 -2.433102953952023 -1.88920246261093 -1.2865515241201402 -1.3648931753344837 -1.1970517273565058 -1.2767904454298207 -0.8225495442924274 -1.1993225281595175 -2.2374863398671616 -0.8316245506614903 -1.6130140859236293 -1.7839180962255485 -1.4210427395274285 -1.1807162122641368 -0.7979391399282936 -1.8121764484532101 -1.8886027014402482 -1.423903896840903 -2.677504160578571 -1.996986942077479 -1.4467758133660877 -0.8736856808937293 -1.3460047008125262 -0.865750315929249 -1.2618745592373397 -1.3191058731518512 -1.0275095535542451 -0.8341800718905154 -1.8186467426802293 -0.985450888591058 -1.7722517792975445 -0.8473323802064172 -0.8324514884899322 -1.2327209884588135 -1.272448256931272 -0.8173647661483586 -1.2858549663815069 -0.853221870927109 -1.2900413780217164 -1.2832647208081778 -1.8946004293170031 -1.341732316894265 -1.3074184533499604 -1.9303287342631967 -1.2617905200910937 -1.3309872991379903 -0.8002506563615402 -0.819609914025854 -0.8408107894624626 -1.7753730794863136 -1.2123008708287093 -0.8080499117796511 -0.8043733685445053 -1.1887846927090646 -1.0138187954987614 -1.2990269796882503 -1.806360069689016 -1.835492727288866 -1.2869403536947979 -1.3277990665163792 -1.2451876567697715 -0.8529153759205123 -1.2264826365704802
-0.7326469600350353 -0.7336446268086696 -0.7078754559705785 -0.69349341644873 -0.735691809065138 -0.7409500604863389 -0.7602192903405159 -0.7514754695135137 -1.3828265876758403 -1.9099566266210326 -2.535699392342361 -3.095715588532639 -2.4921164984503603 -2.5168116771770186 -1.5109268965334381 -2.4527545742619243 -0.8917777839885486 -1.8402501683388865 -1.8996408917931398 -1.9832424350083457 -2.5164949837642427 -2.5950311489669744 -1.3569124534840005 -1.2336608717498123 -1.2843843981991714 -0.8207189074206567 -1.2907522769196202 -0.7891771063777218 -0.7907253305377889 -0.8117559609797775 -0.7856958758635576 -0.796168260855541 -1.1579063453110492 -1.1360070301503058 -1.2316708312049582 -1.2075236367720905 -1.1249737633288646 -1.1683268346454188 -1.1249252603600652 -1.1566584069130355 -0.709588778356066 -0.744108342493399 -0.7456482268983652 -0.739019634578235 -0.7308443798217543 -0.747435048155523 -0.7649167546750214 -0.7441163281205921 -0.8885499473871241 -1.499693341999418 -1.3997867306607668 -2.568982149619228 -3.278578122355097 -2.0229050986510684 -0.9592148245784344 -0.8391085261122815 -1.2194501267338016 -1.2442218500506104 -1.205084741154935 -1.7860888491806912 -1.3267499394181377 -1.261772513693213 -1.7999427775170542 -0.8264092626416026 -0.7931455931809264 -0.8151616993917988 -1.2253483712450552 -0.8896248672116764 -1.2213280671483744 -2.3126564373343435 -0.8883132401042737 -1.2181639311387573 -0.9221094327479791 -0.9161069262679562 -1.3389446303375878 -1.2630186099864904 -1.2930674779868063 -1.7367945661317699 -1.7631427301875697 -0.8286776267961464 -1.2433386289871828 -1.2914975471989476 -1.7975070045439334 -2.4130404166127533 -1.8258526214901443 -1.2729734362676357 -1.3053314186807163 -0.8208352208126534 -1.8201558748106197 -1.2733847038624586 -1.1533066620367844 -1.123079290535876 -0.8945502926219059 -0.8374670545657039 -0.8460685365920639 -0.8044330887430504 -1.8789019285451212 -2.433102953952023 -1.88920246261093 -1.2865515241201402 -1.3648931753344837 -1.1970517273565058 -1.2767904454298207 -0.8225495442924274 -1.1993225281595175 -2.2374863398671616 -0.8316245506614903 -1.6130140859236293 -1.7839180962255485 -1.4210427395274285 -1.1807162122641368 -0.7979391399282936 -1.8121764484532101 -1.8886027014402482 -1.423903896840903 -2.677504160578571 -1.996986942077479 -1.4467758133660877 -0.8859845795340938 -1.3460047008125262 -0.865750315929249 -1.2618745592373397 -1.3191058731518512 -1.0275095535542451 -0.8341800718905154 -1.8186467426802293 -0.985450888591058 -1.7722517792975445 -0.8473323802064172 -0.8324514884899322 -1.2327209884588135 -1.272448256931272 -0.8173647661483586 -1.2858549663815069 -0.853221870927109 -1.2900413780217164 -1.2832647208081778 -1.8946004293170031 -1.341732316894265 -1.3074184533499604 -1.9303287342631967 -1.2617905200910937 -1.3309872991379903 -0.8002506563615402 -0.8346146765592604 -0.8408107894624626 -1.7753730794863136 -1.2123008708287093 -0.8080499117796511 -0.8043733685445053 -1.209467033000046 -1.0138187954987614 -1.2990269796882503 -1.806360069689016 -1.835492727288866 -1.2869403536947979 -1.3277990665163792 -1.2451876567697715 -0.8529153759205123 -1.2264826365704802
-0.7326469600350353 -0.7336446268086696 -0.7078754559705785 -0.69349341644873 -0.735691809065138 -0.7409500604863389 -0.7602192903405159 -0.7514754695135137 -1.3828265876758403 -1.9099566266210326 -2.535699392342361 -3.095715588532639 -2.4921164984503603 -2.5168116771770186 -1.5109268965334381 -2.4527545742619243 -0.8685484431897199 -1.8402501683388865 -1.8996408917931398 -1.9832424350083457 -2.5164949837642427 -2.5950311489669744 -1.3569124534840005 -1.2336608717498123 -1.2843843981991714 -0.8207189074206567 -1.2907522769196202 -0.7891771063777218 -0.7907253305377889 -0.7984340392800993 -0.7856958758635576 -0.796168260855541 -1.1579063453110492 -1.1360070301503058 -1.2316708312049582 -1.2075236367720905 -1.1249737633288646 -1.1683268346454188 -1.1249252603600652 -1.1566584069130355 -0.709588778356066 -0.744108342493399 -0.7456482268983652 -0.739019634578235 -0.7308443798217543 -0.747435048155523 -0.7649167546750214 -0.7441163281205921 -0.8885499473871241 -1.499693341999418 -1.3997867306607668 -2.568982149619228 -3.278578122355097 -2.0229050986510684 -0.9592148245784344 -0.8391085261122815 -1.2194501267338016 -1.2442218500506104 -1.205084741154935 -1.7860888491806912 -1.3267499394181377 -1.261772513693213 -1.7999427775170542 -0.8264092626416026 -0.7931455931809264 -0.8151616993917988 -1.2253483712450552 -0.8896248672116764 -1.2213280671483744 -2.3126564373343435 -0.8883132401042737 -1.2181639311387573 -0.9221094327479791 -0.9161069262679562 -1.3389446303375878 -1.2630186099864904 -1.2930674779868063 -1.7367945661317699 -1.7631427301875697 -0.8286776267961464 -1.2433386289871828 -1.2914975471989476 -1.7975070045439334 -2.4130404166127533 -1.8258526214901443 -1.2729734362676357 -1.3053314186807163 -0.8618494564901656 -1.8084028170181516 -1.2733847038624586 -1.1533066620367844 -1.123079290535876 -0.8945502926219059 -0.8374670545657039 -0.8460685365920639 -0.8044330887430504 -1.8789019285451212 -2.433102953952023 -1.88920246261093 -1.2865515241201402 -1.3648931753344837 -1.1970517273565058 -1.2767904454298207 -0.8225495442924274 -1.1993225281595175 -2.2374863398671616 -0.8316245506614903 -1.6130140859236293 -1.7839180962255485 -1.4210427395274285 -1.1807162122641368 -0.7979391399282936 -1.8121764484532101 -1.8886027014402482 -1.423903896840903 -2.677504160578571 -1.996986942077479 -1.4467758133660877 -0.8736856808937293 -1.3460047008125262 -0.865750315929249 -1.2494949712871346 -1.3191058731518512 -1.0275095535542451 -0.8341800718905154 -1.8186467426802293 -0.985450888591058 -1.7722517792975445 -0.8473323802064172 -0.8324514884899322 -1.2327209884588135 -1.272448256931272 -0.8173647661483586 -1.2858549663815069 -0.853221870927109 -1.2900413780217164 -1.2832647208081778 -1.8946004293170031 -1.341732316894265 -1.3074184533499604 -1.9303287342631967 -1.2617905200910937 -1.3309872991379903 -0.8002506563615402 -0.8346146765592604 -0.8408107894624626 -1.7753730794863136 -1.2123008708287093 -0.8080499117796511 -0.8043733685445053 -1.209467033000046 -1.0138187954987614 -1.2990269796882503 -1.806360069689016 -1.835492727288866 -1.2869403536947979 -1.3277990665163792 -1.2451876567697715 -0.8529153759205123 -1.2264826365704802
-0.7326469600350353 -0.7336446268086696 -0.7078754559705785 -0.69349341644873 -0.735691809065138 -0.7409500604863389 -0.7602192903405159 -0.7514754695135137 -1.3828265876758403 -1.9099566266210326 -2.535699392342361 -3.095715588532639 -2.4921164984503603 -2.5168116771770186 -1.5109268965334381 -2.4527545742619243 -0.8917777839885486 -1.8402501683388865 -1.8996408917931398 -1.9832424350083457 -2.5164949837642427 -2.5950311489669744 -1.3569124534840005 -1.2336608717498123 -1.2843843981991714 -0.8207189074206567 -1.2907522769196202 -0.7891771063777218 -0.7907253305377889 -0.7984340392800993 -0.7856958758635576 -0.796168260855541 -1.1579063453110492 -1.1360070301503058 -1.2086398990351586 -1.2075236367720905 -1.1249737633288646 -1.1683268346454188 -1.1249252603600652 -1.1566584069130355 -0.709588778356066 -0.744108342493399 -0.7456482268983652 -0.739019634578235 -0.7308443798217543 -0.747435048155523 -0.7649167546750214 -0.7441163281205921 -0.8885499473871241 -1.499693341999418 -1.3997867306607668 -2.568982149619228 -3.278578122355097 -2.0229050986510684 -0.9592148245784344 -0.8391085261122815 -1.2194501267338016 -1.2442218500506104 -1.205084741154935 -1.7860888491806912 -1.3267499394181377 -1.261772513693213 -1.7999427775170542 -0.8264092626416026 -0.7931455931809264 -0.8151616993917988 -1.2253483712450552 -0.8896248672116764 -1.2213280671483744 -2.3126564373343435 -0.8883132401042737 -1.2181639311387573 -0.9221094327479791 -0.9161069262679562 -1.3389446303375878 -1.2630186099864904 -1.2930674779868063 -1.7367945661317699 -1.7631427301875697 -0.8286776267961464 -1.2433386289871828 -1.2914975471989476 -1.7975070045439334 -2.4130404166127533 -1.8258526214901443 -1.2729734362676357 -1.3053314186807163 -0.8208352208126534 -1.8084028170181516 -1.2733847038624586 -1.1533066620367844 -1.123079290535876 -0.8945502926219059 -0.8374670545657039 -0.8460685365920639 -0.8044330887430504 -1.8789019285451212 -2.433102953952023 -1.88920246261093 -1.2865515241201402 -1.3648931753344837 -1.1970517273565058 -1.2767904454298207 -0.8225495442924274 -1.1993225281595175 -2.2374863398671616 -0.8316245506614903 -1.6130140859236293 -1.7839180962255485 -1.4210427395274285 -1.1807162122641368 -0.7979391399282936 -1.8121764484532101 -1.8886027014402482 -1.423903896840903 -2.665275860371358 -1.996986942077479 -1.4467758133660877 -0.8736856808937293 -1.3460047008125262 -0.865750315929249 -1.2494949712871346 -1.3191058731518512 -1.0275095535542451 -0.8341800718905154 -1.8186467426802293 -0.985450888591058 -1.7722517792975445 -0.8473323802064172 -0.8324514884899322 -1.2327209884588135 -1.272448256931272 -0.8173647661483586 -1.2858549663815069 -0.853221870927109 -1.2900413780217164 -1.2832647208081778 -1.8946004293170031 -1.341732316894265 -1.3074184533499604 -1.9303287342631967 -1.2617905200910937 -1.3309872991379903 -0.8002506563615402 -0.8346146765592604 -0.8408107894624626 -1.7753730794863136 -1.2123008708287093 -0.8080499117796511 -0.8043733685445053 -1.209467033000046 -1.0138187954987614 -1.2990269796882503 -1.806360069689016 -1.835492727288866 -1.2869403536947979 -1.3277990665163792 -1.2451876567697715 -0.8529153759205123 -1.2264826365704802
-0.7326469600350353 -0.7336446268086696 -0.7078754559705785 -0.69349341644873 -0.735691809065138 -0.7409500604863389 -0.7602192903405159 -0.7514754695135137 -1.3742576995653177 -1.9099566266210326 -2.535699392342361 -3.095715588532639 -2.4921164984503603 -2.5168116771770186 -1.5109268965334381 -2.4527545742619243 -0.8917777839885486 -1.8402501683388865 -1.8996408917931398 -1.9832424350083457 -2.5164949837642427 -2.5950311489669744 -1.3569124534840005 -1.2336608717498123 -1.2843843981991714 -0.8207189074206567 -1.2907522769196202 -0.7891771063777218 -0.7907253305377889 -0.7984340392800993 -0.7856958758635576 -0.796168260855541 -1.1579063453110492 -1.1360070301503058 -1.2086398990351586 -1.2075236367720905 -1.1118136533862042 -1.1683268346454188 -1.1249252603600652 -1.1566584069130355 -0.709588778356066 -0.744108342493399 -0.7456482268983652 -0.739019634578235 -0.7308443798217543 -0.7447525809589949 -0.7649167546750214 -0.7441163281205921 -0.8885499473871241 -1.499693341999418 -1.3997867306607668 -2.568982149619228 -3.278578122355097 -2.0229050986510684 -0.9592148245784344 -0.8391085261122815 -1.2194501267338016 -1.2442218500506104 -1.205084741154935 -1.7860888491806912 -1.3267499394181377 -1.261772513693213 -1.7999427775170542 -0.8264092626416026 -0.7931455931809264 -0.8151616993917988 -1.2253483712450552 -0.8896248672116764 -1.2213280671483744 -2.323661472089509 -0.8883132401042737 -1.2181639311387573 -0.9221094327479791 -0.9161069262679562 -1.3389446303375878 -1.2630186099864904 -1.2930674779868063 -1.7367945661317699 -1.7631427301875697 -0.8286776267961464 -1.2433386289871828 -1.2914975471989476 -1.7975070045439334 -2.4130404166127533 -1.8258526214901443 -1.2729734362676357 -1.3053314186807163 -0.8208352208126534 -1.8084028170181516 -1.2733847038624586 -1.1533066620367844 -1.123079290535876 -0.8945502926219059 -0.8374670545657039 -0.8460685365920639 -0.814252975120208 -1.8789019285451212 -2.433102953952023 -1.88920246261093 -1.2865515241201402 -1.3648931753344837 -1.1970517273565058 -1.2767904454298207 -0.8225495442924274 -1.1993225281595175 -2.2374863398671616 -0.8316245506614903 -1.6130140859236293 -1.7839180962255485 -1.4210427395274285 -1.1807162122641368 -0.7979391399282936 -1.8121764484532101 -1.8886027014402482 -1.423903896840903 -2.665275860371358 -1.996986942077479 -1.4467758133660877 -0.8736856808937293 -1.3460047008125262 -0.865750315929249 -1.2494949712871346 -1.3191058731518512 -1.0275095535542451 -0.8341800718905154 -1.8186467426802293 -0.985450888591058 -1.7722517792975445 -0.8473323802064172 -0.8324514884899322 -1.2327209884588135 -1.272448256931272 -0.8173647661483586 -1.2858549663815069 -0.853221870927109 -1.3102464619729097 -1.2832647208081778 -1.8946004293170031 -1.341732316894265 -1.3357128238907963 -1.9969538633156143 -1.2617905200910937 -1.3309872991379903 -0.8002506563615402 -0.819609914025854 -0.8408107894624626 -1.7753730794863136 -1.2123008708287093 -0.8080499117796511 -0.8043733685445053 -1.1887846927090646 -1.0138187954987614 -1.2990269796882503 -1.806360069689016 -1.835492727288866 -1.2869403536947979 -1.3277990665163792 -1.2451876567697715 -0.8529153759205123 -1.2264826365704802
-0.7326469600350353 -0.7336446268086696 -0.7078754559705785 -0.69349341644873 -0.735691809065138 -0.7409500604863389 -0.7602192903405159 -0.7405385739733916 -1.3742576995653177 -1.9099566266210326 -2.535699392342361 -3.095715588532639 -2.4921164984503603 -2.5168116771770186 -1.5109268965334381 -2.4527545742619243 -0.8917777839885486 -1.8402501683388865 -1.8996408917931398 -1.9832424350083457 -2.5164949837642427 -2.5950311489669744 -1.3569124534840005 -1.2336608717498123 -1.2843843981991714 -0.8207189074206567 -1.2907522769196202 -0.7891771063777218 -0.7907253305377889 -0.7984340392800993 -0.7856958758635576 -0.796168260855541 -1.1579063453110492 -1.1360070301503058 -1.2086398990351586 -1.2075236367720905 -1.1118136533862042 -1.1583363374426041 -1.1249252603600652 -1.1566584069130355 -0.709588778356066 -0.744108342493399 -0.7456482268983652 -0.739019634578235 -0.7308443798217543 -0.7447525809589949 -0.7649167546750214 -0.7441163281205921 -0.8885499473871241 -1.499693341999418 -1.3997867306607668 -2.568982149619228 -3.278578122355097 -2.0229050986510684 -0.9592148245784344 -0.8391085261122815 -1.2194501267338016 -1.2442218500506104 -1.192962286804528 -1.7860888491806912 -1.3267499394181377 -1.261772513693213 -1.7999427775170542 -0.8264092626416026 -0.7746054650182507 -0.8151616993917988 -1.2253483712450552 -0.8896248672116764 -1.2213280671483744 -2.323661472089509 -0.8883132401042737 -1.2181639311387573 -0.9221094327479791 -0.9161069262679562 -1.3389446303375878 -1.2630186099864904 -1.2930674779868063 -1.7367945661317699 -1.7631427301875697 -0.8286776267961464 -1.2433386289871828 -1.2914975471989476 -1.7975070045439334 -2.4130404166127533 -1.8258526214901443 -1.2729734362676357 -1.3053314186807163 -0.8208352208126534 -1.8084028170181516 -1.2733847038624586 -1.1533066620367844 -1.123079290535876 -0.8945502926219059 -0.8374670545657039 -0.8460685365920639 -0.814252975120208 -1.8789019285451212 -2.433102953952023 -1.88920246261093 -1.2865515241201402 -1.3648931753344837 -1.1970517273565058 -1.2767904454298207 -0.8225495442924274 -1.1993225281595175 -2.2374863398671616 -0.8316245506614903 -1.6130140859236293 -1.7839180962255485 -1.4210427395274285 -1.1807162122641368 -0.7979391399282936 -1.8121764484532101 -1.8886027014402482 -1.423903896840903 -2.677504160578571 -1.996986942077479 -1.4467758133660877 -0.8736856808937293 -1.3460047008125262 -0.865750315929249 -1.2494949712871346 -1.3191058731518512 -1.0275095535542451 -0.8341800718905154 -1.8186467426802293 -0.985450888591058 -1.7722517792975445 -0.8473323802064172 -0.8324514884899322 -1.2327209884588135 -1.272448256931272 -0.8173647661483586 -1.2858549663815069 -0.853221870927109 -1.3102464619729097 -1.2832647208081778 -1.8946004293170031 -1.341732316894265 -1.3357128238907963 -1.9303287342631967 -1.2617905200910937 -1.3309872991379903 -0.8002506563615402 -0.819609914025854 -0.8408107894624626 -1.7753730794863136 -1.2123008708287093 -0.8080499117796511 -0.8043733685445053 -1.1887846927090646 -1.0138187954987614 -1.2990269796882503 -1.806360069689016 -1.835492727288866 -1.2869403536947979 -1.3277990665163792 -1.2451876567697715 -0.8529153759205123 -1.2264826365704802
-0.7326469600350353 -0.7336446268086696 -0.7078754559705785 -0.69349341644873 -0.735691809065138 -0.7409500604863389 -0.7602192903405159 -0.7514754695135137 -1.3742576995653177 -1.9099566266210326 -2.535699392342361 -3.095715588532639 -2.4921164984503603 -2.5168116771770186 -1.5109268965334381 -2.4527545742619243 -0.8917777839885486 -1.8402501683388865 -1.8996408917931398 -1.9832424350083457 -2.5164949837642427 -2.5950311489669744 -1.3569124534840005 -1.2336608717498123 -1.2843843981991714 -0.8207189074206567 -1.2907522769196202 -0.7891771063777218 -0.7907253305377889 -0.7984340392800993 -0.7856958758635576 -0.796168260855541 -1.1579063453110492 -1.1360070301503058 -1.2316708312049582 -1.2075236367720905 -1.1249737633288646 -1.1683268346454188 -1.1249252603600652 -1.1566584069130355 -0.709588778356066 -0.744108342493399 -0.7456482268983652 -0.739019634578235 -0.7308443798217543 -0.7447525809589949 -0.7649167546750214 -0.7441163281205921 -0.8885499473871241 -1.499693341999418 -1.3997867306607668 -2.568982149619228 -3.278578122355097 -2.0229050986510684 -0.9592148245784344 -0.8391085261122815 -1.2194501267338016 -1.2442218500506104 -1.205084741154935 -1.7860888491806912 -1.3267499394181377 -1.261772513693213 -1.7999427775170542 -0.8264092626416026 -0.7814530738905124 -0.8151616993917988 -1.2253483712450552 -0.8896248672116764 -1.2213280671483744 -2.323661472089509 -0.8883132401042737 -1.2181639311387573 -0.9221094327479791 -0.9161069262679562 -1.3389446303375878 -1.2630186099864904 -1.2930674779868063 -1.7367945661317699 -1.7631427301875697 -0.8286776267961464 -1.2433386289871828 -1.2914975471989476 -1.7975070045439334 -2.4130404166127533 -1.8258526214901443 -1.2729734362676357 -1.3053314186807163 -0.8208352208126534 -1.8084028170181516 -1.2733847038624586 -1.1533066620367844 -1.123079290535876 -0.8945502926219059 -0.8374670545657039 -0.8460685365920639 -0.814252975120208 -1.8789019285451212 -2.433102953952023 -1.88920246261093 -1.2865515241201402 -1.3648931753344837 -1.1970517273565058 -1.2767904454298207 -0.8225495442924274 -1.1993225281595175 -2.2374863398671616 -0.8316245506614903 -1.6130140859236293 -1.7839180962255485 -1.4210427395274285 -1.1807162122641368 -0.7979391399282936 -1.8121764484532101 -1.8886027014402482 -1.423903896840903 -2.677504160578571 -1.996986942077479 -1.4467758133660877 -0.8736856808937293 -1.3460047008125262 -0.865750315929249 -1.2494949712871346 -1.3191058731518512 -1.0275095535542451 -0.8341800718905154 -1.8186467426802293 -0.985450888591058 -1.7722517792975445 -0.8473323802064172 -0.8324514884899322 -1.2327209884588135 -1.272448256931272 -0.8173647661483586 -1.2858549663815069 -0.853221870927109 -1.2900413780217164 -1.2832647208081778 -1.8946004293170031 -1.341732316894265 -1.3074184533499604 -1.9303287342631967 -1.2617905200910937 -1.3309872991379903 -0.8002506563615402 -0.819609914025854 -0.8408107894624626 -1.7753730794863136 -1.2123008708287093 -0.8080499117796511 -0.8043733685445053 -1.1887846927090646 -1.0138187954987614 -1.3092132053145995 -1.806360069689016 -1.835492727288866 -1.2869403536947979 -1.3277990665163792 -1.2451876567697715 -0.8529153759205123 -1.2264826365704802
-0.7326469600350353 -0.7336446268086696 -0.7078754559705785 -0.69349341644873 -0.7312022736238929 -0.7409500604863389 -0.7602192903405159 -0.7514754695135137 -1.3828265876758403 -1.9099566266210326 -2.535699392342361 -3.095715588532639 -2.4921164984503603 -2.5168116771770186 -1.5109268965334381 -2.4527545742619243 -0.8917777839885486 -1.8402501683388865 -1.8996408917931398 -1.9832424350083457 -2.5164949837642427 -2.5950311489669744 -1.3569124534840005 -1.2336608717498123 -1.2843843981991714 -0.8207189074206567 -1.2907522769196202 -0.7891771063777218 -0.7907253305377889 -0.7984340392800993 -0.7856958758635576 -0.796168260855541 -1.1579063453110492 -1.1360070301503058 -1.2316708312049582 -1.2075236367720905 -1.1249737633288646 -1.1583363374426041 -1.1249252603600652 -1.1566584069130355 -0.709588778356066 -0.744108342493399 -0.7456482268983652 -0.739019634578235 -0.7308443798217543 -0.747435048155523 -0.7649167546750214 -0.7441163281205921 -0.8885499473871241 -1.499693341999418 -1.3997867306607668 -2.568982149619228 -3.278578122355097 -2.0229050986510684 -0.9592148245784344 -0.8391085261122815 -1.2194501267338016 -1.2442218500506104 -1.192962286804528 -1.7860888491806912 -1.3267499394181377 -1.261772513693213 -1.7999427775170542 -0.8264092626416026 -0.7862305586905781 -0.8151616993917988 -1.2253483712450552 -0.8896248672116764 -1.2213280671483744 -2.323661472089509 -0.8883132401042737 -1.2181639311387573 -0.9221094327479791 -0.9161069262679562 -1.3389446303375878 -1.2630186099864904 -1.2930674779868063 -1.7367945661317699 -1.7631427301875697 -0.8286776267961464 -1.2433386289871828 -1.2914975471989476 -1.7975070045439334 -2.4130404166127533 -1.8258526214901443 -1.2729734362676357 -1.3053314186807163 -0.8208352208126534 -1.8084028170181516 -1.2733847038624586 -1.1533066620367844 -1.123079290535876 -0.8945502926219059 -0.8374670545657039 -0.8460685365920639 -0.814252975120208 -1.8789019285451212 -2.433102953952023 -1.88920246261093 -1.2865515241201402 -1.3648931753344837 -1.1970517273565058 -1.2767904454298207 -0.8225495442924274 -1.1993225281595175 -2.2374863398671616 -0.8316245506614903 -1.6130140859236293 -1.7839180962255485 -1.4210427395274285 -1.1807162122641368 -0.7979391399282936 -1.8121764484532101 -1.8886027014402482 -1.423903896840903 -2.677504160578571 -1.996986942077479 -1.4467758133660877 -0.8736856808937293 -1.3460047008125262 -0.865750315929249 -1.2494949712871346 -1.3191058731518512 -1.0275095535542451 -0.8341800718905154 -1.8186467426802293 -0.985450888591058 -1.7722517792975445 -0.8473323802064172 -0.8324514884899322 -1.2327209884588135 -1.272448256931272 -0.8173647661483586 -1.2858549663815069 -0.853221870927109 -1.3102464619729097 -1.2832647208081778 -1.8946004293170031 -1.341732316894265 -1.3357128238907963 -1.9303287342631967 -1.2617905200910937 -1.3309872991379903 -0.8002506563615402 -0.819609914025854 -0.8408107894624626 -1.7753730794863136 -1.2123008708287093 -0.8080499117796511 -0.8043733685445053 -1.1887846927090646 -1.0138187954987614 -1.2990269796882503 -1.806360069689016 -1.835492727288866 -1.2869403536947979 -1.3277990665163792 -1.2451876567697715 -0.8529153759205123 -1.2264826365704802
-0.7326469600350353 -0.7336446268086696 -0.7078754559705785 -0.69349341644873 -0.7312022736238929 -0.7409500604863389 -0.7602192903405159 -0.7514754695135137 -1.3742576995653177 -1.9099566266210326 -2.535699392342361 -3.095715588532639 -2.4921164984503603 -2.5168116771770186 -1.5109268965334381 -2.4527545742619243 -0.8917777839885486 -1.8402501683388865 -1.8996408917931398 -1.9832424350083457 -2.5164949837642427 -2.5950311489669744 -1.3569124534840005 -1.2336608717498123 -1.2843843981991714 -0.8207189074206567 -1.2907522769196202 -0.7891771063777218 -0.7907253305377889 -0.7984340392800993 -0.7856958758635576 -0.796168260855541 -1.1579063453110492 -1.1360070301503058 -1.2086398990351586 -1.2075236367720905 -1.1118136533862042 -1.1683268346454188 -1.1249252603600652 -1.1566584069130355 -0.709588778356066 -0.744108342493399 -0.7456482268983652 -0.739019634578235 -0.7308443798217543 -0.7447525809589949 -0.7649167546750214 -0.7441163281205921 -0.8885499473871241 -1.499693341999418 -1.3997867306607668 -2.568982149619228 -3.278578122355097 -2.0229050986510684 -0.9592148245784344 -0.8391085261122815 -1.2194501267338016 -1.2442218500506104 -1.205084741154935 -1.7860888491806912 -1.3267499394181377 -1.261772513693213 -1.7999427775170542 -0.8264092626416026 -0.7814530738905124 -0.8151616993917988 -1.2253483712450552 -0.8896248672116764 -1.2213280671483744 -2.323661472089509 -0.8883132401042737 -1.2181639311387573 -0.9221094327479791 -0.9161069262679562 -1.3389446303375878 -1.2630186099864904 -1.2930674779868063 -1.7367945661317699 -1.7631427301875697 -0.8286776267961464 -1.2433386289871828 -1.2914975471989476 -1.7975070045439334 -2.4130404166127533 -1.8258526214901443 -1.2729734362676357 -1.3053314186807163 -0.8618494564901656 -1.8084028170181516 -1.2733847038624586 -1.1533066620367844 -1.123079290535876 -0.8945502926219059 -0.8374670545657039 -0.8460685365920639 -0.814252975120208 -1.8789019285451212 -2.433102953952023 -1.88920246261093 -1.2865515241201402 -1.3648931753344837 -1.1970517273565058 -1.2767904454298207 -0.8225495442924274 -1.1993225281595175 -2.2374863398671616 -0.8316245506614903 -1.6130140859236293 -1.7839180962255485 -1.4210427395274285 -1.1807162122641368 -0.7979391399282936 -1.8121764484532101 -1.8886027014402482 -1.423903896840903 -2.665275860371358 -1.996986942077479 -1.4467758133660877 -0.8736856808937293 -1.3460047008125262 -0.865750315929249 -1.2618745592373397 -1.3191058731518512 -1.0275095535542451 -0.8341800718905154 -1.8186467426802293 -0.985450888591058 -1.7722517792975445 -0.8473323802064172 -0.8324514884899322 -1.2327209884588135 -1.272448256931272 -0.8173647661483586 -1.2858549663815069 -0.853221870927109 -1.3102464619729097 -1.2832647208081778 -1.8946004293170031 -1.341732316894265 -1.3357128238907963 -1.9303287342631967 -1.2617905200910937 -1.3309872991379903 -0.8002506563615402 -0.819609914025854 -0.8408107894624626 -1.7753730794863136 -1.2123008708287093 -0.8080499117796511 -0.8043733685445053 -1.1887846927090646 -1.0138187954987614 -1.2990269796882503 -1.806360069689016 -1.835492727288866 -1.2869403536947979 -1.3277990665163792 -1.2451876567697715 -0.8529153759205123 -1.2264826365704802
-0.7326469600350353 -0.7336446268086696 -0.7078754559705785 -0.69349341644873 -0.735691809065138 -0.7409500604863389 -0.7602192903405159 -0.7514754695135137 -1.3828265876758403 -1.9099566266210326 -2.535699392342361 -3.095715588532639 -2.4921164984503603 -2.5168116771770186 -1.5109268965334381 -2.4527545742619243 -0.8917777839885486 -1.8402501683388865 -1.8996408917931398 -1.9832424350083457 -2.5164949837642427 -2.5950311489669744 -1.3569124534840005 -1.2336608717498123 -1.2843843981991714 -0.8207189074206567 -1.2907522769196202 -0.7891771063777218 -0.7907253305377889 -0.7984340392800993 -0.7856958758635576 -0.796168260855541 -1.1579063453110492 -1.1360070301503058 -1.2316708312049582 -1.2075236367720905 -1.1249737633288646 -1.1583363374426041 -1.1249252603600652 -1.1566584069130355 -0.709588778356066 -0.744108342493399 -0.7456482268983652 -0.739019634578235 -0.7351025811251864 -0.747435048155523 -0.7649167546750214 -0.7441163281205921 -0.8885499473871241 -1.499693341999418 -1.3997867306607668 -2.568982149619228 -3.278578122355097 -2.0229050986510684 -0.9592148245784344 -0.8391085261122815 -1.2194501267338016 -1.2442218500506104 -1.192962286804528 -1.7860888491806912 -1.3267499394181377 -1.261772513693213 -1.7999427775170542 -0.8264092626416026 -0.7746054650182507 -0.8151616993917988 -1.2253483712450552 -0.8896248672116764 -1.2213280671483744 -2.323661472089509 -0.8883132401042737 -1.2181639311387573 -0.9221094327479791 -0.9161069262679562 -1.3389446303375878 -1.2630186099864904 -1.2930674779868063 -1.7367945661317699 -1.7631427301875697 -0.8286776267961464 -1.2433386289871828 -1.2914975471989476 -1.7975070045439334 -2.4130404166127533 -1.8258526214901443 -1.2729734362676357 -1.3053314186807163 -0.8208352208126534 -1.8084028170181516 -1.2733847038624586 -1.1533066620367844 -1.123079290535876 -0.8945502926219059 -0.8374670545657039 -0.8460685365920639 -0.8219531109405104 -1.8789019285451212 -2.433102953952023 -1.88920246261093 -1.2865515241201402 -1.3648931753344837 -1.1970517273565058 -1.2767904454298207 -0.8225495442924274 -1.1993225281595175 -2.2374863398671616 -0.8316245506614903 -1.6130140859236293 -1.7839180962255485 -1.4210427395274285 -1.1807162122641368 -0.7979391399282936 -1.8121764484532101 -1.8886027014402482 -1.423903896840903 -2.677504160578571 -1.996986942077479 -1.4467758133660877 -0.8736856808937293 -1.3460047008125262 -0.865750315929249 -1.2494949712871346 -1.3191058731518512 -1.0275095535542451 -0.8341800718905154 -1.8186467426802293 -0.985450888591058 -1.7722517792975445 -0.8473323802064172 -0.8324514884899322 -1.2327209884588135 -1.272448256931272 -0.8173647661483586 -1.2858549663815069 -0.853221870927109 -1.3102464619729097 -1.2832647208081778 -1.8946004293170031 -1.341732316894265 -1.3357128238907963 -1.9969538633156143 -1.2617905200910937 -1.3309872991379903 -0.8002506563615402 -0.819609914025854 -0.8408107894624626 -1.7753730794863136 -1.2123008708287093 -0.8080499117796511 -0.8043733685445053 -1.1887846927090646 -1.0138187954987614 -1.3092132053145995 -1.806360069689016 -1.835492727288866 -1.2869403536947979 -1.3277990665163792 -1.2451876567697715 -0.8529153759205123 -1.2264826365704802
-0.7326469600350353 -0.7336446268086696 -0.7078754559705785 -0.69349341644873 -0.735691809065138 -0.7409500604863389 -0.7602192903405159 -0.7514754695135137 -1.3828265876758403 -1.9099566266210326 -2.535699392342361 -3.095715588532639 -2.4921164984503603 -2.5168116771770186 -1.5109268965334381 -2.4527545742619243 -0.8685484431897199 -1.8402501683388865 -1.8996408917931398 -1.9832424350083457 -2.5164949837642427 -2.5950311489669744 -1.3569124534840005 -1.2336608717498123 -1.2843843981991714 -0.8207189074206567 -1.2907522769196202 -0.7891771063777218 -0.7907253305377889 -0.7984340392800993 -0.7856958758635576 -0.796168260855541 -1.1579063453110492 -1.1360070301503058 -1.2316708312049582 -1.2075236367720905 -1.1249737633288646 -1.1583363374426041 -1.1249252603600652 -1.1566584069130355 -0.709588778356066 -0.744108342493399 -0.7456482268983652 -0.739019634578235 -0.7308443798217543 -0.747435048155523 -0.7649167546750214 -0.7441163281205921 -0.8754100157502831 -1.499693341999418 -1.3997867306607668 -2.568982149619228 -3.278578122355097 -2.0229050986510684 -0.9592148245784344 -0.8391085261122815 -1.2194501267338016 -1.2442218500506104 -1.192962286804528 -1.7860888491806912 -1.3267499394181377 -1.261772513693213 -1.7999427775170542 -0.8264092626416026 -0.7746054650182507 -0.8151616993917988 -1.2253483712450552 -0.8896248672116764 -1.2213280671483744 -2.3126564373343435 -0.8883132401042737 -1.2181639311387573 -0.9221094327479791 -0.9161069262679562 -1.3389446303375878 -1.2630186099864904 -1.2930674779868063 -1.7367945661317699 -1.7631427301875697 -0.8286776267961464 -1.2433386289871828 -1.2914975471989476 -1.7975070045439334 -2.4130404166127533 -1.8258526214901443 -1.2729734362676357 -1.3053314186807163 -0.8208352208126534 -1.8201558748106197 -1.2733847038624586 -1.1533066620367844 -1.123079290535876 -0.8945502926219059 -0.8374670545657039 -0.8460685365920639 -0.8044330887430504 -1.8789019285451212 -2.433102953952023 -1.88920246261093 -1.2865515241201402 -1.3648931753344837 -1.1970517273565058 -1.2767904454298207 -0.8225495442924274 -1.1993225281595175 -2.2374863398671616 -0.8316245506614903 -1.6130140859236293 -1.7839180962255485 -1.4210427395274285 -1.1807162122641368 -0.7979391399282936 -1.8121764484532101 -1.8886027014402482 -1.423903896840903 -2.677504160578571 -1.996986942077479 -1.4467758133660877 -0.8736856808937293 -1.3460047008125262 -0.865750315929249 -1.2494949712871346 -1.3191058731518512 -1.0275095535542451 -0.8341800718905154 -1.8186467426802293 -0.985450888591058 -1.7722517792975445 -0.8473323802064172 -0.8324514884899322 -1.2327209884588135 -1.272448256931272 -0.8173647661483586 -1.2858549663815069 -0.853221870927109 -1.2900413780217164 -1.2832647208081778 -1.8946004293170031 -1.341732316894265 -1.3357128238907963 -1.9303287342631967 -1.2397362911708014 -1.3309872991379903 -0.8002506563615402 -0.8346146765592604 -0.8408107894624626 -1.7753730794863136 -1.2123008708287093 -0.8080499117796511 -0.8043733685445053 -1.209467033000046 -1.0138187954987614 -1.2990269796882503 -1.806360069689016 -1.835492727288866 -1.2869403536947979 -1.3277990665163792 -1.2451876567697715 -0.8529153759205123 -1.2264826365704802
-0.7326469600350353 -0.7336446268086696 -0.7078754559705785 -0.69349341644873 -0.735691809065138 -0.7409500604863389 -0.7602192903405159 -0.7514754695135137 -1.3828265876758403 -1.9099566266210326 -2.535699392342361 -3.095715588532639 -2.5078614019467316 -2.5168116771770186 -1.5109268965334381 -2.4286240865324973 -0.8917777839885486 -1.8402501683388865 -1.8996408917931398 -1.9832424350083457 -2.5164949837642427 -2.5950311489669744 -1.3569124534840005 -1.2733543020496851 -1.2843843981991714 -0.8207189074206567 -1.2907522769196202 -0.7891771063777218 -0.7907253305377889 -0.7984340392800993 -0.7856958758635576 -0.796168260855541 -1.1579063453110492 -1.1360070301503058 -1.2316708312049582 -1.2075236367720905 -1.1249737633288646 -1.1583363374426041 -1.1249252603600652 -1.1453023421722903 -0.709588778356066 -0.744108342493399 -0.7456482268983652 -0.7349941145326337 -0.7351025811251864 -0.747435048155523 -0.7649167546750214 -0.7441163281205921 -0.8885499473871241 -1.499693341999418 -1.3997867306607668 -2.568982149619228 -3.278578122355097 -2.0229050986510684 -0.9592148245784344 -0.8391085261122815 -1.2194501267338016 -1.2442218500506104 -1.192962286804528 -1.7860888491806912 -1.3267499394181377 -1.261772513693213 -1.7999427775170542 -0.8264092626416026 -0.7746054650182507 -0.8151616993917988 -1.2253483712450552 -0.8896248672116764 -1.2213280671483744 -2.3126564373343435 -0.8883132401042737 -1.2181639311387573 -0.9221094327479791 -0.9161069262679562 -1.3389446303375878 -1.2630186099864904 -1.2930674779868063 -1.7367945661317699 -1.7631427301875697 -0.8149632728948009 -1.2433386289871828 -1.2914975471989476 -1.7975070045439334 -2.4130404166127533 -1.8258526214901443 -1.2729734362676357 -1.3053314186807163 -0.8208352208126534 -1.8084028170181516 -1.2733847038624586 -1.1533066620367844 -1.123079290535876 -0.8945502926219059 -0.8374670545657039 -0.8460685365920639 -0.8044330887430504 -1.9146641433956089 -2.433102953952023 -1.88920246261093 -1.2865515241201402 -1.3648931753344837 -1.1970517273565058 -1.2767904454298207 -0.8225495442924274 -1.2058735600350514 -2.2374863398671616 -0.8316245506614903 -1.6130140859236293 -1.7839180962255485 -1.4210427395274285 -1.1807162122641368 -0.7979391399282936 -1.8121764484532101 -1.8886027014402482 -1.423903896840903 -2.677504160578571 -1.996986942077479 -1.4467758133660877 -0.8859845795340938 -1.3277200650063805 -0.865750315929249 -1.2494949712871346 -1.3191058731518512 -1.0275095535542451 -0.8341800718905154 -1.8186467426802293 -0.985450888591058 -1.7722517792975445 -0.8473323802064172 -0.8324514884899322 -1.2327209884588135 -1.272448256931272 -0.8357969449124197 -1.2858549663815069 -0.853221870927109 -1.3102464619729097 -1.2832647208081778 -1.8946004293170031 -1.341732316894265 -1.3357128238907963 -1.9969538633156143 -1.2617905200910937 -1.3309872991379903 -0.8002506563615402 -0.8346146765592604 -0.8408107894624626 -1.7753730794863136 -1.220726380240951 -0.8080499117796511 -0.8043733685445053 -1.209467033000046 -1.0138187954987614 -1.3092132053145995 -1.806360069689016 -1.835492727288866 -1.2869403536947979 -1.3277990665163792 -1.2451876567697715 -0.8529153759205123 -1.2264826365704802
-0.7326469600350353 -0.7336446268086696 -0.7078754559705785 -0.69349341644873 -0.735691809065138 -0.7409500604863389 -0.7602192903405159 -0.7514754695135137 -1.3742576995653177 -1.9099566266210326 -2.535699392342361 -3.095715588532639 -2.4921164984503603 -2.5168116771770186 -1.5109268965334381 -2.4527545742619243 -0.8685484431897199 -1.8273292624148418 -1.8996408917931398 -1.9832424350083457 -2.509340251366982 -2.5950311489669744 -1.3569124534840005 -1.2336608717498123 -1.290924901157067 -0.8207189074206567 -1.2907522769196202 -0.7960485214563071 -0.7907253305377889 -0.7984340392800993 -0.7856958758635576 -0.796168260855541 -1.1579063453110492 -1.1360070301503058 -1.2316708312049582 -1.2075236367720905 -1.1118136533862042 -1.1583363374426041 -1.1249252603600652 -1.1566584069130355 -0.709588778356066 -0.744108342493399 -0.7456482268983652 -0.739019634578235 -0.7308443798217543 -0.7447525809589949 -0.7649167546750214 -0.7441163281205921 -0.8754100157502831 -1.499693341999418 -1.3997867306607668 -2.568982149619228 -3.278578122355097 -2.0229050986510684 -0.9592148245784344 -0.8391085261122815 -1.2194501267338016 -1.2442218500506104 -1.192962286804528 -1.7860888491806912 -1.3346425190586562 -1.261772513693213 -1.7999427775170542 -0.8264092626416026 -0.7746054650182507 -0.8151616993917988 -1.2253483712450552 -0.8896248672116764 -1.2213280671483744 -2.323661472089509 -0.8883132401042737 -1.2181639311387573 -0.9221094327479791 -0.9161069262679562 -1.3389446303375878 -1.2630186099864904 -1.2930674779868063 -1.7367945661317699 -1.7575138298667732 -0.8286776267961464 -1.2433386289871828 -1.2914975471989476 -1.7975070045439334 -2.4130404166127533 -1.8258526214901443 -1.2729734362676357 -1.3053314186807163 -0.8208352208126534 -1.8201558748106197 -1.2733847038624586 -1.1533066620367844 -1.123079290535876 -0.8945502926219059 -0.8454718570485594 -0.8460685365920639 -0.8219531109405104 -1.9146641433956089 -2.433102953952023 -1.9079232688775547 -1.2865515241201402 -1.3648931753344837 -1.1970517273565058 -1.2767904454298207 -0.8225495442924274 -1.1993225281595175 -2.2374863398671616 -0.8316245506614903 -1.6130140859236293 -1.7839180962255485 -1.4210427395274285 -1.1807162122641368 -0.7979391399282936 -1.8121764484532101 -1.8886027014402482 -1.423903896840903 -2.687819505164198 -1.996986942077479 -1.4467758133660877 -0.8859845795340938 -1.3460047008125262 -0.865750315929249 -1.2494949712871346 -1.3191058731518512 -1.0275095535542451 -0.8341800718905154 -1.833989896350459 -0.985450888591058 -1.7722517792975445 -0.8473323802064172 -0.8324514884899322 -1.2327209884588135 -1.272448256931272 -0.8173647661483586 -1.2858549663815069 -0.853221870927109 -1.2900413780217164 -1.2832647208081778 -1.8946004293170031 -1.341732316894265 -1.3357128238907963 -1.9969538633156143 -1.2617905200910937 -1.3309872991379903 -0.8002506563615402 -0.819609914025854 -0.8408107894624626 -1.7753730794863136 -1.2123008708287093 -0.8011142871813853 -0.7803376906492734 -1.1887846927090646 -1.0138187954987614 -1.8697385082933637 -1.806360069689016 -1.835492727288866 -1.2869403536947979 -1.3277990665163792 -1.2451876567697715 -0.8529153759205123 -1.2264826365704802
-0.7326469600350353 -0.7336446268086696 -0.7078754559705785 -0.69349341644873 -0.735691809065138 -0.7409500604863389 -0.7602192903405159 -0.7514754695135137 -1.3828265876758403 -1.9099566266210326 -2.535699392342361 -3.095715588532639 -2.4921164984503603 -2.5168116771770186 -1.5109268965334381 -2.4527545742619243 -0.8917777839885486 -1.8402501683388865 -1.8996408917931398 -1.9832424350083457 -2.5164949837642427 -2.5950311489669744 -1.3569124534840005 -1.2336608717498123 -1.2843843981991714 -0.8207189074206567 -1.2907522769196202 -0.7891771063777218 -0.7907253305377889 -0.7984340392800993 -0.7856958758635576 -0.796168260855541 -1.1579063453110492 -1.1360070301503058 -1.2316708312049582 -1.2075236367720905 -1.1249737633288646 -1.1583363374426041 -1.1249252603600652 -1.1566584069130355 -0.709588778356066 -0.744108342493399 -0.7456482268983652 -0.739019634578235 -0.7351025811251864 -0.747435048155523 -0.7649167546750214 -0.7441163281205921 -0.8754100157502831 -1.499693341999418 -1.3997867306607668 -2.568982149619228 -3.278578122355097 -2.0229050986510684 -0.9592148245784344 -0.8391085261122815 -1.2194501267338016 -1.2442218500506104 -1.192962286804528 -1.7860888491806912 -1.3267499394181377 -1.261772513693213 -1.7999427775170542 -0.8264092626416026 -0.7746054650182507 -0.8151616993917988 -1.2253483712450552 -0.8896248672116764 -1.2213280671483744 -2.323661472089509 -0.8883132401042737 -1.2181639311387573 -0.9221094327479791 -0.9161069262679562 -1.3389446303375878 -1.2630186099864904 -1.2930674779868063 -1.7367945661317699 -1.7631427301875697 -0.8149632728948009 -1.2433386289871828 -1.2914975471989476 -1.7975070045439334 -2.4130404166127533 -1.8258526214901443 -1.2729734362676357 -1.3053314186807163 -0.8208352208126534 -1.8201558748106197 -1.2733847038624586 -1.1533066620367844 -1.123079290535876 -0.8945502926219059 -0.8374670545657039 -0.8460685365920639 -0.8044330887430504 -1.8789019285451212 -2.433102953952023 -1.88920246261093 -1.8550806054531725 -1.3648931753344837 -1.1970517273565058 -1.2767904454298207 -0.8225495442924274 -1.1993225281595175 -2.2374863398671616 -0.8316245506614903 -1.6130140859236293 -1.7839180962255485 -1.4210427395274285 -1.1807162122641368 -0.7979391399282936 -1.8121764484532101 -1.8886027014402482 -1.423903896840903 -2.677504160578571 -1.996986942077479 -1.4467758133660877 -0.8859845795340938 -1.3460047008125262 -0.865750315929249 -1.2494949712871346 -1.3191058731518512 -1.0275095535542451 -0.8341800718905154 -1.8186467426802293 -0.985450888591058 -1.7722517792975445 -0.8473323802064172 -0.8324514884899322 -1.2327209884588135 -1.272448256931272 -0.8173647661483586 -1.2858549663815069 -0.853221870927109 -1.3102464619729097 -1.2832647208081778 -1.8946004293170031 -1.341732316894265 -1.3357128238907963 -1.9969538633156143 -1.2617905200910937 -1.3309872991379903 -0.8002506563615402 -0.8346146765592604 -0.8408107894624626 -1.7753730794863136 -1.2123008708287093 -0.8080499117796511 -0.8043733685445053 -1.209467033000046 -1.0138187954987614 -1.3092132053145995 -1.806360069689016 -1.835492727288866 -1.2869403536947979 -1.3277990665163792 -1.2451876567697715 -1.327238749616008 -1.2264826365704802
-0.7326469600350353 -0.7336446268086696 -0.7078754559705785 -0.69349341644873 -0.735691809065138 -0.7409500604863389 -0.7602192903405159 -0.7514754695135137 -1.3828265876758403 -1.9099566266210326 -2.535699392342361 -3.095715588532639 -2.4921164984503603 -2.5168116771770186 -1.5109268965334381 -2.4527545742619243 -0.8917777839885486 -1.8402501683388865 -1.8996408917931398 -1.9832424350083457 -2.5164949837642427 -2.5950311489669744 -1.3569124534840005 -1.2336608717498123 -1.2843843981991714 -0.8207189074206567 -1.2907522769196202 -0.7891771063777218 -0.7907253305377889 -0.7984340392800993 -0.7856958758635576 -0.796168260855541 -1.1579063453110492 -1.1360070301503058 -1.2316708312049582 -1.2075236367720905 -1.1249737633288646 -1.1583363374426041 -1.1249252603600652 -1.1566584069130355 -0.709588778356066 -0.744108342493399 -0.7456482268983652 -0.739019634578235 -0.7351025811251864 -0.747435048155523 -0.7649167546750214 -0.7441163281205921 -0.8754100157502831 -1.499693341999418 -1.3997867306607668 -2.568982149619228 -3.278578122355097 -2.0229050986510684 -0.9592148245784344 -0.8391085261122815 -1.2194501267338016 -1.2442218500506104 -1.192962286804528 -1.7860888491806912 -1.3267499394181377 -1.261772513693213 -1.7999427775170542 -0.8264092626416026 -0.7746054650182507 -0.8151616993917988 -1.2253483712450552 -0.8896248672116764 -1.2213280671483744 -2.3126564373343435 -0.8883132401042737 -1.2181639311387573 -0.9221094327479791 -0.9161069262679562 -1.3389446303375878 -1.2630186099864904 -1.2930674779868063 -1.7367945661317699 -1.7631427301875697 -0.8286776267961464 -1.2433386289871828 -1.2914975471989476 -1.7975070045439334 -2.4130404166127533 -1.8258526214901443 -1.2729734362676357 -1.3053314186807163 -0.8208352208126534 -1.8201558748106197 -1.2733847038624586 -1.1533066620367844 -1.123079290535876 -0.8945502926219059 -0.8374670545657039 -0.8460685365920639 -0.8044330887430504 -1.8789019285451212 -2.433102953952023 -1.88920246261093 -1.8550806054531725 -1.3648931753344837 -1.1970517273565058 -1.2767904454298207 -0.8225495442924274 -1.1993225281595175 -2.2374863398671616 -0.8316245506614903 -1.6130140859236293 -1.7839180962255485 -1.4210427395274285 -1.1807162122641368 -0.7979391399282936 -1.8121764484532101 -1.8886027014402482 -1.423903896840903 -2.677504160578571 -1.996986942077479 -1.4467758133660877 -0.8859845795340938 -1.3347780318035294 -0.865750315929249 -1.2494949712871346 -1.3191058731518512 -1.0275095535542451 -0.8341800718905154 -1.8186467426802293 -0.985450888591058 -1.7722517792975445 -0.8473323802064172 -0.8324514884899322 -1.2327209884588135 -1.272448256931272 -0.8173647661483586 -1.2858549663815069 -0.853221870927109 -1.3102464619729097 -1.2832647208081778 -1.8946004293170031 -1.341732316894265 -1.3357128238907963 -1.9303287342631967 -1.2397362911708014 -1.3309872991379903 -0.8002506563615402 -0.8346146765592604 -0.8408107894624626 -1.7753730794863136 -1.2123008708287093 -0.8080499117796511 -0.8043733685445053 -1.209467033000046 -1.0138187954987614 -1.3092132053145995 -1.806360069689016 -1.835492727288866 -1.2869403536947979 -1.3277990665163792 -1.2451876567697715 -0.8529153759205123 -1.2264826365704802
-0.7326469600350353 -0.7336446268086696 -0.7078754559705785 -0.69349341644873 -0.735691809065138 -0.7409500604863389 -0.7602192903405159 -0.7514754695135137 -1.3828265876758403 -1.9099566266210326 -2.535699392342361 -3.095715588532639 -2.5078614019467316 -2.5168116771770186 -1.5109268965334381 -2.4527545742619243 -0.8917777839885486 -1.8402501683388865 -1.8996408917931398 -1.9832424350083457 -2.5164949837642427 -2.5950311489669744 -1.3569124534840005 -1.2336608717498123 -1.2843843981991714 -0.8207189074206567 -1.2907522769196202 -0.7891771063777218 -0.7907253305377889 -0.7984340392800993 -0.7856958758635576 -0.796168260855541 -1.1579063453110492 -1.1360070301503058 -1.2316708312049582 -1.2075236367720905 -1.1249737633288646 -1.1683268346454188 -1.1249252603600652 -1.1566584069130355 -0.709588778356066 -0.744108342493399 -0.7456482268983652 -0.7349941145326337 -0.7351025811251864 -0.747435048155523 -0.758770835269951 -0.7441163281205921 -0.8885499473871241 -1.499693341999418 -1.3997867306607668 -2.568982149619228 -3.278578122355097 -2.0229050986510684 -0.9592148245784344 -0.8391085261122815 -1.2194501267338016 -1.2442218500506104 -1.205084741154935 -1.7860888491806912 -1.3267499394181377 -1.261772513693213 -1.7999427775170542 -0.8264092626416026 -0.7814530738905124 -0.8151616993917988 -1.2253483712450552 -0.8896248672116764 -1.2213280671483744 -2.3126564373343435 -0.8883132401042737 -1.2181639311387573 -0.9221094327479791 -0.9161069262679562 -1.3389446303375878 -1.2630186099864904 -1.2930674779868063 -1.7367945661317699 -1.7631427301875697 -0.8286776267961464 -1.2433386289871828 -1.2914975471989476 -1.7975070045439334 -2.4130404166127533 -1.8258526214901443 -1.2729734362676357 -1.3053314186807163 -0.8208352208126534 -1.8084028170181516 -1.2733847038624586 -1.1533066620367844 -1.123079290535876 -0.8945502926219059 -0.8374670545657039 -0.8460685365920639 -0.8120730272699745 -1.8789019285451212 -2.433102953952023 -1.88920246261093 -1.8550806054531725 -1.3648931753344837 -1.1970517273565058 -1.2767904454298207 -0.8225495442924274 -1.2058735600350514 -2.2374863398671616 -0.8316245506614903 -1.6130140859236293 -1.7839180962255485 -1.4210427395274285 -1.1807162122641368 -0.7979391399282936 -1.8121764484532101 -1.8886027014402482 -1.423903896840903 -2.677504160578571 -1.996986942077479 -1.4467758133660877 -0.8859845795340938 -1.3347780318035294 -0.865750315929249 -1.2618745592373397 -1.3191058731518512 -1.0275095535542451 -0.8341800718905154 -1.8186467426802293 -0.985450888591058 -1.7722517792975445 -0.8473323802064172 -0.8324514884899322 -1.2327209884588135 -1.272448256931272 -0.8173647661483586 -1.2858549663815069 -0.853221870927109 -1.3102464619729097 -1.2832647208081778 -1.8946004293170031 -1.341732316894265 -1.3074184533499604 -1.9303287342631967 -1.2617905200910937 -1.3309872991379903 -0.8002506563615402 -0.8346146765592604 -0.8408107894624626 -1.7753730794863136 -1.220726380240951 -0.8080499117796511 -0.8043733685445053 -1.209467033000046 -1.0138187954987614 -1.3092132053145995 -1.806360069689016 -1.835492727288866 -1.2869403536947979 -1.3277990665163792 -1.2451876567697715 -0.8453173023128476 -1.2264826365704802
-0.7326469600350353 -0.7336446268086696 -0.7078754559705785 -0.69349341644873 -0.735691809065138 -0.7409500604863389 -0.7602192903405159 -0.7514754695135137 -1.3828265876758403 -1.9099566266210326 -2.535699392342361 -3.095715588532639 -2.5078614019467316 -2.5168116771770186 -1.5109268965334381 -2.4527545742619243 -0.8685484431897199 -1.8402501683388865 -1.8996408917931398 -1.9832424350083457 -2.5164949837642427 -2.5950311489669744 -1.3569124534840005 -1.2336608717498123 -1.2843843981991714 -0.8207189074206567 -1.2907522769196202 -0.7891771063777218 -0.7907253305377889 -0.7984340392800993 -0.7856958758635576 -0.796168260855541 -1.1579063453110492 -1.1360070301503058 -1.2316708312049582 -1.2075236367720905 -1.1249737633288646 -1.1683268346454188 -1.1249252603600652 -1.1566584069130355 -0.709588778356066 -0.744108342493399 -0.7456482268983652 -0.7349941145326337 -0.7351025811251864 -0.747435048155523 -0.758770835269951 -0.7441163281205921 -0.8885499473871241 -1.499693341999418 -1.3997867306607668 -2.568982149619228 -3.278578122355097 -2.0229050986510684 -0.9592148245784344 -0.8391085261122815 -1.2194501267338016 -1.2442218500506104 -1.205084741154935 -1.7860888491806912 -1.3267499394181377 -1.261772513693213 -1.7999427775170542 -0.8264092626416026 -0.7814530738905124 -0.8151616993917988 -1.2253483712450552 -0.8896248672116764 -1.2213280671483744 -2.3126564373343435 -0.8883132401042737 -1.2181639311387573 -0.9221094327479791 -0.9161069262679562 -1.3389446303375878 -1.2630186099864904 -1.2930674779868063 -1.7367945661317699 -1.7631427301875697 -0.8286776267961464 -1.2433386289871828 -1.2914975471989476 -1.7975070045439334 -2.4130404166127533 -1.8258526214901443 -1.2729734362676357 -1.3053314186807163 -0.8208352208126534 -1.8084028170181516 -1.2733847038624586 -1.1533066620367844 -1.123079290535876 -0.8945502926219059 -0.8374670545657039 -0.8460685365920639 -0.8044330887430504 -1.9146641433956089 -2.433102953952023 -1.88920246261093 -1.2865515241201402 -1.3648931753344837 -1.1970517273565058 -1.2767904454298207 -0.8225495442924274 -1.2058735600350514 -2.2374863398671616 -0.8316245506614903 -1.6130140859236293 -1.7839180962255485 -1.4210427395274285 -1.1807162122641368 -0.7979391399282936 -1.8121764484532101 -1.8886027014402482 -1.423903896840903 -2.677504160578571 -1.996986942077479 -1.4467758133660877 -0.8736856808937293 -1.3460047008125262 -0.865750315929249 -1.2494949712871346 -1.3191058731518512 -1.0275095535542451 -0.8341800718905154 -1.8186467426802293 -0.985450888591058 -1.7722517792975445 -0.8473323802064172 -0.8324514884899322 -1.2327209884588135 -1.272448256931272 -0.8173647661483586 -1.2858549663815069 -0.853221870927109 -1.2900413780217164 -1.2832647208081778 -1.8946004293170031 -1.341732316894265 -1.3357128238907963 -1.9303287342631967 -1.2617905200910937 -1.3309872991379903 -0.8002506563615402 -0.8346146765592604 -0.8408107894624626 -1.7753730794863136 -1.220726380240951 -0.8080499117796511 -0.8043733685445053 -1.209467033000046 -1.0138187954987614 -1.8697385082933637 -1.806360069689016 -1.835492727288866 -1.2869403536947979 -1.3277990665163792 -1.2451876567697715 -0.8453173023128476 -1.2264826365704802
-0.7326469600350353 -0.7336446268086696 -0.7078754559705785 -0.69349341644873 -0.735691809065138 -0.7409500604863389 -0.7602192903405159 -0.7514754695135137 -1.3742576995653177 -1.9099566266210326 -2.535699392342361 -3.095715588532639 -2.4921164984503603 -2.5168116771770186 -1.5109268965334381 -2.4527545742619243 -0.8917777839885486 -1.8402501683388865 -1.8996408917931398 -1.9832424350083457 -2.5164949837642427 -2.5950311489669744 -1.3569124534840005 -1.2336608717498123 -1.2843843981991714 -0.8207189074206567 -1.2907522769196202 -0.7891771063777218 -0.7907253305377889 -0.7984340392800993 -0.7856958758635576 -0.796168260855541 -1.1579063453110492 -1.1360070301503058 -1.2316708312049582 -1.2075236367720905 -1.1249737633288646 -1.1683268346454188 -1.1249252603600652 -1.1566584069130355 -0.709588778356066 -0.744108342493399 -0.7456482268983652 -0.739019634578235 -0.7308443798217543 -0.7447525809589949 -0.7649167546750214 -0.7441163281205921 -0.8885499473871241 -1.499693341999418 -1.3997867306607668 -2.568982149619228 -3.278578122355097 -2.0229050986510684 -0.9592148245784344 -0.8391085261122815 -1.2194501267338016 -1.2442218500506104 -1.205084741154935 -1.7860888491806912 -1.3267499394181377 -1.261772513693213 -1.7999427775170542 -0.8264092626416026 -0.7814530738905124 -0.8151616993917988 -1.2253483712450552 -0.8896248672116764 -1.2213280671483744 -2.323661472089509 -0.8883132401042737 -1.2181639311387573 -0.9221094327479791 -0.9161069262679562 -1.3389446303375878 -1.2630186099864904 -1.2930674779868063 -1.7367945661317699 -1.7631427301875697 -0.8286776267961464 -1.2433386289871828 -1.2914975471989476 -1.7975070045439334 -2.4130404166127533 -1.8258526214901443 -1.2729734362676357 -1.3053314186807163 -0.8618494564901656 -1.8201558748106197 -1.2733847038624586 -1.1533066620367844 -1.123079290535876 -0.8945502926219059 -0.8374670545657039 -0.8460685365920639 -0.814252975120208 -1.9146641433956089 -2.433102953952023 -1.88920246261093 -1.2865515241201402 -1.3648931753344837 -1.1970517273565058 -1.2767904454298207 -0.8225495442924274 -1.1993225281595175 -2.2374863398671616 -0.8316245506614903 -1.6130140859236293 -1.7839180962255485 -1.4210427395274285 -1.1807162122641368 -0.7979391399282936 -1.8121764484532101 -1.8886027014402482 -1.423903896840903 -2.677504160578571 -1.996986942077479 -1.4467758133660877 -0.8736856808937293 -1.3460047008125262 -0.865750315929249 -1.2618745592373397 -1.3191058731518512 -1.0275095535542451 -0.8341800718905154 -1.8186467426802293 -0.985450888591058 -1.7722517792975445 -0.8473323802064172 -0.8324514884899322 -1.2327209884588135 -1.272448256931272 -0.8173647661483586 -1.2858549663815069 -0.853221870927109 -1.3102464619729097 -1.2832647208081778 -1.8946004293170031 -1.341732316894265 -1.3074184533499604 -1.9303287342631967 -1.2397362911708014 -1.3309872991379903 -0.8002506563615402 -0.819609914025854 -0.8408107894624626 -1.7753730794863136 -1.2123008708287093 -0.8080499117796511 -0.8043733685445053 -1.1887846927090646 -1.0138187954987614 -1.2990269796882503 -1.806360069689016 -1.835492727288866 -1.2869403536947979 -1.3277990665163792 -1.2451876567697715 -0.8529153759205123 -1.2264826365704802
-0.7326469600350353 -0.7336446268086696 -0.7078754559705785 -0.69349341644873 -0.735691809065138 -0.7409500604863389 -0.7602192903405159 -0.7514754695135137 -1.3828265876758403 -1.9099566266210326 -2.535699392342361 -3.095715588532639 -2.5078614019467316 -2.5168116771770186 -1.5109268965334381 -2.4527545742619243 -0.8917777839885486 -1.8402501683388865 -1.8996408917931398 -1.9832424350083457 -2.5164949837642427 -2.5950311489669744 -1.3569124534840005 -1.2336608717498123 -1.2843843981991714 -0.8207189074206567 -1.2907522769196202 -0.7891771063777218 -0.7907253305377889 -0.7984340392800993 -0.7856958758635576 -0.796168260855541 -1.1579063453110492 -1.1360070301503058 -1.2316708312049582 -1.2075236367720905 -1.1249737633288646 -1.1683268346454188 -1.1249252603600652 -1.1566584069130355 -0.709588778356066 -0.744108342493399 -0.7456482268983652 -0.739019634578235 -0.7351025811251864 -0.747435048155523 -0.7649167546750214 -0.7441163281205921 -0.8885499473871241 -1.499693341999418 -1.3997867306607668 -2.568982149619228 -3.278578122355097 -2.0229050986510684 -0.9592148245784344 -0.8391085261122815 -1.2194501267338016 -1.2442218500506104 -1.205084741154935 -1.7860888491806912 -1.3267499394181377 -1.261772513693213 -1.7999427775170542 -0.8264092626416026 -0.7814530738905124 -0.8151616993917988 -1.2253483712450552 -0.8896248672116764 -1.2213280671483744 -2.3126564373343435 -0.8883132401042737 -1.2181639311387573 -0.9221094327479791 -0.9161069262679562 -1.3389446303375878 -1.2630186099864904 -1.2930674779868063 -1.7367945661317699 -1.7631427301875697 -0.8286776267961464 -1.2433386289871828 -1.2914975471989476 -1.7975070045439334 -2.4130404166127533 -1.8258526214901443 -1.2729734362676357 -1.3053314186807163 -0.8208352208126534 -1.8201558748106197 -1.2733847038624586 -1.1533066620367844 -1.123079290535876 -0.8945502926219059 -0.8374670545657039 -0.8460685365920639 -0.8044330887430504 -1.8789019285451212 -2.433102953952023 -1.88920246261093 -1.8550806054531725 -1.3648931753344837 -1.1970517273565058 -1.2767904454298207 -0.8225495442924274 -1.1993225281595175 -2.2374863398671616 -0.8316245506614903 -1.6130140859236293 -1.7946298798695868 -1.4210427395274285 -1.1807162122641368 -0.7979391399282936 -1.8121764484532101 -1.8886027014402482 -1.423903896840903 -2.677504160578571 -1.996986942077479 -1.4467758133660877 -0.8859845795340938 -1.3460047008125262 -0.865750315929249 -1.2494949712871346 -1.3191058731518512 -1.0275095535542451 -0.8341800718905154 -1.8186467426802293 -0.985450888591058 -1.7722517792975445 -0.8473323802064172 -0.8324514884899322 -1.2327209884588135 -1.272448256931272 -0.8173647661483586 -1.2858549663815069 -0.853221870927109 -1.3102464619729097 -1.2832647208081778 -1.8946004293170031 -1.341732316894265 -1.3074184533499604 -1.9303287342631967 -1.2397362911708014 -1.3309872991379903 -0.8002506563615402 -0.8346146765592604 -0.8408107894624626 -1.7753730794863136 -1.2123008708287093 -0.8080499117796511 -0.8043733685445053 -1.209467033000046 -1.0138187954987614 -1.3092132053145995 -1.806360069689016 -1.835492727288866 -1.2869403536947979 -1.3277990665163792 -1.2451876567697715 -0.8529153759205123 -1.2264826365704802
-0.7326469600350353 -0.7336446268086696 -0.7078754559705785 -0.69349341644873 -0.735691809065138 -0.7409500604863389 -0.7602192903405159 -0.7514754695135137 -1.3828265876758403 -1.9099566266210326 -2.535699392342361 -3.095715588532639 -2.5078614019467316 -2.5168116771770186 -1.5109268965334381 -2.4527545742619243 -0.8917777839885486 -1.8402501683388865 -1.8996408917931398 -1.9832424350083457 -2.5164949837642427 -2.5950311489669744 -1.3569124534840005 -1.2336608717498123 -1.2843843981991714 -0.8207189074206567 -1.2907522769196202 -0.7891771063777218 -0.7907253305377889 -0.7984340392800993 -0.7856958758635576 -0.796168260855541 -1.1579063453110492 -1.1360070301503058 -1.2316708312049582 -1.2075236367720905 -1.1249737633288646 -1.1683268346454188 -1.1249252603600652 -1.1566584069130355 -0.709588778356066 -0.744108342493399 -0.7456482268983652 -0.7349941145326337 -0.7351025811251864 -0.747435048155523 -0.7649167546750214 -0.7441163281205921 -0.8885499473871241 -1.499693341999418 -1.3997867306607668 -2.568982149619228 -3.278578122355097 -2.0229050986510684 -0.9592148245784344 -0.8391085261122815 -1.2194501267338016 -1.2442218500506104 -1.205084741154935 -1.7860888491806912 -1.3267499394181377 -1.261772513693213 -1.7999427775170542 -0.8264092626416026 -0.7814530738905124 -0.8151616993917988 -1.2253483712450552 -0.8896248672116764 -1.2213280671483744 -2.3126564373343435 -0.8883132401042737 -1.2181639311387573 -0.9221094327479791 -0.9161069262679562 -1.3389446303375878 -1.2630186099864904 -1.2930674779868063 -1.7367945661317699 -1.7631427301875697 -0.8286776267961464 -1.2433386289871828 -1.2914975471989476 -1.7975070045439334 -2.4130404166127533 -1.8258526214901443 -1.2729734362676357 -1.3053314186807163 -0.8208352208126534 -1.8084028170181516 -1.2733847038624586 -1.1533066620367844 -1.123079290535876 -0.8945502926219059 -0.8374670545657039 -0.8460685365920639 -0.8044330887430504 -1.9146641433956089 -2.433102953952023 -1.88920246261093 -1.8550806054531725 -1.3648931753344837 -1.1970517273565058 -1.2767904454298207 -0.8225495442924274 -1.2058735600350514 -2.2374863398671616 -0.8316245506614903 -1.6130140859236293 -1.7839180962255485 -1.4210427395274285 -1.1807162122641368 -0.7979391399282936 -1.8121764484532101 -1.8886027014402482 -1.423903896840903 -2.677504160578571 -1.996986942077479 -1.4467758133660877 -0.8736856808937293 -1.3460047008125262 -0.865750315929249 -1.2494949712871346 -1.3191058731518512 -1.0275095535542451 -0.8341800718905154 -1.8186467426802293 -0.985450888591058 -1.7722517792975445 -0.8473323802064172 -0.8324514884899322 -1.2327209884588135 -1.272448256931272 -0.8357969449124197 -1.2858549663815069 -0.853221870927109 -1.3102464619729097 -1.2832647208081778 -1.8946004293170031 -1.341732316894265 -1.3357128238907963 -1.9303287342631967 -1.2617905200910937 -1.3309872991379903 -0.8002506563615402 -0.8346146765592604 -0.8408107894624626 -1.7753730794863136 -1.220726380240951 -0.8080499117796511 -0.8043733685445053 -1.209467033000046 -1.0138187954987614 -1.3092132053145995 -1.806360069689016 -1.835492727288866 -1.2869403536947979 -1.3277990665163792 -1.2451876567697715 -0.8453173023128476 -1.2264826365704802
-0.7326469600350353 -0.7336446268086696 -0.7078754559705785 -0.69349341644873 -0.735691809065138 -0.7409500604863389 -0.7602192903405159 -0.7514754695135137 -1.3828265876758403 -1.9099566266210326 -2.535699392342361 -3.095715588532639 -2.4921164984503603 -2.5168116771770186 -1.5109268965334381 -2.4286240865324973 -0.8917777839885486 -1.8402501683388865 -1.8996408917931398 -1.9832424350083457 -2.5164949837642427 -2.5950311489669744 -1.3569124534840005 -1.2336608717498123 -1.2843843981991714 -0.8207189074206567 -1.2907522769196202 -0.7891771063777218 -0.7907253305377889 -0.7984340392800993 -0.7856958758635576 -0.796168260855541 -1.1579063453110492 -1.1360070301503058 -1.2086398990351586 -1.2075236367720905 -1.1249737633288646 -1.1683268346454188 -1.1249252603600652 -1.1566584069130355 -0.709588778356066 -0.744108342493399 -0.7456482268983652 -0.739019634578235 -0.7308443798217543 -0.747435048155523 -0.7649167546750214 -0.7441163281205921 -0.8885499473871241 -1.499693341999418 -1.3997867306607668 -2.568982149619228 -3.278578122355097 -2.0229050986510684 -0.9592148245784344 -0.8391085261122815 -1.2194501267338016 -1.2442218500506104 -1.205084741154935 -1.7860888491806912 -1.3267499394181377 -1.261772513693213 -1.7999427775170542 -0.8264092626416026 -0.7814530738905124 -0.8151616993917988 -1.2253483712450552 -0.8896248672116764 -1.2213280671483744 -2.323661472089509 -0.8883132401042737 -1.2181639311387573 -0.9221094327479791 -0.9161069262679562 -1.3389446303375878 -1.2630186099864904 -1.2930674779868063 -1.7367945661317699 -1.7631427301875697 -0.8286776267961464 -1.2433386289871828 -1.2914975471989476 -1.7975070045439334 -2.4130404166127533 -1.8258526214901443 -1.2729734362676357 -1.3053314186807163 -0.8208352208126534 -1.8084028170181516 -1.2733847038624586 -1.1533066620367844 -1.123079290535876 -0.8945502926219059 -0.8374670545657039 -0.8460685365920639 -0.814252975120208 -1.9146641433956089 -2.433102953952023 -1.88920246261093 -1.2865515241201402 -1.3648931753344837 -1.1970517273565058 -1.2767904454298207 -0.8225495442924274 -1.1993225281595175 -2.2374863398671616 -0.8316245506614903 -1.6130140859236293 -1.7839180962255485 -1.4210427395274285 -1.1807162122641368 -0.7979391399282936 -1.8121764484532101 -1.8886027014402482 -1.423903896840903 -2.665275860371358 -1.996986942077479 -1.4467758133660877 -0.8736856808937293 -1.3460047008125262 -0.865750315929249 -1.2618745592373397 -1.3191058731518512 -1.0275095535542451 -0.8341800718905154 -1.8186467426802293 -0.985450888591058 -1.7722517792975445 -0.8473323802064172 -0.8324514884899322 -1.2327209884588135 -1.272448256931272 -0.8173647661483586 -1.2858549663815069 -0.853221870927109 -1.3102464619729097 -1.2832647208081778 -1.8946004293170031 -1.341732316894265 -1.3357128238907963 -1.9303287342631967 -1.2617905200910937 -1.3309872991379903 -0.8002506563615402 -0.8346146765592604 -0.8408107894624626 -1.7753730794863136 -1.2123008708287093 -0.8080499117796511 -0.8043733685445053 -1.209467033000046 -1.0138187954987614 -1.2990269796882503 -1.806360069689016 -1.835492727288866 -1.2869403536947979 -1.3277990665163792 -1.2451876567697715 -0.8529153759205123 -1.2264826365704802
-0.7326469600350353 -0.7336446268086696 -0.7078754559705785 -0.69349341644873 -0.735691809065138 -0.7409500604863389 -0.7602192903405159 -0.7514754695135137 -1.3742576995653177 -1.9099566266210326 -2.535699392342361 -3.095715588532639 -2.4921164984503603 -2.5168116771770186 -1.5109268965334381 -2.4527545742619243 -0.8685484431897199 -1.8402501683388865 -1.8996408917931398 -1.9832424350083457 -2.5164949837642427 -2.5950311489669744 -1.3569124534840005 -1.2336608717498123 -1.2843843981991714 -0.8207189074206567 -1.2907522769196202 -0.7960485214563071 -0.7907253305377889 -0.7984340392800993 -0.7856958758635576 -0.796168260855541 -1.1579063453110492 -1.1254232826479798 -1.2086398990351586 -1.2075236367720905 -1.1118136533862042 -1.1683268346454188 -1.1249252603600652 -1.1566584069130355 -0.709588778356066 -0.744108342493399 -0.7456482268983652 -0.739019634578235 -0.7308443798217543 -0.7447525809589949 -0.7649167546750214 -0.7441163281205921 -0.8885499473871241 -1.499693341999418 -1.3997867306607668 -2.568982149619228 -3.278578122355097 -2.0229050986510684 -0.9592148245784344 -0.8391085261122815 -1.2194501267338016 -1.2442218500506104 -1.205084741154935 -1.7860888491806912 -1.3267499394181377 -1.261772513693213 -1.7999427775170542 -0.8264092626416026 -0.7746054650182507 -0.8151616993917988 -1.2253483712450552 -0.8896248672116764 -1.2213280671483744 -2.323661472089509 -0.8883132401042737 -1.2181639311387573 -0.9221094327479791 -0.9161069262679562 -1.3389446303375878 -1.2630186099864904 -1.2930674779868063 -1.7367945661317699 -1.7575138298667732 -0.8286776267961464 -1.2433386289871828 -1.2914975471989476 -1.7975070045439334 -2.4130404166127533 -1.8258526214901443 -1.2729734362676357 -1.3053314186807163 -0.8618494564901656 -1.8201558748106197 -1.2733847038624586 -1.1533066620367844 -1.123079290535876 -0.8945502926219059 -0.8454718570485594 -0.8460685365920639 -0.8219531109405104 -1.9146641433956089 -2.433102953952023 -1.88920246261093 -1.2865515241201402 -1.3648931753344837 -1.1970517273565058 -1.2767904454298207 -0.8225495442924274 -1.1993225281595175 -2.2374863398671616 -0.8316245506614903 -1.6130140859236293 -1.7839180962255485 -1.4210427395274285 -1.1807162122641368 -0.7979391399282936 -1.8121764484532101 -1.8886027014402482 -1.423903896840903 -2.665275860371358 -1.996986942077479 -1.4467758133660877 -0.8736856808937293 -1.3460047008125262 -0.865750315929249 -1.2494949712871346 -1.3191058731518512 -1.0275095535542451 -0.8341800718905154 -1.833989896350459 -0.985450888591058 -1.7722517792975445 -0.8473323802064172 -0.8324514884899322 -1.2327209884588135 -1.272448256931272 -0.8173647661483586 -1.2858549663815069 -0.853221870927109 -1.2900413780217164 -1.2832647208081778 -1.8946004293170031 -1.341732316894265 -1.3357128238907963 -1.9969538633156143 -1.2617905200910937 -1.3309872991379903 -0.8002506563615402 -0.819609914025854 -0.8408107894624626 -1.7753730794863136 -1.2123008708287093 -0.8080499117796511 -0.7993506485497112 -1.1887846927090646 -1.0138187954987614 -1.8697385082933637 -1.806360069689016 -1.835492727288866 -1.2869403536947979 -1.3277990665163792 -1.2451876567697715 -0.8529153759205123 -1.2264826365704802
-0.7326469600350353 -0.7336446268086696 -0.7078754559705785 -0.69349341644873 -0.735691809065138 -0.7409500604863389 -0.7602192903405159 -0.7514754695135137 -1.3828265876758403 -1.9099566266210326 -2.535699392342361 -3.095715588532639 -2.4921164984503603 -2.5168116771770186 -1.5109268965334381 -2.4527545742619243 -0.8917777839885486 -1.8402501683388865 -1.8996408917931398 -1.9832424350083457 -2.5164949837642427 -2.5950311489669744 -1.3569124534840005 -1.2336608717498123 -1.2843843981991714 -0.8207189074206567 -1.2907522769196202 -0.7891771063777218 -0.7907253305377889 -0.7984340392800993 -0.7856958758635576 -0.796168260855541 -1.1579063453110492 -1.1360070301503058 -1.2316708312049582 -1.2075236367720905 -1.1249737633288646 -1.1583363374426041 -1.1249252603600652 -1.1566584069130355 -0.709588778356066 -0.744108342493399 -0.7456482268983652 -0.739019634578235 -0.7351025811251864 -0.747435048155523 -0.758770835269951 -0.7441163281205921 -0.8754100157502831 -1.499693341999418 -1.3997867306607668 -2.568982149619228 -3.278578122355097 -2.0229050986510684 -0.9592148245784344 -0.8391085261122815 -1.2194501267338016 -1.2442218500506104 -1.192962286804528 -1.7860888491806912 -0.8526765150341206 -1.261772513693213 -1.7999427775170542 -0.8264092626416026 -0.7746054650182507 -0.8151616993917988 -1.2253483712450552 -0.8896248672116764 -1.2213280671483744 -2.323661472089509 -0.8883132401042737 -1.2181639311387573 -0.9221094327479791 -0.9161069262679562 -1.3389446303375878 -1.2630186099864904 -1.2930674779868063 -1.7367945661317699 -1.7631427301875697 -0.8286776267961464 -1.2433386289871828 -1.2914975471989476 -1.7975070045439334 -2.4130404166127533 -1.8258526214901443 -1.2729734362676357 -1.3053314186807163 -0.8208352208126534 -1.8201558748106197 -1.2733847038624586 -1.1533066620367844 -1.123079290535876 -0.8945502926219059 -0.8374670545657039 -0.8460685365920639 -0.814252975120208 -1.8789019285451212 -2.433102953952023 -1.88920246261093 -1.8550806054531725 -1.3648931753344837 -1.1970517273565058 -1.2767904454298207 -0.8225495442924274 -1.1993225281595175 -2.2374863398671616 -0.8316245506614903 -1.6130140859236293 -1.7839180962255485 -1.4210427395274285 -1.1807162122641368 -0.7979391399282936 -1.8121764484532101 -1.8886027014402482 -1.423903896840903 -2.677504160578571 -1.996986942077479 -1.4467758133660877 -0.8736856808937293 -1.3460047008125262 -0.865750315929249 -1.2494949712871346 -1.3191058731518512 -1.0275095535542451 -0.8341800718905154 -1.8186467426802293 -0.985450888591058 -1.7722517792975445 -0.8473323802064172 -0.8324514884899322 -1.2327209884588135 -1.272448256931272 -0.8173647661483586 -1.2858549663815069 -0.853221870927109 -1.3102464619729097 -1.2832647208081778 -1.8946004293170031 -1.341732316894265 -1.3357128238907963 -1.9969538633156143 -1.2397362911708014 -1.3309872991379903 -0.8002506563615402 -0.819609914025854 -0.8408107894624626 -1.7753730794863136 -1.2123008708287093 -0.8080499117796511 -0.8043733685445053 -1.1887846927090646 -1.0138187954987614 -1.2990269796882503 -1.806360069689016 -1.835492727288866 -1.2869403536947979 -1.3277990665163792 -1.2451876567697715 -0.8529153759205123 -1.2264826365704802
-0.7326469600350353 -0.7219923459528086 -0.6977745389070011 -0.69349341644873 -0.735691809065138 -0.7409500604863389 -0.7602192903405159 -0.7514754695135137 -1.3828265876758403 -1.9099566266210326 -2.535699392342361 -3.095715588532639 -2.5078614019467316 -2.5168116771770186 -1.5109268965334381 -2.4527545742619243 -0.8917777839885486 -1.8402501683388865 -1.8996408917931398 -1.9832424350083457 -2.5164949837642427 -2.5950311489669744 -1.3569124534840005 -1.2288033652930126 -1.2843843981991714 -0.8207189074206567 -1.2907522769196202 -0.7891771063777218 -0.7907253305377889 -0.7984340392800993 -0.7856958758635576 -0.796168260855541 -1.1579063453110492 -1.1360070301503058 -1.2316708312049582 -1.2153435013340494 -1.1249737633288646 -1.1701963758701288 -1.1249252603600652 -1.1566584069130355 -0.709588778356066 -0.744108342493399 -0.7456482268983652 -0.7349941145326337 -0.7351025811251864 -0.747435048155523 -0.7547215922564665 -0.7441163281205921 -0.8754100157502831 -1.499693341999418 -1.3997867306607668 -2.568982149619228 -3.278578122355097 -2.0229050986510684 -0.9592148245784344 -0.8391085261122815 -1.2194501267338016 -1.2442218500506104 -1.192962286804528 -1.7860888491806912 -1.3267499394181377 -1.261772513693213 -1.7999427775170542 -0.8264092626416026 -0.7746054650182507 -0.8151616993917988 -1.2253483712450552 -0.8896248672116764 -1.2213280671483744 -2.3126564373343435 -0.8883132401042737 -1.2181639311387573 -0.9221094327479791 -0.9161069262679562 -1.3389446303375878 -1.2630186099864904 -1.2930674779868063 -1.7367945661317699 -1.7631427301875697 -0.8286776267961464 -1.2433386289871828 -1.2914975471989476 -1.7975070045439334 -2.4130404166127533 -1.8258526214901443 -1.2729734362676357 -1.3053314186807163 -0.8618494564901656 -1.8201558748106197 -1.2733847038624586 -1.1533066620367844 -1.123079290535876 -0.8945502926219059 -0.8374670545657039 -0.8460685365920639 -0.8044330887430504 -1.8789019285451212 -2.433102953952023 -1.88920246261093 -1.8363096379037962 -1.3648931753344837 -1.1970517273565058 -1.2767904454298207 -0.8225495442924274 -1.1950647309462223 -2.2374863398671616 -0.8316245506614903 -1.6130140859236293 -1.7839180962255485 -1.4210427395274285 -1.1807162122641368 -0.7979391399282936 -1.8121764484532101 -1.8886027014402482 -1.423903896840903 -2.677504160578571 -1.996986942077479 -1.4467758133660877 -0.8736856808937293 -1.3347780318035294 -0.865750315929249 -1.2494949712871346 -1.3191058731518512 -1.0275095535542451 -0.8341800718905154 -1.8186467426802293 -0.9760340691503102 -1.7722517792975445 -0.8473323802064172 -0.8324514884899322 -1.2327209884588135 -1.272448256931272 -0.8173647661483586 -1.2858549663815069 -0.853221870927109 -1.3102464619729097 -1.2832647208081778 -1.8946004293170031 -1.341732316894265 -1.3357128238907963 -1.9303287342631967 -1.2397362911708014 -1.3309872991379903 -0.8002506563615402 -0.8346146765592604 -0.8408107894624626 -1.7753730794863136 -1.220726380240951 -0.8080499117796511 -0.7993506485497112 -1.209467033000046 -1.0138187954987614 -1.3092132053145995 -1.806360069689016 -1.835492727288866 -1.2869403536947979 -1.3277990665163792 -1.2451876567697715 -0.8453173023128476 -1.2264826365704802
-0.7326469600350353 -0.7263496148299281 -0.7248974707239677 -0.69349341644873 -0.7495466639900467 -0.7295464244479362 -0.7440738790954886 -0.7514754695135137 -1.325031922433757 -1.9099566266210326 -2.4913435201064162 -3.095715588532639 -2.5078614019467316 -2.5168116771770186 -1.5109268965334381 -2.4286240865324973 -0.8917777839885486 -1.8024412418214413 -1.8996408917931398 -1.9832424350083457 -2.5164949837642427 -2.622725344087013 -1.4121314121630517 -1.2684189323431272 -1.2551600150637008 -0.8207189074206567 -1.2998599548161367 -0.7891771063777218 -0.7907253305377889 -0.7984340392800993 -0.7856958758635576 -0.796168260855541 -1.7033889506018094 -1.1360070301503058 -1.2316708312049582 -1.2592482817779194 -1.1536130426761204 -1.1802405197815617 -1.1249252603600652 -1.1453023421722903 -0.7184579591868627 -0.744108342493399 -0.7347184958873052 -0.7354615546020623 -0.7353312936994375 -0.7780181384154368 -0.8007028784783902 -1.1625705698408308 -0.888016799593393 -1.499693341999418 -1.3997867306607668 -2.568982149619228 -3.278578122355097 -2.0229050986510684 -1.4614229115508919 -0.8391085261122815 -1.2194501267338016 -1.2442218500506104 -1.205084741154935 -1.7860888491806912 -1.3367707296566604 -1.261772513693213 -1.7999427775170542 -0.848286326461535 -0.7814530738905124 -0.8151616993917988 -1.2253483712450552 -0.8835686301191982 -1.2213280671483744 -2.3126564373343435 -0.9172645495695455 -1.2181639311387573 -0.9221094327479791 -0.9161069262679562 -1.3389446303375878 -1.2630186099864904 -1.3112812293640002 -1.763991245412557 -2.392071824779823 -0.8443519995453442 -1.223864611955089 -1.2914975471989476 -1.7975070045439334 -2.4130404166127533 -1.8258526214901443 -1.2729734362676357 -1.3053314186807163 -0.8618494564901656 -1.264597091006952 -1.2733847038624586 -1.1141894825582923 -1.123079290535876 -0.8945502926219059 -1.3016269113947803 -0.8460685365920639 -0.8044330887430504 -1.9146641433956089 -2.433102953952023 -1.88920246261093 -1.8363096379037962 -1.30670887181869 -1.2081535114621242 -1.2958224833806598 -0.8131284089550755 -1.2058735600350514 -1.898130936543425 -0.8316245506614903 -1.6130140859236293 -1.7732776312627254 -1.3579903179918018 -1.1807162122641368 -0.7830256555428716 -1.8269222490121675 -2.5288844368534455 -1.4012695769277175 -2.677504160578571 -1.996986942077479 -1.4467758133660877 -1.2981214305961466 -1.3326703822959625 -0.865750315929249 -1.2494949712871346 -1.3191058731518512 -1.0275095535542451 -0.8274250081965575 -1.8186467426802293 -0.9760340691503102 -1.7722517792975445 -0.8148103738328152 -0.8324514884899322 -1.2327209884588135 -1.3160904773188378 -0.8521778000506248 -1.3021611536940423 -0.853221870927109 -0.8398202126765745 -1.2832647208081778 -1.8946004293170031 -1.341732316894265 -1.3357128238907963 -2.574717060999321 -1.3029757486540388 -1.280118804075273 -1.2617020773732774 -0.8346146765592604 -0.8408107894624626 -1.7753730794863136 -1.777738252682052 -0.8080499117796511 -0.7930801156478516 -1.209467033000046 -1.0138187954987614 -1.26718160186457 -1.806360069689016 -1.835492727288866 -1.3416064995319317 -1.3277990665163792 -1.2353555326291703 -0.8453173023128476 -1.1905886914067807
-0.7326469600350353 -0.7263496148299281 -0.7078754559705785 -0.69349341644873 -0.735691809065138 -0.7409500604863389 -0.7602192903405159 -0.7514754695135137 -1.3742576995653177 -1.9099566266210326 -2.535699392342361 -3.095715588532639 -2.4921164984503603 -2.5168116771770186 -1.5109268965334381 -2.4286240865324973 -0.8917777839885486 -1.8273292624148418 -1.8996408917931398 -1.9832424350083457 -2.509340251366982 -2.534023974709637 -1.3569124534840005 -1.2733543020496851 -1.290924901157067 -0.8207189074206567 -1.2907522769196202 -0.7960485214563071 -0.7907253305377889 -0.7984340392800993 -0.7856958758635576 -0.796168260855541 -1.185757361282342 -1.1659009381297867 -1.2316708312049582 -1.2075236367720905 -1.1118136533862042 -1.1683268346454188 -1.1249252603600652 -1.1566584069130355 -0.709588778356066 -0.744108342493399 -0.7456482268983652 -0.7349941145326337 -0.7414437187463607 -0.7447525809589949 -0.7608456206001526 -0.7441163281205921 -0.9027258885391675 -1.499693341999418 -1.3997867306607668 -2.568982149619228 -3.278578122355097 -2.0229050986510684 -0.9592148245784344 -0.8391085261122815 -1.2194501267338016 -1.2442218500506104 -1.205084741154935 -1.7860888491806912 -1.3346425190586562 -1.261772513693213 -1.7999427775170542 -0.8264092626416026 -0.7814530738905124 -0.8151616993917988 -1.2253483712450552 -0.8896248672116764 -1.2213280671483744 -2.323661472089509 -0.8883132401042737 -1.2181639311387573 -0.9221094327479791 -0.9161069262679562 -1.3389446303375878 -1.2630186099864904 -1.2930674779868063 -1.7367945661317699 -1.7575138298667732 -0.8286776267961464 -1.2433386289871828 -1.2914975471989476 -1.7975070045439334 -2.4130404166127533 -1.8258526214901443 -1.2729734362676357 -1.3408967328019046 -0.8618494564901656 -1.8201558748106197 -1.2733847038624586 -1.1533066620367844 -1.123079290535876 -0.8945502926219059 -0.8454718570485594 -0.8460685365920639 -0.814252975120208 -1.8789019285451212 -2.433102953952023 -1.9079232688775547 -1.8302076947504688 -1.3648931753344837 -1.1970517273565058 -1.2767904454298207 -0.8225495442924274 -1.1993225281595175 -2.2374863398671616 -0.8316245506614903 -1.6130140859236293 -1.7839180962255485 -1.4210427395274285 -1.1807162122641368 -0.7979391399282936 -1.8121764484532101 -1.8886027014402482 -1.4012695769277175 -2.687819505164198 -1.996986942077479 -1.4467758133660877 -0.8736856808937293 -1.3347780318035294 -0.865750315929249 -1.2618745592373397 -1.3191058731518512 -1.0275095535542451 -0.8341800718905154 -1.833989896350459 -0.9760340691503102 -1.7722517792975445 -0.8473323802064172 -0.8324514884899322 -1.2327209884588135 -1.272448256931272 -0.8521778000506248 -1.2858549663815069 -0.853221870927109 -1.3102464619729097 -1.2832647208081778 -1.8946004293170031 -1.341732316894265 -1.3357128238907963 -1.9303287342631967 -1.2617905200910937 -1.3309872991379903 -0.8002506563615402 -0.819609914025854 -0.8408107894624626 -1.7753730794863136 -1.2123008708287093 -0.8011142871813853 -0.7671973810148524 -1.1887846927090646 -1.0138187954987614 -1.3092132053145995 -1.806360069689016 -1.835492727288866 -1.2869403536947979 -1.3277990665163792 -1.2451876567697715 -0.8529153759205123 -1.2264826365704802
-0.7326469600350353 -0.7336446268086696 -0.7078754559705785 -0.69349341644873 -0.735691809065138 -0.7409500604863389 -0.7602192903405159 -0.7514754695135137 -1.3742576995653177 -1.9099566266210326 -2.535699392342361 -3.095715588532639 -2.4921164984503603 -2.5168116771770186 -1.4539311226544558 -2.4286240865324973 -0.876463107400935 -1.8273292624148418 -1.8996408917931398 -1.9832424350083457 -2.509340251366982 -2.534023974709637 -1.3569124534840005 -1.2733543020496851 -1.290924901157067 -0.8207189074206567 -1.2907522769196202 -0.7960485214563071 -0.7907253305377889 -0.8065319221143243 -0.7856958758635576 -0.796168260855541 -1.185757361282342 -1.1659009381297867 -1.2316708312049582 -1.2075236367720905 -1.1118136533862042 -1.1683268346454188 -1.1249252603600652 -1.1566584069130355 -0.709588778356066 -0.744108342493399 -0.7456482268983652 -0.7349941145326337 -0.7414437187463607 -0.7447525809589949 -0.7435518898973689 -0.7379322216132269 -0.9027258885391675 -1.499693341999418 -1.3997867306607668 -2.568982149619228 -3.278578122355097 -2.0229050986510684 -0.9592148245784344 -0.823996472198973 -1.2194501267338016 -1.2442218500506104 -1.205084741154935 -1.7860888491806912 -1.3346425190586562 -1.261772513693213 -1.7999427775170542 -0.8264092626416026 -0.7814530738905124 -0.8151616993917988 -1.2253483712450552 -0.8896248672116764 -1.2213280671483744 -2.323661472089509 -0.8883132401042737 -1.2181639311387573 -0.9221094327479791 -0.9161069262679562 -1.3389446303375878 -1.2630186099864904 -1.2930674779868063 -1.7367945661317699 -1.7575138298667732 -0.8286776267961464 -1.2433386289871828 -1.2914975471989476 -1.7975070045439334 -2.4130404166127533 -1.8258526214901443 -1.2729734362676357 -1.3053314186807163 -0.8618494564901656 -1.8106729318712755 -1.2733847038624586 -1.1533066620367844 -1.123079290535876 -0.8945502926219059 -0.8454718570485594 -0.8460685365920639 -0.814252975120208 -1.8789019285451212 -2.433102953952023 -1.9079232688775547 -1.8302076947504688 -1.381409311922665 -1.1970517273565058 -1.2767904454298207 -0.8225495442924274 -1.2117591812064972 -2.2374863398671616 -0.8316245506614903 -1.6130140859236293 -1.7839180962255485 -1.4210427395274285 -1.1682346445947374 -0.7979391399282936 -1.8121764484532101 -1.8886027014402482 -1.4012695769277175 -2.687819505164198 -1.996986942077479 -1.4467758133660877 -0.8736856808937293 -1.3458056270211631 -0.865750315929249 -1.2618745592373397 -1.3191058731518512 -1.0275095535542451 -0.8341800718905154 -1.833989896350459 -0.9760340691503102 -1.7722517792975445 -0.8473323802064172 -0.8324514884899322 -1.2098425651925757 -1.272448256931272 -0.8357969449124197 -1.2858549663815069 -0.853221870927109 -1.2900413780217164 -1.2832647208081778 -1.8946004293170031 -1.341732316894265 -1.3074184533499604 -1.9303287342631967 -1.2617905200910937 -1.3309872991379903 -0.8002506563615402 -0.819609914025854 -0.8408107894624626 -1.7753730794863136 -1.2123008708287093 -0.8011142871813853 -0.7671973810148524 -1.1887846927090646 -1.0138187954987614 -1.3092132053145995 -1.806360069689016 -1.835492727288866 -1.2869403536947979 -1.3277990665163792 -1.2451876567697715 -0.8529153759205123 -1.2264826365704802
-0.7326469600350353 -0.7336446268086696 -0.7078754559705785 -0.69349341644873 -0.735691809065138 -0.7409500604863389 -0.7602192903405159 -0.7514754695135137 -1.3742576995653177 -1.9099566266210326 -2.535699392342361 -3.095715588532639 -2.4921164984503603 -2.5168116771770186 -1.4539311226544558 -2.4286240865324973 -0.876463107400935 -1.8273292624148418 -1.8996408917931398 -1.9832424350083457 -2.509340251366982 -2.534023974709637 -1.3569124534840005 -1.2336608717498123 -1.290924901157067 -0.8098293374601303 -1.2907522769196202 -0.7960485214563071 -0.7907253305377889 -0.8065319221143243 -0.7856958758635576 -0.796168260855541 -1.185757361282342 -1.1659009381297867 -1.2316708312049582 -1.2075236367720905 -1.1118136533862042 -1.1683268346454188 -1.1249252603600652 -1.1453023421722903 -0.709588778356066 -0.744108342493399 -0.7456482268983652 -0.739019634578235 -0.7414437187463607 -0.7447525809589949 -0.7420909003970086 -0.7379322216132269 -0.8885499473871241 -1.499693341999418 -1.3997867306607668 -2.568982149619228 -3.278578122355097 -2.0229050986510684 -0.9592148245784344 -0.823996472198973 -1.2194501267338016 -1.2442218500506104 -1.205084741154935 -1.7860888491806912 -1.3346425190586562 -1.261772513693213 -1.7999427775170542 -0.8264092626416026 -0.7814530738905124 -0.8151616993917988 -1.2253483712450552 -0.8896248672116764 -1.2213280671483744 -2.323661472089509 -0.8883132401042737 -1.2181639311387573 -0.9221094327479791 -0.9161069262679562 -1.3389446303375878 -1.2630186099864904 -1.2930674779868063 -1.7367945661317699 -1.7575138298667732 -0.8286776267961464 -1.2433386289871828 -1.301271357498794 -1.7975070045439334 -2.4130404166127533 -1.8258526214901443 -1.2729734362676357 -1.3053314186807163 -0.8478799762872756 -1.8106729318712755 -1.2733847038624586 -1.1533066620367844 -1.123079290535876 -0.8945502926219059 -0.8454718570485594 -0.8460685365920639 -0.814252975120208 -1.9241668057294887 -2.433102953952023 -1.9079232688775547 -1.8550806054531725 -1.381409311922665 -1.1970517273565058 -1.2767904454298207 -0.8225495442924274 -1.2117591812064972 -2.2374863398671616 -0.8316245506614903 -1.6130140859236293 -1.7839180962255485 -1.4210427395274285 -1.1807162122641368 -0.7979391399282936 -1.8121764484532101 -1.8886027014402482 -1.423903896840903 -2.687819505164198 -1.996986942077479 -1.4467758133660877 -0.8736856808937293 -1.3347780318035294 -0.865750315929249 -1.2618745592373397 -1.3191058731518512 -1.0275095535542451 -0.8341800718905154 -1.833989896350459 -0.9760340691503102 -1.7722517792975445 -0.8473323802064172 -0.8324514884899322 -1.2098425651925757 -1.272448256931272 -0.8173647661483586 -1.2858549663815069 -0.853221870927109 -1.2900413780217164 -1.2832647208081778 -1.8946004293170031 -1.341732316894265 -1.3074184533499604 -1.9303287342631967 -1.2617905200910937 -1.3309872991379903 -0.8002506563615402 -0.819609914025854 -0.8408107894624626 -1.7753730794863136 -1.2123008708287093 -0.8011142871813853 -0.7959555718687092 -1.1887846927090646 -1.0138187954987614 -1.3092132053145995 -1.806360069689016 -1.835492727288866 -1.300551301823088 -1.3277990665163792 -1.2451876567697715 -0.8529153759205123 -1.2264826365704802
-0.7326469600350353 -0.7159985181556868 -0.7088063484284208 -0.69349341644873 -0.735691809065138 -0.7409500604863389 -0.7602192903405159 -0.7514754695135137 -1.3742576995653177 -1.9099566266210326 -2.535699392342361 -3.095715588532639 -2.4921164984503603 -2.5168116771770186 -1.4539311226544558 -2.4286240865324973 -0.876463107400935 -1.8402501683388865 -1.8996408917931398 -1.9832424350083457 -2.509340251366982 -2.534023974709637 -1.3569124534840005 -1.2336608717498123 -1.290924901157067 -0.8098293374601303 -1.2907522769196202 -0.7960485214563071 -0.7907253305377889 -0.7984340392800993 -0.7966294813181051 -0.796168260855541 -1.166680185330857 -1.1659009381297867 -1.2316708312049582 -1.2075236367720905 -1.1118136533862042 -1.1683268346454188 -1.1249252603600652 -1.1453023421722903 -0.709588778356066 -0.744108342493399 -0.7456482268983652 -0.739019634578235 -0.7414437187463607 -0.7447525809589949 -0.7435518898973689 -0.7441163281205921 -0.9027258885391675 -1.499693341999418 -1.3997867306607668 -2.568982149619228 -3.278578122355097 -2.0229050986510684 -0.9592148245784344 -0.8391085261122815 -1.2194501267338016 -1.2442218500506104 -1.205084741154935 -1.7860888491806912 -1.3267499394181377 -1.261772513693213 -1.7999427775170542 -0.8264092626416026 -0.7814530738905124 -0.8151616993917988 -1.2253483712450552 -0.8896248672116764 -1.2213280671483744 -2.323661472089509 -0.8883132401042737 -1.2181639311387573 -0.9221094327479791 -0.9161069262679562 -1.3389446303375878 -1.2630186099864904 -1.2930674779868063 -1.7455833239923138 -1.7575138298667732 -0.8286776267961464 -1.2433386289871828 -1.301271357498794 -1.7975070045439334 -2.4130404166127533 -1.8258526214901443 -1.2729734362676357 -1.3053314186807163 -0.8618494564901656 -1.8201558748106197 -1.2733847038624586 -1.1533066620367844 -1.123079290535876 -0.8945502926219059 -0.8454718570485594 -0.8460685365920639 -0.8219531109405104 -1.9602092966102014 -2.433102953952023 -1.9079232688775547 -1.8302076947504688 -1.3648931753344837 -1.1970517273565058 -1.2767904454298207 -0.8225495442924274 -1.1993225281595175 -2.2374863398671616 -0.8316245506614903 -1.6130140859236293 -1.7839180962255485 -1.4003720870521017 -1.1807162122641368 -0.7979391399282936 -1.8121764484532101 -1.8886027014402482 -1.4012695769277175 -2.677504160578571 -1.996986942077479 -1.4467758133660877 -0.8736856808937293 -1.3347780318035294 -0.865750315929249 -1.2618745592373397 -1.3191058731518512 -1.0275095535542451 -0.8341800718905154 -1.833989896350459 -0.9760340691503102 -1.7820879489945263 -0.8473323802064172 -0.8324514884899322 -1.2098425651925757 -1.272448256931272 -0.8173647661483586 -1.2858549663815069 -0.853221870927109 -1.2900413780217164 -1.2832647208081778 -1.8946004293170031 -1.341732316894265 -1.3074184533499604 -1.9303287342631967 -1.2617905200910937 -1.3309872991379903 -0.8002506563615402 -0.819609914025854 -0.8408107894624626 -1.7753730794863136 -1.2123008708287093 -0.8011142871813853 -0.7993506485497112 -1.1887846927090646 -1.0138187954987614 -1.3092132053145995 -1.806360069689016 -1.835492727288866 -1.2869403536947979 -1.3277990665163792 -1.2451876567697715 -0.8529153759205123 -1.2264826365704802
-0.7230356702437624 -0.7159985181556868 -0.7034946401305522 -0.69349341644873 -0.735691809065138 -0.7409500604863389 -0.7602192903405159 -0.7514754695135137 -1.3742576995653177 -1.9099566266210326 -2.535699392342361 -3.095715588532639 -2.4921164984503603 -2.5168116771770186 -1.4539311226544558 -2.4286240865324973 -0.876463107400935 -1.8273292624148418 -1.8996408917931398 -1.9832424350083457 -2.509340251366982 -2.5950311489669744 -1.3569124534840005 -1.2336608717498123 -1.290924901157067 -0.8098293374601303 -1.2907522769196202 -0.7960485214563071 -0.7907253305377889 -0.8065319221143243 -0.7966294813181051 -0.7895014373290804 -1.1579063453110492 -1.1360070301503058 -1.2316708312049582 -1.2075236367720905 -1.1118136533862042 -1.1683268346454188 -1.1249252603600652 -1.1699132255890017 -0.709588778356066 -0.744108342493399 -0.7456482268983652 -0.7349941145326337 -0.7371606724256807 -0.7447525809589949 -0.7435518898973689 -0.7379322216132269 -0.8885499473871241 -1.499693341999418 -1.3997867306607668 -2.568982149619228 -3.278578122355097 -2.0229050986510684 -0.9592148245784344 -0.8391085261122815 -1.2194501267338016 -1.2442218500506104 -1.205084741154935 -1.7860888491806912 -1.3346425190586562 -1.2728402848290266 -1.7999427775170542 -0.8264092626416026 -0.7814530738905124 -0.8151616993917988 -1.2253483712450552 -0.8896248672116764 -1.2213280671483744 -2.323661472089509 -0.8883132401042737 -1.2181639311387573 -0.9221094327479791 -0.9161069262679562 -1.3389446303375878 -1.2630186099864904 -1.2930674779868063 -1.7455833239923138 -1.7575138298667732 -0.8286776267961464 -1.2433386289871828 -1.2869632279766396 -1.7975070045439334 -2.4130404166127533 -1.8258526214901443 -1.2729734362676357 -1.3053314186807163 -0.8618494564901656 -1.8106729318712755 -1.2733847038624586 -1.1533066620367844 -1.123079290535876 -0.8945502926219059 -0.8454718570485594 -0.8460685365920639 -0.814252975120208 -1.9241668057294887 -2.433102953952023 -1.9079232688775547 -1.8550806054531725 -1.381409311922665 -1.1970517273565058 -1.2767904454298207 -0.8374911736853633 -1.1993225281595175 -2.2374863398671616 -0.8316245506614903 -1.6130140859236293 -1.7839180962255485 -1.4210427395274285 -1.1682346445947374 -0.7979391399282936 -1.8121764484532101 -1.8886027014402482 -1.423903896840903 -2.687819505164198 -1.996986942077479 -1.4467758133660877 -0.8736856808937293 -1.3347780318035294 -0.865750315929249 -1.2618745592373397 -1.3191058731518512 -1.0275095535542451 -0.8172504078566045 -1.833989896350459 -0.9760340691503102 -1.7820879489945263 -0.8473323802064172 -0.8324514884899322 -1.2098425651925757 -1.272448256931272 -0.8173647661483586 -1.2858549663815069 -0.853221870927109 -1.2900413780217164 -1.2832647208081778 -1.8946004293170031 -1.341732316894265 -1.3074184533499604 -1.9303287342631967 -1.2863680232733068 -1.3309872991379903 -0.8002506563615402 -0.819609914025854 -0.8408107894624626 -1.7753730794863136 -1.2123008708287093 -0.8011142871813853 -0.7671973810148524 -1.1887846927090646 -1.0138187954987614 -1.3092132053145995 -1.806360069689016 -1.835492727288866 -1.2754249795625898 -1.3277990665163792 -1.2451876567697715 -0.8529153759205123 -1.2264826365704802
-0.7230356702437624 -0.7275850028536808 -0.7136523520652632 -0.69349341644873 -0.7312022736238929 -0.7409500604863389 -0.7602192903405159 -0.7405385739733916 -1.3742576995653177 -1.9099566266210326 -2.535699392342361 -3.095715588532639 -2.4921164984503603 -2.5168116771770186 -1.467039043349314 -2.4286240865324973 -0.876463107400935 -1.8402501683388865 -1.8996408917931398 -1.9832424350083457 -2.5164949837642427 -2.5950311489669744 -1.3473851736702405 -1.2336608717498123 -1.2843843981991714 -0.8194350522492282 -1.2907522769196202 -0.7891771063777218 -0.7987863238443096 -0.7984340392800993 -0.7966294813181051 -0.7895014373290804 -1.1579063453110492 -1.1360070301503058 -1.2316708312049582 -1.2174366840547641 -1.1249737633288646 -1.1683268346454188 -1.105965167703818 -1.1699132255890017 -0.7041491497694559 -0.744108342493399 -0.7456482268983652 -0.7349941145326337 -0.7351025811251864 -0.7392239707754162 -0.7467308587833974 -0.7441163281205921 -0.8885499473871241 -1.499693341999418 -1.3997867306607668 -2.568982149619228 -3.278578122355097 -2.0229050986510684 -0.9592148245784344 -0.8391085261122815 -1.2194501267338016 -1.2442218500506104 -1.205084741154935 -1.7860888491806912 -1.3267499394181377 -1.2728402848290266 -1.7999427775170542 -0.8264092626416026 -0.7814530738905124 -0.8151616993917988 -1.2253483712450552 -0.8896248672116764 -1.2213280671483744 -2.323661472089509 -0.8883132401042737 -1.2181639311387573 -0.9325469077106331 -0.9161069262679562 -1.3389446303375878 -1.2630186099864904 -1.2930674779868063 -1.7455833239923138 -1.7631427301875697 -0.8286776267961464 -1.2433386289871828 -1.2869632279766396 -1.7975070045439334 -2.4130404166127533 -1.8258526214901443 -1.2729734362676357 -1.3053314186807163 -0.8618494564901656 -1.8201558748106197 -1.2733847038624586 -1.1533066620367844 -1.123079290535876 -0.8945502926219059 -0.8374670545657039 -0.8460685365920639 -0.8061569957965771 -1.9602092966102014 -2.433102953952023 -1.88920246261093 -1.8302076947504688 -1.3648931753344837 -1.1970517273565058 -1.2767904454298207 -0.8225495442924274 -1.1993225281595175 -2.2374863398671616 -0.8316245506614903 -1.6130140859236293 -1.7839180962255485 -1.4210427395274285 -1.1807162122641368 -0.7979391399282936 -1.8121764484532101 -1.8886027014402482 -1.423903896840903 -2.677504160578571 -1.996986942077479 -1.4467758133660877 -0.8736856808937293 -1.3460047008125262 -0.865750315929249 -1.2618745592373397 -1.3191058731518512 -1.0275095535542451 -0.8172504078566045 -1.8186467426802293 -0.9760340691503102 -1.7820879489945263 -0.8473323802064172 -0.8324514884899322 -1.2098425651925757 -1.2606245642242355 -0.8173647661483586 -1.2858549663815069 -0.853221870927109 -1.2900413780217164 -1.2832647208081778 -1.8946004293170031 -1.341732316894265 -1.3074184533499604 -1.9303287342631967 -1.2640999346923214 -1.3309872991379903 -0.7873642354835547 -0.819609914025854 -0.8408107894624626 -1.7753730794863136 -1.2123008708287093 -0.8080499117796511 -0.8043733685445053 -1.1887846927090646 -1.0138187954987614 -1.8815766762759445 -1.806360069689016 -1.835492727288866 -1.2869403536947979 -1.3277990665163792 -1.2451876567697715 -0.8529153759205123 -1.2142998473263884
-0.7230356702437624 -0.7275850028536808 -0.7136523520652632 -0.69349341644873 -0.7312022736238929 -0.7357033705184018 -0.7602192903405159 -0.7514754695135137 -1.3828265876758403 -1.9099566266210326 -2.535699392342361 -3.095715588532639 -2.5078614019467316 -2.5168116771770186 -1.467039043349314 -2.4286240865324973 -0.8998232838190201 -1.8489390326337731 -1.8996408917931398 -1.9832424350083457 -2.5164949837642427 -2.5950311489669744 -1.3473851736702405 -1.2733543020496851 -1.2551600150637008 -0.8304076123833439 -1.2907522769196202 -0.7891771063777218 -0.7987863238443096 -0.7984340392800993 -0.7966294813181051 -0.7895014373290804 -1.1579063453110492 -1.1360070301503058 -1.2316708312049582 -1.2174366840547641 -1.1249737633288646 -1.1683268346454188 -1.105965167703818 -1.158488153634477 -0.7044350202565227 -0.744108342493399 -0.7407250527579122 -0.7314491780783594 -0.7414437187463607 -0.747435048155523 -0.7467308587833974 -0.7441163281205921 -0.888016799593393 -1.499693341999418 -1.3997867306607668 -2.568982149619228 -3.278578122355097 -2.0229050986510684 -0.9592148245784344 -0.8391085261122815 -1.2194501267338016 -1.2442218500506104 -1.205084741154935 -1.8023638389447856 -1.3267499394181377 -1.2728402848290266 -1.7999427775170542 -0.8264092626416026 -0.7814530738905124 -0.8151616993917988 -1.2253483712450552 -0.8896248672116764 -1.2213280671483744 -2.3126564373343435 -0.8883132401042737 -1.2181639311387573 -0.9325469077106331 -0.9161069262679562 -1.3389446303375878 -1.2630186099864904 -1.2930674779868063 -1.7455833239923138 -1.7631427301875697 -0.8443519995453442 -1.2433386289871828 -1.2869632279766396 -1.7975070045439334 -2.4130404166127533 -1.8258526214901443 -1.2729734362676357 -1.3053314186807163 -0.8618494564901656 -1.819538238498058 -1.2733847038624586 -1.1533066620367844 -1.123079290535876 -0.8945502926219059 -0.8374670545657039 -0.8460685365920639 -0.7964008992196313 -1.9602092966102014 -2.433102953952023 -1.88920246261093 -1.8302076947504688 -1.3648931753344837 -1.1970517273565058 -1.2767904454298207 -0.7885256857935944 -1.1993225281595175 -1.8725623911131224 -0.8141677173677982 -1.6130140859236293 -1.7839180962255485 -1.4210427395274285 -1.1807162122641368 -0.7979391399282936 -1.8121764484532101 -2.5288844368534455 -1.4012695769277175 -2.677504160578571 -1.996986942077479 -1.4467758133660877 -0.8736856808937293 -1.3460047008125262 -0.865750315929249 -1.2618745592373397 -1.3191058731518512 -1.0474594817060903 -0.8105841595381804 -1.8186467426802293 -0.9760340691503102 -1.7722517792975445 -0.8473323802064172 -0.8303244917993672 -1.2098425651925757 -1.2606245642242355 -0.8357969449124197 -1.2858549663815069 -0.853221870927109 -1.3102464619729097 -1.2832647208081778 -1.8946004293170031 -1.341732316894265 -1.3074184533499604 -1.9303287342631967 -1.2617905200910937 -1.280118804075273 -0.8002506563615402 -0.8346146765592604 -0.8408107894624626 -1.7753730794863136 -1.2123008708287093 -0.8080499117796511 -0.7980770898911563 -1.209467033000046 -1.0138187954987614 -1.8815766762759445 -1.806360069689016 -1.835492727288866 -1.2869403536947979 -1.3277990665163792 -1.2595116819085022 -0.8336030421728303 -1.2264826365704802
-0.7434462939220801 -0.7353957729622229 -0.7136523520652632 -0.69349341644873 -0.726081432238097 -0.7396764081728909 -0.7444031216668913 -0.7514754695135137 -1.3742576995653177 -1.898471249188758 -2.5270088056513003 -3.095715588532639 -2.4921164984503603 -2.508403687852419 -1.467039043349314 -2.4316185102255075 -0.867056278173661 -1.8359968912003444 -1.8996408917931398 -1.9832424350083457 -2.509340251366982 -2.5950311489669744 -1.3473851736702405 -1.2336608717498123 -1.290924901157067 -0.8194350522492282 -1.2907522769196202 -0.7960485214563071 -0.8119207105461361 -0.8065319221143243 -0.7966294813181051 -0.7804117191831127 -1.166680185330857 -1.1254232826479798 -1.2086398990351586 -1.2174366840547641 -1.1118136533862042 -1.1683268346454188 -1.1402637585380677 -1.158488153634477 -0.7044350202565227 -0.744108342493399 -0.7407250527579122 -0.7274266324826425 -0.7371606724256807 -0.7443654179944974 -0.7321668619252202 -0.7379322216132269 -0.8817198871173878 -1.4853411134466357 -1.3997867306607668 -2.568982149619228 -3.278578122355097 -2.0229050986510684 -0.9592148245784344 -0.8391085261122815 -1.2194501267338016 -1.2442218500506104 -1.205084741154935 -1.7860888491806912 -1.3346425190586562 -1.2728402848290266 -1.7999427775170542 -0.8264092626416026 -0.7576308397907018 -0.8151616993917988 -1.2253483712450552 -0.8896248672116764 -1.2213280671483744 -2.323661472089509 -0.8883132401042737 -1.2181639311387573 -0.9325469077106331 -0.9161069262679562 -1.348191601407481 -1.2630186099864904 -1.2930674779868063 -1.7550116508923457 -1.7575138298667732 -0.8286776267961464 -1.2433386289871828 -1.276255479695176 -1.7975070045439334 -2.4130404166127533 -1.8258526214901443 -1.2729734362676357 -1.3053314186807163 -0.8618494564901656 -1.8218132761871655 -1.2733847038624586 -1.140445771656223 -1.123079290535876 -0.8865570051813808 -0.8454718570485594 -0.8460685365920639 -0.814252975120208 -1.9602092966102014 -2.433102953952023 -1.8455922537861231 -1.2865515241201402 -1.381409311922665 -1.1970517273565058 -1.2767904454298207 -0.7885256857935944 -1.1993225281595175 -2.210603302708591 -0.8141677173677982 -1.6130140859236293 -1.7839180962255485 -1.4003720870521017 -1.1534924467226457 -0.7887244747933754 -1.8121764484532101 -1.8886027014402482 -1.423903896840903 -2.675581885876134 -1.996986942077479 -1.4467758133660877 -0.8736856808937293 -1.3460047008125262 -0.865750315929249 -1.2618745592373397 -1.3191058731518512 -1.0474594817060903 -0.8326431350327467 -1.833989896350459 -0.985450888591058 -1.7722517792975445 -0.8653387523734146 -0.8303244917993672 -1.260042565008421 -1.2606245642242355 -0.8357969449124197 -1.2858549663815069 -0.8503684785605466 -1.2900413780217164 -1.2832647208081778 -1.9125015764550488 -1.341732316894265 -1.3074184533499604 -1.9303287342631967 -1.2617905200910937 -1.280118804075273 -0.8002506563615402 -0.819609914025854 -0.8301936859501295 -1.7753730794863136 -1.2123008708287093 -0.8011142871813853 -0.7897025146620195 -1.1887846927090646 -1.0066756970710193 -1.8697385082933637 -1.8383305444245832 -1.835492727288866 -1.2869403536947979 -1.3277990665163792 -1.2595116819085022 -0.8336030421728303 -1.2142998473263884
-0.7230356702437624 -0.7275850028536808 -0.7136523520652632 -0.6994116749423738 -0.7129887479434095 -0.7357033705184018 -0.7377005588958029 -0.7425173650409577 -1.3742576995653177 -1.9099566266210326 -2.535699392342361 -3.095715588532639 -2.4921164984503603 -2.5168116771770186 -1.467039043349314 -2.4527545742619243 -0.876463107400935 -1.8359968912003444 -1.8996408917931398 -1.9832424350083457 -2.509340251366982 -2.5950311489669744 -1.3473851736702405 -1.2443582404902236 -1.290924901157067 -0.8194350522492282 -1.2692025587300446 -0.7960485214563071 -0.8119207105461361 -0.7984340392800993 -0.7966294813181051 -0.796168260855541 -1.1579063453110492 -1.1360070301503058 -1.2086398990351586 -1.2174366840547641 -1.1118136533862042 -1.1683268346454188 -1.105965167703818 -1.158488153634477 -0.6971168020770843 -0.744108342493399 -0.7407250527579122 -0.7349941145326337 -0.7371606724256807 -0.7443654179944974 -0.7463252095712827 -0.7441163281205921 -0.8885499473871241 -1.499693341999418 -1.3997867306607668 -2.568982149619228 -3.278578122355097 -2.0229050986510684 -0.9592148245784344 -0.8391085261122815 -1.2194501267338016 -1.2442218500506104 -1.205084741154935 -1.7860888491806912 -1.3346425190586562 -1.2728402848290266 -1.7999427775170542 -0.8264092626416026 -0.7576308397907018 -0.8151616993917988 -1.2253483712450552 -0.8896248672116764 -1.2213280671483744 -2.3097116777846773 -0.8883132401042737 -1.2181639311387573 -0.9325469077106331 -0.9296916032358493 -1.3389446303375878 -1.2630186099864904 -1.2930674779868063 -1.7550116508923457 -1.7575138298667732 -0.8286776267961464 -1.2433386289871828 -1.301271357498794 -1.7975070045439334 -2.4130404166127533 -1.8258526214901443 -1.2729734362676357 -1.3053314186807163 -0.8618494564901656 -1.8201558748106197 -1.2733847038624586 -1.1533066620367844 -1.123079290535876 -0.8945502926219059 -0.8454718570485594 -0.8460685365920639 -0.814252975120208 -1.9602092966102014 -2.433102953952023 -1.8455922537861231 -1.2652483560895307 -1.3648931753344837 -1.1970517273565058 -0.8122824434595788 -0.7885256857935944 -1.1993225281595175 -2.210603302708591 -0.8141677173677982 -1.6130140859236293 -1.7839180962255485 -1.4003720870521017 -1.165890892270992 -0.7979391399282936 -1.8121764484532101 -2.5288844368534455 -1.423903896840903 -2.687819505164198 -1.996986942077479 -1.4467758133660877 -0.8736856808937293 -1.3460047008125262 -0.865750315929249 -1.2618745592373397 -1.3191058731518512 -1.0474594817060903 -0.8172504078566045 -1.833989896350459 -0.985450888591058 -1.7820879489945263 -0.8473323802064172 -0.8303244917993672 -1.260042565008421 -1.2606245642242355 -0.8173647661483586 -1.2858549663815069 -0.8591830193907243 -1.2900413780217164 -1.2832647208081778 -1.8946004293170031 -1.341732316894265 -1.3074184533499604 -1.9303287342631967 -1.2617905200910937 -1.3309872991379903 -0.8002506563615402 -0.819609914025854 -0.8408107894624626 -1.7753730794863136 -1.2123008708287093 -0.8011142871813853 -0.7720863527779778 -1.1887846927090646 -1.0138187954987614 -1.8815766762759445 -1.806360069689016 -1.835492727288866 -1.2631268903124564 -1.3277990665163792 -1.2595116819085022 -0.8336030421728303 -1.2264826365704802
-0.7230356702437624 -0.7275850028536808 -0.7219414630998641 -0.6994116749423738 -0.7129887479434095 -0.7357033705184018 -0.7377005588958029 -0.7425173650409577 -1.3828265876758403 -1.9099566266210326 -2.535699392342361 -3.095715588532639 -2.4921164984503603 -2.5168116771770186 -1.467039043349314 -2.4527545742619243 -0.876463107400935 -1.8489390326337731 -1.8996408917931398 -1.9832424350083457 -2.5164949837642427 -2.5950311489669744 -1.3473851736702405 -1.2589817652799915 -1.2843843981991714 -0.8194350522492282 -1.2692025587300446 -0.7891771063777218 -0.8119207105461361 -0.8117559609797775 -0.7966294813181051 -0.796168260855541 -1.1579063453110492 -1.1360070301503058 -1.2316708312049582 -1.2174366840547641 -1.1249737633288646 -1.1683268346454188 -1.105965167703818 -1.181666724461047 -0.6971168020770843 -0.744108342493399 -0.7407250527579122 -0.7349941145326337 -0.7371606724256807 -0.7470469471835408 -0.7463252095712827 -0.7441163281205921 -0.8576153135431843 -1.499693341999418 -1.3997867306607668 -2.568982149619228 -3.278578122355097 -2.0229050986510684 -0.9679328037781604 -0.8391085261122815 -1.2194501267338016 -1.2442218500506104 -1.205084741154935 -1.7860888491806912 -1.3267499394181377 -1.2728402848290266 -1.7999427775170542 -0.8264092626416026 -0.7674288392999222 -0.785824295572995 -1.2253483712450552 -0.8896248672116764 -1.2213280671483744 -2.3097116777846773 -0.8883132401042737 -1.2181639311387573 -0.9325469077106331 -0.9296916032358493 -1.3389446303375878 -1.2630186099864904 -1.2930674779868063 -1.7550116508923457 -1.7631427301875697 -0.8426971025621645 -1.2433386289871828 -1.301271357498794 -1.7975070045439334 -2.4130404166127533 -1.8258526214901443 -1.260000133126084 -1.3053314186807163 -0.8618494564901656 -1.8201558748106197 -1.2733847038624586 -1.1533066620367844 -1.123079290535876 -0.8945502926219059 -0.8374670545657039 -0.8460685365920639 -0.814252975120208 -1.9146641433956089 -2.433102953952023 -1.8270831945788342 -1.8302076947504688 -1.3648931753344837 -1.1970517273565058 -0.8122824434595788 -0.7885256857935944 -1.1993225281595175 -2.210603302708591 -0.8141677173677982 -1.6130140859236293 -1.7839180962255485 -1.4210427395274285 -1.165890892270992 -0.7979391399282936 -1.8121764484532101 -2.5288844368534455 -1.423903896840903 -2.677504160578571 -1.996986942077479 -1.4467758133660877 -0.8736856808937293 -1.3460047008125262 -0.865750315929249 -1.2618745592373397 -1.3191058731518512 -1.0474594817060903 -0.8172504078566045 -1.8186467426802293 -0.985450888591058 -1.7820879489945263 -0.8473323802064172 -0.8303244917993672 -1.260042565008421 -1.2606245642242355 -0.8357969449124197 -1.2858549663815069 -0.8591830193907243 -1.2751352962228246 -1.2832647208081778 -1.8946004293170031 -1.341732316894265 -1.3074184533499604 -1.9303287342631967 -1.2397362911708014 -1.3309872991379903 -0.8002506563615402 -0.819609914025854 -0.8408107894624626 -1.74628612355978 -1.2123008708287093 -0.8080499117796511 -0.8043733685445053 -1.1887846927090646 -1.0138187954987614 -1.8815766762759445 -1.806360069689016 -1.835492727288866 -1.2631268903124564 -1.3277990665163792 -1.2595116819085022 -0.8336030421728303 -1.2264826365704802
-0.7230356702437624 -0.7275850028536808 -0.7391924012887565 -0.6994116749423738 -0.7006950460830075 -0.7184639519521651 -0.7218806135652966 -0.7425173650409577 -1.3828265876758403 -1.8622972194408927 -2.4913435201064162 -3.095715588532639 -2.5078614019467316 -2.5168116771770186 -1.467039043349314 -2.4286240865324973 -0.8998232838190201 -1.8489390326337731 -1.8996408917931398 -1.9832424350083457 -2.5164949837642427 -2.5950311489669744 -1.3873113005900604 -1.2940907110632502 -1.2551600150637008 -0.8304076123833439 -1.278235297124973 -0.7891771063777218 -0.8119207105461361 -0.8117559609797775 -0.7966294813181051 -0.796168260855541 -1.7033889506018094 -1.1872101788458 -1.2316708312049582 -1.2693733341431026 -1.1396603424780234 -1.1683268346454188 -1.1150366854994296 -1.1701812180232571 -0.7058787166406681 -0.744108342493399 -0.7365939222161558 -0.7314491780783594 -0.7310721935536363 -0.7866523754494651 -0.786369959196447 -0.7441163281205921 -0.8570938693228113 -1.499693341999418 -1.3997867306607668 -2.568982149619228 -3.278578122355097 -2.0229050986510684 -1.4722676418436946 -0.8391085261122815 -1.2194501267338016 -1.2638569553144885 -1.205084741154935 -1.8023638389447856 -1.3267499394181377 -1.2728402848290266 -1.7999427775170542 -0.8114259188404898 -0.7674288392999222 -0.785824295572995 -1.2253483712450552 -0.8315301676384632 -1.2213280671483744 -2.298723515514357 -0.8883132401042737 -1.2181639311387573 -0.9325469077106331 -0.9296916032358493 -1.3389446303375878 -1.2630186099864904 -1.3112812293640002 -1.7706892406016959 -1.7631427301875697 -0.8585392625303083 -1.223864611955089 -1.301271357498794 -1.7975070045439334 -2.4130404166127533 -1.8258526214901443 -1.260000133126084 -1.3408967328019046 -0.8618494564901656 -1.264597091006952 -1.2488924213709218 -1.1141894825582923 -1.123079290535876 -0.8945502926219059 -0.8759001369856821 -0.8460685365920639 -0.8044330887430504 -1.9146641433956089 -2.433102953952023 -1.8270831945788342 -1.2492975618006732 -1.30670887181869 -1.2081535114621242 -0.8113108410838837 -0.7863789669928436 -1.2058735600350514 -1.8725623911131224 -0.8141677173677982 -1.0823452147503814 -1.7732776312627254 -1.3579903179918018 -1.1540859363290958 -0.7979391399282936 -1.8121764484532101 -2.5288844368534455 -1.4012695769277175 -2.677504160578571 -1.996986942077479 -1.4467758133660877 -1.2981214305961466 -1.3616237699946172 -0.865750315929249 -1.2618745592373397 -1.3191058731518512 -1.0474594817060903 -0.8105841595381804 -1.8186467426802293 -0.985450888591058 -1.7722517792975445 -0.8148103738328152 -0.8303244917993672 -1.260042565008421 -1.2606245642242355 -0.8521778000506248 -1.2858549663815069 -0.8177132846050098 -1.295226284485905 -1.2832647208081778 -1.8946004293170031 -1.341732316894265 -1.3074184533499604 -2.574717060999321 -1.2617905200910937 -1.280118804075273 -1.2617020773732774 -0.8346146765592604 -0.8408107894624626 -1.74628612355978 -1.777738252682052 -0.8080499117796511 -0.7980770898911563 -1.209467033000046 -0.7942850716134581 -1.8326004085051364 -1.2688162120318693 -1.8772756658666943 -1.2631268903124564 -1.3277990665163792 -1.2496227473863464 -0.8261154187386041 -1.1905886914067807
-0.7330974134813444 -0.7353957729622229 -0.7256471983843616 -0.7198766089932193 -0.7085977137501658 -0.7337011960420791 -0.7444031216668913 -0.7425173650409577 -1.358872730347568 -1.8509098542393618 -2.4826869856874225 -3.1298412818708945 -1.8541934748813291 -2.508403687852419 -1.4515708462378742 -2.4075371461217974 -0.8902608341552702 -1.8273292624148418 -1.8996408917931398 -1.9832424350083457 -2.509340251366982 -1.8933315796072185 -1.3473851736702405 -1.2990749124489438 -1.2616265119003995 -0.8304076123833439 -1.2692025587300446 -0.7960485214563071 -0.8119207105461361 -0.81994117724763 -0.7966294813181051 -0.7870280769780161 -1.7138435944010324 -1.206820083859109 -1.2086398990351586 -1.3038794460635996 -1.1118136533862042 -1.1683268346454188 -1.1402637585380677 -1.1701812180232571 -0.6971168020770843 -0.744108342493399 -0.7500964259351657 -0.7314491780783594 -0.7371606724256807 -0.7443654179944974 -0.7369421576622159 -0.7379322216132269 -0.8504167790769069 -1.499693341999418 -1.3997867306607668 -2.568982149619228 -3.278578122355097 -2.0229050986510684 -1.486600855709535 -0.8391085261122815 -1.2345279031976841 -1.2638569553144885 -1.205084741154935 -1.8023638389447856 -1.360024949744231 -0.8089607925257651 -1.7999427775170542 -0.7795064716338548 -0.7674288392999222 -0.785824295572995 -1.2253483712450552 -0.8180203690609588 -1.2213280671483744 -2.3286681932622595 -0.8883132401042737 -1.2181639311387573 -0.9325469077106331 -0.9296916032358493 -1.348191601407481 -1.2630186099864904 -1.2930674779868063 -1.7712167067480806 -1.7575138298667732 -0.8460210263969444 -1.223864611955089 -1.301271357498794 -1.8131585788246818 -2.4130404166127533 -1.8381939696239187 -1.271408111125707 -1.3408967328019046 -0.8618494564901656 -1.2665459410206927 -1.2488924213709218 -1.1141894825582923 -1.1382491507950876 -0.8945502926219059 -0.8454718570485594 -0.8460685365920639 -0.814252975120208 -1.9146641433956089 -2.433102953952023 -1.8455922537861231 -1.2652483560895307 -1.381409311922665 -1.2081535114621242 -0.7995401147354139 -0.7955975149402383 -1.1993225281595175 -1.8725623911131224 -0.8141677173677982 -1.0823452147503814 -1.7626121712710026 -1.4210427395274285 -1.1417545603524548 -0.7979391399282936 -1.8121764484532101 -1.8886027014402482 -1.4012695769277175 -2.687819505164198 -1.996986942077479 -1.4467758133660877 -0.8736856808937293 -1.403628649485834 -0.865750315929249 -1.2618745592373397 -1.3191058731518512 -1.0474594817060903 -0.8258960727346857 -1.833989896350459 -0.985450888591058 -1.7722517792975445 -0.8653387523734146 -0.8303244917993672 -1.260042565008421 -1.2606245642242355 -0.8357969449124197 -1.2858549663815069 -0.8091740975274968 -1.2751352962228246 -1.2832647208081778 -1.8946004293170031 -1.341732316894265 -1.3074184533499604 -2.574717060999321 -1.2737923139437606 -1.280118804075273 -1.227641514650427 -0.819609914025854 -0.8301936859501295 -1.74628612355978 -1.2347022771975469 -0.8011142871813853 -0.7659578395432312 -1.1887846927090646 -0.7795138002507049 -1.26718160186457 -1.2963753416076385 -1.8772756658666943 -1.2631268903124564 -1.3277990665163792 -1.2595116819085022 -0.8529153759205123 -1.1905886914067807
-0.7434462939220801 -0.7353957729622229 -0.7256471983843616 -0.709244790136802 -0.6997605361324921 -0.7337011960420791 -0.7399191930378187 -0.7339119033095455 -1.358872730347568 -1.8509098542393618 -2.4826869856874225 -3.1298412818708945 -1.8541934748813291 -2.4450601740942615 -1.4368147498859993 -2.4075371461217974 -0.867056278173661 -1.8273292624148418 -1.8996408917931398 -1.9832424350083457 -2.509340251366982 -1.949749294588723 -1.3640027456594186 -1.2990749124489438 -1.2616265119003995 -0.8194350522492282 -0.8079262704758999 -0.7960485214563071 -0.8119207105461361 -0.81994117724763 -0.7876104900275714 -0.7870280769780161 -1.7138435944010324 -1.206820083859109 -1.216636343219828 -1.3038794460635996 -1.1013991958902511 -1.2256956627150912 -1.1812999597536868 -1.1701812180232571 -0.6971168020770843 -0.744108342493399 -0.7500964259351657 -0.7345227398918175 -0.7310721935536363 -0.7443654179944974 -0.7429690048098848 -0.7379322216132269 -0.8323311410382808 -1.4853411134466357 -1.3997867306607668 -2.568982149619228 -3.3048086464125324 -2.0229050986510684 -1.486600855709535 -0.8391085261122815 -1.2345279031976841 -1.2638569553144885 -1.205084741154935 -1.8023638389447856 -1.3561856313909784 -0.8323811236882147 -1.7999427775170542 -0.7795064716338548 -0.7776041322127117 -0.7792431658245366 -1.2175439944095885 -0.8755229433641591 -1.2213280671483744 -2.357836771563796 -0.8883132401042737 -1.2307290005156244 -0.9325469077106331 -0.9486421268198173 -1.348191601407481 -1.2630186099864904 -1.2827571785290115 -1.7712167067480806 -1.7575138298667732 -0.825535253443087 -1.2360840360797 -1.3000703297481835 -1.8018430717711615 -2.4130404166127533 -1.8381939696239187 -1.2533424497285381 -1.3408967328019046 -0.8618494564901656 -1.8935031055109002 -1.2488924213709218 -1.140445771656223 -1.1198690207834332 -0.8945502926219059 -0.8225598927115914 -0.8460685365920639 -0.8212968894845977 -1.934669963521038 -2.433102953952023 -1.8675957802303416 -1.2652483560895307 -1.381409311922665 -1.1970517273565058 -0.7967817805519377 -0.7955975149402383 -1.1993225281595175 -1.9592482690468593 -0.8376879545810554 -1.0823452147503814 -1.7732776312627254 -1.4210427395274285 -1.1417545603524548 -0.7581333365570067 -1.8121764484532101 -2.5288844368534455 -1.4012695769277175 -2.0358732417245062 -1.996986942077479 -1.4467758133660877 -0.8945603721547718 -1.345184761764043 -0.8554710414386074 -1.2618745592373397 -1.3191058731518512 -1.0641251224964103 -0.8258960727346857 -1.833989896350459 -0.985450888591058 -1.7722517792975445 -0.8362676173706325 -0.8303244917993672 -1.260042565008421 -1.272448256931272 -0.8194503458710282 -1.2858549663815069 -0.8091740975274968 -1.2751352962228246 -1.2832647208081778 -1.9125015764550488 -1.341732316894265 -1.3362249894170826 -2.5609912265158545 -1.2737923139437606 -0.8155902107557362 -1.227641514650427 -0.8091767180359222 -0.8301936859501295 -1.74628612355978 -1.2225574276116769 -0.7906522015401923 -0.7897025146620195 -1.1887846927090646 -0.7795138002507049 -1.26718160186457 -1.2963753416076385 -1.8772756658666943 -1.2727921141757081 -1.3277990665163792 -1.2496227473863464 -0.841817944241558 -1.1975229297946053
-0.753239765241533 -0.7414993212816279 -0.7383998771430279 -0.709244790136802 -0.6876251889267456 -0.7223735535505248 -0.7226220166703045 -0.7339119033095455 -1.358872730347568 -1.8740305643418953 -2.4826869856874225 -3.1298412818708945 -1.8541934748813291 -2.478289854766571 -1.3896930691759464 -2.4187213506580294 -0.8393321949766563 -1.7832278657406768 -1.8763947407065442 -1.9998271726907249 -2.509340251366982 -1.949749294588723 -1.4041553838975909 -1.2589817652799915 -1.2616265119003995 -0.8194350522492282 -0.8004793329370037 -0.7871772997921412 -0.8119207105461361 -0.81994117724763 -0.7855736075236434 -0.8017605608950532 -1.7125501886550116 -1.179855318754625 -1.216636343219828 -1.3012165276039607 -1.1159185686321875 -1.2256956627150912 -1.2042075189294985 -1.1743812314917317 -0.7359986150443862 -0.744108342493399 -0.7459301104566387 -0.726252255728533 -0.7310721935536363 -0.7772761796696841 -0.7760532493372064 -0.7420792497912925 -0.8256016561705867 -1.4853411134466357 -1.3997867306607668 -2.568982149619228 -3.3048086464125324 -2.0229050986510684 -1.441388251799592 -0.8391085261122815 -1.2345279031976841 -1.2638569553144885 -1.205084741154935 -1.8023638389447856 -1.3561856313909784 -0.8237061300181463 -1.244620128196167 -0.7581364717754171 -0.7533310299244202 -0.7792431658245366 -1.1752553983511027 -0.8180203690609588 -1.2213280671483744 -2.357836771563796 -0.8883132401042737 -0.7766103709916578 -0.9325469077106331 -0.9635317721124266 -1.3028333088488169 -1.205210388991614 -1.3187626804025467 -1.8293118010020903 -1.7575138298667732 -0.8118545819469735 -1.2360840360797 -1.2903009335795905 -1.8018430717711615 -2.4251760546450387 -1.8381939696239187 -1.2533424497285381 -1.3408967328019046 -0.8378321542557593 -1.3304873997236772 -1.2488924213709218 -1.101566667469575 -1.1297501990863705 -0.8865570051813808 -0.8225598927115914 -0.8460685365920639 -0.8212968894845977 -1.934669963521038 -2.433102953952023 -1.8675957802303416 -1.2518440822762598 -1.3045864467347155 -1.2081535114621242 -0.8113108410838837 -0.8026369534051271 -1.1993225281595175 -1.9592482690468593 -0.8376879545810554 -1.0823452147503814 -1.7626121712710026 -1.3377522725883901 -1.1417545603524548 -0.7505412160171521 -1.8011616830688468 -2.5453936999498543 -1.4012695769277175 -2.0358732417245062 -1.409108556950133 -1.4467758133660877 -0.8945603721547718 -1.326905451825793 -0.8463811533685615 -1.2494949712871346 -1.3191058731518512 -0.8288982492750306 -0.8190966210113826 -1.833989896350459 -0.9937441715189534 -1.8048862787715814 -0.8040214023725715 -0.8303244917993672 -1.2833915319893807 -1.272448256931272 -0.8149653150106896 -1.2858549663815069 -0.8091740975274968 -1.2751352962228246 -1.2832647208081778 -1.9125015764550488 -1.341732316894265 -1.3362249894170826 -2.5609912265158545 -1.251348635697012 -0.8155902107557362 -1.2370702189530984 -0.8091767180359222 -0.8301936859501295 -1.7998652973881986 -1.2225574276116769 -0.7906522015401923 -0.7659578395432312 -1.2213440508110571 -0.7938624092911282 -1.26718160186457 -1.2963753416076385 -1.891708277650121 -1.2727921141757081 -1.3277990665163792 -1.2496227473863464 -0.841817944241558 -1.1905859881135163
-0.753239765241533 -0.7314357929389376 -0.7383998771430279 -0.723614810972832 -0.6941830191122909 -0.7223735535505248 -0.7226220166703045 -0.7291966730516555 -1.3372513770440793 -1.834877337181115 -2.4826869856874225 -3.1298412818708945 -1.8753325816288169 -2.448820725858116 -1.4049193045178103 -2.453473411302304 -0.8473086122406305 -1.800084495981846 -1.8763947407065442 -1.9976975083511244 -2.509340251366982 -1.949749294588723 -1.4041553838975909 -1.2589817652799915 -1.2257661849948018 -0.8268633086940542 -0.7827532825584612 -0.7871772997921412 -0.8119207105461361 -0.81994117724763 -0.7855736075236434 -0.8096613585998319 -1.7125501886550116 -0.738563557164866 -1.2538955328971373 -1.2642289817194106 -1.094534668284239 -1.2024853326862925 -1.2042075189294985 -1.1743812314917317 -0.7359986150443862 -0.744108342493399 -0.7459301104566387 -0.7157910308332527 -0.7434477611725478 -0.7772761796696841 -0.7760532493372064 -0.7420792497912925 -0.8130618221082886 -1.4853411134466357 -1.3997867306607668 -2.545734508542234 -3.327608822995697 -2.0427240094513692 -1.441388251799592 -0.8565017827989054 -1.2183822486713751 -1.2638569553144885 -1.192962286804528 -1.8023638389447856 -1.319003959544902 -0.8385203951906254 -1.244620128196167 -0.7491835309260826 -0.7468194312533606 -0.7792431658245366 -1.1752553983511027 -0.8180203690609588 -1.1744725158213487 -2.357836771563796 -0.8775183143877656 -0.7766103709916578 -0.9406008420602452 -0.9635317721124266 -1.3028333088488169 -1.205210388991614 -1.30049839124255 -1.813449641939758 -1.7736305029704427 -0.7803567543272263 -1.2360840360797 -1.298526910488345 -1.8018430717711615 -2.4251760546450387 -1.820130275977246 -1.2533424497285381 -1.278903249767842 -0.8035510948976146 -1.906264099012259 -1.2488924213709218 -1.101566667469575 -1.117409912422896 -0.9009036604231893 -0.8153610839393606 -0.8404054703482754 -0.8212968894845977 -1.9460745423720134 -2.4454287452411285 -1.8675957802303416 -1.2518440822762598 -1.3045864467347155 -1.2402623826969503 -0.8520143839378694 -0.81276484009983 -1.1993225281595175 -1.9367622360177201 -0.8376879545810554 -1.0823452147503814 -1.7626121712710026 -1.3526120007238764 -1.1417545603524548 -0.7505412160171521 -1.8011616830688468 -1.90045370940625 -1.317627196745187 -1.4437109568349606 -1.409108556950133 -1.4467758133660877 -0.8945603721547718 -1.326905451825793 -0.8463811533685615 -1.2164798499345428 -1.313812486878637 -0.8091617529761427 -0.8190966210113826 -1.833989896350459 -0.9937441715189534 -1.802452883730905 -0.8040214023725715 -0.8303244917993672 -0.818977750697382 -1.2851143269428575 -0.8149653150106896 -1.2745084036998144 -0.8091740975274968 -1.3055558085223464 -1.3167114898784085 -1.879232113880513 -1.341732316894265 -1.3362249894170826 -2.5199540663685727 -1.307163900520765 -0.8235358625382864 -1.2370702189530984 -0.8006163808843522 -0.8301936859501295 -1.7998652973881986 -1.7710332474919235 -0.794885817469759 -0.7764077688490331 -1.2600420624403827 -0.8334851263031969 -1.8326004085051364 -1.3132861739723116 -1.891708277650121 -1.2727921141757081 -1.3277990665163792 -1.237222722577995 -1.3130061846017058 -1.1905859881135163
-0.753239765241533 -0.7314357929389376 -0.7383998771430279 -0.7312290473712195 -0.6924941980282499 -0.7337011960420791 -0.7339932917722537 -0.7246703258820169 -1.3372513770440793 -1.811925977308644 -1.8431176194332557 -3.1408186718557314 -1.8692856541179934 -2.4636928975021832 -1.4153893452862278 -2.4685063864648327 -0.8473086122406305 -1.800084495981846 -1.8996408917931398 -2.0180721028223347 -2.509340251366982 -1.9241203585130358 -1.4041553838975909 -1.2670442042964836 -1.2446351086764342 -0.8194350522492282 -0.7827532825584612 -0.7960137695237726 -0.8119207105461361 -0.81994117724763 -0.7855736075236434 -0.8020423189415001 -1.1651356934163069 -0.7294538015799285 -1.2646495975238363 -1.255012362754156 -1.1249813000489086 -1.2024853326862925 -1.214694954315322 -1.1743812314917317 -0.7405395987369956 -0.7502933184989578 -0.7459301104566387 -0.7559026477894994 -0.7434477611725478 -0.743511287800067 -0.7704447075967855 -0.7420792497912925 -0.8130618221082886 -1.3584720808621293 -1.3587172933046363 -2.4838674518147683 -3.327608822995697 -2.0155947004935495 -1.4523329481243061 -0.8619379049698334 -1.2357788451398308 -1.2638569553144885 -1.1725042799563974 -1.2412970539767392 -1.3085357816867556 -0.8385203951906254 -1.244620128196167 -0.7571406936027832 -0.7332693353090948 -0.7597930711146254 -1.1752553983511027 -0.7688451266230579 -0.7354717746479671 -2.357836771563796 -0.8292322414371468 -0.7766103709916578 -0.9406008420602452 -0.9635317721124266 -1.3028333088488169 -1.1972090106350877 -1.3369048890861523 -1.7884477259366258 -1.7736305029704427 -0.822236669510158 -1.2360840360797 -1.298526910488345 -1.8018430717711615 -2.4251760546450387 -1.809562268551747 -1.2533424497285381 -0.8026943927861188 -0.7523302798162435 -1.926510883981475 -1.258196664518297 -1.101566667469575 -1.117409912422896 -0.8889644607869694 -0.8225598927115914 -0.8460685365920639 -0.8212968894845977 -1.934669963521038 -2.4454287452411285 -1.820649515800222 -1.2518440822762598 -1.3045864467347155 -1.2081535114621242 -0.8589198714440085 -0.779546433561103 -0.7756377392627224 -1.9367622360177201 -0.8376879545810554 -1.0823452147503814 -1.7410438394231196 -1.3526120007238764 -1.1494331545889935 -0.7429925728580116 -1.7927077072242192 -1.889735077001078 -1.317627196745187 -1.4736296650156584 -1.409108556950133 -1.453619979483397 -0.8945603721547718 -1.326905451825793 -0.8463811533685615 -1.2494949712871346 -1.3295703725209964 -0.8091617529761427 -0.8470586707350753 -1.8211352192440844 -1.0017683884170465 -1.802452883730905 -1.273749886596441 -0.8303244917993672 -0.818977750697382 -0.8193519357449662 -0.8149653150106896 -1.2746330075352794 -0.7968499444846935 -1.3055558085223464 -1.3167114898784085 -1.8627334770255275 -1.341732316894265 -1.3362249894170826 -2.5399574646923444 -0.8100321207093414 -0.8235358625382864 -1.2487549878452295 -0.8006163808843522 -0.7979807426901333 -0.7694008750106681 -0.7844762528509065 -0.8027311944112558 -0.7819969833914924 -1.2727062309532535 -0.8334851263031969 -1.8326004085051364 -1.3132861739723116 -1.891708277650121 -1.3037838921378326 -1.3277990665163792 -1.2320722449008592 -1.3130061846017058 -1.210092117118292
-0.7699232164121715 -0.7570284220724642 -0.7219828898508878 -0.7674265393114855 -0.7158923383778067 -0.7412368928416164 -0.7339852618961669 -0.7294650254058579 -1.2532953371952922 -1.2192996214744052 -1.9198574061545097 -1.8321916547982375 -1.3509830532628568 -2.4715383865570457 -1.388288788640138 -1.8841934064704178 -0.877269009631733 -1.7296034853649966 -1.8109711075389814 -1.9226654164080295 -1.8175471329299269 -1.8190733891639352 -1.2965803821092194 -1.2567031026769613 -0.8028218094305234 -0.8036151394553708 -0.7941010720856752 -0.8077938802033204 -0.8040806575832617 -0.81994117724763 -0.7855736075236434 -0.8061894541240784 -0.7214456358690441 -0.730605931144897 -0.805721609641487 -0.8237908251893623 -0.7452117509285693 -0.7526547725903175 -0.8972713142958793 -1.2651809002890617 -0.766036040932171 -0.7786630020690297 -0.7575290598836897 -1.1705985600026396 -1.1916010130044659 -1.1900639619382252 -1.1476607560243195 -1.1623851715888578 -0.7882828015792687 -1.3614587386720787 -0.8587944239459395 -1.8864362478099943 -2.6016171430881467 -1.956816370627462 -0.9202458278513977 -0.8326693937171179 -1.2092330798072852 -1.2769629507483107 -1.216731024679888 -1.2882124124902783 -0.8709644211909998 -0.8257054906241112 -1.2542242555377208 -0.7643666409035629 -0.7676582756237066 -0.7994914537310984 -0.7641797553480677 -0.7837451919867506 -0.7450410952294235 -1.788303959313762 -0.7935320119118624 -0.7712572781992242 -0.9069325637481315 -0.8408117374966462 -0.8275987687437114 -1.1764826612300325 -1.280806802913115 -1.783954302140902 -1.7536552329536734 -0.8174256734537513 -1.2173807477933838 -1.2314675341317523 -1.72220571869949 -1.2393252277010243 -1.239222512316154 -1.297604585807738 -0.7874207724514984 -0.8527596813291821 -1.3582540721209844 -1.2809564752040423 -0.887304891420426 -1.1066317856831986 -0.8874293518260631 -0.8330492108790521 -0.8016790103392268 -0.8212968894845977 -0.8419590423011345 -1.2659236085857881 -1.780421143671879 -1.2598447158899913 -1.2871680488580086 -0.8294614622656382 -0.871760555116589 -0.8007107458848 -0.7827680331637582 -1.3588892503475556 -0.8037525607337471 -0.8082245884561793 -1.2106961082894891 -0.8417056675948158 -0.8023487204606361 -0.7555625691137604 -1.7929226843421424 -1.302510982219928 -1.275810211107575 -1.3440061894316604 -1.401956335803404 -1.4162498184802996 -0.8330985802372148 -1.3060862339629067 -0.8706214874906288 -1.2238839044599743 -1.286376132326404 -0.8573768981957406 -0.8779273988435657 -1.257557080655741 -0.751140745142132 -1.2665906015013502 -1.273749886596441 -0.8134448010814116 -0.8416612804947863 -0.8410954662607234 -0.7891067120212168 -1.2271823246792075 -0.7570295027303865 -0.8057306329046615 -1.3112922523165984 -1.3116699209950715 -0.8685656673044371 -1.3174816976496058 -1.8703340937954278 -0.8041775015519632 -0.8101524323523492 -0.8271333308790229 -0.8247250839146024 -0.7968531653074844 -0.7816661321101294 -0.78810624378474 -0.7853979043149292 -0.8107304749439208 -0.7550761899867005 -1.2906568372719538 -0.8095624366859676 -1.2432742919342834 -0.8452513528946948 -0.8377387922684747 -1.2938842280051792 -0.7577065496663137 -1.2652847084757042 -1.1911683442532939
-0.7370742970110065 -0.7489381664816193 -0.7354034255579305 -0.7359798397255368 -0.7426824715775922 -0.7161022090855688 -0.7222838349095485 -0.7387927751489837 -0.7583656159746631 -0.8099961986842172 -1.872625692819987 -1.8170741653597247 -1.8311697566450114 -2.4720669618828484 -1.3981735755208153 -1.8120962747684526 -0.8514111087414843 -0.7661996405970783 -0.7999154012987612 -1.8719853281543313 -2.5130790865253654 -1.2866150008273833 -1.1754314312311458 -0.7211206584910481 -0.7670257771650111 -0.7620283012935929 -0.7830943823963403 -0.7762655048356182 -0.8057702686391546 -0.8097019536142175 -0.7844415368038946 -0.8060211024169079 -0.6916505604568218 -0.7537794403245169 -0.7852672425180565 -0.7579648080730739 -1.194118977575933 -0.7768926505340508 -0.785239222996166 -0.7622341433647202 -0.7646960579558736 -0.7736716656806912 -0.7506847836030198 -1.1923485519550683 -0.7597468810476325 -0.7478928290657471 -0.7526122044478559 -1.2090219519912577 -0.7760362707816442 -0.814655126469282 -1.3858079629069004 -1.8748463248732876 -3.244984714887755 -1.8875358870029233 -0.8810204393136478 -0.7868600753247678 -0.754623641961414 -0.7924307028734671 -0.7536077037452129 -0.8118513271591324 -0.8080136079769927 -0.8557271106705865 -0.7738394206977782 -0.7514674081852619 -0.7715688966862138 -0.7555271932262896 -0.7680454424478262 -0.7981854862915 -0.7622430051119761 -1.2045352945463526 -0.8067576045852154 -0.7459332150830186 -0.781168717816227 -0.8070353204362205 -0.8206776904313678 -1.205210388991614 -1.2907947601786798 -1.2102948409209267 -1.1987727073337704 -0.781347839983355 -1.2747050986534703 -1.2951988616933412 -1.182139503898354 -1.779165335787718 -1.8266471659257912 -1.2504597092424974 -0.7388537589724476 -0.7447996496807834 -0.7868489550735268 -0.7762933350127331 -1.1246755602134277 -1.1357876820689585 -0.8312279466392647 -0.8366672105772482 -0.8213421054937725 -0.8112648311527175 -0.8790784054502121 -1.831039518221183 -1.31062370230545 -1.2946610234542226 -1.4185860042605876 -1.0478792787616078 -0.8838192625599331 -0.7242375412056955 -0.7683586210761087 -1.9580886593944757 -0.7994747618879486 -1.1046172556052498 -1.2393520424258349 -0.7796467977461728 -0.8798389242829675 -0.7398145624682432 -1.766829463289427 -0.8033632787005542 -1.2702511310119717 -1.325701405215167 -0.8875907640583339 -0.8524527325216583 -0.7981115701106524 -0.7513051053541313 -0.7872602745807532 -0.7878718122350095 -0.7845860186544724 -0.7942023417258192 -0.8196441423231513 -1.8039733126525541 -0.808639533708986 -0.7867920410074677 -0.7616779905427958 -0.8134187290614423 -0.823328922002234 -0.8220300419189575 -0.7917248438807075 -0.7900858791414935 -0.7916979252311974 -0.7888275947622155 -1.3167114898784085 -1.258538125861025 -1.272184275641711 -1.2978923808261138 -0.863050376011845 -0.7628272159220678 -0.7690907991612229 -0.813472025291463 -0.7550514302190837 -0.768379494762205 -0.7404048797050844 -0.7948254668051534 -0.77555304869054 -0.7922608455624461 -0.7723921288498733 -0.8409828096301836 -0.8186612794055635 -1.2553605695865333 -0.8677776413699131 -0.7741843543534296 -0.757890992280878 -0.724151606021578 -0.7928094464396133 -0.7855814346142689
-0.7370742970110065 -0.7489381664816193 -0.7399638226361175 -0.7359798397255368 -0.7426824715775922 -0.7161022090855688 -0.7264441822580576 -0.7324764054995918 -1.2691314648588679 -1.2858238679069354 -1.872625692819987 -1.8170741653597247 -1.2663618059777777 -2.4720669618828484 -1.3981735755208153 -1.8648447737589353 -0.8062630481163466 -0.7762430365213459 -1.2307915315890263 -1.9463997597389315 -2.4939302889087123 -1.8619274130233827 -1.1754314312311458 -0.7517210381081321 -0.7670257771650111 -0.7556520089421234 -0.7775981539514805 -0.7760171651153847 -0.8119207105461361 -0.8004025066024244 -0.7844415368038946 -0.8060211024169079 -0.6968006137381355 -0.7643011332530787 -0.776825084202812 -0.7509485377017479 -1.16210241654808 -0.7608011156516614 -0.7601216867942213 -0.7229276298033102 -0.7594495347775365 -0.7797603570177207 -0.7506847836030198 -1.2607881287413536 -0.7825577197735823 -1.22213141915754 -1.2796343240783081 -1.2865546445530807 -0.7865619527638344 -1.2893719481215093 -1.3550288357000133 -1.863229695357063 -3.244984714887755 -1.8875358870029233 -0.8810204393136478 -0.7868600753247678 -0.754623641961414 -1.241905581317499 -1.196267620333467 -0.8118513271591324 -0.8080136079769927 -0.8557271106705865 -0.7738394206977782 -0.7639367153077051 -0.7828106137741065 -0.7589758934798491 -0.7450086056364031 -0.7582154642609749 -0.7341773084614559 -1.7341488080339849 -0.8067576045852154 -0.7548157165118979 -0.8237642193994135 -0.7923100153570513 -0.8624204997463139 -1.205210388991614 -1.2907947601786798 -1.2353457155852599 -1.1987727073337704 -0.781347839983355 -1.2747050986534703 -1.281904187877774 -1.734652589305576 -1.779165335787718 -1.8266471659257912 -0.7899089298103091 -0.7290252710437592 -0.7377367665096198 -0.8017822410483196 -0.7870049007693088 -1.1272465876121451 -1.1357876820689585 -0.8196772867907851 -0.8436404241725887 -0.8213421054937725 -0.8112648311527175 -0.8790784054502121 -1.831039518221183 -1.8842831406175358 -1.2946610234542226 -1.4185860042605876 -1.0478792787616078 -0.9057173913569077 -0.7388327280605537 -0.7683586210761087 -1.9003128717992253 -0.7931215777874495 -1.0917501268804808 -1.2393520424258349 -0.7796467977461728 -0.8798389242829675 -0.7398145624682432 -1.766829463289427 -0.8081427177161993 -0.8075301621330822 -0.8425431879936275 -0.8729688688436938 -0.8524527325216583 -0.8223837336124323 -0.7561313707702167 -0.7806157507149608 -0.7818727222481646 -0.7845860186544724 -0.7840873361225894 -0.8076675515336807 -2.4627053341178504 -0.770982114917848 -1.247762895150477 -0.7909752283039415 -0.8135216052102205 -0.823328922002234 -0.8220300419189575 -0.7917248438807075 -0.7835686658306807 -0.7833190049863106 -0.7888275947622155 -0.8445444029073051 -1.2902294302646016 -1.272184275641711 -1.2978923808261138 -0.8697060988876784 -0.7733708429370338 -0.775766080681719 -0.7578284598036936 -0.7613308808985668 -0.7747788208529028 -0.7462806891124115 -0.7948254668051534 -0.7930874676786946 -0.7821093303387668 -0.7555832567549764 -0.8024295106514903 -0.7648694529042014 -1.2553605695865333 -0.8417073884991839 -0.7898982099798042 -0.7507865495210108 -0.7332364706494204 -0.7928094464396133 -0.7855814346142689
-0.7243634069496947 -0.7658311461946583 -0.723807352711362 -0.7433565607729878 -0.7611055601450074 -0.7201351283531888 -0.7447790017178398 -0.7257084713752611 -0.7834608919439805 -0.8305756930400506 -2.5815071698646137 -2.481436056543761 -0.8078648689656909 -3.144443121666074 -1.406795132759681 -1.8432579483355738 -0.7825399476972289 -0.8077584526821026 -0.7862145795790745 -1.2847217612588682 -1.9124579992605613 -0.7970685889879735 -0.7267697333017032 -0.7183461514457943 -0.7671651290352025 -0.7819608300009879 -0.7820449389039859 -0.8035393321542532 -0.7975519108959067 -0.8176747702195017 -0.7976820588831864 -0.8035417176807229 -0.7635143932094471 -0.7661129830161076 -1.2239474976739573 -1.2384130943771599 -1.2339096016541418 -0.7925396388981992 -0.7969860299279309 -0.7854591593460759 -0.784276044069859 -0.8061870909373781 -0.7463807432458955 -1.3228732957741816 -0.8023100268191503 -1.2193064826186497 -0.825404615785805 -1.8217390271988614 -0.792147224659695 -0.8453847583211778 -1.3534442375965086 -2.4860712260953037 -3.2878834544887616 -1.8693200836829085 -0.8877942665089994 -0.7506674204275482 -0.7844164531138557 -0.8024968608046251 -0.7557675078417091 -0.812615039451693 -0.8106069506250235 -0.8326599361232953 -0.7786738327738799 -0.7627945530571407 -0.769130227022202 -0.753633104447812 -0.75149653927838 -0.7574418793191245 -0.7422029412743877 -1.18980043548287 -0.7264791813536549 -0.7352517896368006 -0.7569189839810664 -0.7290969636583049 -0.7897427599555032 -0.7656821855992926 -1.2141276411370878 -1.1694149479109504 -1.1717851497270328 -0.7512338214166512 -0.8427433049619723 -0.7809132484693295 -1.2095424126477552 -1.2595903603415082 -1.8498871142068436 -0.8301169820931307 -0.7296807082895962 -0.7405879974975392 -0.7669348882521392 -0.7633627792177738 -1.1104505773412445 -1.1289394845118947 -0.8038756064219874 -0.8187879085077104 -0.7983584899540862 -0.8217827401193923 -0.8731468249357702 -1.9013242878685916 -1.2920350755104466 -1.31606741838713 -1.4324772215539545 -1.0038313932858451 -0.8485415388516673 -0.7364943992866646 -0.7681892836196406 -1.2964881564415596 -0.7692161849746922 -0.8278171466012171 -0.7719483844583818 -0.7611953611847022 -0.7650399431139872 -0.7506596665623173 -0.7675371684046615 -0.7604864307965501 -0.8141629861558143 -0.923619280698822 -0.7687780737434671 -0.8393086850693486 -0.7525010339248783 -0.7360432753034104 -0.7655392326447285 -0.819227890549116 -0.7805254442789553 -0.8142639807231606 -0.7937589338076115 -2.4017638918057935 -0.831682410142314 -1.2768915878070664 -0.7916533498002087 -0.8282926278133023 -0.806875189854348 -0.8033814279268578 -0.8030312490645922 -0.7484341304660922 -0.8035595640820561 -0.8137516322917507 -0.7872096165588535 -1.203443316014742 -1.2910144566597517 -0.83464530039875 -0.8100243254073558 -0.7303445490898804 -0.778749343480315 -0.7849308978891717 -0.7480472374311506 -0.7577223244420973 -0.7859322239421646 -0.8117511153693747 -0.8086442360404249 -0.8059742874814521 -1.18769024184376 -1.2741895296249992 -0.786141842414822 -1.1989269665307576 -0.8355635830057088 -0.7694286002482671 -0.7932933720170892 -0.7460559843518274 -0.8148117762226428 -0.7821929952686733
-0.7576805381839784 -0.7900692423812309 -0.7533262237808771 -0.7751968269709171 -0.79691052498432 -0.7309738970893157 -0.7299502385497814 -0.7290833889712963 -0.7880966714689862 -0.8305756930400506 -2.6228667190379418 -2.4895663077400214 -1.2467353683149573 -3.1541739201471555 -1.406795132759681 -1.2763631808783167 -0.7825399476972289 -0.7992331950310655 -0.77973666805239 -0.7885878622356528 -1.2525947474555061 -0.7868458126181832 -0.7591253361132873 -0.712728875408703 -0.7481388985798741 -0.8005802459393607 -0.7765454075136349 -0.7751210758631877 -0.8055278959041612 -0.8120126794435998 -0.7927935596753628 -0.7972293814842745 -0.7561756006336774 -0.7661129830161076 -0.7488614833520513 -1.2295015207309699 -1.2339096016541418 -0.7925396388981992 -1.3117907330602157 -0.8293100426776975 -0.7543262474061212 -0.7954455444453105 -0.7513726236368463 -0.8708816000379622 -0.8289595436063182 -1.2248148215723786 -0.830304437969381 -1.2793959918898847 -0.787563243928697 -0.8195977133018172 -1.3534442375965086 -2.500468520440357 -2.604806951833596 -1.9466555166502377 -0.8335215907733378 -0.7373628690774262 -0.7651263747726945 -0.758906386484346 -0.761347506066303 -0.8061510989337942 -0.8106069506250235 -0.7994072189302326 -0.7786738327738799 -0.7627945530571407 -0.7810360925057216 -0.7586524773216928 -0.7642759736398809 -0.7890466671222067 -0.7690675061523745 -0.7642755481722213 -0.728865669191127 -0.7471675192424228 -0.7571521266124968 -0.7565388510219009 -0.7795036876610238 -0.7905879036871216 -0.7802047921483107 -0.7243560338986071 -0.7374777719780956 -0.7620528975942547 -0.8351582494916839 -0.7809132484693295 -0.7623389145677515 -1.252227316400337 -1.8120622063155645 -0.8301169820931307 -0.7296807082895962 -0.7405879974975392 -0.7669348882521392 -0.7723868611133349 -1.1104505773412445 -1.1289394845118947 -0.8038756064219874 -0.8187879085077104 -0.7983584899540862 -0.8117468359780065 -0.8731468249357702 -1.3257165713563157 -0.8252240252577336 -0.8479895314496861 -0.9368200403362295 -0.9580989058557026 -0.8100585479385698 -0.7364991190290872 -0.7821259429358581 -1.3083843300150844 -0.7692161849746922 -0.7928773748713546 -0.7648426292274106 -0.7229837215337755 -0.7650399431139872 -0.7449981061684238 -0.7598525981493807 -0.7060365556940598 -0.8150139663741504 -0.923619280698822 -0.8103822935318313 -0.7825174920242882 -0.7457771946491131 -0.7360432753034104 -0.7655392326447285 -0.819227890549116 -0.8023017689815554 -0.789016084546951 -0.7937589338076115 -2.391321658357225 -0.8446074970761805 -1.2595649605818675 -0.7916533498002087 -0.8015279183990682 -0.7650975883870791 -0.7917051767560013 -0.7958536973652742 -0.7231916860372607 -0.8027428974589625 -0.8058426457323008 -0.7748554256789421 -0.7571849470827442 -1.3017498677130963 -0.8055261483481041 -0.7546408870366703 -0.7188585530110208 -0.7706902373106242 -0.7624486213602275 -0.7480472374311506 -0.7725468496928438 -0.7634207367686936 -0.794964621854986 -0.7908841654283987 -0.7863487976656734 -1.18769024184376 -1.2741895296249992 -0.7434307808606416 -0.748918075161358 -0.7921934850458505 -0.7546486200561824 -0.7974638390952367 -0.7526925076539304 -0.7717100678826067 -0.7913632863430514
-0.7557368571001792 -0.8013750809493942 -0.7736463194499646 -0.7945827335918064 -0.7775301889030098 -0.7459528956647042 -0.7160254083526867 -0.7249693211293213 -0.7432205481964125 -0.8370883482799123 -2.5406595112897716 -2.4984795972714706 -1.2887690078870078 -3.1447960721953367 -1.3076377236366536 -1.3055830971557312 -0.7781999149212621 -0.8155037680148495 -0.783740050537747 -0.7580051953463555 -0.7750995056196652 -1.3001657308375703 -0.7519600293213886 -0.7627247946180576 -0.7337763114946894 -0.7819608300009879 -0.7672105977821447 -0.8078145776376076 -0.803040908168881 -0.8018379414602167 -0.798021108068453 -0.8045374559744854 -0.7770541177934293 -0.7442968923425157 -0.7661714511073929 -0.7704206714474325 -1.2339096016541418 -0.7925396388981992 -0.8402890431957883 -0.8293100426776975 -0.7697333801789406 -1.197192289404897 -0.7630466151452083 -1.3601289445705531 -1.2635201055459233 -1.793425051695697 -1.3042531699884656 -1.801907252982649 -0.7899966623308329 -0.8468533232314559 -1.2161040883989733 -1.8380575507446952 -1.907634071720797 -1.2568055949623977 -0.845445099973365 -0.7337954034077462 -0.7836016933742879 -0.7838513937083972 -0.7999838985072586 -0.7911814808601728 -0.795484638032816 -0.8064897434093896 -0.7957114099720098 -0.777206408667495 -0.7765005079069014 -0.7436001669270361 -0.7617832321010798 -0.7487339283278522 -0.7502803981736451 -0.7680746493705545 -0.7378781202739761 -0.7391598867794559 -0.7649413635201144 -0.7373301835409585 -0.7494631713944998 -0.7552136483908624 -0.7770120906013125 -0.7356611472968763 -0.7372627578491513 -0.7632348408091486 -0.7871661450451509 -0.7519999862562156 -0.758175129555177 -1.2335700171004784 -1.2191174962902298 -0.8394034227806982 -0.7861506111591752 -0.7594339719224007 -0.7669348882521392 -0.8036047792122522 -0.8255672316218066 -1.1174788016484671 -0.8193760176962579 -0.834537760003815 -0.8217534802239277 -0.8186999742781601 -0.8333116885577512 -1.3102222382535154 -0.8547056763496153 -0.8432286338621784 -0.8476261364119357 -0.8937762860242058 -0.8133568284486169 -0.8142814359868437 -0.7821259429358581 -0.8291352781352974 -0.7830322359728877 -0.7477758476882307 -0.7503620611173428 -0.7458101838229154 -0.7553339531115617 -0.7515364164405725 -0.7425326492040533 -0.7463535638500803 -0.7615073571173743 -0.8377628023777651 -1.2252847191084626 -0.769104099204495 -0.7813705347724613 -0.7354141009661476 -0.7923990038776872 -0.8176623751336696 -0.820472533139149 -0.8068587115192487 -0.8096915544375771 -1.8039342456500762 -0.8752501015828661 -1.2595649605818675 -0.7815224417956169 -0.7874932915613541 -0.7813409974234742 -0.793137006194548 -0.7949775419746733 -0.7550423479790408 -0.7982384037224219 -0.801240999600641 -0.8031810892089515 -0.7687368996805055 -0.8564936466676444 -0.7825029477069392 -0.7768762259247441 -0.7515138776039381 -0.825077883817836 -0.8182318573470359 -0.7629580299621084 -0.7725468496928438 -0.7783036101743549 -0.7958169330738725 -0.7869379808362985 -0.7804870328543175 -1.2550333376558314 -1.2362670152059034 -0.7154492469018793 -0.7274469515199565 -0.6850080569413861 -0.7191933237529154 -0.7169816221188187 -0.7635852641949931 -0.7847383752102531 -0.7721593538978444
-0.7557368571001792 -0.8013750809493942 -0.7671696318156666 -0.8100480061985876 -0.7775301889030098 -0.7459528956647042 -0.7108893930423257 -0.7297653645238308 -0.7428829143964708 -0.7977263023388161 -2.5406595112897716 -2.4984795972714706 -1.257708526412769 -3.119962888386253 -1.3465839533405661 -1.3136608782245676 -0.7819576026736372 -0.8092502877676568 -0.7628047896036728 -0.8111749855795533 -0.7634970906985021 -1.243351731270721 -0.7519600293213886 -0.7583529237938482 -0.7337763114946894 -0.7819608300009879 -0.75643723259633 -0.7902315382665293 -0.7950810314734681 -0.8018379414602167 -0.798021108068453 -0.8045374559744854 -0.7770541177934293 -0.7442968923425157 -0.7377569047861792 -0.7704206714474325 -1.2339096016541418 -0.7925396388981992 -0.8319116404999379 -0.8293100426776975 -0.7631256895184066 -0.7529446656264176 -0.7630466151452083 -1.3212673587868722 -1.2635201055459233 -1.793425051695697 -1.3042531699884656 -1.801907252982649 -0.7948422093108124 -0.8380288421032918 -0.8219285745676204 -1.7806506473437724 -1.362153689249685 -1.2911499419113708 -0.845445099973365 -0.7250436674870634 -0.7722546281752038 -0.7838513937083972 -0.7999838985072586 -0.7911814808601728 -0.795484638032816 -0.8064897434093896 -0.7865518527549561 -0.777206408667495 -0.7765005079069014 -0.7436001669270361 -0.7691285937923786 -0.7560811996710816 -0.7502803981736451 -0.7632484929321927 -0.7114741915145645 -0.7391598867794559 -0.7788613530533183 -0.7631889512422048 -0.7308305480343684 -0.7492253742107464 -0.7770120906013125 -0.7356611472968763 -0.7496412583365182 -0.7632348408091486 -1.2668186364197132 -0.7519999862562156 -0.758175129555177 -1.2335700171004784 -1.2270122215525576 -1.337064355138323 -0.8242490865072276 -0.7748288600894448 -0.7669348882521392 -0.8036047792122522 -0.8155648496922061 -1.1066812219503175 -0.8102050235866355 -0.834537760003815 -0.811314898037562 -0.8095294821428286 -0.8309742997604013 -0.8395680421192597 -0.7961550155318616 -0.8432286338621784 -0.8677038555759701 -0.8937762860242058 -0.7997492792884283 -0.7834064279150313 -0.7821259429358581 -0.8291352781352974 -0.7830322359728877 -0.7406516423795627 -0.7503620611173428 -0.7402933822916817 -0.7457987522817591 -0.7456909876359481 -0.7362028404932388 -0.7284235352335973 -0.7615073571173743 -0.8549564426887609 -1.2194129045777575 -0.7505463607108679 -0.7710999217361405 -0.7354141009661476 -0.7979274915262569 -0.8176623751336696 -0.820472533139149 -0.8068587115192487 -0.8096915544375771 -1.7385502513565598 -0.85166486576916 -0.7965330196687834 -0.7815224417956169 -0.7874932915613541 -0.7887586356295928 -0.793137006194548 -0.7949775419746733 -0.7550423479790408 -0.8037894926213706 -0.7934546609591989 -0.7908138396629458 -0.7500211102025736 -1.3009617321673337 -0.7744694370560745 -0.7609235282902135 -0.7866768924857805 -0.7725440350964403 -0.8182318573470359 -0.7629580299621084 -0.765095297739465 -0.7708410706371485 -0.784890860147258 -0.7869379808362985 -0.7649695482637977 -1.2550333376558314 -1.2362670152059034 -0.7154492469018793 -0.737737027785923 -0.7007414575704134 -0.7502294418741614 -0.7251301446396538 -0.7635852641949931 -0.7514825488956214 -0.7788724166321565
-0.768453535120111 -0.7900692423812309 -0.7533262237808771 -0.7751968269709171 -0.7788201316675226 -0.7289107936759035 -0.7249326345204733 -0.7226151746999426 -0.7773859499655623 -1.313382081352372 -2.6228667190379418 -2.4895663077400214 -1.8415661575050934 -3.1293301715313113 -1.406795132759681 -2.50120680985797 -0.7736594364799771 -0.8077584526821026 -0.8424344975977602 -0.8211532422145491 -1.8337834839682767 -1.2823605842256487 -0.8036485319558988 -0.732918388368473 -0.7434359241734049 -0.7925091401214661 -0.7697178822983216 -0.7751210758631877 -0.7975519108959067 -0.8018379414602167 -0.7927935596753628 -0.7972293814842745 -0.74598596139683 -0.7520564516107278 -0.7745796210616345 -0.7236406096457995 -1.2339096016541418 -0.7669339095964726 -0.8319116404999379 -0.8293100426776975 -0.7344680896626926 -0.7124206626734912 -0.7463337266919012 -0.8732094831765632 -0.8289595436063182 -1.2248148215723786 -0.7865890889760815 -1.2083004271756923 -0.823494773847258 -0.870347155589286 -1.381402584287489 -3.178863816286326 -2.604806951833596 -1.3724772116860469 -1.2869099306066063 -0.718976429250613 -0.7543626819863953 -0.758906386484346 -0.761347506066303 -0.7858020148874755 -0.8043057628877102 -0.7702529689586863 -0.7696442954685303 -0.7627945530571407 -0.7810360925057216 -0.7586524773216928 -0.7692248477636996 -0.7738028465567671 -0.7690675061523745 -0.8177749117642849 -0.7959807103580051 -0.7548151242530767 -0.8277823134323828 -0.78970193716942 -0.7469022510279445 -1.2611530325169498 -0.8105236681945237 -0.749462105738107 -0.7504065371295549 -0.7620528975942547 -1.31547763529876 -0.7809132484693295 -0.781853655094169 -1.8353831462131889 -1.8120622063155645 -1.3009374506679194 -0.7802618172936071 -0.7405879974975392 -0.7669348882521392 -0.755479221905404 -1.0998992778253975 -1.1289394845118947 -0.8038756064219874 -0.8187879085077104 -0.8112605866876578 -0.8117468359780065 -1.3529319780272304 -1.3257165713563157 -0.8252240252577336 -0.8254915101142296 -0.9368200403362295 -1.200638473664632 -0.8182397599906651 -0.7444004270709992 -0.7749995193894236 -1.3210587762440642 -0.7692161849746922 -0.7803762887918722 -0.7648426292274106 -0.7457734915628886 -0.7899136318181217 -0.7489946187636065 -1.1967450442571792 -1.179410011117936 -0.8085815959553588 -1.453986605341327 -1.2518421482681457 -0.8450178182143887 -0.7577323926357579 -0.7425622644988349 -0.7655392326447285 -0.819227890549116 -0.7944615772793424 -0.7647747319626846 -0.7888590545087409 -1.7534998310848073 -0.8215527643693502 -0.7965330196687834 -0.7742470633984574 -0.8015279183990682 -0.7595204114211414 -0.7912466185937802 -0.8011880899682999 -0.7423205855918803 -0.794305931243296 -0.8058426457323008 -0.7805436369717406 -1.2083763299029744 -1.2910144566597517 -0.7743386921887827 -0.7628914941188546 -0.7120692811354613 -0.7706902373106242 -0.738505995106436 -0.7383940047477575 -0.7567276135043874 -0.7634207367686936 -0.7655609741784927 -0.7908841654283987 -0.7792763052589762 -1.18769024184376 -1.2741895296249992 -0.765934674789675 -0.7503252473049662 -0.7823535040025843 -0.7414388342289133 -0.7841162645176301 -0.7315478300791606 -0.7717100678826067 -0.7596430968196292
-0.7611006364342419 -0.819413620383788 -0.7849725978587525 -0.8004358602680173 -0.8072647806752428 -0.747719543580281 -0.7312385462998771 -0.7331757683808111 -0.7656591849699118 -0.7661408176437204 -1.8647477085591972 -1.8331185027684516 -1.284419956290068 -1.7642904000686983 -1.2732762145969854 -1.8283329305112441 -0.753286216368995 -0.7689108350282905 -0.7775996941710503 -0.739681733928364 -1.167516320745256 -1.7980589338663888 -0.7441564302804202 -0.7472609251648652 -0.739932443553271 -0.7687257850154509 -0.7402790085238382 -0.7801134030820979 -0.7874674105883377 -0.7779001298175066 -0.7791581478363507 -0.7843724751689853 -0.7679130752143336 -0.7503728362992034 -0.7636324074492784 -0.7978411224841234 -0.8077592883075955 -0.8016365502590536 -1.3672748692249237 -1.3027668495819014 -0.7710902704966778 -1.236342143383512 -0.7731569770624394 -1.3007478330096138 -1.2538297687489977 -1.7496153181511562 -1.227849520029907 -1.7127400438754463 -0.7683260940589262 -0.7999768655848538 -0.7795754473817018 -1.7302953641084802 -1.297675140041941 -1.2417186772187314 -0.8502456885048463 -0.7321856766321164 -0.7534657685627748 -0.7775010496948827 -0.7866869754350977 -0.7848295893546419 -0.795484638032816 -0.8060544350206403 -0.7761455159116152 -0.7468985184911758 -0.7739302914712912 -0.8145556895963347 -1.2402696147178554 -0.81846923512883 -0.8027639696572734 -0.8117232672991863 -0.8716581743499137 -0.7785824116699032 -0.8097594652398237 -0.8472130632836345 -0.7939928658065848 -1.2067511701192009 -1.2781231052361357 -0.8021576411351324 -0.729999934337829 -0.78466452319657 -1.3125403218327225 -1.2497706338637793 -0.7508525499848027 -1.2654706924319776 -1.8336724781339282 -1.412321107102951 -1.290635618718306 -1.3703098325625207 -0.7748618546943935 -0.7954624392762273 -0.8131188359083735 -1.1180817670481773 -0.8422652196304622 -0.8423004372947264 -0.825350617050337 -0.815845150510739 -0.8367728647666471 -0.8132302613007759 -0.8108978975297103 -0.8288359779760214 -0.9190596707741574 -1.3216610104923008 -0.9137580208408808 -1.3410189442506582 -0.7905275285233243 -0.7926489634717842 -0.7713013424945635 -0.7564728497683737 -0.7293729062958126 -0.7400341145543391 -0.7458934584682333 -0.7626340636348221 -1.2012008607715072 -0.7320540369607361 -0.7682413309124815 -0.9023724960628163 -1.2847865361212178 -0.8150147378123652 -0.8331876618388501 -0.7578198913352294 -0.7841058253512745 -0.8176623751336696 -0.7932610752598392 -0.752198327727477 -0.8106987168230314 -1.2354911087902725 -0.8639759400451609 -0.8125594207609427 -0.736936423031196 -0.7609039722429255 -0.7619838993425789 -0.8023053465818937 -0.777257904131994 -0.7644473149236857 -0.778540330335535 -0.7692613627554795 -1.2108675047983972 -0.7277562948301649 -0.8063084619851523 -1.2756205226314792 -0.8397929569373779 -0.8593375358979389 -1.3600321515829743 -0.8881629815900027 -0.773559519403448 -0.7727693961083747 -0.7783036101743549 -0.798670954508895 -0.80608788404411 -0.7897452705984933 -1.245388261719365 -1.8174872640620892 -0.7154492469018793 -0.7531298372170924 -0.7226624700520226 -0.7331839349788306 -0.7357017138151775 -0.7396595506764307 -0.7454080143686026 -0.7967636710732188
-0.774219993984621 -0.819413620383788 -0.7849725978587525 -0.8004358602680173 -0.8072647806752428 -0.7437173883083998 -0.7312385462998771 -0.7331757683808111 -0.8057869349276935 -0.7754314488964819 -1.915774109294602 -1.8404893568171266 -1.284419956290068 -2.4354904627499097 -1.2732762145969854 -1.8283329305112441 -0.753286216368995 -0.7689108350282905 -0.7775996941710503 -0.739681733928364 -1.1747600633242612 -1.7915262814501873 -1.203003485494788 -0.7472609251648652 -0.7450472735479124 -0.7687257850154509 -0.753369572057751 -0.7801134030820979 -0.7796093140305526 -0.7697210346996431 -0.7791581478363507 -0.7921776605596869 -0.7679130752143336 -0.7568003900488398 -0.7730453045682382 -0.7703045967846109 -1.274261583532838 -0.8016365502590536 -1.3783136518410508 -1.3027668495819014 -0.7710902704966778 -1.2324207704293222 -0.7814700236545131 -1.237004630360207 -1.2538297687489977 -1.1970404481569157 -1.227849520029907 -1.7224349791116496 -0.7683260940589262 -0.7999768655848538 -0.7900843498542048 -1.7302953641084802 -1.3066020632802975 -1.2417186772187314 -0.8572500965927639 -0.7482529209020885 -0.7533916376801729 -0.7775010496948827 -0.7782451313853258 -0.7848295893546419 -0.7840127615856217 -0.8060544350206403 -0.7642283560869966 -0.7468985184911758 -0.7739302914712912 -0.8240554816138059 -1.2402696147178554 -0.81846923512883 -0.8027639696572734 -1.031652140534107 -0.8716581743499137 -0.7785824116699032 -0.7998544384141156 -0.8472130632836345 -0.8098507163487886 -1.185362718252076 -1.2781231052361357 -0.8021576411351324 -0.7892111997158533 -0.78466452319657 -1.3125403218327225 -1.2497706338637793 -1.2203779792937683 -1.2654706924319776 -2.474414080471787 -1.412321107102951 -1.300684168679953 -1.3703098325625207 -0.7809854516460877 -0.7954624392762273 -0.7909878506767357 -1.1180817670481773 -0.8571775435110509 -0.8269989149766601 -0.8191175788144177 -0.8250617348012194 -0.8293980942392025 -0.8132302613007759 -0.8108978975297103 -0.8288359779760214 -0.8944916022861473 -1.3216610104923008 -0.9137580208408808 -1.3410189442506582 -0.7687573160540203 -0.7920423917357925 -0.7790260142338845 -0.7265773917852468 -0.7293729062958126 -0.7400341145543391 -0.7554294703150154 -0.7518285941676099 -1.1884824926328577 -0.7320540369607361 -0.7682413309124815 -0.9023724960628163 -1.2753982013814125 -0.8296139480604454 -0.8331876618388501 -0.7578198913352294 -0.7923990038776872 -0.8176623751336696 -0.7932610752598392 -0.752198327727477 -0.7988073898004544 -1.2354911087902725 -0.8019569449150291 -0.8125594207609427 -0.7643957149152824 -0.7357009944348156 -0.747147623423723 -0.8119579582295892 -0.777257904131994 -0.7644473149236857 -0.7868672208926577 -0.7692613627554795 -1.195114428116685 -0.7277562948301649 -0.7998337761093107 -1.2905975513102694 -0.8397929569373779 -0.8593375358979389 -1.3733897185882904 -0.8881629815900027 -0.773559519403448 -0.7727693961083747 -0.7783036101743549 -0.798670954508895 -0.80608788404411 -0.7897452705984933 -1.253816540510527 -1.8174872640620892 -0.7452090399470029 -0.7168662891030386 -0.7226624700520226 -0.7331839349788306 -0.7672516107547063 -0.7396595506764307 -0.7454080143686026 -0.7967636710732188
-0.7687831602917364 -0.7982833835518041 -0.7644544845387176 -0.7658591143726228 -0.8085868351640133 -0.7430097038982466 -0.7427740945311301 -0.7226151746999426 -0.875794786242482 -1.2730028071993167 -2.6165532821598134 -2.4895663077400214 -1.8415661575050934 -3.1440861029806824 -1.4409647695281578 -2.431583937095052 -0.743884838632221 -0.779290627596874 -0.8084250663630788 -0.7930903948859104 -1.780394546638711 -1.8569065305303911 -1.2381720806462122 -0.7291064890040347 -0.7332079308548067 -0.7775358002826837 -0.7427270436901013 -0.7481706126582892 -0.7619187054847986 -0.7755821165509124 -0.7791581478363507 -0.7843724751689853 -0.7331933249064256 -0.7568003900488398 -0.7711234559975217 -0.7574640261134491 -0.76979925816793 -0.7669339095964726 -1.2995659819334655 -0.8293100426776975 -0.7506877497048536 -0.7492681237560581 -0.7644883596568002 -0.7538063614698719 -0.7626975508094248 -0.7552440526048796 -0.7819294207751946 -0.7906364562379219 -0.8058600863540077 -0.8370556608020476 -1.333421209191669 -2.4554213250535564 -1.9780123818155486 -1.3687465233256637 -0.8857258127529878 -0.7701001487024901 -0.7342107286405617 -0.7465125815131592 -0.7403149083030964 -0.7858020148874755 -0.7894290394949476 -0.7719471797000856 -0.7593871081131494 -0.732866627799116 -0.7900166314626536 -0.8147445837037967 -0.8354619642030964 -0.825495412307081 -0.8711543351675938 -0.8018249275040856 -0.9177157412566437 -0.78128327359933 -0.8508131508342844 -0.9178578245095776 -1.2655445062551363 -1.2643843326440858 -1.3098472391398537 -0.8219361093055487 -1.251823975624062 -0.7714467052495101 -1.3699605102181613 -1.3176821010612034 -1.267670766456181 -1.86519987478335 -2.4630525944444446 -1.3308151630236194 -1.2524230121349282 -1.223436880152493 -0.7590276503294174 -0.7711733517256453 -1.0611719822555659 -1.1289394845118947 -0.7981670464322016 -0.8113411995973594 -0.8112605866876578 -0.8040729257459183 -1.3529319780272304 -1.2766599764294142 -0.8075901009612954 -0.8046209989927076 -0.9599486426170454 -1.7372195737919953 -0.8811445413441126 -0.8370522718909754 -0.7617120387945943 -1.3210587762440642 -0.7593803090002528 -0.7613008061025931 -0.7359963047390985 -0.7345462310588563 -0.7735607493484471 -0.7370166328902084 -1.7774455064425934 -1.1943810029802233 -1.352877959491206 -2.0300881066607364 -1.8799399164652857 -0.8444759713830791 -0.8299130665435757 -0.7777933786134957 -0.7520781939220044 -0.819227890549116 -0.7678216315481298 -0.7208459246654766 -0.7442103615528496 -1.2078013150185336 -0.767030204291858 -0.7624445166107888 -0.7299420070272945 -0.7491169811111672 -0.7062996747796452 -0.7871579510261104 -0.7932230354924696 -0.7423205855918803 -0.8002472400747378 -0.7904160836078249 -1.2124757021921135 -1.1888273637715951 -1.2267580724393583 -1.2277449574225459 -0.7868995445498649 -0.7762777572970824 -0.8191025715777334 -0.7956053257744299 -0.7378789756688767 -0.7643458130817402 -0.7689811798931193 -0.772767657807511 -0.7682294575379087 -0.7792763052589762 -1.2074016214028525 -1.2234350409683001 -0.765934674789675 -0.7740300456075829 -1.1774026408335878 -0.7414388342289133 -0.7682126072344502 -0.7199951424353995 -0.7905564356120507 -0.783984498286782
-0.8066445249544106 -0.814700232555058 -0.8342805718628816 -0.8597620353742415 -0.7926814260407973 -1.196898885097339 -0.7500158830267178 -0.7389894745905444 -0.8094748857825139 -1.251494903904797 -1.934581984311552 -1.9038264769237374 -1.3192965384303068 -1.827377000782429 -1.2643287907849472 -1.809798402336495 -0.7663534308330966 -1.2124161414185772 -0.7868350885252883 -0.7905765271163994 -1.6896850588826728 -1.8115633791954866 -1.2021068710164113 -0.7930911408764022 -0.7407407118387037 -0.7556873742050906 -0.7464701353987836 -0.7667186860949351 -0.8133133624143947 -0.7692820040564643 -0.7820208419166214 -0.7561701893990505 -0.8481077215470654 -1.329287300069765 -1.293349943361523 -1.2307395729319794 -1.841404141021065 -1.2777099365119182 -1.3783136518410508 -1.3027668495819014 -1.163292789837844 -1.2389796460637728 -0.7814700236545131 -1.2240139436629422 -1.2024471152195126 -1.1970404481569157 -1.1978292947073517 -1.1980931961168266 -0.7690666053685447 -0.7878731942175998 -0.751946785023955 -2.3567080581139135 -1.8336971276312095 -1.2574739516776428 -0.8416792031967011 -0.7792021010793088 -0.7213929468044409 -0.7350040611186104 -0.6876101523370448 -0.7489490141485359 -0.7333800300573099 -0.7525108369815121 -0.7214228586159729 -0.7238033057497993 -1.0273239859288887 -1.03339493878751 -1.2402696147178554 -1.054592916393146 -1.2566252438859045 -1.5512124252277928 -0.9640858773207852 -0.8337583213449493 -1.2832021787411791 -1.3280401556651875 -1.290790746896087 -1.8274001596205665 -1.3434954734263365 -1.2359746100926718 -1.293154930935135 -1.2315456847506199 -1.2917400393435141 -1.812586360552701 -1.2012580748954644 -1.288560258216003 -2.5278727000248415 -1.4007543197609729 -1.301725372374996 -1.3662377088651705 -0.7361151124023866 -0.7729613339030514 -0.730379316737883 -0.7455153402986832 -0.8159427913960242 -0.8269989149766601 -0.825350617050337 -0.7716325463305918 -1.2868087364253604 -1.222099631274053 -0.7976564517364491 -0.8119484297688775 -0.8564307167636946 -1.309855632984152 -0.987101848136813 -1.3322394446743036 -0.7282208931550835 -1.2309634278956396 -0.7159714374882631 -0.7333376859200916 -0.7221911808207396 -0.7843760692598838 -0.8255843291143966 -0.76250532217278 -1.7973533260223227 -0.7595134199516657 -0.7601560122514558 -1.3864594627872997 -1.841666715278247 -0.8535362889014945 -1.3037673801261365 -0.7893286957584833 -0.711920450757606 -0.7557063957838854 -0.7451426621561368 -0.7329225039951054 -0.7808913261744468 -1.2286099793234897 -0.8019569449150291 -1.2809938908664524 -0.7139366677604025 -0.7603958934566171 -0.7124018579525552 -0.8279476641464605 -0.773893938367814 -0.78083599373047 -0.7670578275956302 -0.7617050503188105 -1.2345955573203948 -0.7915368773658819 -0.8463769847610502 -1.3767559349669662 -0.8801189398652005 -1.3263203654944526 -1.3733897185882904 -1.3724977203833053 -0.7387885462683892 -0.7978127170721442 -0.7764231567843112 -0.7863991008489718 -0.7827342031978647 -0.7922103035882413 -1.2519890911270448 -1.8423939221561783 -1.7057731881226166 -1.1432895129024618 -1.1479354900178929 -1.7540197122039838 -1.188753774744308 -1.6858343437365526 -1.1923157713098544 -0.778706968359635
-0.8007229236670409 -0.814700232555058 -1.2391898111236719 -0.8597620353742415 -0.7981553003811305 -1.1764398990405083 -0.7541908321078296 -0.7389894745905444 -0.8204717045792634 -0.7937546057713053 -1.8817428539123076 -1.9038264769237374 -1.3192965384303068 -1.8365798642888091 -1.2382896111114348 -1.809798402336495 -0.7727417736269727 -0.7646076260645367 -0.7679376816946293 -0.799607582758956 -1.6896850588826728 -1.2496013616318677 -1.2021068710164113 -0.7541447083112657 -0.7170042625230425 -0.7765848362352398 -0.7464701353987836 -0.7667186860949351 -0.805000037540817 -0.7957310451306574 -0.7820208419166214 -0.7561701893990505 -1.3135575911685158 -1.2613515616535262 -1.2808454364626294 -1.2123609967860949 -1.841404141021065 -1.2632579080900745 -1.3783136518410508 -1.3027668495819014 -1.2212203757858902 -1.2251561089789804 -0.7731569770624394 -1.2283309298421567 -1.206095231553916 -1.189612951550066 -1.227849520029907 -1.1980931961168266 -0.7690666053685447 -0.7973120510710031 -0.7865371446730425 -2.3567080581139135 -1.8336971276312095 -1.2850394020253872 -0.8416792031967011 -0.7856052456504533 -0.7221304680803607 -0.7428734915121911 -0.700852545944706 -0.7489490141485359 -0.7333800300573099 -0.7476345669100829 -0.7266458299914456 -0.738677897053108 -1.0133650900248405 -1.03339493878751 -1.2402696147178554 -1.0641131875628735 -1.2249539892278773 -1.5512124252277928 -0.9319305424682651 -0.7974413479778414 -1.2503087465281992 -1.3280401556651875 -1.2832473666883315 -1.8274001596205665 -1.3434954734263365 -1.3034977887956396 -1.302655427594465 -1.2159890382204641 -1.2810716715614714 -1.8499233300913318 -1.754830247822179 -1.30937548005548 -2.488334050628787 -1.412321107102951 -1.324392995033622 -1.3662377088651705 -0.7011352926099581 -0.780951838863391 -0.7423663470355939 -0.7587770658519444 -0.824802826915986 -0.8363074929626282 -0.825350617050337 -0.7716325463305918 -1.2868087364253604 -1.2373761408346122 -0.7817014010241248 -0.8227906206869162 -0.8674592384904896 -1.309855632984152 -0.9983028681949414 -1.3281363782572309 -0.7400088032039602 -1.2495005602448577 -0.7501164818876798 -0.7720377393187172 -0.7295454440148301 -0.7825434616765257 -0.7951654157113685 -0.7517010754737344 -1.7973533260223227 -0.7604611950934108 -0.7471599165920886 -0.8417675151464743 -1.87442986003372 -0.8535362889014945 -0.8629819455492793 -0.8019324374289916 -0.7185027162299754 -0.7838804216763425 -0.7451426621561368 -0.7329225039951054 -0.7808913261744468 -1.7784032168001018 -0.8019569449150291 -1.2809938908664524 -0.7139366677604025 -0.7603958934566171 -0.7026655080574307 -0.7781243887930925 -0.7642077207140724 -0.7655978918771827 -0.7670578275956302 -0.7676263683954526 -1.2576016679709898 -0.789832895766816 -0.8227965790589687 -1.3440619412912922 -0.8801189398652005 -1.3263203654944526 -1.3733897185882904 -1.3724977203833053 -0.7313428336639373 -0.7853978406086687 -0.7764231567843112 -0.7863991008489718 -0.7827342031978647 -0.7922103035882413 -1.2210304518764619 -1.8227584952056202 -1.7057731881226166 -1.177313222114614 -1.18322068351454 -1.7540197122039838 -1.229058708272363 -1.6858343437365526 -1.2731684285138847 -0.778706968359635
-0.8218643365613119 -0.821230756268231 -1.2507102287111898 -0.8597620353742415 -0.8121777706736768 -1.2059879877393227 -0.7541908321078296 -0.7482306419175996 -0.8329602983646568 -0.7812121508249947 -1.8819592459259913 -1.9038264769237374 -1.2958813171169543 -1.827377000782429 -1.2261976265493997 -1.2360997352215737 -0.7568303264282288 -0.7697390493025265 -0.7679376816946293 -0.799607582758956 -1.6896850588826728 -1.2442697847081015 -1.2111133123806048 -0.7712400639080964 -0.7282424334484051 -0.7556873742050906 -0.7531595878183958 -0.7573018316283721 -0.767114764264636 -0.7871538746867048 -0.7660655734545105 -0.7561701893990505 -1.3043035023949814 -1.2613515616535262 -1.2808454364626294 -1.2123609967860949 -1.8277169254031762 -1.2528570969204245 -1.3994856412786134 -1.28876459580057 -1.163292789837844 -1.2386397253962336 -0.7731569770624394 -1.2153868239438625 -1.206095231553916 -1.1820598358005956 -1.2180851473522738 -1.1843963068749646 -0.7570985564339783 -0.7906825067304414 -0.7865371446730425 -2.3567080581139135 -1.844116320984887 -1.2850394020253872 -0.8416792031967011 -0.7973552235481898 -0.7293991340751029 -0.7428734915121911 -0.7068769380643173 -0.7489490141485359 -0.7333800300573099 -0.7395526930143769 -0.7194192456314943 -0.7332338087132702 -0.9921737155295283 -1.0451528243443773 -1.2402696147178554 -1.0641131875628735 -1.2249539892278773 -1.5512124252277928 -0.9319305424682651 -0.789195771467542 -1.2503087465281992 -1.3280401556651875 -1.2922055702443294 -1.8274001596205665 -1.3434954734263365 -1.3034977887956396 -1.2939459359967758 -1.2159890382204641 -1.2810716715614714 -1.8385972701788158 -1.7460548889808825 -1.2778955184658283 -2.488334050628787 -1.412321107102951 -1.2871263639766817 -1.3662377088651705 -0.7226130217961142 -0.7738879634579622 -0.7593007687234299 -0.7814239847561142 -0.8159427913960242 -0.8363074929626282 -0.825350617050337 -0.7813419072189047 -1.2868087364253604 -1.2373761408346122 -0.792094321441345 -0.8161029808985727 -0.8803475131253748 -1.3417895498148584 -0.987101848136813 -1.336821742650659 -0.7400088032039602 -0.7991140581629587 -0.724580652996054 -0.7745938562679089 -0.7386507798252924 -0.7902659427100878 -0.7961800612891564 -0.7517010754737344 -2.415154162581435 -0.7770679545413953 -0.783157913653527 -1.3130133293357804 -1.87442986003372 -0.8778348077094871 -0.8629819455492793 -0.7847088415233231 -0.7183324677482353 -0.7537019679769014 -0.7520335828338539 -0.7413169711982036 -0.7676761530601595 -1.2353750178329803 -0.7496201674678616 -1.2809938908664524 -0.7705300996257826 -0.7725512161323748 -0.745581417463247 -0.8270671302004461 -0.7509712030816816 -0.748686460687008 -0.7664194101643137 -0.7762422773185229 -1.2576016679709898 -0.8122254129791538 -0.8325661871009581 -1.3613060450324375 -0.8801189398652005 -1.3263203654944526 -1.3733897185882904 -1.3724977203833053 -0.7228805666563943 -0.7752419660871315 -0.7764231567843112 -0.7863991008489718 -0.7827342031978647 -0.7898707603987187 -1.2097234135799038 -1.8227584952056202 -1.7564053979381653 -1.1921517701135789 -1.1957822161262115 -1.7540197122039838 -1.2462950520351213 -1.7094054144009598 -1.2897781072392451 -0.7639467435788699
-0.7760818934459819 -0.8083889915300247 -0.7598082999527587 -0.8027851098253133 -0.79691052498432 -1.1848287409706508 -0.7635405904036959 -0.7375233826354136 -0.875794786242482 -1.2556146846636282 -2.5412247722232726 -2.4357664630402387 -1.8118934096730301 -1.7855080905614917 -1.3504582193995522 -1.7658536185944456 -0.7283761345360535 -0.7563247805508867 -0.7837007934054732 -0.8463386249931245 -2.4111630250632996 -1.3047837617937883 -1.2616788441255349 -0.720150482444488 -0.7395045965061234 -0.7775358002826837 -0.7553555869334486 -0.7481706126582892 -0.7635909018288014 -0.7958447081536627 -0.7657688984144517 -0.7638795331049374 -0.7515141782886614 -0.7764170960052674 -1.2473257248387668 -0.7759486689058421 -1.1919600982396978 -1.2076671693449827 -1.3576678512085403 -0.8184893641131257 -0.7506877497048536 -0.7629669325765421 -0.7562959865385988 -0.7377252494942318 -0.7626975508094248 -0.749607496904436 -0.7596061775288425 -0.7559296439327216 -0.7765368158458658 -0.8037611670034103 -1.299557327642773 -2.4370607451388873 -1.9441053083437416 -1.3158320176235698 -0.8857258127529878 -0.7701001487024901 -0.7342107286405617 -0.7396864779646956 -0.7256003537997974 -0.75977380452941 -0.7443540656721856 -0.7401225541954324 -0.7452040209069539 -0.732866627799116 -0.7599518475910917 -0.8147445837037967 -0.8157195373045201 -0.8290707737019772 -0.8154293017452179 -0.8333164137421446 -0.9540692588203528 -0.78128327359933 -0.8556346642914784 -0.9247305359141005 -1.8889137057670673 -1.8293801011735575 -1.3279306595812452 -1.322522461692225 -1.251823975624062 -0.7535333512729192 -1.3533750345738687 -1.3404806317339506 -1.265921374729346 -1.86519987478335 -2.4630525944444446 -1.3308151630236194 -1.2493065315392016 -1.2321233545802734 -0.7353726336550707 -0.79000962563651 -1.0715164356384435 -1.1475021051566032 -0.7758546620040045 -0.820536111903946 -0.8023657106335753 -0.783508475152287 -1.3529319780272304 -1.839519691799577 -0.8182059409460771 -0.8363030701046443 -0.9665664781834722 -1.759809347129637 -0.8707601959258373 -0.8338309168567363 -0.7586726564875951 -1.3304707914162774 -0.7077655470794557 -0.7799076033404394 -0.7451558988526366 -0.7463457551591415 -0.7745571627706965 -0.745709415585979 -1.8173380780777926 -1.2340244157659934 -0.8225378314349555 -1.3776306898287887 -2.519481069517432 -0.8684142057889609 -0.8315429688492761 -0.7860893703962669 -0.7244528463632297 -0.7752263097074461 -0.7424942621936079 -0.7203491549261509 -0.7946354776922118 -1.2000846473694045 -0.767030204291858 -0.7983586144154359 -1.2003102895196274 -0.7611519931808152 -0.710269926133343 -0.8038000705232403 -0.777598445978026 -0.7235599717728277 -0.7725244390172843 -0.7498078369783757 -1.2283455325346342 -1.2720869378968631 -1.2907474563796764 -1.2933284864903976 -0.8255927336519577 -1.2279432677703108 -0.8191025715777334 -1.253573560402676 -0.7151892247999704 -0.7616354724791212 -0.7572027968384347 -0.7607607963407472 -0.7586636188706981 -0.7734587796063025 -1.1776977127543171 -1.2155196927687626 -1.2193904079800018 -0.7947596971426356 -1.1899320130103526 -1.2001858932613598 -1.2069558622824073 -1.133893751821702 -1.8405954264792925 -0.7589519309013
-0.8010588805927822 -1.26659551754417 -1.2694988147277173 -0.8597620353742415 -0.8514178073502838 -1.7605371740278009 -1.1883318664127525 -0.7594177625033676 -0.8020706365881964 -1.2345512826180356 -1.8505986674414596 -1.8273255821845638 -1.2857565365553731 -1.2301718275383784 -1.249464139167956 -1.8514467246776478 -0.8281173194360373 -1.2363870607753535 -1.2283315621411286 -0.7955681126342138 -1.6779668478724965 -1.2257340187793127 -1.2021068710164113 -0.7856441693014466 -0.8163782363747591 -1.2691561018791704 -1.1948059895083472 -1.2108334102313032 -1.264942121515891 -1.7744653327842939 -1.3167038357225087 -1.2209464240073118 -1.3435359117560082 -1.3212139315383322 -1.293349943361523 -1.7795579902949061 -1.841404141021065 -1.2285203847484556 -1.3783136518410508 -1.3027668495819014 -1.163292789837844 -1.2324207704293222 -0.7562964308273565 -1.2240139436629422 -1.219104549369957 -1.2013410713091681 -1.207434013179658 -1.189857713436769 -0.819089054058168 -1.2562609932517195 -1.2709449715522565 -3.0282733664161436 -2.4693467604610144 -1.353697241657956 -0.8546008233685438 -1.2322251342727817 -1.224109745842189 -0.8214228260783532 -1.196805414427871 -0.797638265287095 -1.1822394801672946 -1.7561797192558195 -0.8002285065689687 -0.7861699754395355 -1.0154694341089032 -1.0708905685480985 -1.2174476494876763 -1.054592916393146 -1.2566252438859045 -1.5512124252277928 -0.9148028153181937 -0.8337583213449493 -1.2892815085897815 -1.3280401556651875 -1.290790746896087 -1.8363207107719397 -1.3528670324441028 -1.2843014856758477 -1.2492822132299508 -1.1927492637202202 -1.2917400393435141 -1.8499233300913318 -1.7623371142369313 -1.2993032523819286 -2.5278727000248415 -1.3710169667837846 -1.2784289350107976 -1.4106590143446773 -0.7284711498588049 -1.2181970607911567 -0.7526694175150465 -0.7606560099548044 -0.7396703445639208 -0.7559623441078196 -0.7950118015820883 -1.2047978675453819 -1.3108699754430186 -1.2371831723491151 -0.7817014010241248 -0.8032596019115993 -0.8985234998470734 -1.3393769761161785 -0.9751299012581545 -1.3410189442506582 -0.7808438614826895 -1.657391736411087 -1.1776017235930951 -1.177873820822136 -0.7670541876465523 -0.8168446286111868 -0.817108822994417 -0.7861057811164825 -2.444336613806257 -0.8134234899014898 -0.7905458734536664 -1.9325080330504836 -1.8899766334067785 -0.8805670812523532 -1.350910514553881 -1.2212719629241358 -1.1779390840137205 -1.1928947294368155 -1.7907920787854512 -1.2633301280034996 -1.2033649118339633 -1.8925746813272617 -1.232441161470045 -1.2809938908664524 -0.7796426013988697 -0.741470431459754 -0.6620175997493312 -0.7432567346874961 -0.731263370722995 -0.780716279622447 -0.784578812378534 -0.7540205264615577 -1.2427512281614603 -0.814476406095513 -0.8325661871009581 -1.3767559349669662 -0.8913501238972943 -1.3263203654944526 -1.3733897185882904 -1.3620272333867782 -1.169792199644525 -1.2634331224029869 -0.8165227687614176 -1.2417931641746698 -1.2508885350564873 -0.8187067368518967 -1.3226182870124605 -1.2878519840300249 -1.7381505546828588 -1.7268278332738487 -1.1940248065113435 -1.7540197122039838 -1.229058708272363 -1.6858343437365526 -1.2731684285138847 -1.2549255129239663
-0.8010588805927822 -1.2778246241756246 -1.2694988147277173 -0.8366290913948992 -0.8393458176375274 -1.7605371740278009 -1.2327697874835024 -0.7594177625033676 -0.8130022604821837 -1.2345512826180356 -1.8268685208584377 -1.8273255821845638 -1.2857565365553731 -1.2301718275383784 -1.249464139167956 -1.283682760801923 -0.8190442592525776 -1.2363870607753535 -1.2283315621411286 -0.7919648447101121 -1.6779668478724965 -1.2190654821748248 -1.2021068710164113 -0.7799567962730445 -0.8163782363747591 -1.1897060248822782 -1.1948059895083472 -1.2108334102313032 -1.264942121515891 -1.7744653327842939 -1.3167038357225087 -1.2209464240073118 -1.3435359117560082 -1.3212139315383322 -1.293349943361523 -1.7795579902949061 -1.841404141021065 -1.2285203847484556 -1.3783136518410508 -1.3027668495819014 -1.163292789837844 -1.253988233521091 -0.7770783013195707 -1.2240139436629422 -1.206095231553916 -1.2013410713091681 -1.2322558828722463 -1.189857713436769 -0.8120097949502928 -0.7973120510710031 -1.2709449715522565 -3.0282733664161436 -2.564083385441395 -1.353697241657956 -0.8474667972224439 -1.2322251342727817 -1.224109745842189 -0.7717819734707242 -1.196805414427871 -0.797638265287095 -1.1822394801672946 -1.7455061239605658 -0.8002285065689687 -0.7915572946911215 -1.0225376103817132 -1.0708905685480985 -1.2174476494876763 -1.0832300180257206 -1.2566252438859045 -1.5512124252277928 -0.9148028153181937 -0.8337583213449493 -1.3368988643883613 -1.3280401556651875 -1.3111819681225243 -1.8506239704803347 -1.3528670324441028 -1.310101628842645 -1.2492822132299508 -1.1927492637202202 -1.2917400393435141 -1.8499233300913318 -1.7623371142369313 -1.2993032523819286 -2.5278727000248415 -1.4007543197609729 -1.2784289350107976 -1.4106590143446773 -1.0944971799115928 -1.2144481962395854 -0.7874142975567474 -0.7736218831484047 -0.7646632153307985 -0.7729879702486625 -0.7950118015820883 -1.2333860675286592 -1.3108699754430186 -1.2371831723491151 -0.7721043181125363 -0.8032596019115993 -0.8985234998470734 -1.3548271284053406 -0.987101848136813 -1.3410189442506582 -0.7808438614826895 -1.657391736411087 -1.694420212936554 -1.1592548491997703 -0.7670541876465523 -0.8168446286111868 -0.8013780186504159 -0.7861057811164825 -2.444336613806257 -0.8134234899014898 -0.7905458734536664 -1.3020207294028712 -1.8899766334067785 -0.8903526926747272 -1.350910514553881 -1.2212719629241358 -1.1779390840137205 -1.1928947294368155 -1.7606020276092378 -1.2633301280034996 -1.2033649118339633 -1.8925746813272617 -1.232441161470045 -1.2809938908664524 -0.8092509164647276 -0.7492678652363848 -0.6561580994426506 -0.7432567346874961 -0.731263370722995 -0.7604527672778002 -0.784578812378534 -0.7540205264615577 -1.2427512281614603 -0.814476406095513 -0.8649915569775259 -1.3767559349669662 -0.8913501238972943 -1.3263203654944526 -1.3733897185882904 -1.3620272333867782 -1.169792199644525 -1.2500213375234464 -0.8165227687614176 -1.2417931641746698 -1.2508885350564873 -0.8187067368518967 -1.2996327090804447 -1.2878519840300249 -1.7381505546828588 -1.7582862770796504 -1.18322068351454 -1.7540197122039838 -1.229058708272363 -1.6858343437365526 -1.2731684285138847 -1.2442150384166086
-0.8174630402567493 -1.2887076050130293 -1.2694988147277173 -0.8597620353742415 -0.8585229778048441 -1.7605371740278009 -1.2418600715688797 -0.7594177625033676 -0.8226483578321943 -1.225001403573767 -1.8268685208584377 -1.8273255821845638 -1.2857565365553731 -1.2301718275383784 -1.249464139167956 -1.8319676402989769 -0.8134324534929369 -1.2363870607753535 -1.2283315621411286 -0.7919648447101121 -1.6779668478724965 -1.2577498832675016 -1.2021068710164113 -0.7799567962730445 -0.8163782363747591 -1.1671388976142687 -1.1832782526220007 -1.2108334102313032 -1.2574278912062031 -1.7744653327842939 -1.3167038357225087 -1.2209464240073118 -1.3341808488264828 -1.3212139315383322 -1.293349943361523 -1.7795579902949061 -1.841404141021065 -1.2777099365119182 -1.4165796186090884 -1.3027668495819014 -1.163292789837844 -1.2324207704293222 -0.7606098415827373 -1.2240139436629422 -1.219104549369957 -1.2013410713091681 -1.2225502560981936 -1.189857713436769 -0.8055604668787774 -0.7973120510710031 -1.2892699256769795 -3.0791514561903393 -2.564083385441395 -1.353697241657956 -0.8474667972224439 -1.2247624617033712 -1.224109745842189 -0.7855391555953013 -1.196805414427871 -0.797638265287095 -1.1720607983622142 -1.7455061239605658 -0.8002285065689687 -0.7915572946911215 -1.041026880581003 -1.0708905685480985 -1.7749606155028412 -1.0832300180257206 -1.2187995592308156 -1.5512124252277928 -0.9319305424682651 -0.8198329270281568 -1.3368988643883613 -1.3280401556651875 -1.3203368866072633 -1.8506239704803347 -1.3528670324441028 -1.310101628842645 -1.302655427594465 -1.1927492637202202 -1.2917400393435141 -1.8499233300913318 -1.7623371142369313 -1.2993032523819286 -2.5278727000248415 -1.3710169667837846 -1.2784289350107976 -1.3746807206462694 -1.0944971799115928 -1.185316559857863 -0.7874142975567474 -0.7762291168223205 -0.7857630058729764 -0.794563700207589 -0.7950118015820883 -1.246141251893401 -1.3108699754430186 -1.2260920923357046 -0.7721043181125363 -0.8032596019115993 -0.8985234998470734 -1.3548271284053406 -0.987101848136813 -1.3410189442506582 -0.7808438614826895 -1.6910378253624905 -1.704495568852191 -1.1725434853233518 -0.7670541876465523 -0.8168446286111868 -0.8013780186504159 -0.7861057811164825 -2.444336613806257 -0.8134234899014898 -0.7905458734536664 -1.3020207294028712 -1.87442986003372 -0.8903526926747272 -1.3326730261269182 -1.2212719629241358 -1.212544596602192 -1.2277481315412875 -1.7907920787854512 -1.2633301280034996 -1.222620125236045 -1.8925746813272617 -1.232441161470045 -1.2809938908664524 -0.8092509164647276 -0.7492678652363848 -0.6588715883479522 -0.7432567346874961 -0.727093441434288 -0.7604527672778002 -0.8032234128212985 -0.7540205264615577 -1.2313256233403047 -0.814476406095513 -0.8325661871009581 -1.3767559349669662 -0.8913501238972943 -1.3263203654944526 -1.3733897185882904 -1.3620272333867782 -1.169792199644525 -1.241544491628249 -0.8165227687614176 -1.2417931641746698 -1.2508885350564873 -0.8187067368518967 -1.2787218276398535 -1.279729945447467 -1.767571506141633 -1.744435461199964 -1.137354079537896 -1.7540197122039838 -1.229058708272363 -1.6858343437365526 -1.2731684285138847 -1.2315373185690501
-0.8066445249544106 -1.2778246241756246 -1.3065060354026636 -0.8597620353742415 -0.8585229778048441 -1.7605371740278009 -1.2327697874835024 -0.7594177625033676 -0.8254176745040607 -1.2345512826180356 -1.8378124032004186 -1.8273255821845638 -1.2857565365553731 -1.7894980225854937 -1.249464139167956 -1.8514467246776478 -0.8224654378006958 -1.250531508224415 -1.2283315621411286 -0.7919648447101121 -1.6779668478724965 -1.2363416080502603 -1.2021068710164113 -0.7874534711897238 -0.8163782363747591 -1.1671388976142687 -1.1832782526220007 -1.2108334102313032 -1.2574278912062031 -1.7744653327842939 -1.3167038357225087 -1.2209464240073118 -1.3341808488264828 -1.3212139315383322 -1.293349943361523 -1.7795579902949061 -1.841404141021065 -1.2632579080900745 -1.3783136518410508 -1.3027668495819014 -1.163292789837844 -1.2324207704293222 -0.7562964308273565 -1.2240139436629422 -1.206095231553916 -1.2292038233799303 -1.2225502560981936 -1.189857713436769 -0.8120097949502928 -0.7973120510710031 -1.2414340890705806 -3.0791514561903393 -2.564083385441395 -1.353697241657956 -0.8416792031967011 -1.2247624617033712 -1.224109745842189 -0.8214228260783532 -1.196805414427871 -0.7900563930246345 -1.1720607983622142 -1.7455061239605658 -0.8002285065689687 -0.7915572946911215 -1.041026880581003 -1.0708905685480985 -1.2174476494876763 -1.0832300180257206 -1.2187995592308156 -1.5512124252277928 -0.9319305424682651 -0.8198329270281568 -1.3368988643883613 -1.3280401556651875 -1.3111819681225243 -1.8506239704803347 -1.3434954734263365 -1.310101628842645 -1.302655427594465 -1.1927492637202202 -1.2917400393435141 -1.8499233300913318 -1.754830247822179 -1.2993032523819286 -2.5278727000248415 -1.4007543197609729 -1.2636194573629809 -1.3662377088651705 -1.0944971799115928 -1.181007075057168 -0.7874142975567474 -0.7766082175057836 -0.7857630058729764 -0.7780195735783596 -0.7950118015820883 -1.2333860675286592 -1.3108699754430186 -1.2260920923357046 -0.7721043181125363 -0.8032596019115993 -0.8985234998470734 -1.3548271284053406 -0.987101848136813 -1.3410189442506582 -0.7808438614826895 -1.6910378253624905 -1.694420212936554 -1.1592548491997703 -0.7670541876465523 -0.8168446286111868 -0.817108822994417 -0.7861057811164825 -2.444336613806257 -0.8134234899014898 -0.7905458734536664 -1.3130133293357804 -1.87442986003372 -0.8903526926747272 -1.350910514553881 -1.2212719629241358 -1.212544596602192 -1.2277481315412875 -1.7907920787854512 -1.2633301280034996 -1.2033649118339633 -1.8925746813272617 -1.232441161470045 -1.2809938908664524 -0.8092509164647276 -0.7492678652363848 -0.65083196173981 -0.7432567346874961 -0.7516379391523496 -0.7604527672778002 -0.784578812378534 -0.7540205264615577 -1.2427512281614603 -0.814476406095513 -0.8325661871009581 -1.3767559349669662 -0.8913501238972943 -1.3263203654944526 -1.3733897185882904 -1.3620272333867782 -1.169792199644525 -1.2549107366621008 -0.8165227687614176 -1.2417931641746698 -1.2508885350564873 -0.8187067368518967 -1.2996327090804447 -1.8608165616027665 -1.7381505546828588 -1.7130698256432761 -1.137354079537896 -1.7540197122039838 -1.229058708272363 -1.6858343437365526 -1.2731684285138847 -1.2442150384166086
-0.8174630402567493 -1.2887076050130293 -1.3065060354026636 -0.8597620353742415 -0.8514178073502838 -1.7605371740278009 -1.2418600715688797 -0.7594177625033676 -0.8351581731100904 -0.7734867558519333 -1.8673565220367792 -1.8273255821845638 -1.2857565365553731 -1.8404382905518069 -1.249464139167956 -1.8319676402989769 -0.812407126107469 -1.250531508224415 -1.2415500523839524 -0.7919648447101121 -1.6779668478724965 -1.2369395457318024 -1.2021068710164113 -0.7874534711897238 -0.8163782363747591 -1.1671388976142687 -1.1832782526220007 -1.2108334102313032 -1.264942121515891 -1.7744653327842939 -1.3167038357225087 -1.2209464240073118 -1.3341808488264828 -1.3212139315383322 -1.293349943361523 -1.7795579902949061 -1.841404141021065 -1.2751828054794465 -1.4165796186090884 -1.3027668495819014 -1.163292789837844 -1.2244475422004641 -0.7606098415827373 -1.2240139436629422 -1.206095231553916 -1.2292038233799303 -1.2225502560981936 -1.189857713436769 -0.8055604668787774 -0.7973120510710031 -1.2414340890705806 -3.0791514561903393 -2.564083385441395 -1.353697241657956 -0.8416792031967011 -1.2247624617033712 -1.224109745842189 -0.8214228260783532 -1.7494128133433031 -0.8184247929573194 -1.1720607983622142 -1.7455061239605658 -0.8002285065689687 -0.7915572946911215 -1.041026880581003 -1.0701975602175082 -1.2402696147178554 -1.0111879869974103 -1.2187995592308156 -1.5512124252277928 -0.9319305424682651 -0.8038741119977921 -1.3368988643883613 -1.3280401556651875 -1.3203368866072633 -1.8363207107719397 -1.3434954734263365 -1.2787860077677629 -1.302655427594465 -1.1927492637202202 -1.2917400393435141 -1.8499233300913318 -1.754830247822179 -1.2993032523819286 -2.5278727000248415 -1.4007543197609729 -1.2636194573629809 -1.3662377088651705 -1.0944971799115928 -1.1900432726484076 -0.7874142975567474 -0.7993683594345682 -0.7857630058729764 -0.7780195735783596 -0.7950118015820883 -1.2333860675286592 -1.3108699754430186 -1.2260920923357046 -0.7817014010241248 -0.8032596019115993 -0.8985234998470734 -1.3548271284053406 -0.987101848136813 -1.3410189442506582 -0.7997961698081525 -1.7115839657268852 -1.704495568852191 -1.145769711005876 -0.7670541876465523 -0.8168446286111868 -0.817108822994417 -0.7861057811164825 -2.430236951749279 -0.8043368842603581 -0.7905458734536664 -1.3130133293357804 -1.87442986003372 -0.8903526926747272 -1.350910514553881 -1.2212719629241358 -1.1692693436820847 -1.2156154118568343 -1.7907920787854512 -1.2633301280034996 -1.222620125236045 -1.877671987250195 -1.232441161470045 -1.2809938908664524 -0.7650371617863942 -0.741470431459754 -0.6566578177850674 -0.7432567346874961 -0.7281496826304453 -0.7604527672778002 -0.784578812378534 -0.7540205264615577 -1.2427512281614603 -0.8063952448234056 -0.8325661871009581 -1.3767559349669662 -0.8913501238972943 -1.3263203654944526 -1.3733897185882904 -1.3620272333867782 -1.169792199644525 -1.241544491628249 -0.8165227687614176 -1.2417931641746698 -1.2508885350564873 -0.812570162733385 -1.8738937715613049 -1.8513386129112102 -1.7381505546828588 -1.744435461199964 -1.137354079537896 -1.7540197122039838 -1.229058708272363 -1.6858343437365526 -1.2731684285138847 -1.2549255129239663
-0.8174630402567493 -1.2887076050130293 -1.2937632067034852 -0.8597620353742415 -0.8585229778048441 -1.7605371740278009 -1.2418600715688797 -0.7594177625033676 -0.8461889031753836 -0.7797175955985567 -1.8740683294518923 -1.8769082073044416 -1.2857565365553731 -1.8197046118376272 -1.249464139167956 -1.8319676402989769 -0.7817483967524866 -1.250531508224415 -1.2415500523839524 -0.7919648447101121 -1.6896850588826728 -1.2287257305006685 -1.2021068710164113 -0.7558793184099688 -0.8163782363747591 -1.1671388976142687 -1.201581834353279 -1.2108334102313032 -1.256995282467667 -1.7744653327842939 -1.3167038357225087 -1.2091917278600335 -1.3341808488264828 -1.3212139315383322 -1.293349943361523 -1.7795579902949061 -1.841404141021065 -1.2751828054794465 -1.4165796186090884 -1.3027668495819014 -1.163292789837844 -1.2244475422004641 -0.7606098415827373 -1.2240139436629422 -1.206095231553916 -1.2292038233799303 -1.2225502560981936 -1.189857713436769 -0.8055604668787774 -0.7973120510710031 -1.2414340890705806 -3.0791514561903393 -1.920982239353619 -1.404103199036345 -0.8416792031967011 -1.2247624617033712 -1.224109745842189 -0.8214228260783532 -1.7692706596868029 -0.8184247929573194 -1.1720607983622142 -1.7455061239605658 -0.7847849122222907 -0.7915572946911215 -1.0276165070575638 -1.0766572837701849 -1.2402696147178554 -1.0204835587000707 -1.2187995592308156 -1.5512124252277928 -0.9319305424682651 -0.8038741119977921 -1.2992800944042782 -1.3280401556651875 -1.3203368866072633 -1.8416792882699011 -1.3434954734263365 -1.2787860077677629 -1.3103339587741638 -1.1927492637202202 -1.2917400393435141 -1.8499233300913318 -1.754830247822179 -1.2993032523819286 -2.5278727000248415 -1.4007543197609729 -1.2636194573629809 -1.3662377088651705 -1.0944971799115928 -1.153742120413236 -0.77738383938075 -0.7920254885786456 -0.7857630058729764 -0.7780195735783596 -0.7950118015820883 -1.2333860675286592 -1.3108699754430186 -1.2389891796908932 -0.7817014010241248 -0.7966756046941103 -0.8985234998470734 -1.3548271284053406 -0.9983028681949414 -1.3410189442506582 -0.7997961698081525 -1.7673075889773036 -1.7130766870309975 -1.145769711005876 -0.7670541876465523 -0.8168446286111868 -0.817108822994417 -0.797234289913326 -2.430236951749279 -0.8043368842603581 -0.7905458734536664 -1.3130133293357804 -1.87442986003372 -0.8903526926747272 -1.3398647851279375 -1.2212719629241358 -1.1692693436820847 -1.2251512459405685 -1.7907920787854512 -1.2633301280034996 -1.222620125236045 -1.877671987250195 -1.232441161470045 -1.2809938908664524 -0.7650371617863942 -0.7339483469493107 -0.6566578177850674 -0.7432567346874961 -0.7281496826304453 -0.7506503245157311 -0.784578812378534 -0.7635918941842408 -1.2427512281614603 -0.7915368773658819 -0.8325661871009581 -1.3767559349669662 -0.8913501238972943 -1.3263203654944526 -1.3733897185882904 -1.3620272333867782 -1.169792199644525 -1.241544491628249 -0.8165227687614176 -1.2417931641746698 -1.2508885350564873 -0.812570162733385 -1.8738937715613049 -1.8329485876729947 -1.7057731881226166 -1.7037185337594636 -1.137354079537896 -1.7540197122039838 -1.188753774744308 -1.6858343437365526 -1.2731684285138847 -1.2549255129239663
-0.8225562955376321 -1.2887076050130293 -1.2937632067034852 -0.8597620353742415 -0.8642844508253724 -1.7605371740278009 -1.2418600715688797 -0.7594177625033676 -0.8329602983646568 -0.7797175955985567 -1.8740683294518923 -1.8769082073044416 -1.2857565365553731 -1.8197046118376272 -1.2382896111114348 -1.8319676402989769 -0.7998843801154898 -1.250531508224415 -1.2340571868146826 -0.7905765271163994 -1.6896850588826728 -1.2413451039985532 -1.2021068710164113 -0.761449697419164 -0.8109443077397421 -1.1671388976142687 -1.201581834353279 -1.2108334102313032 -1.256995282467667 -1.7744653327842939 -1.3167038357225087 -1.2091917278600335 -1.3341808488264828 -1.3123252804057068 -1.2808454364626294 -1.768481304033614 -1.841404141021065 -1.2751828054794465 -1.4165796186090884 -1.3027668495819014 -1.163292789837844 -1.2172069041554656 -0.7524453162025957 -1.2099289053898687 -1.206095231553916 -1.2292038233799303 -1.2225502560981936 -1.2660461506190832 -0.7947712130674213 -0.7871815283617507 -1.2414340890705806 -2.4051679890759257 -1.8336971276312095 -1.334228081403754 -0.8416792031967011 -1.2247624617033712 -1.224109745842189 -0.8214228260783532 -1.2245636889588147 -0.7900563930246345 -1.1720607983622142 -1.7456803220037043 -0.7847849122222907 -0.7915572946911215 -1.000161376910119 -1.0383626111434494 -1.2402696147178554 -1.0204835587000707 -1.1876216981853798 -1.5512124252277928 -0.8960960861890837 -0.7974413479778414 -1.2992800944042782 -1.3280401556651875 -1.3198281287046647 -1.8274001596205665 -1.3434954734263365 -1.2787860077677629 -1.3103339587741638 -1.1927492637202202 -1.2917400393435141 -1.8374464225464693 -1.754830247822179 -1.2993032523819286 -2.5278727000248415 -1.4007543197609729 -1.2999926965593838 -1.3662377088651705 -1.0944971799115928 -1.1723570673375612 -0.7296991472158969 -0.7830738934323336 -0.7944087400452456 -0.7855598955101674 -0.7950118015820883 -1.2333860675286592 -1.3108699754430186 -1.225437498407145 -0.7817014010241248 -0.7966756046941103 -0.928224180078338 -1.3668232346652198 -0.987101848136813 -1.3410189442506582 -0.7997961698081525 -1.7465134722424158 -1.7130766870309975 -1.145769711005876 -0.7670541876465523 -0.8168446286111868 -0.817108822994417 -0.7880249707854488 -2.430236951749279 -0.8043368842603581 -0.7905458734536664 -1.3130133293357804 -1.87442986003372 -0.8826020676476305 -1.3398647851279375 -1.2272590059305208 -1.1563203252792555 -1.2251512459405685 -1.7907920787854512 -1.2633301280034996 -1.222620125236045 -1.8683419758490218 -1.232441161470045 -1.2809938908664524 -0.7967112704913801 -0.741470431459754 -0.6566578177850674 -0.7307554106965369 -0.7188533780418027 -0.7506503245157311 -0.784578812378534 -0.7635918941842408 -1.2427512281614603 -0.8030954952910824 -0.8463769847610502 -1.3440619412912922 -0.8801189398652005 -1.3263203654944526 -1.3733897185882904 -1.3620272333867782 -1.169792199644525 -1.2173918302607734 -0.8165227687614176 -1.2417931641746698 -1.2508885350564873 -0.812570162733385 -1.2908006807550576 -1.8329485876729947 -1.7057731881226166 -1.7037185337594636 -1.137354079537896 -1.7540197122039838 -1.188753774744308 -1.6858343437365526 -1.2731684285138847 -1.2549255129239663
-0.7767484313694941 -0.8019249705206527 -0.7920897282825266 -0.8027851098253133 -0.8413417493776182 -1.1848287409706508 -1.2110646966822527 -0.7375233826354136 -0.875794786242482 -1.2633043791044283 -2.5412247722232726 -2.4895663077400214 -1.8068066519219788 -2.4588561018796633 -1.4075044081411399 -2.41049090732616 -0.7716423391536961 -1.208742831086709 -1.2507245038169152 -0.8369693069744164 -2.4111630250632996 -1.8505968254255798 -1.2524831370069465 -0.7339095235653567 -0.7734494496164365 -0.8068841270196458 -0.7748015159199002 -0.7617520762731328 -0.7635909018288014 -1.2402420191618047 -1.2280792278588633 -0.7549869018526406 -0.7676888713040468 -0.8150575180390317 -1.234845826705171 -1.2279990169089035 -1.1734872851840523 -1.229584606291443 -1.336795110599735 -0.8293100426776975 -0.7506877497048536 -0.7379662006841167 -0.7358893140222265 -0.7432619529666991 -0.7626975508094248 -0.7740099312172284 -0.7778662814875974 -0.818920579976932 -0.7842468187221915 -0.8086667155482893 -1.299557327642773 -2.4554213250535564 -2.5890652259457587 -1.4361966919565177 -0.8857258127529878 -1.2139753781745888 -0.7625216995132398 -0.7480101604283416 -0.7704131761621472 -0.7642487292696631 -0.7443540656721856 -1.1808796973267837 -0.7452040209069539 -0.732866627799116 -0.772188831869589 -0.8089113883561507 -0.8015873381534626 -0.7996423911330649 -0.8154293017452179 -1.263409257085888 -0.9177157412566437 -0.78128327359933 -0.8508131508342844 -0.9247305359141005 -1.8991021254425802 -1.8293801011735575 -1.3098472391398537 -1.297634876839104 -1.2350305091310023 -0.7535333512729192 -1.3533750345738687 -1.339470371296305 -1.267670766456181 -1.86519987478335 -2.4630525944444446 -1.3308151630236194 -1.2493065315392016 -1.2321233545802734 -0.7305976218892382 -1.19103176779137 -1.0509673566699942 -1.1475021051566032 -0.7343093124450399 -0.756419913049639 -0.7677095689016417 -1.1972454814837397 -1.3529319780272304 -1.823452760620244 -0.8182059409460771 -0.8363030701046443 -0.9855794839256642 -1.7372195737919953 -0.8707601959258373 -0.8271748960631434 -0.744561267661561 -1.2421218616800827 -1.119106522461916 -0.7514609865610601 -0.7451558988526366 -0.7587641780464193 -0.7796620024914782 -0.7475624518352894 -1.8026197105578894 -1.232849385984801 -0.8225378314349555 -1.3776306898287887 -1.8791027032142469 -0.8731494414882692 -0.8315429688492761 -1.2414386381571505 -0.7456975649817271 -0.7919792458212541 -0.7617070060201462 -1.143058044155045 -0.773223862579405 -1.2610371960839368 -1.2161296678155915 -0.7983586144154359 -0.7583527940085479 -0.7301768738119516 -0.6756670216653055 -0.770995530998252 -0.7464518914964566 -0.6985153395142814 -0.7628025297961176 -0.7600547272513807 -1.2283455325346342 -1.2573593881469736 -1.2931616077385162 -1.2765060004653728 -0.8255927336519577 -1.2059131492706516 -0.8191025715777334 -1.253573560402676 -0.7315940366559222 -0.7637476898504799 -0.7452445326290222 -0.7499348385396968 -0.7836853237992216 -0.7626097030004959 -1.1746276842530852 -1.2155196927687626 -1.176434020907638 -1.2524498847081396 -1.1774026408335878 -1.1827246119725103 -1.2084453064331961 -1.133893751821702 -1.2499017410431144 -1.2163354318274902
-0.7630463050866474 -0.8384745925245242 -0.7920897282825266 -0.7906618891923118 -0.8085868351640133 -0.7430097038982466 -0.7469219352129752 -0.7226151746999426 -0.9101566269962995 -1.3029856308498124 -2.585175668909069 -2.4895663077400214 -1.870088149524377 -3.119253723038929 -1.486452739090255 -2.416243615753433 -0.757358519132063 -0.7873781397633004 -0.8542943016444162 -0.827089094091746 -1.780394546638711 -1.8977842700050687 -1.2381720806462122 -0.7291064890040347 -0.7332079308548067 -0.7684204825753606 -0.7633381502599612 -0.7369111416427908 -0.7619187054847986 -0.7650728057653498 -0.7706568781830472 -0.7594007011963562 -0.7208790234986706 -0.766751033805691 -0.7525542740728528 -0.7411990249180354 -0.7414689747938493 -0.7433155243742946 -1.301009148356771 -0.8293100426776975 -0.7506877497048536 -0.7484937420231083 -0.7585716550205499 -0.7473434543558933 -0.7891086069698984 -1.1927108924655878 -0.7784979594342188 -1.2110768422300116 -0.8058600863540077 -0.8302135815447487 -1.333421209191669 -2.4554213250535564 -2.625615440771364 -1.4724175504586907 -0.9111160470573181 -0.7657427617478917 -0.7342107286405617 -0.7465125815131592 -0.7484807593902878 -0.7858020148874755 -0.8172056880658702 -0.7591352405082818 -0.7452040209069539 -0.7524798285784513 -0.772188831869589 -0.8147445837037967 -0.8354619642030964 -0.8235548929777695 -0.8354636536030653 -1.2616523700767828 -0.856868295894342 -0.79657232149986 -0.8508131508342844 -0.8791811379100859 -0.7834095776267909 -1.2515684574560098 -1.3098472391398537 -1.2182490638342163 -1.244163542409515 -0.7714467052495101 -1.3437576758893635 -1.3176821010612034 -1.2600515502334138 -1.86519987478335 -2.4630525944444446 -1.3308151630236194 -1.2524230121349282 -1.2429968784932377 -0.7512092141115344 -0.755479221905404 -1.0667202738655304 -1.1180817670481773 -0.8394713376874349 -0.8113411995973594 -0.7999760445325893 -0.7950095199170101 -1.3843008042892444 -1.8620774530234347 -0.8182059409460771 -0.8153998588520964 -0.9717730055721991 -1.7731851854572476 -0.8811445413441126 -0.8271748960631434 -0.7555152184662143 -1.3210587762440642 -0.7077655470794557 -0.772371028336468 -0.7383799547278728 -0.7325586994113742 -0.7878439528168778 -0.7476790133412601 -1.1967450442571792 -1.2055924612322757 -0.8639056211803003 -2.0300881066607364 -1.7964030423147115 -0.8079045711450745 -0.8158527655057223 -0.7543087099135144 -0.7520781939220044 -0.7919792458212541 -0.7593404348570666 -0.7102101229212494 -0.7373990686654897 -1.7429666403553676 -0.7730037715920663 -0.7965330196687834 -0.7299420070272945 -0.7340882074877054 -0.7062996747796452 -0.7791723044834202 -0.777598445978026 -0.7488004532798047 -0.8002472400747378 -1.2462948476540834 -1.2124757021921135 -1.2083763299029744 -1.256385675831956 -1.2131393532432542 -0.7868995445498649 -0.7890605908973647 -0.8191025715777334 -0.7956053257744299 -0.761952880546872 -0.7779253917552525 -0.7499379516077281 -0.7648613154236533 -0.7720868574101275 -0.7875782060599914 -1.18769024184376 -1.2741895296249992 -0.765934674789675 -0.7740300456075829 -1.1899320130103526 -0.7610156019225092 -0.7824554901018889 -0.7349089017512298 -0.7581415703225194 -0.7543504130626232
-0.7630463050866474 -0.7982833835518041 -0.7920897282825266 -0.7906618891923118 -0.8085868351640133 -0.7430097038982466 -0.7469219352129752 -0.7226151746999426 -0.851542688324628 -1.3029856308498124 -2.585175668909069 -2.4895663077400214 -1.8496673279950113 -3.119253723038929 -1.486452739090255 -2.416243615753433 -0.757358519132063 -0.7630482928272097 -0.8542943016444162 -0.7841077730339149 -1.780394546638711 -1.9232545989770609 -1.2524831370069465 -0.7291064890040347 -0.7332079308548067 -0.7775358002826837 -0.7633381502599612 -0.7369111416427908 -0.7558919394355856 -0.7650728057653498 -0.7706568781830472 -0.7594007011963562 -0.7278108891006145 -0.766751033805691 -0.7525542740728528 -0.7665382653598221 -0.7414689747938493 -1.1867071130124516 -1.301009148356771 -0.8293100426776975 -0.7506877497048536 -0.7484937420231083 -0.7585716550205499 -0.7473434543558933 -0.7626975508094248 -0.749607496904436 -0.7784979594342188 -1.2110768422300116 -0.8058600863540077 -0.8302135815447487 -1.333421209191669 -2.4554213250535564 -2.625615440771364 -1.4724175504586907 -0.9111160470573181 -0.7971664268334621 -0.7342107286405617 -0.7396864779646956 -0.7484807593902878 -0.7858020148874755 -0.8172056880658702 -0.7591352405082818 -0.7452040209069539 -0.7524798285784513 -0.7834365051090009 -0.8147445837037967 -0.8354619642030964 -0.8318558693419617 -0.8354636536030653 -1.2616523700767828 -0.8929128659228182 -0.78128327359933 -0.8508131508342844 -0.8791811379100859 -0.7834095776267909 -1.2515684574560098 -1.3098472391398537 -1.2394550165729603 -1.244163542409515 -0.7616816256160104 -1.3437576758893635 -1.3504306579835315 -1.2600515502334138 -1.86519987478335 -2.4630525944444446 -1.3308151630236194 -1.2524230121349282 -1.2429968784932377 -0.7512092141115344 -0.7711733517256453 -1.0667202738655304 -1.1180817670481773 -0.8189524276217511 -0.8113411995973594 -0.7999760445325893 -0.7950095199170101 -1.3843008042892444 -1.8620774530234347 -0.8182059409460771 -0.8153998588520964 -0.9717730055721991 -1.7731851854572476 -0.8811445413441126 -0.8271748960631434 -0.7555152184662143 -1.3210587762440642 -0.7077655470794557 -0.772371028336468 -0.7383799547278728 -0.7386774086813571 -0.7740645353600486 -0.7476790133412601 -1.1967450442571792 -1.2055924612322757 -0.8639056211803003 -2.0300881066607364 -1.8799399164652857 -0.8079045711450745 -0.8158527655057223 -0.7826583777802868 -0.7342065055078345 -0.7919792458212541 -0.7593404348570666 -0.7102101229212494 -0.7373990686654897 -1.1911893739907577 -0.7730037715920663 -0.7624445166107888 -0.7299420070272945 -0.7340882074877054 -0.6999962171692699 -0.7871579510261104 -0.777598445978026 -0.7488004532798047 -0.8002472400747378 -0.7726662400354847 -1.2124757021921135 -1.2083763299029744 -1.256385675831956 -1.2131393532432542 -0.7868995445498649 -0.7762777572970824 -0.8191025715777334 -0.7956053257744299 -0.761952880546872 -0.7779253917552525 -0.7499379516077281 -0.7648613154236533 -0.7588801976680825 -0.7875782060599914 -1.18769024184376 -1.2354495386847246 -0.765934674789675 -0.7740300456075829 -1.1899320130103526 -0.7610156019225092 -1.2378179631032729 -0.7349089017512298 -0.7581415703225194 -0.7543504130626232
-0.8474342109893476 -1.2839220963419444 -1.2937632067034852 -0.8597620353742415 -0.8571491521523807 -1.7542362506899014 -1.1817716114137478 -0.7594177625033676 -0.8094748857825139 -0.7812121508249947 -1.9230232746285303 -1.8769082073044416 -1.3654802324620845 -2.438804368255057 -1.3035956630013792 -1.2715425381330125 -0.8144108741484838 -1.2742899250943305 -1.2299652701242723 -0.7905765271163994 -1.6896850588826728 -1.2442697847081015 -1.2021068710164113 -0.7931766969657257 -0.8032823156364426 -1.2059808452601395 -1.2025648688489305 -1.1957990540369599 -1.2438917842744046 -1.7331133024773824 -1.3095140226353204 -1.2209464240073118 -1.3358716144909637 -1.3240991404556712 -1.25778710294284 -1.7539835740185625 -1.8277169254031762 -1.3183417822678711 -1.3672748692249237 -1.3027668495819014 -1.163292789837844 -1.2759879761462023 -0.7684794465448994 -1.2807672999241977 -1.219104549369957 -1.2140164073310407 -1.22337453912344 -1.1926121467074793 -0.8011642084977578 -0.7906825067304414 -1.2585062330738064 -2.3975503893814705 -1.8933046245021001 -1.334228081403754 -1.3440902134502968 -1.192390790744193 -1.2319132412779945 -0.7937643795279563 -1.2179080568268614 -0.7900563930246345 -1.1807027829414778 -1.758937458269053 -0.7847849122222907 -0.7915572946911215 -1.0133650900248405 -1.0451528243443773 -1.2402696147178554 -1.0641131875628735 -1.1876216981853798 -1.5512124252277928 -0.8960960861890837 -0.7974413479778414 -1.2433737782581655 -1.3196616501006468 -1.2584059516679584 -1.8274001596205665 -1.3434954734263365 -1.2690195816681862 -1.3109726057835944 -1.1844199286961365 -1.273687889715024 -1.812586360552701 -1.7393031262384908 -1.261235990073143 -2.488334050628787 -1.412321107102951 -1.3149510173085575 -1.3693561545820168 -1.0922205126777067 -1.2033285892821721 -0.7406938955392114 -0.7352624344147859 -0.784914768283952 -0.7696975139104131 -0.7838758838539632 -1.2217453557422122 -1.3108699754430186 -1.2121594198003438 -0.792094321441345 -0.8161029808985727 -0.9149062653239115 -1.399400199120258 -0.9983028681949414 -1.3281363782572309 -0.7745438831764121 -1.134972462120039 -1.773400367744609 -1.1478373208890047 -0.7646440157237625 -0.7964274347471595 -0.7870086936800444 -0.7910146077468427 -2.415154162581435 -0.7882365418538578 -0.783157913653527 -1.3566023078065186 -1.87442986003372 -0.8526973803216517 -1.3398647851279375 -1.190178466826368 -1.1563203252792555 -1.2251512459405685 -1.7606020276092378 -1.2633301280034996 -1.1942733176505789 -2.5416339344973964 -1.232441161470045 -1.3268711495100007 -0.826038788629701 -0.741470431459754 -0.6910865195992362 -0.6957247050812442 -0.6897189390493272 -0.7203792248201946 -0.7547868396957627 -0.7635918941842408 -1.2179275295777539 -0.7972968557155897 -0.8463769847610502 -1.3440619412912922 -0.8801189398652005 -1.3263203654944526 -1.3733897185882904 -1.3724977203833053 -1.1683628715436027 -1.230626172057708 -0.8088869814991059 -1.2417931641746698 -1.2685736446450242 -0.8211014869293507 -1.850043567106217 -1.8227584952056202 -1.7239010146407725 -1.686267204382284 -1.149656895319954 -1.725160532927625 -1.188753774744308 -1.7094054144009598 -1.2471733821716309 -1.2460462148042322
-0.8330214881329813 -1.3033312321531996 -1.2874481519620269 -0.8597620353742415 -0.8571491521523807 -1.7670471855638983 -1.2351494505385974 -0.7594177625033676 -0.7656591849699118 -0.7739182459453474 -1.8639480961218104 -1.8769082073044416 -1.344906258718392 -1.8197046118376272 -1.2911896786239063 -1.8178502508326386 -0.7775378451639404 -1.2314942649007923 -1.2299652701242723 -0.7905765271163994 -1.6896850588826728 -1.2442697847081015 -0.7609908432350354 -0.761449697419164 -0.8045654082330809 -1.2059808452601395 -1.2025648688489305 -1.2108334102313032 -1.2462962801297943 -1.7757570050724716 -1.283010200210424 -1.2091917278600335 -1.3265420803982861 -1.3015815223516574 -1.25778710294284 -1.7416120862484619 -2.4566385392091115 -1.2988988878340473 -1.4267610123734333 -1.28876459580057 -1.163292789837844 -1.269917456566766 -0.7731569770624394 -1.2558307049989974 -1.2538297687489977 -1.2140164073310407 -1.2180851473522738 -1.7953489244210732 -0.7732469611016365 -0.7723569894219705 -1.2585062330738064 -2.3975503893814705 -1.8933046245021001 -1.334228081403754 -0.8416792031967011 -1.192390790744193 -1.2319132412779945 -0.7937643795279563 -1.2057191069719926 -0.7774328021045072 -1.1591326663583952 -1.7462018068105105 -0.7847849122222907 -0.7915572946911215 -0.9921737155295283 -1.0274230090163046 -1.2324169948308994 -1.007150657598389 -1.1876216981853798 -1.031652140534107 -0.8716581743499137 -0.7974413479778414 -1.2790893260910527 -1.3425568042025193 -1.3053743506014728 -1.8531919290798937 -1.361798034788286 -0.8074340642721948 -1.239405445255434 -1.1844199286961365 -1.273687889715024 -1.2199100631753337 -1.1860564594528993 -1.261235990073143 -2.488334050628787 -1.412321107102951 -1.299935007803588 -1.3571002424812677 -1.1181423589429145 -1.2033285892821721 -0.73804905391751 -0.7146188132190413 -0.7600904517891871 -0.7843026612960341 -0.7950118015820883 -1.2344606673427938 -1.3108699754430186 -1.2121594198003438 -0.792094321441345 -0.8161029808985727 -0.928224180078338 -1.399400199120258 -0.9983028681949414 -1.336821742650659 -0.8176663087687654 -1.2008539418124122 -1.8082601525857251 -1.1478373208890047 -0.7715801726559669 -0.8105017794650031 -0.7961800612891564 -0.7818526248743809 -1.2235192944079343 -0.7882365418538578 -0.783157913653527 -1.3648349560384834 -1.87442986003372 -0.88234564359943 -1.2689155558988867 -1.190178466826368 -1.1441468696939814 -1.212955662259772 -1.7606020276092378 -1.318385258041263 -1.2578966587121219 -3.2441631707543728 -1.232441161470045 -1.3268711495100007 -1.3265843258098078 -0.7712528456486197 -0.7217060743443015 -0.7028466135710654 -0.6897189390493272 -0.7018157662595009 -0.7725024298108517 -0.7635918941842408 -0.7748192990583567 -0.8089101660652109 -0.8463769847610502 -1.3440619412912922 -0.8714451712147409 -1.3263203654944526 -1.3600321515829743 -1.3724977203833053 -1.1398796624845677 -1.2030266144105164 -0.8088869814991059 -1.2296128918088143 -1.2685736446450242 -0.812570162733385 -1.850043567106217 -1.8133485886381038 -1.7239010146407725 -1.7037185337594636 -1.149656895319954 -1.725160532927625 -1.2056994136293566 -1.7094054144009598 -1.8423908024519629 -1.2460462148042322
-0.8293957144633795 -1.3033312321531996 -1.2874481519620269 -0.8597620353742415 -0.8450254777915777 -1.7670471855638983 -1.1906670957340004 -0.7594177625033676 -0.7762630206007385 -0.7739182459453474 -1.8639480961218104 -1.8769082073044416 -1.344906258718392 -1.8197046118376272 -1.2911896786239063 -1.2358862832413493 -0.7775378451639404 -1.2314942649007923 -1.2299652701242723 -0.8120249960295133 -1.6896850588826728 -1.2442697847081015 -0.7609908432350354 -0.761449697419164 -0.794895476667471 -1.1671388976142687 -1.1670511982233212 -1.2108334102313032 -1.2462962801297943 -1.7757570050724716 -1.283010200210424 -1.2091917278600335 -1.3265420803982861 -1.3015815223516574 -1.2703823776368326 -1.7416120862484619 -2.4347865632095553 -1.286864981441942 -1.4380165500826823 -1.28876459580057 -1.163292789837844 -1.2574398606218835 -0.7731569770624394 -1.2804681822771753 -1.258134254395738 -1.7696796193340716 -1.258907106550099 -1.7953489244210732 -0.7732469611016365 -0.7723569894219705 -1.2585062330738064 -2.3975503893814705 -1.8933046245021001 -1.2850394020253872 -1.312604534429949 -1.192390790744193 -1.2396845373773417 -0.7937643795279563 -1.2057191069719926 -0.7774328021045072 -1.1720607983622142 -1.7462018068105105 -0.7847849122222907 -0.7915572946911215 -0.9921737155295283 -1.0221946627741128 -1.207659561847176 -1.007150657598389 -1.1876216981853798 -1.031652140534107 -0.9068918986508682 -0.7974413479778414 -1.2790893260910527 -1.2633949276315968 -1.2781435485666675 -1.8531919290798937 -1.361798034788286 -0.8074340642721948 -0.7768896530187112 -1.1726823348843596 -1.273687889715024 -1.2199100631753337 -1.1860564594528993 -1.261235990073143 -2.5233748684774993 -0.916061310306561 -1.299935007803588 -1.3571002424812677 -1.1181423589429145 -1.1887223655438806 -0.73804905391751 -0.7369379101534566 -0.7988301801733384 -0.7943455084926764 -0.7889289066581582 -1.246162480098972 -1.3108699754430186 -1.2121594198003438 -0.792094321441345 -0.8161029808985727 -0.928224180078338 -1.399400199120258 -0.9502439361090845 -1.336821742650659 -0.8176663087687654 -1.2008539418124122 -1.8082601525857251 -1.1384827924192096 -0.7715801726559669 -0.8163197438164291 -0.7961800612891564 -0.7818526248743809 -1.2235192944079343 -0.7882365418538578 -0.783157913653527 -1.2820072301268213 -1.87442986003372 -0.8250703904992052 -1.282628124575735 -1.18451626750724 -1.154535460074675 -1.212955662259772 -1.7606020276092378 -1.3309967076595375 -1.2733402617596443 -2.5631421752992454 -1.3413780822637502 -1.907918389279163 -1.3265843258098078 -0.7712528456486197 -0.7145598997414698 -0.7028466135710654 -0.7164699515984331 -0.7018157662595009 -0.7725024298108517 -0.7635918941842408 -0.7748192990583567 -0.8239790023732101 -0.8463769847610502 -0.8660211389059722 -0.836962823319205 -1.3480543342504034 -1.3600321515829743 -1.3611355586207583 -1.1398796624845677 -1.2030266144105164 -0.8088869814991059 -1.2417931641746698 -1.2685736446450242 -1.2617218317670762 -1.850043567106217 -1.7885818492135876 -1.7564053979381653 -1.7037185337594636 -1.149656895319954 -1.725160532927625 -1.2056994136293566 -1.7094054144009598 -1.8423908024519629 -1.2328525713390173
-0.8351052980403111 -1.3033312321531996 -1.2279472623139172 -0.8366290913948992 -0.8450254777915777 -1.7670471855638983 -1.1906670957340004 -0.7594177625033676 -0.7762630206007385 -0.7739182459453474 -1.8798354403367157 -1.885142797016594 -0.865976754594183 -1.2558960389165805 -1.2911896786239063 -1.2358862832413493 -0.7734036688945203 -1.1992043655086067 -1.167116556539529 -0.8200556399280335 -1.1459078195841692 -1.2442697847081015 -0.7609908432350354 -0.761449697419164 -0.794895476667471 -1.2059808452601395 -1.1670511982233212 -1.2108334102313032 -1.2462962801297943 -1.7757570050724716 -1.283010200210424 -1.2091917278600335 -1.3265420803982861 -1.3015815223516574 -1.8150456960327541 -2.4615963458877763 -2.4347865632095553 -1.286864981441942 -1.4380165500826823 -1.28876459580057 -1.1723404626481562 -1.2574398606218835 -0.7731569770624394 -1.3294885580268658 -1.258134254395738 -1.7696796193340716 -1.2650529982734124 -1.7953489244210732 -0.7490691294799694 -0.7723569894219705 -1.2585062330738064 -2.3975503893814705 -1.8933046245021001 -1.2850394020253872 -1.312604534429949 -1.192390790744193 -1.2486069727533056 -0.7937643795279563 -1.2057191069719926 -0.7774328021045072 -1.1720607983622142 -1.7462018068105105 -0.7847849122222907 -0.8075063220696584 -0.9921737155295283 -1.0136435586259052 -1.207659561847176 -0.9997678160754014 -1.1619858290724523 -1.0048829605504679 -0.8894086814696438 -0.7974413479778414 -1.1866904597373518 -1.2633949276315968 -1.2781435485666675 -1.2792004412245987 -1.3861997510601056 -0.799663785007884 -0.7768896530187112 -1.1726823348843596 -0.8102875336657361 -1.2514478451795965 -1.1860564594528993 -1.261235990073143 -2.488334050628787 -0.8924605517904468 -1.299935007803588 -1.3571002424812677 -1.1181423589429145 -1.2033285892821721 -0.73804905391751 -0.7369379101534566 -0.7988301801733384 -0.7943455084926764 -0.7889289066581582 -1.246162480098972 -1.3108699754430186 -1.266515193117909 -0.792094321441345 -0.8161029808985727 -0.928224180078338 -1.399400199120258 -0.9502439361090845 -1.3469496158915575 -0.8176663087687654 -1.2008539418124122 -1.773400367744609 -1.1384827924192096 -0.7715801726559669 -0.8105017794650031 -0.7961800612891564 -0.7708663582682945 -1.2235192944079343 -0.7999040652692598 -0.7756113151453884 -1.2526928223801213 -1.3030742468885754 -0.8390315067814599 -1.282628124575735 -1.18451626750724 -1.154535460074675 -1.212955662259772 -1.7769727700908116 -1.3648912153163115 -1.2733402617596443 -2.5631421752992454 -1.3413780822637502 -1.907918389279163 -1.3265843258098078 -0.7712528456486197 -0.7083799009261348 -0.7028466135710654 -0.7164699515984331 -0.7018157662595009 -0.7557672932741243 -0.7405265254049225 -0.757140848784373 -0.7946450775137531 -0.8463769847610502 -0.8660211389059722 -0.8495995813926647 -1.3480543342504034 -1.3600321515829743 -1.3790668255849803 -1.180619356774373 -1.2030266144105164 -0.8088869814991059 -1.2417931641746698 -1.2685736446450242 -1.2402738702125473 -1.850043567106217 -1.7885818492135876 -1.7564053979381653 -1.718004873672954 -1.1391876794919713 -1.725160532927625 -1.2056994136293566 -1.7094054144009598 -1.8423908024519629 -1.2328525713390173
-0.7888393394706413 -0.8215892508914345 -0.7688511212740754 -0.8263889945377616 -0.8264058121492669 -1.2378394018897556 -1.2472356697485698 -0.7556612933354209 -0.7590316518014859 -0.7423871735704287 -1.1951347463580995 -1.258169816540516 -0.7866862399814656 -0.7878438035506454 -1.3158570730746748 -0.7714210363098789 -0.7463057168172853 -1.1459510210014352 -1.11917533593163 -0.7597835362483635 -1.1677550063311621 -0.7293854198026011 -0.7334895719206489 -0.7491775197126711 -0.7979939327222944 -0.7978907290342304 -0.7829760914459867 -0.7940757806373507 -0.7635909018288014 -1.2260400611715567 -1.2024176540356946 -0.7549869018526406 -0.8395004245006882 -0.8553746417843519 -1.7911345368494227 -1.8354890016267313 -2.4347865632095553 -1.3064234342004644 -1.4609871356321824 -1.28876459580057 -0.7868527325111618 -1.2936393654118679 -0.7843433792880029 -1.3294885580268658 -1.2687543899290066 -1.7838299119544332 -1.233113707759581 -1.7953489244210732 -0.7125989558571184 -0.6970712417442938 -0.8058725912109946 -1.2439096874247164 -1.9282627242213148 -1.3319762261944983 -0.7508401980096601 -1.1801376243838042 -0.7827624400753926 -0.7585263689232671 -0.7474680802072341 -0.7552932857519157 -0.7503409925607002 -1.1986555931071778 -0.7567661235178296 -0.7529095720700113 -0.7711163890796389 -0.8037334551303902 -0.7916966546617366 -0.765109292622588 -0.7570139144588673 -0.782599071213379 -0.8396547978158524 -0.7378917335370865 -0.7601387763441846 -0.8187060004253773 -1.2769190774959722 -1.251266478741839 -1.2982557795147598 -0.8088309538004698 -0.7628602669068673 -0.7645079313982358 -0.8479501878752237 -0.8003431973054078 -0.7543051514126851 -0.8331084659101097 -2.4109323234991016 -0.9197859242259967 -1.2647243724696833 -1.3775202394745056 -0.7844526765822335 -1.2377260751175767 -0.8560805227053111 -1.1289394845118947 -0.7592412696038767 -0.7950094676003676 -0.7641667686211063 -1.2074638719828545 -0.7909937717974417 -1.2675675055883817 -0.8046405548055976 -0.8820415097191191 -0.9102245485611483 -1.374799036362967 -0.8521332665438015 -1.3454812560213316 -0.7962210686325536 -1.2664868787211145 -1.222134835256317 -0.7330346797479748 -0.7469233423586732 -0.7821570824466938 -0.7711934520868727 -0.7376850170904713 -0.7687336606305225 -0.7571808886386306 -0.7539968265307954 -0.7647201180621557 -1.1563397595240752 -0.8145560480417455 -0.7889621077650156 -1.2097149098141928 -0.7929092937774789 -0.7825462025753984 -0.7700974080240137 -1.2828562949360456 -0.850100789225471 -2.4698592182637027 -1.3496324949009257 -1.328726820491715 -1.2952401441175925 -0.7855434232132736 -0.7712256159868772 -0.8016803295482559 -0.7260691147041021 -0.6955644832486487 -0.7132792486793305 -0.7176857027387107 -0.7474874087452246 -0.784488004899548 -0.7845201170460532 -0.8544952555514402 -0.8264682243032904 -1.3203452974585126 -1.3712399653625615 -1.3763300396486184 -0.7533347575333416 -0.7844228878487605 -0.7923728060334306 -0.8067620838402831 -0.8475198244767147 -1.2556591637864756 -1.7451669917011599 -1.845790258887933 -1.2437097396023897 -1.8818944762446685 -1.3264107930012652 -1.2189074686415442 -1.2462950520351213 -1.1402445349182626 -1.8037988154125093 -1.2543666118440442
-0.7915618831599696 -0.8227661379293997 -0.7730970569432049 -0.7662796897268951 -0.7881574742234967 -0.7696989456185022 -0.792357587866134 -0.7480630383063487 -0.7505712682761836 -0.7476100288614558 -1.6930763510272806 -1.7577478952791623 -0.7629477064840017 -1.2477204597309353 -1.303947045829603 -0.7633009537119745 -0.710422107445705 -0.6925213484704893 -0.7017421434703771 -0.7265860030630483 -0.7580121800464428 -0.7310038146687794 -0.7197084962408166 -0.7411797765324376 -0.7633838483454282 -0.7581191177481607 -0.7658883937263874 -0.7900098434222745 -0.7874674105883377 -0.7824815618707325 -0.7765191766829025 -0.7638795331049374 -0.7671917868435119 -0.8154972440171783 -1.171093984395439 -1.2521766965861234 -1.781888326759943 -1.2457590515504953 -1.3322721206131471 -0.8424267522205569 -0.7956430995145689 -0.8173273637087155 -0.7613797991531905 -1.3534428662956428 -0.8073872593525978 -1.2204711827154622 -0.8064542103540703 -1.7953489244210732 -0.7475608844801069 -0.7440353767822941 -0.7353751136607872 -0.8079255596648803 -0.7893938123972747 -0.7635385193367092 -0.7835162191973091 -0.7604495579057027 -0.7673047280890363 -0.7696312225658568 -0.7601871351500523 -0.7565283723874567 -0.7883280110795088 -0.7700418714018877 -0.7814571168010901 -0.7529095720700113 -0.7752974078734203 -0.7921850750012422 -0.7814030591540889 -0.7732444879207246 -0.7659514480908886 -0.7740165330830251 -0.8205185470387111 -0.7191000836678954 -0.7654282820770145 -0.7926323998184638 -0.7573559164246549 -0.8096206896462687 -1.2543378137893224 -0.8098091014726976 -0.7603468630567018 -0.7571678658493406 -0.8081608783489407 -0.8150852971565433 -0.7485822873180679 -0.7935940604371896 -1.1606107059900626 -0.7532735010027575 -1.211008244521543 -1.2595712278691353 -0.7947554378410984 -0.8074213224511413 -0.8548361450157769 -1.1475021051566032 -0.8229628704257844 -0.8517183767296028 -0.8117048198479437 -0.8167471371601095 -0.8071408837151699 -0.901115981642888 -0.8182059409460771 -0.8377219929997954 -1.0066367932647138 -1.4031831645809925 -0.7828307205491708 -0.8229684564108424 -0.7883777091859325 -0.8562714137649196 -0.785251774023169 -0.8001953597255288 -0.7532954177582344 -0.7638506082775885 -0.7434040119963861 -0.7264570643962669 -0.7421342820623844 -0.7359953346059205 -0.7681048545184772 -0.7418558620865481 -0.7260815789989479 -0.7642314679456235 -0.7537890808140152 -0.7324967944833305 -0.7772046330530608 -0.819227890549116 -0.7960429244200546 -0.8190043028232191 -0.7891750988272934 -2.391321658357225 -0.8612106277974066 -1.2595649605818675 -0.802295542243037 -0.7921885036724228 -0.8040811648974806 -0.7739308714429776 -0.7655085645808223 -0.7388489603823816 -0.7587675725296696 -0.7366577494122466 -0.7610429017451017 -0.7750046232411446 -1.230806136299077 -0.7971993358967101 -0.8079382679453458 -1.2709684503285164 -0.8490398683726064 -0.8188879631750189 -0.803606447299175 -0.7859677744484799 -0.8188311123388387 -0.843911550187178 -0.8144127054941082 -0.8056385749528725 -1.2234878388490185 -1.2770973636580703 -1.1877609679679277 -0.8479973863008647 -0.8527238337440445 -1.2886326711253502 -1.2574740784438283 -0.7683977783243744 -0.8166833357691937 -0.8065727338915899
-0.7767674055803244 -0.8227661379293997 -0.7615467214580018 -0.803218930810531 -0.7745819287100039 -1.220185531140101 -0.8025483602413324 -0.7545549500876503 -0.7505712682761836 -0.7476100288614558 -1.6930763510272806 -1.7697402240451852 -0.7884801079298223 -1.2513670815047961 -1.3516935737299491 -0.7599327513444213 -0.7155502235907042 -0.6909571337933068 -1.1186151539142934 -0.7808603376629506 -1.2022218508944533 -0.7413910340495443 -0.7197084962408166 -0.7411797765324376 -0.7633838483454282 -0.7699184924406837 -0.7361223198172278 -0.7661488918976876 -0.7692035456852717 -0.7766847676628355 -0.7676512671399341 -0.7549869018526406 -0.8099688691540914 -0.8154972440171783 -1.7636613505763725 -1.2521766965861234 -1.7689645486112093 -1.2707001227671786 -1.3322721206131471 -0.8490742064881728 -0.7956430995145689 -0.8173273637087155 -0.7613797991531905 -1.3476873305084827 -1.2682835911309367 -1.7838299119544332 -1.2674602957294434 -1.801907252982649 -0.728317254789885 -0.7160472520479516 -0.7353751136607872 -0.8079255596648803 -1.263692022239348 -0.7753925510226565 -0.756738991774468 -0.7381329705467026 -0.7825585452321261 -0.7546541082500603 -0.7566417914978312 -0.7552932857519157 -0.7404709830359193 -0.7621207989313507 -0.7567661235178296 -0.7529095720700113 -0.7917396595974574 -0.7697060307684345 -0.7754173440533402 -0.7732444879207246 -0.7659514480908886 -0.7740165330830251 -0.8205185470387111 -0.727961113195312 -0.7411938324206057 -0.7962086833008758 -1.2215044856862063 -1.2502210443946074 -1.2435597119447181 -0.8003649255735007 -0.7603468630567018 -0.7463686200412084 -0.8081608783489407 -0.7950317491588701 -0.7470465592896357 -0.7935940604371896 -1.1804239151516027 -0.7193459907566147 -1.1888897995398313 -1.2507874841031754 -1.2220961087933289 -0.8156429707412703 -0.8440489767853968 -1.1106411413650414 -0.7867356295678776 -0.8423972181710464 -0.7804126216623929 -0.7532127887984117 -0.8071408837151699 -1.3421792109364545 -0.8182059409460771 -0.8589875330533854 -1.0066367932647138 -1.3705652429476383 -0.7888990825861822 -0.8340018990612286 -0.7912179461329953 -1.4231486951984522 -0.7791771008817495 -0.7920566840313905 -0.7440684241712113 -0.7715151656559565 -0.7639474506721635 -0.7118843708720763 -0.776373423246961 -0.7717390434599268 -0.7539968265307954 -0.7492756968088179 -1.1719192221667853 -0.8137476438823497 -0.7798876280560361 -0.7541635470068975 -0.7530621971267308 -0.7919792458212541 -0.7700974080240137 -0.8094992623979668 -0.8173894451876692 -2.4698592182637027 -1.3496324949009257 -1.3074910464906868 -0.802295542243037 -0.7813474210793527 -0.7925223314254816 -0.7642579675204684 -0.7622287677226418 -0.7483552026228281 -0.742737197323703 -0.7298206485476907 -0.7770428662664215 -0.8128827733854602 -1.2672096754261724 -0.869710240966164 -0.8066973434114526 -1.2709684503285164 -0.8490398683726064 -1.3215111397083015 -0.7771574418989228 -0.7956012162490174 -0.7791355160582725 -0.8215368202919443 -0.8305725543163026 -0.7996923850295027 -1.2519108455980508 -1.2602950517164728 -1.198374962808677 -0.8745029118971602 -0.8771554625491083 -1.2886326711253502 -1.203280091552808 -1.1646154602728638 -1.2394838283836513 -1.2543666118440442
-0.8169189732836772 -0.8180402910873511 -1.2345363776289013 -0.809261301993069 -0.7657172509398885 -0.7831736635641565 -0.785663499198294 -0.7594819936137026 -0.7682533720026822 -0.768606128175866 -1.171203628993713 -1.2571770198992753 -0.8227071860935524 -0.7634463588491965 -1.2494066042953964 -0.766038302437939 -0.7304671818357193 -0.715347613516294 -0.7210865056014748 -0.712969173346098 -0.7445724500356716 -0.7569266707111839 -0.7267814448549803 -0.7466915473749769 -0.7399649606284817 -0.7557204132994251 -0.7401643666792104 -0.7667186860949351 -0.7611900636464609 -0.7599239657960288 -0.773111300189111 -0.7625973992187751 -1.3372647651722407 -1.3129017796420268 -1.7991547581211342 -1.8609754348601497 -2.4715408252683515 -1.2916527527802608 -1.399275879594111 -1.328228734142157 -1.2418485990300303 -1.2812912652152337 -0.778315792189478 -1.3476873305084827 -1.8164377058190806 -1.7787104007556391 -1.3098413345403783 -1.801907252982649 -0.7178681157131859 -0.7248724749734011 -0.7697614000767572 -1.2065424202059938 -1.2588941317242035 -0.7821075425064163 -0.7537004140796496 -0.7769900056112041 -0.7501141865136928 -0.7581018958855634 -0.745499111593787 -0.7466646930456423 -0.7668214741760863 -0.7575988821634991 -0.7776482545247474 -0.758827197403831 -1.0284734824954969 -1.0105847659612555 -1.2161780468836283 -0.9898228979283638 -1.15850986758772 -1.0032699952907407 -0.8551219808454322 -0.7517401731797442 -1.1744314854089786 -1.2940859441974408 -1.228397451900267 -1.2699846463248416 -1.2364668582415037 -0.8217108843528818 -0.7878516544789542 -0.7581302569150178 -0.7939781429687136 -1.2610709988712419 -1.173346563063207 -0.8038996200569871 -1.7848052488001214 -0.7870091068568195 -1.2911124781945953 -1.3867214332062592 -1.2413236037427515 -0.8229532344035533 -0.801850976639348 -0.8996015666528113 -0.8159427913960242 -0.8517183767296028 -0.8195645910286763 -0.8013788479763756 -0.7834240511832304 -0.851501681918945 -0.7817014010241248 -0.8036491658814454 -0.9101565868721748 -1.262489776827023 -0.9118473581084992 -1.3274683549415551 -0.817829104310737 -0.9179215152458121 -0.8795942444811414 -0.7969809238445952 -0.7375697211561385 -0.777186181059849 -0.7601676283248987 -0.741173416747955 -0.7441594885324988 -0.7198745621793631 -0.7116601099477672 -0.7378631346655079 -0.7550473981120035 -0.7666579291053168 -0.8055026245017637 -0.7549448952543496 -0.7774554336808177 -0.7721214594096139 -0.7796615946260208 -0.8008157385164801 -0.8156482470540029 -2.447886210507599 -0.8786339258314552 -1.907918389279163 -0.8097424242667453 -0.803891325504904 -0.8040811648974806 -0.7850209421224855 -0.7698560345307577 -0.770601530238712 -0.7605033813203321 -0.7548037149975916 -0.7762580503490871 -0.8278888944276377 -0.8142669127801252 -0.8992643025828142 -0.8556831901621867 -1.3203452974585126 -1.384037084081014 -1.386851458767466 -0.7798096552450249 -0.7801032926020673 -0.8092491849780908 -0.8290197511112917 -0.8144127054941082 -0.8084230675037376 -1.259723485656234 -2.4613538397370065 -1.7660449008497707 -1.2870477588764704 -1.2919985025501668 -1.84798808252341 -1.2864781491127022 -1.7108350221670918 -1.32618115122115 -0.7934282622662375
-0.7713187060450031 -0.8180402910873511 -0.7737157980767638 -0.778352122048177 -0.7940305659821899 -0.7788250323539883 -0.7890692472151812 -0.7535678218734286 -0.7668767446161261 -0.7397520396365839 -1.1762926339775848 -1.1940838638535853 -0.7909875370374108 -0.7676911414568124 -1.229026316529408 -0.7496104049345398 -0.7201694338108567 -0.7051531612480109 -0.6905162397776511 -0.6982654866332931 -0.7716157896117621 -0.7250746706940908 -0.71636613726614 -0.7345889206076581 -0.739932443553271 -0.7687592031582691 -0.7542707822285867 -0.7801134030820979 -0.7635909018288014 -0.765078825906634 -0.7676512671399341 -0.7549869018526406 -0.8300716959097113 -0.7823784504809232 -1.7314340904951502 -1.2694027481138968 -2.4566385392091115 -1.2837339871201991 -1.4297331196596987 -1.319681079284508 -0.7868527325111618 -1.2812912652152337 -0.7843433792880029 -1.3476873305084827 -1.2687543899290066 -1.7838299119544332 -1.2519349648212181 -1.7953489244210732 -0.7368753369105067 -0.7178955336550054 -0.7927040052642333 -1.2296439025597445 -1.2665449513681377 -0.8196122231170552 -0.7868736931231313 -0.7769900056112041 -0.7539482443231543 -0.750124107725961 -0.767695240193062 -0.7810326535878216 -0.7781271652548847 -0.7700418714018877 -0.7567661235178296 -0.7458806876124277 -0.7779436069886783 -0.8037334551303902 -0.7983480582978407 -0.76860066494861 -0.762467298557983 -0.7872553110951205 -0.8385640804248702 -0.7318548197163487 -0.7749932083663505 -0.8427250305445848 -1.2724969396126615 -1.251266478741839 -1.280370527062442 -0.8163740856989937 -0.7529314523674583 -0.7581302569150178 -0.8030945443724654 -0.8012345330626639 -0.7595537777383085 -0.8331084659101097 -1.8267620400911133 -0.804037258742604 -1.2457249928026826 -1.3942534149423131 -1.252340565048158 -0.8074213224511413 -0.8579697959883134 -1.12904143094428 -0.8159427913960242 -0.8517183767296028 -0.8199697722892482 -0.8209841538327336 -0.7909937717974417 -0.8312819713278241 -0.8046405548055976 -0.8014960204506821 -0.903893040915331 -1.3627701289433471 -0.8720198677642687 -1.3274683549415551 -0.7955856988099865 -1.312696091508027 -0.8093386148398877 -0.7684785029033515 -0.7469233423586732 -0.7694842130110611 -0.7559540735482676 -0.7672907356686913 -0.7378332472658847 -0.7246434163212044 -0.7457487590068151 -0.7592743203222937 -0.7295686298971239 -0.7690353995623099 -0.7453819575815288 -0.7574474088453084 -0.7809370676393488 -0.7919792458212541 -0.7873565166619573 -0.8190043028232191 -0.8162003203055891 -2.391321658357225 -0.8612106277974066 -1.328726820491715 -0.802295542243037 -0.7921885036724228 -0.7801168443056328 -0.8035015058911892 -0.7584630790585949 -0.7547557592742766 -0.7457938055537575 -0.7197288400087907 -0.7396754389654505 -0.7660611679783293 -0.7798581354206454 -0.8638653976134837 -0.8177844437190575 -1.3203452974585126 -1.384037084081014 -1.3763300396486184 -0.7843704170677556 -0.8046931820570761 -0.8124362230039354 -0.7972911667779179 -0.799177495946534 -0.8084230675037376 -1.231387026264492 -2.48275626030072 -1.2280267539595315 -1.2932023249739908 -1.3348050956442519 -1.802964808608544 -1.29799936790911 -1.7734204624814562 -1.2539577431857396 -0.7822273241305875
-1.2670268800588556 -0.8639060390763146 -0.8397278145108115 -0.7935808938501252 -0.8266871815728899 -0.800254530498739 -0.7827811814248034 -0.7853843130913059 -0.7493155224439754 -0.7208889152195421 -0.6898411771622468 -0.7322538547434913 -0.7287584419440051 -0.7053975813522863 -1.2265625252426389 -0.7784277959035437 -0.7140778129777516 -0.7038513509177344 -0.747206287311799 -0.7296278179901059 -0.7250027715303764 -0.7321798140524257 -0.7316151667535891 -0.7467939547873668 -0.7635976156076429 -0.7785133635571825 -0.7913965767256976 -0.7957432080786648 -0.7817668011870992 -0.7622717660476449 -0.7844931309534697 -0.7594655526601791 -1.2439743228646465 -0.8409523922295782 -1.152020483015497 -1.2568470688661215 -1.7918569697796296 -1.87694883165055 -1.3862512321982712 -1.3027668495819014 -0.8475137730438916 -1.792337157531214 -0.7907845000930785 -1.335207091745551 -1.8339049126791405 -1.7838299119544332 -1.2573561892346838 -1.801907252982649 -0.7566802519713823 -0.7966173910167779 -0.787927211120471 -1.8144034731734529 -1.3334191580716448 -0.8938844460437944 -1.2466674530782802 -0.7940074346485255 -0.7672296910235824 -0.7696086428352172 -0.7799103424009182 -0.7763929678782039 -0.7963789357600609 -0.7801578512819238 -0.7913237260080924 -0.7476986134760432 -0.9038355769761539 -0.9078938375986929 -1.2666208049012861 -0.8834803564555559 -0.8183400019540278 -0.8880116103703541 -0.9472767766543693 -0.8377551487347433 -0.8172977455671189 -0.7974934901075029 -0.8250946357447082 -0.7951803862259995 -1.259829528068911 -0.7953042589591591 -0.7713346282704957 -0.7641377654548446 -0.790734693215917 -0.7684843499153172 -0.7628422417153182 -1.2765125994914206 -1.8992739479659306 -1.2734022212074325 -1.3727439222113085 -1.8856997299182843 -0.8056946155802097 -0.8025245693141186 -0.8377947213862117 -1.1475021051566032 -0.8175940239166327 -0.8483724765835012 -0.8359048987099421 -0.8258969272210651 -0.7517144237827983 -0.849264327865835 -0.8172635089324354 -0.7923361977284339 -0.8598958387992292 -1.3284026760754313 -0.9007137283007844 -1.3864830443573455 -0.7802299927161337 -1.2910077593571905 -1.081233929265035 -0.8949491055680383 -0.7413938838752496 -1.2008082995132194 -0.7737955598130123 -0.7738610317638799 -0.7332984930800313 -0.7203842429359832 -0.761353589978912 -0.7566493207954402 -0.7301610082736408 -0.7622880269245798 -0.7579631974948617 -0.7638105505161108 -0.8459059220215681 -0.811685057247311 -0.7802645321670238 -0.808018396370407 -0.8162003203055891 -2.379742163057496 -0.8612106277974066 -1.847545835364001 -0.7704910165956315 -0.7840197100182911 -0.7988595648879616 -0.793866449988466 -0.7787771865084037 -0.7778707818354788 -0.7683270130754727 -0.74413219635133 -0.7544531227780007 -0.8031028796887466 -0.8041966420895836 -0.8177969330670443 -1.3129910458548526 -0.8528076279150902 -2.007044778647303 -0.9334893781239242 -0.8000416398168917 -0.8030076600298602 -1.3013495673029463 -0.7910505678101875 -0.7862423932736946 -0.8136915844137486 -1.20320340913115 -1.8245908787957437 -1.2528851255660551 -1.5202614282390752 -1.3682953043199282 -1.2071345445382127 -1.2758270445903728 -1.2267235261574467 -0.7793049617083093 -0.8004946274433921
-1.3010429699935564 -0.8667083813134651 -0.8733186420676212 -0.8150611937101805 -0.839590764167245 -0.7992442222116433 -0.7606102991538545 -0.766771517520391 -0.7577443350877524 -0.716758343992429 -1.7763319811852223 -1.1794536965575344 -1.1917198816653825 -1.1654171150838672 -1.2550193017282336 -0.7437661395646942 -0.7311471260426732 -0.7051837390049053 -0.7497438726447705 -1.1820034649954119 -0.753239688441461 -0.713196827061551 -0.7352704442281575 -0.7407416488224436 -0.7694528299902681 -0.7858073059847829 -0.8092920281826408 -1.2488222104750328 -0.7997592382604279 -0.7992760498979428 -0.8016628684687723 -0.7765316419405444 -1.2643050986763167 -0.8135020917116506 -1.141999180635367 -1.2397068116916845 -1.2235288164760165 -1.2571131989967925 -1.3862512321982712 -0.8424267522205569 -0.8505802472321431 -1.2331714903769566 -0.7805219272100589 -1.3547670452212002 -1.8339049126791405 -1.7838299119544332 -1.2850774059564964 -1.7953489244210732 -0.7604352419937048 -0.7544793316756975 -0.7911887978684893 -1.254180128204877 -0.8070624514855826 -0.781369672567732 -1.2058280118309799 -0.7494011360103991 -0.7673047280890363 -0.7812924783115368 -0.7871856966605458 -0.7937237007755432 -0.8037537122714853 -0.7881528415683852 -0.7880315866016923 -0.753729585506043 -0.8969394297942118 -0.866109849015751 -0.8143179075612041 -0.9005221135189262 -0.8381023925409371 -0.8741507311953914 -0.8815906194204096 -0.7733799507969071 -0.782268049125244 -0.7359731008751915 -0.7932055070984012 -0.8132821862901983 -0.7961060188533938 -0.7377809255252687 -0.7537510015722766 -0.7647399256382453 -0.7745502710919315 -0.7569680603368328 -0.7609667904640278 -0.8024082706544566 -0.8604654854358309 -1.2958598693076655 -0.870236472372216 -1.6825708732522227 -0.7950139833701199 -0.8281463748094287 -0.8337321285885765 -1.1258614458771732 -0.8175940239166327 -0.8433690320697806 -0.8279443833857967 -0.8180736880424985 -1.2622866391145215 -1.8316707968150483 -0.8160236191315855 -0.8177136541025325 -0.8531737524126367 -0.8210499993165666 -0.8207556827543664 -0.8735449357832131 -0.8021418846734165 -1.3517323207285479 -1.081233929265035 -0.9093442505639456 -0.7731249223622269 -1.1860427991814 -0.7791949550498424 -0.762654466647429 -0.7610718983034054 -0.7268304533219692 -0.7780194492522534 -0.7636983309256743 -1.1489225145844264 -0.7650174667090677 -0.7755877396597795 -0.7590402204513682 -0.8074009411331192 -0.811685057247311 -0.8062429281616739 -0.8163101441567293 -1.2799669388888821 -2.379742163057496 -0.8479162073222261 -1.2595649605818675 -0.7809683787999682 -0.8015279183990682 -0.7876194753736168 -0.7844453346015836 -0.7787771865084037 -0.7683560384365965 -0.7956925906871891 -0.7563037125589984 -0.7929464288533127 -0.8118229308881947 -0.7661919384310447 -0.7785858837159779 -1.2227283800780704 -0.8239251666784257 -1.3412368850844696 -0.9334893781239242 -0.8105703951090647 -0.8179508782813526 -1.2743536741377641 -0.8192395689505325 -0.7958127537111063 -0.8056670293309646 -1.20320340913115 -1.2480614838026103 -1.1873354596787924 -1.0100017388294296 -0.8296603639806417 -0.7599520437162796 -0.778510478762582 -0.799820176279237 -0.8125174042051518 -0.8103708047536493
-1.3155082773384272 -0.8719059897784036 -0.8411314690858714 -0.7783229469489406 -0.8266871815728899 -0.7992442222116433 -0.7692131008814262 -0.7482509066660874 -0.7685114212255085 -0.7174725307594133 -1.7763319811852223 -1.1794536965575344 -1.1917198816653825 -1.188331303074839 -1.241250161618385 -0.7349705152723096 -0.7311471260426732 -0.7051837390049053 -0.7497438726447705 -1.1916801519436613 -0.753239688441461 -0.7223102557525698 -0.7352704442281575 -0.7511068522026004 -0.7694528299902681 -0.7858073059847829 -0.8092920281826408 -0.7923001884300491 -0.7997592382604279 -0.7992760498979428 -0.7926065325741262 -0.7765316419405444 -1.2643050986763167 -0.8135020917116506 -1.141999180635367 -1.2291857335881657 -1.212571739442373 -1.2571131989967925 -1.3195450784719627 -0.8424267522205569 -0.8505802472321431 -1.2331714903769566 -0.7805219272100589 -1.3490088486863312 -1.8339049126791405 -1.7838299119544332 -1.2804990751398437 -1.7953489244210732 -0.7848551679983835 -0.7615043459197915 -0.7911887978684893 -1.211496547580015 -0.7647075321748125 -0.7969331187435609 -1.2058280118309799 -0.7494011360103991 -0.7673047280890363 -0.7812924783115368 -0.7871856966605458 -0.7937237007755432 -0.7934220377904955 -0.7881528415683852 -0.7880315866016923 -0.7452266706461438 -0.8909107998600518 -0.8932849861982514 -0.8355475659486007 -0.9005221135189262 -0.8381023925409371 -0.8606695851840014 -0.8815906194204096 -0.7733799507969071 -0.782268049125244 -0.7779036060183102 -1.230105028825688 -0.8132821862901983 -1.2196733141838447 -0.7377809255252687 -0.7700299586158833 -0.7574899023382679 -0.7745502710919315 -0.7491260610619499 -0.7537776339943053 -0.7816364614455671 -0.8291227488409746 -1.1927972979267587 -0.8600658991587116 -1.6825708732522227 -0.7950139833701199 -0.8025245693141186 -0.8319958392063425 -1.1075903102157294 -0.8084359780121076 -0.826456428399758 -0.8279443833857967 -0.808083707234018 -0.7914879417534952 -1.8316707968150483 -0.8160236191315855 -0.8177136541025325 -0.942783583413162 -0.8210499993165666 -0.8207556827543664 -0.8859653033947776 -0.8021418846734165 -1.405223263394831 -1.1090781459604246 -0.9209181693300365 -0.7731249223622269 -1.1860427991814 -0.7791949550498424 -0.7537120668690578 -0.7610718983034054 -0.7192512087533787 -0.7780194492522534 -0.7636983309256743 -1.192157519711448 -0.7606708573562277 -0.7623408531629001 -0.7455588048455155 -0.7844958265005652 -0.811685057247311 -0.8062429281616739 -0.7736981809381908 -0.8162003203055891 -2.379742163057496 -0.8479162073222261 -1.2595649605818675 -0.7739704762422692 -0.8015279183990682 -0.7876194753736168 -0.7844453346015836 -0.7787771865084037 -0.7683560384365965 -0.8019023329444186 -0.7563037125589984 -0.7855565870304688 -0.8118229308881947 -1.2206988380766737 -0.7785858837159779 -1.212262264560887 -0.8239251666784257 -1.3412368850844696 -0.9334893781239242 -0.7912250953200257 -0.8179508782813526 -1.3013495673029463 -0.8096735377420488 -0.7958127537111063 -0.8056670293309646 -1.20320340913115 -1.2480614838026103 -1.2528761745953438 -1.0140024373731011 -0.8296603639806417 -0.7599520437162796 -0.778510478762582 -0.799820176279237 -0.8017615761919694 -0.8103708047536493
-1.3155082773384272 -0.8719059897784036 -0.8411314690858714 -0.7686629360966435 -0.8266871815728899 -0.7992442222116433 -0.7606102991538545 -0.7482509066660874 -0.7685114212255085 -0.7119894561045114 -1.7688504136792043 -1.1794536965575344 -0.7488079125780495 -1.188331303074839 -1.1846567335836227 -0.7349705152723096 -0.7178440941532231 -0.6999751024108635 -0.734171235878868 -0.7488735880395787 -0.7469963748974373 -0.7279935533765995 -0.7352704442281575 -0.7467797314539897 -0.7759560209511773 -0.7858073059847829 -0.7981317175018857 -0.7803815697933606 -0.7997592382604279 -0.8094296694724556 -0.7926065325741262 -0.7765316419405444 -1.2643050986763167 -0.8135020917116506 -1.141999180635367 -1.2397068116916845 -1.212571739442373 -1.8231386770510494 -1.3195450784719627 -0.8424267522205569 -0.8435282806412709 -1.2331714903769566 -0.7576330225290009 -1.3490088486863312 -1.2682835911309367 -1.7838299119544332 -0.8165154551216216 -1.7953489244210732 -0.7604352419937048 -0.7615043459197915 -0.8201684331955549 -1.2056008277130816 -0.8221735767895268 -0.8623300978385942 -1.2058280118309799 -0.7494011360103991 -0.7597668040635157 -0.7812924783115368 -0.7871856966605458 -0.7937237007755432 -0.7934220377904955 -0.7881528415683852 -0.7880315866016923 -0.7452266706461438 -0.8909107998600518 -0.8932849861982514 -0.8081680699114645 -0.8907843596721158 -0.8381023925409371 -0.8536011300665107 -0.8815906194204096 -0.7733799507969071 -0.8138761890178161 -0.7920622521744043 -1.2454267261351057 -0.7982510511487144 -1.7763918341568632 -0.7703972963354389 -0.7700299586158833 -0.7574899023382679 -0.7921612915236669 -0.7545701691235758 -0.7537776339943053 -0.7894986640743771 -0.8291227488409746 -1.2057316773489768 -1.3182413204406327 -1.741588219533217 -0.7950139833701199 -0.8025245693141186 -0.8319958392063425 -1.1075903102157294 -0.8084359780121076 -0.826456428399758 -0.8165097075605338 -0.818090337171209 -0.7914879417534952 -0.8056029032839876 -0.7782949490098536 -0.8177136541025325 -0.8531737524126367 -0.8446395480576802 -0.8140973801277033 -0.8813947384491665 -0.8021418846734165 -1.392173993801295 -1.1090781459604246 -0.9209181693300365 -0.7731249223622269 -1.1860427991814 -0.7791949550498424 -0.7424026152133375 -0.7546361702441768 -0.7192512087533787 -0.7780194492522534 -0.7636983309256743 -0.737490741380089 -0.7421449973349898 -0.7623408531629001 -0.7455588048455155 -0.7975724828309357 -0.811685057247311 -0.8062429281616739 -0.8075116759302616 -0.8162003203055891 -2.379742163057496 -0.8479162073222261 -1.2595649605818675 -0.7913726792078366 -0.7964226241368666 -0.7876194753736168 -0.793866449988466 -0.7631704095503116 -0.7616388676748664 -0.8019023329444186 -0.7563037125589984 -0.7855565870304688 -0.8118229308881947 -1.195991340015026 -0.8000264234382656 -1.212262264560887 -0.8239251666784257 -1.3412368850844696 -0.8809670887075346 -0.7912250953200257 -0.8179508782813526 -1.3013495673029463 -0.8096735377420488 -0.7958127537111063 -0.7969557949440541 -1.20320340913115 -1.2480614838026103 -1.2027507574383334 -1.022644518169763 -0.869723698530728 -0.77438444204815 -0.7917162372574803 -0.799820176279237 -0.8205983552803044 -0.8103708047536493
-1.329142902562857 -0.8787240496210241 -0.8347873956807158 -0.7815350414232196 -0.8266871815728899 -0.7908373673852341 -0.7781872369796841 -0.753150362395638 -0.7668862888961689 -0.7242603809176572 -0.7291693280905246 -0.7322538547434913 -0.7287584419440051 -0.7222989170026427 -1.1310239029555897 -0.7409408741950634 -0.7122610723104902 -0.705650805247411 -0.7471952255474461 -0.7277492279026596 -0.7250027715303764 -0.7321798140524257 -0.7492023029071259 -0.7467939547873668 -0.7759560209511773 -0.7967021714687259 -0.8092920281826408 -0.7957432080786648 -0.7997592382604279 -0.797503422627336 -0.7817093089278921 -0.7842854415130719 -1.2588114795214178 -0.8135020917116506 -1.164060975878888 -1.2568470688661215 -1.821109366964779 -1.87694883165055 -1.4074790213660344 -1.305590558587843 -0.8343983275558623 -1.792337157531214 -0.7805219272100589 -1.3476873305084827 -1.8339049126791405 -1.7838299119544332 -1.2804990751398437 -1.7953489244210732 -0.7624515934226155 -0.8038987891390165 -0.8014953570308508 -1.8144034731734529 -1.3349192222759652 -0.8997937066324516 -1.208041239667295 -0.7781857865354265 -0.7672296910235824 -0.776656560874181 -0.7871856966605458 -0.7937237007755432 -0.7747270870370759 -0.7718424348523478 -0.7819402011275483 -0.7452266706461438 -0.9038355769761539 -0.9328448579053711 -0.7999476081914283 -0.893168675170336 -1.304372083845333 -1.11945815540614 -0.9383961091849822 -0.8045552225953501 -0.849808222783882 -0.8017385425969676 -1.2718361480159088 -0.819382527664228 -1.7973561902223065 -0.776751401200135 -0.8010553872929395 -0.7641377654548446 -0.7768793369237402 -0.7534198558225103 -0.7638206425372187 -1.315562246570083 -1.9292082406077902 -1.264504139289528 -1.3727439222113085 -1.8856997299182843 -1.252677304333417 -0.8025245693141186 -0.8360530201476458 -0.8511744680623685 -0.8175940239166327 -0.826456428399758 -0.8279443833857967 -0.8360449032666875 -0.7529025142826014 -0.7835134148890402 -0.8102456977285131 -0.8022419139180585 -0.8598958387992292 -0.8537374869473869 -0.8888058074311462 -1.4033455619994402 -0.7855356172249788 -1.3528467359478864 -1.1090781459604246 -0.8949491055680383 -0.7666411758146897 -1.2008082995132194 -0.7861384172641743 -0.7648311241537601 -0.7407009656000176 -0.7269910566174119 -0.7780194492522534 -0.7648733151070454 -0.755982055900907 -0.7680203670785551 -0.7734851032744173 -0.7775106016006995 -0.8357770485021547 -0.811685057247311 -0.7963021150545457 -0.8169720723478332 -0.8331160336521876 -2.379742163057496 -0.8612106277974066 -1.847545835364001 -0.7805275496948788 -0.7867638956237845 -0.8370921466360267 -0.8212978071721253 -0.7747926010765516 -0.7778707818354788 -0.7683270130754727 -0.7563037125589984 -0.778911706972034 -0.8013073896088238 -0.7708324505792259 -0.8058592146747939 -1.2740146081995276 -0.8445379672713095 -1.9899425926026473 -0.9334893781239242 -0.7912250953200257 -0.8030076600298602 -1.2887830070946664 -0.7928284597046193 -0.7935314009555655 -0.8147494112500384 -1.18769024184376 -1.8215049691635679 -1.820682891722682 -1.4787189753881034 -1.325657648007193 -1.2332575294134218 -1.304175672588416 -1.2142324965509483 -0.8103648349204862 -0.8004946274433921
-1.3834169099842752 -0.8787240496210241 -0.8215566227396583 -0.7815350414232196 -0.8174359405994654 -0.800254530498739 -0.7844654090412461 -0.7619065400953284 -0.7668862888961689 -0.7133599999534413 -0.7190626338003131 -1.1226798154890276 -0.7287584419440051 -0.727039710475441 -0.7631351202671428 -0.7271948096372062 -0.7257538859294085 -0.705650805247411 -0.7277057996334092 -0.7277492279026596 -0.7315540732617585 -0.7447099457725761 -0.7459531925839785 -0.7467939547873668 -0.7715307426627609 -0.7906617274555809 -0.7827930395858977 -0.7821715073410924 -0.7997592382604279 -0.7903042149389446 -0.7962513469901235 -0.7842854415130719 -1.3216756914698704 -0.8934878118247344 -1.220967532691226 -1.8221669875310897 -1.7918569697796296 -1.8646560561392627 -1.4074790213660344 -1.8335162348774525 -1.3203322573903802 -1.812701041073544 -0.7805219272100589 -1.340020716635979 -1.8339049126791405 -1.7838299119544332 -1.2804990751398437 -1.7953489244210732 -0.7706421385915649 -0.7897963284597054 -0.845581222162081 -2.4492340796504606 -1.8858524056240704 -0.8997937066324516 -1.238326142551283 -0.8087475564092049 -0.7443175132462724 -0.776656560874181 -0.7628523641397946 -0.7575168169200209 -1.232242844401448 -0.7470227697759398 -0.7819402011275483 -0.7452266706461438 -1.1423180131879376 -1.1818112831471 -1.275346319754949 -1.1368499724015806 -1.8607745401403786 -1.125232874830116 -0.9383961091849822 -0.8238205510816121 -0.849808222783882 -0.820406023899458 -1.2718361480159088 -0.8465312093401537 -1.2374841717839715 -0.8018523190490202 -0.8291397222503959 -0.7819084839308819 -0.7582400346756065 -1.241755999259343 -0.7648851675993397 -1.3062000689072804 -1.350663473811886 -1.2826492217653755 -1.3512419821958126 -1.8249472732425642 -0.8056946155802097 -0.7864103069924886 -0.8504525017086251 -0.8854285660307268 -0.8363717964887035 -0.826456428399758 -0.8044887730211582 -0.8374529651371297 -0.7465260619049593 -0.7678323361005636 -0.8063474108623996 -0.7895334717093017 -0.8456681439454584 -0.8537374869473869 -0.9371168070847897 -1.4068982402321293 -0.778022961768722 -1.3229690409340167 -1.081233929265035 -0.8949491055680383 -0.7766482415322497 -1.2008082995132194 -0.8206929066949343 -0.7540048113354496 -0.7409933866100449 -0.7269910566174119 -0.7405255888920672 -0.7772968411032141 -0.7436544778570164 -0.7680203670785551 -0.7617031707007054 -0.7706627005875027 -0.8281787421352789 -0.8020988784446147 -0.8109903665150998 -0.8169720723478332 -0.8209793011084717 -2.379742163057496 -0.8612106277974066 -1.847545835364001 -0.7935356394468024 -0.8457673523164453 -0.8370921466360267 -0.8212978071721253 -0.8005414868023805 -0.7969575335696747 -0.7786253868765155 -0.7792931532826207 -0.7707763753258211 -0.8013073896088238 -0.8328192613328247 -0.8176140787141291 -1.2659743380984552 -1.29302672994246 -1.9899425926026473 -0.9107485689932777 -0.7910557842679692 -0.8030076600298602 -1.2887830070946664 -0.7910505678101875 -0.7771938038308921 -0.8063821612678985 -1.18769024184376 -1.8343186799608793 -1.7817090796791204 -1.4787189753881034 -1.325657648007193 -1.7933283809040974 -1.304175672588416 -1.2142324965509483 -1.3025306542617736 -0.7798970791557304
-1.3686007033714804 -0.8787240496210241 -0.8411683247369718 -0.7815350414232196 -0.8174359405994654 -0.800254530498739 -0.7844654090412461 -0.7754241858732429 -0.7668862888961689 -0.749378109253319 -0.6934756664084119 -0.7272071454152492 -0.7287584419440051 -0.727039710475441 -0.7860292327351296 -0.7409408741950634 -0.7257538859294085 -0.705650805247411 -0.7277057996334092 -0.7277492279026596 -0.7315540732617585 -0.7447099457725761 -0.7459531925839785 -0.7467939547873668 -0.7715307426627609 -0.7945051167818113 -0.7827930395858977 -0.7821715073410924 -0.7997592382604279 -0.7990563720630464 -0.7962513469901235 -0.7842854415130719 -1.3216756914698704 -0.8934878118247344 -1.220967532691226 -1.8221669875310897 -2.424686476215351 -1.8646560561392627 -1.4205942687599231 -1.2670163957218783 -1.3203322573903802 -1.812701041073544 -0.7805219272100589 -1.3457607467412083 -1.8339049126791405 -1.7838299119544332 -1.2804990751398437 -1.7953489244210732 -0.7381824908602143 -0.7915641309839202 -0.8343430971089405 -2.4492340796504606 -1.8858524056240704 -0.8997937066324516 -1.2561958539017073 -0.7866774793981361 -0.7443175132462724 -0.776656560874181 -0.7628523641397946 -0.7648810319882142 -1.232242844401448 -0.7351486297137002 -0.7753993421499396 -0.7568353160866108 -1.1251457795124409 -1.1697937079361065 -1.275346319754949 -1.1368499724015806 -1.8607745401403786 -1.125232874830116 -0.9251542333984201 -0.8041927594657466 -0.849808222783882 -0.8704930417163463 -1.2718361480159088 -0.8353809721609725 -1.8040828927443826 -0.8018523190490202 -0.8291397222503959 -0.7819084839308819 -0.7810483897937472 -1.284271486600367 -0.7648851675993397 -1.3203794291623432 -1.9097476603478665 -1.2826492217653755 -1.3512419821958126 -1.8856997299182843 -0.8102833824839583 -0.8025245693141186 -0.8612913256990936 -0.8854285660307268 -0.8363717964887035 -0.826456428399758 -0.8044887730211582 -0.8374529651371297 -0.7691274960201369 -0.7678323361005636 -0.8063474108623996 -0.7895334717093017 -0.8456681439454584 -0.8537374869473869 -0.9371168070847897 -1.4068982402321293 -0.7847941963662652 -1.3229690409340167 -1.1295464037263034 -0.8949491055680383 -0.7766482415322497 -1.2008082995132194 -0.8206929066949343 -0.7629495276272248 -0.7409933866100449 -0.7269910566174119 -0.7562897777294916 -0.7715052196715747 -0.7436544778570164 -0.7680203670785551 -0.7617031707007054 -0.7775106016006995 -0.8281787421352789 -0.8020988784446147 -0.8109903665150998 -0.8169720723478332 -0.8209793011084717 -2.379742163057496 -0.8612106277974066 -1.847545835364001 -0.7935356394468024 -0.794951420131111 -0.8168397860908938 -0.8212978071721253 -0.8005414868023805 -0.7969575335696747 -0.7683270130754727 -0.7563037125589984 -0.7542114747878752 -0.8663754987763279 -0.8424299518291316 -0.8176140787141291 -1.2659743380984552 -1.3369489955124148 -1.9899425926026473 -0.9334893781239242 -0.7826216027917295 -0.8030076600298602 -1.2887830070946664 -0.7910505678101875 -0.7771938038308921 -0.8063821612678985 -1.18769024184376 -1.845790258887933 -1.7817090796791204 -1.4787189753881034 -1.3365189733105176 -1.7933283809040974 -1.304175672588416 -1.1899614426294158 -1.3025306542617736 -0.7858170587275368
-1.254421146341266 -0.8787240496210241 -0.835123702084556 -0.7935808938501252 -0.8174359405994654 -0.800254530498739 -0.7844654090412461 -0.7754241858732429 -0.7668862888961689 -0.7705315134162972 -0.6740576436749789 -0.7272071454152492 -0.7287584419440051 -0.7188436747144628 -0.7366755359320859 -0.7483389019009258 -0.7257538859294085 -0.7148179789005223 -0.7317937823314289 -0.7420518886155422 -0.7315540732617585 -0.7702060346221529 -0.7532683589578903 -0.7467939547873668 -0.7759560209511773 -0.7759790445974211 -0.788024273390699 -0.7821715073410924 -0.7997592382604279 -0.7990563720630464 -0.7881988339854722 -0.7934047469802412 -1.3436534103605637 -0.9038072633327926 -1.2385837237605803 -1.8221669875310897 -2.4708739682660936 -1.8636633967904923 -1.4205942687599231 -1.8335162348774525 -1.3203322573903802 -1.792337157531214 -0.7805219272100589 -1.3457607467412083 -1.8339049126791405 -1.7838299119544332 -1.2804990751398437 -1.7953489244210732 -0.7381824908602143 -0.7481518212458361 -0.8188382261932973 -1.2279525011687706 -1.3119070943758795 -0.8713431789543554 -0.7899805797321746 -0.7866774793981361 -0.7443175132462724 -0.776656560874181 -0.75039541430291 -0.7648810319882142 -0.7848985742006732 -0.7687056364204132 -0.7847311755414984 -0.7568353160866108 -1.1163034511448902 -1.1554046985676432 -1.275346319754949 -1.1368499724015806 -1.8607745401403786 -1.125232874830116 -0.9047139142653168 -0.7864134259774592 -0.8387926301003309 -1.3018981030531944 -1.2718361480159088 -0.8353809721609725 -1.8040828927443826 -0.8018523190490202 -0.8401122188598021 -0.7819084839308819 -0.7943532206316803 -0.7852323941474382 -0.7648851675993397 -0.7925786827099573 -1.9097476603478665 -1.2826492217653755 -1.3512419821958126 -1.8856997299182843 -0.8102833824839583 -0.8218562352522154 -0.8612913256990936 -0.8854285660307268 -0.8175940239166327 -0.8357610981616143 -0.8117048198479437 -0.8276591657771896 -0.7977373776681359 -0.7678323361005636 -0.8063474108623996 -0.8085339970177507 -0.8533942870396415 -0.8537374869473869 -0.9371168070847897 -1.4068982402321293 -0.792551368800488 -1.3229690409340167 -1.1295464037263034 -0.9078738321140432 -0.7666411758146897 -1.2008082995132194 -0.8206929066949343 -0.7639562498903367 -0.7409933866100449 -0.7269910566174119 -0.7622799117964735 -0.7287328234890146 -0.7382123380945219 -0.757268691629473 -0.7617031707007054 -0.7775106016006995 -0.8178807623617704 -0.7820738774303652 -0.791256802792728 -0.8097175946054191 -0.8209793011084717 -2.379742163057496 -0.8612106277974066 -1.2804181690246434 -0.8090088267032801 -0.794951420131111 -0.8168397860908938 -0.8212978071721253 -0.8005414868023805 -0.7840962669849351 -0.7683270130754727 -0.7563037125589984 -0.7455544569325157 -0.7702349938091791 -0.8244365552111976 -0.8336847588123473 -1.3036879606970635 -1.360313870714238 -1.9899425926026473 -0.9334893781239242 -0.7930001815844664 -0.8179508782813526 -1.2661218461788213 -0.843911550187178 -0.8144127054941082 -0.8063821612678985 -1.20320340913115 -1.845790258887933 -1.7712374165971443 -1.4787189753881034 -1.3365189733105176 -1.7933283809040974 -1.304175672588416 -1.2267235261574467 -1.3025306542617736 -0.8107907737357286
-0.8017702686711211 -0.8158569733870541 -0.8020828878750063 -0.7887503492214637 -0.8065068716075325 -0.7840417488387436 -0.7860378541339165 -0.7480630383063487 -0.7583792484546924 -0.7349154241577406 -1.7700140826522706 -1.7697402240451852 -0.7770525720792794 -1.2513670815047961 -0.7792216855227647 -0.751008772464297 -0.7302681036030413 -0.6836320106737135 -0.6985891390708718 -0.7320542307171582 -0.7237527086315416 -0.7228318821767464 -0.750721689061321 -0.7454850565667 -0.7815613410945407 -0.7858412132957783 -0.795714169394702 -0.7900098434222745 -0.7915366553813533 -0.8109976980502456 -0.7826685164523808 -0.7810111583852473 -0.8039732337140945 -0.8014775195337518 -1.171093984395439 -1.2521766965861234 -1.7817791696086052 -1.7961336249953066 -1.343719496913586 -1.8335162348774525 -0.8024348061383018 -0.8268863914288632 -0.7644875724720337 -1.3457607467412083 -1.8164377058190806 -1.7747897192975248 -1.2431197640089366 -1.7953489244210732 -0.7358188793996245 -0.7320599904205023 -0.7827583696774159 -0.80958998908668 -0.7953744466380404 -0.8125513687627532 -0.8007840846683173 -0.7639685530979182 -0.7732320175921091 -0.7766792774379412 -0.7712553637045391 -0.7797273758794476 -0.7963789357600609 -0.7687056364204132 -0.7814571168010901 -0.7614378570661174 -0.7784288976071495 -0.824911299101946 -0.7825538056837246 -0.7808502913352776 -0.7760382085447738 -0.7672924571034598 -0.7898413857095441 -0.7191000836678954 -0.7458983277873873 -0.8060971019129919 -0.7558969477072043 -0.7923685214258344 -1.2569419123565215 -0.8006239718897077 -0.7539854374126748 -0.7696474400399476 -0.7885688794294518 -0.772106573278545 -0.7493362257377767 -0.7679259460541699 -1.1804239151516027 -0.7883741997366344 -1.3196757298160626 -1.335570006376187 -0.8078419548187027 -0.8156429707412703 -0.8639318391000138 -1.1475021051566032 -0.820871289750604 -0.8517183767296028 -0.8199697722892482 -0.8268228275556453 -0.8063740789651931 -0.8368983578031791 -0.7633570145514792 -0.8411711127978547 -0.9240508480792047 -0.7963979135078141 -0.7946149918731006 -0.9345007685270472 -0.8182209229744885 -0.9015750469473784 -0.8964090152547284 -0.8076934632734413 -0.7731249223622269 -0.7694842130110611 -0.7870713334224915 -0.7765589367207271 -0.7458649459503308 -0.7437354222704105 -0.7645295032011987 -0.7593259528533641 -0.7483142082576955 -0.7674701684061268 -0.7519580726907482 -0.7391160280991423 -0.7980898470649399 -0.8020988784446147 -0.802964411354538 -0.828036297050702 -0.8613806781540776 -2.391321658357225 -0.8612106277974066 -1.2595649605818675 -1.2850213325589461 -0.8046756656492097 -0.8283748433950066 -0.8215870499796308 -0.7932281958423506 -0.7581261936599633 -0.7469780771117623 -0.7530137753001531 -0.7770428662664215 -0.7836067250327311 -0.7550473006995863 -0.7798853440819288 -0.7963332546375522 -1.2554429047704132 -0.8377680910893985 -0.8994971304135616 -0.7861353891619118 -0.7934311668054215 -0.832502167416714 -0.843911550187178 -0.8144127054941082 -0.8144113308287877 -1.20320340913115 -1.2602950517164728 -1.257468850190391 -0.8469402160661221 -0.8913625996604263 -1.26324158059193 -1.2749083943587909 -0.7941352864297331 -1.305198422438781 -0.8005506158260101
-0.7915618831599696 -0.8180402910873511 -0.8135923051702032 -0.7887503492214637 -0.7942009386856667 -0.7757405576201156 -0.7951406918458075 -0.7529616692017872 -0.7761832496130346 -0.716545585140173 -1.1897746702892007 -1.2041939320685997 -0.7458931290710182 -0.7742324536604328 -0.7479617272225145 -0.7694244881317787 -0.7305340412739836 -0.6983069384991616 -0.7021617503776476 -0.7183673948037745 -0.7333393254185805 -0.7247677428919541 -0.7554288371661808 -0.754126851625681 -0.7750270505325034 -0.77222851573677 -0.8018165388021841 -0.7896868663089073 -0.8055453572933073 -0.7990563720630464 -0.8016628684687723 -0.7855916082257279 -0.8239801425851645 -0.8014775195337518 -1.2385837237605803 -1.2694027481138968 -2.4708739682660936 -1.8619264490996996 -1.3897355046872888 -1.8497380527051166 -0.7868527325111618 -1.8485201689770832 -0.7681606090494385 -1.3534428662956428 -1.8164377058190806 -1.7787104007556391 -1.3052200796190219 -1.7953489244210732 -0.7453630614959059 -0.73999015839601 -0.7710494515913601 -0.7565445236979658 -0.8302553845834967 -0.789184853201804 -0.7960717218187072 -0.7741836573472576 -0.7672296910235824 -0.7639858133082227 -0.7529100138962537 -0.7622677596356632 -0.7883280110795088 -0.7700418714018877 -0.7770462010200516 -0.7723218979641766 -1.045981510963404 -0.8302236778436449 -1.2386010915262988 -1.0079215043431162 -0.8067983312234426 -0.7867109019488029 -0.8396547978158524 -0.7396044749059297 -0.7550990813735408 -0.8415838074292438 -0.7829125973494505 -0.80397567036181 -1.2482549727119572 -0.8031446507419785 -0.7529314523674583 -0.7690427122226826 -0.7880582816217385 -0.7854890081182477 -0.7593396956506857 -0.8002711748292847 -1.2267337128888234 -0.7987110395493439 -1.3193284642524028 -1.4042726391539213 -0.7947554378410984 -0.8146838864636963 -0.8279014250430863 -1.1475021051566032 -0.8322265631845708 -0.8517183767296028 -0.8278810218227215 -0.8245622062969424 -0.7813513116546166 -0.7826685029229348 -0.7958515045067966 -0.8410388818009681 -0.8933550479516172 -0.8337224936070219 -0.8793546082803896 -1.387503752387429 -0.7867625239185744 -1.332547816534476 -0.8964090152547284 -0.7764570680481626 -0.761014224586067 -0.7694842130110611 -0.765311464160537 -0.777573561395142 -0.7240495877107617 -0.7475745630340696 -0.7645295032011987 -0.7585723059227019 -0.7446636394226224 -0.7701856366356881 -0.7550572823833296 -0.7617744528708912 -0.8084911493870247 -0.819227890549116 -0.802964411354538 -0.8190043028232191 -0.8010054868380562 -2.391321658357225 -0.8786339258314552 -1.2804181690246434 -0.8097424242667453 -0.7921885036724228 -0.7997754166314296 -0.844238944367381 -0.7883650748775676 -0.7835101967680086 -0.7780659270826886 -0.7530137753001531 -0.7711560793292067 -0.7948962671306506 -0.7744182242747232 -0.7925446625692185 -0.8056357626676147 -1.3187446514441492 -1.36924735721112 -0.8994971304135616 -0.801050208621031 -0.8046931820570761 -0.832502167416714 -0.8515239486742731 -0.8144127054941082 -0.8144113308287877 -1.233966759232464 -1.845790258887933 -1.2698112842547504 -1.2870477588764704 -1.338403143937378 -1.802964808608544 -1.311893784887415 -1.2292905378813277 -0.8064815393907503 -0.8005506158260101
-0.7915618831599696 -0.8096567853135671 -0.8135923051702032 -0.7887503492214637 -0.7942009386856667 -0.7757405576201156 -0.7881370459225402 -0.7529616692017872 -0.7761832496130346 -0.7200010935684666 -1.1897746702892007 -1.2041939320685997 -0.7579556150115304 -0.7742324536604328 -0.7479617272225145 -0.7618873102512536 -0.7305340412739836 -0.6983069384991616 -0.6981879609878079 -0.7183673948037745 -0.7292719569306547 -0.7247677428919541 -0.7554288371661808 -0.754126851625681 -0.7815613410945407 -0.7867980521971786 -0.7883639819202488 -0.7957432080786648 -0.8055453572933073 -0.7990563720630464 -0.8016628684687723 -0.7855916082257279 -0.8239801425851645 -0.8014775195337518 -1.1812493277592813 -1.2694027481138968 -1.8341672458947125 -1.8619264490996996 -1.3518093155853206 -1.8497380527051166 -0.7868527325111618 -1.2812912652152337 -0.7681606090494385 -1.3534428662956428 -1.8164377058190806 -1.7787104007556391 -1.3052200796190219 -1.7953489244210732 -0.7453630614959059 -0.73999015839601 -0.7570573151546487 -0.7869138129322282 -0.8302553845834967 -0.7770563365350522 -0.7887676338712816 -0.7741836573472576 -0.7672296910235824 -0.7639858133082227 -0.767695240193062 -0.7722582099354428 -0.776924308250491 -0.7700418714018877 -0.7770462010200516 -0.7723218979641766 -0.8131132501176175 -0.8352847358600461 -0.7918888471853385 -0.7820182264262667 -0.7794089521147929 -0.7867109019488029 -0.8396547978158524 -0.7336107642948306 -0.7798396993474379 -0.8251245778634252 -0.7761392633498496 -0.7658268681880531 -0.7919186066943076 -0.8113318722197549 -0.7529314523674583 -0.7690427122226826 -0.7978014664396512 -0.7854890081182477 -0.7593396956506857 -0.7857651132480792 -1.2267337128888234 -0.7987110395493439 -1.332698172497052 -1.350424061300012 -0.7947554378410984 -0.8146838864636963 -0.8279014250430863 -1.1475021051566032 -0.8322265631845708 -0.8517183767296028 -0.8278810218227215 -0.8346996791939322 -0.7813513116546166 -0.814852138940817 -0.8215418028587552 -0.8410388818009681 -0.8933550479516172 -0.8337224936070219 -0.8793546082803896 -1.3963687875959045 -0.7867625239185744 -1.3198203347479618 -0.90372565355608 -0.7764570680481626 -0.761014224586067 -0.7694842130110611 -0.765311464160537 -0.777573561395142 -0.7240495877107617 -0.7514234083627972 -0.746100672640689 -0.7642992908462776 -0.7446636394226224 -0.7634486370647265 -0.7550572823833296 -0.7617744528708912 -0.8084911493870247 -0.8021585514105305 -0.802964411354538 -0.828036297050702 -0.8010054868380562 -2.391321658357225 -0.8786339258314552 -1.2804181690246434 -0.827663355637948 -0.8098153335876578 -0.7997754166314296 -0.844238944367381 -0.7883650748775676 -0.7684882374796451 -0.7780659270826886 -0.7530137753001531 -0.7711560793292067 -0.7948962671306506 -0.7482825229459387 -0.7744378499828374 -0.8056357626676147 -1.3187446514441492 -1.36924735721112 -0.8994971304135616 -0.801050208621031 -0.8046931820570761 -0.832502167416714 -0.8267090414278133 -0.799177495946534 -0.8144113308287877 -1.233966759232464 -1.8552584309394533 -1.3035993905177983 -1.2870477588764704 -1.3573122373239954 -1.802964808608544 -1.311893784887415 -1.2292905378813277 -0.8064815393907503 -0.7859432718759779
-0.7809690109360483 -0.8096567853135671 -0.8135923051702032 -0.7887503492214637 -0.7942009386856667 -0.7757405576201156 -0.7881370459225402 -0.7529616692017872 -0.7761832496130346 -0.7200010935684666 -1.1720354486034035 -1.2164255559949535 -0.7579556150115304 -0.7803056703381522 -0.7479617272225145 -0.7618873102512536 -0.7389478507728999 -0.6983069384991616 -0.6981879609878079 -0.7183673948037745 -0.7292719569306547 -0.7303245365672766 -0.7447367487080138 -0.7466915473749769 -0.7750270505325034 -0.7867980521971786 -0.7883639819202488 -0.8078145776376076 -0.8055453572933073 -0.8063074927925116 -0.8016628684687723 -0.7855916082257279 -0.8239801425851645 -0.7748766992318732 -1.1812493277592813 -1.260027328981012 -1.8341672458947125 -1.8619264490996996 -1.3518093155853206 -1.8497380527051166 -0.7868527325111618 -1.2812912652152337 -0.7681606090494385 -1.3534428662956428 -1.8164377058190806 -1.7787104007556391 -1.3106943641727384 -1.7953489244210732 -0.7537000716537331 -0.7347640341928893 -0.7468431007888358 -0.7587990793032828 -0.7734667229818096 -0.7770563365350522 -0.7887676338712816 -0.7741836573472576 -0.7614592889242123 -0.7639858133082227 -0.767695240193062 -0.7910456646036069 -0.7956540025787345 -0.7811301078393877 -0.7890948538712378 -0.7723218979641766 -0.8131132501176175 -0.7976881746822719 -0.8009704403433257 -0.7820182264262667 -0.7794089521147929 -0.7867109019488029 -0.8314159646643129 -0.7336107642948306 -0.7749932083663505 -0.798508183299747 -0.7877528385399367 -0.7605049425170968 -0.7919186066943076 -0.7824732632587165 -0.7529314523674583 -0.7690427122226826 -0.7978014664396512 -0.7907725762447703 -0.7593396956506857 -0.8066083940133116 -1.1758345297899937 -0.7987110395493439 -0.8572301476015762 -1.350424061300012 -0.7947554378410984 -0.8146838864636963 -0.8279014250430863 -1.1475021051566032 -0.8322265631845708 -0.8517183767296028 -0.8278810218227215 -0.8245622062969424 -0.7909937717974417 -0.814852138940817 -0.8215418028587552 -0.8410388818009681 -0.903893040915331 -0.8337224936070219 -0.8519003464400132 -1.387503752387429 -0.8033857098098105 -1.3366884128399736 -0.8964090152547284 -0.7764570680481626 -0.761014224586067 -0.7694842130110611 -0.765311464160537 -0.777573561395142 -0.7334891191461692 -0.7475745630340696 -0.746100672640689 -0.7642992908462776 -0.7446636394226224 -0.7713163267559144 -0.7550572823833296 -0.7617744528708912 -0.8084911493870247 -0.819227890549116 -0.802964411354538 -0.8190043028232191 -0.8010054868380562 -2.391321658357225 -0.8786339258314552 -1.2804181690246434 -0.8173739435955228 -0.8098153335876578 -0.7997754166314296 -0.844238944367381 -0.7883650748775676 -0.7684882374796451 -0.7780659270826886 -0.762576618239524 -0.7711560793292067 -0.7851559842863863 -0.7525402941425396 -0.7744378499828374 -0.8056357626676147 -0.8463382567548743 -1.36924735721112 -0.8911857464208572 -0.801050208621031 -0.8150994268420623 -0.832502167416714 -0.8267090414278133 -0.8056473201889973 -0.8144113308287877 -1.233966759232464 -1.8552584309394533 -0.8306130109177959 -1.3189038811308538 -1.3573122373239954 -1.2414555816405324 -0.8395673725776652 -1.2159836512167832 -0.7713793968269469 -0.7859432718759779
-0.7809690109360483 -0.8096567853135671 -0.8128101071888767 -0.7887503492214637 -0.8065068716075325 -0.7799109684424986 -0.7790871137969406 -0.7480630383063487 -0.7662434117674543 -0.758055165050717 -1.836897061688183 -1.7842191551732953 -0.7785375093014609 -1.2579074180567387 -1.2805725268694388 -0.7558038870088752 -0.7458039490074976 -0.6828490629460369 -0.6986534962983088 -0.7320542307171582 -0.7437766244211365 -0.7228318821767464 -0.7549587812784718 -0.7454850565667 -0.7815613410945407 -0.7759926851054921 -0.7883639819202488 -0.8020244793484439 -0.7915366553813533 -0.8183189150784365 -0.8016628684687723 -0.7855916082257279 -0.8039732337140945 -0.7748766992318732 -1.1875018094521335 -1.242865239459697 -1.2235288164760165 -1.244436636761944 -1.3063971124480476 -0.8017513817383105 -0.8024348061383018 -0.8173273637087155 -0.774136116342657 -1.3457607467412083 -1.8164377058190806 -1.7838299119544332 -1.2682996818054744 -1.7953489244210732 -0.7537000716537331 -0.7400204271048708 -0.7827583696774159 -0.7853659199301338 -0.7780916759066987 -0.7911318183181522 -0.7818029662267096 -0.7595880077133397 -0.7732320175921091 -0.7766792774379412 -0.7806221542305964 -0.7986337423684468 -0.7956540025787345 -0.7728078252787425 -0.7814571168010901 -0.7606241536383569 -0.8100913140462344 -0.7683145929664986 -0.8201212598822315 -0.7887745312050904 -0.7760382085447738 -0.7736967198936063 -0.7974372255770187 -0.7191000836678954 -0.7513540432035647 -0.7798847521687555 -0.7492802811988487 -0.7869251340697905 -0.7850878389216072 -0.7760881897526501 -0.7539854374126748 -0.7696474400399476 -0.790976278900058 -0.7846230654967091 -0.7405090179544732 -0.7679259460541699 -0.7402332320760033 -0.7859744423359369 -0.7947120321192579 -1.2804754589928116 -0.7947554378410984 -0.8156429707412703 -0.8639318391000138 -1.1475021051566032 -0.8229628704257844 -0.8517183767296028 -0.8199697722892482 -0.8268228275556453 -0.8071408837151699 -0.8196100169388417 -0.7728359684087623 -0.8411711127978547 -0.9240508480792047 -0.8247615728535609 -0.7724412189679024 -0.8874571267582871 -0.8033857098098105 -0.9015750469473784 -0.8964090152547284 -0.8001953597255288 -0.7731249223622269 -0.7638506082775885 -0.7870713334224915 -0.7765589367207271 -0.737773033863897 -0.7274122322293225 -0.746100672640689 -0.7650567274725626 -0.7483142082576955 -0.7674701684061268 -0.7519580726907482 -0.7391160280991423 -0.7980898470649399 -0.819227890549116 -0.812291186036905 -0.818493128889282 -0.8177176624373865 -2.391321658357225 -0.8479162073222261 -1.2595649605818675 -0.8203972926231664 -0.8224819362268095 -0.8241297330670619 -0.8215870499796308 -0.7806167010218998 -0.760152168121823 -0.7711568350045895 -0.7530137753001531 -0.7859410865863665 -0.7836067250327311 -1.2059933565470349 -0.7687558024142263 -0.7503394044033967 -0.8080825042078639 -0.8377680910893985 -0.8994971304135616 -0.7945943846239236 -0.8150994268420623 -0.832502167416714 -0.8192395689505325 -0.8056473201889973 -0.8144113308287877 -1.20320340913115 -1.2683559291205075 -0.7986167776676546 -0.8367667105458833 -0.8553708877954352 -0.7942857132153404 -0.810930829165247 -0.7838432936637358 -0.7998115208172237 -0.7918933716255537
-0.775500805940691 -0.8010286783912458 -0.8551389049864944 -0.8134430658057354 -0.8136396691585404 -0.7590138944126693 -0.7970203259677523 -0.7470816192890942 -0.7565337681106196 -0.7627362125376935 -1.1979120836728245 -1.2226851445404243 -0.7579556150115304 -0.7803056703381522 -1.2337562802165842 -0.747879893012742 -0.7468424671990558 -0.6896996917497429 -0.6895970399199063 -0.7357923479453681 -0.7164636382895265 -0.7352018002179204 -0.7358758551840329 -0.7352246668927486 -0.7791616923639038 -0.7996499158159608 -0.7984340637906087 -0.8078145776376076 -0.7997592382604279 -0.7794764478519569 -0.8016628684687723 -0.8018045510941957 -0.7809819487680909 -0.7748766992318732 -1.1977310345065926 -1.242865239459697 -1.2274868375017718 -1.290306360152154 -1.3518093155853206 -1.2809023265337758 -0.7743560805534694 -1.2989641892991293 -0.7644875724720337 -1.3534428662956428 -1.8339049126791405 -1.7838299119544332 -1.2859225337644422 -1.8052121913285533 -0.7844478466194753 -0.8024137099688347 -0.7975246023290122 -1.2296439025597445 -1.2872720399454858 -0.8214538280520267 -0.7835170306758101 -0.7756796966858096 -0.7614592889242123 -0.776656560874181 -0.767695240193062 -0.7986337423684468 -1.2374304698168614 -0.7860070171398281 -0.7874311957271214 -0.767091390883926 -0.8062621473875007 -0.7957987526527978 -0.786747139324993 -0.7830420132710096 -0.7921373630005865 -0.8060178420686895 -0.8428890963935751 -0.7488072552329693 -0.7988435605256241 -0.8346181767743105 -0.8031249546951729 -0.7869251340697905 -0.8075489724618419 -0.7760881897526501 -0.7550803233097074 -0.7754812140693552 -0.7839199839274401 -0.7972584118731648 -0.7363271907042384 -1.242146388642713 -1.2354422021560152 -0.8024373787610162 -0.8285569994927884 -1.3707481430337503 -0.8009817799207916 -0.8074213224511413 -0.8688688363145165 -1.1258614458771732 -0.8512179190039226 -0.8357610981616143 -0.8199697722892482 -0.8254095111250711 -0.7775829511344113 -0.7738195222639128 -0.8046405548055976 -0.8619061760944767 -0.8449854416207102 -0.8219678216322689 -0.8021649834793985 -1.387503752387429 -0.8033857098098105 -1.3316580804272309 -0.8899513597729474 -0.7764570680481626 -0.7666411758146897 -0.7694842130110611 -0.7924643285240591 -0.7990547507168848 -0.7458649459503308 -0.7465091023064319 -0.746100672640689 -0.811978596703572 -0.7375270906635749 -0.7835237903052806 -0.7555894314266801 -0.7708842987308625 -0.8363103024051816 -0.811685057247311 -0.8239974422332059 -0.808018396370407 -0.8010054868380562 -2.391321658357225 -0.8612106277974066 -1.847545835364001 -0.8025787398198316 -0.8098153335876578 -0.8059027325815525 -0.8224638247834744 -0.8072998004750739 -0.7672973460606249 -0.7711568350045895 -0.7681137687469325 -0.7641078484919506 -0.7731443422786961 -0.7860236334686955 -0.7744378499828374 -0.7471192531158839 -0.8284406331874731 -1.36924735721112 -0.8911857464208572 -0.7842020716570705 -0.8001901701825276 -0.8227601175628824 -0.7910505678101875 -0.7835464846458204 -0.8148714246199527 -1.18769024184376 -1.8552584309394533 -0.8252628213555143 -1.3150405894918835 -1.3849693809097328 -0.8147701234184223 -0.8395673725776652 -0.7657476226149733 -0.7713793968269469 -0.7677107909115151
-0.775500805940691 -0.8010286783912458 -0.787319374026092 -0.7767529406680117 -0.8009956226998133 -0.7590138944126693 -0.7881370459225402 -0.7470816192890942 -0.7565337681106196 -0.7627362125376935 -1.2037575632336313 -1.2226851445404243 -0.7579556150115304 -0.7803056703381522 -1.2337562802165842 -0.747879893012742 -0.7468424671990558 -0.6973919605240672 -0.6935369535719285 -0.7290582511578771 -0.7164636382895265 -0.7352018002179204 -0.730217348033609 -0.7352246668927486 -0.7791616923639038 -0.8054925377800101 -0.805845406169613 -0.8078145776376076 -0.7997592382604279 -0.7794764478519569 -0.8016628684687723 -0.8018045510941957 -0.807333411627556 -0.7748766992318732 -1.1977310345065926 -1.260027328981012 -1.7918569697796296 -1.290306360152154 -1.3518093155853206 -1.319681079284508 -0.7743560805534694 -1.2989641892991293 -0.7644875724720337 -1.3534428662956428 -1.8339049126791405 -1.7838299119544332 -1.2859225337644422 -1.8052121913285533 -0.795810501771603 -0.8128750099941549 -0.8050620638517777 -1.2452234513868203 -1.3074230719722364 -0.8287775963190218 -0.7835170306758101 -0.7756796966858096 -0.7614592889242123 -0.776656560874181 -0.7807804063939632 -0.7986337423684468 -1.229826908195939 -0.7860070171398281 -0.7874311957271214 -0.767091390883926 -0.8062621473875007 -0.7957987526527978 -0.786747139324993 -0.7830420132710096 -0.7921373630005865 -0.8060178420686895 -0.8428890963935751 -0.7488072552329693 -0.788260328639778 -0.8098591115025393 -0.8031249546951729 -0.7869251340697905 -0.8075489724618419 -0.7760881897526501 -0.7628602669068673 -0.7690427122226826 -0.7839199839274401 -0.8160171312302456 -0.7363271907042384 -1.242146388642713 -1.2084234689501794 -0.8175971882945758 -0.8285569994927884 -1.3707481430337503 -0.8009817799207916 -0.8074213224511413 -0.8688688363145165 -1.1258614458771732 -0.8512179190039226 -0.8357610981616143 -0.8199697722892482 -0.834682813467164 -0.7775829511344113 -0.7628646110052074 -0.8046405548055976 -0.8234536135348935 -0.8449854416207102 -0.8219678216322689 -0.8338332479988488 -1.3274683549415551 -0.8033857098098105 -1.3316580804272309 -0.8899513597729474 -0.7764570680481626 -0.7666411758146897 -0.7694842130110611 -0.7869062893699399 -0.7990547507168848 -0.7458649459503308 -0.7465091023064319 -0.7543513485647342 -0.8058371926032756 -0.7275896420653035 -0.7883440494109143 -0.7555894314266801 -0.7708842987308625 -0.8363103024051816 -0.811685057247311 -0.8145836348584106 -0.8213711392998204 -0.8159633482244225 -2.391321658357225 -0.8612106277974066 -1.847545835364001 -0.8025787398198316 -0.8428915429911046 -0.8059027325815525 -0.8224638247834744 -0.8072998004750739 -0.7672973460606249 -0.7711568350045895 -0.7681137687469325 -0.7641078484919506 -0.7731443422786961 -0.7903644965307612 -0.7744378499828374 -0.7471192531158839 -0.810475009580129 -1.36924735721112 -0.8911857464208572 -0.7842020716570705 -0.8001901701825276 -0.8227601175628824 -0.7910505678101875 -0.7985870267047585 -0.8148714246199527 -1.18769024184376 -1.8552584309394533 -0.8252628213555143 -1.2827209075389434 -1.3573974077388136 -0.8147701234184223 -0.8395673725776652 -0.7657476226149733 -0.7823745308746141 -0.7550717492521251
-0.775500805940691 -0.8010286783912458 -0.8064000063284011 -0.7767529406680117 -0.8009956226998133 -0.7590138944126693 -0.7881370459225402 -0.7470816192890942 -0.7565337681106196 -0.7551586832809856 -1.2037575632336313 -1.2226851445404243 -0.7579556150115304 -0.7803056703381522 -1.2407474156057392 -0.7780299100531338 -0.7337059845388637 -0.6973919605240672 -0.6935369535719285 -0.7290582511578771 -0.7281878128731274 -0.7352018002179204 -0.7407687773369277 -0.7352246668927486 -0.7742831756353785 -0.8054925377800101 -0.805845406169613 -0.8078145776376076 -0.7997592382604279 -0.7794764478519569 -0.8016628684687723 -0.8105068052686252 -0.807333411627556 -0.7748766992318732 -1.1977310345065926 -1.260027328981012 -1.7918569697796296 -1.290306360152154 -1.3518093155853206 -1.319681079284508 -0.7868527325111618 -1.2989641892991293 -0.7644875724720337 -1.3534428662956428 -1.8339049126791405 -1.7838299119544332 -1.2859225337644422 -1.8052121913285533 -0.7758854482391356 -0.8079540369553495 -0.8157937767753072 -1.2296439025597445 -1.2817391123898896 -0.8287775963190218 -0.7835170306758101 -0.7756796966858096 -0.7614592889242123 -0.776656560874181 -0.767695240193062 -0.7986337423684468 -1.229826908195939 -0.7860070171398281 -0.7874311957271214 -0.767091390883926 -0.8062621473875007 -0.7957987526527978 -0.786747139324993 -0.7830420132710096 -0.7921373630005865 -0.8060178420686895 -0.8428890963935751 -0.7488072552329693 -0.788260328639778 -0.8346181767743105 -0.8031249546951729 -0.7869251340697905 -0.8075489724618419 -0.7760881897526501 -0.7628602669068673 -0.7690427122226826 -0.7978014664396512 -0.8094321280571142 -0.7308153584208428 -1.242146388642713 -1.2713084287912602 -0.8175971882945758 -0.8285569994927884 -1.3707481430337503 -0.8009817799207916 -0.8074213224511413 -0.8688688363145165 -1.1258614458771732 -0.8512179190039226 -0.8357610981616143 -0.8199697722892482 -0.834682813467164 -0.7775829511344113 -0.7628646110052074 -0.7925295244847689 -0.8321502353408433 -0.8348848689176173 -0.8219678216322689 -0.8338332479988488 -1.3274683549415551 -0.7867625239185744 -1.3316580804272309 -0.8899513597729474 -0.7764570680481626 -0.7666411758146897 -0.7694842130110611 -0.7869062893699399 -0.7990547507168848 -0.7415493253376861 -0.7465091023064319 -0.7543513485647342 -0.8058371926032756 -0.7275896420653035 -0.7883440494109143 -0.7733644525801441 -0.7708842987308625 -0.8363103024051816 -0.811685057247311 -0.8145836348584106 -0.808018396370407 -0.8010054868380562 -2.391321658357225 -0.8612106277974066 -1.847545835364001 -0.8100273289064883 -0.8098153335876578 -0.8059027325815525 -0.8224638247834744 -0.8072998004750739 -0.7672973460606249 -0.7711568350045895 -0.7681137687469325 -0.7641078484919506 -0.7827864178213383 -0.7898943370401957 -0.7744378499828374 -0.7471192531158839 -0.8284406331874731 -1.36924735721112 -0.8911857464208572 -0.7842020716570705 -0.8001901701825276 -0.8227601175628824 -0.815173251267704 -0.8055084091325603 -0.8148714246199527 -1.18769024184376 -1.8552584309394533 -0.8252628213555143 -1.2739567891077777 -1.3725132922273362 -1.2827589573457332 -0.8395673725776652 -0.7657476226149733 -0.7713793968269469 -0.7692983892463996
-0.775500805940691 -0.8010286783912458 -0.8233818748858868 -0.7767529406680117 -0.8009956226998133 -0.7716387645623335 -0.7881370459225402 -0.7470816192890942 -0.7565337681106196 -0.7551586832809856 -1.2037575632336313 -1.2104211869528245 -0.7579556150115304 -0.7742324536604328 -1.2407474156057392 -0.7780299100531338 -0.7337059845388637 -0.6973919605240672 -0.6935369535719285 -0.704674981118997 -0.7258581024079864 -0.7252357761515887 -0.7407687773369277 -0.7411939279208039 -0.7742831756353785 -0.7867980521971786 -0.8119982051918918 -0.8008768759796951 -0.7997592382604279 -0.7794764478519569 -0.8016628684687723 -0.8105068052686252 -0.807333411627556 -0.7748766992318732 -1.1977310345065926 -1.260027328981012 -1.7918569697796296 -1.290306360152154 -1.3518093155853206 -1.319681079284508 -0.7868527325111618 -1.2989641892991293 -0.7644875724720337 -1.3534428662956428 -1.8339049126791405 -1.7838299119544332 -1.2781855731990022 -1.8052121913285533 -0.7557044738422154 -0.7921662564337755 -0.8157937767753072 -1.2668836248221151 -1.2817391123898896 -0.8287775963190218 -0.7835170306758101 -0.7756796966858096 -0.7614592889242123 -0.776656560874181 -0.767695240193062 -0.7986337423684468 -1.2559785739690983 -0.7801578512819238 -0.7874311957271214 -0.767091390883926 -0.8062621473875007 -0.8086611917900381 -0.7794272221716207 -0.7741389038052873 -0.7838322852097667 -0.8060178420686895 -0.8428890963935751 -0.7488072552329693 -0.788260328639778 -0.8199959278630783 -0.7913626824711573 -0.7753060874272721 -0.8075489724618419 -0.7824732632587165 -0.7529314523674583 -0.7690427122226826 -0.7897637508189651 -0.8094321280571142 -0.7585790278571912 -1.2674364956951978 -1.2713084287912602 -0.8262434638221812 -0.8285569994927884 -1.3707481430337503 -0.8009817799207916 -0.8074213224511413 -0.8548051191825857 -1.1475021051566032 -0.8512179190039226 -0.8357610981616143 -0.8199697722892482 -0.834682813467164 -0.7775829511344113 -0.7628646110052074 -0.7925295244847689 -0.8321502353408433 -0.8348848689176173 -0.8219678216322689 -0.8338332479988488 -1.3274683549415551 -0.7867625239185744 -1.3022303121603782 -0.8899513597729474 -0.7764570680481626 -0.7666411758146897 -0.7694842130110611 -0.7869062893699399 -0.7990547507168848 -0.7458649459503308 -0.7465091023064319 -0.7543513485647342 -0.8058371926032756 -0.7471983446844154 -0.7713163267559144 -0.7630011485756558 -0.7708842987308625 -0.8363103024051816 -0.811685057247311 -0.8145836348584106 -0.808018396370407 -0.8010054868380562 -2.391321658357225 -0.8612106277974066 -1.847545835364001 -0.8100273289064883 -0.8098153335876578 -0.8059027325815525 -0.8224638247834744 -0.8072998004750739 -0.7695994418220421 -0.7711568350045895 -0.7593081877914376 -0.7711560793292067 -0.7827864178213383 -0.7898943370401957 -0.7589032363418128 -0.7828638493159699 -0.8284406331874731 -1.36924735721112 -0.8911857464208572 -0.7842020716570705 -0.8001901701825276 -0.8227601175628824 -0.815173251267704 -0.8055084091325603 -0.8148714246199527 -1.18769024184376 -1.8552584309394533 -0.8252628213555143 -1.2399849223650392 -1.3573122373239954 -1.267949651996497 -0.8395673725776652 -1.1924886195558646 -0.7713793968269469 -0.7692983892463996
-0.775500805940691 -0.8010286783912458 -0.8233818748858868 -0.7887503492214637 -0.8009956226998133 -0.7716387645623335 -0.7881370459225402 -0.7470816192890942 -0.7565337681106196 -0.7494817863708823 -1.1850088224513688 -1.2104211869528245 -0.7579556150115304 -0.7742324536604328 -0.7795679737201864 -0.7694244881317787 -0.7337059845388637 -0.6973919605240672 -0.6935369535719285 -0.704674981118997 -0.7258581024079864 -0.7252357761515887 -0.7454521510801896 -0.7411939279208039 -0.7644008014533152 -0.7867980521971786 -0.8018165388021841 -0.8078145776376076 -0.7997592382604279 -0.7982110815707554 -0.8016628684687723 -0.8105068052686252 -0.807333411627556 -0.7748766992318732 -1.1812493277592813 -1.260027328981012 -1.7918569697796296 -1.290306360152154 -1.3518093155853206 -1.319681079284508 -0.7868527325111618 -1.2812912652152337 -0.7644875724720337 -1.3534428662956428 -1.8339049126791405 -1.7838299119544332 -1.2781855731990022 -1.8052121913285533 -0.7557044738422154 -0.7921662564337755 -0.8157937767753072 -1.2668836248221151 -1.2980090052103719 -0.8521834343048309 -0.7835170306758101 -0.7822109745963788 -0.7614592889242123 -0.776656560874181 -0.767695240193062 -0.7986337423684468 -0.7978423392872519 -0.7801578512819238 -0.7874311957271214 -0.767091390883926 -0.7972278611328716 -0.8086611917900381 -0.7794272221716207 -0.7741389038052873 -0.7838322852097667 -0.8060178420686895 -0.8428890963935751 -0.7488072552329693 -0.7999651266401446 -0.8043834087665303 -0.7913626824711573 -0.7753060874272721 -0.8075489724618419 -0.7824732632587165 -0.7529314523674583 -0.7690427122226826 -0.7978014664396512 -0.8094321280571142 -0.7585790278571912 -0.8066083940133116 -1.257345704087193 -0.8262434638221812 -0.8285569994927884 -1.3707481430337503 -0.8009817799207916 -0.8074213224511413 -0.8548051191825857 -1.1475021051566032 -0.8322265631845708 -0.8517183767296028 -0.8278810218227215 -0.834682813467164 -0.7775829511344113 -0.7793644276910019 -0.7994472093642667 -0.8321502353408433 -0.8803480210980537 -0.8219678216322689 -0.8338332479988488 -1.3274683549415551 -0.7867625239185744 -1.2896441037965651 -0.8899513597729474 -0.7764570680481626 -0.7666411758146897 -0.7694842130110611 -0.7869062893699399 -0.7990547507168848 -0.7458649459503308 -0.7387911017202816 -0.7543513485647342 -0.8058371926032756 -0.7471983446844154 -0.7713163267559144 -0.7630011485756558 -0.7708842987308625 -0.8363103024051816 -0.811685057247311 -0.7930500666162855 -0.808018396370407 -0.8010054868380562 -2.391321658357225 -0.8612106277974066 -1.847545835364001 -0.8173739435955228 -0.8098153335876578 -0.8059027325815525 -0.8224638247834744 -0.7932281958423506 -0.7695994418220421 -0.7711568350045895 -0.7593081877914376 -0.7711560793292067 -0.7948962671306506 -0.7898943370401957 -0.7744378499828374 -0.7970885001795416 -0.8284406331874731 -1.36924735721112 -0.8911857464208572 -0.7842020716570705 -0.8001901701825276 -0.832502167416714 -0.815173251267704 -0.8181875386961971 -0.8148714246199527 -1.20320340913115 -1.8552584309394533 -0.8508477627057636 -1.2399849223650392 -1.325657648007193 -1.267949651996497 -0.8395673725776652 -1.2292905378813277 -0.7713793968269469 -0.7837727198084223
-0.775500805940691 -0.8010286783912458 -0.8233818748858868 -0.7887503492214637 -0.8009956226998133 -0.7716387645623335 -0.7881370459225402 -0.7470816192890942 -0.7565337681106196 -0.7633620059656875 -1.182831811361154 -1.2041939320685997 -0.7579556150115304 -0.7742324536604328 -1.1921712192517209 -0.7694244881317787 -0.7337059845388637 -0.6967948651588947 -0.6935369535719285 -0.718183499829884 -0.7218475881077697 -0.715202524610618 -0.7522261449224008 -0.7352246668927486 -0.7757399623379184 -0.7867980521971786 -0.7944294420343635 -0.8078145776376076 -0.7997592382604279 -0.7982110815707554 -0.8016628684687723 -0.7855916082257279 -0.8239801425851645 -0.7748766992318732 -1.1812493277592813 -1.260027328981012 -1.8341672458947125 -1.290306360152154 -1.3727917196968793 -1.319681079284508 -0.7868527325111618 -1.2812912652152337 -0.7644875724720337 -1.3534428662956428 -1.8339049126791405 -1.7838299119544332 -1.2781855731990022 -1.8052121913285533 -0.7557044738422154 -0.7501552663414339 -0.8157937767753072 -1.2296439025597445 -1.2980090052103719 -0.8406454882963315 -0.7835170306758101 -0.7822109745963788 -0.7614592889242123 -0.7639858133082227 -0.767695240193062 -0.7986337423684468 -0.7978423392872519 -0.7881528415683852 -0.7968578528235292 -0.7614378570661174 -0.7972278611328716 -0.8086611917900381 -0.8179409712628585 -0.7741389038052873 -0.7838322852097667 -0.8060178420686895 -0.823611283280999 -0.7488072552329693 -0.7999651266401446 -0.8043834087665303 -0.8031249546951729 -0.7869251340697905 -0.8075489724618419 -0.7824732632587165 -0.7529314523674583 -0.7690427122226826 -0.7978014664396512 -0.8094321280571142 -0.7585790278571912 -0.8066083940133116 -1.257345704087193 -0.827457197892213 -0.8285569994927884 -1.3707481430337503 -0.8009817799207916 -0.8074213224511413 -0.8780579176255876 -1.1475021051566032 -0.8322265631845708 -0.8357610981616143 -0.8278810218227215 -0.8448995756788137 -0.7775829511344113 -0.7793644276910019 -0.8116268801789991 -0.8321502353408433 -0.8803480210980537 -0.8219678216322689 -0.8338332479988488 -1.3361516361226424 -0.7867625239185744 -1.3115775169577057 -0.8899513597729474 -0.7764570680481626 -0.761014224586067 -0.7694842130110611 -0.7869062893699399 -0.7879000073207655 -0.7415493253376861 -0.7387911017202816 -0.7662105472197517 -0.7666347168575036 -0.7295686298971239 -0.7780992543149768 -0.7733644525801441 -0.7572622251483925 -0.8459059220215681 -0.811685057247311 -0.812291186036905 -0.828036297050702 -0.8010054868380562 -2.391321658357225 -0.8612106277974066 -1.2804181690246434 -0.8173739435955228 -0.8224819362268095 -0.8059027325815525 -0.831727287789934 -0.8072998004750739 -0.7695994418220421 -0.7711568350045895 -0.7593081877914376 -0.7711560793292067 -0.7849356831793307 -0.7785460389466653 -0.7744378499828374 -0.7970885001795416 -0.8352718300969085 -1.36924735721112 -0.8911857464208572 -0.7945943846239236 -0.8150994268420623 -0.832502167416714 -0.8192395689505325 -0.8209622073761932 -0.8148714246199527 -1.20320340913115 -1.8552584309394533 -0.8306130109177959 -1.2739567891077777 -1.3573122373239954 -1.2414555816405324 -0.853432413065457 -1.2546251300552045 -0.7897478574095375 -0.7935137895878633
-0.7855729250234939 -0.8074880015377941 -0.8185034884851663 -0.7887503492214637 -0.7942009386856667 -0.7716387645623335 -0.7881370459225402 -0.7470816192890942 -0.7565337681106196 -0.7633620059656875 -1.182831811361154 -1.2164255559949535 -0.7579556150115304 -0.7803056703381522 -1.1803135970530967 -0.7694244881317787 -0.73186812980558 -0.6967948651588947 -0.6895970399199063 -0.7117425416478793 -0.7164636382895265 -0.7303245365672766 -0.7522261449224008 -0.7466915473749769 -0.7757399623379184 -0.7867980521971786 -0.7944294420343635 -0.8078145776376076 -0.8055453572933073 -0.7982110815707554 -0.7906839470248991 -0.7855916082257279 -0.8239801425851645 -0.7748766992318732 -1.1977310345065926 -1.260027328981012 -1.8341672458947125 -1.2797955658799718 -1.3727917196968793 -1.305590558587843 -0.7868527325111618 -1.2812912652152337 -0.774136116342657 -1.3534428662956428 -1.8339049126791405 -1.7838299119544332 -1.2781855731990022 -1.8052121913285533 -0.7438763062061345 -0.7501552663414339 -0.7925786240528915 -1.1921565169034962 -1.224162755783956 -0.8073177731035611 -0.7835170306758101 -0.7697642043124577 -0.7672296910235824 -0.7639858133082227 -0.7584319606720007 -0.7986337423684468 -0.8037537122714853 -0.7797811604335709 -0.7847311755414984 -0.767091390883926 -0.7902894699986992 -0.7971060131576229 -0.8179409712628585 -0.7741389038052873 -0.7838322852097667 -0.7932215502725397 -0.823611283280999 -0.7318548197163487 -0.7749932083663505 -0.8043834087665303 -0.7877528385399367 -0.7869251340697905 -0.8075489724618419 -0.7824732632587165 -0.7529314523674583 -0.7690427122226826 -0.7897637508189651 -0.8019891951492266 -0.7585790278571912 -0.8066083940133116 -1.257345704087193 -0.8182605977744115 -0.8285569994927884 -1.3707481430337503 -0.8009817799207916 -0.8074213224511413 -0.8780579176255876 -1.1475021051566032 -0.8322265631845708 -0.8517183767296028 -0.8278810218227215 -0.8346996791939322 -0.7909937717974417 -0.7628646110052074 -0.8116268801789991 -0.8410388818009681 -0.8803480210980537 -0.8219678216322689 -0.8338332479988488 -1.3361516361226424 -0.7867625239185744 -1.3411060449107424 -0.8899513597729474 -0.7764570680481626 -0.7666411758146897 -0.7694842130110611 -0.777831967648617 -0.777573561395142 -0.7320394456866711 -0.7387911017202816 -0.7662105472197517 -0.7666347168575036 -0.7295686298971239 -0.7780992543149768 -0.7630011485756558 -0.7572622251483925 -0.8084911493870247 -0.8020988784446147 -0.812291186036905 -0.828036297050702 -0.8177176624373865 -2.391321658357225 -0.8612106277974066 -1.2804181690246434 -0.8173739435955228 -0.8224819362268095 -0.8239852090926545 -0.831727287789934 -0.7932281958423506 -0.7695994418220421 -0.7711568350045895 -0.7593081877914376 -0.7711560793292067 -0.7849356831793307 -0.759336525686015 -0.7744378499828374 -0.7970885001795416 -0.8352718300969085 -1.36924735721112 -0.8994971304135616 -0.7945943846239236 -0.8150994268420623 -0.832502167416714 -0.8192395689505325 -0.8056473201889973 -0.8229551192426142 -1.2234878388490185 -1.8552584309394533 -0.8306130109177959 -1.2739567891077777 -1.3573122373239954 -1.2414555816405324 -0.853432413065457 -1.2292905378813277 -0.7897478574095375 -0.8065727338915899
-0.7855729250234939 -0.8074880015377941 -0.8146727762486856 -0.7887503492214637 -0.7942009386856667 -0.7716387645623335 -0.7881370459225402 -0.7470816192890942 -0.7668767446161261 -0.7633620059656875 -1.182831811361154 -1.2164255559949535 -0.7686734908445869 -0.7803056703381522 -1.1803135970530967 -0.7694244881317787 -0.73186812980558 -0.6891071695727292 -0.6895970399199063 -0.7117425416478793 -0.7238502719602823 -0.7303245365672766 -0.7522261449224008 -0.7466915473749769 -0.7757399623379184 -0.7867980521971786 -0.7944294420343635 -0.8078145776376076 -0.8055453572933073 -0.7982110815707554 -0.7906839470248991 -0.8018045510941957 -0.8239801425851645 -0.7748766992318732 -1.1977310345065926 -1.260027328981012 -1.8341672458947125 -1.2797955658799718 -1.3727917196968793 -1.305590558587843 -0.7868527325111618 -1.2812912652152337 -0.774136116342657 -1.3534428662956428 -1.8339049126791405 -1.7838299119544332 -1.2781855731990022 -1.8052121913285533 -0.7336444295052116 -0.7421212938949758 -0.7925786240528915 -0.7775823408690462 -1.224162755783956 -0.7564916503522185 -0.7589183952214372 -0.7697642043124577 -0.7614592889242123 -0.7639858133082227 -0.7584319606720007 -0.7986337423684468 -0.8037537122714853 -0.7797811604335709 -0.7814571168010901 -0.767091390883926 -0.7902894699986992 -0.7971060131576229 -0.8179409712628585 -0.7741389038052873 -0.7794089521147929 -0.7932215502725397 -0.81547414726752 -0.7318548197163487 -0.7749932083663505 -0.8043834087665303 -0.7877528385399367 -0.7869251340697905 -0.8213010206022399 -0.7824732632587165 -0.7529314523674583 -0.7690427122226826 -0.7897637508189651 -0.8019891951492266 -0.7585790278571912 -0.8066083940133116 -1.257345704087193 -0.827457197892213 -0.8397660779298941 -1.350424061300012 -0.8141347736747184 -0.8074213224511413 -0.8506901623832206 -1.1475021051566032 -0.820871289750604 -0.8517183767296028 -0.8278810218227215 -0.8346996791939322 -0.7909937717974417 -0.7718314593882377 -0.8116268801789991 -0.8321502353408433 -0.8803480210980537 -0.8219678216322689 -0.8338332479988488 -1.3361516361226424 -0.8013975415285309 -1.3411060449107424 -0.8899513597729474 -0.7764570680481626 -0.761014224586067 -0.7694842130110611 -0.777831967648617 -0.777573561395142 -0.7415493253376861 -0.7387911017202816 -0.7578948949180802 -0.7725784644102116 -0.7295686298971239 -0.7780992543149768 -0.7550572823833296 -0.7572622251483925 -0.8084911493870247 -0.8020988784446147 -0.812291186036905 -0.828036297050702 -0.8456497139577173 -2.391321658357225 -0.8612106277974066 -1.2804181690246434 -1.2951466119299455 -0.8224819362268095 -0.8239852090926545 -0.831727287789934 -0.7720710996467682 -0.7599811670353551 -0.7592182298833193 -0.7593081877914376 -0.7711560793292067 -0.7849356831793307 -0.759336525686015 -0.7589032363418128 -0.7609110628199409 -0.8279163513413392 -1.36924735721112 -0.8911857464208572 -0.7861353891619118 -0.8037425481819415 -0.832502167416714 -0.8192395689505325 -0.8056473201889973 -0.8229551192426142 -1.2234878388490185 -1.8552584309394533 -0.8306130109177959 -1.2739567891077777 -1.3573122373239954 -1.2414555816405324 -0.853432413065457 -1.2292905378813277 -1.2456114770061149 -0.8065727338915899
-0.7910877717367872 -0.8161611569145353 -0.807972381642964 -0.77355386247933 -0.8065068716075325 -0.7799109684424986 -0.7790871137969406 -0.7480630383063487 -0.7583579252192726 -0.7720408301299037 -1.836897061688183 -1.8148284778908983 -0.7894468932907692 -1.2579074180567387 -1.2805725268694388 -0.7558038870088752 -0.7252835328579879 -0.6873776825008567 -0.6907692727428195 -0.7253434104895277 -0.7330970682203614 -0.7155679219142015 -0.7221957932673111 -0.7411797765324376 -0.7857189385086897 -0.7759926851054921 -0.7934325128604857 -0.8020244793484439 -0.7915366553813533 -0.8101442027180288 -0.7906839470248991 -0.8018045510941957 -0.8039732337140945 -0.7748766992318732 -1.1875018094521335 -1.242865239459697 -1.2067015784002288 -1.2341141226201466 -1.3063971124480476 -1.305590558587843 -0.7956430995145689 -0.8268863914288632 -0.774136116342657 -1.3457607467412083 -1.8164377058190806 -1.7838299119544332 -1.2484639400313666 -1.8052121913285533 -0.7418930470589277 -0.7421516214013364 -0.7962011052948015 -0.8079255596648803 -0.8273624142251845 -0.7469118285617627 -0.7572402573215624 -0.753183106284754 -0.7732320175921091 -0.7766792774379412 -0.7712553637045391 -0.7986337423684468 -0.8037537122714853 -0.7797811604335709 -0.7814571168010901 -0.767091390883926 -0.7873232098734775 -0.7981475827526592 -0.7946418620178419 -0.7808502913352776 -0.7760382085447738 -0.7736967198936063 -0.7819236827527237 -0.7191000836678954 -0.7513540432035647 -0.7798847521687555 -0.7708823008372521 -0.7869251340697905 -0.7985901437991033 -0.7760881897526501 -0.7539854374126748 -0.7696474400399476 -0.8038974204884028 -0.7957825898427646 -0.7405090179544732 -0.7679259460541699 -0.7402332320760033 -0.7847487563873108 -0.8321317202787507 -1.2598050512321188 -0.8141347736747184 -0.8156429707412703 -0.8639318391000138 -1.1475021051566032 -0.8116894484545671 -0.8517183767296028 -0.8199697722892482 -0.8268228275556453 -0.8071408837151699 -0.8196100169388417 -0.7728359684087623 -0.8411711127978547 -0.8643187346049315 -0.8130886493354474 -0.7621808433096703 -0.840692993701167 -0.8182209229744885 -0.9015750469473784 -0.8964090152547284 -0.8001953597255288 -0.7731249223622269 -0.7638506082775885 -0.7709371418371138 -0.7522263780449834 -0.7458649459503308 -0.7387911017202816 -0.7578948949180802 -0.7650567274725626 -0.733941833635332 -0.772921771262182 -0.7519580726907482 -0.7391160280991423 -0.7980898470649399 -0.8020988784446147 -0.812291186036905 -0.818493128889282 -0.8456497139577173 -2.391321658357225 -0.8479162073222261 -1.2595649605818675 -1.2853926266760602 -0.8224819362268095 -0.8488091926015218 -0.8215870499796308 -0.7802421143218758 -0.7440002227385911 -0.7592182298833193 -0.7593081877914376 -0.7859410865863665 -0.7737397387521632 -1.2059933565470349 -0.7532974753373285 -0.7503394044033967 -0.783124338060272 -0.8377680910893985 -0.8994971304135616 -0.7861353891619118 -0.8037425481819415 -0.832502167416714 -0.8192395689505325 -0.8056473201889973 -1.2771230941053768 -1.20320340913115 -1.2683559291205075 -0.7986167776676546 -0.8524498479975602 -0.8866975192287379 -0.8008805358872827 -0.810930829165247 -0.7941352864297331 -1.258718146967746 -0.7918933716255537
-0.8024512135091897 -0.8079128425472285 -0.8013191076895158 -0.7877900961429986 -0.78727469364289 -0.7873215192514275 -0.7890692472151812 -0.7470816192890942 -0.7748209433713953 -0.7695126278095128 -1.1937990090970447 -1.2321004706385374 -0.7654153941081412 -0.7753593981974224 -1.1921712192517209 -0.758523275032174 -0.7436322317545487 -0.7099369178471335 -0.7075497507472425 -0.7407716793186794 -0.7238502719602823 -0.7403378124329723 -0.7173688917820352 -0.7480875503098012 -0.779378380521271 -0.7870724138621834 -0.7975613230414269 -0.8078145776376076 -0.8113411050269156 -0.8054179057842973 -0.8016628684687723 -0.7926219619974426 -0.8048454313675245 -0.7641976275727789 -1.1977310345065926 -1.242865239459697 -1.2740441872353623 -1.213369764570855 -1.3897355046872888 -1.8497380527051166 -0.7868527325111618 -1.2812912652152337 -0.7681606090494385 -1.3476873305084827 -1.8339049126791405 -1.7838299119544332 -1.3198838915871303 -1.801907252982649 -0.7515011159711372 -0.7721035646844727 -0.7892705959126122 -0.7705298840255024 -1.21269908276934 -0.7592388042624119 -0.7677713578642535 -0.7756796966858096 -0.7614592889242123 -0.7685715013223289 -0.7807804063939632 -0.7991744824047219 -0.8037537122714853 -0.7940413034672912 -0.7890948538712378 -0.7606241536383569 -0.7887281963577943 -0.7971060131576229 -0.782681603472671 -0.7799307925368536 -0.786697024648272 -0.7820567846580494 -0.786340295339113 -0.7318548197163487 -0.768121587832397 -0.7802143088270159 -0.7673026278296442 -0.7777040720794688 -0.8075489724618419 -0.7684953527264016 -0.7668215607795619 -0.7754812140693552 -0.8029718754337235 -0.7534811242197249 -0.7650133948528549 -0.7871768074435802 -1.2084234689501794 -0.8115186950232766 -0.8412584925471257 -0.8711881410044564 -0.7947554378410984 -0.8074213224511413 -0.8415823448846661 -1.1475021051566032 -0.8322265631845708 -0.8517183767296028 -0.8278810218227215 -0.8250617348012194 -0.7955756027710787 -0.7991030149973023 -0.8129631998961796 -0.8709946392334387 -0.8462573839396949 -0.7840279144053042 -0.8021649834793985 -1.2438754506064056 -0.8033857098098105 -1.3732236189699807 -0.8899513597729474 -0.7764570680481626 -0.761014224586067 -0.775220338885947 -0.7592212572955465 -0.7685148779509785 -0.7458649459503308 -0.7473647427411906 -0.757873143945011 -0.7642992908462776 -0.7490173187251421 -0.7718425644718127 -0.7476973954702257 -0.7572622251483925 -0.8178807623617704 -0.811685057247311 -0.812291186036905 -0.8324735844931075 -0.8387097970975569 -2.391321658357225 -0.8612106277974066 -1.2804181690246434 -0.8141554804542244 -0.8015279183990682 -0.8059027325815525 -0.8569539521485222 -0.7906648027800663 -0.7710490726744185 -0.7780659270826886 -0.7513820349992402 -0.769223885458521 -0.7784624939721131 -0.7242338498145151 -0.7744378499828374 -0.736281362449488 -0.7911879424886016 -1.36924735721112 -0.8783843920868805 -0.817237385855401 -0.8046931820570761 -0.832502167416714 -0.8267090414278133 -0.8125939997318508 -0.8144113308287877 -1.233966759232464 -1.2770973636580703 -0.8181999754205515 -1.3104268415068454 -1.3568463813471798 -0.8028132570389355 -0.8395673725776652 -0.7941352864297331 -0.7718826523206872 -0.7859432718759779
-0.7968845447966761 -0.8180402910873511 -0.8051089758526105 -0.7877900961429986 -0.7940305659821899 -0.7630709810990193 -0.7723523351082094 -0.7529616692017872 -0.7565337681106196 -0.7558567775072726 -1.1937990090970447 -1.242373634003802 -0.7579556150115304 -0.7645753966107032 -1.224865528939247 -0.7570663816684225 -0.7383679083893732 -0.7051531612480109 -0.711560124414916 -0.7335085096629335 -0.7241685304432247 -0.7250746706940908 -0.7118078649587886 -0.7352246668927486 -0.7735677697266329 -0.7870724138621834 -0.8119982051918918 -0.8078145776376076 -0.7997592382604279 -0.8054179057842973 -0.8016628684687723 -0.7972963502331204 -0.8048454313675245 -0.7891458731823014 -1.1977310345065926 -1.242865239459697 -1.2740441872353623 -1.2323645836066597 -1.3897355046872888 -1.8595618700666139 -0.7868527325111618 -1.2812912652152337 -0.7681606090494385 -1.3476873305084827 -1.8339049126791405 -1.7838299119544332 -1.3098413345403783 -1.7953489244210732 -0.761899386611957 -0.7541718321020923 -0.812422858205473 -1.2452234513868203 -1.276421891268785 -0.794452255921088 -0.7677713578642535 -0.7470175315597185 -0.7673047280890363 -0.7741321897264298 -0.7807804063939632 -0.7999597081099828 -0.7956540025787345 -0.7869840692984699 -0.8045937412321417 -0.7723921018329883 -0.8045032571157641 -0.7971060131576229 -0.7993082432652796 -0.7599388378833722 -0.7807191623552672 -0.7932215502725397 -0.786340295339113 -0.7318548197163487 -0.788260328639778 -0.7914357745894566 -0.7775129327784626 -0.7869251340697905 -0.7814028827425212 -0.7760881897526501 -0.7668215607795619 -0.7754812140693552 -0.8121553042390813 -0.7715576451373503 -0.7168710366982571 -0.7871768074435802 -0.7585201664122074 -0.8096684950306418 -0.8138371418560015 -0.8914368461619648 -0.7947554378410984 -0.8074213224511413 -0.8687659255076599 -1.1475021051566032 -0.8322265631845708 -0.8517183767296028 -0.8195645910286763 -0.8254095111250711 -0.8027547054857658 -0.7991030149973023 -0.8186085129810112 -0.8619061760944767 -0.8462573839396949 -0.8195172924797617 -0.812775360901214 -1.2438754506064056 -0.8033857098098105 -1.3316580804272309 -0.785251774023169 -0.8076934632734413 -0.761014224586067 -0.7829601810554487 -0.7453263637789201 -0.7685148779509785 -0.7458649459503308 -0.734778595424089 -0.7369423105652579 -0.7567798956805386 -0.7382785187710069 -0.7674701684061268 -0.7555894314266801 -0.7572622251483925 -0.8178807623617704 -0.811685057247311 -0.812291186036905 -0.8324735844931075 -0.837386081489104 -2.391321658357225 -0.8612106277974066 -1.2804181690246434 -0.8141554804542244 -0.8015279183990682 -0.8059027325815525 -0.8569539521485222 -0.7973686177330942 -0.7634505570986092 -0.7719576139499227 -0.761770659780548 -0.7641078484919506 -0.7883690912007767 -0.8017754345537229 -0.7744378499828374 -0.7440557696882547 -0.7911879424886016 -1.36924735721112 -0.8911857464208572 -0.817237385855401 -0.8046931820570761 -0.832502167416714 -0.8515239486742731 -0.8279938582161597 -0.8144113308287877 -1.233966759232464 -1.845790258887933 -0.7973723750626442 -0.8349296538721823 -0.8685056366854652 -0.7942857132153404 -0.8060776286057002 -0.7941352864297331 -0.7622576587634209 -0.8065727338915899
-0.7968845447966761 -0.8180402910873511 -0.8051089758526105 -0.7877900961429986 -0.7940305659821899 -0.7704235326698158 -0.7723523351082094 -0.7529616692017872 -0.7491448595377039 -0.7558567775072726 -1.2046991011497166 -1.242373634003802 -0.7654153941081412 -0.7645753966107032 -1.2054387833200881 -0.766038302437939 -0.7383679083893732 -0.7051531612480109 -0.711560124414916 -0.7335085096629335 -0.7241685304432247 -0.7250746706940908 -0.7118078649587886 -0.7352246668927486 -0.7735677697266329 -0.7870724138621834 -0.7975613230414269 -0.8078145776376076 -0.8055278959041612 -0.8054179057842973 -0.7926065325741262 -0.7972963502331204 -0.7884521073181306 -0.7891458731823014 -1.1977310345065926 -1.242865239459697 -1.2628608718355823 -0.7789768608164782 -1.3897355046872888 -1.328228734142157 -0.7868527325111618 -1.2812912652152337 -0.7681606090494385 -1.3476873305084827 -1.8339049126791405 -1.7838299119544332 -1.3098413345403783 -1.801907252982649 -0.761899386611957 -0.7659770449707106 -0.812422858205473 -1.2452234513868203 -1.2844224315191093 -0.794452255921088 -0.7677713578642535 -0.7470175315597185 -0.7614592889242123 -0.7741321897264298 -0.7807804063939632 -0.7999597081099828 -0.7956540025787345 -0.7869840692984699 -0.8045937412321417 -0.7723921018329883 -0.8045032571157641 -0.7971060131576229 -0.7932325815995305 -0.7608114436824789 -0.7807191623552672 -0.7932215502725397 -0.7509248707724969 -0.7396970052547409 -0.788260328639778 -0.7802143088270159 -0.7708457468983146 -0.7869251340697905 -0.7814028827425212 -0.7760881897526501 -0.7668215607795619 -0.7754812140693552 -0.8121553042390813 -0.7715576451373503 -0.733465244766396 -0.8132630663163041 -0.7585201664122074 -0.8153319984565945 -0.8138371418560015 -0.8993054514038348 -0.7947554378410984 -0.8074213224511413 -0.8687659255076599 -1.1475021051566032 -0.8322265631845708 -0.8517183767296028 -0.8195645910286763 -0.8254095111250711 -0.7955756027710787 -0.7908520692419777 -0.8100497754489837 -0.8479895314496861 -0.8462573839396949 -0.8093623528032833 -0.812775360901214 -1.2438754506064056 -0.8033857098098105 -1.336700378189021 -0.785251774023169 -0.8076934632734413 -0.761014224586067 -0.7829601810554487 -0.7427674850271785 -0.7685148779509785 -0.7502583321511375 -0.7236857899418934 -0.7662105472197517 -0.7567798956805386 -0.738975262221899 -0.7718425644718127 -0.7555894314266801 -0.7572622251483925 -0.8357770485021547 -0.811685057247311 -0.812291186036905 -0.8324735844931075 -0.8447894990660936 -2.391321658357225 -0.8612106277974066 -1.2804181690246434 -0.8141554804542244 -0.8015279183990682 -0.7997754166314296 -0.8569539521485222 -0.7973686177330942 -0.7696484478353 -0.7719576139499227 -0.761770659780548 -0.7772426974125192 -0.7883690912007767 -0.79551284765055 -0.7744378499828374 -0.7712664424597256 -0.7947250375080605 -1.305988091985862 -0.8911857464208572 -0.817237385855401 -0.8046931820570761 -0.832502167416714 -0.8515239486742731 -0.8279938582161597 -0.8144113308287877 -1.20320340913115 -1.2770973636580703 -0.7832309830355092 -0.8505764496801779 -0.8685056366854652 -0.7942857132153404 -0.7921783558559453 -0.7941352864297331 -0.7627569491533327 -0.7967268009218523
-0.7968845447966761 -0.8180402910873511 -0.7713579433829124 -0.7877900961429986 -0.7940305659821899 -0.7630709810990193 -0.7723523351082094 -0.7529616692017872 -0.7565337681106196 -0.7420684762445136 -1.1695942053176698 -1.242373634003802 -0.7654153941081412 -0.7753593981974224 -1.224865528939247 -0.766038302437939 -0.7383679083893732 -0.7051531612480109 -0.711560124414916 -0.7335085096629335 -0.7241685304432247 -0.715202524610618 -0.7118078649587886 -0.7352246668927486 -0.7735677697266329 -0.7870724138621834 -0.8049673898137095 -0.8078145776376076 -0.7997592382604279 -0.8054179057842973 -0.7926065325741262 -0.7972963502331204 -0.8048454313675245 -0.7891458731823014 -1.1977310345065926 -1.2633082102077948 -1.2628608718355823 -1.2323645836066597 -1.3897355046872888 -1.328228734142157 -0.7868527325111618 -1.2812912652152337 -0.7681606090494385 -1.3476873305084827 -1.8339049126791405 -1.7838299119544332 -1.3198838915871303 -1.801907252982649 -0.761899386611957 -0.7721035646844727 -0.812422858205473 -1.2452234513868203 -1.2844224315191093 -0.7776524659175598 -0.7589183952214372 -0.7633021046573588 -0.7614592889242123 -0.7741321897264298 -0.7807804063939632 -0.7999597081099828 -0.7956540025787345 -0.7869840692984699 -0.8045937412321417 -0.7723921018329883 -0.8045032571157641 -0.7843644240460129 -0.7626647429020458 -0.7666578911712739 -0.7807191623552672 -0.7932215502725397 -0.7660295633170401 -0.7396970052547409 -0.788260328639778 -0.7744557686788454 -0.8032021854337992 -0.7869251340697905 -0.7636767686994627 -0.7760881897526501 -0.7668215607795619 -0.7754812140693552 -0.7949000643288439 -0.7715576451373503 -0.7479389345862273 -0.7871768074435802 -1.2084234689501794 -0.8038083942783872 -0.8138371418560015 -0.8993054514038348 -0.7947554378410984 -0.8074213224511413 -0.8579697959883134 -1.12904143094428 -0.8322265631845708 -0.8517183767296028 -0.8195645910286763 -0.8254095111250711 -0.7955756027710787 -0.7908520692419777 -0.8100497754489837 -0.8099385687149991 -0.8462573839396949 -0.7954281015585307 -0.812775360901214 -1.2438754506064056 -0.8033857098098105 -1.3847802052403198 -0.9148200539709094 -0.7764570680481626 -0.761014224586067 -0.7829601810554487 -0.737015725063974 -0.7556810975713822 -0.7458649459503308 -0.7236857899418934 -0.7288419976295429 -0.7567798956805386 -0.7274510294820064 -0.7718425644718127 -0.7555894314266801 -0.7572622251483925 -0.8079694006477958 -0.811685057247311 -0.812291186036905 -0.8324735844931075 -0.8447894990660936 -2.391321658357225 -0.8612106277974066 -1.2804181690246434 -0.8141554804542244 -0.8015279183990682 -0.7997754166314296 -0.8569539521485222 -0.7945354255324072 -0.7644473149236857 -0.7719576139499227 -0.761770659780548 -0.7561594546000866 -0.7883690912007767 -0.8017754345537229 -0.7589032363418128 -0.736281362449488 -0.7947250375080605 -1.305988091985862 -0.8911857464208572 -0.817237385855401 -0.8046931820570761 -0.832502167416714 -0.8417172155491887 -0.8279938582161597 -0.8144113308287877 -1.20320340913115 -1.2770973636580703 -0.8181999754205515 -1.3104268415068454 -1.323351357170342 -0.7942857132153404 -0.8395673725776652 -0.7941352864297331 -0.7718826523206872 -0.8065727338915899
-0.8024512135091897 -0.8180402910873511 -0.7723531555234828 -0.7632889331150409 -0.7927240952246101 -0.7712822488600464 -0.7634229977194192 -0.733605730209709 -0.7583579252192726 -0.7496791276331587 -1.793018423714647 -1.8148284778908983 -0.7861308013904262 -1.2513670815047961 -1.3269658226154917 -0.7599327513444213 -0.7422336538281861 -0.6994802220770012 -0.7040435110470036 -0.7362915992016386 -0.7516789777544315 -0.7370322724896899 -0.7151356632341294 -0.7411797765324376 -0.7735677697266329 -0.7759926851054921 -0.7865072612122522 -0.8020244793484439 -0.7972838880761854 -0.8174207560596912 -0.7926065325741262 -0.7972963502331204 -0.8039732337140945 -0.7891458731823014 -1.1875018094521335 -1.242865239459697 -1.2229050998786304 -1.244436636761944 -1.322949366007995 -0.8490742064881728 -0.7956430995145689 -0.8173273637087155 -0.774136116342657 -1.340020716635979 -1.2682835911309367 -1.7838299119544332 -1.277342953732033 -1.801907252982649 -0.7515011159711372 -0.7721035646844727 -0.7746054148016156 -0.7906173119500862 -0.8059389064299836 -0.7417637128083746 -0.7572402573215624 -0.7469572742209875 -0.7732320175921091 -0.7741321897264298 -0.7807804063939632 -0.7999597081099828 -0.7853907739331994 -0.7869840692984699 -0.7814571168010901 -0.7723921018329883 -0.7925028219426768 -0.7632651049947549 -0.7581409746557132 -0.7733263014057307 -0.7773446728028569 -0.7736967198936063 -0.7616889276256317 -0.7191000836678954 -0.7300704293995219 -0.7671134687941766 -0.7709574783551774 -0.7931114339355982 -0.7850878389216072 -0.7760881897526501 -0.7603468630567018 -0.7696474400399476 -0.8038974204884028 -0.7677755412353762 -0.7325163491311998 -0.7491181148828056 -0.7304198783948315 -0.762266909617774 -0.7867993202319952 -0.8007617225672768 -0.7947554378410984 -0.8156429707412703 -0.8440489767853968 -1.12904143094428 -0.8229628704257844 -0.8517183767296028 -0.8117048198479437 -0.8076031157773079 -0.8182446395984685 -0.8363305386722145 -0.7795977060442515 -0.8479895314496861 -0.8656090052142845 -0.8005719126848747 -0.7788749573150989 -0.7702801677736414 -0.8033857098098105 -1.4226748673461935 -0.8082294408557015 -0.8001953597255288 -0.7731249223622269 -0.7715151656559565 -0.7663170811176655 -0.7334340860428014 -0.7458649459503308 -0.7236857899418934 -0.7288419976295429 -0.7575323520572813 -0.733941833635332 -0.7685916030337625 -0.7519580726907482 -0.7391160280991423 -0.7975724828309357 -0.811685057247311 -0.812291186036905 -0.8228974754030776 -0.8447894990660936 -2.391321658357225 -0.8479162073222261 -1.2595649605818675 -0.8066822108990198 -0.8015279183990682 -0.7997754166314296 -0.8248034227732908 -0.7761675932936527 -0.7423205855918803 -0.7629405957941907 -0.761770659780548 -0.7778424366603931 -0.7963772701607336 -1.2179482705017235 -0.7532974753373285 -0.7425207316054923 -0.7580198902824967 -0.790008990919548 -0.8481822347198629 -0.7933065045995388 -0.8046931820570761 -0.832502167416714 -0.8341608796893515 -0.8279938582161597 -0.8056385749528725 -1.2234878388490185 -1.2602950517164728 -0.786517356486037 -0.8488338027731376 -0.8547208075667861 -0.8008805358872827 -0.7975154796895254 -0.7941352864297331 -0.7708065022278028 -0.8065727338915899
-0.8511375284944963 -0.8381929291012964 -0.8023040364102342 -0.8251281952405579 -0.8121393634004854 -0.7955671106404881 -0.7888353716744382 -0.7416110840707529 -0.7583579252192726 -0.7543733483821361 -1.7649099842866898 -1.8101513275628245 -0.7785375093014609 -1.2412068046077316 -1.2705006594575787 -0.751008772464297 -0.737337354468288 -0.6994802220770012 -0.6940003408442382 -0.7253434104895277 -0.7409228590445975 -0.7192128633833168 -0.7156065094734488 -0.7570397211826805 -0.7636914753178891 -0.7686334989719655 -0.7944294420343635 -0.7923001884300491 -0.7997592382604279 -0.7992760498979428 -0.7926065325741262 -0.7926219619974426 -0.8039732337140945 -0.7891458731823014 -1.171093984395439 -1.2633082102077948 -1.212571739442373 -1.244436636761944 -1.3897355046872888 -1.328228734142157 -0.7897756409705732 -0.8173273637087155 -0.7644875724720337 -1.340020716635979 -1.8339049126791405 -1.7838299119544332 -1.277342953732033 -1.7842672689565922 -0.7405640513789383 -0.7404580798702678 -1.2540039825315945 -0.7749857428136039 -0.8180997170540861 -0.7364516935900182 -0.7572402573215624 -0.7533266934407341 -0.7673047280890363 -0.7812924783115368 -0.767695240193062 -0.7999597081099828 -0.7934220377904955 -0.7881528415683852 -0.7814571168010901 -0.767091390883926 -0.7680670880793766 -0.8097125717955572 -0.7654629541854002 -0.7733263014057307 -0.7693758740528914 -0.8006579051949035 -0.7887930360105925 -0.7191000836678954 -0.7654282820770145 -0.8067381933829142 -0.7458886538533238 -0.7931114339355982 -0.767306190099852 -0.7760881897526501 -0.7603468630567018 -0.7696474400399476 -0.7933183143933112 -0.7950317491588701 -0.7475330016750278 -0.7802035171355344 -0.7402332320760033 -0.7654520254260079 -0.8388157874302407 -1.2561576804131762 -0.7947554378410984 -0.8074213224511413 -0.8440489767853968 -1.1075903102157294 -0.8322265631845708 -0.8357610981616143 -0.8117048198479437 -0.8175892542427489 -0.8294667534810266 -0.8538427043248183 -0.7844734808711327 -0.8393611266574807 -0.9040481001825089 -0.8130886493354474 -0.7748644344063299 -0.8792781065893763 -0.8033857098098105 -1.4226748673461935 -0.9148200539709094 -0.8076934632734413 -0.7731249223622269 -0.7715151656559565 -0.7554227221191705 -0.7655277622945345 -0.7458649459503308 -0.7304375752580016 -0.7288419976295429 -0.7575323520572813 -0.7325155802956258 -0.7718425644718127 -0.7519580726907482 -0.7525192969716561 -0.7975724828309357 -0.811685057247311 -0.812291186036905 -0.7986256512136679 -0.8221749574063614 -2.391321658357225 -0.8479162073222261 -1.2595649605818675 -0.796281235866486 -0.8015279183990682 -0.8059027325815525 -0.8224638247834744 -0.7829269514851942 -0.7394122644728948 -0.7629405957941907 -0.7427055697379983 -0.7778424366603931 -0.7963772701607336 -0.7550473006995863 -0.7742768845188264 -0.7425207316054923 -0.7937393727966469 -0.8377680910893985 -0.8911857464208572 -0.7933065045995388 -0.8046931820570761 -0.8205899726414931 -0.8341608796893515 -0.8279938582161597 -0.8063821612678985 -1.20320340913115 -1.2770973636580703 -0.786517356486037 -0.8469402160661221 -0.8393359772159673 -0.7942857132153404 -0.7975154796895254 -0.7941352864297331 -0.7708065022278028 -0.8065727338915899
-0.8340924189168052 -0.8381929291012964 -0.8168747693990679 -0.8028324805627471 -0.8066030831115057 -0.7871856672250486 -0.7979593983470481 -0.7551855552114429 -0.7644066168603552 -0.7554932274706871 -1.2199223821844154 -1.798343827815642 -0.7579556150115304 -0.7676911414568124 -1.2811133894540714 -0.7431186380222966 -0.7338309544291431 -0.7051531612480109 -0.6935369535719285 -0.7290582511578771 -0.730714713737627 -0.7252357761515887 -0.7132760411286321 -0.7466723427099627 -1.2243012679132246 -0.79795024940167 -0.8045500223031637 -0.7978785768110919 -0.7997592382604279 -0.797503422627336 -0.8016628684687723 -0.7926219619974426 -0.7997463732155979 -0.7891458731823014 -1.1977310345065926 -1.2806099432594862 -1.7918569697796296 -1.2787466971114938 -1.3897355046872888 -1.8595618700666139 -0.7743560805534694 -1.2989641892991293 -0.7644875724720337 -1.340020716635979 -1.8339049126791405 -1.7838299119544332 -1.2804990751398437 -1.7842672689565922 -0.7624914753484576 -0.7938050058458433 -1.283263159728953 -1.2296439025597445 -1.2504719998538933 -0.8174439950769384 -0.7677713578642535 -0.7975479387081256 -0.7614592889242123 -0.776656560874181 -0.767695240193062 -0.7999597081099828 -1.256732952821396 -0.7801578512819238 -0.7874311957271214 -0.767091390883926 -0.7887281963577943 -0.8183369738677034 -0.8179409712628585 -0.7755040503120486 -0.7913853109838663 -0.7947351413040399 -0.8417957003614738 -0.7488072552329693 -0.788260328639778 -0.8570119370551428 -0.8184338840132926 -0.7869251340697905 -0.8075489724618419 -0.7760881897526501 -0.7550803233097074 -0.7690427122226826 -0.7788304926255386 -0.782699335870303 -0.7448597746495441 -1.242146388642713 -1.257345704087193 -0.8024373787610162 -0.8285569994927884 -1.3608406434167235 -0.7947554378410984 -0.7912426051004079 -0.877954326740328 -1.1258614458771732 -0.8512179190039226 -0.8357610981616143 -0.8117048198479437 -0.8175892542427489 -0.788419846731707 -0.7788223007520384 -0.8046405548055976 -0.823625463671479 -0.8285210721069507 -0.8219678216322689 -0.8338332479988488 -1.3274683549415551 -0.7867625239185744 -1.3076423039466236 -0.8899513597729474 -0.7764570680481626 -0.7666411758146897 -0.777186181059849 -0.7681078468321322 -0.7898316317576032 -0.7415493253376861 -0.7228326931746291 -0.7214526935688239 -0.8041528977779955 -0.7697557895408732 -0.7883440494109143 -0.7733644525801441 -0.7708842987308625 -0.8459059220215681 -0.811685057247311 -0.8239974422332059 -0.808018396370407 -0.8221749574063614 -2.391321658357225 -0.8612106277974066 -1.847545835364001 -0.8245594987532999 -0.8343870666532994 -0.8059027325815525 -0.8224638247834744 -0.8056036972202146 -0.7760878687225334 -0.7629405957941907 -0.7742722732405102 -0.7641078484919506 -0.7859931441061796 -0.7636745695977178 -0.7744378499828374 -0.7471192531158839 -0.7925630001087967 -1.36924735721112 -0.8701951102643678 -0.7842020716570705 -0.7899086816488555 -0.8109382249930974 -0.8023710109980629 -0.8054940908863713 -0.8063821612678985 -1.18769024184376 -1.845790258887933 -0.8377444121187695 -1.3015704328738649 -1.3854684559777597 -1.2758472046227667 -0.8395673725776652 -1.217435423813725 -0.7713793968269469 -0.7761932959034716
-0.8453553484339226 -0.8381929291012964 -0.8364149341863308 -0.8028324805627471 -0.8066030831115057 -0.7818168851314128 -0.7979593983470481 -0.7551855552114429 -0.7565337681106196 -0.7258518267398266 -1.2199223821844154 -1.7554701040425362 -0.7579556150115304 -0.7753593981974224 -1.2612401764793995 -0.7431186380222966 -0.7338309544291431 -0.7051531612480109 -0.6935369535719285 -0.7357923479453681 -0.730714713737627 -0.7352018002179204 -0.7132760411286321 -0.7425830025378887 -0.779378380521271 -0.79795024940167 -0.8045500223031637 -0.8078145776376076 -0.7997592382604279 -0.797503422627336 -0.7926065325741262 -0.7926219619974426 -0.7997463732155979 -0.7891458731823014 -1.1977310345065926 -1.260027328981012 -1.7789070786046517 -0.814599258907459 -1.3897355046872888 -1.2893272495973616 -0.7743560805534694 -1.2989641892991293 -0.7644875724720337 -1.340020716635979 -1.8339049126791405 -1.7838299119544332 -1.2804990751398437 -1.7953489244210732 -0.7624914753484576 -0.7829750150209789 -1.283263159728953 -1.2426723967689535 -1.2976106124125424 -0.8174439950769384 -0.7677713578642535 -0.7975479387081256 -0.7614592889242123 -0.776656560874181 -0.767695240193062 -0.7999597081099828 -1.256732952821396 -0.7801578512819238 -0.7874311957271214 -0.767091390883926 -0.7887281963577943 -0.8086611917900381 -0.8010614427774019 -0.7781468033608504 -0.7853840027550089 -0.8012891481755103 -0.8417957003614738 -0.7488072552329693 -0.788260328639778 -0.8570119370551428 -0.7995736578776235 -0.7869251340697905 -0.8075489724618419 -0.7760881897526501 -0.7550803233097074 -0.7690427122226826 -0.7788304926255386 -0.7891416857407609 -0.7593491893522369 -1.2674364956951978 -1.219464248427772 -0.8343244193684354 -0.8285569994927884 -1.3608406434167235 -0.7947554378410984 -0.8074213224511413 -0.877954326740328 -1.1258614458771732 -0.8512179190039226 -0.8357610981616143 -0.7885506965966389 -0.8175892542427489 -0.788419846731707 -0.7788223007520384 -0.7961772119919088 -0.823625463671479 -0.8385724630764828 -0.8219678216322689 -0.8338332479988488 -1.387503752387429 -0.8033857098098105 -1.3603131709865695 -0.8899513597729474 -0.7764570680481626 -0.7666411758146897 -0.7694842130110611 -0.7771672427471457 -0.7898316317576032 -0.7415493253376861 -0.7352803020160734 -0.7503075849005757 -0.8041528977779955 -0.7375270906635749 -0.7883440494109143 -0.7733644525801441 -0.7708842987308625 -0.8357770485021547 -0.811685057247311 -0.8239974422332059 -0.808018396370407 -0.8221749574063614 -2.391321658357225 -0.8612106277974066 -1.847545835364001 -0.8245594987532999 -0.8343870666532994 -0.8059027325815525 -0.8224638247834744 -0.8056036972202146 -0.7837693534661331 -0.769001520104923 -0.7654197053992765 -0.7560758319102013 -0.7859931441061796 -0.7636745695977178 -0.7744378499828374 -0.7744042673139481 -0.810270939115364 -1.36924735721112 -0.8911857464208572 -0.7842020716570705 -0.7899086816488555 -0.8109382249930974 -0.815173251267704 -0.8054940908863713 -0.8063821612678985 -1.18769024184376 -1.845790258887933 -0.8033340937241181 -1.3267234486796262 -1.3725132922273362 -1.2827589573457332 -0.8395673725776652 -1.217435423813725 -0.7718826523206872 -0.7820947338225768
-0.8453553484339226 -0.8279050649671358 -0.8364149341863308 -0.8028324805627471 -0.8066030831115057 -0.7818168851314128 -0.7979593983470481 -0.7551855552114429 -0.7565337681106196 -0.7554932274706871 -1.2199223821844154 -1.2321004706385374 -0.7579556150115304 -0.7676911414568124 -1.2612401764793995 -0.7357555128881672 -0.7332547678353148 -0.6999446805643994 -0.6935369535719285 -0.7290582511578771 -0.7229623450417348 -0.7352018002179204 -0.7132760411286321 -0.7425830025378887 -0.7859368270914436 -0.7996499158159608 -0.8045500223031637 -0.8078145776376076 -0.7997592382604279 -0.797503422627336 -0.7926065325741262 -0.7926219619974426 -0.7809819487680909 -0.7891458731823014 -1.1977310345065926 -1.2070798466428896 -1.2165116203743107 -0.814599258907459 -1.3897355046872888 -1.319681079284508 -0.7743560805534694 -1.2989641892991293 -0.7644875724720337 -1.3476873305084827 -1.8339049126791405 -1.7838299119544332 -1.2804990751398437 -1.7953489244210732 -0.770955820591463 -0.7860089543525695 -0.8187527858317963 -1.2426723967689535 -1.2720217830690765 -0.8174439950769384 -0.7677713578642535 -0.7756796966858096 -0.7614592889242123 -0.7812924783115368 -0.767695240193062 -0.7999597081099828 -1.2374304698168614 -0.7860070171398281 -0.7874311957271214 -0.767091390883926 -0.7887281963577943 -0.8086611917900381 -0.8010614427774019 -0.7696127960576977 -0.7934616051637047 -0.8012891481755103 -0.8417957003614738 -0.7488072552329693 -0.788260328639778 -0.8750393462103595 -0.7995736578776235 -0.7869251340697905 -0.8075489724618419 -0.7760881897526501 -0.7550803233097074 -0.7754812140693552 -0.7839199839274401 -0.782699335870303 -0.753721761114068 -1.242146388642713 -1.219464248427772 -0.8024373787610162 -0.8138371418560015 -1.3608406434167235 -0.7947554378410984 -0.8074213224511413 -0.877954326740328 -1.1075903102157294 -0.8512179190039226 -0.8357610981616143 -0.7966616099737395 -0.8276716254644428 -0.788419846731707 -0.7899279168395872 -0.8046405548055976 -0.823625463671479 -0.8385724630764828 -0.8219678216322689 -0.8021649834793985 -1.3361516361226424 -0.8033857098098105 -1.3603131709865695 -0.9148200539709094 -0.7764570680481626 -0.7666411758146897 -0.7694842130110611 -0.7904810647539614 -0.7898316317576032 -0.7502583321511375 -0.7352803020160734 -0.7420867155622838 -0.8041528977779955 -0.7375270906635749 -0.7835237903052806 -0.7733644525801441 -0.7708842987308625 -0.8357770485021547 -0.811685057247311 -0.8239974422332059 -0.8169720723478332 -0.8162003203055891 -2.391321658357225 -0.8612106277974066 -1.847545835364001 -0.8245594987532999 -0.8472985374435704 -0.8059027325815525 -0.8224638247834744 -0.8056036972202146 -0.7837693534661331 -0.769001520104923 -0.7742722732405102 -0.7641078484919506 -0.7665188907247245 -0.7623788796758686 -0.7744378499828374 -0.7744042673139481 -0.810270939115364 -1.36924735721112 -0.8911857464208572 -0.7842020716570705 -0.7899086816488555 -0.8109382249930974 -0.8056380877633924 -0.8054940908863713 -0.8063821612678985 -1.18769024184376 -1.845790258887933 -0.8033340937241181 -1.3430798871408176 -1.3697039461917895 -0.803370840681587 -0.853432413065457 -0.7657476226149733 -0.7791906830407084 -0.7677107909115151
-0.7968845447966761 -0.7992968635009858 -0.8424655153317029 -0.8028324805627471 -0.8066030831115057 -0.7661219567231904 -0.7844509980722917 -0.7384404173095516 -0.7565337681106196 -0.7478429011973141 -1.2199223821844154 -1.2321004706385374 -0.7579556150115304 -0.7676911414568124 -1.2506211457203624 -0.7357555128881672 -0.7332547678353148 -0.7051531612480109 -0.6895970399199063 -0.7154097240317665 -0.7283795087737379 -0.7352018002179204 -0.7132760411286321 -0.7345889206076581 -0.7859368270914436 -0.79795024940167 -0.8045500223031637 -0.8078145776376076 -0.7997592382604279 -0.797503422627336 -0.7926065325741262 -0.7926219619974426 -0.7997463732155979 -0.7644083928874391 -1.1977310345065926 -1.2965859110726186 -1.2165116203743107 -0.8085205919661326 -1.3897355046872888 -1.319681079284508 -0.7743560805534694 -1.2989641892991293 -0.7644875724720337 -1.3476873305084827 -1.8339049126791405 -1.7838299119544332 -1.2804990751398437 -1.7953489244210732 -0.770955820591463 -0.7860089543525695 -0.8187527858317963 -1.2296439025597445 -1.2504719998538933 -0.806338793861114 -0.7520327786934378 -0.7592187761854678 -0.7614592889242123 -0.7812924783115368 -0.767695240193062 -0.7999597081099828 -1.224132811529157 -0.7860070171398281 -0.7874311957271214 -0.7553774471275191 -0.7887281963577943 -0.8086611917900381 -0.8117733942353728 -0.7696127960576977 -0.7853840027550089 -0.8012891481755103 -0.8417957003614738 -0.7488072552329693 -0.7988435605256241 -0.8584736054115619 -0.8100514903653608 -0.7869251340697905 -0.7814028827425212 -0.7760881897526501 -0.7550803233097074 -0.7754812140693552 -0.7929607021567834 -0.8012345330626639 -0.7458296522266316 -1.2760637534346362 -0.7669007254677414 -0.779679694769349 -0.8300366386590211 -1.3608406434167235 -0.7947554378410984 -0.8074213224511413 -0.877954326740328 -1.1075903102157294 -0.8512179190039226 -0.8357610981616143 -0.8199697722892482 -0.837465519106512 -0.788419846731707 -0.7899279168395872 -0.8046405548055976 -0.8708582790068033 -0.8462573839396949 -0.8219678216322689 -0.8021649834793985 -1.3361516361226424 -0.7945251731618046 -1.3603131709865695 -0.8082294408557015 -0.7764570680481626 -0.7666411758146897 -0.7694842130110611 -0.7735779839055154 -0.7898316317576032 -0.7502583321511375 -0.7228326931746291 -0.7420867155622838 -0.8041528977779955 -0.7317681295187002 -0.7883440494109143 -0.7733644525801441 -0.7708842987308625 -0.8357770485021547 -0.811685057247311 -0.8239974422332059 -0.8169720723478332 -0.8162003203055891 -2.391321658357225 -0.8612106277974066 -1.847545835364001 -0.8245594987532999 -0.8472985374435704 -0.8059027325815525 -0.8224638247834744 -0.7988546530724716 -0.7760878687225334 -0.7629405957941907 -0.7513820349992402 -0.7561795896287873 -0.7665188907247245 -0.7471555716188871 -0.7744378499828374 -0.7744042673139481 -0.8138633721175506 -1.36924735721112 -0.8911857464208572 -0.7740665622662267 -0.7899086816488555 -0.8227601175628824 -0.7817011047784806 -0.7903682125263403 -0.8063821612678985 -1.18769024184376 -1.845790258887933 -0.8033340937241181 -0.8603333219179882 -0.8684390737558947 -0.803370840681587 -0.853432413065457 -0.7468463051376248 -0.7519463747840103 -0.7677107909115151
-0.7968845447966761 -0.7992968635009858 -0.7918607500875962 -0.7664597831115403 -0.7940305659821899 -0.7661219567231904 -0.7844509980722917 -0.7384404173095516 -0.7565337681106196 -0.7233386321386801 -1.2340246605217737 -1.2321004706385374 -0.7579556150115304 -0.7558098882105716 -1.2368763730360932 -0.7496104049345398 -0.7332547678353148 -0.7051531612480109 -0.6821145938523225 -0.7154097240317665 -0.7218475881077697 -0.7352018002179204 -0.7045555554748415 -0.7345889206076581 -0.7735677697266329 -0.79795024940167 -0.7992470920972091 -0.8078145776376076 -0.7997592382604279 -0.797503422627336 -0.7926065325741262 -0.7926219619974426 -0.7997463732155979 -0.7644083928874391 -1.1977310345065926 -1.260027328981012 -1.7789070786046517 -0.8085205919661326 -1.3897355046872888 -1.319681079284508 -0.7743560805534694 -1.2989641892991293 -0.7644875724720337 -1.3476873305084827 -1.8339049126791405 -1.7838299119544332 -1.2804990751398437 -1.7953489244210732 -0.770955820591463 -0.807091035064547 -0.8296018425826075 -1.789240906735343 -1.2823134446991558 -0.7927394192313557 -0.7586547361647608 -0.7672668453145312 -0.7614592889242123 -0.7812924783115368 -0.767695240193062 -0.7999597081099828 -1.224132811529157 -0.7860070171398281 -0.7940386120693926 -0.7553774471275191 -0.7959075416677096 -0.8053743980519926 -0.8192899771479605 -0.7696127960576977 -0.7853840027550089 -0.7952831869145811 -0.8417957003614738 -0.7675383191916402 -0.7988435605256241 -0.8523471897037623 -0.8100514903653608 -0.7753060874272721 -0.7814028827425212 -0.7760881897526501 -0.7529314523674583 -0.7690427122226826 -0.8069464360747668 -0.8012345330626639 -0.7465786099856819 -1.3016919282851995 -1.219464248427772 -0.804037258742604 -0.8300366386590211 -1.3608406434167235 -0.7947554378410984 -0.8074213224511413 -0.8255176705594415 -1.1075903102157294 -0.8512179190039226 -0.8357610981616143 -0.8279443833857967 -0.8351862679922396 -0.788419846731707 -0.7899279168395872 -0.8046405548055976 -0.8321502353408433 -0.8462573839396949 -0.8219678216322689 -0.8021649834793985 -1.3274683549415551 -0.7849292258826825 -1.3126407406524705 -0.8320422989480877 -0.7647668133675939 -0.7666411758146897 -0.7694842130110611 -0.7681078468321322 -0.7898316317576032 -0.7502583321511375 -0.7228326931746291 -0.7738223623787885 -0.8150985047468108 -0.7413884197157526 -0.7993846263579911 -0.7630011485756558 -0.7708842987308625 -0.8357770485021547 -0.811685057247311 -0.8239974422332059 -0.808018396370407 -0.8162003203055891 -2.391321658357225 -0.8612106277974066 -1.847545835364001 -0.8088931342708917 -0.8015279183990682 -0.8059027325815525 -0.8224638247834744 -0.7829826122036142 -0.7611607274372874 -0.7629405957941907 -0.7427055697379983 -0.7631790823536099 -0.7665188907247245 -0.756852372566097 -0.7799858925882666 -0.7604221550979743 -0.7961041181044684 -1.36924735721112 -0.8911857464208572 -0.7740665622662267 -0.7899086816488555 -0.8227601175628824 -0.7817011047784806 -0.7903682125263403 -0.8147494112500384 -1.18769024184376 -1.845790258887933 -0.8033340937241181 -1.3015704328738649 -1.3573122373239954 -0.803370840681587 -0.8395673725776652 -0.7468463051376248 -0.760985778272131 -0.7677107909115151
-0.7968845447966761 -0.8271277414570839 -0.799156542932718 -0.7664597831115403 -0.7940305659821899 -0.7788250323539883 -0.7844509980722917 -0.7384404173095516 -0.7565337681106196 -0.7233386321386801 -1.2067270391307674 -1.2321004706385374 -0.7579556150115304 -0.7498644516339543 -1.2368763730360932 -0.7570663816684225 -0.7253327750525023 -0.7051531612480109 -0.6935369535719285 -0.704674981118997 -0.7218475881077697 -0.7352018002179204 -0.7115927653638376 -0.7345889206076581 -0.7636914753178891 -0.79795024940167 -0.8045500223031637 -0.8078145776376076 -0.7997592382604279 -0.797503422627336 -0.7926065325741262 -0.7926219619974426 -0.807333411627556 -0.7975880843376376 -1.1977310345065926 -1.260027328981012 -1.7789070786046517 -0.814599258907459 -1.3897355046872888 -1.319681079284508 -0.7743560805534694 -1.2989641892991293 -0.7644875724720337 -1.3476873305084827 -1.8339049126791405 -1.7838299119544332 -1.2804990751398437 -1.7953489244210732 -0.7425449149739924 -0.7758998957979529 -0.8296018425826075 -1.2668836248221151 -1.2985868974113017 -0.8293377601385762 -0.7744852240860132 -0.7822109745963788 -0.7614592889242123 -0.776656560874181 -0.767695240193062 -0.7999597081099828 -0.7934220377904955 -0.7801578512819238 -0.7874311957271214 -0.767091390883926 -0.7632592705910157 -0.7957987526527978 -0.7807344103163201 -0.7696127960576977 -0.7853840027550089 -0.7952831869145811 -0.8417957003614738 -0.7488072552329693 -0.7999651266401446 -0.8523471897037623 -0.798222952881763 -0.7869251340697905 -0.8075489724618419 -0.7824732632587165 -0.7529314523674583 -0.7690427122226826 -0.8069464360747668 -0.8012345330626639 -0.7657133265155203 -1.2674364956951978 -1.2713084287912602 -0.7984249577519932 -0.7970022744987542 -1.3608406434167235 -0.7947554378410984 -0.8074213224511413 -0.8482646747364125 -1.1075903102157294 -0.8512179190039226 -0.8357610981616143 -0.8199697722892482 -0.8254095111250711 -0.788419846731707 -0.7788223007520384 -0.8046405548055976 -0.8321502353408433 -0.8816532210984184 -0.8219678216322689 -0.8338332479988488 -1.3274683549415551 -0.778022961768722 -1.3305826858239667 -0.8082294408557015 -0.7764570680481626 -0.7666411758146897 -0.7694842130110611 -0.7681078468321322 -0.7767622773614163 -0.7459256040263169 -0.7228326931746291 -0.7662105472197517 -0.8041528977779955 -0.7413884197157526 -0.7883440494109143 -0.7733644525801441 -0.7708842987308625 -0.8357770485021547 -0.811685057247311 -0.8023017689815554 -0.808018396370407 -0.8162003203055891 -2.391321658357225 -0.8612106277974066 -1.847545835364001 -0.8245594987532999 -0.8015279183990682 -0.8059027325815525 -0.8224638247834744 -0.7829826122036142 -0.748686460687008 -0.7629405957941907 -0.7427055697379983 -0.7631790823536099 -0.7761062854173204 -0.7636745695977178 -0.7799858925882666 -0.801632535256845 -0.8296716598679726 -1.36924735721112 -0.8911857464208572 -0.7740665622662267 -0.7899086816488555 -0.8227601175628824 -0.8056380877633924 -0.8054940908863713 -0.8147494112500384 -1.18769024184376 -1.845790258887933 -0.8033340937241181 -1.3015704328738649 -1.3573122373239954 -1.267949651996497 -0.8395673725776652 -1.1924886195558646 -0.760985778272131 -0.7820947338225768
-0.7968845447966761 -0.8271277414570839 -0.7887886417650153 -0.7632889331150409 -0.7940305659821899 -0.7871479427909733 -0.7754290584248166 -0.733605730209709 -0.7492158994166356 -0.7289122175218926 -1.8421808768588486 -1.802726910985735 -0.7785375093014609 -1.2254139540903843 -1.296122230306928 -0.7435929638914228 -0.7318694192222007 -0.6994802220770012 -0.6841778102069251 -0.7253434104895277 -0.7718611298788933 -0.7310038146687794 -0.7091481500684108 -0.7345748545950064 -0.7701623388932165 -0.7686334989719655 -0.7659289730040222 -0.7923001884300491 -0.7997592382604279 -0.8094296694724556 -0.7926065325741262 -0.7926219619974426 -0.8039732337140945 -0.7975880843376376 -1.171093984395439 -1.242865239459697 -1.212571739442373 -0.7795265629792527 -1.3620480432877802 -0.8424267522205569 -0.7956430995145689 -0.8173273637087155 -0.7644875724720337 -1.340020716635979 -1.8339049126791405 -1.7838299119544332 -1.2727782482100527 -1.7953489244210732 -0.7405640513789383 -0.7425949316802164 -0.8190616066382728 -0.8079255596648803 -0.8049974930032223 -0.7681093892659602 -0.754867575217255 -0.7533266934407341 -0.7673047280890363 -0.7812924783115368 -0.767695240193062 -0.7999597081099828 -0.7934220377904955 -0.7881528415683852 -0.7814571168010901 -0.7614378570661174 -0.7484086430302745 -0.7965129652772422 -0.7581409746557132 -0.76744604112363 -0.7506698556514184 -0.7632481665118316 -0.7887930360105925 -0.7191000836678954 -0.7758088138131122 -0.803016031178628 -0.7776253033700903 -0.8167399141338445 -0.7940231436935461 -0.7760881897526501 -0.7603468630567018 -0.7623663989286765 -0.8144109922609568 -0.7950317491588701 -0.7630888547935897 -0.7935940604371896 -0.7828533524242981 -0.7376524294567752 -1.2201543892013929 -1.23568511524451 -1.252340565048158 -0.8074213224511413 -0.8214934263954384 -1.12904143094428 -0.8229628704257844 -0.8357610981616143 -0.8199697722892482 -0.8176058969998506 -0.8182446395984685 -1.3151831967975325 -0.8182059409460771 -0.8479895314496861 -0.8913869894493467 -0.8130886493354474 -0.7881639389914152 -0.840692993701167 -0.7849292258826825 -1.3610693057082621 -0.8082294408557015 -0.8001953597255288 -0.7731249223622269 -0.7638506082775885 -0.7612704708935789 -0.7540995375583509 -0.7566690823223006 -0.7228326931746291 -0.7496181976889089 -0.7748057501660793 -0.7282018903427241 -0.7642314679456235 -0.7454958928637162 -0.7391160280991423 -0.8079694006477958 -0.811685057247311 -0.812291186036905 -0.8075116759302616 -0.8162003203055891 -2.391321658357225 -0.8479162073222261 -1.2595649605818675 -0.8068184170976826 -0.814110553270469 -0.8059027325815525 -0.8224638247834744 -0.7829826122036142 -0.7328662623031816 -0.7689808234554183 -0.7427055697379983 -0.7617474602080972 -0.7864044852978401 -1.1966823778865865 -0.7742768845188264 -0.7618385406649862 -0.8092939123556181 -0.8377680910893985 -0.8911857464208572 -0.7843704170677556 -0.8046931820570761 -0.832502167416714 -0.8096735377420488 -0.80608788404411 -0.8059742874814521 -1.20320340913115 -1.2770973636580703 -0.7652713547165361 -0.832380958453071 -0.8553708877954352 -0.7926733943747669 -0.810930829165247 -0.7840881708737294 -0.7708065022278028 -0.7918933716255537
-0.8377032960654716 -0.7992968635009858 -1.2465639199100178 -0.7986863153704592 -0.826276297517355 -1.2359669227500096 -0.7794029818201446 -0.7403068427365697 -0.7669773639686825 -0.7567644183298373 -1.8698569895629094 -1.248622583055109 -0.7993995477529511 -1.1874260311712321 -1.207928640919118 -0.7641979546620414 -0.7259343279775988 -0.7452902755124461 -0.6956038372275384 -0.7566174247309758 -1.1624630255940438 -0.7375225581451464 -0.7284412752042486 -0.7346387699837863 -0.7170042625230425 -0.762963967941815 -0.7294802248003623 -0.7573018316283721 -0.7635909018288014 -0.7514585122881969 -0.7679484269885167 -0.7473378466977957 -1.2943119723346697 -1.2613515616535262 -1.767076462319248 -1.8258924241108592 -2.4566385392091115 -1.29740414899649 -1.4165796186090884 -1.319681079284508 -1.1564761597476363 -1.2452648371231665 -0.7694680727551385 -1.340020716635979 -1.2687543899290066 -1.7838299119544332 -1.2804990751398437 -1.7953489244210732 -0.7558803068663082 -0.7667761769592624 -0.8467364349950763 -3.0791514561903393 -2.535719159243213 -1.3411115271137664 -0.8546008233685438 -0.7799408283504334 -0.7450089085020485 -0.7340463824012762 -0.7400011229218979 -0.7556693525279612 -0.7742709921563476 -0.7509393200660079 -0.7398913343570696 -0.7410723709318384 -0.9979264148187068 -1.0471566897412954 -1.185149039002125 -0.998597650839789 -1.1884714319359555 -1.0196809433718546 -0.8502524212325112 -0.7687052263195147 -1.2158850154262368 -1.2852001937191995 -1.3076338985069773 -1.2992067187925591 -1.377194256339317 -0.8121767104372851 -0.7776733534861267 -0.7581302569150178 -0.8159851743869533 -1.2610709988712419 -1.199357175692584 -1.3162066886548205 -2.4774151678228122 -0.8361446448502278 -1.254873724608985 -1.3866721883649116 -1.2187162747986846 -0.7846976293495338 -0.7963068457829128 -0.8044562743325706 -0.8159427913960242 -0.8357610981616143 -0.7895563714799453 -0.7737812860621673 -0.8343055878786914 -0.8404951848585948 -0.7755928293630968 -0.7950184109930268 -0.872468302075408 -1.3264104378781332 -0.9263283147229491 -1.3274683549415551 -0.7749325510859925 -1.3201581322438496 -0.8215767519990061 -0.7784070720192596 -0.7441664541098476 -0.7838648991219539 -0.8256784350468687 -0.7636876178599504 -1.199137414279504 -0.7834545449425879 -0.783157913653527 -1.282274717530353 -0.7953373077692402 -0.8219843394782297 -1.2765983797916054 -0.7482554369699456 -0.7520407679176466 -0.7648664223759387 -0.7796615946260208 -0.7785623346748085 -0.8025008194597207 -2.391333264472597 -0.8479162073222261 -1.907918389279163 -0.7898290461432368 -0.7956435450455177 -0.7689474656173583 -0.7869196785692382 -0.7744198645373956 -0.748686460687008 -0.7409301730227745 -0.735069577383422 -0.7668906495130824 -0.8123360570984286 -0.8077796887874181 -0.8551346697199667 -0.8275488546664538 -1.2999544600053725 -1.3453634452949945 -1.3685729386642962 -0.7435547665037973 -0.7752419660871315 -0.7764231567843112 -0.7699130961241563 -0.80608788404411 -0.7719363630780802 -1.2172907489053233 -1.8329485876729947 -1.7534321318468817 -1.1851711022543776 -1.227495321396547 -1.7540197122039838 -1.2693289657776265 -1.773794613453834 -1.287064582377368 -0.8000435000803806
-0.7656454636044836 -0.7898920047119701 -0.7914332892852011 -0.8174683449149944 -0.8095126795912065 -1.2091897355338057 -0.7776908590782642 -0.7440816138002446 -0.7813052334302516 -1.2652837465753672 -2.5522278919871675 -1.802726910985735 -1.2344665431357793 -1.811739465958212 -1.3504582193995522 -0.7719049358536347 -0.7170689014587717 -0.7063889862157998 -0.6887057952035823 -0.8504010346911854 -1.7795855088649353 -0.7599522603915256 -0.7325162284332916 -0.712728875408703 -0.7344155233731372 -0.7575435198234653 -0.7553555869334486 -0.7567147343692375 -0.7635909018288014 -0.777987317088356 -0.7657688984144517 -0.7638795331049374 -0.7515141782886614 -0.7764170960052674 -1.7284949324354995 -1.242865239459697 -1.781888326759943 -1.2514083777270895 -1.3324771202958234 -0.8184893641131257 -0.7500376778065989 -0.755201999522383 -0.7467967545049305 -0.8602523022482473 -0.8289595436063182 -1.2248148215723786 -0.8242782676947378 -1.2793959918898847 -0.7879109263346946 -0.779150226815796 -1.2428820003663548 -2.4370607451388873 -1.9671706042700525 -1.3639552396234027 -0.8550627400144878 -0.7519436330617097 -0.7399234713002333 -0.7387246758385929 -0.729692542002815 -0.7735701653327676 -0.7707318149088176 -0.7607937318921116 -0.7540416519317006 -0.7407025393939921 -0.7568363119991163 -0.7731935874118018 -0.7714941475639931 -0.7634740091601951 -0.769381080846263 -0.8098378842945565 -0.8157761346748503 -0.7608892796049466 -0.8069417482600255 -0.8410055569290673 -1.3063516995890028 -1.2809035567555787 -1.3338060889002752 -0.8003649255735007 -0.7504065371295549 -0.7515174287175632 -0.838343629928471 -0.8162297607328624 -0.773443031446065 -1.86519987478335 -2.380640180282747 -0.7776922129914907 -1.1802402954860824 -1.2254729106711104 -0.7443402157916639 -0.788312276280465 -0.8590858875187722 -1.1258614458771732 -0.8067967640312881 -0.8357610981616143 -0.8127296633010259 -0.783508475152287 -1.3529319780272304 -1.3287629784178838 -0.8182059409460771 -0.8589875330533854 -0.9665664781834722 -1.4161957944375216 -0.8341238925205209 -0.8240133856348648 -0.7552014200797599 -1.3304707914162774 -0.747658973719006 -0.7904084762812369 -0.7451558988526366 -0.7401841564595024 -0.758911261270169 -0.7488766489694151 -0.8031287983001679 -0.7944959172674539 -0.7609922072877522 -0.8963308275730762 -1.2056229080145018 -0.7710312468029058 -0.7474990647350979 -0.7510487839751777 -0.7678613553488317 -0.784601243098073 -0.7604532187234893 -0.7746016152451445 -0.8177176624373865 -2.391321658357225 -0.8479162073222261 -1.3074910464906868 -0.7819441966105966 -0.7964226241368666 -0.7553921450123411 -0.7843167218740371 -0.7763033537994868 -0.7328662623031816 -0.7850063274277406 -0.7270250326293106 -0.753032465633647 -0.8057936095009669 -1.2907474563796764 -0.8264777641529469 -0.8044921903243503 -1.2152391437320902 -0.8288211010967393 -1.2815313246470792 -0.7495359834444626 -0.7912884515570573 -0.7572027968384347 -0.7791694495867663 -0.7837577932591451 -0.7554514837221881 -1.1776977127543171 -1.2741895296249992 -1.1871521581708022 -0.7874744676979757 -0.7689939921090271 -1.2001858932613598 -1.2363101458132921 -1.1975159349043392 -1.2742055123078722 -0.7814882763312485
-0.7668277598503429 -0.7966575404133164 -0.7831700232650242 -0.7806586513609948 -0.8293613391823951 -1.1969441826437828 -0.7595435239102661 -0.7375233826354136 -0.807189912603522 -1.2730028071993167 -2.559877821060194 -1.8520786057686869 -1.2566487647642683 -1.827945318665343 -1.3748399912650255 -1.2339977882477675 -0.7913814999348705 -1.1822849641579993 -1.218584731659824 -0.8324468996442279 -2.4182526541752933 -0.8026978910178421 -0.7300047847593899 -0.7263914028336627 -0.7350127267604186 -0.7877586979264206 -0.7427270436901013 -0.7500706292056156 -0.7635909018288014 -0.7687855046542909 -0.7765191766829025 -0.7638795331049374 -0.7570140639973805 -0.8218440299544157 -1.802563318980025 -1.7789657269027734 -1.8117824689850053 -1.2514083777270895 -1.3117907330602157 -0.8293100426776975 -0.7622728252538133 -0.7694184628929103 -0.7644883596568002 -0.8673338917300315 -0.8289595436063182 -1.2359710934775194 -0.829042590220495 -1.2936361441265731 -0.7660458739416823 -0.771824819317159 -1.2697169280798217 -2.4370607451388873 -1.9441053083437416 -1.3639552396234027 -0.8421366723404299 -0.7157583286355695 -0.7564584140490715 -0.7264736814514672 -0.7368321659568181 -0.7582883163022215 -0.7387367088766179 -0.767059979788938 -0.7452040209069539 -0.7351464440148802 -0.7900166314626536 -0.8226196116095761 -0.7889707894069283 -0.7949638338265695 -0.820875451065065 -0.8030806301299207 -0.8539268736490677 -0.7608892796049466 -0.8163107283375779 -0.8858742413994056 -1.3587869779577233 -1.855181522999649 -1.3098472391398537 -0.8150720104451086 -0.7540005033733385 -0.7605114929663657 -0.8467367090683822 -0.8237579356419534 -0.7742784518769861 -1.86519987478335 -2.412895680194691 -0.7673600593930281 -1.1713311697027153 -1.231307122578444 -0.758114250787863 -0.7481135995485823 -1.0880016891723163 -1.1289394845118947 -0.7877509399635899 -0.7633213911913802 -0.7779498341420015 -0.7538173488467312 -1.3529319780272304 -1.869715364123596 -0.7954500334871102 -0.8478417877505975 -0.9599486426170454 -1.411298635626378 -0.8450040483285052 -0.8343151709623751 -0.7708969737808574 -1.310213440230906 -0.7241535717772871 -0.7791674187498226 -0.7359963047390985 -0.7345462310588563 -0.7894823094188314 -0.7381935942003008 -0.8037365499197867 -0.786919433812362 -0.7682413309124815 -0.8838465475223266 -1.2486617579330461 -0.8130929611023353 -0.7612308893940521 -1.2041375489197017 -0.7456975649817271 -0.7919792458212541 -0.7499910433351323 -1.1961663853667839 -0.7700559836678833 -2.46321212558538 -1.332545198882848 -1.3074910464906868 -0.7572267920888532 -0.7812711138119711 -0.7313502211774973 -0.7625392582835432 -0.779313187826602 -0.7104469890935129 -0.7632003146015438 -0.7149218894259696 -0.753032465633647 -1.2416494153845958 -1.2781964637484327 -1.291488126991361 -0.849011478639504 -1.2494595630821186 -0.8288211010967393 -1.2815313246470792 -0.7651543949141606 -0.7738038138744769 -0.7380571501058217 -0.7671562670390283 -0.8065907301379851 -0.7528280785172007 -1.7746432145836812 -1.289979376791961 -1.1919432774562486 -0.7984821317861642 -1.2128365378691826 -1.2001858932613598 -1.1900010491771522 -1.1286849214969776 -1.257695699093684 -1.2271152186386578
-0.8614982470347243 -1.290401205390402 -1.2569354874726106 -0.8366290913948992 -0.8450254777915777 -1.7607377450221802 -1.2057114374561968 -0.7594177625033676 -0.788901801891681 -0.7870474717608851 -1.9493304958388262 -1.312467915230404 -0.8624570799772961 -1.804986301033939 -1.3150569242083678 -1.283682760801923 -0.8006408368621791 -1.2744589441931813 -1.2354673396130031 -0.7905765271163994 -1.6896850588826728 -1.2240333759946906 -0.7541639708472268 -0.7541185138514622 -0.7073785837785972 -0.776841333571928 -0.7198004225417743 -0.7631113199253367 -0.7904355231572333 -0.7771397071951278 -0.7535100987279284 -0.7708400035520111 -1.322642461975361 -1.3104349633262315 -1.829526537052734 -2.4030416393108727 -2.485795857083179 -1.29740414899649 -1.3783136518410508 -1.3027668495819014 -1.1723404626481562 -1.2525894211842616 -0.7814700236545131 -1.3061045078028204 -1.258134254395738 -1.7785309887950187 -1.2888298283203927 -1.811783296270282 -0.7917268120411745 -0.7973120510710031 -1.2585062330738064 -2.40780006164858 -1.8933046245021001 -1.2850394020253872 -1.312604534429949 -1.192390790744193 -1.2616701068323097 -0.728210230519259 -0.7528326225336165 -0.7411518662561464 -0.7668702941181493 -0.7619427939859476 -0.7546087558233701 -0.7595723333359279 -1.021077632071719 -1.054309602080416 -1.2154314763875709 -1.007150657598389 -1.2064135085581478 -1.031652140534107 -0.9068918986508682 -0.7846160542096012 -1.2158887250101797 -1.2633949276315968 -1.3048111714220967 -1.874921239606897 -1.3679846785614278 -1.3003702981308263 -1.2302901277629201 -1.1844199286961365 -1.2843260150460645 -1.2399202313501028 -1.228420525955408 -1.2543702909246552 -2.472937575542084 -0.8537052283239436 -1.2871876266787559 -1.3472438320719922 -0.7766757350592391 -0.7657349857069355 -0.7924021630479723 -0.7573375256153148 -0.781996059377916 -0.7860023411750091 -0.7812234963551131 -0.7602077202516507 -1.283029538446494 -1.2510579692222323 -0.7817014010241248 -0.7986622242475943 -0.9035055283725006 -1.3668232346652198 -0.9502439361090845 -1.348861499131141 -0.7810124686692709 -0.7704734733403628 -0.7258289536153368 -0.7490849273429919 -0.7622037411231533 -0.7856811939162035 -0.8113761029195558 -0.7910146077468427 -1.223107246250304 -0.8053211725660541 -0.7829523536501575 -1.2447966493966356 -1.8062830639422403 -0.8224244978867988 -1.2648451470747075 -1.202594502335696 -0.7434289423812268 -0.720265280217903 -1.7191593861519718 -1.3191783068441425 -1.198275673724364 -2.5733209254069918 -1.32563526251664 -1.8924383518089436 -0.8077009272215274 -0.7925493323342548 -0.7725386042863724 -0.7400837315412679 -0.773893938367814 -0.7325220369756099 -0.7636647744675554 -0.7405265254049225 -0.757140848784373 -0.7967549744123039 -0.8463769847610502 -1.3284237421709617 -0.8913501238972943 -1.3480543342504034 -1.3600321515829743 -1.334221027048503 -0.7345106334630215 -0.7899756312698077 -0.8088869814991059 -0.7725754659591596 -1.2539866288712573 -0.7941306638920771 -1.8738937715613049 -1.8162124138703122 -1.748813069172517 -1.1437516492806805 -1.18322068351454 -1.725160532927625 -1.1780885277406568 -1.6858343437365526 -1.2731684285138847 -1.2416844622409184
-0.867347044266621 -1.290401205390402 -1.2569354874726106 -0.8597620353742415 -0.8571491521523807 -1.7607377450221802 -1.1944662900225385 -0.7594177625033676 -0.788901801891681 -0.7879539431129126 -1.9332495024569474 -1.885142797016594 -0.8624570799772961 -1.804986301033939 -1.3035956630013792 -1.283682760801923 -0.7798802700708405 -1.2634038543373192 -1.2487244832129822 -0.7905765271163994 -1.6896850588826728 -1.211384726423224 -0.7541639708472268 -0.761449697419164 -0.7073785837785972 -0.7694768046392465 -0.7198004225417743 -0.7495135922549626 -0.7530082050467531 -0.7511041655628818 -0.7594976769751975 -0.7774653190181134 -1.322642461975361 -1.3104349633262315 -1.2559169471565583 -2.3735372620945094 -2.485795857083179 -1.29740414899649 -1.3783136518410508 -1.3027668495819014 -1.1723404626481562 -1.2310341442443227 -0.7814700236545131 -1.3061045078028204 -1.258134254395738 -1.7785309887950187 -1.2950473482349594 -1.811783296270282 -0.7917268120411745 -0.7973120510710031 -1.2585062330738064 -2.40780006164858 -1.8933046245021001 -1.2850394020253872 -1.312604534429949 -0.7490505040916332 -0.8022348328792773 -0.7428734915121911 -0.7528326225336165 -0.7411518662561464 -0.7515470379611052 -0.7619427939859476 -0.7546087558233701 -0.7640871854523996 -1.021077632071719 -1.054309602080416 -1.2402696147178554 -0.9978162448759719 -1.2064135085581478 -1.031652140534107 -0.9068918986508682 -0.7846160542096012 -1.1866904597373518 -1.2799229693888243 -1.319346183043135 -1.8531919290798937 -1.3679846785614278 -0.8316801778631266 -0.7768896530187112 -1.1726823348843596 -1.2667349161299826 -1.2399202313501028 -1.228420525955408 -1.2543702909246552 -2.472937575542084 -0.8867283217989019 -1.2871876266787559 -1.3571002424812677 -0.7991115201269646 -0.7657349857069355 -0.762754893318003 -0.7686317681634357 -0.781996059377916 -0.794218228268526 -0.7720059601098849 -0.7602077202516507 -1.283029538446494 -1.2510579692222323 -0.7817014010241248 -0.7986622242475943 -0.9035055283725006 -1.3668232346652198 -0.9502439361090845 -1.348861499131141 -0.7747115899381001 -0.780773315571857 -0.7454758448759682 -0.7490849273429919 -0.7622037411231533 -0.7856811939162035 -0.8113761029195558 -0.7961221716428596 -1.2352291594757843 -0.7962937062216493 -0.7829523536501575 -1.2526928223801213 -1.7845109121857807 -0.8371086736928809 -1.2648451470747075 -1.18451626750724 -0.7434289423812268 -0.7706155045326651 -0.7691577054267519 -1.3191783068441425 -1.198275673724364 -2.5733209254069918 -1.32563526251664 -1.9048462486930464 -0.8063937724368506 -0.8020859841664536 -0.779089995432065 -0.7656169243189931 -0.773893938367814 -0.7325220369756099 -0.7699450932491592 -0.7635918941842408 -0.7820181874602316 -0.7967549744123039 -0.8463769847610502 -1.3284237421709617 -0.8913501238972943 -1.3480543342504034 -1.3600321515829743 -1.334221027048503 -0.699131549297793 -0.7430522302602985 -0.7789132949919767 -0.7789237505325537 -0.7956884204466191 -0.7857833174166586 -1.88896620247129 -1.7979459822641022 -1.748813069172517 -1.131903178656924 -1.137354079537896 -1.725160532927625 -1.1780885277406568 -1.6858343437365526 -1.2731684285138847 -1.2416844622409184
-0.8676736416839215 -1.2948304930605643 -1.2569354874726106 -0.8597620353742415 -0.8239983929594298 -1.7670471855638983 -0.7577251844818391 -0.7653079384302873 -0.7762630206007385 -0.780618497790286 -1.9251793410843265 -1.885142797016594 -1.3404119138535704 -1.804986301033939 -1.3035956630013792 -1.8319676402989769 -0.7327588150845916 -1.2634038543373192 -1.2792223232466924 -0.8120249960295133 -1.7245816460229957 -1.219011986496634 -0.7541639708472268 -0.761449697419164 -0.7155378459268438 -0.7694768046392465 -0.7253616817147293 -0.7495135922549626 -0.7530082050467531 -0.7588821256419823 -0.7511400957609595 -0.747273691118197 -1.3209682689441027 -1.3015815223516574 -1.2559169471565583 -2.3735372620945094 -2.485795857083179 -1.29740414899649 -1.4165796186090884 -1.3027668495819014 -1.163292789837844 -1.2237736470047693 -0.7731569770624394 -1.3061045078028204 -1.258134254395738 -1.7785309887950187 -1.2896050213247894 -1.801907252982649 -0.8005935245598461 -0.7973120510710031 -1.2691953569564622 -2.40780006164858 -1.8933046245021001 -1.2850394020253872 -1.312604534429949 -0.7490505040916332 -0.7515489033008819 -0.7423348594669432 -0.7610907249435698 -0.7411518662561464 -0.7333800300573099 -0.7456942676706365 -0.7546087558233701 -0.7727330029906383 -1.000161376910119 -1.0274230090163046 -1.2402696147178554 -1.007150657598389 -1.1754012537565537 -1.031652140534107 -0.9068918986508682 -0.776394562721532 -1.2392993040423796 -1.2799229693888243 -1.3201979870660565 -1.8485052559059374 -1.3679846785614278 -0.8126271982034242 -0.7642111647965693 -0.7343768060857063 -1.2667349161299826 -1.2399202313501028 -1.235861269590591 -1.2543702909246552 -2.5233748684774993 -0.8867283217989019 -1.299935007803588 -1.3472438320719922 -0.7808309606743952 -0.7891524217112874 -0.7745256759976284 -0.8359743314099046 -0.7832525593735417 -0.8483467131633965 -0.7858292436861948 -0.7541794533682923 -1.2989615248302915 -1.2311845133564425 -0.7966260559027093 -0.8037856597663839 -0.928224180078338 -1.3668232346652198 -0.9502439361090845 -1.3410189442506582 -0.7884510889241795 -0.7934065713181399 -0.7540885816405042 -0.7441532535015654 -0.7622037411231533 -0.7856811939162035 -0.8013780186504159 -0.7961221716428596 -1.223107246250304 -0.7962937062216493 -0.7777727876502657 -1.2526928223801213 -1.7692742317298522 -0.8075579299713044 -1.282628124575735 -0.7482053731353855 -0.7434289423812268 -0.7706155045326651 -0.7770524019270009 -0.8000876377653812 -1.2174891481630843 -2.5631421752992454 -1.32563526251664 -1.8710648276953918 -0.8238407327630412 -0.7925493323342548 -0.779089995432065 -0.7656169243189931 -0.7642077207140724 -0.7650572445989686 -0.7742575812377179 -0.7635918941842408 -0.7820181874602316 -0.7967549744123039 -0.8463769847610502 -1.3132341155487777 -0.8801189398652005 -1.3480543342504034 -1.3719484320402933 -1.334221027048503 -0.6902568227054724 -0.7254811819311788 -0.7569524703386582 -0.7423371249174484 -0.7956884204466191 -0.7857833174166586 -1.3069591013277806 -1.7772376354769324 -1.7597327275134635 -1.1579010363927387 -1.1647774429622828 -1.7442510917401013 -1.2059058234390414 -1.7047219383010666 -1.2560463391741594 -1.2303450724098186
-0.8676736416839215 -1.2948304930605643 -1.2937632067034852 -0.8597620353742415 -0.8239983929594298 -1.7670471855638983 -0.7619287762987702 -0.7560164394071064 -0.7762630206007385 -0.780618497790286 -1.9149672009891152 -1.885142797016594 -1.3404119138535704 -2.4304565245153307 -1.875213339108706 -1.8880590454853865 -0.7327588150845916 -1.296545948616436 -1.2551950476842169 -0.804164261804242 -1.732589877116193 -1.7937211764399608 -0.7541639708472268 -0.761449697419164 -0.7108049401453299 -0.757681951935772 -0.7386731393688727 -0.7495135922549626 -0.7530082050467531 -0.7531771475066892 -0.7511400957609595 -0.747273691118197 -1.324310965614581 -1.2929823898959376 -1.264937657835883 -1.1765844068970213 -2.4708739682660936 -1.3094858930158966 -1.4165796186090884 -1.3027668495819014 -1.163292789837844 -1.2353653532730349 -0.7853294338506749 -1.2971929198636407 -1.258134254395738 -1.7696796193340716 -1.2896050213247894 -1.801907252982649 -0.8080574624375716 -0.7973120510710031 -1.2784986975994752 -2.40780006164858 -1.8933046245021001 -1.333020930334744 -1.312604534429949 -0.7490505040916332 -0.7515489033008819 -0.7423348594669432 -0.7610907249435698 -0.7411518662561464 -0.7391460631438284 -0.7456942676706365 -0.763963240874865 -0.7773062920391864 -1.000161376910119 -1.0221946627741128 -1.2402696147178554 -0.9978162448759719 -1.1671793904663106 -1.031652140534107 -0.8650836173214752 -0.776394562721532 -1.2392993040423796 -1.3365430870332782 -1.3123352922863092 -1.855634355145939 -1.3679846785614278 -0.8126271982034242 -0.7642111647965693 -1.1726823348843596 -1.256169446216958 -1.2399202313501028 -1.235861269590591 -1.2543702909246552 -2.5233748684774993 -0.903325200224926 -1.299935007803588 -1.3472438320719922 -0.7492040947234427 -0.780951838863391 -0.7745256759976284 -0.8359743314099046 -0.7832525593735417 -0.8320245765327453 -0.7858292436861948 -0.7567701829141712 -1.2989615248302915 -1.2465182849627703 -0.8071481979778803 -0.8145572700133373 -0.928224180078338 -1.3668232346652198 -0.9502439361090845 -1.3281363782572309 -0.7884510889241795 -0.780773315571857 -0.7514001052778088 -0.7550565921434905 -0.7674737800592742 -0.7915774982211045 -0.8013780186504159 -0.7961221716428596 -1.2114562721871243 -0.7962937062216493 -0.770463958063389 -1.2526928223801213 -1.7692742317298522 -0.8640658051650577 -1.282628124575735 -0.7619554777263408 -0.7729047255425677 -0.7706155045326651 -0.7590085205655852 -0.7625529503950841 -1.254682342139658 -2.592139568963846 -0.8656840566049875 -1.8710648276953918 -0.8238407327630412 -0.7983452230214374 -0.7820576069041187 -0.7656169243189931 -0.7642077207140724 -0.7650572445989686 -0.7742575812377179 -0.7762422773185229 -0.7820181874602316 -0.7972968557155897 -0.8728101720558997 -1.3132341155487777 -0.8801189398652005 -1.3387674743086808 -1.3571803080355131 -1.345249352178646 -0.6902568227054724 -0.7170662463364421 -0.7690357192429714 -0.7727591316471458 -0.7614492434283588 -0.796848461419883 -1.2952603369157618 -1.7772376354769324 -1.727205439818133 -1.1579010363927387 -1.1647774429622828 -1.7442510917401013 -1.2170437876529656 -1.7388724579997183 -1.2560463391741594 -0.7709396063697462
-0.879220440877063 -1.2948304930605643 -1.2937632067034852 -0.8597620353742415 -0.8239983929594298 -1.7670471855638983 -0.7619287762987702 -0.7560164394071064 -0.7701263968964913 -0.7815198425229021 -1.9149672009891152 -1.885142797016594 -1.3301005692723373 -2.4304565245153307 -1.875213339108706 -1.8737938177437898 -0.7436815879375221 -1.2788097210199993 -1.2551950476842169 -0.7951974297168809 -1.732589877116193 -1.7937211764399608 -1.2381602657776136 -0.761449697419164 -0.7108049401453299 -0.7489398760223738 -0.7592090219122527 -0.7495135922549626 -0.7587384358776914 -0.7629412871487505 -0.7511400957609595 -0.7385114962860199 -1.324310965614581 -1.2929823898959376 -1.218541671384559 -1.1765844068970213 -1.8277169254031762 -1.3094858930158966 -1.4054004295694602 -1.3027668495819014 -1.163292789837844 -1.2465983724695773 -0.7853294338506749 -1.3048954459869662 -1.2635201055459233 -1.7696796193340716 -1.2850187631740364 -1.7953489244210732 -0.8151914681300172 -0.7806075155883234 -1.2784986975994752 -2.40780006164858 -1.8933046245021001 -1.3830692120029764 -1.3198413440942132 -0.7723319663227685 -0.7515489033008819 -0.7423348594669432 -0.7406047468300767 -0.7411518662561464 -0.7391460631438284 -0.7517242256419756 -0.7707663384219957 -0.7773062920391864 -1.000161376910119 -1.0221946627741128 -1.2324169948308994 -0.9978162448759719 -1.1671793904663106 -1.0227579867607002 -0.8744336166747385 -0.776394562721532 -1.2454974858014956 -1.3449780332263026 -1.32139151334253 -1.855634355145939 -1.350553747744989 -0.8126271982034242 -0.8257108003265506 -0.7340710890260633 -1.256169446216958 -1.2294102428215314 -1.228338892283784 -1.2543702909246552 -2.5233748684774993 -0.903325200224926 -1.299935007803588 -1.3472438320719922 -0.7492040947234427 -0.780951838863391 -0.7926141745867249 -0.8268910403924981 -0.7832525593735417 -0.8320245765327453 -0.7939501613283175 -0.7567701829141712 -1.2989615248302915 -1.2465182849627703 -0.8071481979778803 -0.8145572700133373 -0.928224180078338 -1.3537312461289406 -0.9502439361090845 -1.3737427806632714 -0.7960297006089884 -0.7870769290018165 -0.7514001052778088 -0.7550565921434905 -0.7768931276612612 -0.7994202483786468 -0.7961800612891564 -0.7869212950983462 -1.2114562721871243 -0.7882365418538578 -0.770463958063389 -1.303358230146745 -1.7692742317298522 -0.8660195904658515 -1.282628124575735 -0.7619554777263408 -0.7541477347014339 -0.7706155045326651 -0.7703642034663378 -0.7407214336704604 -1.2453947606973683 -2.464209599988461 -0.819536516473986 -1.8710648276953918 -0.8419609882209039 -0.7888377631358914 -0.7722450680770196 -0.7772776449921704 -0.7659943943439687 -0.7455338655109982 -0.7742575812377179 -0.7762422773185229 -0.7820181874602316 -0.8416412161874081 -0.8728101720558997 -1.3132341155487777 -0.8714451712147409 -1.3287837358787356 -1.3103697704525326 -1.345249352178646 -0.6756405055158562 -0.7170662463364421 -0.7561074794892105 -0.7727591316471458 -0.7609226951963135 -0.7578382107699476 -1.2621265909343458 -1.767618976736499 -1.7454178063860284 -1.1579010363927387 -1.2222362525556476 -1.7442510917401013 -1.2304266106644377 -1.7388724579997183 -1.2344500516401866 -0.7709396063697462
-0.8901348797822505 -1.3033312321531996 -1.2874481519620269 -0.8597620353742415 -0.8239983929594298 -1.206001986351638 -0.7619287762987702 -0.7447730459183083 -0.7701263968964913 -0.7814255359287081 -1.9491010019033832 -1.9121004288361891 -1.353918533358954 -2.4304565245153307 -1.8607791892069865 -1.8737938177437898 -0.7365711889743427 -0.8097753196334964 -0.7973045949357087 -1.25242929026979 -1.744463740830335 -1.7937211764399608 -0.7885716515447474 -0.7785701089222247 -0.7169701359010586 -0.7489398760223738 -0.7592090219122527 -0.763944108461901 -0.7587384358776914 -0.7629412871487505 -0.7379410571597728 -0.7454583785478589 -1.324310965614581 -1.2423848295321824 -1.2010722777274996 -1.1869698276581013 -1.8146752165228979 -1.2949072877980106 -1.4380165500826823 -1.28876459580057 -1.163292789837844 -1.2465983724695773 -0.7853294338506749 -1.2915537196628188 -1.2635201055459233 -1.2269465993654072 -1.2850187631740364 -1.7953489244210732 -0.7813483670568611 -0.7806075155883234 -1.2869652021200013 -2.367533118307098 -1.9037294002556655 -1.9958930563348543 -1.3240101880624737 -0.7788401735846717 -0.7515489033008819 -0.7423348594669432 -0.7315627451762892 -0.7470381287971561 -0.7391460631438284 -0.7503273939984615 -0.7521359453690445 -0.7773062920391864 -0.9921737155295283 -1.0274230090163046 -1.2324169948308994 -1.007150657598389 -1.1671793904663106 -1.0227579867607002 -0.8744336166747385 -0.7891315640045892 -1.2521240047954076 -1.3664898565018304 -1.3487386505011791 -1.8453626369438827 -1.350553747744989 -0.8126271982034242 -0.8119372753267533 -1.1811375000354412 -1.256169446216958 -1.2283330149008653 -1.228338892283784 -1.2519075229880647 -2.5233748684774993 -0.903325200224926 -1.299935007803588 -1.3472438320719922 -0.7579100596703354 -0.7873397863228566 -0.7806618987412403 -0.8117000604163462 -0.8252388273006696 -0.8320245765327453 -0.7939501613283175 -0.7663551667356809 -1.2989615248302915 -1.2465182849627703 -0.8071481979778803 -0.8145572700133373 -0.8983188749290126 -1.3537312461289406 -0.9502439361090845 -1.3710204415515503 -0.7960297006089884 -0.811825994047192 -0.787882630146129 -0.7749572614801414 -0.7460908824016997 -0.7939761118691643 -0.8154550103438611 -0.7869212950983462 -1.2114562721871243 -0.7682504712030871 -0.770463958063389 -1.303358230146745 -1.8523726700769823 -0.8660195904658515 -1.282628124575735 -0.7619554777263408 -0.7389251267098133 -0.7613518983268621 -0.7703642034663378 -0.7491759647834533 -0.8057227782248323 -2.374141918939585 -0.8296219183516728 -1.8710648276953918 -0.8222085474296552 -0.8022635120929086 -0.7986326738970905 -0.7954133341527273 -0.7659943943439687 -0.7455338655109982 -0.7727147551342473 -0.7703410993257809 -0.7642304031187139 -0.830056840757513 -0.8728101720558997 -1.355303716718251 -0.8714451712147409 -1.3577375622010541 -1.3103697704525326 -1.345249352178646 -0.6826919104669136 -0.7507723299600689 -0.7561074794892105 -0.7520933519740141 -0.7609226951963135 -0.751857889850707 -1.2222343699309999 -1.767618976736499 -1.7454178063860284 -1.1579010363927387 -1.253735204988414 -1.7442510917401013 -1.2476726150581825 -1.7388724579997183 -1.8011171098523662 -0.7709396063697462
-1.2520280564156285 -0.8344602714330291 -0.7965260669007805 -0.8156691340411963 -0.8140627686952269 -1.247981230231203 -0.7757185345768023 -0.7761872851634687 -0.7655801387645268 -0.729836684822976 -1.3231212022046144 -1.2741124193177589 -0.8660113053990693 -1.2328965674092434 -0.8381163683027415 -1.278189622180572 -0.7267533095219609 -0.7429929039078207 -0.7147726551299602 -0.8021423736387712 -1.1880736215859524 -0.7443331010567039 -0.7700195651361416 -0.7414410960381269 -0.7574668968813746 -0.7630936940318629 -0.7655224044112865 -0.7801134030820979 -0.7611900636464609 -0.7599011385000909 -0.7434728935747243 -0.7460997658104256 -0.8033955578969999 -0.7763436972112523 -1.7790531218621255 -1.2295015207309699 -1.8157722797229718 -1.8270302049478744 -1.3979129884890886 -1.28876459580057 -0.7868527325111618 -1.28797847290944 -0.778315792189478 -1.3294885580268658 -1.8164377058190806 -1.7696796193340716 -1.2850187631740364 -1.7953489244210732 -0.716781634994637 -0.720573295069031 -0.7544359729956835 -1.2455594211527379 -1.369219853121054 -1.3387040802962702 -0.8376867603138424 -0.7887974050260885 -0.776636195482883 -0.7769351393631244 -0.7465529844947097 -0.7642505227359746 -0.7404709830359193 -0.7675114579993401 -0.7707217141796306 -0.7543886034261847 -0.8040572116368597 -0.8171587198136141 -0.8122090984272118 -0.7770946163330225 -0.7519648506191985 -0.7745643151503941 -0.8321490854810356 -0.7501991612381124 -0.769458537577059 -0.8402548999068697 -1.229489013840804 -1.1894158708135034 -1.2264362206747648 -0.7908982430013392 -0.7434854686040856 -0.7470329816909472 -0.7949134962366193 -0.7749099800765819 -0.7758265131127958 -0.7649100316619275 -1.7999046929553508 -0.8853867001064183 -1.3749349192908042 -1.385029113605457 -0.7844526765822335 -0.8156429707412703 -0.8659627364173321 -1.0998797688964546 -0.8221139834515483 -0.8346339702779187 -0.814386035126806 -0.7752025916176667 -0.7955756027710787 -1.2524112548934316 -0.8215418028587552 -0.8751882660848808 -0.9102245485611483 -1.3144798782752964 -0.8581375826581421 -1.3603146947982137 -0.7832620912344272 -0.9205825057699303 -0.8911782868618171 -0.7514073061688669 -0.7299295134915644 -0.7771823518815654 -0.7653262003376535 -0.7562776586992779 -0.7642681487207356 -0.7633540289095564 -0.7596442408529349 -0.8079318536878533 -1.1688479829218401 -0.8106352360795095 -0.7577934043726534 -0.7771277477507843 -0.7694430076543196 -0.7732457809252964 -0.7700974080240137 -0.8184635460307452 -0.8448571289403692 -2.4369496390986094 -0.8578691260188822 -1.328726820491715 -1.267358912261603 -0.7964226241368666 -0.8298043027560792 -0.8264688306471265 -0.787661287231751 -0.7914197217946584 -0.7488623763217965 -0.7290049091802202 -0.7409158757575117 -0.7871837152257825 -0.7894305611327275 -0.8775772169882233 -0.7886404000427515 -1.2823669721328688 -1.36920821504778 -1.3331742731213667 -0.750088169865582 -0.7671909190791625 -0.799095235790164 -0.7972292014795553 -0.7871539152288008 -0.8106766943067566 -1.2237749785486607 -1.8261421741001975 -1.2852303630185853 -1.3634562500656806 -1.4676016164845258 -1.2272727809082151 -1.299916886872564 -1.2061026327550308 -1.7797299360658225 -0.7728527007851436
-1.2988671928938937 -1.3417262013420321 -1.2945903777584837 -0.8677825866328747 -0.8276169122374303 -1.2636184087153877 -0.8000529971213816 -1.2351219762883274 -0.7704874958152558 -0.7997992763701642 -0.8188376321636328 -0.8319325669547732 -0.8564343645862943 -1.217738176956566 -1.306116985188391 -0.8527071050910637 -1.217924479200278 -0.8045472747622935 -0.8233666858101951 -0.7710944342561522 -1.249854000292859 -0.7543914435075288 -0.7761412310880634 -0.7839108556703034 -0.7349119947961179 -0.739028626530805 -0.7491083449731241 -0.7507791370910585 -0.7379497228848501 -0.7041775826141856 -0.7321042434861481 -0.7335361047787852 -1.9285246922970403 -1.326543297009078 -1.731779202034467 -1.8148902098606114 -3.1235974969085043 -1.8470778249154292 -1.3898533166178602 -1.3254605457309911 -1.2551120749852982 -1.7978033544909622 -0.8213927134346505 -1.3407770457996289 -1.8255184658577421 -1.7937810319683565 -1.302505652586535 -1.8171417605433864 -0.7518795617085665 -1.1714982986898548 -1.259212547312183 -1.226767642783908 -1.804495440821797 -0.8806757246822372 -0.7404379280557826 -0.7900856004014501 -0.7901676172993708 -1.185695214286269 -0.7818108927647349 -0.7706733686875568 -0.7492185359605361 -0.7700741359852362 -0.7582201667245946 -0.7854497223310147 -1.1667855494037025 -1.1341515794938195 -1.2897619939312117 -1.1450432916362954 -1.7996085223405278 -1.0964501369015405 -0.9257584622404765 -1.2832488271957632 -1.2490820855365068 -1.346279964399681 -1.8035660679541672 -1.2851340664628337 -1.864456217218008 -0.8146538979150101 -0.8587735081057281 -1.2206153284978802 -0.821176119451126 -1.2954683443645643 -1.237653959528847 -0.7754476873913141 -1.8730040001020667 -1.2699035646440109 -1.3989658638796358 -1.826899128349979 -0.839329983802279 -0.8494317477710961 -0.8357356038118995 -0.8300537490794493 -0.8305945453861797 -0.8823146916375878 -0.8635710899055736 -0.7401989059963903 -0.7555291028882435 -0.8038907570155182 -1.2607550207796152 -0.7566487105444779 -0.839529964895411 -1.3075686430240803 -1.0203414010431522 -1.432911815213762 -1.200419622558533 -1.3668313831382506 -1.1659202715007757 -1.2072207224066542 -0.8113105079962851 -1.26489361883294 -1.2831960228139123 -1.2446358996947016 -1.1869692457539143 -1.179513983401182 -0.7725343600037466 -1.1785278150672047 -1.2143277429067711 -0.7860890250811307 -1.1954024194030135 -0.7578115560468167 -0.7514479320886488 -0.73644781972155 -0.7320460186850014 -0.8010425721394386 -0.806757617282128 -1.7787627334413747 -0.849130547094119 -1.9198892378371886 -0.8165599372199374 -0.811015814358972 -0.8332305160306733 -0.8011745615795479 -0.7870365418168025 -0.7699423230339523 -0.7773125522319081 -0.7523288106498444 -0.8169545826737481 -0.8704782501977153 -0.8381789516623257 -0.8609894932526945 -1.4073430028493543 -1.3664240515428745 -1.9288962903337892 -1.4040810975692404 -0.6956775536794774 -1.191921959346592 -1.224177374888286 -0.8057425401324428 -0.7646219137781681 -0.8184318294975922 -1.2505269465960551 -1.8255947191472661 -2.435504821088318 -1.5142465479472589 -1.390025750367454 -1.7595659290507784 -1.2256328769641451 -1.754450563270885 -1.2775930508608009 -0.7843149820781761
-1.2988671928938937 -1.3417262013420321 -1.2945903777584837 -0.8677825866328747 -0.8276169122374303 -1.2570704989643298 -0.8000529971213816 -1.2351219762883274 -0.7704874958152558 -0.7997992763701642 -0.8188376321636328 -0.8319325669547732 -0.8480345692023361 -1.217738176956566 -1.306116985188391 -0.8527071050910637 -1.217924479200278 -0.8045472747622935 -0.8233666858101951 -0.7710944342561522 -1.249854000292859 -0.7730486612462388 -0.7796037426850674 -0.7839108556703034 -0.7349119947961179 -0.7454313765115271 -0.7491083449731241 -0.7507791370910585 -0.7379497228848501 -0.7041775826141856 -0.7483234359093303 -0.7335361047787852 -1.9285246922970403 -1.326543297009078 -1.731779202034467 -2.451014708181254 -3.0773706595527552 -1.8470778249154292 -1.3898533166178602 -1.3254605457309911 -1.2551120749852982 -1.7978033544909622 -0.8213927134346505 -1.3407770457996289 -1.8255184658577421 -1.7937810319683565 -1.302505652586535 -1.8171417605433864 -0.7518795617085665 -1.1714982986898548 -0.8001819775188734 -1.2147451772235462 -1.7868140015753895 -0.8806757246822372 -0.7404379280557826 -0.7965785661247199 -0.7901676172993708 -0.7439562228850837 -0.7818108927647349 -0.7706733686875568 -0.7492185359605361 -0.7612608133746628 -0.7724147619085348 -0.7854497223310147 -1.1667855494037025 -1.1341515794938195 -1.2897619939312117 -1.1450432916362954 -1.7996085223405278 -1.0872455080857526 -0.9257584622404765 -1.2832488271957632 -1.2490820855365068 -1.346279964399681 -1.8220231790669714 -1.2851340664628337 -1.864456217218008 -0.8146538979150101 -0.8587735081057281 -1.2206153284978802 -0.821176119451126 -1.2954683443645643 -1.2452051018767762 -0.7880141163482187 -1.8730040001020667 -1.2699035646440109 -1.3989658638796358 -1.826899128349979 -0.839329983802279 -0.8494317477710961 -0.8357356038118995 -0.8182583155529995 -0.8305945453861797 -0.8823146916375878 -0.8635710899055736 -0.7401989059963903 -0.7555291028882435 -0.791665445840984 -1.2607550207796152 -0.7566487105444779 -0.839529964895411 -1.3075686430240803 -1.0203414010431522 -1.432911815213762 -1.200419622558533 -1.3668313831382506 -1.1659202715007757 -1.1855091341909603 -0.8113105079962851 -1.8091989093331458 -1.2831960228139123 -1.2446358996947016 -1.1869692457539143 -1.185337542999171 -0.7725343600037466 -1.1785278150672047 -1.2143277429067711 -0.7914532752398561 -1.1954024194030135 -0.7578115560468167 -0.7514479320886488 -0.73644781972155 -0.7320460186850014 -0.8010425721394386 -0.806757617282128 -1.7787627334413747 -0.849130547094119 -1.9198892378371886 -0.8165599372199374 -0.811015814358972 -0.8332305160306733 -0.8230783459886094 -0.8115064857724482 -0.799911179810768 -0.7773125522319081 -0.7523288106498444 -0.8169545826737481 -0.8704782501977153 -0.8381789516623257 -0.8706087523194713 -1.4073430028493543 -1.3615690491220531 -1.9288962903337892 -1.4040810975692404 -0.6956775536794774 -1.191921959346592 -1.2168539367103979 -0.8057425401324428 -0.7646219137781681 -0.8184318294975922 -1.2505269465960551 -1.8255947191472661 -2.435504821088318 -1.5142465479472589 -1.3764960583709085 -1.7595659290507784 -1.2390635248834558 -1.754450563270885 -1.2775930508608009 -0.7843149820781761
-1.2988671928938937 -1.3417262013420321 -1.2945903777584837 -0.8677825866328747 -0.8276169122374303 -1.2570704989643298 -0.8000529971213816 -1.2351219762883274 -0.7508121182191003 -0.7997992763701642 -0.8188376321636328 -0.8319325669547732 -0.8480345692023361 -1.217738176956566 -1.306116985188391 -0.8654593658993142 -0.768831967215852 -0.8045472747622935 -0.8233666858101951 -0.7710944342561522 -1.2601533184643674 -0.7730486612462388 -0.7796037426850674 -0.7906812040547015 -0.7349119947961179 -0.7454313765115271 -0.7491083449731241 -0.7507791370910585 -0.7379497228848501 -0.7041775826141856 -0.7483234359093303 -0.7335361047787852 -1.9285246922970403 -1.326543297009078 -1.731779202034467 -2.451014708181254 -3.0773706595527552 -1.8470778249154292 -1.373026285615585 -1.3254605457309911 -1.2551120749852982 -1.7978033544909622 -0.8213927134346505 -1.3407770457996289 -1.8255184658577421 -1.7937810319683565 -1.302505652586535 -1.8171417605433864 -0.7518795617085665 -1.1714982986898548 -1.259212547312183 -1.2147451772235462 -1.775025241295211 -0.8806757246822372 -0.7502578586509089 -0.7965785661247199 -0.7901676172993708 -0.7439562228850837 -0.7818108927647349 -0.7706733686875568 -0.7492185359605361 -0.7612608133746628 -0.7582201667245946 -0.7854497223310147 -1.1667855494037025 -1.1341515794938195 -1.2897619939312117 -1.1450432916362954 -1.7996085223405278 -1.0872455080857526 -0.9257584622404765 -1.2916473798896668 -1.2490820855365068 -1.346279964399681 -1.8220231790669714 -1.2851340664628337 -1.844672004412067 -0.8146538979150101 -0.8587735081057281 -1.2206153284978802 -0.7767582627427797 -1.2954683443645643 -1.2452051018767762 -0.7880141163482187 -1.8730040001020667 -1.2699035646440109 -1.3989658638796358 -1.826899128349979 -0.839329983802279 -0.8494317477710961 -0.8357356038118995 -0.8182583155529995 -0.8305945453861797 -0.8823146916375878 -0.8635710899055736 -0.7563099438653952 -0.7555291028882435 -0.8090122564883901 -1.2607550207796152 -0.7566487105444779 -0.839529964895411 -1.3075686430240803 -1.0203414010431522 -1.432911815213762 -1.200419622558533 -1.3668313831382506 -1.1659202715007757 -1.1855091341909603 -0.8113105079962851 -1.8091989093331458 -1.2831960228139123 -1.2446358996947016 -1.1869692457539143 -1.185337542999171 -0.7725343600037466 -1.1785278150672047 -1.2143277429067711 -0.7914532752398561 -1.1954024194030135 -0.7578115560468167 -0.7514479320886488 -0.73644781972155 -0.7320460186850014 -0.7938709388050553 -0.7916853995404727 -1.7787627334413747 -0.849130547094119 -1.9198892378371886 -0.8165599372199374 -0.811015814358972 -0.8332305160306733 -0.8230783459886094 -0.8115064857724482 -0.8160748932572305 -0.7773125522319081 -0.7523288106498444 -0.8169545826737481 -0.8704782501977153 -0.8381789516623257 -0.8706087523194713 -1.4073430028493543 -1.3615690491220531 -1.9288962903337892 -1.414863347546481 -0.6956775536794774 -1.191921959346592 -1.2168539367103979 -0.8057425401324428 -0.7646219137781681 -0.8184318294975922 -1.2505269465960551 -1.8255947191472661 -2.435504821088318 -1.5372711849130358 -1.3764960583709085 -1.7595659290507784 -1.2789315391065934 -1.754450563270885 -1.2775930508608009 -0.7843149820781761
-1.2099446822571913 -0.8289486791730742 -0.8023392505939465 -0.8104618652159196 -0.8121615135568621 -1.23006118172863 -0.7744711663693711 -1.2164827940571377 -0.7954007345071376 -1.2836046587580745 -1.3083837859756555 -1.7681307244905016 -1.3088344420741183 -1.8293764492055578 -1.479490446524321 -1.9141268349327112 -1.2213140723959526 -1.27216748097577 -0.84989519808042 -0.9366288562703582 -2.524313071427959 -0.7967662732983212 -0.8097072736196782 -0.7689211225439679 -1.196793326132065 -0.7739384150433478 -0.760005101954117 -0.7258583062131058 -0.7427126398988566 -0.7125946178545538 -0.7376064966645299 -0.7498726219140706 -1.20315341928107 -0.8885830807984483 -1.7858257882463264 -1.80765667862704 -2.281365959890554 -1.8082675010080191 -1.2739157582963478 -0.8337585368632676 -0.8219338082272157 -1.2071056983385784 -0.7941741889263716 -0.8774989781664692 -1.2557909904346987 -1.2323384255278746 -0.839089686565738 -1.280043550904029 -0.7840646633707969 -1.2927819077534377 -1.2983215091897335 -1.8754047334837642 -3.2081491091343053 -1.4654779378922849 -0.8714452860864688 -0.7812383520295154 -0.7691569549364957 -1.225169095656379 -0.7629482245881497 -0.7742898231631912 -1.184275676873511 -0.756063531825774 -0.7662556504514952 -0.7600291495433705 -0.9221350872539082 -0.8917045684486467 -0.8333212186325156 -0.9622255859992397 -1.3412831267124303 -1.3251785122327628 -0.9498481201406974 -1.2638486614358704 -0.8994728167858675 -0.9482003400296348 -2.461802943899932 -1.2507225193107128 -1.7580023517884373 -1.2582831179729266 -1.2519512792519172 -1.2178466484790194 -0.8004536912713611 -0.8834612981631663 -0.8122859432892366 -1.7953917097304524 -1.8751726276997103 -1.2476495910576648 -1.3333544801376647 -1.7244631998645887 -1.2886544821461379 -0.7930616498346372 -1.1812123054239558 -1.1248943558646993 -0.8562074638032809 -0.8211762967397538 -0.824983555018944 -0.7584301932555134 -1.2585563963402628 -1.8255622332142147 -0.8123336911229211 -0.8096427914619744 -0.9100334020017179 -1.7083578210321477 -0.9016007928435981 -0.8732598858773162 -1.1760017716206899 -2.0280524879394646 -1.1431699775305273 -1.2225530415031791 -0.803158679490039 -1.772833028627676 -1.2232031684939078 -1.1867070109389433 -0.801069320293003 -1.8384076083760907 -0.8661349630337307 -1.3199744581397914 -2.438728985138238 -1.241071852395897 -0.7435519267272616 -0.761177834435357 -0.7807826895283245 -0.7571786073842809 -0.7250412160771385 -0.7789560013128797 -0.7844996310603406 -2.4641762189064305 -0.8377294860111965 -1.9279520958604823 -0.7903965238818229 -0.7995729319250294 -0.7775631857729619 -0.8122085257752083 -0.8118567797402968 -0.8093730680413778 -0.7976471680724896 -1.1993546778587034 -0.8052524484402654 -1.912653723673135 -1.3749622667755113 -0.8647613098521145 -1.9260530643332778 -1.2610817636357774 -1.295686694741072 -1.2602148423433897 -0.7123497374901577 -1.1995547815441279 -1.2013848284661834 -0.7701717901545417 -0.7764313725084651 -0.8308304412977595 -1.2116467390332732 -1.3062835282354326 -1.9144622440214834 -1.6179434589039403 -1.4374441732087917 -1.2388875065647482 -1.1861549461226912 -1.1554318108823731 -1.2578242567610218 -0.7573429316333835
-1.2236381740496065 -0.8265541620240502 -0.8023392505939465 -0.8104618652159196 -0.8121615135568621 -1.2354560521026337 -0.7813947360040943 -1.2164827940571377 -0.7989036487619705 -1.2595566940618041 -1.3015025792630281 -1.7812799443963847 -1.3208052503935692 -1.8293764492055578 -1.479490446524321 -1.8801436488549546 -1.2099396083984846 -0.8103882955600106 -0.8433631270670943 -0.9366288562703582 -2.524313071427959 -0.7967662732983212 -0.8097072736196782 -0.7547219381442815 -0.7590591017575989 -0.7739384150433478 -0.7667753335679499 -0.7258583062131058 -0.7584995711775712 -0.7295741015173134 -0.7489610525348699 -0.7498726219140706 -1.20315341928107 -0.8477225169732264 -1.7858257882463264 -1.80765667862704 -2.2881905674170513 -1.8082675010080191 -1.3107888982160545 -0.8337585368632676 -0.8219338082272157 -1.1995278174667787 -0.7984137884393948 -0.8602523022482473 -1.2498063880386472 -1.2323384255278746 -0.8312548928048799 -1.3232990746855604 -0.7864743694841327 -1.284019111327655 -1.2983215091897335 -1.8754047334837642 -3.194548799475545 -1.4654779378922849 -0.8714452860864688 -0.8092799741741236 -0.7691569549364957 -0.7801653985167577 -0.7629482245881497 -0.7823174346202387 -0.762640007405406 -0.8010447049605415 -0.7805496708596938 -0.7600291495433705 -0.9156821125657921 -0.8917045684486467 -0.8333212186325156 -0.9012060320897105 -1.3412831267124303 -0.8496502650509139 -0.9498481201406974 -1.2638486614358704 -0.8994728167858675 -0.9583376955191213 -2.440551319545179 -1.2507225193107128 -1.7580023517884373 -1.2582831179729266 -1.276397998866298 -0.7875320953540743 -0.8457374503124553 -0.8834612981631663 -0.8122859432892366 -1.7953917097304524 -1.8751726276997103 -1.2080068868113132 -1.3182372071250552 -1.7244631998645887 -0.8248174714178426 -0.7930616498346372 -1.1921725667157954 -1.1248943558646993 -0.8562074638032809 -0.8868289253457686 -0.8318635109833957 -0.7517507116313019 -1.2585563963402628 -2.461134713928237 -1.275037655583984 -0.8096427914619744 -0.923308133938959 -1.7572156832572772 -0.9016007928435981 -0.8801480642276276 -1.1760017716206899 -1.9988820309728432 -1.1431699775305273 -1.2225530415031791 -0.803158679490039 -1.772833028627676 -1.2038668713596705 -1.1867070109389433 -0.801069320293003 -1.8260395392690196 -0.7597280545076307 -0.8472903158938326 -1.8049350311805998 -0.7819190082383958 -0.7435519267272616 -0.761177834435357 -0.7807826895283245 -0.7711648245544768 -0.7173806747653483 -0.7876982646879773 -0.7774514386853315 -3.141049350247234 -0.8377294860111965 -1.9279520958604823 -0.7935339648741737 -0.8121356562691942 -0.844072405105118 -0.8122085257752083 -0.8118567797402968 -0.7932962031480469 -0.7892453446884041 -1.191231472695343 -0.7959161736119573 -1.912653723673135 -1.3749622667755113 -0.8647613098521145 -1.3354567724372013 -1.2610817636357774 -1.295686694741072 -1.295234888182086 -0.7040386362237028 -1.1864939186629926 -1.2013848284661834 -0.7701717901545417 -0.7764313725084651 -0.8308304412977595 -1.2223652759541646 -1.3170935966090793 -1.90864580602814 -1.6486309790870002 -1.4374441732087917 -1.2727340169706756 -1.2251566722046279 -1.1554318108823731 -1.2578242567610218 -0.7573429316333835
-1.2509035340459609 -0.8331456331925698 -0.7975422220809594 -0.8104618652159196 -0.8072287986949365 -1.2354560521026337 -0.7813947360040943 -1.2049104613983794 -0.8087107788366218 -1.2846983639502898 -1.3015025792630281 -1.7812799443963847 -1.3208052503935692 -1.8217011117189592 -1.4515108677866058 -1.8801436488549546 -0.7555221102043909 -0.8046703709454767 -0.8433631270670943 -0.9366288562703582 -2.524313071427959 -0.7967662732983212 -0.8168605996930031 -0.7547219381442815 -0.7590591017575989 -0.7739384150433478 -0.7612662347008639 -0.7258583062131058 -0.7584995711775712 -0.7295741015173134 -0.7298943413643553 -0.7410898707547946 -1.186254434168292 -0.8329699898670957 -1.7858257882463264 -1.2335427306882645 -2.2742203788149546 -1.7961336249953066 -1.292188428130432 -0.803648742730801 -0.8219338082272157 -1.1995278174667787 -0.7820312021205306 -0.8235917945154767 -1.2498063880386472 -1.2323384255278746 -0.8312548928048799 -1.2658775738372987 -0.7743268401991052 -1.2596983971507378 -1.2983215091897335 -1.8754047334837642 -3.2081491091343053 -1.4654779378922849 -0.8714452860864688 -0.8092799741741236 -0.7691569549364957 -0.7614455877705838 -0.7537232907740544 -0.7455082523415985 -1.1712766587618701 -0.7885755268910234 -0.7805496708596938 -0.7600291495433705 -0.9081056808462942 -0.8917045684486467 -0.827079044270575 -0.9012060320897105 -1.3412831267124303 -1.3251785122327628 -0.9498481201406974 -1.2638486614358704 -0.8994728167858675 -0.9776337995636643 -2.440551319545179 -1.2507225193107128 -1.7993107922707112 -0.8174170458207155 -1.2658732888730917 -0.7875320953540743 -0.8457374503124553 -0.8669702810761045 -0.8122859432892366 -1.7953917097304524 -1.8751726276997103 -1.2476495910576648 -1.3182372071250552 -1.7244631998645887 -0.8382211208546178 -0.7930616498346372 -1.1790841233602676 -1.1066317856831986 -0.8562074638032809 -0.8591367362808702 -0.8290882206787644 -0.7517507116313019 -1.2585563963402628 -2.461134713928237 -1.275037655583984 -0.8096427914619744 -0.923308133938959 -1.7572156832572772 -0.9016007928435981 -0.8801480642276276 -1.1945449458032718 -2.0873562448646785 -1.1718602975794634 -1.2225530415031791 -0.803158679490039 -1.2403057944788962 -1.2038668713596705 -1.1849865533561732 -0.801069320293003 -1.259172900860588 -0.7597280545076307 -0.8697531002324397 -1.2440579198993105 -0.7819190082383958 -0.7435519267272616 -0.761177834435357 -0.7711687177719933 -0.7618968165296933 -0.7324185747093656 -0.7876982646879773 -0.7938418419363988 -3.1117464522684313 -0.8251964209533913 -1.9279520958604823 -0.7935339648741737 -0.8121356562691942 -0.8261901196902197 -0.8213975032870392 -0.8118567797402968 -0.7832143486976042 -0.7892453446884041 -1.191231472695343 -0.7850780396720909 -1.9306110517979393 -1.3749622667755113 -0.8647613098521145 -1.3245225128491187 -1.2610817636357774 -1.295686694741072 -1.2833353774388525 -0.6868937371429374 -1.1864939186629926 -1.2013848284661834 -0.7609866831929089 -0.7591424162421315 -0.8308304412977595 -1.2116467390332732 -1.2981047508947758 -1.933340771367872 -1.6249339802389229 -1.4374441732087917 -1.258753383571743 -1.2423653851103507 -1.1554318108823731 -1.83358968989336 -0.7573429316333835
-0.8408234497804252 -0.8023793024092795 -0.7969161268353373 -0.8027851098253133 -0.8085868351640133 -1.173074579912904 -0.7574880587856883 -0.7289572119932751 -0.8486173682446319 -1.2366811121575652 -2.5764488378488095 -3.1178433070571674 -2.535807798587238 -3.1105101895831457 -2.0090405112536005 -3.132377467171822 -0.7392144103443403 -0.7937100568430792 -0.8232921296685756 -1.382204872568442 -3.11212206417595 -1.8553711579554182 -1.2766662599803644 -0.759933682705705 -0.7344155233731372 -0.7775358002826837 -0.7633381502599612 -0.7369111416427908 -0.7635909018288014 -0.7609829278079949 -0.7434728935747243 -0.7460997658104256 -0.744430097895727 -0.7867066958495934 -1.217256792655398 -0.7313838197416843 -1.1463816009607561 -1.2095822796532447 -1.329781247355211 -0.8184893641131257 -0.7506877497048536 -0.7577528783500037 -0.7585716550205499 -0.7964401434175244 -0.7726205732765827 -0.7740099312172284 -0.8058427769307542 -0.814534152584049 -0.8078921842488022 -0.8371513409552708 -1.3264902248726294 -3.1425660985267676 -3.3095051523549954 -2.084582689586268 -1.4888202414422569 -1.2818634153217527 -0.7342107286405617 -0.753669631858204 -0.7377792351322798 -1.2141531727258015 -1.1821774783222938 -0.7848269538636669 -0.7601283754409907 -0.732866627799116 -0.7653952051441457 -0.7995254042962292 -0.7955003420097154 -0.7996423911330649 -0.8154293017452179 -1.2534911175172607 -0.9225842971559994 -0.7738666411629904 -0.8856584658558537 -0.9742786180349624 -1.9013781490037316 -1.8153854690815334 -1.310745168250551 -0.8153858975620231 -1.1728005222251072 -0.7424876398621358 -1.2874300932740284 -1.2772474867794268 -1.2578806679754175 -2.4817544570894383 -2.485624974490203 -0.8376036408190146 -1.1925234534517473 -1.2655719663311333 -0.7568727729960524 -0.7801108144650252 -1.103504737605791 -1.0998797688964546 -0.8170062749380174 -0.82037696238302 -0.7624490341919192 -0.7684941432186053 -1.3346951938902916 -3.135744540167833 -0.8182059409460771 -0.8277372177430861 -0.9855794839256642 -1.7731851854572476 -0.8811445413441126 -0.8165411850097579 -0.7390697197519256 -1.3541964668315731 -0.7292079153362497 -0.7847876557804073 -0.7383799547278728 -0.7498865926693049 -0.794019091712421 -0.7300132985276424 -1.8026197105578894 -0.7884615119779614 -0.800342391373013 -0.8802767749428464 -1.887920531964564 -0.8726121103350649 -0.8508591997750368 -0.7991812004637616 -0.7562140941148359 -0.7825462025753984 -0.7707497332008746 -0.7458593146122693 -0.8139335444801459 -1.7515506594711723 -0.765227926172557 -1.2565723769781683 -1.2003102895196274 -0.7459607634419507 -0.7525520954895975 -0.7540356471934556 -0.7579322042067342 -0.7589052634659715 -0.7725244390172843 -0.7726662400354847 -0.793876782288781 -1.8705754601946651 -1.3685848080671534 -1.3469258924865708 -0.8172648505846125 -1.2414954068173167 -0.8080592451423066 -1.2169685192867008 -0.6817564534666642 -0.7268005845881447 -0.7444701132806827 -0.7181329105477564 -0.7424456838024659 -0.7547665007639203 -0.7358402177580536 -0.7888428091021241 -1.2875482907307407 -1.2558577157391764 -1.2668445247044031 -1.2455221096713776 -1.2502564386885153 -1.1284794327711762 -1.7831546282231776 -0.7442766233462687
-0.8733214921789486 -1.3539895615831004 -1.2937632067034852 -0.8864709027958595 -0.8239983929594298 -1.1941247746574792 -0.7619287762987702 -0.7361499009206002 -0.7921808567991832 -0.7772865817176642 -1.8965255169723336 -1.9121004288361891 -1.9374910317269969 -2.3833296747210255 -1.8267486774938326 -2.549171781169034 -0.7634900481908862 -0.8055040301295774 -0.7973045949357087 -1.3085394137621664 -2.371574559214116 -1.7937211764399608 -1.242712380518786 -1.2289480803526294 -0.7157821552046066 -0.7489398760223738 -0.7457243949655846 -1.1966646985617448 -0.7569443219878276 -0.77567788706175 -0.7648895682899673 -0.7385114962860199 -1.3318815390076402 -1.2239156533653432 -1.2220443096170368 -1.1463632425995833 -1.8146752165228979 -1.2652171234541953 -1.3881324900075591 -1.3027668495819014 -1.163292789837844 -1.236342143383512 -0.7849872924052002 -1.2806130918838101 -1.228658777837931 -1.1948137645971377 -1.2225502560981936 -1.189857713436769 -0.79356815360902 -0.7871815283617507 -0.8215939372532333 -2.3520902363741882 -2.5263218967651206 -1.9665029414113626 -1.420477646672712 -0.8172158396647947 -0.7552266035730831 -0.756351544322512 -0.7710948396388203 -0.7548767774060435 -0.7414681338872144 -0.7497636540351409 -0.7521359453690445 -0.7617539698704944 -1.0133650900248405 -1.0451528243443773 -1.2324169948308994 -1.0641131875628735 -1.216553885007538 -1.5403114125359179 -0.92255146394004 -0.8233720298573868 -1.2622130893460037 -1.3664898565018304 -1.2686269199336275 -1.7993376116992432 -1.350553747744989 -0.7930319933924621 -1.2175829944237062 -0.749661116915236 -1.2415151766426527 -1.2378664198325229 -1.7780295792229646 -1.268505842007697 -2.5356721578426873 -1.3773355702451053 -1.299790329767501 -1.3678813485451415 -0.7439986777067351 -0.8247493872471602 -0.7711317960773004 -0.7887941766801669 -0.8252388273006696 -0.8428894539944027 -0.8104059446141302 -0.7415592256585763 -1.2752589589118035 -1.8348397441427924 -0.8071481979778803 -0.8061360144903663 -0.8905288508757486 -1.3216610104923008 -0.987101848136813 -1.350849571500094 -0.7300048716465826 -0.7682700991692115 -0.754103988743008 -0.7582959647482418 -0.7516966399296051 -0.7452746121915512 -0.8159944164448207 -1.2265109104693543 -2.4067023517293538 -0.8142283369039585 -0.770463958063389 -1.9222044035530048 -1.8523726700769823 -0.898567969344523 -1.3398647851279375 -0.7904942018429515 -0.74745624160034 -0.7706155045326651 -0.7598109812788364 -0.7496327750167856 -0.7845441714473391 -0.7538687846325681 -0.7649809951935015 -1.263910521375572 -0.767809857832144 -0.7639601288518381 -0.7583696020568355 -0.7821069791446226 -0.7667575603374319 -0.8306021207567801 -0.7727147551342473 -0.7703410993257809 -0.7930809904287605 -1.2984134108069167 -0.8728101720558997 -1.3970754035492479 -0.8714451712147409 -1.3359292969144296 -1.305067561385201 -1.3565491414431685 -0.6815297602387117 -0.7524886074666968 -0.7561074794892105 -0.7520933519740141 -0.7478442189282904 -0.7529418047817901 -0.7881921346669919 -1.208475607092935 -1.7933702127147588 -1.7076206794818607 -1.2648623173106353 -1.7875818505576606 -1.2304266106644377 -1.7218227957130963 -1.2165224484089043 -0.7709396063697462
-0.8506316959517495 -1.342843418339114 -1.2937632067034852 -0.8864709027958595 -0.8239983929594298 -1.1941247746574792 -0.7551204929643645 -0.7447730459183083 -0.7981383943918251 -0.7887659658817663 -1.9305513744547962 -1.9121004288361891 -1.912949740452444 -2.3916388120376486 -1.875213339108706 -2.450688617731901 -0.7521970806242964 -0.7879479277186523 -0.7973045949357087 -1.3085394137621664 -2.371574559214116 -1.7937211764399608 -1.2518721226924192 -0.7459307067343078 -0.7219768158080928 -0.7489398760223738 -0.7524093646173721 -0.7525254308993972 -0.7592400811892254 -0.7750349070707164 -0.7777561586597725 -0.7542758363311403 -1.3412289381949325 -1.2643947247274625 -1.2220443096170368 -1.1463632425995833 -1.8277169254031762 -1.252611858058375 -1.333627384594485 -1.3027668495819014 -1.163292789837844 -1.2465983724695773 -0.7849872924052002 -1.2723962103121162 -1.228658777837931 -1.2269465993654072 -1.2180851473522738 -1.1843963068749646 -0.7739880099397258 -0.7906825067304414 -0.8215939372532333 -2.3413594324496043 -2.545844551083235 -1.9958930563348543 -1.4346836745121698 -1.2966169833056564 -0.7552266035730831 -0.7749883692542905 -0.7710948396388203 -1.199829336218167 -0.751347067059429 -0.7762296539905716 -0.7521359453690445 -0.7617539698704944 -1.000161376910119 -1.0451528243443773 -1.2402696147178554 -1.0641131875628735 -1.1793550571005578 -1.0227579867607002 -0.890242235817233 -0.8061196894281805 -1.2821226813904543 -1.34340107233886 -1.2858624529815417 -1.8196090368259255 -1.350553747744989 -1.2757532217818128 -1.2702831404566972 -0.749661116915236 -1.2415151766426527 -1.2484127981252815 -1.789291504711074 -1.268505842007697 -2.5356721578426873 -1.3962353245485128 -1.3148055313418223 -1.359457920283922 -0.7439986777067351 -0.8358903486880306 -0.7864801311696232 -0.8037060496418091 -0.8252388273006696 -0.8428894539944027 -0.8141789896416153 -0.7663551667356809 -1.2837503986672587 -1.8084409581715675 -0.8071481979778803 -0.8061360144903663 -0.8983188749290126 -1.3537312461289406 -0.987101848136813 -1.3710204415515503 -0.7300048716465826 -0.755599338020234 -0.732165023363983 -0.7582959647482418 -0.7393091972853989 -0.7547267316676122 -0.8111873255762286 -1.2384305275840883 -2.3995627896404224 -0.7948062412128799 -0.770463958063389 -1.3447070305509228 -2.4894866297004947 -0.8467012528442744 -1.3398647851279375 -0.7904942018429515 -0.7367514566854282 -0.7706155045326651 -0.7598109812788364 -0.7512405580722744 -0.7627722609061104 -0.7553747235596672 -0.7528680612756181 -1.2498271654913662 -0.7586003111247153 -0.7638864322700342 -0.7883873750153937 -0.7770524320363879 -0.7942272532571291 -0.8197970160865005 -0.7727147551342473 -0.7703410993257809 -0.818141820980054 -1.2831632219851923 -0.8891734021499592 -1.3676535025843537 -0.8801189398652005 -1.3533408273937675 -1.3234940504378105 -1.3565491414431685 -0.6826919104669136 -0.7561146497586994 -0.7561074794892105 -0.7612068360926826 -0.7478442189282904 -0.7529418047817901 -1.2243467238482426 -1.7769434690519532 -1.8118323826986422 -1.690154094925639 -1.253735204988414 -1.7875818505576606 -1.2476726150581825 -1.7388724579997183 -1.2543402605444123 -0.7535564614946796
-0.8765227214110756 -0.8808666793286155 -1.2874481519620269 -0.8864709027958595 -0.8239983929594298 -1.1941247746574792 -0.7517885869737543 -0.7447730459183083 -0.8104065313961577 -0.788101182494235 -1.9275223643978026 -1.9121004288361891 -1.912949740452444 -2.3833296747210255 -1.8607791892069865 -2.429556713314408 -0.7631154599481874 -0.8097753196334964 -0.7973045949357087 -1.302677805803054 -2.371574559214116 -1.7937211764399608 -1.2473031313610652 -0.7642522747947627 -0.7356111542689365 -0.7623017067288425 -0.7524093646173721 -0.7525254308993972 -0.7651546748865146 -0.7750349070707164 -0.7630117120904263 -0.7454583785478589 -1.3318815390076402 -1.2643947247274625 -1.2220443096170368 -1.1869698276581013 -1.8277169254031762 -1.2422551544109994 -1.392437574966243 -1.28876459580057 -1.163292789837844 -1.2444325323212262 -0.7806032782049067 -1.2668104051122782 -1.228658777837931 -1.231150799479126 -1.2788249539732086 -1.2604090381547037 -0.7557846356767619 -0.7723569894219705 -0.8215939372532333 -2.4342442353096767 -2.545844551083235 -2.0560926933189254 -1.4330442620570207 -1.281062162886662 -0.7552266035730831 -0.756351544322512 -0.7532042311564096 -1.191231101207417 -0.751347067059429 -0.7679420463036432 -0.7266458299914456 -0.7472704312589463 -1.0053162224454046 -1.0383626111434494 -1.2402696147178554 -1.0204835587000707 -1.1793550571005578 -1.5315954268689678 -0.890242235817233 -0.8003838661591695 -1.2622130893460037 -1.34340107233886 -1.3224791800015543 -1.8453626369438827 -1.3689013434134336 -1.2757532217818128 -1.2175829944237062 -0.749661116915236 -1.2415151766426527 -1.2283330149008653 -1.789291504711074 -1.2773246829924134 -2.5460688881209697 -1.3962353245485128 -1.3100186778640142 -1.3678813485451415 -0.7565273849839372 -0.7873397863228566 -0.7972600559731227 -0.8037060496418091 -0.8252388273006696 -0.8259830290931361 -0.8141789896416153 -0.7663551667356809 -0.8109354844836392 -1.7885310508304015 -0.797539420997578 -0.8061360144903663 -0.8983188749290126 -1.3537312461289406 -0.9983028681949414 -1.3710204415515503 -0.7345399828507345 -0.7302301391593664 -0.7324056976316203 -0.7353733430707857 -0.7323215112235041 -0.7828363670226881 -0.8212579509004321 -1.1816155443461038 -1.7700158981076306 -0.7948062412128799 -0.770463958063389 -1.3346119856362972 -1.8523726700769823 -0.8467012528442744 -1.3398647851279375 -0.7904942018429515 -0.7485373508319273 -0.7552769097592472 -0.754103890715842 -0.734506034919724 -0.8201042142900897 -1.1571119590109946 -0.7888785876432188 -1.2498271654913662 -0.7775337550950749 -0.7666086662940004 -0.801498581127946 -0.7973831092276495 -0.7942272532571291 -0.8094962493473559 -0.7727147551342473 -0.7706343324872632 -0.8020628966736665 -1.2984134108069167 -0.8891734021499592 -1.355303716718251 -0.8801189398652005 -1.3411562351685251 -1.3103697704525326 -1.345249352178646 -0.6813922373110181 -0.7355026132747094 -0.7561074794892105 -0.7612068360926826 -0.7478442189282904 -0.7529418047817901 -0.780750052623231 -1.208475607092935 -1.8118323826986422 -1.7189721019072863 -1.253735204988414 -1.7875818505576606 -1.2476726150581825 -1.7388724579997183 -1.8011171098523662 -0.7535564614946796
-0.8765227214110756 -0.8344602714330291 -1.2874481519620269 -0.8864709027958595 -0.8239983929594298 -1.169974460447323 -0.7517885869737543 -0.7447730459183083 -0.8104065313961577 -0.788101182494235 -1.946013481222346 -1.9045470564012286 -1.930086558564923 -2.374439566240076 -1.8607791892069865 -2.429556713314408 -0.7433135415757137 -0.8074698282110676 -0.7973045949357087 -1.2466933022512647 -2.371574559214116 -1.7937211764399608 -1.2473031313610652 -0.7642522747947627 -0.7356111542689365 -0.7623017067288425 -0.7592090219122527 -0.7633892443808495 -0.7669617392743165 -0.7444498942140146 -0.7685323575772919 -0.7454583785478589 -1.3318815390076402 -1.2643947247274625 -1.2220443096170368 -1.1869698276581013 -1.794686186061004 -1.2422551544109994 -1.392437574966243 -1.28876459580057 -1.163292789837844 -1.248473324007917 -0.7806032782049067 -1.3048954459869662 -1.228658777837931 -1.231150799479126 -1.258907106550099 -1.2604090381547037 -0.7557846356767619 -0.7723569894219705 -0.8215939372532333 -2.3938712162824243 -2.545844551083235 -1.9958930563348543 -1.423157377701014 -1.281062162886662 -0.7307480043692062 -0.756351544322512 -0.7532042311564096 -1.191231101207417 -0.751347067059429 -0.7679420463036432 -0.7266458299914456 -0.7472704312589463 -0.9921737155295283 -1.0383626111434494 -1.2324169948308994 -1.0204835587000707 -1.1793550571005578 -1.015659479595217 -0.890242235817233 -0.7779566037333016 -1.2622130893460037 -1.34340107233886 -1.3487386505011791 -1.8196090368259255 -1.3689013434134336 -1.2757532217818128 -1.2175829944237062 -0.749661116915236 -1.256169446216958 -1.7989275576074744 -1.789291504711074 -1.2773246829924134 -2.5460688881209697 -0.903325200224926 -1.3100186778640142 -1.3556316419684713 -0.7565273849839372 -0.8126471650837515 -0.7883389415214083 -0.8037060496418091 -0.813945225901642 -0.8428894539944027 -0.8141789896416153 -0.7663551667356809 -0.8190297356677911 -1.7885310508304015 -0.797539420997578 -0.8061360144903663 -0.8983188749290126 -1.3537312461289406 -0.9983028681949414 -1.3596049421123577 -0.7345399828507345 -0.7535571523728369 -0.7324056976316203 -0.7417667933241884 -0.7323215112235041 -0.7828363670226881 -0.8212579509004321 -0.7407878495455253 -2.3995627896404224 -0.7948062412128799 -0.775215750715025 -0.8071548444372338 -1.8523726700769823 -0.8467012528442744 -0.8740241231042055 -0.7904942018429515 -0.7459432084568316 -0.7613518983268621 -0.7598109812788364 -0.7512405580722744 -0.835191085411796 -1.1653308615846791 -0.8113389836430404 -1.818047258572833 -1.2204574496434313 -0.7666086662940004 -0.7946355674092247 -0.7973831092276495 -0.7790647504923613 -0.799551751029414 -0.7607600638144443 -0.7706343324872632 -0.8135964350840813 -1.2984134108069167 -0.8891734021499592 -1.355303716718251 -0.8714451712147409 -1.3455342326744728 -1.3234940504378105 -1.345249352178646 -0.6813922373110181 -0.7224263199601837 -0.7561074794892105 -0.7612068360926826 -0.7478442189282904 -0.7529418047817901 -0.780750052623231 -1.208475607092935 -1.8118323826986422 -1.7189721019072863 -1.253735204988414 -1.7875818505576606 -1.2476726150581825 -1.7388724579997183 -1.8011171098523662 -0.7535564614946796
-0.8408234497804252 -0.8023793024092795 -0.7969161268353373 -0.8027851098253133 -0.8085868351640133 -1.173074579912904 -0.7574880587856883 -0.7289572119932751 -0.8232062829476823 -1.2497616020074218 -2.5764488378488095 -2.4342508177559683 -1.9186606908990886 -3.1105101895831457 -2.0421881718798933 -3.1068070379779704 -0.7392144103443403 -0.8056272215712168 -0.8232921296685756 -1.8988597075620341 -3.11212206417595 -1.8302108901630845 -1.2766662599803644 -0.7676831941169665 -0.7344155233731372 -0.7775358002826837 -0.7633381502599612 -0.7476234434815759 -0.7635909018288014 -0.7664089735542626 -0.748157541251734 -0.7460997658104256 -0.744430097895727 -0.7700454309814019 -1.217256792655398 -0.7313838197416843 -1.1463816009607561 -1.261542666577951 -1.3467070753690888 -0.8184893641131257 -0.7506877497048536 -0.7577528783500037 -0.7516867916507879 -0.8447790554882983 -0.7726205732765827 -0.7740099312172284 -0.8058427769307542 -0.814534152584049 -0.7871633845727254 -0.8371513409552708 -1.3264902248726294 -3.1425660985267676 -3.3095051523549954 -2.084582689586268 -1.4888202414422569 -0.80744191887668 -0.7342107286405617 -0.753669631858204 -0.7377792351322798 -0.7657586466388817 -0.7698836281039597 -0.7848269538636669 -0.7601283754409907 -0.732866627799116 -0.7653952051441457 -0.7995254042962292 -0.7955003420097154 -0.7881769441001578 -0.7785653246147495 -1.2534911175172607 -0.9225842971559994 -0.7738666411629904 -0.8856584658558537 -0.9742786180349624 -1.9134163551082222 -1.8153854690815334 -1.310745168250551 -0.8153858975620231 -1.2348629323803897 -0.7424876398621358 -1.3277962588757004 -1.2970558828536738 -1.2578806679754175 -2.4817544570894383 -2.485624974490203 -0.8376036408190146 -1.1805384399321928 -1.257459814890331 -0.7568727729960524 -0.755479221905404 -1.103504737605791 -1.0998797688964546 -0.8170062749380174 -0.8037638988826495 -0.777042673272753 -0.7986503459947044 -1.3346951938902916 -1.823452760620244 -0.8182059409460771 -0.8277372177430861 -0.9855794839256642 -1.7731851854572476 -0.8707601959258373 -0.8165411850097579 -0.7390697197519256 -1.3541964668315731 -0.7292079153362497 -0.7847876557804073 -0.7383799547278728 -0.7498865926693049 -0.7538427216848339 -0.7281511978343682 -1.8026197105578894 -0.7966909017419591 -0.800342391373013 -0.8802767749428464 -1.887920531964564 -0.8413654640887235 -0.8508591997750368 -0.7860893703962669 -0.7562140941148359 -0.7825462025753984 -0.7499910433351323 -0.7388440574351637 -0.8139335444801459 -1.7515506594711723 -0.765227926172557 -1.2565723769781683 -1.2003102895196274 -0.7459607634419507 -0.7525520954895975 -0.7637913073289292 -0.7851935184093931 -0.7589052634659715 -0.7725244390172843 -0.7726662400354847 -0.8189538807798002 -1.8705754601946651 -1.3685848080671534 -1.3180084376668428 -0.8172648505846125 -1.2248077539215128 -0.8159574337798406 -1.2169685192867008 -0.6817564534666642 -0.7080123336437641 -0.7349495569151718 -0.7181329105477564 -0.7424456838024659 -1.1995750389903173 -1.1776977127543171 -1.2480614838026103 -1.2875482907307407 -1.2558577157391764 -1.2668445247044031 -1.2455221096713776 -1.2502564386885153 -1.1425443380069378 -1.7831546282231776 -0.7273012353433849
-1.2717289422547626 -0.8592476074534936 -0.8137243313417803 -0.8080980129811113 -0.7968087122602987 -0.7949597107251546 -0.7601636992292967 -0.7430440196832107 -0.7223263920329321 -0.748794106169708 -0.7903887346047922 -0.7639281081351625 -0.7981465366168417 -1.209583569846069 -0.8341365260896194 -1.3009222001886382 -0.7629389324264463 -1.2359341724930146 -1.2886284189679966 -1.2576755351969056 -1.7851227657127757 -1.2817367496725969 -0.7865616376770453 -0.7733002263701688 -0.7614241869019787 -0.7535419059362644 -0.7210879485148799 -0.7658802352985912 -0.767196414274825 -0.7542940812927569 -0.7654849802651519 -0.7554700360916392 -1.2785412025278395 -1.324910207181491 -1.2322201627105316 -2.451014708181254 -3.06253319599175 -1.8470778249154292 -1.3331616083401712 -1.2427545963564712 -1.315281045198532 -1.8055236070152212 -0.8213037604781348 -1.3407770457996289 -1.8184949213425432 -1.7987379194709168 -1.2962706520867495 -1.8171417605433864 -0.74374505341632 -0.7522196948497712 -0.8458414109405348 -1.26595723163445 -2.4918062734026045 -1.362155343399819 -0.8454698227750916 -0.8037783254341833 -0.7496735105128977 -1.23194717791137 -1.2111584052958333 -1.2024385773022255 -0.7554396495723358 -0.8206193616148636 -0.7684397617305977 -0.7778583206693974 -1.1491850937193926 -1.1341515794938195 -1.2730071849261957 -1.1299163710951157 -1.2176396334160342 -0.8308120313120227 -0.9169226418395469 -1.2445444653485516 -0.8151449170761979 -0.8870778286461315 -1.8546705749315593 -1.2763330210696364 -1.809585611135074 -0.7865517135528186 -1.2653035030205095 -0.7448392873329519 -0.7667461964525374 -1.2821723106319967 -0.8048973973550759 -0.7970205060572023 -1.9481177185580578 -1.2927531367329725 -1.4307251761456163 -1.826899128349979 -1.3484155498531876 -0.882380500189028 -0.9151214208355345 -0.8700762849661984 -0.8413089646331916 -0.9104665155804608 -0.8706534915320714 -0.7861512218800638 -0.7587111399199832 -0.7958474258386853 -0.7675684932425499 -0.7709245524342565 -0.8489992423353293 -1.3236498249908657 -1.0203414010431522 -1.4344573980456716 -0.7459997958332715 -1.3114881291718243 -1.2062419984464738 -1.1787700196515005 -1.2241752655609013 -1.7777581271387404 -1.1336030713510992 -1.2069212498348916 -0.761229394846713 -0.7711731884380341 -0.7326240720673337 -0.7785377046907813 -0.7770343028316042 -0.7879386959873279 -0.8115552959236689 -0.7706041323368824 -0.7828640082629615 -0.7928304419092453 -0.8208716763932307 -0.7978671161787386 -0.84549317930094 -2.392672809229941 -1.1718342592983455 -1.8340095644095749 -0.8243158747496173 -0.8379315089675902 -0.8957386220018929 -0.8353016841513139 -0.7954699681444225 -0.8532980537419899 -0.7955516768861507 -0.7682343547952857 -0.8403196921194085 -1.3688792547796238 -0.8643605259861026 -0.8749086252224677 -1.3645230632613763 -1.3658990997121983 -1.9288962903337892 -1.414863347546481 -0.7657074408782375 -0.7545303495234056 -1.1793600401205204 -0.7962794470836185 -0.7876452172993769 -0.8184318294975922 -1.3076759618348521 -1.8474754645206788 -2.482124042090586 -2.1962752001732806 -1.3940469210482915 -1.8427150736127655 -1.31338276580416 -1.8036678480879187 -0.8108791899553977 -0.7850557900790934
-1.1999247613563784 -0.8181142812203588 -0.8023392505939465 -0.8104618652159196 -0.8072287986949365 -0.7865225019411329 -0.7590734442818139 -0.7526053056685186 -0.8146195371370395 -1.266401690725254 -1.2931350579685932 -1.7282819767151194 -1.2914260945056726 -1.7748620632025762 -0.9294727887266323 -1.8385889342832755 -0.721668343595324 -1.2490296422196319 -1.2692804555615567 -1.2938970648837405 -2.4452252102043426 -1.3134348183858082 -0.82464560400295 -0.7468846407423967 -0.7602005031998379 -0.7739384150433478 -0.7616910295990202 -0.7314214136342415 -0.7638248897988522 -0.7602306444667555 -0.7546357948820803 -0.7573016634033372 -1.197246936313492 -0.839199811486513 -1.189584644038876 -1.8053562305202173 -2.281365959890554 -1.8082675010080191 -1.7980794632505612 -1.2391809779847236 -0.8219338082272157 -1.2071056983385784 -0.7940871631075963 -0.8279583531370903 -1.247897301185193 -1.2323384255278746 -0.8348357564612421 -1.2715268183137662 -0.7968307819012239 -0.8301904985827097 -1.3077118236557324 -1.8857973932626828 -2.561933992872363 -1.493264691074846 -0.8714452860864688 -0.816323235737043 -0.7514621066769309 -1.19862042850473 -1.1620487828067108 -1.2367876957002533 -0.8198224717334842 -0.8092293032679992 -0.7732768546531301 -0.7584320687014048 -0.9154876396532434 -0.8917045684486467 -0.8333212186325156 -0.8945344370786855 -0.8463663350863142 -1.3373028921496515 -0.9823684197933019 -0.8036873669921967 -0.8657660841912643 -0.9051340411132442 -1.8267060485018694 -1.2596898066829458 -1.7580023517884373 -1.2392526022760648 -1.1430942282867624 -0.7419408441461174 -0.7892074581660404 -0.8495559665297305 -0.7981622849299183 -1.7829330342309317 -1.8776193881267016 -1.2476495910576648 -1.3836208499724374 -1.7244631998645887 -0.8215373420280431 -0.8246050127641131 -1.1836051311684797 -1.1248943558646993 -0.872129641743912 -0.8868289253457686 -0.8318635109833957 -0.7883265565980808 -1.26161728045356 -1.2363527514987835 -0.7944923137477388 -0.8050026494566488 -0.9420044129730887 -1.6922058684656869 -0.8467784175638065 -0.8732598858773162 -0.7626067102725077 -2.0366437247727727 -0.901824157256877 -1.2539346043233925 -1.216399380477074 -1.8026516805977184 -1.131928846162477 -0.7580964005270092 -0.7462120064106651 -1.2270598536849504 -0.8000252303565218 -1.3880872097252543 -0.8312459405907278 -0.8103538056497774 -0.8266845429650547 -0.7818024501980543 -0.7807826895283245 -0.7879878222997657 -0.8073776226286712 -0.7710670335057704 -0.7996986239159662 -3.1117464522684313 -1.1121022516479602 -1.8419486851803895 -0.8608059630806232 -0.865799984376217 -0.844072405105118 -0.8026223621556414 -0.8241439528635432 -0.8329318218107584 -0.7964997591423153 -1.227604567924084 -0.8054398487570866 -1.8822921755560484 -1.3056365541987425 -0.8142091115195118 -0.8690721384509151 -1.2442614670456884 -1.286692313760939 -1.2833353774388525 -0.7482981006112527 -0.7850620808218967 -0.7265115915052056 -0.7701717901545417 -0.789863995508688 -0.8208818399531632 -1.2325510964108182 -1.3048748845597016 -2.5460160490047268 -1.7386972222924937 -1.9972237175731897 -1.8802672503421265 -1.2608071428820558 -1.195815623936435 -0.8481613140989671 -0.740166382855663
-0.8083286671084023 -0.8434074773281819 -0.8017106988275264 -0.7906618891923118 -0.8085868351640133 -0.7340187910618141 -0.736832730091077 -0.7226151746999426 -0.8855063237819102 -1.8330801838636546 -2.596244958831737 -3.1587254367258906 -2.5106871075659445 -3.109538414188948 -2.0848325398009164 -3.170647260666219 -0.7748841958531889 -1.2912821087355466 -1.3004238767254162 -1.818501667500688 -2.436718736743471 -2.4725680158287293 -1.332035382222558 -0.749306429175964 -0.7406261728605048 -0.7775358002826837 -0.7565882076406735 -1.1901913066663699 -0.7695280190108544 -0.8054872608617715 -0.7754551299667536 -0.7752560608619342 -0.7327922978453787 -0.74414486562555 -0.7485310867165371 -0.7079710389797217 -0.731668160429006 -0.732061506224 -1.2722651673322916 -0.8293100426776975 -0.7506877497048536 -0.7544498787963454 -0.7585716550205499 -0.7890720412043322 -0.7726205732765827 -0.7797678758267907 -0.7819294207751946 -0.7601060806045512 -0.826906261078904 -0.8821266048634737 -1.3429497200074791 -3.1294273305347025 -3.3095051523549954 -2.065270365085365 -1.4888202414422569 -0.8298869644119017 -0.7513016678733626 -1.2094433669471745 -1.216180046379633 -1.250842684938378 -0.8664976983771798 -0.7982305544615433 -0.7601283754409907 -0.741688089635929 -0.7832603832574168 -0.8089113883561507 -0.8015873381534626 -0.7996423911330649 -0.8081713826491154 -1.8167311932950243 -0.9225842971559994 -0.831770884920771 -0.8856584658558537 -0.9550220030232821 -1.3210903903690099 -1.2306333878223354 -1.2633886995282682 -1.255678613350019 -1.1694781507414378 -0.7436391049511363 -1.2890923456573187 -1.3042752124804529 -1.2752296119407165 -2.4817544570894383 -2.485624974490203 -1.3308151630236194 -1.1948460632063311 -1.2655719663311333 -0.78964573431007 -0.8113196575162035 -1.0907235953249579 -1.1180817670481773 -0.833097340962805 -0.82037696238302 -0.7881147783199807 -0.7887996216119091 -1.9110230638182077 -1.8437200082505156 -0.7939406919604731 -0.7962668606598623 -0.954936143966352 -1.6876835207085596 -0.8707601959258373 -0.8197194630556501 -0.7420561896337156 -1.2437543908894833 -0.6984704695298337 -0.7976470472971295 -0.7292768854303703 -0.8016158744371672 -0.7831570679649059 -1.1827447700593545 -1.7628441833940998 -1.2287717693185911 -0.9371644642030456 -1.4388000731627606 -1.3814202799219764 -0.8639449790182023 -0.8383628317113094 -0.7907945191122498 -0.784082327532234 -0.7919792458212541 -1.2949187077671391 -0.7373699518762432 -0.7626936080622733 -1.1911893739907577 -0.743624064321903 -1.2095967475558544 -0.7822214504968077 -0.8068690343938886 -0.7355249818640136 -0.7715563727824584 -0.8063234253984805 -1.2171882879702156 -0.791827463005093 -1.2888997383001213 -0.8189538807798002 -1.7890361069993124 -1.3307791579980828 -1.2536121134592573 -0.7868995445498649 -0.7581128743681402 -0.8080592451423066 -0.7694679015132349 -0.7292769483509746 -0.747494163359224 -0.7349495569151718 -0.7269669076269883 -0.7403100686904007 -0.7704556515044544 -0.7518344924523938 -0.794987828990941 -0.8020399490608109 -1.2406169134703495 -1.2422900899666531 -0.7740983804765219 -0.7811036725282755 -0.7265483610643881 -0.8110953986117737 -0.7609602277220611
-0.8021575587571413 -0.8466106491718318 -0.7948692615630416 -0.819988062527995 -0.7681336223454528 -0.7474494736620084 -0.7121466321878744 -0.7290893252066598 -1.2776050937789267 -1.2013269824396837 -2.5962190235064453 -2.5760979911144903 -1.9278101742834834 -3.082186351429277 -1.9371579452288967 -2.4552361599084067 -0.7818856030225143 -1.7927021740453537 -1.2600475175631245 -1.8258477527277717 -1.7673656726640925 -2.4152803192843506 -1.2671626768598523 -1.2457282857708423 -0.7829417284703659 -0.8073063522800433 -0.7758960530424305 -1.3018419658403964 -0.8093722520778946 -0.8301822528950604 -0.830636312111954 -0.8064282210861149 -0.8032559282142463 -0.7507622065240006 -0.7562240006953022 -0.7076571328728192 -0.7664971528023203 -0.7402853768687819 -0.7880228062912603 -0.8191075383390034 -0.7522944619705665 -0.743177343487353 -0.7566088927439227 -0.8108741515698371 -0.7810098936353005 -0.7779252815884277 -0.7437625187933798 -0.8315654697594597 -0.7958248136654513 -0.8694967961938999 -0.8745506065901547 -1.9092546844702454 -1.9388523266180422 -1.9233671439326587 -1.4403156956655012 -0.812130013394605 -1.2344736148944486 -1.7659252537649892 -1.2842310238356298 -1.2708766490939472 -1.3560659332310958 -1.3490892024955776 -1.8192056665465894 -0.784447981000008 -0.7684265154074384 -0.7568680727385083 -0.7359893207156754 -0.7582291256671206 -0.7590618877567313 -1.2025913508908255 -0.8372704769385432 -0.7969714608795234 -0.8047290799124255 -0.7860641396443462 -0.8652996892714347 -1.198907028979574 -0.8826030637000724 -1.218724060471763 -1.2000358947593914 -0.792459890985966 -1.2316647319426546 -1.1884420997644563 -1.2359672607332473 -1.2363707367252497 -1.2282582930196386 -1.348670286992031 -0.804597140555643 -0.7581929401871876 -1.3061344253744 -1.3474172527410657 -0.8653644821390472 -1.116641963140988 -0.8873220705551064 -0.828481028769003 -0.8255926527737498 -0.7867338998606025 -1.3151824786042523 -1.3004694361383178 -0.8404795372752442 -1.2903702125657115 -0.8463726109382713 -0.8428306975094351 -0.8147613572905927 -0.7299945640702247 -0.7425876019959091 -0.7620781655624017 -0.775140034970275 -0.7857377833859285 -1.198923410571654 -0.8021224100566882 -0.8266873910184251 -1.164147187219008 -1.8149482252526927 -1.2054784211711569 -0.8375040025684771 -0.884836151260607 -1.3150854546685544 -0.8842617833631886 -0.845953404742873 -0.7764992718748246 -0.8497952553393271 -1.2546191818282875 -1.285676831516003 -0.8070537894645377 -0.7694558133787012 -0.7401305568349964 -0.835187875264167 -0.7584470210096699 -1.3020250537233797 -0.8703022650438929 -0.7971552416958503 -0.8362914437790685 -0.7801544788471594 -1.2843888407445652 -0.7828461308072574 -0.8060331986012552 -0.8005271332133932 -1.1926660970881116 -1.3033358799586385 -1.2703183126749233 -1.2069798999422836 -0.8014018734103304 -0.7106365255553153 -0.7702823542929212 -0.8035854276812813 -0.7641269801413368 -0.7672428217072628 -0.7818241023295744 -0.7522231883141728 -0.7502851398200503 -0.7714730120453399 -0.7395202284198683 -1.271902638022783 -1.2512678144524956 -0.7933446785162255 -0.7828254527698605 -1.2367775784760775 -1.2583783157675406 -0.7792708217872056 -1.2240268625548987
-0.8083286671084023 -0.7783075046093412 -0.7902258371131912 -0.8074263111592702 -0.7694132169560037 -0.7209028087758779 -0.7262067892254619 -0.734524947049038 -0.933060135199566 -1.8450630773950507 -2.5967247810817056 -3.1587254367258906 -2.492273218723896 -3.1196103374163 -2.045532460259932 -3.150654147889931 -0.7851649620249452 -1.2594466463544678 -1.3135650242032386 -1.854150261622129 -2.436718736743471 -2.464935349085755 -1.3254690267400517 -1.2387821245882888 -0.7772482844732522 -0.8255053898037954 -0.7908219897228199 -0.8161153643829322 -0.811677137648386 -0.8397016210141139 -0.8100037590733811 -0.8072211917802568 -0.7526716427948705 -0.7520564516107278 -0.7519194162581835 -0.7076571328728192 -0.7387637523410027 -0.733505286688688 -0.8097500392925931 -0.8293100426776975 -0.7344680896626926 -0.7272183003058847 -0.7531857250948951 -0.782409418721763 -0.768974579572401 -0.7740099312172284 -0.7549950829363505 -0.814534152584049 -0.8356521934415091 -0.9347653907392053 -1.3705883006594812 -3.165703776525861 -3.2878834544887616 -2.0124394627262974 -1.469459721699278 -0.8494532558109148 -1.213189920033916 -1.2259421351480093 -1.2333254226278443 -1.250842684938378 -0.8960265295069949 -0.8041681014842899 -1.239072704816858 -0.7563760737115784 -0.78624214370341 -0.772098807484077 -0.7359958233911822 -0.7582921622514347 -0.8037073894811418 -1.7937233893953701 -0.8690895016219787 -0.8257201266846944 -0.8947527495010864 -0.8976062075879327 -1.3300038684627868 -1.2306333878223354 -0.8359364653377336 -1.2120186389369312 -1.1973771216412241 -0.7724832937561643 -1.238544684804961 -1.2584514976580834 -1.2298824150995533 -1.8153284350354995 -1.8327262798926116 -1.3009374506679194 -0.7820686122984828 -0.7587348100376821 -0.7816189659477136 -1.2739050748758916 -1.1026235452087003 -1.1180817670481773 -0.8610599654939572 -0.82037696238302 -0.7881147783199807 -0.8047561855845459 -1.9110230638182077 -1.8360573470247128 -0.8113812622702562 -0.8169971578873977 -0.9071021464451432 -1.2290103046609548 -0.835079745015676 -0.712701591252443 -0.7398209550914414 -1.2437543908894833 -0.7484394712883832 -0.817313403124222 -1.233285700126931 -0.8426577070267546 -0.8623824337910135 -1.204040097370695 -1.810107849459358 -1.7544822335354262 -0.9379829322523061 -1.453986605341327 -1.3980726247728494 -0.936273173584981 -0.8566416639887605 -0.7987274611499616 -0.8554499204332238 -1.2847181485778396 -1.328005111918173 -0.8026232372906879 -0.7701671509143077 -1.1911893739907577 -0.7272932005541545 -1.2095967475558544 -0.8096325648651946 -0.7920967167286331 -0.754432085823888 -0.7915680225036984 -0.8033704665981091 -1.2044664817513242 -0.7967871342106667 -1.290756785196437 -0.8420019142355919 -1.8124042941233554 -1.3324299485740354 -1.266212866533355 -1.2530231488527221 -0.7567486886085976 -0.7591876439318627 -0.73236375574486 -0.7860752621292664 -0.7719361558223787 -0.7818567981156462 -0.7681758656285465 -0.7653844352674744 -0.7704556515044544 -0.7228851676553145 -0.794987828990941 -0.8020399490608109 -1.1974195126674012 -1.2407335839789644 -0.7740983804765219 -1.266448036206894 -1.2045655656649623 -0.8050498209413017 -1.1896028512645687
-0.7675391649945749 -0.7887962427037777 -0.7721908824006064 -0.7773817641329422 -0.7681336223454528 -0.7264450758145228 -0.7236820109282033 -0.736318157188091 -1.3804293495355524 -2.4601989221503686 -2.5962190235064453 -2.5549802918698234 -2.511443227366474 -3.110958418912322 -1.9870920283868054 -3.0773183465284943 -0.7966418862058997 -1.839067421335825 -1.9244571881358787 -1.9009162090446834 -3.206091916244072 -2.5094319780214493 -1.3458625929918473 -1.2625736330342556 -0.7707020785900167 -0.7931583630479038 -1.2205807756994165 -1.2789221023832245 -0.8178307257316918 -0.8359843565586823 -0.8113604557204683 -0.7986226946565229 -0.7995685501894246 -0.7822100396681614 -0.7771039633705347 -0.7387655196564179 -0.7668466548600608 -0.7317092494854404 -0.7290795649081694 -0.7635606712577735 -0.7173864321124669 -0.7071821684447632 -0.7515936747211471 -0.7689796024135179 -0.7274658741405265 -0.7769768882306849 -0.7716668490233858 -0.7325770228766074 -0.8345820216061187 -1.4242390208895155 -1.3783021845533463 -2.5516581201696 -2.5602758975519837 -1.9482845944253724 -1.4718022043510706 -0.8488161888935853 -1.235715601630997 -1.7282792109221818 -1.824771803792681 -1.3027688569672884 -1.3560659332310958 -1.3171986207184334 -1.8192056665465894 -1.2391130566184896 -0.767451852754114 -0.7471331026629124 -0.7685463939628847 -0.7251962335429435 -0.7425882880828153 -1.7877625610602468 -0.9078917771093651 -0.8287804625717976 -0.8868914148590349 -0.9075193507645012 -1.3410229026358143 -1.2491511508277295 -1.2739907854065444 -1.7729399571482871 -1.1864885165412593 -0.7560506992041437 -1.2362143125478657 -1.2232089510493827 -1.840781672518098 -1.803621418383327 -2.439790454218975 -1.3080100070893284 -0.8180159404454693 -0.7266761927191734 -1.2734664417832984 -1.349284866574984 -1.1165514880038558 -1.116641963140988 -0.8772552793588588 -0.828481028769003 -0.8348410084140135 -0.793161860633618 -1.888129060611672 -2.5756094756063814 -1.3116845216327315 -1.2707555826235764 -1.3755336110620309 -1.2402623826969503 -0.8110358703364603 -0.7464403751707663 -0.7456835003109182 -0.7893282119096506 -0.7928631787766599 -1.267544358743083 -1.2237078282091338 -1.2624103576139438 -0.850189819160677 -1.1805387329158175 -1.8201956435753144 -1.8546592439177765 -0.8432128604638491 -1.3906409850007042 -1.8809762905857121 -0.9814162718412763 -0.890532505969773 -0.8131014735307489 -0.8337945890758373 -1.2546191818282875 -1.2741651982717248 -1.003739929061725 -0.7631742859712896 -0.7278223396763722 -0.845146709328384 -0.724414629414871 -1.2869624007182747 -0.8538437474707029 -0.77458357590225 -0.8289798801076799 -0.7769049741909547 -1.8156615561135907 -0.8054547882863758 -0.8138995899383337 -0.8140687454620575 -1.8690060202374306 -1.3291196038324988 -1.3372951737446594 -1.2715831340931623 -0.7987675149723441 -1.1968609859352672 -0.738781019190445 -0.7813249639299178 -0.755766379519382 -1.2162591916951069 -1.2112372569716072 -0.7558961813169071 -0.7425142767644985 -0.7796723361894582 -0.7029528320320698 -1.3378689833067667 -1.814382167554311 -1.7838112075083032 -0.7956561007939895 -1.2529279161321183 -1.262798069134097 -0.8278197663507633 -2.3641794655523864
-0.783589405442539 -0.7951910253563998 -0.7583210205428406 -0.7654992855288196 -0.7694132169560037 -0.7209028087758779 -0.7262955824392603 -0.7311329344261208 -0.933060135199566 -1.8360304374571264 -2.5967247810817056 -2.481436056543761 -2.492273218723896 -3.1196103374163 -2.0306859187732913 -3.150654147889931 -0.7865649105492342 -1.264973535691535 -1.3223021266903274 -1.9024270543113233 -2.5167187447929606 -2.482833262891276 -1.3518704597957087 -1.2612378905893982 -0.7892518221643516 -0.8255053898037954 -1.2469575938937467 -0.8161153643829322 -0.811677137648386 -0.8501822028732324 -0.7989502397973681 -0.8135848312448807 -0.7526716427948705 -0.757883620500363 -0.7737535079655025 -0.7387655196564179 -0.7421267305691435 -0.7072787602162908 -0.8073791706295377 -0.7667661467086511 -0.7278764748598553 -0.7255614783203149 -0.7481857500829713 -0.75236746057254 -0.7312400989121576 -0.7698096701082825 -0.7697648365621317 -0.797930039158802 -0.8066711463567301 -0.9469123256402986 -1.3705883006594812 -3.165703776525861 -3.2878834544887616 -2.031933533547798 -1.4609586938210777 -0.8351748314157131 -1.223509317785617 -1.2259421351480093 -1.7694180701210744 -1.2591712463998581 -0.8960265295069949 -1.2627551639669867 -1.239072704816858 -0.7563760737115784 -0.7735788836277643 -0.7670202386238816 -0.7292754520012383 -0.7337188564248345 -0.7865953111650293 -1.7566242341793459 -0.8552017834231842 -0.8210459418403205 -0.9012545241626758 -0.8976062075879327 -1.3758056396617013 -1.2640857856489387 -1.2934466669032336 -1.796224689819655 -1.7507088983134185 -0.7710245525804724 -1.2729726552254756 -1.2276526423984702 -1.7884373840037815 -1.8239550628120123 -1.8327262798926116 -1.3009374506679194 -0.7939721662891953 -0.7587348100376821 -0.7945638487990861 -1.2654311940402514 -1.1131890943634606 -1.1180817670481773 -0.8722083353242853 -0.8037638988826495 -0.8112605866876578 -0.8147361294951377 -1.3346951938902916 -2.473011869126192 -1.2741297153339195 -1.2736586642678398 -1.3763642556902578 -1.2402623826969503 -0.8212454639284523 -0.7389580566842281 -0.7538721166289406 -1.2883430673574612 -0.7657565468676413 -1.281807159545074 -1.2097492749467254 -0.8660115936931733 -0.8849046574039823 -1.204040097370695 -1.810107849459358 -1.808182523564095 -0.9003645359187805 -1.453986605341327 -1.3727550780198154 -0.9685923076069752 -0.8566416639887605 -0.8425244611326939 -0.8336411874535753 -1.2722274476665343 -1.2988878977330385 -1.0061879551408697 -0.786456477836798 -1.1911893739907577 -0.7272932005541545 -1.1977357722819868 -0.7784731647913484 -0.8045829359291207 -0.7717501713186982 -0.8006047323659711 -0.7940167426162954 -1.2044664817513242 -0.8031480359682722 -1.290756785196437 -0.8178607988325196 -1.8124042941233554 -1.3324299485740354 -1.3038540924133026 -1.2966312960344293 -0.7567486886085976 -1.2347627108570856 -0.7415919478921368 -0.7625360137517047 -0.7684359091068075 -1.2354112978983565 -1.2175480792486668 -0.7653844352674744 -0.7704556515044544 -0.7228851676553145 -0.794987828990941 -0.7840752624225026 -1.7343539178761718 -1.2521224779209255 -0.8014391085877265 -1.2961347687589153 -1.2091995766918497 -1.301726972489865 -1.1896028512645687
-0.7675391649945749 -0.7948522065437296 -0.7721908824006064 -0.7673442039291991 -0.7688781934885123 -0.7087204026502653 -0.7260525671007687 -0.7408936529019535 -0.9212369275125475 -2.4503836379704076 -2.6049598535234852 -2.5549802918698234 -2.511443227366474 -3.110958418912322 -1.9870920283868054 -3.1577255236289674 -0.8628700199339592 -1.8303947295596585 -1.3463592457120392 -1.9673918634957317 -3.206091916244072 -2.5094319780214493 -1.3388170326204358 -1.3027226536117473 -0.7956194643624046 -0.8039019786881124 -1.2389929099974908 -1.2434429074819777 -0.815912537878407 -0.8455339661925015 -0.8113604557204683 -0.7906676128637109 -0.8776892721415297 -0.7960329117881015 -0.7932868994767373 -0.7443958222565006 -0.821146918133504 -0.7473942379446229 -0.7351061269803977 -0.7384118465512695 -0.7090245544626264 -0.7071821684447632 -0.7557811741337433 -0.7942162683948555 -0.7549640977642937 -0.73317358800121 -0.7730937444244097 -0.740128404847925 -0.8345820216061187 -0.913033172197754 -1.3783021845533463 -2.5371961446135076 -2.5602758975519837 -1.9482845944253724 -1.4718022043510706 -0.8424276868724389 -1.2289144505743164 -1.7175734683006627 -1.824771803792681 -1.288591475046092 -1.3459765688909087 -1.3171986207184334 -2.454276478953362 -1.3031982818520815 -0.7619039088768249 -0.7675319079901554 -1.1951777984519607 -0.8096844338556715 -0.7783264813028679 -2.3897998915150613 -0.8424054570380296 -1.2879216756972351 -0.8202576152123043 -0.9075193507645012 -1.3132884357425456 -1.2491511508277295 -1.2842664352492374 -1.783401629365369 -1.7378053866256549 -0.7595416333712195 -1.2216784860680046 -1.2232089510493827 -1.840781672518098 -1.8122283790802631 -2.439790454218975 -1.3080100070893284 -0.7911373493819507 -0.7645614960143808 -1.2998895287719912 -1.349284866574984 -1.1045692427894613 -1.1289776691247146 -0.8693587938803506 -1.316844615674402 -0.8619480428715748 -0.8089029981845254 -1.9034461124728677 -2.5756094756063814 -1.2838333439855973 -1.2842597549013612 -1.381702525823723 -1.2402623826969503 -0.8183223221486288 -0.7842570309182684 -0.7550545437354599 -0.992351858888426 -0.8057566617429286 -1.2662899694380487 -1.2742741420400996 -1.3455591846848907 -0.850189819160677 -1.1805387329158175 -1.8201956435753144 -1.8546592439177765 -0.9088813405372942 -1.3906409850007042 -1.8809762905857121 -0.9814162718412763 -1.3751503712135111 -1.3379696460123292 -0.8407290368870236 -1.2546191818282875 -1.3178085466188112 -1.059460926620076 -0.7695822751183067 -0.7487158588819546 -0.845146709328384 -0.7107832670779775 -1.3395213948269682 -0.8978598985379483 -0.8427188586817663 -0.8390146269410416 -0.7859750943685243 -1.7883010710879548 -0.8403617691485403 -0.8182023517702062 -0.8015921697587713 -1.846214616515009 -1.3291196038324988 -1.3372951737446594 -1.2715831340931623 -0.8278819811980014 -1.2441257530802279 -0.752583317225393 -0.8000592944552499 -0.7729243148999878 -1.7590988028961079 -1.2316024167148134 -0.7657082788343899 -0.7485168739703094 -0.7796723361894582 -0.7029528320320698 -1.353554025724511 -1.8198619923699382 -1.7838112075083032 -0.860313449691343 -1.270330937969048 -1.2613988750217942 -1.3437548424267487 -2.379850474677716
-0.7780116634123382 -0.8031358667168752 -0.7721908824006064 -0.7673442039291991 -0.7688781934885123 -0.7125936623149874 -0.7389514772295795 -0.736318157188091 -0.9212369275125475 -1.815341832777294 -2.5962190235064453 -2.5549802918698234 -2.511443227366474 -3.110958418912322 -1.9870920283868054 -3.1577255236289674 -0.8535554207835601 -1.8455546343409137 -1.3463592457120392 -1.9673918634957317 -3.206091916244072 -2.5094319780214493 -1.3553847985465977 -1.2681074388459532 -1.2377239968901068 -0.8039019786881124 -1.2389929099974908 -0.8035541474534744 -0.8273838978439851 -0.8455339661925015 -0.8113604557204683 -0.7986226946565229 -0.8237206476149381 -0.780417827314669 -0.8069969155595007 -0.7443958222565006 -0.821146918133504 -0.7991086067809795 -0.7770287001206194 -0.7384118465512695 -0.7090245544626264 -0.7071821684447632 -0.7511740838276428 -0.769216943571728 -0.7549640977642937 -0.7611450733864327 -0.818297630849719 -0.740128404847925 -0.8345820216061187 -0.928785004261271 -1.3783021845533463 -2.5371961446135076 -2.5602758975519837 -1.9482845944253724 -1.4718022043510706 -0.8488161888935853 -1.2289144505743164 -1.7175734683006627 -1.8051232688071928 -1.2722072248984055 -1.3459765688909087 -1.3171986207184334 -2.454276478953362 -1.3031982818520815 -0.7619039088768249 -0.7535327947060396 -1.1951777984519607 -0.7728381549032031 -0.7783264813028679 -2.3897998915150613 -0.8424054570380296 -1.2879216756972351 -0.8202576152123043 -0.9075193507645012 -1.350276662022798 -1.285033166628592 -1.2739907854065444 -1.783401629365369 -1.7378053866256549 -0.7390136507020049 -1.2216784860680046 -0.7648207684633324 -1.840781672518098 -1.8122283790802631 -2.439790454218975 -1.3080100070893284 -0.7911373493819507 -0.7398528015599114 -1.2861273493336054 -1.3154523126787323 -1.1045692427894613 -1.116641963140988 -0.8693587938803506 -1.295062003990832 -0.8502149555744202 -0.8089029981845254 -1.3281469845528324 -2.5756094756063814 -1.2838333439855973 -1.2707555826235764 -1.3630175293044788 -1.2402623826969503 -0.8183223221486288 -0.8065475556030752 -1.2035831684593556 -1.0261610125221894 -0.8057566617429286 -1.2662899694380487 -1.3101435901185046 -1.3648725003964273 -0.850189819160677 -1.2819687024796933 -1.8201956435753144 -1.8546592439177765 -0.9088813405372942 -1.3906409850007042 -1.8809762905857121 -0.937600691246418 -1.3545599083785047 -1.3525120000493653 -0.8191620397437755 -1.2546191818282875 -1.3003447520829507 -0.9937440405095189 -0.7695822751183067 -0.7487158588819546 -0.845146709328384 -0.7107832670779775 -1.3211441201533123 -0.8523275561629224 -0.8427188586817663 -0.8498596504741205 -1.2417069295952996 -1.8345056418561372 -0.8403617691485403 -0.8262696125572374 -1.2382931420013215 -1.846214616515009 -1.3291196038324988 -1.3372951737446594 -1.2715831340931623 -0.8278819811980014 -1.2621253316944085 -0.7422419438260817 -0.7807053109941386 -0.7473326453310583 -1.203919103477677 -1.2316024167148134 -0.7657082788343899 -0.7485168739703094 -0.7627579094622549 -0.6972970012228068 -1.9331739635787095 -1.8519153960543884 -1.7838112075083032 -0.860313449691343 -1.270330937969048 -1.3121154498905483 -0.8656124720035201 -2.379850474677716
-0.7780116634123382 -0.7594430662115154 -0.7831476617324439 -0.7673442039291991 -0.7611571161635543 -0.7179451090482357 -0.7389514772295795 -0.736318157188091 -0.9346606562154073 -1.815341832777294 -2.5962190235064453 -2.5549802918698234 -1.8929003352827498 -3.110958418912322 -1.9870920283868054 -3.1577255236289674 -0.8952341186881918 -1.8542521372643568 -1.3463592457120392 -1.9009162090446834 -3.206091916244072 -2.5094319780214493 -1.3388170326204358 -1.239685005764036 -1.2460461521631916 -0.8039019786881124 -1.2389929099974908 -0.8035541474534744 -0.8211578561586929 -0.8131414031654166 -0.8113604557204683 -0.7986226946565229 -0.8166250841401013 -0.7960329117881015 -0.8069969155595007 -1.2313453609668135 -0.821146918133504 -0.7991086067809795 -0.774190124636299 -0.7384118465512695 -0.7142040440264473 -0.6967159051630921 -0.7220631984280711 -0.769216943571728 -0.7506285987878796 -0.7370163404669994 -0.7690610790417401 -0.740128404847925 -0.813342268491164 -0.928785004261271 -1.3783021845533463 -2.5371961446135076 -2.5602758975519837 -1.9482845944253724 -1.4718022043510706 -0.8262863485895953 -1.2059605815890906 -1.7175734683006627 -1.8051232688071928 -1.2722072248984055 -1.3459765688909087 -1.3171986207184334 -2.439355324973447 -1.2788441304512264 -0.7622509517074547 -0.78904708589902 -1.1951777984519607 -0.7728381549032031 -0.7783264813028679 -2.3897998915150613 -0.8424054570380296 -1.2509068687544562 -0.8202576152123043 -0.9075193507645012 -1.350276662022798 -1.285033166628592 -1.2842664352492374 -1.783401629365369 -1.7378053866256549 -0.7300145984706569 -1.2362143125478657 -1.2232089510493827 -1.840781672518098 -1.8122283790802631 -2.439790454218975 -1.3080100070893284 -0.7799369855840934 -0.7312761935070446 -1.2861273493336054 -1.3154523126787323 -1.0870346876490578 -1.116641963140988 -0.8693587938803506 -1.295062003990832 -0.8619480428715748 -0.7989696745905057 -1.3281469845528324 -1.93118991125576 -1.2838333439855973 -1.2842597549013612 -1.3942977826648992 -1.2402623826969503 -0.8183223221486288 -0.8000333799556253 -1.2035831684593556 -1.0503524371702664 -0.8057566617429286 -1.2662899694380487 -1.3101435901185046 -1.3648725003964273 -0.8702858141358962 -0.8174534045056395 -1.2570837863264517 -1.841143368490612 -0.9088813405372942 -1.3906409850007042 -1.8809762905857121 -0.937600691246418 -1.3545599083785047 -1.3379696460123292 -0.8191620397437755 -1.2426321907278828 -1.3003447520829507 -0.9836364622376351 -0.7695822751183067 -0.7487158588819546 -0.845146709328384 -0.7107832670779775 -1.3211441201533123 -0.8393671925104194 -0.8427188586817663 -0.8488537060093027 -1.2219891603052464 -1.8345056418561372 -0.8403617691485403 -0.8262696125572374 -1.2382931420013215 -1.846214616515009 -1.3291196038324988 -1.3372951737446594 -1.2715831340931623 -0.8278819811980014 -1.2621253316944085 -0.752583317225393 -0.8000592944552499 -0.7341138779367032 -1.3400357913243253 -1.2468859768985998 -0.7657082788343899 -0.7485168739703094 -0.7627579094622549 -0.6972970012228068 -1.9331739635787095 -1.8519153960543884 -1.7838112075083032 -0.860313449691343 -1.2529279161321183 -1.3121154498905483 -0.8461174015429102 -2.379850474677716
-0.7962575999890966 -0.7651208662529042 -0.7831476617324439 -0.7430330317994156 -0.7611571161635543 -0.7266424408630606 -0.7389514772295795 -0.7408936529019535 -0.9346606562154073 -1.8040556996020154 -2.5962190235064453 -2.5549802918698234 -1.8929003352827498 -3.102218267466881 -1.9870920283868054 -3.055247570217388 -0.8732680419515783 -1.8542521372643568 -1.3463592457120392 -1.9009162090446834 -3.206091916244072 -2.5094319780214493 -1.3388170326204358 -1.239685005764036 -1.2460461521631916 -0.8039019786881124 -1.2389929099974908 -0.8154759557893009 -0.8161058592011499 -0.8240775781470067 -0.8113604557204683 -0.7894640154287221 -0.8166250841401013 -0.7960329117881015 -0.8069969155595007 -1.2313453609668135 -0.821146918133504 -0.8093227536313031 -0.774190124636299 -0.7473235553422524 -0.7142040440264473 -0.6919136091274861 -0.7328016623769167 -0.7650558194991738 -0.7506285987878796 -0.7611450733864327 -0.8156714295308194 -0.7903910092494002 -0.7778171035358126 -0.9176253958618461 -1.3783021845533463 -2.5371961446135076 -2.5602758975519837 -1.9482845944253724 -1.4389627396328626 -0.8262863485895953 -1.2059605815890906 -1.7175734683006627 -1.8051232688071928 -1.2722072248984055 -1.3035983331143617 -1.3171986207184334 -1.805537405382572 -1.2788441304512264 -0.7622509517074547 -0.78904708589902 -1.1951777984519607 -0.7728381549032031 -0.7783264813028679 -2.3757525102551433 -0.8424054570380296 -1.2509068687544562 -0.8202576152123043 -0.9075193507645012 -1.350276662022798 -1.285033166628592 -1.2842664352492374 -1.783401629365369 -1.7378053866256549 -0.7300145984706569 -1.2362143125478657 -1.2127714733783714 -1.840781672518098 -1.8122283790802631 -2.439790454218975 -1.3080100070893284 -0.7799369855840934 -0.7735364399620916 -1.2861273493336054 -1.3154523126787323 -1.0863852235052769 -1.1289776691247146 -0.8693587938803506 -1.295062003990832 -0.8619480428715748 -0.7989696745905057 -1.3149302369377653 -1.93118991125576 -1.2838333439855973 -1.2842597549013612 -1.3942977826648992 -1.2402623826969503 -1.2827602721170688 -0.8000333799556253 -1.2035831684593556 -1.0503524371702664 -0.8057566617429286 -1.2834196256775523 -1.319607577778326 -0.8904629942149275 -0.844256533170569 -0.8080922067426943 -1.8201956435753144 -1.841143368490612 -0.9088813405372942 -1.3906409850007042 -1.8809762905857121 -0.9478180939616841 -1.3545599083785047 -1.3379696460123292 -0.8191620397437755 -1.2426321907278828 -1.3003447520829507 -0.9836364622376351 -0.7843849541101642 -0.7487158588819546 -0.8552789221226338 -0.7301861103034967 -1.3211441201533123 -0.8393671925104194 -0.8427188586817663 -0.8488537060093027 -1.2219891603052464 -1.8345056418561372 -0.8403617691485403 -0.8262696125572374 -1.254332863319692 -1.8149612908600847 -1.3291196038324988 -1.3372951737446594 -1.2715831340931623 -0.8278819811980014 -1.8278269702550576 -0.752583317225393 -0.7935701209266687 -1.1728462810124514 -1.3400357913243253 -1.2468859768985998 -0.7657082788343899 -0.7485168739703094 -0.7627579094622549 -0.6972970012228068 -1.9212281548285204 -1.8519153960543884 -1.7838112075083032 -0.8498421355298972 -1.2529279161321183 -1.3121154498905483 -0.8461174015429102 -2.379850474677716
-0.7962575999890966 -0.7651208662529042 -0.7831476617324439 -0.7430330317994156 -0.7611571161635543 -0.7266424408630606 -0.7389514772295795 -0.7624181835096776 -0.9212369275125475 -1.8040556996020154 -2.5962190235064453 -2.5549802918698234 -1.8524486112972132 -3.102218267466881 -1.9870920283868054 -3.055247570217388 -0.8952341186881918 -1.8542521372643568 -1.3463592457120392 -1.3263687720095065 -3.206091916244072 -2.5094319780214493 -1.3388170326204358 -1.2588272434101442 -1.2546681269672493 -0.8039019786881124 -1.2389929099974908 -0.8154759557893009 -0.8094640033613121 -0.8331277259877382 -0.8113604557204683 -0.7982272092157396 -0.8166250841401013 -0.7960329117881015 -0.8069969155595007 -1.2313453609668135 -0.821146918133504 -0.8026212515383684 -0.7968419549017879 -0.7473235553422524 -0.7179657179746501 -0.6979285467149827 -0.7328016623769167 -0.7552849320585105 -0.7506285987878796 -0.7611450733864327 -0.8156714295308194 -0.7903910092494002 -0.7778171035358126 -0.9176253958618461 -1.3783021845533463 -2.5371961446135076 -2.5602758975519837 -1.9482845944253724 -1.4389627396328626 -0.8262863485895953 -1.2059605815890906 -1.7175734683006627 -1.7906808367015876 -1.2722072248984055 -1.3035983331143617 -1.3171986207184334 -1.805537405382572 -1.2788441304512264 -0.7965196516474179 -0.78904708589902 -1.1874731882171865 -0.7728381549032031 -0.7783264813028679 -2.3757525102551433 -0.8687258147349095 -1.2893537086891438 -0.8202576152123043 -0.9075193507645012 -1.3767942173700494 -1.285033166628592 -1.2842664352492374 -1.783401629365369 -1.7378053866256549 -0.7595602269319128 -1.2362143125478657 -1.2127714733783714 -1.840781672518098 -1.8122283790802631 -1.8061850600024172 -1.3080100070893284 -0.7799369855840934 -0.7735364399620916 -1.2861273493336054 -1.3154523126787323 -1.0863852235052769 -1.1289776691247146 -0.8466274013263048 -1.295062003990832 -0.8619480428715748 -0.8089029981845254 -1.3281469845528324 -1.93118991125576 -1.2838333439855973 -1.2842597549013612 -1.3942977826648992 -1.2402623826969503 -1.2699305964894212 -0.793475758077027 -1.2035831684593556 -1.0529003444913105 -0.8057566617429286 -1.2834196256775523 -1.319607577778326 -1.3757876227847696 -0.8298419963476173 -0.8080922067426943 -1.8201956435753144 -1.841143368490612 -0.9088813405372942 -1.3807903118100333 -1.8809762905857121 -0.9478180939616841 -1.3629084086164354 -1.2808553030094707 -0.8191620397437755 -1.2235176033045896 -1.3003447520829507 -0.9937440405095189 -0.7843849541101642 -0.756687073888113 -0.8929236958711463 -0.7301861103034967 -1.3211441201533123 -0.8523275561629224 -0.8601098392053658 -0.8404672727352914 -1.2219891603052464 -1.8561907863727773 -0.8295258331053563 -0.8262696125572374 -1.254332863319692 -1.845304257227805 -1.3291196038324988 -1.3372951737446594 -1.2609076651380273 -0.8278819811980014 -1.2623583378909833 -0.752583317225393 -0.785759974962731 -1.1632581429849846 -1.3400357913243253 -1.226392218484266 -0.7657082788343899 -0.7485168739703094 -0.7627579094622549 -0.7026256774605587 -1.9212281548285204 -1.8519153960543884 -1.7838112075083032 -0.8350825831959438 -1.270330937969048 -1.3121154498905483 -0.8495244086160617 -2.3644967839747753
-0.8065054100191283 -0.7713884560877533 -0.7784263360276955 -0.7528051791102428 -0.7611571161635543 -0.7266424408630606 -0.7389514772295795 -0.7624181835096776 -0.9212369275125475 -2.4380595697885483 -2.5962190235064453 -2.5549802918698234 -1.8524486112972132 -2.4265148038912954 -1.9723791658971026 -3.055247570217388 -0.8872140825205899 -1.8455546343409137 -1.3463592457120392 -1.9009162090446834 -3.1961913679011227 -2.5094319780214493 -1.348315656454838 -1.2588272434101442 -1.2546681269672493 -0.8039019786881124 -0.7847193486472652 -0.8154759557893009 -0.8161391972301838 -0.8331277259877382 -0.79124865627058 -0.7982272092157396 -0.8166250841401013 -0.7960329117881015 -0.7932868994767373 -1.2313453609668135 -0.81246213059012 -0.8050508730264517 -0.8124320089769272 -0.7372222313856804 -0.7179657179746501 -0.6979285467149827 -0.7328016623769167 -0.7509690123018399 -0.7506285987878796 -0.7611450733864327 -0.7920706394961978 -0.7903910092494002 -0.7778171035358126 -0.9176253958618461 -1.3783021845533463 -2.5371961446135076 -2.5602758975519837 -1.9482845944253724 -1.4389627396328626 -0.8262863485895953 -1.2126966296918626 -1.7175734683006627 -1.7906808367015876 -1.2722072248984055 -1.3035983331143617 -1.2945787641496527 -1.805537405382572 -1.2788441304512264 -0.7965196516474179 -0.78904708589902 -1.1874731882171865 -0.7728381549032031 -0.7783264813028679 -2.3757525102551433 -0.8769000233564672 -1.2893537086891438 -0.8202576152123043 -0.9261954280639334 -1.3767942173700494 -1.2491511508277295 -1.2842664352492374 -1.783401629365369 -1.7378053866256549 -0.7489151176407748 -1.2362143125478657 -1.203337492100356 -1.840781672518098 -1.8122283790802631 -1.8061850600024172 -1.3080100070893284 -0.7911373493819507 -0.7735364399620916 -1.2861273493336054 -1.3154523126787323 -1.1011880172704958 -1.1106789889763409 -0.8466274013263048 -1.295062003990832 -0.8619480428715748 -0.8089029981845254 -1.3149302369377653 -1.93118991125576 -1.2838333439855973 -1.2842597549013612 -1.3942977826648992 -1.2402623826969503 -1.2699305964894212 -0.793475758077027 -1.2035831684593556 -1.0726291619919905 -0.829120721303009 -1.2834196256775523 -1.319607577778326 -0.8904629942149275 -0.8298419963476173 -0.8168161890754047 -1.8201956435753144 -1.841143368490612 -0.9088813405372942 -1.3807903118100333 -1.8809762905857121 -0.9478180939616841 -1.3545599083785047 -1.2808553030094707 -0.8092406011510717 -1.2354112937900967 -1.3003447520829507 -0.9937440405095189 -0.8008708754695933 -0.756687073888113 -0.8929236958711463 -0.7301861103034967 -1.3363983713577772 -0.8523275561629224 -0.8613241163154018 -0.8498596504741205 -1.2219891603052464 -1.8345056418561372 -0.8295258331053563 -0.8262696125572374 -0.7904514602547084 -1.8247284432429693 -1.3291196038324988 -1.3372951737446594 -1.2609076651380273 -0.8278819811980014 -1.2623583378909833 -0.7613730001961078 -0.785759974962731 -1.1835123171699655 -1.3400357913243253 -1.1941485232004874 -0.7657082788343899 -0.7485168739703094 -0.7627579094622549 -0.717008913362458 -1.9549750987589056 -1.8519153960543884 -1.7838112075083032 -0.8350825831959438 -1.2472395279939301 -1.3121154498905483 -0.8690688282543776 -1.7631212344442033
-0.8065054100191283 -0.7713884560877533 -0.7784263360276955 -0.7528051791102428 -0.7611571161635543 -0.7266424408630606 -0.7347425966992626 -0.7624181835096776 -1.413733617904912 -1.8040556996020154 -2.5962190235064453 -2.5549802918698234 -1.8723947376624743 -3.102218267466881 -1.9723791658971026 -3.055247570217388 -0.9071205891651296 -1.8303947295596585 -1.3463592457120392 -1.9009162090446834 -3.1961913679011227 -2.5094319780214493 -1.348315656454838 -1.2588272434101442 -1.2546681269672493 -0.8039019786881124 -0.7847193486472652 -0.8154759557893009 -0.8094640033613121 -0.8140205452329741 -0.79124865627058 -0.7982272092157396 -0.8237206476149381 -0.7960329117881015 -0.8004121444788883 -1.2313453609668135 -0.8096305532723753 -0.8117655374604354 -0.8124320089769272 -0.7372222313856804 -0.7221846851178813 -0.6979285467149827 -0.7328016623769167 -0.747222402864147 -0.7467096758805829 -0.7611450733864327 -0.7920706394961978 -0.7903910092494002 -1.2309315376543375 -0.9176253958618461 -1.3783021845533463 -2.5371961446135076 -2.5602758975519837 -1.9482845944253724 -1.4389627396328626 -0.8262863485895953 -1.2126966296918626 -1.7175734683006627 -1.8102736611260448 -1.2722072248984055 -1.2899503173813471 -1.2945787641496527 -1.805537405382572 -0.8149944265804266 -0.7965196516474179 -0.78904708589902 -1.1874731882171865 -0.7728381549032031 -0.7783264813028679 -2.3757525102551433 -0.8687258147349095 -1.2893537086891438 -0.8202576152123043 -0.9261954280639334 -1.3767942173700494 -1.2491511508277295 -1.2842664352492374 -1.783401629365369 -1.7378053866256549 -0.7489151176407748 -1.2362143125478657 -1.2127714733783714 -1.840781672518098 -1.8122283790802631 -1.8061850600024172 -1.3080100070893284 -0.8049990702280152 -0.7735364399620916 -1.2997268101244188 -1.3154523126787323 -1.0863852235052769 -1.1106789889763409 -0.8693587938803506 -1.2787499110006382 -0.8619480428715748 -0.7993363093285494 -1.3149302369377653 -1.8718858625824342 -1.3116845216327315 -1.2842597549013612 -1.3942977826648992 -1.2895451800820246 -1.2699305964894212 -0.7701144513234603 -1.2035831684593556 -1.0726291619919905 -0.829120721303009 -1.2834196256775523 -1.319607577778326 -0.8904629942149275 -0.8298419963476173 -0.80445755862839 -1.8201956435753144 -1.841143368490612 -0.9088813405372942 -1.3807903118100333 -1.8809762905857121 -0.937600691246418 -1.3545599083785047 -1.2808553030094707 -0.8092406011510717 -1.2354112937900967 -1.3003447520829507 -0.9937440405095189 -0.8008708754695933 -0.756687073888113 -0.8929236958711463 -0.7354332591041616 -1.3363983713577772 -0.8523275561629224 -0.8601098392053658 -0.8583053419155132 -1.2219891603052464 -1.8345056418561372 -0.8295258331053563 -0.8262696125572374 -0.8140687454620575 -1.8062108846632867 -1.3291196038324988 -1.2923574494098744 -1.2609076651380273 -0.8278819811980014 -1.2623583378909833 -0.7746579420721009 -0.8001383581455416 -1.1835123171699655 -1.3400357913243253 -1.2142892014164957 -0.7657082788343899 -0.7485168739703094 -0.7627579094622549 -0.7248734485958886 -1.9549750987589056 -1.8660629795921537 -1.2256911711817442 -1.3048249270426386 -1.2472395279939301 -1.3121154498905483 -0.8544104700632325 -1.7631212344442033
-0.7545669176071356 -0.7455045633301983 -0.7338792040914888 -0.7084771876317764 -0.7111531573365326 -0.7481816141759142 -0.7400227649626847 -0.7336025428395142 -1.366017683799707 -2.5180812059842133 -2.546697330768973 -2.5418029690756083 -2.5112862387168047 -2.5000901144124565 -1.4439949593936134 -2.3536120767931443 -0.9581104036791598 -2.4797619860748594 -1.927479220761811 -1.9150764917241312 -3.188492139394358 -2.516223247671962 -1.3604329513185172 -1.2439112302648645 -1.2837092209838545 -0.7884948137156277 -0.7943278767333258 -0.8053354488591422 -0.7803171655865199 -0.7853195024436675 -0.7780786211194334 -0.77444412731972 -1.2630199577785475 -1.153983989685158 -1.2219451430841528 -1.7749556212783852 -1.1920033232001015 -1.1797043572628698 -1.1297122617484314 -1.0814236566875979 -0.6885695180215848 -0.7104703177995353 -0.7213722001823301 -0.7347359291385915 -0.7355220634898304 -0.7358942403181069 -0.7699455181900237 -0.7307763739518981 -1.2356850048527395 -1.4506564309738332 -1.4075758833304501 -1.9849590794684497 -2.5513584632211925 -1.9393755207646939 -0.9415872423571028 -0.8155699309393761 -1.2149513293269942 -1.710144123234645 -1.2273844227743667 -1.7804453790171682 -1.280342517426133 -1.293583966878836 -2.439381863684822 -0.8884279926803986 -0.7985980923728958 -0.8014994665180573 -1.7362619346102253 -0.8739453956293947 -1.2106084178312837 -2.3295839892615255 -0.8474133371655533 -1.8089846711965532 -0.8754218937526235 -0.9228121454655833 -1.3491685334572407 -1.2480903007258237 -1.2914534107701712 -1.7515638490378849 -1.7232511036415024 -0.8007915713787902 -1.2461207931986715 -1.215052658272487 -1.8385481139923328 -1.7704485781739707 -1.7993467310217333 -1.2618449702905536 -1.3199734311484446 -0.8319860135591445 -1.816373365089846 -1.3235577070348818 -1.1259800279270227 -1.103402347637668 -0.916699307177437 -1.3523241492398044 -0.9098772653262729 -0.7908634106999041 -1.9012203025060457 -1.8349094177519971 -1.995832778673689 -1.2836339729883068 -1.3805772547395292 -1.2567973511416082 -1.2544059119135766 -0.7790852856289362 -1.7806762696963496 -1.6396744773690908 -0.8992667133346938 -1.6148010403057742 -1.882782353507464 -1.3797043408077696 -1.1634353974151006 -0.8320992137747754 -1.808967096323078 -1.922054745985873 -1.37994031182268 -2.5980763714823 -1.3370762827936482 -0.9270463993715464 -1.3286538183640746 -1.2628224050543488 -0.8338153682039919 -1.2130144374402116 -1.3205736600007063 -0.8014620066248972 -0.8692203669563099 -1.2497471668928142 -1.1726114303850965 -1.1743092659220655 -1.3879697603871832 -0.8552871802268603 -1.3475700448856782 -1.3344466405975361 -1.2596758652643607 -1.9113278647222314 -0.8534434776915528 -0.8066170372338368 -1.2476516283588892 -1.8654395493795128 -1.3384109687289678 -1.353061582661986 -1.3719201294300194 -1.3029903674531251 -1.2815847388110693 -0.8195250421589727 -0.8366524311145996 -1.2336360685392378 -1.8670667930093954 -1.212972169076832 -0.7837918956204479 -1.1826552173030127 -1.2422928861663762 -0.9756267078573995 -2.58878678538364 -1.9199854836177948 -1.8043107008892998 -1.8786650087920982 -1.2783154163235813 -1.312000313310406 -0.8745974366317748 -1.7560326177704015
-0.7174901543206317 -0.7159985181556868 -0.7088063484284208 -0.6974233755452061 -0.7312022736238929 -0.7260898178824918 -0.7496608754667577 -0.7405385739733916 -1.3742576995653177 -1.900551210405714 -2.535699392342361 -2.4683440046161818 -2.4921164984503603 -2.5168116771770186 -1.5242547582948722 -2.4444325536228098 -0.876463107400935 -1.786956065533343 -1.8896984199826405 -1.9008898654703432 -2.4783505549701075 -2.4896083841028505 -1.3473851736702405 -1.2233988360332841 -0.8247917137485304 -0.8098293374601303 -1.2810002171407584 -0.805969687969377 -0.7907253305377889 -0.7809080395200405 -0.7966294813181051 -0.7895014373290804 -1.1579063453110492 -1.118009452142459 -1.2004751377791423 -1.2143116453630767 -1.1264073820537808 -1.157011810382054 -1.1150366854994296 -1.140766773237864 -0.7013742606811243 -0.744108342493399 -0.7365939222161558 -0.7302703916152237 -0.7324613575872844 -0.7392239707754162 -0.7641545275195084 -0.7637037533999345 -0.8120621481063173 -1.4883327417027576 -1.3997867306607668 -2.568982149619228 -3.278578122355097 -2.0229050986510684 -0.9592148245784344 -0.8181142651028238 -1.2095777191505752 -1.2195481472788121 -1.205084741154935 -1.8023638389447856 -0.8881876077872224 -1.2565586945624052 -1.7999427775170542 -0.8264092626416026 -0.7826472754720191 -0.8084207061627668 -1.2469668715155982 -0.8584319509219249 -1.2213280671483744 -1.7368391126454361 -0.8382474221523676 -1.2077699808587703 -0.9358800958520492 -0.9101846635322665 -1.3389446303375878 -1.2630186099864904 -1.2930674779868063 -1.7483354387003558 -1.736114493869765 -0.8392896673474858 -1.283024779740328 -1.2490647915375175 -1.7975070045439334 -1.7820781870247666 -1.8258526214901443 -1.2729734362676357 -1.3318125886716636 -0.8564326628612999 -1.230755529230859 -1.2733847038624586 -1.1533066620367844 -1.123079290535876 -0.9104413671838951 -0.8605607830657294 -0.8574092278524812 -0.8138075452045166 -1.9241668057294887 -2.433102953952023 -1.9512628143358248 -1.2865515241201402 -1.3648931753344837 -1.2567973511416082 -1.2958224833806598 -0.7820584243606675 -1.1885442270948097 -1.8504142185891503 -0.8501713059249243 -1.6130140859236293 -1.7839180962255485 -1.329726140181795 -1.215207756711627 -0.7853124354704032 -1.7989014331470445 -1.8886027014402482 -1.423903896840903 -2.6451442049322464 -1.4020434614251975 -0.9360485519626842 -0.8302554411866528 -1.3570760349140911 -0.865750315929249 -1.2618745592373397 -1.2906944623577792 -1.0172037037677892 -0.8105841595381804 -1.808302470249533 -0.9829811011643059 -1.7820879489945263 -0.857664466789203 -0.7997179481498901 -1.2098425651925757 -1.2606245642242355 -0.8357969449124197 -1.2688782320904142 -0.853221870927109 -1.2755975944456257 -1.2832647208081778 -1.8946004293170031 -1.3001764948948487 -1.3357128238907963 -1.4091009281054736 -1.2320483453439388 -1.280118804075273 -0.8044708002452039 -0.819609914025854 -0.8524811582518366 -1.7660767878682793 -1.2162292360683418 -0.7834630068573526 -1.1916270758651233 -1.1887846927090646 -1.059750673448472 -1.2838495868232034 -1.792372933302927 -1.835492727288866 -1.2862297898137218 -1.3137114812327118 -1.1968047676887188 -0.8336030421728303 -1.1725360778544298
-0.7230356702437624 -0.7159985181556868 -0.7237995317306225 -0.69349341644873 -0.7258742209787471 -0.7449421875886445 -0.7273544018945743 -0.731668807575558 -1.3908880869748903 -1.9099566266210326 -2.535699392342361 -2.4683440046161818 -2.4921164984503603 -2.5168116771770186 -1.5242547582948722 -2.4444325536228098 -0.876463107400935 -1.789614913921217 -1.8996408917931398 -1.9165910662724586 -2.4998627784872234 -2.5170575865465263 -1.3718728222554888 -1.2233988360332841 -0.8247917137485304 -0.8098293374601303 -0.8004793329370037 -0.805969687969377 -0.7907253305377889 -0.799226603632941 -0.7966294813181051 -0.7895014373290804 -1.1492278814890646 -1.118009452142459 -1.2086398990351586 -1.2044117075981324 -1.1264073820537808 -1.157011810382054 -1.134080649190464 -1.140766773237864 -0.6940780583244303 -0.744108342493399 -0.7365939222161558 -0.7302703916152237 -0.7324613575872844 -0.7443654179944974 -0.7606595568262524 -0.7379322216132269 -0.8120621481063173 -1.4883327417027576 -1.3997867306607668 -2.568982149619228 -3.278578122355097 -2.0229050986510684 -0.9330122081425567 -0.8181142651028238 -1.2095777191505752 -1.2195481472788121 -1.205084741154935 -1.8023638389447856 -0.8745836931795833 -1.2565586945624052 -1.7999427775170542 -0.8169329557090834 -0.7826472754720191 -0.8084207061627668 -1.2469668715155982 -0.8315301676384632 -1.2213280671483744 -2.366170854065927 -0.8382474221523676 -1.2077699808587703 -0.9358800958520492 -0.8935034748812416 -1.3493953728157293 -1.2630186099864904 -1.3112812293640002 -1.763991245412557 -1.736114493869765 -0.8392896673474858 -1.283024779740328 -1.2490647915375175 -1.7975070045439334 -1.7820781870247666 -1.8258526214901443 -1.2729734362676357 -1.316703728832765 -0.8618494564901656 -1.2227504038777262 -1.2733847038624586 -1.1353550301980466 -1.123079290535876 -0.8997074726776882 -0.8605607830657294 -0.8574092278524812 -0.8061569957965771 -1.9241668057294887 -1.7998832784495806 -1.9512628143358248 -1.2865515241201402 -1.381409311922665 -1.2567973511416082 -1.2958224833806598 -0.7414328005373173 -1.1993225281595175 -1.8758800590740696 -0.8324649517980567 -1.6130140859236293 -1.7839180962255485 -1.3377522725883901 -1.204973944935161 -0.7929033024330719 -1.7989014331470445 -1.8750025591590131 -1.423903896840903 -2.675581885876134 -1.4020434614251975 -0.9475474678833783 -0.8302554411866528 -1.2995659410191727 -0.865750315929249 -1.2618745592373397 -1.2906944623577792 -0.8123636344046314 -0.8368370514343697 -1.808302470249533 -0.9760340691503102 -1.7820879489945263 -0.82488760416674 -0.8074351124552269 -1.2098425651925757 -1.272448256931272 -0.8357969449124197 -1.2688782320904142 -0.8444462166959312 -1.2755975944456257 -1.2832647208081778 -1.8946004293170031 -1.3001764948948487 -1.3357128238907963 -1.4091009281054736 -1.2320483453439388 -0.8155902107557362 -0.8175385390122816 -0.8303042487510321 -0.826522939409046 -1.7660767878682793 -1.228572798673696 -0.7834630068573526 -1.1810096513656232 -1.1887846927090646 -1.059750673448472 -1.2990269796882503 -1.792372933302927 -1.835492727288866 -1.2977928493439188 -1.3315212989390617 -1.1968047676887188 -0.8529153759205123 -1.1836541522042827
-0.753239765241533 -0.7414993212816279 -0.7145589103603511 -0.69349341644873 -0.7258742209787471 -0.7449421875886445 -0.7339932917722537 -0.731668807575558 -1.316634483491172 -1.898471249188758 -2.547201020336568 -2.4683440046161818 -2.4483592469521676 -2.508403687852419 -1.5109268965334381 -2.4233132976650222 -0.867056278173661 -1.789614913921217 -1.8996408917931398 -1.9165910662724586 -2.4998627784872234 -2.49910430959084 -1.3569124534840005 -1.2336608717498123 -0.8247917137485304 -0.8098293374601303 -0.8004793329370037 -0.805969687969377 -0.7907253305377889 -0.799226603632941 -0.7856958758635576 -0.7804117191831127 -1.1492278814890646 -1.118009452142459 -1.2086398990351586 -1.2044117075981324 -1.1169186129778872 -1.157011810382054 -1.1688414004817504 -1.1380962674809334 -0.7058787166406681 -0.7384396544169037 -0.7365939222161558 -0.726252255728533 -0.7324613575872844 -0.7443654179944974 -0.7551919748620174 -0.7379322216132269 -0.8056125495806541 -1.4853411134466357 -1.3997867306607668 -2.568982149619228 -3.278578122355097 -2.0229050986510684 -0.9330122081425567 -0.8181142651028238 -1.2095777191505752 -1.2195481472788121 -1.205084741154935 -1.8023638389447856 -0.8745836931795833 -1.2455619774353175 -1.7999427775170542 -0.8264092626416026 -0.788489286697428 -0.7792431658245366 -1.2041516617206247 -0.8315301676384632 -1.2213280671483744 -2.366170854065927 -0.8382474221523676 -1.2077699808587703 -0.9221094327479791 -0.9101846635322665 -1.3131482396903844 -1.1972090106350877 -1.3112812293640002 -1.7904879786865506 -1.736114493869765 -0.8318458281041675 -1.283024779740328 -1.238515632219259 -1.7975070045439334 -1.7820781870247666 -1.8258526214901443 -1.2729734362676357 -1.2903690823650804 -0.8618494564901656 -1.2330377012117673 -1.2733847038624586 -1.1226022486185017 -1.123079290535876 -0.8764798577445535 -0.8605607830657294 -0.8574092278524812 -0.814252975120208 -1.9241668057294887 -1.7998832784495806 -1.9512628143358248 -1.2865515241201402 -1.381409311922665 -1.2567973511416082 -1.2958224833806598 -0.7414328005373173 -1.1993225281595175 -1.8758800590740696 -0.8324649517980567 -1.6130140859236293 -1.7946944098024944 -1.3377522725883901 -1.204973944935161 -0.783726914332445 -1.7989014331470445 -1.8750025591590131 -1.423903896840903 -2.675581885876134 -1.4020434614251975 -0.9475474678833783 -0.8302554411866528 -1.282225420651891 -0.865750315929249 -1.2618745592373397 -1.2906944623577792 -0.8123636344046314 -0.8698530906205045 -1.808302470249533 -0.985450888591058 -1.7962026530470052 -0.8425901528987378 -0.8074351124552269 -1.2098425651925757 -1.272448256931272 -0.8529269780416374 -1.2688782320904142 -0.8503684785605466 -0.8129638972181443 -1.2832647208081778 -1.9125015764550488 -1.3001764948948487 -1.3357128238907963 -1.4091009281054736 -1.2099804283425357 -0.8155902107557362 -0.8175385390122816 -0.819609914025854 -0.8160223463807909 -1.74628612355978 -1.228572798673696 -0.7834630068573526 -1.1873300983972959 -1.1887846927090646 -1.0524242987906718 -1.2990269796882503 -1.8242563025158463 -1.835492727288866 -1.2977928493439188 -1.3315212989390617 -1.1968047676887188 -0.8529153759205123 -1.1836541522042827
-0.753239765241533 -0.7414993212816279 -0.7078754559705785 -0.69349341644873 -0.7258742209787471 -0.7449421875886445 -0.7339932917722537 -0.731668807575558 -1.316634483491172 -1.898471249188758 -2.547201020336568 -2.4683440046161818 -2.4483592469521676 -2.508403687852419 -1.5109268965334381 -2.4233132976650222 -0.8591951640380996 -1.8273292624148418 -1.8996408917931398 -1.9165910662724586 -2.4998627784872234 -2.49910430959084 -1.3569124534840005 -1.2336608717498123 -0.8247917137485304 -0.8098293374601303 -0.8004793329370037 -0.805969687969377 -0.7907253305377889 -0.799226603632941 -0.7767586507985309 -0.7870280769780161 -1.1492278814890646 -1.118009452142459 -1.2086398990351586 -1.2044117075981324 -1.1159185686321875 -1.1470728566204564 -1.1688414004817504 -1.1380962674809334 -0.7058787166406681 -0.7384396544169037 -0.7365939222161558 -0.726252255728533 -0.7324613575872844 -0.7443654179944974 -0.7551919748620174 -0.7379322216132269 -0.7932712349643222 -1.474027968076432 -1.3997867306607668 -2.568982149619228 -3.278578122355097 -2.0229050986510684 -0.9330122081425567 -0.8181142651028238 -1.2095777191505752 -1.2195481472788121 -1.192962286804528 -1.8023638389447856 -0.8745836931795833 -1.2643256985921982 -1.7999427775170542 -0.8169329557090834 -0.7757927441696786 -0.8084207061627668 -1.2054631036309893 -0.8315301676384632 -1.2213280671483744 -2.366170854065927 -0.8382474221523676 -1.2077699808587703 -0.9358800958520492 -0.9101846635322665 -1.3131482396903844 -1.1972090106350877 -1.3112812293640002 -1.7904879786865506 -1.736114493869765 -0.8318458281041675 -1.283024779740328 -1.2807712224788925 -1.7975070045439334 -1.7820781870247666 -1.8258526214901443 -1.2729734362676357 -1.3041051125839231 -0.8208352208126534 -1.2330377012117673 -1.2733847038624586 -1.1226022486185017 -1.123079290535876 -0.8764798577445535 -0.8605607830657294 -0.8574092278524812 -0.814252975120208 -1.9241668057294887 -1.7998832784495806 -1.9512628143358248 -1.2865515241201402 -1.381409311922665 -1.2567973511416082 -1.2958224833806598 -0.7414328005373173 -1.1993225281595175 -1.9367622360177201 -0.8324649517980567 -1.6130140859236293 -1.7946944098024944 -1.3377522725883901 -1.204973944935161 -0.783726914332445 -1.7989014331470445 -1.8750025591590131 -1.423903896840903 -2.675581885876134 -0.911442960780548 -0.9475474678833783 -0.8302554411866528 -1.282225420651891 -0.8554710414386074 -1.2494949712871346 -1.2906944623577792 -0.8123636344046314 -0.8698530906205045 -1.808302470249533 -0.985450888591058 -1.7962026530470052 -0.8425901528987378 -0.8074351124552269 -1.2327209884588135 -1.272448256931272 -0.8529269780416374 -1.2688782320904142 -0.8444462166959312 -0.8241338151363847 -1.2832647208081778 -1.9125015764550488 -1.341732316894265 -1.3357128238907963 -1.397888027794069 -1.1861566278188642 -0.8155902107557362 -0.8175385390122816 -0.8109779654836357 -0.8160223463807909 -1.7753730794863136 -1.2162292360683418 -0.7834630068573526 -1.1873300983972959 -1.1887846927090646 -1.0524242987906718 -1.2990269796882503 -1.8242563025158463 -1.835492727288866 -1.2977928493439188 -1.3315212989390617 -1.1968047676887188 -1.3130061846017058 -1.1836541522042827
-0.753239765241533 -0.7414993212816279 -0.7078754559705785 -0.69349341644873 -0.7214255274929073 -0.7449421875886445 -0.7339932917722537 -0.731668807575558 -1.316634483491172 -1.898471249188758 -2.547201020336568 -2.4683440046161818 -2.4921164984503603 -2.508403687852419 -1.5109268965334381 -2.4233132976650222 -0.8591951640380996 -1.8273292624148418 -1.8996408917931398 -1.9165910662724586 -2.4998627784872234 -2.47169935979913 -1.3569124534840005 -1.2336608717498123 -0.8247917137485304 -0.8098293374601303 -0.8004793329370037 -0.805969687969377 -0.7907253305377889 -0.799226603632941 -0.7767586507985309 -0.7870280769780161 -1.1492278814890646 -1.118009452142459 -1.2086398990351586 -1.2143116453630767 -1.106478022544298 -1.1583363374426041 -1.1688414004817504 -1.1380962674809334 -0.7058787166406681 -0.7384396544169037 -0.7365939222161558 -0.726252255728533 -0.7324613575872844 -0.7443654179944974 -0.7551919748620174 -0.7379322216132269 -0.7932712349643222 -1.4622681915877453 -1.3997867306607668 -2.568982149619228 -3.278578122355097 -2.0229050986510684 -0.9330122081425567 -0.8181142651028238 -1.2095777191505752 -1.2195481472788121 -1.192962286804528 -1.8023638389447856 -0.8745836931795833 -1.2643256985921982 -1.7999427775170542 -0.8264092626416026 -0.781601009196992 -0.8084207061627668 -1.2054631036309893 -0.8315301676384632 -1.2213280671483744 -2.4174032024152354 -0.8382474221523676 -1.2077699808587703 -0.9358800958520492 -0.9101846635322665 -1.3131482396903844 -1.1972090106350877 -1.329374141149139 -1.7904879786865506 -1.736114493869765 -0.8318458281041675 -1.283024779740328 -1.2807712224788925 -1.7975070045439334 -1.7820781870247666 -1.8258526214901443 -1.2729734362676357 -1.3053314186807163 -0.8208352208126534 -1.249917641611317 -1.2733847038624586 -1.1226022486185017 -1.123079290535876 -0.9196438128860883 -0.8605607830657294 -0.8574092278524812 -0.814252975120208 -1.8789019285451212 -1.7998832784495806 -1.9512628143358248 -1.2865515241201402 -1.381409311922665 -1.2567973511416082 -1.2958224833806598 -0.7414328005373173 -1.2180546293229182 -1.9367622360177201 -0.8376879545810554 -1.6130140859236293 -1.7946944098024944 -1.3377522725883901 -1.204973944935161 -0.783726914332445 -1.7989014331470445 -1.8750025591590131 -1.3692524163645334 -2.675581885876134 -0.911442960780548 -0.9475474678833783 -0.8302554411866528 -1.282225420651891 -0.8554710414386074 -1.2494949712871346 -1.2906944623577792 -0.8123636344046314 -0.8698530906205045 -1.808302470249533 -0.985450888591058 -1.7962026530470052 -0.8425901528987378 -0.8074351124552269 -1.2327209884588135 -1.272448256931272 -0.8529269780416374 -1.2688782320904142 -0.8444462166959312 -0.8241338151363847 -1.2832647208081778 -1.9125015764550488 -1.341732316894265 -1.3357128238907963 -1.397888027794069 -1.1861566278188642 -0.8155902107557362 -0.8175385390122816 -0.8109779654836357 -0.8160223463807909 -1.7753730794863136 -1.2041778514565218 -0.7834630068573526 -1.1873300983972959 -1.1887846927090646 -1.0524242987906718 -1.259392256935429 -1.8242563025158463 -1.835492727288866 -1.2977928493439188 -1.3315212989390617 -1.1968047676887188 -1.3130061846017058 -1.1836541522042827
-0.753239765241533 -0.7414993212816279 -0.7078754559705785 -0.69349341644873 -0.7129887479434095 -0.7396764081728909 -0.7339932917722537 -0.731668807575558 -1.3742576995653177 -1.898471249188758 -2.547201020336568 -2.4683440046161818 -2.4921164984503603 -2.508403687852419 -1.5109268965334381 -2.4233132976650222 -0.8591951640380996 -1.8273292624148418 -1.8996408917931398 -1.9165910662724586 -2.4998627784872234 -2.4896083841028505 -1.3569124534840005 -1.2336608717498123 -0.8247917137485304 -0.8098293374601303 -0.8004793329370037 -0.805969687969377 -0.7907253305377889 -0.799226603632941 -0.7767586507985309 -0.7870280769780161 -1.1579063453110492 -1.118009452142459 -1.2086398990351586 -1.2143116453630767 -1.1159185686321875 -1.1583363374426041 -1.1688414004817504 -1.1380962674809334 -0.7110397260498357 -0.744108342493399 -0.7414985712853894 -0.726252255728533 -0.7324613575872844 -0.7443654179944974 -0.7600677085543411 -0.7379322216132269 -0.8061132685554943 -1.4622681915877453 -1.3997867306607668 -2.568982149619228 -3.278578122355097 -2.0229050986510684 -0.9330122081425567 -0.8181142651028238 -1.2095777191505752 -1.2195481472788121 -1.192962286804528 -1.8023638389447856 -0.8745836931795833 -1.261772513693213 -1.7999427775170542 -0.8264092626416026 -0.8178447583763857 -0.8084207061627668 -1.2054631036309893 -0.8315301676384632 -1.2213280671483744 -2.366170854065927 -0.8382474221523676 -1.2077699808587703 -0.9358800958520492 -0.9101846635322665 -1.338117657380782 -1.1972090106350877 -1.329374141149139 -1.7904879786865506 -1.736114493869765 -0.8180976207924021 -1.283024779740328 -1.2807712224788925 -1.7975070045439334 -1.7820781870247666 -1.8258526214901443 -1.2729734362676357 -1.3191443589036267 -0.8208352208126534 -1.249917641611317 -1.2733847038624586 -1.1226022486185017 -1.123079290535876 -0.9075520613299297 -0.8605607830657294 -0.8574092278524812 -0.814252975120208 -1.8789019285451212 -1.7998832784495806 -1.9512628143358248 -1.2865515241201402 -1.381409311922665 -1.2567973511416082 -0.8269935785141178 -0.7414328005373173 -1.2180546293229182 -1.9367622360177201 -0.8376879545810554 -1.6130140859236293 -1.7839180962255485 -1.3377522725883901 -1.204973944935161 -0.783726914332445 -1.7989014331470445 -1.8750025591590131 -1.423903896840903 -2.675581885876134 -0.911442960780548 -0.9475474678833783 -0.8302554411866528 -1.2995659410191727 -0.8554710414386074 -1.2494949712871346 -1.2906944623577792 -0.8123636344046314 -0.8988904187448367 -1.808302470249533 -0.985450888591058 -1.7962026530470052 -0.8425901528987378 -0.8074351124552269 -1.2327209884588135 -1.272448256931272 -0.8529269780416374 -1.2559768783389458 -0.8376426175735507 -0.8126069895151755 -1.2832647208081778 -1.9125015764550488 -1.341732316894265 -1.3357128238907963 -1.397888027794069 -1.1861566278188642 -0.8155902107557362 -0.8175385390122816 -0.8109779654836357 -0.785863053659514 -1.7753730794863136 -1.228572798673696 -0.7834630068573526 -1.1873300983972959 -1.1887846927090646 -1.0524242987906718 -1.259392256935429 -1.8242563025158463 -1.835492727288866 -1.2977928493439188 -1.3315212989390617 -1.1968047676887188 -1.3130061846017058 -1.1836541522042827
-0.753239765241533 -0.7414993212816279 -0.7078754559705785 -0.69349341644873 -0.7129887479434095 -0.7396764081728909 -0.7339932917722537 -0.731668807575558 -1.3742576995653177 -1.898471249188758 -2.547201020336568 -2.4683440046161818 -2.510546384134659 -2.508403687852419 -1.5109268965334381 -2.4233132976650222 -0.8591951640380996 -1.8273292624148418 -1.8996408917931398 -1.9165910662724586 -2.4998627784872234 -2.4896083841028505 -1.3569124534840005 -1.2336608717498123 -0.8247917137485304 -0.8098293374601303 -0.8170330927458557 -0.805969687969377 -0.7907253305377889 -0.799226603632941 -0.7767586507985309 -0.7870280769780161 -1.1579063453110492 -1.118009452142459 -1.2086398990351586 -1.2143116453630767 -1.106478022544298 -1.1583363374426041 -1.1688414004817504 -1.1380962674809334 -0.7110397260498357 -0.7384396544169037 -0.7414985712853894 -0.726252255728533 -0.7324613575872844 -0.7443654179944974 -0.7600677085543411 -0.7379322216132269 -0.7932712349643222 -1.4622681915877453 -1.3997867306607668 -2.568982149619228 -3.278578122355097 -2.0229050986510684 -0.9592148245784344 -0.8181142651028238 -1.2095777191505752 -1.2195481472788121 -1.192962286804528 -1.8023638389447856 -0.8881876077872224 -1.261772513693213 -1.7999427775170542 -0.8264092626416026 -0.8178447583763857 -0.8084207061627668 -1.2054631036309893 -0.8315301676384632 -1.2213280671483744 -2.366170854065927 -0.8382474221523676 -1.2077699808587703 -0.9358800958520492 -0.9101846635322665 -1.338117657380782 -1.1972090106350877 -1.329374141149139 -1.7904879786865506 -1.736114493869765 -0.8318458281041675 -1.283024779740328 -1.2807712224788925 -1.7975070045439334 -1.7820781870247666 -1.8258526214901443 -1.2729734362676357 -1.3191443589036267 -0.8208352208126534 -1.249917641611317 -1.2733847038624586 -1.1226022486185017 -1.123079290535876 -0.8961240140111975 -0.8605607830657294 -0.833418724974276 -0.814252975120208 -1.8789019285451212 -1.7998832784495806 -1.9512628143358248 -1.2865515241201402 -1.381409311922665 -1.2567973511416082 -0.8269935785141178 -0.7414328005373173 -1.2180546293229182 -1.9367622360177201 -0.8376879545810554 -1.6130140859236293 -1.7839180962255485 -1.3377522725883901 -1.204973944935161 -0.783726914332445 -1.7989014331470445 -1.8750025591590131 -1.423903896840903 -2.675581885876134 -0.911442960780548 -0.9475474678833783 -0.8302554411866528 -1.2995659410191727 -0.8554710414386074 -1.2494949712871346 -1.2906944623577792 -0.8123636344046314 -0.8988904187448367 -1.808302470249533 -0.985450888591058 -1.7962026530470052 -1.3139844802140082 -0.8074351124552269 -1.2327209884588135 -1.272448256931272 -0.8529269780416374 -1.2559768783389458 -0.8376426175735507 -1.2751352962228246 -1.2832647208081778 -1.9125015764550488 -1.341732316894265 -1.3357128238907963 -1.397888027794069 -1.1861566278188642 -0.8155902107557362 -0.7925441705406182 -0.8109779654836357 -0.785863053659514 -1.7753730794863136 -1.2162292360683418 -0.7834630068573526 -1.1873300983972959 -1.1887846927090646 -1.0524242987906718 -1.2990269796882503 -1.8242563025158463 -1.835492727288866 -1.2977928493439188 -1.3315212989390617 -1.1968047676887188 -1.3130061846017058 -1.1836541522042827
-0.753239765241533 -0.7414993212816279 -0.7078754559705785 -0.69349341644873 -0.7176074317725336 -0.7396764081728909 -0.7339932917722537 -0.731668807575558 -1.3742576995653177 -1.898471249188758 -2.5270088056513003 -2.4683440046161818 -2.510546384134659 -2.508403687852419 -1.5109268965334381 -2.4233132976650222 -0.8591951640380996 -1.8273292624148418 -1.8996408917931398 -1.9165910662724586 -2.4998627784872234 -2.4896083841028505 -1.3569124534840005 -1.2336608717498123 -0.8247917137485304 -0.8098293374601303 -0.8170330927458557 -0.805969687969377 -0.7907253305377889 -0.799226603632941 -0.7767586507985309 -0.7870280769780161 -1.1579063453110492 -1.118009452142459 -1.2086398990351586 -1.2143116453630767 -1.106478022544298 -1.1583363374426041 -1.1688414004817504 -1.1380962674809334 -0.7184579591868627 -0.7384396544169037 -0.7414985712853894 -0.7717693346970568 -0.7324613575872844 -0.7443654179944974 -0.7600677085543411 -0.7379322216132269 -0.7737694808207748 -1.4622681915877453 -1.3997867306607668 -2.568982149619228 -3.278578122355097 -2.0229050986510684 -0.9592148245784344 -0.8181142651028238 -1.2095777191505752 -1.2195481472788121 -1.192962286804528 -1.8023638389447856 -0.8881876077872224 -1.261772513693213 -1.7999427775170542 -0.8264092626416026 -0.8178447583763857 -0.8084207061627668 -1.2054631036309893 -0.8315301676384632 -1.2213280671483744 -2.366170854065927 -0.8382474221523676 -1.2077699808587703 -0.9358800958520492 -0.9101846635322665 -1.338117657380782 -1.1972090106350877 -1.329374141149139 -1.7904879786865506 -1.736114493869765 -0.8318458281041675 -1.283024779740328 -1.2807712224788925 -1.7975070045439334 -1.7820781870247666 -1.8258526214901443 -1.2729734362676357 -1.3191443589036267 -0.8208352208126534 -1.249917641611317 -1.2733847038624586 -1.140445771656223 -1.123079290535876 -0.9075520613299297 -0.8605607830657294 -0.833418724974276 -0.814252975120208 -1.9241668057294887 -1.7998832784495806 -1.9512628143358248 -1.2865515241201402 -1.381409311922665 -1.2567973511416082 -0.8269935785141178 -0.7414328005373173 -1.2180546293229182 -1.9367622360177201 -0.8376879545810554 -1.6130140859236293 -1.7839180962255485 -1.3377522725883901 -1.1807081769154713 -0.7682462317708164 -1.7989014331470445 -1.8750025591590131 -1.423903896840903 -2.675581885876134 -1.4020434614251975 -0.9475474678833783 -0.8302554411866528 -1.2995659410191727 -0.8554710414386074 -1.2494949712871346 -1.2906944623577792 -0.8123636344046314 -0.8988904187448367 -1.808302470249533 -0.985450888591058 -1.7962026530470052 -1.3139844802140082 -0.8074351124552269 -1.2327209884588135 -1.272448256931272 -0.8529269780416374 -1.2559768783389458 -0.8376426175735507 -1.2751352962228246 -1.2832647208081778 -1.9125015764550488 -1.341732316894265 -1.3357128238907963 -1.397888027794069 -1.1861566278188642 -0.8155902107557362 -0.7925441705406182 -0.8109779654836357 -0.785863053659514 -1.7753730794863136 -1.2162292360683418 -0.7834630068573526 -1.1873300983972959 -1.1887846927090646 -1.0524242987906718 -1.2990269796882503 -1.8383305444245832 -1.835492727288866 -1.2977928493439188 -1.3315212989390617 -1.1968047676887188 -1.3130061846017058 -1.1836541522042827
-0.753239765241533 -0.7414993212816279 -0.7078754559705785 -0.69349341644873 -0.7176074317725336 -0.7396764081728909 -0.7339932917722537 -0.7405385739733916 -1.3742576995653177 -1.898471249188758 -2.5270088056513003 -2.4683440046161818 -2.510546384134659 -2.508403687852419 -1.5109268965334381 -2.4233132976650222 -0.8591951640380996 -1.8273292624148418 -1.8996408917931398 -1.9165910662724586 -2.4998627784872234 -2.4896083841028505 -1.3569124534840005 -1.2336608717498123 -0.8247917137485304 -0.8098293374601303 -0.8170330927458557 -0.805969687969377 -0.7907253305377889 -0.799226603632941 -0.7767586507985309 -0.7870280769780161 -1.1579063453110492 -1.118009452142459 -1.2086398990351586 -1.2143116453630767 -1.106478022544298 -1.1583363374426041 -1.1688414004817504 -1.1276895610498092 -0.7184579591868627 -0.7384396544169037 -0.7414985712853894 -0.726252255728533 -0.7324613575872844 -0.7443654179944974 -0.7600677085543411 -0.7379322216132269 -0.7932712349643222 -1.4622681915877453 -1.3997867306607668 -2.568982149619228 -3.278578122355097 -2.0229050986510684 -0.9592148245784344 -0.8181142651028238 -1.2095777191505752 -1.2195481472788121 -1.192962286804528 -1.8023638389447856 -0.8881876077872224 -1.261772513693213 -1.7999427775170542 -0.8264092626416026 -0.8178447583763857 -0.8084207061627668 -1.2054631036309893 -0.8315301676384632 -1.2213280671483744 -2.366170854065927 -0.8382474221523676 -1.230604895084531 -0.9358800958520492 -0.9101846635322665 -1.384049505192693 -1.1972090106350877 -1.329374141149139 -1.7904879786865506 -1.736114493869765 -0.8180976207924021 -1.283024779740328 -1.2807712224788925 -1.7975070045439334 -1.7820781870247666 -1.8258526214901443 -1.2729734362676357 -1.3191443589036267 -0.8208352208126534 -1.249917641611317 -1.2733847038624586 -1.140445771656223 -1.123079290535876 -0.9075520613299297 -0.8605607830657294 -0.833418724974276 -0.814252975120208 -1.8789019285451212 -1.7998832784495806 -1.9512628143358248 -1.2865515241201402 -1.381409311922665 -1.2567973511416082 -0.8269935785141178 -0.7414328005373173 -1.2180546293229182 -1.9367622360177201 -0.8376879545810554 -1.6130140859236293 -1.7839180962255485 -1.3526120007238764 -1.1807081769154713 -0.783726914332445 -1.7989014331470445 -1.8886027014402482 -1.423903896840903 -2.675581885876134 -0.911442960780548 -0.9475474678833783 -0.8302554411866528 -1.2815898857943637 -0.8554710414386074 -1.2494949712871346 -1.2906944623577792 -0.8123636344046314 -0.8988904187448367 -1.808302470249533 -0.985450888591058 -1.7820879489945263 -1.3139844802140082 -0.8074351124552269 -1.2327209884588135 -1.272448256931272 -0.8357969449124197 -1.2559768783389458 -0.8317771030659697 -1.2751352962228246 -1.2832647208081778 -1.9125015764550488 -1.341732316894265 -1.3357128238907963 -1.397888027794069 -1.1861566278188642 -0.8155902107557362 -0.7925441705406182 -0.8109779654836357 -0.785863053659514 -1.7660767878682793 -1.2041778514565218 -0.7834630068573526 -1.1873300983972959 -1.1887846927090646 -1.0524242987906718 -1.2990269796882503 -1.8242563025158463 -1.835492727288866 -1.2977928493439188 -1.3315212989390617 -1.1968047676887188 -1.3130061846017058 -1.1836541522042827
-0.753239765241533 -0.7414993212816279 -0.7078754559705785 -0.69349341644873 -0.7176074317725336 -0.7396764081728909 -0.7564362238311753 -0.7319486574678886 -1.3742576995653177 -1.898471249188758 -2.5270088056513003 -2.4683440046161818 -2.510546384134659 -2.508403687852419 -1.4959087690262942 -2.4233132976650222 -0.8591951640380996 -1.8116743031776519 -1.8996408917931398 -1.9165910662724586 -2.4998627784872234 -2.4896083841028505 -1.3569124534840005 -1.2336608717498123 -0.8247917137485304 -0.8098293374601303 -0.8170330927458557 -0.805969687969377 -0.7907253305377889 -0.799226603632941 -0.7767586507985309 -0.7870280769780161 -1.1492278814890646 -1.118009452142459 -1.2086398990351586 -1.2143116453630767 -1.106478022544298 -1.1583363374426041 -1.1688414004817504 -1.1276895610498092 -0.7184579591868627 -0.7384396544169037 -0.7414985712853894 -0.726252255728533 -0.7324613575872844 -0.7443654179944974 -0.7600677085543411 -0.7379322216132269 -0.7932712349643222 -1.4622681915877453 -1.3997867306607668 -2.568982149619228 -3.278578122355097 -2.0229050986510684 -0.9592148245784344 -0.8407489723860583 -1.2095777191505752 -1.2195481472788121 -1.192962286804528 -1.8023638389447856 -0.8771742358417441 -1.280657002691986 -1.7999427775170542 -0.8169329557090834 -0.8178447583763857 -0.8084207061627668 -1.2054631036309893 -0.8584319509219249 -1.2213280671483744 -2.366170854065927 -0.8577421604692109 -1.230604895084531 -0.9358800958520492 -0.9512213294640242 -1.3586763365142784 -1.2630186099864904 -1.329374141149139 -1.7904879786865506 -1.7521590909554035 -0.8318458281041675 -1.258003668082437 -1.2807712224788925 -1.7975070045439334 -2.4130404166127533 -1.8258526214901443 -1.2729734362676357 -1.3041051125839231 -0.8208352208126534 -1.249917641611317 -1.2733847038624586 -1.140445771656223 -1.1048328185014078 -0.9075520613299297 -0.8605607830657294 -0.833418724974276 -0.814252975120208 -1.8789019285451212 -1.7998832784495806 -1.9512628143358248 -1.2865515241201402 -1.381409311922665 -1.2567973511416082 -0.8269935785141178 -0.7414328005373173 -1.2180546293229182 -1.9367622360177201 -0.8563203490965307 -1.6130140859236293 -1.7839180962255485 -1.3377522725883901 -1.1807081769154713 -0.783726914332445 -1.7989014331470445 -1.8886027014402482 -1.423903896840903 -2.675581885876134 -0.9176751766135945 -0.9475474678833783 -0.8302554411866528 -1.282225420651891 -0.8554710414386074 -1.2494949712871346 -1.2906944623577792 -0.8123636344046314 -0.8988904187448367 -1.808302470249533 -0.985450888591058 -1.7820879489945263 -1.3139844802140082 -0.8074351124552269 -1.2327209884588135 -1.272448256931272 -0.8357969449124197 -1.2728681208696222 -0.8317771030659697 -0.8126069895151755 -1.2832647208081778 -1.9125015764550488 -1.341732316894265 -1.3357128238907963 -1.397888027794069 -1.1861566278188642 -0.8155902107557362 -0.7925441705406182 -0.8006163808843522 -0.785863053659514 -1.7660767878682793 -1.2041778514565218 -0.7834630068573526 -1.1873300983972959 -1.1887846927090646 -1.0524242987906718 -1.2990269796882503 -1.8242563025158463 -1.835492727288866 -1.2977928493439188 -1.3315212989390617 -1.1968047676887188 -1.3130061846017058 -1.1836541522042827
-0.7545669176071356 -0.7529287469474296 -0.7270727506172445 -0.7084771876317764 -0.7159810955847848 -0.7542359199434842 -0.762588830754307 -0.7601316598496765 -1.366017683799707 -2.5180812059842133 -2.546697330768973 -2.5418029690756083 -2.529747397635464 -2.5000901144124565 -1.4439949593936134 -2.3536120767931443 -0.9497514013015912 -2.4626567009558293 -1.927479220761811 -1.9150764917241312 -3.188492139394358 -2.516223247671962 -1.3604329513185172 -1.2439112302648645 -1.2837092209838545 -0.7884948137156277 -0.810799045384529 -0.7952248176474583 -0.7803171655865199 -0.7956262520454389 -0.7917569721592977 -0.7810271015828996 -1.2630199577785475 -1.153983989685158 -1.2219451430841528 -1.7749556212783852 -1.1754025958697707 -1.1696626140154465 -1.1297122617484314 -1.0814236566875979 -0.7128166175094229 -0.7226767754146204 -0.7262079237323021 -0.7347359291385915 -0.7355220634898304 -0.7307924733741312 -0.7391172280725097 -0.7307763739518981 -0.7589806168202458 -1.4278246014745144 -1.4075758833304501 -1.9849590794684497 -2.5513584632211925 -1.9393755207646939 -0.9679330390846478 -0.8155699309393761 -1.2149513293269942 -1.710144123234645 -1.215146875288131 -1.8175493550291226 -1.2971651203292374 -1.3049439681847084 -2.439381863684822 -0.8884279926803986 -0.8281959890975842 -0.8312133273589667 -1.782911961280795 -0.9016968068316039 -1.2106084178312837 -2.356907250232884 -0.8474133371655533 -1.8089846711965532 -0.8754218937526235 -0.9096528929001946 -1.3491685334572407 -1.2480903007258237 -1.3094138626633 -1.7515638490378849 -1.7232511036415024 -0.8007915713787902 -1.2461207931986715 -1.2770688950040627 -1.8385481139923328 -1.7704485781739707 -1.7993467310217333 -1.2618449702905536 -1.3338605233454344 -0.8319860135591445 -1.8205584081462576 -1.3235577070348818 -1.1438523208180944 -1.103402347637668 -0.9046313376413776 -1.3523241492398044 -0.8770352823416241 -0.7988591139458083 -1.8561391562355583 -1.8349094177519971 -1.995832778673689 -1.2836339729883068 -1.3805772547395292 -1.2567973511416082 -1.2544059119135766 -0.7960703968318751 -1.8029318434461143 -1.6396744773690908 -0.8992667133346938 -1.6148010403057742 -1.8954169948789905 -1.3797043408077696 -1.139615369669615 -0.8320992137747754 -1.808967096323078 -1.9357673402031503 -1.37994031182268 -2.5980763714823 -1.3540305951402658 -0.9270463993715464 -1.3286538183640746 -1.2628224050543488 -0.8338153682039919 -1.2008811590835158 -1.3205736600007063 -1.0149133897526719 -0.9249415303533081 -1.2497471668928142 -1.1830390746466346 -1.1743092659220655 -1.9543992833556991 -0.843519656588418 -1.371684534702039 -1.3344466405975361 -1.2596758652643607 -1.8960164267290585 -0.8406882829584672 -0.7952502654605615 -1.2476516283588892 -1.884164488185505 -1.3384109687289678 -1.3989786894332652 -1.3719201294300194 -1.2782562722159716 -1.2815847388110693 -0.7937994640496617 -0.8279050904668649 -1.2191728236388277 -1.8873283702113497 -1.212972169076832 -0.7837918956204479 -1.1826552173030127 -1.2422928861663762 -0.9756267078573995 -2.58878678538364 -1.9057009741156425 -1.8043107008892998 -1.8786650087920982 -1.2586017252177013 -1.2992016533156996 -1.3549192540651689 -1.201320401427093
-0.7392177038919063 -0.7449925127568224 -0.7338792040914888 -0.7084771876317764 -0.7159810955847848 -0.7502103447162435 -0.7557766016271217 -0.7897391197807346 -1.3826018450834743 -2.5203302291449603 -2.555402566289253 -2.5418029690756083 -2.529747397635464 -2.5398452099890725 -1.4587837300993858 -2.3745846196977443 -0.9596966068230832 -2.4767340236262587 -1.917488480608415 -1.96583770494603 -3.173469918074751 -2.516223247671962 -1.3604329513185172 -1.2439112302648645 -1.277186744199134 -0.7710486283669894 -1.231955110275795 -0.7883580721905403 -0.7803171655865199 -0.787600259872488 -0.7870258396949019 -0.7834880386575016 -1.253943072057175 -1.143740594469405 -1.2137342505953637 -1.754560376011667 -1.1861849570581025 -1.1696626140154465 -1.0866034161284788 -1.0524046182821556 -0.7128166175094229 -0.7191804791569097 -0.7262079237323021 -0.7322932590209896 -0.7304158997320194 -0.7307924733741312 -0.7316174360696509 -0.7369199208702865 -1.2519965577006882 -1.4419298713574364 -1.4075758833304501 -1.9849590794684497 -2.5513584632211925 -1.9393755207646939 -0.9679330390846478 -0.8155699309393761 -1.2149513293269942 -1.7387711256001028 -1.215146875288131 -1.7804453790171682 -1.3030257400931367 -1.2798993364805549 -2.439381863684822 -0.8769301758734945 -0.8281959890975842 -0.8312133273589667 -1.7921265938863151 -0.9016968068316039 -1.2106084178312837 -2.356907250232884 -0.8474133371655533 -1.8089846711965532 -0.8512745014274028 -0.9201826191322875 -1.339918380040034 -1.283551927135815 -1.3094138626633 -1.198081136449379 -1.1778516371344825 -0.7914844046045626 -1.231525873422051 -1.2630419756868951 -1.8499437448723057 -1.7704485781739707 -1.7993467310217333 -1.2799712123628544 -1.3187404919703536 -0.8435159557834273 -1.8674721582454215 -1.3235577070348818 -1.1567336307995935 -1.1216359981617856 -0.9046313376413776 -1.3419120961640316 -0.8917915652640636 -0.7988591139458083 -1.8561391562355583 -1.859755840315598 -1.9768348316338127 -1.2836339729883068 -1.3640657691100055 -1.2567973511416082 -1.2544059119135766 -0.7790852856289362 -1.8029318434461143 -1.5824437418927286 -0.8746617653725787 -1.6148010403057742 -1.882782353507464 -1.3797043408077696 -1.1396232556519712 -0.8337476191674518 -1.808967096323078 -1.9357673402031503 -1.37994031182268 -2.5878320888419815 -1.895701630007074 -1.4068424258050505 -1.3286538183640746 -1.3195481080852134 -0.8439290964693618 -1.2008811590835158 -1.335079001269799 -1.0149133897526719 -0.9009454021476272 -1.2585806906069736 -1.1830390746466346 -1.1840502128439763 -1.9299318816705222 -0.8305672427024652 -1.371684534702039 -1.3344466405975361 -1.2805611643123118 -1.88032770529104 -0.8494391414567076 -0.7952502654605615 -1.2476516283588892 -1.8476892348099319 -1.3384109687289678 -1.3240810570423396 -1.9670867569881128 -1.2953022143292814 -1.8502941709830336 -0.807453305480594 -0.8277230323969254 -1.2503801827632777 -1.8873283702113497 -1.225068490554755 -0.7906291711334715 -1.745229173656551 -1.2422928861663762 -0.9905951617743988 -2.58878678538364 -1.8733300119108196 -1.8043107008892998 -1.850971440295963 -1.2783154163235813 -1.2844320530774855 -1.3491419484383333 -1.7560326177704015
-0.7392177038919063 -0.7449925127568224 -0.7338792040914888 -0.7084771876317764 -0.7019813516417727 -0.7571416989816584 -0.7333469148775853 -0.780479391576997 -1.3826018450834743 -2.5203302291449603 -2.555402566289253 -2.5418029690756083 -2.529747397635464 -2.508491910039002 -1.4587837300993858 -2.3745846196977443 -0.9596966068230832 -2.4767340236262587 -1.899037666338419 -1.96583770494603 -3.166011413760993 -2.516223247671962 -1.3604329513185172 -1.2439112302648645 -1.2837092209838545 -0.7884948137156277 -1.2599950210397783 -0.7952248176474583 -0.7803171655865199 -0.787600259872488 -0.8008069709850146 -0.7789633590994672 -1.253943072057175 -1.153983989685158 -1.2137342505953637 -1.7417807405982813 -1.1861849570581025 -1.159812870240331 -1.1076218755077127 -1.0635021107296716 -0.7339607996831239 -0.7191804791569097 -0.7262079237323021 -0.7322932590209896 -0.7304158997320194 -0.7358942403181069 -0.7360747742100179 -0.7369199208702865 -1.1892441302033947 -1.4419298713574364 -1.4075758833304501 -1.9849590794684497 -2.5513584632211925 -1.9614992535684506 -0.9775670698671883 -0.8155699309393761 -1.2149513293269942 -1.710144123234645 -1.215146875288131 -1.7804453790171682 -1.3030257400931367 -1.2798993364805549 -2.439381863684822 -0.8818835051583559 -0.8281959890975842 -0.8312133273589667 -1.7921265938863151 -0.9016968068316039 -1.2106084178312837 -2.356907250232884 -0.8474133371655533 -1.8089846711965532 -0.8512745014274028 -0.9201826191322875 -1.339918380040034 -1.2725624026500946 -1.3094138626633 -1.198081136449379 -1.1813414035530552 -0.7914844046045626 -1.231525873422051 -1.2772189148346267 -1.8499437448723057 -1.7704485781739707 -1.7993467310217333 -1.2799712123628544 -1.3187404919703536 -0.8435159557834273 -1.8458205934200425 -1.3235577070348818 -1.1567336307995935 -1.1216359981617856 -0.9046313376413776 -1.3523241492398044 -0.8917915652640636 -0.7988591139458083 -1.8561391562355583 -1.859755840315598 -1.995832778673689 -1.2836339729883068 -1.3640657691100055 -1.2567973511416082 -1.2544059119135766 -0.7790852856289362 -1.8029318434461143 -1.5824437418927286 -0.8746617653725787 -1.6148010403057742 -1.882782353507464 -1.3797043408077696 -1.1396232556519712 -0.8256660767837379 -1.8017717775814779 -1.9357673402031503 -1.37994031182268 -2.5576040266120508 -1.3218920482123053 -0.9156991443630503 -1.3286538183640746 -1.2628224050543488 -0.8439290964693618 -1.2008811590835158 -1.335079001269799 -1.0024479673654385 -0.9009454021476272 -1.2497471668928142 -1.1830390746466346 -1.1840502128439763 -1.9299318816705222 -0.8305672427024652 -1.371684534702039 -1.3344466405975361 -1.2805611643123118 -1.88032770529104 -0.8494391414567076 -0.7952502654605615 -1.2476516283588892 -1.8476892348099319 -1.3384109687289678 -1.3240810570423396 -1.383036741696044 -1.2953022143292814 -1.2815847388110693 -0.807453305480594 -0.838492819558229 -1.2503801827632777 -1.8873283702113497 -1.225068490554755 -0.7837918956204479 -1.745229173656551 -1.2422928861663762 -0.9905951617743988 -2.58878678538364 -1.8583832114055594 -1.8043107008892998 -1.850971440295963 -1.2783154163235813 -1.2992016533156996 -1.3693652646701104 -1.7560326177704015
-0.7392177038919063 -0.7449925127568224 -0.7338792040914888 -0.7084771876317764 -0.6932013166608632 -0.7502103447162435 -0.7333469148775853 -0.780479391576997 -1.3826018450834743 -2.5203302291449603 -2.555402566289253 -2.5418029690756083 -2.529747397635464 -2.508491910039002 -1.4587837300993858 -2.350352170464101 -0.9596966068230832 -2.4626567009558293 -1.899037666338419 -1.8993794281200531 -3.166011413760993 -2.516223247671962 -1.3873390656742308 -1.2439112302648645 -1.2837092209838545 -0.7884948137156277 -0.7844977672827053 -0.7952248176474583 -0.7803171655865199 -0.787600259872488 -0.7870258396949019 -0.7855716329693805 -1.253943072057175 -1.153983989685158 -1.2137342505953637 -1.7417807405982813 -1.1861849570581025 -1.159812870240331 -1.1076218755077127 -1.0635021107296716 -0.7339607996831239 -0.7191804791569097 -0.7262079237323021 -0.7322932590209896 -0.7304158997320194 -0.7358942403181069 -0.7321651280678791 -0.7369199208702865 -1.1892441302033947 -1.4419298713574364 -1.4075758833304501 -1.9849590794684497 -2.5513584632211925 -1.9614992535684506 -0.9775670698671883 -0.8155699309393761 -1.2149513293269942 -1.710144123234645 -1.215146875288131 -1.7804453790171682 -1.3108501507492234 -1.293583966878836 -2.439381863684822 -0.8818835051583559 -0.8281959890975842 -0.8312133273589667 -1.7813542980943242 -0.9016968068316039 -1.2106084178312837 -2.356907250232884 -0.8474133371655533 -1.8089846711965532 -0.8512745014274028 -0.9201826191322875 -1.339918380040034 -1.2725624026500946 -1.3094138626633 -1.198081136449379 -1.1813414035530552 -0.7781755100213458 -1.2461207931986715 -1.2772189148346267 -1.8499437448723057 -1.7704485781739707 -1.7993467310217333 -1.2799712123628544 -1.3187404919703536 -0.8435159557834273 -1.8458205934200425 -1.3235577070348818 -1.1567336307995935 -1.1216359981617856 -0.9046313376413776 -1.3523241492398044 -0.8917915652640636 -0.7988591139458083 -1.8561391562355583 -1.859755840315598 -1.995832778673689 -1.2836339729883068 -1.3640657691100055 -1.2567973511416082 -1.2544059119135766 -0.7790852856289362 -1.8029318434461143 -1.5824437418927286 -0.8746617653725787 -1.6148010403057742 -1.882782353507464 -1.3797043408077696 -1.1519344369139703 -0.8078385026548589 -1.8017717775814779 -1.9357673402031503 -1.37994031182268 -2.567822880903097 -1.3218920482123053 -0.9156991443630503 -1.3286538183640746 -1.2451007953922657 -0.8439290964693618 -1.2008811590835158 -1.335079001269799 -1.0024479673654385 -0.9009454021476272 -1.2497471668928142 -1.1830390746466346 -1.1743092659220655 -1.9453486785365626 -0.843519656588418 -1.371684534702039 -1.3344466405975361 -1.2805611643123118 -1.88032770529104 -0.8082739288449221 -0.7952502654605615 -1.2476516283588892 -1.8476892348099319 -1.3384109687289678 -1.3240810570423396 -1.383036741696044 -1.2782562722159716 -1.2815847388110693 -0.807453305480594 -0.838492819558229 -1.2503801827632777 -1.8873283702113497 -1.225068490554755 -0.7837918956204479 -1.7326303295652483 -1.2422928861663762 -0.9905951617743988 -2.58878678538364 -1.8583832114055594 -1.8043107008892998 -1.850971440295963 -1.2783154163235813 -1.2992016533156996 -1.3693652646701104 -1.7560326177704015
]