08-15-20_Prerna_4KDepth.monkey_in_orange_flowers.0000000003 [ 6.602448 14.376214 11.129016 33.009687 17.766917 47.867921 20.461321 52.35469 20.129931 52.43282 18.461955 51.552823 -7.640341 12.822697 -10.838306 33.267108 -6.234729 37.104127 -4.738992 39.141521 -4.147097 34.597865 -4.186621 34.521356 24.277028 17.834955 0.0 0.0 0.0 0.0 0.0 0.0 0.0 0.0 0.0 0.0 0.0 0.0 0.0 0.0 0.0 0.0 0.0 0.0 0.0 0.0 0.0 0.0 0.0 0.0 0.0 0.0
6.793699 14.102498 11.826673 32.341614 18.563548 48.057631 21.255204 51.688936 21.087578 52.271089 19.431397 51.963112 -7.374138 12.512848 -10.262835 31.640658 -6.673124 36.321077 -5.582014 38.288841 -4.834288 34.563544 -4.654098 34.6109 25.921866 17.707545 0.19125 -0.273716 0.697657 -0.668073 0.796631 0.18971 0.793883 -0.665754 0.957647 -0.161731 0.969443 0.410289 0.266203 -0.309849 0.575471 -1.62645 -0.438395 -0.78305 -0.843021 -0.85268 -0.687191 -0.03432 -0.467476 0.089544 1.644838 -0.127411
7.101461 14.543146 11.559352 33.086711 18.065265 49.257064 20.610878 53.49285 20.588997 53.498363 18.903646 52.759302 -6.923541 13.700724 -10.300505 33.343035 -6.452787 37.239695 -5.07403 39.539987 -4.346478 35.156596 -4.261392 34.932548 24.935475 18.341768 0.307763 0.440648 -0.267321 0.745097 -0.498283 1.199433 -0.644326 1.803914 -0.498581 1.227275 -0.527751 0.79619 0.450596 1.187876 -0.03767 1.702377 0.220338 0.918618 0.507984 1.251146 0.48781 0.593051 0.392705 0.321648 -0.986391 0.634223
6.840509 14.535594 11.647087 32.506293 18.06643 48.098987 20.573837 52.04699 20.55285 52.295727 18.90685 51.672137 -6.725806 13.64252 -10.138872 33.100718 -6.595546 37.429219 -5.363899 39.445388 -4.70016 35.399789 -4.612508 35.32756 25.25301 16.895938 -0.260952 -0.007552 0.087735 -0.580418 0.001165 -1.158077 -0.037041 -1.44586 -0.036147 -1.202637 0.003204 -1.087165 0.197735 -0.058204 0.161633 -0.242317 -0.142759 0.189525 -0.289869 -0.094599 -0.353682 0.243193 -0.351116 0.395012 0.317535 -1.44583
7.111022 15.141228 11.478201 33.214179 17.67225 47.684327 20.028242 51.854989 19.978771 51.483777 18.334076 50.759271 -6.854752 14.667103 -10.109544 34.662804 -6.379148 37.855247 -4.930475 39.919266 -4.313207 35.489747 -4.256454 35.443255 24.291977 15.99403 0.270513 0.605634 -0.168887 0.707886 -0.39418 -0.414661 -0.545594 -0.192001 -0.574079 -0.811949 -0.572774 -0.912866 -0.128946 1.024583 0.029328 1.562086 0.216398 0.426027 0.433424 0.473878 0.386953 0.089958 0.356054 0.115696 -0.961033 -0.901908
6.78786 13.812843 10.936677 31.55891 16.317546 45.438668 18.393636 49.693313 18.277282 49.183992 16.683185 48.328474 -7.079786 13.98218 -10.59092 34.244213 -6.407648 37.618914 -4.618165 39.750549 -4.237086 35.124186 -4.264709 34.904394 22.514367 14.059806 -0.323161 -1.328385 -0.541523 -1.655269 -1.354703 -2.245659 -1.634607 -2.161676 -1.701489 -2.299786 -1.650891 -2.430797 -0.225034 -0.684923 -0.481376 -0.418591 -0.0285 -0.236332 0.31231 -0.168717 0.076121 -0.365561 -0.008255 -0.538862 -1.77761 -1.934224
7.019335 14.294139 11.32971 32.423887 17.650127 47.573033 20.155519 51.368001 20.16353 51.491001 18.512148 50.989965 -6.982055 13.67431 -10.341188 33.853051 -6.474948 37.307683 -4.944146 39.313403 -4.366136 34.864739 -4.344141 34.773925 24.529666 16.626263 0.231475 0.481296 0.393033 0.864977 1.332581 2.134365 1.761883 1.674688 1.886249 2.30701 1.828963 2.66149 0.097731 -0.30787 0.249732 -0.391161 -0.0673 -0.311232 -0.325981 -0.437146 -0.12905 -0.259447 -0.079432 -0.130469 2.015299 2.566457
7.308638 14.832991 11.546624 32.762522 17.575401 47.119367 19.961476 50.876886 19.905835 51.091474 18.320531 50.758141 -6.775534 14.041132 -10.059249 33.458662 -6.259632 37.274408 -4.940903 39.533329 -4.12035 35.152209 -4.084468 35.083938 24.026185 15.939265 0.289303 0.538853 0.216913 0.338635 -0.074726 -0.453666 -0.194043 -0.491115 -0.257695 -0.399527 -0.191617 -0.231823 0.206521 0.366822 0.281939 -0.394389 0.215316 -0.033274 0.003242 0.219926 0.245786 0.28747 0.259674 0.310013 -0.50348 -0.686997
7.093421 14.671388 11.436 32.647058 17.675081 46.969035 20.047674 50.952223 20.05941 50.836709 18.409887 50.241926 -6.846005 14.269868 -10.357934 33.757576 -6.524268 37.657788 -5.1323 40.011886 -4.390109 35.640642 -4.344028 35.46119 24.449518 15.196067 -0.215217 -0.161603 -0.110623 -0.115463 0.09968 -0.150332 0.086197 0.075337 0.153574 -0.254765 0.089356 -0.516215 -0.070471 0.228736 -0.298685 0.298914 -0.264636 0.38338 -0.191396 0.478557 -0.269759 0.488433 -0.25956 0.377253 0.423333 -0.743198
7.157108 14.721474 11.412075 32.535592 17.363355 46.515134 19.647047 50.832382 19.550702 50.409248 17.940506 49.657282 -6.890473 14.507166 -10.543266 34.136364 -6.601167 37.68923 -5.092722 40.151593 -4.387689 35.74324 -4.358134 35.514328 23.938391 14.666009 0.063688 0.050086 -0.023925 -0.111467 -0.311726 -0.453901 -0.400627 -0.119841 -0.508708 -0.427461 -0.469381 -0.584644 -0.044468 0.237298 -0.185332 0.378788 -0.076899 0.031441 0.039577 0.139707 0.00242 0.102597 -0.014105 0.053138 -0.511128 -0.530058
7.002401 14.664727 11.355788 32.567728 17.277414 47.55069 19.549221 51.860112 19.471991 51.639915 17.861015 50.852567 -6.908178 14.37425 -10.546848 33.863276 -6.578484 37.724322 -5.067506 39.89374 -4.460943 35.536981 -4.436576 35.393494 23.932934 16.102934 -0.154707 -0.056747 -0.056288 0.032136 -0.085941 1.035556 -0.097826 1.02773 -0.078711 1.230666 -0.079492 1.195285 -0.017706 -0.132915 -0.003582 -0.273088 0.022683 0.035092 0.025216 -0.257853 -0.073254 -0.206259 -0.078443 -0.120834 -0.005457 1.436925
7.05772 14.962915 11.426783 32.750794 17.392182 47.03469 19.678336 50.964972 19.636124 50.674978 18.054771 50.143352 -6.767344 14.342496 -10.228449 33.176598 -6.48627 37.282422 -5.263591 39.579687 -4.485074 35.4444 -4.404956 35.387471 24.121198 15.230578 0.055319 0.298187 0.070995 0.183067 0.114769 -0.516 0.129116 -0.89514 0.164133 -0.964937 0.193757 -0.709215 0.140834 -0.031754 0.318399 -0.686678 0.092214 -0.4419 -0.196084 -0.314054 -0.024131 -0.092581 0.03162 -0.006023 0.188264 -0.872356
6.938246 14.374891 11.295494 32.021657 16.860655 45.897284 19.034627 49.975166 18.893269 49.553207 17.328271 48.865923 -7.054409 14.18573 -10.410324 33.909515 -6.448185 37.623516 -4.873082 39.633551 -4.399383 35.194561 -4.392958 35.080454 23.292652 14.358646 -0.119475 -0.588024 -0.131288 -0.729138 -0.531527 -1.137406 -0.643709 -0.989807 -0.742856 -1.121771 -0.7265 -1.277429 -0.287065 -0.156766 -0.181875 0.732917 0.038084 0.341094 0.390509 0.053865 0.085691 -0.249839 0.011998 -0.307018 -0.828546 -0.871933
7.259211 14.800614 11.727098 33.135384 18.223765 47.93219 20.72607 51.940614 20.657447 51.567888 18.999961 50.981414 -7.060319 13.566363 -10.237521 33.398503 -6.472722 37.416303 -5.229387 39.637512 -4.394037 35.287982 -4.278031 35.18641 25.051484 16.279906 0.320965 0.425723 0.431603 1.113728 1.363111 2.034906 1.691443 1.965448 1.764178 2.014682 1.67169 2.115491 -0.00591 -0.619367 0.172803 -0.511011 -0.024536 -0.207213 -0.356305 0.003961 0.005347 0.093421 0.114927 0.105956 1.758832 1.92126
7.237193 14.906207 11.795017 33.242825 18.10405 48.753706 20.656553 52.978012 20.497409 53.078398 18.82427 52.425274 -6.953028 13.773093 -10.182336 33.450624 -6.457949 37.526444 -5.247125 39.674017 -4.444769 35.425201 -4.311353 35.363075 24.942178 17.653197 -0.022018 0.105593 0.067919 0.10744 -0.119716 0.821516 -0.069517 1.037398 -0.160038 1.51051 -0.175691 1.44386 0.107291 0.20673 0.055185 0.052121 0.014773 0.11014 -0.017738 0.036505 -0.050732 0.137219 -0.033322 0.176665 -0.109306 1.373291
7.294059 15.035936 11.793119 33.097795 17.721444 48.076609 20.095307 52.251396 19.837242 52.007452 18.217337 51.510319 -6.856504 14.079079 -10.225466 33.455905 -6.520241 37.45006 -5.246451 39.687982 -4.462263 35.448763 -4.346433 35.407194 24.299505 16.558689 0.056866 0.12973 -0.001898 -0.14503 -0.382605 -0.677097 -0.561246 -0.726616 -0.660166 -1.070946 -0.606933 -0.914955 0.096524 0.305986 -0.04313 0.005281 -0.062293 -0.076383 0.000674 0.013965 -0.017494 0.023562 -0.03508 0.044119 -0.642672 -1.094508
7.445014 15.604463 11.775702 33.764568 17.940927 48.481473 20.344138 52.407655 20.35116 52.082673 18.698174 51.580527 -6.775722 14.659366 -10.133231 34.589562 -6.23706 37.672028 -4.887539 39.822099 -4.141882 35.488144 -4.082623 35.504332 24.493042 16.594529 0.150955 0.568527 -0.017416 0.666773 0.219482 0.404865 0.248832 0.15626 0.513917 0.075221 0.480837 0.070208 0.080782 0.580287 0.092235 1.133657 0.283182 0.221968 0.358912 0.134116 0.320381 0.039381 0.26381 0.097138 0.193536 0.03584
6.993747 15.227526 11.37864 32.999539 17.68927 47.824526 20.111734 51.748806 20.152634 51.627249 18.521839 51.07609 -6.682071 14.284056 -10.067269 33.460885 -6.328425 37.445629 -5.066362 39.692813 -4.297325 35.55795 -4.214668 35.49881 24.449959 16.069299 -0.451267 -0.376937 -0.397062 -0.765029 -0.251657 -0.656947 -0.232404 -0.658849 -0.198525 -0.455424 -0.176334 -0.504437 0.093651 -0.37531 0.065961 -1.128677 -0.091365 -0.226399 -0.178823 -0.129285 -0.155443 0.069806 -0.132045 -0.005522 -0.043082 -0.52523
6.819832 14.567393 11.313379 32.532954 17.628419 47.881675 20.155573 51.809353 20.136851 51.83686 18.475199 51.249498 -6.958258 13.203442 -10.244629 31.91191 -6.721312 37.029725 -5.717596 39.278156 -4.829475 35.411102 -4.639724 35.379845 24.966326 16.425759 -0.173914 -0.660133 -0.065261 -0.466585 -0.06085 0.057149 0.043839 0.060546 -0.015783 0.209612 -0.046641 0.173408 -0.276187 -1.080614 -0.17736 -1.548976 -0.392887 -0.415903 -0.651234 -0.414658 -0.53215 -0.146848 -0.425056 -0.118965 0.516367 0.35646
7.041705 14.504832 11.186403 32.551908 17.002589 46.738386 19.29915 50.762969 19.220775 50.450253 17.621785 49.826258 -6.927904 13.836628 -10.107526 33.297282 -6.398803 37.051624 -5.088392 39.112741 -4.459012 34.88794 -4.347757 34.840679 23.679787 15.562314 0.221872 -0.062561 -0.126976 0.018954 -0.625831 -1.143289 -0.856423 -1.046383 -0.916076 -1.386607 -0.853413 -1.42324 0.030354 0.633186 0.137103 1.385373 0.322509 0.021899 0.629205 -0.165415 0.370464 -0.523162 0.291967 -0.539166 -1.286539 -0.863445
7.099712 14.525083 11.335945 32.693109 17.437434 47.430572 19.916844 51.200238 19.872075 50.968227 18.187076 50.468573 -6.726784 13.793513 -10.06625 33.331367 -6.44649 37.082437 -5.191728 39.2225 -4.507408 35.107711 -4.379648 35.045686 24.379483 15.860516 0.058007 0.020251 0.149542 0.1412 0.434846 0.692186 0.617695 0.437269 0.6513 0.517973 0.56529 0.642315 0.201121 -0.043115 0.041276 0.034085 -0.047687 0.030813 -0.103337 0.109759 -0.048396 0.219771 -0.031891 0.205007 0.699696 0.298202
7.022563 14.431515 11.266187 32.067534 16.34666 45.14493 18.451092 49.241164 18.063864 48.729405 16.572621 47.829035 -6.747109 13.775453 -10.131907 33.350864 -6.352022 37.113085 -4.912218 39.263722 -4.329053 35.142425 -4.295698 35.009006 22.392917 13.58698 -0.077149 -0.093567 -0.069758 -0.625575 -1.090774 -2.285641 -1.465753 -1.959074 -1.808211 -2.238822 -1.614454 -2.639538 -0.020325 -0.01806 -0.065657 0.019497 0.094467 0.030649 0.27951 0.041223 0.178355 0.034714 0.08395 -0.036681 -1.986566 -2.273536
7.087305 14.401159 11.293277 32.241395 16.960558 45.408306 19.528708 49.677739 19.181028 49.04519 17.576161 48.490313 -6.756625 13.649622 -10.121959 33.13385 -6.406653 37.047544 -5.145037 39.175531 -4.413283 35.074839 -4.331207 34.949484 23.594311 13.970351 0.064743 -0.030357 0.02709 0.173861 0.613898 0.263375 1.077616 0.436574 1.117164 0.315785 1.00354 0.661278 -0.009516 -0.125831 0.009948 -0.217015 -0.054631 -0.065541 -0.232819 -0.088191 -0.08423 -0.067586 -0.035509 -0.059521 1.201394 0.383371
7.587573 14.771917 12.045488 32.723859 18.183157 47.509137 20.677856 51.482031 20.595738 51.344368 18.936458 50.827387 -6.515718 14.008388 -10.118833 33.099082 -6.414562 36.869982 -5.216104 39.07524 -4.339507 34.984925 -4.245299 34.975448 24.935246 16.359442 0.500268 0.370759 0.752211 0.482464 1.222599 2.100831 1.149148 1.804292 1.41471 2.299178 1.360297 2.337074 0.240907 0.358766 0.003126 -0.034767 -0.00791 -0.177562 -0.071067 -0.100291 0.073776 -0.089914 0.085908 0.025964 1.340935 2.389091
7.468972 14.796537 12.14197 32.762486 18.576548 47.870553 21.125433 52.002257 21.039775 51.983225 19.332215 51.356822 -6.553409 14.107955 -10.085967 33.943021 -6.433147 37.330258 -5.237621 39.250094 -4.392749 35.121012 -4.272339 35.164708 25.432524 16.862214 -0.118601 0.02462 0.096482 0.038627 0.393391 0.361416 0.447577 0.520226 0.444037 0.638857 0.395757 0.529435 -0.037691 0.099567 0.032866 0.843939 -0.018585 0.460276 -0.021517 0.174853 -0.053242 0.136086 -0.02704 0.18926 0.497279 0.502771
7.361978 14.887914 11.98616 32.789472 18.486243 47.892836 20.989543 51.928052 21.040028 52.022949 19.354564 51.331463 -6.588626 14.244846 -10.147807 33.580747 -6.406894 37.196609 -5.164835 39.424613 -4.310682 35.272732 -4.204991 35.271803 25.350711 16.750216 -0.106993 0.091377 -0.15581 0.026986 -0.090304 0.022283 -0.13589 -0.074205 0.000253 0.039724 0.022349 -0.025359 -0.035217 0.136891 -0.06184 -0.362274 0.026253 -0.133649 0.072786 0.174519 0.082067 0.151721 0.067347 0.107095 -0.081813 -0.111997
7.37454 15.051362 11.800382 33.082846 17.884257 47.494635 20.18216 51.318148 20.251766 50.970027 18.655142 50.451693 -6.645498 14.326552 -10.211813 33.709928 -6.350836 37.262788 -5.039823 39.307156 -4.317656 34.979489 -4.251748 35.034898 24.569422 15.990537 0.012562 0.163448 -0.185779 0.293374 -0.601986 -0.398201 -0.807384 -0.609905 -0.788262 -1.052922 -0.699422 -0.879771 -0.056872 0.081706 -0.064006 0.129181 0.056058 0.066179 0.125012 -0.117457 -0.006974 -0.293243 -0.046757 -0.236905 -0.781289 -0.759679
7.269683 14.840639 11.850825 32.364172 18.084565 47.246283 20.538375 51.025504 20.501283 51.046044 18.873146 50.563085 -6.56116 13.952512 -10.047457 32.639766 -6.272241 37.022591 -5.108297 39.115518 -4.276896 35.21257 -4.187801 35.230637 24.778178 15.833473 -0.104856 -0.210723 0.050443 -0.718674 0.200307 -0.248352 0.356215 -0.292644 0.249517 0.076017 0.218004 0.111392 0.084338 -0.37404 0.164357 -1.070163 0.078595 -0.240198 -0.068474 -0.191638 0.040761 0.233081 0.063947 0.195739 0.208756 -0.157064
7.560852 14.707726 11.910179 32.915634 18.099096 48.117369 20.484242 52.044594 20.499358 51.962209 18.850657 51.447338 -6.629273 14.092588 -10.137901 33.456743 -6.136116 37.087375 -4.836321 39.080602 -4.092717 34.87215 -4.007715 34.948772 24.592075 17.090058 0.291169 -0.132912 0.059354 0.551462 0.014532 0.871086 -0.054133 1.01909 -0.001925 0.916165 -0.022489 0.884253 -0.068113 0.140077 -0.090444 0.816977 0.136125 0.064784 0.271976 -0.034916 0.184178 -0.34042 0.180086 -0.281864 -0.186104 1.256585
7.232004 14.888331 11.858869 33.31292 18.595105 48.690519 21.16127 52.805975 21.213168 52.706167 19.514412 52.167973 -6.718236 14.720294 -10.007867 34.181187 -6.309012 37.310472 -5.03521 39.528248 -4.210958 35.479805 -4.053643 35.535094 25.424126 17.226362 -0.328848 0.180605 -0.051311 0.397286 0.496009 0.573149 0.677028 0.761381 0.71381 0.743958 0.663754 0.720635 -0.088963 0.627705 0.130033 0.724444 -0.172895 0.223097 -0.198889 0.447646 -0.118241 0.607654 -0.045928 0.586322 0.832051 0.136304
7.315269 14.952183 11.999014 33.084977 18.592116 48.313671 21.217576 52.245909 21.183327 52.336133 19.466063 51.883477 -6.7965 14.596516 -10.042375 34.344703 -6.238425 37.678915 -4.971403 39.792621 -4.149875 35.676652 -4.020888 35.722536 25.333202 16.65948 0.083265 0.063851 0.140145 -0.227943 -0.002989 -0.376847 0.056306 -0.560066 -0.029841 -0.370035 -0.048348 -0.284496 -0.078264 -0.123778 -0.034508 0.163516 0.070587 0.368443 0.063807 0.264373 0.061083 0.196847 0.032756 0.187442 -0.090924 -0.566882
7.077613 15.004393 11.923137 33.096561 18.622681 48.429808 21.210101 52.340534 21.229383 52.428612 19.543579 51.944003 -6.811526 14.581385 -10.042575 33.835182 -6.335616 37.453189 -5.231601 39.752099 -4.257244 35.827461 -4.099998 35.843399 25.486627 16.601151 -0.237656 0.052211 -0.075877 0.011584 0.030565 0.116137 -0.007474 0.094625 0.046057 0.09248 0.077516 0.060526 -0.015026 -0.015131 -0.0002 -0.509521 -0.097191 -0.225726 -0.260198 -0.040522 -0.107369 0.150809 -0.07911 0.120863 0.153425 -0.058329
7.1399 14.821032 11.830321 33.062145 18.430945 48.293015 21.005329 52.041981 21.034142 52.168819 19.342616 51.758614 -6.821659 14.734676 -9.940016 34.466657 -6.17936 37.857643 -4.91766 39.82645 -4.168686 35.687831 -4.058516 35.766879 25.202829 16.480988 0.062287 -0.183362 -0.092816 -0.034416 -0.191736 -0.136793 -0.204772 -0.298554 -0.195241 -0.259793 -0.200963 -0.185388 -0.010133 0.153291 0.102559 0.631475 0.156257 0.404453 0.313941 0.074351 0.088558 -0.13963 0.041482 -0.07652 -0.283799 -0.120163
7.163677 14.598712 11.9445 32.699546 18.520311 48.245963 21.047208 51.871178 21.079269 52.152631 19.38583 51.842919 -6.838006 14.544484 -9.962174 33.83002 -6.23813 37.347797 -5.053049 39.501283 -4.205695 35.544738 -4.077321 35.563609 25.284964 16.607893 0.023776 -0.222319 0.114179 -0.362599 0.089365 -0.047052 0.041878 -0.170803 0.045127 -0.016189 0.043213 0.084305 -0.016347 -0.190192 -0.022158 -0.636637 -0.05877 -0.509846 -0.135389 -0.325167 -0.037009 -0.143093 -0.018805 -0.20327 0.082135 0.126904
7.339925 14.790559 11.933827 32.978696 18.336707 48.650885 20.803297 52.149373 20.847684 52.573347 19.206023 52.291703 -6.67733 14.380097 -9.684911 33.36426 -6.166407 37.065196 -5.139607 39.330405 -4.211742 35.688621 -4.051772 35.657018 25.059426 16.884726 0.176248 0.191846 -0.010672 0.279149 -0.183603 0.404921 -0.243911 0.278196 -0.231585 0.420716 -0.179806 0.448784 0.160676 -0.164387 0.277263 -0.46576 0.071722 -0.282601 -0.086558 -0.170878 -0.006047 0.143883 0.02555 0.093409 -0.225538 0.276834
7.062364 14.597768 11.587346 32.607359 17.936635 48.212749 20.456982 52.312845 20.307457 52.478474 18.653727 51.945382 -6.659922 14.205372 -9.856716 32.845366 -6.244045 36.96025 -5.14116 39.578986 -4.157764 35.798675 -4.002902 35.652125 24.465221 16.6798 -0.277561 -0.192791 -0.346482 -0.371337 -0.400072 -0.438136 -0.346315 0.163472 -0.540227 -0.094873 -0.552297 -0.346321 0.017408 -0.174725 -0.171804 -0.518894 -0.077638 -0.104946 -0.001553 0.248581 0.053978 0.110054 0.04887 -0.004894 -0.594205 -0.204927
6.989452 14.460942 11.389664 32.421318 17.879251 48.055872 20.480648 51.999053 20.519373 52.234688 18.821958 51.75378 -6.606492 14.176068 -9.885439 32.871118 -6.348807 36.985227 -5.200219 39.601663 -4.239389 35.67647 -4.087722 35.483071 24.758762 16.558218 -0.072911 -0.136825 -0.197682 -0.186041 -0.057384 -0.156876 0.023666 -0.313792 0.211915 -0.243786 0.168231 -0.191602 0.05343 -0.029305 -0.028723 0.025752 -0.104761 0.024977 -0.059059 0.022677 -0.081626 -0.122204 -0.08482 -0.169054 0.293541 -0.121582
7.012042 14.489993 11.501601 32.505164 18.094602 48.325965 20.65247 52.404943 20.722613 52.752134 19.047263 52.133843 -6.592485 14.104977 -9.93315 32.896432 -6.413013 37.003097 -5.25468 39.648911 -4.297447 35.717323 -4.141653 35.557827 25.02006 17.034811 0.02259 0.029051 0.111938 0.083846 0.215352 0.270092 0.171822 0.40589 0.20324 0.517446 0.225306 0.380063 0.014007 -0.07109 -0.047711 0.025314 -0.064206 0.017869 -0.054461 0.047249 -0.058058 0.040853 -0.05393 0.074756 0.261298 0.476593
7.205436 14.435095 11.980692 32.336938 18.419293 48.421353 20.979312 52.319986 20.891955 52.879971 19.20552 52.389652 -6.807047 14.067721 -10.045576 32.80232 -6.43971 37.173301 -5.397338 39.585179 -4.428187 35.79182 -4.254693 35.701704 25.320143 17.088151 0.193393 -0.054899 0.47909 -0.168225 0.32469 0.095388 0.326842 -0.084957 0.169343 0.127837 0.158256 0.255808 -0.214562 -0.037256 -0.112426 -0.094113 -0.026697 0.170204 -0.142658 -0.063732 -0.13074 0.074497 -0.11304 0.143877 0.300083 0.05334
7.285318 14.704919 11.87447 33.105022 18.393752 49.14698 20.943496 53.06564 20.978221 53.242046 19.300702 52.782011 -6.523445 14.429587 -9.96052 33.50451 -6.313887 37.127376 -5.093667 39.557683 -4.177997 35.504681 -4.050314 35.415125 25.156218 17.737365 0.079882 0.269824 -0.106221 0.768083 -0.025541 0.725627 -0.035816 0.745654 0.086266 0.362074 0.095183 0.392359 0.283602 0.361866 0.085056 0.70219 0.125822 -0.045925 0.303671 -0.027496 0.25019 -0.287139 0.204378 -0.286579 -0.163925 0.649214
7.166421 14.143574 11.286187 31.337279 17.03884 45.499861 19.320035 49.194336 19.329113 49.046326 17.716765 48.588181 -6.690794 14.223909 -10.376719 32.656246 -6.617069 36.480618 -5.343673 39.10417 -4.420644 35.022974 -4.341725 34.804499 23.749757 14.023352 -0.118896 -0.561345 -0.588283 -1.767743 -1.354912 -3.647119 -1.623461 -3.871304 -1.649109 -4.19572 -1.583937 -4.19383 -0.167349 -0.205678 -0.416198 -0.848264 -0.303182 -0.646758 -0.250006 -0.453514 -0.242648 -0.481707 -0.29141 -0.610626 -1.406461 -3.714013
7.449955 14.229712 11.189497 30.212614 15.514946 41.265884 17.363167 44.783017 17.123407 43.974426 15.686315 43.439749 -6.579784 14.58669 -10.658282 32.622883 -6.888124 36.221072 -5.535367 38.856837 -4.650885 34.79372 -4.600912 34.539178 21.774292 9.180707 0.283533 0.086138 -0.096691 -1.124665 -1.523894 -4.233977 -1.956868 -4.411319 -2.205706 -5.071899 -2.03045 -5.148432 0.111011 0.362781 -0.281563 -0.033364 -0.271055 -0.259545 -0.191694 -0.247332 -0.230241 -0.229254 -0.259188 -0.265321 -1.975465 -4.842645
7.347456 14.440021 11.29584 30.876228 15.482429 41.684219 17.25271 45.261964 16.888818 44.163755 15.463898 43.488804 -6.896791 14.587757 -10.580367 33.314726 -7.188013 36.449912 -5.84847 38.755581 -5.155241 34.492883 -5.052474 34.257618 22.04406 9.670871 -0.102499 0.210309 0.106344 0.663614 -0.032517 0.418335 -0.110456 0.478947 -0.234589 0.189328 -0.222418 0.049055 -0.317007 0.001067 0.077915 0.691843 -0.299889 0.22884 -0.313103 -0.101256 -0.504357 -0.300837 -0.451562 -0.28156 0.269768 0.490165
7.21761 13.697273 11.620355 29.83948 16.852689 42.209995 19.153589 45.884573 18.832296 45.620155 17.20053 44.966274 -7.156998 14.32668 -10.616189 33.326793 -8.659279 36.220425 -8.428848 37.909377 -8.080351 34.196115 -7.474855 34.042537 26.912647 11.424041 -0.129846 -0.742748 0.324515 -1.036748 1.37026 0.525776 1.900879 0.622609 1.943478 1.456401 1.736632 1.477471 -0.260207 -0.261077 -0.035822 0.012067 -1.471266 -0.229487 -2.580377 -0.846204 -2.92511 -0.296769 -2.42238 -0.21508 4.868588 1.753169
7.330763 13.618195 11.677951 29.401487 16.789412 41.161835 18.988222 44.741142 18.689132 44.357866 17.118132 43.738556 -7.161787 13.95058 -10.373363 32.341903 -9.256345 35.090345 -9.224746 36.619407 -8.818552 33.11919 -8.145398 33.043808 27.507684 11.238676 0.113153 -0.079077 0.057596 -0.437993 -0.063276 -1.04816 -0.165367 -1.143432 -0.143164 -1.262289 -0.082397 -1.227719 -0.004789 -0.376099 0.242826 -0.984889 -0.597066 -1.13008 -0.795898 -1.28997 -0.738201 -1.076925 -0.670543 -0.998729 0.595036 -0.185364
7.064179 12.2967 11.766097 27.05965 16.468635 39.248741 18.775025 42.62206 18.231425 42.889386 16.673771 42.265773 -7.009727 12.317714 -9.793624 27.672511 -13.494611 31.505185 -15.202653 32.550269 -15.037459 30.860913 -13.768783 31.063551 33.268884 12.028474 -0.266585 -1.321495 0.088146 -2.341837 -0.320777 -1.913095 -0.213197 -2.119082 -0.457707 -1.46848 -0.444362 -1.472783 0.15206 -1.632866 0.579739 -4.669392 -4.238266 -3.58516 -5.977908 -4.069138 -6.218907 -2.258277 -5.623385 -1.980257 5.7612 0.789797
7.268512 11.843038 12.412316 25.671586 16.282117 36.99539 18.191397 40.425858 17.035073 40.48551 15.669805 40.011927 -6.992123 12.073693 -10.041466 25.799093 -13.96634 33.204719 -16.018015 35.4588 -15.431514 34.069911 -14.129105 34.025112 32.466587 6.4156 0.204334 -0.453663 0.646219 -1.388064 -0.186518 -2.253351 -0.583628 -2.196202 -1.196352 -2.403876 -1.003966 -2.253845 0.017604 -0.244021 -0.247842 -1.873419 -0.471729 1.699534 -0.815362 2.908531 -0.394055 3.208998 -0.360322 2.961561 -0.802296 -5.612874
7.04754 11.606291 12.829721 23.824149 15.944618 36.094743 17.702657 40.429586 15.959102 40.52701 14.738983 39.876038 -7.496634 11.624959 -11.0652 24.391043 -14.410511 36.417294 -16.672853 39.699495 -15.163353 38.639313 -13.748077 37.602538 31.122455 1.887697 -0.220972 -0.236747 0.417405 -1.847437 -0.337499 -0.900647 -0.48874 0.003728 -1.075971 0.0415 -0.930822 -0.13589 -0.504512 -0.448734 -1.023734 -1.408049 -0.444171 3.212574 -0.654837 4.240695 0.268161 4.569402 0.381029 3.577426 -1.344132 -4.527903
7.058918 11.110464 13.273036 21.509236 14.871514 34.934807 16.113675 39.894432 14.079791 39.663047 13.12868 38.81557 -7.119858 10.348079 -11.002484 17.999089 -14.948508 24.175584 -17.132559 26.702499 -16.041726 26.541162 -14.774099 26.667702 30.121517 13.121885 0.011379 -0.495827 0.443316 -2.314913 -1.073104 -1.159936 -1.588982 -0.535154 -1.879311 -0.863963 -1.610303 -1.060468 0.376776 -1.276881 0.062716 -6.391954 -0.537997 -12.241709 -0.459707 -12.996995 -0.878373 -12.098151 -1.026022 -10.934836 -1.000938 11.234188
7.168716 10.771 13.590598 19.996566 14.146 33.762908 15.151209 38.940662 13.074058 38.37319 12.297422 37.461412 -6.888422 9.575361 -11.186031 16.659701 -14.447695 27.419657 -16.591129 30.981022 -15.197727 31.007761 -13.9312 30.73979 28.271785 7.365429 0.109798 -0.339463 0.317562 -1.512671 -0.725514 -1.171899 -0.962466 -0.95377 -1.005733 -1.289856 -0.831258 -1.354158 0.231436 -0.772718 -0.183547 -1.339388 0.500813 3.244072 0.541431 4.278523 0.843999 4.466599 0.842899 4.072088 -1.849732 -5.756456
7.103384 10.60321 13.82755 18.762216 14.203918 31.058946 15.036923 35.884079 12.99327 34.999803 12.289482 34.267518 -6.669945 9.217668 -10.880023 14.373663 -13.966611 18.552181 -15.87148 20.439985 -14.824447 20.208195 -13.767123 20.659813 27.817717 14.791608 -0.065333 -0.16779 0.236952 -1.23435 0.057918 -2.703962 -0.114286 -3.056583 -0.080788 -3.373387 -0.007939 -3.193894 0.218478 -0.357693 0.306007 -2.286038 0.481084 -8.867475 0.719649 -10.541037 0.37328 -10.799566 0.164077 -10.079977 -0.454068 7.426178
7.095575 10.015857 14.219195 17.916504 14.020854 30.563369 14.972854 35.368815 12.698573 34.401754 12.209964 33.652565 -6.929818 8.645865 -12.02777 14.751109 -13.943902 18.056384 -15.456107 26.747993 -13.679308 27.454242 -12.786165 26.915172 26.377881 6.947511 -0.007808 -0.587353 0.391644 -0.845712 -0.183064 -0.495577 -0.064069 -0.515264 -0.294697 -0.598049 -0.079519 -0.614953 -0.259873 -0.571802 -1.147747 0.377446 0.022709 -0.495797 0.415373 6.308007 1.145139 7.246047 0.980958 6.255358 -1.439837 -7.844096
6.933892 9.328011 13.647836 17.587975 13.990122 30.197784 14.965546 35.006842 12.793821 34.208307 12.097967 33.368006 -6.122953 8.309472 -9.837979 13.505533 -13.54017 16.244677 -15.601537 18.354902 -14.668983 18.038735 -13.591233 18.476549 27.462804 16.169572 -0.161684 -0.687847 -0.571358 -0.328529 -0.030732 -0.365585 -0.007308 -0.361973 0.095248 -0.193447 -0.111997 -0.284559 0.806865 -0.336394 2.189791 -1.245576 0.403732 -1.811707 -0.145429 -8.393091 -0.989676 -9.415507 -0.805068 -8.438623 1.084924 9.22206
6.57627 9.619802 11.592066 20.156434 13.097554 30.111983 14.38269 34.58713 12.509537 33.8379 11.626208 33.101997 -6.949943 7.908732 -10.990366 14.648172 -14.145172 23.579946 -16.299674 26.97182 -15.001589 27.358541 -13.74 27.01126 27.511126 6.479359 -0.357622 0.291792 -2.05577 2.56846 -0.892568 -0.085801 -0.582856 -0.419712 -0.284284 -0.370407 -0.471759 -0.26601 -0.826991 -0.40074 -1.152387 1.142639 -0.605002 7.335269 -0.698137 8.616918 -0.332606 9.319806 -0.148767 8.534712 0.048321 -9.690213
6.426162 9.381279 10.061842 20.939741 12.177235 29.987654 12.958562 33.800367 11.186332 33.043388 10.07418 32.417288 -7.094613 7.58726 -11.852223 15.627983 -14.934224 28.284803 -17.132545 32.079396 -15.476301 33.031932 -14.114219 32.412222 26.662633 0.011456 -0.150108 -0.238523 -1.530224 0.783306 -0.92032 -0.124329 -1.424128 -0.786763 -1.323205 -0.794512 -1.552027 -0.684708 -0.144669 -0.321472 -0.861856 0.979811 -0.789052 4.704857 -0.832871 5.107576 -0.474712 5.673391 -0.374219 5.400962 -0.848493 -6.467903
6.213647 8.867532 11.040211 17.363524 10.15743 25.447381 10.758913 27.802193 8.939058 26.43823 8.187491 26.157022 -6.778163 8.255756 -9.694585 15.124005 -12.069723 22.231686 -13.818935 21.769679 -12.949619 20.45539 -11.8624 20.989287 21.888676 5.98284 -0.212514 -0.513747 0.978369 -3.576216 -2.019805 -4.540274 -2.19965 -5.998173 -2.247274 -6.605157 -1.88669 -6.260267 0.31645 0.668496 2.157637 -0.503978 2.864501 -6.053117 3.31361 -10.309717 2.526683 -12.576541 2.251819 -11.422935 -4.773957 5.971384
6.3007 9.177816 9.789968 20.889482 9.659737 30.698809 10.29669 34.316388 9.012032 33.80352 8.225954 33.062074 -6.503931 7.621253 -10.880113 15.13786 -13.603845 27.345553 -14.627582 30.870625 -14.50474 31.858948 -13.504249 31.421742 23.516771 1.944572 0.087053 0.310284 -1.250243 3.525957 -0.497693 5.251428 -0.462222 6.514195 0.072974 7.365289 0.038463 6.905052 0.274232 -0.634503 -1.185527 0.013855 -1.534122 5.113867 -0.808647 9.100947 -1.555121 11.403558 -1.641849 10.432455 1.628095 -4.038268
6.93469 8.803043 13.438314 19.219458 11.862993 30.754578 13.788706 35.10502 12.486988 34.720075 9.554684 33.953059 -6.493974 8.13998 -10.64584 15.748191 -14.171383 27.376074 -16.492531 31.121153 -15.508333 31.891108 -14.140379 31.466144 27.995321 2.828968 0.633991 -0.374773 3.648347 -1.670024 2.203256 0.055769 3.492016 0.788632 3.474957 0.916556 1.328731 0.890985 0.009957 0.518727 0.234273 0.610331 -0.567538 0.030521 -1.864949 0.250527 -1.003593 0.03216 -0.636131 0.044402 4.47855 0.884396
6.81507 8.761349 13.151282 18.748054 13.406771 30.613849 15.236092 34.619454 13.899988 34.764895 12.161845 33.871338 -6.467873 8.134687 -9.826896 16.420254 -13.106194 24.23493 -15.273944 26.474467 -14.742023 26.059487 -13.470742 26.073721 28.642011 8.705407 -0.119621 -0.041693 -0.287032 -0.471404 1.543778 -0.14073 1.447386 -0.485566 1.413 0.04482 2.607161 -0.081721 0.026101 -0.005293 0.818944 0.672063 1.065189 -3.141144 1.218587 -4.646686 0.76631 -5.83162 0.669637 -5.392423 0.64669 5.87644
6.933838 8.785534 13.941038 16.703379 14.826381 29.79539 16.54653 34.563911 14.092255 34.792972 12.739468 33.916324 -6.184378 8.318764 -10.869095 12.544429 -13.794923 16.710764 -15.660584 18.471503 -14.709672 18.314391 -13.683462 18.700832 28.801927 16.47858 0.118768 0.024185 0.789756 -2.044675 1.41961 -0.818458 1.310438 -0.055543 0.192267 0.028077 0.577623 0.044987 0.283495 0.184077 -1.042199 -3.875825 -0.688729 -7.524166 -0.38664 -8.002964 0.03235 -7.745096 -0.21272 -7.372889 0.159916 7.773173
6.553727 8.979079 13.311923 15.264744 13.704395 25.759494 14.704251 29.879326 12.966871 29.627573 11.965466 29.044175 -6.392467 8.265981 -11.622155 11.875671 -14.143103 19.636488 -15.817153 22.290534 -14.743197 22.465938 -13.760203 22.486746 27.710068 7.161635 -0.380111 0.193545 -0.629115 -1.438636 -1.121986 -4.035896 -1.842278 -4.684585 -1.125383 -5.165398 -0.774002 -4.872149 -0.208089 -0.052783 -0.75306 -0.668758 -0.348181 2.925724 -0.156569 3.819031 -0.033525 4.151547 -0.076741 3.785914 -1.091859 -9.316945
6.306309 10.09877 9.712452 23.049244 11.393082 28.197715 11.205083 30.303708 8.955055 28.924343 8.370525 28.716937 -6.059495 8.322623 -9.688759 16.594788 -13.23795 22.239181 -15.298307 23.549637 -14.70665 23.126909 -13.555813 23.471853 23.661706 5.797434 -0.247419 1.119691 -3.599471 7.784501 -2.311313 2.43822 -3.499168 0.424382 -4.011816 -0.703231 -3.594941 -0.327238 0.332972 0.056642 1.933396 4.719117 0.905153 2.602693 0.518847 1.259103 0.036547 0.660971 0.20439 0.985107 -4.048362 -1.364201
6.743211 9.997198 11.105841 23.641801 12.624675 25.688034 12.911958 26.884758 12.07059 24.151903 11.314762 24.317271 -6.048512 8.461043 -9.055167 18.825859 -11.594895 19.140011 -13.018161 19.004643 -12.678149 17.288238 -11.699572 17.993397 24.74874 6.863666 0.436902 -0.101572 1.39339 0.592557 1.231593 -2.50968 1.706874 -3.418949 3.115535 -4.77244 2.944237 -4.399666 0.010982 0.13842 0.633591 2.23107 1.643056 -3.09917 2.280146 -4.544994 2.028501 -5.838671 1.856241 -5.478457 1.087034 1.066232
6.842911 9.718031 12.578958 20.697424 13.467294 24.560109 13.651407 25.944147 12.541336 23.257509 11.896104 23.34604 -6.61132 7.875353 -10.818616 16.597214 -12.811521 19.944456 -14.14406 21.620443 -13.078031 20.683691 -12.096834 20.808324 25.619367 2.573818 0.099701 -0.279167 1.473117 -2.944377 0.842619 -1.127926 0.739449 -0.940612 0.470746 -0.894395 0.581342 -0.971231 -0.562808 -0.58569 -1.763448 -2.228644 -1.216626 0.804445 -1.125899 2.6158 -0.399882 3.395453 -0.397262 2.814928 0.870627 -4.289848
6.853676 9.620082 14.378422 19.970104 13.505942 24.864379 13.351935 27.800861 11.73836 25.259468 11.466271 25.025168 -6.679249 8.028957 -11.740354 17.695096 -12.811959 21.642521 -13.440028 24.55599 -12.384555 21.113059 -11.685073 21.641544 24.122915 4.146409 0.010765 -0.097948 1.799464 -0.72732 0.038648 0.30427 -0.299472 1.856714 -0.802976 2.001959 -0.429833 1.679128 -0.067928 0.153604 -0.921738 1.097882 -0.000438 1.698065 0.704032 2.935547 0.693476 0.429368 0.411761 0.833219 -1.496452 1.572591
6.850857 9.754851 14.265805 18.79625 14.214647 23.196545 14.440995 26.802078 12.567437 25.5676 12.218046 25.164321 -6.992847 8.70235 -11.961591 16.396758 -13.007581 24.14352 -13.783097 27.769038 -12.120086 26.461837 -11.456853 26.098016 24.687523 -0.894237 -0.002819 0.134769 -0.112617 -1.173854 0.708705 -1.667833 1.08906 -0.998783 0.829077 0.308132 0.751776 0.139153 -0.313598 0.673392 -0.221238 -1.298338 -0.195622 2.500999 -0.343069 3.213048 0.264469 5.348778 0.22822 4.456472 0.564608 -5.040646
6.765151 9.198561 13.913685 15.321779 15.086377 22.459155 16.231614 26.194865 14.303643 25.563103 13.476241 25.014967 -6.867692 8.662784 -9.933648 16.352928 -12.735263 22.769558 -14.294404 26.392901 -13.115579 25.243235 -12.25436 25.078815 27.419221 0.319868 -0.085706 -0.55629 -0.35212 -3.474471 0.87173 -0.73739 1.790619 -0.607213 1.736206 -0.004497 1.258194 -0.149354 0.125155 -0.039566 2.027944 -0.04383 0.272319 -1.373962 -0.511307 -1.376137 -0.995493 -1.218602 -0.797507 -1.019201 2.731699 1.214105
7.123402 9.827483 13.844159 19.458833 14.936247 24.955043 15.714684 27.923474 14.166769 26.212093 13.414833 26.031378 -6.630671 9.837064 -10.340863 20.131752 -12.865999 22.505304 -14.17014 23.745236 -13.374585 21.48048 -12.356794 21.977654 27.541354 4.731613 0.358251 0.628921 -0.069526 4.137054 -0.150129 2.495888 -0.51693 1.728609 -0.136873 0.64899 -0.061408 1.016411 0.237021 1.17428 -0.407216 3.778824 -0.130737 -0.264254 0.124264 -2.647665 -0.259006 -3.762755 -0.102434 -3.101161 0.122133 4.411745
6.975722 9.650171 13.56073 20.80346 13.574946 24.572054 13.684624 27.290991 12.147945 25.072125 11.598164 24.873641 -6.485966 9.547368 -9.608224 20.248261 -12.592268 22.05666 -14.265758 22.807708 -13.919893 20.738247 -12.721792 21.298596 26.067838 4.333878 -0.147679 -0.177312 -0.283429 1.344627 -1.361302 -0.38299 -2.03006 -0.632483 -2.018824 -1.139969 -1.816669 -1.157737 0.144705 -0.289696 0.732639 0.116509 0.273731 -0.448644 -0.095618 -0.937527 -0.545308 -0.742233 -0.364998 -0.679058 -1.473516 -0.397736
6.951779 9.868869 14.606053 20.890638 13.606238 23.980656 13.396156 26.315358 11.66181 23.696867 11.377335 23.858258 -6.790832 9.572542 -12.115166 19.807002 -12.497085 22.203335 -13.018176 23.17628 -12.108907 21.039674 -11.604112 21.498224 23.770717 2.657193 -0.023943 0.218698 1.045322 0.087178 0.031292 -0.591397 -0.288469 -0.975633 -0.486135 -1.375258 -0.220829 -1.015383 -0.304866 0.025174 -2.506942 -0.441259 0.095183 0.146675 1.247582 0.368571 1.810986 0.301427 1.117679 0.199628 -2.297121 -1.676685
6.516993 9.876892 13.913149 20.339331 12.954497 22.381273 12.763953 23.549005 11.161381 21.465275 10.793936 21.857265 -6.700805 9.406149 -10.45455 19.892552 -12.451613 18.894461 -13.351655 18.946227 -12.401581 17.556909 -11.895958 18.415216 23.562962 3.908366 -0.434786 0.008023 -0.692904 -0.551307 -0.651741 -1.599383 -0.632203 -2.766353 -0.500429 -2.231592 -0.583398 -2.000993 0.090027 -0.166392 1.660615 0.085551 0.045472 -3.308874 -0.333479 -4.230052 -0.292674 -3.482765 -0.291845 -3.083009 -0.207755 1.251173
6.5566 10.301092 13.64252 22.016171 13.362563 22.468069 13.645679 23.360983 12.456816 20.92481 11.812782 21.457836 -6.960148 9.680814 -10.53209 22.166082 -12.240925 21.986416 -13.221759 21.905699 -12.469608 21.239617 -11.689946 21.268657 24.926424 -0.314808 0.039607 0.4242 -0.270629 1.67684 0.408065 0.086796 0.881726 -0.188023 1.295435 -0.540465 1.018846 -0.399429 -0.259343 0.274664 -0.07754 2.27353 0.210688 3.091955 0.129896 2.959472 -0.068027 3.682709 0.206012 2.853441 1.363462 -4.223174
6.752694 10.953841 14.811414 20.627248 13.010252 25.143671 12.449104 27.638453 10.611445 23.009455 10.517639 23.854256 -7.040659 10.026276 -12.806767 20.495003 -12.183014 25.077444 -12.539938 27.558136 -11.143047 25.132084 -10.741979 24.970156 21.754491 -2.122629 0.196093 0.652748 1.168895 -1.388922 -0.352311 2.675602 -1.196575 4.277471 -1.845372 2.084646 -1.295143 2.39642 -0.080511 0.345463 -2.274677 -1.671079 0.057912 3.091028 0.681821 5.652437 1.326561 3.892466 0.947967 3.701499 -3.171933 -1.807821
6.895095 11.286268 14.628619 20.779511 13.247579 25.126168 12.937176 27.874228 11.188447 24.079147 10.871828 24.492243 -7.000956 10.280851 -12.921327 19.956192 -12.428424 26.05184 -12.951449 29.588225 -11.415145 27.475622 -10.900554 27.108613 22.603592 -3.396475 0.142401 0.332427 -0.182796 0.152263 0.237328 -0.017503 0.488073 0.235775 0.577003 1.069692 0.354189 0.637987 0.039703 0.254574 -0.11456 -0.538811 -0.24541 0.974396 -0.41151 2.030089 -0.272098 2.343538 -0.158575 2.138457 0.849101 -1.273847
6.817985 12.07819 15.141553 21.645623 12.548143 25.938326 11.671543 28.690928 9.897327 25.521946 10.017854 25.743347 -6.885296 10.997918 -13.591281 20.135742 -12.563467 26.677442 -12.879995 30.454385 -11.172625 28.475404 -10.889167 28.13195 21.069953 -2.953458 -0.077111 0.791922 0.512934 0.866112 -0.699437 0.812158 -1.265633 0.8167 -1.29112 1.442799 -0.853974 1.251104 0.11566 0.717068 -0.669953 0.17955 -0.135043 0.625601 0.071454 0.86616 0.242519 0.999781 0.011387 1.023337 -1.533639 0.443017
6.787848 12.183708 14.272165 21.770298 11.906713 26.159132 11.047781 29.069173 9.357613 25.99107 9.36954 26.046783 -6.954494 11.038989 -13.418323 20.461249 -12.519827 26.629382 -12.800673 30.036181 -11.04807 27.89101 -10.694829 27.699858 20.405683 -1.89994 -0.030136 0.105518 -0.869387 0.124675 -0.641429 0.220805 -0.623763 0.378245 -0.539714 0.469124 -0.648314 0.303435 -0.069198 0.041071 0.172958 0.325507 0.04364 -0.048059 0.079322 -0.418204 0.124556 -0.584394 0.194338 -0.432092 -0.66427 1.053518
6.954572 12.014723 14.561269 21.853602 11.473241 25.738984 10.407683 28.623313 8.696041 25.598282 8.726487 25.641602 -7.232085 10.868928 -13.263178 23.51532 -11.92708 27.040601 -12.559655 29.704583 -10.655057 26.454735 -10.391921 26.542497 19.351098 -0.856453 0.166723 -0.168985 0.289103 0.083303 -0.433472 -0.420147 -0.640097 -0.445861 -0.661573 -0.392789 -0.643054 -0.40518 -0.277591 -0.170061 0.155145 3.05407 0.592747 0.411218 0.241017 -0.331599 0.393012 -1.436275 0.302908 -1.157361 -1.054585 1.043487
6.692731 12.166196 13.425654 22.781491 9.43864 25.78761 8.203238 28.378642 6.559557 25.306892 6.586343 25.431454 -7.294112 10.992083 -13.065082 25.221109 -11.560807 27.698123 -10.352537 30.373007 -8.9755 26.581424 -8.943486 26.65928 15.535057 -1.274532 -0.26184 0.151473 -1.135615 0.927889 -2.034602 0.048625 -2.204445 -0.244671 -2.136484 -0.291389 -2.140144 -0.210148 -0.062028 0.123155 0.198096 1.70579 0.366274 0.657523 2.207118 0.668424 1.679558 0.12669 1.448435 0.116783 -3.816041 -0.418079
6.791034 12.423837 14.602879 23.912311 9.380236 22.988182 7.638684 24.050152 6.378648 21.315926 6.598035 22.173297 -7.294497 11.050048 -14.290461 26.494765 -10.288399 27.507734 -8.06506 29.590458 -6.91686 25.481695 -7.290095 25.844085 13.295507 -4.165769 0.098303 0.257641 1.177225 1.130819 -0.058404 -2.799428 -0.564554 -4.328489 -0.180909 -3.990966 0.011691 -3.258157 -0.000384 0.057966 -1.225379 1.273656 1.272407 -0.190389 2.287477 -0.782549 2.05864 -1.09973 1.653391 -0.815195 -2.239549 -2.891237
7.145444 12.65302 15.229908 23.829553 8.855733 20.263383 6.900033 20.725819 5.510119 18.333748 5.8597 19.498095 -7.036111 11.532187 -14.153305 27.526483 -8.960778 26.613256 -6.726626 28.033271 -5.553752 23.850891 -6.009364 24.515286 11.063871 -5.517143 0.354409 0.229183 0.627029 -0.082758 -0.524503 -2.7248 -0.738651 -3.324333 -0.868529 -2.982178 -0.738335 -2.675202 0.258386 0.482139 0.137156 1.031718 1.327622 -0.894478 1.338434 -1.557186 1.363108 -1.630804 1.280731 -1.328799 -2.231637 -1.351374
6.85136 12.658241 13.881448 24.981615 8.099952 19.367209 6.734869 18.342891 5.690596 16.055915 5.815062 17.375621 -6.932369 12.481514 -13.505501 28.126529 -7.141894 25.901785 -4.984364 27.773085 -4.114306 22.991821 -4.595083 23.773423 9.804901 -6.935906 -0.294083 0.005221 -1.34846 1.152062 -0.755781 -0.896174 -0.165164 -2.382928 0.180477 -2.277833 -0.044638 -2.122474 0.103742 0.949326 0.647804 0.600046 1.818883 -0.711471 1.742262 -0.260186 1.439446 -0.85907 1.414281 -0.741863 -1.258969 -1.418763
6.972095 12.680805 14.433035 25.035733 8.887461 15.034598 7.50753 12.694293 6.388786 11.417887 6.400779 13.327312 -6.833756 12.570006 -13.436377 27.914816 -5.681583 25.306296 -3.389862 25.501335 -2.56249 21.687722 -3.162196 22.747684 8.951277 -10.269836 0.120735 0.022563 0.551587 0.054118 0.787508 -4.332611 0.772661 -5.648598 0.698191 -4.638028 0.585717 -4.048309 0.098613 0.088492 0.069124 -0.211713 1.460311 -0.595489 1.594502 -2.271751 1.551816 -1.304099 1.432887 -1.025739 -0.853625 -3.333929
6.774053 12.202993 13.869736 20.475647 6.835881 9.14894 5.080447 6.285733 4.250607 5.883494 4.335758 8.095264 -6.789899 12.039554 -13.378325 27.264145 -5.079934 23.765448 -2.899319 23.146346 -2.056685 20.034948 -2.653274 21.339813 6.307292 -14.151454 -0.198042 -0.477812 -0.5633 -4.560086 -2.05158 -5.885658 -2.427083 -6.40856 -2.13818 -5.534393 -2.065021 -5.232048 0.043857 -0.530452 0.058052 -0.650671 0.601649 -1.540849 0.490543 -2.354988 0.505805 -1.652774 0.508922 -1.407871 -2.643985 -3.881618
6.285051 11.830819 13.069281 20.102742 7.463947 7.311067 6.156281 3.234455 5.526051 2.75999 5.351797 5.260047 -7.058659 12.059316 -13.235337 27.313861 -5.001983 22.470096 -2.67438 21.522006 -2.142718 18.523178 -2.772731 19.96316 7.668769 -15.763187 -0.489002 -0.372174 -0.800455 -0.372905 0.628066 -1.837873 1.075834 -3.051278 1.275444 -3.123504 1.016039 -2.835217 -0.26876 0.019762 0.142989 0.049716 0.077951 -1.295352 0.224939 -1.62434 -0.086033 -1.51177 -0.119457 -1.376653 1.361477 -1.611733
7.43885 10.837209 13.066399 19.132665 7.130021 3.76502 5.801541 -0.799552 5.410969 -1.254442 5.217004 1.360124 -6.229284 11.600614 -12.868759 26.752594 -4.617855 22.163442 -2.375475 21.177605 -1.718488 18.147942 -2.327007 19.736221 7.129458 -19.402385 1.1538 -0.993609 -0.002882 -0.970078 -0.333926 -3.546047 -0.35474 -4.034007 -0.115082 -4.014432 -0.134793 -3.899923 0.829375 -0.458702 0.366578 -0.561267 0.384128 -0.306654 0.298905 -0.344402 0.42423 -0.375235 0.445724 -0.226939 -0.539312 -3.639197
6.435689 10.406587 11.84434 15.650612 6.31462 -0.409731 5.015919 -4.948387 4.80046 -4.998454 4.605898 -2.422315 -6.658557 11.359075 -13.408831 26.552433 -4.986879 21.392137 -2.599004 20.599896 -2.046606 17.680562 -2.727827 19.346064 6.847066 -22.679016 -1.003161 -0.430623 -1.222059 -3.482053 -0.8154 -4.174751 -0.785622 -4.148835 -0.61051 -3.744012 -0.611106 -3.782439 -0.429273 -0.241539 -0.540072 -0.200161 -0.369024 -0.771305 -0.223529 -0.577709 -0.328118 -0.467381 -0.40082 -0.390157 -0.282392 -3.276631
6.262642 10.074201 11.80231 14.810571 6.371027 -1.327631 5.084687 -6.155565 4.881465 -6.261191 4.666001 -3.513375 -6.715035 11.171252 -13.465893 25.548324 -5.034497 20.138344 -2.720237 19.447938 -2.129549 16.61084 -2.785599 18.076983 7.011014 -22.872031 -0.173047 -0.332385 -0.04203 -0.840041 0.056407 -0.9179 0.068769 -1.207179 0.081006 -1.262736 0.060102 -1.09106 -0.056478 -0.187823 -0.057063 -1.004109 -0.047618 -1.253793 -0.121233 -1.151958 -0.082943 -1.069722 -0.057772 -1.269081 0.163949 -0.193015
6.247258 10.887456 11.903501 16.348407 6.503975 -1.518771 5.405849 -7.427084 5.528527 -7.266292 5.110162 -4.177302 -6.85361 11.526269 -13.563856 25.746998 -5.320406 20.44144 -3.079396 19.725105 -2.462986 16.923317 -3.091004 18.342713 7.991514 -24.189609 -0.015384 0.813255 0.101191 1.537836 0.132948 -0.19114 0.321162 -1.271519 0.647062 -1.005101 0.444162 -0.663927 -0.138575 0.355017 -0.097963 0.198674 -0.285909 0.303096 -0.35916 0.277168 -0.333437 0.312477 -0.305405 0.265729 0.980499 -1.317579
6.332877 11.082855 12.238601 15.395203 6.50526 -1.82175 5.375358 -7.298905 5.196097 -7.018894 4.943094 -3.992945 -6.89593 11.817273 -13.983241 26.113144 -5.569622 20.80926 -3.258947 20.036909 -2.677384 17.124274 -3.356996 18.588683 7.873482 -24.143168 0.085619 0.195399 0.3351 -0.953203 0.001284 -0.302979 -0.030491 0.12818 -0.33243 0.247398 -0.167069 0.184357 -0.042319 0.291005 -0.419384 0.366145 -0.249216 0.36782 -0.17955 0.311804 -0.214398 0.200957 -0.265992 0.24597 -0.118032 0.046441
6.683686 11.078647 11.896983 16.459423 6.084797 -0.101596 4.790649 -5.191365 4.815099 -5.349246 4.554728 -2.513909 -6.678727 11.826855 -13.812223 26.186472 -5.515164 20.841688 -3.284401 20.081443 -2.701747 17.090112 -3.327945 18.497139 7.516846 -22.439358 0.350809 -0.004208 -0.341618 1.06422 -0.420463 1.720154 -0.58471 2.10754 -0.380999 1.669648 -0.388366 1.479036 0.217202 0.009581 0.171018 0.073329 0.054458 0.032428 -0.025454 0.044534 -0.024363 -0.034162 0.029051 -0.091544 -0.356635 1.703811
6.904522 12.017307 12.525585 16.525102 6.227753 0.939441 4.939154 -3.9404 4.868248 -4.5194 4.59024 -1.826903 -6.490287 12.573463 -13.559669 26.931113 -5.284047 21.061069 -3.053102 20.275027 -2.480027 17.179024 -3.083855 18.629342 7.348275 -21.698424 0.220835 0.93866 0.628603 0.065678 0.142956 1.041037 0.148505 1.250964 0.053149 0.829846 0.035512 0.687006 0.18844 0.746608 0.252554 0.744641 0.231117 0.219381 0.231299 0.193584 0.22172 0.088912 0.24409 0.132203 -0.168571 0.740933
7.251778 11.708361 13.082626 16.405201 6.242624 4.579327 4.518005 0.718081 3.989658 0.861281 4.070255 3.410053 -6.419355 12.350747 -14.190376 25.753236 -6.020406 20.050168 -3.926244 19.008934 -3.145528 16.314846 -3.717676 17.929584 7.135186 -15.453565 0.347257 -0.308946 0.557041 -0.119901 0.014871 3.639886 -0.421149 4.658481 -0.87859 5.380681 -0.519985 5.236956 0.070933 -0.222716 -0.630707 -1.177877 -0.736359 -1.010901 -0.873142 -1.266092 -0.665501 -0.864178 -0.633821 -0.699759 -0.21309 6.244859
7.245901 11.770585 14.848897 18.329856 11.495861 13.599107 10.885373 12.228987 9.501532 11.086279 9.319952 12.767133 -6.163764 12.069726 -14.249608 25.505069 -5.997273 20.641676 -3.634033 20.117953 -2.751699 16.793731 -3.430563 18.300751 12.253231 -5.707452 -0.005877 0.062224 1.76627 1.924655 5.253237 9.01978 6.367368 11.510906 5.511874 10.224998 5.249697 9.35708 0.255591 -0.281021 -0.059232 -0.248167 0.023133 0.591508 0.292212 1.109019 0.393829 0.478885 0.287113 0.371167 5.118045 9.746113
6.98944 12.186557 14.19948 18.10469 14.023229 17.493486 14.502612 17.64636 12.87615 16.529149 12.365445 17.558265 -6.232941 12.184051 -14.194393 25.591284 -5.963743 21.194637 -3.522629 21.193248 -2.572709 17.561817 -3.299958 18.86214 15.448859 -1.032668 -0.256461 0.415972 -0.649416 -0.225165 2.527368 3.89438 3.617239 5.417374 3.374618 5.44287 3.045493 4.791132 -0.069177 0.114325 0.055215 0.086215 0.033531 0.552961 0.111404 1.075295 0.17899 0.768086 0.130606 0.561389 3.195629 4.674783
7.173249 12.338099 15.253565 18.409923 9.864566 16.025946 8.826652 15.533456 8.190194 14.726207 7.797751 16.161123 -6.238526 12.444469 -14.219692 24.970391 -7.072252 21.169773 -5.240774 20.929709 -4.211107 17.784789 -4.663053 19.208506 12.401301 -3.058583 0.183809 0.151542 1.054084 0.305232 -4.158664 -1.467541 -5.67596 -2.112904 -4.685956 -1.802942 -4.567695 -1.397142 -0.005585 0.260419 -0.025299 -0.620893 -1.108509 -0.024864 -1.718146 -0.263539 -1.638398 0.222972 -1.363096 0.346366 -3.047559 -2.025914
7.124516 12.460554 14.728734 19.736561 12.045678 19.341615 11.481175 19.749692 9.919551 18.001941 9.761438 18.982729 -6.21517 12.501866 -14.132208 25.061211 -6.597358 23.045191 -4.234284 23.954293 -2.646118 20.587692 -3.393286 21.512434 12.565669 -2.585751 -0.048733 0.122455 -0.524831 1.326638 2.181113 3.315669 2.654523 4.216236 1.729357 3.275734 1.963687 2.821606 0.023356 0.057396 0.087485 0.09082 0.474894 1.875418 1.00649 3.024584 1.564988 2.802902 1.269767 2.303928 0.164369 0.472832
6.670925 12.394401 14.619496 19.725975 10.408166 18.573853 9.254375 19.002578 8.148494 17.352721 8.107504 18.348607 -6.360036 12.827638 -14.080015 26.482555 -5.844298 24.412802 -3.386086 25.539181 -2.330408 21.92001 -3.072658 22.685167 10.478902 -4.567289 -0.453591 -0.066152 -0.109237 -0.010586 -1.637512 -0.767761 -2.2268 -0.747114 -1.771057 -0.64922 -1.653934 -0.634122 -0.144866 0.325772 0.052193 1.421344 0.75306 1.367611 0.848198 1.584888 0.315711 1.332319 0.320628 1.172733 -2.086768 -1.981539
6.691808 12.372464 14.551079 20.495078 10.489154 19.026658 9.422904 19.135073 8.068264 17.451379 8.057994 18.479785 -6.336132 12.739307 -12.986368 27.007106 -5.395296 25.826415 -3.012279 26.675227 -2.110672 22.946438 -2.77814 23.74275 10.178936 -5.495059 0.020882 -0.021937 -0.068417 0.769103 0.080988 0.452805 0.168529 0.132495 -0.080231 0.098658 -0.049511 0.131178 0.023904 -0.088331 1.093647 0.524551 0.449002 1.413614 0.373808 1.136047 0.219736 1.026428 0.294518 1.057583 -0.299966 -0.92777
6.671932 12.382972 14.079168 20.648828 12.193891 19.453612 12.484935 19.412109 11.047682 17.65925 10.64162 18.702903 -6.270736 12.637269 -13.064095 26.951835 -5.339837 26.003435 -2.93034 26.968178 -2.051869 23.288211 -2.710271 24.078307 13.099551 -5.628961 -0.019875 0.010508 -0.471911 0.15375 1.704738 0.426954 3.062031 0.277036 2.979419 0.207871 2.583626 0.223118 0.065395 -0.102037 -0.077727 -0.055271 0.055459 0.17702 0.081939 0.292951 0.058803 0.341773 0.067869 0.335556 2.920616 -0.133902
6.769347 12.397411 14.152223 21.57332 12.269485 19.403777 12.893325 19.127205 11.380601 17.396984 10.888278 18.452474 -6.217453 12.566975 -12.741953 27.144137 -4.67613 25.768158 -2.17154 26.52885 -1.30949 22.838268 -2.050447 23.659489 12.690091 -5.441284 0.097415 0.014439 0.073054 0.924492 0.075594 -0.049835 0.40839 -0.284904 0.332919 -0.262266 0.246659 -0.250429 0.053284 -0.070295 0.322142 0.192302 0.663707 -0.235277 0.7588 -0.439328 0.742379 -0.449944 0.659823 -0.418818 -0.40946 0.187677
6.829304 12.610784 14.099377 21.885878 13.063991 19.363016 13.099509 18.943471 11.694926 16.961253 11.288917 18.093807 -6.256363 12.672463 -12.72867 27.887356 -4.60861 26.260054 -2.060646 26.988173 -1.224267 23.160762 -2.0082 23.968107 12.919194 -6.199509 0.059956 0.213373 -0.052845 0.312558 0.794506 -0.040761 0.206184 -0.183734 0.314325 -0.435731 0.400639 -0.358668 -0.03891 0.105488 0.013283 0.743219 0.06752 0.491896 0.110894 0.459322 0.085223 0.322494 0.042248 0.308618 0.229102 -0.758225
6.856173 12.679955 14.588612 21.281099 8.998579 17.95184 7.336169 17.447776 6.215602 15.901446 6.510526 17.147398 -6.4271 12.693846 -12.82627 28.466094 -4.744467 26.121908 -2.160943 26.872104 -1.496989 22.934693 -2.237123 23.79542 7.712591 -7.033247 0.02687 0.069171 0.489235 -0.604779 -4.065412 -1.411176 -5.76334 -1.495695 -5.479324 -1.059806 -4.778391 -0.946409 -0.170738 0.021383 -0.0976 0.578737 -0.135857 -0.138146 -0.100297 -0.116068 -0.272721 -0.226068 -0.228924 -0.172687 -5.206603 -0.833738
6.797454 12.68889 14.433685 20.848984 12.80655 18.499106 12.751427 18.10298 11.268702 16.487586 10.974303 17.634529 -6.271946 12.731639 -12.492651 28.344041 -4.590049 25.958383 -2.037078 26.600158 -1.330766 22.700691 -2.06373 23.542935 12.599468 -6.213105 -0.05872 0.008935 -0.154927 -0.432116 3.807971 0.547266 5.415258 0.655204 5.0531 0.58614 4.463777 0.487131 0.155154 0.037792 0.333619 -0.122052 0.154418 -0.163525 0.123864 -0.271946 0.166222 -0.234002 0.173393 -0.252485 4.886878 0.820142
6.794792 12.709251 14.596224 20.753893 12.281024 18.339375 11.720973 17.982623 10.231286 16.397473 10.081679 17.584875 -6.266272 12.765595 -12.516209 28.118053 -4.637453 25.621501 -2.144206 26.157948 -1.378718 22.473362 -2.108231 23.35988 11.610004 -6.075889 -0.002661 0.020361 0.162539 -0.09509 -0.525525 -0.159732 -1.030454 -0.120357 -1.037416 -0.090113 -0.892624 -0.049654 0.005674 0.033957 -0.023559 -0.225988 -0.047404 -0.336882 -0.107127 -0.44221 -0.047952 -0.227329 -0.044501 -0.183055 -0.989464 0.137216
6.669208 12.637714 14.627716 19.962215 11.610147 17.417842 10.821554 17.065489 9.259656 15.718484 9.169367 16.980892 -6.378606 12.762851 -12.777573 27.621174 -4.836294 25.278372 -2.407473 25.856924 -1.554519 22.39483 -2.302462 23.321998 10.814175 -6.676346 -0.125584 -0.071537 0.031492 -0.791678 -0.670877 -0.921533 -0.899419 -0.917134 -0.97163 -0.678989 -0.912312 -0.603983 -0.112334 -0.002745 -0.261363 -0.496879 -0.198841 -0.343129 -0.263268 -0.301024 -0.175801 -0.078532 -0.194231 -0.037882 -0.795829 -0.600457
6.855562 12.496537 14.893189 20.213598 10.851613 17.848152 9.610531 17.611247 8.178112 16.02838 8.273974 17.239827 -6.329697 12.819606 -12.77616 27.580875 -4.79385 25.428563 -2.316689 26.011521 -1.531982 22.437257 -2.262267 23.342007 9.710094 -6.408876 0.186354 -0.141177 0.265473 0.251383 -0.758535 0.43031 -1.211023 0.545758 -1.081544 0.309896 -0.895393 0.258934 0.048909 0.056756 0.001413 -0.040299 0.042444 0.150192 0.090784 0.154597 0.022537 0.042427 0.040194 0.020009 -1.104081 0.26747
6.877562 12.621418 14.730784 20.091936 11.990485 18.423262 11.474112 17.670116 9.965572 16.45864 9.758899 17.424676 -6.287336 12.825432 -12.704074 27.822855 -4.697847 25.586012 -2.234694 25.862154 -1.485959 22.047171 -2.177593 23.091111 11.45153 -5.588531 0.022 0.124881 -0.162405 -0.121662 1.138872 0.57511 1.863581 0.058869 1.78746 0.430259 1.484925 0.184849 0.042361 0.005826 0.072086 0.24198 0.096002 0.157449 0.081995 -0.149366 0.046024 -0.390086 0.084674 -0.250897 1.741436 0.820345
6.602097 12.838149 14.026916 22.089064 12.163055 18.672603 11.960578 17.871606 10.593373 16.139942 10.21542 17.240798 -6.334186 12.996304 -12.326655 28.359026 -4.803041 25.98452 -2.398285 26.42293 -1.661894 22.55863 -2.325615 23.446214 12.255266 -6.418687 -0.275466 0.216731 -0.703868 1.997128 0.17257 0.249341 0.486466 0.201491 0.627801 -0.318697 0.456521 -0.183877 -0.046849 0.170872 0.37742 0.536171 -0.105193 0.398508 -0.163591 0.560775 -0.175935 0.511459 -0.148022 0.355104 0.803736 -0.830156
6.675211 12.842664 14.109555 21.944389 11.484715 18.969104 10.77545 18.571702 9.418604 16.471443 9.250942 17.493537 -6.393084 12.994769 -12.293094 28.498748 -4.782617 26.025698 -2.340636 26.483276 -1.644832 22.548583 -2.287099 23.440197 11.063436 -6.077141 0.073114 0.004515 0.082639 -0.144675 -0.67834 0.2965 -1.185128 0.700095 -1.174769 0.3315 -0.964478 0.252739 -0.058898 -0.001535 0.03356 0.139722 0.020424 0.041178 0.05765 0.060347 0.017062 -0.010046 0.038517 -0.006017 -1.191831 0.341547
6.752172 12.839904 14.234194 21.806213 12.897381 20.03341 12.907961 20.064339 11.467013 17.866692 11.006489 18.751684 -6.440416 12.989601 -12.27383 28.924003 -4.73758 26.279148 -2.294657 26.666185 -1.579159 22.636768 -2.232206 23.541036 13.046172 -4.770076 0.076962 -0.00276 0.124639 -0.138175 1.412666 1.064306 2.132511 1.492637 2.048409 1.395249 1.755548 1.258147 -0.047332 -0.005168 0.019264 0.425255 0.045037 0.253451 0.045979 0.182909 0.065672 0.088185 0.054893 0.100839 1.982737 1.307064
6.81431 12.830183 13.352504 23.286018 14.254478 21.512762 14.921436 21.54716 13.828984 19.088134 13.086811 19.941422 -6.42108 12.944403 -12.334803 28.605857 -4.676476 26.338652 -2.215764 26.934841 -1.45241 22.828367 -2.093318 23.65059 15.281394 -3.740233 0.062138 -0.009722 -0.88169 1.479805 1.357096 1.479352 2.013475 1.482821 2.361971 1.221442 2.080321 1.189739 0.019336 -0.045198 -0.060973 -0.318146 0.061104 0.059503 0.078893 0.268656 0.126749 0.191599 0.138888 0.109553 2.235222 1.029843
6.912801 12.899604 14.272121 23.948839 13.687882 21.137735 13.50899 20.861462 12.220195 18.537298 11.808512 19.539502 -6.325984 12.947813 -12.346938 28.638449 -4.850119 26.510927 -2.421317 27.160254 -1.612207 23.019144 -2.237421 23.818901 13.832402 -4.481846 0.098491 0.069422 0.919616 0.662822 -0.566596 -0.375026 -1.412445 -0.685698 -1.608789 -0.550836 -1.278299 -0.40192 0.095096 0.003409 -0.012136 0.032592 -0.173643 0.172275 -0.205553 0.225413 -0.159797 0.190777 -0.144103 0.168312 -1.448992 -0.741613
6.949267 12.833399 14.229998 24.066842 13.62029 21.057194 13.419989 20.787835 12.071392 18.438429 11.69906 19.485837 -6.251037 12.758037 -12.628889 28.272235 -4.940912 26.534158 -2.474806 27.369463 -1.589933 23.236459 -2.261755 23.95733 13.661325 -4.798031 0.036466 -0.066206 -0.042123 0.118002 -0.067592 -0.080541 -0.089002 -0.073627 -0.148803 -0.098869 -0.109452 -0.053665 0.074947 -0.189775 -0.281951 -0.366214 -0.090793 0.023231 -0.053489 0.209209 0.022274 0.217316 -0.024334 0.138429 -0.171077 -0.316185
7.067916 12.903222 14.324066 24.590811 13.640466 21.174124 13.442585 20.629945 12.120333 18.177095 11.748162 19.289002 -6.12528 12.79954 -12.632143 28.281066 -5.108255 26.618019 -2.651724 27.396038 -1.742211 23.307779 -2.412573 24.050018 13.862544 -5.130684 0.118649 0.069824 0.094068 0.52397 0.020176 0.116929 0.022596 -0.15789 0.048941 -0.261334 0.049102 -0.196835 0.125757 0.041503 -0.003254 0.00883 -0.167343 0.083861 -0.176919 0.026575 -0.152278 0.07132 -0.150818 0.092688 0.201219 -0.332654
7.112572 12.833884 14.126423 24.960002 11.654612 20.628521 10.396424 20.438883 9.95566 17.513737 9.807536 18.878761 -6.056124 12.768337 -12.485355 28.292993 -5.078328 26.759562 -2.636993 27.762809 -1.789862 23.649183 -2.438423 24.256733 11.745521 -6.135446 0.044656 -0.069338 -0.197643 0.369191 -1.985854 -0.545603 -3.046161 -0.191063 -2.164674 -0.663358 -1.940626 -0.410241 0.069156 -0.031203 0.146788 0.011927 0.029927 0.141543 0.014731 0.366771 -0.047651 0.341403 -0.025851 0.206715 -2.117023 -1.004761
7.249177 12.730703 14.576072 24.990734 6.329644 17.746285 3.871542 17.37164 2.953976 15.345934 3.52931 16.810676 -6.278297 13.174477 -12.652352 28.782907 -5.321747 26.987472 -3.016257 27.944693 -2.093807 23.822799 -2.70116 24.47367 5.047783 -8.476865 0.136605 -0.103182 0.449648 0.030732 -5.324969 -2.882236 -6.524882 -3.067243 -7.001683 -2.167803 -6.278226 -2.068084 -0.222173 0.40614 -0.166997 0.489914 -0.243419 0.22791 -0.379264 0.181884 -0.303945 0.173616 -0.262737 0.216937 -6.697738 -2.341419
7.227311 12.721941 14.413908 24.514437 6.07278 17.266482 3.769097 16.893017 2.796808 14.925021 3.239581 16.368926 -6.325835 13.394076 -12.564641 29.564148 -5.341506 27.213788 -3.09476 28.258473 -2.194408 24.062639 -2.749273 24.686414 4.991215 -9.137619 -0.021866 -0.008762 -0.162163 -0.476298 -0.256863 -0.479802 -0.102445 -0.478622 -0.157169 -0.420913 -0.289729 -0.441751 -0.047538 0.219598 0.087711 0.781241 -0.019759 0.226316 -0.078502 0.31378 -0.100601 0.23984 -0.048113 0.212744 -0.056568 -0.660753
7.239676 12.938988 14.437991 25.04057 9.474003 18.40215 8.119744 17.747137 7.054484 15.470311 6.987274 16.86379 -6.475165 13.653573 -12.524977 30.297467 -5.329394 27.841863 -3.058946 28.778979 -2.175599 24.334839 -2.735698 24.968097 9.230083 -8.864528 0.012365 0.217047 0.024083 0.526133 3.401223 1.135668 4.350647 0.85412 4.257676 0.54529 3.747693 0.494865 -0.14933 0.259498 0.039664 0.733319 0.012112 0.628075 0.035813 0.520507 0.018808 0.2722 0.013575 0.281683 4.238868 0.273091
7.143864 13.133979 13.633081 25.883031 10.339633 18.757826 9.554288 17.659527 8.582565 15.172172 8.286884 16.600984 -6.512383 13.516825 -12.510374 29.830021 -5.157268 27.86206 -2.900571 28.836101 -2.01776 24.575722 -2.571034 25.176847 10.600325 -9.403551 -0.095811 0.194991 -0.80491 0.842461 0.865629 0.355676 1.434544 -0.08761 1.528081 -0.298139 1.299611 -0.262806 -0.037217 -0.136748 0.014603 -0.467446 0.172126 0.020197 0.158376 0.057122 0.157839 0.240883 0.164664 0.20875 1.370242 -0.539023
7.153338 13.234049 13.825649 23.643345 5.349654 10.918245 2.874583 7.85031 2.331877 6.763735 2.56198 9.033421 -6.800434 14.240909 -12.514311 31.212205 -5.145282 29.116714 -2.877468 30.207384 -1.989004 26.41905 -2.569604 27.024788 4.320881 -19.655314 0.009474 0.10007 0.192568 -2.239686 -4.989979 -7.839581 -6.679705 -9.809217 -6.250688 -8.408436 -5.724904 -7.567564 -0.288051 0.724083 -0.003937 1.382184 0.011986 1.254654 0.023103 1.371282 0.028756 1.843327 0.001431 1.847941 -6.279445 -10.251763
7.706323 13.489044 13.934925 23.697835 5.071351 9.452626 2.636728 5.647129 2.368966 4.615244 2.615944 7.089078 -6.595609 14.317256 -12.759218 31.25127 -5.086878 29.52888 -2.775806 30.979812 -1.808736 27.33652 -2.488127 27.830142 4.177701 -22.721276 0.552985 0.254995 0.109276 0.054491 -0.278303 -1.465619 -0.237855 -2.203181 0.037089 -2.148491 0.053963 -1.944342 0.204825 0.076348 -0.244907 0.039065 0.058404 0.412166 0.101662 0.772429 0.180268 0.91747 0.081477 0.805354 -0.143179 -3.065962
7.254997 15.08173 12.971553 29.35687 9.91551 17.94652 9.075674 14.438811 8.587173 11.184844 8.244917 13.278648 -6.483129 14.891002 -12.117073 32.163951 -5.091345 31.547543 -2.654725 33.276561 -1.897079 28.90667 -2.561724 29.176977 10.484251 -17.721826 -0.451326 1.592687 -0.963372 5.659035 4.844159 8.493894 6.438947 8.791682 6.218207 6.5696 5.628973 6.18957 0.11248 0.573745 0.642145 0.912681 -0.004467 2.018663 0.121081 2.296749 -0.088343 1.57015 -0.073597 1.346835 6.30655 4.99945
7.133839 14.984167 12.171569 28.759223 7.928595 16.642118 6.750861 12.891603 6.42015 9.950528 6.138298 12.027857 -6.8259 15.01736 -12.183383 33.284551 -4.871204 32.757747 -2.426493 34.592092 -1.667351 30.256808 -2.375355 30.417871 8.087501 -20.30628 -0.121158 -0.097564 -0.799984 -0.597647 -1.986915 -1.304403 -2.324814 -1.547208 -2.167022 -1.234317 -2.106619 -1.250792 -0.342771 0.126359 -0.06631 1.1206 0.220141 1.210204 0.228232 1.315531 0.229728 1.350138 0.186369 1.240894 -2.39675 -2.584454
6.834179 14.94818 11.931092 30.017117 9.953845 20.187548 9.618324 17.713919 9.209955 14.100406 8.649141 15.70864 -6.954873 14.674732 -12.385401 32.414922 -4.744059 33.710834 -2.25482 36.24188 -1.266107 31.911352 -2.044481 31.875762 10.476062 -17.810947 -0.299659 -0.035986 -0.240478 1.257893 2.02525 3.54543 2.867463 4.822317 2.789804 4.149878 2.510843 3.680784 -0.128973 -0.342628 -0.202018 -0.869629 0.127146 0.953087 0.171673 1.649788 0.401244 1.654544 0.330874 1.457891 2.388561 2.495334
6.532758 13.98299 10.820729 29.810616 10.186231 22.073147 10.038036 20.631281 9.533942 16.890594 8.924246 18.067077 -6.952912 13.877764 -12.087759 31.892106 -4.758957 33.226463 -2.383113 35.652879 -1.449955 31.31834 -2.139151 31.232902 10.983896 -14.427745 -0.301421 -0.96519 -1.110363 -0.2065 0.232387 1.885599 0.419712 2.917361 0.323987 2.790189 0.275105 2.358437 0.001961 -0.796968 0.297642 -0.522816 -0.014898 -0.484371 -0.128293 -0.589001 -0.183848 -0.593013 -0.09467 -0.64286 0.507835 3.383201
6.709579 14.404145 10.821721 28.484425 7.654855 15.60581 6.906626 12.406433 6.764665 10.110763 6.32678 11.958456 -6.932777 14.503649 -12.452325 32.657358 -4.432389 34.370908 -1.873392 36.834577 -0.993079 32.625934 -1.821542 32.545409 7.757744 -22.515172 0.17682 0.421154 0.000992 -1.326191 -2.531376 -6.467336 -3.13141 -8.224848 -2.769276 -6.779832 -2.597466 -6.108621 0.020134 0.625885 -0.364566 0.765252 0.326568 1.144445 0.509721 1.181698 0.456876 1.307595 0.317609 1.312506 -3.226152 -8.087426
6.526023 14.411896 10.645616 28.6062 9.457999 19.966757 9.186995 18.237275 8.704543 15.108699 8.140266 16.390806 -7.126772 14.576578 -12.095854 32.644135 -4.478136 34.393799 -2.023435 36.900592 -1.063839 32.649928 -1.831329 32.515585 9.768382 -17.54123 -0.183555 0.007752 -0.176105 0.121775 1.803145 4.360947 2.280369 5.830842 1.939878 4.997936 1.813486 4.43235 -0.193995 0.072929 0.356472 -0.013223 -0.045747 0.022891 -0.150043 0.066015 -0.07076 0.023994 -0.009787 -0.029823 2.010638 4.973942
6.56094 14.36215 10.361147 27.065182 6.010318 12.570453 4.852384 8.850792 4.833174 7.017827 4.453564 9.025615 -7.149497 14.721572 -11.989471 33.480817 -4.265839 34.578627 -1.814333 36.852354 -1.039591 32.699525 -1.796272 32.586211 5.872765 -25.681698 0.034916 -0.049746 -0.284469 -1.541018 -3.447682 -7.396305 -4.334611 -9.386483 -3.871369 -8.090872 -3.686702 -7.365191 -0.022724 0.144994 0.106382 0.836682 0.212297 0.184828 0.209102 -0.048238 0.024247 0.049597 0.035056 0.070626 -3.895617 -8.140469
6.709987 14.744514 10.079157 29.229015 8.66493 18.189096 8.686858 15.811491 8.428651 12.714452 7.634872 14.133161 -7.126814 14.863765 -12.044206 33.830822 -4.279733 35.391194 -1.768044 37.958336 -0.850508 33.409858 -1.604664 33.23673 9.279159 -20.695406 0.149047 0.382364 -0.28199 2.163833 2.654612 5.618644 3.834474 6.960699 3.595477 5.696625 3.181309 5.107546 0.022683 0.142193 -0.054735 0.350004 -0.013894 0.812566 0.046289 1.105982 0.189084 0.710332 0.191608 0.650519 3.406394 4.986292
6.773049 14.201564 10.226732 25.800955 5.855441 10.71097 4.645091 6.847721 4.790479 5.246419 4.442734 7.297707 -7.081196 14.751089 -11.99708 33.881551 -4.053327 35.192817 -1.555115 37.654638 -0.725344 33.297378 -1.484987 33.135539 5.515823 -28.050959 0.063062 -0.542951 0.147575 -3.42806 -2.809489 -7.478127 -4.041767 -8.96377 -3.638172 -7.468033 -3.192139 -6.835455 0.045618 -0.112677 0.047126 0.05073 0.226405 -0.198376 0.212929 -0.303698 0.125164 -0.11248 0.119677 -0.101191 -3.763336 -7.355553
6.890056 13.872191 10.248384 25.007108 4.990891 9.666005 3.570607 5.790222 3.720698 4.255018 3.461847 6.338665 -7.092655 14.742824 -11.739409 33.812431 -3.85443 35.697845 -1.380894 38.352337 -0.535125 34.226373 -1.281014 33.945325 4.255822 -29.971355 0.117007 -0.329372 0.021651 -0.793847 -0.86455 -1.044965 -1.074484 -1.0575 -1.069781 -0.991401 -0.980887 -0.959042 -0.011459 -0.008264 0.257671 -0.069121 0.198898 0.505027 0.174221 0.697699 0.190219 0.928995 0.203973 0.809786 -1.26 -1.920396
6.618208 13.10077 9.870118 26.414236 6.334525 12.415615 5.61353 9.216756 5.774206 6.672445 5.175525 8.359808 -7.166728 13.769117 -11.512849 32.785806 -3.844577 35.70185 -1.478893 38.672242 -0.503784 34.537312 -1.187322 34.053239 6.27799 -27.864867 -0.271848 -0.771421 -0.378266 1.407129 1.343635 2.74961 2.042922 3.426534 2.053508 2.417427 1.713678 2.021143 -0.074074 -0.973707 0.22656 -1.026624 0.009853 0.004005 -0.097999 0.319904 0.03134 0.31094 0.093693 0.107914 2.022168 2.106488
6.596553 12.908244 9.796923 26.402891 5.013442 10.731259 3.718501 6.778121 3.92558 4.82671 3.570193 6.889805 -7.183599 13.814074 -11.619869 33.19732 -3.920698 35.806191 -1.583713 38.639224 -0.614992 34.4688 -1.27601 34.085679 4.540572 -29.64209 -0.021654 -0.192526 -0.073195 -0.011346 -1.321083 -1.684356 -1.895028 -2.438635 -1.848626 -1.845735 -1.605332 -1.470003 -0.016871 0.044957 -0.10702 0.411513 -0.076121 0.104341 -0.104821 -0.033018 -0.111207 -0.068513 -0.088689 0.03244 -1.737419 -1.777223
6.419107 12.264654 9.267351 27.649286 8.767846 18.125871 8.94421 16.171977 8.827016 12.576333 8.007708 13.76318 -7.279354 13.142481 -11.700514 32.569292 -4.132342 35.655406 -1.781011 38.868943 -0.820744 34.591261 -1.488715 33.982322 9.64776 -22.014928 -0.177446 -0.64359 -0.529572 1.246396 3.754404 7.394612 5.225709 9.393856 4.901436 7.749623 4.437515 6.873375 -0.095755 -0.671592 -0.080645 -0.628027 -0.211644 -0.150785 -0.197297 0.229719 -0.205752 0.122461 -0.212705 -0.103357 5.107188 7.627162
6.350869 11.944577 9.665531 27.346876 9.017617 18.329296 8.990872 16.565511 8.767217 12.960759 7.996404 14.101943 -7.347387 12.924412 -11.753678 32.498786 -4.213083 35.697505 -1.843569 38.82409 -0.883168 34.512106 -1.553228 33.960047 9.650385 -21.551347 -0.068238 -0.320077 0.39818 -0.30241 0.24977 0.203425 0.046661 0.393534 -0.059798 0.384426 -0.011304 0.338763 -0.068033 -0.21807 -0.053164 -0.070506 -0.08074 0.042099 -0.062558 -0.044852 -0.062424 -0.079155 -0.064513 -0.022274 0.002626 0.463581
6.459498 12.045148 9.634775 27.951804 7.735825 15.972278 7.259715 12.924591 7.093835 9.942418 6.49029 11.546814 -7.304668 12.977621 -11.24633 32.554677 -4.222345 35.935923 -1.978362 38.931188 -1.076367 34.92637 -1.702458 34.346154 8.170202 -24.983951 0.108629 0.100571 -0.030756 0.604928 -1.281792 -2.357018 -1.731157 -3.64092 -1.673383 -3.01834 -1.506114 -2.555129 0.042719 0.053209 0.507349 0.055891 -0.009263 0.238419 -0.134793 0.107098 -0.1932 0.414264 -0.149229 0.386107 -1.480183 -3.432605
6.173626 11.810321 10.004833 26.364452 6.823716 13.481009 6.508091 9.796947 5.473951 7.658014 4.96476 9.560335 -7.451171 13.116556 -11.396673 32.478327 -4.25556 35.827988 -2.033824 38.754129 -1.119709 34.782803 -1.760522 34.257531 6.59366 -27.124789 -0.285873 -0.234827 0.370058 -1.587352 -0.912109 -2.491269 -0.751624 -3.127643 -1.619884 -2.284405 -1.52553 -1.98648 -0.146502 0.138935 -0.150344 -0.076351 -0.033215 -0.107935 -0.055462 -0.177059 -0.043342 -0.143567 -0.058064 -0.088623 -1.576543 -2.140838
6.475589 12.202936 9.077653 27.339691 6.610247 14.550507 6.075171 10.978815 5.850151 8.37788 5.264291 10.168603 -7.499042 13.28373 -11.297306 32.616448 -4.392064 36.12746 -2.123743 39.123654 -1.319948 35.028768 -1.891097 34.493524 7.170099 -26.650888 0.301963 0.392616 -0.92718 0.975239 -0.213468 1.069498 -0.43292 1.181868 0.376201 0.719866 0.299531 0.608268 -0.047871 0.167173 0.099367 0.138122 -0.136504 0.299472 -0.08992 0.369525 -0.200239 0.245965 -0.130576 0.235993 0.576439 0.473902
6.496134 12.21543 9.476098 26.125604 6.514749 13.29022 5.549785 9.748814 4.84418 7.74107 4.454413 9.795308 -7.420582 13.377851 -11.295071 32.77182 -4.315305 36.126965 -2.07594 39.082575 -1.265302 35.036463 -1.842859 34.537369 6.109482 -27.295393 0.020546 0.012493 0.398445 -1.214087 -0.095499 -1.260287 -0.525385 -1.230001 -1.005971 -0.63681 -0.809878 -0.373295 0.078461 0.094122 0.002235 0.155371 0.076759 -0.000495 0.047803 -0.04108 0.054646 0.007695 0.048238 0.043845 -1.060617 -0.644505
6.708896 12.366301 9.435827 26.254612 5.815226 12.374622 4.808307 8.478138 4.698932 6.233525 4.338604 8.133295 -7.200819 13.40909 -11.099023 33.058816 -4.065403 36.164433 -1.812798 39.11224 -0.986934 35.095966 -1.59708 34.568918 5.685866 -28.862441 0.212762 0.150871 -0.040272 0.129008 -0.699523 -0.915599 -0.741479 -1.270676 -0.145248 -1.507545 -0.115809 -1.662013 0.219762 0.031239 0.196049 0.286996 0.249901 0.037467 0.263143 0.029665 0.278369 0.059503 0.24578 0.031549 -0.423616 -1.567048
6.854683 12.448451 9.556806 27.732018 6.8335 14.072964 6.218362 10.614154 6.100261 7.784063 5.590314 9.553868 -6.959534 13.269588 -11.048043 32.976338 -3.926641 36.125007 -1.633406 39.123723 -0.791305 34.992924 -1.423195 34.490451 6.891567 -27.208862 0.145787 0.08215 0.12098 1.477405 1.018274 1.698342 1.410055 2.136016 1.401329 1.550537 1.251709 1.420572 0.241286 -0.139502 0.05098 -0.082478 0.138763 -0.039425 0.179392 0.011483 0.195628 -0.103042 0.173885 -0.078467 1.205701 1.653579
6.813434 12.833959 8.961412 26.615483 5.044714 10.968852 3.965732 7.073575 4.243663 5.155447 3.878322 7.082599 -7.029277 13.666964 -11.205119 33.421797 -4.103568 36.420816 -1.772359 39.381212 -0.968304 35.107243 -1.592624 34.615111 5.211967 -29.951796 -0.041249 0.385508 -0.595394 -1.116535 -1.788786 -3.104112 -2.252629 -3.540578 -1.856598 -2.628615 -1.711991 -2.471268 -0.069743 0.397375 -0.157076 0.445458 -0.176927 0.295809 -0.138953 0.257489 -0.176999 0.114319 -0.169429 0.12466 -1.679599 -2.742934
6.942856 13.236216 8.628148 27.967504 5.289996 12.401363 4.451382 8.598697 4.772621 6.141618 4.314446 7.90405 -7.132196 13.910106 -11.177784 34.148684 -4.188532 36.588964 -1.866695 39.558938 -1.053452 35.188785 -1.653099 34.654954 5.826074 -29.047167 0.129423 0.402257 -0.333264 1.352021 0.245282 1.432511 0.48565 1.525122 0.528958 0.986171 0.436124 0.82145 -0.102919 0.243142 0.027335 0.726888 -0.084963 0.168148 -0.094336 0.177726 -0.085148 0.081542 -0.060475 0.039843 0.614107 0.904629
6.732813 12.877205 9.034154 27.286813 5.640581 13.232997 4.691646 9.754562 4.721269 7.228443 4.29602 9.054872 -7.202673 13.887569 -11.20075 34.086904 -4.237604 36.569366 -1.907849 39.460239 -1.100919 35.135409 -1.691708 34.630206 5.822188 -27.906966 -0.210044 -0.359011 0.406006 -0.680691 0.350586 0.831634 0.240263 1.155865 -0.051352 1.086825 -0.018427 1.150823 -0.070477 -0.022537 -0.022966 -0.06178 -0.049073 -0.019598 -0.041154 -0.098699 -0.047466 -0.053376 -0.038609 -0.024748 -0.003886 1.140201
6.530774 12.726295 9.222484 27.033645 5.902821 12.865305 5.11508 9.206042 5.102706 6.838804 4.62358 8.709961 -7.254776 13.744813 -11.208028 33.676469 -4.21578 36.550474 -1.92562 39.494026 -1.106533 35.274613 -1.700547 34.763831 6.209239 -28.435808 -0.202039 -0.15091 0.18833 -0.253168 0.26224 -0.367692 0.423434 -0.548521 0.381437 -0.389639 0.32756 -0.344911 -0.052103 -0.142756 -0.007278 -0.410435 0.021824 -0.018892 -0.017771 0.033787 -0.005615 0.139204 -0.008839 0.133625 0.387052 -0.528842
6.612393 12.679231 9.46143 27.271277 7.801834 16.40445 7.686993 13.606453 7.479575 10.194969 6.697074 11.72004 -7.229939 13.480347 -11.132988 33.522755 -4.245853 36.503631 -1.959598 39.469904 -1.120326 35.157061 -1.695007 34.618366 8.599901 -24.962091 0.08162 -0.047064 0.238946 0.237632 1.899013 3.539145 2.571914 4.400411 2.376869 3.356165 2.073494 3.010079 0.024837 -0.264466 0.075039 -0.153714 -0.030074 -0.046843 -0.033978 -0.024122 -0.013793 -0.117552 0.00554 -0.145465 2.390662 3.473717
6.86729 12.906766 9.307659 28.89061 9.191746 21.988177 9.546673 20.262915 9.435594 16.359544 8.512455 17.401087 -7.187408 13.602573 -11.204079 33.583391 -4.272398 36.560243 -1.983881 39.477873 -1.070663 35.063261 -1.637223 34.529364 10.506257 -18.703717 0.254896 0.227535 -0.153771 1.619333 1.389912 5.583727 1.85968 6.656462 1.956019 6.164575 1.815382 5.681047 0.042531 0.122225 -0.07109 0.060636 -0.026545 0.056612 -0.024283 0.007969 0.049663 -0.0938 0.057784 -0.089002 1.906356 6.258374
6.638733 12.550303 9.284243 28.244469 10.279843 23.638126 10.722545 23.299554 10.41204 19.818339 9.486583 20.577571 -7.327235 13.381329 -11.313105 32.659116 -4.268804 36.074516 -1.956332 39.02922 -1.063636 34.610507 -1.642042 34.071109 11.475676 -14.792168 -0.228557 -0.356463 -0.023416 -0.646141 1.088098 1.649949 1.175871 3.036639 0.976446 3.458795 0.974128 3.176484 -0.139827 -0.221244 -0.109026 -0.924274 0.003594 -0.485727 0.027549 -0.448653 0.007027 -0.452754 -0.004819 -0.458255 0.969419 3.911549
6.729367 12.854153 8.759579 29.963386 9.879926 23.706496 10.34635 22.473532 10.254058 18.908691 9.27678 19.896358 -7.329839 13.441765 -11.251029 33.176816 -4.271236 36.290079 -1.926032 39.266121 -1.052749 34.698647 -1.589385 34.152645 11.306807 -15.789956 0.090635 0.30385 -0.524664 1.718917 -0.399917 0.06837 -0.376195 -0.826022 -0.157982 -0.909647 -0.209802 -0.681213 -0.002605 0.060436 0.062075 0.517699 -0.002432 0.215563 0.0303 0.236902 0.010887 0.08814 0.052658 0.081536 -0.168869 -0.997788
6.870565 13.094497 8.675435 30.655903 10.210481 24.573976 10.468832 23.804802 10.321662 19.800735 9.462067 20.665103 -7.263926 13.613009 -11.091569 33.205354 -4.319298 36.480266 -2.026621 39.53957 -1.103678 34.981811 -1.590803 34.397799 11.42534 -15.181077 0.141197 0.240344 -0.084144 0.692517 0.330555 0.86748 0.122482 1.33127 0.067604 0.892043 0.185287 0.768745 0.065914 0.171244 0.15946 0.028539 -0.048062 0.190187 -0.100589 0.273448 -0.050929 0.283164 -0.001419 0.245154 0.118533 0.608879
6.82506 13.684991 8.707404 30.862907 9.478968 25.488219 9.715074 24.999085 9.452367 21.443531 8.574986 22.138152 -7.216999 13.798216 -10.972172 33.445415 -4.150778 36.704382 -1.905337 39.814386 -0.912926 35.27346 -1.375613 34.68475 10.365292 -13.829929 -0.045505 0.590494 0.031969 0.207004 -0.731513 0.914243 -0.753757 1.194283 -0.869295 1.642796 -0.887081 1.473048 0.046927 0.185207 0.119397 0.240061 0.16852 0.224116 0.121284 0.274816 0.190753 0.291649 0.215191 0.286952 -1.060048 1.351148
6.809956 13.946831 8.818835 31.036198 9.855998 26.60051 10.065562 26.514316 9.689164 22.855818 8.851784 23.464453 -7.181308 14.064687 -10.927024 32.894516 -4.21299 36.983693 -1.999825 40.115672 -0.9808 35.622072 -1.438978 35.014278 10.669965 -12.766254 -0.015104 0.26184 0.111431 0.173292 0.377029 1.112291 0.350487 1.515231 0.236797 1.412287 0.276798 1.326302 0.035691 0.266472 0.045148 -0.550899 -0.062212 0.27931 -0.094488 0.301287 -0.067875 0.348613 -0.063366 0.329527 0.304672 1.063675
6.777325 14.12389 9.370974 30.685726 9.42345 26.312283 9.224275 26.04908 8.73377 22.506592 8.073333 23.157993 -7.212028 14.231881 -11.259401 32.765695 -4.254681 37.128463 -2.032483 40.290168 -1.004788 35.817066 -1.481053 35.21879 9.738559 -13.310474 -0.032631 0.177059 0.552139 -0.350472 -0.432548 -0.288227 -0.841287 -0.465235 -0.955394 -0.349227 -0.778452 -0.30646 -0.03072 0.167194 -0.332376 -0.128821 -0.04169 0.144771 -0.032657 0.174496 -0.023988 0.194994 -0.042075 0.204512 -0.931406 -0.54422
6.723443 14.131653 9.478077 30.534309 9.069577 27.383161 8.785501 28.049034 8.15523 24.658358 7.53831 24.962109 -7.283685 14.218587 -11.476603 32.646626 -4.331747 37.178868 -2.042377 40.316629 -1.028833 35.888094 -1.547867 35.2772 9.184062 -11.229736 -0.053883 0.007764 0.107104 -0.151417 -0.353873 1.070878 -0.438774 1.999953 -0.578541 2.151766 -0.535023 1.804116 -0.071657 -0.013295 -0.217202 -0.119069 -0.077066 0.050405 -0.009894 0.026461 -0.024045 0.071028 -0.066814 0.05841 -0.554496 2.080739
6.746644 14.373159 9.629363 31.117201 9.093302 27.17135 9.196085 27.073169 8.831745 23.38649 8.028322 23.9896 -7.233828 14.430505 -11.455351 33.067632 -4.369891 37.390411 -2.09471 40.55227 -1.072994 36.118853 -1.593193 35.509557 9.904739 -12.732363 0.023201 0.241506 0.151286 0.582892 0.023726 -0.211811 0.410584 -0.975865 0.676516 -1.271868 0.490013 -0.972509 0.049856 0.211918 0.021252 0.421005 -0.038144 0.211543 -0.052333 0.235641 -0.044161 0.230759 -0.045326 0.232357 0.720677 -1.502627
6.77042 14.250961 9.649551 30.33267 8.405143 28.216174 7.91859 29.044321 7.371503 25.632283 6.817549 25.845262 -7.24934 14.323786 -11.50288 32.807925 -4.409713 37.204286 -2.122396 40.346894 -1.135272 35.988507 -1.661366 35.398468 8.506775 -10.356224 0.023776 -0.122198 0.020188 -0.784531 -0.688159 1.044825 -1.277494 1.971152 -1.460242 2.245793 -1.210773 1.855662 -0.015512 -0.106719 -0.047529 -0.259706 -0.039822 -0.186124 -0.027686 -0.205377 -0.062278 -0.130346 -0.068173 -0.111088 -1.397964 2.376139
6.629992 14.038432 9.597462 29.806066 8.245575 27.133977 7.655489 27.835351 7.15912 24.580979 6.631696 24.814439 -7.265809 14.191544 -11.713085 32.590318 -4.476178 36.96332 -2.138591 40.045559 -1.166132 35.765105 -1.741466 35.24465 8.325252 -11.184126 -0.140429 -0.212529 -0.052088 -0.526604 -0.159568 -1.082197 -0.263101 -1.20897 -0.212383 -1.051304 -0.185853 -1.030824 -0.016469 -0.132242 -0.210205 -0.217608 -0.066465 -0.240967 -0.016195 -0.301334 -0.03086 -0.223401 -0.0801 -0.153819 -0.181523 -0.827903
6.60767 14.056429 9.676409 30.082688 8.448404 26.935944 8.030677 27.371147 7.539493 24.155292 6.976336 24.462155 -7.266769 14.190474 -11.723834 32.590333 -4.533163 36.982933 -2.16313 40.094486 -1.224026 35.8138 -1.824012 35.28007 8.763519 -11.658508 -0.022322 0.017998 0.078946 0.276622 0.202829 -0.198033 0.375187 -0.464204 0.380373 -0.425687 0.34464 -0.352284 -0.00096 -0.00107 -0.01075 1.5e-05 -0.056985 0.019613 -0.024539 0.048926 -0.057894 0.048694 -0.082546 0.03542 0.438267 -0.474381
6.546205 14.108151 9.702045 30.055547 8.338004 23.445171 7.768583 22.27273 7.401901 19.055939 6.863338 19.991672 -7.242954 14.197534 -11.766174 32.678574 -4.610708 36.994785 -2.251074 40.09518 -1.287887 35.776252 -1.890659 35.264426 8.689788 -16.720313 -0.061464 0.051722 0.025636 -0.027141 -0.1104 -3.490773 -0.262094 -5.098417 -0.137591 -5.099353 -0.112998 -4.470482 0.023815 0.00706 -0.04234 0.088242 -0.077546 0.011852 -0.087944 0.000694 -0.06386 -0.037548 -0.066647 -0.015643 -0.073731 -5.061805
6.378525 13.991085 9.789997 29.520538 7.045937 18.780205 5.877876 16.502658 5.799592 13.611427 5.47595 15.047541 -7.163066 14.077595 -11.763939 32.705429 -4.602519 36.747846 -2.256587 39.866593 -1.358765 35.603151 -1.990825 35.085127 7.158357 -21.991724 -0.16768 -0.117067 0.087953 -0.535008 -1.292068 -4.664966 -1.890707 -5.770072 -1.60231 -5.444512 -1.387388 -4.944131 0.079888 -0.119939 0.002235 0.026855 0.00819 -0.246939 -0.005513 -0.228587 -0.070879 -0.173101 -0.100166 -0.1793 -1.531431 -5.271411
6.578302 14.049235 9.901929 29.412022 7.293659 26.33166 6.746721 27.453551 6.590968 24.440935 6.082898 24.660942 -7.222027 14.290306 -11.613724 33.127776 -4.592958 36.90671 -2.208793 39.850894 -1.400486 35.473672 -1.995665 34.995386 7.991454 -11.032736 0.199777 0.05815 0.111932 -0.108516 0.247723 7.551455 0.868845 10.950893 0.791377 10.829508 0.606948 9.613401 -0.058961 0.212711 0.150216 0.422347 0.009561 0.158864 0.047794 -0.0157 -0.04172 -0.129479 -0.00484 -0.089741 0.833097 10.958987
6.579757 14.102727 9.622091 29.198748 8.486694 27.566886 8.295006 28.740788 7.715106 25.716972 7.088119 25.893199 -7.281259 14.442861 -11.413288 33.016014 -4.439536 37.426281 -2.067903 40.483797 -1.243716 36.152273 -1.805985 35.600507 8.958822 -10.435301 0.001454 0.053492 -0.279838 -0.213274 1.193035 1.235226 1.548284 1.287237 1.124138 1.276037 1.00522 1.232257 -0.059232 0.152555 0.200436 -0.111762 0.153422 0.519571 0.14089 0.632903 0.156769 0.678602 0.18968 0.605121 0.967368 0.597435
6.422842 14.083311 9.459859 29.127946 8.946645 28.149185 8.797348 29.3762 8.127433 26.108858 7.453507 26.330855 -7.411242 14.462456 -11.336532 32.893273 -4.458663 37.380418 -2.138281 40.484384 -1.263657 36.093584 -1.783916 35.549268 9.39109 -9.984726 -0.156915 -0.019416 -0.162232 -0.070801 0.459951 0.582299 0.502342 0.635412 0.412327 0.391886 0.365388 0.437656 -0.129983 0.019595 0.076756 -0.122741 -0.019127 -0.045863 -0.070378 0.000587 -0.019941 -0.05869 0.022069 -0.051239 0.432268 0.450575
6.312186 14.125797 9.272015 29.19006 8.784574 28.412387 8.677244 29.592922 8.03616 26.288149 7.342231 26.520029 -7.592648 14.509359 -11.546808 33.306232 -4.546908 37.505242 -2.14797 40.577695 -1.324937 36.100075 -1.868817 35.576615 9.361097 -9.811926 -0.110656 0.042486 -0.187844 0.062114 -0.162071 0.263202 -0.120103 0.216722 -0.091273 0.179291 -0.111276 0.189173 -0.181407 0.046903 -0.210276 0.412959 -0.088245 0.124824 -0.009689 0.093311 -0.06128 0.006491 -0.084901 0.027347 -0.029993 0.1728
6.333458 14.262563 9.249562 29.524809 8.677417 26.731306 8.409309 26.761568 7.895917 23.287392 7.244456 23.829943 -7.539755 14.6213 -11.541811 33.445781 -4.640025 37.537134 -2.295932 40.600276 -1.448923 36.168617 -1.965779 35.653883 9.34484 -12.881225 0.021273 0.136766 -0.022453 0.334749 -0.107157 -1.68108 -0.267935 -2.831355 -0.140244 -3.000757 -0.097775 -2.690086 0.052893 0.111941 0.004998 0.139549 -0.093117 0.031891 -0.147963 0.022581 -0.123987 0.068542 -0.096962 0.077268 -0.016257 -3.069299
6.415063 14.197224 9.150869 28.588724 8.434904 29.881513 7.642394 32.091421 7.482386 29.041219 7.011408 28.79678 -7.414147 14.668357 -11.654332 33.066434 -4.755467 37.490422 -2.406225 40.574729 -1.574859 36.129278 -2.089038 35.589248 9.057245 -7.088059 0.081605 -0.065339 -0.098693 -0.936085 -0.242513 3.150207 -0.766915 5.329853 -0.413531 5.753827 -0.233048 4.966837 0.125608 0.047058 -0.112522 -0.379348 -0.115442 -0.046712 -0.110292 -0.025547 -0.125936 -0.039339 -0.123259 -0.064635 -0.287595 5.793166
6.615478 14.113754 9.226125 29.065931 6.317621 31.803101 5.171281 34.504819 4.592198 31.225121 4.452962 30.754983 -7.15138 14.65854 -11.409518 33.139706 -4.684386 37.394851 -2.350637 40.487027 -1.539782 36.044621 -2.066103 35.467625 6.13198 -4.8195 0.200415 -0.08347 0.075257 0.477207 -2.117282 1.921588 -2.471113 2.413398 -2.890188 2.183902 -2.558446 1.958203 0.262767 -0.009817 0.244814 0.073272 0.071082 -0.09557 0.055587 -0.087702 0.035077 -0.084656 0.022936 -0.121623 -2.925265 2.268559
6.765407 14.791456 9.159708 29.253325 6.656909 31.85347 5.956012 34.989449 5.25139 31.639412 4.9339 31.420794 -6.998748 15.431258 -11.46313 33.449057 -4.568815 37.957701 -2.254242 41.259351 -1.345384 36.604246 -1.908061 36.020175 6.596774 -4.964834 0.14993 0.677702 -0.066417 0.187394 0.339288 0.050369 0.784731 0.48463 0.659192 0.414291 0.480938 0.665811 0.152633 0.772718 -0.053611 0.309351 0.11557 0.56285 0.096396 0.772324 0.194398 0.559625 0.158042 0.55255 0.464794 -0.145334
6.996942 14.98529 9.129906 30.235603 5.354244 34.345308 4.397351 38.055983 3.543872 34.754273 3.459656 33.951744 -6.830373 15.708247 -11.176327 34.206697 -4.427004 38.323912 -2.113071 41.744009 -1.261792 36.958596 -1.813272 36.29081 4.805663 -2.204323 0.231534 0.193834 -0.029802 0.982279 -1.302665 2.491838 -1.558661 3.066534 -1.707518 3.114861 -1.474243 2.53095 0.168374 0.276989 0.286803 0.757641 0.141811 0.366211 0.141171 0.484657 0.083593 0.35435 0.094789 0.270635 -1.791111 2.760512
6.42395 15.624049 7.618183 31.074193 5.078501 26.241413 4.366076 25.46244 4.374093 22.275576 3.99611 22.883257 -7.303631 15.876481 -11.818525 34.436956 -4.823098 38.763884 -2.581778 42.331752 -1.555774 37.711301 -2.174619 37.013349 5.929866 -15.435725 -0.572991 0.638759 -1.511723 0.83859 -0.275743 -8.103895 -0.031275 -12.593544 0.830221 -12.478697 0.536454 -11.068487 -0.473258 0.168234 -0.642198 0.230259 -0.396094 0.439972 -0.468707 0.587744 -0.293982 0.752705 -0.361347 0.722539 1.124203 -13.231403
6.285858 15.696442 6.626076 34.128571 5.762517 29.572505 5.415863 29.298961 5.34454 25.682491 4.83011 25.982988 -7.397631 15.799105 -11.808857 34.887195 -4.910931 38.799131 -2.684823 42.188722 -1.677856 37.653488 -2.281088 36.908466 7.022396 -11.970997 -0.138092 0.072393 -0.992107 3.054377 0.684017 3.331092 1.049787 3.836522 0.970447 3.406915 0.834 3.099731 -0.094 -0.077376 0.009668 0.450239 -0.087833 0.035247 -0.103045 -0.14303 -0.122082 -0.057814 -0.106469 -0.104883 1.092529 3.464729
6.148362 15.344337 6.531358 32.561436 4.73631 32.894441 4.208744 34.726956 4.057997 31.541649 3.603417 31.107023 -7.508716 15.482774 -11.84372 34.432605 -4.966056 39.045247 -2.761805 42.594644 -1.80361 38.145611 -2.38556 37.283054 5.861607 -6.603962 -0.137496 -0.352105 -0.094718 -1.567134 -1.026207 3.321937 -1.207119 5.427995 -1.286542 5.859157 -1.226693 5.124035 -0.111085 -0.316331 -0.034863 -0.45459 -0.055125 0.246117 -0.076982 0.405923 -0.125754 0.492123 -0.104472 0.374588 -1.160789 5.367035
6.012022 14.738199 5.950516 31.953606 2.413696 34.011194 1.493245 37.458798 1.052856 34.930971 0.809371 33.735546 -7.797831 14.735833 -11.937335 33.622232 -5.055407 37.961593 -2.912286 41.394207 -2.023259 37.259713 -2.54961 36.467192 3.076115 -2.328742 -0.13634 -0.606138 -0.580841 -0.60783 -2.322614 1.116753 -2.715498 2.731842 -3.005141 3.389323 -2.794045 2.628523 -0.289115 -0.746942 -0.093615 -0.810373 -0.08935 -1.083654 -0.150481 -1.200438 -0.219649 -0.885898 -0.16405 -0.815862 -2.785492 4.275221
6.316119 13.951582 6.24637 31.192553 1.795173 36.854327 0.617284 41.116029 -0.205135 38.407922 -0.266844 37.070084 -7.506567 14.151323 -11.46166 32.586569 -4.991287 37.01579 -2.923435 40.437299 -2.091184 36.244464 -2.571785 35.512918 1.886049 2.163458 0.304097 -0.786617 0.295854 -0.761053 -0.618523 2.843133 -0.875962 3.657231 -1.257992 3.476951 -1.076216 3.334537 0.291264 -0.58451 0.475675 -1.035663 0.06412 -0.945804 -0.011149 -0.956908 -0.067925 -1.015249 -0.022176 -0.954273 -1.190066 4.492199
6.238455 13.606814 6.349063 31.092224 1.717895 36.690077 0.325632 40.917525 -0.202394 37.985411 -0.20566 36.816487 -7.577875 13.558444 -11.744317 32.4779 -5.231908 36.725184 -3.19469 40.084872 -2.355161 35.986874 -2.820575 35.275581 2.152768 1.998538 -0.077665 -0.344768 0.102693 -0.10033 -0.077277 -0.16425 -0.291651 -0.198504 0.002742 -0.422511 0.061184 -0.253597 -0.071308 -0.592878 -0.282657 -0.108668 -0.240621 -0.290605 -0.271255 -0.352427 -0.263977 -0.25759 -0.24879 -0.237337 0.266719 -0.16492
6.260371 13.410312 6.203794 31.406343 1.165801 36.22542 -0.398707 39.879078 -0.945696 36.645693 -0.885427 35.616106 -7.611141 13.243502 -11.651874 32.216108 -5.18007 36.472273 -3.171077 39.861566 -2.282426 35.752779 -2.795926 35.022199 1.33673 0.892913 0.021917 -0.196502 -0.145268 0.314119 -0.552094 -0.464657 -0.724339 -1.038447 -0.743303 -1.339719 -0.679767 -1.200381 -0.033265 -0.314942 0.092444 -0.261793 0.051838 -0.252911 0.023612 -0.223306 0.072736 -0.234094 0.02465 -0.253382 -0.816038 -1.105624
6.510174 13.503307 6.114882 31.578654 0.038403 36.925489 -1.726305 40.624666 -2.297056 37.592596 -2.07549 36.366487 -7.3028 13.306111 -10.994121 32.218456 -4.58557 36.607826 -2.733698 40.108705 -1.837525 36.296439 -2.288049 35.433429 -0.459531 1.296157 0.249803 0.092995 -0.088912 0.172311 -1.127398 0.700068 -1.327598 0.745589 -1.351359 0.946903 -1.190063 0.750381 0.308341 0.062609 0.657752 0.002348 0.5945 0.135553 0.437379 0.247139 0.444901 0.54366 0.507876 0.41123 -1.79626 0.403243
6.533837 13.635647 5.953866 31.941211 0.390053 37.099367 -1.062569 40.954369 -1.676434 37.975395 -1.585105 36.772585 -7.259789 13.248199 -11.125547 31.76493 -4.655755 36.754352 -2.745748 40.310055 -1.844573 36.405194 -2.309313 35.532469 0.168139 1.570201 0.023663 0.13234 -0.161016 0.362557 0.35165 0.173879 0.663736 0.329703 0.620621 0.382799 0.490385 0.406098 0.043011 -0.057912 -0.131425 -0.453526 -0.070184 0.146526 -0.012049 0.20135 -0.007048 0.108755 -0.021264 0.099039 0.62767 0.274044
6.52439 13.195962 5.505311 31.734926 -0.249684 36.409605 -1.995614 40.114492 -2.577749 37.320679 -2.321437 36.147767 -7.224619 12.859252 -11.230531 31.426382 -4.629797 36.545938 -2.814555 40.085548 -1.883459 36.419177 -2.30833 35.526562 -0.69429 0.901502 -0.009447 -0.439686 -0.448555 -0.206286 -0.639737 -0.689763 -0.933045 -0.839877 -0.901315 -0.654715 -0.736332 -0.624818 0.03517 -0.388947 -0.104985 -0.338548 0.025958 -0.208414 -0.068808 -0.224507 -0.038886 0.013983 0.000983 -0.005907 -0.862429 -0.668699
6.492072 13.26943 5.396229 31.757486 0.093532 36.337227 -1.371709 39.966321 -1.964012 37.205714 -1.857725 36.106551 -7.327765 12.909734 -11.284316 31.597549 -4.641584 36.602592 -2.845764 40.134192 -1.845378 36.548585 -2.2852 35.676736 -0.118634 0.657129 -0.032318 0.073469 -0.109082 0.02256 0.343215 -0.072378 0.623906 -0.148171 0.613737 -0.114965 0.463712 -0.041217 -0.103146 0.050482 -0.053784 0.171167 -0.011787 0.056654 -0.031209 0.048643 0.038081 0.129408 0.02313 0.150174 0.575656 -0.244373
6.264448 13.838214 5.471438 32.69583 1.085395 28.609794 -0.2491 28.267372 -0.0058 25.08924 -0.135761 25.16669 -7.564846 13.216048 -11.553907 32.167679 -4.771855 36.597687 -2.870774 39.938647 -1.894322 36.14766 -2.400222 35.218358 1.888523 -11.05842 -0.227624 0.568783 0.075209 0.938344 0.991863 -7.727432 1.122609 -11.698949 1.958212 -12.116474 1.721963 -10.93986 -0.23708 0.306314 -0.269592 0.57013 -0.130272 -0.004905 -0.02501 -0.195545 -0.048944 -0.400925 -0.115022 -0.458378 2.007157 -11.715549
6.19874 14.762455 6.110287 34.097975 3.488243 20.355481 2.536613 17.186093 3.298098 14.205104 2.881491 15.565068 -7.865298 14.065588 -12.033141 33.881086 -5.282548 36.213917 -3.243205 39.251584 -2.254787 35.172737 -2.769542 34.444565 5.552885 -20.967633 -0.065708 0.924242 0.638849 1.402146 2.402848 -8.254313 2.785712 -11.081278 3.303897 -10.884136 3.017253 -9.601623 -0.300452 0.849539 -0.479233 1.713407 -0.510693 -0.38377 -0.372431 -0.687063 -0.360465 -0.974923 -0.369319 -0.773793 3.664362 -9.909213
6.135929 15.336493 8.306277 33.441338 6.00664 23.101655 5.196273 21.507892 5.321819 18.21225 4.943556 19.273242 -7.698667 14.808509 -12.158331 33.78711 -5.31961 36.603209 -3.267518 39.621106 -2.295595 35.336182 -2.82754 34.692946 7.617414 -17.123932 -0.062811 0.574037 2.19599 -0.656638 2.518398 2.746174 2.659661 4.321799 2.023721 4.007146 2.062064 3.708175 0.166631 0.742921 -0.125191 -0.093976 -0.037062 0.389293 -0.024313 0.369522 -0.040808 0.163445 -0.057998 0.248381 2.064529 3.843701
6.370884 15.187973 8.946115 32.897276 4.381722 18.313748 2.915841 15.18929 3.179544 12.198326 2.987987 13.809556 -7.563499 14.784241 -12.080652 34.286398 -5.2028 36.716491 -3.17781 39.68094 -2.232286 35.381192 -2.746248 34.732473 5.411831 -23.182866 0.234956 -0.14852 0.639838 -0.544062 -1.624918 -4.787907 -2.280432 -6.318602 -2.142274 -6.013924 -1.955569 -5.463687 0.135168 -0.024268 0.07768 0.499287 0.11681 0.113282 0.089708 0.059834 0.063309 0.04501 0.081292 0.039527 -2.205583 -6.058934
6.955975 15.074056 9.708643 31.570381 4.065186 14.261383 2.246702 10.320929 2.613306 7.576412 2.437121 9.616444 -7.150841 14.704812 -11.630881 34.140688 -5.110729 35.975868 -3.071409 38.763499 -2.207974 34.388119 -2.675477 33.975178 4.82128 -26.811707 0.585091 -0.113916 0.762528 -1.326895 -0.316536 -4.052365 -0.66914 -4.868361 -0.566238 -4.621914 -0.550866 -4.193112 0.412658 -0.079429 0.449771 -0.14571 0.092071 -0.740623 0.1064 -0.917441 0.024313 -0.993073 0.070772 -0.757295 -0.590551 -3.628841
6.481093 15.295443 10.051179 31.165078 4.265946 14.038917 2.443844 9.918293 2.69413 7.492527 2.521229 9.603861 -7.232937 14.915481 -11.453807 34.311745 -5.360612 35.62167 -3.304577 38.17136 -2.598825 33.912143 -3.037825 33.537909 5.292955 -26.419616 -0.474882 0.221387 0.342536 -0.405303 0.20076 -0.222465 0.197142 -0.402635 0.080824 -0.083885 0.084108 -0.012583 -0.082096 0.21067 0.177073 0.171056 -0.249884 -0.354198 -0.233167 -0.592139 -0.390851 -0.475976 -0.362349 -0.437269 0.471675 0.392091
6.586045 15.531743 10.727161 33.228648 6.650358 20.818043 5.292046 18.133128 5.158752 14.890724 4.802912 16.52568 -7.093826 15.263301 -11.330119 34.512329 -5.292478 35.839784 -3.199711 38.250905 -2.526754 33.924365 -2.997655 33.711714 7.685506 -19.033641 0.104952 0.2363 0.675982 2.063569 2.384412 6.779125 2.848202 8.214834 2.464622 7.398197 2.281684 6.921819 0.139111 0.34782 0.123689 0.200585 0.068134 0.218114 0.104865 0.079545 0.072071 0.012222 0.040171 0.173804 2.392551 7.385975
6.957576 15.883008 10.847375 34.838042 8.012661 22.727713 6.48534 22.267482 6.716087 17.840257 6.153247 19.32393 -7.038474 15.554181 -11.401385 35.035947 -5.257249 36.634883 -3.096712 39.213738 -2.314174 34.773043 -2.751538 34.510985 9.030262 -16.932786 0.371531 0.351265 0.120214 1.609394 1.362303 1.90967 1.193294 4.134354 1.557335 2.949533 1.350334 2.79825 0.055352 0.29088 -0.071266 0.523618 0.035229 0.795099 0.103 0.962833 0.21258 0.848678 0.246117 0.799271 1.344755 2.100855
7.099569 15.755334 11.945349 34.002116 9.880924 24.236497 7.798922 27.431974 8.89982 22.218046 8.463031 22.494748 -6.844711 15.594712 -11.269662 34.429082 -5.516815 36.666241 -3.474218 39.68319 -2.501225 35.106423 -2.871722 34.595278 11.401045 -12.888378 0.141993 -0.127673 1.097974 -0.835925 1.868263 1.508784 1.313582 5.164492 2.183732 4.377788 2.309784 3.170818 0.193763 0.040531 0.131723 -0.606865 -0.259566 0.031358 -0.377506 0.469452 -0.187051 0.333381 -0.120184 0.084293 2.370784 4.044408
7.103398 14.847744 11.029032 28.867781 14.279273 32.220626 16.028419 35.524422 15.714714 33.2928 14.415249 33.018559 -6.863058 15.221792 -10.724118 34.072536 -5.737546 37.601483 -3.823614 40.723008 -3.054738 36.003381 -3.298593 35.401875 18.769452 -2.710581 0.00383 -0.907591 -0.916317 -5.134335 4.398349 7.984129 8.229497 8.092448 6.814894 11.074755 5.952218 10.523811 -0.018346 -0.372919 0.545543 -0.356546 -0.220731 0.935242 -0.349396 1.039818 -0.553513 0.896958 -0.426871 0.806597 7.368407 10.177797
7.018605 15.615246 11.940727 30.634764 18.835351 39.821079 21.559128 43.002042 21.730593 41.825929 20.034793 41.632137 -6.723514 15.617451 -10.704714 34.897867 -5.814466 38.713852 -3.991076 41.523954 -3.285912 36.930653 -3.483135 36.589321 25.016505 4.895276 -0.084794 0.767502 0.911695 1.766983 4.556078 7.600453 5.530709 7.47762 6.015879 8.533129 5.619544 8.613577 0.139543 0.395659 0.019404 0.825331 -0.07692 1.112369 -0.167462 0.800946 -0.231174 0.927272 -0.184542 1.187447 6.247053 7.605857
7.379696 15.228015 11.718723 30.959672 17.83655 41.855925 20.196936 45.216656 20.127401 44.386971 18.512806 44.056207 -6.443942 14.991343 -10.391074 34.290713 -5.551371 38.199872 -3.857499 41.02245 -2.966785 36.520046 -3.142416 36.246717 23.094186 7.866925 0.361091 -0.387231 -0.222003 0.324908 -0.998801 2.034846 -1.362193 2.214614 -1.603192 2.561042 -1.521987 2.42407 0.279573 -0.626108 0.31364 -0.607154 0.263095 -0.51398 0.133577 -0.501505 0.319126 -0.410607 0.340718 -0.342605 -1.922318 2.971649
7.02396 15.929276 12.347341 32.748306 19.876653 45.63964 22.722065 48.762619 23.045272 48.429346 21.290576 48.29796 -6.856471 15.419996 -11.145073 35.654885 -6.255454 38.832688 -4.443818 41.359925 -3.659904 36.723137 -3.848827 36.604363 26.705176 11.706209 -0.355735 0.701261 0.628617 1.788634 2.040103 3.783715 2.52513 3.545964 2.917871 4.042375 2.77777 4.241753 -0.41253 0.428653 -0.753999 1.364172 -0.704083 0.632817 -0.586319 0.337476 -0.693119 0.203091 -0.70641 0.357646 3.610989 3.839284
7.116362 15.405437 11.815384 32.4518 19.201025 45.351842 21.610054 48.557416 21.92848 48.296466 20.281062 48.042902 -6.792784 15.3595 -10.897034 35.467973 -5.743843 38.950261 -3.844503 41.5234 -3.079203 36.969861 -3.304487 36.785445 25.007683 11.326605 0.092402 -0.523838 -0.531957 -0.296506 -0.675628 -0.287798 -1.112011 -0.205204 -1.116791 -0.13288 -1.009515 -0.255057 0.063688 -0.060496 0.248039 -0.186911 0.511611 0.117573 0.599316 0.163475 0.580701 0.246724 0.544339 0.181082 -1.697493 -0.379604
6.912196 15.195388 10.679817 31.959337 17.992115 42.325753 19.159275 45.152789 19.396931 44.100201 17.946255 43.841219 -6.891063 14.933604 -10.730374 35.040331 -5.839509 38.655961 -4.073319 41.230923 -3.342268 36.796069 -3.489831 36.538118 22.739199 7.304132 -0.204167 -0.21005 -1.135567 -0.492463 -1.20891 -3.026089 -2.450779 -3.404626 -2.531549 -4.196265 -2.334806 -4.201683 -0.098279 -0.425896 0.166661 -0.427642 -0.095665 -0.294301 -0.228816 -0.292477 -0.263065 -0.173792 -0.185344 -0.247326 -2.268484 -4.022473
7.103634 15.49778 10.781819 34.106451 18.847662 48.973745 21.217012 52.325261 21.386057 52.091843 19.707465 51.80366 -6.877059 15.224892 -11.038831 35.274261 -5.970722 38.90577 -4.128122 41.458011 -3.398275 36.793798 -3.56907 36.653 24.784333 15.298045 0.191438 0.302392 0.102001 2.147114 0.855547 6.647992 2.057737 7.172471 1.989126 7.991642 1.76121 7.962441 0.014004 0.291288 -0.308457 0.23393 -0.131214 0.249809 -0.054803 0.227088 -0.056008 -0.002271 -0.079238 0.114882 2.045134 7.993913
7.096905 15.775111 11.025006 34.816346 18.567181 50.188753 20.94661 54.294369 20.763594 54.01918 19.111764 53.417245 -6.974781 15.238324 -11.136428 35.53879 -6.046161 38.850483 -4.214764 41.443422 -3.417572 36.725029 -3.60944 36.596385 24.181166 17.294151 -0.006729 0.277331 0.243187 0.709894 -0.280482 1.215008 -0.270402 1.969108 -0.622463 1.927337 -0.595701 1.613584 -0.097722 0.013432 -0.097597 0.264528 -0.075439 -0.055286 -0.086641 -0.014588 -0.019297 -0.068769 -0.04037 -0.056615 -0.603166 1.996106
7.10161 15.786085 11.440459 34.733978 18.780467 50.418189 21.316114 54.475775 21.192244 54.480836 19.445571 53.844813 -6.955874 15.238109 -11.114234 35.582247 -6.03705 38.877794 -4.230645 41.515651 -3.414443 36.819085 -3.591579 36.6339 24.606687 17.66175 0.004706 0.010973 0.415453 -0.082368 0.213286 0.229436 0.369504 0.181407 0.42865 0.461656 0.333807 0.427568 0.018907 -0.000215 0.022194 0.043458 0.009111 0.027311 -0.015882 0.072229 0.003129 0.094056 0.017861 0.037515 0.425521 0.3676
7.037282 15.48048 11.50713 34.423348 18.57723 50.053272 21.116722 53.783885 21.050036 53.884688 19.330001 53.378829 -7.022941 14.85332 -11.372837 35.209945 -6.094193 38.512114 -4.314873 41.136625 -3.357941 36.541489 -3.567412 36.360618 24.407977 17.343199 -0.064328 -0.305605 0.066671 -0.31063 -0.203237 -0.364918 -0.199392 -0.691891 -0.142208 -0.596148 -0.11557 -0.465983 -0.067067 -0.38479 -0.258604 -0.372303 -0.057143 -0.36568 -0.084227 -0.379026 0.056502 -0.277597 0.024167 -0.273281 -0.19871 -0.318551
7.068914 15.687779 11.70215 34.329984 18.231398 49.40767 20.686817 53.170905 20.651442 52.940246 18.966222 52.438119 -7.14137 14.872798 -11.595708 35.289881 -6.235662 38.409576 -4.449937 41.133621 -3.433126 36.464044 -3.673765 36.292008 24.084568 16.476202 0.031632 0.207299 0.19502 -0.093365 -0.345832 -0.645602 -0.429904 -0.61298 -0.398594 -0.944442 -0.363779 -0.94071 -0.118428 0.019479 -0.222871 0.079936 -0.141469 -0.102538 -0.135064 -0.003004 -0.075185 -0.077444 -0.106353 -0.068611 -0.323409 -0.866997
7.026625 15.712717 11.789715 34.396932 18.485868 49.623922 21.025366 53.430644 20.919055 53.286549 19.18785 52.76368 -7.167891 14.828691 -11.700955 35.357448 -6.258127 38.491067 -4.461926 41.13737 -3.482363 36.598369 -3.712541 36.451569 24.401417 16.68818 -0.042289 0.024939 0.087565 0.066948 0.25447 0.216252 0.338548 0.259739 0.267613 0.346303 0.221628 0.325561 -0.026521 -0.044107 -0.105247 0.067568 -0.022465 0.081491 -0.011989 0.003749 -0.049236 0.134325 -0.038776 0.159562 0.316849 0.211978
7.032001 15.587333 11.774081 34.417871 18.341386 49.897429 20.894545 53.481683 20.745474 53.588989 19.044787 52.828971 -7.175857 14.520231 -11.61707 35.12297 -6.226474 38.471833 -4.37457 41.102794 -3.52129 36.565951 -3.754979 36.392525 24.266765 17.023039 0.005376 -0.125384 -0.015634 0.020939 -0.144482 0.273508 -0.13082 0.051039 -0.173581 0.30244 -0.143063 0.065291 -0.007966 -0.30846 0.083885 -0.234479 0.031653 -0.019234 0.087357 -0.034577 -0.038928 -0.032419 -0.042439 -0.059044 -0.134653 0.334859
6.927216 16.127858 12.008452 34.942237 18.843472 50.379172 21.395606 53.990516 21.2888 54.068425 19.604087 53.565636 -7.311204 14.786848 -11.690253 35.281447 -6.374651 38.363436 -4.636976 40.853658 -3.623745 36.379936 -3.825068 36.303809 24.912545 17.688489 -0.104785 0.540525 0.234371 0.524366 0.502086 0.481743 0.50106 0.508833 0.543326 0.479436 0.5593 0.736666 -0.135347 0.266618 -0.073183 0.158477 -0.148177 -0.108397 -0.262406 -0.249135 -0.102454 -0.186014 -0.070089 -0.088716 0.645781 0.66545
7.07733 16.239837 12.062752 35.040882 18.769902 50.494125 21.281838 54.211923 21.204346 54.233322 19.547987 53.731152 -7.204121 14.872208 -11.58874 35.200694 -6.241998 38.306114 -4.514989 40.877917 -3.451303 36.379471 -3.660426 36.284205 24.655649 17.85385 0.150114 0.111979 0.0543 0.098646 -0.07357 0.114954 -0.113767 0.221407 -0.084454 0.164896 -0.0561 0.165516 0.107083 0.08536 0.101513 -0.080752 0.132653 -0.057322 0.121987 0.024259 0.172442 -0.000465 0.164643 -0.019604 -0.256896 0.165361
7.07618 16.304317 12.004483 35.201207 18.7042 50.520423 21.224582 54.238549 21.17517 54.184964 19.50826 53.692767 -7.214883 14.88457 -11.599016 35.232863 -6.253076 38.280794 -4.524145 40.850988 -3.462583 36.375824 -3.672397 36.264858 24.637753 17.809141 -0.00115 0.06448 -0.05827 0.160325 -0.065702 0.026298 -0.057256 0.026625 -0.029176 -0.048357 -0.039726 -0.038385 -0.010762 0.012362 -0.010276 0.032169 -0.011078 -0.02532 -0.009155 -0.026929 -0.01128 -0.003648 -0.011972 -0.019348 -0.017896 -0.044709
6.937718 15.911394 11.816335 34.893489 18.677616 50.257683 21.177614 53.720808 21.289587 53.712589 19.609767 53.355396 -7.317761 14.609671 -11.62636 35.03139 -6.30787 38.070023 -4.607385 40.55692 -3.607735 36.222315 -3.790188 36.136293 24.897322 17.490274 -0.138462 -0.392923 -0.188148 -0.307718 -0.026584 -0.26274 -0.046968 -0.517741 0.114417 -0.472376 0.101507 -0.337371 -0.102878 -0.2749 -0.027344 -0.201473 -0.054795 -0.210771 -0.083241 -0.294068 -0.145152 -0.153509 -0.117791 -0.128564 0.259569 -0.318867
6.910741 15.774646 11.501378 34.71007 18.428576 50.007448 20.932347 53.501478 21.202821 53.418902 19.512045 53.038368 -7.288513 14.449665 -11.685306 34.850761 -6.373286 37.954345 -4.670784 40.548977 -3.652939 36.043718 -3.848186 35.912678 24.85576 17.375183 -0.026977 -0.136748 -0.314957 -0.183418 -0.24904 -0.250235 -0.245267 -0.21933 -0.086766 -0.293687 -0.097722 -0.317028 0.029248 -0.160006 -0.058946 -0.180629 -0.065416 -0.115678 -0.063398 -0.007942 -0.045204 -0.178596 -0.057998 -0.223616 -0.041562 -0.115091
6.850255 15.770924 11.543328 34.678656 18.548447 50.01924 21.101803 53.593159 21.35098 53.576678 19.615722 53.132772 -7.324114 14.493716 -11.732775 34.846085 -6.427959 37.959909 -4.734883 40.563005 -3.729489 36.10186 -3.902999 36.028433 25.080469 17.474818 -0.060487 -0.003722 0.04195 -0.031415 0.119871 0.011793 0.169456 0.091681 0.148159 0.157776 0.103676 0.094405 -0.035602 0.044051 -0.047469 -0.004676 -0.054672 0.005564 -0.064099 0.014028 -0.07655 0.058141 -0.054812 0.115755 0.22471 0.099635
6.73871 15.6975 11.603642 34.573522 18.509895 50.165156 21.035075 53.780547 21.205866 53.837577 19.486499 53.434578 -7.415938 14.481744 -11.729112 34.840682 -6.488219 37.958708 -4.813111 40.536681 -3.810057 36.229596 -3.96409 36.1577 25.015923 17.607981 -0.111544 -0.073424 0.060314 -0.105134 -0.038552 0.145915 -0.066727 0.187388 -0.145113 0.260898 -0.129223 0.301805 -0.091824 -0.011972 0.003663 -0.005403 -0.06026 -0.001201 -0.078228 -0.026324 -0.080568 0.127736 -0.061092 0.129268 -0.064546 0.133163
6.649798 15.616825 11.464632 34.63355 18.20786 50.400773 20.734245 54.140595 20.796216 54.272279 19.098932 53.809485 -7.4624 14.291587 -11.844784 34.823665 -6.611139 38.058165 -4.937348 40.624151 -3.900886 36.226037 -4.060364 36.146912 24.697101 18.046242 -0.088912 -0.080675 -0.13901 0.060028 -0.302035 0.235617 -0.300831 0.360048 -0.409651 0.434703 -0.387567 0.374907 -0.046462 -0.190157 -0.115672 -0.017017 -0.12292 0.099456 -0.124237 0.08747 -0.090829 -0.003558 -0.096273 -0.010788 -0.318822 0.438261
6.863397 15.807429 11.692345 34.934428 18.343526 50.652197 20.786947 54.408607 20.805585 54.427865 19.151151 53.969887 -7.446808 14.476553 -11.850005 34.932128 -6.603259 38.019034 -4.931751 40.644512 -3.85268 36.227253 -4.033154 36.140171 24.658266 18.200612 0.213599 0.190604 0.227714 0.300878 0.135666 0.251424 0.052702 0.268012 0.00937 0.155586 0.05222 0.160402 0.015593 0.184965 -0.005221 0.108463 0.00788 -0.03913 0.005597 0.020361 0.048205 0.001216 0.02721 -0.006741 -0.038835 0.15437
]