Naoki.c_o_n_s_e_q_u_e_n_c_e_s.1358 [ 648.4161093702728 1.8053336437168703 -1.0895837961428738 -0.1424512981530903 0.6239495898634838 0.463758834219906 -2.0263051743820455 0.009704581824960014 -0.000930025425891573 0.25973587363356304 0.09575916828312306 -0.08556881355434157 1.0560903146635534 1.88980636294233 0.1660731993593838 0.1688448356685798
648.4161093702724 1.8053336437168817 -1.0895837961428991 -0.14245129815299443 0.6239495898634504 0.46375883421989156 -2.026305174381986 0.00970458182500504 -0.0009300254258844591 0.2597358736335217 0.09575916828315696 -0.08556881355436856 1.0560903146635665 1.8898063629424335 0.16607319935939535 0.16884483566852893
648.4161093702724 1.8053336437166325 -1.0895837961429085 -0.14245129815299334 0.6239495898634664 0.4637588342199858 -2.0263051743820126 0.009704581824997454 -0.0009300254259103157 0.2597358736335784 0.09575916828318677 -0.08556881355434512 1.056090314663575 1.8898063629423372 0.16607319935937617 0.16884483566860536
648.4161093702724 1.8053336437168357 -1.089583796142916 -0.14245129815303928 0.6239495898634163 0.4637588342198922 -2.026305174381996 0.009704581825134869 -0.0009300254258746829 0.2597358736334469 0.09575916828313387 -0.08556881355435136 1.05609031466359 1.8898063629424138 0.1660731993593572 0.1688448356685549
648.4161093702724 1.8053336437168352 -1.0895837961429176 -0.1424512981530155 0.623949589863606 0.4637588342200062 -2.026305174382062 0.009704581824986066 -0.000930025425961354 0.2597358736335431 0.0957591682831956 -0.08556881355433212 1.0560903146635459 1.8898063629423467 0.16607319935937637 0.1688448356685765
648.4161093702724 1.8053336437168352 -1.0895837961429105 -0.1424512981530519 0.6239495898634746 0.46375883421992253 -2.026305174382019 0.009704581824975375 -0.0009300254259073658 0.2597358736335168 0.09575916828306792 -0.08556881355427436 1.0560903146635743 1.8898063629424258 0.1660731993594307 0.16884483566861894
648.4161093702724 1.8053336437168352 -1.0895837961429136 -0.1424512981530404 0.6239495898634507 0.4637588342200127 -2.0263051743821054 0.009704581824892294 -0.0009300254260485938 0.2597358736335143 0.09575916828310414 -0.08556881355427345 1.0560903146635223 1.8898063629424071 0.16607319935936637 0.16884483566857328
648.4161093702724 1.8053336437168352 -1.089583796142913 -0.14245129815304167 0.6239495898634634 0.46375883422000075 -2.026305174382083 0.009704581824989286 -0.0009300254259820477 0.25973587363347056 0.09575916828305756 -0.08556881355421705 1.0560903146635863 1.8898063629423973 0.1660731993593644 0.16884483566856384
648.4161093702724 1.8053336437168348 -1.0895837961429127 -0.14245129815304222 0.6239495898634662 0.4637588342200063 -2.026305174382049 0.009704581824999467 -0.00093002542593905 0.25973587363359074 0.09575916828316618 -0.08556881355447758 1.0560903146635447 1.8898063629424635 0.16607319935939435 0.1688448356685751
648.4161093702724 1.8053336437168348 -1.0895837961429133 -0.14245129815304322 0.6239495898634606 0.4637588342200029 -2.0263051743820673 0.009704581824926358 -0.0009300254259707455 0.25973587363339906 0.0957591682831429 -0.08556881355432096 1.0560903146636411 1.889806362942327 0.16607319935938175 0.16884483566853786
648.4161093702724 1.8053336437168348 -1.0895837961429131 -0.14245129815304322 0.6239495898634628 0.4637588342200102 -2.026305174382043 0.00970458182493865 -0.0009300254259172144 0.25973587363349476 0.09575916828313265 -0.08556881355442598 1.0560903146635858 1.8898063629423658 0.16607319935940573 0.16884483566860126
648.4161093702724 1.8053336437168348 -1.089583796142913 -0.1424512981530433 0.6239495898634643 0.4637588342200063 -2.026305174382049 0.0097045818249601 -0.0009300254259388622 0.2597358736335013 0.09575916828321716 -0.085568813554269 1.0560903146636267 1.889806362942494 0.16607319935932333 0.168844835668517
648.4161093702724 1.8053336437168348 -1.0895837961429127 -0.14245129815304286 0.6239495898634639 0.463758834220006 -2.026305174382049 0.009704581824967924 -0.0009300254259378116 0.25973587363353046 0.09575916828311366 -0.0855688135543461 1.0560903146636216 1.8898063629423822 0.1660731993594253 0.16884483566857467
648.4161093702724 1.8053336437168348 -1.089583796142913 -0.142451298153043 0.623949589863464 0.46375883422000685 -2.026305174382048 0.009704581824966698 -0.0009300254259275125 0.25973587363352535 0.09575916828313479 -0.08556881355434008 1.0560903146635796 1.8898063629423867 0.16607319935933298 0.16884483566856828
648.4161093702724 1.8053336437168348 -1.089583796142913 -0.14245129815304292 0.6239495898634645 0.46375883422000735 -2.0263051743820464 0.009704581824967412 -0.0009300254259250559 0.25973587363352935 0.09575916828314593 -0.08556881355432441 1.0560903146635765 1.8898063629423665 0.16607319935943274 0.16884483566845154
648.4161093702724 1.8053336437168348 -1.089583796142913 -0.14245129815304292 0.6239495898634643 0.463758834220007 -2.0263051743820477 0.00970458182496702 -0.0009300254259264816 0.25973587363352724 0.09575916828313681 -0.08556881355433328 1.0560903146635743 1.8898063629423802 0.16607319935940468 0.16884483566852293
648.4161093702724 1.8053336437168348 -1.089583796142913 -0.14245129815304294 0.6239495898634643 0.46375883422000747 -2.026305174382047 0.009704581824967539 -0.0009300254259235732 0.25973587363353107 0.09575916828313089 -0.08556881355433746 1.0560903146635692 1.8898063629423871 0.16607319935935913 0.16884483566856331
648.4161093702724 1.8053336437168348 -1.089583796142913 -0.14245129815304292 0.6239495898634643 0.46375883422000713 -2.0263051743820473 0.00970458182496751 -0.0009300254259255808 0.2597358736335291 0.09575916828313434 -0.08556881355433676 1.0560903146635725 1.8898063629423876 0.1660731993593902 0.16884483566856137
648.4161093702724 1.8053336437168348 -1.089583796142913 -0.14245129815304294 0.6239495898634643 0.4637588342200073 -2.0263051743820473 0.009704581824967235 -0.0009300254259251292 0.25973587363352924 0.0957591682831322 -0.08556881355433753 1.0560903146635712 1.8898063629423867 0.16607319935937728 0.16884483566855416
648.4161093702724 1.8053336437168348 -1.089583796142913 -0.14245129815304294 0.6239495898634643 0.4637588342200072 -2.0263051743820473 0.009704581824967345 -0.0009300254259251356 0.2597358736335297 0.09575916828313195 -0.08556881355433701 1.0560903146635703 1.889806362942389 0.1660731993593796 0.16884483566856404
648.4161093702724 1.8053336437168348 -1.089583796142913 -0.14245129815304294 0.6239495898634643 0.4637588342200073 -2.0263051743820477 0.009704581824967416 -0.0009300254259253335 0.25973587363352924 0.09575916828313187 -0.08556881355433854 1.0560903146635714 1.8898063629423898 0.16607319935938356 0.16884483566857014
648.4161093702724 1.8053336437168348 -1.089583796142913 -0.14245129815304294 0.6239495898634643 0.4637588342200072 -2.0263051743820473 0.009704581824967348 -0.0009300254259251417 0.2597358736335294 0.09575916828313275 -0.08556881355433689 1.0560903146635703 1.8898063629423882 0.16607319935937997 0.16884483566856145
648.4161093702724 1.8053336437168348 -1.089583796142913 -0.14245129815304294 0.6239495898634645 0.4637588342200073 -2.0263051743820473 0.009704581824967284 -0.0009300254259251373 0.25973587363352907 0.09575916828313331 -0.08556881355433735 1.0560903146635705 1.8898063629423878 0.16607319935937992 0.16884483566855876
648.4161093702724 1.8053336437168348 -1.089583796142913 -0.14245129815304294 0.6239495898634643 0.4637588342200072 -2.0263051743820473 0.009704581824967336 -0.0009300254259251922 0.25973587363352946 0.09575916828313238 -0.08556881355433742 1.056090314663571 1.8898063629423887 0.1660731993593803 0.16884483566856237
648.4161093702724 1.8053336437168348 -1.089583796142913 -0.14245129815304294 0.6239495898634643 0.4637588342200073 -2.0263051743820473 0.00970458182496737 -0.0009300254259251897 0.25973587363352957 0.09575916828313231 -0.08556881355433739 1.0560903146635714 1.8898063629423887 0.16607319935938006 0.1688448356685631
648.4161093702724 1.8053336437168348 -1.089583796142913 -0.14245129815304294 0.6239495898634643 0.4637588342200073 -2.0263051743820473 0.009704581824967367 -0.0009300254259251971 0.2597358736335296 0.09575916828313229 -0.0855688135543375 1.0560903146635714 1.8898063629423887 0.16607319935937992 0.168844835668563
648.4161093702724 1.8053336437168348 -1.089583796142913 -0.14245129815304294 0.6239495898634643 0.4637588342200072 -2.0263051743820473 0.009704581824967338 -0.0009300254259252006 0.25973587363352946 0.09575916828313219 -0.08556881355433733 1.0560903146635712 1.8898063629423887 0.16607319935938047 0.168844835668563
648.4161093702724 1.8053336437168348 -1.089583796142913 -0.14245129815304294 0.6239495898634643 0.4637588342200072 -2.0263051743820473 0.009704581824967338 -0.0009300254259252006 0.25973587363352946 0.09575916828313219 -0.08556881355433733 1.0560903146635712 1.8898063629423887 0.16607319935938047 0.168844835668563
648.4161093702724 1.8053336437168348 -1.089583796142913 -0.14245129815304294 0.6239495898634643 0.4637588342200072 -2.0263051743820473 0.009704581824967338 -0.0009300254259252006 0.25973587363352946 0.09575916828313219 -0.08556881355433733 1.0560903146635712 1.8898063629423887 0.16607319935938047 0.168844835668563
648.4161093702724 1.8053336437168348 -1.089583796142913 -0.14245129815304294 0.6239495898634643 0.4637588342200072 -2.0263051743820473 0.009704581824967338 -0.0009300254259252006 0.25973587363352946 0.09575916828313219 -0.08556881355433733 1.0560903146635712 1.8898063629423887 0.16607319935938047 0.168844835668563
648.4161093702724 1.8053336437168348 -1.089583796142913 -0.14245129815304294 0.6239495898634643 0.4637588342200072 -2.0263051743820473 0.009704581824967338 -0.0009300254259252006 0.25973587363352946 0.09575916828313219 -0.08556881355433733 1.0560903146635712 1.8898063629423887 0.16607319935938047 0.168844835668563
648.4161093702724 1.8053336437168348 -1.089583796142913 -0.14245129815304294 0.6239495898634643 0.4637588342200072 -2.0263051743820473 0.009704581824967338 -0.0009300254259252006 0.25973587363352946 0.09575916828313219 -0.08556881355433733 1.0560903146635712 1.8898063629423887 0.16607319935938047 0.168844835668563
648.4161093702724 1.8053336437168348 -1.089583796142913 -0.14245129815304294 0.6239495898634643 0.4637588342200072 -2.0263051743820473 0.009704581824967338 -0.0009300254259252006 0.25973587363352946 0.09575916828313219 -0.08556881355433733 1.0560903146635712 1.8898063629423887 0.16607319935938047 0.168844835668563
648.4161093702724 1.8053336437168348 -1.089583796142913 -0.14245129815304294 0.6239495898634643 0.4637588342200072 -2.0263051743820473 0.009704581824967338 -0.0009300254259252006 0.25973587363352946 0.09575916828313219 -0.08556881355433733 1.0560903146635712 1.8898063629423887 0.16607319935938047 0.168844835668563
-88.20932283437963 -24.578405116461514 1.3742310046723047 36.177270454262924 -14.973565280052869 -19.12219453265166 114.06992027800595 1.4131820449322008 0.03675838879191686 2.5803508813852942 -0.15599608765418535 2.5972262701482274 12.0171939281675 24.761520841181973 2.702591803896047 1.8235006801486757
-88.20932283437963 -24.578405116461514 1.3742310046723047 36.177270454262924 -14.973565280052869 -19.12219453265166 114.06992027800595 1.4131820449322008 0.03675838879191686 2.5803508813852942 -0.15599608765418535 2.5972262701482274 12.0171939281675 24.761520841181973 2.702591803896047 1.8235006801486757
-90.19362578455682 -26.23319698275155 5.417649705070077 38.493753553566336 -17.378612938528697 -25.455979580711013 161.6679059153683 3.044072669343246 0.07003852237691317 13.087960199595754 3.394365272445417 -4.476588964857252 24.293643820639105 47.807888287933004 6.72153552737278 3.8362973699905223
-78.73840437859498 -45.97887186612541 17.978996525346872 134.747650136069 -18.669763028234 -57.74441384381434 431.79432665049325 11.216422789460339 0.11168984454790469 58.22099828566328 10.5889415601269 -12.648247671215579 74.48219221121585 130.06579784550038 4.987118364694618 5.8827423820629265
-78.73840437859498 -45.97887186612541 17.978996525346872 134.747650136069 -18.669763028234 -57.74441384381434 431.79432665049325 11.216422789460339 0.11168984454790469 58.22099828566328 10.5889415601269 -12.648247671215579 74.48219221121585 130.06579784550038 4.987118364694618 5.8827423820629265
-79.57257713651475 -37.92859002360586 25.70218010693544 87.31198712495228 -15.068428686367483 -39.4317914277197 285.6044647127787 6.837688933114169 0.02544567516462524 32.780725430807415 4.952818085828726 -5.98026511670983 31.434163427292432 52.49492764813207 1.3333116111538945 2.741342677717096
-45.42325937593816 -45.50513131658654 127.30679129187241 38.84720111786756 -3.314196850505536 -20.741533878116872 149.2196328452772 2.2952541838203326 -0.3067029547222691 -2.3022266123943775 -8.985683583793268 7.215976076994968 -111.74597003353179 -219.46006233449924 -24.706942270441843 -16.591292562953278
-66.77178476648078 -39.5517358417173 102.94333294835648 31.12328163852336 -3.017430189485689 -15.18331751905033 107.55180749367865 1.5322035103700482 -0.2851908563153826 -2.0799025167766354 -5.9303718566777155 4.163945029600678 -73.02050535413561 -142.64270772803837 -13.115242935593873 -7.010388932308389
-60.130212184475134 -44.99551300825015 133.2891057514149 35.845780170470974 1.6278280095684237 -14.127227332535792 107.48445485014801 1.7280680736438825 -0.2714080619220117 -1.9130714971655625 -6.87193744400322 4.920782295450707 -86.21099656413635 -168.69740171099144 -17.599994204514026 -10.92230828826061
-59.50944345974928 -39.96078611514988 105.73407300725837 28.279116886535373 -4.096811077153512 -15.623202580800593 105.78956396946074 1.1527057868256927 -0.29414682680341825 -6.209884757530594 -7.795040482279859 7.28253815326118 -85.83184500691905 -169.23361145696327 -16.288160237552457 -9.976210493852541
-59.50944345974928 -39.96078611514988 105.73407300725837 28.279116886535373 -4.096811077153512 -15.623202580800593 105.78956396946074 1.1527057868256927 -0.29414682680341825 -6.209884757530594 -7.795040482279859 7.28253815326118 -85.83184500691905 -169.23361145696327 -16.288160237552457 -9.976210493852541
-97.64028386543494 -30.913891822552003 83.59482513223851 12.312478914839103 3.8096127664942356 0.8731622383967478 -9.84802865620952 -0.5480429522477127 0.1475067497484257 -4.150029425951661 -0.19962367874484566 1.0895371898868458 0.5390627222249273 4.626327939704196 1.9805420128490419 0.0022694791956231726
-104.33587610678671 -83.6926790053035 390.8757564794888 82.63041181056045 73.6806281014617 31.263647510260327 -96.58712860807856 3.2635844507231138 0.8322463662459676 32.19141169137351 9.4850389465655 -7.643862035882037 59.62136679105556 108.80493379729846 -3.050593782385067 -6.880850280556205
-100.4048589398194 -53.850724817321094 217.50794459575337 42.61815853772798 34.38139560562338 14.713347649155844 -51.74354233538261 0.8965161289048282 0.40625923721311025 10.719223227145967 3.7586224604863645 -2.446420431648667 27.909153999898596 55.76777559594533 0.39110428768567845 -1.3756941595870311
-92.9724435026612 -33.00518677272166 62.29150725940686 4.5106642548381 -12.563063177435126 -4.538238581006101 4.308675807954597 -3.769638939760057 -0.8307423122257342 -32.267308366844794 -9.567798045463896 9.036156462626195 -28.982948431929668 -15.150463429953918 8.196175651236404 16.525328594458284
-96.99860854734459 -17.69818186051666 -14.710633013165419 -17.849323914177223 -18.15038996110443 27.89402934352773 -0.23416466353892215 -3.1032431809615475 -8.539835863837027 -22.32524656705464 -4.287950986514899 -9.668799513423439 -18.38414854258607 -11.374225727920543 162.72264445814355 237.09587015477405
-97.59752338932014 -19.597860248980655 -11.884227102945129 -18.792632724908625 -18.68924105009165 34.508052944997694 -0.4035372225251635 -3.652626020499621 -9.38475932711742 -25.678781252863388 -5.960674054973274 -13.830376604944671 -20.785435695523542 -15.004473357910488 203.48887955558928 298.5192364434836
-97.36118560175298 -19.63534124790748 -17.82900538599193 -22.495498317583007 -16.15541031025135 72.15434509782898 5.3144472834489065 -2.6534435530212837 -14.268622611449258 -16.22247016277679 -4.547045669752287 -9.160888454818204 -15.55985116074476 -10.866103246021833 147.84978084202297 217.24897724403758
-98.75999429928667 -25.393314807888128 -32.2514601779048 -41.42385279452929 13.588917235478505 224.60769267367502 26.396314670520738 1.9528942363375448 -24.40532867451333 14.693691245958053 -0.9884017739184758 0.03683239727583954 -1.187180300524886 -4.3636457104418955 30.486155592838603 49.7862901281144
-99.84871464475123 -27.188535580684295 -40.77744368727799 -50.425738716536365 29.984550642748363 285.85013495245846 34.204025789084184 3.7369491600802163 -33.95986160280333 30.68525066569461 1.3930804805694303 3.217439190938862 6.728610865101902 -1.269296458128179 -21.064746277828295 -24.682446986423
-100.8175306981208 -32.376552622578224 -58.04144320361928 -77.85780368993049 253.579815347933 -39.52336897966134 9.150079852178505 1.2162399491010196 -56.43217094096032 31.63540883727979 7.703724160155946 21.96083081750847 -8.904240654816519 1.8465744394463155 -2.4524808516942036 -0.7440830185757102
-100.8175306981208 -32.376552622578224 -58.04144320361928 -77.85780368993049 253.579815347933 -39.52336897966134 9.150079852178505 1.2162399491010196 -56.43217094096032 31.63540883727979 7.703724160155946 21.96083081750847 -8.904240654816519 1.8465744394463155 -2.4524808516942036 -0.7440830185757102
-100.8175306981208 -32.376552622578224 -58.04144320361928 -77.85780368993049 253.579815347933 -39.52336897966134 9.150079852178505 1.2162399491010196 -56.43217094096032 31.63540883727979 7.703724160155946 21.96083081750847 -8.904240654816519 1.8465744394463155 -2.4524808516942036 -0.7440830185757102
-101.92938134847323 -36.45843050868123 -68.21312076111128 -92.72553670478369 317.0237484561814 -52.720441515281735 11.718345183660036 2.0101205241777977 -66.31965280691874 41.3055935704078 9.032657515198158 25.88044482906397 -8.683323399751865 1.093824305981228 -6.064246387608775 -2.3868681694822356
-101.92938134847323 -36.45843050868123 -68.21312076111128 -92.72553670478369 317.0237484561814 -52.720441515281735 11.718345183660036 2.0101205241777977 -66.31965280691874 41.3055935704078 9.032657515198158 25.88044482906397 -8.683323399751865 1.093824305981228 -6.064246387608775 -2.3868681694822356
-101.92938134847323 -36.45843050868123 -68.21312076111128 -92.72553670478369 317.0237484561814 -52.720441515281735 11.718345183660036 2.0101205241777977 -66.31965280691874 41.3055935704078 9.032657515198158 25.88044482906397 -8.683323399751865 1.093824305981228 -6.064246387608775 -2.3868681694822356
-99.6662598102219 -27.900126523922 -46.63957538259685 -61.115630863765446 185.72593956202624 -59.282956436248945 0.7119668101085007 -7.318923284583522 -152.35289722294513 25.88286034539867 4.74405870291526 12.525263911938431 -4.705624973189327 1.1546436761461318 -0.8462960133836248 -0.37105003935851355
-99.93934758062858 -28.893098713800704 -49.09472378766601 -64.68656877647054 200.82305891494235 -63.94409225418023 0.9996843317413352 -7.863406931079986 -166.29340563139638 29.16242220579844 5.209866613799945 13.731712006957764 -4.678533760093968 1.0494663153505683 -2.214408596235357 -1.4828534285371053
-98.88778675670507 -24.93818143525401 -38.98299994807434 -49.82496100686235 134.32309617793365 -49.06401689064571 -1.7502641008624868 -7.309841009209188 -117.80099347477766 9.44048349220299 -3.829611588599487 -12.477659906249013 10.629212077860776 -4.184667767445288 -3.034209295575766 1.1161949086300422
-98.88778675670507 -24.93818143525401 -38.98299994807434 -49.82496100686235 134.32309617793365 -49.06401689064571 -1.7502641008624868 -7.309841009209188 -117.80099347477766 9.44048349220299 -3.829611588599487 -12.477659906249013 10.629212077860776 -4.184667767445288 -3.034209295575766 1.1161949086300422
-97.35779248089607 -18.010450588059253 -18.585044294541166 -19.36437688976494 -22.79478113217789 -14.494260430216729 -10.67671745953606 -11.032895760764074 -15.729209573174598 -45.48742834736804 -41.64372114482237 -116.84688541785097 77.86845218646047 -27.07413920581434 -20.707615467497046 -7.389790188939407
-97.88983378569364 -19.0669086095054 -20.48504887352538 -21.16929763361984 -26.686668355651232 -16.793479180578533 -12.553522610268642 -13.28066218528104 -17.92501315908916 -54.36038448261119 -51.88633219314065 -145.9221650812635 98.12844071992285 -33.734752407056945 -27.81161455643671 -10.743852924680303
-97.88983378569364 -19.0669086095054 -20.48504887352538 -21.16929763361984 -26.686668355651232 -16.793479180578533 -12.553522610268642 -13.28066218528104 -17.92501315908916 -54.36038448261119 -51.88633219314065 -145.9221650812635 98.12844071992285 -33.734752407056945 -27.81161455643671 -10.743852924680303
-97.88983378569364 -19.0669086095054 -20.48504887352538 -21.16929763361984 -26.686668355651232 -16.793479180578533 -12.553522610268642 -13.28066218528104 -17.92501315908916 -54.36038448261119 -51.88633219314065 -145.9221650812635 98.12844071992285 -33.734752407056945 -27.81161455643671 -10.743852924680303
-97.31470576780673 -17.647922172326165 -18.35667717303099 -18.657880654955026 -26.92464408423113 -14.427535933902721 -11.469670167471207 -13.347479501489607 -10.697577882621506 -34.30684199887736 -38.29898346766621 -102.29782172905814 66.55334088705965 -22.390768382611288 -17.638475646269562 -6.021886532694961
-97.31470576780673 -17.647922172326165 -18.35667717303099 -18.657880654955026 -26.92464408423113 -14.427535933902721 -11.469670167471207 -13.347479501489607 -10.697577882621506 -34.30684199887736 -38.29898346766621 -102.29782172905814 66.55334088705965 -22.390768382611288 -17.638475646269562 -6.021886532694961
-96.25245768179848 -14.903615441370723 -15.377422334194767 -15.034110074309615 -24.12611602070388 -11.206120155928323 -9.92321624444423 -14.912492227790267 1.9763414842395681 8.089742494515354 -12.413111411657999 -20.849633123715982 8.88397418320468 -0.777932129093554 -3.2180963770074094 -2.295954641798183
-96.26445079462616 -14.745871241351232 -15.350048459208086 -14.961934987841484 -24.747025542369553 -11.323592324597819 -10.292056267704963 -16.418128544667955 4.276898362590413 16.81235743792028 -8.74721150645296 -7.801311654135224 -1.265753666381243 3.408347374612771 -1.800149132176332 -1.7724899585902074
-96.5794392706307 -14.812059183593178 -16.535204731371856 -16.322682309011668 -28.89030656807509 -14.085807557555896 -13.3777101875169 -24.74281490312239 7.766892833799568 41.409925912847726 -9.50748023994084 -2.9004037998446126 1.5398647478424698 -0.09083956585203722 -0.3210346858802029 -1.6765944544294373
-97.68568694622577 -7.230807275960134 -17.87955184703864 -17.96074369974075 -34.8414493571641 -17.905947235240706 -17.520517783000724 -34.804470307324664 11.873672686435832 67.41217621381291 -10.557140229116749 5.635787737246586 3.5692156543653186 -2.8049208566028794 2.880660989964303 -2.299243810474033
-97.43413392339623 -8.33444647518299 -17.886321022097416 -18.069449526124895 -35.29369852607447 -18.37967613555693 -18.152976530433172 -36.41122099042069 12.871974706803101 74.68546491464497 0.2667271856418018 4.695631370362251 5.204327983166553 -4.488991867389751 -3.731661041830181 1.3916171383404667
-95.7647476046548 -13.035898574570096 -13.34249277977351 -12.491923762270876 -19.138865784105644 -7.652558328314711 -6.584742413658665 -7.418000435634514 2.152899714586833 -1.3862898625530056 0.1609057693612771 0.9151584730254732 -6.794224987946761 5.113106783429775 4.669578799405889 -1.970095005368151
-95.29366413039288 -13.3617108422329 -12.268019893973989 -11.486854937232778 -16.30944279619551 -6.002961669794123 -4.838586501903157 -3.82250872217993 0.8709689995189953 -9.221353791100263 -1.4264073149625742 1.0943538436350202 -8.12856046157461 6.568967180071128 1.9918135405684874 -0.5239850063358831
-95.71866746726677 -13.855773634667221 -12.839716482177314 -12.11719371300347 -17.35657104583777 -6.290910883797325 -4.898198426141452 -2.8998067235574867 0.4481896321400139 -15.279029178683132 -0.5208970730782527 1.1865846997077476 -10.883321702166148 8.714372798052041 1.5897553824019366 0.19595620675398645
-95.68953056446074 -14.073934404532467 -12.862377423183426 -11.848660681437913 -17.438147238226804 -6.403320196397027 -4.48404076021471 -3.036051836694946 0.4918931166047378 -15.484046608532593 -1.8803686365102288 2.3301951745376983 -11.368372450459315 9.378090102442501 0.7478963749093617 0.01752734935520563
-95.63539670724414 -14.824776910855519 -11.968253813844683 -12.155906679251801 -18.568695725618316 -7.201280890557582 -4.893684172951022 -3.8307170435617603 -0.3538196427782168 -19.867115978355343 -5.128621108476213 0.8766639906820681 -7.221860890410488 7.245215446708906 -0.9628907699583449 0.42520676993880685
-95.32476410671805 -13.680003529433533 -11.274286416639615 -9.835311636874295 -15.201657907220506 -5.405129420210352 -4.040082619388714 -2.154754003854257 0.26870251303379405 -13.74718473944147 -1.9250056660193535 4.447143899295488 -3.652564240969591 3.7059597730127734 3.0073722444771716 0.2232494084953533
-95.56635587431249 -15.107382236963447 -4.19299791520055 -8.07350447710278 -13.846718031744226 -4.805269455711428 -6.509805734574308 -2.030941854839316 0.22153397147696005 -13.950917787838819 -2.221594941138693 5.017944667055096 -2.4210159517928673 1.9442535571857382 3.3911091334712875 0.2918274885822232
-95.33661607570453 -13.934891188314515 -10.199604944023264 -8.766462082697547 -14.74027408099385 -5.2656848705256145 -3.9469304429739234 -2.0888986612469456 0.2524269624423981 -13.021155152780453 -1.171509702020191 1.2314725011481478 -7.608816358016609 2.092907906517724 3.0512055758097234 -0.13000741152418424
-97.18643473486101 -22.023366502463368 -44.29849936536412 83.55438265380427 0.7705067173531612 1.7587505463472777 -31.066111820702442 -2.296023028989599 0.19969110518492916 -13.973063490644485 -2.58926117525296 4.300583411156492 -13.34311237985792 -13.57386455811275 0.9746069383819601 -1.3677880734090566
-97.16395163779033 -21.191723083985693 -40.14330373746572 68.59796100809638 -2.6140324193574727 0.587108381940501 -29.686505322375307 -2.3584493374729 0.12511949646012452 -16.098506127054485 -2.2258465211541227 1.6607594425308887 -16.686215276548293 -16.632873832304863 3.3568448647738367 -1.562485207331014
-96.54426375721654 -16.52346615045577 -20.383639405191953 5.339276639672751 -15.551273837953934 -5.146239341287926 -12.169952038112026 -2.526281419084554 -0.12379864897721783 -18.757390441647726 -1.753890556715682 -2.689212678982673 -9.369452786310557 -3.575802646646064 7.997490028512605 0.09325362841698599
-97.63393037484985 -23.011742945423467 -46.9945007973812 86.82877975431565 0.03335675214157248 1.649855798344825 -33.85658934039905 -2.465305148124972 0.12190736479750047 -16.167099469040078 -2.230955695009454 0.8364492626762936 -18.55435624927414 -17.66438491125904 3.383107924871529 -1.7250510311867184
-96.46749695990016 -16.927534362432255 -22.580818084282956 13.90788855313753 -13.334924754994868 -4.387963099732823 -13.426508830062545 -2.5038931508829 -0.42486003607043354 -17.946572929558 -2.4752481602051684 -4.320767850874287 -8.393704445601996 -6.269464723627416 6.365276458753239 -0.2904433524151936
-94.90627079194589 -15.320036278626917 -18.092388584982046 8.95594160510616 -11.886749922883979 -4.35067910631776 -3.7605411321228983 -1.5295532206227467 0.11060678037393995 -11.149065642057447 -0.3428958605864649 -0.8468776732898902 -3.6887035995350588 3.2055580337926455 5.455285440447262 0.5527241467173198
-102.37069741669285 -50.45041372425728 -155.44927398480021 424.75352048912976 63.54379192112755 24.656124581057284 -76.15280568574708 1.0019770381372393 -0.23056171651687973 7.6677528865308 -0.5626899844294531 1.7488872128224633 -3.3168083271689746 -16.543133644909727 -4.2672564983350805 -0.807379669167812
-102.37069741669285 -50.45041372425728 -155.44927398480021 424.75352048912976 63.54379192112755 24.656124581057284 -76.15280568574708 1.0019770381372393 -0.23056171651687973 7.6677528865308 -0.5626899844294531 1.7488872128224633 -3.3168083271689746 -16.543133644909727 -4.2672564983350805 -0.807379669167812
-102.37069741669285 -50.45041372425728 -155.44927398480021 424.75352048912976 63.54379192112755 24.656124581057284 -76.15280568574708 1.0019770381372393 -0.23056171651687973 7.6677528865308 -0.5626899844294531 1.7488872128224633 -3.3168083271689746 -16.543133644909727 -4.2672564983350805 -0.807379669167812
-102.37069741669285 -50.45041372425728 -155.44927398480021 424.75352048912976 63.54379192112755 24.656124581057284 -76.15280568574708 1.0019770381372393 -0.23056171651687973 7.6677528865308 -0.5626899844294531 1.7488872128224633 -3.3168083271689746 -16.543133644909727 -4.2672564983350805 -0.807379669167812
-102.37069741669285 -50.45041372425728 -155.44927398480021 424.75352048912976 63.54379192112755 24.656124581057284 -76.15280568574708 1.0019770381372393 -0.23056171651687973 7.6677528865308 -0.5626899844294531 1.7488872128224633 -3.3168083271689746 -16.543133644909727 -4.2672564983350805 -0.807379669167812
-102.37069741669285 -50.45041372425728 -155.44927398480021 424.75352048912976 63.54379192112755 24.656124581057284 -76.15280568574708 1.0019770381372393 -0.23056171651687973 7.6677528865308 -0.5626899844294531 1.7488872128224633 -3.3168083271689746 -16.543133644909727 -4.2672564983350805 -0.807379669167812
-102.37069741669285 -50.45041372425728 -155.44927398480021 424.75352048912976 63.54379192112755 24.656124581057284 -76.15280568574708 1.0019770381372393 -0.23056171651687973 7.6677528865308 -0.5626899844294531 1.7488872128224633 -3.3168083271689746 -16.543133644909727 -4.2672564983350805 -0.807379669167812
-102.37069741669285 -50.45041372425728 -155.44927398480021 424.75352048912976 63.54379192112755 24.656124581057284 -76.15280568574708 1.0019770381372393 -0.23056171651687973 7.6677528865308 -0.5626899844294531 1.7488872128224633 -3.3168083271689746 -16.543133644909727 -4.2672564983350805 -0.807379669167812
-94.90627079194589 -15.320036278626917 -18.092388584982046 8.95594160510616 -11.886749922883979 -4.35067910631776 -3.7605411321228983 -1.5295532206227467 0.11060678037393995 -11.149065642057447 -0.3428958605864649 -0.8468776732898902 -3.6887035995350588 3.2055580337926455 5.455285440447262 0.5527241467173198
-94.90627079194589 -15.320036278626917 -18.092388584982046 8.95594160510616 -11.886749922883979 -4.35067910631776 -3.7605411321228983 -1.5295532206227467 0.11060678037393995 -11.149065642057447 -0.3428958605864649 -0.8468776732898902 -3.6887035995350588 3.2055580337926455 5.455285440447262 0.5527241467173198
-96.46749695990016 -16.927534362432255 -22.580818084282956 13.90788855313753 -13.334924754994868 -4.387963099732823 -13.426508830062545 -2.5038931508829 -0.42486003607043354 -17.946572929558 -2.4752481602051684 -4.320767850874287 -8.393704445601996 -6.269464723627416 6.365276458753239 -0.2904433524151936
-96.46749695990016 -16.927534362432255 -22.580818084282956 13.90788855313753 -13.334924754994868 -4.387963099732823 -13.426508830062545 -2.5038931508829 -0.42486003607043354 -17.946572929558 -2.4752481602051684 -4.320767850874287 -8.393704445601996 -6.269464723627416 6.365276458753239 -0.2904433524151936
-98.63677453682232 -27.584154516269585 -64.31618854254377 137.15661738943598 8.86253667459811 5.771623281958407 -49.85113967229339 -2.4429533865236253 0.04707174941747433 -16.973527145986324 -2.915760377838634 2.0648905770926635 -22.7242600741645 -28.853590959483586 2.6262917213675228 -2.5751700460140037
-93.11254974155764 -26.86503249381672 -47.75679453773951 112.46668752785394 4.120342219307107 2.0599677364347357 -28.30312367403512 -2.1416112952134356 0.01749861518929674 -16.547072618744764 -3.460917836527782 2.400922287896519 -29.39047529005006 -41.28804987816137 0.5283663520164952 -3.5262894945631618
-93.11254974155764 -26.86503249381672 -47.75679453773951 112.46668752785394 4.120342219307107 2.0599677364347357 -28.30312367403512 -2.1416112952134356 0.01749861518929674 -16.547072618744764 -3.460917836527782 2.400922287896519 -29.39047529005006 -41.28804987816137 0.5283663520164952 -3.5262894945631618
-95.5513264142784 -15.13591428686699 -10.651354170362199 -0.5338808582678997 -13.290535054159154 -5.187953513501696 -0.7819311180932276 -1.6971171858462957 0.12814677334930066 -13.051251801540982 -1.7703513913268354 2.6464310335095376 -10.066332363070972 -12.046393460920234 2.404184485169555 -1.5693002220408867
-95.5513264142784 -15.13591428686699 -10.651354170362199 -0.5338808582678997 -13.290535054159154 -5.187953513501696 -0.7819311180932276 -1.6971171858462957 0.12814677334930066 -13.051251801540982 -1.7703513913268354 2.6464310335095376 -10.066332363070972 -12.046393460920234 2.404184485169555 -1.5693002220408867
-90.9954875920245 -16.981390498390166 -1.1308978890922974 -4.849573603221587 -15.853264333261695 -8.363711126377002 17.387306966410826 -1.7325430321175934 0.14776719808281066 -14.960162995836226 -3.690927992265203 6.966767666547229 -20.285043325167777 -33.59028980515108 -1.307567473136231 -3.5965527456150803
-90.9954875920245 -16.981390498390166 -1.1308978890922974 -4.849573603221587 -15.853264333261695 -8.363711126377002 17.387306966410826 -1.7325430321175934 0.14776719808281066 -14.960162995836226 -3.690927992265203 6.966767666547229 -20.285043325167777 -33.59028980515108 -1.307567473136231 -3.5965527456150803
-90.9954875920245 -16.981390498390166 -1.1308978890922974 -4.849573603221587 -15.853264333261695 -8.363711126377002 17.387306966410826 -1.7325430321175934 0.14776719808281066 -14.960162995836226 -3.690927992265203 6.966767666547229 -20.285043325167777 -33.59028980515108 -1.307567473136231 -3.5965527456150803
-72.39976384901749 -24.96760204162481 32.84228388693125 6.529019129041077 -14.10086855025186 -13.786732576033282 62.442948000501374 -0.7114435259751034 -0.33667304791418073 -13.710212287953592 -7.341490022130442 8.868847115147622 -46.28185150509266 -99.31869011776351 -11.698665473131486 -11.88529695476437
-74.56510329149694 -24.55157956912051 36.0170503615954 7.055096115039328 -11.448531061328852 -11.672692992509011 54.67578510757773 -0.37493378565169605 -0.09177372408009761 -9.882433907071283 -4.76352700725697 4.582710060127931 -47.07570366505029 -89.5213356682104 -9.424776967634875 -10.009116139581074
-86.46217879846954 -21.864363619029323 30.335694053218262 2.1564127088342357 -8.728418785244019 -6.246306136114839 18.294602596753194 -0.8802035450251519 0.05245300732509762 -9.377626327836651 -2.554512788844267 3.556755031052955 -20.071534625755824 -36.522942327048014 -2.65911562487297 -4.890222980228781
-78.72887278775914 -31.045258156449442 53.822899451177406 9.102233443884067 -15.462399324696907 -15.85686974742418 69.68324734666415 -1.2327489860157257 0.008463803456576786 -22.49160336862984 -10.939508897471034 17.338179922374405 -80.57058678002853 -163.28740504887907 -17.286085705159397 -21.213570095896454
-95.7786272386149 -17.566125773491137 2.0214231261041964 -7.93518635672086 -15.547228193064143 -6.11304824237063 -0.2598376814508326 -2.28387858903802 0.01786082203260355 -18.37793876100488 -3.6988837236120564 7.746927514503832 -2.5960498973311488 -0.06418078064967296 5.0817522260628465 1.9979090736644123
-92.632345697479 -23.211364571279777 7.087550904582361 -9.016519222951 -24.204537068871012 -8.942337556305674 6.271207472631104 -4.765539768029274 -0.6087768672805867 -40.32825344884464 -12.016174364816605 19.9746070426608 -16.087654244875736 -2.568451235153221 6.37406147554417 11.86962828723971
-94.1876935755446 -19.735043521257666 11.22908959466309 -5.976201380554693 -14.940197931657389 -5.163086177850892 1.897302521830425 -2.508826250481923 -0.30622438216868686 -20.044592392258412 -4.2345043249999925 3.0282634263724324 -14.48530501277761 -3.931978264143522 6.543947528192779 7.7683883062901
-95.59826990139324 -13.86254658155864 -12.195195983351468 -11.662947112214418 -16.135597134922126 -5.594785545742609 -3.8985820748649593 -1.9598163390373144 0.15263813624657022 -13.955253207369243 -0.81713042892177 -0.5151075970542895 -6.757908339095934 4.488661837927948 5.067075239373672 1.0531543696026122
-95.14124904116368 -14.401760988075136 -10.624425042025461 -11.366288481782265 -16.58581376932074 -5.7605613505269435 -3.4522717134976646 -2.3237211661206296 0.1574617873151816 -15.942038998859886 -1.6801180835710252 0.31843565824923126 -11.249267604527315 6.670683412278488 2.6311460826392588 1.6780183312298251
-95.4358755774352 -17.936203493329476 -10.505155099720945 -14.101077355154516 -25.307614065441786 -9.960350595523046 -5.401562183399353 -6.642015540953697 0.9275447973821974 -34.499857803825826 -7.576915282214158 3.4140893278994016 -58.4399212525719 41.89858422220031 -24.672897690261376 1.370780411163852
-97.3728708448062 -18.420047799816757 -17.709358948178462 -18.17937178655944 -31.8040256378506 -13.385717893316354 -10.594924201169553 -9.658001191109532 1.8288640001675749 -46.84990042431648 -10.4110307807388 2.8168962821509895 -99.87287843628565 78.59388258339578 -52.86966960002499 -3.039925192924874
-97.3129354549914 -17.640899996047597 -17.914310947159407 -17.692606253555237 -30.225020609712058 -12.682479666687067 -10.377460015984685 -8.97902139778168 1.7120956290388942 -43.86203637974338 -9.531088079023142 2.081513396058054 -93.52767054909292 74.24896576908351 -49.90897347082841 -3.2816358167532074
-98.71137959829879 -20.37017036435264 -21.81851612151127 -21.780847701534007 -39.33371125384733 -17.160201076520536 -14.471439024258967 -13.44368573117409 2.722096130833921 -59.11062654651357 -14.23207909678368 3.119283008779271 -135.78949705600058 108.59222611123346 -74.72894875715338 -5.431717011843251
-97.00499104680931 -16.72267115854825 -17.12673657391014 -16.86352880884374 -28.674753123319746 -12.469297102305255 -10.664778312526627 -12.602874085842497 3.069452612630948 -18.30122130789156 -9.681358313115192 -0.6037937040067768 -57.46848847099231 46.19117240758345 -29.82691752020581 -3.012712143714019
-96.97469352572186 -16.442913133634978 -16.85020448617827 -16.298417174533633 -27.881997253253857 -12.015958804194272 -10.370063427287118 -11.329146235105153 3.1358449788179397 -16.250675163664145 -8.168207320562935 3.362839675793102 -50.986319166523124 40.56426891904262 -23.916293731469473 -2.4041704149450123
-97.31980424147638 -17.573075848939066 -17.442117707500103 -17.000229754245968 -29.370447454857374 -12.307201771015357 -10.166590926614909 -8.932776372792155 1.8186599696815744 -38.879396661908224 -8.912916662106761 4.328600705507349 -78.75581992391602 62.32807270510713 -39.876757475146256 -3.001268806349591
-97.71969059942282 -18.34900879775752 -18.71973057764358 -18.320237668420152 -31.9106565702137 -13.462501024786064 -11.080298456731088 -9.482769388463373 1.8568817668789026 -45.987199561519546 -9.769310317254519 3.2659230009642686 -94.69771578718216 75.20152205678446 -47.90237702651085 -3.4798819956631424
-97.71969059942282 -18.34900879775752 -18.71973057764358 -18.320237668420152 -31.9106565702137 -13.462501024786064 -11.080298456731088 -9.482769388463373 1.8568817668789026 -45.987199561519546 -9.769310317254519 3.2659230009642686 -94.69771578718216 75.20152205678446 -47.90237702651085 -3.4798819956631424
-97.71969059942282 -18.34900879775752 -18.71973057764358 -18.320237668420152 -31.9106565702137 -13.462501024786064 -11.080298456731088 -9.482769388463373 1.8568817668789026 -45.987199561519546 -9.769310317254519 3.2659230009642686 -94.69771578718216 75.20152205678446 -47.90237702651085 -3.4798819956631424
-97.71969059942282 -18.34900879775752 -18.71973057764358 -18.320237668420152 -31.9106565702137 -13.462501024786064 -11.080298456731088 -9.482769388463373 1.8568817668789026 -45.987199561519546 -9.769310317254519 3.2659230009642686 -94.69771578718216 75.20152205678446 -47.90237702651085 -3.4798819956631424
-97.2697166651033 -17.402255637571393 -17.742968749967236 -17.262547178789863 -29.112436759905943 -12.062141934361508 -10.014969845485362 -8.0697480247669 1.5303383272002236 -41.03329509542969 -8.097887281246827 2.8646466223645963 -79.32052633802887 63.501159048215975 -37.5601641664289 -2.7414020514467277
-97.2697166651033 -17.402255637571393 -17.742968749967236 -17.262547178789863 -29.112436759905943 -12.062141934361508 -10.014969845485362 -8.0697480247669 1.5303383272002236 -41.03329509542969 -8.097887281246827 2.8646466223645963 -79.32052633802887 63.501159048215975 -37.5601641664289 -2.7414020514467277
-97.2697166651033 -17.402255637571393 -17.742968749967236 -17.262547178789863 -29.112436759905943 -12.062141934361508 -10.014969845485362 -8.0697480247669 1.5303383272002236 -41.03329509542969 -8.097887281246827 2.8646466223645963 -79.32052633802887 63.501159048215975 -37.5601641664289 -2.7414020514467277
-97.2697166651033 -17.402255637571393 -17.742968749967236 -17.262547178789863 -29.112436759905943 -12.062141934361508 -10.014969845485362 -8.0697480247669 1.5303383272002236 -41.03329509542969 -8.097887281246827 2.8646466223645963 -79.32052633802887 63.501159048215975 -37.5601641664289 -2.7414020514467277
-96.29482750432045 -15.376936479630503 -15.432806000736047 -10.025150342717096 -20.255678671626956 -7.789922828334106 -7.051792652079854 -4.577616510160187 0.820701312813816 -21.800482783379337 -3.499689513720737 3.372515830916477 -27.391967024426283 21.45005664536435 -8.55230775185438 -0.813583530141472
-95.72013489926783 -14.14600043407033 -13.096076371198151 -12.078048226387608 -17.908549106779876 -6.627581327780385 -5.25960073429831 -3.343483880158238 0.5392102886387343 -16.687816085620792 -2.409832048209986 4.431733076747647 -11.511174389427406 10.07441624748647 0.11862024716395 -0.2385781900498944
-95.64288832216208 -14.06348294808751 -12.717500498556431 -11.987746349798979 -17.80845943441498 -6.647577806459156 -4.970528675991352 -2.8372528476015724 0.5296942844299602 -16.44120038645339 -1.9116942029333988 1.76102593360651 -16.107573986319743 11.782594601487496 -1.1816903251912412 -0.29474872434833804
-96.04456156642706 -16.12802713170512 -9.755132275331198 -12.63624141563184 -20.65485776135073 -8.11694322991155 -4.830858405845174 -3.832921175477029 0.32011436093778517 -34.50596616197482 -14.508797470457202 54.75825223812014 30.018761983202392 -4.659118066558765 -2.136287484530665 0.40976995946174805
-96.50299267706357 -16.695061730757875 -9.258333911052523 -13.103034611062233 -22.176645953740476 -9.086390022199417 -6.0931622325304415 -4.47639915039175 0.45065092626639325 -43.65008420443702 -21.31229245172075 85.26682422923238 53.39860747522212 -10.601691737415338 -5.953880407018894 -0.7152372877303392
-95.48613767371207 -14.600547881325578 -10.34453044338839 -11.536393908314972 -17.037342119045796 -6.14287577377387 -3.9101177557357514 -2.4679532140037668 0.20294191000376782 -19.303736296841315 -4.550075393761375 14.921336171844176 3.4256876396123146 0.5260941198024662 3.5424414594587486 0.9562064836392933
-98.28512855613195 -20.15181634494179 -17.06189766145337 -19.343225694341488 -36.382100073218425 -16.370177857035685 -8.218517650257253 -9.024354162914767 0.9117169765300803 -96.18512320202518 -55.657463688421814 227.39166946077646 151.9406073585718 -32.651260659321856 -23.226066364954075 -2.395656572099507
-98.28512855613195 -20.15181634494179 -17.06189766145337 -19.343225694341488 -36.382100073218425 -16.370177857035685 -8.218517650257253 -9.024354162914767 0.9117169765300803 -96.18512320202518 -55.657463688421814 227.39166946077646 151.9406073585718 -32.651260659321856 -23.226066364954075 -2.395656572099507
-98.28512855613195 -20.15181634494179 -17.06189766145337 -19.343225694341488 -36.382100073218425 -16.370177857035685 -8.218517650257253 -9.024354162914767 0.9117169765300803 -96.18512320202518 -55.657463688421814 227.39166946077646 151.9406073585718 -32.651260659321856 -23.226066364954075 -2.395656572099507
-98.28512855613195 -20.15181634494179 -17.06189766145337 -19.343225694341488 -36.382100073218425 -16.370177857035685 -8.218517650257253 -9.024354162914767 0.9117169765300803 -96.18512320202518 -55.657463688421814 227.39166946077646 151.9406073585718 -32.651260659321856 -23.226066364954075 -2.395656572099507
-98.28512855613195 -20.15181634494179 -17.06189766145337 -19.343225694341488 -36.382100073218425 -16.370177857035685 -8.218517650257253 -9.024354162914767 0.9117169765300803 -96.18512320202518 -55.657463688421814 227.39166946077646 151.9406073585718 -32.651260659321856 -23.226066364954075 -2.395656572099507
-98.28512855613195 -20.15181634494179 -17.06189766145337 -19.343225694341488 -36.382100073218425 -16.370177857035685 -8.218517650257253 -9.024354162914767 0.9117169765300803 -96.18512320202518 -55.657463688421814 227.39166946077646 151.9406073585718 -32.651260659321856 -23.226066364954075 -2.395656572099507
-95.61838110799398 -15.375615526327973 -7.677939036663729 -10.89324993903267 -17.520812651913342 -6.697968199570983 -2.840571973696781 -2.8255749083396444 0.16068638416015044 -23.40109959032282 -7.616807240315456 25.72975395163895 10.981576364410282 -2.5296323739580377 1.9059678863601859 1.1158042856969888
-95.61838110799398 -15.375615526327973 -7.677939036663729 -10.89324993903267 -17.520812651913342 -6.697968199570983 -2.840571973696781 -2.8255749083396444 0.16068638416015044 -23.40109959032282 -7.616807240315456 25.72975395163895 10.981576364410282 -2.5296323739580377 1.9059678863601859 1.1158042856969888
-95.47842023250452 -20.11940683925365 6.277843642896491 -8.391159195030479 -18.231960953246546 -8.110494942434588 2.1077958449102887 -3.930274496951465 -2.3957857679984915 -28.38695290081393 -11.018099754326181 -1.477790464603217 -0.5447794478332739 -15.675775616468083 2.1173137883165642 3.6235041686900624
-96.3474321056022 -25.23067149391858 34.032906260551464 -1.9177487346468496 -12.111312588246957 -6.415276104121258 0.05574823568025081 -3.9802822227155343 -4.5473893229826094 -25.880233881411804 -13.391429600296911 -21.07770044812866 4.658230652673835 -21.536464374034633 2.442898055293274 8.380418408198025
-97.94862774337302 -27.861835381515014 42.11674224975059 -1.674395114814741 -9.395088377361565 10.381160792002468 5.043549801208074 -3.3403579616603314 -7.554101877015133 -22.071667314399868 -10.47939240774226 -23.702938028566955 -10.857810809115035 -34.45940753099714 84.35536434361761 128.9921512312946
-98.09446553185829 -20.430452704962 -18.81890900163753 -23.692872468766975 -14.97637135555292 54.73901614027561 2.499897837156931 -3.2977535907183353 -10.986942912111505 -25.21766877306006 -5.827690585732034 -13.3297384251322 -23.083976274175363 -15.815324781791995 227.05676221649657 333.84380718346296
-98.0268960695578 -20.480616812260784 -20.220055978097918 -25.173683760931393 -8.479303657166037 62.50663625257831 3.9114746549196435 -2.995018849135739 -14.308100290244651 -19.643768047855808 -5.124122558352595 -11.618223570186718 -18.95217435133184 -13.482288014553381 191.06292853664016 281.11763109642834
-100.7907454601503 -31.97385102254851 -56.53106216807778 -75.39949661690538 229.03198638759153 36.299340366529954 20.285247532146 24.935176002029127 339.46696471689796 -14.47483245957427 -8.1939785171964 -21.109483983679425 16.544383202054146 -7.612437244442964 -4.142318278019403 2.2844738019609467
-101.10200768001303 -33.15344866392796 -59.72705086981067 -80.15026561545993 254.86132758610884 20.087323610157018 20.384012021753158 27.57189232714572 379.4444722927647 -17.205866533875948 -9.076682034602944 -23.369411651992923 18.40373486790201 -8.270908093408748 -6.964573939790227 -1.1123042695129257
-100.11676905450946 -29.627133330509494 -51.137681422960675 -67.67105041687316 206.31347698113825 11.814207304036175 15.560141778773582 22.93285034805454 324.7807260284669 -19.051403033947555 -8.261990225855122 -21.665013956934914 15.4327505206215 -6.443025956914245 -5.655431437784426 -2.268919335700608
-100.41743371746182 -30.697966459453923 -53.749504891701385 -71.46153695578863 221.34960927208982 11.703170930109755 16.556314084455757 23.269809401868045 323.7470272177114 -16.510433138442476 -7.870686619450336 -20.477189634891413 15.382823763922296 -6.581965978458058 -6.504872757812586 -2.799730439993556
-99.77607179128458 -28.63626696095071 -48.80351418031803 -64.34932903818492 192.76231986504212 4.6990958230996345 12.684078315673371 14.974867039261373 195.80704635648635 -5.311896994009405 -3.999804219838087 -10.139265773641046 8.643857395855921 -3.9752981305291755 -3.9153580348264896 -1.0723123182135241
-99.96524671391214 -29.059258458146054 -49.70960872624773 -65.65089024211423 207.34333218381272 -66.64892868417915 1.2972394089832169 -7.918895857030038 -176.49829268941696 33.78867509750003 8.982362560569754 24.690430775196802 -12.163564899245829 3.9087473433987787 -0.396964379554132 -2.659474689186856
-100.06104188283777 -29.20766674873089 -49.832718813708205 -65.72312892531878 205.90758543850558 -68.02435176337728 0.8006977757434595 -8.47155818429154 -180.9172111868999 32.41623936624455 7.740008489109456 21.021996616509195 -9.687359173934569 3.101093250867553 -1.2386958904805003 -3.3926402354573204
-100.06104188283777 -29.20766674873089 -49.832718813708205 -65.72312892531878 205.90758543850558 -68.02435176337728 0.8006977757434595 -8.47155818429154 -180.9172111868999 32.41623936624455 7.740008489109456 21.021996616509195 -9.687359173934569 3.101093250867553 -1.2386958904805003 -3.3926402354573204
-100.06104188283777 -29.20766674873089 -49.832718813708205 -65.72312892531878 205.90758543850558 -68.02435176337728 0.8006977757434595 -8.47155818429154 -180.9172111868999 32.41623936624455 7.740008489109456 21.021996616509195 -9.687359173934569 3.101093250867553 -1.2386958904805003 -3.3926402354573204
-99.83756448174121 -28.517000795783378 -48.193715794736 -63.370850753945554 195.98664930848133 -64.75836592421639 0.5983088339241487 -8.031262079747322 -167.66315115058293 28.951753469844913 5.861819714774132 15.68285938572253 -6.269972937104885 1.8692882824205002 -2.211796338891131 -3.341105172739131
-99.83756448174121 -28.517000795783378 -48.193715794736 -63.370850753945554 195.98664930848133 -64.75836592421639 0.5983088339241487 -8.031262079747322 -167.66315115058293 28.951753469844913 5.861819714774132 15.68285938572253 -6.269972937104885 1.8692882824205002 -2.211796338891131 -3.341105172739131
-97.06657551703469 -19.089236751710782 -25.371356959824645 -30.380756073772375 58.98775957853736 -27.587328025754708 -3.031040663305985 -5.185001456405937 -69.26928509630264 -0.3088429073650397 -1.9375534841688047 -6.190173666082406 2.8506214581519806 -0.5841410754668481 2.3606306225204827 1.7284358935320632
-96.70521148856037 -17.563135730674833 -21.202981221318232 -24.155483516237016 28.86247159614558 -20.35830511906873 -4.448987886873365 -5.463709730029991 -49.776265182956024 -9.396214797692664 -6.896020841487413 -19.83042622012218 10.562963421432572 -2.943450129079807 0.917119290425857 2.1562751591933935
-96.71938255000026 -17.315091446846747 -18.81974581217983 -21.064081120442665 6.973664959276919 -16.303815906429517 -6.35887150726418 -6.709974382662068 -30.60960717212043 -24.25123541017818 -19.83203159868201 -56.34147712413298 36.41444080523873 -12.885106130355117 -7.686894663379626 -1.867385003703895
-98.03426287788585 -19.87474883450037 -20.983822017403707 -23.63670969875716 -8.428466151047603 -20.335199028430207 -10.696207438478957 -11.414781388758799 -34.18343293090446 -48.78601225448475 -43.30807126096022 -123.18230106279036 82.55147464283185 -30.091734885472874 -21.472696887402325 -6.2702956156907845
-98.07787758315118 -19.737659488202368 -20.14655428884685 -22.22582871357313 -18.36352127102169 -19.543571946680974 -11.610273237832564 -11.803859082019702 -30.782157410047866 -56.06237118762783 -48.04026378206999 -137.70005454901283 92.28226801425508 -33.65447555951041 -24.246786953328453 -7.140107361758673
-97.28159533446785 -17.46943184661282 -17.263761624056272 -18.140124618017886 -26.24795743369722 -13.860839654555436 -11.237202604971378 -14.51922705564552 -8.799972842029707 -23.129187166151695 -33.1486970416736 -83.37361524037972 54.52008361735424 -20.06550058348352 -12.792590855597439 -3.877893454556608
-96.3935520918005 -14.651764718023776 -15.605578086433223 -15.26576725750512 -25.62759926199104 -11.894429809698927 -11.002333472600558 -18.141818197102204 5.1489724744183825 24.63050257061861 -9.608239018955848 -5.421021971463933 1.5952045980369163 0.331671088233499 1.3085318983801404 -0.7717766759489909
-96.34723882687219 -14.805372181182765 -15.452886439700192 -15.100695522501807 -24.93603842876057 -11.395185195215962 -10.503999716456985 -16.792913921037584 4.508525991041016 20.78724440573447 -9.882703776012828 -6.894419328889449 2.140247183736143 0.232367690448355 2.194314336692466 -0.4586182722725377
-96.67049530430187 -15.561201320950811 -16.497145087145892 -16.222862138910504 -27.542569665827457 -12.934671927777906 -12.077880880971763 -20.756885650921042 5.39631720752346 26.96908634402418 -12.75788173144547 -9.096581866530565 2.7377504257559617 0.30990688313126036 2.1529218513399035 -0.9610057521385992
-96.60846663420226 -7.480674061696562 -14.48231553277229 -14.210951965873504 -23.942182589857733 -10.729280288370322 -9.821472348002153 -15.325994449411361 5.170180132942656 19.039395294022455 5.032543522311927 2.650721260075024 -1.1344535281199344 0.6897491072914637 2.869572288279358 1.0473690324877474
-96.64699503527194 -3.846630770948126 -13.818305106198704 -13.610467258310505 -22.858092302127442 -10.100082603182878 -9.155970068057751 -13.400203655211032 4.5069500567099805 13.51350094579995 10.3127254735963 1.9707756552147124 -1.1267548708950212 0.8898753104118727 11.678587739880065 -6.043159059650727
-99.01049694491488 15.611482185308398 -17.150869292810253 -18.252190230069914 -39.28171242252723 -21.39395161294756 -21.44390929809433 -41.6869731359807 15.801568762197894 92.54954622873878 22.01833756192241 8.175823980175194 12.226759281968551 -9.73076925705215 -14.091499349529759 9.98129018343325
-99.01049694491488 15.611482185308398 -17.150869292810253 -18.252190230069914 -39.28171242252723 -21.39395161294756 -21.44390929809433 -41.6869731359807 15.801568762197894 92.54954622873878 22.01833756192241 8.175823980175194 12.226759281968551 -9.73076925705215 -14.091499349529759 9.98129018343325
-97.52333487936365 14.300258969396415 -12.388211745864881 -12.615389964067205 -23.382053068915585 -10.916729439575262 -10.102873081813398 -16.377334899331217 5.465196214549449 20.339275549786894 1.0531124010409407 7.111369687080681 2.418779882364689 -0.24484262317360408 0.6566733134443136 2.2065990531877513
-97.52333487936365 14.300258969396415 -12.388211745864881 -12.615389964067205 -23.382053068915585 -10.916729439575262 -10.102873081813398 -16.377334899331217 5.465196214549449 20.339275549786894 1.0531124010409407 7.111369687080681 2.418779882364689 -0.24484262317360408 0.6566733134443136 2.2065990531877513
-97.52333487936365 14.300258969396415 -12.388211745864881 -12.615389964067205 -23.382053068915585 -10.916729439575262 -10.102873081813398 -16.377334899331217 5.465196214549449 20.339275549786894 1.0531124010409407 7.111369687080681 2.418779882364689 -0.24484262317360408 0.6566733134443136 2.2065990531877513
-97.52333487936365 14.300258969396415 -12.388211745864881 -12.615389964067205 -23.382053068915585 -10.916729439575262 -10.102873081813398 -16.377334899331217 5.465196214549449 20.339275549786894 1.0531124010409407 7.111369687080681 2.418779882364689 -0.24484262317360408 0.6566733134443136 2.2065990531877513
-96.88718397926638 6.484461844885302 -12.167036300954567 -12.01988521568501 -20.22753044252764 -8.565994481783836 -7.562940529746885 -8.660492177812214 2.8102623763902543 -0.5306798189378744 22.211061288780417 0.5929629889567017 -1.5799668802894935 1.8134045216315662 17.8451031944728 -11.551799118838874
-96.88718397926638 6.484461844885302 -12.167036300954567 -12.01988521568501 -20.22753044252764 -8.565994481783836 -7.562940529746885 -8.660492177812214 2.8102623763902543 -0.5306798189378744 22.211061288780417 0.5929629889567017 -1.5799668802894935 1.8134045216315662 17.8451031944728 -11.551799118838874
-96.88718397926638 6.484461844885302 -12.167036300954567 -12.01988521568501 -20.22753044252764 -8.565994481783836 -7.562940529746885 -8.660492177812214 2.8102623763902543 -0.5306798189378744 22.211061288780417 0.5929629889567017 -1.5799668802894935 1.8134045216315662 17.8451031944728 -11.551799118838874
-96.79219611429642 -5.330906716164323 -14.538623908146176 -14.438526633493101 -24.955847764779357 -11.429385146134146 -10.589656496139442 -16.56003694273935 5.769008998614369 21.634975895165358 19.426909976278004 2.8698056462616854 3.082565857195563 -1.9683246605995044 -6.672001330010905 7.803935514370247
-96.79219611429642 -5.330906716164323 -14.538623908146176 -14.438526633493101 -24.955847764779357 -11.429385146134146 -10.589656496139442 -16.56003694273935 5.769008998614369 21.634975895165358 19.426909976278004 2.8698056462616854 3.082565857195563 -1.9683246605995044 -6.672001330010905 7.803935514370247
-96.79219611429642 -5.330906716164323 -14.538623908146176 -14.438526633493101 -24.955847764779357 -11.429385146134146 -10.589656496139442 -16.56003694273935 5.769008998614369 21.634975895165358 19.426909976278004 2.8698056462616854 3.082565857195563 -1.9683246605995044 -6.672001330010905 7.803935514370247
-99.01049694491488 15.611482185308398 -17.150869292810253 -18.252190230069914 -39.28171242252723 -21.39395161294756 -21.44390929809433 -41.6869731359807 15.801568762197894 92.54954622873878 22.01833756192241 8.175823980175194 12.226759281968551 -9.73076925705215 -14.091499349529759 9.98129018343325
-99.01049694491488 15.611482185308398 -17.150869292810253 -18.252190230069914 -39.28171242252723 -21.39395161294756 -21.44390929809433 -41.6869731359807 15.801568762197894 92.54954622873878 22.01833756192241 8.175823980175194 12.226759281968551 -9.73076925705215 -14.091499349529759 9.98129018343325
-99.01049694491488 15.611482185308398 -17.150869292810253 -18.252190230069914 -39.28171242252723 -21.39395161294756 -21.44390929809433 -41.6869731359807 15.801568762197894 92.54954622873878 22.01833756192241 8.175823980175194 12.226759281968551 -9.73076925705215 -14.091499349529759 9.98129018343325
-95.89596742461002 -2.096899202309707 -11.31267354041058 -10.881957056952093 -15.94975615023706 -5.940325526092379 -4.819559175306035 -3.388532808994499 0.876677214016381 -9.143187942653917 13.098442515798244 -0.6213568422562719 -1.656361241380713 1.5440428168679041 -0.8401656964361375 4.42548534263204
-95.78289630460506 -12.51486242685217 -12.86683862251142 -12.13908044112948 -17.266904825799166 -6.257822046569223 -4.954830353356786 -2.930925551139435 0.582777127927946 -12.726128428915292 1.3631821423344888 1.1614861505044285 -4.930741525541174 4.275855666476802 7.905127038856349 -1.6271372192577231
-95.78289630460506 -12.51486242685217 -12.86683862251142 -12.13908044112948 -17.266904825799166 -6.257822046569223 -4.954830353356786 -2.930925551139435 0.582777127927946 -12.726128428915292 1.3631821423344888 1.1614861505044285 -4.930741525541174 4.275855666476802 7.905127038856349 -1.6271372192577231
-95.17307818047202 -12.708900511350908 -11.840995120803951 -11.080845584002402 -15.35021846022096 -5.48329902190433 -4.32314437741875 -2.681151904750161 0.49841843459859697 -10.697689014940368 2.411537375307556 0.1385617992330533 -5.169614041367273 4.229031631433278 5.980962077616617 -2.3102925072307587
-95.78060796263536 -12.893607420640086 -13.156710597716435 -12.419247576700013 -18.27634284257536 -6.897791153287413 -5.626753210605872 -4.1084168340587714 1.0159928544986212 -11.86894040815811 2.785041546684385 0.6030077237722815 -11.037449374549697 8.766516905730125 4.47932334019458 -2.604946041090472
-95.52107493389076 -13.79370106773895 -12.420824030932074 -11.817016293303988 -16.861851043478342 -6.113453333791628 -4.8209323237382415 -2.8911702904496006 0.45643525209992475 -15.015446566397506 -1.8019499296933903 2.9570997579074536 -9.864393856011269 8.459246661808278 0.8910075764055218 0.034710402517767545
-95.80379497761952 -14.19215841341725 -13.272188346282915 -12.481492803276836 -18.2344681886761 -6.742336554619376 -5.348695734041375 -3.5652948783537046 0.6576372516072396 -15.70776305835081 -1.5897562587830494 1.3847500140629392 -14.894172796409771 11.724216256093953 -0.3695729628473781 -0.21781312335458167
-95.80379497761952 -14.19215841341725 -13.272188346282915 -12.481492803276836 -18.2344681886761 -6.742336554619376 -5.348695734041375 -3.5652948783537046 0.6576372516072396 -15.70776305835081 -1.5897562587830494 1.3847500140629392 -14.894172796409771 11.724216256093953 -0.3695729628473781 -0.21781312335458167
-95.66840592377568 -14.135198178053807 -12.643320853345593 -12.242255245899651 -18.004313839419954 -6.749395662533492 -5.171557035310636 -3.8711588920001594 0.7465630790228098 -15.86495740223008 -4.174156812059109 10.348940005719188 -4.697016834051413 6.963096891541077 0.16069979650391297 0.06297455681365281
-95.66840592377568 -14.135198178053807 -12.643320853345593 -12.242255245899651 -18.004313839419954 -6.749395662533492 -5.171557035310636 -3.8711588920001594 0.7465630790228098 -15.86495740223008 -4.174156812059109 10.348940005719188 -4.697016834051413 6.963096891541077 0.16069979650391297 0.06297455681365281
-96.39321301607157 -15.82983336949968 -14.500461754116088 -14.622187476394911 -23.62421624740275 -9.64077592085766 -6.2922272077694394 -4.112718090954386 0.503559795302795 -45.39849644695985 -22.749833678574397 91.05622631109048 57.09927670969754 -9.48672487969927 -7.321072292080519 -0.7161133230058616
-96.46162084598102 -15.920339451873051 -14.55750186148254 -14.616053513190936 -23.644829095604585 -9.600020732705874 -6.1219820254423105 -4.006069821429379 0.46106732760928876 -44.957360060695784 -21.859648739863882 87.58510120326608 54.582144780086665 -9.050808361861542 -6.290873812168686 -0.5036572993727507
-96.04456156642706 -16.12802713170512 -9.755132275331198 -12.63624141563184 -20.65485776135073 -8.11694322991155 -4.830858405845174 -3.832921175477029 0.32011436093778517 -34.50596616197482 -14.508797470457202 54.75825223812014 30.018761983202392 -4.659118066558765 -2.136287484530665 0.40976995946174805
-96.09364303270114 -15.136390557248095 -13.08985698543054 -13.079765006749351 -20.878495703800812 -8.281646309415475 -5.1633334295960935 -3.9236315290778654 0.45217376711757573 -34.87875951945297 -15.340509308427874 61.81234742366214 36.97078386952125 -5.0696395250556465 -3.31054728732723 -0.5442348005454899
-96.92050659039198 -16.464608503578102 -16.459369861371776 -15.958542779340618 -25.42183713499706 -10.38148143070297 -8.709248320827541 4.602395346065462 0.7569560019223636 -19.813980394538614 -4.365669711110195 -0.026365259978134683 -23.1452621738205 18.59424325575828 6.8706920287541475 -0.8603331602381714
-96.92050659039198 -16.464608503578102 -16.459369861371776 -15.958542779340618 -25.42183713499706 -10.38148143070297 -8.709248320827541 4.602395346065462 0.7569560019223636 -19.813980394538614 -4.365669711110195 -0.026365259978134683 -23.1452621738205 18.59424325575828 6.8706920287541475 -0.8603331602381714
-96.05648536018437 -14.802781194823128 -14.420589415918492 -13.865134214681145 -21.84957090660193 -9.340849666295103 -8.479903395116144 44.4940265864784 -0.9233715953780218 -1.462659859795281 -2.63059652384085 -0.3742419007015722 -5.975768205590316 4.495947597099318 5.218969562652727 -0.025374212498533416
-95.60615028229208 -13.922738548575845 -12.950842091998993 -12.243038816205868 -17.63915441382822 -6.694529312498999 -5.589551956521223 13.546097659205167 -0.15251715683947037 -8.69793757868671 -1.2840937492564877 -0.6584687044961782 -5.550239835408092 4.052717394981804 5.7487184694934275 0.23801452772781279
-97.35717968785723 -18.06979974527996 -20.072438744527055 -20.273631415311282 -40.68378923819778 -22.502180053799517 -23.686126419575213 236.66500155772684 -5.943651407880994 54.345819156986515 -8.486615662195458 1.2341644569310681 4.4970524471146875 -3.0817574562062005 -3.942035514311086 -0.06836184280744892
-98.32681688646784 -20.197363465802443 -23.59683752167774 -24.20112078966146 -51.48658701597206 -29.688288556085332 -31.80282008628358 333.1814709473111 -8.430000802861091 80.48054672076472 -11.581491455971864 2.008589286749179 7.882854979616441 -5.44941232273986 -7.407372717763047 -0.25542002072306547
-99.09599949677812 -21.79126420257742 -26.224115710429036 -27.115067953826394 -59.32477339581296 -34.813053885055915 -37.54280686119932 399.48581143842586 -10.10803341014924 98.09643185938484 -13.19183711665414 2.5831253020535154 10.125844040072277 -6.944801333378213 -9.209313818033714 -0.7484878680779654
-98.74218281232639 -20.9924631690701 -24.979622296274876 -25.7352889854055 -55.59900846949843 -32.36561851863048 -34.79073412422074 367.210065447032 -9.273528243438255 89.47716375110764 -11.976074029701799 2.557268904221293 9.30403503582273 -6.3093455246009 -8.395364876557972 -0.5549169911487607
-98.54267087323241 -20.598069064572893 -24.375427120390018 -25.07430057095914 -53.930040409437886 -31.332250616852935 -33.66861746642814 355.14133226002457 -8.96537278193714 86.75569814649614 -11.277713611158175 2.162469642618486 9.06380257304013 -6.280660215368065 -8.38936493209371 -0.27333446982856513
-98.12634386356493 -19.547764959313376 -22.89324034815291 -23.434556417485222 -49.51236618755366 -28.428484630306542 -30.404728149521784 317.03178440532844 -7.997019673714755 76.47967151445258 -10.272705451502912 1.8710878846833519 7.683903468579996 -5.32830785981566 -6.907766224084259 -0.3239640408901643
-98.12634386356493 -19.547764959313376 -22.89324034815291 -23.434556417485222 -49.51236618755366 -28.428484630306542 -30.404728149521784 317.03178440532844 -7.997019673714755 76.47967151445258 -10.272705451502912 1.8710878846833519 7.683903468579996 -5.32830785981566 -6.907766224084259 -0.3239640408901643
-98.12634386356493 -19.547764959313376 -22.89324034815291 -23.434556417485222 -49.51236618755366 -28.428484630306542 -30.404728149521784 317.03178440532844 -7.997019673714755 76.47967151445258 -10.272705451502912 1.8710878846833519 7.683903468579996 -5.32830785981566 -6.907766224084259 -0.3239640408901643
-97.85568981406072 -14.608030144719883 -20.646247114145154 -21.04293762826314 -43.10443017010409 -23.988655803602544 -25.23568114476298 238.34853414073737 -5.196995118293432 57.971208658056405 9.661721206921918 1.0679819461522133 8.312617764306836 -5.462247896600815 -5.683487405127763 0.15443057950900815
-97.09228057061574 -12.24598779899639 -17.647761020069712 -17.714711089840243 -33.936677120900704 -17.843671680117815 -18.263185727562277 153.53316537255753 -2.949527313024058 34.91319687756579 14.320030132433693 0.34950900672041046 5.4959975453637275 -3.4726329039713626 -1.3559268733257126 -0.6718128553697307
-96.46051313219299 -8.059510092407349 -14.379161468816825 -14.117627181699293 -23.868076693252824 -10.872254160947488 -10.196714106684583 40.334922432022296 0.6746960316542526 6.306514590878289 32.48494406771975 -0.7340362312009855 3.777950143222931 -2.001551924639816 8.219527233944653 -5.385701744269687
-103.32670060992689 269.5535450301469 24.762579748097615 18.523199773102625 17.587628545592402 6.713882843074769 5.979107911113378 9.12707043507331 -3.104040766330078 -4.670341951555116 -95.91193455384952 1.5522235374909217 -20.807045543950363 12.563480569841515 67.330330834126 -46.33155004655418
-95.91415324076935 -10.601790204881107 -13.17268912980294 -12.623869431734178 -19.130635442587252 -7.610599015665035 -6.481917420563929 -4.889629557030781 1.869782905536161 -4.658136727249165 21.708497887815792 -0.9052532085379571 -0.8876474774759305 1.0649110105094854 19.030453516041646 -12.223072243416478
-95.91415324076935 -10.601790204881107 -13.17268912980294 -12.623869431734178 -19.130635442587252 -7.610599015665035 -6.481917420563929 -4.889629557030781 1.869782905536161 -4.658136727249165 21.708497887815792 -0.9052532085379571 -0.8876474774759305 1.0649110105094854 19.030453516041646 -12.223072243416478
-95.81351679257172 -3.4660169666601353 -11.673329578103077 -11.266272136328384 -17.04713620553934 -6.678534561128365 -5.616443401911157 -4.706271687502686 1.5310257816914818 -5.312928759710877 12.731125819410543 -0.3274324258522843 -3.36145922308937 2.8056595504597577 20.60227580367851 -13.974938921226347
-96.0999786975913 -1.0566409090227962 -11.7606592154075 -11.433728772168099 -17.603761591074516 -6.9802658924203955 -5.905081024845413 -5.936649206458861 1.7315521965481375 -4.474109039208604 12.901064694028909 -0.5680113905696953 -2.672457159499281 2.2699339912782435 13.49547045337668 -7.672396824156234
-95.86398334228322 -11.81026489374604 -13.410846156950813 -12.858732977514121 -19.538099102082384 -7.745260882006363 -6.538814174317264 -5.395370880824332 1.6709070121016776 -9.775113724764438 33.54343565061076 -1.7178747302040764 -0.4750398968585312 1.3858088142225717 40.075934628825145 -30.00599036522577
-96.45375308543277 5.193989899254082 -11.22422079194079 -11.066305411410234 -17.29819427074153 -6.774588970738194 -5.645677305231661 -4.360770910671 1.2461438358605605 -10.322354809770298 25.454309313346446 -1.449555187002792 -1.170033044096885 1.5630688204251957 24.146192210701376 -16.23229051408224
-97.91450537696825 52.144948862619465 -5.495193768785925 -6.542629965845777 -12.921347671636422 -5.394159482111312 -4.591372511219589 -3.55901528009496 1.0884344842401696 -9.694260531051839 34.05476228285648 -1.4357582468772327 1.5305389653212211 -0.2544294942362216 14.68253089368854 -9.572661530392876
-97.6781790767565 -9.292216246577958 -17.392290078638275 -17.295422727825855 -29.91033679213967 -12.953067338576489 -11.358437285012464 -4.5032937104706265 2.6643048283417667 -30.3988003258305 148.69147651716543 -6.871276171497543 11.40944057938854 -3.634005467582381 155.032754451985 -127.06140012666889
-97.6781790767565 -9.292216246577958 -17.392290078638275 -17.295422727825855 -29.91033679213967 -12.953067338576489 -11.358437285012464 -4.5032937104706265 2.6643048283417667 -30.3988003258305 148.69147651716543 -6.871276171497543 11.40944057938854 -3.634005467582381 155.032754451985 -127.06140012666889
-98.03279549602004 -4.915374410829634 -17.47749544957893 -17.564593395215656 -31.193377966495433 -13.736781468490497 -12.139568000711293 -5.553742792638073 3.035637516156562 -32.61362453886297 175.50493883180846 -7.894943483074238 15.809943829403633 -6.045062898450359 161.72962330898707 -134.21342867547034
-98.03279549602004 -4.915374410829634 -17.47749544957893 -17.564593395215656 -31.193377966495433 -13.736781468490497 -12.139568000711293 -5.553742792638073 3.035637516156562 -32.61362453886297 175.50493883180846 -7.894943483074238 15.809943829403633 -6.045062898450359 161.72962330898707 -134.21342867547034
-97.56187159315994 -5.575761807023484 -16.3596214231683 -16.30943292346777 -28.205722184420452 -12.225605912769987 -10.744197396270668 -5.6521360321676575 2.7899984544974163 -25.207774692085835 134.95869697145392 -5.888991251783993 11.174299336188927 -4.001186359143768 124.12888173994172 -101.9805814742999
-97.56187159315994 -5.575761807023484 -16.3596214231683 -16.30943292346777 -28.205722184420452 -12.225605912769987 -10.744197396270668 -5.6521360321676575 2.7899984544974163 -25.207774692085835 134.95869697145392 -5.888991251783993 11.174299336188927 -4.001186359143768 124.12888173994172 -101.9805814742999
-97.56187159315994 -5.575761807023484 -16.3596214231683 -16.30943292346777 -28.205722184420452 -12.225605912769987 -10.744197396270668 -5.6521360321676575 2.7899984544974163 -25.207774692085835 134.95869697145392 -5.888991251783993 11.174299336188927 -4.001186359143768 124.12888173994172 -101.9805814742999
-97.56187159315994 -5.575761807023484 -16.3596214231683 -16.30943292346777 -28.205722184420452 -12.225605912769987 -10.744197396270668 -5.6521360321676575 2.7899984544974163 -25.207774692085835 134.95869697145392 -5.888991251783993 11.174299336188927 -4.001186359143768 124.12888173994172 -101.9805814742999
-98.03279549602004 -4.915374410829634 -17.47749544957893 -17.564593395215656 -31.193377966495433 -13.736781468490497 -12.139568000711293 -5.553742792638073 3.035637516156562 -32.61362453886297 175.50493883180846 -7.894943483074238 15.809943829403633 -6.045062898450359 161.72962330898707 -134.21342867547034
-97.91450537696825 52.144948862619465 -5.495193768785925 -6.542629965845777 -12.921347671636422 -5.394159482111312 -4.591372511219589 -3.55901528009496 1.0884344842401696 -9.694260531051839 34.05476228285648 -1.4357582468772327 1.5305389653212211 -0.2544294942362216 14.68253089368854 -9.572661530392876
-99.23980915280136 100.69780286383303 1.0896200728052923 -1.1170318756448063 -6.473607956128245 -2.9128821592363345 -2.47531067101022 -1.5884835622396642 0.4527987091652888 -3.9458926527648277 -14.83190795772621 0.27435169284558436 -6.756419608786572 4.571723026167494 24.464846883492463 -15.082724147803317
-96.02229264996788 -6.088804622820627 -12.126501212779356 -11.580644271048419 -16.629461037101695 -6.002818981559951 -4.7438179684487585 -2.570605758025009 0.4508215954075898 -12.68476953735932 -0.24388160863016833 -0.7186044066306988 -6.179232429709663 4.611482136080742 12.678706222718544 -4.68399457488652
-95.95305746087942 -11.78686724842743 -13.074385072094016 -12.403778020010863 -17.766182258030913 -6.486135849214888 -5.162808201214002 -2.238453340273415 0.4560885942978045 -13.522005186828903 3.062357936880442 -1.3654444536876484 -5.268918039749724 4.220562755206527 11.936320198105875 -4.0283877851834
-96.58142292970432 -12.33925884801036 -14.65518310239192 -13.733831630453908 -21.39770418039641 -8.250318919292758 -6.775045480426021 -3.956663397634506 0.8832698833759379 -19.50067601419979 4.885063951842117 2.1261886472004266 -13.745153117221488 11.4806128569133 4.3581897453622975 -0.7301402296181024
-96.95321619278522 -16.30070849519105 -16.529927381489063 -15.825407591745178 -25.655938277090605 -10.513958173562061 -8.869153129235757 -7.030617501669075 1.9666856795524266 -16.823665023375145 -4.65270202621254 2.2050546919296976 -25.013538047249856 19.866739705552284 4.0486113583068 -1.464806164525167
-97.00795067332531 -16.34302094702668 -16.466080220202407 -15.726260796467828 -25.17441593053049 -10.043184339768889 -8.206273465478336 -4.769525467144583 1.157693579206036 -24.122429826515024 -3.582889221102596 1.7479344090050102 -27.540253298511075 21.703524322099906 4.4697532746253605 -1.2747891633945745
-96.74246722278136 -16.043589705087317 -15.595445017966034 -14.961831291154288 -23.68091456610644 -9.307923577793844 -7.33318151175674 -4.236855553473335 0.8961278736046127 -24.561987198166303 -3.4556519321380623 2.2366887605635686 -26.011405598219056 20.391023562013565 3.131840978273299 -0.6964458680064711
-97.06008859159884 -16.73896105273504 -16.816701113878004 -16.313656598210727 -26.105917383818227 -10.398159438294558 -8.376569411825173 -4.616243136788574 0.9510195629784981 -31.409267925555465 -4.229188476094055 1.4292033028369753 -40.22604954832991 32.032680043385604 -0.9016841827075475 -0.7036913720909475
-97.00385362225316 -16.738207161159448 -16.458970355072132 -16.111802735582533 -25.958846321994525 -10.355636703585477 -8.095602192470523 -5.386986775362084 0.8935572884798355 -34.716673142295484 -4.865735279163194 2.6614851372488757 -47.84373121233959 38.369634022107796 -8.961949983665248 -0.5890500011489399
-97.00385362225316 -16.738207161159448 -16.458970355072132 -16.111802735582533 -25.958846321994525 -10.355636703585477 -8.095602192470523 -5.386986775362084 0.8935572884798355 -34.716673142295484 -4.865735279163194 2.6614851372488757 -47.84373121233959 38.369634022107796 -8.961949983665248 -0.5890500011489399
-97.00385362225316 -16.738207161159448 -16.458970355072132 -16.111802735582533 -25.958846321994525 -10.355636703585477 -8.095602192470523 -5.386986775362084 0.8935572884798355 -34.716673142295484 -4.865735279163194 2.6614851372488757 -47.84373121233959 38.369634022107796 -8.961949983665248 -0.5890500011489399
-97.00385362225316 -16.738207161159448 -16.458970355072132 -16.111802735582533 -25.958846321994525 -10.355636703585477 -8.095602192470523 -5.386986775362084 0.8935572884798355 -34.716673142295484 -4.865735279163194 2.6614851372488757 -47.84373121233959 38.369634022107796 -8.961949983665248 -0.5890500011489399
-97.303948208257 -17.35760702994423 -17.44281286183801 -17.106869800587724 -28.031388104696305 -11.327537987935242 -9.12061720161672 -6.1437793687810105 1.0354120081145601 -39.65601604957446 -5.845806113201098 2.444083904168727 -60.21946576564193 48.270663570363865 -15.20872425382895 -1.021775169919222
-97.303948208257 -17.35760702994423 -17.44281286183801 -17.106869800587724 -28.031388104696305 -11.327537987935242 -9.12061720161672 -6.1437793687810105 1.0354120081145601 -39.65601604957446 -5.845806113201098 2.444083904168727 -60.21946576564193 48.270663570363865 -15.20872425382895 -1.021775169919222
-97.303948208257 -17.35760702994423 -17.44281286183801 -17.106869800587724 -28.031388104696305 -11.327537987935242 -9.12061720161672 -6.1437793687810105 1.0354120081145601 -39.65601604957446 -5.845806113201098 2.444083904168727 -60.21946576564193 48.270663570363865 -15.20872425382895 -1.021775169919222
-97.00385362225316 -16.738207161159448 -16.458970355072132 -16.111802735582533 -25.958846321994525 -10.355636703585477 -8.095602192470523 -5.386986775362084 0.8935572884798355 -34.716673142295484 -4.865735279163194 2.6614851372488757 -47.84373121233959 38.369634022107796 -8.961949983665248 -0.5890500011489399
-97.00385362225316 -16.738207161159448 -16.458970355072132 -16.111802735582533 -25.958846321994525 -10.355636703585477 -8.095602192470523 -5.386986775362084 0.8935572884798355 -34.716673142295484 -4.865735279163194 2.6614851372488757 -47.84373121233959 38.369634022107796 -8.961949983665248 -0.5890500011489399
-96.74246722278136 -16.043589705087317 -15.595445017966034 -14.961831291154288 -23.68091456610644 -9.307923577793844 -7.33318151175674 -4.236855553473335 0.8961278736046127 -24.561987198166303 -3.4556519321380623 2.2366887605635686 -26.011405598219056 20.391023562013565 3.131840978273299 -0.6964458680064711
-96.9887326388458 -16.471577374314304 -16.25832054730448 -15.667250267865134 -25.02894610192786 -9.922526361434787 -7.947508403198224 -4.191800558365318 0.9662875286126646 -26.329429854317695 -3.664919301794227 1.8454231047277598 -29.160706828768106 22.874831638591548 3.799282435589117 -1.002711846089587
-97.12463466496645 -16.57474790371287 -17.113768312614273 -16.467637250579553 -27.54849488132891 -11.775797185015731 -10.248689214340073 -10.646897747822917 3.3377511505475193 -6.556033274047671 -6.357510315829814 3.206143581437197 -22.744907492577095 18.06788800979186 3.726475276135467 -1.9120500768871698
-96.4364670789539 -14.641862076415215 -14.940102522974552 -13.857191870881934 -21.933356994027424 -8.688462663499406 -7.32614942947301 -6.115097003548835 1.4385578879217293 -14.962843277752341 -0.2952852116041789 3.5597587101523676 -13.996501274009157 11.927606323097942 5.1169987193519 -3.0273960161420277
-96.20608604414844 -6.4570525575568265 -12.609553336197008 -12.092158647469669 -17.73829116413141 -6.578383263489338 -5.295959021981101 -1.3588478989350603 0.5363146545184672 -12.855416673342814 4.244004803428996 -1.038467562198537 -5.317610535510114 4.187454624542728 15.497575949552969 -6.827465113904953
-95.73211635038764 -5.575352879025195 -11.394668273492135 -10.815116046187107 -15.003302138615151 -5.203558907369103 -4.003615808151097 -1.438423923257123 0.11598895588585482 -12.451929731058778 -2.628827661048335 -1.0859933295151452 -5.284551184598185 3.7358065175848654 9.521909039254941 -2.1326889208777318
-95.44605892391476 -11.152729233414718 -12.030954987549617 -11.338561960138142 -15.789925564435322 -5.625519758543764 -4.428226217136498 -1.8231721956826519 0.4160818525358915 -11.650205919765334 5.168210920632419 -0.6614517629764972 -4.13053048277734 3.168021520710467 11.452050413826456 -4.800469581753927
-96.0008976716815 -6.8255127054554245 -12.282855884364292 -11.73274871890848 -16.981215395544204 -6.2242890496536525 -4.989742519816892 -0.41052313593367673 0.4448542199855093 -12.062974949082287 2.542691772401956 -0.7395260317837268 -5.441469571347372 4.069432309750898 14.062342112264835 -5.787371470693015
-95.9445460178202 -9.080983660145169 -12.655093426683424 -12.065391495238696 -17.568739895852957 -6.546196623871545 -5.318245155090084 -1.407281150699388 0.7390972347295528 -10.995312006803347 9.39940063010768 -0.6070181726809034 -3.76298584934959 3.00573683026505 7.577881500875045 -1.2081668955383276
-99.10749625172264 92.45257901152112 -0.3131392473919164 -2.3603324266073105 -8.330182523891528 -3.72439192627292 -3.1915980759289546 -2.0604436163306232 0.6210548273079699 -8.016041824985313 17.74126789205992 -1.0125111208354993 -0.545666875406261 0.8966362470805689 10.624231741924618 -5.619745821754832
-101.53319873949307 164.06313768308203 7.574739476429 3.5367886842616487 -4.762622308787389 -3.7405825192019617 -3.8887090499542616 -6.025550480056492 2.430757728199286 4.062022793064496 69.5906598306399 -0.9144281761997943 14.44638674869276 -8.725798534120578 -63.302797497567106 47.374765431501984
-101.53319873949307 164.06313768308203 7.574739476429 3.5367886842616487 -4.762622308787389 -3.7405825192019617 -3.8887090499542616 -6.025550480056492 2.430757728199286 4.062022793064496 69.5906598306399 -0.9144281761997943 14.44638674869276 -8.725798534120578 -63.302797497567106 47.374765431501984
-101.53319873949307 164.06313768308203 7.574739476429 3.5367886842616487 -4.762622308787389 -3.7405825192019617 -3.8887090499542616 -6.025550480056492 2.430757728199286 4.062022793064496 69.5906598306399 -0.9144281761997943 14.44638674869276 -8.725798534120578 -63.302797497567106 47.374765431501984
-98.52936876819257 27.151219541183156 -12.513413288748698 -13.358630985923845 -26.009704972844627 -11.876758978091706 -10.669837510429392 -7.150233094743354 3.1707192671750435 -27.18142787629792 189.6166253443994 -7.655471157030087 23.31637191552783 -11.305938035859631 96.52992354088744 -85.1539209259527
-100.39033376198331 102.2171983053206 -2.331979118210428 -5.0483482955665835 -16.83303039285685 -8.733437648172016 -8.194303809045374 -5.609800331799349 2.866290311028511 -21.240259725087586 194.15874694933598 -7.392148264947801 28.499035497832228 -15.07189457228399 52.15841427146468 -52.560284493878264
-100.39033376198331 102.2171983053206 -2.331979118210428 -5.0483482955665835 -16.83303039285685 -8.733437648172016 -8.194303809045374 -5.609800331799349 2.866290311028511 -21.240259725087586 194.15874694933598 -7.392148264947801 28.499035497832228 -15.07189457228399 52.15841427146468 -52.560284493878264
-100.39033376198331 102.2171983053206 -2.331979118210428 -5.0483482955665835 -16.83303039285685 -8.733437648172016 -8.194303809045374 -5.609800331799349 2.866290311028511 -21.240259725087586 194.15874694933598 -7.392148264947801 28.499035497832228 -15.07189457228399 52.15841427146468 -52.560284493878264
-104.04880000071981 235.02041895567308 14.63535605060294 8.475440547611813 -4.017547290550385 -5.544303882705144 -6.46344309360427 -7.53296866084379 4.979081921894512 12.441264371629774 207.7902005618494 -3.787370943802287 47.03618306954105 -28.76233771247653 -166.34715760476513 116.2587456516928
-104.04880000071981 235.02041895567308 14.63535605060294 8.475440547611813 -4.017547290550385 -5.544303882705144 -6.46344309360427 -7.53296866084379 4.979081921894512 12.441264371629774 207.7902005618494 -3.787370943802287 47.03618306954105 -28.76233771247653 -166.34715760476513 116.2587456516928
-104.04880000071981 235.02041895567308 14.63535605060294 8.475440547611813 -4.017547290550385 -5.544303882705144 -6.46344309360427 -7.53296866084379 4.979081921894512 12.441264371629774 207.7902005618494 -3.787370943802287 47.03618306954105 -28.76233771247653 -166.34715760476513 116.2587456516928
-104.04880000071981 235.02041895567308 14.63535605060294 8.475440547611813 -4.017547290550385 -5.544303882705144 -6.46344309360427 -7.53296866084379 4.979081921894512 12.441264371629774 207.7902005618494 -3.787370943802287 47.03618306954105 -28.76233771247653 -166.34715760476513 116.2587456516928
-104.04880000071981 235.02041895567308 14.63535605060294 8.475440547611813 -4.017547290550385 -5.544303882705144 -6.46344309360427 -7.53296866084379 4.979081921894512 12.441264371629774 207.7902005618494 -3.787370943802287 47.03618306954105 -28.76233771247653 -166.34715760476513 116.2587456516928
-105.71588559091525 331.7516685240339 30.891712864772373 22.84588201659774 18.785567896642718 5.69954542071687 4.42887837261422 2.405775745897177 -0.9711228358142658 2.5478415163849877 -11.379141206101517 0.3870617311856423 -0.23554298349646152 -0.12943807655464967 -11.371474585915474 8.724046171289023
-107.98879587067024 435.506989357841 46.225659380463526 35.8140362485424 36.01086710006332 13.102659022030224 11.170565090640311 9.17477112694454 -4.058896000915044 0.3158703855034602 -105.29959195213833 2.0210326935641643 -18.942199732174238 11.100073325702175 52.80644160750805 -37.74328606141465
-107.98879587067024 435.506989357841 46.225659380463526 35.8140362485424 36.01086710006332 13.102659022030224 11.170565090640311 9.17477112694454 -4.058896000915044 0.3158703855034602 -105.29959195213833 2.0210326935641643 -18.942199732174238 11.100073325702175 52.80644160750805 -37.74328606141465
-107.98879587067024 435.506989357841 46.225659380463526 35.8140362485424 36.01086710006332 13.102659022030224 11.170565090640311 9.17477112694454 -4.058896000915044 0.3158703855034602 -105.29959195213833 2.0210326935641643 -18.942199732174238 11.100073325702175 52.80644160750805 -37.74328606141465
-107.98879587067024 435.506989357841 46.225659380463526 35.8140362485424 36.01086710006332 13.102659022030224 11.170565090640311 9.17477112694454 -4.058896000915044 0.3158703855034602 -105.29959195213833 2.0210326935641643 -18.942199732174238 11.100073325702175 52.80644160750805 -37.74328606141465
-107.98879587067024 435.506989357841 46.225659380463526 35.8140362485424 36.01086710006332 13.102659022030224 11.170565090640311 9.17477112694454 -4.058896000915044 0.3158703855034602 -105.29959195213833 2.0210326935641643 -18.942199732174238 11.100073325702175 52.80644160750805 -37.74328606141465
-107.98879587067024 435.506989357841 46.225659380463526 35.8140362485424 36.01086710006332 13.102659022030224 11.170565090640311 9.17477112694454 -4.058896000915044 0.3158703855034602 -105.29959195213833 2.0210326935641643 -18.942199732174238 11.100073325702175 52.80644160750805 -37.74328606141465
-107.98879587067024 435.506989357841 46.225659380463526 35.8140362485424 36.01086710006332 13.102659022030224 11.170565090640311 9.17477112694454 -4.058896000915044 0.3158703855034602 -105.29959195213833 2.0210326935641643 -18.942199732174238 11.100073325702175 52.80644160750805 -37.74328606141465
-107.98879587067024 435.506989357841 46.225659380463526 35.8140362485424 36.01086710006332 13.102659022030224 11.170565090640311 9.17477112694454 -4.058896000915044 0.3158703855034602 -105.29959195213833 2.0210326935641643 -18.942199732174238 11.100073325702175 52.80644160750805 -37.74328606141465
-107.98879587067024 435.506989357841 46.225659380463526 35.8140362485424 36.01086710006332 13.102659022030224 11.170565090640311 9.17477112694454 -4.058896000915044 0.3158703855034602 -105.29959195213833 2.0210326935641643 -18.942199732174238 11.100073325702175 52.80644160750805 -37.74328606141465
-106.17338914114042 357.00406154392766 35.13571058750824 26.602602304605433 24.812270201983353 8.694617393299371 7.338807017822852 5.2399710538651485 -2.5604608435582006 1.621689987357784 -87.20122115362732 2.0748211695972785 -16.842432821356997 9.948446437459912 49.093779822537485 -33.92623027534754
-104.04880000071981 235.02041895567308 14.63535605060294 8.475440547611813 -4.017547290550385 -5.544303882705144 -6.46344309360427 -7.53296866084379 4.979081921894512 12.441264371629774 207.7902005618494 -3.787370943802287 47.03618306954105 -28.76233771247653 -166.34715760476513 116.2587456516928
-103.09686218351415 201.01565460426866 10.728737906985192 5.551105636714563 -5.496257012954188 -5.16248090930924 -5.63181519822942 -7.264076926704682 3.782680450553581 6.121189973173187 139.9570185776097 -2.6634348495350784 28.98645688583074 -17.365863241858715 -82.86346298909865 56.70329742130001
-99.37488887729033 101.1230736886293 0.7007827047356298 -1.5806644555573783 -7.803469612263227 -3.7124558164049466 -3.280479468695062 -3.5384216845696206 1.0087222834962517 -4.675418742556595 18.62191532357479 -0.5072144646528658 0.1536381485625173 0.3900969898106068 -7.698878187232213 8.177658037970312
-97.89451116694849 50.72166057978812 -5.922231269519388 -6.980579709619809 -14.05876380081224 -6.128783831684714 -5.3785038502875695 -4.146326073954496 1.6588143473513026 -6.867342080184749 47.46176199149506 -1.238570848223545 4.833737146456401 -2.217442894195743 -0.49599286250480673 0.9568147475414541
-99.61419628762668 118.8526973566263 3.71579197908664 1.0732859091660703 -3.7994316310395573 -1.8766287614199766 -1.5874201916804944 -0.8035430112023055 0.16474537616092366 -3.408559726042406 -21.45658799927566 0.39783114145200993 -7.759272434600369 5.092447128378347 28.8386890702454 -18.63816796489446
-95.59588261092833 -11.448270472045085 -12.32760597231695 -11.62882151433003 -16.236728439879638 -5.800111232303844 -4.556984137649812 -2.526341743162839 0.35795866761594236 -12.215285591151902 1.9797295908601824 -1.5076997980604225 -4.517422777922895 3.6069258326121845 8.013071580763716 -1.8778048930886884
-95.56693752561284 -11.080322037089351 -12.15018366662504 -11.52136529730992 -16.174102836003847 -5.801720441505686 -4.596525843475594 -2.7048982674847784 0.530527366891178 -11.235686991174072 0.9274528355382601 0.15514542909558524 -4.828954245839355 3.8102937012514033 7.4664834222927885 -1.4450456320586909
-96.64701121620267 -15.461436627774326 -15.465836779444446 -14.569552723826865 -23.308401138297796 -9.366913233073163 -7.767757733413776 -6.9681282195343615 1.6165079894312868 -17.28842701724324 -2.546690607373499 4.277612419409438 -22.410039582854633 18.29953937953282 -1.3174021344651268 -2.5158268677156266
-96.64701121620267 -15.461436627774326 -15.465836779444446 -14.569552723826865 -23.308401138297796 -9.366913233073163 -7.767757733413776 -6.9681282195343615 1.6165079894312868 -17.28842701724324 -2.546690607373499 4.277612419409438 -22.410039582854633 18.29953937953282 -1.3174021344651268 -2.5158268677156266
-96.62934339452062 -15.461830500901957 -15.433981320233798 -14.539803717514372 -23.2488429202796 -9.339913494765588 -7.734963133888938 -6.981674928056304 1.6132351881330629 -17.309284538391534 -3.7632630554648867 4.7499898318240685 -22.64057566127709 18.582667191467316 -2.9321966175502245 -1.4238235105363333
-96.41712224679975 -15.476939762035371 -14.703573261584983 -14.061346807837491 -22.29085811568065 -8.780527083723177 -6.8351840480797375 -5.280519925118429 0.9682574065837537 -23.79100766945353 -3.9768754661375048 3.1427354072659415 -32.33505519594784 25.4670069262036 -9.061000423106666 -1.0325340305087825
-96.09420213941563 -14.750202578040668 -13.730971682713308 -13.022844969643643 -19.95328047908897 -7.629423352940808 -5.956342829099106 -4.250885167217586 0.7530566118469613 -18.852493698066795 -2.5025119392449864 2.786114597266162 -19.067681716772544 14.742612052705471 -1.0806039205833455 -0.5981130094126493
-95.75546984535939 -14.274512378178455 -12.881551873480511 -12.28540751164757 -18.187709228627863 -6.811544701496316 -4.945902396784018 -3.345631288683979 0.5399148174470628 -17.603859942138048 -3.23672789905568 7.552538625828195 -8.709552687028058 8.384430407336408 0.03708175686607738 -0.2533564418242566
-95.75546984535939 -14.274512378178455 -12.881551873480511 -12.28540751164757 -18.187709228627863 -6.811544701496316 -4.945902396784018 -3.345631288683979 0.5399148174470628 -17.603859942138048 -3.23672789905568 7.552538625828195 -8.709552687028058 8.384430407336408 0.03708175686607738 -0.2533564418242566
-96.0258135489764 -15.065770450297196 -10.568765372883139 -11.989216078355371 -18.381894347467362 -6.963188991582232 -4.640847947046264 -3.3020550614487676 0.45330555387146143 -19.499068519959362 -3.9165564099525545 10.79391163521993 -4.671468865472823 5.8871833403366445 1.95440210718589 0.13310872488150655
-96.0258135489764 -15.065770450297196 -10.568765372883139 -11.989216078355371 -18.381894347467362 -6.963188991582232 -4.640847947046264 -3.3020550614487676 0.45330555387146143 -19.499068519959362 -3.9165564099525545 10.79391163521993 -4.671468865472823 5.8871833403366445 1.95440210718589 0.13310872488150655
-94.99879696983272 -15.925574849650616 -6.612101771378812 -10.576683364257077 -17.70596763391446 -6.455483510524791 -2.4922449847940213 -3.067519286710036 0.15261105796097302 -20.03128150865063 -4.094595709370029 7.327268290338379 -8.720601787982906 3.1668494397639555 3.1619083737855918 2.6547340041131564
-95.75520819410107 -16.39879480244768 -5.9111901484697915 -11.08770007400028 -18.258379105513733 -6.819736903063803 -4.249181125570013 -3.172804135343213 0.2612379577945231 -22.041985314185084 -4.645509026287689 10.623695209474642 -7.652031625412931 5.103416970554596 2.1619621942424865 1.542601074957133
-95.69556761356571 -15.218119015241541 -9.064033273123375 -11.414255722242215 -17.46434541120883 -6.382572359865284 -4.082887296200564 -2.611337622441882 0.16642887187364178 -20.697309740835497 -4.973815327356966 15.25215299859155 3.6333660848236744 2.303927869388484 3.7929099627052763 1.2057229431163239
-95.69556761356571 -15.218119015241541 -9.064033273123375 -11.414255722242215 -17.46434541120883 -6.382572359865284 -4.082887296200564 -2.611337622441882 0.16642887187364178 -20.697309740835497 -4.973815327356966 15.25215299859155 3.6333660848236744 2.303927869388484 3.7929099627052763 1.2057229431163239
-95.67374741493177 -15.486616685879838 -6.747679572154737 -10.7126266333474 -16.73227990539338 -6.1624608445280895 -3.8768153546812365 -2.6978430791751085 0.22031149897821642 -18.11172986190649 -3.611442442741484 8.615679403249741 -3.3486954621630476 3.2104210903961263 3.2343554178467726 0.9960352920460769
-95.86726433167142 -15.051308462864421 -8.530045810137612 -10.924783651591785 -16.705201594715046 -6.211078782897487 -3.420860432060652 -2.3880888875560706 0.18967426447458519 -18.186745438445662 -3.7256395433882377 11.00662900470398 1.5837548124028327 2.187545110272995 4.109302619941354 0.5733610083537234
-95.86726433167142 -15.051308462864421 -8.530045810137612 -10.924783651591785 -16.705201594715046 -6.211078782897487 -3.420860432060652 -2.3880888875560706 0.18967426447458519 -18.186745438445662 -3.7256395433882377 11.00662900470398 1.5837548124028327 2.187545110272995 4.109302619941354 0.5733610083537234
-95.85368890086085 -15.537694701982035 -10.610325033441269 -12.182607171054178 -19.69851640144772 -7.734466320624629 -3.0845228801010367 -3.4278520221428903 0.30883615902824296 -29.232332428335592 -11.234397870961688 41.924371993757774 21.63456922366811 -2.9322274457337336 -0.38472986661422276 0.46202566564893716
-95.98342299501095 -15.40256663555917 -8.695269784497913 -11.31099896374965 -17.682208356790607 -6.998901376226231 -2.174061033232655 -2.8027232778524422 -0.25250960134859207 -21.268295448150003 -6.10230772614954 12.314712192244667 2.8951259786732275 -4.877364579581135 2.26495568889241 -0.20606027909619798
-95.98342299501095 -15.40256663555917 -8.695269784497913 -11.31099896374965 -17.682208356790607 -6.998901376226231 -2.174061033232655 -2.8027232778524422 -0.25250960134859207 -21.268295448150003 -6.10230772614954 12.314712192244667 2.8951259786732275 -4.877364579581135 2.26495568889241 -0.20606027909619798
-95.98342299501095 -15.40256663555917 -8.695269784497913 -11.31099896374965 -17.682208356790607 -6.998901376226231 -2.174061033232655 -2.8027232778524422 -0.25250960134859207 -21.268295448150003 -6.10230772614954 12.314712192244667 2.8951259786732275 -4.877364579581135 2.26495568889241 -0.20606027909619798
-96.69035255086078 -20.89780395085815 16.268584552688086 -5.790258203189043 -14.739757273039984 -6.3334815914665805 -1.0963400744024572 -2.644591011255636 -0.08167162994851239 -22.432415762465848 -5.797168068391965 11.299199371531195 -7.213411144120813 -13.828011718707641 3.914679687222938 0.7198316466454644
-96.21772538107594 -17.672396946632727 -0.1102240397001524 -8.59944290737253 -16.811484300685276 -6.8525133416816635 -0.9821515726243085 -2.691682884734991 -0.28660522496016955 -21.956116373183978 -5.857329898065795 12.360744998793795 4.751303046780354 1.8402399117478712 4.818530957427001 2.192118862909099
-96.21772538107594 -17.672396946632727 -0.1102240397001524 -8.59944290737253 -16.811484300685276 -6.8525133416816635 -0.9821515726243085 -2.691682884734991 -0.28660522496016955 -21.956116373183978 -5.857329898065795 12.360744998793795 4.751303046780354 1.8402399117478712 4.818530957427001 2.192118862909099
-97.80877454211522 -26.425071819277456 47.58862535092801 0.8195609101953873 -7.639987146962993 -3.0892017433917878 -13.56740282407064 -2.4308366891327484 -0.39594547012107995 -19.795134763365112 -5.064941798748454 8.679266088602871 4.363678660149475 1.686898668455597 6.028567391544994 2.758879380670715
-97.80877454211522 -26.425071819277456 47.58862535092801 0.8195609101953873 -7.639987146962993 -3.0892017433917878 -13.56740282407064 -2.4308366891327484 -0.39594547012107995 -19.795134763365112 -5.064941798748454 8.679266088602871 4.363678660149475 1.686898668455597 6.028567391544994 2.758879380670715
-97.80877454211522 -26.425071819277456 47.58862535092801 0.8195609101953873 -7.639987146962993 -3.0892017433917878 -13.56740282407064 -2.4308366891327484 -0.39594547012107995 -19.795134763365112 -5.064941798748454 8.679266088602871 4.363678660149475 1.686898668455597 6.028567391544994 2.758879380670715
-97.80877454211522 -26.425071819277456 47.58862535092801 0.8195609101953873 -7.639987146962993 -3.0892017433917878 -13.56740282407064 -2.4308366891327484 -0.39594547012107995 -19.795134763365112 -5.064941798748454 8.679266088602871 4.363678660149475 1.686898668455597 6.028567391544994 2.758879380670715
-98.76819924542019 -38.80163266163625 124.804723735528 19.689066266806076 11.24106137679356 4.879388926828726 -28.439100979731407 -0.8207151990734199 0.13244185623487675 -5.936431505069784 -1.1265326785855103 3.7449842301765357 2.3952863322627165 4.961683023933999 2.448649512151239 0.3192892082778974
-98.76819924542019 -38.80163266163625 124.804723735528 19.689066266806076 11.24106137679356 4.879388926828726 -28.439100979731407 -0.8207151990734199 0.13244185623487675 -5.936431505069784 -1.1265326785855103 3.7449842301765357 2.3952863322627165 4.961683023933999 2.448649512151239 0.3192892082778974
-103.34425757301204 -72.36943938008964 320.7722533514974 64.34416980187122 55.51874698272461 23.99152935442029 -79.60045039910973 1.7077998577405284 0.23714437581697287 16.848013688702824 4.678634800486501 -5.800860588770809 27.75278689581184 48.77954774492588 2.9488915277556385 3.2733379259132214
-103.34425757301204 -72.36943938008964 320.7722533514974 64.34416980187122 55.51874698272461 23.99152935442029 -79.60045039910973 1.7077998577405284 0.23714437581697287 16.848013688702824 4.678634800486501 -5.800860588770809 27.75278689581184 48.77954774492588 2.9488915277556385 3.2733379259132214
-103.34425757301204 -72.36943938008964 320.7722533514974 64.34416980187122 55.51874698272461 23.99152935442029 -79.60045039910973 1.7077998577405284 0.23714437581697287 16.848013688702824 4.678634800486501 -5.800860588770809 27.75278689581184 48.77954774492588 2.9488915277556385 3.2733379259132214
-103.34425757301204 -72.36943938008964 320.7722533514974 64.34416980187122 55.51874698272461 23.99152935442029 -79.60045039910973 1.7077998577405284 0.23714437581697287 16.848013688702824 4.678634800486501 -5.800860588770809 27.75278689581184 48.77954774492588 2.9488915277556385 3.2733379259132214
-103.34425757301204 -72.36943938008964 320.7722533514974 64.34416980187122 55.51874698272461 23.99152935442029 -79.60045039910973 1.7077998577405284 0.23714437581697287 16.848013688702824 4.678634800486501 -5.800860588770809 27.75278689581184 48.77954774492588 2.9488915277556385 3.2733379259132214
-103.34425757301204 -72.36943938008964 320.7722533514974 64.34416980187122 55.51874698272461 23.99152935442029 -79.60045039910973 1.7077998577405284 0.23714437581697287 16.848013688702824 4.678634800486501 -5.800860588770809 27.75278689581184 48.77954774492588 2.9488915277556385 3.2733379259132214
-103.34425757301204 -72.36943938008964 320.7722533514974 64.34416980187122 55.51874698272461 23.99152935442029 -79.60045039910973 1.7077998577405284 0.23714437581697287 16.848013688702824 4.678634800486501 -5.800860588770809 27.75278689581184 48.77954774492588 2.9488915277556385 3.2733379259132214
-101.52028912866515 -58.82260119468232 245.27454789696642 47.45848402066511 40.13596230373448 17.78058855792956 -66.96443415813008 0.8783021943413182 0.4163944185501139 10.572945161016344 3.5949639779837033 0.038661506766847466 37.72709366032093 64.89398012549506 1.769765127475475 -1.5838611700828031
-97.80877454211522 -26.425071819277456 47.58862535092801 0.8195609101953873 -7.639987146962993 -3.0892017433917878 -13.56740282407064 -2.4308366891327484 -0.39594547012107995 -19.795134763365112 -5.064941798748454 8.679266088602871 4.363678660149475 1.686898668455597 6.028567391544994 2.758879380670715
-97.68957579133867 -30.032474901308795 71.29454600775384 7.474159693388654 -1.8847835375045978 -1.3650780484612535 -9.818748436505782 -1.6022395092355248 0.07685589516758494 -13.950194042750603 -3.9635119828955023 9.289718433430114 -7.6729423472384575 -17.73838933038865 0.5967518979601871 -2.4673568542343363
-93.32607210558912 -27.7988210770643 37.30331009133914 -1.5872958871043301 -16.15015421586001 -5.6494084682182235 -1.2701384459165155 -4.04727190757789 -0.5067225238656903 -33.26728342731299 -9.683559442814389 15.525666756210098 -12.116292582101227 1.5697040485141687 6.47646974884931 10.305459062734172
-96.14090580501185 -21.060471173024148 17.138814244605815 -5.408260376078175 -14.322010902455698 -5.830744737361022 -1.1110733538659177 -2.740779851878925 -0.5692636099211301 -22.36267038890883 -6.277384471834301 8.441596204118058 -5.481791329891923 -8.682223627458907 5.358848327950394 5.344537022098671
-94.08958516839688 -18.142171184202997 6.842075959174797 -7.245474695997923 -14.215916710148099 -4.283830533280859 -4.0526226715625615 -2.3886281307536437 -0.17397428935672224 -18.197440363200567 -3.2057254173520175 2.4771905629842865 -8.982094175899228 5.126670252511201 6.12531326022612 5.82834768487848
-95.48014847531341 -13.785148237699492 -11.497160615426028 -11.262259393233618 -15.732183654941382 -5.483177744870865 -3.404521232318774 -1.9368703732384283 0.11470101773274613 -13.699793661570991 -1.0050171649808115 -0.39063800532347287 -6.430150465286481 4.054188929016318 4.835050686628223 1.2803669626681222
-95.25773254676497 -13.337754320264441 -11.839004444457895 -11.19054990383831 -15.311500366647412 -5.30415824739095 -3.9130423918589656 -1.992681726154296 0.212313422109607 -13.20384456535546 -0.9287076038218343 -0.3451733241320328 -9.051658984541044 6.450151922487282 2.1196672648505337 0.6244710334556541
-94.68683643982885 -15.09998525641465 -9.058203880492549 -11.052000774912159 -17.721679559100544 -6.41898413677494 -2.5551925635563664 -2.6159080308453455 0.23167748947959085 -19.702924148162623 -3.086132336885559 1.5834728503728 -21.80171857391979 14.32593284393887 -4.159017767443513 1.9623093772276312
-96.34203908216107 -17.03716699753514 -14.37834352314021 -15.324876612315668 -26.109360803988686 -10.583971290663863 -7.35818638223443 -7.0796258863567285 1.22118834338896 -35.413746932452646 -7.421118277617112 2.30150402091629 -67.55814783415364 52.12520832722614 -32.5530449422969 -1.026504977340173
-96.01924249498023 -18.448627364080842 -12.589405521165485 -15.608554471230292 -28.123438031088437 -11.374911249737236 -7.215899392026558 -7.917305163780211 1.255922174330259 -40.48413465454387 -9.009614814709474 3.474267965808469 -76.4530813566994 56.913112229387174 -36.28270133444775 0.06626931630415171
-98.08433207505387 -19.1647811456013 -20.09194700758267 -19.970462243352824 -35.31335640236546 -15.16342006056582 -12.5993847319824 -11.325137134383445 2.249064946587535 -53.327211967970094 -12.143941587871145 3.0277643772081424 -119.31453379557678 95.00213625337408 -65.16241820462109 -4.472950415075568
-97.99928778220979 -18.991560281180192 -19.864160661394788 -19.70513152407705 -34.741869699776394 -14.88977078188296 -12.378986951609452 -11.111475030657498 2.209446531031479 -51.94652657247472 -11.826663804856228 2.9146859959741946 -115.89167109042374 92.27186764414496 -63.04365856788736 -4.354393758931983
-98.87237161057676 -20.690544247427685 -22.292611115120547 -22.233319052276283 -40.36676034045198 -17.642058558046642 -14.844967609287345 -13.777509850481593 2.7918254854279203 -61.71455185445033 -14.706055483392054 3.5323939770106905 -142.02791821538392 113.40614625754247 -78.22007552387262 -5.647220462611332
-97.26847654866629 -17.07691831553437 -17.712966053585944 -17.35931538314144 -29.559571061137095 -12.575057176551265 -10.64075710821875 -10.533788951060677 2.3418151288874265 -31.596677326813726 -8.939450590098765 1.928467525383756 -73.07438254281341 58.650643709330105 -37.42304679938172 -3.0019209266533906
-97.18380396797377 -16.81008558089645 -17.370662554659653 -16.798056715887526 -28.417370293905556 -11.949390690699595 -10.077259009907632 -9.42453747878346 2.016450787602069 -31.26374819860419 -7.3472879740038755 3.739185230719165 -63.385878283794455 51.49459137967688 -30.956799376192254 -3.0435427566506106
-97.72103888418081 -18.266539591099814 -18.832640984402975 -18.381087677146155 -32.15687872394577 -13.727976037564337 -11.554405823243663 -10.76987032411375 2.1966965516743326 -41.002322997312845 -10.275452793922895 2.0672206398854764 -88.74594503969026 70.86601328458212 -45.89151757366426 -3.7926619090174163
-97.1865466822189 -16.854069639734846 -17.49999081114881 -16.789419924799542 -28.709589581562824 -12.166137100206258 -10.365040990052982 -10.379123103178566 2.449462335696318 -27.807435406556575 -7.654692476965472 2.592572703149592 -65.89547047348142 52.242939847589646 -31.657190799624548 -2.925997160127257
-96.48699010833003 -15.55080640743595 -16.43486005155465 -11.29091295722301 -22.912621523965527 -9.360197207584417 -9.076748799912712 -8.214782255414473 2.061765603479342 -16.069025216937533 -5.322920906291596 2.270957800060132 -36.17853113766872 28.524391423469183 -14.626791017223459 -1.2086081119728718
-96.48699010833003 -15.55080640743595 -16.43486005155465 -11.29091295722301 -22.912621523965527 -9.360197207584417 -9.076748799912712 -8.214782255414473 2.061765603479342 -16.069025216937533 -5.322920906291596 2.270957800060132 -36.17853113766872 28.524391423469183 -14.626791017223459 -1.2086081119728718
-96.48699010833003 -15.55080640743595 -16.43486005155465 -11.29091295722301 -22.912621523965527 -9.360197207584417 -9.076748799912712 -8.214782255414473 2.061765603479342 -16.069025216937533 -5.322920906291596 2.270957800060132 -36.17853113766872 28.524391423469183 -14.626791017223459 -1.2086081119728718
-97.1865466822189 -16.854069639734846 -17.49999081114881 -16.789419924799542 -28.709589581562824 -12.166137100206258 -10.365040990052982 -10.379123103178566 2.449462335696318 -27.807435406556575 -7.654692476965472 2.592572703149592 -65.89547047348142 52.242939847589646 -31.657190799624548 -2.925997160127257
-97.1865466822189 -16.854069639734846 -17.49999081114881 -16.789419924799542 -28.709589581562824 -12.166137100206258 -10.365040990052982 -10.379123103178566 2.449462335696318 -27.807435406556575 -7.654692476965472 2.592572703149592 -65.89547047348142 52.242939847589646 -31.657190799624548 -2.925997160127257
-97.1865466822189 -16.854069639734846 -17.49999081114881 -16.789419924799542 -28.709589581562824 -12.166137100206258 -10.365040990052982 -10.379123103178566 2.449462335696318 -27.807435406556575 -7.654692476965472 2.592572703149592 -65.89547047348142 52.242939847589646 -31.657190799624548 -2.925997160127257
-97.1738215430025 -16.95533519617771 -17.388648861163848 -16.886339188834427 -28.946806382438094 -12.318274146412984 -10.40498359077777 -10.652362701284016 2.552771900095846 -27.784817497905234 -8.070546983519048 2.362163810751044 -67.96298682901377 53.491945885634316 -31.987624985842892 -3.089374093758493
-96.97443149647745 -16.49590451883771 -16.860662523308775 -16.14935989682432 -27.953404460456188 -12.075762856189042 -10.513125198610362 -12.327332231885178 3.3000352433960543 -15.252441652335309 -8.024748319838274 2.014235307958511 -52.508244685903115 40.867233143275584 -23.06575339204095 -2.923415088980696
-96.23042330418116 -14.971464548379252 -14.659549663443148 -13.753015565180679 -22.87001132623985 -9.544428372040313 -8.09291178291394 -9.222229560093156 2.4441646508248116 -10.101393400024502 -4.101158345540874 1.1734566827071182 -30.508362375352792 22.927116546649884 -9.893913331847763 -3.222335960794951
-96.51010845439133 -13.708184571588317 -15.55396522765933 -15.128659297937475 -25.779076652462273 -11.511173210562342 -10.308174308486175 -14.505291685865572 4.230515190600665 3.1371347794366344 -2.639209211865088 1.0716719645596389 -26.574327249660563 21.529635801787148 -12.282107734039023 -2.405378863410962
-96.5804776517301 -15.975618635781661 -15.921309071462614 -15.965370788395157 -22.418383371121354 -11.012077367870125 -8.67508887703867 -9.03473638657513 -7.083559069643555 -28.205690656491285 -25.473825541700972 -66.22233448164707 43.23632882549314 -14.290695619937733 -8.570624144274188 -2.0090210361128253
-97.32799505690784 -17.87761078078516 -18.034609876090578 -18.777591240478632 -24.658006784463616 -14.520652838894776 -10.862677357113741 -11.731413667687491 -13.60287987850021 -40.95586482855634 -39.6156481198469 -108.60467341482007 71.85698700963552 -25.245984182460216 -17.805741064103657 -5.441318949546078
-97.00633570807449 -17.255545145147764 -18.009667962925576 -18.44277847810274 -20.938058574280095 -12.937272229686048 -9.766901858659917 -10.098541206327521 -13.757525836104483 -39.40896461759872 -36.207977286032836 -101.31492203935021 66.95161721876771 -22.704057485183682 -18.009913589207272 -6.934776657359333
-98.05310984139128 -19.51921497559111 -20.671395519226042 -21.99585075476097 -22.614891903688935 -18.66322418838376 -12.314374068356706 -13.169937095542299 -24.068743219104654 -53.68439220538397 -50.32297913418908 -141.3498467019569 94.78059259950648 -33.50029812844331 -25.914426437635054 -9.231164127651446
-97.95117895897295 -19.518367840697792 -21.283866232931803 -23.050456521355024 -11.921712938849966 -21.78555190171451 -11.234019245016116 -11.582634637974575 -38.055296625135945 -51.83068556137467 -44.94001095144732 -129.91335490890285 87.30274904070242 -31.129675606088476 -24.29779026697232 -9.058912418759409
-97.95117895897295 -19.518367840697792 -21.283866232931803 -23.050456521355024 -11.921712938849966 -21.78555190171451 -11.234019245016116 -11.582634637974575 -38.055296625135945 -51.83068556137467 -44.94001095144732 -129.91335490890285 87.30274904070242 -31.129675606088476 -24.29779026697232 -9.058912418759409
-97.38531465920124 -18.167599032544818 -18.857525600711 -19.89203213549831 -17.557526669838445 -17.61439643192105 -10.121989466048737 -9.485828762445141 -27.98616137071964 -50.22658007843228 -39.94322960885583 -117.16726415610854 78.29201478686974 -28.05614316860933 -21.47431118489075 -7.820330889448704
-97.38531465920124 -18.167599032544818 -18.857525600711 -19.89203213549831 -17.557526669838445 -17.61439643192105 -10.121989466048737 -9.485828762445141 -27.98616137071964 -50.22658007843228 -39.94322960885583 -117.16726415610854 78.29201478686974 -28.05614316860933 -21.47431118489075 -7.820330889448704
-97.38531465920124 -18.167599032544818 -18.857525600711 -19.89203213549831 -17.557526669838445 -17.61439643192105 -10.121989466048737 -9.485828762445141 -27.98616137071964 -50.22658007843228 -39.94322960885583 -117.16726415610854 78.29201478686974 -28.05614316860933 -21.47431118489075 -7.820330889448704
-97.56157895031002 -18.697878288176714 -20.38505794735026 -21.897220644121603 -9.59676463917934 -20.465420476450124 -10.111325511879425 -9.837873366088251 -37.247370962143165 -48.213374966528946 -39.27873737769298 -115.83890115852151 77.76175883230903 -27.486330962981874 -21.65950208855184 -8.107863709942931
-97.56157895031002 -18.697878288176714 -20.38505794735026 -21.897220644121603 -9.59676463917934 -20.465420476450124 -10.111325511879425 -9.837873366088251 -37.247370962143165 -48.213374966528946 -39.27873737769298 -115.83890115852151 77.76175883230903 -27.486330962981874 -21.65950208855184 -8.107863709942931
-97.56157895031002 -18.697878288176714 -20.38505794735026 -21.897220644121603 -9.59676463917934 -20.465420476450124 -10.111325511879425 -9.837873366088251 -37.247370962143165 -48.213374966528946 -39.27873737769298 -115.83890115852151 77.76175883230903 -27.486330962981874 -21.65950208855184 -8.107863709942931
-98.2216426491773 -19.819404557661837 -20.51540087314129 -21.71863968060673 -28.895265082297858 -18.67971142301221 -13.271087543558696 -14.022748587444266 -21.14970124517172 -60.674182862417375 -56.427175160078654 -158.753954489019 106.73940146634467 -38.20355072782934 -29.571921480925365 -10.204788715772098
-98.2216426491773 -19.819404557661837 -20.51540087314129 -21.71863968060673 -28.895265082297858 -18.67971142301221 -13.271087543558696 -14.022748587444266 -21.14970124517172 -60.674182862417375 -56.427175160078654 -158.753954489019 106.73940146634467 -38.20355072782934 -29.571921480925365 -10.204788715772098
-98.39161202530073 -20.154216268506772 -21.72905626434725 -22.812399590576607 -28.00265245425881 -20.095670256120844 -13.926407724394778 -14.844675561920818 -24.14156588855322 -62.32039057851883 -59.302843814241015 -167.45179282562054 113.10540514267808 -39.65102152638089 -32.24521719692685 -12.028035097626457
-96.76976032619679 -16.050240428404305 -16.8803322471313 -16.778739245789055 -26.31010435065712 -13.134767885086283 -11.326397760221793 -16.747262806559952 -1.6542915952868302 0.24988582025603626 -23.524278347153267 -49.77511164253253 32.69860259966534 -11.1775931717121 -5.912601924667769 -3.368363453118956
-96.8920914545049 -16.366312678095458 -17.44590912330401 -17.515065869520896 -24.84488218346253 -13.482816740896693 -11.082241285421372 -14.945315907456758 -5.889159970068345 -13.526047357725904 -28.703563312637325 -70.21411918908834 46.46370730874454 -15.745820155307126 -11.314694167332677 -4.839157233209287
-96.8920914545049 -16.366312678095458 -17.44590912330401 -17.515065869520896 -24.84488218346253 -13.482816740896693 -11.082241285421372 -14.945315907456758 -5.889159970068345 -13.526047357725904 -28.703563312637325 -70.21411918908834 46.46370730874454 -15.745820155307126 -11.314694167332677 -4.839157233209287
-96.82615860254437 -15.381882006818213 -17.362884261161447 -17.23854559737578 -30.86551852951147 -15.533973761250206 -14.82441059352155 -28.48329185251354 8.237748911412115 49.16410972331674 -15.698807707776462 -8.32522978533846 8.2822671959871 -3.933653241055839 0.850014579825191 -2.657222252358481
-98.46535442767693 -17.809209038921544 -23.21090144948342 -23.79792885742072 -49.19431749160055 -27.24853783160677 -27.525863290653493 -60.91061679932448 20.593212842375046 133.68202724181106 -27.326188759706625 2.834804207823362 12.214605772693405 -9.573646057311635 1.885765172340158 -5.333669488122581
-98.46535442767693 -17.809209038921544 -23.21090144948342 -23.79792885742072 -49.19431749160055 -27.24853783160677 -27.525863290653493 -60.91061679932448 20.593212842375046 133.68202724181106 -27.326188759706625 2.834804207823362 12.214605772693405 -9.573646057311635 1.885765172340158 -5.333669488122581
-99.80139898473765 -18.962153836361892 -27.896776619662308 -29.075942026150525 -64.37087776976077 -37.041815839789535 -38.16760979844161 -88.28138837561272 31.57707639743986 207.5560903394788 -33.383012219338696 15.45848026765614 15.186863655298515 -14.85457981476021 1.8104577932248442 -6.723516326661827
-99.05406223768155 -17.993363668275205 -25.29256198408926 -26.15728956094073 -56.2043606803081 -31.758028416653676 -32.481524692827705 -73.68479907070518 25.89121565092421 168.80778346841575 -28.574264292671145 10.018820576178717 12.959751155125222 -11.858741580105654 1.4882782369215273 -5.329932241453589
-99.05406223768155 -17.993363668275205 -25.29256198408926 -26.15728956094073 -56.2043606803081 -31.758028416653676 -32.481524692827705 -73.68479907070518 25.89121565092421 168.80778346841575 -28.574264292671145 10.018820576178717 12.959751155125222 -11.858741580105654 1.4882782369215273 -5.329932241453589
-99.12916691992143 -17.81945646063762 -25.696391991826427 -26.648968063968454 -58.01983572303326 -33.07968192680813 -33.98734247150648 -76.89137508938248 27.860526020241828 182.84486441564238 -27.610098723036856 13.760140421618058 14.09457164401947 -13.77303519998743 2.8999476075662423 -6.3546616949451
-98.04818784191878 -16.46655696254471 -22.23963188107533 -22.800382271455153 -47.835154606474184 -26.659426269721507 -27.175827923374257 -60.186313124669375 21.865862758827355 141.46258937233344 -21.091980106436022 11.214518398295038 9.801830391965987 -10.066151217678195 5.214722047218076 -6.895689363894845
-99.10637459963354 -18.47907445543774 -25.8912328048714 -26.860523484144863 -58.71543399815085 -33.59542069516958 -34.590703076523745 -80.16426256172922 28.815686774130054 189.62216380361838 -31.041789579791796 15.381265947984131 13.516633635707096 -13.868836405535452 3.6289269558258153 -7.004503376938675
-98.33218837798313 -17.387638435618893 -23.217691179568376 -23.865432222050323 -50.58356868322961 -28.381491671181617 -29.013705453679393 -66.17130974952299 23.733833063967047 154.20909206437446 -25.403434912948885 12.731204622705604 10.153587245337631 -10.790731085266643 3.780078850886302 -5.884251007245751
-98.33218837798313 -17.387638435618893 -23.217691179568376 -23.865432222050323 -50.58356868322961 -28.381491671181617 -29.013705453679393 -66.17130974952299 23.733833063967047 154.20909206437446 -25.403434912948885 12.731204622705604 10.153587245337631 -10.790731085266643 3.780078850886302 -5.884251007245751
-98.33218837798313 -17.387638435618893 -23.217691179568376 -23.865432222050323 -50.58356868322961 -28.381491671181617 -29.013705453679393 -66.17130974952299 23.733833063967047 154.20909206437446 -25.403434912948885 12.731204622705604 10.153587245337631 -10.790731085266643 3.780078850886302 -5.884251007245751
-98.33218837798313 -17.387638435618893 -23.217691179568376 -23.865432222050323 -50.58356868322961 -28.381491671181617 -29.013705453679393 -66.17130974952299 23.733833063967047 154.20909206437446 -25.403434912948885 12.731204622705604 10.153587245337631 -10.790731085266643 3.780078850886302 -5.884251007245751
-98.33218837798313 -17.387638435618893 -23.217691179568376 -23.865432222050323 -50.58356868322961 -28.381491671181617 -29.013705453679393 -66.17130974952299 23.733833063967047 154.20909206437446 -25.403434912948885 12.731204622705604 10.153587245337631 -10.790731085266643 3.780078850886302 -5.884251007245751
-99.10637459963354 -18.47907445543774 -25.8912328048714 -26.860523484144863 -58.71543399815085 -33.59542069516958 -34.590703076523745 -80.16426256172922 28.815686774130054 189.62216380361838 -31.041789579791796 15.381265947984131 13.516633635707096 -13.868836405535452 3.6289269558258153 -7.004503376938675
-99.10637459963354 -18.47907445543774 -25.8912328048714 -26.860523484144863 -58.71543399815085 -33.59542069516958 -34.590703076523745 -80.16426256172922 28.815686774130054 189.62216380361838 -31.041789579791796 15.381265947984131 13.516633635707096 -13.868836405535452 3.6289269558258153 -7.004503376938675
-98.87389305562672 -17.48880053453213 -24.859201648919285 -25.693594070582026 -55.548541053710856 -31.503239065868126 -32.31322460555461 -74.12968612049363 26.521766255393505 172.3171996062013 -28.37629868189059 13.723195747265994 9.460914155572254 -10.34018514527284 -0.26602262155900397 -5.094902824969475
-98.87389305562672 -17.48880053453213 -24.859201648919285 -25.693594070582026 -55.548541053710856 -31.503239065868126 -32.31322460555461 -74.12968612049363 26.521766255393505 172.3171996062013 -28.37629868189059 13.723195747265994 9.460914155572254 -10.34018514527284 -0.26602262155900397 -5.094902824969475
-98.87389305562672 -17.48880053453213 -24.859201648919285 -25.693594070582026 -55.548541053710856 -31.503239065868126 -32.31322460555461 -74.12968612049363 26.521766255393505 172.3171996062013 -28.37629868189059 13.723195747265994 9.460914155572254 -10.34018514527284 -0.26602262155900397 -5.094902824969475
-98.87389305562672 -17.48880053453213 -24.859201648919285 -25.693594070582026 -55.548541053710856 -31.503239065868126 -32.31322460555461 -74.12968612049363 26.521766255393505 172.3171996062013 -28.37629868189059 13.723195747265994 9.460914155572254 -10.34018514527284 -0.26602262155900397 -5.094902824969475
-98.87389305562672 -17.48880053453213 -24.859201648919285 -25.693594070582026 -55.548541053710856 -31.503239065868126 -32.31322460555461 -74.12968612049363 26.521766255393505 172.3171996062013 -28.37629868189059 13.723195747265994 9.460914155572254 -10.34018514527284 -0.26602262155900397 -5.094902824969475
-97.94982841875934 -15.985726399274695 -20.891421039625705 -21.15308630998954 -42.12954202965926 -22.384363266945748 -22.279064547072164 -46.682552916284585 16.32455797325737 97.34298393174409 -14.665346628189209 6.624469487768495 1.7877807939167376 -2.4941622671476873 3.2544696834980273 -5.344688116555815
-95.46754320195515 -13.365048645914289 -12.590766422691688 -11.882994512490038 -16.96912728822835 -6.403566884560805 -5.2799827278121905 -5.0860584556002175 1.2563481848648614 -4.286871462494589 -1.2842998106134493 -1.3755370134941813 -3.8911241545369872 2.9811776974840476 4.525626001134325 -0.2494731201677244
-95.46754320195515 -13.365048645914289 -12.590766422691688 -11.882994512490038 -16.96912728822835 -6.403566884560805 -5.2799827278121905 -5.0860584556002175 1.2563481848648614 -4.286871462494589 -1.2842998106134493 -1.3755370134941813 -3.8911241545369872 2.9811776974840476 4.525626001134325 -0.2494731201677244
-96.76270030762451 6.317329294141269 -11.96018928867573 -11.91342383264043 -19.99352465783989 -8.555443284200155 -7.57580824859213 -9.402318883767277 3.1096410669795036 2.662845100680099 22.702925409909245 1.0519979823858205 -1.381010542762001 1.7949437399894665 -13.831805825271761 12.013107694612735
-96.00667368941617 -14.603035454816375 -13.580566258280598 -12.900343811479415 -19.01872357509073 -7.084168966415684 -5.693451779014369 -3.638297769353209 0.5521595699013689 -18.04063911406938 -2.4155144126455967 2.385848412611758 -15.005716817995346 12.624253994411527 -0.5694800555300848 -0.29928645671059395
-96.00667368941617 -14.603035454816375 -13.580566258280598 -12.900343811479415 -19.01872357509073 -7.084168966415684 -5.693451779014369 -3.638297769353209 0.5521595699013689 -18.04063911406938 -2.4155144126455967 2.385848412611758 -15.005716817995346 12.624253994411527 -0.5694800555300848 -0.29928645671059395
-96.16136462262435 -15.179671305721193 -13.698637139392094 -13.402777543899983 -20.940701312349823 -8.242964075039819 -4.771226651913222 -3.776871933764358 0.43886405425566477 -32.19026234837578 -12.963075843343852 50.180864778640114 26.95500541515696 -1.8409512461909923 -1.9636315087022733 -0.1465430953839297
-98.28512855613195 -20.15181634494179 -17.06189766145337 -19.343225694341488 -36.382100073218425 -16.370177857035685 -8.218517650257253 -9.024354162914767 0.9117169765300803 -96.18512320202518 -55.657463688421814 227.39166946077646 151.9406073585718 -32.651260659321856 -23.226066364954075 -2.395656572099507
-98.28512855613195 -20.15181634494179 -17.06189766145337 -19.343225694341488 -36.382100073218425 -16.370177857035685 -8.218517650257253 -9.024354162914767 0.9117169765300803 -96.18512320202518 -55.657463688421814 227.39166946077646 151.9406073585718 -32.651260659321856 -23.226066364954075 -2.395656572099507
-96.33079862554882 -22.006221832035575 17.29346041769211 -6.1092289307426615 -16.102358273794085 -6.726089418249858 -2.2216989568236847 -3.2164054063485623 -0.5621856777128164 -26.957688856321035 -8.231197731229976 12.950557866539391 -3.502437054657734 -13.06536580157733 3.900356072852434 1.9949721707587005
-96.39916576826192 -17.717354592213066 1.4102243245140647 -9.255605516855244 -16.718073895766235 -7.141876762786601 -0.3979289659677972 -2.780920189999298 -0.5524958867084813 -22.809421804239697 -7.131043399666829 10.517626762633345 -3.4440626032021964 -20.285897901291904 1.4924657914397692 -1.6800107996918034
-95.98989819199161 -15.920182588894008 -5.2828408134799325 -10.213401787722365 -17.02786270307833 -6.8760627629826425 0.26148223898449624 -2.4862739675679695 0.09201001328784449 -20.160733982297 -5.105739270149989 12.773608044062431 -4.204986404460682 -12.734338437259993 2.655094016922897 -0.6840251851429353
-78.72887278775914 -31.045258156449442 53.822899451177406 9.102233443884067 -15.462399324696907 -15.85686974742418 69.68324734666415 -1.2327489860157257 0.008463803456576786 -22.49160336862984 -10.939508897471034 17.338179922374405 -80.57058678002853 -163.28740504887907 -17.286085705159397 -21.213570095896454
-78.72887278775914 -31.045258156449442 53.822899451177406 9.102233443884067 -15.462399324696907 -15.85686974742418 69.68324734666415 -1.2327489860157257 0.008463803456576786 -22.49160336862984 -10.939508897471034 17.338179922374405 -80.57058678002853 -163.28740504887907 -17.286085705159397 -21.213570095896454
-45.76224318684145 -69.17969211332034 262.78140680277767 74.35041783681054 27.62065654482882 -9.855000366791531 129.47963617821665 4.747055565134494 0.32952031918674485 19.222227657797625 -2.9419683676362127 4.208362299833417 -68.39058384065753 -141.53847369845855 -30.680444379750774 -27.174820706755312
-53.342442124059325 -38.220270712696816 79.79140956780358 32.65086293014644 -13.879017012840725 -26.82030880823824 174.4357025925264 2.206664120501286 -0.1578558179016858 -2.909826559999394 -8.078601744890948 8.796281020016622 -85.43355913750433 -164.08963015354857 -23.094058883833632 -18.339771420697815
-43.56303877959663 -50.264794670758135 151.2664048278988 43.3000717989295 0.5812799707001413 -19.016046992799392 141.43158329255567 2.1595629235313885 -0.2509002313638779 -3.5014275909469754 -9.755452589294263 10.698318492446637 -107.30652760287215 -213.97239198887345 -25.8432430898758 -18.061030692337063
-43.56303877959663 -50.264794670758135 151.2664048278988 43.3000717989295 0.5812799707001413 -19.016046992799392 141.43158329255567 2.1595629235313885 -0.2509002313638779 -3.5014275909469754 -9.755452589294263 10.698318492446637 -107.30652760287215 -213.97239198887345 -25.8432430898758 -18.061030692337063
-104.29319469274692 -83.6661483697702 391.40806403703425 81.50839301317335 73.48465339551542 31.910090677731137 -100.51318805235631 2.986042816615683 0.575908454857282 29.58847594798983 8.468520188629888 -8.588010674903655 50.70700999973546 92.15354562230826 -0.10093722312224662 -1.1406026584843545
-103.9023283531547 -80.27790773169312 371.8590659497438 76.65280044612585 69.2269785038259 30.49880307781063 -99.01780353495496 2.6341093300043172 0.5400334480811556 26.99018076569553 8.002027491925302 -7.918379272806253 51.29245433025905 94.15292951313711 0.9487361542978445 -0.5148743614047477
-94.66151655341913 -37.91781813550996 96.6941520679539 13.022519014155812 -2.7529395230789926 -0.2840487333043511 -4.738266172514258 -2.7578224293139515 -0.791570316957607 -23.600483543821202 -7.147645832863537 5.9162247273723425 -19.744792848428148 -6.854270844486103 9.109594032834318 16.577794147683452
-96.9139228776543 -21.56734045520022 16.05862880940739 -6.274279826059778 -12.55018009232845 11.078525478939612 10.501440303088225 -2.2959781509492694 -4.465847902666802 -15.069758753398222 -4.543125167924878 -7.422663670059355 -19.57409031704748 -28.9328418640838 72.42336843389451 106.47292104421248
-96.98877201898185 -17.979583720374137 -17.120605381633933 -20.614780519591964 -3.8388330136290403 28.76491262802708 0.8962261106763451 -2.479928374065831 -10.67622876018713 -16.422926444236285 -2.97804902064991 -6.600236713239386 -14.96281214066763 -8.605269168775486 125.18630191285429 181.66336209003006
-98.7437535607 -23.654151956685467 -32.37133624235974 -39.17147920376068 6.511190410929631 227.8728799137516 25.83078566812497 2.828817647517756 -14.829610446066042 16.874857406474526 -0.3050711562697444 -1.266693749094127 4.125360215516691 -2.2801775240395026 -0.7632505830720484 2.3154020617306363
-98.40674728577378 -22.654493644930902 -29.91020434674428 -35.89226150057233 -3.03626891132294 217.9772339160124 23.89678557081897 1.2749498585437475 -33.71763178322455 16.33800450563054 0.37056086081298273 0.8952379555727419 0.49612299509773294 -2.432024740841982 15.187174415931617 25.10400201755034
-99.65042110226265 -26.337215077360103 -38.22013281215684 -46.37180069975628 -1.8207001285187392 331.47608164078343 37.57784503836722 3.137695732215869 -49.125845003021226 33.40562473141503 1.6348275611411291 3.5224393532492115 7.57379389926535 -0.8898484583760043 -26.437369924315153 -32.80165227224631
-99.77506430988552 -26.677473792393712 -38.852454913933165 -47.22415494404798 -1.4349137505802476 338.52961198988527 38.44052836037142 3.180533652155327 -50.96400455110977 34.34577505082145 1.6972518268971049 3.7377628985168374 7.65644181693665 -0.9376919106756846 -26.809074172708556 -33.13512200344663
-99.32047200891543 -25.55113154493415 -36.980324117855595 -44.94110097533234 6.302108004847573 296.7162078029215 33.975658967086844 2.748958056592651 -47.33342277523948 31.013572840879558 1.9240033305620527 4.522125635464684 5.969522132321032 -0.4859930507925846 -23.983888818213874 -29.941264442284464
-99.32047200891543 -25.55113154493415 -36.980324117855595 -44.94110097533234 6.302108004847573 296.7162078029215 33.975658967086844 2.748958056592651 -47.33342277523948 31.013572840879558 1.9240033305620527 4.522125635464684 5.969522132321032 -0.4859930507925846 -23.983888818213874 -29.941264442284464
-99.32047200891543 -25.55113154493415 -36.980324117855595 -44.94110097533234 6.302108004847573 296.7162078029215 33.975658967086844 2.748958056592651 -47.33342277523948 31.013572840879558 1.9240033305620527 4.522125635464684 5.969522132321032 -0.4859930507925846 -23.983888818213874 -29.941264442284464
-99.5796609086084 -26.22943844029257 -38.188729670384426 -46.35905429361637 -0.39402237510966187 330.3532598461738 37.55732426260154 2.949148884210641 -53.88917011154542 34.84584988287464 1.9523192751458163 4.31929066528673 8.129438079667842 -0.38207378540440745 -34.40604609326227 -44.493327522764034
-99.5796609086084 -26.22943844029257 -38.188729670384426 -46.35905429361637 -0.39402237510966187 330.3532598461738 37.55732426260154 2.949148884210641 -53.88917011154542 34.84584988287464 1.9523192751458163 4.31929066528673 8.129438079667842 -0.38207378540440745 -34.40604609326227 -44.493327522764034
-99.18180456793905 -25.116506220321035 -36.052192187830784 -43.60221868745816 2.4688184478140274 292.64536714601013 33.171076783988426 2.4982352965646304 -46.95231164416355 29.804042014668102 1.3137405902157961 2.7267385689194175 7.303391933239596 -0.6440252100747498 -26.804874325819323 -34.0505927644377
-99.5796609086084 -26.22943844029257 -38.188729670384426 -46.35905429361637 -0.39402237510966187 330.3532598461738 37.55732426260154 2.949148884210641 -53.88917011154542 34.84584988287464 1.9523192751458163 4.31929066528673 8.129438079667842 -0.38207378540440745 -34.40604609326227 -44.493327522764034
-98.03074363087076 -22.067771590412793 -32.41915860154907 -40.37760708185018 94.16573582792344 8.09992931342704 6.205445723153181 11.935066769836297 188.54020014023553 -20.550040173752166 -6.185760912838144 -17.127140228728194 8.50126850028368 -2.6185189473597665 -0.013458288237670007 -0.1020329631814516
-98.03074363087076 -22.067771590412793 -32.41915860154907 -40.37760708185018 94.16573582792344 8.09992931342704 6.205445723153181 11.935066769836297 188.54020014023553 -20.550040173752166 -6.185760912838144 -17.127140228728194 8.50126850028368 -2.6185189473597665 -0.013458288237670007 -0.1020329631814516
-98.03074363087076 -22.067771590412793 -32.41915860154907 -40.37760708185018 94.16573582792344 8.09992931342704 6.205445723153181 11.935066769836297 188.54020014023553 -20.550040173752166 -6.185760912838144 -17.127140228728194 8.50126850028368 -2.6185189473597665 -0.013458288237670007 -0.1020329631814516
-98.03074363087076 -22.067771590412793 -32.41915860154907 -40.37760708185018 94.16573582792344 8.09992931342704 6.205445723153181 11.935066769836297 188.54020014023553 -20.550040173752166 -6.185760912838144 -17.127140228728194 8.50126850028368 -2.6185189473597665 -0.013458288237670007 -0.1020329631814516
-98.03074363087076 -22.067771590412793 -32.41915860154907 -40.37760708185018 94.16573582792344 8.09992931342704 6.205445723153181 11.935066769836297 188.54020014023553 -20.550040173752166 -6.185760912838144 -17.127140228728194 8.50126850028368 -2.6185189473597665 -0.013458288237670007 -0.1020329631814516
-99.20106081143221 -25.963537353852885 -40.44577080738653 -51.27269608852766 93.94091744402455 133.52517664871056 21.316522897420786 11.3780938280164 126.94332752970838 3.210567913031189 -3.046407135211183 -8.244588055700188 8.998778522027894 -3.01087594797556 -9.905082701292319 -10.161618675563865
-98.65097864552405 -24.567767479285127 -38.56111089407686 -49.318353511518644 124.36700633353418 23.933680787744194 9.726824862180186 8.728448108650726 109.56309890238421 -2.5996915470714326 -1.8391050594860303 -4.78008113014202 3.7361433452486414 -1.4037915637892007 -1.991302253382472 -2.0624804469205618
-97.96646170135848 -22.364803767856483 -33.48190217931652 -42.12904400281531 102.96676739771458 -12.524167939495726 1.977517265316562 -4.962781276072188 -105.12798678331858 17.48421125634458 5.910972100268459 16.257462043637393 -9.718851991784351 3.8533890878638286 1.3942605929334235 -2.7677009142464053
-97.30786790132224 -20.265598930901817 -28.697570956117524 -35.38351601096583 81.80743252224948 -23.351537924661802 -0.5482864197059573 -4.649669541423595 -86.09092933311018 10.691526553957965 4.578704173001036 12.581441475904724 -8.943439192832413 3.5016821203217074 4.993993041508643 1.8567560834457997
-95.95650225964496 -15.220214855535469 -15.242977798810566 -16.286264913623484 0.8194230317355595 -8.264197685894155 -3.734057399652931 -3.099326875285067 -20.410875446047367 -11.377528794844551 -2.4235260997028525 -6.636510130144897 -1.0931391880920565 -0.30219962838729736 16.501928173582154 19.576569150554008
-95.95650225964496 -15.220214855535469 -15.242977798810566 -16.286264913623484 0.8194230317355595 -8.264197685894155 -3.734057399652931 -3.099326875285067 -20.410875446047367 -11.377528794844551 -2.4235260997028525 -6.636510130144897 -1.0931391880920565 -0.30219962838729736 16.501928173582154 19.576569150554008
-96.51189130117832 -20.609326217245673 12.870301473393386 -7.725942465308045 -15.640657571551651 -6.3216927046204825 -7.962481709040573 -3.675182172915196 -1.9535206773811271 -26.64524688937168 -9.473629789719896 -1.7359376165731573 4.561952725392423 -3.0290826226986787 3.8137409637607895 4.036916923744639
-96.51174539502684 -19.458743887333057 3.9485515116329406 -9.70638481108485 -18.77171714745028 -7.370800593983411 -4.136962356795818 -3.5219214934554834 -0.4307381102519567 -29.329171813574366 -8.557810650086743 16.524136508487828 1.2044907282515844 -3.1244902112161386 5.82029950379347 4.50384419544
-100.09782930214844 -48.09241898707732 183.10159834713122 34.84436104166633 26.719178127737955 11.482266163925685 -46.49007901211421 0.41017538480015436 0.512376980294229 5.695559021392297 2.0988568227481257 5.749474742589121 36.94324620610881 58.94809158779248 0.9177526833728415 -3.486765284863532
-82.14688149600774 -67.42637073443562 277.61428903761225 61.550330514189724 40.230577417137305 10.627692098653384 -4.0744594652035095 2.199591525063139 0.1351484908441882 13.287493890941903 0.7744021538802274 -1.4551753429000454 -12.473123739859409 -25.19164175849585 -7.892523636059252 -4.921506925922576
-74.27907056892025 -39.811538950364294 109.8834283451044 26.96921383627752 -0.6592044929881228 -11.295633744943839 79.73691565185081 0.8828876674420352 -0.23933395954314257 -4.568610120620121 -5.661465077052677 3.9929915206349227 -66.7800958337624 -126.66903469547891 -10.95894436923213 -5.323757391841481
-92.18189440744563 -26.679005804032975 50.730562575579164 7.380595015951088 -6.864003843275674 -6.611677797324853 27.464791525949778 -0.691267218848511 -0.11946137510193264 -9.954814399868498 -3.5711097029703285 3.2618605434222494 -32.16689900751075 -59.1425004857779 -1.0221018471327699 -0.6435145376929944
-99.35879422836646 -51.4347493432755 5.912367931480136 178.68167845116588 -17.576351396597108 -68.40090044472029 529.1306444650724 14.899631144107603 0.2377199596389532 84.5666985913277 19.03417407605963 -21.550441698418318 155.93568428530318 283.8433461123806 18.255504379460536 17.373425257482506
-87.20494310396771 -26.384038691664575 17.667869868908213 30.973865778923262 -14.278086895443336 -19.48561957371426 118.10764808728256 1.525712031512569 -0.02146238669656353 1.8730867356345755 -1.5949931243683708 5.610766798726456 1.135258181690379 -5.00858587527002 0.32572898406791523 0.9105212270047964
-97.53954635795318 -26.128528076925896 -12.52453793279366 59.59712762206295 -16.68938061570391 -29.065876462642226 196.4797995553102 4.530735781503076 0.17102704349539322 24.26015138421517 6.859060762366595 -7.750366340958856 58.683814643295605 111.59731890014777 10.662708353855194 7.418119685269982
-97.11861444976823 -25.009424650397218 -21.26078779441728 66.60286688530454 -12.482958397685493 -22.222358442394132 148.70681730855017 3.2595679050434843 0.1203210037176316 17.21425434779208 5.377025031637184 -6.476491368832195 47.24916351963076 93.22055242830996 9.903176150646267 6.96787367573676
648.4161093702724 1.8053336437168348 -1.089583796142913 -0.14245129815304294 0.6239495898634643 0.4637588342200072 -2.0263051743820473 0.009704581824967338 -0.0009300254259252006 0.25973587363352946 0.09575916828313219 -0.08556881355433733 1.0560903146635712 1.8898063629423887 0.16607319935938047 0.168844835668563
648.4161093702724 1.8053336437168348 -1.089583796142913 -0.14245129815304294 0.6239495898634643 0.4637588342200072 -2.0263051743820473 0.009704581824967338 -0.0009300254259252006 0.25973587363352946 0.09575916828313219 -0.08556881355433733 1.0560903146635712 1.8898063629423887 0.16607319935938047 0.168844835668563
648.4161093702724 1.8053336437168348 -1.089583796142913 -0.14245129815304294 0.6239495898634643 0.4637588342200072 -2.0263051743820473 0.009704581824967338 -0.0009300254259252006 0.25973587363352946 0.09575916828313219 -0.08556881355433733 1.0560903146635712 1.8898063629423887 0.16607319935938047 0.168844835668563
648.4161093702724 1.8053336437168348 -1.089583796142913 -0.14245129815304294 0.6239495898634643 0.4637588342200072 -2.0263051743820473 0.009704581824967338 -0.0009300254259252006 0.25973587363352946 0.09575916828313219 -0.08556881355433733 1.0560903146635712 1.8898063629423887 0.16607319935938047 0.168844835668563
648.4161093702724 1.8053336437168348 -1.089583796142913 -0.14245129815304294 0.6239495898634643 0.4637588342200072 -2.0263051743820473 0.009704581824967338 -0.0009300254259252006 0.25973587363352946 0.09575916828313219 -0.08556881355433733 1.0560903146635712 1.8898063629423887 0.16607319935938047 0.168844835668563
648.4161093702724 1.8053336437168348 -1.089583796142913 -0.14245129815304294 0.6239495898634643 0.4637588342200072 -2.0263051743820473 0.009704581824967338 -0.0009300254259252006 0.25973587363352946 0.09575916828313219 -0.08556881355433733 1.0560903146635712 1.8898063629423887 0.16607319935938047 0.168844835668563
648.4161093702724 1.8053336437168348 -1.089583796142913 -0.14245129815304294 0.6239495898634643 0.4637588342200072 -2.0263051743820473 0.009704581824967338 -0.0009300254259252006 0.25973587363352946 0.09575916828313219 -0.08556881355433733 1.0560903146635712 1.8898063629423887 0.16607319935938047 0.168844835668563
648.4161093702724 1.8053336437168348 -1.089583796142913 -0.14245129815304294 0.6239495898634643 0.4637588342200072 -2.0263051743820473 0.009704581824967338 -0.0009300254259252006 0.25973587363352946 0.09575916828313219 -0.08556881355433733 1.0560903146635712 1.8898063629423887 0.16607319935938047 0.168844835668563
648.4161093702724 1.8053336437168348 -1.089583796142913 -0.14245129815304294 0.6239495898634643 0.4637588342200072 -2.0263051743820473 0.009704581824967338 -0.0009300254259252006 0.25973587363352946 0.09575916828313219 -0.08556881355433733 1.0560903146635712 1.8898063629423887 0.16607319935938047 0.168844835668563
648.4161093702724 1.8053336437168348 -1.089583796142913 -0.14245129815304294 0.6239495898634643 0.4637588342200072 -2.0263051743820473 0.009704581824967338 -0.0009300254259252006 0.25973587363352946 0.09575916828313219 -0.08556881355433733 1.0560903146635712 1.8898063629423887 0.16607319935938047 0.168844835668563
648.4161093702724 1.8053336437168348 -1.089583796142913 -0.14245129815304294 0.6239495898634643 0.4637588342200072 -2.0263051743820473 0.009704581824967338 -0.0009300254259252006 0.25973587363352946 0.09575916828313219 -0.08556881355433733 1.0560903146635712 1.8898063629423887 0.16607319935938047 0.168844835668563
648.4161093702724 1.8053336437168348 -1.089583796142913 -0.14245129815304294 0.6239495898634643 0.4637588342200072 -2.0263051743820473 0.009704581824967338 -0.0009300254259252006 0.25973587363352946 0.09575916828313219 -0.08556881355433733 1.0560903146635712 1.8898063629423887 0.16607319935938047 0.168844835668563
648.4161093702724 1.8053336437168348 -1.089583796142913 -0.14245129815304294 0.6239495898634643 0.4637588342200072 -2.0263051743820473 0.009704581824967338 -0.0009300254259252006 0.25973587363352946 0.09575916828313219 -0.08556881355433733 1.0560903146635712 1.8898063629423887 0.16607319935938047 0.168844835668563
648.4161093702724 1.8053336437168348 -1.089583796142913 -0.14245129815304294 0.6239495898634643 0.4637588342200072 -2.0263051743820473 0.009704581824967338 -0.0009300254259252006 0.25973587363352946 0.09575916828313219 -0.08556881355433733 1.0560903146635712 1.8898063629423887 0.16607319935938047 0.168844835668563
648.4161093702724 1.8053336437168348 -1.089583796142913 -0.14245129815304294 0.6239495898634643 0.4637588342200072 -2.0263051743820473 0.009704581824967338 -0.0009300254259252006 0.25973587363352946 0.09575916828313219 -0.08556881355433733 1.0560903146635712 1.8898063629423887 0.16607319935938047 0.168844835668563
648.4161093702724 1.8053336437168348 -1.089583796142913 -0.14245129815304294 0.6239495898634643 0.4637588342200072 -2.0263051743820473 0.009704581824967338 -0.0009300254259252006 0.25973587363352946 0.09575916828313219 -0.08556881355433733 1.0560903146635712 1.8898063629423887 0.16607319935938047 0.168844835668563
648.4161093702724 1.8053336437168348 -1.089583796142913 -0.14245129815304294 0.6239495898634643 0.4637588342200072 -2.0263051743820473 0.009704581824967338 -0.0009300254259252006 0.25973587363352946 0.09575916828313219 -0.08556881355433733 1.0560903146635712 1.8898063629423887 0.16607319935938047 0.168844835668563
648.4161093702724 1.8053336437168348 -1.089583796142913 -0.14245129815304294 0.6239495898634643 0.4637588342200072 -2.0263051743820473 0.009704581824967338 -0.0009300254259252006 0.25973587363352946 0.09575916828313219 -0.08556881355433733 1.0560903146635712 1.8898063629423887 0.16607319935938047 0.168844835668563
648.4161093702724 1.8053336437168348 -1.089583796142913 -0.14245129815304294 0.6239495898634643 0.4637588342200072 -2.0263051743820473 0.009704581824967338 -0.0009300254259252006 0.25973587363352946 0.09575916828313219 -0.08556881355433733 1.0560903146635712 1.8898063629423887 0.16607319935938047 0.168844835668563
648.4161093702724 1.8053336437168348 -1.089583796142913 -0.14245129815304294 0.6239495898634643 0.4637588342200072 -2.0263051743820473 0.009704581824967338 -0.0009300254259252006 0.25973587363352946 0.09575916828313219 -0.08556881355433733 1.0560903146635712 1.8898063629423887 0.16607319935938047 0.168844835668563
648.4161093702724 1.8053336437168348 -1.089583796142913 -0.14245129815304294 0.6239495898634643 0.4637588342200072 -2.0263051743820473 0.009704581824967338 -0.0009300254259252006 0.25973587363352946 0.09575916828313219 -0.08556881355433733 1.0560903146635712 1.8898063629423887 0.16607319935938047 0.168844835668563
648.4161093702724 1.8053336437168348 -1.089583796142913 -0.14245129815304294 0.6239495898634643 0.4637588342200072 -2.0263051743820473 0.009704581824967338 -0.0009300254259252006 0.25973587363352946 0.09575916828313219 -0.08556881355433733 1.0560903146635712 1.8898063629423887 0.16607319935938047 0.168844835668563
648.4161093702724 1.8053336437168348 -1.089583796142913 -0.14245129815304294 0.6239495898634643 0.4637588342200072 -2.0263051743820473 0.009704581824967338 -0.0009300254259252006 0.25973587363352946 0.09575916828313219 -0.08556881355433733 1.0560903146635712 1.8898063629423887 0.16607319935938047 0.168844835668563
648.4161093702724 1.8053336437168348 -1.089583796142913 -0.14245129815304294 0.6239495898634643 0.4637588342200072 -2.0263051743820473 0.009704581824967338 -0.0009300254259252006 0.25973587363352946 0.09575916828313219 -0.08556881355433733 1.0560903146635712 1.8898063629423887 0.16607319935938047 0.168844835668563
648.4161093702724 1.8053336437168348 -1.089583796142913 -0.14245129815304294 0.6239495898634643 0.4637588342200072 -2.0263051743820473 0.009704581824967338 -0.0009300254259252006 0.25973587363352946 0.09575916828313219 -0.08556881355433733 1.0560903146635712 1.8898063629423887 0.16607319935938047 0.168844835668563
648.4161093702724 1.8053336437168348 -1.089583796142913 -0.14245129815304294 0.6239495898634643 0.4637588342200072 -2.0263051743820473 0.009704581824967338 -0.0009300254259252005 0.25973587363352946 0.09575916828313219 -0.08556881355433733 1.0560903146635712 1.8898063629423887 0.16607319935938047 0.168844835668563
648.4161093702724 1.8053336437168348 -1.089583796142913 -0.14245129815304294 0.6239495898634643 0.4637588342200072 -2.0263051743820473 0.009704581824967338 -0.0009300254259252005 0.25973587363352946 0.09575916828313219 -0.08556881355433733 1.0560903146635712 1.8898063629423887 0.16607319935938047 0.168844835668563
648.4161093702724 1.8053336437168352 -1.0895837961429127 -0.14245129815304294 0.6239495898634642 0.4637588342200072 -2.0263051743820473 0.009704581824967352 -0.0009300254259251563 0.2597358736335294 0.09575916828313219 -0.08556881355433733 1.0560903146635714 1.8898063629423887 0.16607319935938045 0.16884483566856306
]