08-10-20_David_4K.alligator_above_orange_wagon.0000000000 [ 2247.306976 4193.593292 2139.11377 2721242.10655 -0.133873 0.521601 0.748427 1723.335266 5248.795166 122.269897 3053468.506204 0.119929 0.089193 0.044201 1258.450775 5918.987427 646.760864 3703641.012712 0.0 0.0 0.0 0.258162 0.113858 0.168686 578.306332 6585.179749 1173.739014 4507669.380594 0.0 0.0 0.0 0.371924 0.109365 0.177641 838.907242 5829.064026 192.214355 3471869.913662 0.0 0.0 0.0 0.542742 0.105878 0.107894 -2651.383514 3688.263245 3015.36377 2972553.896474 -0.29175 0.150889 0.120042 -3129.261627 5978.218079 2665.516357 5263634.717859 -0.104436 0.096425 0.12213 -3858.32016 6168.248901 1942.637939 5670777.11294 0.0 0.0 0.0 -0.075696 0.070243 0.115016 -4570.471649 6440.686035 1192.532349 6379378.110186 0.0 0.0 0.0 -0.056186 0.057547 0.087586 -3509.965363 6260.013733 1366.162109 5337402.769161 0.0 0.0 0.0 -0.061603 0.068645 0.097733
2244.190807 4188.97995 2140.217285 2716447.542854 -0.103505 0.508551 0.71255 1718.196697 5224.167175 94.0271 3025296.366126 0.121603 0.082279 0.015578 1286.952114 5915.65918 632.489014 3705131.162664 40.448227 -1.902771 -40.326538 0.294073 0.113567 0.162165 570.974102 6528.718262 1191.870728 4437072.939724 4.614658 -55.036011 -7.922974 0.378273 0.102833 0.176907 1414.439144 5590.303955 -534.517212 3353784.505245 587.47879 -237.334595 -752.786255 1.290484 0.075329 -0.00199 -2675.672932 3709.170914 3082.391357 3041831.09846 -0.297726 0.234104 0.123804 -3161.881428 5989.792175 2593.952637 5260369.474799 -0.105798 0.097027 0.117044 -3813.834553 6233.062744 1805.371094 5665576.995441 56.432495 66.239319 -163.321533 -0.073809 0.07205 0.106026 -4598.425312 6456.361389 1101.61499 6404367.332458 -16.006775 17.10083 -116.972046 -0.056501 0.05788 0.080534 -3634.119892 6396.353149 1455.413818 5623839.0385 -112.207642 137.764893 63.197021 -0.064947 0.072283 0.101347
2266.83342 4162.176208 2140.533447 2704412.798256 0.032796 0.416208 0.673649 1762.326736 5238.492889 108.832397 3055944.776908 0.136629 0.087813 0.008955 1210.358353 5894.839172 577.427979 3654751.928026 -59.601974 -16.574707 -82.431641 0.241158 0.111038 0.148834 528.151531 6574.823914 1101.64856 4472088.308324 -25.830784 50.350952 -117.592773 0.342733 0.108809 0.166016 620.684929 5360.24826 -614.299927 2949487.559514 -776.762428 -225.810394 -107.15332 0.301822 0.046262 -0.017631 -2690.891953 3729.273911 3149.266357 3106626.19898 -0.296868 0.324828 0.127432 -3206.334152 5970.323181 2521.590576 5228375.661695 -0.107608 0.096321 0.111848 -3857.555771 6357.898865 1791.590576 5851341.129237 -26.729431 129.081421 -41.151123 -0.074702 0.075571 0.103761 -4715.996628 6452.557983 1146.599121 6519081.82671 -100.579529 0.441895 17.613525 -0.058479 0.057889 0.081596 -3732.647018 6394.900208 1395.690918 5677535.556685 -81.535339 2.792358 -87.093506 -0.067377 0.072357 0.096366
2266.304588 4159.761047 2145.077515 2704110.600204 0.031945 0.421282 0.671737 1762.514153 5237.704468 113.995361 3055299.9172 0.136744 0.088667 0.00858 1209.663658 5893.326416 582.615356 3653402.30651 -0.413361 2.141724 -0.686035 0.240791 0.111365 0.148723 515.877972 6567.642212 1098.959351 4460776.595959 -11.992226 -3.527222 -8.562622 0.326233 0.10839 0.165223 620.038223 5356.952515 -608.081055 2945115.021158 -0.365372 0.358734 0.345459 0.301357 0.046308 -0.017581 -2690.870247 3727.716064 3150.914917 3106491.455689 -0.296721 0.332641 0.127044 -3204.681282 5969.397278 2523.939819 5227395.81917 -0.107481 0.096448 0.111664 -3852.323189 6357.007141 1790.742798 5845869.351105 5.513916 2.762756 -6.721191 -0.074518 0.075646 0.103391 -4708.739815 6449.798889 1142.753296 6507802.144899 7.538147 0.895386 -9.719238 -0.05833 0.057907 0.08101 -3724.650764 6393.31604 1394.225464 5669137.794915 8.277588 2.070312 -7.338867 -0.067131 0.072411 0.095946
2267.046928 4159.283905 2145.172729 2704091.041759 0.031159 0.422367 0.671306 1762.765312 5236.696014 113.920898 3054330.466426 0.136567 0.088587 0.008332 1209.485435 5892.085571 582.365112 3651867.652207 -1.149139 -0.498657 -0.645752 0.23977 0.111289 0.148619 518.668766 6567.636719 1101.077271 4461524.051395 1.819878 0.736694 1.722412 0.328737 0.108478 0.165382 620.804596 5354.919281 -608.936768 2943136.283935 -0.204544 -1.291046 -1.251221 0.301097 0.046142 -0.017763 -2689.951515 3727.321777 3152.442017 3106665.745401 -0.296746 0.333937 0.127148 -3203.830299 5969.273987 2526.460571 5227976.353517 -0.107489 0.096477 0.111775 -3851.355934 6356.777954 1793.099976 5845677.601166 -0.003662 0.513 1.96167 -0.074518 0.07566 0.103499 -4707.956276 6448.773193 1145.233765 6506308.837124 -0.187378 -0.283508 2.084961 -0.058334 0.057901 0.081136 -3722.787819 6391.436768 1395.24353 5665631.760733 0.892029 -1.137085 0.622559 -0.067104 0.072381 0.095982
2267.029972 4159.239197 2145.254517 2704081.25313 0.031179 0.422556 0.671314 1762.757053 5236.687469 114.031372 3054321.123607 0.136571 0.088612 0.008351 1209.562626 5892.116699 582.514038 3651940.354772 0.099945 0.12207 0.073242 0.239859 0.111308 0.148631 519.016533 6567.798462 1101.40686 4461845.186977 0.370522 0.252686 0.253906 0.329247 0.108508 0.165406 620.743542 5355.006561 -608.725586 2943196.46549 -0.0383 0.178223 0.135498 0.301048 0.046165 -0.017743 -2689.972134 3727.292404 3152.382202 3106617.229438 -0.296745 0.334166 0.127136 -3203.820095 5969.225159 2526.344604 5227852.925733 -0.107486 0.096479 0.111765 -3851.307278 6356.694641 1792.937622 5845475.98241 0.071411 0.007629 -0.238037 -0.074516 0.075661 0.103486 -4707.889004 6448.626404 1145.044556 6506012.840202 0.090027 -0.055847 -0.264893 -0.058332 0.0579 0.08112 -3722.672024 6391.250916 1395.009155 5665242.580511 0.13855 -0.09491 -0.310059 -0.0671 0.072379 0.095964
2267.029972 4159.239197 2145.254517 2704081.25313 0.031179 0.422556 0.671314 1762.757053 5236.687469 114.031372 3054321.123607 0.136571 0.088612 0.008351 1209.562626 5892.116699 582.514038 3651940.354772 0.0 0.0 0.0 0.239859 0.111308 0.148631 519.016533 6567.798462 1101.40686 4461845.186977 0.0 0.0 0.0 0.329247 0.108508 0.165406 620.743542 5355.006561 -608.725586 2943196.46549 0.0 0.0 0.0 0.301048 0.046165 -0.017743 -2689.972134 3727.292404 3152.382202 3106617.229438 -0.296745 0.334166 0.127136 -3203.820095 5969.225159 2526.344604 5227852.925733 -0.107486 0.096479 0.111765 -3851.307278 6356.694641 1792.937622 5845475.98241 0.0 0.0 0.0 -0.074516 0.075661 0.103486 -4707.889004 6448.626404 1145.044556 6506012.840202 0.0 0.0 0.0 -0.058332 0.0579 0.08112 -3722.672024 6391.250916 1395.009155 5665242.580511 0.0 0.0 0.0 -0.0671 0.072379 0.095964
2267.020607 4159.23645 2145.256348 2704075.507833 0.031167 0.422598 0.671306 1762.749519 5236.680298 114.032593 3054310.984208 0.136571 0.088614 0.008347 1209.558678 5892.112122 582.513428 3651933.934152 0.001755 0.008545 -0.008545 0.239861 0.111309 0.14863 519.050541 6567.8125 1101.431885 4461872.669597 0.039711 0.027161 0.01709 0.329301 0.108511 0.165407 620.739212 5354.999084 -608.726807 2943188.068919 0.001373 0.005646 -0.009155 0.30105 0.046166 -0.017745 -2689.983025 3727.28363 3152.371826 3106610.00643 -0.296748 0.334182 0.127134 -3203.830986 5969.213867 2526.328125 5227838.097439 -0.107487 0.096479 0.111764 -3851.302605 6356.673279 1792.904053 5845433.186861 0.010376 -0.00824 -0.041504 -0.074515 0.07566 0.103484 -4707.873039 6448.587646 1144.994507 6505936.360873 0.021667 -0.025635 -0.057983 -0.058332 0.057899 0.081116 -3722.665215 6391.234436 1394.986572 5665210.14527 0.012512 -0.003357 -0.030518 -0.0671 0.072379 0.095962
2267.020607 4159.23645 2145.256348 2704075.507833 0.031167 0.422598 0.671306 1762.749519 5236.680298 114.032593 3054310.984208 0.136571 0.088614 0.008347 1209.558678 5892.112122 582.513428 3651933.934152 0.0 0.0 0.0 0.239861 0.111309 0.14863 519.050541 6567.8125 1101.431885 4461872.669597 0.0 0.0 0.0 0.329301 0.108511 0.165407 620.739212 5354.999084 -608.726807 2943188.068919 0.0 0.0 0.0 0.30105 0.046166 -0.017745 -2689.983025 3727.28363 3152.371826 3106610.00643 -0.296748 0.334182 0.127134 -3203.830986 5969.213867 2526.328125 5227838.097439 -0.107487 0.096479 0.111764 -3851.302605 6356.673279 1792.904053 5845433.186861 0.0 0.0 0.0 -0.074515 0.07566 0.103484 -4707.873039 6448.587646 1144.994507 6505936.360873 0.0 0.0 0.0 -0.058332 0.057899 0.081116 -3722.665215 6391.234436 1394.986572 5665210.14527 0.0 0.0 0.0 -0.0671 0.072379 0.095962
2267.020607 4159.23645 2145.256348 2704075.507833 0.031167 0.422598 0.671306 1762.749519 5236.680298 114.032593 3054310.984208 0.136571 0.088614 0.008347 1209.558678 5892.112122 582.513428 3651933.934152 0.0 0.0 0.0 0.239861 0.111309 0.14863 519.050541 6567.8125 1101.431885 4461872.669597 0.0 0.0 0.0 0.329301 0.108511 0.165407 620.739212 5354.999084 -608.726807 2943188.068919 0.0 0.0 0.0 0.30105 0.046166 -0.017745 -2689.983025 3727.28363 3152.371826 3106610.00643 -0.296748 0.334182 0.127134 -3203.830986 5969.213867 2526.328125 5227838.097439 -0.107487 0.096479 0.111764 -3851.302605 6356.673279 1792.904053 5845433.186861 0.0 0.0 0.0 -0.074515 0.07566 0.103484 -4707.873039 6448.587646 1144.994507 6505936.360873 0.0 0.0 0.0 -0.058332 0.057899 0.081116 -3722.665215 6391.234436 1394.986572 5665210.14527 0.0 0.0 0.0 -0.0671 0.072379 0.095962
2288.209801 4155.152588 2102.896729 2692337.177157 0.046295 0.426997 0.65201 1772.04586 5225.238647 71.270752 3044834.497398 0.134728 0.086741 0.001061 1229.935799 5887.128601 543.239136 3646613.399298 3.587036 0.174866 -10.333862 0.243045 0.111336 0.146958 520.492573 6552.695312 1049.122314 4430938.600747 -15.348053 -9.958801 -23.369141 0.308184 0.107329 0.163243 612.05677 5349.252472 -638.827515 2939721.609196 -25.472527 -0.588226 -1.160278 0.268628 0.04609 -0.017914 -2668.71418 3736.022186 3135.565186 3091166.618368 -0.294579 0.385964 0.128248 -3197.123909 5960.405884 2462.485352 5181187.369564 -0.108151 0.096309 0.109945 -3821.55201 6394.115295 1735.275879 5850015.254886 12.96051 42.600403 -28.687744 -0.074082 0.076822 0.101905 -4711.59626 6393.96759 1127.539673 6435330.657798 -20.513306 -49.46167 11.485596 -0.058735 0.056934 0.081809 -3719.453926 6385.315552 1354.98291 5644257.089062 -13.578796 -0.760498 -11.063232 -0.067504 0.072358 0.09533
2288.22403 4154.97406 2103.422241 2692416.377395 0.046149 0.427174 0.652058 1772.008209 5225.367584 71.958008 3044965.743877 0.134705 0.086846 0.001164 1230.023346 5887.254333 544.083862 3646874.826806 0.030899 0.347595 0.352173 0.243073 0.111389 0.147015 520.982933 6552.964478 1050.354004 4431601.019393 0.433712 0.491028 0.739136 0.308781 0.107387 0.163311 611.723976 5349.429321 -637.681885 2939723.84726 -0.389442 0.398712 0.653076 0.268132 0.046141 -0.017819 -2668.699341 3735.702591 3136.040649 3091218.097445 -0.294599 0.385599 0.128247 -3197.152405 5960.174255 2463.24646 5181304.377632 -0.108157 0.096309 0.109959 -3821.58905 6393.943787 1736.072388 5850100.735111 -0.093689 0.050354 0.303955 -0.074085 0.076824 0.101921 -4711.653137 6393.651428 1128.356323 6435164.186317 -0.113525 -0.094299 0.324097 -0.058737 0.056933 0.081828 -3719.836121 6385.441589 1356.233521 5645041.441738 -0.438843 0.3479 0.758057 -0.067517 0.072368 0.095373
2288.206062 4154.97818 2103.441162 2692419.538179 0.046168 0.427194 0.652063 1771.998482 5225.379791 71.97876 3044975.352409 0.134708 0.08685 0.001167 1230.036049 5887.279663 544.112549 3646910.897874 0.036163 0.02594 0.013428 0.243105 0.111393 0.147017 521.073303 6553.035278 1050.432739 4431719.768595 0.113831 0.071411 0.063477 0.308938 0.107396 0.163317 611.694336 5349.466858 -637.628174 2939753.531256 -0.00618 0.038147 0.038452 0.268125 0.046146 -0.017813 -2668.722191 3735.710754 3135.999756 3091210.744122 -0.294599 0.385632 0.128242 -3197.159386 5960.17334 2463.1604 5181265.353649 -0.108156 0.096309 0.109954 -3821.557274 6393.921204 1735.938721 5850001.159748 0.055237 -0.021973 -0.148926 -0.074083 0.076823 0.101913 -4711.590538 6393.616028 1128.17749 6435019.575883 0.08606 -0.03479 -0.194092 -0.058736 0.056932 0.081816 -3719.785118 6385.404968 1356.108398 5644922.792187 0.074463 -0.036011 -0.140381 -0.067515 0.072367 0.095365
2280.138931 4159.750214 2111.591797 2696137.530228 0.040782 0.425722 0.658068 1763.855057 5231.806335 79.260254 3048926.438076 0.134305 0.087236 0.00291 1220.866623 5893.667603 551.575928 3653006.912425 -2.668304 1.256409 3.48877 0.240736 0.111584 0.147582 520.209446 6563.02948 1066.169434 4448069.108388 5.637264 4.862671 11.762085 0.316694 0.107973 0.164406 598.423271 5355.048981 -629.829712 2943134.546333 -6.769943 0.450592 3.823853 0.259508 0.046204 -0.017255 -2673.013229 3740.947342 3132.729492 3095368.081062 -0.293529 0.386024 0.127576 -3205.217819 5967.342224 2463.807373 5195294.125986 -0.108258 0.096403 0.109781 -3831.168137 6393.973083 1732.735596 5856311.372796 -3.109741 -5.079651 -7.177734 -0.074187 0.076685 0.101518 -4716.896896 6392.575989 1117.498779 6436294.762484 1.194763 -6.17157 -14.65332 -0.058712 0.056812 0.080933 -3735.550156 6387.122192 1361.932373 5660452.465448 -9.263916 -3.414307 1.849365 -0.067791 0.072277 0.095471
2263.076229 4148.006592 2138.106079 2689897.030978 0.034341 0.429198 0.661032 1767.290249 5232.638397 104.525146 3051474.492603 0.138884 0.091236 0.003338 1179.259624 5862.635193 568.505249 3608434.288479 -26.417465 -18.439636 -7.523193 0.217282 0.10877 0.146365 540.555019 6549.343872 1140.122681 4448598.461057 35.535107 -1.092834 49.500732 0.365586 0.107843 0.168991 555.534534 5346.762085 -591.96228 2924690.275341 -27.699203 4.305878 13.414917 0.224252 0.046759 -0.015297 -2684.851627 3725.408783 3158.690796 3106442.640512 -0.291906 0.375047 0.127715 -3209.296207 5955.233459 2486.293335 5194604.225131 -0.107526 0.096426 0.109678 -3849.211369 6387.842407 1769.397583 5875172.658617 -2.853699 6.462097 12.209473 -0.074283 0.076861 0.10219 -4731.714725 6386.131287 1147.609253 6448880.405083 0.371704 6.148071 5.657959 -0.058705 0.056931 0.081274 -3758.05109 6385.829773 1400.97229 5686449.32434 -7.311401 11.300354 14.587402 -0.068009 0.072575 0.096305
2262.645588 4148.335266 2136.757812 2689398.44859 0.032303 0.430176 0.660416 1766.629047 5231.667938 102.627563 3050186.002381 0.138681 0.09092 0.002823 1177.213001 5860.92041 565.792847 3605634.004985 -2.208481 -1.804504 -1.792603 0.215322 0.108495 0.146075 534.748363 6545.708313 1135.430908 4442145.647829 -5.968513 -3.725281 -3.771973 0.357374 0.107401 0.168642 555.93729 5343.452301 -595.740967 2921645.606348 0.240898 -3.399506 -2.858887 0.224559 0.046321 -0.015714 -2684.87196 3725.56015 3158.128662 3106211.251871 -0.291994 0.375277 0.127748 -3209.54237 5955.200806 2485.563965 5194360.708293 -0.107553 0.09642 0.109688 -3849.835644 6387.633667 1768.950195 5875228.314122 -0.786133 -0.298462 0.472412 -0.074309 0.076853 0.102216 -4732.55537 6385.548706 1147.528687 6448913.469704 -1.002502 -0.672302 0.839233 -0.058725 0.056918 0.081325 -3759.593639 6385.603943 1401.347656 5687425.730211 -1.704407 -0.315552 1.295166 -0.06806 0.072567 0.096379
2273.397331 4161.923981 2124.18396 2700210.414267 0.038356 0.441279 0.688696 1781.754265 5260.858154 94.012451 3086011.512085 0.140189 0.096377 0.015277 1194.797478 5908.934937 536.416016 3663079.523866 8.592682 37.138062 2.86499 0.22295 0.114162 0.146538 466.951866 6559.440613 1042.603149 4433132.652523 -76.788292 2.855835 -60.585938 0.251723 0.10774 0.16303 582.496223 5331.849823 -636.849976 2917350.227674 17.567139 -22.478943 -8.867188 0.246918 0.043428 -0.017009 -2672.635536 3729.642334 3111.669312 3073569.855305 -0.290423 0.349961 0.126442 -3197.341347 5972.277527 2472.787476 5200576.844478 -0.107342 0.096708 0.110702 -3833.958778 6395.449524 1745.547485 5864795.055103 6.885071 -3.060608 8.839111 -0.074079 0.076769 0.102703 -4697.879372 6385.177612 1096.118774 6404204.009881 25.684204 -11.247559 -19.168091 -0.05822 0.056699 0.080169 -3743.826027 6400.608215 1390.300903 5691695.544777 6.775818 4.127808 21.195068 -0.067858 0.072676 0.097591
2245.852127 4164.451904 2107.680054 2682882.66487 0.016125 0.43763 0.65868 1759.114151 5251.208649 78.312378 3067580.769678 0.139806 0.092483 0.004697 1154.634018 5880.948792 516.828613 3618585.021919 -19.082489 -31.405334 -23.95874 0.206009 0.10937 0.142664 474.344616 6555.740662 1049.25415 4430367.270921 28.473721 -7.119141 2.279663 0.290899 0.106895 0.163242 525.529213 5343.037415 -625.714111 2921574.791607 -35.88604 7.768402 6.764526 0.201243 0.044428 -0.016021 -2678.779678 3725.141373 3115.263062 3075740.275406 -0.283191 0.32045 0.126371 -3224.757156 5941.550293 2432.052612 5161595.851047 -0.107759 0.095125 0.108352 -3846.048965 6418.84491 1730.274048 5898751.089971 8.990784 19.976196 -19.644775 -0.073778 0.077314 0.101621 -4729.382095 6395.969238 1113.711548 6451583.091255 -10.421753 7.372437 13.221436 -0.058425 0.056843 0.080966 -3755.997391 6419.214783 1366.599731 5718142.965191 8.909607 15.187378 -28.07251 -0.067593 0.073077 0.095986
2233.687267 4156.967163 2128.71582 2680116.584674 0.042247 0.414714 0.692998 1761.92091 5281.024475 117.874146 3100747.911344 0.145354 0.10193 0.027044 1206.038799 5928.212585 592.476807 3694926.281007 71.165466 49.150391 78.479614 0.26919 0.11687 0.155355 445.570011 6511.591492 1123.051758 4386060.164032 -9.01392 -42.262573 76.629028 0.278497 0.101879 0.170339 452.922306 5371.046448 -443.026123 2924955.070496 -52.846222 29.89563 185.519409 0.13398 0.048276 0.011059 -2693.838215 3720.732727 3111.25 3078049.291656 -0.280915 0.311052 0.126262 -3255.11507 5928.835449 2418.656006 5159676.077977 -0.108457 0.094623 0.107802 -3879.214497 6416.655579 1727.650146 5920654.895393 -13.404846 -0.302734 0.20752 -0.074226 0.077306 0.101633 -4806.268635 6370.536194 1181.773071 6508053.717897 -57.125854 -23.546448 70.892944 -0.059548 0.056383 0.08524 -3796.364155 6418.553467 1354.91333 5744599.953412 -20.606079 1.225281 -8.85498 -0.068207 0.073109 0.095479
2228.213444 4166.907196 2114.306641 2679834.330198 0.030948 0.431507 0.672122 1751.025944 5300.830688 107.090454 3117636.620896 0.143213 0.106092 0.021302 1105.456333 5871.261292 568.792725 3601726.802121 -98.394165 -62.789001 -23.793945 0.181835 0.107289 0.151508 392.549362 6487.132874 1130.404663 4351480.262298 -50.832348 -30.296326 7.243042 0.208558 0.098283 0.17101 446.53904 5370.163422 -510.904541 2929907.573895 -4.194965 -6.720734 -67.988281 0.128641 0.047411 0.001135 -2691.695461 3724.130554 3122.050781 3086157.392166 -0.278817 0.301961 0.127244 -3240.448208 5932.261353 2410.262451 5150159.442615 -0.107347 0.094511 0.107359 -3923.792934 6392.536011 1755.500488 5934244.960518 -42.390137 -29.957275 27.740479 -0.075644 0.076489 0.10316 -4975.133877 6467.619019 1529.055176 6892006.259184 -166.676941 91.245117 347.172241 -0.062825 0.058164 0.106169 -3875.103664 6342.566833 1314.094238 5697142.611428 -76.551208 -81.824341 -40.928955 -0.070488 0.070948 0.093138
2210.431099 4157.9422 2116.188354 2665274.213095 0.072141 0.426892 0.667697 1741.495705 5221.581268 66.005249 3030207.492379 0.148187 0.084813 -0.00297 967.050285 5751.729126 342.733765 3413504.062641 -108.645401 -111.694641 -231.018066 0.085379 0.090244 0.114148 283.726959 6494.349976 775.338135 4285823.181601 -79.061756 15.054626 -360.025635 0.099778 0.10007 0.137664 737.879257 5336.656036 -965.98877 2995749.775167 321.100864 -25.669861 -460.043335 0.537337 0.044106 -0.066017 -2710.458488 3724.213867 3160.797729 3120699.6433 -0.273493 0.331475 0.130347 -3218.953056 5922.327576 2382.516479 5111200.746765 -0.103969 0.094414 0.105655 -4044.52282 6054.760437 1741.550903 5605128.833607 -90.969238 -329.938049 -18.908691 -0.078686 0.067489 0.102119 -4912.316093 6257.57782 1132.811279 6457139.096758 92.57843 -202.203674 -401.203003 -0.061005 0.054219 0.081983 -4025.911369 5981.081543 1401.433716 5394531.523713 -121.047058 -353.647766 82.380371 -0.074096 0.061609 0.09785
2218.386307 4147.822876 2144.597168 2672496.942937 0.125093 0.409555 0.678549 1749.704819 5249.784088 114.939575 3063491.103065 0.152035 0.09497 0.011828 952.536392 5731.752625 414.037476 3393174.075827 -7.071457 -14.092407 50.442505 0.079101 0.088093 0.122305 238.753567 6428.114319 873.322754 4214034.95943 -37.530956 -60.351562 77.123413 0.04814 0.092907 0.144807 745.005989 5279.27124 -910.334473 2925444.760383 14.569168 -51.500702 34.793091 0.555881 0.037477 -0.060939 -2710.486679 3722.785797 3156.992188 3117247.180062 -0.269903 0.348078 0.128082 -3208.382187 5914.721069 2355.430908 5082569.634852 -0.102781 0.094334 0.103157 -4089.505539 6103.884277 1809.920654 5725727.159908 -37.540283 55.007935 47.508545 -0.079941 0.068989 0.104734 -4939.209213 6442.671814 2382.445068 7157985.225853 -19.450684 190.978088 1228.772583 -0.061387 0.057945 0.156059 -4069.209824 6019.157104 1403.518066 5475858.379984 -35.856018 43.959656 -18.776855 -0.075164 0.06277 0.096776
2218.385849 4147.82486 2144.589844 2672495.243903 0.125088 0.409553 0.678535 1749.699478 5249.781494 114.93042 3063486.300148 0.152033 0.094969 0.011822 952.512741 5731.722412 414.024658 3393133.874901 -0.024567 -0.032654 -0.015259 0.079079 0.088088 0.122303 238.672972 6428.034058 873.297119 4213923.449162 -0.081511 -0.082703 -0.028076 0.048028 0.092897 0.144804 745.008316 5279.226379 -910.350952 2925400.741194 0.001411 -0.047302 -0.018921 0.555883 0.037471 -0.060941 -2710.488205 3722.780991 3157.003174 3117251.365274 -0.269904 0.348051 0.128082 -3208.392563 5914.718628 2355.454102 5082584.33096 -0.102782 0.094334 0.103158 -4089.533005 6103.888245 1809.971924 5725773.026499 -0.028381 0.001526 0.048828 -0.079942 0.06899 0.104737 -4939.209518 6442.67334 2382.539062 7158032.281525 -0.001221 -0.000916 0.091553 -0.061387 0.057945 0.156064 -4069.250107 6019.163208 1403.568115 5475912.561052 -0.041199 0.003662 0.047607 -0.075165 0.06277 0.096779
2210.675564 4109.272461 2045.509033 2595731.381157 0.219988 0.203686 0.572546 1612.497616 5369.950104 176.915894 3146781.191127 0.126982 0.127279 0.05787 970.327816 5503.391724 -535.310669 3151541.404656 53.120728 -240.06958 -923.966675 0.12624 0.051453 -0.027118 403.122902 5828.944397 332.296143 3424952.158342 199.755583 -610.828552 -515.632324 0.322868 0.020397 0.097045 785.388927 4939.260864 -505.061035 2526822.03018 75.686264 -351.704407 430.658569 0.652216 -0.0078 0.001922 -2636.029453 3744.549561 3103.114014 3059961.927179 -0.216757 0.385423 0.125463 -2998.068333 5637.537842 1738.249512 4379175.801005 -0.086594 0.08094 0.072322 -3887.643528 5793.432007 2258.989258 5378065.908542 237.195129 -322.195129 474.385986 -0.07201 0.060201 0.13085 -4823.134861 5975.814514 2740.748291 6648469.018967 151.38031 -478.597717 383.577881 -0.058411 0.048607 0.179188 -4012.654209 5932.386475 1841.621094 5468617.133918 91.90155 -98.515625 463.421631 -0.072426 0.060168 0.123285
2153.746872 4055.555573 2059.713745 2532857.730197 0.145132 0.254929 0.507682 1475.069046 5211.633453 154.994507 2936097.523995 0.10184 0.09984 0.015047 942.370605 5154.896393 -650.057983 2788359.456056 7.204514 -282.260284 -174.06311 0.132636 0.00838 -0.055267 154.549952 5626.907959 -72.113037 3169117.915653 -213.411226 -135.801392 -463.724976 0.02924 0.004279 0.054094 695.449677 4754.567108 -644.961548 2350553.403671 -54.777527 -118.45871 -199.216309 0.582495 -0.023048 -0.027158 -2625.88295 3694.910965 3099.163208 3015244.08951 -0.194819 0.447263 0.119653 -2802.520218 5351.75415 1429.743042 3853955.722406 -0.071389 0.070762 0.053158 -3775.065689 5459.933167 1785.460815 4724986.146305 147.739563 -267.263794 -532.844238 -0.06707 0.052911 0.101519 -4698.186722 5778.163147 2214.65271 6036481.445168 160.109863 -131.416321 -585.411377 -0.055262 0.046043 0.143897 -3372.707291 5222.476349 709.463501 3915275.21422 675.108643 -643.675079 -1191.473389 -0.052307 0.043169 0.055137
2175.487537 4027.498322 1965.058594 2481494.403214 0.134621 0.203028 0.401698 1371.34737 5195.643158 128.242798 2889174.764966 0.070245 0.099658 0.011987 942.943287 4907.200775 -685.068359 2543908.014692 -24.224319 -232.3172 -14.063721 0.111129 -0.027072 -0.057541 271.241817 5536.149292 -117.582397 3073634.672697 91.894865 -75.380249 -24.522705 0.155676 -0.004668 0.051823 650.222683 4886.570435 -894.094238 2510076.465637 -70.023994 147.381744 -228.186035 0.493369 -0.004077 -0.060466 -2549.960155 3677.794189 2917.177734 2853839.282848 -0.170065 0.440785 0.104864 -2567.420177 5193.432312 1121.397705 3482091.836003 -0.057529 0.064136 0.038184 -3438.815441 5253.575287 1680.992432 4225124.048816 311.453247 -190.979462 -83.521729 -0.056655 0.047701 0.096921 -4349.59486 5542.851257 2145.79834 5424662.60229 323.794861 -219.933472 -47.907715 -0.048896 0.041752 0.141009 -3206.935253 5468.738098 958.440552 4111013.83952 140.975037 261.640167 269.923706 -0.048105 0.050079 0.070576
2199.365854 3942.622833 1905.438232 2401217.982375 0.247074 -0.057934 0.352029 1296.284113 5254.136963 255.213623 2935144.171964 0.053959 0.123383 0.092138 1006.80459 4873.016052 -567.825928 2508236.721255 72.682571 -13.05954 142.319336 0.175657 -0.029065 -0.034526 83.278341 5366.031189 -354.663696 2892701.234054 -179.142208 -148.99292 -212.004395 -0.090802 -0.022353 0.032187 577.238703 5073.411102 396.417847 2622985.184204 -64.162712 207.965851 1315.588989 0.411703 0.022692 0.131569 -2445.068045 3778.716202 2655.491943 2730869.133789 -0.115006 0.895544 0.083136 -2424.360495 4960.497894 656.539307 3091510.702823 -0.04752 0.054317 0.015271 -3074.763784 4992.420197 1448.261719 3647589.375466 372.872925 -240.029907 -207.653809 -0.044186 0.041154 0.085491 -3923.48815 5076.947784 2060.877686 4541637.490094 434.927979 -444.77829 -59.84375 -0.040344 0.033075 0.137401 -2747.682486 4393.092194 674.664307 2730418.998972 468.074036 -1054.520721 -258.699341 -0.034155 0.02223 0.055779
2176.952858 3909.939194 1795.836182 2325177.583575 0.154636 -0.112855 0.189804 1196.992302 5216.582031 189.185791 2868130.992319 0.02845 0.117933 0.055634 946.647911 4769.86496 -612.382202 2402276.596298 -64.623413 -83.884125 -47.776489 0.118284 -0.041866 -0.042252 300.624619 4669.309692 -1456.061401 2401294.29692 212.879543 -677.454529 -1104.61792 0.202094 -0.10276 -0.070125 498.720741 4797.934723 -623.234253 2365732.091701 -82.984695 -256.209412 -1022.872314 0.30608 -0.010287 -0.017738 -2269.401665 3799.350357 2409.138184 2538919.383921 -0.032113 1.044219 0.060217 -2025.15728 4578.012238 237.335815 2511578.634504 -0.021505 0.037479 -0.006738 -2557.740898 4626.666718 1110.76416 2918188.043656 512.556152 -346.486511 -340.717773 -0.027046 0.031703 0.066736 -3154.067497 4640.33905 1973.842773 3537694.357316 764.953918 -417.341766 -90.255127 -0.025302 0.024933 0.13196 -1928.071404 3932.495575 183.377686 1921560.815957 815.144348 -441.329651 -494.506836 -0.009862 0.010575 0.027496
2129.455814 3889.374008 1697.871094 2254457.849181 -0.015989 -0.268176 0.121531 1061.672306 5202.892609 183.681641 2823097.852763 -0.005338 0.108676 0.079344 759.808598 4775.345154 -600.657959 2374202.042663 -188.957443 -11.897736 62.207642 -0.049473 -0.043681 -0.032192 331.079617 4549.177551 -1541.192627 2317990.481884 28.336868 -137.510071 -34.647827 0.241082 -0.119081 -0.073334 312.742176 4599.185181 -525.126343 2152606.96706 -188.096695 -216.127472 148.591309 0.066671 -0.038107 0.003951 -2172.665615 3734.55986 2102.32666 2308719.06106 0.0137 0.738052 0.036677 -1772.231655 4240.666504 -105.203857 2113512.528838 -0.004975 0.021035 -0.021955 -1934.378414 4628.754578 818.842163 2583769.127719 621.244354 -15.29007 -241.438599 -0.006271 0.031286 0.053446 -2481.112576 5102.240906 1566.218262 3464182.151623 670.836792 444.523926 -357.141113 -0.012112 0.033605 0.11043 -1683.070126 3567.990112 56.293335 1556644.742868 242.883148 -381.883392 -76.600952 -0.002623 0.00049 0.023114
1987.870593 3780.470047 1541.760864 2062060.98336 -0.356288 -0.705958 -0.073457 743.116031 4843.415222 52.89978 2401369.083615 -0.073174 0.002141 0.021211 579.660563 4490.97229 -779.544067 2111252.743173 -137.51667 -282.414551 -158.383789 -0.171562 -0.086778 -0.057805 355.738578 4197.753601 -1742.102661 2078260.691302 67.290325 -349.465637 -180.407715 0.333666 -0.16056 -0.090044 -31.119809 4727.806549 184.760132 2238725.951429 -301.230621 130.579681 730.388794 -0.316735 -0.021299 0.110566 -2118.740582 3632.786407 2008.261108 2171931.14176 0.060452 0.366132 0.029921 -1567.904859 4088.997192 -115.217896 1919149.884835 0.0113 0.014095 -0.021408 -1782.469678 3948.534927 840.074463 1947385.132857 194.5401 -678.261337 41.734619 0.000234 0.012784 0.055743 -2312.030683 3542.228622 1602.410278 2046058.819079 211.713257 -1558.05397 56.694336 -0.007949 0.003208 0.113848 -1121.59657 3796.693726 -316.803589 1577322.662569 604.104919 230.661926 -352.594604 0.015381 0.006582 0.002947
1930.199718 3683.75946 1528.914185 1963333.329943 -0.477392 -1.014717 -0.065976 563.64687 4691.924744 185.955811 2236643.515725 -0.111775 -0.036658 0.100866 649.227619 4226.837311 -578.449097 1862225.351084 92.022781 -242.851105 219.144287 -0.089863 -0.123837 -0.022366 371.803951 4142.595367 -1544.527588 1968490.00262 38.521099 -33.874359 215.62439 0.386666 -0.16458 -0.070073 35.174592 4238.061676 -476.200562 1818917.099652 88.750127 -468.460999 -642.911377 -0.203774 -0.081599 0.01672 -2122.791615 3536.962357 1744.779663 2006060.302322 0.069363 0.088389 0.007383 -1331.164722 4113.058319 -216.920166 1873630.261295 0.028382 0.016197 -0.025767 -922.023335 3273.12706 35.650635 1156475.874762 882.902069 -654.123993 -786.374512 0.029759 -0.005058 0.012456 -919.106083 3052.146797 1002.138672 1116463.798086 1415.380325 -468.797951 -582.22229 0.019882 -0.005938 0.078749 -699.446659 3573.400116 354.118652 1338381.403764 444.605637 -202.009735 688.971558 0.028631 0.001247 0.042354
1833.184744 3672.448502 1481.638184 1904269.600996 -0.715477 -1.025004 -0.118705 408.890692 4561.438446 115.250244 2098719.491383 -0.142991 -0.07292 0.069184 493.409315 4078.747711 -638.114624 1728682.591733 -128.035202 -139.291687 -49.060669 -0.203534 -0.145094 -0.0303 221.220328 4115.194702 -1608.493042 1957101.573608 -122.800522 -18.602753 -53.360596 0.217708 -0.166788 -0.075015 -188.357691 4339.138489 -489.356689 1910307.141383 -195.749181 109.874725 -2.55127 -0.452923 -0.067456 0.016348 -2072.492136 3558.086853 1595.288086 1950014.978362 0.10717 0.199883 -0.005372 -1128.123163 3958.613052 -341.994629 1706023.949544 0.043595 0.009445 -0.031731 -778.923334 3491.296082 -1114.040527 1403695.618563 170.883102 226.966934 -1139.086304 0.035473 0.001133 -0.050245 -409.134783 2646.538401 -750.348511 773457.966398 537.754402 -396.810484 -1741.882324 0.030456 -0.01368 -0.02626 -627.674021 3115.488243 -1012.653809 1112570.940502 99.55574 -449.11396 -1356.167603 0.031598 -0.010614 -0.035213
1736.120744 3684.117432 1407.451782 1856775.70063 -0.920816 -1.082618 -0.222214 479.304643 4636.807404 -60.474854 2173337.304615 -0.116496 -0.058132 -0.022289 440.788751 4105.290222 -778.895874 1765438.13135 -15.266037 0.799103 -138.582153 -0.217087 -0.144972 -0.052711 287.795663 4166.420288 -1769.033813 2057136.499377 103.929863 25.482178 -158.341675 0.360702 -0.163764 -0.089681 111.925445 4160.361023 -987.055664 1829541.003038 337.637663 -204.520874 -495.499878 -0.023178 -0.093782 -0.05598 -2133.710799 3565.142517 1569.740601 1972704.849499 0.095615 0.130251 -0.007516 -986.996932 3892.543564 -257.315674 1619226.969625 0.055358 0.005189 -0.027204 -676.650329 3378.863297 -1010.5896 1289586.418258 139.627533 -138.176193 105.650024 0.040142 -0.002636 -0.04443 -270.4392 2622.070036 -1496.056519 918657.374117 176.05011 -50.211773 -743.508911 0.033917 -0.014659 -0.071082 -462.60118 2894.749508 -635.697021 899768.526844 202.427368 -246.482143 379.155884 0.037631 -0.017123 -0.013527
1602.238031 3782.984543 1339.40979 1867215.734419 -1.47601 -0.586914 -0.401812 214.978452 4650.451965 -177.766113 2170452.000773 -0.188255 -0.047442 -0.114094 536.157327 3970.986099 -719.379883 1657370.269547 67.809029 -112.075729 2.653198 -0.156886 -0.162074 -0.052282 333.216996 4154.090424 -1722.327881 2033391.414325 17.861786 9.898529 -10.15686 0.385278 -0.162589 -0.090622 75.767408 4096.539917 -1037.25769 1786328.350794 -63.717585 -41.592712 -107.064819 -0.104278 -0.099136 -0.071608 -1846.714759 3553.233643 1074.818115 1719105.869912 0.221231 0.168702 -0.058188 -561.588111 3443.085938 -780.438232 1277930.581363 0.081578 -0.014616 -0.057422 -361.774344 2644.601307 -1343.822632 893065.601445 287.316437 -712.033596 -390.095825 0.04975 -0.022059 -0.065903 -112.354636 1866.240082 -1957.003174 732533.702945 130.525017 -733.601561 -517.809448 0.036484 -0.028972 -0.102298 -57.156691 2719.317441 -1257.243042 897861.429885 377.884941 -153.203673 -678.408813 0.048893 -0.021169 -0.052329
1711.317685 3742.045746 1590.270996 1946047.642285 -1.177109 -0.507817 -0.078886 -86.252925 4782.655945 733.50708 2341927.009023 -0.267761 0.009909 0.352427 118.753045 4010.991516 251.182251 1616524.775114 -439.56789 100.266647 944.285889 -0.547137 -0.146774 0.100425 -17.964237 4000.839844 -786.5448 1662569.489124 -373.344841 -92.989349 909.506836 -0.128399 -0.173626 -0.006381 -296.7821 4168.924103 -92.069092 1747648.450743 -394.713116 132.645416 918.912354 -0.606668 -0.082062 0.062525 -1777.606723 3520.591278 1014.876099 1658442.210559 0.243961 0.271612 -0.066106 -447.615612 3200.612717 -803.234863 1108946.774344 0.087628 -0.023063 -0.059979 -131.839225 2358.976021 -1251.229248 714772.407926 207.771511 -225.364056 66.317139 0.056698 -0.028206 -0.062252 65.000043 1614.68483 -1933.781738 635094.391619 155.191071 -191.294022 -3.05481 0.039535 -0.032704 -0.102482 39.027506 2297.483788 -1252.475586 684864.99936 74.02059 -361.572423 -21.508789 0.051099 -0.030718 -0.05356
1665.744541 3642.508698 1507.828369 1831612.087706 -1.319248 -0.838187 -0.162054 -141.5014 4678.270569 797.581177 2254237.38952 -0.280301 -0.015585 0.399172 104.656112 5557.805786 771.934204 3149604.047365 -9.855576 1565.645447 545.354004 -0.555887 0.092146 0.188618 -28.7798 5755.072327 -225.314941 3317245.258479 -6.574206 1773.06366 585.831909 -0.137445 0.036821 0.04788 -134.877427 4047.35672 181.420898 1643220.188129 166.14603 -102.736206 298.092041 -0.395198 -0.095286 0.106037 -1687.985775 3416.866074 855.606689 1525633.25502 0.289408 -0.04471 -0.078473 -426.884701 3017.132988 -937.889404 1016495.854999 0.089274 -0.030696 -0.065713 -170.044835 2168.351173 -1363.856201 659076.579444 -33.964252 -171.793671 -88.024902 0.055563 -0.032892 -0.067098 -17.918746 1300.941315 -1853.864136 512958.161955 -78.677433 -294.912338 104.519653 0.037988 -0.038458 -0.096181 157.648332 2133.554993 -1433.590698 663209.219348 122.862183 -145.097618 -156.513062 0.05476 -0.03455 -0.062512
1672.022939 3727.169571 1597.640381 1923990.85046 -1.327441 -0.793227 0.02073 -142.15343 4709.61853 810.267334 2285724.745087 -0.28259 -0.028198 0.425527 132.428584 5581.579285 740.90271 3172050.146655 19.111567 -49.904175 6.276855 -0.53892 0.08453 0.189633 -16.772637 5833.000183 -245.461426 3408442.376902 3.346257 4.250183 17.161865 -0.13284 0.037325 0.049469 -120.86164 4122.324524 1069.763794 1815256.159141 5.354881 1.290131 925.651245 -0.388382 -0.09512 0.241154 -1689.208751 3477.553406 783.145142 1556012.020626 0.284623 -0.093113 -0.081701 -389.894786 2970.240898 -964.725342 990504.39221 0.091141 -0.036285 -0.065167 -29.022694 2140.938454 -1360.286865 643484.01349 132.361236 -101.090393 40.877686 0.059989 -0.035649 -0.064848 24.853464 1286.636658 -1898.651733 526092.99884 34.111305 -87.98233 -7.479248 0.038659 -0.040174 -0.096632 272.762437 2062.889137 -1328.768311 609553.616274 106.453199 -144.343529 142.130737 0.057933 -0.038362 -0.054382
1624.33623 3668.608398 1734.977417 1910730.240523 -1.363959 -0.844715 0.133305 -162.255825 4641.473694 925.702515 2242653.014899 -0.27842 -0.034802 0.455252 116.890045 5496.690369 795.772095 3086052.15183 21.529427 -38.90564 -4.175415 -0.519806 0.078593 0.188958 -56.649193 5782.56073 -167.823486 3346938.244949 -2.80859 -4.456177 18.59314 -0.136705 0.036796 0.051191 -178.314966 4029.579163 1125.34668 1753570.960421 -20.385361 -46.762085 -3.461914 -0.414329 -0.101139 0.240649 -1722.72096 3416.562119 805.819092 1529000.862581 0.286344 -0.149034 -0.085041 -379.269918 2856.940289 -866.719971 905715.699077 0.094284 -0.039406 -0.063137 -89.147915 1972.593536 -1169.367065 526649.194415 -23.057256 -122.361641 131.875 0.059218 -0.038987 -0.057588 -79.483775 1007.49527 -1440.730591 309706.902442 -67.269274 -233.158112 398.876343 0.037336 -0.044723 -0.072586 257.880656 1834.526443 -1096.226196 463370.157776 22.186184 -182.379417 173.497314 0.058594 -0.043178 -0.044459
1568.286912 3672.556 1724.647217 1892159.943348 -1.479072 -0.982706 0.123921 -198.744109 4651.087036 958.006592 2258988.646834 -0.28184 -0.043159 0.474287 95.497596 5475.016479 760.255127 3056291.309966 1.183662 -59.33136 -31.712646 -0.518755 0.069539 0.183829 -57.660604 5809.737549 -176.541138 3378754.190476 21.564701 -10.480652 -4.91333 -0.107034 0.035552 0.050736 -212.782195 4024.897766 1142.468262 1755031.201904 -11.891117 -42.338867 20.925903 -0.429464 -0.106589 0.243703 -1691.605666 3404.327545 710.302124 1495550.487034 0.312341 -0.334936 -0.093464 -461.263297 2715.544958 -962.544556 851344.026997 0.090368 -0.047706 -0.067932 -146.142857 1893.084717 -1358.759766 545135.558033 -34.418831 -117.16629 -185.588379 0.058067 -0.042183 -0.067804 -145.001481 1022.487488 -1828.71582 441070.764352 -42.941594 -22.665253 -384.180908 0.036492 -0.045165 -0.095746 229.767797 1747.71492 -1238.187866 464040.987431 -5.536747 -124.468994 -138.157349 0.058429 -0.046465 -0.052361
1565.306458 3677.16217 1726.903687 1895390.227896 -1.474317 -1.00542 0.139057 -205.139384 4653.220215 962.575684 2262109.248146 -0.282339 -0.045549 0.481055 97.049327 5472.545776 756.251221 3053009.17551 5.914783 -12.625732 4.265747 -0.513504 0.067613 0.184519 -35.971052 5799.938965 -186.621094 3367541.334511 26.052605 -19.953613 -1.810303 -0.071189 0.033184 0.050569 -223.414016 4024.950104 1149.755859 1757207.569637 -6.268768 -10.102692 15.557251 -0.437442 -0.107889 0.245974 -1692.695098 3400.06073 695.749512 1490969.704515 0.313926 -0.388673 -0.094041 -459.775558 2703.145814 -972.962036 846504.597848 0.090754 -0.048752 -0.068044 -139.935889 1884.653473 -1374.510498 546077.987526 10.570021 -18.586273 -7.481079 0.05842 -0.04269 -0.068216 -131.735091 1016.265869 -1849.285278 447000.649165 17.629442 -16.376648 -12.299805 0.036839 -0.045485 -0.096487 240.046296 1729.062805 -1235.546875 457385.648885 14.641552 -28.807144 10.910645 0.058866 -0.047226 -0.051737
1523.819666 3761.579666 1602.225342 1903863.400481 -1.617628 -1.087967 0.017892 -257.508116 4787.200775 958.029785 2390142.27605 -0.29526 -0.036789 0.499961 90.7514 5574.377747 715.449219 3159379.06628 -6.483955 -2.750854 -0.390015 -0.51926 0.067193 0.184456 -31.682529 5898.33374 -226.434937 3484261.74743 4.102494 -6.188049 0.598145 -0.065545 0.032449 0.050624 -227.938051 4114.724121 1116.173096 1822875.272748 -4.710064 -14.808807 6.829224 -0.443437 -0.109796 0.246971 -1709.285955 3462.056198 649.746094 1532966.158271 0.305803 -0.547357 -0.094554 -474.008284 2706.78504 -981.782837 851526.664403 0.089804 -0.053431 -0.066398 -116.826954 1898.039017 -1363.299561 547478.633795 22.922907 -91.197281 51.622925 0.059187 -0.045178 -0.065374 -124.333334 1060.821533 -1884.848022 469345.317102 7.215729 -60.027161 4.849243 0.036981 -0.046656 -0.096195 221.981077 1747.192535 -1212.703247 457260.651985 -18.251247 -86.453094 63.255615 0.058322 -0.049509 -0.048119
1523.817444 3761.582642 1602.212524 1903860.854516 -1.617638 -1.087974 0.017894 -257.51339 4787.19635 958.015137 2390135.504239 -0.295261 -0.036792 0.499961 90.748568 5574.369202 715.425415 3159366.082342 -0.003357 -0.013123 -0.009766 -0.519263 0.067191 0.184454 -31.676211 5898.310242 -226.464844 3484235.341515 0.005793 -0.028076 -0.015869 -0.065537 0.032446 0.050623 -227.945023 4114.722137 1116.170044 1822873.276875 -0.007496 -0.006561 0.010986 -0.443447 -0.109796 0.246972 -1709.286346 3462.055435 649.736328 1532964.494646 0.305802 -0.547377 -0.094554 -474.008255 2706.777697 -981.78772 851523.645128 0.089804 -0.053432 -0.066397 -116.826277 1898.02803 -1363.296509 547473.615399 0.000153 -0.015564 0.01709 0.059187 -0.045178 -0.065374 -124.331388 1060.805969 -1884.837036 469337.825131 0.001421 -0.020142 0.025024 0.036981 -0.046656 -0.096193 221.976986 1747.173309 -1212.687378 457249.903169 -0.004616 -0.023804 0.029907 0.058322 -0.04951 -0.048117
1639.969635 3833.600922 1431.902466 1943634.110171 -1.229353 -1.109606 -0.172647 -313.116722 4608.49411 900.478516 2214712.160166 -0.309729 -0.113077 0.489554 106.334534 5397.037506 791.242676 2976538.584732 12.341185 -254.634552 113.612671 -0.508306 0.028333 0.202827 -220.327873 6032.582397 77.858276 3644665.666508 -191.896443 56.969299 342.11853 -0.329563 0.039208 0.08231 -231.075459 4029.555664 1135.672607 1758046.698856 -6.375217 -162.46933 57.297974 -0.451561 -0.130709 0.255336 -1741.399384 3534.235229 637.311401 1592945.629271 0.288683 -0.566466 -0.092224 -492.978592 2763.593845 -995.064697 887063.258599 0.08834 -0.054381 -0.06512 -157.798233 1973.38768 -1444.401245 600545.417503 -44.216738 -1.943207 -43.309326 0.057708 -0.045231 -0.067758 -160.028811 1103.926086 -1923.014526 494224.68931 -38.942204 -34.182739 -0.38208 0.036215 -0.047323 -0.096216 172.172394 1870.089493 -1425.492554 555890.706494 -53.049374 45.613327 -175.009766 0.056741 -0.048305 -0.058127
1637.28528 3834.692612 1429.937744 1943029.246715 -1.238458 -1.109647 -0.175564 -317.916384 4605.20752 898.439941 2211620.145331 -0.3109 -0.114385 0.488446 100.136042 5394.608765 788.793945 2973402.683862 -6.161537 -3.530426 -2.512817 -0.513777 0.027795 0.202421 -227.122145 6029.775085 75.105591 3641541.289949 -6.757317 -3.908997 -2.816772 -0.33886 0.038744 0.082049 -234.487448 4026.63559 1134.317627 1755545.501339 -3.375034 -4.021759 -1.419067 -0.455857 -0.131227 0.255129 -1740.951414 3534.701996 635.706787 1592915.314493 0.288917 -0.568832 -0.092377 -491.597853 2762.821407 -995.866089 886659.984448 0.088433 -0.054468 -0.065165 -155.744076 1972.6194 -1445.057983 600367.608988 2.091112 -1.869965 -0.720825 0.057778 -0.045282 -0.067797 -154.023294 1103.390808 -1924.442139 494467.199574 6.042471 -1.636963 -1.491699 0.036334 -0.047355 -0.096306 176.664953 1867.43988 -1422.466431 554195.295887 4.529514 -3.751297 2.962036 0.056876 -0.048404 -0.057958
1682.885526 3825.811615 1313.882446 1919522.529109 -1.125016 -1.187339 -0.350233 -392.193972 4384.507446 974.893188 2032813.838708 -0.332262 -0.183159 0.52589 207.552675 5059.78653 964.449463 2657468.06039 94.803448 -344.920502 170.233765 -0.42961 -0.024841 0.229951 -242.854925 5941.348572 747.080688 3591673.092124 -28.345966 -98.52478 666.553345 -0.377861 0.02705 0.143787 -190.369421 3849.6138 1200.959473 1629807.058103 31.504841 -187.120056 61.220093 -0.415758 -0.155313 0.264065 -1719.171511 3561.134033 664.049072 1607818.745682 0.293356 -0.507971 -0.090272 -472.437388 2721.316662 -946.526489 852467.385415 0.088865 -0.05686 -0.062877 -169.519335 2028.762512 -1558.405762 657324.265404 -26.388445 46.044846 -118.769531 0.056896 -0.044026 -0.074335 -77.223254 1280.343475 -2209.445801 652689.359247 64.186854 166.854401 -290.425415 0.037596 -0.0441 -0.113815 220.138315 1884.39064 -1525.248413 592577.168443 30.860176 6.852493 -108.203735 0.057795 -0.048223 -0.064146
1639.878171 3729.241638 1190.812988 1801447.918503 -1.318015 -1.256342 -0.486425 -482.535884 3923.462524 952.211304 1653310.542654 -0.357696 -0.296789 0.528879 320.401166 4128.240967 1277.967529 1877823.13931 99.734631 -851.832428 341.870728 -0.341064 -0.154832 0.285237 -39.960555 4921.072388 788.270874 2483992.126176 189.780509 -940.563049 69.542847 -0.116746 -0.084587 0.150228 -92.423293 3317.44503 1382.70752 1292586.367814 84.832268 -452.455635 210.100708 -0.307783 -0.213553 0.294734 -1734.641177 3494.717331 650.43457 1564509.436652 0.279516 -0.458427 -0.088919 -506.571071 2705.986748 -957.736816 849623.833797 0.085751 -0.053876 -0.061984 -321.846015 2160.960617 -1724.476929 774715.632344 -165.44054 211.91124 -137.718506 0.051363 -0.038246 -0.081916 -226.34524 1556.033401 -2492.203979 868355.278983 -162.235847 355.403061 -254.405518 0.034406 -0.037166 -0.129151 44.582708 2073.362274 -1825.551147 763345.572984 -188.669467 268.684769 -271.950073 0.052172 -0.041127 -0.079701
1613.844037 3796.634674 1088.121948 1820293.679856 -1.308013 -1.199942 -0.501744 -553.762317 4058.325577 941.377563 1766285.090758 -0.368091 -0.272579 0.571685 268.744702 4044.847565 1326.965942 1819385.414892 -22.714005 -137.008514 141.035156 -0.36123 -0.175739 0.308045 -26.810029 4872.688751 810.5896 2440086.99429 42.092986 -101.998749 114.355469 -0.058831 -0.096693 0.16082 -125.528922 3292.469177 1306.832886 1256392.298465 -4.16317 -78.590965 16.162109 -0.313082 -0.22367 0.297093 -1804.787402 3598.559341 577.589722 1654049.678736 0.259566 -0.271278 -0.087156 -443.008265 2899.699521 -1024.80957 965474.829116 0.091847 -0.047381 -0.060683 114.396653 2453.079567 -1693.175659 889752.976891 465.185127 238.503838 123.338013 0.066919 -0.03174 -0.075127 888.132138 2376.021385 -2325.268555 1184113.016931 1143.419838 766.372871 258.972168 0.056889 -0.022214 -0.113539 599.731793 2471.119614 -1604.147339 903939.905377 584.091544 344.142227 313.440552 0.06958 -0.032039 -0.061773
1586.315103 3825.475388 1130.114136 1842781.55054 -1.391582 -1.045156 -0.527872 -576.122031 4182.440948 930.223999 1869004.557078 -0.372795 -0.232921 0.534091 122.820592 3893.571472 1442.950439 1725708.96774 -142.695713 -142.30423 55.821533 -0.487916 -0.197455 0.317072 -53.798401 4794.000854 985.472412 2395649.433589 -23.759975 -69.716034 114.719849 -0.091522 -0.104968 0.171445 -130.441632 3306.473618 1355.117188 1278612.539487 -1.684313 22.976303 -11.878662 -0.315226 -0.220712 0.295359 -1790.502067 3635.898514 654.490967 1685401.407877 0.268045 -0.098719 -0.085619 -442.002921 2873.867962 -947.936401 935306.706838 0.092126 -0.048163 -0.059812 -260.971465 2554.774208 -1860.775757 1005746.377704 -372.139721 110.666504 -227.763062 0.054475 -0.028721 -0.087664 697.438455 2249.44294 -1923.218994 924518.523665 -187.465286 -117.606583 341.886597 0.053203 -0.024509 -0.092929 464.437547 2517.004814 -1667.557983 933176.509725 -132.065849 54.857063 -123.573608 0.065644 -0.03059 -0.068841
1571.755505 3829.220123 1107.5 1835989.836888 -1.498798 -0.962695 -0.567513 -617.181454 4240.971222 999.759521 1936626.895278 -0.386974 -0.210593 0.568134 91.96682 3872.66983 1467.269897 1715891.046262 -47.470932 -4.501801 19.364014 -0.530061 -0.198142 0.320203 -42.069373 4790.945587 1000.288696 2395550.692719 -4.888132 13.344574 9.86084 -0.098247 -0.103384 0.172359 -118.611603 3291.877937 1359.397583 1269849.08552 -4.78713 1.804161 -0.675049 -0.321319 -0.22048 0.29526 -1650.890675 3576.444016 455.959473 1572429.085618 0.327598 -0.259144 -0.104306 -362.867794 2847.20152 -1249.467773 979939.924607 0.096246 -0.048639 -0.075781 -0.187731 2691.40625 -2164.810791 1193007.339868 244.166574 153.031883 -308.990479 0.06264 -0.024547 -0.104672 1006.333904 2545.25032 -2255.891724 1258005.45893 292.27829 312.207222 -337.628174 0.05895 -0.018418 -0.113283 457.69453 2520.723953 -2145.296631 1116583.116609 -23.360176 20.11898 -482.694092 0.064948 -0.030059 -0.096449
1493.101001 3812.36969 1204.80896 1821507.788133 -1.728565 -0.961074 -0.447674 -654.421773 4278.538055 1081.68335 1990419.461742 -0.393218 -0.19426 0.603958 55.182052 3861.698761 1478.800659 1710261.376902 -24.943008 6.27533 -2.434082 -0.552206 -0.197184 0.31981 -56.692145 4776.148071 1028.583984 2387278.941108 -2.781012 2.448883 14.330444 -0.102074 -0.103093 0.173686 -137.89268 3301.329575 1366.917114 1278625.374852 -7.439318 26.698036 -6.445312 -0.330788 -0.217043 0.294319 -1724.967847 3603.475494 598.470459 1631871.660165 0.297464 -0.094161 -0.092501 -510.65434 2843.748902 -1109.161377 957791.463297 0.087287 -0.047999 -0.069198 73.158326 2622.00882 -1869.440918 1037509.173642 85.187817 -52.151031 281.405029 0.065488 -0.02597 -0.089182 1026.732669 2536.602955 -2184.477539 1226047.664263 32.240524 8.599033 57.449341 0.059584 -0.01825 -0.109819 611.337543 2586.255684 -1613.643188 966629.639313 165.484772 82.77813 517.688599 0.06988 -0.027873 -0.06684
1512.362804 3806.114044 1241.340332 1831467.118948 -1.607357 -0.970191 -0.43035 -617.819614 4170.959778 1037.480469 1885497.226728 -0.38029 -0.225116 0.567751 70.29211 3810.011139 1494.058838 1675333.767053 31.093616 -47.659302 -9.224854 -0.524601 -0.204457 0.318318 -73.53359 4726.762085 1091.984253 2354011.660531 -0.857887 -45.357666 38.917236 -0.103254 -0.108477 0.177291 -155.573826 3260.239983 1396.68335 1260409.233854 -1.697588 -37.061272 5.283203 -0.332949 -0.221814 0.295091 -1810.3232 3634.546432 727.127075 1701591.164272 0.263875 0.036622 -0.082935 -564.024677 2868.452554 -913.678589 938095.245344 0.084823 -0.046667 -0.060289 319.538212 2655.623722 -1253.794556 872644.280988 262.363443 37.643223 591.16333 0.074262 -0.024943 -0.056641 1272.317486 2744.605937 -1522.98645 1147114.126161 261.568375 212.031302 637.008057 0.064727 -0.014113 -0.071418 -415.375423 2650.705814 209.020996 724246.783349 -1010.729408 68.478451 1798.181152 0.039757 -0.026064 0.036009
1462.023249 3759.289398 1350.490112 1809359.230246 -1.783507 -1.014061 -0.362372 -623.391218 4175.451965 1085.564575 1900146.617262 -0.381877 -0.213018 0.560482 26.623764 3777.99469 1544.984741 1666093.055261 -44.550562 4.091339 -10.947266 -0.564153 -0.203833 0.316548 -68.251946 4688.423309 1146.422119 2330025.513082 4.399428 -2.230988 -7.435303 -0.097201 -0.108741 0.176602 -156.831722 3253.92128 1446.956177 1270628.20624 -2.140112 29.789085 -11.600342 -0.335672 -0.217979 0.293397 -1790.978308 3569.593735 768.488159 1654017.678064 0.272815 -0.070857 -0.084818 -549.602385 2828.932624 -850.072632 902754.605088 0.085715 -0.046825 -0.060199 70.914707 2376.856194 -1423.013306 767944.112857 -249.50572 -242.65974 -231.091919 0.065918 -0.031562 -0.069362 -15.954208 1591.392059 -841.203003 324040.571539 -1289.15391 -1117.10609 619.910278 0.039378 -0.035908 -0.034047 -348.975248 2951.476994 -1876.891479 1235572.179326 65.51796 336.878967 -2147.785645 0.04171 -0.017168 -0.086836
1563.745556 3768.612976 1532.622681 1899667.620825 -1.311094 -1.041106 -0.111718 -476.105556 4192.289734 1027.521973 1885777.111806 -0.336903 -0.212747 0.525768 -86.778386 3630.602875 457.383423 1339800.7318 -77.753699 -163.322296 -1095.411377 -0.633183 -0.228756 0.139401 -236.364346 4428.196259 1039.54895 2074545.222789 -132.463949 -276.157532 -114.683228 -0.279455 -0.141519 0.16598 -560.779552 3523.664322 1296.668091 1441203.209764 -368.299379 253.812561 -158.098145 -0.804443 -0.185309 0.27032 -1790.539875 3550.324249 781.846924 1642211.993131 0.290287 -0.202015 -0.084309 -560.798397 2696.283474 -790.111084 820871.493918 0.087327 -0.053713 -0.057481 -203.392076 2040.336609 -1390.383911 613750.923468 -238.658333 -352.450066 24.819336 0.057938 -0.041176 -0.067996 -68.091483 1457.770996 -2168.845825 683362.494059 -16.488824 -149.551544 -1335.452881 0.039054 -0.038825 -0.114554 114.379482 2833.015006 -1186.33606 944644.993409 499.003181 -134.392469 682.745361 0.056581 -0.020717 -0.047785
1625.437813 3783.11058 1630.010986 1961090.956272 -1.156211 -1.076641 0.008572 -382.375488 4245.036316 1045.324097 1925924.68046 -0.317954 -0.203937 0.527914 54.958735 3629.510345 575.826416 1350794.187167 125.0824 -24.270935 104.711914 -0.522134 -0.23246 0.156335 -223.724813 4443.217926 1081.488647 2096185.60249 -4.015188 -8.156738 28.208618 -0.28498 -0.142487 0.168593 -520.298691 3553.085403 1299.719238 1458439.671016 23.826141 6.242676 -10.679932 -0.774117 -0.184505 0.268761 -1764.313469 3572.048721 816.165161 1653845.965434 0.294922 -0.207432 -0.082418 -545.224533 2796.915436 -801.361084 876218.533336 0.087256 -0.050123 -0.058783 -185.19125 2039.959412 -1263.869019 579309.509614 1.546106 -23.555603 112.783813 0.057989 -0.041818 -0.061788 -74.594852 1340.690155 -1942.529907 557643.692426 -23.15809 -140.259247 212.584839 0.038599 -0.041562 -0.101738 397.827263 2789.83418 -873.722534 870483.234904 266.79306 -66.359231 298.882446 0.064533 -0.022469 -0.030691
1704.53485 3759.32785 1392.929077 1897823.63556 -0.903632 -1.159108 -0.293108 -328.054929 4308.231354 997.088013 1966266.193888 -0.305989 -0.184022 0.516864 152.159266 3792.603378 454.337769 1461341.563537 91.549692 166.729813 -94.215088 -0.440856 -0.207017 0.141099 -283.889604 4384.3396 1129.474487 2057873.964922 -65.81563 -55.241547 75.259399 -0.375534 -0.149044 0.175563 -500.615449 3561.498489 1266.705933 1453943.123731 14.032402 12.049866 -5.739746 -0.756257 -0.182954 0.267923 -1731.652741 3546.706619 763.062744 1616001.381153 0.308 -0.288308 -0.08479 -530.617585 2712.498941 -839.418335 834382.866999 0.087846 -0.053867 -0.059345 -135.44188 1967.399826 -1293.02063 556090.892776 44.09853 -68.922806 -1.878052 0.059464 -0.043698 -0.061891 -92.77101 1245.808563 -1956.25061 538756.188709 -23.826998 -91.244812 13.552856 0.03813 -0.043342 -0.100921 91.732764 1947.335052 -1315.670166 553151.669244 -311.745338 -838.862348 -414.674072 0.055242 -0.044623 -0.054408
1726.278343 3772.614975 1395.146484 1915909.438048 -0.813613 -1.160392 -0.300425 -318.129559 4300.804901 1006.118774 1961040.420178 -0.302459 -0.190288 0.517773 212.628422 3766.716995 529.003906 1451321.29008 64.901962 -39.487152 67.359619 -0.383235 -0.213042 0.151992 -276.154747 4388.499603 1141.401367 2063798.729323 12.167664 -9.440765 4.620361 -0.358793 -0.150164 0.175991 -500.13916 3567.542038 1278.460693 1461195.711663 4.909096 -7.55722 4.448242 -0.750009 -0.183927 0.268572 -1734.209023 3567.362823 777.432861 1633796.030206 0.308908 -0.262019 -0.084142 -530.571785 2718.666191 -822.051392 834842.076808 0.088141 -0.054212 -0.058821 -123.241639 1972.233505 -1267.150269 551056.330394 16.633048 -8.76709 18.563843 0.06002 -0.043938 -0.060869 -103.78072 1248.010406 -1931.842041 530031.408405 -6.576903 -11.398926 17.102051 0.038001 -0.043564 -0.09989 58.271341 1922.686462 -1293.637695 537361.726866 -29.028616 -38.249359 14.725952 0.054377 -0.045633 -0.053566
1739.315081 3813.783569 1520.03418 1988066.597091 -0.784472 -1.084486 -0.14995 -309.626474 4251.528625 1001.32019 1917400.633075 -0.301491 -0.211713 0.504575 186.53163 3803.588104 404.494629 1466569.242042 -30.659714 14.245682 -144.746094 -0.410455 -0.210869 0.128584 -282.413054 4328.502045 1122.636719 2007600.028586 -10.821228 -82.622986 -39.001465 -0.373681 -0.159971 0.172379 -528.422079 3606.33606 1307.218018 1499370.86137 -32.84584 16.168594 8.520508 -0.791815 -0.181845 0.269816 -1722.681074 3590.021744 765.31311 1644159.036086 0.312281 -0.261894 -0.087113 -486.063375 2733.416357 -820.418091 838090.842966 0.090774 -0.054577 -0.05979 -111.363659 1968.885956 -1274.356689 551289.874347 7.315059 -25.972977 -27.443237 0.060265 -0.044646 -0.06238 -126.51186 1265.549774 -1968.647461 549319.430705 -27.294061 -5.08606 -57.042236 0.037464 -0.043664 -0.103329 72.457962 1912.838974 -1296.536865 534521.093962 9.623699 -32.472916 -23.135986 0.054663 -0.046491 -0.054889
1739.176364 3813.750687 1520.199585 1988043.550291 -0.784715 -1.08419 -0.150122 -309.79424 4251.388702 1001.497192 1917327.499632 -0.301515 -0.211723 0.504518 185.391421 3803.556213 403.781738 1466444.95396 -1.07214 0.073395 -0.997925 -0.411407 -0.210857 0.128423 -282.553391 4328.318939 1122.687988 2007460.957757 -0.072269 -0.07782 -0.233765 -0.373781 -0.15998 0.172357 -528.515058 3606.025543 1307.177124 1499146.041795 -0.02491 -0.205231 -0.325928 -0.791846 -0.181872 0.269769 -1722.745786 3589.981766 765.515137 1644183.554513 0.312282 -0.261651 -0.087121 -486.160436 2733.681812 -820.411377 838244.304748 0.090772 -0.05456 -0.059804 -111.881633 1969.492111 -1275.273438 551773.901626 -0.449905 0.711441 -1.201782 0.06025 -0.044627 -0.062446 -126.714878 1266.7836 -1970.20813 550251.742424 -0.13495 1.339111 -1.845703 0.037462 -0.043637 -0.10344 71.556954 1913.654175 -1297.88269 535169.217659 -0.832939 0.920486 -1.630859 0.054639 -0.046466 -0.054983
1665.859051 3760.603638 1413.812866 1891609.291748 -1.0216 -0.919201 -0.301468 -421.130047 4078.187256 1054.804077 1792157.345138 -0.327796 -0.235487 0.533215 352.7384 4086.377411 1492.299194 1904986.160812 171.781693 376.273346 1089.647827 -0.258898 -0.153438 0.304637 -483.923588 4275.873108 983.094482 1948374.763515 -196.935482 41.006317 -138.463135 -0.64474 -0.155113 0.159532 -479.457645 3462.728119 1350.74646 1404488.165824 53.492126 -49.845276 44.699707 -0.723762 -0.188288 0.276293 -1746.712513 3510.642776 755.562744 1594649.236742 0.302825 -0.209064 -0.087931 -537.560863 2711.66523 -857.409668 837725.133918 0.087677 -0.051248 -0.061673 -218.993244 2173.243599 -1581.896973 727334.381342 -102.676897 297.203636 -305.493164 0.056816 -0.03652 -0.079262 110.006466 1317.932434 -1930.787354 547698.712784 241.156058 144.600983 40.551147 0.042203 -0.040816 -0.100995 194.380093 2129.626617 -1489.969482 679310.220863 127.257853 309.424591 -190.956421 0.058431 -0.038295 -0.065904
1599.711642 3841.959457 1435.479126 1938033.01318 -1.361872 -0.644224 -0.181818 -507.751508 4287.389221 1074.939575 1979501.301794 -0.357155 -0.177375 0.576273 257.957816 3938.955994 1413.217163 1757909.930487 -127.57925 -161.603241 -17.5354 -0.372164 -0.178098 0.301801 -570.09377 4351.216888 989.396362 2023700.04785 -118.968849 61.161957 67.848511 -0.808427 -0.147853 0.165817 -462.244039 3440.79567 1301.919556 1374773.892026 -15.58506 -36.114273 12.719727 -0.743598 -0.192937 0.27815 -1740.606809 3583.912048 712.943726 1638242.638845 0.289901 0.011101 -0.086193 -384.187665 2859.714022 -876.704712 909417.559963 0.095623 -0.045043 -0.059472 279.19416 2446.497803 -1461.782227 820010.815538 465.388737 259.07238 181.661377 0.072379 -0.029453 -0.069262 1061.862826 2402.424011 -2082.833252 1123738.814716 919.057693 1070.309753 -90.499268 0.060275 -0.019935 -0.106451 610.77518 2495.207176 -1451.958008 870728.722899 383.59642 351.398735 99.558105 0.069863 -0.029015 -0.06021
1527.40303 3857.929077 1031.207886 1827996.648519 -1.499276 -0.7402 -0.736284 -374.466343 4724.898682 366.170044 2259897.309484 -0.316434 -0.058749 0.212484 -301.496563 4148.48999 1067.369995 1844014.808303 -527.100906 170.118408 -327.189941 -0.840128 -0.152138 0.248889 -603.640442 4541.387787 173.759766 2101877.726993 -1.193199 150.75531 -796.97937 -0.810069 -0.12996 0.091999 -337.988148 3748.861694 1125.292358 1543448.288314 156.609364 268.650436 -157.969971 -0.544266 -0.158356 0.255091 -1735.262375 3587.573013 604.907227 1624772.838821 0.308154 -0.122124 -0.094401 -426.950035 2968.070574 -1079.766846 1015762.570465 0.094937 -0.041847 -0.06908 68.051643 2596.697025 -1840.31311 1013421.881149 -178.789043 110.783634 -359.873657 0.0664 -0.026431 -0.089072 994.732819 2340.194435 -2130.709839 1100592.779202 -34.776535 -101.645164 -29.21936 0.059591 -0.021918 -0.108213 619.385986 2484.695091 -1584.421387 906773.982722 40.964279 -49.927673 -113.806152 0.071084 -0.030333 -0.066719
1618.502564 3967.678833 1414.768677 2036359.62817 -1.279296 -0.467111 -0.164945 -363.600364 4850.982208 936.976318 2454215.823045 -0.320433 -0.034003 0.52065 -167.369027 4049.797287 1350.021362 1825142.813561 106.994829 -141.729813 296.439209 -0.745137 -0.173766 0.296828 -634.039054 4488.777313 536.934204 2083942.562922 -57.531319 -95.647583 376.96228 -0.889225 -0.141313 0.126914 -340.279059 3702.197113 1111.309204 1505706.144917 -29.423618 -89.701691 -0.195312 -0.581717 -0.169902 0.255063 -1628.839049 3570.160904 481.541748 1563104.798372 0.346545 -0.347363 -0.104463 -326.728473 2951.33749 -1246.056519 1036980.132267 0.099754 -0.044617 -0.077025 13.4339 2758.234234 -2159.072876 1226963.224226 -81.75045 118.500099 -304.971924 0.063666 -0.023199 -0.105859 986.50969 2465.107384 -2108.764648 1149684.412484 -35.355835 81.875839 35.733032 0.058896 -0.02032 -0.106059 404.726548 2554.393177 -2161.566162 1136109.635486 -241.792145 26.660976 -563.356934 0.063878 -0.029629 -0.098941
1777.425227 3945.559921 1384.953003 2064477.835078 -0.762369 -0.550248 -0.239575 -358.405004 4483.107147 1070.195312 2137202.184689 -0.321272 -0.143084 0.579232 -65.16288 3699.751892 1462.035522 1582995.813294 93.598425 -348.236008 89.926758 -0.66204 -0.226908 0.311371 -478.211713 4534.33609 1006.864624 2180266.659128 147.21962 47.368164 447.843018 -0.686668 -0.135691 0.168394 -617.194486 3361.565857 653.936157 1210868.654136 -285.523148 -338.821869 -479.460449 -0.94513 -0.213515 0.185076 -1615.324864 3588.281021 542.13562 1577894.613463 0.348921 -0.273104 -0.100927 -392.611966 2961.871777 -1243.499756 1047312.021968 0.094845 -0.044045 -0.078043 -93.855367 2848.12204 -2185.26062 1289597.196262 -115.896988 91.697193 -48.275146 0.059791 -0.020697 -0.108516 869.337916 2548.30349 -2042.672119 1142210.84747 -125.779495 85.005493 44.005127 0.056423 -0.018662 -0.103406 232.938533 2566.740589 -2258.66333 1174397.765066 -180.395737 14.156799 -119.18457 0.058502 -0.029255 -0.105758
1896.230288 3942.980652 1408.831177 2112759.100894 -0.325148 -0.638978 -0.210821 -238.817167 4342.114105 992.485962 1989601.692678 -0.289823 -0.190788 0.536222 42.655377 3581.302261 1422.592163 1485131.383086 116.150343 -137.546005 -43.323975 -0.558921 -0.247897 0.304365 -431.64485 4402.43927 1019.666748 2060750.907962 54.898949 -150.993195 8.921509 -0.611134 -0.153612 0.16922 -271.150122 3245.279503 232.716675 1065951.849096 354.37645 -135.382729 -425.100098 -0.49408 -0.230942 0.123025 -1623.565397 3598.005371 549.104614 1588312.312701 0.348965 -0.308025 -0.100644 -452.946348 3005.687094 -1265.970459 1084199.65028 0.091417 -0.042899 -0.079416 -256.259928 2905.019658 -2229.585571 1347586.018138 -154.072475 37.801243 -48.205566 0.054639 -0.019666 -0.11117 313.882265 2817.96412 -1397.114258 999137.210683 -547.123566 250.564256 641.677246 0.045665 -0.013774 -0.064723 158.948431 2570.137215 -2311.480103 1197381.017034 -65.658016 -15.699749 -56.697388 0.056545 -0.02967 -0.109001
2070.861268 3907.23587 1449.031372 2165465.045537 0.287941 -0.879505 -0.126921 -63.421102 4092.008133 965.935669 1768158.451267 -0.245806 -0.272173 0.531794 179.652963 3364.618683 472.901001 1157656.942479 140.64404 -239.697189 -931.541748 -0.434056 -0.284475 0.153719 -200.993056 4107.065811 1065.026245 1804266.868864 234.298248 -318.38707 63.508911 -0.288768 -0.191402 0.175103 1.31669 3104.297123 120.234985 965111.881296 276.113267 -163.995991 -94.332275 -0.142644 -0.252051 0.109255 -1661.632018 3617.204742 581.750488 1618362.474282 0.3323 -0.322237 -0.095979 -553.744864 3007.366934 -1247.521973 1090720.032183 0.085015 -0.043888 -0.077509 -420.21379 2952.161756 -2218.515015 1381364.753048 -160.307407 24.128487 29.219971 0.049278 -0.019008 -0.109562 -98.135967 2869.906144 -1269.406738 985738.541145 -408.371778 28.928413 145.856934 0.037635 -0.013209 -0.05593 -11.932805 2615.997334 -2339.229736 1231558.020017 -167.234781 22.846508 -9.60022 0.051561 -0.029067 -0.10955
1889.614983 3969.009933 1076.110229 2048169.78605 -0.274024 -0.736776 -0.544762 196.331635 3730.002518 -206.821899 1399424.019084 -0.177562 -0.388063 -0.043021 766.017952 3609.429321 -876.651611 1438328.157576 604.200172 217.9039 -1267.226562 0.102357 -0.251223 -0.051213 177.861938 3519.969215 -77.895508 1242788.585661 396.690178 -614.003334 -1060.595703 0.25703 -0.264278 0.076868 744.188347 2654.992771 71.918335 760797.515736 760.70684 -476.21109 34.009399 0.825582 -0.313349 0.114219 -1900.040169 3624.859924 701.24939 1724151.282031 0.225501 -0.39397 -0.077445 -795.038109 3245.500946 -1121.314697 1242270.863557 0.070288 -0.034096 -0.066644 -721.627388 3004.192138 -2043.076172 1372007.673152 -283.578415 25.123644 257.764893 0.039795 -0.018323 -0.095373 -321.862087 2502.351799 -1303.674316 806492.645248 -205.890937 -394.461083 48.058472 0.033586 -0.020905 -0.053032 -423.328133 2663.933144 -2057.025757 1150710.146582 -393.560145 21.029072 364.530029 0.039832 -0.028511 -0.0887
1916.184053 4055.938034 973.560181 2107021.408807 -0.074311 -0.6733 -0.611856 472.257891 3860.544128 -587.276001 1547172.158412 -0.101981 -0.370446 -0.214113 456.641283 3299.873695 99.217529 1110753.178491 -277.872162 -380.977135 1031.757812 -0.14434 -0.309361 0.11564 8.905172 3294.289017 -789.078369 1147506.410045 -137.452259 -297.101707 -655.294189 0.067912 -0.299542 0.016173 105.506144 2965.609291 296.208496 889370.948398 -607.177696 239.195011 280.178833 0.052768 -0.28256 0.155117 -2003.842802 3698.983536 700.870972 1818908.529213 0.190495 -0.383902 -0.072347 -914.606276 3310.339603 -1126.14624 1306305.828368 0.064484 -0.034402 -0.063984 -935.353498 3104.590225 -2057.980347 1474864.974093 -182.221603 28.976579 40.984497 0.033701 -0.017532 -0.093117 -626.984968 3104.116964 -1130.085449 1130574.540117 -273.618374 530.343657 229.477539 0.028206 -0.010558 -0.039199 -446.445112 2720.868645 -2105.170898 1203418.393165 8.387527 -14.486008 7.74353 0.040082 -0.028894 -0.088257
2028.509064 3986.231689 988.17688 2098138.564953 0.295098 -0.863147 -0.602354 568.669128 3953.690414 -556.155396 1626436.129471 -0.079485 -0.335739 -0.20193 469.822426 3779.061127 303.108521 1459391.088643 8.274803 502.515984 195.881958 -0.136993 -0.232676 0.147317 -167.668829 3631.638107 -440.053101 1341055.490993 -181.480341 360.677643 341.016235 -0.181783 -0.256732 0.047759 -271.253033 3597.117233 397.753296 1317103.828207 -381.665516 654.836495 93.535767 -0.433015 -0.19827 0.16877 -2130.149231 3666.367722 813.683472 1864186.880791 0.126963 -0.418507 -0.062722 -1009.061584 3227.272778 -970.300293 1237497.752056 0.057936 -0.037171 -0.056281 -1146.099243 2982.311143 -1877.971802 1373450.131515 -215.652084 -98.95053 171.999512 0.02649 -0.020232 -0.083649 -422.711067 2737.792091 -1274.515991 929858.119375 199.367561 -342.996321 -152.439575 0.032126 -0.01725 -0.048388 -585.944328 2633.794823 -1932.505493 1101478.340503 -144.405556 -63.74527 164.656372 0.035778 -0.030577 -0.07884
2088.470583 4016.551285 946.804199 2139083.17909 0.544346 -0.823697 -0.588077 635.606813 3999.267273 -620.9198 1678367.613955 -0.059951 -0.32832 -0.209027 451.247644 4108.86879 240.192871 1714411.978267 -6.058731 309.12529 -11.61377 -0.142372 -0.185503 0.145439 -330.747175 3990.465622 -364.875488 1616634.369581 -150.562296 338.145142 126.479492 -0.388939 -0.216598 0.059474 -310.60401 3986.716766 246.89209 1605134.112998 -26.834927 368.91716 -99.559326 -0.467171 -0.150783 0.154238 -2230.10684 3684.762802 893.905029 1934991.962773 0.084625 -0.427029 -0.050644 -1120.820189 3163.36462 -890.162964 1205550.371763 0.051395 -0.041092 -0.049433 -1130.178251 2821.424294 -1782.338867 1241446.976118 28.437042 -181.569222 146.934814 0.027441 -0.025184 -0.075561 -222.187452 2458.816528 -1828.729858 943939.887891 213.039665 -299.657936 -502.911987 0.036315 -0.023096 -0.078706 -482.282324 2637.581635 -1755.90332 1027262.958894 116.178055 -16.895561 227.904053 0.039241 -0.031023 -0.065805
2171.025162 4031.036072 1006.764526 2197617.687644 0.740531 -0.653535 -0.563417 596.589737 4235.15686 -463.859253 1850763.835253 -0.075814 -0.249959 -0.1488 541.214333 4353.09906 425.103149 1942309.706812 64.459686 271.314316 142.10083 -0.085144 -0.1441 0.168419 -204.516077 4080.09903 1046.251221 1778367.653345 100.724096 116.717453 1368.317261 -0.250354 -0.202744 0.18621 -417.185669 4402.289734 441.549072 1974916.436668 -132.088661 442.657013 151.847534 -0.635293 -0.093804 0.176403 -2280.893478 3695.38063 929.963989 1972314.608532 0.047684 -0.286549 -0.051264 -1021.158905 3164.253178 -782.793579 1166802.946903 0.056282 -0.039796 -0.046069 -1110.883255 2490.419502 -1471.081543 960033.180954 -6.212006 -303.920746 268.447876 0.027233 -0.033474 -0.060784 -124.186754 2430.8255 -1541.419678 830030.958666 72.493696 -0.906982 244.500732 0.037741 -0.023114 -0.063966 -435.441551 2611.794319 -1620.228882 963622.053961 21.333771 1.29673 92.86499 0.039877 -0.030989 -0.060493
2166.470304 4050.453033 1039.798584 2218094.444752 0.715943 -0.568976 -0.526747 477.077413 4490.493927 -273.531494 2046695.804435 -0.105834 -0.173503 -0.05244 555.696683 4616.066132 621.268921 2200284.040672 11.88755 264.207001 188.634033 -0.074591 -0.103782 0.198924 -201.596437 4073.173141 1030.681152 1769368.420148 0.324841 -5.685959 -23.101807 -0.249907 -0.203419 0.18407 -449.251285 4729.359741 739.716187 2311585.031511 -34.660416 328.309937 290.635376 -0.679409 -0.051544 0.218827 -2258.348117 3675.553284 778.405762 1921574.368812 0.057344 -0.355807 -0.065874 -957.18143 3078.835697 -908.308105 1122044.915433 0.060328 -0.043698 -0.053001 -1231.32587 2337.452087 -1481.787109 917553.869546 -123.037415 -151.727486 -18.237305 0.023119 -0.037613 -0.061788 -242.937255 2294.208603 -1630.136108 797975.535537 -121.345301 -135.376968 -96.248169 0.035355 -0.025755 -0.069769 -543.350329 2444.581337 -1782.79541 944956.696802 -110.503578 -165.973053 -170.098267 0.036583 -0.035372 -0.070222
2147.790613 4057.250061 935.72937 2194987.202991 0.689114 -0.601321 -0.66145 521.445742 4180.914078 -534.520264 1803766.009937 -0.092252 -0.270132 -0.184543 438.332644 4567.329559 287.007446 2113500.808409 -106.485863 -63.435059 -323.873901 -0.169129 -0.113462 0.146548 -501.279745 4923.907776 478.181152 2472480.638267 -288.805132 836.036148 -542.112427 -0.647268 -0.104189 0.133859 -536.201162 4794.931183 -55.002441 2328190.200343 -76.071701 50.872955 -784.331055 -0.776233 -0.044995 0.104338 -2333.398504 3698.707581 782.780151 1973793.111158 0.026272 -0.3243 -0.064518 -865.454931 3059.371524 -760.322266 1068685.630663 0.06709 -0.045281 -0.04475 -680.051336 2119.114609 -547.960205 525337.693142 562.15271 -233.035965 944.214478 0.041917 -0.04397 -0.009813 5.038643 2263.021393 -1269.82605 673374.940906 258.854074 -45.885696 370.697632 0.040445 -0.02665 -0.047421 -709.358892 2292.74704 -1347.077637 757449.718612 -155.130386 -166.532784 446.105347 0.03196 -0.03977 -0.044707
2117.154741 4023.011093 943.967896 2155803.784183 0.558442 -0.623797 -0.667188 549.739237 4096.089096 -577.232666 1741335.666217 -0.087106 -0.286842 -0.213505 259.730501 4473.07373 195.441895 2011404.606559 -185.96386 -65.50766 -103.794556 -0.334229 -0.123459 0.129763 -572.078238 4983.377686 -94.943237 2517034.088498 -78.16021 88.218079 -585.353394 -0.754807 -0.093719 0.079642 -563.418112 4404.690399 -518.668823 1998775.482945 -34.578667 -361.492615 -475.895386 -0.820244 -0.091527 0.034872 -2327.653151 3662.951813 784.860229 1945119.075163 0.02549 -0.350411 -0.06545 -789.403639 2947.649739 -636.408691 971681.311009 0.071617 -0.049128 -0.038931 -397.629805 2121.182098 -293.07312 474341.480977 275.059814 30.815659 242.658081 0.051115 -0.043129 0.003545 35.820475 2244.678421 -1186.620483 644793.249182 23.420115 10.405197 70.976562 0.040905 -0.026447 -0.043143 -650.816603 2170.947037 -1180.673828 653056.397512 51.180573 -93.051834 154.174805 0.033485 -0.042228 -0.035888
2040.590148 4021.408615 944.689941 2122817.448709 0.252933 -0.636619 -0.715494 472.730575 4037.722931 -565.502319 1684647.353613 -0.109055 -0.30469 -0.225412 137.00233 4354.352264 211.604004 1902392.953537 -135.000858 -120.251312 -18.154907 -0.454084 -0.141809 0.126827 -697.607636 4884.41391 437.562866 2453561.691967 -137.802086 -100.493622 498.189087 -0.944406 -0.105646 0.125786 -6.949453 3893.729324 -1195.338745 1659001.106171 544.195971 -512.490921 -710.986938 -0.127593 -0.157495 -0.06891 -2264.884706 3602.762985 661.419678 1854707.984724 0.049939 -0.58038 -0.079938 -738.094239 2856.005154 -742.55127 925293.093158 0.074189 -0.053447 -0.046249 -238.221955 2057.511978 -498.530273 453863.767375 147.135162 -65.199966 -239.77417 0.056036 -0.044908 -0.009654 126.091876 2294.42337 -1395.71167 722828.882922 77.998714 48.215103 -243.408203 0.042439 -0.025507 -0.057816 -122.081213 2153.583069 -1412.507324 664800.079797 516.462703 -18.893814 -266.150513 0.048877 -0.042727 -0.051111
1979.659762 3980.880051 911.887207 2059799.703088 0.094528 -0.735208 -0.791925 454.2168 3891.310272 -619.877319 1573285.642685 -0.109952 -0.343419 -0.264804 -83.438821 4192.48085 33.664551 1758499.101826 -205.572777 -145.427017 -198.292236 -0.636593 -0.164001 0.09476 -1018.285871 4549.036713 -88.703613 2173850.945818 -305.80986 -318.9328 -546.619263 -1.365164 -0.143501 0.075157 -171.067338 3956.324844 -1400.928345 1764437.053529 -149.249511 79.039917 -225.942383 -0.317557 -0.147321 -0.101891 -2281.17703 3552.342758 639.326782 1823164.644648 0.04925 -0.706977 -0.083836 -713.456235 2807.204456 -697.680664 887617.496781 0.076793 -0.054947 -0.044972 -137.459927 2039.708862 -576.713257 451190.5655 115.630403 -1.358719 -98.535767 0.059902 -0.044945 -0.015078 220.254817 2336.767578 -1451.617432 761618.806643 109.031315 58.788605 -76.258545 0.044583 -0.02436 -0.062414 -131.461191 2060.145264 -1261.986084 585408.942839 5.488396 -76.993408 130.168457 0.049041 -0.04476 -0.043666
1899.499874 3925.63591 722.330933 1954047.904613 -0.114862 -1.121332 -0.922203 526.847439 3780.32692 -925.031738 1542412.355933 -0.087358 -0.388136 -0.373502 -315.586376 4071.235504 -968.045654 1761166.567989 -212.875271 -160.327377 -902.758179 -0.825585 -0.188468 -0.051231 -825.154972 4069.509888 -1829.951172 2059051.274544 212.403183 -518.608856 -1642.295532 -1.072923 -0.205055 -0.076956 -507.08662 3875.059128 -1670.819092 1806485.652204 -316.746998 -120.347748 -170.938721 -0.720712 -0.162812 -0.126842 -2251.223698 3487.505264 450.684814 1743381.790729 0.073084 -1.09419 -0.092072 -676.014538 2622.614975 -777.102661 793899.350824 0.080531 -0.065316 -0.043954 -97.974622 1957.826462 -393.761597 399773.167606 58.757589 -120.964432 281.903687 0.061867 -0.048244 0.00044 615.455837 2248.08075 -1006.448364 644559.125385 414.473305 -127.76886 544.121094 0.052732 -0.026852 -0.029611 59.253531 2320.949326 -1416.628418 739715.28273 209.987006 221.722031 -55.690308 0.055299 -0.038904 -0.046851
1882.076969 3927.758026 730.494385 1950311.887574 -0.131351 -1.12866 -0.918771 521.09663 3744.708176 -923.259277 1514678.871195 -0.085667 -0.399915 -0.375613 -318.801517 4005.857849 -1074.314575 1730268.332139 9.413147 -69.289703 -112.045288 -0.817228 -0.199041 -0.069351 -998.319073 4131.70845 -1799.093628 2130439.357144 -160.535812 58.286514 25.081177 -1.2938 -0.198137 -0.074633 -462.582645 3885.899429 -1735.418091 1832587.302859 57.132263 6.928253 -70.375366 -0.647994 -0.16192 -0.137115 -2249.348812 3477.841759 363.510742 1728709.343695 0.080107 -1.144773 -0.100608 -650.305729 2635.357704 -849.61853 808985.941693 0.083057 -0.064907 -0.048033 35.625572 1966.496582 -775.703735 447009.427357 146.228482 4.758072 -387.718506 0.066757 -0.048114 -0.020903 913.442707 2221.487656 -1140.894775 707102.587176 310.615158 -30.505142 -140.222778 0.05884 -0.027448 -0.038065 -125.57963 2362.059822 -1513.369751 788538.484977 -172.204872 37.198448 -102.5177 0.050167 -0.037922 -0.052715
1883.189392 3935.077667 692.077026 1951020.914409 -0.165922 -1.192543 -0.939014 587.457657 3671.706467 -996.260376 1481906.961277 -0.072097 -0.4285 -0.401265 -218.792906 3995.86853 -1190.033569 1743101.554301 88.843546 -32.915039 -91.380615 -0.738352 -0.204064 -0.084128 -1024.832687 4200.55481 -1743.690796 2173540.033702 -37.67868 45.920639 79.741211 -1.345642 -0.192686 -0.067247 -378.434448 3848.018417 -1827.160645 1828897.439287 72.983131 -60.806732 -67.404175 -0.555102 -0.169747 -0.146954 -2243.179016 3449.077911 259.378052 1699526.751081 0.077688 -1.337373 -0.107936 -669.5821 2663.138733 -1014.209595 856926.920129 0.081051 -0.064682 -0.055341 -16.323862 1989.511719 -818.143311 462778.182411 -63.1145 0.089417 -18.101196 0.064646 -0.048112 -0.021899 938.272247 1785.016556 -711.930542 457348.401113 13.664474 -459.39682 453.302612 0.059109 -0.03641 -0.010738 24.18107 2476.508713 -1489.14917 835124.537886 138.595635 91.52317 48.55896 0.054297 -0.035505 -0.049937
1888.641601 3980.386047 749.909058 1997280.377629 -0.203426 -1.156193 -0.924947 640.298705 3797.205734 -996.917114 1582259.75527 -0.063128 -0.401959 -0.42694 -49.421544 3768.234711 -1565.946045 1665422.23395 153.013544 -264.062347 -423.961182 -0.602506 -0.24436 -0.15269 -851.880784 3715.870743 -2166.877441 1922875.409346 156.594086 -521.112595 -471.235352 -1.130187 -0.254538 -0.110894 -368.560319 3868.3564 -1615.221558 1770895.862273 -6.483688 -16.090546 163.890381 -0.563354 -0.171818 -0.123031 -2187.981019 3436.853409 154.575806 1662311.597296 0.096494 -1.518658 -0.121973 -767.221284 2801.934433 -1375.109863 1033039.220132 0.073538 -0.059936 -0.076648 -298.179669 2013.54248 -1081.33667 531255.34296 -298.213625 -12.397766 -311.242065 0.054674 -0.04845 -0.039032 573.834853 1740.499878 -708.866577 386111.808799 -380.795212 -80.945206 -44.984741 0.051621 -0.037989 -0.01345 152.870059 2496.629906 -1469.796753 841683.26359 112.331171 -16.307335 -28.696289 0.057645 -0.035936 -0.051579
1910.830669 3951.350021 882.667236 2004354.228854 -0.099524 -1.115758 -0.819104 637.364407 3847.574081 -851.5802 1593524.853617 -0.061877 -0.375354 -0.381506 -24.449697 3832.141724 -1452.875977 1679675.658094 32.995791 102.820892 53.922729 -0.573212 -0.22867 -0.14397 -840.689487 4098.829575 -1972.233887 2139686.919974 19.21524 421.872711 135.496216 -1.103749 -0.204465 -0.098344 -271.360817 3787.493286 -1703.720703 1732140.631974 105.223446 -41.949234 -147.646484 -0.429426 -0.177218 -0.144583 -2202.227345 3384.204826 176.732178 1633388.184629 0.093481 -1.569835 -0.12537 -811.593342 2946.951175 -1446.001587 1143412.556813 0.071143 -0.05141 -0.083423 -638.880291 2000.210571 -1478.770142 659577.14874 -332.676678 25.58197 -456.580811 0.043549 -0.047752 -0.064164 202.239513 2128.980942 -979.814453 553349.703376 -363.571396 427.394943 -330.095215 0.044472 -0.029651 -0.033349 -31.525517 2504.071312 -1682.593994 910248.954264 -176.371632 46.355286 -271.94458 0.052389 -0.034712 -0.067133
1919.04748 4030.26619 877.581787 2069593.858097 -0.022597 -0.975277 -0.705902 584.504938 3912.602615 -831.607666 1634167.655856 -0.071392 -0.369266 -0.326795 132.789621 3803.833771 -1604.284058 1706051.177658 171.391892 -72.906036 -67.594604 -0.421049 -0.239795 -0.154901 -388.418646 3730.300293 -2468.31543 2015859.038061 466.423416 -413.127365 -412.268066 -0.462007 -0.2535 -0.136529 -228.607988 3829.587784 -1750.206909 1778122.843121 56.905403 -2.503586 37.327271 -0.356997 -0.17754 -0.139134 -2280.291052 3497.564163 261.381836 1750100.282113 0.062536 -1.313625 -0.109899 -991.84516 2906.149216 -1419.829102 1144537.476203 0.060196 -0.055368 -0.077692 -1018.067389 1950.982437 -1248.38623 640126.185803 -365.034523 -93.826218 314.197388 0.031342 -0.050312 -0.046869 -1141.360083 2838.394527 -816.793823 1002633.848127 -1329.447021 664.815502 246.834106 0.018331 -0.016681 -0.018469 -517.209997 2299.536743 -1023.05603 660201.905542 -471.531906 -249.132652 743.35144 0.038336 -0.041291 -0.024616
1999.51107 4115.35614 994.839478 2192390.626629 0.229397 -0.753708 -0.510563 657.596703 4008.29361 -718.756714 1701546.229788 -0.05519 -0.349978 -0.257505 460.198593 3892.176666 -1593.997803 1790165.094163 320.221443 57.380066 28.880615 -0.136754 -0.231039 -0.15023 -308.486233 4073.117676 -2231.993408 2166724.593082 72.744884 311.854553 254.916382 -0.361919 -0.216486 -0.112918 -155.853148 3906.281891 -1789.407959 1848530.92582 65.567312 45.731277 -20.606689 -0.273543 -0.171654 -0.142142 -2282.77668 3542.785301 185.910034 1779695.960199 0.057852 -1.260497 -0.115123 -1079.312553 2949.969807 -1566.185303 1232017.385071 0.053958 -0.054772 -0.084349 -955.741844 2263.930283 -885.755615 682338.580707 55.138016 281.985016 381.224976 0.033186 -0.04262 -0.025884 -322.872887 2406.298523 -127.479248 591077.044117 811.299667 -463.058834 707.908936 0.034284 -0.025715 0.024207 -538.791809 2795.511703 -1802.548828 1135436.457567 -28.769341 465.012131 -760.898438 0.037478 -0.02901 -0.068137
1954.754562 4172.232819 913.955078 2206390.59766 0.196158 -0.646194 -0.547061 602.529831 4035.980148 -798.580933 1728990.94607 -0.060101 -0.35085 -0.270327 488.35144 3969.428406 -1696.587524 1887325.822584 63.24398 46.639557 -47.088623 -0.080606 -0.223922 -0.157845 89.195805 4492.008667 -2474.417725 2630884.083175 432.77317 388.278809 -186.923218 0.233524 -0.1704 -0.130232 -120.627193 4074.090347 -1967.374878 2048332.698785 70.317088 137.196274 -122.46582 -0.184043 -0.153994 -0.160019 -2353.223953 3630.303078 274.072266 1879187.901686 0.040733 -1.048462 -0.101929 -1171.957855 2908.140736 -1453.565063 1194361.914639 0.050165 -0.058131 -0.07559 -977.909851 2464.254761 -604.766235 739460.140209 12.923126 169.712296 336.490479 0.033618 -0.037991 -0.007362 -513.649826 2630.752869 266.478882 725570.779419 -155.685806 193.842163 449.459229 0.031223 -0.021933 0.051302 -720.688438 2918.170719 -1769.943848 1216781.339521 -146.805496 92.046833 88.106079 0.033103 -0.02658 -0.063097
2022.561779 4125.799408 927.606201 2197343.016913 0.350436 -0.660743 -0.51811 630.347195 4082.567368 -746.369019 1762176.06083 -0.058903 -0.32419 -0.239385 479.206257 3811.536942 -1595.551758 1730323.790511 -32.090797 -115.012131 107.519531 -0.109096 -0.241473 -0.140458 81.561623 4617.916565 -2065.57312 2559839.80136 -30.579796 168.787231 415.328369 0.19145 -0.150367 -0.091763 -118.499768 4049.056473 -1898.577881 2001349.84844 -20.818189 17.845459 75.280762 -0.210541 -0.151697 -0.14903 -2324.325123 3584.207497 276.307373 1832537.642003 0.043616 -1.060446 -0.101129 -1132.309971 2868.767948 -1435.531006 1157270.467922 0.051265 -0.057968 -0.074312 -912.216358 2436.523781 -591.509399 711867.018825 42.747879 15.148354 19.740601 0.035048 -0.037577 -0.006275 -345.412712 2603.423958 211.817627 694199.295294 145.2915 15.550423 -48.17749 0.03408 -0.02163 0.048398 -664.406605 2877.628555 -1779.091797 1188734.986043 33.33622 2.33717 -2.664185 0.034097 -0.026518 -0.06325
1963.110399 4094.423828 725.952148 2114511.544577 0.165577 -0.771638 -0.716543 571.090746 4024.905014 -939.607544 1740886.734875 -0.072071 -0.340096 -0.307697 492.222605 3968.153305 -1836.014404 1935947.263782 18.713455 160.901337 -176.812744 -0.092482 -0.216919 -0.169051 363.094339 4837.611847 -2337.096558 2899634.620041 287.229824 223.980255 -207.873535 0.586644 -0.123782 -0.111017 -151.395516 4053.457642 -2081.070557 2078429.411636 -27.198641 8.686142 -118.842773 -0.245159 -0.150579 -0.166377 -2458.714705 3690.71579 650.249634 2008948.562548 -0.018696 -0.647621 -0.060943 -1155.931196 2931.623659 -950.795288 1083460.588902 0.050084 -0.054856 -0.04574 -381.470709 2533.964348 -1380.441284 847211.33569 536.442757 101.72554 -725.281982 0.052987 -0.034803 -0.046199 -100.427754 3015.147386 -2204.182129 1395961.834802 250.682065 416.008401 -2352.349854 0.039009 -0.013513 -0.093412 -363.570585 2860.521355 -1843.520508 1171333.385374 306.533127 -12.822227 -0.778809 0.043232 -0.026856 -0.063294
1987.663159 4110.778198 777.642822 2145403.058928 0.127585 -0.787275 -0.662428 445.485158 4005.104446 -747.770996 1679848.011523 -0.111703 -0.352008 -0.213981 618.689084 4165.832901 -1617.889404 2035450.606632 90.866356 177.505341 204.069824 -0.01181 -0.189832 -0.13605 -30.497794 4294.299698 -2383.205566 2412160.878238 -429.192257 -563.486404 -60.164185 -0.003873 -0.190663 -0.116589 -87.25982 4016.885757 -1988.756714 2009813.873143 28.535573 -56.74614 78.258667 -0.208839 -0.157883 -0.154954 -2347.401538 3742.866898 716.673584 2003296.761912 0.017964 -0.528473 -0.056134 -1021.023974 2969.379425 -857.800903 1059552.651598 0.056629 -0.054041 -0.041628 -216.415486 2576.435013 -1232.850952 820477.450821 129.455099 22.29641 133.535156 0.057316 -0.034194 -0.038848 63.222737 3038.569498 -2067.86438 1351296.480265 128.050368 3.247857 122.262573 0.041527 -0.01345 -0.086042 -89.350601 2987.409687 -1687.296143 1177956.844097 238.61986 106.714077 142.169189 0.050344 -0.024038 -0.055163
1928.672609 4063.376923 709.371948 2073401.861011 -0.056334 -0.887678 -0.776286 447.183123 3969.159241 -873.05603 1671642.465538 -0.109931 -0.355903 -0.285777 305.89715 4039.186325 -1759.955444 1950604.240111 -307.282219 -103.772736 -152.979736 -0.284618 -0.205667 -0.160789 -307.872496 4403.780518 -2475.599976 2561666.35597 -271.864986 132.35466 -103.308105 -0.377926 -0.174954 -0.126158 -233.942633 4033.669052 -2035.320435 2046774.444883 -141.173098 39.657135 -57.477417 -0.388524 -0.152778 -0.163344 -2274.654417 3765.077286 716.498413 1986322.96607 0.055855 -0.360485 -0.057152 -915.432692 2970.706635 -816.212158 1032931.720839 0.063951 -0.052919 -0.040029 -58.166356 2551.787643 -990.409546 749591.457076 163.758845 -1.773529 231.52771 0.062792 -0.034243 -0.026104 231.281404 2980.183172 -1838.883057 1231647.372408 173.568382 -35.512486 218.067627 0.044939 -0.014143 -0.072895 -53.020053 2950.330839 -1674.673462 1151179.439053 41.840264 -14.205008 1.708984 0.051591 -0.024413 -0.055065
1947.172818 4053.470078 713.684692 2073144.749332 -0.037978 -0.964136 -0.768515 451.074033 3870.172195 -814.634399 1584532.981008 -0.11221 -0.388013 -0.254405 315.233579 3965.842438 -1690.189819 1868402.007553 -3.826256 -82.114944 70.857544 -0.288015 -0.218198 -0.14933 -262.001319 4260.984573 -2451.606445 2423500.838827 32.708492 -151.567001 25.085449 -0.332923 -0.192943 -0.123834 -240.926223 3896.368942 -1960.379028 1908282.231373 -20.146275 -146.071167 76.033325 -0.414166 -0.17158 -0.152245 -2226.811252 3766.570129 683.400879 1961277.565137 0.072647 -0.387604 -0.060091 -851.779208 2973.258686 -801.524658 1020823.681147 0.067279 -0.053207 -0.039207 0.688949 2566.246147 -969.987793 752649.608095 45.69262 5.687447 21.513672 0.06432 -0.034088 -0.02492 387.226491 2960.08729 -1783.435669 1209270.390387 142.782402 -28.86694 56.539307 0.047747 -0.014706 -0.069487 53.687463 2944.064035 -1592.366333 1120602.592679 93.544831 -15.037861 83.399048 0.054379 -0.024811 -0.050295
1947.155466 4053.455582 713.742065 2073134.429758 -0.037983 -0.963977 -0.768445 451.006174 3870.187378 -814.511108 1584518.525506 -0.112223 -0.387993 -0.254345 315.003138 3965.99617 -1690.020142 1868452.067651 -0.214462 0.207138 0.160522 -0.288205 -0.218167 -0.149304 -262.681284 4261.264496 -2451.037598 2423496.186565 -0.663986 0.333328 0.559692 -0.333837 -0.192904 -0.123783 -241.278429 3896.452789 -1960.087891 1908250.415859 -0.336227 0.137253 0.281982 -0.414594 -0.171563 -0.152204 -2226.698904 3766.542358 683.276978 1961189.677489 0.072709 -0.387509 -0.060104 -851.654806 2973.163042 -801.5802 1020754.520088 0.067288 -0.053209 -0.039211 0.817885 2566.158905 -970.003662 752607.92993 0.144916 -0.033836 -0.025024 0.064325 -0.034089 -0.024921 387.493219 2959.850454 -1783.450317 1209156.074164 0.282707 -0.18343 -0.023804 0.047753 -0.01471 -0.069488 53.843555 2943.97934 -1592.397461 1120564.315405 0.172071 -0.03129 -0.040283 0.054384 -0.024811 -0.050297
2078.484397 3980.031204 858.469849 2089771.625591 0.069996 -1.063842 -0.681423 457.857718 3887.865829 -525.52063 1560130.633074 -0.135106 -0.368115 -0.146394 396.590095 3897.493057 -1408.966064 1733292.120521 -18.343506 -19.474792 196.847534 -0.304491 -0.221139 -0.117471 -366.296983 4287.511444 -1912.467041 2217445.804577 -203.546162 75.275269 454.364014 -0.613892 -0.183969 -0.081698 -159.431443 3804.848251 -1707.745361 1741868.281997 -18.083477 -42.576218 168.135986 -0.437611 -0.177043 -0.127661 -1939.886727 3660.155411 540.025635 1745152.583205 0.163195 -0.601232 -0.080992 -595.90857 3025.713848 -1027.612915 1056603.962013 0.077557 -0.0485 -0.055374 246.787333 2611.321678 -861.992188 762293.542612 146.038985 94.191093 23.804932 0.069208 -0.031519 -0.023611 496.42633 2545.327454 -1804.077759 997982.750661 9.002647 -365.49468 -104.833984 0.04793 -0.02184 -0.075808 381.147819 2619.759369 -1656.459961 975227.241271 227.3738 -275.19165 -148.269043 0.06116 -0.032079 -0.058778
2028.495669 3937.315521 914.906006 2045430.119399 -0.10879 -1.035093 -0.672087 470.119205 3807.988968 -533.668823 1500659.445897 -0.132583 -0.377096 -0.177017 276.355414 3797.212753 -1397.094727 1644707.068384 -122.234173 -50.541534 -38.071899 -0.413011 -0.228851 -0.123628 -498.984418 3997.894135 -1984.240112 2016935.178344 -134.686928 -239.87854 -121.716309 -0.799205 -0.212441 -0.092972 -215.248933 3772.159195 -1646.474609 1698639.573442 -57.816982 17.049713 11.327515 -0.5112 -0.174849 -0.126008 -1842.649045 3624.408264 565.634766 1685163.34564 0.209308 -0.549098 -0.083227 -546.7347 3138.526936 -1090.842896 1133920.838043 0.080666 -0.040964 -0.061271 233.824744 2842.044973 -1549.940796 1053421.011248 -14.962082 280.462065 -737.891846 0.068708 -0.023869 -0.064228 691.530337 2621.901054 -2383.50769 1303368.825676 193.104515 126.31237 -629.373169 0.051727 -0.019376 -0.11375 173.710933 2911.615324 -2011.287231 1255295.56106 -209.436378 341.594725 -404.770508 0.054918 -0.023058 -0.081929
1995.326009 3956.78833 969.667358 2057775.455874 -0.129802 -0.993999 -0.631999 464.878355 3855.813141 -532.662354 1536713.604479 -0.127219 -0.365656 -0.190657 253.082967 3806.986465 -1397.109985 1650911.324771 3.787289 0.339813 -26.896973 -0.409649 -0.228799 -0.127977 -634.822611 4079.290543 -1768.496094 2017118.951228 -108.778458 71.962509 188.862305 -0.948871 -0.2039 -0.075479 -248.685469 3760.240402 -1640.529785 1689259.032099 -6.376801 -21.352692 -20.93689 -0.519316 -0.177597 -0.129064 -1822.097239 3656.185684 557.207031 1699821.178105 0.232361 -0.465844 -0.086469 -556.573023 3244.099808 -1161.959229 1218410.634146 0.081801 -0.036508 -0.066377 157.347217 2992.623562 -1752.023926 1205014.176484 -49.417791 141.144689 -228.964844 0.067055 -0.020019 -0.076832 493.845106 2680.353737 -2621.420288 1430002.347007 -170.625496 49.018784 -264.794312 0.048372 -0.01842 -0.129713 -87.746157 3137.197571 -2346.414185 1535536.751187 -234.397354 216.148348 -362.008667 0.047933 -0.017349 -0.102634
1958.546953 3969.828873 943.710327 2048603.662783 -0.080289 -1.031717 -0.648322 482.603197 3966.994858 -630.765381 1636781.901326 -0.11028 -0.339157 -0.234672 149.290171 3843.238754 -1453.17627 1690449.294773 -52.616158 13.99765 -41.461182 -0.456362 -0.226663 -0.134682 -771.488218 4122.924118 -1744.379272 2063655.640031 -85.488968 21.378937 38.721924 -1.066493 -0.201362 -0.071893 -337.131491 3802.499313 -1651.181641 1729905.948043 -37.269382 20.004272 3.953247 -0.566753 -0.175022 -0.128487 -2027.841139 3687.574768 578.665771 1804520.142954 0.157521 -0.431808 -0.083157 -841.906538 3411.04805 -1236.035156 1387183.832514 0.066369 -0.0298 -0.069475 -484.762144 3200.285416 -2107.070923 1491656.895189 -590.932722 185.407215 -340.441895 0.047294 -0.014962 -0.095572 -310.974321 3139.681215 -3078.034668 1942860.057939 -753.642788 437.07284 -442.009277 0.033553 -0.009893 -0.156359 -237.22188 3080.945516 -1984.949951 1348852.579929 -98.299084 -78.506694 376.069336 0.045003 -0.019423 -0.081124
1891.370821 4004.441376 951.05896 2051734.745953 -0.179527 -1.005897 -0.642145 489.701548 4159.544449 -689.302368 1801675.538248 -0.099114 -0.290215 -0.267139 68.37924 3990.32341 -1464.181519 1807118.415641 -42.59161 118.779602 -14.057617 -0.494175 -0.208537 -0.136956 -809.907713 4347.31369 -1805.983276 2281666.241887 -0.100174 196.084518 -64.656372 -1.066631 -0.178089 -0.077881 -381.842279 4056.07338 -1658.088989 1934679.388268 -6.391468 225.269012 -9.959717 -0.574888 -0.146026 -0.129941 -2109.0697 3743.405075 621.969604 1884810.274547 0.136745 -0.329247 -0.079461 -1056.407804 3767.51358 -1298.983765 1699751.484812 0.054758 -0.014588 -0.072914 -678.284979 3182.13006 -1969.3927 1446452.984014 -155.203514 -46.460409 134.625854 0.042104 -0.016229 -0.088161 -662.633963 3332.090511 -2948.449097 2023526.301979 -313.340321 164.104242 126.533203 0.027391 -0.006691 -0.148731 -421.76013 3350.599327 -2270.297241 1655864.702133 -146.218929 241.348758 -288.399658 0.040645 -0.013049 -0.09762
1954.791079 3998.060989 1288.232422 2146524.260842 0.053701 -0.785832 -0.343502 487.679033 4299.842377 -254.083862 1879103.391313 -0.09853 -0.230488 -0.105969 101.900091 3916.862717 -962.04895 1627773.535243 37.919807 -13.320618 372.65564 -0.460509 -0.21057 -0.076691 -712.801619 4305.841217 -1395.847778 2099674.575406 101.505051 18.667603 280.658569 -0.926972 -0.175873 -0.051886 -121.345868 4073.071747 -1310.546265 1832216.978629 264.895368 77.138443 218.065796 -0.237729 -0.136096 -0.09811 -2240.511808 3718.860626 870.105591 1960690.125999 0.075232 -0.196615 -0.068564 -1098.185148 3433.167076 -961.140137 1391643.715472 0.052294 -0.027299 -0.062058 -915.281782 3116.543236 -1849.92981 1397282.278155 -232.597847 -5.446749 -10.014038 0.034326 -0.016378 -0.088712 -624.24262 3173.887234 -2788.695068 1824005.920596 42.790298 -98.063202 30.2771 0.028233 -0.008604 -0.146906 -433.869848 3279.341087 -2023.839722 1503824.82314 -7.710762 -11.118164 116.980591 0.040416 -0.013343 -0.090929
2011.06905 3919.954453 1625.0354 2205118.168552 0.275178 -0.259647 -0.172241 417.247295 4451.321564 168.468018 2001674.044209 -0.113848 -0.123772 0.002019 664.553776 4146.50589 -667.078247 1808013.620354 570.778027 436.291122 77.27417 0.046231 -0.143992 -0.064195 24.667921 4352.394562 -1455.280762 2106178.902306 745.593882 253.201294 -277.129517 0.098875 -0.14582 -0.077554 339.32272 4182.347565 -1152.097778 1893450.035076 468.79293 315.923767 -59.248047 0.358949 -0.095431 -0.106758 -2282.600231 3616.809616 1122.502441 1955158.734534 0.058787 0.193122 -0.065377 -1188.955212 3109.501305 -779.273682 1168988.032966 0.046847 -0.032724 -0.063925 -1058.327847 2703.211417 -1676.968384 1123963.275703 -134.921722 -206.683869 -44.735107 0.029814 -0.022015 -0.091175 -546.2644 2778.438355 -2553.850098 1454027.480757 86.102562 -188.80093 17.148438 0.029926 -0.012288 -0.145872 -541.735439 2859.73299 -1864.730225 1194876.887238 -99.741249 -212.960148 -58.587036 0.037443 -0.018967 -0.09428
1989.338264 3939.40567 1594.580078 2201906.939016 0.257082 -0.155575 -0.201051 591.556435 4523.753357 -27.380371 2081503.313444 -0.066946 -0.100409 -0.095729 600.901451 4539.516296 -948.649902 2186822.739632 -47.183685 398.983002 -271.152954 0.004341 -0.083106 -0.108044 -391.772099 4745.408173 -1152.035522 2399956.994686 -399.97138 398.986206 313.66394 -0.451437 -0.098464 -0.048502 -101.399093 4433.877563 -1228.880005 2117969.80903 -424.253173 257.502594 -66.363525 -0.181039 -0.062285 -0.116445 -2259.152336 3553.973541 987.146606 1870895.563239 0.078114 -0.018756 -0.076851 -1072.473793 3054.586029 -855.111694 1121191.185541 0.055609 -0.034992 -0.067333 -806.916924 2162.092857 -1197.58667 675997.427729 267.879562 -535.145965 489.800415 0.038772 -0.036613 -0.064214 -1135.899849 2601.130915 -2053.151245 1227158.053749 -573.166809 -171.334845 511.117554 0.018656 -0.01563 -0.11506 -543.315392 2453.784065 -1985.274048 1025756.089862 14.888687 -399.97633 -110.125122 0.037887 -0.02953 -0.100579
2021.151133 3940.312271 1705.557251 2252003.823103 0.428415 0.002721 -0.111612 698.272181 4830.02243 159.248657 2384206.085133 -0.036283 0.002108 -0.02306 434.862528 4733.283997 -719.089355 2311017.231157 -148.030624 231.531067 180.785522 -0.127081 -0.047774 -0.078808 -276.62694 5045.82077 -1402.247314 2750312.724032 133.153458 338.175964 -298.986816 -0.268234 -0.058326 -0.076195 116.479692 4947.00531 893.80249 2528531.194805 235.887084 550.891113 2073.907471 0.119197 0.008626 0.186281 -2344.550467 3612.908325 1340.488892 2034693.392491 0.045485 0.34155 -0.048881 -1311.793814 2715.038159 -444.329224 928966.367613 0.041024 -0.048982 -0.048472 -952.893286 1868.508987 -818.845215 506983.8936 -127.968063 -255.820503 329.966431 0.034493 -0.043591 -0.04605 -1042.324057 2319.723816 -1725.916138 944634.453551 111.584091 -243.643732 278.460083 0.02085 -0.020384 -0.098273 -687.392225 2173.956032 -1508.920288 747543.333535 -126.068535 -242.064667 427.578735 0.03413 -0.035922 -0.076123
2044.804697 3915.445938 1820.587769 2282648.29663 0.439912 0.122527 0.007032 782.02302 4939.333191 324.13208 2511363.397972 -0.020686 0.050811 0.046716 728.741236 5069.638977 -582.36084 2657144.729407 273.568344 390.488586 104.211426 0.115795 0.011815 -0.061956 -200.42593 5372.0401 -906.217041 2972021.471591 55.890646 380.352936 463.513184 -0.191336 -0.013181 -0.033264 -6.79286 5357.34375 667.783813 2914711.342015 -143.582916 464.472046 -258.535767 -0.063555 0.068413 0.148543 -2311.921835 3513.609695 1196.05896 1912099.269845 0.051449 0.173261 -0.065131 -1239.724874 2363.188896 -395.689087 727814.937697 0.044435 -0.062784 -0.047632 -814.662771 1516.392593 -674.771729 341843.881369 117.920151 -297.982788 111.556396 0.038436 -0.051719 -0.03991 -1011.852407 2155.915298 -1433.682251 772726.086538 10.161285 -109.674911 259.716797 0.02105 -0.022523 -0.082616 -546.608267 1844.745789 -1432.285156 575330.839064 120.473595 -275.076637 44.118042 0.03772 -0.043187 -0.073599
2052.489643 3975.70282 1925.944214 2372818.776151 0.366382 0.301317 0.118073 800.302143 5087.607574 441.491089 2671914.873353 -0.023338 0.090054 0.093752 875.637226 5404.868774 -428.485718 3016294.703071 117.829361 318.649597 125.744019 0.220404 0.060441 -0.041621 144.902496 5671.529236 -1122.641602 3344756.477199 316.261797 282.908936 -244.555664 0.243802 0.020397 -0.055915 -69.176003 5712.423401 217.089233 3268369.416552 -91.449772 338.499451 -478.825684 -0.179952 0.111984 0.078649 -2261.169415 3537.098389 1126.677246 1889335.374917 0.061949 0.199003 -0.074086 -1190.408916 2144.890938 -305.358276 611087.420044 0.04577 -0.073672 -0.044391 -685.756092 1386.635895 -718.99353 290997.221907 99.84005 -146.336899 -72.352905 0.041775 -0.055711 -0.043892 -56.824431 722.915192 -1181.669312 192217.775212 925.961347 -1449.580307 223.881836 0.039257 -0.050804 -0.069119 -773.976955 1617.673874 -1006.77063 422949.619101 -256.435318 -243.652115 397.383423 0.030078 -0.049621 -0.050871
2134.453349 3925.727615 1916.376953 2363972.903598 0.609017 0.238496 0.098113 951.633601 5105.844879 448.675537 2717656.817846 0.011061 0.105807 0.095265 903.934398 5537.520752 -366.113281 3161527.240836 16.888123 167.280579 58.057861 0.235398 0.085968 -0.032232 194.405169 5988.05542 -971.967163 3683932.12481 38.093624 351.154785 146.359863 0.296215 0.062076 -0.042359 177.856917 5551.701965 -609.60022 3122464.022282 235.623871 -126.092834 -831.004028 0.11995 0.095754 -0.042652 -2231.696858 3431.498413 1005.755005 1776719.535668 0.070696 -0.065443 -0.085587 -1108.935018 1925.692215 -236.762085 499408.366488 0.050387 -0.082228 -0.041042 -727.574086 1021.308441 -394.812012 172831.150748 -53.227043 -330.698853 319.866943 0.039995 -0.064731 -0.026285 -22.150722 290.56778 -469.238281 30510.485356 23.264661 -397.718811 708.116455 0.039714 -0.058564 -0.026431 -429.050221 1263.357086 -640.760498 219072.923558 333.517685 -319.688187 361.695557 0.040017 -0.058064 -0.030183
2088.914824 3945.7901 1970.446777 2381548.515635 0.573334 0.273545 0.096931 961.26483 5042.480164 389.046021 2650199.307881 0.022074 0.083499 0.034896 833.662367 5499.430847 -406.226196 3110375.230726 -35.109482 -49.590149 -95.004272 0.204227 0.078401 -0.047596 176.74716 5940.485535 -1079.841309 3648666.51979 17.504539 -59.070129 -162.765503 0.320299 0.055065 -0.057434 109.676104 5553.150635 -544.326782 3114580.246595 -33.018265 -10.051575 10.38208 0.077924 0.09446 -0.041136 -2274.230776 3461.945801 1044.539185 1824825.64574 0.067126 0.005156 -0.087066 -1158.305941 1865.645905 -99.334717 483217.467919 0.049451 -0.085545 -0.036742 -784.541674 941.597443 -124.013062 151749.06211 -21.805038 -91.211243 215.907593 0.039266 -0.067219 -0.0144 -137.933915 155.054321 -204.815674 8501.706761 -80.620644 -147.013702 209.53125 0.038129 -0.061432 -0.013799 -437.186594 1117.177429 -445.107422 163733.81433 27.026176 -157.679901 140.761719 0.040823 -0.062228 -0.022132
2043.17872 3970.491028 1955.396729 2376295.465178 0.471706 0.399462 0.0462 904.215708 5051.416321 347.110596 2645489.86579 0.012027 0.087967 0.002125 783.160944 5453.565369 -486.226196 3059113.220831 -34.317322 -39.806213 -100.231934 0.17376 0.072326 -0.063805 141.627779 5914.282227 -1173.776245 3637654.335682 -18.93528 -20.144043 -114.16687 0.294246 0.052674 -0.068009 11.200085 5526.763 -596.785278 3090138.737388 -82.291918 -20.328369 -72.69043 -0.026817 0.091843 -0.051747 -2284.091635 3449.440689 952.850952 1802364.060048 0.070188 -0.018862 -0.097344 -1160.620031 1747.595215 -58.320923 440452.922217 0.050365 -0.090736 -0.035659 -719.472265 846.176758 -107.384644 124518.690759 81.25351 -89.36142 -3.603516 0.041983 -0.069657 -0.014599 -50.880799 86.367798 -294.778442 9694.258234 103.237216 -62.627258 -110.194702 0.040159 -0.062654 -0.020442 -349.177237 854.363556 -224.949341 90246.403413 104.193459 -256.754608 199.926147 0.043928 -0.069009 -0.010697
2040.786018 3983.23761 1861.039429 2349445.718463 0.477088 0.387973 0.003387 891.243477 5064.453583 244.592285 2650283.041298 0.009811 0.087217 -0.017873 754.440117 5398.398438 -621.09375 3009764.302625 -24.762878 -70.720215 -70.285645 0.151776 0.061534 -0.075171 109.211159 5918.698425 -1269.647827 3665492.373174 -28.458672 -11.137085 -31.289673 0.25509 0.051353 -0.070907 -31.335297 5498.855896 -733.388062 3077625.611453 -38.577433 -43.460388 -72.020874 -0.075918 0.086249 -0.06226 -2298.483086 3416.425018 826.359863 1763785.502432 0.065136 -0.199834 -0.103029 -1125.286217 1705.879898 -138.546143 419549.032984 0.052954 -0.093391 -0.036474 -675.129089 802.290039 -112.457275 111211.523286 48.301125 -59.440002 59.509277 0.043598 -0.071278 -0.011323 11.189785 48.361511 -287.747192 8526.249378 66.028533 -53.55957 71.613159 0.041457 -0.063699 -0.016125 -321.126289 786.23642 -250.015259 78379.743098 32.008896 -83.68042 39.515991 0.044882 -0.071219 -0.008437
2050.127153 4029.312439 1883.778076 2398699.991616 0.479712 0.447411 0.031165 897.434587 5126.317139 261.488037 2715289.22386 0.009224 0.096249 -0.010769 762.483034 5392.963562 -633.372192 3006659.669261 -0.535431 -36.989746 -15.698242 0.1513 0.05589 -0.07771 118.569651 5929.698486 -1279.972534 3681371.258907 0.780144 -20.55481 -13.744507 0.256164 0.048913 -0.07218 -30.233078 5500.263672 -760.657349 3083241.410118 -7.47613 -30.147095 -30.689087 -0.085434 0.082368 -0.066739 -2283.041029 3449.24736 800.276489 1775002.61513 0.06846 -0.195111 -0.105739 -1106.907911 1714.63089 -150.161133 418775.257848 0.0536 -0.094448 -0.037257 -659.611502 802.844238 -128.430786 109614.067093 6.93924 -31.000671 -19.393311 0.04383 -0.072124 -0.01239 35.751867 70.68573 -379.994507 15067.049366 15.983734 -9.230652 -95.667114 0.041772 -0.063879 -0.021892 -289.205618 782.50473 -292.797852 78168.412413 23.342323 -35.28656 -46.202393 0.045578 -0.07215 -0.01108
2083.02412 4062.277374 1905.025635 2447020.962048 0.573148 0.443263 0.026375 948.30267 5179.706268 266.828613 2779983.248787 0.020322 0.102033 -0.020911 840.363369 5428.044434 -642.243652 3058235.387398 72.153168 1.1026 -33.450317 0.215358 0.056058 -0.083119 136.537228 5937.667542 -1256.950073 3685446.173458 12.24041 -26.009216 -1.556396 0.273005 0.045826 -0.072324 71.456375 5522.554626 -814.471436 3116707.933516 95.962286 -11.687317 -78.392944 0.036707 0.080864 -0.078182 -2239.717579 3450.878754 751.028442 1748894.272692 0.086663 -0.315638 -0.112519 -1056.362476 1681.886826 -156.308594 396907.735192 0.056554 -0.097541 -0.038858 -600.488415 769.644775 -100.802612 96310.05832 53.39592 -67.177734 3.049316 0.045616 -0.073956 -0.012223 36.817913 -57.299805 -168.726196 3310.735565 -4.661121 -161.963806 186.689453 0.04168 -0.067039 -0.010638 -267.708139 745.981598 -195.991821 66656.898633 15.770311 -70.501404 72.227173 0.046048 -0.074012 -0.006949
2069.430122 4026.999359 1888.584595 2406601.664127 0.570692 0.439205 0.024646 979.663124 5152.185669 241.311646 2756298.831423 0.031198 0.104049 -0.026329 850.495567 5451.455383 -644.346313 3085689.067784 23.012085 57.697754 13.135986 0.235789 0.064863 -0.080995 198.485832 5876.864319 -1362.263794 3643269.349203 74.828491 -26.516418 -90.075073 0.37596 0.042679 -0.080667 64.365692 5562.138367 -739.628296 3148857.616873 5.789204 73.870544 90.081787 0.044075 0.090373 -0.065033 -2218.793449 3407.57843 691.282959 1701250.725829 0.103031 -0.349223 -0.116606 -1046.288948 1642.205658 -207.319336 383454.129292 0.058067 -0.097792 -0.040722 -561.064339 752.483978 -133.206787 89876.937783 52.303963 17.126007 -17.165527 0.047365 -0.073489 -0.013167 -18.103104 -135.253296 -107.58728 3019.619929 -42.04113 -43.666687 76.377563 0.040853 -0.067891 -0.006034 -310.101032 756.214752 -240.20752 72572.305409 -29.513006 44.519958 -28.977051 0.045168 -0.072837 -0.008606
2091.409502 4019.338989 1864.191284 2400428.875976 0.631154 0.381724 0.027768 1026.10219 5123.199158 207.037354 2734291.977972 0.041534 0.09351 -0.030393 875.324144 5489.897461 -642.542114 3131802.685791 20.430679 32.060547 28.369141 0.253927 0.069755 -0.076407 216.156206 5891.924133 -1357.171021 3660340.667693 13.272476 8.678284 31.657715 0.394221 0.043709 -0.077735 342.729158 5460.227051 -962.914429 3085874.691912 273.965569 -108.292847 -196.721191 0.392778 0.076433 -0.093748 -2195.642347 3402.433319 654.637451 1682594.800076 0.112111 -0.392173 -0.117531 -1029.654493 1666.301575 -270.452881 390989.407427 0.058873 -0.09697 -0.042627 -522.739058 798.764496 -173.252563 94129.729286 33.927383 39.898987 -13.480835 0.0485 -0.072401 -0.01391 -44.490108 -116.417542 -117.703247 2938.646809 -30.784903 12.454224 16.448975 0.040248 -0.067648 -0.005042 -308.632841 799.693298 -373.794556 87448.597187 -2.929707 37.097015 -107.022095 0.045081 -0.071857 -0.014727
2091.910057 4017.313843 1871.797485 2401852.402437 0.634339 0.388896 0.035309 1027.849236 5127.466431 218.520508 2739513.726091 0.042068 0.095907 -0.025585 875.0037 5497.393188 -629.129028 3138276.667845 0.105057 11.272888 11.051025 0.25402 0.071475 -0.07462 214.224548 5906.076965 -1338.236084 3671851.309401 -1.506157 17.929993 16.572876 0.392149 0.045837 -0.0762 335.831337 5482.781067 -939.143677 3105566.175999 -6.472321 26.331177 21.408691 0.38454 0.079822 -0.090623 -2195.170021 3401.263123 657.265625 1681936.035203 0.112546 -0.382459 -0.117507 -1029.589577 1666.248627 -269.567261 390910.569057 0.058905 -0.096798 -0.042704 -523.347626 798.28125 -174.321899 94153.381608 -0.183067 3.293915 -3.431396 0.048493 -0.072311 -0.014098 -46.490698 -117.561035 -120.670166 3054.327094 -1.575089 2.633667 -5.328979 0.040217 -0.067596 -0.005363 -309.669018 799.077606 -374.191895 87443.949525 -0.610676 3.161469 -2.759399 0.045062 -0.071773 -0.014885
2096.549892 4006.911011 1887.22168 2401246.296772 0.656057 0.390614 0.046881 1032.885036 5129.960938 244.763794 2744326.003366 0.043718 0.099875 -0.015639 871.117306 5504.499207 -598.410645 3141645.217471 -2.210922 17.928467 23.342285 0.252057 0.074211 -0.070845 197.11916 5926.664734 -1285.664062 3681714.291262 -15.429916 31.410217 45.195923 0.370919 0.049565 -0.072014 315.849781 5514.772949 -885.17334 3129601.360719 -18.306084 42.814331 46.594238 0.36124 0.085334 -0.083822 -2194.640598 3402.786102 680.348511 1685827.470973 0.113613 -0.336459 -0.116065 -1032.2365 1680.388794 -269.465942 396183.058441 0.058841 -0.095641 -0.043083 -523.550434 812.902527 -192.72522 97205.858555 1.472664 25.443726 -25.779419 0.048543 -0.071617 -0.015517 -57.551222 -108.423767 -154.932861 3907.204793 -9.385052 19.959717 -41.638794 0.040032 -0.067207 -0.007873 -312.025299 819.184113 -398.800659 92746.436328 -0.680809 30.928955 -31.984863 0.045042 -0.070957 -0.016715
2081.790934 3979.194641 1871.983032 2367216.395607 0.639339 0.39864 0.014125 982.426081 5066.14151 226.860352 2668241.64226 0.033746 0.089701 -0.029052 868.740549 5500.762329 -595.720215 3136797.891727 7.520905 25.940247 -4.851685 0.258735 0.07817 -0.07163 154.527006 5931.630554 -1236.35376 3673669.024643 -32.694492 34.642944 41.768188 0.325936 0.053677 -0.068145 289.40938 5412.871399 -953.079224 3029129.457704 -16.54274 -72.224426 -75.447998 0.340185 0.076037 -0.094835 -2195.633841 3384.03038 711.184082 1677825.23748 0.117925 -0.295765 -0.113926 -1050.810766 1671.002579 -279.396362 397451.521181 0.05827 -0.0947 -0.043994 -474.141035 847.322235 -193.235474 98010.463952 59.30706 64.096832 -8.052368 0.050526 -0.069868 -0.015961 -46.451511 -76.095276 -11.28418 807.556663 20.997372 62.005615 136.106567 0.040445 -0.065997 0.000332 -281.479826 795.370178 -404.815674 87572.034261 40.443134 5.86319 -13.557129 0.046247 -0.070802 -0.01749
2057.625895 3990.323486 1903.493652 2377979.393196 0.62358 0.400964 0.05667 976.011515 5076.829376 248.344116 2678846.979207 0.036983 0.089739 -0.01874 834.962549 5522.867432 -563.122559 3151633.414206 -14.19548 11.543884 30.675659 0.246132 0.079931 -0.066669 135.980425 5935.98938 -1230.567627 3676875.727854 1.035938 -6.202393 3.864136 0.327361 0.05294 -0.067787 252.049456 5444.632874 -898.212891 3051434.245255 -17.777405 21.200256 52.944336 0.317558 0.078766 -0.087107 -2221.551504 3399.97612 731.194458 1702977.403748 0.114857 -0.275702 -0.112264 -1079.555731 1684.756012 -255.438843 406909.239819 0.057666 -0.094552 -0.042846 -515.515432 848.731689 -250.299683 104875.15728 -21.791878 -9.151764 -58.986206 0.049797 -0.070118 -0.019208 -102.591381 -79.647827 -63.354492 2088.255952 -36.55735 -14.11377 -53.99231 0.039726 -0.066273 -0.002923 -274.076996 799.967651 -184.046021 74893.938055 26.98535 -5.963745 218.847656 0.047052 -0.070959 -0.004973
2048.512421 3977.45285 1928.312988 2373492.529504 0.626909 0.409407 0.092261 979.062881 5041.209564 247.808838 2643376.721628 0.040212 0.083575 -0.019058 817.335358 5503.304138 -551.73645 3125880.663471 -7.5457 -4.630127 11.31897 0.239433 0.079225 -0.064839 120.373955 5936.577759 -1209.998169 3672154.094399 -5.524979 15.521545 20.502319 0.319759 0.054783 -0.065888 227.558289 5453.427124 -862.225952 3053508.376429 -14.409676 23.727417 35.9198 0.299217 0.08182 -0.081864 -2213.161774 3377.499542 715.222168 1681713.094385 0.123801 -0.303809 -0.113737 -1080.288467 1646.072922 -258.468018 394338.495265 0.058282 -0.095653 -0.043007 -566.257286 781.877594 -347.572021 105278.619614 -40.660362 -51.920929 -97.339478 0.048438 -0.071534 -0.024566 -147.814691 -108.154602 -28.069458 3433.449531 -35.141819 -13.573608 35.217896 0.039035 -0.066537 -0.0008 -291.386557 796.101685 -178.629761 75059.260898 -7.228069 11.0672 5.349121 0.046836 -0.070667 -0.004667
2048.507862 3977.44812 1928.342285 2373498.197799 0.626921 0.40944 0.092271 979.057255 5041.223297 247.850952 2643391.553406 0.040213 0.083583 -0.019047 817.322788 5503.317261 -551.692505 3125888.20325 -0.004349 0.02594 0.021973 0.239429 0.079229 -0.064835 120.350533 5936.614075 -1209.927979 3672179.663589 -0.015202 0.049133 0.048218 0.319738 0.054789 -0.065884 227.519245 5453.48938 -862.137451 3053559.240812 -0.030823 0.075073 0.066528 0.299178 0.08183 -0.081854 -2213.159008 3377.487869 715.223389 1681704.159753 0.123806 -0.303805 -0.113739 -1080.288219 1646.062241 -258.47168 394335.114622 0.058282 -0.095653 -0.043008 -566.272755 781.86264 -347.628174 105281.936834 -0.007248 -0.002136 -0.078125 0.048437 -0.071534 -0.02457 -147.795978 -108.236694 -28.357544 3436.298329 0.026934 -0.069275 -0.310059 0.039036 -0.066539 -0.000819 -291.413031 796.063995 -178.69751 75057.223912 -0.018253 -0.024872 -0.089722 0.046836 -0.070668 -0.004672
2048.504429 3977.445984 1928.35022 2373498.151973 0.626924 0.409455 0.092278 979.053364 5041.226196 247.86377 2643394.349957 0.040213 0.083585 -0.019042 817.313633 5503.315125 -551.681519 3125883.143222 -0.004807 0.003662 0.007935 0.239424 0.079229 -0.064834 120.337391 5936.623535 -1209.903564 3672184.67211 -0.008793 0.015259 0.021362 0.319726 0.05479 -0.065882 227.495327 5453.51593 -862.098999 3053580.48086 -0.019569 0.032349 0.0354 0.299153 0.081834 -0.081849 -2213.159695 3377.481537 715.219727 1681699.662325 0.123808 -0.303807 -0.11374 -1080.288067 1646.055679 -258.4729 394332.984707 0.058283 -0.095653 -0.043009 -566.275921 781.855164 -347.634277 105281.550615 0.001183 -0.001678 -0.009155 0.048437 -0.071534 -0.024571 -147.790008 -108.261719 -28.425293 3437.048337 0.010319 -0.019226 -0.070801 0.039036 -0.066539 -0.000823 -291.416712 796.053772 -178.703003 75056.007105 0.000668 -0.004425 -0.008545 0.046836 -0.070668 -0.004672
2027.949486 3991.745453 1916.727905 2372045.674032 0.605505 0.378937 0.08818 999.054527 5085.660248 262.410889 2693090.957906 0.048652 0.090344 -0.00675 739.535713 5477.422485 -537.356567 3083782.223464 -63.451462 -47.6474 23.096924 0.183092 0.071958 -0.061099 77.109375 5942.091064 -1192.156982 3673563.03447 -28.901558 -16.287231 26.518555 0.279961 0.052857 -0.063425 164.685707 5719.003296 -562.905273 3305098.242748 -48.483162 243.732605 307.965698 0.237444 0.113207 -0.036895 -2236.612587 3339.194565 678.276978 1661271.586419 0.119389 -0.527527 -0.116327 -1068.836479 1625.911942 -227.363892 383769.540005 0.059982 -0.097595 -0.040931 -566.365318 773.497925 -363.237915 105101.049637 14.237061 -30.112 -6.831665 0.048913 -0.072356 -0.024947 -96.209598 -106.109619 -591.416626 37028.916342 65.906868 -19.602661 -554.21936 0.040332 -0.066922 -0.034234 -305.690565 788.570557 -158.921509 74054.629035 0.052605 -29.237976 28.553467 0.046837 -0.07144 -0.003039
2034.475555 4025.610504 1854.761353 2378477.03916 0.629908 0.525873 0.013211 932.828064 5113.973541 208.383789 2706631.738117 0.032511 0.099385 -0.030049 754.052582 5482.943726 -635.69397 3103537.401719 15.086899 7.55127 -88.509521 0.196486 0.073111 -0.075412 -13.076534 5866.506042 -1246.600342 3597007.655438 -89.615879 -73.554993 -44.615479 0.156661 0.044127 -0.067558 272.254868 5420.212708 -984.620361 3042230.57636 108.139191 -296.760559 -411.887207 0.375083 0.075008 -0.097018 -2220.974579 3300.462074 618.73291 1620860.83978 0.127237 -0.664284 -0.120892 -1049.292526 1532.917786 -242.558594 350968.641458 0.061307 -0.101812 -0.04121 -490.619926 696.161041 -335.227661 83772.569239 76.315422 -75.306854 37.838135 0.051465 -0.07441 -0.022864 16.736069 -205.448303 -366.509399 17681.824115 113.515697 -97.308655 234.735107 0.042564 -0.06882 -0.020083 -271.737776 680.866241 -134.432373 55549.232047 34.52282 -105.674286 34.317017 0.047866 -0.074231 -0.001077
2050.86834 3997.1315 1854.973755 2362404.880767 0.711757 0.489857 0.015494 965.872841 5088.900757 201.248779 2687032.232885 0.042456 0.097778 -0.033085 726.029854 5453.988342 -628.772583 3066846.314756 -20.615158 -9.274902 8.297119 0.178184 0.071695 -0.07407 -22.622261 5900.928345 -1218.306274 3630573.727457 -2.138157 54.102783 29.6698 0.153719 0.050548 -0.06481 206.316338 5504.979858 -881.547241 3112449.521101 -58.53096 104.447632 104.448853 0.300585 0.088452 -0.081772 -2237.831001 3271.688766 627.579956 1610569.157625 0.122662 -0.698164 -0.119954 -1066.655846 1492.518463 -207.237549 340831.345748 0.060651 -0.102772 -0.039298 -502.407551 666.468658 -345.742798 81613.190207 -4.380054 -10.011902 -9.139404 0.051319 -0.074683 -0.023367 139.764938 -82.131653 -33.480835 2740.08127 130.43644 142.997131 334.404297 0.045129 -0.06603 7.6e-05 -282.172632 648.36441 -358.440552 62847.743219 -3.027287 -12.82135 -222.632446 0.047776 -0.074569 -0.01381
2050.983925 3997.106476 1855.061646 2362464.894781 0.71202 0.489729 0.015519 965.963249 5089.087219 201.480103 2687248.795555 0.042468 0.097832 -0.033 725.905952 5454.201965 -628.47229 3067023.594979 -0.162888 0.20752 0.229492 0.178039 0.071727 -0.074033 -22.544842 5901.701355 -1217.845459 3631373.471524 0.038433 0.766907 0.390015 0.153772 0.050639 -0.064774 205.862617 5506.081848 -880.527344 3113464.513884 -0.492706 1.095886 0.949097 0.299958 0.088594 -0.081633 -2237.810478 3271.651497 627.615356 1610540.028912 0.122653 -0.698326 -0.119957 -1066.655006 1492.454376 -207.197876 340810.392761 0.060649 -0.102776 -0.0393 -502.363605 666.473389 -345.966797 81624.899448 0.004959 -0.001373 -0.2948 0.051319 -0.074683 -0.023383 139.883308 -83.094788 -36.176147 2778.079734 0.079384 -0.969238 -2.766113 0.045131 -0.066049 -9e-05 -281.662989 648.243561 -360.227661 62931.772113 0.470657 -0.126953 -1.85791 0.04779 -0.074573 -0.013916
2050.983925 3997.106476 1855.061646 2362464.894781 0.71202 0.489729 0.015519 965.963249 5089.087219 201.480103 2687248.795555 0.042468 0.097832 -0.033 725.905952 5454.201965 -628.47229 3067023.594979 0.0 0.0 0.0 0.178039 0.071727 -0.074033 -22.544842 5901.701355 -1217.845459 3631373.471524 0.0 0.0 0.0 0.153772 0.050639 -0.064774 205.862617 5506.081848 -880.527344 3113464.513884 0.0 0.0 0.0 0.299958 0.088594 -0.081633 -2237.810478 3271.651497 627.615356 1610540.028912 0.122653 -0.698326 -0.119957 -1066.655006 1492.454376 -207.197876 340810.392761 0.060649 -0.102776 -0.0393 -502.363605 666.473389 -345.966797 81624.899448 0.0 0.0 0.0 0.051319 -0.074683 -0.023383 139.883308 -83.094788 -36.176147 2778.079734 0.0 0.0 0.0 0.045131 -0.066049 -9e-05 -281.662989 648.243561 -360.227661 62931.772113 0.0 0.0 0.0 0.04779 -0.074573 -0.013916
2052.378654 3988.517914 1864.94873 2359856.705749 0.723842 0.475337 -0.002662 962.226982 5077.691345 214.767456 2675495.522256 0.042052 0.095948 -0.037873 718.092766 5446.149597 -611.868286 3055058.545461 -5.770264 -2.979736 -5.927124 0.172916 0.071272 -0.074992 -12.928791 5899.921265 -1216.970215 3629025.458651 11.658974 3.292542 -21.655884 0.169813 0.05103 -0.066779 189.045219 5531.313171 -836.618042 3133109.324313 -14.774475 30.303955 21.378174 0.281153 0.092494 -0.078513 -2246.568947 3269.989891 661.16333 1617704.286952 0.119401 -0.685616 -0.118945 -1075.400429 1484.58519 -156.396484 338493.912836 0.060207 -0.102905 -0.037827 -510.835495 653.737335 -254.613647 75315.351586 -6.428967 -7.663422 68.822021 0.051104 -0.074892 -0.019595 119.090538 -84.917297 101.177979 3163.048698 -18.749847 3.250122 114.822998 0.044762 -0.065986 0.006832 -243.793488 618.045807 -455.523071 64891.715246 39.912424 -25.125122 -117.826538 0.04898 -0.075236 -0.020656
2057.314167 3980.553131 1890.775757 2365237.777401 0.710999 0.457756 0.026327 978.798237 5070.062103 245.425415 2672380.935383 0.043995 0.094768 -0.024699 716.390781 5428.644104 -575.722046 3031484.843375 -10.372086 -13.835449 30.480347 0.163708 0.069161 -0.070063 6.956158 5955.852356 -1138.244019 3676782.511986 11.214848 59.601135 73.060303 0.185243 0.058104 -0.060012 158.315029 5663.208313 -674.845581 3255240.860302 -39.400291 135.565186 156.106567 0.231004 0.109944 -0.055726 -2242.027264 3282.323418 714.735107 1631117.954284 0.117402 -0.625985 -0.114546 -1080.449047 1491.875992 -79.803467 339943.271164 0.059303 -0.102397 -0.034132 -465.918121 713.254852 -243.240967 78497.834804 36.247272 63.187561 5.706787 0.052316 -0.073168 -0.019281 123.053741 -42.997437 133.220215 3473.862848 -4.706898 45.589905 26.376343 0.044669 -0.065096 0.008422 -242.075224 677.674866 -436.075439 70800.542656 -6.951838 63.299103 13.781738 0.048772 -0.073564 -0.019867
1991.012402 4023.853455 1914.550781 2382103.170125 0.517319 0.613449 0.054637 941.970348 5045.596008 195.582886 2638359.988136 0.037395 0.085909 -0.053127 748.686657 5453.681946 -626.030884 3069509.314371 42.278214 19.771729 -54.395142 0.201243 0.072178 -0.078859 -23.061771 5943.15918 -1147.169189 3663767.002963 -20.035591 -17.95929 -13.011475 0.157677 0.055973 -0.061218 330.955181 5355.820312 -1019.047241 2983279.983152 182.62249 -312.654114 -348.287964 0.463446 0.069699 -0.106565 -2274.426746 3344.00856 822.543945 1703198.881713 0.106548 -0.415763 -0.105021 -1110.266285 1610.752029 -110.068359 383932.836749 0.057996 -0.097131 -0.035921 -430.754414 904.920502 -353.065186 112908.55045 45.146046 186.399536 -113.910522 0.053826 -0.068084 -0.025551 115.52824 177.257385 138.254395 6388.123252 2.456837 214.988708 0.947876 0.044718 -0.060902 0.008479 -218.570256 891.653595 -475.960083 106935.709095 33.487306 208.712616 -43.970947 0.04977 -0.068053 -0.022382
1981.15099 4048.386078 1925.194092 2402076.136999 0.534175 0.659557 0.079753 871.044559 5101.413879 247.199707 2684424.988863 0.023587 0.098587 -0.022321 740.414371 5469.516296 -610.881348 3083699.797886 6.490707 2.565308 21.973267 0.207005 0.07257 -0.075306 -34.198265 5982.619019 -1116.811523 3704016.782139 3.626499 26.190796 37.181396 0.162666 0.059081 -0.057774 263.692417 5388.405151 -993.57605 3009163.713289 -52.499771 19.315796 32.294922 0.396624 0.072186 -0.101851 -2310.857525 3401.752701 882.248535 1769034.641548 0.096057 -0.250045 -0.098911 -1150.008984 1598.530502 52.143555 388053.937953 0.056349 -0.098312 -0.027114 -479.477596 1015.018311 -438.150024 145213.637998 -33.96019 96.828766 -78.261108 0.05269 -0.065443 -0.029859 14.235802 290.193634 120.654297 9897.246264 -86.529446 99.667206 -10.776367 0.043016 -0.058957 0.007829 -278.219347 1043.028412 -570.008545 149022.401429 -44.886098 138.105774 -87.224731 0.048433 -0.064405 -0.027371
1981.152916 4048.383331 1925.196533 2402075.616499 0.534175 0.659557 0.079753 871.045876 5101.412659 247.203979 2684424.183905 0.023587 0.098588 -0.02232 740.414009 5469.514771 -610.876465 3083697.478497 -0.002289 0.001221 0.002441 0.207003 0.07257 -0.075305 -34.197674 5982.619629 -1116.80542 3704016.145103 -0.001335 0.003357 0.003662 0.162664 0.059082 -0.057773 263.688469 5388.407288 -993.569946 3009164.594385 -0.005875 0.004883 0.003662 0.396617 0.072186 -0.101851 -2310.857582 3401.754837 882.260742 1769038.275322 0.096056 -0.250027 -0.09891 -1150.010719 1598.535995 52.146606 388056.125192 0.056349 -0.098312 -0.027114 -479.482594 1015.027313 -438.154907 145216.372684 -0.006924 0.011749 -0.007324 0.05269 -0.065442 -0.029859 14.237194 290.204468 120.645752 9897.672827 -0.000534 0.01358 -0.010986 0.043016 -0.058957 0.007829 -278.227553 1043.037872 -570.016479 149025.736143 -0.010133 0.012207 -0.010376 0.048432 -0.064405 -0.027372
1995.966606 4058.831635 1881.452637 2399786.095443 0.60309 0.645978 0.085784 933.970528 5085.626373 161.259155 2676190.107039 0.040342 0.089782 -0.042355 722.413826 5451.65802 -679.830322 3070462.617029 -12.774353 -31.622314 -21.015625 0.195662 0.067744 -0.078704 -39.863625 5997.987976 -1165.960083 3733691.178486 -0.440121 1.602783 -1.216431 0.162059 0.059272 -0.057886 210.809326 5469.032898 -977.073364 3090943.376999 -47.653313 66.860046 64.434814 0.335964 0.080793 -0.092445 -2325.591774 3461.953812 953.894653 1830341.630284 0.091452 -0.077012 -0.08793 -1219.666405 1787.370071 -161.853027 470847.431345 0.052103 -0.090196 -0.035766 -590.517426 1132.5354 -612.098389 200601.170042 -105.809002 103.742523 -126.005249 0.049152 -0.062613 -0.036795 -129.01134 444.80423 14.112549 21469.389271 -138.022704 140.834198 -58.594971 0.040302 -0.056209 0.004296 -346.87027 1148.68454 -680.318604 190262.855831 -63.416886 91.881104 -62.363892 0.046542 -0.061979 -0.030939
2016.684837 4047.896729 1892.346802 2403346.207601 0.60737 0.623718 0.110157 1015.894356 5087.841034 150.212402 2694073.149451 0.055695 0.09208 -0.044985 743.413429 5440.747681 -676.464233 3061200.271052 1.525879 -5.413208 9.422607 0.197017 0.066918 -0.07718 -13.139591 5997.789001 -1154.147339 3730570.163476 7.250309 5.298157 17.869263 0.172034 0.059901 -0.056231 218.746452 5526.853943 -904.35791 3141182.77459 -11.536598 63.318176 78.771973 0.32128 0.088943 -0.080947 -2287.228127 3464.17366 1018.226929 1826869.772969 0.100598 -0.048258 -0.081465 -1367.751122 2101.121674 -577.125244 661852.896505 0.04106 -0.075397 -0.057087 -758.520241 1297.005768 -506.593018 251421.34029 -187.47654 169.967499 111.56189 0.042883 -0.057976 -0.030654 -367.554398 652.428741 203.986206 60236.987012 -258.016782 213.121643 195.930176 0.035229 -0.052051 0.016108 -1424.61422 1959.051208 8.681641 586748.268327 -1097.217674 815.8638 695.056763 0.013842 -0.040433 0.008816
2009.326744 4035.776978 1889.14917 2389377.436312 0.631119 0.54938 0.103427 1038.280296 5066.446838 139.096069 2676625.725636 0.064705 0.083905 -0.051627 732.351799 5428.060303 -666.616821 3044455.579406 3.202438 -18.727722 8.364868 0.19986 0.06406 -0.075827 -7.79953 5983.766174 -1159.892578 3715086.925435 19.60413 -20.063171 -7.227783 0.199007 0.05752 -0.0569 177.350998 5608.91449 -793.566284 3212112.257714 -27.131386 76.020203 109.309082 0.286747 0.098728 -0.064991 -2271.61747 3477.143936 1024.508057 1830039.263992 0.115063 -0.022437 -0.081025 -1370.856285 2139.208298 -586.571045 679952.46862 0.041795 -0.073911 -0.057656 -953.995323 1234.684601 -442.446289 263031.185888 -181.211014 -68.361511 62.664185 0.036823 -0.059841 -0.027205 -898.149071 770.008392 476.077271 162623.424503 -516.330605 111.539307 270.608521 0.025076 -0.049875 0.032421 -1155.774422 1242.922363 -258.921509 294771.08627 283.103867 -722.169189 -269.085693 0.02228 -0.059504 -0.006575
1934.713593 4050.146179 1862.175903 2361449.985291 0.542916 0.605281 0.081689 974.466705 5044.2453 117.091064 2640770.632668 0.061055 0.077077 -0.056977 693.873444 5411.886902 -683.087769 3023658.909376 10.486603 -16.886597 -4.616089 0.20917 0.061483 -0.076574 -72.159328 5807.127075 -1259.772339 3531495.818193 -15.39484 -177.352295 -88.024902 0.177826 0.036469 -0.065053 241.768456 5514.362793 574.371338 3079655.143235 113.382416 -95.264893 1379.79248 0.43106 0.086466 0.136416 -2321.179657 3567.627411 1331.865845 1988970.697126 0.114774 0.312055 -0.05171 -1494.854813 2330.880699 -362.103271 779871.452375 0.03685 -0.065059 -0.045344 -1622.979889 1587.176819 -1010.76355 617483.692773 -620.019608 351.779022 -556.462402 0.016089 -0.050246 -0.057836 -1455.449448 828.215027 -351.14563 292757.647871 -508.335419 57.493439 -815.368042 0.015081 -0.048754 -0.016733 -1283.144226 1502.017365 -1265.606079 550427.401563 -78.404846 258.381805 -994.829712 0.019943 -0.052681 -0.063475
1906.545162 4038.870239 1885.668335 2350313.233455 0.468251 0.551147 0.117597 1007.818508 5048.575287 105.720825 2651498.746539 0.070841 0.077786 -0.06219 708.141918 5454.525452 -673.02002 3070626.882579 20.725327 40.690308 11.548462 0.22757 0.067693 -0.074706 -58.610115 5867.788696 -1243.572388 3598085.161332 20.006065 58.713379 17.680664 0.205352 0.043438 -0.063416 164.794292 5585.865173 441.248779 3142374.737879 -70.517311 69.554138 -131.641846 0.341306 0.095419 0.1172 -2270.058994 3563.587341 1281.445923 1949442.62299 0.142653 0.289742 -0.056205 -1464.601002 2654.311519 -628.306885 958519.527388 0.03927 -0.050156 -0.059136 -1929.835758 1858.449631 -1013.516846 820531.748017 -300.399017 269.32457 -1.272583 0.006044 -0.042899 -0.057906 -1994.665928 1113.992004 -314.152222 531836.196811 -532.759628 283.828735 38.474121 0.004605 -0.043216 -0.014413 -1854.35358 1689.867249 -1266.851807 789919.201908 -564.752502 185.901642 0.234985 0.003112 -0.047771 -0.063462
1917.906799 4062.712097 1903.74939 2380825.781393 0.474289 0.551943 0.098834 1035.986328 5033.592224 86.745605 2641784.315086 0.075405 0.066275 -0.088603 720.556717 5530.281372 -633.952637 3150510.998217 2.80899 52.108459 7.937012 0.230064 0.075645 -0.073423 -73.912849 5844.396667 -1234.052124 3568532.016097 -24.908543 -47.03949 -21.610107 0.171081 0.037855 -0.065417 72.389584 5683.150635 -313.761597 3240188.77288 -102.010517 73.638 -786.140747 0.211467 0.104897 0.002448 -2268.208923 3642.514648 1416.202393 2041831.390074 0.138897 0.495719 -0.046688 -1676.7099 2659.661098 -541.849976 1017875.463817 0.024658 -0.051004 -0.056254 -2012.640839 1990.194016 -1207.041626 946854.485148 -92.410889 108.096924 -224.655151 0.002953 -0.03995 -0.070272 -2562.348328 1463.851318 -518.661499 897749.938497 -577.288208 326.211853 -235.639648 -0.006746 -0.036852 -0.028619 -1933.868713 1875.408249 -1398.615723 921313.024029 -89.120941 161.893539 -162.894287 0.000456 -0.043496 -0.072779
1938.884811 4129.757538 1905.147705 2444375.941141 0.47634 0.619119 0.109327 1057.831802 5124.898376 82.489624 2739039.602926 0.075765 0.078394 -0.087737 757.954712 5616.741638 -655.934448 3255253.197581 17.016449 35.825195 -16.082764 0.245171 0.081112 -0.076024 -66.535263 5929.000244 -1227.919922 3666525.817079 -13.00396 33.968506 12.03125 0.153189 0.041887 -0.064303 42.123051 5584.255981 -692.683105 3166549.910231 -50.648079 -149.529724 -373.022461 0.147002 0.08565 -0.052002 -2258.825455 3771.049423 1632.078857 2198678.758405 0.133572 0.78598 -0.026322 -1924.910049 2733.590708 -375.521851 1131881.351635 0.006957 -0.049924 -0.04728 -2254.056015 2328.034363 -1238.098755 1203340.104001 -261.796722 287.205276 -25.158081 -0.005801 -0.032116 -0.071657 -2752.902908 1853.617859 -467.930908 1123333.29243 -210.936127 339.13147 56.629639 -0.010894 -0.030236 -0.025205 -2145.921402 2256.607399 -1462.471924 1183607.974461 -232.434235 330.564079 -57.957153 -0.006471 -0.034766 -0.076093
1937.615261 4136.871338 1883.991089 2441747.978915 0.439383 0.646394 0.06393 1102.316647 5152.375488 53.371582 2776492.368733 0.084371 0.086448 -0.108577 759.928799 5660.33905 -654.007568 3304465.58428 -7.502823 43.146667 -8.48877 0.23851 0.087696 -0.077396 -71.813993 5982.774353 -1207.949219 3725788.752398 -14.75564 53.323364 9.555054 0.132887 0.048216 -0.063418 48.94598 5590.031128 -688.030396 3172422.954533 -2.65398 5.324402 -5.762939 0.143624 0.086335 -0.052843 -2242.779484 3769.818878 1651.222534 2196813.004455 0.136753 0.779715 -0.02552 -2016.328678 2869.257946 -433.790894 1248639.703835 0.000307 -0.043656 -0.050859 -2310.343266 2442.755795 -1297.970581 1298946.950557 -65.76416 114.270687 -70.287476 -0.008 -0.028999 -0.075526 -2840.604649 2303.191071 -423.532715 1355310.383763 -97.17865 449.122467 33.982544 -0.012805 -0.021473 -0.023156 -2272.788334 2522.043934 -1489.742432 1374560.492767 -136.343842 264.98579 -37.686157 -0.010535 -0.027768 -0.078249
1936.866131 4118.093262 1886.425781 2426874.474913 0.429413 0.641582 0.056893 1106.35252 5143.256378 63.580933 2768114.46051 0.084835 0.088976 -0.107058 761.499157 5656.280212 -636.883545 3297900.745705 -0.579681 13.543701 9.795532 0.237996 0.089763 -0.075812 -71.807489 5972.196655 -1188.961792 3708591.934761 -2.143536 7.024841 11.658936 0.129938 0.04905 -0.062338 50.718803 5576.649475 -671.115723 3155198.807832 -0.377216 4.220886 9.586182 0.143144 0.086879 -0.051444 -2221.449757 3777.747955 1706.987305 2212002.42935 0.146039 0.874848 -0.021072 -2001.639118 2967.531071 -411.433105 1298207.701539 0.001134 -0.038284 -0.050076 -2373.879414 2463.999557 -1198.654175 1314336.912045 -65.686188 38.846302 91.987915 -0.010197 -0.02794 -0.070462 -2857.175007 2253.360176 -313.296509 1333923.580545 -18.720398 -32.228355 102.907715 -0.013173 -0.022102 -0.016953 -2279.983997 2587.509823 -1487.36084 1410577.637937 -9.345703 83.068428 -4.946899 -0.010813 -0.025574 -0.078532
1947.762756 4120.353546 1849.720459 2419255.887661 0.403701 0.661308 0.018787 1120.161133 5147.536774 29.812622 2775278.45923 0.083713 0.091014 -0.11948 762.339935 5668.813782 -656.512451 3314762.046753 -17.532654 15.092163 -9.425049 0.22243 0.092066 -0.077336 -80.72032 6036.336975 -1157.211304 3778301.784839 -27.286263 66.698914 41.954346 0.092395 0.056966 -0.058452 26.101704 5566.614075 -687.988892 3146120.227063 -42.990532 -7.476807 -6.669312 0.088426 0.085916 -0.052417 -2236.013947 3778.265152 1879.356689 2280702.749393 0.130091 0.886309 -0.004306 -2005.304565 3149.966393 -296.148682 1403123.871576 -0.000319 -0.029708 -0.043538 -2263.186493 2834.00897 -1214.417114 1462842.887266 92.319489 372.568007 -5.559082 -0.00711 -0.017777 -0.070768 -3273.052368 2640.599146 -1167.74292 1904925.918104 -434.250793 389.797564 -844.242554 -0.021711 -0.014497 -0.067847 -2067.638092 2745.431134 -1438.809814 1388269.307394 193.972473 160.479905 58.754883 -0.005032 -0.021336 -0.075171
1956.32246 4116.008759 1822.477417 2409014.960405 0.355312 0.649718 -0.004038 1142.741985 5147.079926 -3.081055 2779830.049778 0.083701 0.091328 -0.130827 770.957928 5653.023071 -694.144287 3303288.226214 -14.012604 -14.277344 -26.262817 0.209989 0.089887 -0.081584 -70.058041 6047.66571 -1178.588867 3796824.039226 -11.968317 12.842102 -10.008545 0.075928 0.05849 -0.059379 31.536655 5562.319336 -711.026611 3144594.97976 -17.195644 -2.781372 -11.668701 0.066539 0.085558 -0.05412 -2183.909931 3782.74353 1851.068726 2250506.663019 0.144362 0.908635 -0.00586 -1944.766102 3244.579849 -348.870239 1443112.403281 0.00218 -0.025252 -0.045692 -2054.701557 2910.734024 -1290.744629 1436019.274479 185.85434 78.23842 -64.958496 -0.000895 -0.015643 -0.074344 -3059.172993 2701.729033 -1201.624146 1810177.975409 191.248779 62.643254 -22.512207 -0.017951 -0.013275 -0.069204 -1897.001514 2810.31208 -1465.065308 1364288.50905 148.005981 66.394313 -14.886475 -0.000621 -0.019583 -0.076023
1958.763847 4072.237396 1812.415771 2370472.414975 0.324863 0.59146 -0.01257 1136.599236 5107.375183 -0.162354 2737713.910958 0.079413 0.088299 -0.127112 785.063744 5620.554504 -693.392944 3268775.179363 2.810516 -2.929077 4.87915 0.212485 0.08944 -0.080795 -50.058451 6024.910889 -1174.460449 3768141.44117 8.70429 6.784668 8.256226 0.087904 0.059296 -0.058615 32.655735 5537.627258 -703.880615 3116182.996941 -10.17622 4.847412 11.273804 0.053587 0.086182 -0.052475 -2192.97123 3723.960495 1880.045166 2221157.440819 0.134506 0.799671 -0.00282 -1774.071999 3368.865356 -324.396362 1460181.824594 0.012685 -0.018121 -0.044202 -2000.952187 2912.148876 -1187.906494 1389554.256891 42.454071 30.954342 106.965942 0.000525 -0.014799 -0.068456 -2780.958748 2722.594117 -546.774902 1544521.307667 266.918945 50.404574 658.977051 -0.012702 -0.012292 -0.029478 -1761.181679 2811.189995 -1424.202271 1303290.219989 124.524536 30.417404 44.990845 0.00309 -0.018779 -0.07345
1992.882233 4022.697296 1843.378906 2355171.892168 0.340011 0.542295 0.016173 1151.817169 5080.578613 48.294678 2714129.421287 0.07585 0.091498 -0.107353 816.742783 5552.63031 -683.235474 3196558.284553 1.965408 -30.394592 -0.81543 0.21423 0.084802 -0.080926 -10.377359 5974.658813 -1166.536255 3705746.2461 9.967461 -12.722473 -3.048706 0.101618 0.057786 -0.058897 44.836521 5502.303162 -672.095337 3072906.253792 -17.532845 2.205505 20.812378 0.031271 0.086466 -0.049437 -2126.764069 3730.082626 1857.199707 2188583.255464 0.152175 0.962321 -0.005925 -1624.924164 3322.855988 -324.494019 1378704.682023 0.020556 -0.018514 -0.044779 -1629.176483 2798.356781 -1181.104126 1188002.364346 342.062073 -76.262493 -4.170532 0.011964 -0.016879 -0.068686 -1625.416412 2719.8633 -155.162964 1006371.043135 1125.828705 34.798785 380.639038 0.009435 -0.011613 -0.006532 -1386.097946 2768.045807 -1393.430176 1152499.276016 345.370102 -5.614586 19.799194 0.013383 -0.018928 -0.072317
1997.618999 3987.452393 1839.450684 2327383.706754 0.345371 0.461841 0.035974 1130.067883 5050.346527 69.432983 2678787.440211 0.069721 0.087135 -0.08688 815.345058 5519.638367 -668.934937 3157866.921276 -4.575806 -17.401123 31.999512 0.210167 0.082146 -0.075752 15.31332 5962.122803 -1171.633301 3691986.740416 22.512598 3.05481 12.601929 0.132593 0.058148 -0.05773 66.312542 5479.290771 -710.614014 3053199.698812 18.297939 -7.42157 -20.819702 0.054561 0.085511 -0.052476 -2158.109913 3665.681152 2004.764404 2211373.702342 0.135459 0.780448 0.009252 -1473.314075 3512.469788 -151.785278 1453113.714448 0.030338 -0.009002 -0.034858 -1675.817432 2760.857077 -781.291504 1104111.227848 -49.819031 -21.908884 417.511597 0.010298 -0.017476 -0.045703 -1673.489552 2803.843813 243.33313 1072131.84186 -51.251221 99.571333 416.195068 0.008427 -0.00967 0.018558 -1371.613178 2847.868156 -1278.769531 1162692.726124 11.306686 95.41317 132.359619 0.01372 -0.016408 -0.064747
2001.955795 3965.124664 1838.991089 2311192.883471 0.320071 0.403822 0.046514 1135.642242 5028.314362 70.467529 2657859.429427 0.068217 0.082999 -0.082228 827.21405 5501.203918 -667.467651 3139304.070307 0.175171 -10.280151 9.257202 0.210323 0.080577 -0.074255 38.711929 5956.240234 -1175.679321 3686051.820957 11.704788 2.271729 3.743896 0.148697 0.058418 -0.057383 78.10688 5475.166931 -704.464722 3047982.415281 0.100517 4.030457 13.939209 0.054689 0.08603 -0.050441 -2129.046402 3676.664276 2021.541138 2213732.735249 0.14387 0.851756 0.011508 -1408.231888 3606.376343 -125.932007 1500492.624593 0.033857 -0.00427 -0.033105 -1360.407486 2824.311581 -747.973633 1038690.898788 303.716125 71.608801 41.107788 0.020454 -0.015523 -0.043441 -1444.195786 2838.771286 273.326416 1021903.121089 217.599945 43.08177 37.783203 0.012706 -0.00883 0.020836 -1353.800201 2824.435406 -991.015015 1079232.110576 6.119156 -15.278454 295.544434 0.013902 -0.016811 -0.047843
1995.482635 3915.731659 1861.305542 2277936.369402 0.284773 0.346468 0.079293 1104.262085 4980.410309 99.375 2603375.698729 0.05957 0.079268 -0.066736 831.46286 5433.146057 -667.43103 3065587.074601 0.457993 -32.675781 0.518799 0.210729 0.075591 -0.074171 53.70657 5905.119934 -1181.769409 3626990.476799 11.203823 -15.73822 -5.60791 0.164112 0.05655 -0.057902 78.645 5433.561707 -727.218018 3005862.39 -3.252697 -6.223145 -22.271118 0.050549 0.085228 -0.053692 -2100.502319 3635.53894 1765.630493 2074670.441931 0.155855 0.830356 -0.011949 -1005.820694 3641.298828 -224.862671 1432129.564489 0.060128 -0.001011 -0.038235 -1004.289322 2697.483606 -563.666382 860273.463856 352.327347 -91.445894 184.789429 0.032236 -0.018017 -0.033269 -1077.272568 2793.902874 456.442871 917474.95491 363.132401 -9.486332 183.598633 0.019846 -0.009015 0.031904 -1142.64473 2721.181669 -887.718506 949851.080074 207.364655 -67.871656 103.778687 0.020082 -0.018604 -0.041907
1986.160889 3897.372589 1898.22937 2273762.291562 0.244992 0.285188 0.124378 1101.809082 4975.311737 133.754272 2598560.033958 0.058415 0.078759 -0.051548 816.686172 5417.507324 -637.536621 3042281.485553 -17.022629 -12.249756 24.325562 0.195616 0.073722 -0.070237 56.934109 5874.572144 -1195.698853 3594353.510853 0.981598 -27.158813 -19.498291 0.165463 0.053326 -0.059708 79.747639 5425.921631 -693.730469 2992824.719338 -1.143303 -4.251099 27.918701 0.049094 0.084681 -0.049617 -2005.553131 3641.692429 1666.428833 2006115.21616 0.200741 0.865912 -0.021571 -938.626175 3583.294983 -344.668579 1383981.846023 0.064408 -0.003543 -0.044767 -871.05484 2800.241337 -971.463623 954382.964979 130.988541 106.146708 -413.366089 0.036616 -0.015122 -0.056023 -640.226097 2699.65991 27.10022 769878.750808 434.800529 -90.853987 -434.911499 0.028396 -0.010787 0.005686 -813.832092 2760.073318 -1199.793701 971983.23232 326.566696 42.280626 -317.644043 0.029815 -0.017487 -0.060075
1981.594639 3906.957855 1892.215576 2277151.678183 0.232601 0.285544 0.124481 1116.641788 4978.302002 115.617676 2604374.715339 0.062298 0.076819 -0.057901 830.798206 5425.848694 -651.730347 3055481.215295 15.074921 -1.156921 -8.10791 0.209 0.073545 -0.071548 55.944633 5899.404907 -1173.168945 3618243.343567 -0.026588 15.334473 28.615723 0.165426 0.055146 -0.057058 78.636341 5440.68512 -689.928589 3008323.970283 -0.148411 5.265198 9.887695 0.048905 0.085359 -0.048174 -2022.923489 3646.296997 1556.18042 1980939.873099 0.192796 0.847678 -0.031136 -1021.015987 3541.94458 -484.955444 1382302.683785 0.059042 -0.0059 -0.051759 -918.117962 2737.525692 -1078.164673 949942.6568 -46.100235 -72.213936 -100.615234 0.035075 -0.017092 -0.061561 -815.075665 2681.736302 -55.563965 785914.528856 -173.886681 -27.421899 -76.578369 0.024976 -0.011322 0.001069 -848.482571 2662.567115 -1236.275024 933756.224966 -33.687592 -107.004495 -30.395508 0.028811 -0.020313 -0.061813
1991.028976 3904.261627 1910.255127 2285652.988868 0.220358 0.285233 0.136327 1128.554611 4973.206787 134.674072 2602455.836357 0.062032 0.076082 -0.053022 845.865173 5434.308777 -624.309082 3063696.160358 2.072601 11.080322 17.620239 0.21084 0.075236 -0.068699 69.201336 5904.661865 -1143.236084 3617680.931137 0.262337 7.877197 20.131836 0.165787 0.056081 -0.055193 108.507538 5427.600098 -698.500366 2995851.946744 16.876831 -10.464783 -18.372803 0.070385 0.084012 -0.050855 -1993.940506 3671.682281 1559.639893 1988952.611215 0.200538 0.952029 -0.031719 -1129.775314 3460.574951 -532.305298 1353532.018367 0.051018 -0.009551 -0.054737 -1124.088974 2660.938177 -1138.540039 964044.142441 -218.965378 -73.967276 -70.176392 0.027752 -0.01911 -0.065424 -1152.266922 2651.380467 -111.00708 836986.001435 -350.185623 -27.735596 -65.244141 0.018091 -0.011863 -0.002864 -1448.564224 2818.60136 -1280.777588 1168324.31698 -613.076019 158.654485 -54.303589 0.010539 -0.016123 -0.064919
1991.998329 3908.947449 1934.577637 2299051.813282 0.180564 0.28028 0.15838 1171.14933 4984.856567 150.662231 2624308.485885 0.069421 0.077796 -0.049331 868.131065 5413.86322 -616.362305 3044346.900449 9.725189 -26.341248 -1.038818 0.219474 0.071216 -0.068866 99.119473 5922.890015 -1103.917236 3630908.406011 17.377434 12.332458 30.333252 0.189696 0.057545 -0.052384 140.767479 5435.68512 -678.067017 3002626.308189 19.719238 2.189331 11.447754 0.095484 0.084294 -0.049184 -1994.096184 3664.297333 1572.073975 1987491.11147 0.19439 0.902544 -0.031402 -1290.622063 3484.98291 -576.049805 1414264.457025 0.039591 -0.008693 -0.057484 -1250.87986 2678.497305 -1167.560425 1010224.558198 -139.331589 11.663437 -38.005981 0.023093 -0.018791 -0.067516 -1395.026665 2584.439237 -156.746826 864999.513319 -255.300446 -72.836921 -54.725342 0.013071 -0.013284 -0.006163 -1344.426689 2737.747297 -1427.824097 1134142.503735 91.596832 -86.749754 -156.032104 0.013269 -0.018414 -0.073844
1998.120832 3958.945465 1980.722656 2358899.829757 0.240493 0.285533 0.226534 1171.929579 4994.433594 172.229004 2634744.868979 0.072392 0.066134 -0.037301 869.452009 5445.087891 -583.83728 3074579.490277 12.624741 -17.490234 33.778687 0.230683 0.068547 -0.063404 126.293306 5975.064392 -1091.367798 3690842.815904 38.477631 3.459473 13.803101 0.242637 0.057956 -0.051105 147.641745 5477.45697 -645.966797 3044160.604797 18.178062 -6.943054 33.353882 0.118621 0.0834 -0.044316 -2096.965075 3766.064072 1827.852783 2192154.691271 0.150056 1.10022 -0.007798 -1522.060747 3361.394577 -330.673828 1372498.760107 0.025083 -0.01668 -0.044634 -1568.305407 2880.06958 -1208.408203 1221463.301975 -306.12175 152.85737 -39.594116 0.012856 -0.014622 -0.069696 -2133.295031 2534.193707 -424.195557 1115302.729996 -726.964569 -98.960435 -266.195068 -0.001224 -0.015215 -0.02221 -1241.341829 2770.69663 -1407.2229 1119796.56467 114.388657 -15.765572 21.854858 0.016678 -0.018831 -0.072594
2001.488371 3971.193237 1989.157715 2373307.984137 0.24602 0.28244 0.244389 1186.939573 5006.6745 175.6073 2650645.301844 0.075649 0.065907 -0.03342 890.400724 5463.662109 -578.917847 3097956.296866 19.188538 5.570984 8.902588 0.247718 0.069397 -0.061964 167.743769 5978.222961 -1129.887085 3704393.257321 39.690285 -9.844666 -34.536133 0.297246 0.056787 -0.054304 162.59675 5479.25354 -643.011475 3046212.08157 13.194828 -11.206665 6.938477 0.135415 0.081958 -0.043303 -2121.798677 3781.367493 1771.320801 2193834.712155 0.137179 1.10879 -0.012624 -1595.3053 3303.63636 -384.432373 1360680.044911 0.02014 -0.01996 -0.047228 -1646.571627 2821.136274 -1261.151123 1226051.015528 -80.026398 -71.936541 -48.759766 0.01018 -0.016584 -0.07238 -2211.666231 2712.040169 -411.191406 1241570.777017 -80.131378 164.843228 16.987305 -0.002799 -0.011999 -0.021186 -1289.991579 2825.722685 -1505.935059 1191662.736647 -50.409927 42.02282 -94.729004 0.015176 -0.017721 -0.078012
2004.731359 3974.005585 1973.869629 2370782.952297 0.238784 0.283855 0.240228 1196.913519 5009.598694 166.183472 2655629.79914 0.076787 0.066043 -0.031855 892.157507 5464.514771 -582.651367 3099634.930998 -3.590393 -1.614075 8.660278 0.244531 0.069151 -0.060564 177.462873 5977.648926 -1139.022217 3706115.136171 4.371929 -3.040771 3.258667 0.303261 0.056426 -0.054002 168.912439 5463.034363 -654.746704 3030196.910775 0.968513 -18.685913 0.658569 0.136648 0.079552 -0.043207 -2145.978632 3749.136276 1730.889893 2165722.692697 0.122883 0.979503 -0.015198 -1634.904108 3277.033195 -422.219238 1359012.709207 0.017178 -0.021308 -0.048551 -1642.351007 2787.489376 -1292.840576 1213885.06088 -1.126556 -36.113634 -19.295654 0.010143 -0.017569 -0.073442 -2097.01623 2666.154584 -384.254761 1165350.905263 109.302826 -48.352321 39.330444 -0.00065 -0.012942 -0.018815 -1296.080637 2770.070286 -1522.700806 1167173.214938 -11.436234 -58.119135 -4.371948 0.014835 -0.019256 -0.078262
2013.384714 3967.063751 1964.44458 2365035.532153 0.22604 0.283426 0.212172 1212.772074 5035.954895 173.550415 2686177.755409 0.077647 0.075934 -0.033288 896.562433 5479.608765 -577.06665 3116294.232931 -7.954178 21.931152 -4.501953 0.237469 0.072498 -0.061292 178.740282 5964.44458 -1154.031372 3693833.564498 -11.081696 -6.367188 -25.095825 0.288014 0.055671 -0.056327 174.22225 5464.05426 -640.9375 3029704.323029 -7.049294 7.857056 3.722534 0.127676 0.080564 -0.042663 -2124.928274 3753.396301 1762.915039 2171117.339964 0.127091 1.020852 -0.013184 -1623.863821 3270.337143 -389.653931 1348386.892345 0.017091 -0.021301 -0.047379 -1609.951315 2788.394823 -1264.206543 1196530.710907 20.040588 7.742605 18.547363 0.010813 -0.017358 -0.072421 -2118.149252 2578.873806 -401.420898 1129828.509846 -33.492126 -80.443619 -27.252808 -0.001309 -0.014512 -0.020458 -1289.506674 2749.758348 -1473.848267 1139622.714973 -5.785141 -13.474779 38.765869 0.014663 -0.019611 -0.076045
2012.749758 3956.223145 1916.223755 2337477.663549 0.226973 0.24911 0.14724 1212.509737 5049.472351 149.0271 2698955.996304 0.077805 0.080695 -0.044602 884.80504 5499.673462 -588.952026 3137615.263649 -10.851135 22.522278 -8.823242 0.227835 0.075935 -0.062719 161.483202 5956.088562 -1176.075439 3688422.122233 -16.350822 -5.898438 -18.981934 0.265517 0.05497 -0.058085 165.492945 5471.538696 -635.17395 3036856.956675 -7.823048 9.942017 8.825684 0.117719 0.081843 -0.041375 -2111.630125 3739.647522 1760.735474 2154413.478171 0.133968 0.97878 -0.013103 -1602.743711 3272.533188 -385.827637 1342712.38356 0.018542 -0.021086 -0.047021 -1593.150358 2799.874668 -1261.819458 1196961.456563 17.707214 13.937426 5.449219 0.011405 -0.016978 -0.072121 -2154.922209 2523.294334 -457.010498 1121956.261932 -35.866699 -53.121891 -52.527466 -0.002014 -0.015548 -0.023625 -1238.06262 2755.094376 -1471.137085 1128758.839271 52.350311 7.793608 5.773315 0.016223 -0.019406 -0.075714
2012.907143 3956.186066 1915.578003 2337264.243643 0.226006 0.249377 0.146843 1212.366676 5049.266052 148.48938 2698696.972018 0.077662 0.080664 -0.04469 884.509315 5499.46106 -589.393921 3137381.386891 -0.734329 -0.110168 -0.072021 0.227183 0.075918 -0.06273 161.000175 5955.871582 -1176.240234 3688186.844711 -0.921631 -0.114746 0.205078 0.264249 0.054957 -0.058066 165.405102 5471.330872 -635.767212 3036702.030177 -0.526447 -0.105591 -0.223389 0.117049 0.08183 -0.041408 -2111.194267 3739.740753 1761.760864 2154660.347795 0.133967 0.979508 -0.012974 -1602.686272 3273.117409 -384.934082 1343007.510438 0.018517 -0.021054 -0.046955 -1592.898521 2800.464449 -1260.895386 1196978.400305 -0.186768 0.692015 1.293945 0.011399 -0.016959 -0.07205 -2155.525475 2522.271614 -457.275391 1121724.494947 -1.04187 -0.920486 0.10498 -0.002034 -0.015566 -0.023618 -1238.044014 2755.368729 -1469.980469 1128565.238981 -0.419998 0.376587 1.526489 0.01621 -0.019396 -0.075627
2023.819442 3961.576462 1886.685181 2334951.416655 0.225108 0.204608 0.100596 1183.590255 5065.980682 123.705444 2708034.920235 0.067841 0.080779 -0.059479 869.293914 5544.564514 -611.02356 3187121.735068 -26.388779 28.77655 -24.899902 0.203755 0.080309 -0.066757 128.058581 6028.788147 -1166.585693 3772360.770129 -44.114971 56.589661 6.384277 0.203552 0.061674 -0.057474 164.863029 5534.614258 -694.217529 3114107.277894 -11.71545 46.956482 -61.720581 0.102137 0.087874 -0.050417 -2153.461747 3720.902557 1978.99353 2239892.873085 0.108092 0.84848 0.006674 -1382.051988 3405.506287 -134.650879 1352567.162397 0.032322 -0.015674 -0.034085 -1406.608109 2839.631519 -962.34375 1096815.90323 175.117035 22.840166 295.281372 0.017255 -0.016336 -0.055796 -1723.036637 2637.029738 -6.099854 992281.830306 421.31546 98.43122 447.905273 0.00625 -0.013646 0.003383 -1061.236634 2952.467728 -1289.425049 1150590.583331 165.634003 180.772095 177.285156 0.021147 -0.014622 -0.065487
2021.005893 3926.329193 1865.548096 2298079.544864 0.222032 0.16954 0.079458 1151.855273 5036.483307 118.33252 2670693.725621 0.060511 0.07994 -0.058918 850.652194 5499.79248 -632.301636 3137113.184198 -16.722641 -18.091736 -14.841919 0.188909 0.077549 -0.069157 118.056521 6008.605042 -1178.605347 3750638.245026 -8.082981 6.497192 -5.583496 0.192431 0.062445 -0.057992 133.793559 5522.607727 -697.976685 3100426.827553 -29.150391 14.673767 2.677002 0.065035 0.089763 -0.050026 -2199.131131 3694.60762 2134.515381 2304245.911075 0.086908 0.849916 0.021548 -1281.393476 3523.531342 61.464233 1406102.020603 0.039082 -0.008965 -0.023532 -1356.393552 2725.147243 -542.038574 956003.677693 52.133636 -87.803979 426.741333 0.018998 -0.018731 -0.032305 -1457.561002 2679.927831 480.082397 953697.635999 267.394714 69.57839 492.618408 0.011508 -0.012288 0.033081 -985.431561 3006.947823 -1143.735962 1132094.252058 77.724152 81.160393 152.125244 0.023463 -0.012478 -0.056786
2046.621685 3922.398834 1858.878784 2302930.327066 0.215135 0.113065 0.079053 1153.624172 5035.695801 133.780518 2670697.81556 0.054155 0.076765 -0.047408 850.13998 5494.508057 -615.505371 3129120.363247 -28.133621 -15.150146 23.183594 0.163931 0.075237 -0.065408 143.348866 6023.554993 -1170.986328 3767497.262769 -2.329063 5.084229 14.006348 0.189227 0.063048 -0.056694 160.387745 5531.376343 -703.425293 3111665.56169 -1.027222 -1.097107 0.938721 0.063727 0.089622 -0.049889 -2161.00069 3703.525009 2237.893677 2339418.958608 0.091996 0.846382 0.031628 -1230.41338 3629.66423 171.712646 1471786.474289 0.040621 -0.004503 -0.017455 -543.290386 2925.077419 353.71521 897635.680228 785.481758 190.064454 902.141113 0.045265 -0.013546 0.017354 -848.312244 3701.16272 950.234375 1532118.450935 581.62735 1011.369166 476.539307 0.022944 0.007443 0.061808 -971.507206 3769.570847 775.379028 1575470.325601 -13.697052 752.757301 1925.502319 0.023055 0.007401 0.053344
2042.581706 3911.095123 1870.097046 2296606.805039 0.188359 0.093989 0.08517 1165.594554 5018.122864 135.651245 2655856.900038 0.056177 0.073508 -0.050093 862.098155 5484.363403 -607.880249 3119097.356572 8.212051 -3.500977 0.661011 0.171222 0.074702 -0.065301 149.16677 6030.491943 -1136.390381 3768046.69019 2.071781 13.580627 27.631836 0.192077 0.06466 -0.054135 167.523894 5521.465149 -694.708862 3099726.204933 3.390026 -3.267517 1.752319 0.068042 0.089201 -0.049634 -2122.946858 3728.224335 2093.627319 2278983.540586 0.108608 0.963169 0.01774 -1144.109197 3652.051849 52.437744 1464921.828135 0.046062 -0.003157 -0.024032 -522.499471 3058.534927 -458.504639 983786.810251 17.044792 140.101185 -819.18396 0.045835 -0.009725 -0.027739 -772.36939 3585.231705 383.670044 1359764.355298 72.196732 -109.287338 -573.528442 0.024364 0.005311 0.027234 -621.57208 3585.161972 474.205933 1346460.948254 346.189003 -177.765198 -308.137207 0.033372 0.002707 0.03572
2085.389513 3897.697678 1883.587646 2308879.902805 0.156455 0.022134 0.145855 1212.50194 5026.437378 165.238037 2676253.727653 0.054904 0.074748 -0.01936 919.755586 5471.044312 -594.041748 3113116.179576 5.572433 -17.475281 42.55249 0.176169 0.072036 -0.05842 213.291162 5988.879089 -1155.755615 3724793.690896 12.039394 -45.769043 9.348755 0.208642 0.059228 -0.053269 235.656103 5497.235107 -702.525024 3076866.903503 16.047211 -28.38623 20.897827 0.088467 0.085547 -0.046583 -1966.319624 3709.572067 1740.931396 2065817.991392 0.159226 0.878183 -0.012013 -803.328367 3770.352707 -198.029785 1490011.179629 0.065089 0.002134 -0.035586 -502.439276 3167.966766 -935.241699 1116313.569475 -32.024803 105.27565 -448.023071 0.044764 -0.006853 -0.052401 -510.148131 3571.297455 4.645386 1301443.820572 210.136261 -18.090439 -350.310669 0.028496 0.004958 0.006115 -223.396555 3195.699921 -1028.690796 1132060.87573 346.090527 -393.61824 -1474.182739 0.043687 -0.007689 -0.048597
2094.004637 3893.178482 1899.393921 2314939.137968 0.168947 0.040129 0.158154 1214.473768 5014.183044 165.626831 2664441.038456 0.054164 0.073753 -0.022978 940.852934 5457.010193 -607.094116 3103272.775468 16.114578 -5.118713 -20.305176 0.190476 0.071254 -0.061703 215.886027 5980.675354 -1148.634644 3713444.601085 -2.387905 0.71167 -0.131836 0.205357 0.059312 -0.053281 232.259356 5498.353882 -701.207886 3077753.231728 -8.379517 10.03418 -5.935669 0.077801 0.086839 -0.04745 -1937.883638 3713.561325 1727.365112 2052972.094127 0.170582 0.926267 -0.013925 -781.235994 3714.351425 -228.816528 1445909.319178 0.066216 -4.8e-05 -0.037568 -487.555689 3132.82383 -991.670532 1103570.614162 9.900818 -26.227531 -63.681641 0.045095 -0.007569 -0.055906 -391.273836 3495.592651 -35.006714 1237348.866897 113.891525 -66.789398 -46.904907 0.030735 0.003655 0.003288 -190.892195 3163.392677 -1029.494629 1110335.225171 27.521591 -23.391838 -8.056641 0.044507 -0.008306 -0.049058
2087.397757 3896.810226 1949.650269 2334349.550473 0.126683 0.048454 0.221617 1222.247152 5031.919861 211.810303 2685896.919163 0.054678 0.078562 -0.001859 947.897787 5451.296692 -575.917969 3094682.734457 1.362 -7.311707 25.056763 0.191685 0.070139 -0.057651 224.911814 5966.977539 -1131.763306 3693629.445568 3.342934 -15.296021 10.751953 0.209956 0.057497 -0.052285 235.67462 5494.293213 -668.061523 3068910.663467 -2.26759 -5.658875 27.026978 0.074915 0.08611 -0.043504 -1909.308786 3731.170578 1696.950073 2044673.347503 0.181666 0.985925 -0.01728 -763.865824 3816.038742 -269.429321 1521823.48368 0.066987 0.004592 -0.040003 -582.592058 3176.428337 -1023.470459 1147660.226738 -100.719223 42.006302 -37.919312 0.041727 -0.006423 -0.057993 -533.613291 3001.494675 -9.836426 929381.018152 -148.022308 -495.696182 19.050903 0.027825 -0.006016 0.004436 -286.387625 3132.222977 -1145.048828 1120397.546607 -101.178284 -32.767906 -121.673584 0.041491 -0.009172 -0.056017
2064.758883 3900.892563 1917.457275 2315683.443293 0.121832 0.051237 0.204774 1219.110155 5031.517639 171.288452 2683173.90573 0.059126 0.077428 -0.012424 938.569155 5462.566833 -606.306152 3108815.561901 11.899872 7.867737 -9.909058 0.20225 0.071339 -0.059254 202.026148 5969.598083 -1149.328613 3699787.21042 -1.657162 -0.78186 2.913818 0.207676 0.057404 -0.052016 212.398615 5494.447327 -680.344238 3069693.287961 -2.047501 -3.248291 8.196411 0.072309 0.085692 -0.042308 -1943.207121 3736.744461 1669.770508 2052744.663072 0.175531 0.994016 -0.017895 -893.327971 3855.926361 -343.822021 1578441.654745 0.059853 0.006283 -0.042812 -660.810728 3209.289055 -1075.55603 1189302.783031 -56.990166 29.458313 -31.606445 0.039821 -0.005619 -0.059733 -742.181883 3042.727776 -64.098511 981313.488257 -187.340088 37.830696 -33.782959 0.024141 -0.005278 0.0024 -369.330664 3145.731277 -1161.586914 1138131.456808 -61.714535 10.105896 3.94104 0.039652 -0.008905 -0.055791
2047.794205 3909.370422 1954.858398 2329810.956302 0.128095 0.071961 0.220455 1224.159714 5030.993652 196.580811 2684810.815034 0.064985 0.076254 -0.013058 932.697922 5448.718872 -582.650146 3089794.395374 12.914581 -17.263184 -2.839355 0.213716 0.068705 -0.059713 198.989064 5962.920227 -1119.820557 3685001.236064 15.74873 -10.093079 3.012695 0.229344 0.056206 -0.051737 197.594925 5492.113647 -631.124878 3060067.468262 3.982124 -5.748901 22.723999 0.077378 0.084952 -0.038991 -2023.156875 3746.186829 1747.352295 2118031.953981 0.145916 1.016474 -0.013204 -1140.510467 3945.790405 -335.229492 1698240.486078 0.044801 0.01029 -0.043744 -888.51271 3350.858994 -1101.570435 1323116.825327 -208.916168 138.154716 -52.509766 0.032835 -0.001851 -0.062624 -1159.314026 3070.775795 -151.532593 1079663.511977 -398.346329 24.632797 -113.929443 0.016308 -0.004797 -0.004469 -800.922226 3280.735397 -1203.236084 1285247.82328 -412.805748 131.588898 -68.144531 0.027349 -0.00543 -0.059689
2070.947328 3923.83255 1956.165161 2351186.68522 0.171726 0.105875 0.232724 1231.314301 5048.236694 216.229248 2704758.371881 0.064171 0.079551 0.001108 946.262803 5450.494385 -570.0177 3092822.250939 3.098984 -4.401855 19.858398 0.216467 0.068033 -0.056501 228.832669 5942.095032 -1142.828369 3666691.443804 19.377708 -27.002563 -15.78186 0.256006 0.053001 -0.053198 234.619451 5483.273621 -650.653687 3054468.61048 26.558628 -15.017395 -12.302856 0.111181 0.083019 -0.040787 -2003.975463 3728.613663 1865.012817 2139675.031078 0.150136 0.927977 -0.001735 -1330.464263 3797.37175 -294.987793 1627718.515979 0.031592 0.003124 -0.041271 -1327.188354 3388.877106 -1206.903687 1470253.347194 -449.141541 31.840744 -98.1073 0.017815 -0.000982 -0.068024 -1703.990569 2998.557587 -338.883667 1200977.359996 -555.142441 -78.395576 -180.125122 0.005393 -0.006327 -0.015327 -1527.236114 3432.799225 -1223.254395 1561291.197842 -736.779785 145.886459 -12.792358 0.005391 -0.001577 -0.060421
2087.809673 3961.600952 1924.54834 2375711.764693 0.219722 0.177012 0.213591 1261.575847 5058.489075 150.888672 2720265.272864 0.070897 0.076531 -0.023683 980.655971 5494.031677 -622.853394 3153401.655424 31.487274 23.146973 -34.525757 0.244422 0.071565 -0.062085 218.633056 5981.029663 -1146.542358 3713507.562362 -13.105507 18.544312 14.595947 0.237974 0.055202 -0.051846 233.119674 5504.819946 -680.617065 3082062.701337 -4.40567 1.156006 -11.653442 0.105574 0.083168 -0.042488 -1971.880879 3783.264847 1789.190674 2140261.036856 0.164269 1.055636 -0.007016 -1607.894368 3613.78952 -446.582031 1584423.450468 0.013117 -0.006332 -0.048215 -1549.826893 3346.728134 -1411.351318 1559446.51467 -225.544434 -62.539291 -186.137695 0.010273 -0.002688 -0.07827 -2491.275868 3037.515755 -1140.79834 1673437.826182 -790.191193 18.567848 -783.604736 -0.010145 -0.005964 -0.062567 -1598.411641 3253.975754 -1498.731689 1538947.465575 -74.081421 -199.213791 -257.167358 0.003184 -0.006838 -0.07513
2084.292606 3967.245483 1909.579468 2372980.613471 0.20696 0.224733 0.202322 1283.308261 5076.405945 138.835449 2743605.269145 0.076192 0.083661 -0.026278 981.735538 5501.881409 -630.006714 3163141.21607 0.885544 13.862915 -0.021362 0.245208 0.073681 -0.062088 226.622699 5980.605469 -1166.141357 3717888.528599 7.79562 5.588989 -12.467041 0.2487 0.055865 -0.053001 238.203815 5497.475281 -680.592041 3074218.104618 4.890118 -1.331482 7.156982 0.111798 0.082997 -0.041443 -2200.41702 3722.735596 1894.767456 2229073.908873 0.053521 0.852505 0.003334 -1832.213284 3821.532211 -338.970947 1807601.526456 -0.001679 0.003577 -0.042237 -1727.966611 3390.799789 -1235.748901 1601046.716722 -178.33374 50.084839 182.734375 0.00431 -0.001322 -0.068211 -2626.147153 3006.15242 -1544.537964 1831919.876243 -135.065308 -25.350151 -396.607666 -0.012801 -0.006459 -0.086476 -1876.505429 3282.680664 -1267.461548 1590372.374312 -278.287811 34.718094 238.4021 -0.00511 -0.005921 -0.061494
2058.687148 3995.111542 1914.294434 2386363.218322 0.208326 0.272793 0.20179 1300.811477 5077.263489 91.228638 2747903.769666 0.086888 0.079112 -0.054054 953.78015 5538.373108 -644.071655 3199810.155487 -1.952591 20.366211 -19.14978 0.243474 0.076789 -0.065185 184.275184 6032.973328 -1157.321777 3777011.821161 -16.344719 36.242371 3.734741 0.226212 0.060167 -0.052655 212.930503 5508.693542 -680.880737 3085464.252246 0.729485 -4.907227 -5.373535 0.112726 0.082365 -0.042228 -2352.726274 3734.018402 1931.674805 2320958.189647 -0.007636 0.834461 0.006257 -1965.50261 3981.238632 -301.504517 1980436.65308 -0.00875 0.010233 -0.04055 -2094.117417 3551.458664 -1202.434692 1844403.558871 -340.14801 144.533386 28.22937 -0.007065 0.00262 -0.066658 -2146.8611 3225.140572 -2179.006958 1975861.561313 505.288849 202.862663 -639.553833 -0.002865 -0.002501 -0.125031 -2257.170701 3211.839943 -949.760742 1631278.085999 -354.662476 -86.966209 312.615967 -0.01568 -0.008218 -0.043614
2050.866573 4001.356049 1871.593018 2371976.435065 0.184111 0.32469 0.173928 1356.861141 5109.309387 34.069214 2794727.528075 0.100859 0.090578 -0.07189 934.145076 5528.944702 -688.29895 3191561.198778 -18.855972 -2.994995 -20.90332 0.226734 0.076332 -0.068566 147.709091 6031.621399 -1170.639038 3777267.043295 -35.786991 5.081482 10.006714 0.176973 0.06077 -0.051728 178.847663 5512.975769 -624.823608 3081529.285837 -33.303738 10.715637 79.381104 0.070338 0.083744 -0.03064 -2529.663212 3702.734299 1933.55835 2384808.514582 -0.092929 0.741865 0.008571 -2303.501561 4503.722534 -193.068848 2562691.168491 -0.030974 0.034753 -0.033685 -2559.129765 3622.373734 -610.373535 2004329.2472 -464.233246 77.34848 615.385132 -0.022589 0.00473 -0.032783 -2529.672215 3776.430969 -1631.088867 2332112.327335 -382.032013 557.723808 571.242065 -0.010377 0.00838 -0.090594 -2415.842564 3422.132492 -673.606567 1800103.189542 -157.892761 216.72596 299.478149 -0.020386 -0.002494 -0.026485
2046.370096 4003.440399 1832.106323 2357177.918002 0.219234 0.3519 0.101402 1372.528086 5111.121674 -19.511108 2800777.879159 0.108327 0.092478 -0.105908 895.389032 5531.873474 -709.44458 3190665.726516 -24.046249 7.491455 -32.098389 0.205385 0.077475 -0.073756 106.419344 6056.256104 -1169.373779 3805699.810384 -26.579952 29.197388 -9.6875 0.140402 0.064236 -0.052626 175.375738 5490.71106 -676.202393 3063591.426495 11.237869 -17.702026 -62.331543 0.084641 0.081466 -0.039739 -2674.559622 3658.979797 2065.127563 2480615.418156 -0.155964 0.595833 0.019648 -2555.456228 4591.60614 -21.906128 2761368.335912 -0.04661 0.039038 -0.025338 -2912.833548 3832.687149 -585.241089 2351659.719055 -338.993988 214.876099 14.179688 -0.033925 0.010592 -0.032003 -2903.568106 3926.0495 -1616.091309 2645632.353475 -359.186096 154.181213 4.0448 -0.01744 0.011388 -0.09035 -2761.603994 3801.178284 -997.921753 2307126.07911 -331.051636 383.608475 -335.267944 -0.030252 0.007636 -0.045661
2037.190595 4036.948242 1822.862549 2376992.450105 0.236195 0.399019 0.094112 1372.430615 5160.670929 -46.348267 2851823.839294 0.111772 0.100688 -0.117855 861.583905 5562.134399 -734.769287 3221955.180816 -19.69368 8.263855 -21.150513 0.187901 0.078736 -0.077177 63.241916 6117.721252 -1161.732178 3878013.451526 -29.065981 39.468079 11.815796 0.100411 0.06892 -0.051531 148.110814 5521.367188 -698.739624 3099566.949463 -13.153477 8.659058 -18.363037 0.067899 0.08258 -0.042419 -2832.308764 3627.735596 2143.482666 2577695.642906 -0.225512 0.397451 0.027227 -2896.104846 4750.536499 126.974487 3097114.282801 -0.06813 0.045386 -0.017364 -3187.913928 4055.077057 -558.599243 2691847.826428 -260.968933 200.392838 30.81604 -0.042652 0.016058 -0.030306 -3188.512378 4175.687714 -1595.706177 3014925.726724 -270.832825 227.641144 24.559326 -0.022765 0.015829 -0.08887 -2963.08147 3942.845612 -857.910156 2506189.3148 -187.366028 119.670258 144.185791 -0.035836 0.010797 -0.037414
2004.313478 4041.78299 1823.831177 2367964.241552 0.207875 0.458882 0.077959 1364.880037 5167.241821 -45.151978 2856532.4257 0.115974 0.105563 -0.123657 824.41617 5545.231934 -720.366821 3194818.757612 -12.525635 -7.113342 2.199707 0.176781 0.077651 -0.076821 37.262888 6108.724976 -1150.113525 3864067.047145 -1.336927 0.792847 -0.584106 0.098572 0.069014 -0.051585 144.475775 5502.415466 -702.098389 3079039.136074 21.007061 -9.162598 -15.561523 0.094637 0.081401 -0.044691 -3005.588255 3490.634232 2282.289429 2642693.313316 -0.297481 -0.076925 0.038853 -3325.305662 4814.05426 425.772705 3441405.856382 -0.094792 0.048784 -0.002432 -3320.459471 4287.328491 -443.348999 2960319.502337 -107.903442 242.040558 103.047485 -0.046261 0.02266 -0.024634 -3440.099974 4442.333984 -1465.85083 3371733.771368 -226.945496 276.435394 117.652588 -0.027228 0.021222 -0.081777 -3271.038084 4291.77063 -640.170288 2952880.328445 -283.314514 358.714142 205.537109 -0.044279 0.02027 -0.025658
1956.380339 4055.346527 1855.467529 2371601.923666 0.169296 0.478456 0.100803 1311.25247 5156.160583 -20.093384 2830577.8747 0.111816 0.099644 -0.118749 791.828184 5535.085754 -708.247681 3176578.095885 4.126892 -18.927917 -3.629761 0.180445 0.074762 -0.077408 20.154362 6111.592102 -1142.991943 3865839.480273 19.606352 -5.914612 -8.627319 0.125547 0.068312 -0.052384 105.811148 5512.217712 -689.085083 3087057.835952 -1.949749 1.020508 -2.735596 0.092155 0.081532 -0.04509 -3095.270357 3402.927094 2501.790771 2741956.845174 -0.323127 -0.436451 0.057565 -3508.592196 4723.021393 667.853394 3506317.842674 -0.104452 0.044157 0.009361 -3562.067537 4339.345093 -269.263916 3159074.403099 -204.893188 43.234863 158.336182 -0.053112 0.023839 -0.015918 -3814.007845 4823.044434 -1153.348999 3913862.736312 -337.192993 371.928711 296.75293 -0.033858 0.028479 -0.063887 -3487.859774 4676.731873 -627.86499 3443120.125431 -180.106812 376.179504 -3.443604 -0.049647 0.030204 -0.025855
1940.873146 4084.871979 1883.302002 2399999.40825 0.170984 0.463593 0.118738 1327.418709 5221.882629 2.867432 2903010.684581 0.119723 0.109348 -0.114743 774.94175 5576.559753 -679.892578 3216080.731646 -0.888367 8.317566 12.993774 0.179656 0.076031 -0.075307 0.287952 6140.709534 -1139.664917 3900714.978311 -3.868341 -4.039001 -12.034302 0.120225 0.067833 -0.053499 107.757664 5524.553223 -675.852051 3098907.60186 17.944584 -20.820923 -2.128296 0.114995 0.078852 -0.045401 -3172.282524 3387.453728 2575.441895 2817112.012233 -0.352669 -0.617649 0.062918 -3688.76049 4935.213776 939.758911 3884643.577793 -0.115272 0.052457 0.022727 -3897.570305 4537.014313 24.352417 3577614.619567 -319.5047 164.512787 278.255005 -0.063797 0.028327 -0.000602 -4017.169304 5112.579803 -839.320679 4298058.066468 -187.163391 256.378937 298.666992 -0.037538 0.03348 -0.045882 -3636.691399 5138.340607 -416.500244 3980154.097252 -132.833557 428.452301 196.003418 -0.053606 0.041519 -0.014644
1937.524691 4090.24353 1956.430054 2431171.26188 0.194707 0.525161 0.151096 1339.490023 5239.299011 58.591919 2924792.066285 0.12521 0.117419 -0.112055 763.743029 5565.240173 -628.669434 3195042.685749 -0.951767 -1.650696 0.598755 0.178811 0.07578 -0.07521 -14.976521 6135.776978 -1091.295166 3883890.855363 -5.017519 4.736328 -2.254639 0.113322 0.068395 -0.053708 114.050322 5511.653748 -631.904907 3079063.832061 16.539612 -3.230591 -6.677246 0.136047 0.078436 -0.046375 -3240.081358 3288.844872 2830.50354 2932637.808528 -0.380535 -0.949047 0.081692 -3727.455626 4907.548828 1231.583252 3949475.824725 -0.117147 0.051623 0.035294 -4551.956053 4995.380096 625.340576 4606517.705051 -644.138794 468.034668 550.36377 -0.085337 0.041093 0.029694 -4208.056211 5319.930725 -314.636841 4610839.634034 -180.639954 217.019806 474.059448 -0.04109 0.037714 -0.017304 -3809.088621 5165.345154 -98.61145 4119967.089978 -162.150269 36.673431 267.264404 -0.058438 0.042488 0.000642
1923.326445 4124.282532 1970.142212 2459035.134936 0.128854 0.590594 0.142297 1364.545927 5284.382477 68.7323 2979140.787724 0.130153 0.125473 -0.117163 768.429747 5585.822449 -611.515503 3216584.791457 -0.264206 2.528076 -2.677612 0.178576 0.076165 -0.075643 -8.696489 6150.842896 -1082.036133 3900374.614686 1.329107 -2.988281 -10.57251 0.11515 0.06804 -0.054687 126.095018 5534.23645 -599.466553 3100303.318818 7.093773 4.528503 12.606812 0.145076 0.079019 -0.044535 -3247.050295 3266.363907 2964.039917 2999800.141902 -0.386307 -1.100085 0.092134 -3888.509645 4907.437744 1446.413574 4129556.470315 -0.128087 0.05078 0.045454 -4335.736513 5055.301361 534.326782 4464018.807294 211.268616 41.867065 -110.845337 -0.078272 0.042235 0.023592 -4363.867617 5990.703735 54.682007 5493486.19423 -160.762329 652.718811 349.487305 -0.044251 0.050449 0.003765 -4298.39673 5391.938782 374.014282 4768910.496143 -494.259033 208.539429 452.794189 -0.073168 0.047995 0.02654
1942.5352 4166.877747 1956.399536 2496381.230364 0.13848 0.629145 0.17398 1380.457716 5329.652557 49.507446 3031331.087518 0.130031 0.129076 -0.108438 792.72006 5611.441956 -650.079346 3253928.907048 7.88063 -7.558289 -2.786255 0.185573 0.075012 -0.076094 6.823301 6196.019592 -1088.119507 3957470.940658 -0.889893 11.998901 29.694214 0.113926 0.069464 -0.051937 152.040777 5563.826904 -649.067993 3140057.547866 9.536076 -3.587341 -13.823853 0.157213 0.078557 -0.046553 -3230.426683 3285.532951 3037.833862 3045881.790639 -0.386203 -1.152282 0.102196 -3936.659899 5068.029175 1709.943237 4410611.674996 -0.132342 0.056687 0.061048 -4360.475206 5204.100037 781.61377 4670732.130129 -41.148376 115.62088 283.064575 -0.079648 0.045389 0.039173 -4750.623217 6157.590027 1007.278442 6149894.574569 -403.165283 133.708496 988.374023 -0.052178 0.053057 0.063348 -4438.397875 5555.133667 644.829712 5097469.111083 -156.410828 130.01709 306.593018 -0.07783 0.051429 0.044076
1946.973209 4172.96875 1942.838135 2497899.288442 0.119972 0.626611 0.162068 1396.247807 5345.937347 43.215332 3053042.162467 0.131498 0.13193 -0.108973 794.840031 5625.582581 -643.463745 3269299.563641 -7.699966 7.430725 11.89209 0.178737 0.076146 -0.07417 13.116875 6204.730835 -1091.973877 3969126.373466 -3.526363 2.001343 1.422119 0.109074 0.069702 -0.051805 162.017326 5576.347961 -636.731567 3152733.328984 0.156612 5.811157 17.612915 0.157413 0.079305 -0.043982 -3214.931087 3258.291473 3104.517822 3059027.613166 -0.383455 -1.278788 0.108805 -3953.307552 5111.188049 1902.84668 4537370.936524 -0.134086 0.058377 0.071373 -4489.808407 5363.503113 1063.121338 5005577.215006 -139.153137 152.693176 286.784058 -0.084301 0.049554 0.05496 -4906.055355 6266.812134 1408.948975 6532745.068029 -165.252075 102.512207 406.947021 -0.055428 0.055057 0.087881 -4692.871761 5728.773193 1100.980225 5605404.512415 -264.293823 166.929626 461.427002 -0.085706 0.055837 0.070468
1953.766508 4167.397308 1963.430786 2503946.434576 0.118488 0.669847 0.159624 1411.705046 5346.156311 51.159668 3057691.57497 0.133522 0.136802 -0.116536 793.844557 5611.485901 -633.161011 3251985.606166 -8.220139 2.036743 -11.989136 0.171439 0.076457 -0.076109 12.69948 6192.953186 -1092.2229 3954578.130535 -7.642059 4.355774 -22.540894 0.09856 0.070219 -0.053893 164.274244 5558.348389 -619.012451 3130539.92519 -4.967747 -1.86615 -4.572754 0.15109 0.079065 -0.04465 -3193.523378 3245.501862 3212.835083 3105418.317228 -0.376588 -1.266329 0.116705 -3983.290834 5115.865784 2049.158325 4623773.843009 -0.136538 0.059341 0.077835 -4564.723024 5429.11499 1254.859619 5188665.853014 -82.139282 81.7453 169.446411 -0.087048 0.051784 0.064287 -5020.477419 6261.480103 1723.113403 6738044.638887 -121.646729 10.801392 291.872559 -0.05782 0.055268 0.105476 -4755.755129 5780.549927 1297.623901 5771579.209082 -70.108032 67.910156 174.351807 -0.087796 0.057631 0.08044
1946.643124 4160.695038 1935.892334 2484848.177746 0.129765 0.701714 0.115925 1414.968624 5360.332336 18.533936 3073564.247093 0.136882 0.145343 -0.135239 750.388088 5584.524231 -643.668823 3216430.272311 -33.053818 -12.47467 -13.361206 0.142094 0.074553 -0.07827 -15.622263 6234.211121 -1047.092896 3996203.58832 -17.919092 55.744934 42.276611 0.073905 0.076835 -0.049977 154.888287 5531.770935 -621.383057 3101059.696236 1.016693 -12.090454 -5.223999 0.152384 0.077509 -0.045412 -3168.177433 3251.72451 3344.335938 3179564.34001 -0.359279 -1.189163 0.128519 -3965.216312 5143.892059 2195.410156 4700239.167635 -0.134662 0.061312 0.085306 -4543.439274 5515.795593 1416.929321 5307453.016319 31.686401 101.167603 159.216309 -0.085988 0.054544 0.073051 -5367.856388 6180.419922 1519.768066 6932116.758956 -336.976318 -66.573181 -206.19873 -0.064446 0.053969 0.093046 -4576.179142 6155.606995 1470.509033 6099530.982872 189.978638 389.544067 170.031738 -0.082134 0.067918 0.090165
1956.706448 4143.245697 1936.287842 2474439.563426 0.127764 0.728621 0.082975 1429.539242 5363.612366 24.522705 3081252.141662 0.137847 0.153479 -0.14437 751.157207 5546.127014 -639.60022 3173285.044863 -9.876328 -14.374695 -19.241943 0.133325 0.072359 -0.081382 -11.824646 6216.723022 -1020.361328 3968892.220018 -6.84783 6.534424 3.421021 0.064483 0.077611 -0.04966 153.122711 5526.053162 -597.967529 3091827.527584 -12.411022 18.304749 0.10498 0.136587 0.079865 -0.045397 -3132.546024 3251.941833 3396.889648 3192682.95666 -0.347181 -1.098843 0.131204 -3915.250797 5203.843689 2330.289307 4783942.619736 -0.13207 0.065205 0.091119 -4560.744572 5615.458069 1625.031738 5497448.852157 -27.950745 123.684998 184.79187 -0.086923 0.057918 0.083223 -5166.168766 6477.861328 1788.480225 7185064.861925 191.042175 321.463928 245.401611 -0.060689 0.060241 0.10784 -4667.658024 5696.721191 1573.579102 5671581.494896 -102.124329 -434.863281 79.759521 -0.085178 0.056434 0.094727
1961.526546 4138.366852 1938.117065 2472996.435198 0.123823 0.732477 0.082584 1433.935299 5360.851135 28.309326 3079569.675379 0.137461 0.154391 -0.143482 754.843426 5544.942627 -634.411011 3171865.466415 -2.279663 4.636536 3.087769 0.131301 0.073067 -0.080882 -7.72357 6216.824036 -1013.201904 3967553.884257 -1.864805 5.921936 5.057983 0.061917 0.078314 -0.049192 156.73563 5524.222107 -591.618042 3089160.785207 -2.352962 3.989868 4.248047 0.133592 0.080379 -0.044777 -3121.277103 3253.193016 3407.833862 3193896.718912 -0.344613 -1.072492 0.132016 -3900.70734 5210.443268 2349.562378 4788468.016918 -0.131505 0.065781 0.092014 -4535.942631 5628.172607 1638.87146 5493700.211083 18.83606 18.535461 11.738281 -0.086293 0.058423 0.083869 -5150.409184 6488.511658 1776.170044 7178227.831481 9.793701 16.471252 -14.411621 -0.060497 0.060562 0.106971 -4609.183292 5744.165649 1551.864624 5664829.344204 52.50885 53.265381 -23.815918 -0.083613 0.05784 0.093365
1967.343073 4134.293518 1939.140015 2472308.565639 0.121846 0.733627 0.080927 1439.193048 5358.671265 30.878906 3078758.786021 0.137183 0.155039 -0.143274 759.210138 5544.745483 -630.283203 3171785.942594 -2.024765 4.157104 1.952515 0.129504 0.073701 -0.080567 -2.298803 6220.253296 -1004.53125 3970063.938186 -0.966711 7.783508 6.495361 0.060587 0.079238 -0.04859 162.057199 5523.553162 -587.677612 3088126.704116 -1.069908 3.685303 1.765137 0.13223 0.080853 -0.044519 -3110.850286 3254.512215 3418.648071 3195639.389562 -0.342659 -1.051352 0.13281 -3888.514471 5217.250061 2369.609985 4795529.447365 -0.131123 0.066298 0.092945 -4517.476873 5643.108215 1658.258667 5500208.943829 12.07428 19.289856 17.211914 -0.085889 0.058949 0.084817 -5139.017706 6502.095947 1769.111938 7181651.174004 5.0 17.938538 -9.233398 -0.060398 0.060912 0.106414 -4574.777899 5779.938049 1558.24646 5676440.870716 28.013916 40.126648 4.206543 -0.082778 0.0589 0.093605
2044.38838 4134.280396 1887.232666 2483344.537284 0.191477 0.780078 0.050925 1515.757246 5371.210632 -37.072144 3114879.802947 0.142042 0.162161 -0.16273 807.500868 5520.650635 -689.902954 3160560.716878 -8.506775 -12.734375 -28.577881 0.121951 0.071758 -0.085188 41.165509 6219.479675 -1037.462769 3975995.102667 -13.333192 10.586853 -1.889648 0.042243 0.080494 -0.048765 219.016829 5508.623962 -642.240601 3080537.931938 0.162125 -3.568726 -23.521118 0.132437 0.080394 -0.047952 -3055.211535 3267.573547 3481.092529 3212935.96055 -0.34322 -0.960354 0.141395 -3835.85515 5325.186462 2581.276855 4973438.579742 -0.131395 0.071828 0.105591 -4553.824816 5690.669556 1908.615723 5676385.442107 -93.145447 58.921814 281.398926 -0.089004 0.060557 0.100307 -5304.820604 6451.101379 1791.616211 7296771.929858 -222.600403 -39.634094 53.546143 -0.064775 0.060139 0.109642 -4440.722704 5837.657166 1634.199219 5646886.640203 77.25769 69.07959 106.994629 -0.080475 0.060725 0.099725
2039.097767 4079.020844 1894.611206 2438588.236674 0.188967 0.744481 0.020063 1519.777546 5329.533691 -27.787476 3071442.530074 0.144152 0.163617 -0.17304 789.919682 5476.6922 -659.196167 3105267.014021 -13.020554 2.605286 1.864624 0.110392 0.072156 -0.084887 34.844456 6236.58844 -888.264771 3968526.380783 -1.760421 63.672485 120.355835 0.03982 0.088052 -0.037618 212.663803 5466.087036 -610.042725 3029548.550558 -1.792393 4.026794 3.355713 0.130155 0.080912 -0.047463 -3036.320019 3242.260094 3540.862427 3226919.649673 -0.331865 -0.881174 0.144235 -3792.414074 5324.811707 2668.361206 4985617.574436 -0.128232 0.07397 0.108625 -4484.536572 5589.794006 1922.963257 5505465.298169 73.848877 -54.311829 -14.494629 -0.086535 0.059075 0.099509 -5213.800182 6091.330566 1309.711914 6600336.570847 95.581055 -313.207092 -510.74646 -0.062896 0.054029 0.078852 -4467.982006 5786.023865 1695.857544 5631686.817936 -22.698669 -5.06958 32.816162 -0.081152 0.060591 0.101602
2054.387155 4035.39032 1898.990479 2411104.645172 0.190959 0.672186 0.004613 1538.324838 5289.324036 -12.423706 3034354.640876 0.145095 0.159373 -0.172913 812.122369 5450.622864 -639.539795 3077784.349426 7.492371 -0.099792 4.532471 0.117043 0.07214 -0.084154 58.180976 6199.057922 -891.449585 3922638.65133 8.626204 -11.560974 -18.308716 0.051689 0.086679 -0.039313 233.850846 5440.072327 -585.684814 2999209.983949 6.476727 -0.045166 9.234009 0.138399 0.080906 -0.046115 -2984.681602 3248.709373 3533.031006 3194474.494414 -0.313985 -0.760379 0.142127 -3694.587913 5350.470886 2689.978027 4951350.033562 -0.122754 0.076363 0.108963 -4404.732566 5734.811096 2022.543945 5638041.129664 65.093689 170.986633 84.456787 -0.084358 0.063739 0.104158 -5021.766562 6420.151367 1473.657227 6860814.860686 177.323303 354.790344 148.821411 -0.059409 0.06095 0.087824 -4343.018699 5814.190369 1704.981689 5557358.362149 110.252991 54.136047 -5.999756 -0.077866 0.06202 0.101259
2084.316875 4001.095276 1911.268921 2400608.91321 0.190779 0.61995 0.015929 1567.762157 5254.658813 6.543579 3006936.024687 0.144961 0.155461 -0.165239 844.439785 5438.883667 -613.984375 3067151.090637 2.335358 9.795227 21.146851 0.119117 0.073635 -0.080734 93.490498 6192.34375 -848.037109 3907302.853019 5.327463 14.820251 39.003906 0.059019 0.088438 -0.035701 280.331699 5419.689331 -580.622559 2978874.086239 16.498795 1.151428 0.653687 0.159399 0.081054 -0.046019 -2900.747517 3286.912231 3496.029663 3144035.157748 -0.287862 -0.537793 0.138324 -3598.723591 5403.66272 2697.474976 4942675.351561 -0.118412 0.079827 0.109124 -4292.855671 5737.663879 1991.126099 5531397.974474 81.894836 24.387207 -35.826416 -0.081619 0.064404 0.102186 -5097.624348 6300.892639 1565.239868 6813699.788494 -105.839844 -97.724304 87.174072 -0.06149 0.059044 0.093079 -4434.585102 5901.52832 1967.706909 5836545.202322 -121.548462 108.872375 258.31665 -0.081488 0.064895 0.116033
2084.422589 3971.948853 1938.57666 2387927.468503 0.18106 0.54304 0.046344 1571.34657 5230.12146 40.044556 2982490.409529 0.145122 0.151235 -0.150824 868.963147 5412.95166 -602.402954 3041803.194532 21.591568 -15.574036 5.426025 0.138286 0.071259 -0.079856 104.039021 6134.211426 -881.16394 3841582.382408 7.61673 -47.774353 -39.282227 0.069499 0.082768 -0.039339 298.473702 5401.817322 -580.172729 2960531.732491 15.210209 -7.514038 -5.705566 0.178758 0.080087 -0.046852 -2847.640246 3336.805725 3457.120361 3119500.861296 -0.263567 -0.313291 0.134186 -3503.582629 5478.504639 2700.544434 4958204.455384 -0.112335 0.083777 0.108963 -4235.847644 5826.437378 2043.33252 5606498.556674 54.076233 99.13147 46.051025 -0.079811 0.067108 0.10472 -5122.068347 6277.741089 1650.987549 6837137.721695 -27.375793 -12.793579 79.592285 -0.062029 0.058794 0.097877 -4382.518786 5970.562134 2017.976074 5892631.054349 49.134521 79.391785 44.11377 -0.080024 0.066992 0.118556
2104.694686 3973.028564 1969.815674 2409486.948383 0.206515 0.566079 0.078121 1606.173263 5237.851868 63.26355 3001888.701393 0.15052 0.154894 -0.143402 894.492507 5414.691162 -574.984131 3044960.397681 12.659302 6.288147 18.279419 0.149525 0.072218 -0.0769 118.024135 6063.301697 -983.031616 3774390.832097 1.115055 -66.361084 -111.00708 0.071033 0.074892 -0.049621 325.049319 5392.844238 -545.233154 2948570.523086 13.705559 -4.424438 25.800171 0.196203 0.079518 -0.043086 -2805.021043 3371.426697 3454.348145 3116718.212605 -0.249163 -0.167341 0.133092 -3417.064195 5540.265808 2716.45874 4975002.102242 -0.107481 0.086851 0.109316 -4167.821031 5892.011414 2077.440186 5640228.836547 55.156555 70.122681 24.968262 -0.077967 0.069021 0.106095 -5036.987901 6258.713379 1567.633057 6700021.367171 72.210388 -14.479065 -92.493896 -0.060609 0.058512 0.092301 -4372.620835 6089.248962 2118.253174 6068576.240389 -2.972107 123.235474 91.137695 -0.080113 0.070247 0.123769
2109.47602 3970.606537 1968.520508 2409067.834065 0.206754 0.559964 0.082874 1612.982643 5236.22467 62.810059 3002370.690796 0.151035 0.154686 -0.141216 900.042274 5416.581421 -572.607422 3047730.964379 0.83786 2.818298 6.977539 0.150269 0.072648 -0.075772 126.579425 6074.396667 -970.650635 3785647.987959 3.843384 12.02301 16.981812 0.076321 0.076319 -0.048048 331.430233 5395.689392 -541.872559 2951693.58847 1.669006 3.773193 7.961426 0.198327 0.080003 -0.041924 -2797.225029 3379.828873 3448.349609 3113882.610257 -0.24767 -0.132576 0.132963 -3403.371575 5548.293152 2706.730957 4969288.744937 -0.106889 0.087266 0.109049 -4148.001397 5901.989441 2062.147217 5629184.609111 15.107727 10.906067 -10.692139 -0.077461 0.069319 0.105506 -5001.961052 6263.521729 1524.373169 6657503.237169 30.314941 5.736389 -38.659058 -0.060013 0.058624 0.089971 -4342.923272 6112.666321 2091.870117 6060159.268013 24.985657 24.345398 -21.782227 -0.079368 0.07089 0.122523
2109.597476 3970.48584 1968.624268 2409064.082005 0.206846 0.559892 0.083007 1613.201754 5236.180725 62.960815 3002397.254957 0.151066 0.154704 -0.141142 900.243151 5416.647339 -572.39502 3047814.21833 0.106125 0.169067 0.201416 0.150363 0.072674 -0.075739 126.862671 6074.681091 -970.215454 3785916.252587 0.188494 0.387573 0.424194 0.07658 0.076365 -0.048009 331.654475 5395.788574 -541.651001 2951791.483514 0.12949 0.202332 0.210571 0.198492 0.080029 -0.041893 -2797.040555 3380.028534 3448.182373 3113799.043699 -0.247626 -0.131448 0.132947 -3402.982938 5548.504944 2706.488037 4969127.748521 -0.10687 0.08728 0.109036 -4147.407987 5902.347717 2061.760254 5628955.693194 0.498657 0.461426 -0.397949 -0.077445 0.069331 0.105484 -5000.871427 6263.806763 1523.167114 6656402.824832 0.994873 0.388184 -1.217041 -0.059993 0.058631 0.089897 -4342.127225 6113.570251 2091.322021 6060343.785869 0.701294 1.00708 -0.559082 -0.079347 0.070916 0.122491
2109.637451 3970.440369 1968.652344 2409055.894696 0.206912 0.559816 0.083077 1613.307343 5236.144409 62.98645 3002393.614815 0.151087 0.154701 -0.141117 900.35141 5416.644287 -572.357178 3047826.073331 0.087509 0.023804 0.058594 0.150441 0.072678 -0.07573 127.007103 6074.752197 -970.115356 3785986.88672 0.123682 0.097961 0.12085 0.07675 0.076376 -0.047997 331.772079 5395.802917 -541.618652 2951811.260157 0.096855 0.041199 0.053101 0.198615 0.080035 -0.041885 -2796.964264 3380.199738 3447.990723 3113739.938287 -0.247599 -0.13071 0.132931 -3402.761078 5548.661499 2706.160889 4968973.413926 -0.106857 0.087289 0.10902 -4147.00882 5902.552795 2061.260986 5628660.850604 0.378418 0.231934 -0.478516 -0.077432 0.069337 0.105458 -5000.112152 6263.916931 1522.041016 6655438.57072 0.738525 0.137024 -1.105347 -0.059979 0.058634 0.089831 -4341.512604 6114.021606 2090.571289 6060048.020734 0.593872 0.47821 -0.72998 -0.079329 0.070929 0.122449
2106.616063 3960.161591 1928.31543 2383911.145723 0.1635 0.506414 0.070696 1622.110143 5239.157104 37.667236 3008142.730132 0.15089 0.154774 -0.13774 918.019872 5410.090027 -605.443726 3047839.668839 8.066406 -9.320984 -1.360474 0.157602 0.071255 -0.07595 141.395564 6075.305481 -974.458618 3787889.8991 4.786406 -2.21344 27.382812 0.083336 0.076113 -0.045461 345.41079 5393.6026 -576.617432 2954274.528441 4.036655 -4.967041 -3.272705 0.203753 0.079395 -0.042363 -2777.244411 3411.655502 3346.114502 3054896.204242 -0.242701 -0.023812 0.126489 -3340.785975 5601.069336 2658.553467 4960073.51756 -0.103405 0.08959 0.108193 -4137.757411 5942.047119 2078.327637 5674840.612395 -0.350647 36.7276 48.792725 -0.077444 0.070339 0.108144 -4912.368617 6211.351624 1393.283691 6465349.386579 78.141479 -55.332031 -97.03125 -0.058442 0.057554 0.083981 -4278.789515 6229.828491 2073.295898 6141735.863029 53.121033 113.040161 14.450684 -0.077746 0.073914 0.123276
2106.616063 3960.161591 1928.31543 2383911.145723 0.1635 0.506414 0.070696 1622.110143 5239.157104 37.667236 3008142.730132 0.15089 0.154774 -0.13774 918.019872 5410.090027 -605.443726 3047839.668839 0.0 0.0 0.0 0.157602 0.071255 -0.07595 141.395564 6075.305481 -974.458618 3787889.8991 0.0 0.0 0.0 0.083336 0.076113 -0.045461 345.41079 5393.6026 -576.617432 2954274.528441 0.0 0.0 0.0 0.203753 0.079395 -0.042363 -2777.244411 3411.655502 3346.114502 3054896.204242 -0.242701 -0.023812 0.126489 -3340.785975 5601.069336 2658.553467 4960073.51756 -0.103405 0.08959 0.108193 -4137.757411 5942.047119 2078.327637 5674840.612395 0.0 0.0 0.0 -0.077444 0.070339 0.108144 -4912.368617 6211.351624 1393.283691 6465349.386579 0.0 0.0 0.0 -0.058442 0.057554 0.083981 -4278.789515 6229.828491 2073.295898 6141735.863029 0.0 0.0 0.0 -0.077746 0.073914 0.123276
2106.616063 3960.161591 1928.31543 2383911.145723 0.1635 0.506414 0.070696 1622.110143 5239.157104 37.667236 3008142.730132 0.15089 0.154774 -0.13774 918.019872 5410.090027 -605.443726 3047839.668839 0.0 0.0 0.0 0.157602 0.071255 -0.07595 141.395564 6075.305481 -974.458618 3787889.8991 0.0 0.0 0.0 0.083336 0.076113 -0.045461 345.41079 5393.6026 -576.617432 2954274.528441 0.0 0.0 0.0 0.203753 0.079395 -0.042363 -2777.244411 3411.655502 3346.114502 3054896.204242 -0.242701 -0.023812 0.126489 -3340.785975 5601.069336 2658.553467 4960073.51756 -0.103405 0.08959 0.108193 -4137.757411 5942.047119 2078.327637 5674840.612395 0.0 0.0 0.0 -0.077444 0.070339 0.108144 -4912.368617 6211.351624 1393.283691 6465349.386579 0.0 0.0 0.0 -0.058442 0.057554 0.083981 -4278.789515 6229.828491 2073.295898 6141735.863029 0.0 0.0 0.0 -0.077746 0.073914 0.123276
2109.434543 3963.336487 1924.156494 2386012.841142 0.137269 0.499374 0.078157 1626.373935 5240.756836 30.373535 3011154.694068 0.14937 0.153792 -0.136657 924.29729 5412.07489 -615.691528 3052395.615451 -4.168625 -2.909851 -0.899658 0.153901 0.070811 -0.076095 146.7314 6067.263489 -1002.142944 3783750.682693 -5.110207 -12.936707 -18.336182 0.076305 0.074578 -0.04716 351.741881 5398.967896 -589.329224 2961988.562166 -4.114952 0.470581 -3.363647 0.198515 0.079456 -0.042854 -2771.329618 3428.199081 3339.005127 3058177.202851 -0.244895 0.019593 0.126695 -3327.93179 5619.104919 2645.765381 4964954.454739 -0.103247 0.090199 0.108013 -4116.295438 5966.771545 2056.711426 5677631.269541 11.01593 19.829712 -12.268066 -0.077075 0.07088 0.107469 -4875.262418 6239.605103 1354.776001 6453627.34908 26.660156 23.358765 -29.159546 -0.057918 0.05801 0.082223 -4257.912564 6262.799377 2055.153809 6157613.262409 10.430908 28.076172 -8.793945 -0.077435 0.074656 0.122773
2132.095852 3962.473145 1951.357422 2405482.193072 0.155411 0.502857 0.096349 1631.345119 5241.239319 48.640747 3013424.241855 0.146318 0.154447 -0.134697 921.785488 5414.982605 -595.904541 3052682.732037 -19.897842 4.621887 5.237427 0.136236 0.071517 -0.075248 150.128679 6061.306763 -1022.429199 3780733.975925 -13.988762 -4.242554 -34.835815 0.057058 0.074074 -0.050386 362.623405 5403.829956 -583.530273 2967338.150816 -6.504517 6.576233 -8.75061 0.190236 0.080302 -0.044132 -2761.372166 3448.362503 3369.874268 3087243.276913 -0.248491 0.10111 0.128194 -3287.243748 5654.188538 2659.658203 4984960.123302 -0.101711 0.091905 0.107979 -4088.475437 5998.800659 2076.916504 5701482.291307 10.43396 33.743286 5.655518 -0.076726 0.071801 0.10778 -4855.75449 6250.811768 1368.086548 6452266.022228 2.121887 12.920837 -1.239014 -0.057876 0.058262 0.082149 -4263.214817 6313.399048 2118.204346 6252079.776386 -22.688293 52.313843 48.500977 -0.078112 0.076037 0.125547
2127.84883 3951.044006 1975.53833 2404124.107799 0.145079 0.505325 0.113172 1623.327651 5225.157471 57.393188 2994075.723431 0.144652 0.15324 -0.136663 918.320403 5394.938049 -599.879761 3030852.464606 -2.222519 -8.01239 -16.455688 0.134263 0.070294 -0.077909 139.682937 6063.120422 -991.552734 3776411.740392 -9.203176 13.845825 18.395996 0.044396 0.075718 -0.048682 346.152892 5382.821045 -584.212646 2943588.864268 -15.227947 -8.976746 -13.162842 0.170854 0.079147 -0.046053 -2766.278977 3471.185455 3371.972656 3107162.744051 -0.250266 0.230983 0.12724 -3287.391648 5693.065491 2671.640625 5035560.216007 -0.101639 0.094265 0.107953 -4090.288377 6024.369202 2074.918213 5732876.887355 -0.570374 37.600708 -14.47876 -0.076746 0.072826 0.106983 -4894.528184 6269.782104 1397.937012 6522080.16699 -37.531128 31.002502 17.369995 -0.058614 0.058867 0.083196 -4249.225755 6302.408752 2079.884033 6210219.318915 15.231628 1.04187 -50.800781 -0.077658 0.076065 0.122641
2127.867727 3951.026764 1975.537109 2404118.04245 0.145007 0.505327 0.113136 1623.356771 5225.13916 57.390137 2994066.007827 0.14465 0.15324 -0.136677 918.356237 5394.924927 -599.887695 3030845.839113 -0.003815 0.004578 -0.032349 0.134259 0.070295 -0.077915 139.722729 6063.093567 -991.589355 3776387.549172 0.000143 -0.009155 -0.061035 0.044396 0.075717 -0.048688 346.183233 5382.815552 -584.216919 2943585.550362 -0.009308 0.012207 -0.028687 0.170842 0.079149 -0.046057 -2766.236277 3471.23558 3371.923828 3107140.989574 -0.250264 0.231236 0.127233 -3287.298594 5693.10791 2671.534424 5035490.589735 -0.101635 0.094268 0.107947 -4090.129709 6024.427795 2074.733887 5732741.200125 0.119019 0.076294 -0.20874 -0.076742 0.072828 0.106971 -4894.276438 6269.832153 1397.640991 6521813.742033 0.212097 0.067749 -0.320435 -0.05861 0.058868 0.083176 -4249.006052 6302.479553 2079.615479 6210010.148735 0.180054 0.088501 -0.292969 -0.077652 0.076067 0.122625
2127.867727 3951.026764 1975.537109 2404118.04245 0.145007 0.505327 0.113136 1623.356771 5225.13916 57.390137 2994066.007827 0.14465 0.15324 -0.136677 918.356237 5394.924927 -599.887695 3030845.839113 0.0 0.0 0.0 0.134259 0.070295 -0.077915 139.722729 6063.093567 -991.589355 3776387.549172 0.0 0.0 0.0 0.044396 0.075717 -0.048688 346.183233 5382.815552 -584.216919 2943585.550362 0.0 0.0 0.0 0.170842 0.079149 -0.046057 -2766.236277 3471.23558 3371.923828 3107140.989574 -0.250264 0.231236 0.127233 -3287.298594 5693.10791 2671.534424 5035490.589735 -0.101635 0.094268 0.107947 -4090.129709 6024.427795 2074.733887 5732741.200125 0.0 0.0 0.0 -0.076742 0.072828 0.106971 -4894.276438 6269.832153 1397.640991 6521813.742033 0.0 0.0 0.0 -0.05861 0.058868 0.083176 -4249.006052 6302.479553 2079.615479 6210010.148735 0.0 0.0 0.0 -0.077652 0.076067 0.122625
2127.867727 3951.026764 1975.537109 2404118.04245 0.145007 0.505327 0.113136 1623.356771 5225.13916 57.390137 2994066.007827 0.14465 0.15324 -0.136677 918.356237 5394.924927 -599.887695 3030845.839113 0.0 0.0 0.0 0.134259 0.070295 -0.077915 139.722729 6063.093567 -991.589355 3776387.549172 0.0 0.0 0.0 0.044396 0.075717 -0.048688 346.183233 5382.815552 -584.216919 2943585.550362 0.0 0.0 0.0 0.170842 0.079149 -0.046057 -2766.236277 3471.23558 3371.923828 3107140.989574 -0.250264 0.231236 0.127233 -3287.298594 5693.10791 2671.534424 5035490.589735 -0.101635 0.094268 0.107947 -4090.129709 6024.427795 2074.733887 5732741.200125 0.0 0.0 0.0 -0.076742 0.072828 0.106971 -4894.276438 6269.832153 1397.640991 6521813.742033 0.0 0.0 0.0 -0.05861 0.058868 0.083176 -4249.006052 6302.479553 2079.615479 6210010.148735 0.0 0.0 0.0 -0.077652 0.076067 0.122625
2127.867727 3951.026764 1975.537109 2404118.04245 0.145007 0.505327 0.113136 1623.356771 5225.13916 57.390137 2994066.007827 0.14465 0.15324 -0.136677 918.356237 5394.924927 -599.887695 3030845.839113 0.0 0.0 0.0 0.134259 0.070295 -0.077915 139.722729 6063.093567 -991.589355 3776387.549172 0.0 0.0 0.0 0.044396 0.075717 -0.048688 346.183233 5382.815552 -584.216919 2943585.550362 0.0 0.0 0.0 0.170842 0.079149 -0.046057 -2766.236277 3471.23558 3371.923828 3107140.989574 -0.250264 0.231236 0.127233 -3287.298594 5693.10791 2671.534424 5035490.589735 -0.101635 0.094268 0.107947 -4090.129709 6024.427795 2074.733887 5732741.200125 0.0 0.0 0.0 -0.076742 0.072828 0.106971 -4894.276438 6269.832153 1397.640991 6521813.742033 0.0 0.0 0.0 -0.05861 0.058868 0.083176 -4249.006052 6302.479553 2079.615479 6210010.148735 0.0 0.0 0.0 -0.077652 0.076067 0.122625
2127.867727 3951.026764 1975.537109 2404118.04245 0.145007 0.505327 0.113136 1623.356771 5225.13916 57.390137 2994066.007827 0.14465 0.15324 -0.136677 918.356237 5394.924927 -599.887695 3030845.839113 0.0 0.0 0.0 0.134259 0.070295 -0.077915 139.722729 6063.093567 -991.589355 3776387.549172 0.0 0.0 0.0 0.044396 0.075717 -0.048688 346.183233 5382.815552 -584.216919 2943585.550362 0.0 0.0 0.0 0.170842 0.079149 -0.046057 -2766.236277 3471.23558 3371.923828 3107140.989574 -0.250264 0.231236 0.127233 -3287.298594 5693.10791 2671.534424 5035490.589735 -0.101635 0.094268 0.107947 -4090.129709 6024.427795 2074.733887 5732741.200125 0.0 0.0 0.0 -0.076742 0.072828 0.106971 -4894.276438 6269.832153 1397.640991 6521813.742033 0.0 0.0 0.0 -0.05861 0.058868 0.083176 -4249.006052 6302.479553 2079.615479 6210010.148735 0.0 0.0 0.0 -0.077652 0.076067 0.122625
2165.145435 3955.43396 1944.384766 2411394.468455 0.139621 0.475973 0.09641 1652.587299 5235.521545 30.289307 3014264.807651 0.142286 0.152884 -0.140673 941.015034 5419.372253 -617.086792 3063590.102366 -16.185074 12.869263 2.321167 0.11989 0.072258 -0.077539 173.842487 6126.270752 -962.932739 3848865.399697 -4.724112 51.599121 48.17688 0.037896 0.081841 -0.044226 365.499649 5406.377869 -590.272217 2971093.294203 -19.527454 11.984253 13.464966 0.145988 0.080691 -0.044092 -2734.373302 3508.241272 3361.442871 3108385.23552 -0.253644 0.325982 0.128063 -3251.230602 5727.730408 2644.772949 5037222.000548 -0.101818 0.095336 0.107569 -4045.909252 6064.595032 2038.908691 5730584.322765 5.376587 28.589172 -16.304932 -0.076562 0.073608 0.106074 -4843.102551 6315.386047 1354.379883 6517408.810892 12.330017 33.97583 -23.740845 -0.058368 0.059531 0.081745 -4143.178539 6292.866821 1963.68042 6062214.203038 66.983643 -21.190796 -96.414795 -0.075656 0.075507 0.11711
2166.845903 3955.218811 1943.024292 2411432.04115 0.137195 0.473264 0.095973 1653.902178 5235.680237 29.365234 3014860.227295 0.142018 0.152798 -0.140603 941.505404 5421.163025 -616.594849 3065563.017478 -1.915512 1.343994 1.548462 0.118189 0.072463 -0.077289 175.794401 6131.91925 -957.641602 3854841.480303 -0.453968 5.201721 6.347656 0.037271 0.082458 -0.043638 366.637526 5409.404602 -589.573975 2974367.869537 -1.268005 2.579956 1.754761 0.144374 0.081023 -0.043835 -2731.936903 3509.92218 3361.151733 3108037.392779 -0.253629 0.33058 0.128134 -3248.053541 5729.284973 2643.782349 5036414.321684 -0.101767 0.095388 0.107573 -4041.947584 6066.092529 2036.90979 5728382.033978 1.555786 1.05072 -0.942383 -0.07651 0.073637 0.106022 -4837.680922 6316.158447 1350.46875 6512078.007446 3.015747 0.325623 -2.854614 -0.058308 0.059538 0.081573 -4138.691053 6294.270935 1961.065063 6059238.642253 2.081604 0.957336 -1.558838 -0.075594 0.075533 0.117021
2199.169722 3955.024567 1922.167358 2417329.414092 0.13045 0.428643 0.077103 1674.334822 5245.979614 23.813477 3032426.629004 0.138613 0.152677 -0.139453 977.218657 5427.267151 -637.293701 3081632.829125 1.42807 -4.602051 -12.965698 0.119457 0.071761 -0.079386 210.93998 6153.187256 -936.508179 3878325.664944 0.860395 10.561829 28.866577 0.038455 0.083712 -0.040964 400.832396 5421.871948 -623.449707 2994605.156966 -0.090313 1.761169 -26.142578 0.144259 0.08125 -0.047651 -2698.02495 3538.036652 3350.239868 3102114.915335 -0.25381 0.395445 0.127842 -3217.91234 5753.759155 2637.955933 5041951.57483 -0.10204 0.096026 0.107672 -4008.375902 6099.864807 2034.9823 5741658.099891 -0.713501 23.066101 5.805664 -0.076534 0.074266 0.106342 -4813.409777 6355.532227 1364.541016 6542367.574451 -10.014038 28.667603 21.80542 -0.058505 0.060097 0.082888 -4070.332994 6289.978638 1917.427368 5980796.966065 34.072876 -14.998474 -35.904541 -0.074579 0.075136 0.114967
2199.289303 3954.973755 1922.29126 2417389.452671 0.130799 0.428358 0.077424 1674.560604 5246.082458 24.035034 3032611.2061 0.138664 0.152702 -0.139284 977.374477 5427.599182 -636.924438 3081976.649122 0.137711 0.313416 0.46875 0.119579 0.071809 -0.07931 211.277647 6153.888855 -935.675049 3879047.408058 0.319557 0.682983 0.932617 0.038895 0.083793 -0.040878 400.897083 5422.404175 -622.844849 2995112.121179 0.046577 0.513611 0.704346 0.144318 0.081316 -0.047549 -2698.045292 3538.207092 3349.829102 3101971.283472 -0.253829 0.396011 0.127813 -3217.736149 5753.807983 2637.084961 5041434.932454 -0.10203 0.096027 0.107632 -4007.570438 6099.613647 2033.129883 5739952.458729 0.787354 -0.269775 -1.75293 -0.076507 0.074259 0.106245 -4811.475163 6354.342041 1360.991821 6538025.475125 1.916504 -1.208801 -3.449707 -0.058467 0.060073 0.08268 -4068.748722 6289.320068 1914.702148 5977634.74029 1.566162 -0.677185 -2.625732 -0.074532 0.075119 0.114817
2200.293913 3954.933319 1922.043457 2417704.191227 0.131353 0.425841 0.078501 1675.81912 5246.44104 24.056396 3033409.202114 0.138766 0.152637 -0.138747 978.197966 5428.864136 -636.160278 3083413.696401 -0.019989 0.690308 1.761475 0.119562 0.071914 -0.079025 213.061609 6157.378845 -931.845703 3882704.590728 0.940485 2.915344 4.82666 0.040189 0.084139 -0.040431 401.613741 5424.187622 -621.365967 2996920.062101 -0.12682 1.208801 2.476196 0.144157 0.081472 -0.047187 -2697.461824 3539.504395 3347.984619 3101339.26631 -0.253955 0.398703 0.127735 -3216.269197 5754.557495 2633.082275 5039244.178414 -0.101989 0.096035 0.107475 -4003.328829 6098.918457 2024.736328 5732300.525554 3.398132 -1.269836 -7.39624 -0.076394 0.074224 0.105838 -4801.867342 6348.850708 1344.489746 6517348.796004 8.764343 -6.065979 -15.504761 -0.058295 0.059955 0.081745 -4062.268648 6287.595215 1903.792725 5966030.689372 5.636597 -2.2995 -9.912109 -0.074364 0.075058 0.11425
2201.209488 3955.133057 1921.524048 2418065.537189 0.130894 0.423259 0.08006 1676.712265 5246.692505 23.555908 3033970.114126 0.138727 0.152465 -0.138166 978.923111 5429.27002 -636.452026 3084033.458402 -0.324097 -0.4245 1.311646 0.119274 0.07185 -0.078813 213.905959 6158.078003 -931.75354 3883584.510889 -0.204892 -0.131226 1.695557 0.039907 0.084124 -0.040274 401.989613 5424.960327 -620.993042 2997742.255796 -0.67337 -0.057678 1.976318 0.1433 0.081464 -0.046899 -2696.870346 3539.878693 3348.446655 3101594.582523 -0.254176 0.397004 0.127925 -3216.161423 5755.054932 2634.21814 5040345.677051 -0.102051 0.09602 0.107618 -4004.26445 6099.640198 2027.338257 5734984.473581 -1.984863 -0.108643 4.205322 -0.07646 0.074221 0.106069 -4804.782944 6351.020508 1349.945068 6524375.231456 -3.964844 1.339417 7.058716 -0.058373 0.059981 0.08217 -4061.258469 6287.582703 1904.246216 5965367.024196 -0.039062 -0.842896 2.056885 -0.074365 0.075036 0.114368
2214.858313 3962.550507 1914.545288 2427288.752235 0.143617 0.40479 0.094674 1679.510107 5259.241638 23.728638 3048093.98567 0.136969 0.152649 -0.129038 991.90711 5439.026794 -647.341309 3098594.295567 3.034973 -2.172546 6.253052 0.121968 0.071518 -0.077802 228.494682 6172.062683 -935.391846 3902152.548904 4.639697 2.055359 13.504028 0.046291 0.084368 -0.039023 412.28076 5436.659241 -638.140869 3013446.289351 0.342121 -0.230408 -0.005493 0.143735 0.081435 -0.0469 -2687.024775 3555.126648 3333.290405 3096985.25479 -0.254226 0.409369 0.128108 -3212.581415 5767.896118 2617.844849 5044241.663058 -0.102471 0.096062 0.107658 -3985.89715 6115.698547 1994.386597 5726672.270993 8.418274 4.129028 -15.809326 -0.076179 0.074334 0.105199 -4745.8883 6323.747559 1258.502197 6409706.672087 48.945618 -39.202271 -74.300537 -0.057411 0.059216 0.077691 -4006.924677 6255.299988 1834.539185 5854975.732332 44.384766 -44.212036 -52.564697 -0.073042 0.073868 0.111361
2219.76265 3964.570923 1910.545654 2429535.351975 0.127737 0.393974 0.10111 1681.496201 5256.916199 22.441406 3046310.100969 0.135117 0.150567 -0.125249 1007.753067 5441.022034 -659.075317 3105466.728918 6.323853 -2.667236 -3.258057 0.127583 0.071111 -0.078329 252.239056 6168.356018 -974.211426 3906132.840893 14.222269 -8.369141 -30.343628 0.065859 0.083374 -0.041833 422.372246 5440.492554 -651.52832 3020184.669317 0.569382 -0.829163 -4.911499 0.14446 0.081328 -0.047616 -2678.756638 3557.072678 3323.256836 3087253.915476 -0.254833 0.399248 0.127964 -3204.838181 5764.852295 2605.947266 5029547.089694 -0.102588 0.095705 0.10748 -3967.236862 6130.820007 1982.384033 5725576.873797 9.138184 10.458984 -3.526611 -0.075873 0.074619 0.105005 -4709.861984 6315.727234 1225.505981 6357307.531413 26.504211 -12.6828 -24.520264 -0.05689 0.058969 0.076213 -3956.476974 6220.819397 1791.59668 5756212.268207 40.925598 -39.143066 -34.466553 -0.071823 0.072834 0.10939
2227.536774 3984.05426 1910.863647 2448600.830594 0.149589 0.410697 0.122937 1687.763672 5280.912476 19.343262 3073695.694867 0.136308 0.153129 -0.119048 1012.463455 5465.077515 -663.930054 3133295.760545 3.290482 8.657227 10.006714 0.130504 0.072432 -0.07671 248.898039 6182.64679 -990.855713 3926886.660186 -4.760923 -1.107483 -1.782837 0.059308 0.083243 -0.041998 426.526432 5456.446533 -658.762207 3038870.121234 2.73428 0.555725 7.627563 0.14794 0.081399 -0.046503 -2691.372375 3570.455551 3325.048218 3104758.375678 -0.261629 0.391738 0.129494 -3206.047668 5779.475098 2584.901733 5036279.102817 -0.102761 0.095669 0.107158 -3974.134216 6156.419067 1970.726929 5757900.313002 -8.317261 10.200806 3.204346 -0.076151 0.074897 0.105181 -4730.987854 6348.718567 1226.254883 6419217.455399 -22.545776 17.593079 15.610352 -0.057333 0.059312 0.077154 -3839.7229 6198.183594 1675.166626 5596713.50384 115.334167 -38.034058 -101.568604 -0.068385 0.07183 0.103581
2227.536774 3984.05426 1910.863647 2448600.830594 0.149589 0.410697 0.122937 1687.763672 5280.912476 19.343262 3073695.694867 0.136308 0.153129 -0.119048 1012.463455 5465.077515 -663.930054 3133295.760545 0.0 0.0 0.0 0.130504 0.072432 -0.07671 248.898039 6182.64679 -990.855713 3926886.660186 0.0 0.0 0.0 0.059308 0.083243 -0.041998 426.526432 5456.446533 -658.762207 3038870.121234 0.0 0.0 0.0 0.14794 0.081399 -0.046503 -2691.372375 3570.455551 3325.048218 3104758.375678 -0.261629 0.391738 0.129494 -3206.047668 5779.475098 2584.901733 5036279.102817 -0.102761 0.095669 0.107158 -3974.134216 6156.419067 1970.726929 5757900.313002 0.0 0.0 0.0 -0.076151 0.074897 0.105181 -4730.987854 6348.718567 1226.254883 6419217.455399 0.0 0.0 0.0 -0.057333 0.059312 0.077154 -3839.7229 6198.183594 1675.166626 5596713.50384 0.0 0.0 0.0 -0.068385 0.07183 0.103581
2225.126638 3985.785522 1907.490845 2447619.611075 0.147497 0.411917 0.121222 1685.831137 5280.338745 13.83728 3072419.535499 0.136276 0.152531 -0.120801 1008.979635 5465.137634 -667.927856 3133189.688734 -1.6819 -1.372986 -1.817627 0.129011 0.072223 -0.077004 248.126755 6192.793579 -979.025269 3937074.967626 1.030636 8.713684 14.01062 0.060726 0.084277 -0.040701 423.402185 5457.363281 -661.885986 3040017.645307 -1.322327 -0.516357 -0.943604 0.146257 0.081333 -0.046641 -2694.063272 3573.154297 3322.173462 3106224.505643 -0.26206 0.396454 0.12943 -3208.287821 5782.329407 2581.083374 5039043.549289 -0.10279 0.095735 0.107072 -3979.864054 6161.845703 1972.634888 5769894.875541 -3.927917 3.99353 4.088135 -0.076282 0.075006 0.105406 -4744.062052 6361.313171 1237.386475 6450355.530308 -11.272278 11.161499 13.311768 -0.057555 0.05953 0.077957 -3841.819925 6191.401978 1673.189087 5589260.050654 -0.295105 -8.214722 0.202637 -0.068394 0.071613 0.103592
2223.590412 3989.897308 1905.452881 2449438.553331 0.148121 0.417714 0.124629 1685.589771 5281.991272 8.31604 3074071.383073 0.136639 0.15222 -0.121388 1009.017429 5465.351257 -674.802856 3134353.943374 1.755447 -2.481995 -2.467651 0.130569 0.071844 -0.077403 247.350855 6191.844788 -988.516235 3937728.866666 0.941753 -3.644409 -5.083618 0.062022 0.083844 -0.041172 421.636696 5459.672546 -667.260742 3043103.871513 -0.047836 -0.386353 -0.967407 0.146196 0.081283 -0.046782 -2700.046062 3575.105743 3320.76416 3109910.442339 -0.264125 0.393681 0.129705 -3215.263653 5784.806519 2578.156738 5044879.898128 -0.103137 0.095725 0.107149 -3974.698162 6167.607117 1955.754395 5766257.827732 6.883545 3.065796 -12.473145 -0.076052 0.07509 0.10472 -4711.160259 6339.503174 1185.303345 6378927.54983 34.619446 -24.505615 -47.675781 -0.056874 0.059052 0.075083 -3841.180096 6201.532288 1664.11377 5598294.187945 2.357483 7.434692 -4.667969 -0.068324 0.071809 0.103325
2226.24197 3990.680389 1902.468262 2450106.876649 0.154956 0.414384 0.123089 1687.510433 5282.545776 4.980469 3075300.614663 0.136948 0.15191 -0.122137 1006.994839 5466.962891 -674.118042 3135615.698721 -2.686691 0.014954 2.598877 0.128184 0.071846 -0.076983 246.551886 6201.82251 -971.413574 3946703.460711 -1.46307 8.381042 19.016724 0.060009 0.084839 -0.03941 416.672268 5464.527283 -659.0802 3046906.091267 -5.628529 3.258057 10.094604 0.139032 0.081703 -0.045309 -2699.502811 3576.355972 3323.388672 3112254.973381 -0.264183 0.39239 0.130122 -3216.291447 5786.545105 2582.275391 5049678.111503 -0.103248 0.095731 0.107464 -3983.290958 6174.421692 1972.169189 5787954.140047 -9.256897 5.217896 18.328857 -0.076362 0.075232 0.105729 -4733.504276 6357.49176 1217.513428 6430610.316193 -23.008118 16.391907 34.124146 -0.057326 0.059372 0.07714 -3853.444157 6209.190674 1678.061523 5621897.116879 -12.928162 6.061707 15.861816 -0.068709 0.071969 0.104233
]